account_id,customer_id,branch_id,account_type,account_status,opened_date,currency,snapshot_date
ACC0000000001,CUST00003422,BR0034,WALLET,ACTIVE,3/30/2023,NPR,1/1/2026
ACC0000000002,CUST00004583,BR0018,WALLET,ACTIVE,10/3/2024,NPR,1/1/2026
ACC0000000003,CUST00004720,BR0007,SALARY,ACTIVE,11/9/2021,NPR,1/1/2026
ACC0000000004,CUST00002130,BR0015,WALLET,ACTIVE,4/17/2023,NPR,1/1/2026
ACC0000000005,CUST00002667,BR0005,SAVINGS,ACTIVE,4/4/2024,NPR,1/1/2026
ACC0000000006,CUST00002592,BR0031,LOAN,ACTIVE,12/3/2023,NPR,1/1/2026
ACC0000000007,CUST00002914,BR0015,SAVINGS,ACTIVE,5/24/2024,NPR,1/1/2026
ACC0000000008,CUST00004120,BR0016,SALARY,ACTIVE,9/20/2024,NPR,1/1/2026
ACC0000000009,CUST00003467,BR0001,SALARY,CLOSED,6/21/2024,NPR,1/1/2026
ACC0000000010,CUST00000682,BR0011,SAVINGS,CLOSED,9/9/2025,NPR,1/1/2026
ACC0000000011,CUST00002091,BR0017,SALARY,DORMANT,7/20/2025,NPR,1/1/2026
ACC0000000012,CUST00000920,BR0009,SAVINGS,ACTIVE,4/26/2022,NPR,1/1/2026
ACC0000000013,CUST00003760,BR0030,LOAN,ACTIVE,3/18/2019,NPR,1/1/2026
ACC0000000014,CUST00000009,BR0024,LOAN,ACTIVE,10/23/2022,NPR,1/1/2026
ACC0000000015,CUST00003503,BR0037,WALLET,ACTIVE,3/5/2020,NPR,1/1/2026
ACC0000000016,CUST00004873,BR0016,CURRENT,ACTIVE,12/31/2025,NPR,1/1/2026
ACC0000000017,CUST00001781,BR0028,LOAN,ACTIVE,4/7/2024,NPR,1/1/2026
ACC0000000018,CUST00004597,BR0025,SALARY,ACTIVE,8/27/2023,NPR,1/1/2026
ACC0000000019,CUST00004748,BR0014,CURRENT,ACTIVE,2/18/2022,NPR,1/1/2026
ACC0000000020,CUST00001339,BR0030,WALLET,ACTIVE,3/24/2022,NPR,1/1/2026
ACC0000000021,CUST00002195,BR0024,SAVINGS,ACTIVE,8/25/2019,NPR,1/1/2026
ACC0000000022,CUST00004196,BR0002,CURRENT,ACTIVE,6/23/2024,NPR,1/1/2026
ACC0000000023,CUST00003245,BR0024,SAVINGS,ACTIVE,8/11/2021,NPR,1/1/2026
ACC0000000024,CUST00000326,BR0023,CURRENT,ACTIVE,6/27/2023,NPR,1/1/2026
ACC0000000025,CUST00003576,BR0007,SAVINGS,ACTIVE,1/14/2021,NPR,1/1/2026
ACC0000000026,CUST00001010,BR0004,WALLET,ACTIVE,1/24/2020,NPR,1/1/2026
ACC0000000027,CUST00003008,BR0031,LOAN,ACTIVE,12/25/2021,NPR,1/1/2026
ACC0000000028,CUST00002774,BR0006,CURRENT,ACTIVE,6/30/2025,NPR,1/1/2026
ACC0000000029,CUST00004282,BR0034,LOAN,ACTIVE,3/12/2019,NPR,1/1/2026
ACC0000000030,CUST00000080,BR0016,LOAN,ACTIVE,5/13/2021,NPR,1/1/2026
ACC0000000031,CUST00003258,BR0030,SAVINGS,ACTIVE,6/18/2024,NPR,1/1/2026
ACC0000000032,CUST00001881,BR0004,SAVINGS,ACTIVE,12/17/2024,NPR,1/1/2026
ACC0000000033,CUST00001079,BR0018,SALARY,ACTIVE,2/7/2021,NPR,1/1/2026
ACC0000000034,CUST00001884,BR0033,CURRENT,ACTIVE,11/15/2020,NPR,1/1/2026
ACC0000000035,CUST00001346,BR0002,LOAN,ACTIVE,11/26/2024,NPR,1/1/2026
ACC0000000036,CUST00004329,BR0018,SAVINGS,ACTIVE,7/30/2022,NPR,1/1/2026
ACC0000000037,CUST00003803,BR0019,SALARY,ACTIVE,6/10/2024,NPR,1/1/2026
ACC0000000038,CUST00001588,BR0008,SALARY,ACTIVE,4/7/2021,NPR,1/1/2026
ACC0000000039,CUST00002971,BR0010,SALARY,ACTIVE,5/23/2024,NPR,1/1/2026
ACC0000000040,CUST00004139,BR0032,LOAN,ACTIVE,10/10/2022,NPR,1/1/2026
ACC0000000041,CUST00002275,BR0014,SALARY,ACTIVE,5/26/2023,NPR,1/1/2026
ACC0000000042,CUST00003341,BR0040,CURRENT,ACTIVE,7/6/2025,NPR,1/1/2026
ACC0000000043,CUST00000971,BR0026,LOAN,ACTIVE,11/25/2019,NPR,1/1/2026
ACC0000000044,CUST00000160,BR0021,CURRENT,ACTIVE,3/25/2019,NPR,1/1/2026
ACC0000000045,CUST00002195,BR0024,LOAN,ACTIVE,5/4/2020,NPR,1/1/2026
ACC0000000046,CUST00004928,BR0021,CURRENT,DORMANT,8/16/2022,NPR,1/1/2026
ACC0000000047,CUST00004216,BR0029,SAVINGS,ACTIVE,8/19/2022,NPR,1/1/2026
ACC0000000048,CUST00004918,BR0020,WALLET,ACTIVE,9/15/2020,NPR,1/1/2026
ACC0000000049,CUST00003039,BR0013,SAVINGS,DORMANT,6/16/2022,NPR,1/1/2026
ACC0000000050,CUST00001870,BR0018,SAVINGS,ACTIVE,4/23/2025,NPR,1/1/2026
ACC0000000051,CUST00002323,BR0030,SALARY,ACTIVE,12/17/2019,NPR,1/1/2026
ACC0000000052,CUST00000137,BR0017,LOAN,ACTIVE,12/21/2019,NPR,1/1/2026
ACC0000000053,CUST00000492,BR0014,SALARY,ACTIVE,4/20/2020,NPR,1/1/2026
ACC0000000054,CUST00002596,BR0008,WALLET,CLOSED,1/23/2024,NPR,1/1/2026
ACC0000000055,CUST00002423,BR0011,SALARY,ACTIVE,6/24/2020,NPR,1/1/2026
ACC0000000056,CUST00001648,BR0023,SAVINGS,DORMANT,1/1/2020,NPR,1/1/2026
ACC0000000057,CUST00000266,BR0021,CURRENT,ACTIVE,12/13/2020,NPR,1/1/2026
ACC0000000058,CUST00002828,BR0033,CURRENT,ACTIVE,6/16/2021,NPR,1/1/2026
ACC0000000059,CUST00003185,BR0039,WALLET,ACTIVE,5/23/2022,NPR,1/1/2026
ACC0000000060,CUST00004659,BR0003,SAVINGS,ACTIVE,7/1/2023,NPR,1/1/2026
ACC0000000061,CUST00000806,BR0035,WALLET,ACTIVE,4/16/2023,NPR,1/1/2026
ACC0000000062,CUST00001870,BR0002,SALARY,ACTIVE,5/27/2025,NPR,1/1/2026
ACC0000000063,CUST00000046,BR0023,CURRENT,ACTIVE,1/17/2025,NPR,1/1/2026
ACC0000000064,CUST00003551,BR0035,WALLET,ACTIVE,5/5/2021,NPR,1/1/2026
ACC0000000065,CUST00001686,BR0028,CURRENT,ACTIVE,4/25/2025,NPR,1/1/2026
ACC0000000066,CUST00000197,BR0017,SAVINGS,ACTIVE,8/11/2022,NPR,1/1/2026
ACC0000000067,CUST00001793,BR0002,SAVINGS,ACTIVE,9/21/2022,NPR,1/1/2026
ACC0000000068,CUST00001345,BR0006,SAVINGS,ACTIVE,10/30/2023,NPR,1/1/2026
ACC0000000069,CUST00001175,BR0017,CURRENT,ACTIVE,1/30/2025,NPR,1/1/2026
ACC0000000070,CUST00001513,BR0006,CURRENT,ACTIVE,3/17/2025,NPR,1/1/2026
ACC0000000071,CUST00000836,BR0038,SAVINGS,BLOCKED,11/14/2019,NPR,1/1/2026
ACC0000000072,CUST00001158,BR0033,SAVINGS,ACTIVE,7/28/2024,NPR,1/1/2026
ACC0000000073,CUST00003298,BR0003,LOAN,ACTIVE,7/27/2022,NPR,1/1/2026
ACC0000000074,CUST00000655,BR0003,LOAN,ACTIVE,1/23/2022,NPR,1/1/2026
ACC0000000075,CUST00002977,BR0014,SALARY,ACTIVE,10/19/2025,NPR,1/1/2026
ACC0000000076,CUST00002579,BR0001,CURRENT,ACTIVE,7/10/2021,NPR,1/1/2026
ACC0000000077,CUST00003363,BR0024,LOAN,ACTIVE,5/23/2021,NPR,1/1/2026
ACC0000000078,CUST00003483,BR0039,LOAN,ACTIVE,3/1/2020,NPR,1/1/2026
ACC0000000079,CUST00004053,BR0011,LOAN,ACTIVE,8/12/2020,NPR,1/1/2026
ACC0000000080,CUST00001839,BR0007,WALLET,ACTIVE,9/11/2023,NPR,1/1/2026
ACC0000000081,CUST00004259,BR0024,WALLET,ACTIVE,3/1/2023,NPR,1/1/2026
ACC0000000082,CUST00002528,BR0003,SALARY,ACTIVE,3/6/2019,NPR,1/1/2026
ACC0000000083,CUST00002081,BR0019,CURRENT,ACTIVE,6/18/2021,NPR,1/1/2026
ACC0000000084,CUST00003166,BR0013,SAVINGS,ACTIVE,1/13/2021,NPR,1/1/2026
ACC0000000085,CUST00002048,BR0012,SAVINGS,ACTIVE,9/6/2020,NPR,1/1/2026
ACC0000000086,CUST00000015,BR0009,CURRENT,DORMANT,12/22/2019,NPR,1/1/2026
ACC0000000087,CUST00004860,BR0022,LOAN,ACTIVE,6/1/2020,NPR,1/1/2026
ACC0000000088,CUST00002397,BR0017,LOAN,ACTIVE,3/13/2024,NPR,1/1/2026
ACC0000000089,CUST00003292,BR0024,CURRENT,CLOSED,6/2/2024,NPR,1/1/2026
ACC0000000090,CUST00003914,BR0010,CURRENT,ACTIVE,3/4/2020,NPR,1/1/2026
ACC0000000091,CUST00003834,BR0021,SALARY,ACTIVE,1/23/2022,NPR,1/1/2026
ACC0000000092,CUST00004941,BR0017,SALARY,ACTIVE,1/25/2024,NPR,1/1/2026
ACC0000000093,CUST00002242,BR0016,WALLET,ACTIVE,6/25/2020,NPR,1/1/2026
ACC0000000094,CUST00004313,BR0028,LOAN,ACTIVE,7/13/2019,NPR,1/1/2026
ACC0000000095,CUST00001844,BR0035,CURRENT,ACTIVE,11/30/2022,NPR,1/1/2026
ACC0000000096,CUST00002708,BR0024,SALARY,ACTIVE,7/13/2024,NPR,1/1/2026
ACC0000000097,CUST00001565,BR0012,LOAN,ACTIVE,9/11/2020,NPR,1/1/2026
ACC0000000098,CUST00004807,BR0008,WALLET,ACTIVE,1/17/2024,NPR,1/1/2026
ACC0000000099,CUST00000161,BR0004,CURRENT,ACTIVE,10/8/2020,NPR,1/1/2026
ACC0000000100,CUST00004064,BR0026,CURRENT,ACTIVE,8/8/2025,NPR,1/1/2026
ACC0000000101,CUST00000869,BR0023,WALLET,ACTIVE,4/30/2020,NPR,1/1/2026
ACC0000000102,CUST00004208,BR0014,SAVINGS,ACTIVE,8/17/2022,NPR,1/1/2026
ACC0000000103,CUST00003159,BR0028,WALLET,ACTIVE,9/14/2022,NPR,1/1/2026
ACC0000000104,CUST00001565,BR0015,SAVINGS,ACTIVE,1/3/2021,NPR,1/1/2026
ACC0000000105,CUST00001782,BR0022,SALARY,ACTIVE,5/22/2020,NPR,1/1/2026
ACC0000000106,CUST00004592,BR0012,SALARY,ACTIVE,10/29/2019,NPR,1/1/2026
ACC0000000107,CUST00002246,BR0035,CURRENT,CLOSED,6/7/2022,NPR,1/1/2026
ACC0000000108,CUST00002419,BR0022,SAVINGS,ACTIVE,10/7/2023,NPR,1/1/2026
ACC0000000109,CUST00002148,BR0026,SAVINGS,DORMANT,6/28/2023,NPR,1/1/2026
ACC0000000110,CUST00004867,BR0033,SAVINGS,ACTIVE,12/6/2022,NPR,1/1/2026
ACC0000000111,CUST00003962,BR0026,SALARY,ACTIVE,1/3/2023,NPR,1/1/2026
ACC0000000112,CUST00001373,BR0029,SALARY,ACTIVE,12/4/2020,NPR,1/1/2026
ACC0000000113,CUST00000019,BR0021,SALARY,ACTIVE,5/23/2021,NPR,1/1/2026
ACC0000000114,CUST00000678,BR0031,SAVINGS,ACTIVE,7/8/2024,NPR,1/1/2026
ACC0000000115,CUST00004116,BR0015,CURRENT,ACTIVE,8/31/2019,NPR,1/1/2026
ACC0000000116,CUST00001086,BR0029,LOAN,ACTIVE,1/1/2021,NPR,1/1/2026
ACC0000000117,CUST00002282,BR0011,SAVINGS,ACTIVE,6/29/2021,NPR,1/1/2026
ACC0000000118,CUST00004823,BR0013,SAVINGS,ACTIVE,7/15/2019,NPR,1/1/2026
ACC0000000119,CUST00002673,BR0012,SAVINGS,ACTIVE,5/19/2021,NPR,1/1/2026
ACC0000000120,CUST00000762,BR0034,SAVINGS,ACTIVE,9/10/2020,NPR,1/1/2026
ACC0000000121,CUST00003551,BR0008,LOAN,ACTIVE,4/18/2024,NPR,1/1/2026
ACC0000000122,CUST00000970,BR0009,CURRENT,ACTIVE,12/25/2022,NPR,1/1/2026
ACC0000000123,CUST00002692,BR0030,LOAN,ACTIVE,8/14/2022,NPR,1/1/2026
ACC0000000124,CUST00001646,BR0029,LOAN,ACTIVE,1/11/2022,NPR,1/1/2026
ACC0000000125,CUST00002241,BR0018,CURRENT,ACTIVE,5/24/2021,NPR,1/1/2026
ACC0000000126,CUST00002173,BR0020,SALARY,ACTIVE,7/22/2022,NPR,1/1/2026
ACC0000000127,CUST00002817,BR0020,SALARY,BLOCKED,6/28/2020,NPR,1/1/2026
ACC0000000128,CUST00000885,BR0030,CURRENT,ACTIVE,4/28/2022,NPR,1/1/2026
ACC0000000129,CUST00003453,BR0004,CURRENT,ACTIVE,11/3/2025,NPR,1/1/2026
ACC0000000130,CUST00003421,BR0039,SALARY,ACTIVE,2/17/2024,NPR,1/1/2026
ACC0000000131,CUST00004077,BR0005,SALARY,ACTIVE,2/26/2022,NPR,1/1/2026
ACC0000000132,CUST00002061,BR0034,CURRENT,ACTIVE,1/5/2021,NPR,1/1/2026
ACC0000000133,CUST00001669,BR0040,LOAN,ACTIVE,10/16/2020,NPR,1/1/2026
ACC0000000134,CUST00003615,BR0014,WALLET,CLOSED,9/2/2025,NPR,1/1/2026
ACC0000000135,CUST00003195,BR0017,SALARY,ACTIVE,2/16/2020,NPR,1/1/2026
ACC0000000136,CUST00004805,BR0037,WALLET,ACTIVE,4/23/2025,NPR,1/1/2026
ACC0000000137,CUST00000425,BR0015,SAVINGS,ACTIVE,6/13/2025,NPR,1/1/2026
ACC0000000138,CUST00004822,BR0016,SALARY,ACTIVE,9/28/2025,NPR,1/1/2026
ACC0000000139,CUST00001218,BR0004,SALARY,ACTIVE,9/30/2021,NPR,1/1/2026
ACC0000000140,CUST00002563,BR0020,CURRENT,ACTIVE,5/10/2020,NPR,1/1/2026
ACC0000000141,CUST00001455,BR0027,LOAN,ACTIVE,1/1/2022,NPR,1/1/2026
ACC0000000142,CUST00002191,BR0039,SAVINGS,ACTIVE,1/7/2021,NPR,1/1/2026
ACC0000000143,CUST00000620,BR0035,WALLET,ACTIVE,7/11/2024,NPR,1/1/2026
ACC0000000144,CUST00000480,BR0035,SALARY,ACTIVE,6/29/2023,NPR,1/1/2026
ACC0000000145,CUST00004054,BR0015,SALARY,ACTIVE,5/15/2022,NPR,1/1/2026
ACC0000000146,CUST00003335,BR0020,WALLET,ACTIVE,9/18/2021,NPR,1/1/2026
ACC0000000147,CUST00002994,BR0016,SAVINGS,DORMANT,1/28/2022,NPR,1/1/2026
ACC0000000148,CUST00001754,BR0008,SAVINGS,ACTIVE,9/20/2023,NPR,1/1/2026
ACC0000000149,CUST00000195,BR0022,CURRENT,ACTIVE,3/19/2025,NPR,1/1/2026
ACC0000000150,CUST00003458,BR0017,LOAN,ACTIVE,3/6/2020,NPR,1/1/2026
ACC0000000151,CUST00003053,BR0018,LOAN,DORMANT,9/5/2023,NPR,1/1/2026
ACC0000000152,CUST00000624,BR0012,LOAN,ACTIVE,1/27/2021,NPR,1/1/2026
ACC0000000153,CUST00004687,BR0026,SALARY,ACTIVE,5/6/2022,NPR,1/1/2026
ACC0000000154,CUST00004501,BR0021,WALLET,ACTIVE,2/26/2024,NPR,1/1/2026
ACC0000000155,CUST00000819,BR0020,WALLET,ACTIVE,5/22/2025,NPR,1/1/2026
ACC0000000156,CUST00002810,BR0033,WALLET,CLOSED,10/28/2019,NPR,1/1/2026
ACC0000000157,CUST00000301,BR0005,SALARY,ACTIVE,1/17/2024,NPR,1/1/2026
ACC0000000158,CUST00004690,BR0004,SALARY,DORMANT,8/2/2024,NPR,1/1/2026
ACC0000000159,CUST00003062,BR0012,WALLET,ACTIVE,2/21/2024,NPR,1/1/2026
ACC0000000160,CUST00004543,BR0039,SALARY,ACTIVE,3/23/2024,NPR,1/1/2026
ACC0000000161,CUST00001875,BR0003,LOAN,ACTIVE,9/20/2019,NPR,1/1/2026
ACC0000000162,CUST00001218,BR0034,SAVINGS,ACTIVE,6/16/2023,NPR,1/1/2026
ACC0000000163,CUST00000898,BR0021,SALARY,ACTIVE,9/26/2020,NPR,1/1/2026
ACC0000000164,CUST00000457,BR0038,SAVINGS,ACTIVE,8/13/2019,NPR,1/1/2026
ACC0000000165,CUST00002648,BR0011,CURRENT,ACTIVE,11/27/2020,NPR,1/1/2026
ACC0000000166,CUST00002722,BR0028,CURRENT,ACTIVE,1/4/2021,NPR,1/1/2026
ACC0000000167,CUST00000510,BR0015,CURRENT,ACTIVE,11/23/2019,NPR,1/1/2026
ACC0000000168,CUST00002856,BR0037,SAVINGS,ACTIVE,9/30/2025,NPR,1/1/2026
ACC0000000169,CUST00004535,BR0010,WALLET,DORMANT,9/7/2019,NPR,1/1/2026
ACC0000000170,CUST00002273,BR0005,CURRENT,ACTIVE,9/29/2021,NPR,1/1/2026
ACC0000000171,CUST00004841,BR0033,SAVINGS,ACTIVE,11/27/2019,NPR,1/1/2026
ACC0000000172,CUST00001494,BR0033,SALARY,DORMANT,9/16/2019,NPR,1/1/2026
ACC0000000173,CUST00002607,BR0021,SALARY,ACTIVE,9/15/2019,NPR,1/1/2026
ACC0000000174,CUST00004511,BR0007,CURRENT,ACTIVE,10/7/2022,NPR,1/1/2026
ACC0000000175,CUST00003487,BR0022,SALARY,ACTIVE,7/7/2025,NPR,1/1/2026
ACC0000000176,CUST00001088,BR0031,SALARY,ACTIVE,4/19/2023,NPR,1/1/2026
ACC0000000177,CUST00001911,BR0021,CURRENT,ACTIVE,6/7/2025,NPR,1/1/2026
ACC0000000178,CUST00003994,BR0022,SALARY,ACTIVE,3/29/2019,NPR,1/1/2026
ACC0000000179,CUST00003543,BR0038,SALARY,ACTIVE,2/7/2025,NPR,1/1/2026
ACC0000000180,CUST00004435,BR0024,SALARY,ACTIVE,8/9/2024,NPR,1/1/2026
ACC0000000181,CUST00003920,BR0035,SAVINGS,ACTIVE,1/21/2024,NPR,1/1/2026
ACC0000000182,CUST00000368,BR0011,SALARY,ACTIVE,7/14/2022,NPR,1/1/2026
ACC0000000183,CUST00002124,BR0033,SALARY,ACTIVE,11/13/2023,NPR,1/1/2026
ACC0000000184,CUST00001964,BR0012,LOAN,ACTIVE,4/27/2025,NPR,1/1/2026
ACC0000000185,CUST00004919,BR0001,CURRENT,DORMANT,10/24/2019,NPR,1/1/2026
ACC0000000186,CUST00000052,BR0015,SALARY,ACTIVE,5/19/2021,NPR,1/1/2026
ACC0000000187,CUST00004626,BR0020,SALARY,ACTIVE,1/11/2023,NPR,1/1/2026
ACC0000000188,CUST00002531,BR0010,WALLET,ACTIVE,10/4/2024,NPR,1/1/2026
ACC0000000189,CUST00000135,BR0012,CURRENT,DORMANT,10/7/2025,NPR,1/1/2026
ACC0000000190,CUST00002000,BR0004,CURRENT,ACTIVE,5/7/2024,NPR,1/1/2026
ACC0000000191,CUST00000084,BR0037,CURRENT,DORMANT,5/14/2024,NPR,1/1/2026
ACC0000000192,CUST00000253,BR0033,SAVINGS,ACTIVE,5/2/2021,NPR,1/1/2026
ACC0000000193,CUST00004644,BR0023,WALLET,ACTIVE,3/27/2024,NPR,1/1/2026
ACC0000000194,CUST00003548,BR0040,CURRENT,ACTIVE,7/8/2022,NPR,1/1/2026
ACC0000000195,CUST00004618,BR0007,CURRENT,ACTIVE,10/31/2023,NPR,1/1/2026
ACC0000000196,CUST00001231,BR0004,WALLET,ACTIVE,5/2/2025,NPR,1/1/2026
ACC0000000197,CUST00002636,BR0008,SAVINGS,ACTIVE,12/15/2022,NPR,1/1/2026
ACC0000000198,CUST00003183,BR0028,SALARY,ACTIVE,1/23/2024,NPR,1/1/2026
ACC0000000199,CUST00004072,BR0026,WALLET,ACTIVE,5/8/2024,NPR,1/1/2026
ACC0000000200,CUST00002208,BR0004,SALARY,ACTIVE,4/22/2021,NPR,1/1/2026
ACC0000000201,CUST00001519,BR0003,CURRENT,ACTIVE,8/25/2020,NPR,1/1/2026
ACC0000000202,CUST00003705,BR0036,LOAN,ACTIVE,4/2/2020,NPR,1/1/2026
ACC0000000203,CUST00003958,BR0032,WALLET,ACTIVE,12/24/2020,NPR,1/1/2026
ACC0000000204,CUST00003858,BR0006,WALLET,DORMANT,8/21/2025,NPR,1/1/2026
ACC0000000205,CUST00004547,BR0012,CURRENT,CLOSED,11/10/2021,NPR,1/1/2026
ACC0000000206,CUST00004307,BR0004,LOAN,ACTIVE,8/27/2020,NPR,1/1/2026
ACC0000000207,CUST00003763,BR0036,LOAN,ACTIVE,6/21/2021,NPR,1/1/2026
ACC0000000208,CUST00001571,BR0030,WALLET,ACTIVE,8/28/2024,NPR,1/1/2026
ACC0000000209,CUST00000087,BR0035,CURRENT,ACTIVE,12/20/2022,NPR,1/1/2026
ACC0000000210,CUST00002650,BR0033,SAVINGS,ACTIVE,12/24/2019,NPR,1/1/2026
ACC0000000211,CUST00002499,BR0011,WALLET,ACTIVE,11/21/2024,NPR,1/1/2026
ACC0000000212,CUST00003344,BR0002,SAVINGS,DORMANT,12/17/2023,NPR,1/1/2026
ACC0000000213,CUST00004542,BR0023,WALLET,ACTIVE,1/11/2022,NPR,1/1/2026
ACC0000000214,CUST00002032,BR0033,SALARY,ACTIVE,6/7/2025,NPR,1/1/2026
ACC0000000215,CUST00002602,BR0023,CURRENT,ACTIVE,3/12/2021,NPR,1/1/2026
ACC0000000216,CUST00001732,BR0029,SALARY,CLOSED,12/17/2024,NPR,1/1/2026
ACC0000000217,CUST00004148,BR0014,CURRENT,ACTIVE,9/27/2025,NPR,1/1/2026
ACC0000000218,CUST00000508,BR0035,SAVINGS,ACTIVE,1/6/2025,NPR,1/1/2026
ACC0000000219,CUST00000668,BR0030,LOAN,ACTIVE,1/12/2021,NPR,1/1/2026
ACC0000000220,CUST00004527,BR0032,LOAN,ACTIVE,3/30/2024,NPR,1/1/2026
ACC0000000221,CUST00004078,BR0029,WALLET,CLOSED,8/7/2020,NPR,1/1/2026
ACC0000000222,CUST00004650,BR0008,CURRENT,ACTIVE,8/29/2024,NPR,1/1/2026
ACC0000000223,CUST00001060,BR0008,CURRENT,CLOSED,11/28/2019,NPR,1/1/2026
ACC0000000224,CUST00000735,BR0008,WALLET,ACTIVE,6/28/2021,NPR,1/1/2026
ACC0000000225,CUST00002883,BR0021,WALLET,ACTIVE,12/22/2020,NPR,1/1/2026
ACC0000000226,CUST00004724,BR0023,WALLET,ACTIVE,8/26/2023,NPR,1/1/2026
ACC0000000227,CUST00004332,BR0027,WALLET,ACTIVE,5/15/2024,NPR,1/1/2026
ACC0000000228,CUST00001955,BR0016,SAVINGS,ACTIVE,9/3/2022,NPR,1/1/2026
ACC0000000229,CUST00002605,BR0001,SALARY,ACTIVE,11/16/2020,NPR,1/1/2026
ACC0000000230,CUST00001557,BR0015,WALLET,ACTIVE,2/3/2024,NPR,1/1/2026
ACC0000000231,CUST00004788,BR0011,CURRENT,ACTIVE,8/26/2020,NPR,1/1/2026
ACC0000000232,CUST00003530,BR0001,WALLET,ACTIVE,11/16/2025,NPR,1/1/2026
ACC0000000233,CUST00004047,BR0019,SALARY,ACTIVE,12/31/2022,NPR,1/1/2026
ACC0000000234,CUST00003862,BR0001,LOAN,ACTIVE,7/30/2020,NPR,1/1/2026
ACC0000000235,CUST00002461,BR0021,CURRENT,ACTIVE,6/25/2020,NPR,1/1/2026
ACC0000000236,CUST00003987,BR0034,WALLET,ACTIVE,6/3/2022,NPR,1/1/2026
ACC0000000237,CUST00003670,BR0029,SAVINGS,ACTIVE,2/26/2023,NPR,1/1/2026
ACC0000000238,CUST00000673,BR0007,SAVINGS,ACTIVE,9/17/2024,NPR,1/1/2026
ACC0000000239,CUST00002649,BR0004,SALARY,ACTIVE,9/17/2022,NPR,1/1/2026
ACC0000000240,CUST00001149,BR0019,SAVINGS,ACTIVE,12/27/2024,NPR,1/1/2026
ACC0000000241,CUST00002334,BR0032,CURRENT,ACTIVE,12/25/2024,NPR,1/1/2026
ACC0000000242,CUST00001390,BR0002,CURRENT,ACTIVE,1/16/2024,NPR,1/1/2026
ACC0000000243,CUST00004985,BR0005,LOAN,ACTIVE,4/7/2019,NPR,1/1/2026
ACC0000000244,CUST00002912,BR0023,WALLET,ACTIVE,5/6/2021,NPR,1/1/2026
ACC0000000245,CUST00003070,BR0009,CURRENT,ACTIVE,3/28/2024,NPR,1/1/2026
ACC0000000246,CUST00000867,BR0038,SALARY,ACTIVE,5/31/2022,NPR,1/1/2026
ACC0000000247,CUST00003640,BR0035,SALARY,ACTIVE,7/2/2021,NPR,1/1/2026
ACC0000000248,CUST00002116,BR0019,LOAN,ACTIVE,5/29/2021,NPR,1/1/2026
ACC0000000249,CUST00004865,BR0033,LOAN,ACTIVE,9/13/2020,NPR,1/1/2026
ACC0000000250,CUST00002259,BR0028,SALARY,ACTIVE,6/21/2019,NPR,1/1/2026
ACC0000000251,CUST00002630,BR0003,SAVINGS,DORMANT,2/8/2023,NPR,1/1/2026
ACC0000000252,CUST00003998,BR0016,WALLET,ACTIVE,10/28/2021,NPR,1/1/2026
ACC0000000253,CUST00001828,BR0017,CURRENT,ACTIVE,3/20/2025,NPR,1/1/2026
ACC0000000254,CUST00000864,BR0037,SAVINGS,ACTIVE,3/20/2020,NPR,1/1/2026
ACC0000000255,CUST00004663,BR0030,WALLET,ACTIVE,4/20/2021,NPR,1/1/2026
ACC0000000256,CUST00000768,BR0037,CURRENT,ACTIVE,11/6/2022,NPR,1/1/2026
ACC0000000257,CUST00003092,BR0030,WALLET,ACTIVE,5/25/2025,NPR,1/1/2026
ACC0000000258,CUST00001476,BR0017,LOAN,ACTIVE,9/4/2019,NPR,1/1/2026
ACC0000000259,CUST00001919,BR0008,LOAN,ACTIVE,7/8/2022,NPR,1/1/2026
ACC0000000260,CUST00004997,BR0035,LOAN,ACTIVE,8/25/2021,NPR,1/1/2026
ACC0000000261,CUST00003154,BR0001,SALARY,ACTIVE,11/29/2024,NPR,1/1/2026
ACC0000000262,CUST00000766,BR0034,SALARY,CLOSED,7/15/2020,NPR,1/1/2026
ACC0000000263,CUST00004998,BR0031,SAVINGS,ACTIVE,7/15/2024,NPR,1/1/2026
ACC0000000264,CUST00000692,BR0040,CURRENT,ACTIVE,2/20/2025,NPR,1/1/2026
ACC0000000265,CUST00000500,BR0006,SAVINGS,ACTIVE,5/29/2023,NPR,1/1/2026
ACC0000000266,CUST00004647,BR0034,CURRENT,ACTIVE,3/4/2020,NPR,1/1/2026
ACC0000000267,CUST00001918,BR0040,CURRENT,ACTIVE,9/19/2021,NPR,1/1/2026
ACC0000000268,CUST00003443,BR0030,SAVINGS,DORMANT,2/7/2021,NPR,1/1/2026
ACC0000000269,CUST00003981,BR0031,LOAN,DORMANT,2/25/2022,NPR,1/1/2026
ACC0000000270,CUST00002220,BR0019,CURRENT,ACTIVE,8/2/2023,NPR,1/1/2026
ACC0000000271,CUST00000344,BR0024,SAVINGS,ACTIVE,10/25/2023,NPR,1/1/2026
ACC0000000272,CUST00002727,BR0032,LOAN,ACTIVE,6/10/2020,NPR,1/1/2026
ACC0000000273,CUST00001864,BR0018,LOAN,ACTIVE,11/23/2021,NPR,1/1/2026
ACC0000000274,CUST00000261,BR0032,SALARY,ACTIVE,2/27/2024,NPR,1/1/2026
ACC0000000275,CUST00002077,BR0028,LOAN,ACTIVE,6/7/2024,NPR,1/1/2026
ACC0000000276,CUST00004500,BR0029,SALARY,DORMANT,8/11/2020,NPR,1/1/2026
ACC0000000277,CUST00000574,BR0013,LOAN,ACTIVE,10/11/2020,NPR,1/1/2026
ACC0000000278,CUST00003533,BR0012,SAVINGS,ACTIVE,5/4/2025,NPR,1/1/2026
ACC0000000279,CUST00003617,BR0033,LOAN,ACTIVE,2/15/2021,NPR,1/1/2026
ACC0000000280,CUST00001733,BR0013,LOAN,ACTIVE,4/7/2024,NPR,1/1/2026
ACC0000000281,CUST00004048,BR0008,LOAN,ACTIVE,7/11/2021,NPR,1/1/2026
ACC0000000282,CUST00004740,BR0033,CURRENT,ACTIVE,8/30/2020,NPR,1/1/2026
ACC0000000283,CUST00000192,BR0037,WALLET,ACTIVE,6/14/2019,NPR,1/1/2026
ACC0000000284,CUST00000210,BR0036,SALARY,ACTIVE,4/12/2019,NPR,1/1/2026
ACC0000000285,CUST00001855,BR0019,WALLET,ACTIVE,10/20/2022,NPR,1/1/2026
ACC0000000286,CUST00001646,BR0017,SAVINGS,ACTIVE,9/11/2022,NPR,1/1/2026
ACC0000000287,CUST00000789,BR0034,WALLET,ACTIVE,5/17/2020,NPR,1/1/2026
ACC0000000288,CUST00002099,BR0028,CURRENT,ACTIVE,6/18/2022,NPR,1/1/2026
ACC0000000289,CUST00002873,BR0002,CURRENT,ACTIVE,1/28/2020,NPR,1/1/2026
ACC0000000290,CUST00003116,BR0009,LOAN,ACTIVE,1/5/2020,NPR,1/1/2026
ACC0000000291,CUST00001515,BR0020,CURRENT,ACTIVE,3/11/2023,NPR,1/1/2026
ACC0000000292,CUST00002606,BR0030,SALARY,ACTIVE,7/24/2025,NPR,1/1/2026
ACC0000000293,CUST00000722,BR0011,LOAN,ACTIVE,11/14/2019,NPR,1/1/2026
ACC0000000294,CUST00003264,BR0018,WALLET,CLOSED,3/29/2025,NPR,1/1/2026
ACC0000000295,CUST00002281,BR0040,CURRENT,DORMANT,12/17/2019,NPR,1/1/2026
ACC0000000296,CUST00003936,BR0018,SALARY,ACTIVE,4/27/2019,NPR,1/1/2026
ACC0000000297,CUST00001044,BR0011,LOAN,ACTIVE,2/17/2021,NPR,1/1/2026
ACC0000000298,CUST00004412,BR0005,LOAN,ACTIVE,3/17/2022,NPR,1/1/2026
ACC0000000299,CUST00001034,BR0033,LOAN,ACTIVE,3/4/2020,NPR,1/1/2026
ACC0000000300,CUST00001435,BR0019,SAVINGS,ACTIVE,2/24/2023,NPR,1/1/2026
ACC0000000301,CUST00003385,BR0029,LOAN,ACTIVE,1/12/2021,NPR,1/1/2026
ACC0000000302,CUST00000895,BR0006,LOAN,ACTIVE,2/13/2021,NPR,1/1/2026
ACC0000000303,CUST00002604,BR0010,WALLET,ACTIVE,4/22/2020,NPR,1/1/2026
ACC0000000304,CUST00001194,BR0017,CURRENT,ACTIVE,1/7/2025,NPR,1/1/2026
ACC0000000305,CUST00002353,BR0018,CURRENT,BLOCKED,2/23/2020,NPR,1/1/2026
ACC0000000306,CUST00001766,BR0040,SALARY,ACTIVE,12/12/2019,NPR,1/1/2026
ACC0000000307,CUST00000278,BR0027,LOAN,ACTIVE,11/3/2023,NPR,1/1/2026
ACC0000000308,CUST00001746,BR0029,SALARY,ACTIVE,3/25/2023,NPR,1/1/2026
ACC0000000309,CUST00000890,BR0029,CURRENT,ACTIVE,6/11/2023,NPR,1/1/2026
ACC0000000310,CUST00003227,BR0027,SAVINGS,ACTIVE,4/20/2024,NPR,1/1/2026
ACC0000000311,CUST00003978,BR0009,WALLET,ACTIVE,7/9/2020,NPR,1/1/2026
ACC0000000312,CUST00001529,BR0021,SALARY,ACTIVE,2/27/2025,NPR,1/1/2026
ACC0000000313,CUST00002525,BR0033,SALARY,DORMANT,3/25/2022,NPR,1/1/2026
ACC0000000314,CUST00000491,BR0040,SALARY,ACTIVE,11/18/2024,NPR,1/1/2026
ACC0000000315,CUST00003574,BR0038,SALARY,ACTIVE,8/13/2024,NPR,1/1/2026
ACC0000000316,CUST00000384,BR0032,WALLET,ACTIVE,9/6/2023,NPR,1/1/2026
ACC0000000317,CUST00004889,BR0004,SALARY,ACTIVE,2/9/2022,NPR,1/1/2026
ACC0000000318,CUST00004247,BR0039,SALARY,ACTIVE,4/27/2019,NPR,1/1/2026
ACC0000000319,CUST00004367,BR0032,SALARY,ACTIVE,1/2/2024,NPR,1/1/2026
ACC0000000320,CUST00003233,BR0039,SALARY,ACTIVE,12/16/2021,NPR,1/1/2026
ACC0000000321,CUST00002556,BR0007,WALLET,CLOSED,6/20/2022,NPR,1/1/2026
ACC0000000322,CUST00001831,BR0017,LOAN,ACTIVE,12/11/2025,NPR,1/1/2026
ACC0000000323,CUST00002322,BR0014,SAVINGS,ACTIVE,4/29/2024,NPR,1/1/2026
ACC0000000324,CUST00000296,BR0033,SAVINGS,ACTIVE,5/11/2020,NPR,1/1/2026
ACC0000000325,CUST00000382,BR0033,SAVINGS,ACTIVE,3/15/2023,NPR,1/1/2026
ACC0000000326,CUST00004724,BR0007,SAVINGS,ACTIVE,3/24/2019,NPR,1/1/2026
ACC0000000327,CUST00001224,BR0032,SAVINGS,ACTIVE,6/26/2019,NPR,1/1/2026
ACC0000000328,CUST00000179,BR0036,SALARY,ACTIVE,7/22/2024,NPR,1/1/2026
ACC0000000329,CUST00003140,BR0028,CURRENT,ACTIVE,9/14/2023,NPR,1/1/2026
ACC0000000330,CUST00002262,BR0019,CURRENT,ACTIVE,10/12/2020,NPR,1/1/2026
ACC0000000331,CUST00002326,BR0040,WALLET,ACTIVE,9/25/2019,NPR,1/1/2026
ACC0000000332,CUST00002252,BR0032,SALARY,ACTIVE,5/15/2024,NPR,1/1/2026
ACC0000000333,CUST00003513,BR0025,CURRENT,ACTIVE,12/12/2025,NPR,1/1/2026
ACC0000000334,CUST00004724,BR0030,WALLET,ACTIVE,2/4/2021,NPR,1/1/2026
ACC0000000335,CUST00001680,BR0032,SALARY,ACTIVE,4/21/2024,NPR,1/1/2026
ACC0000000336,CUST00001193,BR0040,SAVINGS,ACTIVE,4/15/2023,NPR,1/1/2026
ACC0000000337,CUST00004586,BR0026,WALLET,ACTIVE,3/19/2024,NPR,1/1/2026
ACC0000000338,CUST00004942,BR0005,SAVINGS,ACTIVE,10/1/2023,NPR,1/1/2026
ACC0000000339,CUST00004564,BR0011,SALARY,ACTIVE,11/13/2020,NPR,1/1/2026
ACC0000000340,CUST00002211,BR0023,LOAN,ACTIVE,12/8/2022,NPR,1/1/2026
ACC0000000341,CUST00002706,BR0020,WALLET,ACTIVE,9/4/2023,NPR,1/1/2026
ACC0000000342,CUST00002134,BR0001,LOAN,ACTIVE,10/30/2019,NPR,1/1/2026
ACC0000000343,CUST00004025,BR0012,WALLET,ACTIVE,11/10/2020,NPR,1/1/2026
ACC0000000344,CUST00004156,BR0012,CURRENT,ACTIVE,7/14/2025,NPR,1/1/2026
ACC0000000345,CUST00003999,BR0002,SALARY,DORMANT,8/25/2023,NPR,1/1/2026
ACC0000000346,CUST00001283,BR0020,SALARY,ACTIVE,9/3/2022,NPR,1/1/2026
ACC0000000347,CUST00004465,BR0022,SALARY,ACTIVE,10/14/2021,NPR,1/1/2026
ACC0000000348,CUST00004688,BR0004,LOAN,ACTIVE,9/10/2023,NPR,1/1/2026
ACC0000000349,CUST00000866,BR0012,SAVINGS,ACTIVE,12/31/2024,NPR,1/1/2026
ACC0000000350,CUST00000918,BR0018,CURRENT,ACTIVE,2/12/2024,NPR,1/1/2026
ACC0000000351,CUST00003284,BR0021,WALLET,ACTIVE,10/30/2023,NPR,1/1/2026
ACC0000000352,CUST00004426,BR0038,CURRENT,DORMANT,6/25/2020,NPR,1/1/2026
ACC0000000353,CUST00002139,BR0016,LOAN,ACTIVE,11/1/2024,NPR,1/1/2026
ACC0000000354,CUST00002078,BR0022,SALARY,ACTIVE,5/18/2019,NPR,1/1/2026
ACC0000000355,CUST00003360,BR0037,SALARY,ACTIVE,9/17/2023,NPR,1/1/2026
ACC0000000356,CUST00004212,BR0003,LOAN,ACTIVE,6/1/2022,NPR,1/1/2026
ACC0000000357,CUST00002971,BR0023,CURRENT,ACTIVE,3/19/2021,NPR,1/1/2026
ACC0000000358,CUST00002524,BR0027,CURRENT,ACTIVE,6/19/2025,NPR,1/1/2026
ACC0000000359,CUST00000332,BR0022,LOAN,ACTIVE,1/19/2021,NPR,1/1/2026
ACC0000000360,CUST00003458,BR0027,SAVINGS,ACTIVE,1/26/2025,NPR,1/1/2026
ACC0000000361,CUST00001876,BR0027,SALARY,ACTIVE,8/14/2025,NPR,1/1/2026
ACC0000000362,CUST00000147,BR0014,LOAN,ACTIVE,6/15/2021,NPR,1/1/2026
ACC0000000363,CUST00000440,BR0032,WALLET,ACTIVE,5/27/2020,NPR,1/1/2026
ACC0000000364,CUST00003404,BR0029,LOAN,ACTIVE,9/29/2021,NPR,1/1/2026
ACC0000000365,CUST00000423,BR0003,LOAN,ACTIVE,7/17/2022,NPR,1/1/2026
ACC0000000366,CUST00002597,BR0018,SAVINGS,ACTIVE,6/8/2024,NPR,1/1/2026
ACC0000000367,CUST00000444,BR0001,WALLET,ACTIVE,3/18/2023,NPR,1/1/2026
ACC0000000368,CUST00000992,BR0033,SALARY,ACTIVE,11/1/2020,NPR,1/1/2026
ACC0000000369,CUST00003317,BR0027,CURRENT,ACTIVE,8/12/2024,NPR,1/1/2026
ACC0000000370,CUST00001106,BR0032,WALLET,ACTIVE,10/26/2019,NPR,1/1/2026
ACC0000000371,CUST00003102,BR0014,SAVINGS,ACTIVE,6/2/2020,NPR,1/1/2026
ACC0000000372,CUST00004202,BR0032,SALARY,ACTIVE,11/29/2025,NPR,1/1/2026
ACC0000000373,CUST00004558,BR0038,WALLET,ACTIVE,7/9/2023,NPR,1/1/2026
ACC0000000374,CUST00002344,BR0011,SAVINGS,ACTIVE,6/1/2019,NPR,1/1/2026
ACC0000000375,CUST00004551,BR0024,WALLET,ACTIVE,6/12/2019,NPR,1/1/2026
ACC0000000376,CUST00004914,BR0007,WALLET,ACTIVE,3/27/2025,NPR,1/1/2026
ACC0000000377,CUST00004900,BR0039,WALLET,ACTIVE,6/11/2024,NPR,1/1/2026
ACC0000000378,CUST00000791,BR0039,WALLET,ACTIVE,8/9/2020,NPR,1/1/2026
ACC0000000379,CUST00003008,BR0005,SAVINGS,ACTIVE,7/1/2021,NPR,1/1/2026
ACC0000000380,CUST00000006,BR0016,SAVINGS,ACTIVE,10/20/2023,NPR,1/1/2026
ACC0000000381,CUST00001315,BR0012,WALLET,ACTIVE,11/23/2024,NPR,1/1/2026
ACC0000000382,CUST00002353,BR0039,SALARY,ACTIVE,8/27/2020,NPR,1/1/2026
ACC0000000383,CUST00001637,BR0010,SALARY,ACTIVE,10/27/2022,NPR,1/1/2026
ACC0000000384,CUST00000735,BR0007,WALLET,DORMANT,1/16/2021,NPR,1/1/2026
ACC0000000385,CUST00001338,BR0028,SALARY,ACTIVE,9/28/2019,NPR,1/1/2026
ACC0000000386,CUST00000238,BR0024,CURRENT,ACTIVE,7/28/2023,NPR,1/1/2026
ACC0000000387,CUST00001793,BR0033,CURRENT,ACTIVE,4/29/2022,NPR,1/1/2026
ACC0000000388,CUST00000722,BR0019,LOAN,ACTIVE,5/14/2024,NPR,1/1/2026
ACC0000000389,CUST00001711,BR0032,SAVINGS,ACTIVE,1/24/2023,NPR,1/1/2026
ACC0000000390,CUST00003471,BR0010,SAVINGS,ACTIVE,1/16/2020,NPR,1/1/2026
ACC0000000391,CUST00003230,BR0026,LOAN,ACTIVE,1/5/2020,NPR,1/1/2026
ACC0000000392,CUST00000311,BR0002,CURRENT,ACTIVE,10/26/2025,NPR,1/1/2026
ACC0000000393,CUST00003551,BR0006,WALLET,ACTIVE,10/17/2021,NPR,1/1/2026
ACC0000000394,CUST00002820,BR0038,CURRENT,ACTIVE,2/15/2021,NPR,1/1/2026
ACC0000000395,CUST00003304,BR0032,WALLET,ACTIVE,11/19/2022,NPR,1/1/2026
ACC0000000396,CUST00000993,BR0023,SALARY,ACTIVE,10/21/2025,NPR,1/1/2026
ACC0000000397,CUST00003666,BR0023,CURRENT,ACTIVE,11/21/2023,NPR,1/1/2026
ACC0000000398,CUST00004019,BR0014,SALARY,DORMANT,6/6/2023,NPR,1/1/2026
ACC0000000399,CUST00001446,BR0030,LOAN,ACTIVE,11/12/2024,NPR,1/1/2026
ACC0000000400,CUST00001243,BR0010,WALLET,ACTIVE,10/28/2022,NPR,1/1/2026
ACC0000000401,CUST00002331,BR0030,WALLET,DORMANT,6/8/2021,NPR,1/1/2026
ACC0000000402,CUST00004188,BR0014,CURRENT,ACTIVE,6/1/2024,NPR,1/1/2026
ACC0000000403,CUST00000493,BR0010,LOAN,BLOCKED,2/20/2023,NPR,1/1/2026
ACC0000000404,CUST00003478,BR0013,WALLET,ACTIVE,2/28/2024,NPR,1/1/2026
ACC0000000405,CUST00004742,BR0032,SALARY,ACTIVE,3/24/2022,NPR,1/1/2026
ACC0000000406,CUST00001190,BR0038,LOAN,ACTIVE,6/22/2025,NPR,1/1/2026
ACC0000000407,CUST00001556,BR0021,LOAN,ACTIVE,12/24/2019,NPR,1/1/2026
ACC0000000408,CUST00000710,BR0029,SAVINGS,ACTIVE,1/1/2020,NPR,1/1/2026
ACC0000000409,CUST00001791,BR0014,CURRENT,ACTIVE,6/21/2020,NPR,1/1/2026
ACC0000000410,CUST00004603,BR0030,SALARY,ACTIVE,12/17/2021,NPR,1/1/2026
ACC0000000411,CUST00003612,BR0016,WALLET,ACTIVE,10/26/2021,NPR,1/1/2026
ACC0000000412,CUST00001340,BR0002,SALARY,ACTIVE,2/8/2024,NPR,1/1/2026
ACC0000000413,CUST00003850,BR0007,LOAN,ACTIVE,10/27/2025,NPR,1/1/2026
ACC0000000414,CUST00000545,BR0011,LOAN,ACTIVE,1/23/2024,NPR,1/1/2026
ACC0000000415,CUST00001413,BR0035,CURRENT,ACTIVE,2/21/2021,NPR,1/1/2026
ACC0000000416,CUST00003151,BR0020,CURRENT,ACTIVE,3/10/2025,NPR,1/1/2026
ACC0000000417,CUST00003113,BR0023,LOAN,DORMANT,4/10/2021,NPR,1/1/2026
ACC0000000418,CUST00002586,BR0034,CURRENT,ACTIVE,9/30/2024,NPR,1/1/2026
ACC0000000419,CUST00001024,BR0026,LOAN,ACTIVE,8/26/2023,NPR,1/1/2026
ACC0000000420,CUST00000458,BR0027,CURRENT,ACTIVE,8/14/2020,NPR,1/1/2026
ACC0000000421,CUST00003218,BR0003,CURRENT,ACTIVE,6/29/2023,NPR,1/1/2026
ACC0000000422,CUST00000930,BR0036,SAVINGS,DORMANT,5/19/2025,NPR,1/1/2026
ACC0000000423,CUST00001985,BR0022,LOAN,ACTIVE,1/4/2025,NPR,1/1/2026
ACC0000000424,CUST00000465,BR0002,SAVINGS,ACTIVE,4/5/2022,NPR,1/1/2026
ACC0000000425,CUST00003031,BR0023,LOAN,ACTIVE,12/21/2022,NPR,1/1/2026
ACC0000000426,CUST00000241,BR0016,LOAN,ACTIVE,3/4/2025,NPR,1/1/2026
ACC0000000427,CUST00003762,BR0011,SAVINGS,DORMANT,1/19/2024,NPR,1/1/2026
ACC0000000428,CUST00004994,BR0017,WALLET,ACTIVE,7/22/2021,NPR,1/1/2026
ACC0000000429,CUST00002572,BR0040,SALARY,DORMANT,6/20/2023,NPR,1/1/2026
ACC0000000430,CUST00002759,BR0039,SALARY,ACTIVE,6/5/2022,NPR,1/1/2026
ACC0000000431,CUST00003468,BR0035,SAVINGS,ACTIVE,12/27/2021,NPR,1/1/2026
ACC0000000432,CUST00004424,BR0007,CURRENT,ACTIVE,6/14/2020,NPR,1/1/2026
ACC0000000433,CUST00002305,BR0025,SAVINGS,ACTIVE,10/20/2023,NPR,1/1/2026
ACC0000000434,CUST00002871,BR0028,SAVINGS,ACTIVE,6/29/2022,NPR,1/1/2026
ACC0000000435,CUST00003838,BR0019,SAVINGS,ACTIVE,8/12/2024,NPR,1/1/2026
ACC0000000436,CUST00001979,BR0004,LOAN,ACTIVE,8/24/2020,NPR,1/1/2026
ACC0000000437,CUST00000141,BR0005,SALARY,ACTIVE,10/15/2021,NPR,1/1/2026
ACC0000000438,CUST00002465,BR0019,SALARY,ACTIVE,9/20/2021,NPR,1/1/2026
ACC0000000439,CUST00001876,BR0001,SAVINGS,ACTIVE,5/13/2024,NPR,1/1/2026
ACC0000000440,CUST00000061,BR0012,SALARY,ACTIVE,7/24/2025,NPR,1/1/2026
ACC0000000441,CUST00003613,BR0034,SALARY,ACTIVE,2/19/2020,NPR,1/1/2026
ACC0000000442,CUST00001447,BR0006,CURRENT,ACTIVE,2/2/2021,NPR,1/1/2026
ACC0000000443,CUST00001578,BR0010,SALARY,ACTIVE,10/19/2024,NPR,1/1/2026
ACC0000000444,CUST00001876,BR0005,LOAN,ACTIVE,9/7/2019,NPR,1/1/2026
ACC0000000445,CUST00004115,BR0033,WALLET,ACTIVE,4/25/2020,NPR,1/1/2026
ACC0000000446,CUST00001187,BR0006,WALLET,ACTIVE,12/18/2021,NPR,1/1/2026
ACC0000000447,CUST00000449,BR0036,WALLET,BLOCKED,8/15/2025,NPR,1/1/2026
ACC0000000448,CUST00000179,BR0039,SALARY,ACTIVE,12/25/2023,NPR,1/1/2026
ACC0000000449,CUST00001901,BR0005,WALLET,ACTIVE,11/5/2023,NPR,1/1/2026
ACC0000000450,CUST00000261,BR0008,SAVINGS,ACTIVE,7/22/2019,NPR,1/1/2026
ACC0000000451,CUST00004137,BR0011,SALARY,ACTIVE,8/24/2025,NPR,1/1/2026
ACC0000000452,CUST00002050,BR0018,WALLET,ACTIVE,1/13/2020,NPR,1/1/2026
ACC0000000453,CUST00002715,BR0017,SAVINGS,DORMANT,9/23/2022,NPR,1/1/2026
ACC0000000454,CUST00002518,BR0037,SAVINGS,ACTIVE,11/6/2019,NPR,1/1/2026
ACC0000000455,CUST00003995,BR0029,LOAN,ACTIVE,7/25/2020,NPR,1/1/2026
ACC0000000456,CUST00001173,BR0040,CURRENT,ACTIVE,3/25/2021,NPR,1/1/2026
ACC0000000457,CUST00001950,BR0006,LOAN,ACTIVE,9/7/2025,NPR,1/1/2026
ACC0000000458,CUST00002182,BR0025,WALLET,ACTIVE,1/8/2021,NPR,1/1/2026
ACC0000000459,CUST00003676,BR0016,SALARY,ACTIVE,10/29/2025,NPR,1/1/2026
ACC0000000460,CUST00001607,BR0040,SAVINGS,DORMANT,2/8/2022,NPR,1/1/2026
ACC0000000461,CUST00003172,BR0003,SAVINGS,ACTIVE,4/19/2023,NPR,1/1/2026
ACC0000000462,CUST00001092,BR0002,CURRENT,ACTIVE,4/16/2022,NPR,1/1/2026
ACC0000000463,CUST00000264,BR0021,SAVINGS,ACTIVE,11/21/2025,NPR,1/1/2026
ACC0000000464,CUST00004475,BR0017,SAVINGS,BLOCKED,1/8/2025,NPR,1/1/2026
ACC0000000465,CUST00001010,BR0019,LOAN,ACTIVE,3/17/2020,NPR,1/1/2026
ACC0000000466,CUST00004179,BR0022,SALARY,ACTIVE,3/30/2025,NPR,1/1/2026
ACC0000000467,CUST00004839,BR0008,SAVINGS,ACTIVE,12/26/2025,NPR,1/1/2026
ACC0000000468,CUST00001211,BR0016,CURRENT,ACTIVE,11/18/2024,NPR,1/1/2026
ACC0000000469,CUST00000468,BR0007,SALARY,ACTIVE,11/8/2024,NPR,1/1/2026
ACC0000000470,CUST00004172,BR0028,SALARY,ACTIVE,5/29/2024,NPR,1/1/2026
ACC0000000471,CUST00002834,BR0029,SALARY,ACTIVE,1/7/2020,NPR,1/1/2026
ACC0000000472,CUST00003841,BR0022,CURRENT,ACTIVE,10/2/2022,NPR,1/1/2026
ACC0000000473,CUST00002622,BR0012,SAVINGS,ACTIVE,5/31/2025,NPR,1/1/2026
ACC0000000474,CUST00001078,BR0019,SAVINGS,ACTIVE,3/30/2019,NPR,1/1/2026
ACC0000000475,CUST00002966,BR0008,SALARY,ACTIVE,3/26/2020,NPR,1/1/2026
ACC0000000476,CUST00004643,BR0008,CURRENT,ACTIVE,8/27/2024,NPR,1/1/2026
ACC0000000477,CUST00000348,BR0017,SAVINGS,ACTIVE,11/14/2025,NPR,1/1/2026
ACC0000000478,CUST00001936,BR0015,LOAN,ACTIVE,5/7/2022,NPR,1/1/2026
ACC0000000479,CUST00000118,BR0019,CURRENT,ACTIVE,9/15/2020,NPR,1/1/2026
ACC0000000480,CUST00001496,BR0004,CURRENT,ACTIVE,10/26/2025,NPR,1/1/2026
ACC0000000481,CUST00001248,BR0025,WALLET,ACTIVE,8/20/2021,NPR,1/1/2026
ACC0000000482,CUST00002574,BR0002,WALLET,ACTIVE,4/2/2022,NPR,1/1/2026
ACC0000000483,CUST00004404,BR0026,SALARY,ACTIVE,5/23/2019,NPR,1/1/2026
ACC0000000484,CUST00001421,BR0036,CURRENT,ACTIVE,7/4/2021,NPR,1/1/2026
ACC0000000485,CUST00004609,BR0019,SAVINGS,ACTIVE,1/16/2021,NPR,1/1/2026
ACC0000000486,CUST00000673,BR0035,CURRENT,ACTIVE,12/26/2021,NPR,1/1/2026
ACC0000000487,CUST00001160,BR0015,CURRENT,ACTIVE,5/2/2022,NPR,1/1/2026
ACC0000000488,CUST00003062,BR0016,CURRENT,DORMANT,9/30/2023,NPR,1/1/2026
ACC0000000489,CUST00004080,BR0006,LOAN,ACTIVE,5/8/2025,NPR,1/1/2026
ACC0000000490,CUST00002195,BR0024,CURRENT,ACTIVE,3/2/2021,NPR,1/1/2026
ACC0000000491,CUST00004309,BR0020,SALARY,ACTIVE,6/5/2025,NPR,1/1/2026
ACC0000000492,CUST00002749,BR0038,CURRENT,DORMANT,6/10/2019,NPR,1/1/2026
ACC0000000493,CUST00003004,BR0037,WALLET,ACTIVE,12/5/2022,NPR,1/1/2026
ACC0000000494,CUST00004482,BR0007,LOAN,ACTIVE,4/3/2020,NPR,1/1/2026
ACC0000000495,CUST00002106,BR0013,SALARY,ACTIVE,1/22/2023,NPR,1/1/2026
ACC0000000496,CUST00003145,BR0002,SAVINGS,ACTIVE,12/23/2020,NPR,1/1/2026
ACC0000000497,CUST00001328,BR0025,WALLET,ACTIVE,7/14/2021,NPR,1/1/2026
ACC0000000498,CUST00001536,BR0029,SALARY,ACTIVE,12/31/2022,NPR,1/1/2026
ACC0000000499,CUST00001262,BR0018,LOAN,ACTIVE,10/17/2019,NPR,1/1/2026
ACC0000000500,CUST00000961,BR0039,LOAN,ACTIVE,8/6/2021,NPR,1/1/2026
ACC0000000501,CUST00001955,BR0029,LOAN,ACTIVE,9/7/2024,NPR,1/1/2026
ACC0000000502,CUST00000371,BR0012,CURRENT,ACTIVE,5/13/2023,NPR,1/1/2026
ACC0000000503,CUST00000363,BR0009,WALLET,ACTIVE,6/16/2020,NPR,1/1/2026
ACC0000000504,CUST00004128,BR0013,CURRENT,DORMANT,8/6/2019,NPR,1/1/2026
ACC0000000505,CUST00002986,BR0012,WALLET,ACTIVE,5/31/2019,NPR,1/1/2026
ACC0000000506,CUST00004548,BR0001,CURRENT,ACTIVE,11/10/2025,NPR,1/1/2026
ACC0000000507,CUST00004500,BR0008,LOAN,ACTIVE,10/14/2023,NPR,1/1/2026
ACC0000000508,CUST00004660,BR0035,SALARY,ACTIVE,6/22/2023,NPR,1/1/2026
ACC0000000509,CUST00004611,BR0013,CURRENT,ACTIVE,8/12/2024,NPR,1/1/2026
ACC0000000510,CUST00001439,BR0021,SAVINGS,ACTIVE,7/12/2024,NPR,1/1/2026
ACC0000000511,CUST00003784,BR0018,WALLET,DORMANT,2/28/2019,NPR,1/1/2026
ACC0000000512,CUST00004190,BR0018,LOAN,BLOCKED,9/2/2024,NPR,1/1/2026
ACC0000000513,CUST00004642,BR0015,WALLET,ACTIVE,7/29/2020,NPR,1/1/2026
ACC0000000514,CUST00001180,BR0009,LOAN,ACTIVE,2/27/2019,NPR,1/1/2026
ACC0000000515,CUST00001324,BR0037,SAVINGS,ACTIVE,8/19/2022,NPR,1/1/2026
ACC0000000516,CUST00001076,BR0016,WALLET,ACTIVE,1/26/2024,NPR,1/1/2026
ACC0000000517,CUST00000017,BR0005,CURRENT,ACTIVE,6/21/2020,NPR,1/1/2026
ACC0000000518,CUST00003678,BR0036,CURRENT,ACTIVE,9/15/2024,NPR,1/1/2026
ACC0000000519,CUST00003968,BR0027,SALARY,DORMANT,1/6/2023,NPR,1/1/2026
ACC0000000520,CUST00004905,BR0004,CURRENT,ACTIVE,11/28/2025,NPR,1/1/2026
ACC0000000521,CUST00004707,BR0017,CURRENT,ACTIVE,4/9/2024,NPR,1/1/2026
ACC0000000522,CUST00000800,BR0027,SALARY,ACTIVE,6/30/2025,NPR,1/1/2026
ACC0000000523,CUST00002491,BR0036,CURRENT,ACTIVE,4/29/2025,NPR,1/1/2026
ACC0000000524,CUST00000100,BR0008,LOAN,ACTIVE,4/3/2020,NPR,1/1/2026
ACC0000000525,CUST00003193,BR0039,SAVINGS,ACTIVE,4/5/2022,NPR,1/1/2026
ACC0000000526,CUST00003689,BR0005,CURRENT,ACTIVE,2/13/2023,NPR,1/1/2026
ACC0000000527,CUST00001044,BR0020,SAVINGS,ACTIVE,12/13/2024,NPR,1/1/2026
ACC0000000528,CUST00001682,BR0028,LOAN,ACTIVE,8/23/2019,NPR,1/1/2026
ACC0000000529,CUST00004059,BR0013,LOAN,ACTIVE,2/11/2025,NPR,1/1/2026
ACC0000000530,CUST00001219,BR0032,WALLET,ACTIVE,11/15/2025,NPR,1/1/2026
ACC0000000531,CUST00001555,BR0033,SALARY,ACTIVE,8/29/2019,NPR,1/1/2026
ACC0000000532,CUST00003297,BR0022,CURRENT,ACTIVE,9/21/2019,NPR,1/1/2026
ACC0000000533,CUST00004227,BR0025,LOAN,ACTIVE,1/31/2025,NPR,1/1/2026
ACC0000000534,CUST00004962,BR0023,LOAN,DORMANT,1/29/2020,NPR,1/1/2026
ACC0000000535,CUST00004864,BR0032,CURRENT,ACTIVE,12/22/2022,NPR,1/1/2026
ACC0000000536,CUST00004835,BR0033,SAVINGS,DORMANT,5/9/2021,NPR,1/1/2026
ACC0000000537,CUST00002190,BR0019,CURRENT,ACTIVE,10/25/2022,NPR,1/1/2026
ACC0000000538,CUST00000114,BR0020,WALLET,ACTIVE,1/11/2020,NPR,1/1/2026
ACC0000000539,CUST00004783,BR0014,SAVINGS,ACTIVE,7/4/2025,NPR,1/1/2026
ACC0000000540,CUST00000534,BR0019,CURRENT,ACTIVE,5/2/2024,NPR,1/1/2026
ACC0000000541,CUST00003575,BR0007,CURRENT,ACTIVE,5/31/2022,NPR,1/1/2026
ACC0000000542,CUST00000347,BR0017,CURRENT,ACTIVE,7/25/2022,NPR,1/1/2026
ACC0000000543,CUST00001816,BR0016,LOAN,ACTIVE,8/10/2024,NPR,1/1/2026
ACC0000000544,CUST00001995,BR0001,LOAN,DORMANT,10/7/2020,NPR,1/1/2026
ACC0000000545,CUST00001357,BR0036,SAVINGS,ACTIVE,6/1/2021,NPR,1/1/2026
ACC0000000546,CUST00000470,BR0013,SALARY,ACTIVE,4/20/2020,NPR,1/1/2026
ACC0000000547,CUST00004312,BR0001,WALLET,ACTIVE,1/10/2025,NPR,1/1/2026
ACC0000000548,CUST00001252,BR0024,SAVINGS,ACTIVE,7/30/2019,NPR,1/1/2026
ACC0000000549,CUST00001495,BR0011,SAVINGS,ACTIVE,10/16/2024,NPR,1/1/2026
ACC0000000550,CUST00002374,BR0039,WALLET,ACTIVE,7/10/2023,NPR,1/1/2026
ACC0000000551,CUST00004862,BR0008,SALARY,ACTIVE,5/19/2022,NPR,1/1/2026
ACC0000000552,CUST00001597,BR0005,WALLET,ACTIVE,2/23/2022,NPR,1/1/2026
ACC0000000553,CUST00003159,BR0036,SALARY,ACTIVE,12/2/2019,NPR,1/1/2026
ACC0000000554,CUST00000438,BR0036,CURRENT,ACTIVE,9/17/2025,NPR,1/1/2026
ACC0000000555,CUST00001865,BR0019,CURRENT,ACTIVE,12/10/2020,NPR,1/1/2026
ACC0000000556,CUST00004991,BR0028,LOAN,ACTIVE,12/30/2020,NPR,1/1/2026
ACC0000000557,CUST00004187,BR0016,SALARY,ACTIVE,6/5/2023,NPR,1/1/2026
ACC0000000558,CUST00002635,BR0025,CURRENT,ACTIVE,1/28/2025,NPR,1/1/2026
ACC0000000559,CUST00002678,BR0038,SALARY,CLOSED,2/9/2020,NPR,1/1/2026
ACC0000000560,CUST00000420,BR0036,SAVINGS,ACTIVE,4/30/2023,NPR,1/1/2026
ACC0000000561,CUST00002729,BR0013,CURRENT,ACTIVE,11/16/2025,NPR,1/1/2026
ACC0000000562,CUST00001079,BR0027,LOAN,ACTIVE,4/18/2024,NPR,1/1/2026
ACC0000000563,CUST00000023,BR0035,CURRENT,ACTIVE,2/7/2025,NPR,1/1/2026
ACC0000000564,CUST00002487,BR0016,SALARY,ACTIVE,3/2/2019,NPR,1/1/2026
ACC0000000565,CUST00002264,BR0004,SAVINGS,ACTIVE,10/21/2019,NPR,1/1/2026
ACC0000000566,CUST00004076,BR0031,SAVINGS,ACTIVE,3/7/2024,NPR,1/1/2026
ACC0000000567,CUST00003857,BR0019,LOAN,BLOCKED,1/15/2023,NPR,1/1/2026
ACC0000000568,CUST00003464,BR0021,CURRENT,ACTIVE,12/15/2023,NPR,1/1/2026
ACC0000000569,CUST00002513,BR0009,SALARY,ACTIVE,8/25/2022,NPR,1/1/2026
ACC0000000570,CUST00001016,BR0026,SAVINGS,ACTIVE,4/1/2024,NPR,1/1/2026
ACC0000000571,CUST00003292,BR0033,CURRENT,ACTIVE,1/22/2023,NPR,1/1/2026
ACC0000000572,CUST00004138,BR0003,SAVINGS,ACTIVE,2/23/2022,NPR,1/1/2026
ACC0000000573,CUST00003046,BR0012,LOAN,ACTIVE,10/20/2022,NPR,1/1/2026
ACC0000000574,CUST00001342,BR0028,LOAN,ACTIVE,9/7/2019,NPR,1/1/2026
ACC0000000575,CUST00002046,BR0003,CURRENT,ACTIVE,9/8/2022,NPR,1/1/2026
ACC0000000576,CUST00004585,BR0004,SAVINGS,ACTIVE,8/7/2021,NPR,1/1/2026
ACC0000000577,CUST00003837,BR0004,CURRENT,ACTIVE,9/20/2024,NPR,1/1/2026
ACC0000000578,CUST00003679,BR0004,WALLET,ACTIVE,8/4/2022,NPR,1/1/2026
ACC0000000579,CUST00002402,BR0012,CURRENT,ACTIVE,12/15/2023,NPR,1/1/2026
ACC0000000580,CUST00003098,BR0027,SAVINGS,ACTIVE,7/30/2024,NPR,1/1/2026
ACC0000000581,CUST00004517,BR0038,LOAN,ACTIVE,11/25/2023,NPR,1/1/2026
ACC0000000582,CUST00001998,BR0031,WALLET,ACTIVE,2/5/2022,NPR,1/1/2026
ACC0000000583,CUST00003820,BR0010,CURRENT,ACTIVE,5/2/2019,NPR,1/1/2026
ACC0000000584,CUST00002252,BR0036,CURRENT,ACTIVE,7/24/2020,NPR,1/1/2026
ACC0000000585,CUST00003959,BR0011,WALLET,ACTIVE,6/4/2022,NPR,1/1/2026
ACC0000000586,CUST00001287,BR0037,CURRENT,ACTIVE,1/12/2023,NPR,1/1/2026
ACC0000000587,CUST00001945,BR0027,CURRENT,ACTIVE,7/19/2023,NPR,1/1/2026
ACC0000000588,CUST00002667,BR0005,LOAN,ACTIVE,8/7/2019,NPR,1/1/2026
ACC0000000589,CUST00003673,BR0028,SAVINGS,ACTIVE,10/5/2019,NPR,1/1/2026
ACC0000000590,CUST00000173,BR0031,SALARY,ACTIVE,5/4/2021,NPR,1/1/2026
ACC0000000591,CUST00001307,BR0022,SAVINGS,ACTIVE,11/27/2021,NPR,1/1/2026
ACC0000000592,CUST00003570,BR0028,WALLET,ACTIVE,1/7/2023,NPR,1/1/2026
ACC0000000593,CUST00003225,BR0038,LOAN,ACTIVE,5/20/2023,NPR,1/1/2026
ACC0000000594,CUST00001211,BR0018,SAVINGS,CLOSED,8/28/2021,NPR,1/1/2026
ACC0000000595,CUST00003305,BR0016,SALARY,DORMANT,6/8/2022,NPR,1/1/2026
ACC0000000596,CUST00001735,BR0029,LOAN,ACTIVE,9/30/2024,NPR,1/1/2026
ACC0000000597,CUST00003998,BR0024,CURRENT,ACTIVE,8/3/2022,NPR,1/1/2026
ACC0000000598,CUST00001516,BR0027,LOAN,ACTIVE,2/26/2020,NPR,1/1/2026
ACC0000000599,CUST00004060,BR0002,CURRENT,ACTIVE,10/4/2020,NPR,1/1/2026
ACC0000000600,CUST00003695,BR0018,CURRENT,ACTIVE,9/18/2020,NPR,1/1/2026
ACC0000000601,CUST00001183,BR0040,CURRENT,ACTIVE,7/30/2024,NPR,1/1/2026
ACC0000000602,CUST00001752,BR0036,CURRENT,ACTIVE,3/18/2023,NPR,1/1/2026
ACC0000000603,CUST00004813,BR0032,SALARY,ACTIVE,5/17/2025,NPR,1/1/2026
ACC0000000604,CUST00002785,BR0010,CURRENT,ACTIVE,9/25/2020,NPR,1/1/2026
ACC0000000605,CUST00000365,BR0025,LOAN,ACTIVE,12/16/2021,NPR,1/1/2026
ACC0000000606,CUST00000081,BR0017,SALARY,ACTIVE,12/9/2020,NPR,1/1/2026
ACC0000000607,CUST00000029,BR0040,SALARY,ACTIVE,6/28/2022,NPR,1/1/2026
ACC0000000608,CUST00000496,BR0032,SAVINGS,ACTIVE,11/13/2019,NPR,1/1/2026
ACC0000000609,CUST00001285,BR0024,SAVINGS,ACTIVE,6/15/2021,NPR,1/1/2026
ACC0000000610,CUST00000800,BR0040,LOAN,ACTIVE,11/29/2024,NPR,1/1/2026
ACC0000000611,CUST00003971,BR0009,SAVINGS,ACTIVE,12/17/2020,NPR,1/1/2026
ACC0000000612,CUST00001004,BR0022,WALLET,ACTIVE,10/5/2020,NPR,1/1/2026
ACC0000000613,CUST00002984,BR0039,WALLET,ACTIVE,2/10/2025,NPR,1/1/2026
ACC0000000614,CUST00002453,BR0001,SAVINGS,ACTIVE,6/27/2023,NPR,1/1/2026
ACC0000000615,CUST00002404,BR0024,SALARY,ACTIVE,5/8/2024,NPR,1/1/2026
ACC0000000616,CUST00001396,BR0006,CURRENT,ACTIVE,9/12/2021,NPR,1/1/2026
ACC0000000617,CUST00000485,BR0018,SAVINGS,ACTIVE,12/17/2020,NPR,1/1/2026
ACC0000000618,CUST00001335,BR0005,SALARY,ACTIVE,10/12/2021,NPR,1/1/2026
ACC0000000619,CUST00002506,BR0030,WALLET,ACTIVE,10/2/2020,NPR,1/1/2026
ACC0000000620,CUST00004242,BR0007,LOAN,CLOSED,10/17/2025,NPR,1/1/2026
ACC0000000621,CUST00002550,BR0020,SAVINGS,DORMANT,5/8/2020,NPR,1/1/2026
ACC0000000622,CUST00000560,BR0035,WALLET,ACTIVE,8/9/2025,NPR,1/1/2026
ACC0000000623,CUST00000995,BR0011,LOAN,ACTIVE,12/13/2021,NPR,1/1/2026
ACC0000000624,CUST00000746,BR0011,CURRENT,ACTIVE,4/14/2022,NPR,1/1/2026
ACC0000000625,CUST00003531,BR0034,SAVINGS,DORMANT,6/8/2024,NPR,1/1/2026
ACC0000000626,CUST00004204,BR0003,SALARY,ACTIVE,12/22/2024,NPR,1/1/2026
ACC0000000627,CUST00000757,BR0034,CURRENT,ACTIVE,1/20/2022,NPR,1/1/2026
ACC0000000628,CUST00004497,BR0039,CURRENT,ACTIVE,9/2/2024,NPR,1/1/2026
ACC0000000629,CUST00004929,BR0029,SAVINGS,ACTIVE,3/11/2019,NPR,1/1/2026
ACC0000000630,CUST00000062,BR0007,CURRENT,DORMANT,11/6/2022,NPR,1/1/2026
ACC0000000631,CUST00003706,BR0004,WALLET,ACTIVE,12/17/2019,NPR,1/1/2026
ACC0000000632,CUST00003170,BR0034,SAVINGS,ACTIVE,8/16/2024,NPR,1/1/2026
ACC0000000633,CUST00001866,BR0011,LOAN,ACTIVE,3/16/2024,NPR,1/1/2026
ACC0000000634,CUST00002246,BR0031,WALLET,ACTIVE,4/19/2025,NPR,1/1/2026
ACC0000000635,CUST00002652,BR0026,SALARY,ACTIVE,4/9/2021,NPR,1/1/2026
ACC0000000636,CUST00001212,BR0028,SALARY,ACTIVE,11/22/2025,NPR,1/1/2026
ACC0000000637,CUST00002239,BR0018,WALLET,ACTIVE,1/9/2024,NPR,1/1/2026
ACC0000000638,CUST00001968,BR0008,LOAN,ACTIVE,4/13/2022,NPR,1/1/2026
ACC0000000639,CUST00003856,BR0021,LOAN,ACTIVE,1/16/2022,NPR,1/1/2026
ACC0000000640,CUST00001372,BR0009,SAVINGS,DORMANT,3/29/2021,NPR,1/1/2026
ACC0000000641,CUST00004467,BR0009,SALARY,ACTIVE,6/28/2021,NPR,1/1/2026
ACC0000000642,CUST00001025,BR0033,LOAN,ACTIVE,2/25/2020,NPR,1/1/2026
ACC0000000643,CUST00002604,BR0002,LOAN,ACTIVE,9/17/2019,NPR,1/1/2026
ACC0000000644,CUST00004705,BR0005,SALARY,ACTIVE,5/26/2019,NPR,1/1/2026
ACC0000000645,CUST00002474,BR0018,LOAN,ACTIVE,3/7/2022,NPR,1/1/2026
ACC0000000646,CUST00001456,BR0024,LOAN,DORMANT,11/25/2022,NPR,1/1/2026
ACC0000000647,CUST00002504,BR0025,SAVINGS,ACTIVE,12/26/2021,NPR,1/1/2026
ACC0000000648,CUST00000404,BR0028,WALLET,DORMANT,3/16/2022,NPR,1/1/2026
ACC0000000649,CUST00002936,BR0029,SALARY,ACTIVE,6/25/2020,NPR,1/1/2026
ACC0000000650,CUST00003026,BR0018,WALLET,ACTIVE,1/26/2020,NPR,1/1/2026
ACC0000000651,CUST00003830,BR0026,SALARY,ACTIVE,1/23/2023,NPR,1/1/2026
ACC0000000652,CUST00000309,BR0040,SAVINGS,ACTIVE,6/12/2021,NPR,1/1/2026
ACC0000000653,CUST00000532,BR0018,SALARY,ACTIVE,2/10/2022,NPR,1/1/2026
ACC0000000654,CUST00000836,BR0022,LOAN,ACTIVE,9/17/2025,NPR,1/1/2026
ACC0000000655,CUST00000042,BR0021,SAVINGS,ACTIVE,2/4/2023,NPR,1/1/2026
ACC0000000656,CUST00001502,BR0034,WALLET,ACTIVE,3/18/2020,NPR,1/1/2026
ACC0000000657,CUST00002914,BR0014,CURRENT,ACTIVE,6/19/2024,NPR,1/1/2026
ACC0000000658,CUST00001727,BR0026,LOAN,ACTIVE,3/21/2021,NPR,1/1/2026
ACC0000000659,CUST00002823,BR0029,SAVINGS,ACTIVE,4/28/2022,NPR,1/1/2026
ACC0000000660,CUST00004045,BR0008,SALARY,ACTIVE,1/13/2021,NPR,1/1/2026
ACC0000000661,CUST00003424,BR0004,WALLET,ACTIVE,10/8/2025,NPR,1/1/2026
ACC0000000662,CUST00004604,BR0013,SAVINGS,ACTIVE,9/27/2022,NPR,1/1/2026
ACC0000000663,CUST00000482,BR0001,CURRENT,ACTIVE,2/16/2022,NPR,1/1/2026
ACC0000000664,CUST00001531,BR0032,LOAN,ACTIVE,6/10/2022,NPR,1/1/2026
ACC0000000665,CUST00001562,BR0023,SAVINGS,DORMANT,12/31/2023,NPR,1/1/2026
ACC0000000666,CUST00003470,BR0029,CURRENT,ACTIVE,8/26/2021,NPR,1/1/2026
ACC0000000667,CUST00001749,BR0019,CURRENT,BLOCKED,3/13/2019,NPR,1/1/2026
ACC0000000668,CUST00003935,BR0008,LOAN,ACTIVE,7/28/2021,NPR,1/1/2026
ACC0000000669,CUST00001037,BR0006,CURRENT,ACTIVE,10/8/2021,NPR,1/1/2026
ACC0000000670,CUST00001427,BR0018,SAVINGS,ACTIVE,7/24/2023,NPR,1/1/2026
ACC0000000671,CUST00002690,BR0034,SAVINGS,ACTIVE,12/24/2022,NPR,1/1/2026
ACC0000000672,CUST00002496,BR0002,LOAN,ACTIVE,9/27/2019,NPR,1/1/2026
ACC0000000673,CUST00001877,BR0033,CURRENT,ACTIVE,9/8/2019,NPR,1/1/2026
ACC0000000674,CUST00000287,BR0013,SAVINGS,ACTIVE,2/9/2025,NPR,1/1/2026
ACC0000000675,CUST00004342,BR0024,SALARY,ACTIVE,1/2/2024,NPR,1/1/2026
ACC0000000676,CUST00000186,BR0035,LOAN,ACTIVE,6/15/2025,NPR,1/1/2026
ACC0000000677,CUST00004735,BR0008,LOAN,ACTIVE,12/3/2025,NPR,1/1/2026
ACC0000000678,CUST00003498,BR0033,WALLET,ACTIVE,2/9/2020,NPR,1/1/2026
ACC0000000679,CUST00000472,BR0018,CURRENT,ACTIVE,7/8/2021,NPR,1/1/2026
ACC0000000680,CUST00004832,BR0035,SAVINGS,ACTIVE,7/22/2023,NPR,1/1/2026
ACC0000000681,CUST00002423,BR0029,LOAN,ACTIVE,6/3/2019,NPR,1/1/2026
ACC0000000682,CUST00004535,BR0029,CURRENT,ACTIVE,10/12/2020,NPR,1/1/2026
ACC0000000683,CUST00002146,BR0016,SALARY,ACTIVE,8/30/2023,NPR,1/1/2026
ACC0000000684,CUST00004583,BR0016,SALARY,ACTIVE,6/15/2021,NPR,1/1/2026
ACC0000000685,CUST00003886,BR0024,CURRENT,ACTIVE,8/17/2023,NPR,1/1/2026
ACC0000000686,CUST00001249,BR0034,LOAN,ACTIVE,11/8/2021,NPR,1/1/2026
ACC0000000687,CUST00000932,BR0025,CURRENT,ACTIVE,1/20/2024,NPR,1/1/2026
ACC0000000688,CUST00002053,BR0038,LOAN,ACTIVE,5/10/2022,NPR,1/1/2026
ACC0000000689,CUST00004910,BR0019,CURRENT,ACTIVE,1/13/2023,NPR,1/1/2026
ACC0000000690,CUST00002230,BR0021,LOAN,ACTIVE,2/28/2022,NPR,1/1/2026
ACC0000000691,CUST00001552,BR0015,SALARY,ACTIVE,5/5/2021,NPR,1/1/2026
ACC0000000692,CUST00004507,BR0021,SAVINGS,ACTIVE,6/14/2020,NPR,1/1/2026
ACC0000000693,CUST00001290,BR0020,CURRENT,ACTIVE,9/9/2022,NPR,1/1/2026
ACC0000000694,CUST00002268,BR0023,SALARY,ACTIVE,6/13/2023,NPR,1/1/2026
ACC0000000695,CUST00001375,BR0017,SALARY,ACTIVE,3/10/2019,NPR,1/1/2026
ACC0000000696,CUST00003523,BR0009,LOAN,ACTIVE,10/4/2019,NPR,1/1/2026
ACC0000000697,CUST00004437,BR0004,SAVINGS,ACTIVE,5/11/2020,NPR,1/1/2026
ACC0000000698,CUST00000684,BR0013,WALLET,ACTIVE,6/19/2021,NPR,1/1/2026
ACC0000000699,CUST00000514,BR0005,WALLET,CLOSED,9/15/2022,NPR,1/1/2026
ACC0000000700,CUST00004393,BR0020,SALARY,ACTIVE,6/25/2023,NPR,1/1/2026
ACC0000000701,CUST00004731,BR0012,LOAN,ACTIVE,1/18/2020,NPR,1/1/2026
ACC0000000702,CUST00001929,BR0017,WALLET,ACTIVE,8/18/2020,NPR,1/1/2026
ACC0000000703,CUST00004347,BR0028,SAVINGS,ACTIVE,8/14/2024,NPR,1/1/2026
ACC0000000704,CUST00002887,BR0023,CURRENT,ACTIVE,10/13/2021,NPR,1/1/2026
ACC0000000705,CUST00001802,BR0017,SAVINGS,ACTIVE,4/19/2020,NPR,1/1/2026
ACC0000000706,CUST00001195,BR0040,LOAN,DORMANT,4/9/2022,NPR,1/1/2026
ACC0000000707,CUST00002008,BR0013,WALLET,ACTIVE,8/24/2024,NPR,1/1/2026
ACC0000000708,CUST00000903,BR0009,WALLET,CLOSED,9/11/2020,NPR,1/1/2026
ACC0000000709,CUST00004831,BR0039,SAVINGS,ACTIVE,2/3/2022,NPR,1/1/2026
ACC0000000710,CUST00000490,BR0026,CURRENT,ACTIVE,10/24/2025,NPR,1/1/2026
ACC0000000711,CUST00004208,BR0009,WALLET,ACTIVE,7/19/2024,NPR,1/1/2026
ACC0000000712,CUST00001986,BR0018,WALLET,ACTIVE,2/20/2023,NPR,1/1/2026
ACC0000000713,CUST00000478,BR0040,SALARY,ACTIVE,1/1/2025,NPR,1/1/2026
ACC0000000714,CUST00001135,BR0013,LOAN,ACTIVE,10/18/2024,NPR,1/1/2026
ACC0000000715,CUST00002012,BR0020,CURRENT,CLOSED,6/23/2024,NPR,1/1/2026
ACC0000000716,CUST00001211,BR0010,CURRENT,ACTIVE,6/29/2021,NPR,1/1/2026
ACC0000000717,CUST00003347,BR0038,CURRENT,ACTIVE,4/2/2020,NPR,1/1/2026
ACC0000000718,CUST00000561,BR0003,WALLET,ACTIVE,1/28/2023,NPR,1/1/2026
ACC0000000719,CUST00002731,BR0013,WALLET,BLOCKED,8/9/2024,NPR,1/1/2026
ACC0000000720,CUST00000033,BR0036,WALLET,DORMANT,7/28/2024,NPR,1/1/2026
ACC0000000721,CUST00000954,BR0028,SAVINGS,ACTIVE,11/1/2020,NPR,1/1/2026
ACC0000000722,CUST00000936,BR0023,WALLET,DORMANT,8/11/2022,NPR,1/1/2026
ACC0000000723,CUST00004295,BR0017,LOAN,ACTIVE,3/27/2024,NPR,1/1/2026
ACC0000000724,CUST00001405,BR0036,WALLET,ACTIVE,6/21/2020,NPR,1/1/2026
ACC0000000725,CUST00001387,BR0007,CURRENT,ACTIVE,12/24/2020,NPR,1/1/2026
ACC0000000726,CUST00002650,BR0022,SALARY,ACTIVE,2/16/2024,NPR,1/1/2026
ACC0000000727,CUST00001578,BR0029,SALARY,ACTIVE,4/21/2020,NPR,1/1/2026
ACC0000000728,CUST00002072,BR0010,CURRENT,ACTIVE,7/13/2021,NPR,1/1/2026
ACC0000000729,CUST00001002,BR0037,SALARY,ACTIVE,12/29/2024,NPR,1/1/2026
ACC0000000730,CUST00003398,BR0011,LOAN,ACTIVE,1/6/2021,NPR,1/1/2026
ACC0000000731,CUST00000436,BR0005,SALARY,ACTIVE,2/14/2025,NPR,1/1/2026
ACC0000000732,CUST00002046,BR0003,LOAN,DORMANT,2/28/2021,NPR,1/1/2026
ACC0000000733,CUST00004524,BR0015,LOAN,ACTIVE,2/20/2024,NPR,1/1/2026
ACC0000000734,CUST00001603,BR0005,CURRENT,ACTIVE,10/25/2021,NPR,1/1/2026
ACC0000000735,CUST00001587,BR0019,SALARY,ACTIVE,9/20/2022,NPR,1/1/2026
ACC0000000736,CUST00004987,BR0030,LOAN,ACTIVE,11/11/2023,NPR,1/1/2026
ACC0000000737,CUST00002969,BR0012,WALLET,ACTIVE,4/4/2023,NPR,1/1/2026
ACC0000000738,CUST00003996,BR0002,CURRENT,ACTIVE,5/28/2025,NPR,1/1/2026
ACC0000000739,CUST00004934,BR0024,WALLET,ACTIVE,9/28/2021,NPR,1/1/2026
ACC0000000740,CUST00001937,BR0021,WALLET,ACTIVE,10/8/2019,NPR,1/1/2026
ACC0000000741,CUST00003128,BR0025,CURRENT,ACTIVE,4/22/2021,NPR,1/1/2026
ACC0000000742,CUST00001561,BR0018,SAVINGS,ACTIVE,8/3/2021,NPR,1/1/2026
ACC0000000743,CUST00000661,BR0003,LOAN,ACTIVE,9/12/2023,NPR,1/1/2026
ACC0000000744,CUST00002465,BR0015,WALLET,ACTIVE,3/26/2019,NPR,1/1/2026
ACC0000000745,CUST00004980,BR0037,SALARY,ACTIVE,1/15/2020,NPR,1/1/2026
ACC0000000746,CUST00002593,BR0038,LOAN,DORMANT,2/11/2025,NPR,1/1/2026
ACC0000000747,CUST00004013,BR0023,LOAN,ACTIVE,4/16/2022,NPR,1/1/2026
ACC0000000748,CUST00003311,BR0012,WALLET,ACTIVE,2/20/2025,NPR,1/1/2026
ACC0000000749,CUST00004214,BR0014,CURRENT,ACTIVE,1/28/2021,NPR,1/1/2026
ACC0000000750,CUST00002741,BR0031,WALLET,ACTIVE,10/3/2023,NPR,1/1/2026
ACC0000000751,CUST00004748,BR0012,LOAN,ACTIVE,8/26/2021,NPR,1/1/2026
ACC0000000752,CUST00003280,BR0011,CURRENT,ACTIVE,1/10/2023,NPR,1/1/2026
ACC0000000753,CUST00000638,BR0024,WALLET,ACTIVE,12/5/2019,NPR,1/1/2026
ACC0000000754,CUST00004426,BR0012,LOAN,ACTIVE,6/5/2022,NPR,1/1/2026
ACC0000000755,CUST00003556,BR0016,CURRENT,ACTIVE,4/7/2025,NPR,1/1/2026
ACC0000000756,CUST00003949,BR0029,WALLET,ACTIVE,4/2/2022,NPR,1/1/2026
ACC0000000757,CUST00003667,BR0017,LOAN,ACTIVE,11/11/2023,NPR,1/1/2026
ACC0000000758,CUST00000607,BR0006,CURRENT,BLOCKED,8/1/2022,NPR,1/1/2026
ACC0000000759,CUST00003883,BR0031,SAVINGS,ACTIVE,8/29/2024,NPR,1/1/2026
ACC0000000760,CUST00000474,BR0025,SALARY,ACTIVE,2/3/2021,NPR,1/1/2026
ACC0000000761,CUST00004830,BR0005,LOAN,ACTIVE,1/21/2021,NPR,1/1/2026
ACC0000000762,CUST00004538,BR0036,CURRENT,DORMANT,12/13/2022,NPR,1/1/2026
ACC0000000763,CUST00002936,BR0029,SAVINGS,ACTIVE,2/15/2024,NPR,1/1/2026
ACC0000000764,CUST00001461,BR0030,LOAN,ACTIVE,12/12/2019,NPR,1/1/2026
ACC0000000765,CUST00003658,BR0015,SALARY,ACTIVE,8/27/2019,NPR,1/1/2026
ACC0000000766,CUST00002755,BR0007,WALLET,ACTIVE,4/28/2020,NPR,1/1/2026
ACC0000000767,CUST00004944,BR0038,SAVINGS,ACTIVE,12/1/2020,NPR,1/1/2026
ACC0000000768,CUST00004016,BR0025,SAVINGS,ACTIVE,10/26/2025,NPR,1/1/2026
ACC0000000769,CUST00003899,BR0024,SAVINGS,ACTIVE,9/24/2025,NPR,1/1/2026
ACC0000000770,CUST00001375,BR0023,CURRENT,CLOSED,5/4/2022,NPR,1/1/2026
ACC0000000771,CUST00003370,BR0014,LOAN,ACTIVE,5/4/2019,NPR,1/1/2026
ACC0000000772,CUST00004952,BR0024,SALARY,ACTIVE,7/10/2020,NPR,1/1/2026
ACC0000000773,CUST00001573,BR0010,WALLET,ACTIVE,8/31/2025,NPR,1/1/2026
ACC0000000774,CUST00002854,BR0002,SAVINGS,ACTIVE,3/27/2024,NPR,1/1/2026
ACC0000000775,CUST00003630,BR0001,WALLET,ACTIVE,12/4/2023,NPR,1/1/2026
ACC0000000776,CUST00004473,BR0007,LOAN,ACTIVE,3/9/2022,NPR,1/1/2026
ACC0000000777,CUST00000164,BR0016,LOAN,ACTIVE,8/4/2024,NPR,1/1/2026
ACC0000000778,CUST00004102,BR0005,SALARY,ACTIVE,1/30/2022,NPR,1/1/2026
ACC0000000779,CUST00004074,BR0017,LOAN,ACTIVE,6/26/2022,NPR,1/1/2026
ACC0000000780,CUST00004719,BR0008,SAVINGS,ACTIVE,9/23/2024,NPR,1/1/2026
ACC0000000781,CUST00004231,BR0007,CURRENT,ACTIVE,3/25/2023,NPR,1/1/2026
ACC0000000782,CUST00001105,BR0004,WALLET,ACTIVE,2/13/2021,NPR,1/1/2026
ACC0000000783,CUST00001596,BR0029,CURRENT,ACTIVE,12/26/2022,NPR,1/1/2026
ACC0000000784,CUST00003358,BR0025,SALARY,ACTIVE,8/15/2023,NPR,1/1/2026
ACC0000000785,CUST00002372,BR0001,WALLET,ACTIVE,1/13/2021,NPR,1/1/2026
ACC0000000786,CUST00001366,BR0007,SALARY,ACTIVE,4/12/2024,NPR,1/1/2026
ACC0000000787,CUST00003355,BR0025,SAVINGS,ACTIVE,6/15/2025,NPR,1/1/2026
ACC0000000788,CUST00003278,BR0028,LOAN,ACTIVE,3/24/2019,NPR,1/1/2026
ACC0000000789,CUST00001934,BR0020,SALARY,ACTIVE,4/29/2022,NPR,1/1/2026
ACC0000000790,CUST00001668,BR0039,SAVINGS,ACTIVE,2/23/2022,NPR,1/1/2026
ACC0000000791,CUST00001115,BR0007,SALARY,ACTIVE,6/2/2020,NPR,1/1/2026
ACC0000000792,CUST00000058,BR0020,SALARY,ACTIVE,5/14/2024,NPR,1/1/2026
ACC0000000793,CUST00001841,BR0011,LOAN,ACTIVE,7/8/2022,NPR,1/1/2026
ACC0000000794,CUST00002168,BR0026,SAVINGS,ACTIVE,12/30/2020,NPR,1/1/2026
ACC0000000795,CUST00001808,BR0008,WALLET,ACTIVE,11/6/2023,NPR,1/1/2026
ACC0000000796,CUST00001079,BR0004,LOAN,BLOCKED,4/8/2022,NPR,1/1/2026
ACC0000000797,CUST00002337,BR0033,CURRENT,ACTIVE,4/14/2022,NPR,1/1/2026
ACC0000000798,CUST00001111,BR0031,SALARY,ACTIVE,5/30/2025,NPR,1/1/2026
ACC0000000799,CUST00003194,BR0019,SALARY,ACTIVE,2/23/2022,NPR,1/1/2026
ACC0000000800,CUST00003888,BR0019,WALLET,ACTIVE,12/3/2025,NPR,1/1/2026
ACC0000000801,CUST00004020,BR0028,SAVINGS,BLOCKED,12/16/2019,NPR,1/1/2026
ACC0000000802,CUST00001715,BR0014,SAVINGS,ACTIVE,11/6/2024,NPR,1/1/2026
ACC0000000803,CUST00003441,BR0008,CURRENT,ACTIVE,9/10/2019,NPR,1/1/2026
ACC0000000804,CUST00003276,BR0032,WALLET,ACTIVE,3/28/2019,NPR,1/1/2026
ACC0000000805,CUST00000626,BR0023,SALARY,ACTIVE,4/20/2021,NPR,1/1/2026
ACC0000000806,CUST00000866,BR0033,CURRENT,ACTIVE,8/6/2022,NPR,1/1/2026
ACC0000000807,CUST00002008,BR0026,SALARY,ACTIVE,4/12/2022,NPR,1/1/2026
ACC0000000808,CUST00000857,BR0006,LOAN,ACTIVE,9/12/2025,NPR,1/1/2026
ACC0000000809,CUST00002351,BR0014,CURRENT,ACTIVE,11/20/2021,NPR,1/1/2026
ACC0000000810,CUST00002001,BR0005,CURRENT,ACTIVE,5/30/2022,NPR,1/1/2026
ACC0000000811,CUST00003568,BR0036,CURRENT,ACTIVE,11/5/2022,NPR,1/1/2026
ACC0000000812,CUST00000372,BR0039,CURRENT,ACTIVE,4/2/2019,NPR,1/1/2026
ACC0000000813,CUST00001943,BR0001,WALLET,ACTIVE,10/3/2023,NPR,1/1/2026
ACC0000000814,CUST00001578,BR0025,SAVINGS,ACTIVE,3/24/2022,NPR,1/1/2026
ACC0000000815,CUST00004151,BR0006,SAVINGS,ACTIVE,12/25/2023,NPR,1/1/2026
ACC0000000816,CUST00003516,BR0004,WALLET,ACTIVE,8/14/2025,NPR,1/1/2026
ACC0000000817,CUST00002870,BR0036,SALARY,ACTIVE,1/20/2021,NPR,1/1/2026
ACC0000000818,CUST00000585,BR0038,WALLET,CLOSED,12/1/2024,NPR,1/1/2026
ACC0000000819,CUST00000655,BR0028,CURRENT,ACTIVE,7/7/2020,NPR,1/1/2026
ACC0000000820,CUST00004385,BR0014,SAVINGS,ACTIVE,9/6/2024,NPR,1/1/2026
ACC0000000821,CUST00004419,BR0007,SALARY,ACTIVE,7/3/2023,NPR,1/1/2026
ACC0000000822,CUST00000858,BR0028,SAVINGS,ACTIVE,7/23/2022,NPR,1/1/2026
ACC0000000823,CUST00004788,BR0010,SAVINGS,ACTIVE,7/27/2024,NPR,1/1/2026
ACC0000000824,CUST00002672,BR0004,WALLET,ACTIVE,3/12/2024,NPR,1/1/2026
ACC0000000825,CUST00001610,BR0024,SALARY,DORMANT,11/2/2021,NPR,1/1/2026
ACC0000000826,CUST00003061,BR0032,SAVINGS,ACTIVE,5/22/2019,NPR,1/1/2026
ACC0000000827,CUST00001982,BR0013,SALARY,ACTIVE,1/3/2025,NPR,1/1/2026
ACC0000000828,CUST00000709,BR0024,LOAN,ACTIVE,2/28/2019,NPR,1/1/2026
ACC0000000829,CUST00004170,BR0017,LOAN,ACTIVE,1/18/2022,NPR,1/1/2026
ACC0000000830,CUST00002627,BR0035,WALLET,ACTIVE,7/9/2024,NPR,1/1/2026
ACC0000000831,CUST00003075,BR0018,SALARY,ACTIVE,12/13/2019,NPR,1/1/2026
ACC0000000832,CUST00002226,BR0037,WALLET,ACTIVE,7/4/2023,NPR,1/1/2026
ACC0000000833,CUST00002761,BR0016,CURRENT,ACTIVE,6/29/2020,NPR,1/1/2026
ACC0000000834,CUST00003093,BR0014,SAVINGS,ACTIVE,6/6/2023,NPR,1/1/2026
ACC0000000835,CUST00000494,BR0005,LOAN,DORMANT,9/10/2022,NPR,1/1/2026
ACC0000000836,CUST00000782,BR0012,SAVINGS,ACTIVE,7/22/2020,NPR,1/1/2026
ACC0000000837,CUST00004654,BR0016,LOAN,ACTIVE,9/19/2021,NPR,1/1/2026
ACC0000000838,CUST00001512,BR0016,SAVINGS,ACTIVE,9/12/2023,NPR,1/1/2026
ACC0000000839,CUST00001786,BR0020,SAVINGS,ACTIVE,7/27/2025,NPR,1/1/2026
ACC0000000840,CUST00001457,BR0035,CURRENT,ACTIVE,11/26/2024,NPR,1/1/2026
ACC0000000841,CUST00000067,BR0021,CURRENT,ACTIVE,5/20/2023,NPR,1/1/2026
ACC0000000842,CUST00003799,BR0039,WALLET,ACTIVE,12/26/2025,NPR,1/1/2026
ACC0000000843,CUST00004679,BR0022,SAVINGS,ACTIVE,10/30/2023,NPR,1/1/2026
ACC0000000844,CUST00003242,BR0030,SALARY,ACTIVE,9/19/2020,NPR,1/1/2026
ACC0000000845,CUST00001588,BR0018,SALARY,DORMANT,7/30/2024,NPR,1/1/2026
ACC0000000846,CUST00000680,BR0024,LOAN,ACTIVE,6/20/2019,NPR,1/1/2026
ACC0000000847,CUST00002626,BR0004,SALARY,ACTIVE,11/12/2024,NPR,1/1/2026
ACC0000000848,CUST00001808,BR0002,SAVINGS,ACTIVE,4/12/2025,NPR,1/1/2026
ACC0000000849,CUST00004098,BR0021,LOAN,ACTIVE,4/27/2023,NPR,1/1/2026
ACC0000000850,CUST00002111,BR0020,WALLET,ACTIVE,9/5/2022,NPR,1/1/2026
ACC0000000851,CUST00001382,BR0029,SALARY,ACTIVE,10/15/2022,NPR,1/1/2026
ACC0000000852,CUST00000222,BR0014,LOAN,ACTIVE,12/3/2022,NPR,1/1/2026
ACC0000000853,CUST00003396,BR0027,SAVINGS,ACTIVE,3/23/2020,NPR,1/1/2026
ACC0000000854,CUST00003911,BR0037,SALARY,ACTIVE,6/16/2022,NPR,1/1/2026
ACC0000000855,CUST00000838,BR0026,CURRENT,ACTIVE,4/17/2024,NPR,1/1/2026
ACC0000000856,CUST00000418,BR0027,SALARY,ACTIVE,9/5/2024,NPR,1/1/2026
ACC0000000857,CUST00001411,BR0024,LOAN,ACTIVE,1/23/2024,NPR,1/1/2026
ACC0000000858,CUST00001342,BR0020,SAVINGS,ACTIVE,3/11/2024,NPR,1/1/2026
ACC0000000859,CUST00001941,BR0019,SALARY,ACTIVE,6/3/2020,NPR,1/1/2026
ACC0000000860,CUST00003865,BR0010,LOAN,ACTIVE,12/2/2024,NPR,1/1/2026
ACC0000000861,CUST00002315,BR0038,CURRENT,ACTIVE,6/3/2020,NPR,1/1/2026
ACC0000000862,CUST00004104,BR0003,CURRENT,ACTIVE,7/25/2024,NPR,1/1/2026
ACC0000000863,CUST00001700,BR0018,WALLET,ACTIVE,9/18/2019,NPR,1/1/2026
ACC0000000864,CUST00002481,BR0036,LOAN,ACTIVE,9/12/2019,NPR,1/1/2026
ACC0000000865,CUST00000034,BR0023,SAVINGS,ACTIVE,2/21/2021,NPR,1/1/2026
ACC0000000866,CUST00003770,BR0032,SALARY,ACTIVE,7/19/2023,NPR,1/1/2026
ACC0000000867,CUST00003728,BR0039,WALLET,ACTIVE,3/16/2020,NPR,1/1/2026
ACC0000000868,CUST00003640,BR0033,SAVINGS,ACTIVE,4/21/2023,NPR,1/1/2026
ACC0000000869,CUST00003665,BR0006,SAVINGS,ACTIVE,9/18/2023,NPR,1/1/2026
ACC0000000870,CUST00000131,BR0023,LOAN,DORMANT,12/22/2025,NPR,1/1/2026
ACC0000000871,CUST00003519,BR0030,WALLET,ACTIVE,12/9/2025,NPR,1/1/2026
ACC0000000872,CUST00002313,BR0003,SAVINGS,ACTIVE,3/5/2025,NPR,1/1/2026
ACC0000000873,CUST00004992,BR0039,SAVINGS,DORMANT,12/4/2022,NPR,1/1/2026
ACC0000000874,CUST00001651,BR0023,CURRENT,ACTIVE,12/3/2020,NPR,1/1/2026
ACC0000000875,CUST00001830,BR0028,SAVINGS,BLOCKED,6/12/2021,NPR,1/1/2026
ACC0000000876,CUST00003163,BR0033,LOAN,ACTIVE,2/6/2025,NPR,1/1/2026
ACC0000000877,CUST00002828,BR0018,WALLET,ACTIVE,1/4/2024,NPR,1/1/2026
ACC0000000878,CUST00000122,BR0032,LOAN,ACTIVE,6/2/2022,NPR,1/1/2026
ACC0000000879,CUST00004368,BR0034,SALARY,ACTIVE,3/20/2019,NPR,1/1/2026
ACC0000000880,CUST00000989,BR0005,CURRENT,ACTIVE,3/6/2024,NPR,1/1/2026
ACC0000000881,CUST00000315,BR0013,SAVINGS,ACTIVE,10/18/2019,NPR,1/1/2026
ACC0000000882,CUST00000504,BR0006,SALARY,ACTIVE,10/29/2020,NPR,1/1/2026
ACC0000000883,CUST00000413,BR0033,SAVINGS,ACTIVE,3/11/2024,NPR,1/1/2026
ACC0000000884,CUST00002946,BR0030,LOAN,ACTIVE,11/10/2021,NPR,1/1/2026
ACC0000000885,CUST00003304,BR0008,LOAN,BLOCKED,11/9/2020,NPR,1/1/2026
ACC0000000886,CUST00002345,BR0019,LOAN,ACTIVE,8/11/2024,NPR,1/1/2026
ACC0000000887,CUST00004607,BR0026,SAVINGS,ACTIVE,6/9/2019,NPR,1/1/2026
ACC0000000888,CUST00003491,BR0013,SALARY,CLOSED,10/3/2021,NPR,1/1/2026
ACC0000000889,CUST00002732,BR0025,WALLET,ACTIVE,12/14/2025,NPR,1/1/2026
ACC0000000890,CUST00001808,BR0029,SAVINGS,BLOCKED,12/24/2023,NPR,1/1/2026
ACC0000000891,CUST00001402,BR0014,LOAN,ACTIVE,4/9/2022,NPR,1/1/2026
ACC0000000892,CUST00004664,BR0036,LOAN,ACTIVE,7/4/2020,NPR,1/1/2026
ACC0000000893,CUST00003359,BR0032,LOAN,ACTIVE,12/14/2021,NPR,1/1/2026
ACC0000000894,CUST00001126,BR0002,SALARY,ACTIVE,8/25/2025,NPR,1/1/2026
ACC0000000895,CUST00001333,BR0009,SAVINGS,ACTIVE,11/21/2023,NPR,1/1/2026
ACC0000000896,CUST00002488,BR0006,CURRENT,ACTIVE,1/4/2021,NPR,1/1/2026
ACC0000000897,CUST00002900,BR0018,CURRENT,DORMANT,3/27/2024,NPR,1/1/2026
ACC0000000898,CUST00002594,BR0031,LOAN,ACTIVE,2/22/2022,NPR,1/1/2026
ACC0000000899,CUST00004084,BR0040,LOAN,ACTIVE,10/22/2022,NPR,1/1/2026
ACC0000000900,CUST00001320,BR0002,SALARY,ACTIVE,11/9/2019,NPR,1/1/2026
ACC0000000901,CUST00000730,BR0009,CURRENT,ACTIVE,8/10/2023,NPR,1/1/2026
ACC0000000902,CUST00002227,BR0032,SALARY,ACTIVE,1/27/2024,NPR,1/1/2026
ACC0000000903,CUST00004358,BR0011,SAVINGS,ACTIVE,7/25/2025,NPR,1/1/2026
ACC0000000904,CUST00001008,BR0031,SAVINGS,ACTIVE,11/4/2025,NPR,1/1/2026
ACC0000000905,CUST00002652,BR0004,WALLET,ACTIVE,4/11/2025,NPR,1/1/2026
ACC0000000906,CUST00001792,BR0008,CURRENT,ACTIVE,1/4/2020,NPR,1/1/2026
ACC0000000907,CUST00004843,BR0028,LOAN,ACTIVE,4/1/2020,NPR,1/1/2026
ACC0000000908,CUST00000661,BR0028,SALARY,ACTIVE,6/26/2022,NPR,1/1/2026
ACC0000000909,CUST00000072,BR0013,SALARY,ACTIVE,12/1/2025,NPR,1/1/2026
ACC0000000910,CUST00001738,BR0034,SALARY,ACTIVE,7/7/2020,NPR,1/1/2026
ACC0000000911,CUST00001600,BR0028,WALLET,ACTIVE,3/28/2021,NPR,1/1/2026
ACC0000000912,CUST00004871,BR0020,SAVINGS,ACTIVE,12/15/2021,NPR,1/1/2026
ACC0000000913,CUST00004412,BR0020,LOAN,ACTIVE,11/8/2025,NPR,1/1/2026
ACC0000000914,CUST00002631,BR0016,SAVINGS,ACTIVE,3/20/2025,NPR,1/1/2026
ACC0000000915,CUST00002736,BR0038,WALLET,ACTIVE,11/20/2019,NPR,1/1/2026
ACC0000000916,CUST00003204,BR0028,SAVINGS,ACTIVE,3/28/2022,NPR,1/1/2026
ACC0000000917,CUST00003549,BR0034,LOAN,ACTIVE,10/16/2025,NPR,1/1/2026
ACC0000000918,CUST00002828,BR0023,WALLET,ACTIVE,3/5/2019,NPR,1/1/2026
ACC0000000919,CUST00004247,BR0005,CURRENT,ACTIVE,10/23/2019,NPR,1/1/2026
ACC0000000920,CUST00003045,BR0013,LOAN,ACTIVE,3/24/2023,NPR,1/1/2026
ACC0000000921,CUST00001654,BR0029,CURRENT,ACTIVE,9/18/2022,NPR,1/1/2026
ACC0000000922,CUST00000176,BR0016,CURRENT,ACTIVE,5/14/2023,NPR,1/1/2026
ACC0000000923,CUST00002347,BR0028,LOAN,ACTIVE,8/23/2022,NPR,1/1/2026
ACC0000000924,CUST00001884,BR0008,SAVINGS,ACTIVE,8/17/2025,NPR,1/1/2026
ACC0000000925,CUST00004137,BR0011,LOAN,CLOSED,10/22/2020,NPR,1/1/2026
ACC0000000926,CUST00004824,BR0026,LOAN,ACTIVE,6/9/2021,NPR,1/1/2026
ACC0000000927,CUST00002978,BR0008,WALLET,ACTIVE,7/2/2024,NPR,1/1/2026
ACC0000000928,CUST00002803,BR0028,SALARY,ACTIVE,10/21/2025,NPR,1/1/2026
ACC0000000929,CUST00001479,BR0001,WALLET,ACTIVE,12/1/2022,NPR,1/1/2026
ACC0000000930,CUST00003686,BR0027,SALARY,CLOSED,12/27/2023,NPR,1/1/2026
ACC0000000931,CUST00001131,BR0011,CURRENT,ACTIVE,2/15/2020,NPR,1/1/2026
ACC0000000932,CUST00002420,BR0020,CURRENT,ACTIVE,11/1/2025,NPR,1/1/2026
ACC0000000933,CUST00001549,BR0036,SAVINGS,DORMANT,11/25/2025,NPR,1/1/2026
ACC0000000934,CUST00001456,BR0008,CURRENT,ACTIVE,11/22/2025,NPR,1/1/2026
ACC0000000935,CUST00004580,BR0013,SAVINGS,ACTIVE,7/5/2019,NPR,1/1/2026
ACC0000000936,CUST00001607,BR0016,CURRENT,ACTIVE,1/19/2024,NPR,1/1/2026
ACC0000000937,CUST00004589,BR0013,SALARY,ACTIVE,12/8/2022,NPR,1/1/2026
ACC0000000938,CUST00003139,BR0008,SALARY,ACTIVE,3/18/2023,NPR,1/1/2026
ACC0000000939,CUST00004925,BR0029,SALARY,ACTIVE,3/3/2025,NPR,1/1/2026
ACC0000000940,CUST00002319,BR0025,SAVINGS,ACTIVE,9/23/2020,NPR,1/1/2026
ACC0000000941,CUST00001201,BR0017,CURRENT,DORMANT,5/14/2023,NPR,1/1/2026
ACC0000000942,CUST00000662,BR0039,LOAN,ACTIVE,8/13/2025,NPR,1/1/2026
ACC0000000943,CUST00001910,BR0035,SALARY,ACTIVE,4/29/2025,NPR,1/1/2026
ACC0000000944,CUST00002505,BR0027,SALARY,ACTIVE,8/10/2021,NPR,1/1/2026
ACC0000000945,CUST00004389,BR0016,CURRENT,DORMANT,6/3/2022,NPR,1/1/2026
ACC0000000946,CUST00003810,BR0037,WALLET,ACTIVE,9/10/2019,NPR,1/1/2026
ACC0000000947,CUST00001935,BR0036,LOAN,ACTIVE,11/13/2023,NPR,1/1/2026
ACC0000000948,CUST00001647,BR0028,CURRENT,ACTIVE,3/23/2021,NPR,1/1/2026
ACC0000000949,CUST00002856,BR0014,SAVINGS,ACTIVE,4/17/2024,NPR,1/1/2026
ACC0000000950,CUST00000917,BR0014,CURRENT,ACTIVE,3/31/2025,NPR,1/1/2026
ACC0000000951,CUST00002083,BR0031,SAVINGS,ACTIVE,1/18/2021,NPR,1/1/2026
ACC0000000952,CUST00000889,BR0006,LOAN,ACTIVE,6/14/2025,NPR,1/1/2026
ACC0000000953,CUST00003469,BR0032,WALLET,ACTIVE,12/15/2023,NPR,1/1/2026
ACC0000000954,CUST00004261,BR0013,CURRENT,ACTIVE,2/9/2023,NPR,1/1/2026
ACC0000000955,CUST00003532,BR0038,CURRENT,ACTIVE,3/21/2025,NPR,1/1/2026
ACC0000000956,CUST00003242,BR0025,SALARY,ACTIVE,11/17/2023,NPR,1/1/2026
ACC0000000957,CUST00001443,BR0019,WALLET,ACTIVE,9/12/2021,NPR,1/1/2026
ACC0000000958,CUST00002847,BR0008,LOAN,ACTIVE,7/17/2025,NPR,1/1/2026
ACC0000000959,CUST00004014,BR0024,WALLET,ACTIVE,3/29/2023,NPR,1/1/2026
ACC0000000960,CUST00001272,BR0012,SAVINGS,ACTIVE,3/6/2020,NPR,1/1/2026
ACC0000000961,CUST00001076,BR0018,LOAN,ACTIVE,3/2/2019,NPR,1/1/2026
ACC0000000962,CUST00004382,BR0007,LOAN,ACTIVE,8/31/2025,NPR,1/1/2026
ACC0000000963,CUST00000076,BR0032,SALARY,ACTIVE,4/3/2024,NPR,1/1/2026
ACC0000000964,CUST00001171,BR0031,WALLET,CLOSED,9/14/2019,NPR,1/1/2026
ACC0000000965,CUST00003894,BR0018,WALLET,ACTIVE,12/26/2019,NPR,1/1/2026
ACC0000000966,CUST00000863,BR0013,WALLET,ACTIVE,7/24/2025,NPR,1/1/2026
ACC0000000967,CUST00001737,BR0007,CURRENT,ACTIVE,6/14/2022,NPR,1/1/2026
ACC0000000968,CUST00002754,BR0015,SAVINGS,ACTIVE,5/7/2021,NPR,1/1/2026
ACC0000000969,CUST00000643,BR0014,CURRENT,DORMANT,7/28/2023,NPR,1/1/2026
ACC0000000970,CUST00001416,BR0003,WALLET,ACTIVE,5/12/2019,NPR,1/1/2026
ACC0000000971,CUST00004797,BR0003,SALARY,ACTIVE,5/11/2024,NPR,1/1/2026
ACC0000000972,CUST00002465,BR0039,CURRENT,ACTIVE,5/22/2023,NPR,1/1/2026
ACC0000000973,CUST00004666,BR0039,WALLET,ACTIVE,6/22/2023,NPR,1/1/2026
ACC0000000974,CUST00003463,BR0021,CURRENT,ACTIVE,2/27/2024,NPR,1/1/2026
ACC0000000975,CUST00001666,BR0019,CURRENT,ACTIVE,9/25/2020,NPR,1/1/2026
ACC0000000976,CUST00003461,BR0033,CURRENT,ACTIVE,6/13/2021,NPR,1/1/2026
ACC0000000977,CUST00000632,BR0019,CURRENT,ACTIVE,12/21/2021,NPR,1/1/2026
ACC0000000978,CUST00000174,BR0006,LOAN,ACTIVE,11/17/2025,NPR,1/1/2026
ACC0000000979,CUST00000412,BR0038,SAVINGS,ACTIVE,12/29/2020,NPR,1/1/2026
ACC0000000980,CUST00000873,BR0020,SAVINGS,ACTIVE,7/13/2024,NPR,1/1/2026
ACC0000000981,CUST00004021,BR0027,WALLET,ACTIVE,7/26/2022,NPR,1/1/2026
ACC0000000982,CUST00002802,BR0011,SAVINGS,ACTIVE,8/6/2020,NPR,1/1/2026
ACC0000000983,CUST00001038,BR0009,SAVINGS,ACTIVE,11/17/2021,NPR,1/1/2026
ACC0000000984,CUST00001824,BR0003,WALLET,ACTIVE,4/21/2024,NPR,1/1/2026
ACC0000000985,CUST00003684,BR0006,LOAN,ACTIVE,11/13/2020,NPR,1/1/2026
ACC0000000986,CUST00003421,BR0003,WALLET,ACTIVE,10/11/2024,NPR,1/1/2026
ACC0000000987,CUST00004676,BR0037,WALLET,ACTIVE,7/2/2022,NPR,1/1/2026
ACC0000000988,CUST00003292,BR0014,LOAN,ACTIVE,8/14/2025,NPR,1/1/2026
ACC0000000989,CUST00003539,BR0010,SALARY,ACTIVE,6/2/2023,NPR,1/1/2026
ACC0000000990,CUST00002094,BR0032,SALARY,ACTIVE,12/5/2021,NPR,1/1/2026
ACC0000000991,CUST00001119,BR0005,WALLET,ACTIVE,1/6/2022,NPR,1/1/2026
ACC0000000992,CUST00004454,BR0011,WALLET,ACTIVE,8/18/2022,NPR,1/1/2026
ACC0000000993,CUST00000981,BR0002,CURRENT,ACTIVE,6/29/2019,NPR,1/1/2026
ACC0000000994,CUST00003825,BR0026,CURRENT,ACTIVE,6/20/2022,NPR,1/1/2026
ACC0000000995,CUST00000387,BR0003,SALARY,DORMANT,8/1/2021,NPR,1/1/2026
ACC0000000996,CUST00001255,BR0017,CURRENT,DORMANT,6/25/2025,NPR,1/1/2026
ACC0000000997,CUST00001622,BR0035,SAVINGS,ACTIVE,4/2/2022,NPR,1/1/2026
ACC0000000998,CUST00004584,BR0006,CURRENT,ACTIVE,4/18/2019,NPR,1/1/2026
ACC0000000999,CUST00004803,BR0013,SALARY,ACTIVE,8/30/2023,NPR,1/1/2026
ACC0000001000,CUST00003753,BR0026,WALLET,DORMANT,10/6/2021,NPR,1/1/2026
ACC0000001001,CUST00003377,BR0012,LOAN,ACTIVE,8/9/2024,NPR,1/1/2026
ACC0000001002,CUST00001409,BR0034,SALARY,ACTIVE,12/21/2020,NPR,1/1/2026
ACC0000001003,CUST00001038,BR0020,LOAN,CLOSED,5/29/2019,NPR,1/1/2026
ACC0000001004,CUST00002230,BR0014,SALARY,ACTIVE,4/9/2025,NPR,1/1/2026
ACC0000001005,CUST00001221,BR0036,CURRENT,ACTIVE,1/23/2020,NPR,1/1/2026
ACC0000001006,CUST00001195,BR0010,SAVINGS,ACTIVE,12/1/2020,NPR,1/1/2026
ACC0000001007,CUST00000827,BR0037,CURRENT,ACTIVE,11/10/2020,NPR,1/1/2026
ACC0000001008,CUST00002572,BR0007,LOAN,ACTIVE,1/8/2025,NPR,1/1/2026
ACC0000001009,CUST00003108,BR0033,CURRENT,ACTIVE,4/21/2022,NPR,1/1/2026
ACC0000001010,CUST00003789,BR0016,LOAN,ACTIVE,4/22/2022,NPR,1/1/2026
ACC0000001011,CUST00001531,BR0001,SALARY,ACTIVE,7/29/2023,NPR,1/1/2026
ACC0000001012,CUST00001294,BR0030,SALARY,ACTIVE,10/21/2024,NPR,1/1/2026
ACC0000001013,CUST00000016,BR0032,WALLET,ACTIVE,12/8/2020,NPR,1/1/2026
ACC0000001014,CUST00001070,BR0003,LOAN,DORMANT,1/6/2020,NPR,1/1/2026
ACC0000001015,CUST00003207,BR0018,LOAN,CLOSED,9/14/2019,NPR,1/1/2026
ACC0000001016,CUST00003329,BR0018,LOAN,ACTIVE,5/19/2019,NPR,1/1/2026
ACC0000001017,CUST00004784,BR0018,SAVINGS,ACTIVE,8/26/2019,NPR,1/1/2026
ACC0000001018,CUST00000929,BR0030,LOAN,ACTIVE,12/19/2020,NPR,1/1/2026
ACC0000001019,CUST00001922,BR0034,WALLET,DORMANT,6/23/2022,NPR,1/1/2026
ACC0000001020,CUST00002311,BR0015,WALLET,ACTIVE,2/28/2019,NPR,1/1/2026
ACC0000001021,CUST00002597,BR0005,SALARY,ACTIVE,1/28/2022,NPR,1/1/2026
ACC0000001022,CUST00001701,BR0025,SAVINGS,ACTIVE,12/8/2025,NPR,1/1/2026
ACC0000001023,CUST00004374,BR0022,SAVINGS,ACTIVE,9/29/2025,NPR,1/1/2026
ACC0000001024,CUST00000624,BR0040,LOAN,ACTIVE,11/12/2020,NPR,1/1/2026
ACC0000001025,CUST00002195,BR0015,CURRENT,ACTIVE,2/26/2023,NPR,1/1/2026
ACC0000001026,CUST00004147,BR0022,WALLET,ACTIVE,2/24/2021,NPR,1/1/2026
ACC0000001027,CUST00002685,BR0030,SALARY,DORMANT,2/18/2022,NPR,1/1/2026
ACC0000001028,CUST00004858,BR0016,LOAN,ACTIVE,7/24/2023,NPR,1/1/2026
ACC0000001029,CUST00001160,BR0030,LOAN,ACTIVE,9/25/2024,NPR,1/1/2026
ACC0000001030,CUST00000820,BR0039,SALARY,ACTIVE,7/26/2021,NPR,1/1/2026
ACC0000001031,CUST00000130,BR0014,SAVINGS,ACTIVE,12/18/2024,NPR,1/1/2026
ACC0000001032,CUST00000825,BR0036,CURRENT,ACTIVE,4/4/2022,NPR,1/1/2026
ACC0000001033,CUST00001764,BR0001,SAVINGS,ACTIVE,8/9/2022,NPR,1/1/2026
ACC0000001034,CUST00002160,BR0039,SALARY,CLOSED,2/3/2020,NPR,1/1/2026
ACC0000001035,CUST00004740,BR0020,WALLET,DORMANT,12/23/2019,NPR,1/1/2026
ACC0000001036,CUST00003503,BR0040,SALARY,ACTIVE,1/28/2024,NPR,1/1/2026
ACC0000001037,CUST00001968,BR0002,SAVINGS,ACTIVE,10/26/2024,NPR,1/1/2026
ACC0000001038,CUST00002800,BR0036,LOAN,ACTIVE,10/6/2023,NPR,1/1/2026
ACC0000001039,CUST00004219,BR0031,WALLET,ACTIVE,12/8/2022,NPR,1/1/2026
ACC0000001040,CUST00004152,BR0016,LOAN,ACTIVE,8/16/2022,NPR,1/1/2026
ACC0000001041,CUST00004492,BR0009,WALLET,ACTIVE,11/6/2019,NPR,1/1/2026
ACC0000001042,CUST00001086,BR0005,WALLET,ACTIVE,1/10/2024,NPR,1/1/2026
ACC0000001043,CUST00001886,BR0007,SAVINGS,ACTIVE,10/31/2020,NPR,1/1/2026
ACC0000001044,CUST00002743,BR0030,WALLET,ACTIVE,6/27/2020,NPR,1/1/2026
ACC0000001045,CUST00001943,BR0013,CURRENT,ACTIVE,9/14/2024,NPR,1/1/2026
ACC0000001046,CUST00004397,BR0033,WALLET,ACTIVE,9/9/2024,NPR,1/1/2026
ACC0000001047,CUST00001742,BR0015,LOAN,ACTIVE,8/4/2019,NPR,1/1/2026
ACC0000001048,CUST00001822,BR0035,SALARY,ACTIVE,10/28/2020,NPR,1/1/2026
ACC0000001049,CUST00001328,BR0020,SAVINGS,ACTIVE,12/13/2023,NPR,1/1/2026
ACC0000001050,CUST00001177,BR0018,SALARY,ACTIVE,12/11/2021,NPR,1/1/2026
ACC0000001051,CUST00003117,BR0033,LOAN,ACTIVE,12/24/2024,NPR,1/1/2026
ACC0000001052,CUST00001340,BR0033,SAVINGS,ACTIVE,5/15/2021,NPR,1/1/2026
ACC0000001053,CUST00003363,BR0040,CURRENT,ACTIVE,1/4/2021,NPR,1/1/2026
ACC0000001054,CUST00003792,BR0007,SALARY,ACTIVE,8/28/2019,NPR,1/1/2026
ACC0000001055,CUST00002622,BR0025,LOAN,ACTIVE,8/29/2020,NPR,1/1/2026
ACC0000001056,CUST00000955,BR0034,SAVINGS,ACTIVE,11/4/2020,NPR,1/1/2026
ACC0000001057,CUST00003903,BR0011,CURRENT,ACTIVE,12/13/2020,NPR,1/1/2026
ACC0000001058,CUST00004136,BR0031,LOAN,ACTIVE,6/19/2025,NPR,1/1/2026
ACC0000001059,CUST00002269,BR0019,SAVINGS,ACTIVE,11/15/2024,NPR,1/1/2026
ACC0000001060,CUST00002659,BR0001,SAVINGS,ACTIVE,12/27/2022,NPR,1/1/2026
ACC0000001061,CUST00000957,BR0008,LOAN,ACTIVE,5/6/2025,NPR,1/1/2026
ACC0000001062,CUST00000201,BR0031,SAVINGS,CLOSED,1/7/2020,NPR,1/1/2026
ACC0000001063,CUST00000141,BR0014,CURRENT,ACTIVE,7/12/2025,NPR,1/1/2026
ACC0000001064,CUST00000620,BR0028,LOAN,ACTIVE,6/5/2024,NPR,1/1/2026
ACC0000001065,CUST00000262,BR0035,WALLET,ACTIVE,8/15/2025,NPR,1/1/2026
ACC0000001066,CUST00003671,BR0002,CURRENT,DORMANT,11/5/2023,NPR,1/1/2026
ACC0000001067,CUST00001396,BR0040,WALLET,ACTIVE,3/31/2019,NPR,1/1/2026
ACC0000001068,CUST00004530,BR0016,WALLET,ACTIVE,3/11/2023,NPR,1/1/2026
ACC0000001069,CUST00002550,BR0005,WALLET,ACTIVE,9/23/2020,NPR,1/1/2026
ACC0000001070,CUST00000524,BR0001,SALARY,ACTIVE,3/26/2024,NPR,1/1/2026
ACC0000001071,CUST00000157,BR0006,CURRENT,CLOSED,6/10/2022,NPR,1/1/2026
ACC0000001072,CUST00001921,BR0007,CURRENT,ACTIVE,7/17/2019,NPR,1/1/2026
ACC0000001073,CUST00000294,BR0016,WALLET,ACTIVE,5/4/2022,NPR,1/1/2026
ACC0000001074,CUST00004568,BR0005,SALARY,ACTIVE,12/13/2021,NPR,1/1/2026
ACC0000001075,CUST00001031,BR0009,CURRENT,DORMANT,6/10/2020,NPR,1/1/2026
ACC0000001076,CUST00002169,BR0005,CURRENT,CLOSED,3/6/2025,NPR,1/1/2026
ACC0000001077,CUST00001014,BR0007,SALARY,ACTIVE,3/27/2019,NPR,1/1/2026
ACC0000001078,CUST00002502,BR0011,WALLET,DORMANT,4/27/2025,NPR,1/1/2026
ACC0000001079,CUST00002248,BR0023,LOAN,ACTIVE,4/30/2023,NPR,1/1/2026
ACC0000001080,CUST00000463,BR0006,CURRENT,ACTIVE,12/6/2019,NPR,1/1/2026
ACC0000001081,CUST00004923,BR0018,SAVINGS,ACTIVE,6/17/2023,NPR,1/1/2026
ACC0000001082,CUST00000197,BR0010,CURRENT,ACTIVE,6/12/2025,NPR,1/1/2026
ACC0000001083,CUST00000159,BR0004,LOAN,ACTIVE,10/21/2022,NPR,1/1/2026
ACC0000001084,CUST00002585,BR0002,WALLET,ACTIVE,5/31/2019,NPR,1/1/2026
ACC0000001085,CUST00003220,BR0007,CURRENT,ACTIVE,2/25/2025,NPR,1/1/2026
ACC0000001086,CUST00002728,BR0018,LOAN,ACTIVE,6/26/2024,NPR,1/1/2026
ACC0000001087,CUST00000728,BR0028,CURRENT,ACTIVE,6/17/2021,NPR,1/1/2026
ACC0000001088,CUST00000591,BR0029,WALLET,ACTIVE,5/20/2025,NPR,1/1/2026
ACC0000001089,CUST00002029,BR0011,LOAN,ACTIVE,10/3/2022,NPR,1/1/2026
ACC0000001090,CUST00004188,BR0011,LOAN,ACTIVE,5/24/2020,NPR,1/1/2026
ACC0000001091,CUST00001713,BR0038,WALLET,DORMANT,11/21/2020,NPR,1/1/2026
ACC0000001092,CUST00004060,BR0029,CURRENT,ACTIVE,6/15/2022,NPR,1/1/2026
ACC0000001093,CUST00002118,BR0038,WALLET,ACTIVE,9/23/2021,NPR,1/1/2026
ACC0000001094,CUST00001617,BR0019,CURRENT,ACTIVE,1/4/2023,NPR,1/1/2026
ACC0000001095,CUST00003690,BR0023,WALLET,ACTIVE,4/20/2019,NPR,1/1/2026
ACC0000001096,CUST00001066,BR0018,LOAN,DORMANT,7/29/2020,NPR,1/1/2026
ACC0000001097,CUST00000638,BR0020,WALLET,ACTIVE,11/6/2021,NPR,1/1/2026
ACC0000001098,CUST00000467,BR0030,CURRENT,ACTIVE,1/3/2022,NPR,1/1/2026
ACC0000001099,CUST00000717,BR0002,SALARY,ACTIVE,5/20/2020,NPR,1/1/2026
ACC0000001100,CUST00000589,BR0005,CURRENT,ACTIVE,9/18/2019,NPR,1/1/2026
ACC0000001101,CUST00003477,BR0024,WALLET,ACTIVE,2/1/2020,NPR,1/1/2026
ACC0000001102,CUST00000764,BR0023,SAVINGS,CLOSED,12/10/2024,NPR,1/1/2026
ACC0000001103,CUST00001309,BR0020,LOAN,ACTIVE,10/11/2019,NPR,1/1/2026
ACC0000001104,CUST00002713,BR0038,LOAN,ACTIVE,2/14/2022,NPR,1/1/2026
ACC0000001105,CUST00004048,BR0013,SAVINGS,ACTIVE,1/7/2024,NPR,1/1/2026
ACC0000001106,CUST00002051,BR0028,CURRENT,ACTIVE,11/23/2019,NPR,1/1/2026
ACC0000001107,CUST00004065,BR0024,CURRENT,ACTIVE,5/13/2021,NPR,1/1/2026
ACC0000001108,CUST00000249,BR0011,SALARY,ACTIVE,3/5/2020,NPR,1/1/2026
ACC0000001109,CUST00002242,BR0013,SAVINGS,ACTIVE,6/27/2019,NPR,1/1/2026
ACC0000001110,CUST00003552,BR0010,WALLET,ACTIVE,11/11/2020,NPR,1/1/2026
ACC0000001111,CUST00001250,BR0017,WALLET,ACTIVE,5/21/2025,NPR,1/1/2026
ACC0000001112,CUST00003866,BR0012,LOAN,ACTIVE,11/11/2024,NPR,1/1/2026
ACC0000001113,CUST00000856,BR0017,CURRENT,CLOSED,10/4/2024,NPR,1/1/2026
ACC0000001114,CUST00004700,BR0012,SALARY,ACTIVE,7/6/2021,NPR,1/1/2026
ACC0000001115,CUST00003695,BR0021,SAVINGS,ACTIVE,10/7/2022,NPR,1/1/2026
ACC0000001116,CUST00003491,BR0023,WALLET,ACTIVE,5/17/2019,NPR,1/1/2026
ACC0000001117,CUST00001009,BR0009,SAVINGS,ACTIVE,8/2/2024,NPR,1/1/2026
ACC0000001118,CUST00000436,BR0023,SALARY,ACTIVE,2/26/2021,NPR,1/1/2026
ACC0000001119,CUST00003508,BR0008,SAVINGS,ACTIVE,6/12/2025,NPR,1/1/2026
ACC0000001120,CUST00004815,BR0037,SALARY,ACTIVE,2/11/2020,NPR,1/1/2026
ACC0000001121,CUST00002001,BR0023,CURRENT,ACTIVE,5/9/2019,NPR,1/1/2026
ACC0000001122,CUST00002571,BR0016,SALARY,ACTIVE,10/5/2023,NPR,1/1/2026
ACC0000001123,CUST00001424,BR0036,SAVINGS,ACTIVE,5/3/2019,NPR,1/1/2026
ACC0000001124,CUST00001950,BR0023,SALARY,DORMANT,12/29/2022,NPR,1/1/2026
ACC0000001125,CUST00002566,BR0019,CURRENT,ACTIVE,12/12/2020,NPR,1/1/2026
ACC0000001126,CUST00003448,BR0029,LOAN,ACTIVE,11/26/2024,NPR,1/1/2026
ACC0000001127,CUST00002670,BR0021,SALARY,ACTIVE,9/28/2023,NPR,1/1/2026
ACC0000001128,CUST00003438,BR0003,SAVINGS,ACTIVE,11/2/2025,NPR,1/1/2026
ACC0000001129,CUST00003497,BR0013,WALLET,ACTIVE,5/28/2024,NPR,1/1/2026
ACC0000001130,CUST00003418,BR0020,WALLET,ACTIVE,4/27/2024,NPR,1/1/2026
ACC0000001131,CUST00003548,BR0028,SALARY,ACTIVE,11/18/2023,NPR,1/1/2026
ACC0000001132,CUST00003424,BR0027,SALARY,ACTIVE,12/26/2019,NPR,1/1/2026
ACC0000001133,CUST00000345,BR0028,SALARY,ACTIVE,12/24/2021,NPR,1/1/2026
ACC0000001134,CUST00002629,BR0038,WALLET,ACTIVE,1/30/2025,NPR,1/1/2026
ACC0000001135,CUST00004044,BR0016,CURRENT,ACTIVE,12/17/2022,NPR,1/1/2026
ACC0000001136,CUST00002989,BR0005,WALLET,ACTIVE,12/30/2020,NPR,1/1/2026
ACC0000001137,CUST00003842,BR0024,SALARY,ACTIVE,10/17/2023,NPR,1/1/2026
ACC0000001138,CUST00003875,BR0006,WALLET,ACTIVE,11/1/2024,NPR,1/1/2026
ACC0000001139,CUST00004607,BR0004,WALLET,ACTIVE,7/27/2025,NPR,1/1/2026
ACC0000001140,CUST00001130,BR0001,CURRENT,ACTIVE,9/26/2019,NPR,1/1/2026
ACC0000001141,CUST00002199,BR0019,WALLET,ACTIVE,6/8/2022,NPR,1/1/2026
ACC0000001142,CUST00003200,BR0028,SAVINGS,ACTIVE,1/1/2023,NPR,1/1/2026
ACC0000001143,CUST00003211,BR0015,CURRENT,ACTIVE,3/11/2019,NPR,1/1/2026
ACC0000001144,CUST00004973,BR0019,WALLET,ACTIVE,10/3/2024,NPR,1/1/2026
ACC0000001145,CUST00002219,BR0017,WALLET,ACTIVE,7/28/2024,NPR,1/1/2026
ACC0000001146,CUST00004251,BR0014,SAVINGS,ACTIVE,8/29/2025,NPR,1/1/2026
ACC0000001147,CUST00002992,BR0010,SALARY,ACTIVE,9/10/2023,NPR,1/1/2026
ACC0000001148,CUST00002915,BR0006,SAVINGS,ACTIVE,5/16/2020,NPR,1/1/2026
ACC0000001149,CUST00001296,BR0029,CURRENT,ACTIVE,6/4/2019,NPR,1/1/2026
ACC0000001150,CUST00001302,BR0017,CURRENT,ACTIVE,3/21/2021,NPR,1/1/2026
ACC0000001151,CUST00004772,BR0029,LOAN,DORMANT,6/4/2022,NPR,1/1/2026
ACC0000001152,CUST00000236,BR0013,LOAN,DORMANT,4/25/2022,NPR,1/1/2026
ACC0000001153,CUST00004018,BR0007,CURRENT,ACTIVE,6/20/2025,NPR,1/1/2026
ACC0000001154,CUST00000162,BR0012,SALARY,ACTIVE,2/6/2022,NPR,1/1/2026
ACC0000001155,CUST00003978,BR0006,CURRENT,ACTIVE,5/8/2019,NPR,1/1/2026
ACC0000001156,CUST00002945,BR0023,WALLET,ACTIVE,11/27/2025,NPR,1/1/2026
ACC0000001157,CUST00002459,BR0022,SAVINGS,ACTIVE,2/6/2024,NPR,1/1/2026
ACC0000001158,CUST00002394,BR0035,SAVINGS,ACTIVE,8/19/2019,NPR,1/1/2026
ACC0000001159,CUST00000889,BR0017,CURRENT,ACTIVE,2/27/2024,NPR,1/1/2026
ACC0000001160,CUST00004692,BR0001,SALARY,ACTIVE,2/18/2025,NPR,1/1/2026
ACC0000001161,CUST00001715,BR0023,WALLET,ACTIVE,10/29/2022,NPR,1/1/2026
ACC0000001162,CUST00000949,BR0027,WALLET,DORMANT,11/27/2019,NPR,1/1/2026
ACC0000001163,CUST00002450,BR0027,CURRENT,ACTIVE,1/27/2024,NPR,1/1/2026
ACC0000001164,CUST00001876,BR0019,LOAN,ACTIVE,6/29/2021,NPR,1/1/2026
ACC0000001165,CUST00004825,BR0002,SALARY,ACTIVE,2/20/2022,NPR,1/1/2026
ACC0000001166,CUST00003218,BR0024,SALARY,ACTIVE,1/11/2020,NPR,1/1/2026
ACC0000001167,CUST00002690,BR0011,LOAN,ACTIVE,2/24/2025,NPR,1/1/2026
ACC0000001168,CUST00002255,BR0013,LOAN,ACTIVE,9/12/2022,NPR,1/1/2026
ACC0000001169,CUST00004011,BR0016,WALLET,ACTIVE,7/7/2022,NPR,1/1/2026
ACC0000001170,CUST00002576,BR0039,LOAN,ACTIVE,5/10/2019,NPR,1/1/2026
ACC0000001171,CUST00003564,BR0002,SALARY,ACTIVE,8/15/2025,NPR,1/1/2026
ACC0000001172,CUST00001628,BR0031,CURRENT,ACTIVE,6/12/2025,NPR,1/1/2026
ACC0000001173,CUST00002052,BR0029,LOAN,ACTIVE,7/20/2025,NPR,1/1/2026
ACC0000001174,CUST00004962,BR0037,CURRENT,ACTIVE,12/25/2019,NPR,1/1/2026
ACC0000001175,CUST00002739,BR0011,SALARY,ACTIVE,12/2/2023,NPR,1/1/2026
ACC0000001176,CUST00001594,BR0006,SAVINGS,ACTIVE,11/14/2025,NPR,1/1/2026
ACC0000001177,CUST00001908,BR0038,CURRENT,ACTIVE,11/18/2022,NPR,1/1/2026
ACC0000001178,CUST00004803,BR0029,CURRENT,ACTIVE,7/31/2021,NPR,1/1/2026
ACC0000001179,CUST00003963,BR0029,CURRENT,ACTIVE,3/27/2025,NPR,1/1/2026
ACC0000001180,CUST00001240,BR0019,SALARY,ACTIVE,9/20/2025,NPR,1/1/2026
ACC0000001181,CUST00003922,BR0015,SALARY,ACTIVE,12/31/2023,NPR,1/1/2026
ACC0000001182,CUST00003814,BR0008,SAVINGS,ACTIVE,6/23/2024,NPR,1/1/2026
ACC0000001183,CUST00002629,BR0018,WALLET,ACTIVE,3/7/2019,NPR,1/1/2026
ACC0000001184,CUST00002569,BR0026,SALARY,ACTIVE,5/31/2025,NPR,1/1/2026
ACC0000001185,CUST00003663,BR0035,SALARY,ACTIVE,5/25/2019,NPR,1/1/2026
ACC0000001186,CUST00000191,BR0002,SAVINGS,ACTIVE,6/27/2023,NPR,1/1/2026
ACC0000001187,CUST00001897,BR0007,LOAN,ACTIVE,11/2/2019,NPR,1/1/2026
ACC0000001188,CUST00004760,BR0013,SAVINGS,DORMANT,12/20/2021,NPR,1/1/2026
ACC0000001189,CUST00000465,BR0028,LOAN,ACTIVE,7/23/2020,NPR,1/1/2026
ACC0000001190,CUST00000580,BR0005,LOAN,ACTIVE,9/4/2024,NPR,1/1/2026
ACC0000001191,CUST00001027,BR0038,CURRENT,ACTIVE,1/20/2023,NPR,1/1/2026
ACC0000001192,CUST00003921,BR0036,WALLET,ACTIVE,4/24/2019,NPR,1/1/2026
ACC0000001193,CUST00003505,BR0033,LOAN,ACTIVE,5/23/2020,NPR,1/1/2026
ACC0000001194,CUST00003062,BR0038,LOAN,ACTIVE,2/3/2020,NPR,1/1/2026
ACC0000001195,CUST00004913,BR0024,CURRENT,ACTIVE,8/9/2025,NPR,1/1/2026
ACC0000001196,CUST00001727,BR0039,LOAN,ACTIVE,11/18/2019,NPR,1/1/2026
ACC0000001197,CUST00001346,BR0038,SALARY,ACTIVE,1/23/2023,NPR,1/1/2026
ACC0000001198,CUST00000151,BR0024,WALLET,ACTIVE,1/26/2021,NPR,1/1/2026
ACC0000001199,CUST00000656,BR0010,CURRENT,CLOSED,6/21/2020,NPR,1/1/2026
ACC0000001200,CUST00003618,BR0011,CURRENT,ACTIVE,11/7/2022,NPR,1/1/2026
ACC0000001201,CUST00003161,BR0024,CURRENT,ACTIVE,8/22/2022,NPR,1/1/2026
ACC0000001202,CUST00003105,BR0020,SALARY,ACTIVE,4/5/2019,NPR,1/1/2026
ACC0000001203,CUST00001441,BR0035,SALARY,DORMANT,3/8/2023,NPR,1/1/2026
ACC0000001204,CUST00004810,BR0029,LOAN,ACTIVE,3/24/2021,NPR,1/1/2026
ACC0000001205,CUST00001941,BR0030,LOAN,ACTIVE,1/6/2022,NPR,1/1/2026
ACC0000001206,CUST00001038,BR0024,WALLET,ACTIVE,10/23/2020,NPR,1/1/2026
ACC0000001207,CUST00001710,BR0031,LOAN,ACTIVE,11/9/2023,NPR,1/1/2026
ACC0000001208,CUST00002312,BR0025,CURRENT,ACTIVE,12/24/2021,NPR,1/1/2026
ACC0000001209,CUST00000521,BR0007,SAVINGS,ACTIVE,4/6/2022,NPR,1/1/2026
ACC0000001210,CUST00002294,BR0032,CURRENT,ACTIVE,3/17/2021,NPR,1/1/2026
ACC0000001211,CUST00000923,BR0009,CURRENT,ACTIVE,2/6/2021,NPR,1/1/2026
ACC0000001212,CUST00004896,BR0030,SAVINGS,ACTIVE,6/30/2022,NPR,1/1/2026
ACC0000001213,CUST00004106,BR0034,LOAN,CLOSED,8/17/2022,NPR,1/1/2026
ACC0000001214,CUST00000763,BR0020,LOAN,ACTIVE,11/12/2019,NPR,1/1/2026
ACC0000001215,CUST00002272,BR0009,SAVINGS,ACTIVE,3/11/2024,NPR,1/1/2026
ACC0000001216,CUST00004608,BR0018,SAVINGS,ACTIVE,7/5/2022,NPR,1/1/2026
ACC0000001217,CUST00002048,BR0019,WALLET,ACTIVE,5/11/2020,NPR,1/1/2026
ACC0000001218,CUST00004458,BR0024,WALLET,ACTIVE,2/27/2023,NPR,1/1/2026
ACC0000001219,CUST00001870,BR0038,CURRENT,ACTIVE,7/21/2025,NPR,1/1/2026
ACC0000001220,CUST00000673,BR0035,CURRENT,ACTIVE,7/28/2025,NPR,1/1/2026
ACC0000001221,CUST00001043,BR0016,SAVINGS,ACTIVE,12/20/2020,NPR,1/1/2026
ACC0000001222,CUST00000375,BR0019,CURRENT,ACTIVE,5/19/2020,NPR,1/1/2026
ACC0000001223,CUST00002724,BR0037,SAVINGS,ACTIVE,3/1/2019,NPR,1/1/2026
ACC0000001224,CUST00001054,BR0010,CURRENT,ACTIVE,9/19/2023,NPR,1/1/2026
ACC0000001225,CUST00003789,BR0038,CURRENT,DORMANT,12/20/2022,NPR,1/1/2026
ACC0000001226,CUST00002272,BR0036,CURRENT,ACTIVE,4/3/2023,NPR,1/1/2026
ACC0000001227,CUST00001096,BR0002,LOAN,ACTIVE,8/7/2023,NPR,1/1/2026
ACC0000001228,CUST00000521,BR0021,WALLET,DORMANT,2/23/2024,NPR,1/1/2026
ACC0000001229,CUST00000330,BR0018,SALARY,ACTIVE,6/15/2022,NPR,1/1/2026
ACC0000001230,CUST00002921,BR0039,LOAN,ACTIVE,5/10/2024,NPR,1/1/2026
ACC0000001231,CUST00002665,BR0025,CURRENT,ACTIVE,11/10/2022,NPR,1/1/2026
ACC0000001232,CUST00001473,BR0004,SAVINGS,ACTIVE,4/6/2021,NPR,1/1/2026
ACC0000001233,CUST00004934,BR0007,SALARY,ACTIVE,6/28/2019,NPR,1/1/2026
ACC0000001234,CUST00002543,BR0040,SALARY,DORMANT,3/11/2022,NPR,1/1/2026
ACC0000001235,CUST00001456,BR0017,SALARY,ACTIVE,8/25/2019,NPR,1/1/2026
ACC0000001236,CUST00004351,BR0006,CURRENT,ACTIVE,3/19/2021,NPR,1/1/2026
ACC0000001237,CUST00002713,BR0040,SALARY,ACTIVE,7/31/2024,NPR,1/1/2026
ACC0000001238,CUST00004649,BR0003,SALARY,ACTIVE,4/29/2023,NPR,1/1/2026
ACC0000001239,CUST00002287,BR0033,WALLET,ACTIVE,5/23/2024,NPR,1/1/2026
ACC0000001240,CUST00004137,BR0007,SAVINGS,ACTIVE,10/13/2022,NPR,1/1/2026
ACC0000001241,CUST00002865,BR0016,SAVINGS,ACTIVE,5/26/2022,NPR,1/1/2026
ACC0000001242,CUST00000437,BR0032,CURRENT,ACTIVE,6/8/2023,NPR,1/1/2026
ACC0000001243,CUST00002084,BR0017,LOAN,ACTIVE,10/14/2023,NPR,1/1/2026
ACC0000001244,CUST00003590,BR0030,WALLET,ACTIVE,8/14/2021,NPR,1/1/2026
ACC0000001245,CUST00003229,BR0002,SALARY,ACTIVE,1/30/2024,NPR,1/1/2026
ACC0000001246,CUST00002190,BR0026,SAVINGS,ACTIVE,5/29/2023,NPR,1/1/2026
ACC0000001247,CUST00004853,BR0020,WALLET,ACTIVE,3/10/2021,NPR,1/1/2026
ACC0000001248,CUST00004509,BR0016,LOAN,CLOSED,2/21/2024,NPR,1/1/2026
ACC0000001249,CUST00003833,BR0020,SAVINGS,ACTIVE,8/8/2025,NPR,1/1/2026
ACC0000001250,CUST00003135,BR0028,LOAN,ACTIVE,11/17/2020,NPR,1/1/2026
ACC0000001251,CUST00000652,BR0014,LOAN,ACTIVE,10/26/2022,NPR,1/1/2026
ACC0000001252,CUST00002483,BR0020,SAVINGS,CLOSED,5/14/2021,NPR,1/1/2026
ACC0000001253,CUST00003479,BR0022,LOAN,ACTIVE,1/7/2025,NPR,1/1/2026
ACC0000001254,CUST00001676,BR0020,SALARY,DORMANT,5/27/2019,NPR,1/1/2026
ACC0000001255,CUST00002057,BR0019,SALARY,ACTIVE,6/6/2025,NPR,1/1/2026
ACC0000001256,CUST00003402,BR0038,WALLET,ACTIVE,8/7/2021,NPR,1/1/2026
ACC0000001257,CUST00000146,BR0003,SAVINGS,ACTIVE,4/24/2020,NPR,1/1/2026
ACC0000001258,CUST00004105,BR0016,SAVINGS,ACTIVE,9/10/2023,NPR,1/1/2026
ACC0000001259,CUST00000046,BR0025,LOAN,ACTIVE,9/9/2023,NPR,1/1/2026
ACC0000001260,CUST00004256,BR0031,CURRENT,ACTIVE,10/16/2024,NPR,1/1/2026
ACC0000001261,CUST00000676,BR0019,SALARY,ACTIVE,2/21/2023,NPR,1/1/2026
ACC0000001262,CUST00001226,BR0020,CURRENT,ACTIVE,11/26/2024,NPR,1/1/2026
ACC0000001263,CUST00002108,BR0016,WALLET,ACTIVE,3/27/2024,NPR,1/1/2026
ACC0000001264,CUST00000843,BR0004,WALLET,ACTIVE,1/1/2024,NPR,1/1/2026
ACC0000001265,CUST00001861,BR0036,SAVINGS,ACTIVE,11/26/2023,NPR,1/1/2026
ACC0000001266,CUST00003952,BR0010,WALLET,ACTIVE,9/29/2022,NPR,1/1/2026
ACC0000001267,CUST00001683,BR0006,WALLET,ACTIVE,4/18/2019,NPR,1/1/2026
ACC0000001268,CUST00000164,BR0029,LOAN,ACTIVE,8/4/2023,NPR,1/1/2026
ACC0000001269,CUST00001152,BR0008,SALARY,ACTIVE,1/26/2025,NPR,1/1/2026
ACC0000001270,CUST00003894,BR0038,WALLET,ACTIVE,9/26/2023,NPR,1/1/2026
ACC0000001271,CUST00000676,BR0025,WALLET,ACTIVE,9/7/2020,NPR,1/1/2026
ACC0000001272,CUST00000666,BR0025,SALARY,ACTIVE,9/15/2020,NPR,1/1/2026
ACC0000001273,CUST00001678,BR0011,CURRENT,ACTIVE,12/28/2023,NPR,1/1/2026
ACC0000001274,CUST00004032,BR0031,SALARY,ACTIVE,4/5/2019,NPR,1/1/2026
ACC0000001275,CUST00004225,BR0007,LOAN,ACTIVE,7/22/2019,NPR,1/1/2026
ACC0000001276,CUST00000473,BR0015,CURRENT,ACTIVE,2/1/2021,NPR,1/1/2026
ACC0000001277,CUST00000726,BR0039,CURRENT,ACTIVE,12/7/2025,NPR,1/1/2026
ACC0000001278,CUST00002169,BR0003,SALARY,ACTIVE,3/8/2024,NPR,1/1/2026
ACC0000001279,CUST00002243,BR0030,CURRENT,ACTIVE,1/13/2020,NPR,1/1/2026
ACC0000001280,CUST00003391,BR0028,SAVINGS,ACTIVE,11/10/2021,NPR,1/1/2026
ACC0000001281,CUST00003679,BR0021,SAVINGS,ACTIVE,11/7/2020,NPR,1/1/2026
ACC0000001282,CUST00002164,BR0036,LOAN,ACTIVE,4/16/2021,NPR,1/1/2026
ACC0000001283,CUST00003589,BR0028,CURRENT,ACTIVE,12/28/2019,NPR,1/1/2026
ACC0000001284,CUST00001517,BR0024,WALLET,ACTIVE,5/15/2025,NPR,1/1/2026
ACC0000001285,CUST00004019,BR0032,LOAN,DORMANT,7/20/2023,NPR,1/1/2026
ACC0000001286,CUST00002709,BR0039,SAVINGS,ACTIVE,9/23/2020,NPR,1/1/2026
ACC0000001287,CUST00004043,BR0039,SALARY,ACTIVE,10/23/2025,NPR,1/1/2026
ACC0000001288,CUST00004388,BR0039,LOAN,ACTIVE,5/7/2020,NPR,1/1/2026
ACC0000001289,CUST00004492,BR0023,SALARY,ACTIVE,3/22/2023,NPR,1/1/2026
ACC0000001290,CUST00002085,BR0021,CURRENT,ACTIVE,10/13/2021,NPR,1/1/2026
ACC0000001291,CUST00002533,BR0036,WALLET,ACTIVE,2/9/2025,NPR,1/1/2026
ACC0000001292,CUST00001940,BR0017,WALLET,ACTIVE,8/12/2025,NPR,1/1/2026
ACC0000001293,CUST00000248,BR0007,SALARY,ACTIVE,1/20/2021,NPR,1/1/2026
ACC0000001294,CUST00002368,BR0005,SAVINGS,DORMANT,6/28/2022,NPR,1/1/2026
ACC0000001295,CUST00001301,BR0005,SALARY,ACTIVE,9/5/2019,NPR,1/1/2026
ACC0000001296,CUST00001103,BR0004,SALARY,ACTIVE,6/13/2025,NPR,1/1/2026
ACC0000001297,CUST00001298,BR0014,SAVINGS,ACTIVE,1/22/2024,NPR,1/1/2026
ACC0000001298,CUST00000375,BR0018,LOAN,ACTIVE,2/2/2022,NPR,1/1/2026
ACC0000001299,CUST00003376,BR0010,LOAN,ACTIVE,5/8/2019,NPR,1/1/2026
ACC0000001300,CUST00002790,BR0035,SAVINGS,ACTIVE,1/16/2021,NPR,1/1/2026
ACC0000001301,CUST00002801,BR0035,WALLET,ACTIVE,5/15/2021,NPR,1/1/2026
ACC0000001302,CUST00001505,BR0014,WALLET,ACTIVE,11/4/2020,NPR,1/1/2026
ACC0000001303,CUST00003369,BR0019,LOAN,ACTIVE,7/22/2022,NPR,1/1/2026
ACC0000001304,CUST00002208,BR0018,SALARY,ACTIVE,5/26/2020,NPR,1/1/2026
ACC0000001305,CUST00004513,BR0015,CURRENT,BLOCKED,11/3/2019,NPR,1/1/2026
ACC0000001306,CUST00003810,BR0030,WALLET,ACTIVE,8/9/2019,NPR,1/1/2026
ACC0000001307,CUST00001018,BR0016,WALLET,ACTIVE,3/26/2024,NPR,1/1/2026
ACC0000001308,CUST00000529,BR0001,WALLET,ACTIVE,1/1/2022,NPR,1/1/2026
ACC0000001309,CUST00003044,BR0007,SAVINGS,ACTIVE,3/21/2019,NPR,1/1/2026
ACC0000001310,CUST00000642,BR0031,SALARY,ACTIVE,11/18/2021,NPR,1/1/2026
ACC0000001311,CUST00001653,BR0037,CURRENT,ACTIVE,6/9/2023,NPR,1/1/2026
ACC0000001312,CUST00001293,BR0034,SALARY,DORMANT,12/27/2019,NPR,1/1/2026
ACC0000001313,CUST00001999,BR0011,LOAN,ACTIVE,12/27/2025,NPR,1/1/2026
ACC0000001314,CUST00003460,BR0003,CURRENT,ACTIVE,1/16/2025,NPR,1/1/2026
ACC0000001315,CUST00001809,BR0036,SAVINGS,ACTIVE,11/2/2020,NPR,1/1/2026
ACC0000001316,CUST00001244,BR0019,SAVINGS,ACTIVE,1/1/2021,NPR,1/1/2026
ACC0000001317,CUST00002085,BR0008,SALARY,ACTIVE,7/8/2023,NPR,1/1/2026
ACC0000001318,CUST00000507,BR0026,SALARY,ACTIVE,5/29/2023,NPR,1/1/2026
ACC0000001319,CUST00002014,BR0038,WALLET,ACTIVE,1/13/2020,NPR,1/1/2026
ACC0000001320,CUST00003529,BR0009,CURRENT,ACTIVE,11/29/2020,NPR,1/1/2026
ACC0000001321,CUST00000435,BR0033,SALARY,ACTIVE,5/26/2021,NPR,1/1/2026
ACC0000001322,CUST00000266,BR0032,SAVINGS,BLOCKED,12/31/2025,NPR,1/1/2026
ACC0000001323,CUST00003566,BR0019,LOAN,ACTIVE,6/21/2021,NPR,1/1/2026
ACC0000001324,CUST00002012,BR0011,SAVINGS,ACTIVE,4/3/2025,NPR,1/1/2026
ACC0000001325,CUST00000889,BR0007,SAVINGS,ACTIVE,4/28/2023,NPR,1/1/2026
ACC0000001326,CUST00001068,BR0039,SAVINGS,ACTIVE,11/21/2024,NPR,1/1/2026
ACC0000001327,CUST00003493,BR0004,WALLET,ACTIVE,9/28/2022,NPR,1/1/2026
ACC0000001328,CUST00001959,BR0021,SALARY,ACTIVE,4/19/2021,NPR,1/1/2026
ACC0000001329,CUST00003369,BR0009,WALLET,ACTIVE,5/14/2022,NPR,1/1/2026
ACC0000001330,CUST00003261,BR0020,SALARY,ACTIVE,12/15/2024,NPR,1/1/2026
ACC0000001331,CUST00001898,BR0025,LOAN,ACTIVE,9/9/2025,NPR,1/1/2026
ACC0000001332,CUST00001853,BR0007,SALARY,ACTIVE,10/13/2020,NPR,1/1/2026
ACC0000001333,CUST00002435,BR0005,LOAN,ACTIVE,11/23/2021,NPR,1/1/2026
ACC0000001334,CUST00001591,BR0039,WALLET,ACTIVE,4/25/2019,NPR,1/1/2026
ACC0000001335,CUST00002869,BR0004,WALLET,ACTIVE,3/3/2020,NPR,1/1/2026
ACC0000001336,CUST00001956,BR0013,SAVINGS,ACTIVE,9/6/2020,NPR,1/1/2026
ACC0000001337,CUST00000602,BR0011,SAVINGS,ACTIVE,4/8/2025,NPR,1/1/2026
ACC0000001338,CUST00000272,BR0002,CURRENT,ACTIVE,1/18/2022,NPR,1/1/2026
ACC0000001339,CUST00002721,BR0026,SAVINGS,ACTIVE,9/16/2021,NPR,1/1/2026
ACC0000001340,CUST00003764,BR0005,CURRENT,ACTIVE,12/19/2022,NPR,1/1/2026
ACC0000001341,CUST00001097,BR0006,WALLET,ACTIVE,6/17/2025,NPR,1/1/2026
ACC0000001342,CUST00004292,BR0030,SALARY,ACTIVE,4/23/2022,NPR,1/1/2026
ACC0000001343,CUST00004104,BR0032,WALLET,DORMANT,4/28/2023,NPR,1/1/2026
ACC0000001344,CUST00000956,BR0037,WALLET,ACTIVE,5/30/2024,NPR,1/1/2026
ACC0000001345,CUST00004154,BR0011,WALLET,ACTIVE,3/18/2022,NPR,1/1/2026
ACC0000001346,CUST00000437,BR0003,LOAN,ACTIVE,12/22/2022,NPR,1/1/2026
ACC0000001347,CUST00000984,BR0006,SALARY,ACTIVE,3/20/2021,NPR,1/1/2026
ACC0000001348,CUST00003797,BR0023,CURRENT,ACTIVE,7/28/2023,NPR,1/1/2026
ACC0000001349,CUST00003865,BR0025,SALARY,ACTIVE,6/26/2022,NPR,1/1/2026
ACC0000001350,CUST00000127,BR0033,SAVINGS,ACTIVE,11/13/2021,NPR,1/1/2026
ACC0000001351,CUST00000244,BR0004,CURRENT,ACTIVE,10/7/2020,NPR,1/1/2026
ACC0000001352,CUST00000004,BR0018,CURRENT,ACTIVE,1/27/2020,NPR,1/1/2026
ACC0000001353,CUST00000469,BR0029,WALLET,ACTIVE,9/7/2019,NPR,1/1/2026
ACC0000001354,CUST00003657,BR0013,SALARY,ACTIVE,4/24/2023,NPR,1/1/2026
ACC0000001355,CUST00000011,BR0009,SALARY,ACTIVE,10/31/2019,NPR,1/1/2026
ACC0000001356,CUST00000357,BR0018,LOAN,ACTIVE,8/9/2025,NPR,1/1/2026
ACC0000001357,CUST00004249,BR0025,CURRENT,ACTIVE,6/15/2019,NPR,1/1/2026
ACC0000001358,CUST00004729,BR0019,SALARY,ACTIVE,8/12/2021,NPR,1/1/2026
ACC0000001359,CUST00001872,BR0028,CURRENT,ACTIVE,6/1/2025,NPR,1/1/2026
ACC0000001360,CUST00001272,BR0010,SALARY,ACTIVE,2/11/2025,NPR,1/1/2026
ACC0000001361,CUST00003303,BR0014,SALARY,DORMANT,3/2/2025,NPR,1/1/2026
ACC0000001362,CUST00004442,BR0022,SALARY,ACTIVE,3/12/2020,NPR,1/1/2026
ACC0000001363,CUST00000590,BR0030,LOAN,ACTIVE,7/8/2024,NPR,1/1/2026
ACC0000001364,CUST00000443,BR0009,CURRENT,ACTIVE,12/16/2021,NPR,1/1/2026
ACC0000001365,CUST00001475,BR0019,LOAN,ACTIVE,10/28/2022,NPR,1/1/2026
ACC0000001366,CUST00003972,BR0004,CURRENT,ACTIVE,12/18/2021,NPR,1/1/2026
ACC0000001367,CUST00003013,BR0036,WALLET,CLOSED,12/21/2024,NPR,1/1/2026
ACC0000001368,CUST00004815,BR0001,SAVINGS,ACTIVE,8/7/2022,NPR,1/1/2026
ACC0000001369,CUST00001928,BR0038,SALARY,ACTIVE,9/18/2023,NPR,1/1/2026
ACC0000001370,CUST00003757,BR0010,CURRENT,ACTIVE,9/24/2021,NPR,1/1/2026
ACC0000001371,CUST00000499,BR0011,LOAN,ACTIVE,3/31/2021,NPR,1/1/2026
ACC0000001372,CUST00002808,BR0003,SAVINGS,ACTIVE,12/7/2024,NPR,1/1/2026
ACC0000001373,CUST00000343,BR0035,WALLET,DORMANT,5/11/2023,NPR,1/1/2026
ACC0000001374,CUST00002074,BR0003,WALLET,ACTIVE,11/5/2024,NPR,1/1/2026
ACC0000001375,CUST00004718,BR0021,CURRENT,ACTIVE,1/30/2023,NPR,1/1/2026
ACC0000001376,CUST00001236,BR0006,CURRENT,ACTIVE,8/12/2022,NPR,1/1/2026
ACC0000001377,CUST00003733,BR0025,WALLET,ACTIVE,6/21/2021,NPR,1/1/2026
ACC0000001378,CUST00003340,BR0013,WALLET,BLOCKED,6/5/2019,NPR,1/1/2026
ACC0000001379,CUST00004958,BR0032,SAVINGS,ACTIVE,2/17/2024,NPR,1/1/2026
ACC0000001380,CUST00000545,BR0020,LOAN,ACTIVE,5/1/2019,NPR,1/1/2026
ACC0000001381,CUST00003427,BR0029,CURRENT,ACTIVE,4/8/2020,NPR,1/1/2026
ACC0000001382,CUST00004971,BR0030,WALLET,ACTIVE,4/27/2019,NPR,1/1/2026
ACC0000001383,CUST00002445,BR0026,CURRENT,DORMANT,5/10/2019,NPR,1/1/2026
ACC0000001384,CUST00001655,BR0022,SALARY,ACTIVE,3/29/2020,NPR,1/1/2026
ACC0000001385,CUST00003614,BR0021,LOAN,ACTIVE,5/25/2020,NPR,1/1/2026
ACC0000001386,CUST00001228,BR0008,SALARY,ACTIVE,11/6/2024,NPR,1/1/2026
ACC0000001387,CUST00000889,BR0026,SAVINGS,ACTIVE,1/24/2022,NPR,1/1/2026
ACC0000001388,CUST00003039,BR0015,CURRENT,DORMANT,11/3/2020,NPR,1/1/2026
ACC0000001389,CUST00003044,BR0027,WALLET,ACTIVE,3/26/2020,NPR,1/1/2026
ACC0000001390,CUST00002704,BR0037,SAVINGS,ACTIVE,8/9/2019,NPR,1/1/2026
ACC0000001391,CUST00004006,BR0012,LOAN,ACTIVE,9/1/2021,NPR,1/1/2026
ACC0000001392,CUST00000460,BR0002,CURRENT,DORMANT,10/10/2024,NPR,1/1/2026
ACC0000001393,CUST00000572,BR0017,WALLET,CLOSED,12/2/2024,NPR,1/1/2026
ACC0000001394,CUST00000471,BR0013,SALARY,ACTIVE,9/10/2019,NPR,1/1/2026
ACC0000001395,CUST00001662,BR0012,SALARY,ACTIVE,7/16/2020,NPR,1/1/2026
ACC0000001396,CUST00003168,BR0012,LOAN,CLOSED,11/4/2021,NPR,1/1/2026
ACC0000001397,CUST00001470,BR0032,WALLET,BLOCKED,1/23/2021,NPR,1/1/2026
ACC0000001398,CUST00003183,BR0032,CURRENT,DORMANT,8/25/2022,NPR,1/1/2026
ACC0000001399,CUST00002312,BR0016,CURRENT,ACTIVE,11/19/2020,NPR,1/1/2026
ACC0000001400,CUST00003845,BR0025,LOAN,ACTIVE,5/29/2025,NPR,1/1/2026
ACC0000001401,CUST00002800,BR0037,WALLET,ACTIVE,4/3/2023,NPR,1/1/2026
ACC0000001402,CUST00001357,BR0014,SAVINGS,DORMANT,4/25/2023,NPR,1/1/2026
ACC0000001403,CUST00001527,BR0002,CURRENT,DORMANT,6/12/2023,NPR,1/1/2026
ACC0000001404,CUST00001246,BR0023,SAVINGS,ACTIVE,5/3/2022,NPR,1/1/2026
ACC0000001405,CUST00001362,BR0038,LOAN,ACTIVE,5/14/2022,NPR,1/1/2026
ACC0000001406,CUST00002850,BR0018,SALARY,ACTIVE,11/30/2019,NPR,1/1/2026
ACC0000001407,CUST00003292,BR0015,WALLET,ACTIVE,1/22/2020,NPR,1/1/2026
ACC0000001408,CUST00001554,BR0004,SAVINGS,ACTIVE,6/8/2025,NPR,1/1/2026
ACC0000001409,CUST00002000,BR0014,SALARY,ACTIVE,3/25/2023,NPR,1/1/2026
ACC0000001410,CUST00004284,BR0020,SAVINGS,ACTIVE,2/6/2023,NPR,1/1/2026
ACC0000001411,CUST00002944,BR0011,SAVINGS,ACTIVE,12/31/2022,NPR,1/1/2026
ACC0000001412,CUST00002747,BR0018,CURRENT,ACTIVE,4/16/2021,NPR,1/1/2026
ACC0000001413,CUST00003096,BR0021,LOAN,ACTIVE,11/3/2022,NPR,1/1/2026
ACC0000001414,CUST00000788,BR0022,WALLET,DORMANT,7/14/2020,NPR,1/1/2026
ACC0000001415,CUST00004483,BR0030,SALARY,ACTIVE,7/5/2021,NPR,1/1/2026
ACC0000001416,CUST00004436,BR0034,SALARY,ACTIVE,7/11/2021,NPR,1/1/2026
ACC0000001417,CUST00000904,BR0028,WALLET,ACTIVE,5/6/2020,NPR,1/1/2026
ACC0000001418,CUST00000863,BR0020,LOAN,ACTIVE,8/14/2023,NPR,1/1/2026
ACC0000001419,CUST00002122,BR0011,SALARY,ACTIVE,6/9/2025,NPR,1/1/2026
ACC0000001420,CUST00002108,BR0020,SALARY,ACTIVE,1/12/2020,NPR,1/1/2026
ACC0000001421,CUST00001804,BR0008,SAVINGS,ACTIVE,9/22/2021,NPR,1/1/2026
ACC0000001422,CUST00002821,BR0016,WALLET,ACTIVE,4/5/2025,NPR,1/1/2026
ACC0000001423,CUST00000484,BR0029,LOAN,ACTIVE,12/20/2019,NPR,1/1/2026
ACC0000001424,CUST00002463,BR0005,WALLET,ACTIVE,11/12/2024,NPR,1/1/2026
ACC0000001425,CUST00001507,BR0001,SAVINGS,ACTIVE,3/24/2023,NPR,1/1/2026
ACC0000001426,CUST00000270,BR0003,LOAN,ACTIVE,7/19/2021,NPR,1/1/2026
ACC0000001427,CUST00003367,BR0015,SALARY,ACTIVE,5/18/2022,NPR,1/1/2026
ACC0000001428,CUST00003773,BR0030,SAVINGS,ACTIVE,1/18/2021,NPR,1/1/2026
ACC0000001429,CUST00000349,BR0033,SALARY,ACTIVE,4/30/2021,NPR,1/1/2026
ACC0000001430,CUST00000825,BR0003,CURRENT,ACTIVE,7/14/2025,NPR,1/1/2026
ACC0000001431,CUST00003901,BR0003,SAVINGS,ACTIVE,7/22/2020,NPR,1/1/2026
ACC0000001432,CUST00004069,BR0024,SAVINGS,BLOCKED,2/17/2024,NPR,1/1/2026
ACC0000001433,CUST00004900,BR0020,SALARY,ACTIVE,3/3/2024,NPR,1/1/2026
ACC0000001434,CUST00001646,BR0029,SAVINGS,ACTIVE,8/13/2023,NPR,1/1/2026
ACC0000001435,CUST00001168,BR0030,WALLET,ACTIVE,2/26/2020,NPR,1/1/2026
ACC0000001436,CUST00001407,BR0003,SALARY,ACTIVE,10/1/2023,NPR,1/1/2026
ACC0000001437,CUST00001752,BR0028,SAVINGS,ACTIVE,12/30/2024,NPR,1/1/2026
ACC0000001438,CUST00001278,BR0015,SALARY,ACTIVE,10/28/2023,NPR,1/1/2026
ACC0000001439,CUST00002757,BR0031,LOAN,ACTIVE,9/16/2019,NPR,1/1/2026
ACC0000001440,CUST00003347,BR0038,LOAN,ACTIVE,4/18/2019,NPR,1/1/2026
ACC0000001441,CUST00002382,BR0002,LOAN,ACTIVE,10/7/2021,NPR,1/1/2026
ACC0000001442,CUST00003995,BR0024,SAVINGS,ACTIVE,7/11/2020,NPR,1/1/2026
ACC0000001443,CUST00002190,BR0023,LOAN,ACTIVE,3/5/2019,NPR,1/1/2026
ACC0000001444,CUST00003490,BR0039,CURRENT,DORMANT,5/9/2023,NPR,1/1/2026
ACC0000001445,CUST00002076,BR0026,SAVINGS,ACTIVE,8/28/2023,NPR,1/1/2026
ACC0000001446,CUST00004585,BR0009,WALLET,ACTIVE,9/26/2025,NPR,1/1/2026
ACC0000001447,CUST00000526,BR0004,SALARY,ACTIVE,7/25/2020,NPR,1/1/2026
ACC0000001448,CUST00003997,BR0028,LOAN,ACTIVE,2/15/2021,NPR,1/1/2026
ACC0000001449,CUST00001441,BR0036,SALARY,ACTIVE,7/24/2025,NPR,1/1/2026
ACC0000001450,CUST00002385,BR0027,LOAN,ACTIVE,2/17/2021,NPR,1/1/2026
ACC0000001451,CUST00001164,BR0021,WALLET,DORMANT,12/4/2024,NPR,1/1/2026
ACC0000001452,CUST00004650,BR0006,CURRENT,DORMANT,10/2/2021,NPR,1/1/2026
ACC0000001453,CUST00001572,BR0029,CURRENT,ACTIVE,1/8/2020,NPR,1/1/2026
ACC0000001454,CUST00004885,BR0027,SALARY,DORMANT,7/24/2019,NPR,1/1/2026
ACC0000001455,CUST00001406,BR0002,LOAN,ACTIVE,9/21/2023,NPR,1/1/2026
ACC0000001456,CUST00000984,BR0022,SALARY,ACTIVE,9/2/2022,NPR,1/1/2026
ACC0000001457,CUST00001906,BR0001,SALARY,ACTIVE,5/19/2021,NPR,1/1/2026
ACC0000001458,CUST00000742,BR0040,LOAN,ACTIVE,10/24/2022,NPR,1/1/2026
ACC0000001459,CUST00002286,BR0038,SAVINGS,ACTIVE,7/19/2021,NPR,1/1/2026
ACC0000001460,CUST00001261,BR0024,WALLET,ACTIVE,6/12/2024,NPR,1/1/2026
ACC0000001461,CUST00001925,BR0025,CURRENT,ACTIVE,9/25/2025,NPR,1/1/2026
ACC0000001462,CUST00002778,BR0016,SALARY,ACTIVE,9/1/2020,NPR,1/1/2026
ACC0000001463,CUST00004371,BR0036,SAVINGS,DORMANT,9/8/2019,NPR,1/1/2026
ACC0000001464,CUST00002939,BR0008,LOAN,DORMANT,4/12/2025,NPR,1/1/2026
ACC0000001465,CUST00004347,BR0012,SALARY,ACTIVE,12/17/2025,NPR,1/1/2026
ACC0000001466,CUST00002405,BR0031,WALLET,ACTIVE,8/23/2020,NPR,1/1/2026
ACC0000001467,CUST00000539,BR0020,LOAN,CLOSED,6/2/2021,NPR,1/1/2026
ACC0000001468,CUST00000443,BR0030,CURRENT,ACTIVE,10/30/2019,NPR,1/1/2026
ACC0000001469,CUST00001881,BR0030,SAVINGS,ACTIVE,8/26/2021,NPR,1/1/2026
ACC0000001470,CUST00001124,BR0011,SAVINGS,ACTIVE,1/29/2024,NPR,1/1/2026
ACC0000001471,CUST00001030,BR0013,SAVINGS,BLOCKED,7/12/2020,NPR,1/1/2026
ACC0000001472,CUST00001022,BR0006,WALLET,ACTIVE,3/26/2020,NPR,1/1/2026
ACC0000001473,CUST00000466,BR0003,LOAN,ACTIVE,4/2/2021,NPR,1/1/2026
ACC0000001474,CUST00002210,BR0018,SAVINGS,ACTIVE,1/9/2022,NPR,1/1/2026
ACC0000001475,CUST00003577,BR0038,SAVINGS,ACTIVE,7/4/2021,NPR,1/1/2026
ACC0000001476,CUST00004413,BR0001,WALLET,ACTIVE,4/26/2024,NPR,1/1/2026
ACC0000001477,CUST00004088,BR0016,WALLET,ACTIVE,2/18/2020,NPR,1/1/2026
ACC0000001478,CUST00000428,BR0024,SALARY,ACTIVE,11/13/2019,NPR,1/1/2026
ACC0000001479,CUST00001163,BR0006,WALLET,ACTIVE,6/9/2025,NPR,1/1/2026
ACC0000001480,CUST00002399,BR0025,SAVINGS,ACTIVE,12/16/2023,NPR,1/1/2026
ACC0000001481,CUST00003560,BR0001,LOAN,ACTIVE,10/3/2020,NPR,1/1/2026
ACC0000001482,CUST00000916,BR0016,SALARY,ACTIVE,11/1/2021,NPR,1/1/2026
ACC0000001483,CUST00002084,BR0005,WALLET,ACTIVE,9/13/2024,NPR,1/1/2026
ACC0000001484,CUST00000018,BR0021,SALARY,CLOSED,5/6/2019,NPR,1/1/2026
ACC0000001485,CUST00001417,BR0022,WALLET,ACTIVE,1/23/2025,NPR,1/1/2026
ACC0000001486,CUST00001785,BR0010,SALARY,ACTIVE,4/17/2023,NPR,1/1/2026
ACC0000001487,CUST00001737,BR0024,LOAN,ACTIVE,6/9/2025,NPR,1/1/2026
ACC0000001488,CUST00004602,BR0003,SAVINGS,ACTIVE,12/18/2022,NPR,1/1/2026
ACC0000001489,CUST00004569,BR0025,SAVINGS,ACTIVE,5/3/2025,NPR,1/1/2026
ACC0000001490,CUST00001411,BR0003,WALLET,DORMANT,6/22/2019,NPR,1/1/2026
ACC0000001491,CUST00004958,BR0039,SAVINGS,ACTIVE,3/22/2024,NPR,1/1/2026
ACC0000001492,CUST00003731,BR0038,SALARY,ACTIVE,2/25/2024,NPR,1/1/2026
ACC0000001493,CUST00003620,BR0023,WALLET,DORMANT,4/18/2025,NPR,1/1/2026
ACC0000001494,CUST00004513,BR0018,SAVINGS,ACTIVE,6/3/2020,NPR,1/1/2026
ACC0000001495,CUST00000001,BR0010,SAVINGS,ACTIVE,9/20/2019,NPR,1/1/2026
ACC0000001496,CUST00003246,BR0004,WALLET,ACTIVE,2/19/2020,NPR,1/1/2026
ACC0000001497,CUST00002323,BR0010,SALARY,ACTIVE,10/28/2025,NPR,1/1/2026
ACC0000001498,CUST00000640,BR0037,SALARY,ACTIVE,6/10/2019,NPR,1/1/2026
ACC0000001499,CUST00002031,BR0031,SAVINGS,ACTIVE,5/3/2024,NPR,1/1/2026
ACC0000001500,CUST00002399,BR0022,SAVINGS,DORMANT,6/24/2021,NPR,1/1/2026
ACC0000001501,CUST00004008,BR0008,SAVINGS,ACTIVE,6/20/2019,NPR,1/1/2026
ACC0000001502,CUST00000566,BR0011,SALARY,ACTIVE,3/30/2021,NPR,1/1/2026
ACC0000001503,CUST00003392,BR0010,SAVINGS,ACTIVE,6/2/2019,NPR,1/1/2026
ACC0000001504,CUST00001413,BR0026,CURRENT,ACTIVE,4/20/2025,NPR,1/1/2026
ACC0000001505,CUST00003902,BR0016,LOAN,ACTIVE,7/9/2024,NPR,1/1/2026
ACC0000001506,CUST00004352,BR0033,SAVINGS,ACTIVE,4/16/2019,NPR,1/1/2026
ACC0000001507,CUST00002821,BR0036,SAVINGS,DORMANT,3/27/2021,NPR,1/1/2026
ACC0000001508,CUST00001982,BR0022,WALLET,ACTIVE,3/14/2025,NPR,1/1/2026
ACC0000001509,CUST00002144,BR0024,SAVINGS,DORMANT,2/5/2023,NPR,1/1/2026
ACC0000001510,CUST00002301,BR0037,WALLET,ACTIVE,4/26/2025,NPR,1/1/2026
ACC0000001511,CUST00000655,BR0020,LOAN,ACTIVE,9/13/2024,NPR,1/1/2026
ACC0000001512,CUST00002755,BR0020,WALLET,ACTIVE,4/24/2022,NPR,1/1/2026
ACC0000001513,CUST00000592,BR0026,SAVINGS,ACTIVE,6/5/2020,NPR,1/1/2026
ACC0000001514,CUST00002622,BR0035,SAVINGS,ACTIVE,10/16/2024,NPR,1/1/2026
ACC0000001515,CUST00004646,BR0030,SAVINGS,ACTIVE,1/3/2025,NPR,1/1/2026
ACC0000001516,CUST00000634,BR0038,SAVINGS,CLOSED,4/24/2024,NPR,1/1/2026
ACC0000001517,CUST00003243,BR0035,SAVINGS,ACTIVE,5/30/2024,NPR,1/1/2026
ACC0000001518,CUST00001726,BR0023,LOAN,ACTIVE,4/1/2024,NPR,1/1/2026
ACC0000001519,CUST00001516,BR0001,LOAN,ACTIVE,11/15/2019,NPR,1/1/2026
ACC0000001520,CUST00000933,BR0031,CURRENT,ACTIVE,8/4/2021,NPR,1/1/2026
ACC0000001521,CUST00003831,BR0008,CURRENT,ACTIVE,8/11/2025,NPR,1/1/2026
ACC0000001522,CUST00001182,BR0037,CURRENT,ACTIVE,5/12/2023,NPR,1/1/2026
ACC0000001523,CUST00003703,BR0023,SAVINGS,ACTIVE,1/13/2021,NPR,1/1/2026
ACC0000001524,CUST00000435,BR0004,CURRENT,ACTIVE,5/28/2020,NPR,1/1/2026
ACC0000001525,CUST00003382,BR0038,WALLET,ACTIVE,11/10/2024,NPR,1/1/2026
ACC0000001526,CUST00003642,BR0007,WALLET,ACTIVE,7/1/2024,NPR,1/1/2026
ACC0000001527,CUST00003497,BR0021,WALLET,ACTIVE,9/19/2024,NPR,1/1/2026
ACC0000001528,CUST00002787,BR0032,LOAN,ACTIVE,2/14/2025,NPR,1/1/2026
ACC0000001529,CUST00003657,BR0006,WALLET,ACTIVE,10/11/2021,NPR,1/1/2026
ACC0000001530,CUST00004747,BR0039,SAVINGS,ACTIVE,9/9/2022,NPR,1/1/2026
ACC0000001531,CUST00001980,BR0020,LOAN,ACTIVE,1/29/2020,NPR,1/1/2026
ACC0000001532,CUST00003700,BR0035,SALARY,ACTIVE,7/22/2019,NPR,1/1/2026
ACC0000001533,CUST00004237,BR0021,SAVINGS,ACTIVE,9/5/2022,NPR,1/1/2026
ACC0000001534,CUST00003562,BR0008,SALARY,ACTIVE,10/4/2025,NPR,1/1/2026
ACC0000001535,CUST00001036,BR0037,SALARY,ACTIVE,11/11/2019,NPR,1/1/2026
ACC0000001536,CUST00002668,BR0032,CURRENT,ACTIVE,1/10/2021,NPR,1/1/2026
ACC0000001537,CUST00002192,BR0028,SAVINGS,ACTIVE,3/3/2020,NPR,1/1/2026
ACC0000001538,CUST00002645,BR0023,SALARY,ACTIVE,7/18/2022,NPR,1/1/2026
ACC0000001539,CUST00000762,BR0036,SALARY,ACTIVE,4/30/2021,NPR,1/1/2026
ACC0000001540,CUST00002928,BR0001,SALARY,ACTIVE,12/24/2025,NPR,1/1/2026
ACC0000001541,CUST00000526,BR0018,CURRENT,ACTIVE,4/18/2024,NPR,1/1/2026
ACC0000001542,CUST00001378,BR0029,SAVINGS,ACTIVE,7/5/2022,NPR,1/1/2026
ACC0000001543,CUST00004082,BR0031,CURRENT,ACTIVE,3/28/2021,NPR,1/1/2026
ACC0000001544,CUST00003787,BR0030,WALLET,ACTIVE,11/26/2023,NPR,1/1/2026
ACC0000001545,CUST00001325,BR0011,SAVINGS,ACTIVE,12/20/2019,NPR,1/1/2026
ACC0000001546,CUST00001627,BR0004,WALLET,DORMANT,3/23/2023,NPR,1/1/2026
ACC0000001547,CUST00003341,BR0008,SAVINGS,ACTIVE,12/3/2021,NPR,1/1/2026
ACC0000001548,CUST00000206,BR0024,LOAN,ACTIVE,6/21/2025,NPR,1/1/2026
ACC0000001549,CUST00003340,BR0026,WALLET,ACTIVE,7/15/2025,NPR,1/1/2026
ACC0000001550,CUST00003536,BR0015,SALARY,ACTIVE,7/14/2024,NPR,1/1/2026
ACC0000001551,CUST00000935,BR0025,SALARY,ACTIVE,2/28/2025,NPR,1/1/2026
ACC0000001552,CUST00001604,BR0031,LOAN,ACTIVE,7/26/2023,NPR,1/1/2026
ACC0000001553,CUST00002709,BR0012,CURRENT,ACTIVE,9/13/2023,NPR,1/1/2026
ACC0000001554,CUST00000709,BR0020,WALLET,BLOCKED,11/5/2020,NPR,1/1/2026
ACC0000001555,CUST00003573,BR0034,CURRENT,ACTIVE,9/3/2023,NPR,1/1/2026
ACC0000001556,CUST00001714,BR0025,SALARY,ACTIVE,5/11/2020,NPR,1/1/2026
ACC0000001557,CUST00001277,BR0002,WALLET,DORMANT,8/26/2024,NPR,1/1/2026
ACC0000001558,CUST00002514,BR0020,LOAN,ACTIVE,4/22/2022,NPR,1/1/2026
ACC0000001559,CUST00001822,BR0035,LOAN,ACTIVE,6/17/2025,NPR,1/1/2026
ACC0000001560,CUST00004694,BR0008,LOAN,ACTIVE,2/6/2024,NPR,1/1/2026
ACC0000001561,CUST00002265,BR0011,SALARY,ACTIVE,12/25/2020,NPR,1/1/2026
ACC0000001562,CUST00002661,BR0022,WALLET,ACTIVE,8/24/2019,NPR,1/1/2026
ACC0000001563,CUST00001350,BR0018,WALLET,ACTIVE,8/24/2020,NPR,1/1/2026
ACC0000001564,CUST00002590,BR0038,WALLET,ACTIVE,7/14/2019,NPR,1/1/2026
ACC0000001565,CUST00002104,BR0036,SALARY,ACTIVE,7/20/2023,NPR,1/1/2026
ACC0000001566,CUST00001993,BR0020,CURRENT,ACTIVE,7/14/2020,NPR,1/1/2026
ACC0000001567,CUST00000065,BR0038,CURRENT,ACTIVE,5/3/2021,NPR,1/1/2026
ACC0000001568,CUST00004898,BR0029,SALARY,BLOCKED,4/15/2024,NPR,1/1/2026
ACC0000001569,CUST00001440,BR0003,SAVINGS,ACTIVE,1/15/2021,NPR,1/1/2026
ACC0000001570,CUST00001215,BR0038,SALARY,ACTIVE,6/6/2022,NPR,1/1/2026
ACC0000001571,CUST00001544,BR0040,CURRENT,ACTIVE,9/5/2022,NPR,1/1/2026
ACC0000001572,CUST00003888,BR0016,WALLET,ACTIVE,9/3/2025,NPR,1/1/2026
ACC0000001573,CUST00003118,BR0028,SALARY,ACTIVE,9/21/2020,NPR,1/1/2026
ACC0000001574,CUST00002654,BR0020,CURRENT,ACTIVE,5/4/2022,NPR,1/1/2026
ACC0000001575,CUST00000017,BR0014,SALARY,ACTIVE,2/13/2025,NPR,1/1/2026
ACC0000001576,CUST00003993,BR0009,LOAN,ACTIVE,12/6/2022,NPR,1/1/2026
ACC0000001577,CUST00003241,BR0038,CURRENT,ACTIVE,8/19/2025,NPR,1/1/2026
ACC0000001578,CUST00004990,BR0023,SAVINGS,DORMANT,6/28/2025,NPR,1/1/2026
ACC0000001579,CUST00003124,BR0039,LOAN,ACTIVE,6/7/2022,NPR,1/1/2026
ACC0000001580,CUST00003733,BR0002,WALLET,ACTIVE,4/9/2025,NPR,1/1/2026
ACC0000001581,CUST00001022,BR0009,LOAN,ACTIVE,1/21/2022,NPR,1/1/2026
ACC0000001582,CUST00003009,BR0016,CURRENT,ACTIVE,1/18/2023,NPR,1/1/2026
ACC0000001583,CUST00002397,BR0011,SAVINGS,DORMANT,7/1/2021,NPR,1/1/2026
ACC0000001584,CUST00000473,BR0012,SAVINGS,ACTIVE,9/15/2024,NPR,1/1/2026
ACC0000001585,CUST00004602,BR0017,LOAN,ACTIVE,7/16/2024,NPR,1/1/2026
ACC0000001586,CUST00001378,BR0020,WALLET,ACTIVE,6/14/2022,NPR,1/1/2026
ACC0000001587,CUST00002243,BR0039,WALLET,ACTIVE,6/29/2023,NPR,1/1/2026
ACC0000001588,CUST00001651,BR0008,WALLET,CLOSED,9/27/2023,NPR,1/1/2026
ACC0000001589,CUST00001475,BR0033,SAVINGS,DORMANT,4/15/2021,NPR,1/1/2026
ACC0000001590,CUST00000700,BR0007,SAVINGS,ACTIVE,2/8/2021,NPR,1/1/2026
ACC0000001591,CUST00000894,BR0003,CURRENT,ACTIVE,2/23/2022,NPR,1/1/2026
ACC0000001592,CUST00001495,BR0006,LOAN,ACTIVE,9/2/2020,NPR,1/1/2026
ACC0000001593,CUST00004757,BR0018,LOAN,ACTIVE,6/5/2020,NPR,1/1/2026
ACC0000001594,CUST00002194,BR0039,LOAN,ACTIVE,6/15/2023,NPR,1/1/2026
ACC0000001595,CUST00004301,BR0035,SALARY,ACTIVE,10/23/2024,NPR,1/1/2026
ACC0000001596,CUST00001505,BR0024,SALARY,ACTIVE,2/5/2025,NPR,1/1/2026
ACC0000001597,CUST00001793,BR0020,SALARY,ACTIVE,2/2/2024,NPR,1/1/2026
ACC0000001598,CUST00001721,BR0015,SAVINGS,CLOSED,10/11/2024,NPR,1/1/2026
ACC0000001599,CUST00003320,BR0018,LOAN,ACTIVE,3/22/2021,NPR,1/1/2026
ACC0000001600,CUST00003188,BR0008,SAVINGS,ACTIVE,3/28/2024,NPR,1/1/2026
ACC0000001601,CUST00003620,BR0004,WALLET,ACTIVE,9/22/2023,NPR,1/1/2026
ACC0000001602,CUST00001651,BR0025,LOAN,ACTIVE,7/9/2024,NPR,1/1/2026
ACC0000001603,CUST00003921,BR0028,WALLET,ACTIVE,5/5/2020,NPR,1/1/2026
ACC0000001604,CUST00003308,BR0016,SAVINGS,ACTIVE,2/21/2023,NPR,1/1/2026
ACC0000001605,CUST00000698,BR0012,CURRENT,ACTIVE,11/27/2020,NPR,1/1/2026
ACC0000001606,CUST00003186,BR0038,SALARY,ACTIVE,6/11/2022,NPR,1/1/2026
ACC0000001607,CUST00004271,BR0026,LOAN,ACTIVE,11/14/2023,NPR,1/1/2026
ACC0000001608,CUST00003461,BR0007,SALARY,ACTIVE,9/21/2019,NPR,1/1/2026
ACC0000001609,CUST00000031,BR0021,WALLET,ACTIVE,4/6/2022,NPR,1/1/2026
ACC0000001610,CUST00000839,BR0036,LOAN,ACTIVE,11/20/2020,NPR,1/1/2026
ACC0000001611,CUST00002924,BR0031,WALLET,ACTIVE,1/29/2021,NPR,1/1/2026
ACC0000001612,CUST00004504,BR0013,CURRENT,CLOSED,5/20/2022,NPR,1/1/2026
ACC0000001613,CUST00002543,BR0004,WALLET,ACTIVE,7/7/2025,NPR,1/1/2026
ACC0000001614,CUST00003989,BR0035,SAVINGS,ACTIVE,3/24/2024,NPR,1/1/2026
ACC0000001615,CUST00000915,BR0040,WALLET,ACTIVE,11/16/2024,NPR,1/1/2026
ACC0000001616,CUST00002352,BR0021,SAVINGS,ACTIVE,9/3/2020,NPR,1/1/2026
ACC0000001617,CUST00001879,BR0016,SALARY,ACTIVE,6/20/2019,NPR,1/1/2026
ACC0000001618,CUST00002257,BR0040,LOAN,DORMANT,9/10/2022,NPR,1/1/2026
ACC0000001619,CUST00001273,BR0014,SALARY,ACTIVE,3/10/2025,NPR,1/1/2026
ACC0000001620,CUST00001960,BR0002,SAVINGS,ACTIVE,8/27/2025,NPR,1/1/2026
ACC0000001621,CUST00001572,BR0005,SALARY,DORMANT,1/21/2024,NPR,1/1/2026
ACC0000001622,CUST00003758,BR0012,SAVINGS,ACTIVE,7/23/2020,NPR,1/1/2026
ACC0000001623,CUST00001612,BR0017,SALARY,ACTIVE,2/13/2023,NPR,1/1/2026
ACC0000001624,CUST00003199,BR0005,CURRENT,ACTIVE,10/4/2024,NPR,1/1/2026
ACC0000001625,CUST00003342,BR0009,LOAN,BLOCKED,10/12/2021,NPR,1/1/2026
ACC0000001626,CUST00001011,BR0028,CURRENT,ACTIVE,5/7/2020,NPR,1/1/2026
ACC0000001627,CUST00004844,BR0005,CURRENT,ACTIVE,6/7/2025,NPR,1/1/2026
ACC0000001628,CUST00004370,BR0032,CURRENT,ACTIVE,7/19/2019,NPR,1/1/2026
ACC0000001629,CUST00003607,BR0018,SAVINGS,ACTIVE,3/19/2019,NPR,1/1/2026
ACC0000001630,CUST00004624,BR0027,SAVINGS,ACTIVE,3/6/2020,NPR,1/1/2026
ACC0000001631,CUST00000315,BR0004,SALARY,ACTIVE,12/18/2024,NPR,1/1/2026
ACC0000001632,CUST00001504,BR0009,SAVINGS,ACTIVE,1/5/2022,NPR,1/1/2026
ACC0000001633,CUST00000244,BR0020,CURRENT,ACTIVE,2/7/2020,NPR,1/1/2026
ACC0000001634,CUST00000556,BR0029,WALLET,DORMANT,2/16/2020,NPR,1/1/2026
ACC0000001635,CUST00003372,BR0023,CURRENT,ACTIVE,10/27/2019,NPR,1/1/2026
ACC0000001636,CUST00000465,BR0026,LOAN,ACTIVE,12/21/2023,NPR,1/1/2026
ACC0000001637,CUST00002276,BR0001,SAVINGS,ACTIVE,4/8/2024,NPR,1/1/2026
ACC0000001638,CUST00001521,BR0018,SALARY,ACTIVE,8/26/2025,NPR,1/1/2026
ACC0000001639,CUST00004275,BR0010,SALARY,ACTIVE,7/21/2024,NPR,1/1/2026
ACC0000001640,CUST00003224,BR0017,SAVINGS,ACTIVE,9/18/2022,NPR,1/1/2026
ACC0000001641,CUST00003346,BR0024,SALARY,ACTIVE,2/15/2020,NPR,1/1/2026
ACC0000001642,CUST00004744,BR0025,SALARY,ACTIVE,7/28/2023,NPR,1/1/2026
ACC0000001643,CUST00002406,BR0019,SAVINGS,ACTIVE,2/26/2023,NPR,1/1/2026
ACC0000001644,CUST00004962,BR0038,LOAN,ACTIVE,11/10/2025,NPR,1/1/2026
ACC0000001645,CUST00000779,BR0017,SALARY,ACTIVE,12/26/2022,NPR,1/1/2026
ACC0000001646,CUST00004889,BR0036,SALARY,ACTIVE,8/9/2023,NPR,1/1/2026
ACC0000001647,CUST00004566,BR0031,CURRENT,ACTIVE,7/9/2022,NPR,1/1/2026
ACC0000001648,CUST00002452,BR0011,CURRENT,CLOSED,2/28/2025,NPR,1/1/2026
ACC0000001649,CUST00002981,BR0013,WALLET,ACTIVE,3/6/2023,NPR,1/1/2026
ACC0000001650,CUST00004243,BR0030,WALLET,ACTIVE,6/18/2022,NPR,1/1/2026
ACC0000001651,CUST00000587,BR0038,CURRENT,ACTIVE,8/11/2020,NPR,1/1/2026
ACC0000001652,CUST00001740,BR0002,SALARY,ACTIVE,3/6/2019,NPR,1/1/2026
ACC0000001653,CUST00002725,BR0018,CURRENT,ACTIVE,5/13/2025,NPR,1/1/2026
ACC0000001654,CUST00003915,BR0013,LOAN,CLOSED,12/20/2020,NPR,1/1/2026
ACC0000001655,CUST00001217,BR0005,SALARY,ACTIVE,7/4/2020,NPR,1/1/2026
ACC0000001656,CUST00000099,BR0029,CURRENT,ACTIVE,8/4/2023,NPR,1/1/2026
ACC0000001657,CUST00004680,BR0022,SALARY,ACTIVE,3/28/2022,NPR,1/1/2026
ACC0000001658,CUST00000305,BR0039,SAVINGS,ACTIVE,9/30/2020,NPR,1/1/2026
ACC0000001659,CUST00000042,BR0029,CURRENT,ACTIVE,4/29/2025,NPR,1/1/2026
ACC0000001660,CUST00000415,BR0034,WALLET,ACTIVE,3/31/2023,NPR,1/1/2026
ACC0000001661,CUST00000463,BR0038,SAVINGS,ACTIVE,7/18/2022,NPR,1/1/2026
ACC0000001662,CUST00003958,BR0009,WALLET,ACTIVE,10/22/2024,NPR,1/1/2026
ACC0000001663,CUST00002768,BR0024,WALLET,ACTIVE,8/11/2024,NPR,1/1/2026
ACC0000001664,CUST00002295,BR0037,WALLET,ACTIVE,10/20/2025,NPR,1/1/2026
ACC0000001665,CUST00001195,BR0018,LOAN,ACTIVE,11/7/2024,NPR,1/1/2026
ACC0000001666,CUST00003848,BR0005,SALARY,ACTIVE,10/19/2020,NPR,1/1/2026
ACC0000001667,CUST00003322,BR0013,SALARY,ACTIVE,8/29/2025,NPR,1/1/2026
ACC0000001668,CUST00000976,BR0017,LOAN,ACTIVE,10/3/2019,NPR,1/1/2026
ACC0000001669,CUST00003547,BR0039,SALARY,DORMANT,12/10/2022,NPR,1/1/2026
ACC0000001670,CUST00004127,BR0012,SALARY,ACTIVE,6/5/2025,NPR,1/1/2026
ACC0000001671,CUST00000423,BR0019,SALARY,ACTIVE,11/23/2024,NPR,1/1/2026
ACC0000001672,CUST00003831,BR0015,CURRENT,CLOSED,10/13/2022,NPR,1/1/2026
ACC0000001673,CUST00004097,BR0014,WALLET,ACTIVE,2/23/2025,NPR,1/1/2026
ACC0000001674,CUST00004872,BR0014,SALARY,BLOCKED,9/27/2020,NPR,1/1/2026
ACC0000001675,CUST00001388,BR0015,SALARY,ACTIVE,9/16/2025,NPR,1/1/2026
ACC0000001676,CUST00003381,BR0011,WALLET,ACTIVE,8/26/2022,NPR,1/1/2026
ACC0000001677,CUST00000822,BR0016,SALARY,ACTIVE,9/14/2023,NPR,1/1/2026
ACC0000001678,CUST00002629,BR0002,SALARY,ACTIVE,5/9/2019,NPR,1/1/2026
ACC0000001679,CUST00002906,BR0003,CURRENT,DORMANT,12/22/2019,NPR,1/1/2026
ACC0000001680,CUST00000012,BR0026,LOAN,ACTIVE,1/28/2023,NPR,1/1/2026
ACC0000001681,CUST00004323,BR0023,CURRENT,ACTIVE,3/4/2025,NPR,1/1/2026
ACC0000001682,CUST00002380,BR0018,SAVINGS,ACTIVE,12/31/2025,NPR,1/1/2026
ACC0000001683,CUST00004860,BR0003,SAVINGS,ACTIVE,3/29/2025,NPR,1/1/2026
ACC0000001684,CUST00001495,BR0032,SAVINGS,ACTIVE,12/24/2024,NPR,1/1/2026
ACC0000001685,CUST00003835,BR0035,CURRENT,DORMANT,3/15/2020,NPR,1/1/2026
ACC0000001686,CUST00001360,BR0005,LOAN,ACTIVE,5/8/2021,NPR,1/1/2026
ACC0000001687,CUST00004890,BR0015,CURRENT,ACTIVE,3/5/2020,NPR,1/1/2026
ACC0000001688,CUST00003339,BR0036,SALARY,ACTIVE,1/27/2021,NPR,1/1/2026
ACC0000001689,CUST00001601,BR0016,LOAN,ACTIVE,6/12/2019,NPR,1/1/2026
ACC0000001690,CUST00003669,BR0035,WALLET,ACTIVE,12/21/2020,NPR,1/1/2026
ACC0000001691,CUST00001846,BR0019,SAVINGS,ACTIVE,4/11/2022,NPR,1/1/2026
ACC0000001692,CUST00001682,BR0021,SALARY,ACTIVE,6/21/2020,NPR,1/1/2026
ACC0000001693,CUST00000664,BR0018,WALLET,ACTIVE,9/19/2025,NPR,1/1/2026
ACC0000001694,CUST00003925,BR0021,SALARY,ACTIVE,3/13/2021,NPR,1/1/2026
ACC0000001695,CUST00004353,BR0025,SAVINGS,ACTIVE,2/27/2020,NPR,1/1/2026
ACC0000001696,CUST00000151,BR0037,SALARY,BLOCKED,1/24/2021,NPR,1/1/2026
ACC0000001697,CUST00001694,BR0025,LOAN,ACTIVE,3/8/2022,NPR,1/1/2026
ACC0000001698,CUST00001808,BR0003,CURRENT,ACTIVE,2/4/2025,NPR,1/1/2026
ACC0000001699,CUST00004783,BR0020,SAVINGS,ACTIVE,9/17/2023,NPR,1/1/2026
ACC0000001700,CUST00001183,BR0036,WALLET,ACTIVE,12/9/2021,NPR,1/1/2026
ACC0000001701,CUST00000359,BR0023,WALLET,ACTIVE,5/16/2020,NPR,1/1/2026
ACC0000001702,CUST00004737,BR0023,CURRENT,ACTIVE,3/5/2021,NPR,1/1/2026
ACC0000001703,CUST00002821,BR0014,LOAN,ACTIVE,4/13/2024,NPR,1/1/2026
ACC0000001704,CUST00003619,BR0034,SAVINGS,ACTIVE,5/30/2025,NPR,1/1/2026
ACC0000001705,CUST00003299,BR0008,WALLET,ACTIVE,2/2/2025,NPR,1/1/2026
ACC0000001706,CUST00001486,BR0035,CURRENT,ACTIVE,12/10/2020,NPR,1/1/2026
ACC0000001707,CUST00003298,BR0011,CURRENT,ACTIVE,1/27/2025,NPR,1/1/2026
ACC0000001708,CUST00002833,BR0021,SAVINGS,ACTIVE,1/16/2023,NPR,1/1/2026
ACC0000001709,CUST00002840,BR0031,SAVINGS,DORMANT,4/10/2024,NPR,1/1/2026
ACC0000001710,CUST00004387,BR0014,SALARY,ACTIVE,4/23/2020,NPR,1/1/2026
ACC0000001711,CUST00004072,BR0028,WALLET,ACTIVE,9/23/2021,NPR,1/1/2026
ACC0000001712,CUST00002338,BR0035,WALLET,ACTIVE,4/15/2025,NPR,1/1/2026
ACC0000001713,CUST00004226,BR0032,WALLET,ACTIVE,6/16/2024,NPR,1/1/2026
ACC0000001714,CUST00004437,BR0029,SALARY,ACTIVE,6/13/2020,NPR,1/1/2026
ACC0000001715,CUST00001443,BR0011,SAVINGS,ACTIVE,8/26/2023,NPR,1/1/2026
ACC0000001716,CUST00002802,BR0029,LOAN,ACTIVE,4/14/2020,NPR,1/1/2026
ACC0000001717,CUST00004937,BR0011,LOAN,ACTIVE,6/16/2020,NPR,1/1/2026
ACC0000001718,CUST00002495,BR0005,WALLET,ACTIVE,7/2/2024,NPR,1/1/2026
ACC0000001719,CUST00004995,BR0014,WALLET,ACTIVE,8/17/2021,NPR,1/1/2026
ACC0000001720,CUST00003026,BR0025,SALARY,ACTIVE,8/11/2025,NPR,1/1/2026
ACC0000001721,CUST00004367,BR0006,CURRENT,ACTIVE,3/24/2019,NPR,1/1/2026
ACC0000001722,CUST00002386,BR0012,CURRENT,DORMANT,12/16/2024,NPR,1/1/2026
ACC0000001723,CUST00002597,BR0015,WALLET,ACTIVE,1/17/2024,NPR,1/1/2026
ACC0000001724,CUST00004813,BR0023,SAVINGS,ACTIVE,11/4/2023,NPR,1/1/2026
ACC0000001725,CUST00003078,BR0022,CURRENT,ACTIVE,8/15/2021,NPR,1/1/2026
ACC0000001726,CUST00003406,BR0039,LOAN,ACTIVE,4/6/2019,NPR,1/1/2026
ACC0000001727,CUST00001593,BR0035,LOAN,ACTIVE,11/10/2024,NPR,1/1/2026
ACC0000001728,CUST00004002,BR0013,CURRENT,ACTIVE,9/13/2019,NPR,1/1/2026
ACC0000001729,CUST00000001,BR0004,CURRENT,ACTIVE,8/15/2019,NPR,1/1/2026
ACC0000001730,CUST00002649,BR0006,LOAN,ACTIVE,7/28/2022,NPR,1/1/2026
ACC0000001731,CUST00000041,BR0012,LOAN,ACTIVE,3/19/2025,NPR,1/1/2026
ACC0000001732,CUST00004065,BR0032,SAVINGS,ACTIVE,3/29/2025,NPR,1/1/2026
ACC0000001733,CUST00001922,BR0005,SAVINGS,ACTIVE,10/19/2022,NPR,1/1/2026
ACC0000001734,CUST00002749,BR0023,LOAN,ACTIVE,6/8/2023,NPR,1/1/2026
ACC0000001735,CUST00003237,BR0005,LOAN,ACTIVE,11/18/2020,NPR,1/1/2026
ACC0000001736,CUST00002321,BR0036,SAVINGS,ACTIVE,9/2/2025,NPR,1/1/2026
ACC0000001737,CUST00004382,BR0012,SAVINGS,DORMANT,3/22/2023,NPR,1/1/2026
ACC0000001738,CUST00001059,BR0013,SAVINGS,ACTIVE,6/9/2025,NPR,1/1/2026
ACC0000001739,CUST00000627,BR0003,SAVINGS,ACTIVE,9/7/2019,NPR,1/1/2026
ACC0000001740,CUST00003773,BR0024,SALARY,ACTIVE,6/1/2022,NPR,1/1/2026
ACC0000001741,CUST00003255,BR0023,CURRENT,ACTIVE,7/8/2020,NPR,1/1/2026
ACC0000001742,CUST00001360,BR0007,SALARY,ACTIVE,5/20/2024,NPR,1/1/2026
ACC0000001743,CUST00003249,BR0034,SAVINGS,ACTIVE,7/13/2025,NPR,1/1/2026
ACC0000001744,CUST00003840,BR0006,CURRENT,ACTIVE,10/8/2025,NPR,1/1/2026
ACC0000001745,CUST00000629,BR0017,SAVINGS,ACTIVE,8/21/2025,NPR,1/1/2026
ACC0000001746,CUST00004788,BR0029,WALLET,ACTIVE,5/8/2019,NPR,1/1/2026
ACC0000001747,CUST00003380,BR0031,SAVINGS,ACTIVE,8/23/2025,NPR,1/1/2026
ACC0000001748,CUST00004939,BR0034,LOAN,ACTIVE,4/15/2025,NPR,1/1/2026
ACC0000001749,CUST00002497,BR0024,LOAN,ACTIVE,12/24/2025,NPR,1/1/2026
ACC0000001750,CUST00004723,BR0025,SALARY,ACTIVE,9/23/2025,NPR,1/1/2026
ACC0000001751,CUST00002077,BR0033,WALLET,ACTIVE,12/28/2021,NPR,1/1/2026
ACC0000001752,CUST00001372,BR0027,SAVINGS,ACTIVE,4/5/2020,NPR,1/1/2026
ACC0000001753,CUST00000205,BR0037,SAVINGS,ACTIVE,6/1/2021,NPR,1/1/2026
ACC0000001754,CUST00003468,BR0010,CURRENT,DORMANT,6/21/2023,NPR,1/1/2026
ACC0000001755,CUST00000916,BR0037,SALARY,ACTIVE,10/20/2023,NPR,1/1/2026
ACC0000001756,CUST00002977,BR0029,LOAN,ACTIVE,9/5/2019,NPR,1/1/2026
ACC0000001757,CUST00003633,BR0029,SALARY,ACTIVE,9/27/2025,NPR,1/1/2026
ACC0000001758,CUST00000552,BR0005,SAVINGS,ACTIVE,12/11/2020,NPR,1/1/2026
ACC0000001759,CUST00002456,BR0019,SAVINGS,ACTIVE,4/20/2020,NPR,1/1/2026
ACC0000001760,CUST00001753,BR0023,SAVINGS,ACTIVE,5/3/2023,NPR,1/1/2026
ACC0000001761,CUST00002080,BR0008,WALLET,ACTIVE,12/25/2020,NPR,1/1/2026
ACC0000001762,CUST00004265,BR0023,SALARY,ACTIVE,12/31/2025,NPR,1/1/2026
ACC0000001763,CUST00001522,BR0011,SALARY,BLOCKED,5/1/2020,NPR,1/1/2026
ACC0000001764,CUST00003867,BR0016,LOAN,ACTIVE,5/27/2023,NPR,1/1/2026
ACC0000001765,CUST00002299,BR0018,CURRENT,ACTIVE,7/13/2021,NPR,1/1/2026
ACC0000001766,CUST00003351,BR0014,SAVINGS,ACTIVE,5/28/2024,NPR,1/1/2026
ACC0000001767,CUST00001587,BR0038,CURRENT,ACTIVE,6/29/2019,NPR,1/1/2026
ACC0000001768,CUST00003117,BR0016,CURRENT,ACTIVE,5/23/2020,NPR,1/1/2026
ACC0000001769,CUST00000021,BR0009,LOAN,BLOCKED,5/12/2023,NPR,1/1/2026
ACC0000001770,CUST00002156,BR0003,LOAN,ACTIVE,12/25/2020,NPR,1/1/2026
ACC0000001771,CUST00001227,BR0002,WALLET,ACTIVE,11/23/2021,NPR,1/1/2026
ACC0000001772,CUST00000669,BR0018,CURRENT,ACTIVE,2/4/2025,NPR,1/1/2026
ACC0000001773,CUST00004125,BR0030,CURRENT,ACTIVE,4/30/2023,NPR,1/1/2026
ACC0000001774,CUST00003287,BR0018,LOAN,ACTIVE,6/4/2024,NPR,1/1/2026
ACC0000001775,CUST00003899,BR0024,SAVINGS,ACTIVE,10/19/2024,NPR,1/1/2026
ACC0000001776,CUST00002903,BR0001,CURRENT,ACTIVE,10/27/2021,NPR,1/1/2026
ACC0000001777,CUST00004716,BR0008,CURRENT,ACTIVE,12/15/2022,NPR,1/1/2026
ACC0000001778,CUST00001069,BR0004,LOAN,ACTIVE,10/28/2022,NPR,1/1/2026
ACC0000001779,CUST00001850,BR0022,CURRENT,DORMANT,9/29/2023,NPR,1/1/2026
ACC0000001780,CUST00000955,BR0034,LOAN,ACTIVE,5/11/2025,NPR,1/1/2026
ACC0000001781,CUST00004101,BR0033,SALARY,ACTIVE,8/21/2019,NPR,1/1/2026
ACC0000001782,CUST00000854,BR0030,LOAN,ACTIVE,6/30/2019,NPR,1/1/2026
ACC0000001783,CUST00003304,BR0003,LOAN,ACTIVE,8/10/2020,NPR,1/1/2026
ACC0000001784,CUST00001384,BR0022,LOAN,ACTIVE,3/28/2021,NPR,1/1/2026
ACC0000001785,CUST00002140,BR0021,SALARY,ACTIVE,5/18/2019,NPR,1/1/2026
ACC0000001786,CUST00001099,BR0026,SAVINGS,ACTIVE,11/28/2023,NPR,1/1/2026
ACC0000001787,CUST00004150,BR0021,SALARY,ACTIVE,12/14/2021,NPR,1/1/2026
ACC0000001788,CUST00002779,BR0038,SALARY,ACTIVE,6/20/2023,NPR,1/1/2026
ACC0000001789,CUST00004917,BR0016,WALLET,ACTIVE,6/23/2023,NPR,1/1/2026
ACC0000001790,CUST00004068,BR0005,WALLET,ACTIVE,10/16/2023,NPR,1/1/2026
ACC0000001791,CUST00003973,BR0017,SAVINGS,ACTIVE,3/6/2023,NPR,1/1/2026
ACC0000001792,CUST00000054,BR0012,SALARY,ACTIVE,8/21/2024,NPR,1/1/2026
ACC0000001793,CUST00001050,BR0005,WALLET,ACTIVE,4/10/2023,NPR,1/1/2026
ACC0000001794,CUST00001775,BR0002,CURRENT,ACTIVE,5/20/2023,NPR,1/1/2026
ACC0000001795,CUST00003693,BR0013,CURRENT,ACTIVE,10/4/2022,NPR,1/1/2026
ACC0000001796,CUST00003586,BR0015,SAVINGS,ACTIVE,4/6/2025,NPR,1/1/2026
ACC0000001797,CUST00001210,BR0002,WALLET,BLOCKED,8/29/2019,NPR,1/1/2026
ACC0000001798,CUST00004954,BR0029,CURRENT,ACTIVE,7/2/2023,NPR,1/1/2026
ACC0000001799,CUST00004271,BR0033,WALLET,ACTIVE,2/6/2022,NPR,1/1/2026
ACC0000001800,CUST00000229,BR0018,WALLET,ACTIVE,3/31/2021,NPR,1/1/2026
ACC0000001801,CUST00004664,BR0027,SALARY,ACTIVE,1/3/2022,NPR,1/1/2026
ACC0000001802,CUST00003862,BR0028,SALARY,ACTIVE,2/3/2020,NPR,1/1/2026
ACC0000001803,CUST00001426,BR0001,CURRENT,ACTIVE,6/21/2022,NPR,1/1/2026
ACC0000001804,CUST00001790,BR0026,SALARY,ACTIVE,8/7/2022,NPR,1/1/2026
ACC0000001805,CUST00002351,BR0004,SALARY,ACTIVE,11/8/2019,NPR,1/1/2026
ACC0000001806,CUST00004832,BR0035,WALLET,ACTIVE,8/1/2020,NPR,1/1/2026
ACC0000001807,CUST00003295,BR0008,SAVINGS,ACTIVE,7/18/2020,NPR,1/1/2026
ACC0000001808,CUST00002493,BR0004,CURRENT,DORMANT,9/22/2022,NPR,1/1/2026
ACC0000001809,CUST00002356,BR0039,SAVINGS,ACTIVE,10/24/2022,NPR,1/1/2026
ACC0000001810,CUST00003481,BR0008,LOAN,ACTIVE,4/30/2024,NPR,1/1/2026
ACC0000001811,CUST00000047,BR0015,LOAN,ACTIVE,6/30/2019,NPR,1/1/2026
ACC0000001812,CUST00003751,BR0029,LOAN,ACTIVE,12/2/2024,NPR,1/1/2026
ACC0000001813,CUST00001592,BR0016,WALLET,ACTIVE,6/17/2024,NPR,1/1/2026
ACC0000001814,CUST00000145,BR0009,WALLET,ACTIVE,10/20/2024,NPR,1/1/2026
ACC0000001815,CUST00001916,BR0010,LOAN,ACTIVE,9/24/2021,NPR,1/1/2026
ACC0000001816,CUST00003010,BR0009,WALLET,ACTIVE,3/31/2020,NPR,1/1/2026
ACC0000001817,CUST00001260,BR0011,CURRENT,ACTIVE,2/17/2024,NPR,1/1/2026
ACC0000001818,CUST00002248,BR0025,SAVINGS,ACTIVE,5/19/2020,NPR,1/1/2026
ACC0000001819,CUST00002964,BR0034,CURRENT,ACTIVE,5/14/2023,NPR,1/1/2026
ACC0000001820,CUST00002346,BR0025,SALARY,ACTIVE,1/12/2023,NPR,1/1/2026
ACC0000001821,CUST00001920,BR0029,SAVINGS,ACTIVE,12/24/2022,NPR,1/1/2026
ACC0000001822,CUST00003125,BR0008,CURRENT,ACTIVE,11/8/2023,NPR,1/1/2026
ACC0000001823,CUST00002167,BR0019,SALARY,ACTIVE,7/9/2024,NPR,1/1/2026
ACC0000001824,CUST00004967,BR0020,CURRENT,ACTIVE,9/3/2020,NPR,1/1/2026
ACC0000001825,CUST00001322,BR0031,SAVINGS,DORMANT,10/15/2020,NPR,1/1/2026
ACC0000001826,CUST00000435,BR0019,SAVINGS,CLOSED,9/2/2021,NPR,1/1/2026
ACC0000001827,CUST00003212,BR0014,WALLET,ACTIVE,9/11/2021,NPR,1/1/2026
ACC0000001828,CUST00000233,BR0008,SAVINGS,ACTIVE,4/2/2023,NPR,1/1/2026
ACC0000001829,CUST00004999,BR0022,SALARY,ACTIVE,12/21/2019,NPR,1/1/2026
ACC0000001830,CUST00002506,BR0038,LOAN,ACTIVE,12/3/2023,NPR,1/1/2026
ACC0000001831,CUST00002146,BR0021,LOAN,ACTIVE,4/1/2025,NPR,1/1/2026
ACC0000001832,CUST00001871,BR0001,SALARY,DORMANT,12/16/2021,NPR,1/1/2026
ACC0000001833,CUST00002839,BR0020,SALARY,ACTIVE,6/1/2021,NPR,1/1/2026
ACC0000001834,CUST00001863,BR0013,SALARY,ACTIVE,5/10/2025,NPR,1/1/2026
ACC0000001835,CUST00003030,BR0011,LOAN,ACTIVE,10/28/2023,NPR,1/1/2026
ACC0000001836,CUST00002994,BR0026,SALARY,ACTIVE,9/10/2020,NPR,1/1/2026
ACC0000001837,CUST00003836,BR0024,SAVINGS,ACTIVE,11/19/2023,NPR,1/1/2026
ACC0000001838,CUST00002770,BR0011,LOAN,ACTIVE,12/3/2024,NPR,1/1/2026
ACC0000001839,CUST00002089,BR0023,SAVINGS,ACTIVE,5/3/2020,NPR,1/1/2026
ACC0000001840,CUST00000391,BR0008,WALLET,ACTIVE,4/10/2023,NPR,1/1/2026
ACC0000001841,CUST00001548,BR0005,LOAN,ACTIVE,11/23/2023,NPR,1/1/2026
ACC0000001842,CUST00004216,BR0014,CURRENT,ACTIVE,10/27/2025,NPR,1/1/2026
ACC0000001843,CUST00003567,BR0027,SAVINGS,ACTIVE,12/19/2025,NPR,1/1/2026
ACC0000001844,CUST00002211,BR0035,CURRENT,CLOSED,7/1/2023,NPR,1/1/2026
ACC0000001845,CUST00003619,BR0026,SAVINGS,ACTIVE,5/24/2025,NPR,1/1/2026
ACC0000001846,CUST00003029,BR0004,CURRENT,ACTIVE,9/8/2024,NPR,1/1/2026
ACC0000001847,CUST00004262,BR0011,SALARY,ACTIVE,12/28/2024,NPR,1/1/2026
ACC0000001848,CUST00004583,BR0019,SAVINGS,ACTIVE,7/17/2023,NPR,1/1/2026
ACC0000001849,CUST00001732,BR0031,WALLET,ACTIVE,11/29/2022,NPR,1/1/2026
ACC0000001850,CUST00001256,BR0037,CURRENT,DORMANT,5/25/2019,NPR,1/1/2026
ACC0000001851,CUST00003845,BR0006,CURRENT,DORMANT,10/16/2020,NPR,1/1/2026
ACC0000001852,CUST00004038,BR0023,CURRENT,ACTIVE,7/19/2024,NPR,1/1/2026
ACC0000001853,CUST00000515,BR0011,WALLET,ACTIVE,3/17/2025,NPR,1/1/2026
ACC0000001854,CUST00001932,BR0015,CURRENT,ACTIVE,7/20/2025,NPR,1/1/2026
ACC0000001855,CUST00004749,BR0006,LOAN,ACTIVE,11/26/2022,NPR,1/1/2026
ACC0000001856,CUST00001710,BR0001,CURRENT,ACTIVE,8/5/2020,NPR,1/1/2026
ACC0000001857,CUST00001376,BR0032,LOAN,ACTIVE,10/25/2024,NPR,1/1/2026
ACC0000001858,CUST00004445,BR0020,CURRENT,CLOSED,1/2/2025,NPR,1/1/2026
ACC0000001859,CUST00001416,BR0012,SALARY,ACTIVE,3/28/2020,NPR,1/1/2026
ACC0000001860,CUST00003527,BR0017,SAVINGS,DORMANT,12/31/2023,NPR,1/1/2026
ACC0000001861,CUST00001544,BR0036,SAVINGS,ACTIVE,9/19/2025,NPR,1/1/2026
ACC0000001862,CUST00004422,BR0034,CURRENT,ACTIVE,12/7/2021,NPR,1/1/2026
ACC0000001863,CUST00003214,BR0037,SALARY,ACTIVE,6/7/2020,NPR,1/1/2026
ACC0000001864,CUST00004882,BR0033,LOAN,ACTIVE,5/17/2020,NPR,1/1/2026
ACC0000001865,CUST00001055,BR0031,WALLET,ACTIVE,3/20/2021,NPR,1/1/2026
ACC0000001866,CUST00002418,BR0018,LOAN,ACTIVE,2/3/2021,NPR,1/1/2026
ACC0000001867,CUST00004002,BR0010,LOAN,ACTIVE,5/23/2022,NPR,1/1/2026
ACC0000001868,CUST00001226,BR0002,WALLET,ACTIVE,10/22/2020,NPR,1/1/2026
ACC0000001869,CUST00001558,BR0006,CURRENT,ACTIVE,7/8/2019,NPR,1/1/2026
ACC0000001870,CUST00002770,BR0016,SALARY,ACTIVE,5/30/2024,NPR,1/1/2026
ACC0000001871,CUST00001201,BR0035,SAVINGS,ACTIVE,4/10/2020,NPR,1/1/2026
ACC0000001872,CUST00004733,BR0020,SAVINGS,ACTIVE,6/8/2020,NPR,1/1/2026
ACC0000001873,CUST00003686,BR0037,WALLET,ACTIVE,1/23/2021,NPR,1/1/2026
ACC0000001874,CUST00004104,BR0037,WALLET,ACTIVE,4/11/2020,NPR,1/1/2026
ACC0000001875,CUST00000514,BR0018,SAVINGS,ACTIVE,7/25/2024,NPR,1/1/2026
ACC0000001876,CUST00001852,BR0031,SAVINGS,ACTIVE,7/21/2022,NPR,1/1/2026
ACC0000001877,CUST00000548,BR0001,LOAN,ACTIVE,9/26/2025,NPR,1/1/2026
ACC0000001878,CUST00003008,BR0012,CURRENT,ACTIVE,11/1/2019,NPR,1/1/2026
ACC0000001879,CUST00001278,BR0005,LOAN,ACTIVE,5/12/2019,NPR,1/1/2026
ACC0000001880,CUST00002308,BR0013,WALLET,ACTIVE,7/17/2019,NPR,1/1/2026
ACC0000001881,CUST00001864,BR0012,LOAN,ACTIVE,6/3/2019,NPR,1/1/2026
ACC0000001882,CUST00003083,BR0029,SAVINGS,ACTIVE,2/11/2025,NPR,1/1/2026
ACC0000001883,CUST00001580,BR0017,WALLET,ACTIVE,12/20/2024,NPR,1/1/2026
ACC0000001884,CUST00003214,BR0038,SALARY,ACTIVE,3/19/2024,NPR,1/1/2026
ACC0000001885,CUST00000711,BR0019,LOAN,DORMANT,9/30/2020,NPR,1/1/2026
ACC0000001886,CUST00004013,BR0025,SALARY,CLOSED,3/12/2019,NPR,1/1/2026
ACC0000001887,CUST00000196,BR0038,SALARY,ACTIVE,1/28/2023,NPR,1/1/2026
ACC0000001888,CUST00004798,BR0024,CURRENT,ACTIVE,4/20/2025,NPR,1/1/2026
ACC0000001889,CUST00004259,BR0009,SALARY,ACTIVE,6/13/2021,NPR,1/1/2026
ACC0000001890,CUST00003229,BR0011,LOAN,ACTIVE,8/8/2020,NPR,1/1/2026
ACC0000001891,CUST00001193,BR0005,SALARY,DORMANT,3/1/2021,NPR,1/1/2026
ACC0000001892,CUST00001548,BR0010,CURRENT,ACTIVE,6/4/2022,NPR,1/1/2026
ACC0000001893,CUST00003734,BR0011,WALLET,ACTIVE,9/30/2022,NPR,1/1/2026
ACC0000001894,CUST00002716,BR0007,LOAN,ACTIVE,9/22/2025,NPR,1/1/2026
ACC0000001895,CUST00001372,BR0021,SALARY,ACTIVE,12/24/2024,NPR,1/1/2026
ACC0000001896,CUST00000954,BR0010,SALARY,ACTIVE,3/27/2023,NPR,1/1/2026
ACC0000001897,CUST00004140,BR0039,LOAN,ACTIVE,11/27/2021,NPR,1/1/2026
ACC0000001898,CUST00003966,BR0008,LOAN,ACTIVE,12/1/2022,NPR,1/1/2026
ACC0000001899,CUST00001817,BR0006,SALARY,ACTIVE,6/10/2020,NPR,1/1/2026
ACC0000001900,CUST00002404,BR0030,WALLET,ACTIVE,12/10/2020,NPR,1/1/2026
ACC0000001901,CUST00001114,BR0032,SALARY,ACTIVE,8/23/2025,NPR,1/1/2026
ACC0000001902,CUST00002999,BR0026,SAVINGS,ACTIVE,3/1/2024,NPR,1/1/2026
ACC0000001903,CUST00004585,BR0027,LOAN,ACTIVE,11/7/2021,NPR,1/1/2026
ACC0000001904,CUST00004985,BR0038,LOAN,ACTIVE,1/26/2021,NPR,1/1/2026
ACC0000001905,CUST00000614,BR0025,WALLET,ACTIVE,3/7/2019,NPR,1/1/2026
ACC0000001906,CUST00002920,BR0023,CURRENT,ACTIVE,4/12/2019,NPR,1/1/2026
ACC0000001907,CUST00000318,BR0013,WALLET,ACTIVE,8/27/2022,NPR,1/1/2026
ACC0000001908,CUST00001164,BR0008,CURRENT,ACTIVE,2/13/2024,NPR,1/1/2026
ACC0000001909,CUST00001047,BR0017,SAVINGS,ACTIVE,8/20/2025,NPR,1/1/2026
ACC0000001910,CUST00004162,BR0010,WALLET,ACTIVE,8/8/2021,NPR,1/1/2026
ACC0000001911,CUST00002822,BR0006,SALARY,ACTIVE,8/23/2022,NPR,1/1/2026
ACC0000001912,CUST00000851,BR0020,LOAN,ACTIVE,8/24/2023,NPR,1/1/2026
ACC0000001913,CUST00000135,BR0024,CURRENT,ACTIVE,4/15/2021,NPR,1/1/2026
ACC0000001914,CUST00002163,BR0038,LOAN,ACTIVE,7/28/2021,NPR,1/1/2026
ACC0000001915,CUST00002068,BR0002,LOAN,ACTIVE,10/12/2025,NPR,1/1/2026
ACC0000001916,CUST00002806,BR0018,CURRENT,ACTIVE,11/23/2019,NPR,1/1/2026
ACC0000001917,CUST00001459,BR0021,LOAN,ACTIVE,9/5/2024,NPR,1/1/2026
ACC0000001918,CUST00001637,BR0023,SALARY,ACTIVE,7/4/2024,NPR,1/1/2026
ACC0000001919,CUST00004466,BR0034,SALARY,ACTIVE,11/8/2023,NPR,1/1/2026
ACC0000001920,CUST00004653,BR0008,LOAN,ACTIVE,4/13/2022,NPR,1/1/2026
ACC0000001921,CUST00002957,BR0021,SALARY,ACTIVE,5/26/2024,NPR,1/1/2026
ACC0000001922,CUST00001959,BR0023,WALLET,ACTIVE,1/23/2022,NPR,1/1/2026
ACC0000001923,CUST00001727,BR0035,LOAN,ACTIVE,11/29/2021,NPR,1/1/2026
ACC0000001924,CUST00003028,BR0014,WALLET,ACTIVE,3/3/2023,NPR,1/1/2026
ACC0000001925,CUST00000641,BR0011,WALLET,ACTIVE,5/19/2021,NPR,1/1/2026
ACC0000001926,CUST00004358,BR0014,LOAN,ACTIVE,12/11/2019,NPR,1/1/2026
ACC0000001927,CUST00003696,BR0013,LOAN,ACTIVE,12/4/2019,NPR,1/1/2026
ACC0000001928,CUST00001204,BR0022,WALLET,ACTIVE,12/7/2019,NPR,1/1/2026
ACC0000001929,CUST00002632,BR0025,SALARY,ACTIVE,3/18/2023,NPR,1/1/2026
ACC0000001930,CUST00000813,BR0036,SALARY,ACTIVE,10/28/2023,NPR,1/1/2026
ACC0000001931,CUST00004409,BR0009,SALARY,ACTIVE,5/29/2022,NPR,1/1/2026
ACC0000001932,CUST00001324,BR0038,LOAN,ACTIVE,12/27/2019,NPR,1/1/2026
ACC0000001933,CUST00002859,BR0015,WALLET,ACTIVE,7/30/2020,NPR,1/1/2026
ACC0000001934,CUST00002045,BR0021,LOAN,ACTIVE,4/21/2021,NPR,1/1/2026
ACC0000001935,CUST00004346,BR0004,SAVINGS,ACTIVE,8/31/2024,NPR,1/1/2026
ACC0000001936,CUST00002912,BR0028,CURRENT,ACTIVE,10/30/2020,NPR,1/1/2026
ACC0000001937,CUST00000748,BR0015,LOAN,ACTIVE,12/17/2023,NPR,1/1/2026
ACC0000001938,CUST00002205,BR0019,SALARY,CLOSED,4/17/2020,NPR,1/1/2026
ACC0000001939,CUST00001624,BR0013,SALARY,ACTIVE,7/7/2025,NPR,1/1/2026
ACC0000001940,CUST00002217,BR0005,LOAN,ACTIVE,5/19/2025,NPR,1/1/2026
ACC0000001941,CUST00002780,BR0017,LOAN,ACTIVE,7/24/2021,NPR,1/1/2026
ACC0000001942,CUST00003332,BR0033,WALLET,ACTIVE,5/3/2024,NPR,1/1/2026
ACC0000001943,CUST00003109,BR0003,CURRENT,ACTIVE,10/4/2019,NPR,1/1/2026
ACC0000001944,CUST00003294,BR0015,SALARY,ACTIVE,6/18/2021,NPR,1/1/2026
ACC0000001945,CUST00003720,BR0015,SAVINGS,ACTIVE,8/16/2019,NPR,1/1/2026
ACC0000001946,CUST00004704,BR0035,LOAN,ACTIVE,4/12/2022,NPR,1/1/2026
ACC0000001947,CUST00004942,BR0006,LOAN,ACTIVE,12/28/2021,NPR,1/1/2026
ACC0000001948,CUST00001879,BR0023,LOAN,ACTIVE,7/20/2024,NPR,1/1/2026
ACC0000001949,CUST00000497,BR0024,SAVINGS,DORMANT,6/26/2021,NPR,1/1/2026
ACC0000001950,CUST00002651,BR0016,SAVINGS,ACTIVE,12/29/2020,NPR,1/1/2026
ACC0000001951,CUST00004396,BR0013,SAVINGS,ACTIVE,9/15/2022,NPR,1/1/2026
ACC0000001952,CUST00002936,BR0005,LOAN,ACTIVE,7/19/2022,NPR,1/1/2026
ACC0000001953,CUST00002542,BR0010,SAVINGS,ACTIVE,11/14/2021,NPR,1/1/2026
ACC0000001954,CUST00004603,BR0029,SALARY,ACTIVE,1/11/2022,NPR,1/1/2026
ACC0000001955,CUST00004769,BR0021,SALARY,CLOSED,11/1/2022,NPR,1/1/2026
ACC0000001956,CUST00003389,BR0019,SALARY,CLOSED,1/29/2025,NPR,1/1/2026
ACC0000001957,CUST00001990,BR0016,LOAN,ACTIVE,9/12/2019,NPR,1/1/2026
ACC0000001958,CUST00000475,BR0017,SALARY,ACTIVE,12/5/2025,NPR,1/1/2026
ACC0000001959,CUST00003514,BR0027,SALARY,ACTIVE,11/23/2024,NPR,1/1/2026
ACC0000001960,CUST00001188,BR0027,SALARY,ACTIVE,10/4/2019,NPR,1/1/2026
ACC0000001961,CUST00001042,BR0026,WALLET,ACTIVE,10/1/2023,NPR,1/1/2026
ACC0000001962,CUST00003568,BR0036,WALLET,ACTIVE,12/9/2023,NPR,1/1/2026
ACC0000001963,CUST00002078,BR0023,LOAN,DORMANT,5/25/2019,NPR,1/1/2026
ACC0000001964,CUST00002791,BR0031,CURRENT,ACTIVE,5/18/2024,NPR,1/1/2026
ACC0000001965,CUST00003201,BR0023,SAVINGS,CLOSED,7/29/2022,NPR,1/1/2026
ACC0000001966,CUST00003170,BR0039,CURRENT,ACTIVE,7/7/2025,NPR,1/1/2026
ACC0000001967,CUST00003634,BR0026,WALLET,ACTIVE,7/25/2024,NPR,1/1/2026
ACC0000001968,CUST00001969,BR0009,CURRENT,ACTIVE,8/3/2023,NPR,1/1/2026
ACC0000001969,CUST00001948,BR0038,SALARY,ACTIVE,4/8/2019,NPR,1/1/2026
ACC0000001970,CUST00004382,BR0011,CURRENT,ACTIVE,3/30/2025,NPR,1/1/2026
ACC0000001971,CUST00002237,BR0008,CURRENT,ACTIVE,3/21/2022,NPR,1/1/2026
ACC0000001972,CUST00003511,BR0006,LOAN,ACTIVE,2/2/2021,NPR,1/1/2026
ACC0000001973,CUST00004545,BR0004,SALARY,ACTIVE,8/11/2025,NPR,1/1/2026
ACC0000001974,CUST00002972,BR0020,LOAN,ACTIVE,6/1/2020,NPR,1/1/2026
ACC0000001975,CUST00003687,BR0036,SAVINGS,ACTIVE,9/28/2025,NPR,1/1/2026
ACC0000001976,CUST00003176,BR0021,LOAN,ACTIVE,9/20/2024,NPR,1/1/2026
ACC0000001977,CUST00003786,BR0038,SAVINGS,ACTIVE,8/17/2024,NPR,1/1/2026
ACC0000001978,CUST00002993,BR0034,SAVINGS,ACTIVE,5/12/2019,NPR,1/1/2026
ACC0000001979,CUST00002278,BR0022,SAVINGS,ACTIVE,6/27/2024,NPR,1/1/2026
ACC0000001980,CUST00001728,BR0010,SALARY,ACTIVE,12/11/2025,NPR,1/1/2026
ACC0000001981,CUST00000016,BR0007,CURRENT,ACTIVE,6/16/2021,NPR,1/1/2026
ACC0000001982,CUST00000883,BR0011,SALARY,ACTIVE,5/9/2025,NPR,1/1/2026
ACC0000001983,CUST00004046,BR0015,LOAN,ACTIVE,4/6/2024,NPR,1/1/2026
ACC0000001984,CUST00002212,BR0039,LOAN,DORMANT,11/10/2021,NPR,1/1/2026
ACC0000001985,CUST00003988,BR0039,SAVINGS,ACTIVE,11/25/2020,NPR,1/1/2026
ACC0000001986,CUST00004545,BR0003,SALARY,ACTIVE,8/3/2024,NPR,1/1/2026
ACC0000001987,CUST00002874,BR0004,WALLET,ACTIVE,11/6/2022,NPR,1/1/2026
ACC0000001988,CUST00001679,BR0034,WALLET,CLOSED,4/3/2023,NPR,1/1/2026
ACC0000001989,CUST00004402,BR0009,CURRENT,ACTIVE,7/23/2023,NPR,1/1/2026
ACC0000001990,CUST00003666,BR0012,CURRENT,DORMANT,7/24/2022,NPR,1/1/2026
ACC0000001991,CUST00001527,BR0013,LOAN,ACTIVE,1/1/2024,NPR,1/1/2026
ACC0000001992,CUST00000707,BR0015,WALLET,ACTIVE,2/25/2023,NPR,1/1/2026
ACC0000001993,CUST00004751,BR0039,CURRENT,BLOCKED,3/8/2025,NPR,1/1/2026
ACC0000001994,CUST00003719,BR0004,SALARY,ACTIVE,5/3/2024,NPR,1/1/2026
ACC0000001995,CUST00000198,BR0008,SALARY,BLOCKED,11/19/2020,NPR,1/1/2026
ACC0000001996,CUST00002933,BR0028,SALARY,ACTIVE,9/21/2020,NPR,1/1/2026
ACC0000001997,CUST00003885,BR0024,LOAN,ACTIVE,7/5/2022,NPR,1/1/2026
ACC0000001998,CUST00000447,BR0031,SAVINGS,ACTIVE,4/12/2024,NPR,1/1/2026
ACC0000001999,CUST00001183,BR0003,SAVINGS,ACTIVE,7/12/2019,NPR,1/1/2026
ACC0000002000,CUST00003921,BR0033,LOAN,ACTIVE,10/5/2024,NPR,1/1/2026
ACC0000002001,CUST00004061,BR0002,CURRENT,ACTIVE,7/29/2019,NPR,1/1/2026
ACC0000002002,CUST00004689,BR0019,LOAN,CLOSED,3/14/2019,NPR,1/1/2026
ACC0000002003,CUST00000883,BR0003,LOAN,DORMANT,3/8/2019,NPR,1/1/2026
ACC0000002004,CUST00003271,BR0018,SAVINGS,ACTIVE,9/18/2020,NPR,1/1/2026
ACC0000002005,CUST00004951,BR0027,SAVINGS,ACTIVE,7/20/2021,NPR,1/1/2026
ACC0000002006,CUST00001933,BR0006,SALARY,ACTIVE,7/19/2025,NPR,1/1/2026
ACC0000002007,CUST00003879,BR0035,SAVINGS,CLOSED,10/15/2020,NPR,1/1/2026
ACC0000002008,CUST00004915,BR0003,LOAN,ACTIVE,5/19/2023,NPR,1/1/2026
ACC0000002009,CUST00004033,BR0033,LOAN,ACTIVE,1/30/2025,NPR,1/1/2026
ACC0000002010,CUST00000483,BR0040,SAVINGS,ACTIVE,7/7/2022,NPR,1/1/2026
ACC0000002011,CUST00000831,BR0034,SAVINGS,ACTIVE,10/7/2024,NPR,1/1/2026
ACC0000002012,CUST00000428,BR0021,WALLET,ACTIVE,8/24/2021,NPR,1/1/2026
ACC0000002013,CUST00004947,BR0024,LOAN,ACTIVE,5/22/2023,NPR,1/1/2026
ACC0000002014,CUST00003488,BR0024,SALARY,ACTIVE,10/3/2024,NPR,1/1/2026
ACC0000002015,CUST00002033,BR0033,SALARY,ACTIVE,10/13/2022,NPR,1/1/2026
ACC0000002016,CUST00003955,BR0020,WALLET,ACTIVE,12/6/2022,NPR,1/1/2026
ACC0000002017,CUST00003642,BR0006,LOAN,ACTIVE,8/7/2022,NPR,1/1/2026
ACC0000002018,CUST00004009,BR0002,CURRENT,ACTIVE,2/18/2025,NPR,1/1/2026
ACC0000002019,CUST00003267,BR0020,LOAN,ACTIVE,3/13/2021,NPR,1/1/2026
ACC0000002020,CUST00003008,BR0026,SALARY,ACTIVE,11/8/2025,NPR,1/1/2026
ACC0000002021,CUST00004979,BR0006,WALLET,ACTIVE,10/19/2025,NPR,1/1/2026
ACC0000002022,CUST00003492,BR0017,LOAN,ACTIVE,10/6/2020,NPR,1/1/2026
ACC0000002023,CUST00002992,BR0013,SALARY,ACTIVE,9/29/2023,NPR,1/1/2026
ACC0000002024,CUST00002886,BR0004,WALLET,ACTIVE,8/13/2025,NPR,1/1/2026
ACC0000002025,CUST00003175,BR0032,CURRENT,ACTIVE,1/10/2023,NPR,1/1/2026
ACC0000002026,CUST00000258,BR0005,SAVINGS,CLOSED,11/10/2019,NPR,1/1/2026
ACC0000002027,CUST00001438,BR0007,SAVINGS,ACTIVE,12/29/2023,NPR,1/1/2026
ACC0000002028,CUST00001021,BR0009,LOAN,ACTIVE,4/25/2021,NPR,1/1/2026
ACC0000002029,CUST00001022,BR0036,CURRENT,DORMANT,9/9/2024,NPR,1/1/2026
ACC0000002030,CUST00002491,BR0028,SAVINGS,ACTIVE,7/16/2021,NPR,1/1/2026
ACC0000002031,CUST00001920,BR0024,CURRENT,DORMANT,1/27/2020,NPR,1/1/2026
ACC0000002032,CUST00000236,BR0012,CURRENT,ACTIVE,9/26/2019,NPR,1/1/2026
ACC0000002033,CUST00000176,BR0031,SAVINGS,ACTIVE,12/27/2025,NPR,1/1/2026
ACC0000002034,CUST00001083,BR0013,WALLET,ACTIVE,6/14/2023,NPR,1/1/2026
ACC0000002035,CUST00000523,BR0024,SALARY,ACTIVE,10/19/2023,NPR,1/1/2026
ACC0000002036,CUST00001543,BR0019,LOAN,ACTIVE,1/2/2025,NPR,1/1/2026
ACC0000002037,CUST00001192,BR0021,CURRENT,ACTIVE,3/24/2025,NPR,1/1/2026
ACC0000002038,CUST00000071,BR0017,SAVINGS,ACTIVE,7/22/2025,NPR,1/1/2026
ACC0000002039,CUST00004119,BR0021,CURRENT,ACTIVE,3/27/2025,NPR,1/1/2026
ACC0000002040,CUST00004594,BR0030,SAVINGS,DORMANT,3/21/2022,NPR,1/1/2026
ACC0000002041,CUST00001355,BR0039,SAVINGS,ACTIVE,5/26/2025,NPR,1/1/2026
ACC0000002042,CUST00003724,BR0018,CURRENT,DORMANT,2/4/2021,NPR,1/1/2026
ACC0000002043,CUST00003081,BR0005,SALARY,ACTIVE,3/11/2019,NPR,1/1/2026
ACC0000002044,CUST00001226,BR0037,LOAN,ACTIVE,9/15/2023,NPR,1/1/2026
ACC0000002045,CUST00003683,BR0005,SAVINGS,ACTIVE,7/23/2020,NPR,1/1/2026
ACC0000002046,CUST00000603,BR0029,LOAN,ACTIVE,1/15/2024,NPR,1/1/2026
ACC0000002047,CUST00000487,BR0029,SALARY,ACTIVE,7/13/2024,NPR,1/1/2026
ACC0000002048,CUST00004523,BR0019,CURRENT,ACTIVE,3/21/2024,NPR,1/1/2026
ACC0000002049,CUST00003977,BR0019,SAVINGS,ACTIVE,4/18/2020,NPR,1/1/2026
ACC0000002050,CUST00000938,BR0038,WALLET,ACTIVE,7/2/2020,NPR,1/1/2026
ACC0000002051,CUST00003641,BR0030,LOAN,ACTIVE,5/28/2023,NPR,1/1/2026
ACC0000002052,CUST00000743,BR0007,LOAN,ACTIVE,4/15/2022,NPR,1/1/2026
ACC0000002053,CUST00000515,BR0019,LOAN,ACTIVE,3/19/2025,NPR,1/1/2026
ACC0000002054,CUST00003292,BR0032,SAVINGS,CLOSED,1/26/2025,NPR,1/1/2026
ACC0000002055,CUST00003099,BR0012,WALLET,ACTIVE,7/7/2023,NPR,1/1/2026
ACC0000002056,CUST00003680,BR0006,SALARY,ACTIVE,8/10/2022,NPR,1/1/2026
ACC0000002057,CUST00002647,BR0029,SALARY,ACTIVE,9/20/2024,NPR,1/1/2026
ACC0000002058,CUST00000981,BR0005,CURRENT,ACTIVE,4/24/2025,NPR,1/1/2026
ACC0000002059,CUST00003296,BR0029,SALARY,ACTIVE,5/4/2020,NPR,1/1/2026
ACC0000002060,CUST00000569,BR0035,WALLET,ACTIVE,12/30/2025,NPR,1/1/2026
ACC0000002061,CUST00004829,BR0020,WALLET,DORMANT,7/9/2023,NPR,1/1/2026
ACC0000002062,CUST00000937,BR0015,LOAN,ACTIVE,3/15/2024,NPR,1/1/2026
ACC0000002063,CUST00000091,BR0012,CURRENT,ACTIVE,10/27/2024,NPR,1/1/2026
ACC0000002064,CUST00003934,BR0022,LOAN,ACTIVE,4/7/2020,NPR,1/1/2026
ACC0000002065,CUST00001480,BR0017,SAVINGS,ACTIVE,8/16/2020,NPR,1/1/2026
ACC0000002066,CUST00002082,BR0005,SALARY,ACTIVE,11/3/2025,NPR,1/1/2026
ACC0000002067,CUST00003990,BR0018,CURRENT,ACTIVE,10/4/2020,NPR,1/1/2026
ACC0000002068,CUST00004466,BR0033,CURRENT,ACTIVE,2/25/2022,NPR,1/1/2026
ACC0000002069,CUST00000647,BR0010,WALLET,ACTIVE,12/9/2020,NPR,1/1/2026
ACC0000002070,CUST00000809,BR0029,SALARY,ACTIVE,2/12/2023,NPR,1/1/2026
ACC0000002071,CUST00003405,BR0015,WALLET,ACTIVE,4/2/2021,NPR,1/1/2026
ACC0000002072,CUST00003478,BR0037,LOAN,ACTIVE,6/21/2022,NPR,1/1/2026
ACC0000002073,CUST00002303,BR0007,LOAN,ACTIVE,7/17/2021,NPR,1/1/2026
ACC0000002074,CUST00003357,BR0027,SAVINGS,ACTIVE,12/2/2019,NPR,1/1/2026
ACC0000002075,CUST00001513,BR0023,CURRENT,ACTIVE,1/17/2021,NPR,1/1/2026
ACC0000002076,CUST00002645,BR0021,SAVINGS,ACTIVE,1/17/2022,NPR,1/1/2026
ACC0000002077,CUST00001763,BR0006,CURRENT,ACTIVE,5/5/2022,NPR,1/1/2026
ACC0000002078,CUST00001492,BR0011,CURRENT,ACTIVE,11/8/2023,NPR,1/1/2026
ACC0000002079,CUST00001520,BR0027,SAVINGS,ACTIVE,1/2/2022,NPR,1/1/2026
ACC0000002080,CUST00004374,BR0015,LOAN,ACTIVE,1/18/2024,NPR,1/1/2026
ACC0000002081,CUST00002220,BR0019,SAVINGS,ACTIVE,10/3/2025,NPR,1/1/2026
ACC0000002082,CUST00004375,BR0032,WALLET,ACTIVE,7/5/2020,NPR,1/1/2026
ACC0000002083,CUST00004511,BR0034,SAVINGS,ACTIVE,10/3/2022,NPR,1/1/2026
ACC0000002084,CUST00001642,BR0018,SALARY,ACTIVE,1/4/2021,NPR,1/1/2026
ACC0000002085,CUST00000438,BR0031,CURRENT,ACTIVE,11/16/2024,NPR,1/1/2026
ACC0000002086,CUST00000957,BR0018,WALLET,ACTIVE,3/17/2020,NPR,1/1/2026
ACC0000002087,CUST00003282,BR0038,LOAN,ACTIVE,7/26/2022,NPR,1/1/2026
ACC0000002088,CUST00002735,BR0024,WALLET,ACTIVE,2/5/2025,NPR,1/1/2026
ACC0000002089,CUST00001054,BR0023,CURRENT,ACTIVE,10/25/2023,NPR,1/1/2026
ACC0000002090,CUST00002902,BR0037,WALLET,ACTIVE,6/1/2022,NPR,1/1/2026
ACC0000002091,CUST00003618,BR0009,SALARY,ACTIVE,12/21/2021,NPR,1/1/2026
ACC0000002092,CUST00004526,BR0010,LOAN,ACTIVE,7/12/2021,NPR,1/1/2026
ACC0000002093,CUST00004158,BR0002,SALARY,ACTIVE,5/6/2025,NPR,1/1/2026
ACC0000002094,CUST00003050,BR0039,SALARY,ACTIVE,3/2/2025,NPR,1/1/2026
ACC0000002095,CUST00001217,BR0011,SALARY,ACTIVE,5/26/2025,NPR,1/1/2026
ACC0000002096,CUST00002325,BR0010,CURRENT,ACTIVE,9/19/2019,NPR,1/1/2026
ACC0000002097,CUST00003788,BR0031,CURRENT,DORMANT,11/9/2023,NPR,1/1/2026
ACC0000002098,CUST00000874,BR0037,CURRENT,BLOCKED,10/3/2022,NPR,1/1/2026
ACC0000002099,CUST00002895,BR0006,CURRENT,ACTIVE,1/14/2024,NPR,1/1/2026
ACC0000002100,CUST00002320,BR0019,LOAN,ACTIVE,1/14/2025,NPR,1/1/2026
ACC0000002101,CUST00003697,BR0011,LOAN,ACTIVE,4/11/2022,NPR,1/1/2026
ACC0000002102,CUST00003914,BR0016,WALLET,ACTIVE,3/7/2019,NPR,1/1/2026
ACC0000002103,CUST00004290,BR0038,WALLET,ACTIVE,12/18/2020,NPR,1/1/2026
ACC0000002104,CUST00002774,BR0004,LOAN,ACTIVE,9/18/2019,NPR,1/1/2026
ACC0000002105,CUST00004958,BR0031,CURRENT,ACTIVE,11/26/2021,NPR,1/1/2026
ACC0000002106,CUST00002694,BR0022,LOAN,ACTIVE,11/30/2020,NPR,1/1/2026
ACC0000002107,CUST00000509,BR0020,SAVINGS,ACTIVE,11/1/2025,NPR,1/1/2026
ACC0000002108,CUST00004988,BR0030,LOAN,ACTIVE,11/26/2020,NPR,1/1/2026
ACC0000002109,CUST00000251,BR0025,LOAN,DORMANT,2/10/2020,NPR,1/1/2026
ACC0000002110,CUST00001769,BR0025,SAVINGS,ACTIVE,6/14/2022,NPR,1/1/2026
ACC0000002111,CUST00003444,BR0002,CURRENT,ACTIVE,4/20/2023,NPR,1/1/2026
ACC0000002112,CUST00001207,BR0007,SAVINGS,ACTIVE,8/27/2022,NPR,1/1/2026
ACC0000002113,CUST00003775,BR0015,WALLET,ACTIVE,10/4/2022,NPR,1/1/2026
ACC0000002114,CUST00003131,BR0027,SALARY,DORMANT,6/3/2020,NPR,1/1/2026
ACC0000002115,CUST00001907,BR0010,SAVINGS,BLOCKED,2/23/2024,NPR,1/1/2026
ACC0000002116,CUST00003879,BR0040,SAVINGS,ACTIVE,11/28/2023,NPR,1/1/2026
ACC0000002117,CUST00000334,BR0024,SAVINGS,ACTIVE,10/23/2021,NPR,1/1/2026
ACC0000002118,CUST00002072,BR0007,CURRENT,ACTIVE,5/7/2019,NPR,1/1/2026
ACC0000002119,CUST00004447,BR0028,SAVINGS,ACTIVE,3/8/2025,NPR,1/1/2026
ACC0000002120,CUST00000046,BR0017,SAVINGS,ACTIVE,8/8/2023,NPR,1/1/2026
ACC0000002121,CUST00000331,BR0018,LOAN,ACTIVE,2/17/2022,NPR,1/1/2026
ACC0000002122,CUST00003537,BR0001,WALLET,ACTIVE,9/25/2023,NPR,1/1/2026
ACC0000002123,CUST00002392,BR0034,LOAN,ACTIVE,11/9/2020,NPR,1/1/2026
ACC0000002124,CUST00004841,BR0004,CURRENT,ACTIVE,3/29/2022,NPR,1/1/2026
ACC0000002125,CUST00001646,BR0025,CURRENT,DORMANT,3/31/2024,NPR,1/1/2026
ACC0000002126,CUST00003557,BR0040,LOAN,ACTIVE,3/29/2025,NPR,1/1/2026
ACC0000002127,CUST00003456,BR0024,CURRENT,ACTIVE,11/11/2019,NPR,1/1/2026
ACC0000002128,CUST00001531,BR0015,LOAN,ACTIVE,6/3/2022,NPR,1/1/2026
ACC0000002129,CUST00001805,BR0003,WALLET,ACTIVE,4/26/2025,NPR,1/1/2026
ACC0000002130,CUST00001455,BR0025,CURRENT,ACTIVE,7/2/2023,NPR,1/1/2026
ACC0000002131,CUST00004536,BR0009,LOAN,ACTIVE,3/9/2019,NPR,1/1/2026
ACC0000002132,CUST00002529,BR0018,SALARY,ACTIVE,5/29/2024,NPR,1/1/2026
ACC0000002133,CUST00000748,BR0012,SALARY,CLOSED,5/13/2021,NPR,1/1/2026
ACC0000002134,CUST00004106,BR0037,CURRENT,DORMANT,7/23/2025,NPR,1/1/2026
ACC0000002135,CUST00004307,BR0005,LOAN,ACTIVE,4/1/2019,NPR,1/1/2026
ACC0000002136,CUST00001317,BR0027,LOAN,ACTIVE,11/23/2022,NPR,1/1/2026
ACC0000002137,CUST00001757,BR0002,SALARY,ACTIVE,5/26/2020,NPR,1/1/2026
ACC0000002138,CUST00004455,BR0033,SAVINGS,ACTIVE,3/18/2021,NPR,1/1/2026
ACC0000002139,CUST00004733,BR0033,SALARY,ACTIVE,11/25/2025,NPR,1/1/2026
ACC0000002140,CUST00001125,BR0013,CURRENT,ACTIVE,11/10/2019,NPR,1/1/2026
ACC0000002141,CUST00002412,BR0021,CURRENT,ACTIVE,7/31/2023,NPR,1/1/2026
ACC0000002142,CUST00000973,BR0028,WALLET,ACTIVE,10/17/2020,NPR,1/1/2026
ACC0000002143,CUST00001354,BR0018,WALLET,ACTIVE,2/23/2020,NPR,1/1/2026
ACC0000002144,CUST00003310,BR0017,SAVINGS,ACTIVE,7/28/2020,NPR,1/1/2026
ACC0000002145,CUST00004398,BR0023,LOAN,ACTIVE,4/3/2021,NPR,1/1/2026
ACC0000002146,CUST00001194,BR0023,CURRENT,ACTIVE,1/28/2020,NPR,1/1/2026
ACC0000002147,CUST00003589,BR0022,SALARY,CLOSED,11/30/2021,NPR,1/1/2026
ACC0000002148,CUST00004441,BR0008,SAVINGS,ACTIVE,12/7/2025,NPR,1/1/2026
ACC0000002149,CUST00002593,BR0022,SAVINGS,ACTIVE,7/2/2021,NPR,1/1/2026
ACC0000002150,CUST00004364,BR0021,WALLET,DORMANT,9/13/2025,NPR,1/1/2026
ACC0000002151,CUST00001812,BR0030,LOAN,ACTIVE,8/20/2023,NPR,1/1/2026
ACC0000002152,CUST00003531,BR0029,LOAN,ACTIVE,4/8/2025,NPR,1/1/2026
ACC0000002153,CUST00004630,BR0031,CURRENT,ACTIVE,7/23/2019,NPR,1/1/2026
ACC0000002154,CUST00001362,BR0037,WALLET,ACTIVE,7/13/2023,NPR,1/1/2026
ACC0000002155,CUST00003904,BR0032,CURRENT,ACTIVE,6/20/2023,NPR,1/1/2026
ACC0000002156,CUST00000925,BR0031,SAVINGS,ACTIVE,11/15/2025,NPR,1/1/2026
ACC0000002157,CUST00000288,BR0008,WALLET,ACTIVE,12/11/2019,NPR,1/1/2026
ACC0000002158,CUST00000712,BR0016,WALLET,ACTIVE,4/30/2020,NPR,1/1/2026
ACC0000002159,CUST00003694,BR0007,SAVINGS,ACTIVE,8/2/2023,NPR,1/1/2026
ACC0000002160,CUST00000873,BR0009,SALARY,ACTIVE,10/5/2020,NPR,1/1/2026
ACC0000002161,CUST00000968,BR0010,CURRENT,DORMANT,3/16/2023,NPR,1/1/2026
ACC0000002162,CUST00001612,BR0002,LOAN,ACTIVE,8/23/2023,NPR,1/1/2026
ACC0000002163,CUST00002993,BR0005,WALLET,ACTIVE,3/16/2025,NPR,1/1/2026
ACC0000002164,CUST00002188,BR0027,SAVINGS,ACTIVE,7/17/2021,NPR,1/1/2026
ACC0000002165,CUST00001132,BR0005,LOAN,ACTIVE,8/1/2024,NPR,1/1/2026
ACC0000002166,CUST00004817,BR0023,SALARY,ACTIVE,11/18/2024,NPR,1/1/2026
ACC0000002167,CUST00000533,BR0016,LOAN,ACTIVE,11/26/2022,NPR,1/1/2026
ACC0000002168,CUST00000025,BR0039,SAVINGS,ACTIVE,9/10/2022,NPR,1/1/2026
ACC0000002169,CUST00003662,BR0037,SALARY,ACTIVE,8/31/2019,NPR,1/1/2026
ACC0000002170,CUST00000679,BR0027,WALLET,ACTIVE,5/9/2024,NPR,1/1/2026
ACC0000002171,CUST00004824,BR0012,SALARY,ACTIVE,7/14/2025,NPR,1/1/2026
ACC0000002172,CUST00003493,BR0014,SAVINGS,ACTIVE,4/23/2022,NPR,1/1/2026
ACC0000002173,CUST00004378,BR0030,SALARY,DORMANT,1/1/2024,NPR,1/1/2026
ACC0000002174,CUST00004780,BR0003,SAVINGS,ACTIVE,4/14/2021,NPR,1/1/2026
ACC0000002175,CUST00000048,BR0004,SALARY,ACTIVE,11/8/2025,NPR,1/1/2026
ACC0000002176,CUST00000289,BR0017,CURRENT,ACTIVE,6/19/2023,NPR,1/1/2026
ACC0000002177,CUST00001249,BR0017,SALARY,ACTIVE,6/28/2021,NPR,1/1/2026
ACC0000002178,CUST00001688,BR0012,CURRENT,ACTIVE,10/30/2021,NPR,1/1/2026
ACC0000002179,CUST00003894,BR0025,SALARY,ACTIVE,10/15/2025,NPR,1/1/2026
ACC0000002180,CUST00001497,BR0008,CURRENT,DORMANT,7/9/2022,NPR,1/1/2026
ACC0000002181,CUST00002067,BR0027,SALARY,ACTIVE,6/25/2024,NPR,1/1/2026
ACC0000002182,CUST00001966,BR0007,WALLET,ACTIVE,1/7/2025,NPR,1/1/2026
ACC0000002183,CUST00001883,BR0028,WALLET,ACTIVE,6/2/2023,NPR,1/1/2026
ACC0000002184,CUST00002910,BR0024,SALARY,ACTIVE,1/25/2025,NPR,1/1/2026
ACC0000002185,CUST00003749,BR0023,SAVINGS,CLOSED,9/20/2024,NPR,1/1/2026
ACC0000002186,CUST00000793,BR0011,LOAN,ACTIVE,10/29/2022,NPR,1/1/2026
ACC0000002187,CUST00002833,BR0032,SALARY,ACTIVE,4/27/2019,NPR,1/1/2026
ACC0000002188,CUST00002120,BR0040,LOAN,ACTIVE,6/13/2019,NPR,1/1/2026
ACC0000002189,CUST00002461,BR0005,CURRENT,ACTIVE,9/28/2023,NPR,1/1/2026
ACC0000002190,CUST00004777,BR0014,CURRENT,ACTIVE,8/5/2022,NPR,1/1/2026
ACC0000002191,CUST00004869,BR0020,SAVINGS,ACTIVE,12/9/2022,NPR,1/1/2026
ACC0000002192,CUST00004586,BR0040,LOAN,ACTIVE,7/5/2021,NPR,1/1/2026
ACC0000002193,CUST00001396,BR0017,SALARY,ACTIVE,3/1/2024,NPR,1/1/2026
ACC0000002194,CUST00001782,BR0020,SALARY,DORMANT,1/14/2020,NPR,1/1/2026
ACC0000002195,CUST00000058,BR0016,LOAN,ACTIVE,11/26/2025,NPR,1/1/2026
ACC0000002196,CUST00003733,BR0022,SALARY,ACTIVE,11/28/2020,NPR,1/1/2026
ACC0000002197,CUST00002813,BR0001,SAVINGS,ACTIVE,12/11/2023,NPR,1/1/2026
ACC0000002198,CUST00002691,BR0019,LOAN,ACTIVE,3/20/2024,NPR,1/1/2026
ACC0000002199,CUST00000160,BR0012,WALLET,ACTIVE,12/24/2020,NPR,1/1/2026
ACC0000002200,CUST00003898,BR0032,WALLET,DORMANT,5/7/2022,NPR,1/1/2026
ACC0000002201,CUST00001098,BR0037,CURRENT,ACTIVE,1/10/2022,NPR,1/1/2026
ACC0000002202,CUST00001299,BR0032,SALARY,ACTIVE,4/3/2024,NPR,1/1/2026
ACC0000002203,CUST00002558,BR0033,WALLET,ACTIVE,8/21/2024,NPR,1/1/2026
ACC0000002204,CUST00003402,BR0017,CURRENT,ACTIVE,10/4/2021,NPR,1/1/2026
ACC0000002205,CUST00000184,BR0033,SAVINGS,ACTIVE,2/6/2021,NPR,1/1/2026
ACC0000002206,CUST00003576,BR0029,SALARY,ACTIVE,4/15/2024,NPR,1/1/2026
ACC0000002207,CUST00000942,BR0039,SALARY,ACTIVE,3/17/2023,NPR,1/1/2026
ACC0000002208,CUST00000703,BR0039,SAVINGS,ACTIVE,4/29/2023,NPR,1/1/2026
ACC0000002209,CUST00001357,BR0033,CURRENT,ACTIVE,6/14/2021,NPR,1/1/2026
ACC0000002210,CUST00003356,BR0021,CURRENT,ACTIVE,5/25/2023,NPR,1/1/2026
ACC0000002211,CUST00000572,BR0010,SAVINGS,ACTIVE,3/29/2019,NPR,1/1/2026
ACC0000002212,CUST00001351,BR0009,SAVINGS,ACTIVE,3/7/2023,NPR,1/1/2026
ACC0000002213,CUST00004147,BR0002,SAVINGS,ACTIVE,1/16/2020,NPR,1/1/2026
ACC0000002214,CUST00004270,BR0016,WALLET,ACTIVE,8/8/2020,NPR,1/1/2026
ACC0000002215,CUST00002095,BR0032,LOAN,ACTIVE,7/18/2021,NPR,1/1/2026
ACC0000002216,CUST00003257,BR0032,LOAN,DORMANT,3/30/2019,NPR,1/1/2026
ACC0000002217,CUST00001372,BR0025,CURRENT,ACTIVE,11/23/2019,NPR,1/1/2026
ACC0000002218,CUST00000484,BR0010,LOAN,ACTIVE,6/12/2021,NPR,1/1/2026
ACC0000002219,CUST00000188,BR0030,LOAN,BLOCKED,8/2/2024,NPR,1/1/2026
ACC0000002220,CUST00000189,BR0014,WALLET,ACTIVE,6/23/2023,NPR,1/1/2026
ACC0000002221,CUST00002030,BR0005,CURRENT,ACTIVE,7/20/2019,NPR,1/1/2026
ACC0000002222,CUST00002825,BR0030,SALARY,ACTIVE,2/18/2021,NPR,1/1/2026
ACC0000002223,CUST00001528,BR0012,CURRENT,ACTIVE,1/8/2021,NPR,1/1/2026
ACC0000002224,CUST00000130,BR0006,LOAN,ACTIVE,6/30/2019,NPR,1/1/2026
ACC0000002225,CUST00002259,BR0016,SAVINGS,ACTIVE,5/15/2019,NPR,1/1/2026
ACC0000002226,CUST00001881,BR0035,CURRENT,ACTIVE,5/25/2022,NPR,1/1/2026
ACC0000002227,CUST00003403,BR0012,LOAN,ACTIVE,8/8/2020,NPR,1/1/2026
ACC0000002228,CUST00001114,BR0029,LOAN,ACTIVE,10/25/2025,NPR,1/1/2026
ACC0000002229,CUST00000146,BR0026,SAVINGS,ACTIVE,12/6/2024,NPR,1/1/2026
ACC0000002230,CUST00002611,BR0018,SALARY,ACTIVE,2/26/2022,NPR,1/1/2026
ACC0000002231,CUST00004781,BR0002,LOAN,ACTIVE,11/18/2021,NPR,1/1/2026
ACC0000002232,CUST00002175,BR0003,CURRENT,ACTIVE,2/27/2023,NPR,1/1/2026
ACC0000002233,CUST00001598,BR0001,CURRENT,ACTIVE,10/3/2021,NPR,1/1/2026
ACC0000002234,CUST00002120,BR0002,CURRENT,ACTIVE,7/12/2023,NPR,1/1/2026
ACC0000002235,CUST00001095,BR0006,CURRENT,ACTIVE,2/5/2024,NPR,1/1/2026
ACC0000002236,CUST00002856,BR0011,LOAN,ACTIVE,11/9/2020,NPR,1/1/2026
ACC0000002237,CUST00004181,BR0009,CURRENT,ACTIVE,7/14/2022,NPR,1/1/2026
ACC0000002238,CUST00003382,BR0020,WALLET,ACTIVE,7/8/2024,NPR,1/1/2026
ACC0000002239,CUST00001856,BR0014,LOAN,ACTIVE,6/26/2020,NPR,1/1/2026
ACC0000002240,CUST00001922,BR0037,LOAN,ACTIVE,4/15/2019,NPR,1/1/2026
ACC0000002241,CUST00002548,BR0013,SALARY,ACTIVE,7/30/2019,NPR,1/1/2026
ACC0000002242,CUST00002726,BR0017,SAVINGS,ACTIVE,8/3/2025,NPR,1/1/2026
ACC0000002243,CUST00003154,BR0019,WALLET,ACTIVE,10/14/2020,NPR,1/1/2026
ACC0000002244,CUST00003233,BR0013,CURRENT,ACTIVE,9/9/2025,NPR,1/1/2026
ACC0000002245,CUST00002476,BR0015,SALARY,ACTIVE,4/21/2024,NPR,1/1/2026
ACC0000002246,CUST00004951,BR0012,SAVINGS,ACTIVE,5/10/2022,NPR,1/1/2026
ACC0000002247,CUST00000869,BR0024,WALLET,ACTIVE,1/29/2023,NPR,1/1/2026
ACC0000002248,CUST00004027,BR0006,CURRENT,ACTIVE,8/13/2021,NPR,1/1/2026
ACC0000002249,CUST00002524,BR0040,WALLET,ACTIVE,4/23/2022,NPR,1/1/2026
ACC0000002250,CUST00002907,BR0001,LOAN,ACTIVE,2/2/2023,NPR,1/1/2026
ACC0000002251,CUST00002879,BR0015,SAVINGS,ACTIVE,2/21/2020,NPR,1/1/2026
ACC0000002252,CUST00001857,BR0018,LOAN,ACTIVE,8/3/2024,NPR,1/1/2026
ACC0000002253,CUST00002561,BR0024,SALARY,ACTIVE,12/16/2019,NPR,1/1/2026
ACC0000002254,CUST00001356,BR0010,CURRENT,BLOCKED,5/12/2021,NPR,1/1/2026
ACC0000002255,CUST00004470,BR0015,CURRENT,CLOSED,11/29/2024,NPR,1/1/2026
ACC0000002256,CUST00002463,BR0025,SAVINGS,ACTIVE,10/29/2025,NPR,1/1/2026
ACC0000002257,CUST00003405,BR0006,WALLET,ACTIVE,8/17/2021,NPR,1/1/2026
ACC0000002258,CUST00001283,BR0022,CURRENT,ACTIVE,7/11/2023,NPR,1/1/2026
ACC0000002259,CUST00003310,BR0009,CURRENT,ACTIVE,11/28/2025,NPR,1/1/2026
ACC0000002260,CUST00001492,BR0002,SAVINGS,ACTIVE,3/23/2024,NPR,1/1/2026
ACC0000002261,CUST00003114,BR0030,SALARY,ACTIVE,12/26/2020,NPR,1/1/2026
ACC0000002262,CUST00004380,BR0023,WALLET,ACTIVE,10/8/2024,NPR,1/1/2026
ACC0000002263,CUST00003258,BR0022,SALARY,ACTIVE,9/4/2020,NPR,1/1/2026
ACC0000002264,CUST00000233,BR0023,CURRENT,ACTIVE,3/27/2020,NPR,1/1/2026
ACC0000002265,CUST00000729,BR0033,SAVINGS,ACTIVE,11/1/2020,NPR,1/1/2026
ACC0000002266,CUST00000088,BR0026,CURRENT,CLOSED,7/27/2020,NPR,1/1/2026
ACC0000002267,CUST00002780,BR0003,LOAN,ACTIVE,6/21/2023,NPR,1/1/2026
ACC0000002268,CUST00000014,BR0024,LOAN,ACTIVE,3/13/2023,NPR,1/1/2026
ACC0000002269,CUST00000252,BR0037,SALARY,ACTIVE,2/19/2024,NPR,1/1/2026
ACC0000002270,CUST00002454,BR0030,SALARY,DORMANT,4/26/2020,NPR,1/1/2026
ACC0000002271,CUST00004783,BR0002,CURRENT,ACTIVE,8/9/2022,NPR,1/1/2026
ACC0000002272,CUST00000098,BR0010,WALLET,DORMANT,3/31/2024,NPR,1/1/2026
ACC0000002273,CUST00003821,BR0030,WALLET,ACTIVE,5/23/2019,NPR,1/1/2026
ACC0000002274,CUST00002176,BR0034,SAVINGS,ACTIVE,3/16/2020,NPR,1/1/2026
ACC0000002275,CUST00003375,BR0021,SALARY,ACTIVE,3/30/2024,NPR,1/1/2026
ACC0000002276,CUST00003077,BR0028,CURRENT,DORMANT,10/3/2024,NPR,1/1/2026
ACC0000002277,CUST00003428,BR0028,WALLET,ACTIVE,4/9/2023,NPR,1/1/2026
ACC0000002278,CUST00004621,BR0013,SAVINGS,ACTIVE,5/1/2020,NPR,1/1/2026
ACC0000002279,CUST00003419,BR0017,SAVINGS,ACTIVE,12/14/2025,NPR,1/1/2026
ACC0000002280,CUST00002476,BR0030,WALLET,ACTIVE,4/15/2025,NPR,1/1/2026
ACC0000002281,CUST00001080,BR0005,CURRENT,ACTIVE,7/28/2023,NPR,1/1/2026
ACC0000002282,CUST00003096,BR0015,SAVINGS,ACTIVE,4/14/2021,NPR,1/1/2026
ACC0000002283,CUST00004640,BR0019,WALLET,ACTIVE,12/3/2024,NPR,1/1/2026
ACC0000002284,CUST00004883,BR0019,LOAN,ACTIVE,7/15/2021,NPR,1/1/2026
ACC0000002285,CUST00002551,BR0016,SAVINGS,DORMANT,4/17/2019,NPR,1/1/2026
ACC0000002286,CUST00004730,BR0004,SALARY,ACTIVE,11/2/2024,NPR,1/1/2026
ACC0000002287,CUST00000456,BR0009,SAVINGS,ACTIVE,1/30/2023,NPR,1/1/2026
ACC0000002288,CUST00004299,BR0023,CURRENT,DORMANT,5/12/2021,NPR,1/1/2026
ACC0000002289,CUST00001612,BR0039,LOAN,ACTIVE,6/15/2023,NPR,1/1/2026
ACC0000002290,CUST00002940,BR0029,SALARY,ACTIVE,2/20/2023,NPR,1/1/2026
ACC0000002291,CUST00004959,BR0038,SAVINGS,ACTIVE,6/3/2020,NPR,1/1/2026
ACC0000002292,CUST00002698,BR0030,SALARY,ACTIVE,5/27/2023,NPR,1/1/2026
ACC0000002293,CUST00001736,BR0007,SAVINGS,ACTIVE,9/24/2022,NPR,1/1/2026
ACC0000002294,CUST00003170,BR0029,WALLET,ACTIVE,5/30/2022,NPR,1/1/2026
ACC0000002295,CUST00001253,BR0016,LOAN,ACTIVE,1/27/2020,NPR,1/1/2026
ACC0000002296,CUST00003763,BR0020,WALLET,ACTIVE,7/17/2019,NPR,1/1/2026
ACC0000002297,CUST00003645,BR0011,SALARY,ACTIVE,4/25/2024,NPR,1/1/2026
ACC0000002298,CUST00002282,BR0017,LOAN,ACTIVE,10/22/2025,NPR,1/1/2026
ACC0000002299,CUST00000789,BR0023,LOAN,ACTIVE,10/7/2025,NPR,1/1/2026
ACC0000002300,CUST00002282,BR0019,WALLET,ACTIVE,12/19/2024,NPR,1/1/2026
ACC0000002301,CUST00002805,BR0015,WALLET,DORMANT,2/27/2019,NPR,1/1/2026
ACC0000002302,CUST00000943,BR0005,SAVINGS,ACTIVE,12/22/2019,NPR,1/1/2026
ACC0000002303,CUST00002433,BR0036,LOAN,ACTIVE,9/25/2022,NPR,1/1/2026
ACC0000002304,CUST00000077,BR0009,SALARY,ACTIVE,10/23/2022,NPR,1/1/2026
ACC0000002305,CUST00002555,BR0022,WALLET,ACTIVE,7/23/2022,NPR,1/1/2026
ACC0000002306,CUST00001302,BR0028,SALARY,ACTIVE,11/8/2019,NPR,1/1/2026
ACC0000002307,CUST00003997,BR0034,WALLET,ACTIVE,9/23/2023,NPR,1/1/2026
ACC0000002308,CUST00001064,BR0011,CURRENT,ACTIVE,12/22/2025,NPR,1/1/2026
ACC0000002309,CUST00003352,BR0007,CURRENT,DORMANT,10/9/2023,NPR,1/1/2026
ACC0000002310,CUST00002064,BR0010,SAVINGS,ACTIVE,5/16/2019,NPR,1/1/2026
ACC0000002311,CUST00002417,BR0025,LOAN,ACTIVE,7/3/2019,NPR,1/1/2026
ACC0000002312,CUST00003861,BR0033,SAVINGS,ACTIVE,7/26/2020,NPR,1/1/2026
ACC0000002313,CUST00002482,BR0010,SAVINGS,ACTIVE,9/22/2019,NPR,1/1/2026
ACC0000002314,CUST00001292,BR0010,LOAN,ACTIVE,6/27/2025,NPR,1/1/2026
ACC0000002315,CUST00000932,BR0032,SALARY,ACTIVE,3/15/2020,NPR,1/1/2026
ACC0000002316,CUST00001793,BR0022,SAVINGS,ACTIVE,10/24/2023,NPR,1/1/2026
ACC0000002317,CUST00000455,BR0012,SAVINGS,ACTIVE,10/10/2024,NPR,1/1/2026
ACC0000002318,CUST00000180,BR0031,SALARY,DORMANT,7/15/2022,NPR,1/1/2026
ACC0000002319,CUST00000058,BR0036,SAVINGS,ACTIVE,4/16/2024,NPR,1/1/2026
ACC0000002320,CUST00004968,BR0023,LOAN,ACTIVE,9/23/2020,NPR,1/1/2026
ACC0000002321,CUST00001542,BR0023,WALLET,ACTIVE,12/16/2019,NPR,1/1/2026
ACC0000002322,CUST00001220,BR0016,CURRENT,ACTIVE,7/21/2024,NPR,1/1/2026
ACC0000002323,CUST00002823,BR0003,LOAN,ACTIVE,3/23/2024,NPR,1/1/2026
ACC0000002324,CUST00003977,BR0038,CURRENT,BLOCKED,2/20/2020,NPR,1/1/2026
ACC0000002325,CUST00004009,BR0019,SAVINGS,ACTIVE,3/25/2022,NPR,1/1/2026
ACC0000002326,CUST00004574,BR0036,WALLET,DORMANT,5/3/2020,NPR,1/1/2026
ACC0000002327,CUST00004037,BR0033,WALLET,ACTIVE,11/27/2023,NPR,1/1/2026
ACC0000002328,CUST00000806,BR0029,CURRENT,ACTIVE,7/13/2023,NPR,1/1/2026
ACC0000002329,CUST00000876,BR0002,SALARY,ACTIVE,2/1/2020,NPR,1/1/2026
ACC0000002330,CUST00004007,BR0022,SAVINGS,ACTIVE,3/16/2022,NPR,1/1/2026
ACC0000002331,CUST00001485,BR0005,WALLET,ACTIVE,10/21/2021,NPR,1/1/2026
ACC0000002332,CUST00000348,BR0026,WALLET,ACTIVE,7/17/2024,NPR,1/1/2026
ACC0000002333,CUST00004570,BR0009,SALARY,ACTIVE,3/1/2020,NPR,1/1/2026
ACC0000002334,CUST00001916,BR0035,SAVINGS,ACTIVE,11/20/2021,NPR,1/1/2026
ACC0000002335,CUST00003619,BR0025,LOAN,ACTIVE,5/1/2021,NPR,1/1/2026
ACC0000002336,CUST00004710,BR0009,SAVINGS,ACTIVE,6/28/2023,NPR,1/1/2026
ACC0000002337,CUST00001411,BR0018,SALARY,ACTIVE,1/25/2025,NPR,1/1/2026
ACC0000002338,CUST00002909,BR0038,CURRENT,ACTIVE,12/3/2019,NPR,1/1/2026
ACC0000002339,CUST00000503,BR0003,SAVINGS,ACTIVE,11/10/2025,NPR,1/1/2026
ACC0000002340,CUST00003598,BR0037,SALARY,ACTIVE,2/26/2024,NPR,1/1/2026
ACC0000002341,CUST00002075,BR0038,WALLET,ACTIVE,7/22/2024,NPR,1/1/2026
ACC0000002342,CUST00001852,BR0012,SALARY,ACTIVE,1/20/2020,NPR,1/1/2026
ACC0000002343,CUST00003389,BR0017,WALLET,ACTIVE,6/17/2024,NPR,1/1/2026
ACC0000002344,CUST00004384,BR0016,SALARY,ACTIVE,8/17/2024,NPR,1/1/2026
ACC0000002345,CUST00000840,BR0034,CURRENT,ACTIVE,2/15/2020,NPR,1/1/2026
ACC0000002346,CUST00004652,BR0024,LOAN,ACTIVE,3/5/2021,NPR,1/1/2026
ACC0000002347,CUST00004097,BR0013,SAVINGS,ACTIVE,5/4/2024,NPR,1/1/2026
ACC0000002348,CUST00004863,BR0039,SAVINGS,ACTIVE,9/17/2019,NPR,1/1/2026
ACC0000002349,CUST00001327,BR0015,SALARY,ACTIVE,6/17/2020,NPR,1/1/2026
ACC0000002350,CUST00001211,BR0016,CURRENT,ACTIVE,5/14/2023,NPR,1/1/2026
ACC0000002351,CUST00003708,BR0030,CURRENT,ACTIVE,10/23/2021,NPR,1/1/2026
ACC0000002352,CUST00000637,BR0033,LOAN,ACTIVE,9/12/2021,NPR,1/1/2026
ACC0000002353,CUST00004342,BR0039,CURRENT,ACTIVE,1/2/2022,NPR,1/1/2026
ACC0000002354,CUST00004384,BR0008,CURRENT,ACTIVE,12/13/2021,NPR,1/1/2026
ACC0000002355,CUST00003626,BR0014,WALLET,ACTIVE,12/5/2022,NPR,1/1/2026
ACC0000002356,CUST00001729,BR0016,WALLET,BLOCKED,9/25/2023,NPR,1/1/2026
ACC0000002357,CUST00002349,BR0007,SAVINGS,ACTIVE,10/12/2020,NPR,1/1/2026
ACC0000002358,CUST00000657,BR0003,SALARY,ACTIVE,11/9/2023,NPR,1/1/2026
ACC0000002359,CUST00004248,BR0034,LOAN,ACTIVE,3/11/2024,NPR,1/1/2026
ACC0000002360,CUST00004326,BR0002,CURRENT,ACTIVE,6/4/2019,NPR,1/1/2026
ACC0000002361,CUST00000732,BR0030,LOAN,ACTIVE,2/28/2023,NPR,1/1/2026
ACC0000002362,CUST00001595,BR0029,CURRENT,ACTIVE,9/21/2023,NPR,1/1/2026
ACC0000002363,CUST00004735,BR0024,LOAN,ACTIVE,6/11/2025,NPR,1/1/2026
ACC0000002364,CUST00004834,BR0011,SAVINGS,ACTIVE,3/26/2024,NPR,1/1/2026
ACC0000002365,CUST00001991,BR0017,CURRENT,ACTIVE,11/5/2021,NPR,1/1/2026
ACC0000002366,CUST00004602,BR0040,CURRENT,ACTIVE,3/4/2023,NPR,1/1/2026
ACC0000002367,CUST00000867,BR0020,SAVINGS,CLOSED,12/14/2020,NPR,1/1/2026
ACC0000002368,CUST00002477,BR0036,WALLET,ACTIVE,9/6/2019,NPR,1/1/2026
ACC0000002369,CUST00001562,BR0023,WALLET,ACTIVE,4/17/2024,NPR,1/1/2026
ACC0000002370,CUST00001188,BR0010,SAVINGS,CLOSED,9/27/2024,NPR,1/1/2026
ACC0000002371,CUST00003822,BR0038,LOAN,ACTIVE,10/16/2021,NPR,1/1/2026
ACC0000002372,CUST00000386,BR0015,WALLET,CLOSED,8/17/2024,NPR,1/1/2026
ACC0000002373,CUST00002203,BR0017,SAVINGS,ACTIVE,4/4/2020,NPR,1/1/2026
ACC0000002374,CUST00002564,BR0022,CURRENT,ACTIVE,9/21/2020,NPR,1/1/2026
ACC0000002375,CUST00000012,BR0026,CURRENT,ACTIVE,9/20/2022,NPR,1/1/2026
ACC0000002376,CUST00002825,BR0032,CURRENT,ACTIVE,12/7/2021,NPR,1/1/2026
ACC0000002377,CUST00004218,BR0027,WALLET,ACTIVE,4/7/2020,NPR,1/1/2026
ACC0000002378,CUST00004222,BR0018,SAVINGS,ACTIVE,9/28/2019,NPR,1/1/2026
ACC0000002379,CUST00000659,BR0019,SAVINGS,ACTIVE,3/8/2025,NPR,1/1/2026
ACC0000002380,CUST00003889,BR0002,WALLET,DORMANT,9/1/2022,NPR,1/1/2026
ACC0000002381,CUST00002526,BR0038,LOAN,ACTIVE,8/28/2023,NPR,1/1/2026
ACC0000002382,CUST00000720,BR0001,SAVINGS,ACTIVE,4/14/2022,NPR,1/1/2026
ACC0000002383,CUST00003097,BR0020,LOAN,ACTIVE,11/12/2020,NPR,1/1/2026
ACC0000002384,CUST00001905,BR0007,LOAN,ACTIVE,2/21/2021,NPR,1/1/2026
ACC0000002385,CUST00001344,BR0009,LOAN,ACTIVE,4/1/2024,NPR,1/1/2026
ACC0000002386,CUST00000865,BR0027,SALARY,ACTIVE,3/14/2021,NPR,1/1/2026
ACC0000002387,CUST00004688,BR0004,WALLET,ACTIVE,3/18/2023,NPR,1/1/2026
ACC0000002388,CUST00004212,BR0025,SAVINGS,ACTIVE,3/21/2021,NPR,1/1/2026
ACC0000002389,CUST00003386,BR0009,WALLET,DORMANT,2/21/2023,NPR,1/1/2026
ACC0000002390,CUST00002303,BR0008,WALLET,ACTIVE,10/28/2024,NPR,1/1/2026
ACC0000002391,CUST00001939,BR0007,CURRENT,DORMANT,1/13/2024,NPR,1/1/2026
ACC0000002392,CUST00000872,BR0002,LOAN,ACTIVE,3/2/2025,NPR,1/1/2026
ACC0000002393,CUST00004417,BR0022,SAVINGS,ACTIVE,7/5/2019,NPR,1/1/2026
ACC0000002394,CUST00004406,BR0032,CURRENT,CLOSED,3/20/2022,NPR,1/1/2026
ACC0000002395,CUST00004582,BR0019,WALLET,ACTIVE,11/19/2021,NPR,1/1/2026
ACC0000002396,CUST00004891,BR0023,SAVINGS,ACTIVE,10/1/2023,NPR,1/1/2026
ACC0000002397,CUST00003976,BR0003,WALLET,ACTIVE,6/17/2025,NPR,1/1/2026
ACC0000002398,CUST00001794,BR0005,SAVINGS,BLOCKED,10/17/2023,NPR,1/1/2026
ACC0000002399,CUST00000973,BR0003,LOAN,ACTIVE,10/31/2020,NPR,1/1/2026
ACC0000002400,CUST00000307,BR0010,SAVINGS,ACTIVE,5/21/2019,NPR,1/1/2026
ACC0000002401,CUST00000197,BR0039,WALLET,ACTIVE,12/5/2024,NPR,1/1/2026
ACC0000002402,CUST00002754,BR0002,LOAN,ACTIVE,8/16/2020,NPR,1/1/2026
ACC0000002403,CUST00001912,BR0019,SALARY,DORMANT,1/25/2025,NPR,1/1/2026
ACC0000002404,CUST00002851,BR0017,SALARY,ACTIVE,10/14/2020,NPR,1/1/2026
ACC0000002405,CUST00002963,BR0008,SAVINGS,ACTIVE,6/19/2021,NPR,1/1/2026
ACC0000002406,CUST00002775,BR0003,LOAN,ACTIVE,12/18/2020,NPR,1/1/2026
ACC0000002407,CUST00001118,BR0015,CURRENT,ACTIVE,2/27/2020,NPR,1/1/2026
ACC0000002408,CUST00000456,BR0020,WALLET,ACTIVE,9/17/2022,NPR,1/1/2026
ACC0000002409,CUST00003990,BR0039,CURRENT,ACTIVE,3/30/2020,NPR,1/1/2026
ACC0000002410,CUST00003103,BR0034,CURRENT,ACTIVE,4/9/2024,NPR,1/1/2026
ACC0000002411,CUST00004617,BR0013,WALLET,ACTIVE,4/8/2025,NPR,1/1/2026
ACC0000002412,CUST00001836,BR0010,SALARY,ACTIVE,2/8/2021,NPR,1/1/2026
ACC0000002413,CUST00004386,BR0037,SALARY,ACTIVE,11/18/2019,NPR,1/1/2026
ACC0000002414,CUST00002988,BR0023,SAVINGS,ACTIVE,2/26/2022,NPR,1/1/2026
ACC0000002415,CUST00004630,BR0034,CURRENT,ACTIVE,1/16/2020,NPR,1/1/2026
ACC0000002416,CUST00001213,BR0019,CURRENT,ACTIVE,8/23/2021,NPR,1/1/2026
ACC0000002417,CUST00001527,BR0039,CURRENT,DORMANT,7/14/2019,NPR,1/1/2026
ACC0000002418,CUST00001342,BR0029,WALLET,ACTIVE,12/17/2025,NPR,1/1/2026
ACC0000002419,CUST00000321,BR0008,LOAN,ACTIVE,6/21/2022,NPR,1/1/2026
ACC0000002420,CUST00002008,BR0018,CURRENT,ACTIVE,10/9/2025,NPR,1/1/2026
ACC0000002421,CUST00002957,BR0012,CURRENT,ACTIVE,3/10/2022,NPR,1/1/2026
ACC0000002422,CUST00002970,BR0029,CURRENT,ACTIVE,11/25/2021,NPR,1/1/2026
ACC0000002423,CUST00000020,BR0013,WALLET,ACTIVE,7/16/2019,NPR,1/1/2026
ACC0000002424,CUST00000601,BR0022,LOAN,ACTIVE,3/17/2020,NPR,1/1/2026
ACC0000002425,CUST00002808,BR0019,WALLET,ACTIVE,3/10/2020,NPR,1/1/2026
ACC0000002426,CUST00003779,BR0010,SAVINGS,ACTIVE,7/17/2022,NPR,1/1/2026
ACC0000002427,CUST00003059,BR0040,LOAN,ACTIVE,5/5/2020,NPR,1/1/2026
ACC0000002428,CUST00002421,BR0003,CURRENT,ACTIVE,2/8/2020,NPR,1/1/2026
ACC0000002429,CUST00003156,BR0017,CURRENT,DORMANT,1/8/2025,NPR,1/1/2026
ACC0000002430,CUST00002476,BR0027,CURRENT,ACTIVE,7/16/2023,NPR,1/1/2026
ACC0000002431,CUST00004499,BR0030,CURRENT,BLOCKED,6/20/2019,NPR,1/1/2026
ACC0000002432,CUST00003918,BR0004,SALARY,ACTIVE,6/16/2020,NPR,1/1/2026
ACC0000002433,CUST00001104,BR0019,WALLET,DORMANT,7/14/2022,NPR,1/1/2026
ACC0000002434,CUST00002549,BR0033,CURRENT,ACTIVE,3/27/2025,NPR,1/1/2026
ACC0000002435,CUST00000074,BR0033,SALARY,ACTIVE,11/13/2024,NPR,1/1/2026
ACC0000002436,CUST00000666,BR0020,CURRENT,ACTIVE,9/8/2023,NPR,1/1/2026
ACC0000002437,CUST00003837,BR0010,SALARY,ACTIVE,10/11/2020,NPR,1/1/2026
ACC0000002438,CUST00004341,BR0010,WALLET,CLOSED,8/3/2022,NPR,1/1/2026
ACC0000002439,CUST00002048,BR0040,LOAN,ACTIVE,7/26/2022,NPR,1/1/2026
ACC0000002440,CUST00001302,BR0038,LOAN,ACTIVE,8/14/2022,NPR,1/1/2026
ACC0000002441,CUST00001170,BR0018,CURRENT,ACTIVE,7/3/2022,NPR,1/1/2026
ACC0000002442,CUST00003745,BR0002,CURRENT,ACTIVE,1/29/2025,NPR,1/1/2026
ACC0000002443,CUST00002067,BR0013,CURRENT,ACTIVE,6/29/2025,NPR,1/1/2026
ACC0000002444,CUST00003803,BR0018,CURRENT,ACTIVE,5/10/2024,NPR,1/1/2026
ACC0000002445,CUST00002505,BR0012,LOAN,DORMANT,6/15/2022,NPR,1/1/2026
ACC0000002446,CUST00001158,BR0039,LOAN,ACTIVE,5/14/2019,NPR,1/1/2026
ACC0000002447,CUST00004168,BR0026,WALLET,DORMANT,7/1/2023,NPR,1/1/2026
ACC0000002448,CUST00004436,BR0040,CURRENT,DORMANT,8/19/2021,NPR,1/1/2026
ACC0000002449,CUST00004060,BR0031,SALARY,ACTIVE,1/1/2024,NPR,1/1/2026
ACC0000002450,CUST00003338,BR0019,SAVINGS,ACTIVE,4/10/2025,NPR,1/1/2026
ACC0000002451,CUST00004577,BR0026,CURRENT,ACTIVE,12/20/2023,NPR,1/1/2026
ACC0000002452,CUST00002321,BR0010,WALLET,ACTIVE,7/4/2022,NPR,1/1/2026
ACC0000002453,CUST00003222,BR0010,CURRENT,ACTIVE,9/7/2021,NPR,1/1/2026
ACC0000002454,CUST00002095,BR0016,LOAN,ACTIVE,6/29/2020,NPR,1/1/2026
ACC0000002455,CUST00004081,BR0025,SALARY,CLOSED,2/29/2024,NPR,1/1/2026
ACC0000002456,CUST00004258,BR0015,WALLET,ACTIVE,6/6/2022,NPR,1/1/2026
ACC0000002457,CUST00003749,BR0019,CURRENT,ACTIVE,11/16/2025,NPR,1/1/2026
ACC0000002458,CUST00004501,BR0035,SAVINGS,ACTIVE,12/19/2021,NPR,1/1/2026
ACC0000002459,CUST00003065,BR0035,WALLET,ACTIVE,6/4/2021,NPR,1/1/2026
ACC0000002460,CUST00001351,BR0013,SAVINGS,ACTIVE,10/14/2022,NPR,1/1/2026
ACC0000002461,CUST00004306,BR0006,LOAN,ACTIVE,2/19/2024,NPR,1/1/2026
ACC0000002462,CUST00004631,BR0023,LOAN,ACTIVE,11/25/2024,NPR,1/1/2026
ACC0000002463,CUST00004472,BR0018,SALARY,ACTIVE,10/31/2023,NPR,1/1/2026
ACC0000002464,CUST00004226,BR0020,SAVINGS,ACTIVE,6/21/2019,NPR,1/1/2026
ACC0000002465,CUST00000806,BR0005,WALLET,ACTIVE,4/6/2025,NPR,1/1/2026
ACC0000002466,CUST00002036,BR0009,SALARY,ACTIVE,12/5/2024,NPR,1/1/2026
ACC0000002467,CUST00003389,BR0035,SAVINGS,ACTIVE,5/17/2020,NPR,1/1/2026
ACC0000002468,CUST00000498,BR0040,SAVINGS,ACTIVE,12/20/2022,NPR,1/1/2026
ACC0000002469,CUST00001362,BR0040,CURRENT,ACTIVE,7/7/2025,NPR,1/1/2026
ACC0000002470,CUST00002572,BR0027,SAVINGS,ACTIVE,9/13/2022,NPR,1/1/2026
ACC0000002471,CUST00000047,BR0002,LOAN,ACTIVE,4/8/2022,NPR,1/1/2026
ACC0000002472,CUST00003613,BR0007,SAVINGS,ACTIVE,3/9/2022,NPR,1/1/2026
ACC0000002473,CUST00000781,BR0008,SAVINGS,ACTIVE,8/4/2020,NPR,1/1/2026
ACC0000002474,CUST00002242,BR0029,LOAN,ACTIVE,5/9/2025,NPR,1/1/2026
ACC0000002475,CUST00001701,BR0007,CURRENT,ACTIVE,5/11/2020,NPR,1/1/2026
ACC0000002476,CUST00002570,BR0003,LOAN,ACTIVE,4/9/2022,NPR,1/1/2026
ACC0000002477,CUST00003917,BR0022,SALARY,ACTIVE,3/13/2023,NPR,1/1/2026
ACC0000002478,CUST00000917,BR0009,SALARY,ACTIVE,2/6/2023,NPR,1/1/2026
ACC0000002479,CUST00002088,BR0019,SAVINGS,DORMANT,3/4/2025,NPR,1/1/2026
ACC0000002480,CUST00003850,BR0020,LOAN,ACTIVE,1/22/2020,NPR,1/1/2026
ACC0000002481,CUST00004674,BR0006,CURRENT,ACTIVE,7/26/2024,NPR,1/1/2026
ACC0000002482,CUST00000789,BR0015,WALLET,ACTIVE,12/26/2020,NPR,1/1/2026
ACC0000002483,CUST00003785,BR0037,CURRENT,ACTIVE,11/7/2024,NPR,1/1/2026
ACC0000002484,CUST00003463,BR0018,SAVINGS,ACTIVE,12/9/2022,NPR,1/1/2026
ACC0000002485,CUST00003003,BR0030,CURRENT,DORMANT,3/4/2019,NPR,1/1/2026
ACC0000002486,CUST00004008,BR0036,SAVINGS,ACTIVE,4/4/2019,NPR,1/1/2026
ACC0000002487,CUST00004079,BR0035,SAVINGS,ACTIVE,3/8/2021,NPR,1/1/2026
ACC0000002488,CUST00004240,BR0028,LOAN,ACTIVE,1/27/2025,NPR,1/1/2026
ACC0000002489,CUST00003274,BR0010,SAVINGS,ACTIVE,4/10/2024,NPR,1/1/2026
ACC0000002490,CUST00004528,BR0023,WALLET,DORMANT,9/15/2020,NPR,1/1/2026
ACC0000002491,CUST00002826,BR0031,WALLET,ACTIVE,8/5/2023,NPR,1/1/2026
ACC0000002492,CUST00003461,BR0040,SALARY,ACTIVE,11/16/2021,NPR,1/1/2026
ACC0000002493,CUST00003621,BR0040,CURRENT,ACTIVE,3/8/2023,NPR,1/1/2026
ACC0000002494,CUST00004696,BR0005,CURRENT,ACTIVE,11/16/2025,NPR,1/1/2026
ACC0000002495,CUST00003173,BR0010,WALLET,ACTIVE,1/1/2021,NPR,1/1/2026
ACC0000002496,CUST00001444,BR0022,CURRENT,ACTIVE,8/24/2020,NPR,1/1/2026
ACC0000002497,CUST00000918,BR0001,CURRENT,ACTIVE,2/21/2025,NPR,1/1/2026
ACC0000002498,CUST00000581,BR0001,SAVINGS,ACTIVE,8/14/2022,NPR,1/1/2026
ACC0000002499,CUST00001217,BR0013,LOAN,ACTIVE,6/4/2019,NPR,1/1/2026
ACC0000002500,CUST00000786,BR0025,WALLET,ACTIVE,6/10/2022,NPR,1/1/2026
ACC0000002501,CUST00002269,BR0040,SAVINGS,ACTIVE,7/22/2025,NPR,1/1/2026
ACC0000002502,CUST00001246,BR0035,WALLET,ACTIVE,3/6/2019,NPR,1/1/2026
ACC0000002503,CUST00002483,BR0023,LOAN,ACTIVE,6/25/2024,NPR,1/1/2026
ACC0000002504,CUST00002786,BR0022,CURRENT,ACTIVE,3/29/2025,NPR,1/1/2026
ACC0000002505,CUST00000713,BR0020,SALARY,ACTIVE,8/26/2024,NPR,1/1/2026
ACC0000002506,CUST00004268,BR0018,CURRENT,ACTIVE,10/17/2021,NPR,1/1/2026
ACC0000002507,CUST00004181,BR0016,CURRENT,DORMANT,12/23/2022,NPR,1/1/2026
ACC0000002508,CUST00000097,BR0004,LOAN,ACTIVE,3/9/2020,NPR,1/1/2026
ACC0000002509,CUST00000403,BR0024,SAVINGS,ACTIVE,5/18/2019,NPR,1/1/2026
ACC0000002510,CUST00000445,BR0039,SAVINGS,ACTIVE,8/13/2023,NPR,1/1/2026
ACC0000002511,CUST00003344,BR0014,SALARY,ACTIVE,6/12/2021,NPR,1/1/2026
ACC0000002512,CUST00004817,BR0005,CURRENT,ACTIVE,9/2/2020,NPR,1/1/2026
ACC0000002513,CUST00003790,BR0010,SAVINGS,ACTIVE,5/28/2024,NPR,1/1/2026
ACC0000002514,CUST00000124,BR0023,SAVINGS,ACTIVE,4/5/2023,NPR,1/1/2026
ACC0000002515,CUST00000439,BR0034,CURRENT,ACTIVE,11/11/2024,NPR,1/1/2026
ACC0000002516,CUST00000318,BR0016,CURRENT,DORMANT,10/22/2019,NPR,1/1/2026
ACC0000002517,CUST00002902,BR0031,LOAN,ACTIVE,12/27/2023,NPR,1/1/2026
ACC0000002518,CUST00004291,BR0002,WALLET,DORMANT,12/17/2023,NPR,1/1/2026
ACC0000002519,CUST00002861,BR0038,LOAN,ACTIVE,5/9/2019,NPR,1/1/2026
ACC0000002520,CUST00000217,BR0010,LOAN,ACTIVE,11/7/2024,NPR,1/1/2026
ACC0000002521,CUST00001645,BR0007,CURRENT,ACTIVE,1/18/2021,NPR,1/1/2026
ACC0000002522,CUST00002296,BR0027,SALARY,DORMANT,5/11/2022,NPR,1/1/2026
ACC0000002523,CUST00002178,BR0025,WALLET,ACTIVE,4/9/2024,NPR,1/1/2026
ACC0000002524,CUST00001043,BR0031,WALLET,ACTIVE,5/19/2023,NPR,1/1/2026
ACC0000002525,CUST00003236,BR0001,WALLET,ACTIVE,2/11/2023,NPR,1/1/2026
ACC0000002526,CUST00001432,BR0015,SAVINGS,DORMANT,12/3/2023,NPR,1/1/2026
ACC0000002527,CUST00002989,BR0037,WALLET,ACTIVE,4/20/2019,NPR,1/1/2026
ACC0000002528,CUST00004554,BR0038,WALLET,ACTIVE,5/10/2022,NPR,1/1/2026
ACC0000002529,CUST00001655,BR0005,LOAN,ACTIVE,12/9/2023,NPR,1/1/2026
ACC0000002530,CUST00003603,BR0009,SALARY,ACTIVE,9/6/2024,NPR,1/1/2026
ACC0000002531,CUST00002862,BR0012,WALLET,ACTIVE,8/10/2019,NPR,1/1/2026
ACC0000002532,CUST00001723,BR0018,CURRENT,ACTIVE,9/20/2020,NPR,1/1/2026
ACC0000002533,CUST00001657,BR0013,SALARY,ACTIVE,9/28/2024,NPR,1/1/2026
ACC0000002534,CUST00004390,BR0011,WALLET,ACTIVE,2/6/2021,NPR,1/1/2026
ACC0000002535,CUST00000936,BR0039,CURRENT,ACTIVE,11/6/2024,NPR,1/1/2026
ACC0000002536,CUST00003235,BR0032,SAVINGS,ACTIVE,11/10/2020,NPR,1/1/2026
ACC0000002537,CUST00003837,BR0020,LOAN,ACTIVE,8/25/2023,NPR,1/1/2026
ACC0000002538,CUST00000091,BR0028,WALLET,ACTIVE,9/30/2024,NPR,1/1/2026
ACC0000002539,CUST00000777,BR0008,WALLET,ACTIVE,5/20/2023,NPR,1/1/2026
ACC0000002540,CUST00004523,BR0007,LOAN,ACTIVE,1/10/2024,NPR,1/1/2026
ACC0000002541,CUST00002065,BR0011,SAVINGS,ACTIVE,7/12/2021,NPR,1/1/2026
ACC0000002542,CUST00000027,BR0030,LOAN,CLOSED,3/23/2024,NPR,1/1/2026
ACC0000002543,CUST00002010,BR0023,SALARY,ACTIVE,10/12/2021,NPR,1/1/2026
ACC0000002544,CUST00000963,BR0020,CURRENT,ACTIVE,9/3/2025,NPR,1/1/2026
ACC0000002545,CUST00002725,BR0004,SALARY,ACTIVE,11/13/2022,NPR,1/1/2026
ACC0000002546,CUST00003273,BR0002,LOAN,ACTIVE,12/24/2025,NPR,1/1/2026
ACC0000002547,CUST00004751,BR0034,SAVINGS,ACTIVE,5/1/2025,NPR,1/1/2026
ACC0000002548,CUST00003965,BR0036,SALARY,DORMANT,8/31/2021,NPR,1/1/2026
ACC0000002549,CUST00001107,BR0013,CURRENT,ACTIVE,8/28/2019,NPR,1/1/2026
ACC0000002550,CUST00004012,BR0010,WALLET,ACTIVE,5/30/2019,NPR,1/1/2026
ACC0000002551,CUST00002016,BR0038,LOAN,ACTIVE,5/26/2021,NPR,1/1/2026
ACC0000002552,CUST00002478,BR0025,LOAN,ACTIVE,8/10/2022,NPR,1/1/2026
ACC0000002553,CUST00002220,BR0005,SALARY,ACTIVE,5/24/2023,NPR,1/1/2026
ACC0000002554,CUST00003822,BR0036,LOAN,ACTIVE,5/21/2019,NPR,1/1/2026
ACC0000002555,CUST00000754,BR0019,SAVINGS,ACTIVE,10/13/2021,NPR,1/1/2026
ACC0000002556,CUST00000294,BR0006,WALLET,ACTIVE,12/16/2019,NPR,1/1/2026
ACC0000002557,CUST00004756,BR0025,SAVINGS,ACTIVE,10/15/2020,NPR,1/1/2026
ACC0000002558,CUST00001613,BR0035,LOAN,ACTIVE,1/27/2024,NPR,1/1/2026
ACC0000002559,CUST00002316,BR0017,SALARY,ACTIVE,7/20/2025,NPR,1/1/2026
ACC0000002560,CUST00004139,BR0009,SAVINGS,ACTIVE,10/3/2021,NPR,1/1/2026
ACC0000002561,CUST00001870,BR0026,SAVINGS,ACTIVE,3/14/2021,NPR,1/1/2026
ACC0000002562,CUST00003805,BR0006,CURRENT,ACTIVE,3/19/2024,NPR,1/1/2026
ACC0000002563,CUST00002058,BR0016,WALLET,ACTIVE,3/18/2023,NPR,1/1/2026
ACC0000002564,CUST00000855,BR0027,SAVINGS,ACTIVE,6/17/2019,NPR,1/1/2026
ACC0000002565,CUST00001677,BR0005,CURRENT,ACTIVE,7/3/2022,NPR,1/1/2026
ACC0000002566,CUST00001878,BR0039,CURRENT,ACTIVE,5/20/2020,NPR,1/1/2026
ACC0000002567,CUST00004032,BR0016,SAVINGS,ACTIVE,5/27/2024,NPR,1/1/2026
ACC0000002568,CUST00003699,BR0026,LOAN,ACTIVE,12/14/2022,NPR,1/1/2026
ACC0000002569,CUST00002134,BR0018,SALARY,ACTIVE,2/25/2025,NPR,1/1/2026
ACC0000002570,CUST00001123,BR0019,LOAN,ACTIVE,12/27/2019,NPR,1/1/2026
ACC0000002571,CUST00002636,BR0029,LOAN,ACTIVE,3/17/2025,NPR,1/1/2026
ACC0000002572,CUST00003841,BR0018,CURRENT,ACTIVE,5/17/2020,NPR,1/1/2026
ACC0000002573,CUST00000643,BR0036,LOAN,ACTIVE,4/20/2019,NPR,1/1/2026
ACC0000002574,CUST00003129,BR0016,SALARY,ACTIVE,6/29/2021,NPR,1/1/2026
ACC0000002575,CUST00001297,BR0022,SALARY,ACTIVE,1/17/2023,NPR,1/1/2026
ACC0000002576,CUST00003665,BR0008,SALARY,ACTIVE,7/29/2022,NPR,1/1/2026
ACC0000002577,CUST00004124,BR0004,SAVINGS,ACTIVE,5/6/2024,NPR,1/1/2026
ACC0000002578,CUST00002874,BR0037,WALLET,ACTIVE,2/17/2020,NPR,1/1/2026
ACC0000002579,CUST00001263,BR0033,LOAN,ACTIVE,6/11/2023,NPR,1/1/2026
ACC0000002580,CUST00002666,BR0016,SAVINGS,ACTIVE,10/26/2019,NPR,1/1/2026
ACC0000002581,CUST00004467,BR0036,SALARY,ACTIVE,7/31/2023,NPR,1/1/2026
ACC0000002582,CUST00000138,BR0040,LOAN,ACTIVE,1/2/2025,NPR,1/1/2026
ACC0000002583,CUST00004589,BR0005,LOAN,ACTIVE,8/11/2025,NPR,1/1/2026
ACC0000002584,CUST00000832,BR0015,LOAN,ACTIVE,1/20/2025,NPR,1/1/2026
ACC0000002585,CUST00001875,BR0038,SAVINGS,ACTIVE,1/22/2020,NPR,1/1/2026
ACC0000002586,CUST00001189,BR0004,CURRENT,ACTIVE,4/30/2021,NPR,1/1/2026
ACC0000002587,CUST00000750,BR0005,WALLET,ACTIVE,3/14/2025,NPR,1/1/2026
ACC0000002588,CUST00004785,BR0025,WALLET,ACTIVE,8/23/2019,NPR,1/1/2026
ACC0000002589,CUST00000104,BR0019,WALLET,ACTIVE,9/22/2023,NPR,1/1/2026
ACC0000002590,CUST00000570,BR0037,LOAN,ACTIVE,3/17/2022,NPR,1/1/2026
ACC0000002591,CUST00002483,BR0039,SALARY,ACTIVE,11/22/2025,NPR,1/1/2026
ACC0000002592,CUST00002299,BR0015,SAVINGS,ACTIVE,8/17/2019,NPR,1/1/2026
ACC0000002593,CUST00002324,BR0026,LOAN,ACTIVE,11/25/2019,NPR,1/1/2026
ACC0000002594,CUST00004945,BR0023,CURRENT,ACTIVE,2/28/2020,NPR,1/1/2026
ACC0000002595,CUST00001260,BR0006,SALARY,ACTIVE,8/28/2024,NPR,1/1/2026
ACC0000002596,CUST00002214,BR0028,SALARY,ACTIVE,9/28/2023,NPR,1/1/2026
ACC0000002597,CUST00002827,BR0009,WALLET,ACTIVE,6/19/2022,NPR,1/1/2026
ACC0000002598,CUST00004187,BR0011,SALARY,ACTIVE,12/15/2022,NPR,1/1/2026
ACC0000002599,CUST00004034,BR0025,SAVINGS,ACTIVE,4/13/2021,NPR,1/1/2026
ACC0000002600,CUST00004404,BR0014,SALARY,ACTIVE,12/10/2024,NPR,1/1/2026
ACC0000002601,CUST00002667,BR0032,SAVINGS,ACTIVE,7/8/2023,NPR,1/1/2026
ACC0000002602,CUST00002761,BR0002,CURRENT,ACTIVE,8/18/2021,NPR,1/1/2026
ACC0000002603,CUST00003010,BR0024,SAVINGS,ACTIVE,8/2/2020,NPR,1/1/2026
ACC0000002604,CUST00000399,BR0006,SALARY,ACTIVE,11/12/2022,NPR,1/1/2026
ACC0000002605,CUST00001167,BR0027,WALLET,ACTIVE,1/30/2021,NPR,1/1/2026
ACC0000002606,CUST00004229,BR0036,LOAN,DORMANT,3/31/2023,NPR,1/1/2026
ACC0000002607,CUST00004772,BR0010,SAVINGS,ACTIVE,4/16/2024,NPR,1/1/2026
ACC0000002608,CUST00003503,BR0035,CURRENT,ACTIVE,4/14/2023,NPR,1/1/2026
ACC0000002609,CUST00000841,BR0016,SALARY,ACTIVE,9/4/2020,NPR,1/1/2026
ACC0000002610,CUST00003554,BR0019,SAVINGS,ACTIVE,10/30/2022,NPR,1/1/2026
ACC0000002611,CUST00003206,BR0016,CURRENT,ACTIVE,11/18/2019,NPR,1/1/2026
ACC0000002612,CUST00001011,BR0024,LOAN,ACTIVE,10/6/2024,NPR,1/1/2026
ACC0000002613,CUST00001013,BR0033,CURRENT,ACTIVE,8/12/2019,NPR,1/1/2026
ACC0000002614,CUST00002540,BR0032,SAVINGS,ACTIVE,4/24/2025,NPR,1/1/2026
ACC0000002615,CUST00004766,BR0018,WALLET,ACTIVE,6/7/2023,NPR,1/1/2026
ACC0000002616,CUST00004367,BR0029,CURRENT,ACTIVE,2/11/2024,NPR,1/1/2026
ACC0000002617,CUST00001760,BR0015,SAVINGS,ACTIVE,3/1/2025,NPR,1/1/2026
ACC0000002618,CUST00003372,BR0036,SAVINGS,CLOSED,4/7/2025,NPR,1/1/2026
ACC0000002619,CUST00002053,BR0017,LOAN,ACTIVE,6/3/2020,NPR,1/1/2026
ACC0000002620,CUST00003573,BR0035,LOAN,ACTIVE,1/26/2022,NPR,1/1/2026
ACC0000002621,CUST00004475,BR0021,LOAN,ACTIVE,8/25/2021,NPR,1/1/2026
ACC0000002622,CUST00001143,BR0029,SAVINGS,ACTIVE,8/18/2020,NPR,1/1/2026
ACC0000002623,CUST00004722,BR0028,SAVINGS,ACTIVE,4/8/2019,NPR,1/1/2026
ACC0000002624,CUST00001579,BR0017,WALLET,ACTIVE,8/19/2023,NPR,1/1/2026
ACC0000002625,CUST00002454,BR0004,LOAN,ACTIVE,6/26/2019,NPR,1/1/2026
ACC0000002626,CUST00004963,BR0030,CURRENT,ACTIVE,4/22/2024,NPR,1/1/2026
ACC0000002627,CUST00004396,BR0004,SALARY,BLOCKED,2/3/2022,NPR,1/1/2026
ACC0000002628,CUST00003168,BR0015,LOAN,ACTIVE,2/24/2024,NPR,1/1/2026
ACC0000002629,CUST00004129,BR0009,LOAN,ACTIVE,1/16/2021,NPR,1/1/2026
ACC0000002630,CUST00002511,BR0039,WALLET,ACTIVE,2/4/2021,NPR,1/1/2026
ACC0000002631,CUST00001070,BR0013,CURRENT,ACTIVE,8/9/2023,NPR,1/1/2026
ACC0000002632,CUST00002924,BR0028,WALLET,ACTIVE,7/25/2020,NPR,1/1/2026
ACC0000002633,CUST00000292,BR0002,SAVINGS,DORMANT,6/5/2020,NPR,1/1/2026
ACC0000002634,CUST00000982,BR0006,SALARY,ACTIVE,8/8/2020,NPR,1/1/2026
ACC0000002635,CUST00000782,BR0004,SALARY,ACTIVE,3/14/2022,NPR,1/1/2026
ACC0000002636,CUST00000287,BR0035,LOAN,ACTIVE,8/28/2024,NPR,1/1/2026
ACC0000002637,CUST00000622,BR0014,CURRENT,ACTIVE,1/22/2020,NPR,1/1/2026
ACC0000002638,CUST00003937,BR0014,SAVINGS,ACTIVE,7/4/2020,NPR,1/1/2026
ACC0000002639,CUST00003046,BR0020,SAVINGS,ACTIVE,12/18/2025,NPR,1/1/2026
ACC0000002640,CUST00000426,BR0036,CURRENT,ACTIVE,2/1/2022,NPR,1/1/2026
ACC0000002641,CUST00004126,BR0025,SAVINGS,ACTIVE,4/19/2019,NPR,1/1/2026
ACC0000002642,CUST00002692,BR0013,SALARY,ACTIVE,10/30/2021,NPR,1/1/2026
ACC0000002643,CUST00001112,BR0007,SALARY,ACTIVE,7/23/2020,NPR,1/1/2026
ACC0000002644,CUST00002808,BR0034,LOAN,ACTIVE,5/17/2022,NPR,1/1/2026
ACC0000002645,CUST00003359,BR0023,WALLET,ACTIVE,8/12/2024,NPR,1/1/2026
ACC0000002646,CUST00001538,BR0022,CURRENT,ACTIVE,6/5/2024,NPR,1/1/2026
ACC0000002647,CUST00001851,BR0039,WALLET,ACTIVE,3/4/2023,NPR,1/1/2026
ACC0000002648,CUST00003256,BR0002,LOAN,DORMANT,5/19/2019,NPR,1/1/2026
ACC0000002649,CUST00001184,BR0024,SAVINGS,ACTIVE,4/20/2025,NPR,1/1/2026
ACC0000002650,CUST00001158,BR0014,WALLET,ACTIVE,10/7/2020,NPR,1/1/2026
ACC0000002651,CUST00001147,BR0037,WALLET,ACTIVE,2/22/2022,NPR,1/1/2026
ACC0000002652,CUST00001754,BR0006,WALLET,ACTIVE,7/22/2021,NPR,1/1/2026
ACC0000002653,CUST00004219,BR0037,SALARY,ACTIVE,10/2/2020,NPR,1/1/2026
ACC0000002654,CUST00000159,BR0020,CURRENT,ACTIVE,6/22/2025,NPR,1/1/2026
ACC0000002655,CUST00004567,BR0011,CURRENT,ACTIVE,3/7/2024,NPR,1/1/2026
ACC0000002656,CUST00002308,BR0010,SALARY,DORMANT,4/16/2023,NPR,1/1/2026
ACC0000002657,CUST00003508,BR0029,CURRENT,ACTIVE,12/8/2024,NPR,1/1/2026
ACC0000002658,CUST00003362,BR0023,SALARY,ACTIVE,2/16/2021,NPR,1/1/2026
ACC0000002659,CUST00000560,BR0021,LOAN,ACTIVE,3/10/2020,NPR,1/1/2026
ACC0000002660,CUST00002556,BR0006,LOAN,ACTIVE,7/16/2023,NPR,1/1/2026
ACC0000002661,CUST00001470,BR0033,SALARY,ACTIVE,1/15/2020,NPR,1/1/2026
ACC0000002662,CUST00003817,BR0007,WALLET,ACTIVE,10/30/2019,NPR,1/1/2026
ACC0000002663,CUST00001898,BR0037,WALLET,ACTIVE,8/20/2025,NPR,1/1/2026
ACC0000002664,CUST00000821,BR0002,SALARY,ACTIVE,2/17/2022,NPR,1/1/2026
ACC0000002665,CUST00001414,BR0020,CURRENT,ACTIVE,8/9/2025,NPR,1/1/2026
ACC0000002666,CUST00000989,BR0031,SAVINGS,ACTIVE,5/22/2025,NPR,1/1/2026
ACC0000002667,CUST00003338,BR0016,WALLET,ACTIVE,5/3/2022,NPR,1/1/2026
ACC0000002668,CUST00000529,BR0026,SAVINGS,ACTIVE,7/5/2020,NPR,1/1/2026
ACC0000002669,CUST00000044,BR0030,CURRENT,ACTIVE,10/29/2021,NPR,1/1/2026
ACC0000002670,CUST00003151,BR0001,SALARY,ACTIVE,9/3/2019,NPR,1/1/2026
ACC0000002671,CUST00003490,BR0008,CURRENT,ACTIVE,10/20/2021,NPR,1/1/2026
ACC0000002672,CUST00003388,BR0017,SALARY,ACTIVE,2/16/2021,NPR,1/1/2026
ACC0000002673,CUST00000744,BR0004,CURRENT,ACTIVE,11/12/2021,NPR,1/1/2026
ACC0000002674,CUST00004145,BR0002,CURRENT,ACTIVE,11/18/2019,NPR,1/1/2026
ACC0000002675,CUST00003875,BR0039,LOAN,CLOSED,9/27/2024,NPR,1/1/2026
ACC0000002676,CUST00002655,BR0012,CURRENT,ACTIVE,2/25/2022,NPR,1/1/2026
ACC0000002677,CUST00003451,BR0033,WALLET,ACTIVE,1/25/2022,NPR,1/1/2026
ACC0000002678,CUST00004037,BR0036,CURRENT,ACTIVE,6/24/2020,NPR,1/1/2026
ACC0000002679,CUST00001852,BR0037,LOAN,BLOCKED,10/17/2020,NPR,1/1/2026
ACC0000002680,CUST00001337,BR0015,SAVINGS,ACTIVE,4/28/2022,NPR,1/1/2026
ACC0000002681,CUST00003433,BR0019,LOAN,ACTIVE,11/23/2019,NPR,1/1/2026
ACC0000002682,CUST00000247,BR0014,SALARY,ACTIVE,1/28/2020,NPR,1/1/2026
ACC0000002683,CUST00004044,BR0020,CURRENT,ACTIVE,3/19/2024,NPR,1/1/2026
ACC0000002684,CUST00004614,BR0023,LOAN,ACTIVE,8/6/2021,NPR,1/1/2026
ACC0000002685,CUST00004978,BR0034,CURRENT,ACTIVE,3/24/2023,NPR,1/1/2026
ACC0000002686,CUST00000884,BR0029,SAVINGS,ACTIVE,8/22/2019,NPR,1/1/2026
ACC0000002687,CUST00000689,BR0017,SAVINGS,ACTIVE,3/21/2021,NPR,1/1/2026
ACC0000002688,CUST00002678,BR0025,SALARY,ACTIVE,1/31/2024,NPR,1/1/2026
ACC0000002689,CUST00003217,BR0002,SALARY,ACTIVE,8/3/2024,NPR,1/1/2026
ACC0000002690,CUST00003423,BR0004,LOAN,ACTIVE,12/3/2019,NPR,1/1/2026
ACC0000002691,CUST00001402,BR0011,LOAN,ACTIVE,1/18/2023,NPR,1/1/2026
ACC0000002692,CUST00003376,BR0023,WALLET,CLOSED,6/30/2023,NPR,1/1/2026
ACC0000002693,CUST00000671,BR0009,WALLET,ACTIVE,10/17/2021,NPR,1/1/2026
ACC0000002694,CUST00004536,BR0029,SAVINGS,ACTIVE,12/16/2019,NPR,1/1/2026
ACC0000002695,CUST00003425,BR0004,CURRENT,ACTIVE,10/31/2024,NPR,1/1/2026
ACC0000002696,CUST00000986,BR0002,SALARY,CLOSED,5/16/2022,NPR,1/1/2026
ACC0000002697,CUST00003605,BR0028,WALLET,ACTIVE,12/31/2021,NPR,1/1/2026
ACC0000002698,CUST00004439,BR0035,WALLET,ACTIVE,5/18/2022,NPR,1/1/2026
ACC0000002699,CUST00002668,BR0040,LOAN,ACTIVE,10/9/2021,NPR,1/1/2026
ACC0000002700,CUST00000339,BR0040,WALLET,ACTIVE,1/11/2021,NPR,1/1/2026
ACC0000002701,CUST00004887,BR0040,CURRENT,ACTIVE,9/28/2021,NPR,1/1/2026
ACC0000002702,CUST00004011,BR0035,CURRENT,BLOCKED,3/23/2021,NPR,1/1/2026
ACC0000002703,CUST00000178,BR0037,CURRENT,ACTIVE,3/10/2021,NPR,1/1/2026
ACC0000002704,CUST00001186,BR0037,LOAN,ACTIVE,9/24/2025,NPR,1/1/2026
ACC0000002705,CUST00003135,BR0011,LOAN,ACTIVE,12/30/2019,NPR,1/1/2026
ACC0000002706,CUST00002597,BR0031,LOAN,ACTIVE,9/22/2022,NPR,1/1/2026
ACC0000002707,CUST00001055,BR0022,LOAN,ACTIVE,9/4/2022,NPR,1/1/2026
ACC0000002708,CUST00001196,BR0010,LOAN,ACTIVE,4/22/2021,NPR,1/1/2026
ACC0000002709,CUST00002410,BR0033,SALARY,ACTIVE,12/14/2023,NPR,1/1/2026
ACC0000002710,CUST00001497,BR0015,WALLET,CLOSED,9/29/2023,NPR,1/1/2026
ACC0000002711,CUST00001923,BR0021,LOAN,ACTIVE,3/8/2021,NPR,1/1/2026
ACC0000002712,CUST00000597,BR0030,SALARY,ACTIVE,10/1/2020,NPR,1/1/2026
ACC0000002713,CUST00001826,BR0017,WALLET,ACTIVE,7/9/2022,NPR,1/1/2026
ACC0000002714,CUST00001986,BR0034,SALARY,DORMANT,3/9/2019,NPR,1/1/2026
ACC0000002715,CUST00002090,BR0032,SALARY,ACTIVE,9/25/2019,NPR,1/1/2026
ACC0000002716,CUST00000554,BR0016,SALARY,ACTIVE,2/4/2023,NPR,1/1/2026
ACC0000002717,CUST00000413,BR0031,LOAN,ACTIVE,12/2/2025,NPR,1/1/2026
ACC0000002718,CUST00001734,BR0019,SAVINGS,ACTIVE,1/5/2023,NPR,1/1/2026
ACC0000002719,CUST00000443,BR0013,WALLET,ACTIVE,3/31/2021,NPR,1/1/2026
ACC0000002720,CUST00004226,BR0003,WALLET,ACTIVE,1/29/2020,NPR,1/1/2026
ACC0000002721,CUST00003556,BR0005,CURRENT,ACTIVE,2/23/2022,NPR,1/1/2026
ACC0000002722,CUST00001408,BR0011,LOAN,ACTIVE,2/18/2021,NPR,1/1/2026
ACC0000002723,CUST00000807,BR0033,SAVINGS,DORMANT,9/24/2023,NPR,1/1/2026
ACC0000002724,CUST00004302,BR0038,WALLET,ACTIVE,1/8/2024,NPR,1/1/2026
ACC0000002725,CUST00004497,BR0018,WALLET,ACTIVE,2/14/2020,NPR,1/1/2026
ACC0000002726,CUST00001229,BR0035,SAVINGS,DORMANT,6/16/2019,NPR,1/1/2026
ACC0000002727,CUST00000926,BR0003,LOAN,ACTIVE,8/13/2025,NPR,1/1/2026
ACC0000002728,CUST00004255,BR0011,SAVINGS,ACTIVE,5/11/2025,NPR,1/1/2026
ACC0000002729,CUST00001175,BR0019,SAVINGS,ACTIVE,4/10/2022,NPR,1/1/2026
ACC0000002730,CUST00004231,BR0022,SALARY,BLOCKED,11/25/2022,NPR,1/1/2026
ACC0000002731,CUST00002149,BR0026,CURRENT,ACTIVE,3/8/2020,NPR,1/1/2026
ACC0000002732,CUST00000469,BR0020,SALARY,ACTIVE,4/11/2024,NPR,1/1/2026
ACC0000002733,CUST00003263,BR0009,LOAN,ACTIVE,3/28/2022,NPR,1/1/2026
ACC0000002734,CUST00001818,BR0037,LOAN,ACTIVE,3/16/2021,NPR,1/1/2026
ACC0000002735,CUST00001066,BR0012,WALLET,ACTIVE,3/23/2021,NPR,1/1/2026
ACC0000002736,CUST00002626,BR0040,WALLET,ACTIVE,1/11/2024,NPR,1/1/2026
ACC0000002737,CUST00003949,BR0005,CURRENT,ACTIVE,8/29/2022,NPR,1/1/2026
ACC0000002738,CUST00004896,BR0017,CURRENT,ACTIVE,8/1/2023,NPR,1/1/2026
ACC0000002739,CUST00002421,BR0004,WALLET,ACTIVE,8/21/2020,NPR,1/1/2026
ACC0000002740,CUST00000389,BR0039,SAVINGS,ACTIVE,3/13/2019,NPR,1/1/2026
ACC0000002741,CUST00004584,BR0003,SAVINGS,ACTIVE,7/7/2020,NPR,1/1/2026
ACC0000002742,CUST00003350,BR0004,SAVINGS,ACTIVE,6/28/2019,NPR,1/1/2026
ACC0000002743,CUST00003211,BR0039,WALLET,ACTIVE,7/15/2021,NPR,1/1/2026
ACC0000002744,CUST00001143,BR0015,SAVINGS,ACTIVE,2/27/2019,NPR,1/1/2026
ACC0000002745,CUST00002465,BR0014,LOAN,ACTIVE,11/23/2025,NPR,1/1/2026
ACC0000002746,CUST00000512,BR0019,SALARY,ACTIVE,7/5/2022,NPR,1/1/2026
ACC0000002747,CUST00001706,BR0035,WALLET,ACTIVE,1/4/2022,NPR,1/1/2026
ACC0000002748,CUST00003842,BR0031,SALARY,ACTIVE,10/2/2020,NPR,1/1/2026
ACC0000002749,CUST00000661,BR0039,WALLET,ACTIVE,12/15/2024,NPR,1/1/2026
ACC0000002750,CUST00001376,BR0022,LOAN,ACTIVE,10/11/2020,NPR,1/1/2026
ACC0000002751,CUST00000068,BR0012,LOAN,ACTIVE,12/18/2022,NPR,1/1/2026
ACC0000002752,CUST00004174,BR0038,SALARY,ACTIVE,5/4/2022,NPR,1/1/2026
ACC0000002753,CUST00003291,BR0029,WALLET,ACTIVE,12/30/2025,NPR,1/1/2026
ACC0000002754,CUST00004659,BR0020,WALLET,ACTIVE,4/8/2025,NPR,1/1/2026
ACC0000002755,CUST00001219,BR0023,CURRENT,ACTIVE,3/15/2023,NPR,1/1/2026
ACC0000002756,CUST00002091,BR0012,WALLET,ACTIVE,8/23/2025,NPR,1/1/2026
ACC0000002757,CUST00003885,BR0020,SALARY,ACTIVE,4/25/2023,NPR,1/1/2026
ACC0000002758,CUST00002879,BR0011,SAVINGS,ACTIVE,7/10/2021,NPR,1/1/2026
ACC0000002759,CUST00004116,BR0016,SAVINGS,ACTIVE,3/12/2020,NPR,1/1/2026
ACC0000002760,CUST00004843,BR0001,WALLET,ACTIVE,9/24/2021,NPR,1/1/2026
ACC0000002761,CUST00000490,BR0019,SALARY,ACTIVE,1/10/2025,NPR,1/1/2026
ACC0000002762,CUST00000760,BR0040,SAVINGS,ACTIVE,7/28/2024,NPR,1/1/2026
ACC0000002763,CUST00004731,BR0019,SALARY,ACTIVE,3/20/2021,NPR,1/1/2026
ACC0000002764,CUST00001839,BR0037,SAVINGS,ACTIVE,11/14/2025,NPR,1/1/2026
ACC0000002765,CUST00001500,BR0019,WALLET,DORMANT,6/12/2022,NPR,1/1/2026
ACC0000002766,CUST00003622,BR0017,CURRENT,ACTIVE,5/14/2024,NPR,1/1/2026
ACC0000002767,CUST00000217,BR0028,SALARY,ACTIVE,2/2/2025,NPR,1/1/2026
ACC0000002768,CUST00001900,BR0010,SALARY,ACTIVE,9/27/2024,NPR,1/1/2026
ACC0000002769,CUST00001513,BR0039,WALLET,DORMANT,5/2/2019,NPR,1/1/2026
ACC0000002770,CUST00003582,BR0035,SALARY,ACTIVE,1/4/2020,NPR,1/1/2026
ACC0000002771,CUST00004812,BR0031,SALARY,ACTIVE,10/20/2023,NPR,1/1/2026
ACC0000002772,CUST00001436,BR0006,LOAN,DORMANT,5/6/2021,NPR,1/1/2026
ACC0000002773,CUST00003402,BR0012,WALLET,ACTIVE,6/7/2022,NPR,1/1/2026
ACC0000002774,CUST00003586,BR0021,SAVINGS,ACTIVE,1/18/2025,NPR,1/1/2026
ACC0000002775,CUST00004430,BR0024,LOAN,ACTIVE,2/11/2020,NPR,1/1/2026
ACC0000002776,CUST00004696,BR0019,SALARY,ACTIVE,11/19/2019,NPR,1/1/2026
ACC0000002777,CUST00004651,BR0029,SALARY,ACTIVE,5/12/2019,NPR,1/1/2026
ACC0000002778,CUST00004191,BR0012,LOAN,ACTIVE,3/23/2023,NPR,1/1/2026
ACC0000002779,CUST00001509,BR0017,CURRENT,ACTIVE,4/27/2020,NPR,1/1/2026
ACC0000002780,CUST00002858,BR0018,CURRENT,ACTIVE,4/3/2024,NPR,1/1/2026
ACC0000002781,CUST00003060,BR0001,LOAN,ACTIVE,10/7/2022,NPR,1/1/2026
ACC0000002782,CUST00001644,BR0023,CURRENT,ACTIVE,5/5/2021,NPR,1/1/2026
ACC0000002783,CUST00000326,BR0034,CURRENT,ACTIVE,1/16/2021,NPR,1/1/2026
ACC0000002784,CUST00000026,BR0024,SAVINGS,DORMANT,9/12/2024,NPR,1/1/2026
ACC0000002785,CUST00002886,BR0012,CURRENT,ACTIVE,12/24/2023,NPR,1/1/2026
ACC0000002786,CUST00004520,BR0034,SALARY,ACTIVE,9/11/2023,NPR,1/1/2026
ACC0000002787,CUST00004079,BR0039,LOAN,ACTIVE,9/4/2020,NPR,1/1/2026
ACC0000002788,CUST00004622,BR0007,SAVINGS,DORMANT,11/18/2019,NPR,1/1/2026
ACC0000002789,CUST00003084,BR0031,SALARY,ACTIVE,3/11/2019,NPR,1/1/2026
ACC0000002790,CUST00001084,BR0035,CURRENT,ACTIVE,1/9/2023,NPR,1/1/2026
ACC0000002791,CUST00003832,BR0031,SAVINGS,ACTIVE,6/21/2024,NPR,1/1/2026
ACC0000002792,CUST00000538,BR0008,WALLET,ACTIVE,8/27/2023,NPR,1/1/2026
ACC0000002793,CUST00001979,BR0018,SAVINGS,ACTIVE,8/9/2022,NPR,1/1/2026
ACC0000002794,CUST00001436,BR0026,CURRENT,ACTIVE,9/10/2023,NPR,1/1/2026
ACC0000002795,CUST00003923,BR0003,SAVINGS,ACTIVE,10/18/2019,NPR,1/1/2026
ACC0000002796,CUST00000324,BR0030,CURRENT,ACTIVE,12/27/2023,NPR,1/1/2026
ACC0000002797,CUST00000149,BR0023,WALLET,ACTIVE,5/8/2020,NPR,1/1/2026
ACC0000002798,CUST00000101,BR0004,LOAN,ACTIVE,5/6/2023,NPR,1/1/2026
ACC0000002799,CUST00004098,BR0017,SALARY,ACTIVE,1/21/2021,NPR,1/1/2026
ACC0000002800,CUST00000367,BR0020,SAVINGS,CLOSED,9/5/2024,NPR,1/1/2026
ACC0000002801,CUST00000071,BR0032,SALARY,ACTIVE,1/31/2021,NPR,1/1/2026
ACC0000002802,CUST00003994,BR0001,LOAN,ACTIVE,12/6/2020,NPR,1/1/2026
ACC0000002803,CUST00001991,BR0032,SAVINGS,ACTIVE,11/9/2024,NPR,1/1/2026
ACC0000002804,CUST00001350,BR0008,CURRENT,DORMANT,12/1/2023,NPR,1/1/2026
ACC0000002805,CUST00004996,BR0019,WALLET,BLOCKED,5/11/2022,NPR,1/1/2026
ACC0000002806,CUST00003377,BR0013,SALARY,ACTIVE,9/5/2020,NPR,1/1/2026
ACC0000002807,CUST00001181,BR0005,CURRENT,ACTIVE,10/3/2020,NPR,1/1/2026
ACC0000002808,CUST00003685,BR0033,CURRENT,ACTIVE,1/3/2020,NPR,1/1/2026
ACC0000002809,CUST00003582,BR0004,SALARY,ACTIVE,8/31/2019,NPR,1/1/2026
ACC0000002810,CUST00004144,BR0018,LOAN,ACTIVE,11/10/2025,NPR,1/1/2026
ACC0000002811,CUST00000715,BR0035,LOAN,DORMANT,9/17/2019,NPR,1/1/2026
ACC0000002812,CUST00000070,BR0001,SALARY,ACTIVE,1/4/2024,NPR,1/1/2026
ACC0000002813,CUST00000034,BR0017,SALARY,ACTIVE,8/13/2023,NPR,1/1/2026
ACC0000002814,CUST00001348,BR0013,CURRENT,ACTIVE,2/8/2024,NPR,1/1/2026
ACC0000002815,CUST00004067,BR0017,SALARY,ACTIVE,11/17/2022,NPR,1/1/2026
ACC0000002816,CUST00004649,BR0031,SAVINGS,ACTIVE,11/9/2024,NPR,1/1/2026
ACC0000002817,CUST00002578,BR0011,SALARY,ACTIVE,1/3/2021,NPR,1/1/2026
ACC0000002818,CUST00003984,BR0036,WALLET,ACTIVE,4/13/2025,NPR,1/1/2026
ACC0000002819,CUST00003803,BR0012,SALARY,ACTIVE,11/26/2022,NPR,1/1/2026
ACC0000002820,CUST00003439,BR0014,SALARY,ACTIVE,3/21/2019,NPR,1/1/2026
ACC0000002821,CUST00002270,BR0037,SALARY,CLOSED,6/14/2023,NPR,1/1/2026
ACC0000002822,CUST00004674,BR0001,WALLET,CLOSED,2/9/2022,NPR,1/1/2026
ACC0000002823,CUST00003505,BR0003,LOAN,ACTIVE,4/15/2024,NPR,1/1/2026
ACC0000002824,CUST00002846,BR0011,SALARY,ACTIVE,11/13/2023,NPR,1/1/2026
ACC0000002825,CUST00002786,BR0024,SALARY,ACTIVE,11/25/2021,NPR,1/1/2026
ACC0000002826,CUST00002429,BR0040,SALARY,ACTIVE,10/13/2019,NPR,1/1/2026
ACC0000002827,CUST00001167,BR0016,SAVINGS,ACTIVE,12/5/2019,NPR,1/1/2026
ACC0000002828,CUST00000438,BR0018,CURRENT,ACTIVE,12/20/2019,NPR,1/1/2026
ACC0000002829,CUST00001978,BR0010,SALARY,ACTIVE,11/7/2022,NPR,1/1/2026
ACC0000002830,CUST00003000,BR0003,SALARY,ACTIVE,12/13/2024,NPR,1/1/2026
ACC0000002831,CUST00004895,BR0014,LOAN,ACTIVE,9/30/2025,NPR,1/1/2026
ACC0000002832,CUST00002674,BR0031,SALARY,ACTIVE,3/18/2021,NPR,1/1/2026
ACC0000002833,CUST00000543,BR0020,LOAN,ACTIVE,11/9/2021,NPR,1/1/2026
ACC0000002834,CUST00001668,BR0025,LOAN,ACTIVE,6/15/2019,NPR,1/1/2026
ACC0000002835,CUST00001308,BR0024,WALLET,ACTIVE,3/3/2019,NPR,1/1/2026
ACC0000002836,CUST00000259,BR0003,CURRENT,ACTIVE,10/24/2022,NPR,1/1/2026
ACC0000002837,CUST00001050,BR0002,WALLET,DORMANT,12/31/2023,NPR,1/1/2026
ACC0000002838,CUST00002757,BR0026,WALLET,CLOSED,6/27/2022,NPR,1/1/2026
ACC0000002839,CUST00001726,BR0019,WALLET,ACTIVE,5/14/2019,NPR,1/1/2026
ACC0000002840,CUST00003007,BR0031,CURRENT,ACTIVE,3/6/2022,NPR,1/1/2026
ACC0000002841,CUST00002517,BR0014,WALLET,ACTIVE,2/13/2024,NPR,1/1/2026
ACC0000002842,CUST00001295,BR0002,WALLET,ACTIVE,7/16/2025,NPR,1/1/2026
ACC0000002843,CUST00003756,BR0001,LOAN,ACTIVE,5/16/2020,NPR,1/1/2026
ACC0000002844,CUST00002006,BR0004,CURRENT,ACTIVE,11/28/2024,NPR,1/1/2026
ACC0000002845,CUST00003237,BR0035,LOAN,ACTIVE,7/1/2024,NPR,1/1/2026
ACC0000002846,CUST00000387,BR0037,LOAN,ACTIVE,8/2/2019,NPR,1/1/2026
ACC0000002847,CUST00000124,BR0024,LOAN,ACTIVE,3/12/2022,NPR,1/1/2026
ACC0000002848,CUST00003604,BR0008,WALLET,ACTIVE,4/5/2024,NPR,1/1/2026
ACC0000002849,CUST00004698,BR0023,SALARY,ACTIVE,7/26/2025,NPR,1/1/2026
ACC0000002850,CUST00000768,BR0021,LOAN,ACTIVE,3/22/2022,NPR,1/1/2026
ACC0000002851,CUST00000261,BR0037,SAVINGS,DORMANT,4/7/2019,NPR,1/1/2026
ACC0000002852,CUST00003099,BR0027,SALARY,ACTIVE,4/23/2019,NPR,1/1/2026
ACC0000002853,CUST00000841,BR0022,WALLET,ACTIVE,12/1/2023,NPR,1/1/2026
ACC0000002854,CUST00003292,BR0013,CURRENT,DORMANT,4/26/2023,NPR,1/1/2026
ACC0000002855,CUST00000965,BR0014,SALARY,ACTIVE,8/2/2021,NPR,1/1/2026
ACC0000002856,CUST00003274,BR0036,CURRENT,ACTIVE,12/2/2021,NPR,1/1/2026
ACC0000002857,CUST00000056,BR0003,SAVINGS,ACTIVE,6/29/2020,NPR,1/1/2026
ACC0000002858,CUST00002038,BR0037,WALLET,ACTIVE,1/2/2025,NPR,1/1/2026
ACC0000002859,CUST00000002,BR0027,SAVINGS,DORMANT,10/21/2021,NPR,1/1/2026
ACC0000002860,CUST00002260,BR0025,SALARY,ACTIVE,1/14/2020,NPR,1/1/2026
ACC0000002861,CUST00000364,BR0015,LOAN,DORMANT,12/1/2023,NPR,1/1/2026
ACC0000002862,CUST00002109,BR0026,LOAN,ACTIVE,3/18/2023,NPR,1/1/2026
ACC0000002863,CUST00001414,BR0010,SALARY,ACTIVE,4/9/2024,NPR,1/1/2026
ACC0000002864,CUST00003631,BR0028,SAVINGS,ACTIVE,1/6/2024,NPR,1/1/2026
ACC0000002865,CUST00004074,BR0023,WALLET,ACTIVE,8/16/2023,NPR,1/1/2026
ACC0000002866,CUST00004316,BR0001,WALLET,ACTIVE,11/10/2022,NPR,1/1/2026
ACC0000002867,CUST00000031,BR0027,SALARY,CLOSED,10/7/2023,NPR,1/1/2026
ACC0000002868,CUST00003689,BR0013,LOAN,ACTIVE,12/22/2025,NPR,1/1/2026
ACC0000002869,CUST00000169,BR0039,CURRENT,ACTIVE,1/27/2020,NPR,1/1/2026
ACC0000002870,CUST00002883,BR0008,SAVINGS,DORMANT,5/26/2024,NPR,1/1/2026
ACC0000002871,CUST00002416,BR0002,CURRENT,CLOSED,12/30/2025,NPR,1/1/2026
ACC0000002872,CUST00004002,BR0031,LOAN,DORMANT,12/23/2022,NPR,1/1/2026
ACC0000002873,CUST00002376,BR0016,SALARY,ACTIVE,11/11/2019,NPR,1/1/2026
ACC0000002874,CUST00000329,BR0030,CURRENT,ACTIVE,6/5/2023,NPR,1/1/2026
ACC0000002875,CUST00004185,BR0004,WALLET,ACTIVE,4/22/2021,NPR,1/1/2026
ACC0000002876,CUST00004412,BR0018,WALLET,ACTIVE,7/8/2023,NPR,1/1/2026
ACC0000002877,CUST00003880,BR0001,SALARY,ACTIVE,8/19/2023,NPR,1/1/2026
ACC0000002878,CUST00004098,BR0022,LOAN,ACTIVE,2/16/2020,NPR,1/1/2026
ACC0000002879,CUST00002793,BR0025,LOAN,ACTIVE,2/15/2020,NPR,1/1/2026
ACC0000002880,CUST00002320,BR0003,WALLET,DORMANT,5/12/2020,NPR,1/1/2026
ACC0000002881,CUST00004529,BR0004,CURRENT,ACTIVE,7/16/2022,NPR,1/1/2026
ACC0000002882,CUST00004317,BR0010,SALARY,ACTIVE,11/25/2023,NPR,1/1/2026
ACC0000002883,CUST00004827,BR0036,LOAN,ACTIVE,6/3/2024,NPR,1/1/2026
ACC0000002884,CUST00003569,BR0040,WALLET,ACTIVE,8/28/2025,NPR,1/1/2026
ACC0000002885,CUST00001648,BR0013,WALLET,ACTIVE,7/31/2020,NPR,1/1/2026
ACC0000002886,CUST00000181,BR0038,SALARY,ACTIVE,1/16/2020,NPR,1/1/2026
ACC0000002887,CUST00000745,BR0025,LOAN,ACTIVE,11/23/2025,NPR,1/1/2026
ACC0000002888,CUST00000335,BR0038,LOAN,ACTIVE,10/31/2021,NPR,1/1/2026
ACC0000002889,CUST00002540,BR0025,CURRENT,ACTIVE,10/11/2024,NPR,1/1/2026
ACC0000002890,CUST00002255,BR0026,SAVINGS,ACTIVE,7/9/2024,NPR,1/1/2026
ACC0000002891,CUST00002555,BR0003,SALARY,ACTIVE,10/3/2022,NPR,1/1/2026
ACC0000002892,CUST00004688,BR0009,SAVINGS,ACTIVE,9/30/2019,NPR,1/1/2026
ACC0000002893,CUST00000777,BR0037,SALARY,DORMANT,12/19/2023,NPR,1/1/2026
ACC0000002894,CUST00001614,BR0010,CURRENT,ACTIVE,5/19/2022,NPR,1/1/2026
ACC0000002895,CUST00001882,BR0030,LOAN,ACTIVE,6/8/2023,NPR,1/1/2026
ACC0000002896,CUST00003090,BR0008,WALLET,ACTIVE,7/2/2023,NPR,1/1/2026
ACC0000002897,CUST00003711,BR0021,LOAN,ACTIVE,1/11/2023,NPR,1/1/2026
ACC0000002898,CUST00000632,BR0002,CURRENT,DORMANT,3/1/2020,NPR,1/1/2026
ACC0000002899,CUST00001662,BR0036,SAVINGS,ACTIVE,12/31/2025,NPR,1/1/2026
ACC0000002900,CUST00003932,BR0015,SAVINGS,ACTIVE,9/1/2020,NPR,1/1/2026
ACC0000002901,CUST00001252,BR0025,SAVINGS,DORMANT,4/16/2024,NPR,1/1/2026
ACC0000002902,CUST00000934,BR0027,LOAN,ACTIVE,8/12/2025,NPR,1/1/2026
ACC0000002903,CUST00002359,BR0030,SAVINGS,BLOCKED,5/8/2024,NPR,1/1/2026
ACC0000002904,CUST00004040,BR0004,LOAN,ACTIVE,6/13/2019,NPR,1/1/2026
ACC0000002905,CUST00002863,BR0009,SALARY,ACTIVE,12/7/2023,NPR,1/1/2026
ACC0000002906,CUST00002345,BR0015,CURRENT,ACTIVE,2/19/2023,NPR,1/1/2026
ACC0000002907,CUST00002505,BR0025,CURRENT,ACTIVE,6/9/2025,NPR,1/1/2026
ACC0000002908,CUST00000009,BR0018,WALLET,CLOSED,5/11/2024,NPR,1/1/2026
ACC0000002909,CUST00004096,BR0038,LOAN,ACTIVE,1/20/2025,NPR,1/1/2026
ACC0000002910,CUST00002240,BR0036,SAVINGS,ACTIVE,6/13/2020,NPR,1/1/2026
ACC0000002911,CUST00004865,BR0026,SAVINGS,ACTIVE,12/24/2024,NPR,1/1/2026
ACC0000002912,CUST00003639,BR0027,SALARY,ACTIVE,9/7/2024,NPR,1/1/2026
ACC0000002913,CUST00000097,BR0019,WALLET,ACTIVE,8/4/2023,NPR,1/1/2026
ACC0000002914,CUST00001684,BR0005,WALLET,ACTIVE,7/15/2024,NPR,1/1/2026
ACC0000002915,CUST00004738,BR0026,SAVINGS,ACTIVE,5/16/2021,NPR,1/1/2026
ACC0000002916,CUST00002874,BR0027,CURRENT,ACTIVE,6/18/2024,NPR,1/1/2026
ACC0000002917,CUST00002494,BR0027,SALARY,BLOCKED,1/4/2021,NPR,1/1/2026
ACC0000002918,CUST00000588,BR0018,SALARY,ACTIVE,4/28/2020,NPR,1/1/2026
ACC0000002919,CUST00000387,BR0005,SAVINGS,ACTIVE,1/28/2024,NPR,1/1/2026
ACC0000002920,CUST00000483,BR0036,SAVINGS,ACTIVE,9/28/2019,NPR,1/1/2026
ACC0000002921,CUST00002305,BR0016,SALARY,ACTIVE,3/12/2021,NPR,1/1/2026
ACC0000002922,CUST00003961,BR0034,LOAN,ACTIVE,10/10/2025,NPR,1/1/2026
ACC0000002923,CUST00000739,BR0023,SALARY,ACTIVE,5/13/2019,NPR,1/1/2026
ACC0000002924,CUST00003876,BR0011,LOAN,DORMANT,11/2/2021,NPR,1/1/2026
ACC0000002925,CUST00001189,BR0035,SALARY,ACTIVE,2/15/2020,NPR,1/1/2026
ACC0000002926,CUST00003270,BR0029,LOAN,ACTIVE,12/24/2022,NPR,1/1/2026
ACC0000002927,CUST00000564,BR0010,SALARY,ACTIVE,6/16/2022,NPR,1/1/2026
ACC0000002928,CUST00001443,BR0023,SAVINGS,ACTIVE,9/23/2019,NPR,1/1/2026
ACC0000002929,CUST00003802,BR0040,SAVINGS,ACTIVE,10/30/2020,NPR,1/1/2026
ACC0000002930,CUST00003062,BR0026,SAVINGS,ACTIVE,6/18/2020,NPR,1/1/2026
ACC0000002931,CUST00003560,BR0003,SAVINGS,ACTIVE,3/6/2019,NPR,1/1/2026
ACC0000002932,CUST00001155,BR0020,LOAN,ACTIVE,3/5/2025,NPR,1/1/2026
ACC0000002933,CUST00003287,BR0037,CURRENT,ACTIVE,6/17/2024,NPR,1/1/2026
ACC0000002934,CUST00004610,BR0024,LOAN,ACTIVE,9/16/2021,NPR,1/1/2026
ACC0000002935,CUST00003778,BR0013,WALLET,DORMANT,11/23/2023,NPR,1/1/2026
ACC0000002936,CUST00001865,BR0030,WALLET,ACTIVE,4/4/2025,NPR,1/1/2026
ACC0000002937,CUST00002769,BR0016,SALARY,DORMANT,1/14/2021,NPR,1/1/2026
ACC0000002938,CUST00004954,BR0035,SAVINGS,ACTIVE,5/4/2025,NPR,1/1/2026
ACC0000002939,CUST00002842,BR0030,SALARY,DORMANT,1/17/2022,NPR,1/1/2026
ACC0000002940,CUST00000269,BR0013,WALLET,ACTIVE,10/2/2023,NPR,1/1/2026
ACC0000002941,CUST00001693,BR0034,SAVINGS,ACTIVE,5/17/2023,NPR,1/1/2026
ACC0000002942,CUST00004538,BR0038,CURRENT,ACTIVE,2/10/2025,NPR,1/1/2026
ACC0000002943,CUST00002357,BR0024,SAVINGS,CLOSED,1/9/2023,NPR,1/1/2026
ACC0000002944,CUST00000406,BR0037,SALARY,ACTIVE,6/6/2024,NPR,1/1/2026
ACC0000002945,CUST00000504,BR0026,WALLET,ACTIVE,2/26/2022,NPR,1/1/2026
ACC0000002946,CUST00002452,BR0039,WALLET,ACTIVE,3/22/2025,NPR,1/1/2026
ACC0000002947,CUST00002252,BR0030,SAVINGS,ACTIVE,1/2/2020,NPR,1/1/2026
ACC0000002948,CUST00001914,BR0016,CURRENT,ACTIVE,8/16/2023,NPR,1/1/2026
ACC0000002949,CUST00001565,BR0013,SAVINGS,ACTIVE,7/22/2020,NPR,1/1/2026
ACC0000002950,CUST00004683,BR0010,SAVINGS,ACTIVE,2/18/2022,NPR,1/1/2026
ACC0000002951,CUST00001828,BR0008,WALLET,ACTIVE,12/10/2024,NPR,1/1/2026
ACC0000002952,CUST00000200,BR0040,CURRENT,ACTIVE,4/17/2023,NPR,1/1/2026
ACC0000002953,CUST00001141,BR0012,SALARY,ACTIVE,4/22/2022,NPR,1/1/2026
ACC0000002954,CUST00003890,BR0023,WALLET,ACTIVE,8/24/2021,NPR,1/1/2026
ACC0000002955,CUST00000161,BR0013,SALARY,ACTIVE,8/3/2023,NPR,1/1/2026
ACC0000002956,CUST00004968,BR0018,SAVINGS,ACTIVE,1/31/2021,NPR,1/1/2026
ACC0000002957,CUST00000599,BR0017,WALLET,ACTIVE,9/26/2020,NPR,1/1/2026
ACC0000002958,CUST00003858,BR0038,CURRENT,ACTIVE,12/30/2024,NPR,1/1/2026
ACC0000002959,CUST00001405,BR0040,LOAN,ACTIVE,1/17/2024,NPR,1/1/2026
ACC0000002960,CUST00004776,BR0021,SAVINGS,DORMANT,6/11/2020,NPR,1/1/2026
ACC0000002961,CUST00000723,BR0038,SALARY,ACTIVE,8/8/2020,NPR,1/1/2026
ACC0000002962,CUST00004860,BR0031,LOAN,ACTIVE,7/23/2022,NPR,1/1/2026
ACC0000002963,CUST00002095,BR0025,WALLET,ACTIVE,2/9/2023,NPR,1/1/2026
ACC0000002964,CUST00001595,BR0025,CURRENT,ACTIVE,8/15/2024,NPR,1/1/2026
ACC0000002965,CUST00000539,BR0019,CURRENT,ACTIVE,11/17/2021,NPR,1/1/2026
ACC0000002966,CUST00004479,BR0006,WALLET,ACTIVE,7/25/2021,NPR,1/1/2026
ACC0000002967,CUST00000668,BR0031,SAVINGS,ACTIVE,7/11/2023,NPR,1/1/2026
ACC0000002968,CUST00000530,BR0003,LOAN,ACTIVE,4/30/2023,NPR,1/1/2026
ACC0000002969,CUST00004801,BR0035,CURRENT,ACTIVE,6/19/2020,NPR,1/1/2026
ACC0000002970,CUST00001649,BR0017,SAVINGS,ACTIVE,12/5/2024,NPR,1/1/2026
ACC0000002971,CUST00002548,BR0007,SALARY,ACTIVE,7/31/2021,NPR,1/1/2026
ACC0000002972,CUST00004564,BR0036,SAVINGS,ACTIVE,10/23/2021,NPR,1/1/2026
ACC0000002973,CUST00000858,BR0034,SAVINGS,DORMANT,9/13/2024,NPR,1/1/2026
ACC0000002974,CUST00004934,BR0002,CURRENT,BLOCKED,1/29/2022,NPR,1/1/2026
ACC0000002975,CUST00002662,BR0025,CURRENT,ACTIVE,8/22/2023,NPR,1/1/2026
ACC0000002976,CUST00003787,BR0007,LOAN,ACTIVE,3/6/2021,NPR,1/1/2026
ACC0000002977,CUST00003866,BR0007,LOAN,ACTIVE,12/31/2020,NPR,1/1/2026
ACC0000002978,CUST00004419,BR0026,WALLET,ACTIVE,7/9/2025,NPR,1/1/2026
ACC0000002979,CUST00002121,BR0004,CURRENT,ACTIVE,4/10/2020,NPR,1/1/2026
ACC0000002980,CUST00001411,BR0031,WALLET,ACTIVE,4/5/2021,NPR,1/1/2026
ACC0000002981,CUST00001700,BR0038,SAVINGS,DORMANT,10/30/2020,NPR,1/1/2026
ACC0000002982,CUST00002268,BR0010,LOAN,DORMANT,12/20/2024,NPR,1/1/2026
ACC0000002983,CUST00002996,BR0036,SAVINGS,ACTIVE,11/2/2024,NPR,1/1/2026
ACC0000002984,CUST00004926,BR0015,LOAN,ACTIVE,2/25/2025,NPR,1/1/2026
ACC0000002985,CUST00003282,BR0029,WALLET,DORMANT,7/6/2019,NPR,1/1/2026
ACC0000002986,CUST00001947,BR0004,SAVINGS,ACTIVE,8/4/2022,NPR,1/1/2026
ACC0000002987,CUST00001744,BR0022,WALLET,ACTIVE,4/8/2021,NPR,1/1/2026
ACC0000002988,CUST00000561,BR0030,LOAN,ACTIVE,6/26/2024,NPR,1/1/2026
ACC0000002989,CUST00004174,BR0028,SAVINGS,ACTIVE,4/4/2025,NPR,1/1/2026
ACC0000002990,CUST00000133,BR0018,WALLET,BLOCKED,3/26/2024,NPR,1/1/2026
ACC0000002991,CUST00004436,BR0026,CURRENT,ACTIVE,3/4/2020,NPR,1/1/2026
ACC0000002992,CUST00004045,BR0010,CURRENT,ACTIVE,10/18/2020,NPR,1/1/2026
ACC0000002993,CUST00001866,BR0020,WALLET,ACTIVE,11/14/2021,NPR,1/1/2026
ACC0000002994,CUST00003571,BR0034,SAVINGS,ACTIVE,6/18/2023,NPR,1/1/2026
ACC0000002995,CUST00002064,BR0016,WALLET,ACTIVE,7/16/2020,NPR,1/1/2026
ACC0000002996,CUST00000768,BR0038,CURRENT,ACTIVE,1/6/2022,NPR,1/1/2026
ACC0000002997,CUST00003175,BR0030,CURRENT,ACTIVE,1/3/2023,NPR,1/1/2026
ACC0000002998,CUST00003902,BR0021,SAVINGS,CLOSED,11/29/2020,NPR,1/1/2026
ACC0000002999,CUST00002543,BR0002,SALARY,ACTIVE,1/24/2023,NPR,1/1/2026
ACC0000003000,CUST00000529,BR0017,SALARY,ACTIVE,3/18/2023,NPR,1/1/2026
ACC0000003001,CUST00001732,BR0040,WALLET,ACTIVE,3/15/2020,NPR,1/1/2026
ACC0000003002,CUST00001740,BR0025,CURRENT,ACTIVE,11/6/2020,NPR,1/1/2026
ACC0000003003,CUST00001279,BR0010,WALLET,CLOSED,5/10/2021,NPR,1/1/2026
ACC0000003004,CUST00002202,BR0013,SALARY,ACTIVE,3/14/2019,NPR,1/1/2026
ACC0000003005,CUST00000264,BR0007,SALARY,ACTIVE,2/2/2023,NPR,1/1/2026
ACC0000003006,CUST00004465,BR0005,WALLET,ACTIVE,10/22/2019,NPR,1/1/2026
ACC0000003007,CUST00000804,BR0019,SAVINGS,ACTIVE,12/11/2022,NPR,1/1/2026
ACC0000003008,CUST00000009,BR0040,SALARY,ACTIVE,8/31/2020,NPR,1/1/2026
ACC0000003009,CUST00002262,BR0016,LOAN,ACTIVE,2/22/2021,NPR,1/1/2026
ACC0000003010,CUST00004781,BR0002,LOAN,ACTIVE,8/10/2025,NPR,1/1/2026
ACC0000003011,CUST00000103,BR0014,LOAN,ACTIVE,11/23/2019,NPR,1/1/2026
ACC0000003012,CUST00001195,BR0036,LOAN,ACTIVE,8/24/2021,NPR,1/1/2026
ACC0000003013,CUST00001235,BR0037,SALARY,ACTIVE,12/25/2024,NPR,1/1/2026
ACC0000003014,CUST00002053,BR0015,WALLET,ACTIVE,12/16/2023,NPR,1/1/2026
ACC0000003015,CUST00002837,BR0018,SAVINGS,CLOSED,9/16/2022,NPR,1/1/2026
ACC0000003016,CUST00001907,BR0026,SALARY,ACTIVE,10/24/2022,NPR,1/1/2026
ACC0000003017,CUST00003086,BR0014,WALLET,DORMANT,12/27/2025,NPR,1/1/2026
ACC0000003018,CUST00001156,BR0022,WALLET,ACTIVE,6/28/2023,NPR,1/1/2026
ACC0000003019,CUST00001955,BR0029,CURRENT,ACTIVE,2/2/2020,NPR,1/1/2026
ACC0000003020,CUST00003862,BR0029,SALARY,ACTIVE,9/27/2023,NPR,1/1/2026
ACC0000003021,CUST00004251,BR0020,LOAN,ACTIVE,8/4/2019,NPR,1/1/2026
ACC0000003022,CUST00001544,BR0034,WALLET,DORMANT,2/11/2021,NPR,1/1/2026
ACC0000003023,CUST00000327,BR0021,LOAN,ACTIVE,9/11/2024,NPR,1/1/2026
ACC0000003024,CUST00002112,BR0023,WALLET,CLOSED,4/6/2022,NPR,1/1/2026
ACC0000003025,CUST00004523,BR0026,SALARY,ACTIVE,6/21/2020,NPR,1/1/2026
ACC0000003026,CUST00003007,BR0012,SALARY,ACTIVE,4/26/2025,NPR,1/1/2026
ACC0000003027,CUST00000474,BR0020,LOAN,ACTIVE,12/26/2019,NPR,1/1/2026
ACC0000003028,CUST00004000,BR0019,WALLET,ACTIVE,8/22/2022,NPR,1/1/2026
ACC0000003029,CUST00004175,BR0022,SAVINGS,ACTIVE,12/4/2025,NPR,1/1/2026
ACC0000003030,CUST00001956,BR0013,SALARY,ACTIVE,1/6/2024,NPR,1/1/2026
ACC0000003031,CUST00000635,BR0040,LOAN,ACTIVE,11/18/2021,NPR,1/1/2026
ACC0000003032,CUST00001655,BR0001,SAVINGS,ACTIVE,4/18/2019,NPR,1/1/2026
ACC0000003033,CUST00001318,BR0012,SAVINGS,ACTIVE,11/11/2022,NPR,1/1/2026
ACC0000003034,CUST00004794,BR0026,WALLET,ACTIVE,11/23/2023,NPR,1/1/2026
ACC0000003035,CUST00004477,BR0015,CURRENT,ACTIVE,8/7/2020,NPR,1/1/2026
ACC0000003036,CUST00001810,BR0007,LOAN,ACTIVE,3/20/2020,NPR,1/1/2026
ACC0000003037,CUST00002949,BR0003,SAVINGS,ACTIVE,10/22/2020,NPR,1/1/2026
ACC0000003038,CUST00000451,BR0036,SAVINGS,ACTIVE,2/20/2025,NPR,1/1/2026
ACC0000003039,CUST00001657,BR0040,CURRENT,ACTIVE,9/13/2021,NPR,1/1/2026
ACC0000003040,CUST00002835,BR0040,LOAN,DORMANT,3/20/2021,NPR,1/1/2026
ACC0000003041,CUST00002185,BR0030,SAVINGS,ACTIVE,10/8/2020,NPR,1/1/2026
ACC0000003042,CUST00003480,BR0030,SALARY,DORMANT,9/18/2022,NPR,1/1/2026
ACC0000003043,CUST00002536,BR0011,CURRENT,ACTIVE,12/14/2022,NPR,1/1/2026
ACC0000003044,CUST00003507,BR0028,SAVINGS,ACTIVE,7/22/2020,NPR,1/1/2026
ACC0000003045,CUST00003732,BR0010,SAVINGS,ACTIVE,11/2/2023,NPR,1/1/2026
ACC0000003046,CUST00000204,BR0026,WALLET,BLOCKED,8/8/2024,NPR,1/1/2026
ACC0000003047,CUST00000012,BR0035,SAVINGS,DORMANT,2/16/2021,NPR,1/1/2026
ACC0000003048,CUST00000148,BR0036,WALLET,ACTIVE,4/5/2024,NPR,1/1/2026
ACC0000003049,CUST00004086,BR0016,WALLET,ACTIVE,10/17/2020,NPR,1/1/2026
ACC0000003050,CUST00004956,BR0027,CURRENT,ACTIVE,9/26/2022,NPR,1/1/2026
ACC0000003051,CUST00002061,BR0035,SAVINGS,ACTIVE,11/3/2021,NPR,1/1/2026
ACC0000003052,CUST00002231,BR0026,SALARY,ACTIVE,9/16/2019,NPR,1/1/2026
ACC0000003053,CUST00000743,BR0018,LOAN,ACTIVE,6/11/2024,NPR,1/1/2026
ACC0000003054,CUST00004903,BR0016,SAVINGS,ACTIVE,12/2/2020,NPR,1/1/2026
ACC0000003055,CUST00001191,BR0038,SAVINGS,ACTIVE,11/29/2025,NPR,1/1/2026
ACC0000003056,CUST00002765,BR0023,WALLET,ACTIVE,12/11/2019,NPR,1/1/2026
ACC0000003057,CUST00003072,BR0040,SAVINGS,ACTIVE,1/9/2024,NPR,1/1/2026
ACC0000003058,CUST00004937,BR0002,LOAN,ACTIVE,8/27/2025,NPR,1/1/2026
ACC0000003059,CUST00002484,BR0005,LOAN,DORMANT,1/6/2023,NPR,1/1/2026
ACC0000003060,CUST00004182,BR0021,SALARY,CLOSED,8/19/2021,NPR,1/1/2026
ACC0000003061,CUST00001025,BR0028,CURRENT,ACTIVE,2/28/2023,NPR,1/1/2026
ACC0000003062,CUST00004215,BR0020,SAVINGS,ACTIVE,8/18/2019,NPR,1/1/2026
ACC0000003063,CUST00000706,BR0036,WALLET,ACTIVE,10/15/2022,NPR,1/1/2026
ACC0000003064,CUST00000084,BR0015,CURRENT,ACTIVE,5/17/2019,NPR,1/1/2026
ACC0000003065,CUST00004035,BR0037,CURRENT,ACTIVE,12/25/2021,NPR,1/1/2026
ACC0000003066,CUST00003197,BR0032,CURRENT,ACTIVE,10/6/2021,NPR,1/1/2026
ACC0000003067,CUST00001509,BR0040,LOAN,ACTIVE,9/11/2024,NPR,1/1/2026
ACC0000003068,CUST00004848,BR0021,LOAN,ACTIVE,6/6/2024,NPR,1/1/2026
ACC0000003069,CUST00002586,BR0001,SAVINGS,ACTIVE,6/5/2023,NPR,1/1/2026
ACC0000003070,CUST00003089,BR0023,SALARY,ACTIVE,3/7/2019,NPR,1/1/2026
ACC0000003071,CUST00003783,BR0036,LOAN,ACTIVE,9/6/2019,NPR,1/1/2026
ACC0000003072,CUST00002358,BR0034,CURRENT,ACTIVE,7/21/2025,NPR,1/1/2026
ACC0000003073,CUST00001238,BR0019,SALARY,DORMANT,5/2/2024,NPR,1/1/2026
ACC0000003074,CUST00000882,BR0017,SAVINGS,ACTIVE,3/1/2025,NPR,1/1/2026
ACC0000003075,CUST00002788,BR0023,CURRENT,BLOCKED,2/9/2023,NPR,1/1/2026
ACC0000003076,CUST00003348,BR0022,CURRENT,DORMANT,7/24/2023,NPR,1/1/2026
ACC0000003077,CUST00003331,BR0017,SALARY,ACTIVE,7/13/2022,NPR,1/1/2026
ACC0000003078,CUST00003045,BR0016,SALARY,ACTIVE,7/30/2023,NPR,1/1/2026
ACC0000003079,CUST00000306,BR0034,SALARY,ACTIVE,3/10/2023,NPR,1/1/2026
ACC0000003080,CUST00004987,BR0027,SAVINGS,ACTIVE,1/9/2020,NPR,1/1/2026
ACC0000003081,CUST00002542,BR0039,SALARY,ACTIVE,12/28/2024,NPR,1/1/2026
ACC0000003082,CUST00002519,BR0038,WALLET,ACTIVE,6/26/2024,NPR,1/1/2026
ACC0000003083,CUST00002270,BR0038,CURRENT,ACTIVE,8/24/2020,NPR,1/1/2026
ACC0000003084,CUST00001497,BR0031,LOAN,ACTIVE,5/7/2023,NPR,1/1/2026
ACC0000003085,CUST00001098,BR0032,SALARY,ACTIVE,4/14/2020,NPR,1/1/2026
ACC0000003086,CUST00003087,BR0027,WALLET,ACTIVE,7/20/2023,NPR,1/1/2026
ACC0000003087,CUST00002903,BR0005,WALLET,ACTIVE,4/1/2021,NPR,1/1/2026
ACC0000003088,CUST00000977,BR0026,CURRENT,ACTIVE,3/31/2020,NPR,1/1/2026
ACC0000003089,CUST00002929,BR0031,SAVINGS,ACTIVE,6/17/2025,NPR,1/1/2026
ACC0000003090,CUST00002088,BR0006,SALARY,ACTIVE,2/16/2024,NPR,1/1/2026
ACC0000003091,CUST00000157,BR0011,SAVINGS,ACTIVE,4/16/2021,NPR,1/1/2026
ACC0000003092,CUST00002450,BR0019,SAVINGS,ACTIVE,2/3/2025,NPR,1/1/2026
ACC0000003093,CUST00003494,BR0006,WALLET,ACTIVE,8/25/2024,NPR,1/1/2026
ACC0000003094,CUST00002372,BR0017,WALLET,ACTIVE,7/3/2025,NPR,1/1/2026
ACC0000003095,CUST00003667,BR0005,SALARY,DORMANT,11/20/2019,NPR,1/1/2026
ACC0000003096,CUST00001012,BR0029,LOAN,ACTIVE,8/3/2023,NPR,1/1/2026
ACC0000003097,CUST00001330,BR0029,SAVINGS,ACTIVE,11/26/2020,NPR,1/1/2026
ACC0000003098,CUST00001610,BR0001,LOAN,ACTIVE,4/15/2022,NPR,1/1/2026
ACC0000003099,CUST00003332,BR0033,WALLET,ACTIVE,11/21/2025,NPR,1/1/2026
ACC0000003100,CUST00004415,BR0014,WALLET,ACTIVE,10/5/2024,NPR,1/1/2026
ACC0000003101,CUST00000483,BR0028,LOAN,ACTIVE,7/17/2021,NPR,1/1/2026
ACC0000003102,CUST00002590,BR0036,WALLET,ACTIVE,10/14/2020,NPR,1/1/2026
ACC0000003103,CUST00002363,BR0013,SALARY,ACTIVE,4/23/2022,NPR,1/1/2026
ACC0000003104,CUST00004554,BR0024,SALARY,ACTIVE,6/6/2024,NPR,1/1/2026
ACC0000003105,CUST00002796,BR0008,WALLET,ACTIVE,5/18/2024,NPR,1/1/2026
ACC0000003106,CUST00003197,BR0017,SALARY,ACTIVE,10/29/2022,NPR,1/1/2026
ACC0000003107,CUST00003396,BR0015,WALLET,DORMANT,4/24/2022,NPR,1/1/2026
ACC0000003108,CUST00004797,BR0031,SALARY,ACTIVE,6/1/2022,NPR,1/1/2026
ACC0000003109,CUST00002579,BR0013,CURRENT,ACTIVE,3/30/2020,NPR,1/1/2026
ACC0000003110,CUST00001067,BR0036,SALARY,ACTIVE,12/24/2022,NPR,1/1/2026
ACC0000003111,CUST00000983,BR0028,LOAN,ACTIVE,8/9/2022,NPR,1/1/2026
ACC0000003112,CUST00001634,BR0005,LOAN,BLOCKED,5/4/2025,NPR,1/1/2026
ACC0000003113,CUST00004507,BR0004,LOAN,ACTIVE,11/13/2023,NPR,1/1/2026
ACC0000003114,CUST00000996,BR0037,WALLET,ACTIVE,1/20/2021,NPR,1/1/2026
ACC0000003115,CUST00001891,BR0034,WALLET,ACTIVE,6/24/2021,NPR,1/1/2026
ACC0000003116,CUST00001170,BR0018,CURRENT,ACTIVE,8/1/2023,NPR,1/1/2026
ACC0000003117,CUST00002557,BR0027,SALARY,BLOCKED,7/10/2021,NPR,1/1/2026
ACC0000003118,CUST00002624,BR0040,WALLET,ACTIVE,11/10/2025,NPR,1/1/2026
ACC0000003119,CUST00001998,BR0039,SAVINGS,ACTIVE,8/14/2022,NPR,1/1/2026
ACC0000003120,CUST00003838,BR0015,SALARY,ACTIVE,5/21/2021,NPR,1/1/2026
ACC0000003121,CUST00003950,BR0016,SALARY,ACTIVE,6/7/2020,NPR,1/1/2026
ACC0000003122,CUST00002242,BR0016,SAVINGS,ACTIVE,7/29/2020,NPR,1/1/2026
ACC0000003123,CUST00002691,BR0024,SAVINGS,ACTIVE,3/16/2019,NPR,1/1/2026
ACC0000003124,CUST00001595,BR0001,SALARY,ACTIVE,9/11/2022,NPR,1/1/2026
ACC0000003125,CUST00000539,BR0002,LOAN,ACTIVE,6/23/2025,NPR,1/1/2026
ACC0000003126,CUST00000809,BR0014,SALARY,ACTIVE,12/10/2019,NPR,1/1/2026
ACC0000003127,CUST00002456,BR0016,SAVINGS,ACTIVE,7/17/2021,NPR,1/1/2026
ACC0000003128,CUST00003109,BR0034,WALLET,ACTIVE,6/21/2025,NPR,1/1/2026
ACC0000003129,CUST00000911,BR0005,CURRENT,ACTIVE,10/22/2023,NPR,1/1/2026
ACC0000003130,CUST00001821,BR0034,CURRENT,ACTIVE,2/10/2022,NPR,1/1/2026
ACC0000003131,CUST00002688,BR0037,LOAN,ACTIVE,1/31/2020,NPR,1/1/2026
ACC0000003132,CUST00001730,BR0040,LOAN,ACTIVE,5/6/2023,NPR,1/1/2026
ACC0000003133,CUST00003698,BR0013,SAVINGS,ACTIVE,10/5/2019,NPR,1/1/2026
ACC0000003134,CUST00000536,BR0019,SALARY,ACTIVE,8/1/2023,NPR,1/1/2026
ACC0000003135,CUST00004450,BR0038,CURRENT,CLOSED,5/22/2021,NPR,1/1/2026
ACC0000003136,CUST00004685,BR0039,SALARY,ACTIVE,6/7/2021,NPR,1/1/2026
ACC0000003137,CUST00003559,BR0015,WALLET,ACTIVE,11/10/2020,NPR,1/1/2026
ACC0000003138,CUST00004715,BR0032,SALARY,ACTIVE,10/16/2022,NPR,1/1/2026
ACC0000003139,CUST00003996,BR0030,WALLET,ACTIVE,8/20/2024,NPR,1/1/2026
ACC0000003140,CUST00000329,BR0014,SAVINGS,ACTIVE,3/13/2022,NPR,1/1/2026
ACC0000003141,CUST00003692,BR0001,CURRENT,ACTIVE,7/31/2021,NPR,1/1/2026
ACC0000003142,CUST00001958,BR0032,CURRENT,ACTIVE,11/8/2019,NPR,1/1/2026
ACC0000003143,CUST00002642,BR0011,SALARY,ACTIVE,12/13/2024,NPR,1/1/2026
ACC0000003144,CUST00004120,BR0014,SALARY,ACTIVE,3/21/2023,NPR,1/1/2026
ACC0000003145,CUST00003130,BR0018,CURRENT,ACTIVE,12/19/2022,NPR,1/1/2026
ACC0000003146,CUST00002756,BR0036,SALARY,ACTIVE,9/24/2022,NPR,1/1/2026
ACC0000003147,CUST00004005,BR0023,WALLET,ACTIVE,8/6/2025,NPR,1/1/2026
ACC0000003148,CUST00001630,BR0031,SAVINGS,ACTIVE,9/4/2019,NPR,1/1/2026
ACC0000003149,CUST00004521,BR0029,LOAN,ACTIVE,3/23/2020,NPR,1/1/2026
ACC0000003150,CUST00002052,BR0012,WALLET,DORMANT,5/25/2020,NPR,1/1/2026
ACC0000003151,CUST00004177,BR0024,SALARY,ACTIVE,1/17/2024,NPR,1/1/2026
ACC0000003152,CUST00001884,BR0001,SALARY,ACTIVE,8/30/2020,NPR,1/1/2026
ACC0000003153,CUST00002835,BR0011,SAVINGS,ACTIVE,3/27/2023,NPR,1/1/2026
ACC0000003154,CUST00000573,BR0020,SALARY,ACTIVE,3/10/2024,NPR,1/1/2026
ACC0000003155,CUST00001984,BR0037,CURRENT,ACTIVE,3/27/2020,NPR,1/1/2026
ACC0000003156,CUST00002581,BR0007,SALARY,ACTIVE,4/3/2024,NPR,1/1/2026
ACC0000003157,CUST00002273,BR0029,SAVINGS,ACTIVE,2/28/2023,NPR,1/1/2026
ACC0000003158,CUST00002764,BR0020,SAVINGS,CLOSED,2/19/2020,NPR,1/1/2026
ACC0000003159,CUST00003243,BR0007,WALLET,ACTIVE,1/8/2024,NPR,1/1/2026
ACC0000003160,CUST00002213,BR0003,SALARY,ACTIVE,8/14/2024,NPR,1/1/2026
ACC0000003161,CUST00003283,BR0031,WALLET,ACTIVE,4/27/2025,NPR,1/1/2026
ACC0000003162,CUST00002282,BR0039,WALLET,DORMANT,9/30/2024,NPR,1/1/2026
ACC0000003163,CUST00000415,BR0038,WALLET,ACTIVE,8/16/2022,NPR,1/1/2026
ACC0000003164,CUST00002398,BR0030,CURRENT,ACTIVE,3/26/2019,NPR,1/1/2026
ACC0000003165,CUST00004983,BR0036,LOAN,ACTIVE,10/5/2022,NPR,1/1/2026
ACC0000003166,CUST00004040,BR0020,SAVINGS,ACTIVE,2/8/2020,NPR,1/1/2026
ACC0000003167,CUST00004353,BR0035,LOAN,CLOSED,6/20/2019,NPR,1/1/2026
ACC0000003168,CUST00004129,BR0003,CURRENT,ACTIVE,5/16/2019,NPR,1/1/2026
ACC0000003169,CUST00003194,BR0021,WALLET,ACTIVE,1/30/2024,NPR,1/1/2026
ACC0000003170,CUST00004446,BR0040,LOAN,ACTIVE,10/12/2022,NPR,1/1/2026
ACC0000003171,CUST00001611,BR0002,WALLET,ACTIVE,4/3/2021,NPR,1/1/2026
ACC0000003172,CUST00002336,BR0006,WALLET,ACTIVE,12/14/2023,NPR,1/1/2026
ACC0000003173,CUST00004345,BR0017,SAVINGS,ACTIVE,3/27/2023,NPR,1/1/2026
ACC0000003174,CUST00000232,BR0017,SALARY,ACTIVE,1/13/2023,NPR,1/1/2026
ACC0000003175,CUST00003520,BR0005,WALLET,ACTIVE,7/15/2022,NPR,1/1/2026
ACC0000003176,CUST00000201,BR0023,CURRENT,ACTIVE,1/11/2020,NPR,1/1/2026
ACC0000003177,CUST00000722,BR0005,WALLET,ACTIVE,3/20/2021,NPR,1/1/2026
ACC0000003178,CUST00004118,BR0002,SALARY,ACTIVE,4/9/2025,NPR,1/1/2026
ACC0000003179,CUST00004942,BR0022,LOAN,ACTIVE,4/11/2021,NPR,1/1/2026
ACC0000003180,CUST00000367,BR0039,WALLET,DORMANT,8/26/2021,NPR,1/1/2026
ACC0000003181,CUST00003384,BR0027,WALLET,ACTIVE,7/1/2019,NPR,1/1/2026
ACC0000003182,CUST00003480,BR0036,LOAN,DORMANT,5/30/2023,NPR,1/1/2026
ACC0000003183,CUST00003672,BR0012,CURRENT,ACTIVE,5/9/2020,NPR,1/1/2026
ACC0000003184,CUST00001416,BR0008,WALLET,ACTIVE,9/21/2025,NPR,1/1/2026
ACC0000003185,CUST00003730,BR0018,LOAN,ACTIVE,4/9/2019,NPR,1/1/2026
ACC0000003186,CUST00001380,BR0007,CURRENT,ACTIVE,6/18/2025,NPR,1/1/2026
ACC0000003187,CUST00001313,BR0033,SAVINGS,ACTIVE,7/21/2020,NPR,1/1/2026
ACC0000003188,CUST00004932,BR0008,CURRENT,ACTIVE,1/14/2020,NPR,1/1/2026
ACC0000003189,CUST00001029,BR0001,LOAN,ACTIVE,4/16/2022,NPR,1/1/2026
ACC0000003190,CUST00000136,BR0010,SALARY,ACTIVE,3/2/2021,NPR,1/1/2026
ACC0000003191,CUST00004460,BR0002,CURRENT,ACTIVE,5/20/2024,NPR,1/1/2026
ACC0000003192,CUST00003781,BR0029,LOAN,ACTIVE,10/11/2019,NPR,1/1/2026
ACC0000003193,CUST00000585,BR0039,SAVINGS,ACTIVE,5/8/2023,NPR,1/1/2026
ACC0000003194,CUST00001503,BR0007,WALLET,ACTIVE,1/6/2020,NPR,1/1/2026
ACC0000003195,CUST00002491,BR0017,WALLET,ACTIVE,3/1/2023,NPR,1/1/2026
ACC0000003196,CUST00004242,BR0030,SAVINGS,ACTIVE,12/19/2022,NPR,1/1/2026
ACC0000003197,CUST00000220,BR0004,CURRENT,ACTIVE,6/20/2023,NPR,1/1/2026
ACC0000003198,CUST00003756,BR0023,LOAN,ACTIVE,3/12/2023,NPR,1/1/2026
ACC0000003199,CUST00000212,BR0018,LOAN,ACTIVE,9/17/2022,NPR,1/1/2026
ACC0000003200,CUST00000784,BR0016,CURRENT,ACTIVE,7/10/2024,NPR,1/1/2026
ACC0000003201,CUST00004535,BR0012,SAVINGS,ACTIVE,2/1/2024,NPR,1/1/2026
ACC0000003202,CUST00001891,BR0024,SAVINGS,ACTIVE,7/2/2024,NPR,1/1/2026
ACC0000003203,CUST00001312,BR0009,SAVINGS,ACTIVE,12/13/2024,NPR,1/1/2026
ACC0000003204,CUST00003759,BR0039,SAVINGS,ACTIVE,8/16/2025,NPR,1/1/2026
ACC0000003205,CUST00001429,BR0005,WALLET,ACTIVE,10/27/2025,NPR,1/1/2026
ACC0000003206,CUST00003339,BR0015,LOAN,ACTIVE,9/24/2019,NPR,1/1/2026
ACC0000003207,CUST00004836,BR0037,SAVINGS,ACTIVE,11/29/2023,NPR,1/1/2026
ACC0000003208,CUST00002481,BR0024,CURRENT,ACTIVE,10/18/2020,NPR,1/1/2026
ACC0000003209,CUST00002279,BR0029,SAVINGS,ACTIVE,11/2/2019,NPR,1/1/2026
ACC0000003210,CUST00002976,BR0008,WALLET,ACTIVE,3/26/2020,NPR,1/1/2026
ACC0000003211,CUST00003387,BR0039,WALLET,ACTIVE,4/4/2021,NPR,1/1/2026
ACC0000003212,CUST00001346,BR0005,SAVINGS,ACTIVE,6/25/2024,NPR,1/1/2026
ACC0000003213,CUST00002789,BR0018,WALLET,ACTIVE,6/7/2023,NPR,1/1/2026
ACC0000003214,CUST00000022,BR0009,SAVINGS,ACTIVE,8/9/2024,NPR,1/1/2026
ACC0000003215,CUST00003695,BR0007,WALLET,ACTIVE,3/4/2021,NPR,1/1/2026
ACC0000003216,CUST00002173,BR0006,LOAN,ACTIVE,6/28/2020,NPR,1/1/2026
ACC0000003217,CUST00004066,BR0030,CURRENT,ACTIVE,8/21/2025,NPR,1/1/2026
ACC0000003218,CUST00000597,BR0005,CURRENT,ACTIVE,10/28/2022,NPR,1/1/2026
ACC0000003219,CUST00002614,BR0039,SALARY,ACTIVE,2/16/2023,NPR,1/1/2026
ACC0000003220,CUST00001308,BR0034,WALLET,ACTIVE,8/6/2025,NPR,1/1/2026
ACC0000003221,CUST00000383,BR0028,LOAN,ACTIVE,8/31/2020,NPR,1/1/2026
ACC0000003222,CUST00000860,BR0030,SAVINGS,ACTIVE,12/17/2019,NPR,1/1/2026
ACC0000003223,CUST00002603,BR0015,LOAN,ACTIVE,3/3/2023,NPR,1/1/2026
ACC0000003224,CUST00004707,BR0025,LOAN,ACTIVE,10/19/2022,NPR,1/1/2026
ACC0000003225,CUST00000233,BR0013,SALARY,ACTIVE,3/19/2025,NPR,1/1/2026
ACC0000003226,CUST00000171,BR0010,CURRENT,ACTIVE,11/13/2024,NPR,1/1/2026
ACC0000003227,CUST00004568,BR0039,CURRENT,ACTIVE,9/6/2020,NPR,1/1/2026
ACC0000003228,CUST00004680,BR0005,WALLET,ACTIVE,5/24/2025,NPR,1/1/2026
ACC0000003229,CUST00000285,BR0028,SALARY,ACTIVE,3/5/2020,NPR,1/1/2026
ACC0000003230,CUST00002278,BR0025,WALLET,ACTIVE,7/8/2019,NPR,1/1/2026
ACC0000003231,CUST00003722,BR0038,LOAN,ACTIVE,1/17/2022,NPR,1/1/2026
ACC0000003232,CUST00002667,BR0026,WALLET,ACTIVE,4/30/2021,NPR,1/1/2026
ACC0000003233,CUST00003304,BR0001,SALARY,ACTIVE,6/6/2019,NPR,1/1/2026
ACC0000003234,CUST00003002,BR0006,WALLET,DORMANT,2/22/2022,NPR,1/1/2026
ACC0000003235,CUST00004015,BR0017,WALLET,ACTIVE,1/4/2024,NPR,1/1/2026
ACC0000003236,CUST00002548,BR0025,SALARY,ACTIVE,7/23/2024,NPR,1/1/2026
ACC0000003237,CUST00004984,BR0002,LOAN,ACTIVE,3/19/2019,NPR,1/1/2026
ACC0000003238,CUST00002245,BR0016,CURRENT,ACTIVE,12/11/2024,NPR,1/1/2026
ACC0000003239,CUST00000262,BR0040,CURRENT,ACTIVE,9/18/2024,NPR,1/1/2026
ACC0000003240,CUST00000089,BR0001,SAVINGS,ACTIVE,12/30/2021,NPR,1/1/2026
ACC0000003241,CUST00003098,BR0011,LOAN,DORMANT,7/2/2020,NPR,1/1/2026
ACC0000003242,CUST00000622,BR0008,LOAN,ACTIVE,6/9/2021,NPR,1/1/2026
ACC0000003243,CUST00004705,BR0029,CURRENT,ACTIVE,1/13/2024,NPR,1/1/2026
ACC0000003244,CUST00002613,BR0014,WALLET,ACTIVE,8/23/2021,NPR,1/1/2026
ACC0000003245,CUST00000369,BR0038,LOAN,ACTIVE,3/11/2021,NPR,1/1/2026
ACC0000003246,CUST00002464,BR0014,CURRENT,ACTIVE,8/13/2020,NPR,1/1/2026
ACC0000003247,CUST00000011,BR0018,SALARY,ACTIVE,12/19/2021,NPR,1/1/2026
ACC0000003248,CUST00003081,BR0029,LOAN,ACTIVE,2/25/2021,NPR,1/1/2026
ACC0000003249,CUST00002736,BR0013,LOAN,ACTIVE,8/15/2019,NPR,1/1/2026
ACC0000003250,CUST00003333,BR0020,WALLET,ACTIVE,6/13/2022,NPR,1/1/2026
ACC0000003251,CUST00000671,BR0034,SAVINGS,ACTIVE,12/13/2020,NPR,1/1/2026
ACC0000003252,CUST00000920,BR0018,SALARY,ACTIVE,10/22/2019,NPR,1/1/2026
ACC0000003253,CUST00003766,BR0031,SAVINGS,ACTIVE,2/21/2022,NPR,1/1/2026
ACC0000003254,CUST00001978,BR0020,WALLET,ACTIVE,10/29/2021,NPR,1/1/2026
ACC0000003255,CUST00003051,BR0006,SAVINGS,ACTIVE,11/13/2025,NPR,1/1/2026
ACC0000003256,CUST00003018,BR0020,WALLET,ACTIVE,8/13/2021,NPR,1/1/2026
ACC0000003257,CUST00003919,BR0020,CURRENT,ACTIVE,11/12/2019,NPR,1/1/2026
ACC0000003258,CUST00001336,BR0008,CURRENT,ACTIVE,2/15/2024,NPR,1/1/2026
ACC0000003259,CUST00004810,BR0016,SAVINGS,ACTIVE,10/25/2021,NPR,1/1/2026
ACC0000003260,CUST00004092,BR0027,SAVINGS,ACTIVE,2/22/2021,NPR,1/1/2026
ACC0000003261,CUST00001583,BR0015,CURRENT,ACTIVE,7/10/2022,NPR,1/1/2026
ACC0000003262,CUST00001029,BR0025,SAVINGS,ACTIVE,10/15/2023,NPR,1/1/2026
ACC0000003263,CUST00000562,BR0001,CURRENT,ACTIVE,5/5/2020,NPR,1/1/2026
ACC0000003264,CUST00004565,BR0039,CURRENT,CLOSED,3/10/2022,NPR,1/1/2026
ACC0000003265,CUST00001963,BR0015,SAVINGS,ACTIVE,8/22/2023,NPR,1/1/2026
ACC0000003266,CUST00001571,BR0018,CURRENT,ACTIVE,7/7/2020,NPR,1/1/2026
ACC0000003267,CUST00003734,BR0002,LOAN,ACTIVE,10/20/2025,NPR,1/1/2026
ACC0000003268,CUST00003762,BR0015,LOAN,ACTIVE,8/7/2021,NPR,1/1/2026
ACC0000003269,CUST00001569,BR0014,SAVINGS,ACTIVE,7/31/2019,NPR,1/1/2026
ACC0000003270,CUST00001156,BR0013,SAVINGS,ACTIVE,3/22/2024,NPR,1/1/2026
ACC0000003271,CUST00004872,BR0037,WALLET,ACTIVE,7/16/2020,NPR,1/1/2026
ACC0000003272,CUST00001622,BR0008,SALARY,ACTIVE,10/8/2021,NPR,1/1/2026
ACC0000003273,CUST00004416,BR0031,CURRENT,ACTIVE,2/11/2024,NPR,1/1/2026
ACC0000003274,CUST00002918,BR0040,SALARY,ACTIVE,12/2/2022,NPR,1/1/2026
ACC0000003275,CUST00001830,BR0034,SAVINGS,ACTIVE,11/14/2024,NPR,1/1/2026
ACC0000003276,CUST00002135,BR0012,LOAN,ACTIVE,5/19/2023,NPR,1/1/2026
ACC0000003277,CUST00004764,BR0008,LOAN,ACTIVE,5/15/2021,NPR,1/1/2026
ACC0000003278,CUST00000362,BR0037,SALARY,ACTIVE,9/24/2021,NPR,1/1/2026
ACC0000003279,CUST00002066,BR0003,SAVINGS,ACTIVE,10/15/2025,NPR,1/1/2026
ACC0000003280,CUST00000863,BR0039,WALLET,ACTIVE,1/30/2025,NPR,1/1/2026
ACC0000003281,CUST00003611,BR0004,CURRENT,ACTIVE,2/4/2024,NPR,1/1/2026
ACC0000003282,CUST00003111,BR0031,CURRENT,ACTIVE,12/19/2019,NPR,1/1/2026
ACC0000003283,CUST00001162,BR0029,WALLET,ACTIVE,4/8/2019,NPR,1/1/2026
ACC0000003284,CUST00002098,BR0037,SALARY,DORMANT,4/29/2024,NPR,1/1/2026
ACC0000003285,CUST00000056,BR0040,WALLET,DORMANT,1/13/2021,NPR,1/1/2026
ACC0000003286,CUST00001592,BR0019,LOAN,ACTIVE,3/24/2021,NPR,1/1/2026
ACC0000003287,CUST00003247,BR0033,SALARY,ACTIVE,4/5/2025,NPR,1/1/2026
ACC0000003288,CUST00003661,BR0024,CURRENT,ACTIVE,3/20/2022,NPR,1/1/2026
ACC0000003289,CUST00003639,BR0025,SALARY,ACTIVE,11/4/2019,NPR,1/1/2026
ACC0000003290,CUST00004529,BR0023,WALLET,ACTIVE,10/21/2025,NPR,1/1/2026
ACC0000003291,CUST00001860,BR0040,SAVINGS,ACTIVE,7/13/2019,NPR,1/1/2026
ACC0000003292,CUST00002679,BR0034,CURRENT,ACTIVE,9/22/2024,NPR,1/1/2026
ACC0000003293,CUST00002139,BR0020,CURRENT,ACTIVE,9/24/2023,NPR,1/1/2026
ACC0000003294,CUST00003472,BR0001,SALARY,ACTIVE,4/4/2020,NPR,1/1/2026
ACC0000003295,CUST00000535,BR0010,CURRENT,ACTIVE,9/7/2023,NPR,1/1/2026
ACC0000003296,CUST00002588,BR0012,WALLET,ACTIVE,10/19/2022,NPR,1/1/2026
ACC0000003297,CUST00000675,BR0018,SALARY,ACTIVE,7/24/2021,NPR,1/1/2026
ACC0000003298,CUST00002602,BR0026,CURRENT,ACTIVE,6/30/2020,NPR,1/1/2026
ACC0000003299,CUST00000272,BR0007,WALLET,BLOCKED,8/6/2024,NPR,1/1/2026
ACC0000003300,CUST00003250,BR0003,LOAN,ACTIVE,9/27/2022,NPR,1/1/2026
ACC0000003301,CUST00004473,BR0032,SAVINGS,ACTIVE,8/24/2022,NPR,1/1/2026
ACC0000003302,CUST00001131,BR0034,CURRENT,ACTIVE,5/17/2020,NPR,1/1/2026
ACC0000003303,CUST00002864,BR0038,CURRENT,ACTIVE,6/13/2023,NPR,1/1/2026
ACC0000003304,CUST00001778,BR0021,WALLET,ACTIVE,4/25/2024,NPR,1/1/2026
ACC0000003305,CUST00000820,BR0014,LOAN,ACTIVE,10/1/2021,NPR,1/1/2026
ACC0000003306,CUST00001593,BR0018,WALLET,ACTIVE,5/19/2022,NPR,1/1/2026
ACC0000003307,CUST00001485,BR0038,WALLET,ACTIVE,2/9/2022,NPR,1/1/2026
ACC0000003308,CUST00002137,BR0010,SAVINGS,ACTIVE,6/3/2024,NPR,1/1/2026
ACC0000003309,CUST00000794,BR0028,CURRENT,ACTIVE,11/12/2022,NPR,1/1/2026
ACC0000003310,CUST00002215,BR0008,SAVINGS,ACTIVE,4/10/2025,NPR,1/1/2026
ACC0000003311,CUST00002052,BR0012,CURRENT,ACTIVE,12/28/2020,NPR,1/1/2026
ACC0000003312,CUST00000243,BR0027,SAVINGS,ACTIVE,5/12/2024,NPR,1/1/2026
ACC0000003313,CUST00002817,BR0034,CURRENT,ACTIVE,9/25/2019,NPR,1/1/2026
ACC0000003314,CUST00002284,BR0032,SALARY,ACTIVE,9/15/2019,NPR,1/1/2026
ACC0000003315,CUST00001865,BR0035,CURRENT,ACTIVE,5/15/2022,NPR,1/1/2026
ACC0000003316,CUST00003842,BR0004,WALLET,ACTIVE,12/10/2024,NPR,1/1/2026
ACC0000003317,CUST00003861,BR0021,SAVINGS,ACTIVE,3/14/2024,NPR,1/1/2026
ACC0000003318,CUST00001103,BR0039,WALLET,ACTIVE,3/17/2021,NPR,1/1/2026
ACC0000003319,CUST00001914,BR0029,WALLET,ACTIVE,10/23/2021,NPR,1/1/2026
ACC0000003320,CUST00004960,BR0003,LOAN,ACTIVE,9/12/2020,NPR,1/1/2026
ACC0000003321,CUST00003905,BR0028,LOAN,ACTIVE,4/27/2025,NPR,1/1/2026
ACC0000003322,CUST00000831,BR0014,CURRENT,ACTIVE,4/9/2023,NPR,1/1/2026
ACC0000003323,CUST00002166,BR0014,SAVINGS,DORMANT,8/22/2021,NPR,1/1/2026
ACC0000003324,CUST00001173,BR0021,SAVINGS,ACTIVE,3/20/2022,NPR,1/1/2026
ACC0000003325,CUST00004193,BR0025,CURRENT,DORMANT,4/28/2022,NPR,1/1/2026
ACC0000003326,CUST00004180,BR0014,SAVINGS,DORMANT,10/25/2024,NPR,1/1/2026
ACC0000003327,CUST00003649,BR0024,WALLET,ACTIVE,8/1/2020,NPR,1/1/2026
ACC0000003328,CUST00004808,BR0033,CURRENT,ACTIVE,9/23/2023,NPR,1/1/2026
ACC0000003329,CUST00003263,BR0010,CURRENT,ACTIVE,11/23/2025,NPR,1/1/2026
ACC0000003330,CUST00004358,BR0015,SAVINGS,ACTIVE,6/9/2022,NPR,1/1/2026
ACC0000003331,CUST00004831,BR0004,LOAN,ACTIVE,5/22/2022,NPR,1/1/2026
ACC0000003332,CUST00003646,BR0026,SALARY,ACTIVE,10/22/2021,NPR,1/1/2026
ACC0000003333,CUST00003798,BR0005,CURRENT,ACTIVE,9/13/2023,NPR,1/1/2026
ACC0000003334,CUST00004493,BR0023,SALARY,ACTIVE,4/8/2025,NPR,1/1/2026
ACC0000003335,CUST00003007,BR0020,LOAN,ACTIVE,1/17/2024,NPR,1/1/2026
ACC0000003336,CUST00002690,BR0034,WALLET,ACTIVE,9/7/2019,NPR,1/1/2026
ACC0000003337,CUST00004974,BR0012,WALLET,ACTIVE,12/8/2023,NPR,1/1/2026
ACC0000003338,CUST00000500,BR0040,SAVINGS,ACTIVE,2/23/2020,NPR,1/1/2026
ACC0000003339,CUST00004722,BR0034,LOAN,ACTIVE,2/10/2023,NPR,1/1/2026
ACC0000003340,CUST00000446,BR0016,CURRENT,ACTIVE,2/28/2025,NPR,1/1/2026
ACC0000003341,CUST00001064,BR0035,WALLET,ACTIVE,7/23/2020,NPR,1/1/2026
ACC0000003342,CUST00000788,BR0025,LOAN,ACTIVE,5/14/2022,NPR,1/1/2026
ACC0000003343,CUST00004296,BR0017,SALARY,DORMANT,11/28/2025,NPR,1/1/2026
ACC0000003344,CUST00000543,BR0026,SAVINGS,DORMANT,10/9/2022,NPR,1/1/2026
ACC0000003345,CUST00003000,BR0018,WALLET,ACTIVE,2/25/2023,NPR,1/1/2026
ACC0000003346,CUST00000634,BR0019,SAVINGS,ACTIVE,4/19/2019,NPR,1/1/2026
ACC0000003347,CUST00003268,BR0021,CURRENT,ACTIVE,2/22/2023,NPR,1/1/2026
ACC0000003348,CUST00002466,BR0016,WALLET,ACTIVE,6/29/2025,NPR,1/1/2026
ACC0000003349,CUST00002833,BR0037,LOAN,DORMANT,12/30/2019,NPR,1/1/2026
ACC0000003350,CUST00004229,BR0027,LOAN,ACTIVE,9/7/2024,NPR,1/1/2026
ACC0000003351,CUST00003786,BR0018,LOAN,ACTIVE,5/30/2024,NPR,1/1/2026
ACC0000003352,CUST00004603,BR0018,SAVINGS,ACTIVE,5/7/2020,NPR,1/1/2026
ACC0000003353,CUST00003633,BR0008,WALLET,CLOSED,8/12/2020,NPR,1/1/2026
ACC0000003354,CUST00003850,BR0020,WALLET,ACTIVE,2/25/2022,NPR,1/1/2026
ACC0000003355,CUST00001359,BR0024,SALARY,ACTIVE,5/10/2021,NPR,1/1/2026
ACC0000003356,CUST00003653,BR0011,CURRENT,ACTIVE,5/11/2022,NPR,1/1/2026
ACC0000003357,CUST00003426,BR0003,LOAN,ACTIVE,4/1/2025,NPR,1/1/2026
ACC0000003358,CUST00002389,BR0033,SAVINGS,ACTIVE,2/6/2025,NPR,1/1/2026
ACC0000003359,CUST00000244,BR0028,WALLET,BLOCKED,12/11/2024,NPR,1/1/2026
ACC0000003360,CUST00000650,BR0003,SAVINGS,ACTIVE,12/21/2020,NPR,1/1/2026
ACC0000003361,CUST00004175,BR0039,SAVINGS,ACTIVE,4/7/2024,NPR,1/1/2026
ACC0000003362,CUST00001365,BR0036,SALARY,ACTIVE,5/11/2020,NPR,1/1/2026
ACC0000003363,CUST00001743,BR0040,WALLET,ACTIVE,12/2/2020,NPR,1/1/2026
ACC0000003364,CUST00004341,BR0010,WALLET,ACTIVE,9/16/2023,NPR,1/1/2026
ACC0000003365,CUST00002820,BR0034,SALARY,ACTIVE,7/24/2025,NPR,1/1/2026
ACC0000003366,CUST00000604,BR0037,LOAN,ACTIVE,3/31/2019,NPR,1/1/2026
ACC0000003367,CUST00002921,BR0029,CURRENT,ACTIVE,9/23/2023,NPR,1/1/2026
ACC0000003368,CUST00000272,BR0029,CURRENT,ACTIVE,5/1/2025,NPR,1/1/2026
ACC0000003369,CUST00002842,BR0022,SALARY,ACTIVE,3/8/2024,NPR,1/1/2026
ACC0000003370,CUST00003460,BR0034,WALLET,CLOSED,6/25/2020,NPR,1/1/2026
ACC0000003371,CUST00001638,BR0013,CURRENT,ACTIVE,7/24/2019,NPR,1/1/2026
ACC0000003372,CUST00001197,BR0005,SAVINGS,ACTIVE,6/9/2022,NPR,1/1/2026
ACC0000003373,CUST00000257,BR0016,SALARY,CLOSED,2/20/2020,NPR,1/1/2026
ACC0000003374,CUST00003894,BR0019,CURRENT,ACTIVE,12/8/2019,NPR,1/1/2026
ACC0000003375,CUST00000497,BR0038,SALARY,ACTIVE,10/3/2021,NPR,1/1/2026
ACC0000003376,CUST00004157,BR0018,LOAN,ACTIVE,5/6/2025,NPR,1/1/2026
ACC0000003377,CUST00002987,BR0008,SALARY,ACTIVE,1/5/2023,NPR,1/1/2026
ACC0000003378,CUST00000058,BR0011,CURRENT,ACTIVE,7/3/2019,NPR,1/1/2026
ACC0000003379,CUST00000850,BR0003,SALARY,ACTIVE,5/17/2025,NPR,1/1/2026
ACC0000003380,CUST00002545,BR0030,LOAN,ACTIVE,2/1/2024,NPR,1/1/2026
ACC0000003381,CUST00000207,BR0016,SALARY,ACTIVE,2/23/2025,NPR,1/1/2026
ACC0000003382,CUST00000078,BR0011,WALLET,ACTIVE,1/24/2020,NPR,1/1/2026
ACC0000003383,CUST00002170,BR0013,SAVINGS,ACTIVE,1/27/2021,NPR,1/1/2026
ACC0000003384,CUST00004394,BR0040,CURRENT,ACTIVE,6/19/2022,NPR,1/1/2026
ACC0000003385,CUST00001682,BR0014,SALARY,ACTIVE,2/22/2024,NPR,1/1/2026
ACC0000003386,CUST00003634,BR0002,SALARY,ACTIVE,10/11/2022,NPR,1/1/2026
ACC0000003387,CUST00000864,BR0005,WALLET,ACTIVE,12/27/2020,NPR,1/1/2026
ACC0000003388,CUST00003660,BR0017,WALLET,ACTIVE,10/16/2019,NPR,1/1/2026
ACC0000003389,CUST00002946,BR0028,WALLET,ACTIVE,1/8/2025,NPR,1/1/2026
ACC0000003390,CUST00002476,BR0033,SALARY,ACTIVE,11/24/2025,NPR,1/1/2026
ACC0000003391,CUST00001114,BR0007,SALARY,ACTIVE,5/27/2024,NPR,1/1/2026
ACC0000003392,CUST00004893,BR0025,LOAN,ACTIVE,9/22/2020,NPR,1/1/2026
ACC0000003393,CUST00004533,BR0037,SAVINGS,ACTIVE,10/23/2025,NPR,1/1/2026
ACC0000003394,CUST00001141,BR0026,WALLET,DORMANT,10/19/2021,NPR,1/1/2026
ACC0000003395,CUST00000472,BR0023,CURRENT,ACTIVE,11/3/2022,NPR,1/1/2026
ACC0000003396,CUST00002450,BR0034,CURRENT,ACTIVE,6/26/2024,NPR,1/1/2026
ACC0000003397,CUST00003104,BR0018,SAVINGS,ACTIVE,3/18/2023,NPR,1/1/2026
ACC0000003398,CUST00001792,BR0039,CURRENT,ACTIVE,1/19/2024,NPR,1/1/2026
ACC0000003399,CUST00004135,BR0035,LOAN,ACTIVE,7/20/2019,NPR,1/1/2026
ACC0000003400,CUST00001233,BR0001,WALLET,ACTIVE,9/11/2021,NPR,1/1/2026
ACC0000003401,CUST00004103,BR0001,CURRENT,ACTIVE,7/23/2025,NPR,1/1/2026
ACC0000003402,CUST00002673,BR0012,SALARY,ACTIVE,1/7/2024,NPR,1/1/2026
ACC0000003403,CUST00002742,BR0030,WALLET,ACTIVE,11/15/2022,NPR,1/1/2026
ACC0000003404,CUST00003339,BR0032,CURRENT,BLOCKED,7/20/2019,NPR,1/1/2026
ACC0000003405,CUST00000479,BR0007,WALLET,DORMANT,2/13/2025,NPR,1/1/2026
ACC0000003406,CUST00000645,BR0021,SAVINGS,ACTIVE,11/27/2024,NPR,1/1/2026
ACC0000003407,CUST00000874,BR0012,LOAN,ACTIVE,3/7/2025,NPR,1/1/2026
ACC0000003408,CUST00001028,BR0032,SAVINGS,ACTIVE,9/3/2022,NPR,1/1/2026
ACC0000003409,CUST00000637,BR0017,SAVINGS,ACTIVE,7/23/2025,NPR,1/1/2026
ACC0000003410,CUST00002179,BR0012,CURRENT,ACTIVE,6/10/2020,NPR,1/1/2026
ACC0000003411,CUST00002539,BR0014,CURRENT,ACTIVE,10/5/2024,NPR,1/1/2026
ACC0000003412,CUST00003733,BR0040,CURRENT,ACTIVE,4/19/2023,NPR,1/1/2026
ACC0000003413,CUST00001172,BR0026,CURRENT,ACTIVE,9/21/2025,NPR,1/1/2026
ACC0000003414,CUST00004064,BR0009,WALLET,ACTIVE,12/15/2025,NPR,1/1/2026
ACC0000003415,CUST00004711,BR0024,LOAN,ACTIVE,5/7/2025,NPR,1/1/2026
ACC0000003416,CUST00004607,BR0027,WALLET,DORMANT,10/20/2024,NPR,1/1/2026
ACC0000003417,CUST00003005,BR0036,WALLET,ACTIVE,3/29/2022,NPR,1/1/2026
ACC0000003418,CUST00003902,BR0040,WALLET,DORMANT,1/6/2024,NPR,1/1/2026
ACC0000003419,CUST00003966,BR0030,SALARY,ACTIVE,6/13/2024,NPR,1/1/2026
ACC0000003420,CUST00000505,BR0031,SAVINGS,ACTIVE,7/10/2019,NPR,1/1/2026
ACC0000003421,CUST00001452,BR0025,SALARY,ACTIVE,3/28/2023,NPR,1/1/2026
ACC0000003422,CUST00000191,BR0006,WALLET,ACTIVE,9/6/2025,NPR,1/1/2026
ACC0000003423,CUST00003622,BR0023,SAVINGS,ACTIVE,10/1/2023,NPR,1/1/2026
ACC0000003424,CUST00003584,BR0006,LOAN,ACTIVE,6/11/2021,NPR,1/1/2026
ACC0000003425,CUST00000478,BR0034,SAVINGS,ACTIVE,6/30/2025,NPR,1/1/2026
ACC0000003426,CUST00003299,BR0011,WALLET,ACTIVE,7/12/2024,NPR,1/1/2026
ACC0000003427,CUST00004731,BR0034,SALARY,ACTIVE,7/3/2019,NPR,1/1/2026
ACC0000003428,CUST00001475,BR0006,LOAN,ACTIVE,9/26/2021,NPR,1/1/2026
ACC0000003429,CUST00000346,BR0019,SALARY,ACTIVE,4/2/2019,NPR,1/1/2026
ACC0000003430,CUST00003796,BR0013,SALARY,ACTIVE,9/2/2019,NPR,1/1/2026
ACC0000003431,CUST00004847,BR0036,SALARY,ACTIVE,12/14/2024,NPR,1/1/2026
ACC0000003432,CUST00001177,BR0004,SAVINGS,ACTIVE,9/28/2022,NPR,1/1/2026
ACC0000003433,CUST00001658,BR0012,LOAN,ACTIVE,2/7/2020,NPR,1/1/2026
ACC0000003434,CUST00000786,BR0022,CURRENT,ACTIVE,10/23/2025,NPR,1/1/2026
ACC0000003435,CUST00002142,BR0034,SALARY,ACTIVE,10/21/2020,NPR,1/1/2026
ACC0000003436,CUST00001412,BR0032,WALLET,ACTIVE,3/18/2022,NPR,1/1/2026
ACC0000003437,CUST00003749,BR0010,SALARY,ACTIVE,11/23/2021,NPR,1/1/2026
ACC0000003438,CUST00001506,BR0001,LOAN,DORMANT,5/20/2021,NPR,1/1/2026
ACC0000003439,CUST00002011,BR0007,LOAN,ACTIVE,4/20/2023,NPR,1/1/2026
ACC0000003440,CUST00001334,BR0002,WALLET,DORMANT,1/8/2021,NPR,1/1/2026
ACC0000003441,CUST00004286,BR0009,SAVINGS,ACTIVE,2/12/2024,NPR,1/1/2026
ACC0000003442,CUST00000078,BR0008,CURRENT,ACTIVE,9/8/2023,NPR,1/1/2026
ACC0000003443,CUST00001142,BR0032,LOAN,ACTIVE,3/6/2024,NPR,1/1/2026
ACC0000003444,CUST00002673,BR0020,CURRENT,ACTIVE,2/3/2021,NPR,1/1/2026
ACC0000003445,CUST00001175,BR0020,SALARY,BLOCKED,12/5/2021,NPR,1/1/2026
ACC0000003446,CUST00004115,BR0014,SALARY,ACTIVE,6/8/2020,NPR,1/1/2026
ACC0000003447,CUST00002118,BR0004,SALARY,ACTIVE,11/14/2022,NPR,1/1/2026
ACC0000003448,CUST00000375,BR0016,LOAN,DORMANT,2/15/2020,NPR,1/1/2026
ACC0000003449,CUST00002232,BR0021,SAVINGS,ACTIVE,8/19/2021,NPR,1/1/2026
ACC0000003450,CUST00000119,BR0036,SALARY,ACTIVE,2/20/2021,NPR,1/1/2026
ACC0000003451,CUST00003641,BR0037,LOAN,ACTIVE,8/1/2025,NPR,1/1/2026
ACC0000003452,CUST00003237,BR0023,SAVINGS,BLOCKED,12/25/2019,NPR,1/1/2026
ACC0000003453,CUST00003550,BR0020,CURRENT,ACTIVE,5/13/2024,NPR,1/1/2026
ACC0000003454,CUST00004742,BR0016,LOAN,ACTIVE,1/24/2022,NPR,1/1/2026
ACC0000003455,CUST00004729,BR0027,LOAN,ACTIVE,10/17/2023,NPR,1/1/2026
ACC0000003456,CUST00002420,BR0011,SAVINGS,ACTIVE,11/3/2019,NPR,1/1/2026
ACC0000003457,CUST00003024,BR0024,SAVINGS,ACTIVE,5/19/2019,NPR,1/1/2026
ACC0000003458,CUST00003205,BR0029,LOAN,ACTIVE,2/1/2021,NPR,1/1/2026
ACC0000003459,CUST00000703,BR0038,SAVINGS,ACTIVE,11/8/2024,NPR,1/1/2026
ACC0000003460,CUST00002502,BR0040,WALLET,ACTIVE,5/21/2021,NPR,1/1/2026
ACC0000003461,CUST00004493,BR0004,LOAN,ACTIVE,5/25/2025,NPR,1/1/2026
ACC0000003462,CUST00001886,BR0014,LOAN,ACTIVE,10/28/2025,NPR,1/1/2026
ACC0000003463,CUST00002007,BR0035,CURRENT,ACTIVE,7/26/2023,NPR,1/1/2026
ACC0000003464,CUST00003903,BR0017,WALLET,CLOSED,3/28/2020,NPR,1/1/2026
ACC0000003465,CUST00004757,BR0014,SAVINGS,ACTIVE,4/13/2023,NPR,1/1/2026
ACC0000003466,CUST00000948,BR0030,LOAN,ACTIVE,9/13/2024,NPR,1/1/2026
ACC0000003467,CUST00001412,BR0004,SAVINGS,ACTIVE,11/7/2025,NPR,1/1/2026
ACC0000003468,CUST00000567,BR0036,SALARY,ACTIVE,12/30/2020,NPR,1/1/2026
ACC0000003469,CUST00001262,BR0013,SAVINGS,ACTIVE,8/3/2025,NPR,1/1/2026
ACC0000003470,CUST00003426,BR0024,WALLET,ACTIVE,5/30/2023,NPR,1/1/2026
ACC0000003471,CUST00001610,BR0009,CURRENT,ACTIVE,6/22/2021,NPR,1/1/2026
ACC0000003472,CUST00003371,BR0007,SALARY,ACTIVE,6/26/2022,NPR,1/1/2026
ACC0000003473,CUST00003783,BR0005,WALLET,ACTIVE,4/21/2021,NPR,1/1/2026
ACC0000003474,CUST00004504,BR0031,LOAN,ACTIVE,8/25/2024,NPR,1/1/2026
ACC0000003475,CUST00004547,BR0004,CURRENT,ACTIVE,9/18/2023,NPR,1/1/2026
ACC0000003476,CUST00002150,BR0008,WALLET,ACTIVE,4/28/2023,NPR,1/1/2026
ACC0000003477,CUST00003980,BR0009,SAVINGS,ACTIVE,4/6/2020,NPR,1/1/2026
ACC0000003478,CUST00000903,BR0013,WALLET,ACTIVE,7/10/2023,NPR,1/1/2026
ACC0000003479,CUST00004523,BR0004,LOAN,DORMANT,1/30/2025,NPR,1/1/2026
ACC0000003480,CUST00004449,BR0033,SALARY,ACTIVE,3/10/2024,NPR,1/1/2026
ACC0000003481,CUST00003551,BR0006,WALLET,DORMANT,7/14/2025,NPR,1/1/2026
ACC0000003482,CUST00002985,BR0021,CURRENT,ACTIVE,7/11/2019,NPR,1/1/2026
ACC0000003483,CUST00001302,BR0023,WALLET,ACTIVE,10/1/2023,NPR,1/1/2026
ACC0000003484,CUST00002681,BR0025,WALLET,ACTIVE,10/23/2021,NPR,1/1/2026
ACC0000003485,CUST00004482,BR0008,SAVINGS,ACTIVE,9/10/2025,NPR,1/1/2026
ACC0000003486,CUST00002280,BR0030,SALARY,ACTIVE,10/30/2025,NPR,1/1/2026
ACC0000003487,CUST00001088,BR0013,SAVINGS,ACTIVE,6/5/2024,NPR,1/1/2026
ACC0000003488,CUST00000446,BR0033,SALARY,ACTIVE,10/4/2020,NPR,1/1/2026
ACC0000003489,CUST00000542,BR0020,CURRENT,ACTIVE,7/3/2022,NPR,1/1/2026
ACC0000003490,CUST00003856,BR0009,WALLET,CLOSED,10/22/2023,NPR,1/1/2026
ACC0000003491,CUST00003803,BR0002,WALLET,ACTIVE,3/2/2020,NPR,1/1/2026
ACC0000003492,CUST00004591,BR0027,CURRENT,ACTIVE,12/18/2019,NPR,1/1/2026
ACC0000003493,CUST00000478,BR0018,SALARY,ACTIVE,11/19/2019,NPR,1/1/2026
ACC0000003494,CUST00003591,BR0014,SAVINGS,ACTIVE,4/12/2020,NPR,1/1/2026
ACC0000003495,CUST00001010,BR0022,CURRENT,ACTIVE,9/7/2020,NPR,1/1/2026
ACC0000003496,CUST00002017,BR0016,CURRENT,ACTIVE,4/22/2022,NPR,1/1/2026
ACC0000003497,CUST00003033,BR0025,SALARY,ACTIVE,6/20/2021,NPR,1/1/2026
ACC0000003498,CUST00001341,BR0010,LOAN,ACTIVE,3/9/2022,NPR,1/1/2026
ACC0000003499,CUST00003789,BR0005,CURRENT,ACTIVE,10/13/2020,NPR,1/1/2026
ACC0000003500,CUST00001875,BR0034,WALLET,CLOSED,12/18/2021,NPR,1/1/2026
ACC0000003501,CUST00002661,BR0011,CURRENT,CLOSED,8/22/2024,NPR,1/1/2026
ACC0000003502,CUST00000817,BR0030,WALLET,ACTIVE,4/30/2022,NPR,1/1/2026
ACC0000003503,CUST00004338,BR0036,SALARY,ACTIVE,3/21/2019,NPR,1/1/2026
ACC0000003504,CUST00002484,BR0025,CURRENT,DORMANT,7/16/2019,NPR,1/1/2026
ACC0000003505,CUST00003816,BR0017,LOAN,ACTIVE,9/30/2019,NPR,1/1/2026
ACC0000003506,CUST00001760,BR0010,LOAN,ACTIVE,8/18/2021,NPR,1/1/2026
ACC0000003507,CUST00002482,BR0028,WALLET,ACTIVE,11/12/2020,NPR,1/1/2026
ACC0000003508,CUST00000133,BR0019,LOAN,ACTIVE,10/3/2021,NPR,1/1/2026
ACC0000003509,CUST00000095,BR0023,SALARY,ACTIVE,5/31/2025,NPR,1/1/2026
ACC0000003510,CUST00001888,BR0029,WALLET,ACTIVE,3/25/2022,NPR,1/1/2026
ACC0000003511,CUST00001757,BR0034,SALARY,ACTIVE,1/29/2020,NPR,1/1/2026
ACC0000003512,CUST00003872,BR0001,SALARY,ACTIVE,7/24/2023,NPR,1/1/2026
ACC0000003513,CUST00002765,BR0024,LOAN,ACTIVE,4/13/2019,NPR,1/1/2026
ACC0000003514,CUST00001351,BR0019,WALLET,ACTIVE,6/9/2022,NPR,1/1/2026
ACC0000003515,CUST00002646,BR0031,SAVINGS,ACTIVE,4/9/2023,NPR,1/1/2026
ACC0000003516,CUST00003272,BR0006,SALARY,ACTIVE,11/10/2020,NPR,1/1/2026
ACC0000003517,CUST00004163,BR0024,CURRENT,ACTIVE,9/9/2022,NPR,1/1/2026
ACC0000003518,CUST00000144,BR0023,WALLET,ACTIVE,8/23/2022,NPR,1/1/2026
ACC0000003519,CUST00001674,BR0008,LOAN,DORMANT,3/5/2021,NPR,1/1/2026
ACC0000003520,CUST00004660,BR0023,SALARY,ACTIVE,5/12/2019,NPR,1/1/2026
ACC0000003521,CUST00004271,BR0039,WALLET,ACTIVE,1/10/2025,NPR,1/1/2026
ACC0000003522,CUST00003341,BR0011,WALLET,ACTIVE,6/23/2023,NPR,1/1/2026
ACC0000003523,CUST00003589,BR0028,SALARY,ACTIVE,1/16/2022,NPR,1/1/2026
ACC0000003524,CUST00003965,BR0034,SALARY,ACTIVE,4/18/2020,NPR,1/1/2026
ACC0000003525,CUST00000367,BR0030,SALARY,ACTIVE,5/13/2023,NPR,1/1/2026
ACC0000003526,CUST00004892,BR0011,CURRENT,ACTIVE,5/26/2020,NPR,1/1/2026
ACC0000003527,CUST00002490,BR0031,SAVINGS,ACTIVE,7/22/2020,NPR,1/1/2026
ACC0000003528,CUST00001470,BR0014,CURRENT,ACTIVE,6/28/2025,NPR,1/1/2026
ACC0000003529,CUST00003508,BR0002,CURRENT,DORMANT,8/2/2021,NPR,1/1/2026
ACC0000003530,CUST00003917,BR0002,WALLET,ACTIVE,12/9/2025,NPR,1/1/2026
ACC0000003531,CUST00000971,BR0037,WALLET,ACTIVE,1/10/2025,NPR,1/1/2026
ACC0000003532,CUST00002799,BR0018,CURRENT,DORMANT,4/21/2022,NPR,1/1/2026
ACC0000003533,CUST00002950,BR0009,SAVINGS,ACTIVE,11/3/2025,NPR,1/1/2026
ACC0000003534,CUST00001762,BR0001,SAVINGS,ACTIVE,3/10/2020,NPR,1/1/2026
ACC0000003535,CUST00003492,BR0030,SALARY,ACTIVE,11/11/2023,NPR,1/1/2026
ACC0000003536,CUST00002121,BR0031,WALLET,ACTIVE,7/25/2023,NPR,1/1/2026
ACC0000003537,CUST00000710,BR0026,SALARY,ACTIVE,10/5/2023,NPR,1/1/2026
ACC0000003538,CUST00001214,BR0031,CURRENT,ACTIVE,7/28/2025,NPR,1/1/2026
ACC0000003539,CUST00003105,BR0003,SAVINGS,ACTIVE,11/1/2020,NPR,1/1/2026
ACC0000003540,CUST00004793,BR0027,SALARY,ACTIVE,7/29/2025,NPR,1/1/2026
ACC0000003541,CUST00002059,BR0035,WALLET,ACTIVE,7/30/2021,NPR,1/1/2026
ACC0000003542,CUST00003116,BR0037,SAVINGS,ACTIVE,4/25/2023,NPR,1/1/2026
ACC0000003543,CUST00003828,BR0040,SAVINGS,ACTIVE,5/15/2022,NPR,1/1/2026
ACC0000003544,CUST00004030,BR0040,SAVINGS,ACTIVE,4/2/2023,NPR,1/1/2026
ACC0000003545,CUST00004504,BR0020,SAVINGS,ACTIVE,3/21/2021,NPR,1/1/2026
ACC0000003546,CUST00004422,BR0002,CURRENT,ACTIVE,7/4/2025,NPR,1/1/2026
ACC0000003547,CUST00000589,BR0009,CURRENT,ACTIVE,5/30/2021,NPR,1/1/2026
ACC0000003548,CUST00001367,BR0012,SALARY,BLOCKED,11/13/2023,NPR,1/1/2026
ACC0000003549,CUST00002672,BR0008,CURRENT,ACTIVE,6/20/2020,NPR,1/1/2026
ACC0000003550,CUST00001608,BR0030,CURRENT,ACTIVE,5/13/2021,NPR,1/1/2026
ACC0000003551,CUST00004398,BR0034,SALARY,ACTIVE,8/15/2022,NPR,1/1/2026
ACC0000003552,CUST00002770,BR0007,LOAN,ACTIVE,11/18/2020,NPR,1/1/2026
ACC0000003553,CUST00002063,BR0023,SALARY,ACTIVE,6/13/2020,NPR,1/1/2026
ACC0000003554,CUST00003882,BR0016,SALARY,ACTIVE,3/26/2023,NPR,1/1/2026
ACC0000003555,CUST00004573,BR0014,CURRENT,ACTIVE,5/18/2019,NPR,1/1/2026
ACC0000003556,CUST00003213,BR0037,SAVINGS,ACTIVE,1/20/2023,NPR,1/1/2026
ACC0000003557,CUST00004977,BR0028,SAVINGS,ACTIVE,12/13/2021,NPR,1/1/2026
ACC0000003558,CUST00003973,BR0011,SAVINGS,ACTIVE,2/1/2020,NPR,1/1/2026
ACC0000003559,CUST00001922,BR0033,SAVINGS,ACTIVE,10/24/2025,NPR,1/1/2026
ACC0000003560,CUST00002999,BR0002,SALARY,ACTIVE,2/28/2025,NPR,1/1/2026
ACC0000003561,CUST00003310,BR0029,WALLET,ACTIVE,12/19/2020,NPR,1/1/2026
ACC0000003562,CUST00001852,BR0031,SAVINGS,DORMANT,4/10/2022,NPR,1/1/2026
ACC0000003563,CUST00004347,BR0002,SAVINGS,ACTIVE,8/21/2022,NPR,1/1/2026
ACC0000003564,CUST00001993,BR0038,WALLET,ACTIVE,6/10/2024,NPR,1/1/2026
ACC0000003565,CUST00004458,BR0019,LOAN,ACTIVE,9/20/2025,NPR,1/1/2026
ACC0000003566,CUST00004299,BR0038,SAVINGS,ACTIVE,11/21/2024,NPR,1/1/2026
ACC0000003567,CUST00001113,BR0025,CURRENT,ACTIVE,8/17/2020,NPR,1/1/2026
ACC0000003568,CUST00002911,BR0006,CURRENT,ACTIVE,6/18/2019,NPR,1/1/2026
ACC0000003569,CUST00002919,BR0017,WALLET,DORMANT,6/11/2020,NPR,1/1/2026
ACC0000003570,CUST00001063,BR0033,CURRENT,ACTIVE,1/29/2021,NPR,1/1/2026
ACC0000003571,CUST00000636,BR0003,CURRENT,ACTIVE,2/13/2021,NPR,1/1/2026
ACC0000003572,CUST00003953,BR0019,SAVINGS,ACTIVE,2/17/2025,NPR,1/1/2026
ACC0000003573,CUST00000682,BR0036,CURRENT,ACTIVE,1/15/2024,NPR,1/1/2026
ACC0000003574,CUST00000290,BR0002,WALLET,ACTIVE,8/9/2020,NPR,1/1/2026
ACC0000003575,CUST00001647,BR0005,WALLET,DORMANT,5/10/2019,NPR,1/1/2026
ACC0000003576,CUST00002509,BR0012,SAVINGS,ACTIVE,10/20/2023,NPR,1/1/2026
ACC0000003577,CUST00004482,BR0008,SAVINGS,DORMANT,2/23/2023,NPR,1/1/2026
ACC0000003578,CUST00000285,BR0022,SAVINGS,ACTIVE,9/17/2023,NPR,1/1/2026
ACC0000003579,CUST00003751,BR0017,SAVINGS,ACTIVE,10/6/2025,NPR,1/1/2026
ACC0000003580,CUST00001024,BR0029,LOAN,ACTIVE,1/22/2020,NPR,1/1/2026
ACC0000003581,CUST00001633,BR0031,SAVINGS,ACTIVE,6/9/2023,NPR,1/1/2026
ACC0000003582,CUST00004228,BR0031,CURRENT,ACTIVE,5/29/2023,NPR,1/1/2026
ACC0000003583,CUST00002020,BR0022,SALARY,DORMANT,8/28/2024,NPR,1/1/2026
ACC0000003584,CUST00001190,BR0006,SALARY,ACTIVE,3/2/2024,NPR,1/1/2026
ACC0000003585,CUST00003101,BR0007,CURRENT,ACTIVE,10/11/2019,NPR,1/1/2026
ACC0000003586,CUST00000570,BR0019,CURRENT,ACTIVE,4/1/2022,NPR,1/1/2026
ACC0000003587,CUST00001450,BR0030,SALARY,ACTIVE,8/10/2021,NPR,1/1/2026
ACC0000003588,CUST00003858,BR0015,LOAN,ACTIVE,5/11/2020,NPR,1/1/2026
ACC0000003589,CUST00002490,BR0035,LOAN,ACTIVE,5/31/2019,NPR,1/1/2026
ACC0000003590,CUST00004152,BR0011,WALLET,ACTIVE,11/9/2024,NPR,1/1/2026
ACC0000003591,CUST00003324,BR0011,SAVINGS,ACTIVE,3/23/2021,NPR,1/1/2026
ACC0000003592,CUST00003771,BR0030,SAVINGS,ACTIVE,5/28/2023,NPR,1/1/2026
ACC0000003593,CUST00002952,BR0028,SAVINGS,ACTIVE,11/13/2022,NPR,1/1/2026
ACC0000003594,CUST00004665,BR0016,SAVINGS,ACTIVE,12/6/2020,NPR,1/1/2026
ACC0000003595,CUST00000036,BR0011,SALARY,ACTIVE,5/4/2024,NPR,1/1/2026
ACC0000003596,CUST00004570,BR0037,SAVINGS,DORMANT,9/25/2025,NPR,1/1/2026
ACC0000003597,CUST00000195,BR0009,CURRENT,ACTIVE,11/15/2022,NPR,1/1/2026
ACC0000003598,CUST00001740,BR0013,CURRENT,ACTIVE,3/7/2024,NPR,1/1/2026
ACC0000003599,CUST00002503,BR0008,CURRENT,ACTIVE,6/18/2023,NPR,1/1/2026
ACC0000003600,CUST00004394,BR0026,WALLET,ACTIVE,12/14/2023,NPR,1/1/2026
ACC0000003601,CUST00001616,BR0036,SAVINGS,ACTIVE,5/1/2024,NPR,1/1/2026
ACC0000003602,CUST00003653,BR0018,SAVINGS,ACTIVE,8/3/2023,NPR,1/1/2026
ACC0000003603,CUST00001072,BR0025,LOAN,ACTIVE,4/7/2025,NPR,1/1/2026
ACC0000003604,CUST00001784,BR0011,WALLET,ACTIVE,8/24/2022,NPR,1/1/2026
ACC0000003605,CUST00004570,BR0015,LOAN,ACTIVE,6/17/2024,NPR,1/1/2026
ACC0000003606,CUST00004026,BR0037,SAVINGS,ACTIVE,5/3/2025,NPR,1/1/2026
ACC0000003607,CUST00001366,BR0038,CURRENT,ACTIVE,7/31/2025,NPR,1/1/2026
ACC0000003608,CUST00004075,BR0039,WALLET,ACTIVE,8/3/2025,NPR,1/1/2026
ACC0000003609,CUST00000604,BR0037,LOAN,ACTIVE,5/26/2019,NPR,1/1/2026
ACC0000003610,CUST00004488,BR0021,SAVINGS,ACTIVE,12/17/2025,NPR,1/1/2026
ACC0000003611,CUST00002834,BR0013,SALARY,ACTIVE,4/21/2021,NPR,1/1/2026
ACC0000003612,CUST00004298,BR0002,SALARY,ACTIVE,6/1/2025,NPR,1/1/2026
ACC0000003613,CUST00004342,BR0040,LOAN,ACTIVE,12/28/2020,NPR,1/1/2026
ACC0000003614,CUST00003645,BR0001,SAVINGS,ACTIVE,2/24/2024,NPR,1/1/2026
ACC0000003615,CUST00002028,BR0009,WALLET,ACTIVE,4/28/2024,NPR,1/1/2026
ACC0000003616,CUST00003451,BR0013,WALLET,ACTIVE,3/25/2021,NPR,1/1/2026
ACC0000003617,CUST00004399,BR0032,SAVINGS,ACTIVE,5/14/2022,NPR,1/1/2026
ACC0000003618,CUST00002162,BR0010,WALLET,BLOCKED,3/9/2022,NPR,1/1/2026
ACC0000003619,CUST00001714,BR0027,CURRENT,ACTIVE,9/8/2024,NPR,1/1/2026
ACC0000003620,CUST00002037,BR0010,SALARY,ACTIVE,10/13/2021,NPR,1/1/2026
ACC0000003621,CUST00003583,BR0015,WALLET,BLOCKED,9/11/2019,NPR,1/1/2026
ACC0000003622,CUST00003291,BR0017,SALARY,ACTIVE,9/9/2021,NPR,1/1/2026
ACC0000003623,CUST00004835,BR0037,LOAN,ACTIVE,2/27/2025,NPR,1/1/2026
ACC0000003624,CUST00003837,BR0020,SALARY,ACTIVE,9/30/2025,NPR,1/1/2026
ACC0000003625,CUST00003021,BR0003,LOAN,DORMANT,9/29/2022,NPR,1/1/2026
ACC0000003626,CUST00001549,BR0040,SALARY,ACTIVE,6/18/2022,NPR,1/1/2026
ACC0000003627,CUST00003405,BR0021,LOAN,ACTIVE,10/12/2020,NPR,1/1/2026
ACC0000003628,CUST00002584,BR0012,SAVINGS,ACTIVE,9/12/2019,NPR,1/1/2026
ACC0000003629,CUST00002014,BR0040,LOAN,ACTIVE,12/13/2019,NPR,1/1/2026
ACC0000003630,CUST00001199,BR0010,SAVINGS,ACTIVE,4/15/2019,NPR,1/1/2026
ACC0000003631,CUST00000397,BR0003,SALARY,BLOCKED,7/17/2024,NPR,1/1/2026
ACC0000003632,CUST00004967,BR0003,SALARY,ACTIVE,5/8/2019,NPR,1/1/2026
ACC0000003633,CUST00003126,BR0032,LOAN,DORMANT,3/11/2019,NPR,1/1/2026
ACC0000003634,CUST00001009,BR0001,SAVINGS,ACTIVE,2/7/2024,NPR,1/1/2026
ACC0000003635,CUST00004815,BR0037,SAVINGS,ACTIVE,8/15/2022,NPR,1/1/2026
ACC0000003636,CUST00001610,BR0032,LOAN,ACTIVE,5/20/2025,NPR,1/1/2026
ACC0000003637,CUST00002002,BR0039,CURRENT,BLOCKED,12/6/2021,NPR,1/1/2026
ACC0000003638,CUST00002853,BR0009,LOAN,ACTIVE,7/13/2023,NPR,1/1/2026
ACC0000003639,CUST00004299,BR0017,LOAN,ACTIVE,6/1/2020,NPR,1/1/2026
ACC0000003640,CUST00002136,BR0028,LOAN,ACTIVE,6/16/2021,NPR,1/1/2026
ACC0000003641,CUST00001848,BR0039,WALLET,DORMANT,3/17/2022,NPR,1/1/2026
ACC0000003642,CUST00002905,BR0010,SALARY,ACTIVE,4/22/2024,NPR,1/1/2026
ACC0000003643,CUST00002098,BR0002,LOAN,ACTIVE,11/11/2021,NPR,1/1/2026
ACC0000003644,CUST00004975,BR0035,CURRENT,DORMANT,4/29/2024,NPR,1/1/2026
ACC0000003645,CUST00003695,BR0002,SAVINGS,ACTIVE,6/28/2021,NPR,1/1/2026
ACC0000003646,CUST00001919,BR0006,SAVINGS,ACTIVE,7/28/2023,NPR,1/1/2026
ACC0000003647,CUST00001894,BR0028,LOAN,ACTIVE,10/6/2022,NPR,1/1/2026
ACC0000003648,CUST00003417,BR0010,WALLET,ACTIVE,10/26/2023,NPR,1/1/2026
ACC0000003649,CUST00004272,BR0016,WALLET,ACTIVE,11/21/2022,NPR,1/1/2026
ACC0000003650,CUST00000213,BR0012,CURRENT,ACTIVE,8/16/2020,NPR,1/1/2026
ACC0000003651,CUST00003377,BR0032,SALARY,DORMANT,8/19/2022,NPR,1/1/2026
ACC0000003652,CUST00003391,BR0036,SAVINGS,ACTIVE,3/29/2022,NPR,1/1/2026
ACC0000003653,CUST00004797,BR0038,SALARY,ACTIVE,11/18/2021,NPR,1/1/2026
ACC0000003654,CUST00003826,BR0039,LOAN,ACTIVE,6/19/2024,NPR,1/1/2026
ACC0000003655,CUST00000251,BR0018,LOAN,ACTIVE,5/2/2022,NPR,1/1/2026
ACC0000003656,CUST00004747,BR0032,CURRENT,ACTIVE,10/10/2019,NPR,1/1/2026
ACC0000003657,CUST00002811,BR0040,WALLET,ACTIVE,2/17/2025,NPR,1/1/2026
ACC0000003658,CUST00004812,BR0033,LOAN,ACTIVE,5/13/2025,NPR,1/1/2026
ACC0000003659,CUST00002337,BR0028,WALLET,ACTIVE,2/10/2021,NPR,1/1/2026
ACC0000003660,CUST00004078,BR0013,LOAN,ACTIVE,8/22/2020,NPR,1/1/2026
ACC0000003661,CUST00004937,BR0031,SALARY,ACTIVE,5/2/2021,NPR,1/1/2026
ACC0000003662,CUST00002519,BR0006,WALLET,ACTIVE,9/16/2022,NPR,1/1/2026
ACC0000003663,CUST00000750,BR0012,SALARY,ACTIVE,4/21/2025,NPR,1/1/2026
ACC0000003664,CUST00001521,BR0007,LOAN,ACTIVE,5/10/2025,NPR,1/1/2026
ACC0000003665,CUST00000400,BR0021,WALLET,ACTIVE,1/6/2022,NPR,1/1/2026
ACC0000003666,CUST00001467,BR0040,CURRENT,ACTIVE,1/3/2024,NPR,1/1/2026
ACC0000003667,CUST00002740,BR0024,LOAN,ACTIVE,10/7/2020,NPR,1/1/2026
ACC0000003668,CUST00001374,BR0002,WALLET,ACTIVE,5/2/2021,NPR,1/1/2026
ACC0000003669,CUST00000033,BR0011,WALLET,ACTIVE,8/14/2021,NPR,1/1/2026
ACC0000003670,CUST00002860,BR0002,LOAN,ACTIVE,2/26/2022,NPR,1/1/2026
ACC0000003671,CUST00001369,BR0030,LOAN,ACTIVE,6/19/2019,NPR,1/1/2026
ACC0000003672,CUST00001327,BR0015,LOAN,ACTIVE,12/9/2024,NPR,1/1/2026
ACC0000003673,CUST00004754,BR0040,CURRENT,ACTIVE,1/16/2023,NPR,1/1/2026
ACC0000003674,CUST00002756,BR0035,SAVINGS,ACTIVE,8/25/2021,NPR,1/1/2026
ACC0000003675,CUST00000591,BR0001,WALLET,BLOCKED,10/15/2020,NPR,1/1/2026
ACC0000003676,CUST00003867,BR0015,CURRENT,ACTIVE,3/12/2020,NPR,1/1/2026
ACC0000003677,CUST00003044,BR0002,CURRENT,ACTIVE,5/10/2025,NPR,1/1/2026
ACC0000003678,CUST00003353,BR0026,CURRENT,ACTIVE,7/14/2023,NPR,1/1/2026
ACC0000003679,CUST00004845,BR0038,SAVINGS,ACTIVE,12/9/2024,NPR,1/1/2026
ACC0000003680,CUST00004359,BR0011,SAVINGS,ACTIVE,1/16/2022,NPR,1/1/2026
ACC0000003681,CUST00002012,BR0001,LOAN,ACTIVE,5/31/2023,NPR,1/1/2026
ACC0000003682,CUST00004581,BR0014,WALLET,ACTIVE,1/14/2024,NPR,1/1/2026
ACC0000003683,CUST00001148,BR0035,SALARY,ACTIVE,6/9/2023,NPR,1/1/2026
ACC0000003684,CUST00002615,BR0026,CURRENT,ACTIVE,3/17/2024,NPR,1/1/2026
ACC0000003685,CUST00000502,BR0022,LOAN,ACTIVE,5/26/2024,NPR,1/1/2026
ACC0000003686,CUST00002063,BR0024,CURRENT,ACTIVE,6/20/2021,NPR,1/1/2026
ACC0000003687,CUST00004191,BR0035,SAVINGS,ACTIVE,5/12/2023,NPR,1/1/2026
ACC0000003688,CUST00004878,BR0005,CURRENT,ACTIVE,3/7/2023,NPR,1/1/2026
ACC0000003689,CUST00003463,BR0027,CURRENT,ACTIVE,8/1/2021,NPR,1/1/2026
ACC0000003690,CUST00002454,BR0010,SAVINGS,ACTIVE,2/4/2025,NPR,1/1/2026
ACC0000003691,CUST00000145,BR0016,LOAN,ACTIVE,8/4/2024,NPR,1/1/2026
ACC0000003692,CUST00000059,BR0013,LOAN,ACTIVE,6/10/2024,NPR,1/1/2026
ACC0000003693,CUST00001009,BR0020,LOAN,ACTIVE,8/30/2019,NPR,1/1/2026
ACC0000003694,CUST00000289,BR0022,WALLET,ACTIVE,5/28/2020,NPR,1/1/2026
ACC0000003695,CUST00000510,BR0015,WALLET,DORMANT,8/14/2019,NPR,1/1/2026
ACC0000003696,CUST00002167,BR0016,CURRENT,ACTIVE,8/21/2025,NPR,1/1/2026
ACC0000003697,CUST00004768,BR0002,WALLET,ACTIVE,11/10/2025,NPR,1/1/2026
ACC0000003698,CUST00001620,BR0003,SAVINGS,ACTIVE,2/5/2025,NPR,1/1/2026
ACC0000003699,CUST00004110,BR0008,WALLET,ACTIVE,3/12/2023,NPR,1/1/2026
ACC0000003700,CUST00000243,BR0038,SAVINGS,ACTIVE,11/25/2022,NPR,1/1/2026
ACC0000003701,CUST00002123,BR0028,LOAN,ACTIVE,10/13/2020,NPR,1/1/2026
ACC0000003702,CUST00003756,BR0006,LOAN,ACTIVE,9/18/2021,NPR,1/1/2026
ACC0000003703,CUST00001812,BR0039,WALLET,ACTIVE,4/21/2024,NPR,1/1/2026
ACC0000003704,CUST00002570,BR0002,WALLET,ACTIVE,6/28/2020,NPR,1/1/2026
ACC0000003705,CUST00001566,BR0007,SAVINGS,ACTIVE,12/14/2020,NPR,1/1/2026
ACC0000003706,CUST00000028,BR0035,WALLET,DORMANT,3/20/2025,NPR,1/1/2026
ACC0000003707,CUST00003044,BR0011,WALLET,DORMANT,6/9/2021,NPR,1/1/2026
ACC0000003708,CUST00004627,BR0034,SALARY,ACTIVE,7/12/2023,NPR,1/1/2026
ACC0000003709,CUST00001216,BR0030,CURRENT,ACTIVE,12/3/2025,NPR,1/1/2026
ACC0000003710,CUST00001540,BR0005,SALARY,ACTIVE,10/26/2023,NPR,1/1/2026
ACC0000003711,CUST00003425,BR0024,SALARY,ACTIVE,12/5/2021,NPR,1/1/2026
ACC0000003712,CUST00003441,BR0010,WALLET,ACTIVE,4/19/2021,NPR,1/1/2026
ACC0000003713,CUST00000575,BR0036,SALARY,ACTIVE,8/7/2019,NPR,1/1/2026
ACC0000003714,CUST00000154,BR0023,SALARY,ACTIVE,10/15/2021,NPR,1/1/2026
ACC0000003715,CUST00004641,BR0017,SALARY,ACTIVE,4/1/2020,NPR,1/1/2026
ACC0000003716,CUST00001130,BR0023,LOAN,ACTIVE,10/29/2019,NPR,1/1/2026
ACC0000003717,CUST00004288,BR0011,LOAN,ACTIVE,3/18/2021,NPR,1/1/2026
ACC0000003718,CUST00004494,BR0011,SALARY,ACTIVE,3/15/2023,NPR,1/1/2026
ACC0000003719,CUST00003961,BR0019,SALARY,ACTIVE,1/1/2023,NPR,1/1/2026
ACC0000003720,CUST00000483,BR0030,LOAN,ACTIVE,4/24/2025,NPR,1/1/2026
ACC0000003721,CUST00001352,BR0007,SAVINGS,ACTIVE,9/12/2025,NPR,1/1/2026
ACC0000003722,CUST00003354,BR0037,LOAN,ACTIVE,8/25/2021,NPR,1/1/2026
ACC0000003723,CUST00003307,BR0039,CURRENT,ACTIVE,6/15/2020,NPR,1/1/2026
ACC0000003724,CUST00004818,BR0026,CURRENT,ACTIVE,5/22/2023,NPR,1/1/2026
ACC0000003725,CUST00004820,BR0031,CURRENT,ACTIVE,7/3/2019,NPR,1/1/2026
ACC0000003726,CUST00003813,BR0009,WALLET,ACTIVE,3/11/2023,NPR,1/1/2026
ACC0000003727,CUST00004273,BR0008,WALLET,ACTIVE,7/22/2021,NPR,1/1/2026
ACC0000003728,CUST00000539,BR0013,SALARY,ACTIVE,11/1/2024,NPR,1/1/2026
ACC0000003729,CUST00003080,BR0002,LOAN,ACTIVE,8/30/2023,NPR,1/1/2026
ACC0000003730,CUST00002448,BR0030,SAVINGS,ACTIVE,12/9/2022,NPR,1/1/2026
ACC0000003731,CUST00003281,BR0004,LOAN,ACTIVE,3/17/2020,NPR,1/1/2026
ACC0000003732,CUST00004407,BR0023,WALLET,ACTIVE,3/14/2023,NPR,1/1/2026
ACC0000003733,CUST00000819,BR0038,CURRENT,ACTIVE,8/13/2025,NPR,1/1/2026
ACC0000003734,CUST00003132,BR0039,WALLET,CLOSED,3/22/2023,NPR,1/1/2026
ACC0000003735,CUST00003412,BR0024,LOAN,ACTIVE,10/4/2020,NPR,1/1/2026
ACC0000003736,CUST00001203,BR0015,WALLET,ACTIVE,12/31/2025,NPR,1/1/2026
ACC0000003737,CUST00002176,BR0028,SAVINGS,DORMANT,8/27/2021,NPR,1/1/2026
ACC0000003738,CUST00004130,BR0005,SAVINGS,ACTIVE,10/17/2022,NPR,1/1/2026
ACC0000003739,CUST00001944,BR0037,LOAN,ACTIVE,5/19/2023,NPR,1/1/2026
ACC0000003740,CUST00001900,BR0017,CURRENT,ACTIVE,4/22/2020,NPR,1/1/2026
ACC0000003741,CUST00000720,BR0033,LOAN,ACTIVE,10/28/2022,NPR,1/1/2026
ACC0000003742,CUST00004064,BR0011,LOAN,ACTIVE,10/12/2021,NPR,1/1/2026
ACC0000003743,CUST00000996,BR0018,CURRENT,CLOSED,5/11/2019,NPR,1/1/2026
ACC0000003744,CUST00003482,BR0015,WALLET,ACTIVE,7/5/2020,NPR,1/1/2026
ACC0000003745,CUST00001665,BR0018,WALLET,CLOSED,12/27/2021,NPR,1/1/2026
ACC0000003746,CUST00004683,BR0013,WALLET,ACTIVE,9/28/2025,NPR,1/1/2026
ACC0000003747,CUST00002211,BR0013,CURRENT,ACTIVE,4/2/2024,NPR,1/1/2026
ACC0000003748,CUST00000892,BR0018,LOAN,ACTIVE,3/3/2023,NPR,1/1/2026
ACC0000003749,CUST00001138,BR0007,SAVINGS,ACTIVE,10/6/2021,NPR,1/1/2026
ACC0000003750,CUST00002425,BR0011,WALLET,ACTIVE,2/7/2020,NPR,1/1/2026
ACC0000003751,CUST00002638,BR0026,LOAN,ACTIVE,6/11/2023,NPR,1/1/2026
ACC0000003752,CUST00002391,BR0040,LOAN,ACTIVE,11/20/2023,NPR,1/1/2026
ACC0000003753,CUST00000636,BR0012,SAVINGS,ACTIVE,4/11/2020,NPR,1/1/2026
ACC0000003754,CUST00002364,BR0011,WALLET,ACTIVE,11/25/2024,NPR,1/1/2026
ACC0000003755,CUST00004629,BR0002,WALLET,ACTIVE,8/12/2025,NPR,1/1/2026
ACC0000003756,CUST00003589,BR0029,SAVINGS,ACTIVE,11/8/2020,NPR,1/1/2026
ACC0000003757,CUST00003477,BR0039,LOAN,ACTIVE,7/14/2021,NPR,1/1/2026
ACC0000003758,CUST00002597,BR0033,WALLET,BLOCKED,9/11/2019,NPR,1/1/2026
ACC0000003759,CUST00002410,BR0033,SAVINGS,DORMANT,4/29/2019,NPR,1/1/2026
ACC0000003760,CUST00002339,BR0021,WALLET,DORMANT,12/15/2024,NPR,1/1/2026
ACC0000003761,CUST00003930,BR0011,CURRENT,ACTIVE,12/29/2020,NPR,1/1/2026
ACC0000003762,CUST00002318,BR0014,LOAN,ACTIVE,12/8/2024,NPR,1/1/2026
ACC0000003763,CUST00001853,BR0016,CURRENT,ACTIVE,12/14/2020,NPR,1/1/2026
ACC0000003764,CUST00000631,BR0004,SALARY,ACTIVE,6/18/2024,NPR,1/1/2026
ACC0000003765,CUST00004079,BR0009,SAVINGS,ACTIVE,9/7/2023,NPR,1/1/2026
ACC0000003766,CUST00000862,BR0028,SALARY,ACTIVE,10/1/2023,NPR,1/1/2026
ACC0000003767,CUST00002864,BR0009,SAVINGS,ACTIVE,8/1/2024,NPR,1/1/2026
ACC0000003768,CUST00003528,BR0019,SAVINGS,ACTIVE,6/2/2020,NPR,1/1/2026
ACC0000003769,CUST00002300,BR0005,LOAN,DORMANT,10/5/2019,NPR,1/1/2026
ACC0000003770,CUST00002890,BR0028,SALARY,ACTIVE,5/13/2021,NPR,1/1/2026
ACC0000003771,CUST00003541,BR0016,CURRENT,DORMANT,7/21/2019,NPR,1/1/2026
ACC0000003772,CUST00001476,BR0032,SAVINGS,ACTIVE,11/3/2022,NPR,1/1/2026
ACC0000003773,CUST00004594,BR0038,SALARY,DORMANT,1/22/2020,NPR,1/1/2026
ACC0000003774,CUST00000995,BR0014,SAVINGS,ACTIVE,4/4/2019,NPR,1/1/2026
ACC0000003775,CUST00001754,BR0031,SALARY,ACTIVE,7/1/2024,NPR,1/1/2026
ACC0000003776,CUST00002811,BR0035,CURRENT,ACTIVE,10/9/2025,NPR,1/1/2026
ACC0000003777,CUST00004465,BR0035,SAVINGS,ACTIVE,11/28/2019,NPR,1/1/2026
ACC0000003778,CUST00001068,BR0002,SALARY,ACTIVE,7/30/2025,NPR,1/1/2026
ACC0000003779,CUST00001040,BR0006,SALARY,CLOSED,5/6/2019,NPR,1/1/2026
ACC0000003780,CUST00003572,BR0010,WALLET,ACTIVE,9/25/2022,NPR,1/1/2026
ACC0000003781,CUST00004310,BR0033,WALLET,ACTIVE,7/5/2020,NPR,1/1/2026
ACC0000003782,CUST00003267,BR0027,SALARY,ACTIVE,10/10/2023,NPR,1/1/2026
ACC0000003783,CUST00004122,BR0001,SALARY,ACTIVE,9/8/2022,NPR,1/1/2026
ACC0000003784,CUST00002195,BR0004,CURRENT,ACTIVE,9/17/2022,NPR,1/1/2026
ACC0000003785,CUST00001829,BR0024,SAVINGS,DORMANT,11/24/2021,NPR,1/1/2026
ACC0000003786,CUST00001940,BR0005,SAVINGS,DORMANT,9/25/2020,NPR,1/1/2026
ACC0000003787,CUST00000170,BR0040,CURRENT,ACTIVE,7/10/2020,NPR,1/1/2026
ACC0000003788,CUST00000639,BR0020,SAVINGS,ACTIVE,4/23/2021,NPR,1/1/2026
ACC0000003789,CUST00002856,BR0023,WALLET,ACTIVE,3/22/2025,NPR,1/1/2026
ACC0000003790,CUST00004561,BR0031,SAVINGS,ACTIVE,10/3/2025,NPR,1/1/2026
ACC0000003791,CUST00002871,BR0025,LOAN,ACTIVE,5/4/2023,NPR,1/1/2026
ACC0000003792,CUST00002137,BR0015,LOAN,ACTIVE,4/29/2019,NPR,1/1/2026
ACC0000003793,CUST00000206,BR0007,LOAN,ACTIVE,7/27/2020,NPR,1/1/2026
ACC0000003794,CUST00001680,BR0004,LOAN,ACTIVE,7/8/2023,NPR,1/1/2026
ACC0000003795,CUST00000405,BR0010,CURRENT,ACTIVE,12/31/2021,NPR,1/1/2026
ACC0000003796,CUST00002712,BR0013,CURRENT,ACTIVE,7/20/2019,NPR,1/1/2026
ACC0000003797,CUST00002560,BR0007,SALARY,ACTIVE,3/2/2025,NPR,1/1/2026
ACC0000003798,CUST00004791,BR0034,WALLET,ACTIVE,2/24/2022,NPR,1/1/2026
ACC0000003799,CUST00004178,BR0013,CURRENT,ACTIVE,12/29/2025,NPR,1/1/2026
ACC0000003800,CUST00003491,BR0023,LOAN,ACTIVE,5/22/2023,NPR,1/1/2026
ACC0000003801,CUST00003026,BR0027,SAVINGS,ACTIVE,1/11/2025,NPR,1/1/2026
ACC0000003802,CUST00003490,BR0037,SAVINGS,ACTIVE,7/26/2021,NPR,1/1/2026
ACC0000003803,CUST00004686,BR0028,SAVINGS,ACTIVE,1/6/2025,NPR,1/1/2026
ACC0000003804,CUST00002595,BR0012,SAVINGS,ACTIVE,8/23/2019,NPR,1/1/2026
ACC0000003805,CUST00000059,BR0001,SAVINGS,ACTIVE,9/19/2019,NPR,1/1/2026
ACC0000003806,CUST00001772,BR0005,LOAN,ACTIVE,2/14/2025,NPR,1/1/2026
ACC0000003807,CUST00002732,BR0009,CURRENT,ACTIVE,10/31/2023,NPR,1/1/2026
ACC0000003808,CUST00002207,BR0007,CURRENT,ACTIVE,5/11/2022,NPR,1/1/2026
ACC0000003809,CUST00003476,BR0039,CURRENT,ACTIVE,2/12/2024,NPR,1/1/2026
ACC0000003810,CUST00001676,BR0012,SAVINGS,ACTIVE,8/6/2025,NPR,1/1/2026
ACC0000003811,CUST00004002,BR0019,LOAN,ACTIVE,10/31/2023,NPR,1/1/2026
ACC0000003812,CUST00000546,BR0038,CURRENT,DORMANT,2/1/2025,NPR,1/1/2026
ACC0000003813,CUST00002899,BR0008,LOAN,ACTIVE,12/17/2021,NPR,1/1/2026
ACC0000003814,CUST00000905,BR0017,CURRENT,ACTIVE,3/6/2025,NPR,1/1/2026
ACC0000003815,CUST00004992,BR0008,SAVINGS,ACTIVE,6/16/2022,NPR,1/1/2026
ACC0000003816,CUST00004907,BR0011,WALLET,ACTIVE,10/13/2025,NPR,1/1/2026
ACC0000003817,CUST00003717,BR0021,SAVINGS,CLOSED,2/10/2021,NPR,1/1/2026
ACC0000003818,CUST00001275,BR0025,WALLET,ACTIVE,10/1/2021,NPR,1/1/2026
ACC0000003819,CUST00002081,BR0034,SALARY,ACTIVE,2/1/2020,NPR,1/1/2026
ACC0000003820,CUST00000407,BR0015,LOAN,ACTIVE,8/7/2025,NPR,1/1/2026
ACC0000003821,CUST00001305,BR0026,SAVINGS,BLOCKED,4/2/2024,NPR,1/1/2026
ACC0000003822,CUST00002089,BR0025,SALARY,ACTIVE,3/23/2024,NPR,1/1/2026
ACC0000003823,CUST00004366,BR0004,LOAN,ACTIVE,3/26/2023,NPR,1/1/2026
ACC0000003824,CUST00003091,BR0016,WALLET,DORMANT,6/1/2020,NPR,1/1/2026
ACC0000003825,CUST00001357,BR0033,LOAN,DORMANT,1/7/2025,NPR,1/1/2026
ACC0000003826,CUST00000297,BR0028,LOAN,DORMANT,9/28/2023,NPR,1/1/2026
ACC0000003827,CUST00000742,BR0037,CURRENT,DORMANT,1/16/2022,NPR,1/1/2026
ACC0000003828,CUST00000486,BR0004,CURRENT,ACTIVE,5/27/2023,NPR,1/1/2026
ACC0000003829,CUST00003449,BR0002,CURRENT,DORMANT,8/20/2024,NPR,1/1/2026
ACC0000003830,CUST00002775,BR0018,SAVINGS,ACTIVE,12/18/2020,NPR,1/1/2026
ACC0000003831,CUST00002241,BR0012,SALARY,ACTIVE,1/12/2022,NPR,1/1/2026
ACC0000003832,CUST00001725,BR0011,CURRENT,ACTIVE,5/22/2020,NPR,1/1/2026
ACC0000003833,CUST00001083,BR0008,SAVINGS,ACTIVE,8/14/2023,NPR,1/1/2026
ACC0000003834,CUST00001710,BR0005,WALLET,ACTIVE,7/15/2023,NPR,1/1/2026
ACC0000003835,CUST00003362,BR0014,LOAN,ACTIVE,6/21/2021,NPR,1/1/2026
ACC0000003836,CUST00000092,BR0035,SALARY,ACTIVE,7/21/2022,NPR,1/1/2026
ACC0000003837,CUST00003978,BR0002,WALLET,CLOSED,2/5/2022,NPR,1/1/2026
ACC0000003838,CUST00004601,BR0024,SAVINGS,CLOSED,4/18/2021,NPR,1/1/2026
ACC0000003839,CUST00000620,BR0025,SAVINGS,ACTIVE,12/28/2020,NPR,1/1/2026
ACC0000003840,CUST00001681,BR0036,LOAN,ACTIVE,3/5/2022,NPR,1/1/2026
ACC0000003841,CUST00002297,BR0023,WALLET,ACTIVE,4/13/2021,NPR,1/1/2026
ACC0000003842,CUST00002018,BR0014,SAVINGS,ACTIVE,6/17/2023,NPR,1/1/2026
ACC0000003843,CUST00003474,BR0034,WALLET,DORMANT,5/22/2024,NPR,1/1/2026
ACC0000003844,CUST00000704,BR0034,SALARY,ACTIVE,12/10/2020,NPR,1/1/2026
ACC0000003845,CUST00002769,BR0020,WALLET,ACTIVE,3/1/2022,NPR,1/1/2026
ACC0000003846,CUST00002611,BR0037,CURRENT,ACTIVE,4/23/2020,NPR,1/1/2026
ACC0000003847,CUST00004845,BR0039,SAVINGS,ACTIVE,5/2/2019,NPR,1/1/2026
ACC0000003848,CUST00004504,BR0029,SALARY,ACTIVE,6/23/2020,NPR,1/1/2026
ACC0000003849,CUST00000398,BR0038,SAVINGS,ACTIVE,10/31/2019,NPR,1/1/2026
ACC0000003850,CUST00000914,BR0027,CURRENT,ACTIVE,8/24/2023,NPR,1/1/2026
ACC0000003851,CUST00000694,BR0028,WALLET,ACTIVE,6/12/2024,NPR,1/1/2026
ACC0000003852,CUST00003324,BR0020,SAVINGS,ACTIVE,12/26/2021,NPR,1/1/2026
ACC0000003853,CUST00000468,BR0010,WALLET,ACTIVE,8/29/2020,NPR,1/1/2026
ACC0000003854,CUST00001261,BR0028,WALLET,ACTIVE,7/4/2020,NPR,1/1/2026
ACC0000003855,CUST00000387,BR0002,CURRENT,ACTIVE,2/10/2022,NPR,1/1/2026
ACC0000003856,CUST00000425,BR0014,LOAN,ACTIVE,7/22/2020,NPR,1/1/2026
ACC0000003857,CUST00003201,BR0003,LOAN,ACTIVE,10/16/2023,NPR,1/1/2026
ACC0000003858,CUST00001342,BR0038,LOAN,DORMANT,3/11/2019,NPR,1/1/2026
ACC0000003859,CUST00000308,BR0030,WALLET,ACTIVE,4/28/2022,NPR,1/1/2026
ACC0000003860,CUST00004985,BR0024,SAVINGS,ACTIVE,12/16/2020,NPR,1/1/2026
ACC0000003861,CUST00003514,BR0028,WALLET,ACTIVE,4/11/2021,NPR,1/1/2026
ACC0000003862,CUST00002796,BR0020,WALLET,ACTIVE,2/14/2025,NPR,1/1/2026
ACC0000003863,CUST00002592,BR0028,LOAN,BLOCKED,4/3/2023,NPR,1/1/2026
ACC0000003864,CUST00003966,BR0035,WALLET,ACTIVE,7/21/2023,NPR,1/1/2026
ACC0000003865,CUST00002005,BR0029,CURRENT,ACTIVE,3/8/2025,NPR,1/1/2026
ACC0000003866,CUST00000072,BR0033,SALARY,ACTIVE,5/26/2024,NPR,1/1/2026
ACC0000003867,CUST00003480,BR0020,LOAN,ACTIVE,3/21/2020,NPR,1/1/2026
ACC0000003868,CUST00003565,BR0035,SAVINGS,ACTIVE,10/30/2022,NPR,1/1/2026
ACC0000003869,CUST00002513,BR0015,SALARY,ACTIVE,4/13/2020,NPR,1/1/2026
ACC0000003870,CUST00003521,BR0039,WALLET,ACTIVE,1/28/2020,NPR,1/1/2026
ACC0000003871,CUST00004177,BR0013,WALLET,ACTIVE,5/20/2023,NPR,1/1/2026
ACC0000003872,CUST00004620,BR0021,LOAN,ACTIVE,1/27/2021,NPR,1/1/2026
ACC0000003873,CUST00001415,BR0037,SAVINGS,ACTIVE,8/3/2025,NPR,1/1/2026
ACC0000003874,CUST00002947,BR0028,CURRENT,ACTIVE,12/20/2019,NPR,1/1/2026
ACC0000003875,CUST00000761,BR0002,LOAN,ACTIVE,4/8/2019,NPR,1/1/2026
ACC0000003876,CUST00003306,BR0028,WALLET,ACTIVE,9/12/2025,NPR,1/1/2026
ACC0000003877,CUST00000774,BR0011,SALARY,ACTIVE,9/16/2020,NPR,1/1/2026
ACC0000003878,CUST00000953,BR0012,SAVINGS,ACTIVE,6/11/2024,NPR,1/1/2026
ACC0000003879,CUST00004613,BR0013,CURRENT,ACTIVE,6/19/2021,NPR,1/1/2026
ACC0000003880,CUST00001832,BR0018,WALLET,ACTIVE,11/5/2023,NPR,1/1/2026
ACC0000003881,CUST00003805,BR0027,SALARY,ACTIVE,8/27/2024,NPR,1/1/2026
ACC0000003882,CUST00002683,BR0031,SAVINGS,DORMANT,1/27/2021,NPR,1/1/2026
ACC0000003883,CUST00003240,BR0023,WALLET,ACTIVE,8/17/2019,NPR,1/1/2026
ACC0000003884,CUST00003021,BR0010,WALLET,ACTIVE,8/3/2024,NPR,1/1/2026
ACC0000003885,CUST00003842,BR0002,SALARY,ACTIVE,11/14/2021,NPR,1/1/2026
ACC0000003886,CUST00000583,BR0018,LOAN,DORMANT,4/2/2019,NPR,1/1/2026
ACC0000003887,CUST00002416,BR0034,WALLET,ACTIVE,3/24/2023,NPR,1/1/2026
ACC0000003888,CUST00003686,BR0005,LOAN,ACTIVE,10/11/2022,NPR,1/1/2026
ACC0000003889,CUST00001907,BR0022,WALLET,ACTIVE,2/14/2024,NPR,1/1/2026
ACC0000003890,CUST00003274,BR0018,CURRENT,ACTIVE,4/6/2019,NPR,1/1/2026
ACC0000003891,CUST00003752,BR0021,CURRENT,ACTIVE,1/4/2022,NPR,1/1/2026
ACC0000003892,CUST00004967,BR0028,SALARY,ACTIVE,11/27/2025,NPR,1/1/2026
ACC0000003893,CUST00001043,BR0034,LOAN,DORMANT,9/12/2022,NPR,1/1/2026
ACC0000003894,CUST00001139,BR0036,WALLET,ACTIVE,9/22/2019,NPR,1/1/2026
ACC0000003895,CUST00004766,BR0032,SALARY,ACTIVE,3/1/2019,NPR,1/1/2026
ACC0000003896,CUST00003150,BR0030,CURRENT,ACTIVE,7/5/2020,NPR,1/1/2026
ACC0000003897,CUST00004908,BR0004,CURRENT,ACTIVE,9/18/2020,NPR,1/1/2026
ACC0000003898,CUST00000545,BR0008,SALARY,ACTIVE,3/20/2019,NPR,1/1/2026
ACC0000003899,CUST00000549,BR0021,LOAN,ACTIVE,2/6/2022,NPR,1/1/2026
ACC0000003900,CUST00002591,BR0037,LOAN,ACTIVE,3/6/2023,NPR,1/1/2026
ACC0000003901,CUST00004999,BR0033,WALLET,ACTIVE,9/3/2023,NPR,1/1/2026
ACC0000003902,CUST00000339,BR0024,WALLET,ACTIVE,12/30/2019,NPR,1/1/2026
ACC0000003903,CUST00000810,BR0004,CURRENT,ACTIVE,1/24/2021,NPR,1/1/2026
ACC0000003904,CUST00000836,BR0037,CURRENT,ACTIVE,10/22/2023,NPR,1/1/2026
ACC0000003905,CUST00000436,BR0009,SALARY,ACTIVE,12/9/2025,NPR,1/1/2026
ACC0000003906,CUST00003351,BR0034,SAVINGS,ACTIVE,7/11/2021,NPR,1/1/2026
ACC0000003907,CUST00001837,BR0022,WALLET,ACTIVE,3/16/2020,NPR,1/1/2026
ACC0000003908,CUST00001755,BR0023,LOAN,ACTIVE,10/31/2021,NPR,1/1/2026
ACC0000003909,CUST00003672,BR0021,SAVINGS,ACTIVE,4/20/2024,NPR,1/1/2026
ACC0000003910,CUST00002883,BR0010,SAVINGS,ACTIVE,11/29/2023,NPR,1/1/2026
ACC0000003911,CUST00001019,BR0012,SAVINGS,ACTIVE,6/18/2023,NPR,1/1/2026
ACC0000003912,CUST00003936,BR0027,WALLET,DORMANT,4/17/2021,NPR,1/1/2026
ACC0000003913,CUST00000165,BR0001,SALARY,ACTIVE,1/16/2024,NPR,1/1/2026
ACC0000003914,CUST00002167,BR0016,SALARY,ACTIVE,7/27/2025,NPR,1/1/2026
ACC0000003915,CUST00000589,BR0029,SAVINGS,ACTIVE,9/25/2022,NPR,1/1/2026
ACC0000003916,CUST00001462,BR0024,SALARY,ACTIVE,7/28/2022,NPR,1/1/2026
ACC0000003917,CUST00000130,BR0017,WALLET,DORMANT,8/26/2023,NPR,1/1/2026
ACC0000003918,CUST00003560,BR0036,LOAN,ACTIVE,10/31/2022,NPR,1/1/2026
ACC0000003919,CUST00002838,BR0040,LOAN,ACTIVE,10/1/2022,NPR,1/1/2026
ACC0000003920,CUST00002750,BR0032,SALARY,ACTIVE,12/25/2023,NPR,1/1/2026
ACC0000003921,CUST00002468,BR0004,SALARY,BLOCKED,3/11/2020,NPR,1/1/2026
ACC0000003922,CUST00004671,BR0031,WALLET,ACTIVE,12/6/2025,NPR,1/1/2026
ACC0000003923,CUST00001269,BR0024,WALLET,ACTIVE,4/26/2019,NPR,1/1/2026
ACC0000003924,CUST00003138,BR0013,LOAN,ACTIVE,4/27/2021,NPR,1/1/2026
ACC0000003925,CUST00000673,BR0040,SALARY,DORMANT,6/16/2020,NPR,1/1/2026
ACC0000003926,CUST00003524,BR0013,LOAN,ACTIVE,4/29/2023,NPR,1/1/2026
ACC0000003927,CUST00004376,BR0002,WALLET,ACTIVE,5/13/2025,NPR,1/1/2026
ACC0000003928,CUST00003047,BR0020,LOAN,ACTIVE,10/18/2020,NPR,1/1/2026
ACC0000003929,CUST00000339,BR0002,SALARY,BLOCKED,7/19/2024,NPR,1/1/2026
ACC0000003930,CUST00000671,BR0010,SALARY,ACTIVE,10/20/2022,NPR,1/1/2026
ACC0000003931,CUST00003628,BR0037,SAVINGS,ACTIVE,12/6/2022,NPR,1/1/2026
ACC0000003932,CUST00001327,BR0030,SALARY,ACTIVE,5/7/2022,NPR,1/1/2026
ACC0000003933,CUST00002532,BR0003,SAVINGS,ACTIVE,1/4/2022,NPR,1/1/2026
ACC0000003934,CUST00000983,BR0010,SAVINGS,DORMANT,9/29/2020,NPR,1/1/2026
ACC0000003935,CUST00000584,BR0013,SALARY,ACTIVE,9/23/2022,NPR,1/1/2026
ACC0000003936,CUST00000091,BR0004,WALLET,ACTIVE,2/22/2022,NPR,1/1/2026
ACC0000003937,CUST00004931,BR0026,SAVINGS,ACTIVE,2/14/2022,NPR,1/1/2026
ACC0000003938,CUST00000672,BR0015,CURRENT,ACTIVE,10/6/2024,NPR,1/1/2026
ACC0000003939,CUST00001393,BR0026,SAVINGS,ACTIVE,2/23/2025,NPR,1/1/2026
ACC0000003940,CUST00003941,BR0013,LOAN,ACTIVE,4/12/2021,NPR,1/1/2026
ACC0000003941,CUST00002652,BR0019,SALARY,ACTIVE,1/22/2022,NPR,1/1/2026
ACC0000003942,CUST00001778,BR0016,SAVINGS,ACTIVE,3/13/2023,NPR,1/1/2026
ACC0000003943,CUST00004956,BR0014,SALARY,ACTIVE,9/4/2023,NPR,1/1/2026
ACC0000003944,CUST00002749,BR0018,LOAN,DORMANT,6/8/2020,NPR,1/1/2026
ACC0000003945,CUST00001124,BR0034,CURRENT,ACTIVE,5/26/2024,NPR,1/1/2026
ACC0000003946,CUST00001233,BR0024,SAVINGS,ACTIVE,10/2/2023,NPR,1/1/2026
ACC0000003947,CUST00001323,BR0002,CURRENT,ACTIVE,11/7/2023,NPR,1/1/2026
ACC0000003948,CUST00003398,BR0030,WALLET,ACTIVE,4/10/2023,NPR,1/1/2026
ACC0000003949,CUST00004851,BR0026,CURRENT,ACTIVE,1/31/2020,NPR,1/1/2026
ACC0000003950,CUST00004267,BR0023,CURRENT,ACTIVE,1/31/2023,NPR,1/1/2026
ACC0000003951,CUST00003801,BR0009,WALLET,ACTIVE,3/1/2019,NPR,1/1/2026
ACC0000003952,CUST00001739,BR0009,WALLET,ACTIVE,1/18/2020,NPR,1/1/2026
ACC0000003953,CUST00003632,BR0026,SALARY,ACTIVE,1/28/2025,NPR,1/1/2026
ACC0000003954,CUST00002436,BR0025,CURRENT,ACTIVE,7/23/2022,NPR,1/1/2026
ACC0000003955,CUST00002594,BR0026,CURRENT,ACTIVE,6/24/2022,NPR,1/1/2026
ACC0000003956,CUST00002241,BR0006,WALLET,ACTIVE,3/25/2021,NPR,1/1/2026
ACC0000003957,CUST00002318,BR0015,CURRENT,ACTIVE,9/8/2022,NPR,1/1/2026
ACC0000003958,CUST00002676,BR0001,SAVINGS,ACTIVE,4/18/2022,NPR,1/1/2026
ACC0000003959,CUST00001769,BR0025,SAVINGS,ACTIVE,12/24/2021,NPR,1/1/2026
ACC0000003960,CUST00000478,BR0009,CURRENT,ACTIVE,3/13/2025,NPR,1/1/2026
ACC0000003961,CUST00000978,BR0008,LOAN,ACTIVE,10/27/2020,NPR,1/1/2026
ACC0000003962,CUST00003750,BR0003,SAVINGS,ACTIVE,4/3/2024,NPR,1/1/2026
ACC0000003963,CUST00000820,BR0029,WALLET,ACTIVE,5/3/2023,NPR,1/1/2026
ACC0000003964,CUST00001706,BR0018,SAVINGS,ACTIVE,4/5/2020,NPR,1/1/2026
ACC0000003965,CUST00002444,BR0029,SALARY,ACTIVE,1/22/2024,NPR,1/1/2026
ACC0000003966,CUST00002984,BR0025,LOAN,ACTIVE,10/19/2019,NPR,1/1/2026
ACC0000003967,CUST00003452,BR0022,WALLET,BLOCKED,2/29/2020,NPR,1/1/2026
ACC0000003968,CUST00002265,BR0011,SAVINGS,ACTIVE,2/20/2020,NPR,1/1/2026
ACC0000003969,CUST00004011,BR0039,LOAN,CLOSED,3/24/2022,NPR,1/1/2026
ACC0000003970,CUST00000900,BR0033,CURRENT,DORMANT,5/15/2019,NPR,1/1/2026
ACC0000003971,CUST00001729,BR0001,SAVINGS,ACTIVE,6/3/2020,NPR,1/1/2026
ACC0000003972,CUST00001831,BR0035,LOAN,ACTIVE,4/2/2025,NPR,1/1/2026
ACC0000003973,CUST00003729,BR0007,LOAN,ACTIVE,11/26/2020,NPR,1/1/2026
ACC0000003974,CUST00000380,BR0008,LOAN,ACTIVE,6/9/2022,NPR,1/1/2026
ACC0000003975,CUST00003545,BR0014,SAVINGS,CLOSED,10/26/2025,NPR,1/1/2026
ACC0000003976,CUST00000130,BR0006,SALARY,ACTIVE,1/28/2024,NPR,1/1/2026
ACC0000003977,CUST00001961,BR0023,SAVINGS,ACTIVE,12/9/2022,NPR,1/1/2026
ACC0000003978,CUST00001908,BR0038,WALLET,ACTIVE,9/25/2024,NPR,1/1/2026
ACC0000003979,CUST00000463,BR0030,SALARY,DORMANT,1/17/2025,NPR,1/1/2026
ACC0000003980,CUST00002609,BR0022,LOAN,ACTIVE,12/3/2021,NPR,1/1/2026
ACC0000003981,CUST00004799,BR0008,SALARY,ACTIVE,5/19/2021,NPR,1/1/2026
ACC0000003982,CUST00000370,BR0028,LOAN,ACTIVE,2/27/2023,NPR,1/1/2026
ACC0000003983,CUST00004564,BR0007,WALLET,ACTIVE,2/3/2022,NPR,1/1/2026
ACC0000003984,CUST00003412,BR0025,SAVINGS,ACTIVE,11/10/2021,NPR,1/1/2026
ACC0000003985,CUST00000902,BR0036,SALARY,ACTIVE,7/7/2025,NPR,1/1/2026
ACC0000003986,CUST00003989,BR0011,SAVINGS,ACTIVE,11/16/2024,NPR,1/1/2026
ACC0000003987,CUST00004315,BR0004,SAVINGS,ACTIVE,2/14/2022,NPR,1/1/2026
ACC0000003988,CUST00003042,BR0019,SALARY,ACTIVE,1/18/2020,NPR,1/1/2026
ACC0000003989,CUST00003781,BR0002,LOAN,ACTIVE,12/20/2021,NPR,1/1/2026
ACC0000003990,CUST00002409,BR0016,WALLET,ACTIVE,6/21/2025,NPR,1/1/2026
ACC0000003991,CUST00002316,BR0023,LOAN,ACTIVE,8/16/2025,NPR,1/1/2026
ACC0000003992,CUST00001442,BR0014,CURRENT,DORMANT,4/18/2024,NPR,1/1/2026
ACC0000003993,CUST00004939,BR0038,LOAN,ACTIVE,10/12/2022,NPR,1/1/2026
ACC0000003994,CUST00001899,BR0032,CURRENT,ACTIVE,12/4/2022,NPR,1/1/2026
ACC0000003995,CUST00003702,BR0035,SALARY,ACTIVE,6/22/2019,NPR,1/1/2026
ACC0000003996,CUST00001882,BR0040,WALLET,ACTIVE,6/12/2023,NPR,1/1/2026
ACC0000003997,CUST00000290,BR0018,CURRENT,CLOSED,4/21/2024,NPR,1/1/2026
ACC0000003998,CUST00003338,BR0024,WALLET,ACTIVE,3/30/2020,NPR,1/1/2026
ACC0000003999,CUST00002926,BR0032,SALARY,ACTIVE,9/6/2021,NPR,1/1/2026
ACC0000004000,CUST00000992,BR0005,WALLET,ACTIVE,4/15/2023,NPR,1/1/2026
ACC0000004001,CUST00003367,BR0025,WALLET,ACTIVE,6/2/2025,NPR,1/1/2026
ACC0000004002,CUST00000884,BR0036,WALLET,ACTIVE,1/30/2025,NPR,1/1/2026
ACC0000004003,CUST00003462,BR0030,WALLET,ACTIVE,12/13/2022,NPR,1/1/2026
ACC0000004004,CUST00000950,BR0016,WALLET,ACTIVE,8/30/2023,NPR,1/1/2026
ACC0000004005,CUST00001179,BR0029,SAVINGS,ACTIVE,6/6/2020,NPR,1/1/2026
ACC0000004006,CUST00004312,BR0025,SAVINGS,ACTIVE,5/8/2022,NPR,1/1/2026
ACC0000004007,CUST00000300,BR0022,CURRENT,ACTIVE,11/26/2024,NPR,1/1/2026
ACC0000004008,CUST00003955,BR0030,SAVINGS,ACTIVE,9/1/2024,NPR,1/1/2026
ACC0000004009,CUST00004650,BR0019,LOAN,ACTIVE,4/26/2023,NPR,1/1/2026
ACC0000004010,CUST00003828,BR0018,SALARY,BLOCKED,6/13/2025,NPR,1/1/2026
ACC0000004011,CUST00004519,BR0032,LOAN,ACTIVE,7/10/2022,NPR,1/1/2026
ACC0000004012,CUST00004955,BR0031,CURRENT,ACTIVE,2/18/2020,NPR,1/1/2026
ACC0000004013,CUST00001655,BR0005,SAVINGS,CLOSED,3/30/2020,NPR,1/1/2026
ACC0000004014,CUST00003419,BR0001,LOAN,ACTIVE,3/29/2024,NPR,1/1/2026
ACC0000004015,CUST00000858,BR0034,LOAN,ACTIVE,2/17/2023,NPR,1/1/2026
ACC0000004016,CUST00004111,BR0021,LOAN,ACTIVE,7/11/2025,NPR,1/1/2026
ACC0000004017,CUST00002322,BR0036,SAVINGS,ACTIVE,12/7/2022,NPR,1/1/2026
ACC0000004018,CUST00003569,BR0021,LOAN,ACTIVE,1/25/2024,NPR,1/1/2026
ACC0000004019,CUST00000439,BR0017,CURRENT,BLOCKED,11/21/2022,NPR,1/1/2026
ACC0000004020,CUST00002337,BR0018,LOAN,ACTIVE,7/5/2023,NPR,1/1/2026
ACC0000004021,CUST00004828,BR0007,LOAN,ACTIVE,6/15/2025,NPR,1/1/2026
ACC0000004022,CUST00003177,BR0037,LOAN,DORMANT,2/28/2023,NPR,1/1/2026
ACC0000004023,CUST00001812,BR0002,LOAN,ACTIVE,11/14/2025,NPR,1/1/2026
ACC0000004024,CUST00002145,BR0011,SAVINGS,BLOCKED,4/30/2021,NPR,1/1/2026
ACC0000004025,CUST00000754,BR0016,SAVINGS,ACTIVE,4/10/2023,NPR,1/1/2026
ACC0000004026,CUST00003821,BR0012,SALARY,ACTIVE,6/19/2020,NPR,1/1/2026
ACC0000004027,CUST00003621,BR0024,CURRENT,ACTIVE,8/24/2024,NPR,1/1/2026
ACC0000004028,CUST00001659,BR0003,LOAN,ACTIVE,3/16/2022,NPR,1/1/2026
ACC0000004029,CUST00002562,BR0020,WALLET,ACTIVE,11/1/2022,NPR,1/1/2026
ACC0000004030,CUST00004190,BR0011,WALLET,ACTIVE,7/31/2019,NPR,1/1/2026
ACC0000004031,CUST00003584,BR0017,WALLET,ACTIVE,9/12/2025,NPR,1/1/2026
ACC0000004032,CUST00000168,BR0017,CURRENT,ACTIVE,1/30/2023,NPR,1/1/2026
ACC0000004033,CUST00001100,BR0031,WALLET,ACTIVE,3/9/2022,NPR,1/1/2026
ACC0000004034,CUST00001811,BR0023,WALLET,ACTIVE,3/19/2023,NPR,1/1/2026
ACC0000004035,CUST00004832,BR0020,LOAN,ACTIVE,12/6/2023,NPR,1/1/2026
ACC0000004036,CUST00002978,BR0015,LOAN,ACTIVE,3/19/2022,NPR,1/1/2026
ACC0000004037,CUST00004476,BR0026,LOAN,ACTIVE,11/21/2024,NPR,1/1/2026
ACC0000004038,CUST00002606,BR0030,CURRENT,ACTIVE,12/10/2019,NPR,1/1/2026
ACC0000004039,CUST00003687,BR0040,LOAN,ACTIVE,3/15/2024,NPR,1/1/2026
ACC0000004040,CUST00001942,BR0030,SAVINGS,ACTIVE,7/6/2023,NPR,1/1/2026
ACC0000004041,CUST00004929,BR0031,SAVINGS,ACTIVE,11/3/2025,NPR,1/1/2026
ACC0000004042,CUST00003783,BR0010,SAVINGS,DORMANT,4/30/2019,NPR,1/1/2026
ACC0000004043,CUST00000527,BR0022,LOAN,ACTIVE,7/26/2019,NPR,1/1/2026
ACC0000004044,CUST00003831,BR0035,WALLET,ACTIVE,12/25/2025,NPR,1/1/2026
ACC0000004045,CUST00000664,BR0015,CURRENT,ACTIVE,9/11/2022,NPR,1/1/2026
ACC0000004046,CUST00002330,BR0007,SALARY,ACTIVE,10/10/2024,NPR,1/1/2026
ACC0000004047,CUST00001601,BR0015,SALARY,ACTIVE,7/3/2020,NPR,1/1/2026
ACC0000004048,CUST00001016,BR0037,SAVINGS,ACTIVE,10/16/2022,NPR,1/1/2026
ACC0000004049,CUST00003955,BR0036,SALARY,ACTIVE,9/9/2019,NPR,1/1/2026
ACC0000004050,CUST00003744,BR0019,SAVINGS,DORMANT,7/31/2023,NPR,1/1/2026
ACC0000004051,CUST00000167,BR0011,LOAN,ACTIVE,5/22/2020,NPR,1/1/2026
ACC0000004052,CUST00000641,BR0020,WALLET,ACTIVE,10/11/2020,NPR,1/1/2026
ACC0000004053,CUST00000906,BR0009,CURRENT,ACTIVE,7/16/2019,NPR,1/1/2026
ACC0000004054,CUST00002978,BR0010,WALLET,ACTIVE,6/11/2020,NPR,1/1/2026
ACC0000004055,CUST00004322,BR0034,WALLET,ACTIVE,6/21/2019,NPR,1/1/2026
ACC0000004056,CUST00000257,BR0009,SALARY,ACTIVE,4/22/2019,NPR,1/1/2026
ACC0000004057,CUST00002889,BR0035,SAVINGS,ACTIVE,6/26/2020,NPR,1/1/2026
ACC0000004058,CUST00004509,BR0023,WALLET,ACTIVE,3/3/2024,NPR,1/1/2026
ACC0000004059,CUST00004987,BR0009,LOAN,ACTIVE,1/24/2024,NPR,1/1/2026
ACC0000004060,CUST00004925,BR0011,SALARY,ACTIVE,10/13/2022,NPR,1/1/2026
ACC0000004061,CUST00001586,BR0035,LOAN,ACTIVE,3/12/2021,NPR,1/1/2026
ACC0000004062,CUST00003367,BR0015,CURRENT,ACTIVE,3/4/2022,NPR,1/1/2026
ACC0000004063,CUST00002637,BR0029,SALARY,ACTIVE,8/27/2019,NPR,1/1/2026
ACC0000004064,CUST00004085,BR0039,SALARY,ACTIVE,1/5/2022,NPR,1/1/2026
ACC0000004065,CUST00003943,BR0004,WALLET,ACTIVE,8/20/2022,NPR,1/1/2026
ACC0000004066,CUST00002186,BR0005,SALARY,CLOSED,7/2/2022,NPR,1/1/2026
ACC0000004067,CUST00004680,BR0019,LOAN,ACTIVE,3/12/2019,NPR,1/1/2026
ACC0000004068,CUST00003696,BR0028,SAVINGS,ACTIVE,5/25/2020,NPR,1/1/2026
ACC0000004069,CUST00004394,BR0005,CURRENT,ACTIVE,9/29/2022,NPR,1/1/2026
ACC0000004070,CUST00000955,BR0039,SAVINGS,ACTIVE,6/1/2025,NPR,1/1/2026
ACC0000004071,CUST00003353,BR0035,LOAN,ACTIVE,9/2/2022,NPR,1/1/2026
ACC0000004072,CUST00001077,BR0001,CURRENT,ACTIVE,9/3/2024,NPR,1/1/2026
ACC0000004073,CUST00000646,BR0031,SALARY,ACTIVE,8/3/2019,NPR,1/1/2026
ACC0000004074,CUST00004085,BR0034,SAVINGS,ACTIVE,12/13/2023,NPR,1/1/2026
ACC0000004075,CUST00002845,BR0001,SAVINGS,ACTIVE,8/13/2023,NPR,1/1/2026
ACC0000004076,CUST00004780,BR0028,CURRENT,ACTIVE,6/1/2024,NPR,1/1/2026
ACC0000004077,CUST00002315,BR0021,CURRENT,ACTIVE,10/31/2020,NPR,1/1/2026
ACC0000004078,CUST00000578,BR0031,SAVINGS,ACTIVE,6/24/2024,NPR,1/1/2026
ACC0000004079,CUST00003034,BR0013,WALLET,ACTIVE,10/18/2023,NPR,1/1/2026
ACC0000004080,CUST00001615,BR0018,CURRENT,DORMANT,7/20/2022,NPR,1/1/2026
ACC0000004081,CUST00001658,BR0040,SAVINGS,ACTIVE,7/8/2024,NPR,1/1/2026
ACC0000004082,CUST00000615,BR0035,LOAN,DORMANT,10/24/2025,NPR,1/1/2026
ACC0000004083,CUST00002633,BR0021,WALLET,ACTIVE,2/4/2024,NPR,1/1/2026
ACC0000004084,CUST00001782,BR0027,LOAN,ACTIVE,11/13/2024,NPR,1/1/2026
ACC0000004085,CUST00000797,BR0027,CURRENT,DORMANT,11/29/2023,NPR,1/1/2026
ACC0000004086,CUST00000875,BR0012,SALARY,ACTIVE,12/28/2019,NPR,1/1/2026
ACC0000004087,CUST00003934,BR0003,SAVINGS,DORMANT,10/30/2021,NPR,1/1/2026
ACC0000004088,CUST00000829,BR0022,CURRENT,DORMANT,7/22/2024,NPR,1/1/2026
ACC0000004089,CUST00002007,BR0037,CURRENT,ACTIVE,8/23/2022,NPR,1/1/2026
ACC0000004090,CUST00001117,BR0001,SAVINGS,DORMANT,7/28/2022,NPR,1/1/2026
ACC0000004091,CUST00003526,BR0010,LOAN,ACTIVE,1/2/2024,NPR,1/1/2026
ACC0000004092,CUST00004741,BR0040,SAVINGS,ACTIVE,9/20/2020,NPR,1/1/2026
ACC0000004093,CUST00003166,BR0036,CURRENT,ACTIVE,12/9/2024,NPR,1/1/2026
ACC0000004094,CUST00003920,BR0026,SALARY,ACTIVE,7/12/2022,NPR,1/1/2026
ACC0000004095,CUST00000787,BR0005,LOAN,ACTIVE,4/26/2023,NPR,1/1/2026
ACC0000004096,CUST00002172,BR0020,WALLET,ACTIVE,9/25/2020,NPR,1/1/2026
ACC0000004097,CUST00001646,BR0024,SAVINGS,ACTIVE,8/23/2024,NPR,1/1/2026
ACC0000004098,CUST00003127,BR0028,SALARY,ACTIVE,5/27/2023,NPR,1/1/2026
ACC0000004099,CUST00000324,BR0027,SAVINGS,ACTIVE,12/10/2022,NPR,1/1/2026
ACC0000004100,CUST00003808,BR0032,LOAN,ACTIVE,8/4/2023,NPR,1/1/2026
ACC0000004101,CUST00001659,BR0004,LOAN,ACTIVE,8/26/2025,NPR,1/1/2026
ACC0000004102,CUST00002373,BR0001,LOAN,ACTIVE,8/24/2020,NPR,1/1/2026
ACC0000004103,CUST00004507,BR0036,CURRENT,ACTIVE,10/17/2021,NPR,1/1/2026
ACC0000004104,CUST00001857,BR0022,LOAN,ACTIVE,3/14/2024,NPR,1/1/2026
ACC0000004105,CUST00002094,BR0029,SAVINGS,ACTIVE,8/28/2020,NPR,1/1/2026
ACC0000004106,CUST00001001,BR0008,LOAN,ACTIVE,4/22/2023,NPR,1/1/2026
ACC0000004107,CUST00003325,BR0025,LOAN,ACTIVE,8/29/2025,NPR,1/1/2026
ACC0000004108,CUST00000629,BR0016,LOAN,DORMANT,7/10/2021,NPR,1/1/2026
ACC0000004109,CUST00001384,BR0005,WALLET,DORMANT,1/19/2021,NPR,1/1/2026
ACC0000004110,CUST00002788,BR0011,WALLET,ACTIVE,8/25/2021,NPR,1/1/2026
ACC0000004111,CUST00001581,BR0001,LOAN,CLOSED,4/25/2021,NPR,1/1/2026
ACC0000004112,CUST00004878,BR0016,SAVINGS,ACTIVE,4/3/2023,NPR,1/1/2026
ACC0000004113,CUST00004984,BR0005,WALLET,CLOSED,11/29/2025,NPR,1/1/2026
ACC0000004114,CUST00000660,BR0013,LOAN,ACTIVE,9/29/2019,NPR,1/1/2026
ACC0000004115,CUST00003801,BR0002,SAVINGS,ACTIVE,8/25/2019,NPR,1/1/2026
ACC0000004116,CUST00001702,BR0010,SAVINGS,ACTIVE,5/20/2025,NPR,1/1/2026
ACC0000004117,CUST00003067,BR0039,SALARY,ACTIVE,7/24/2025,NPR,1/1/2026
ACC0000004118,CUST00002226,BR0002,SAVINGS,ACTIVE,11/25/2019,NPR,1/1/2026
ACC0000004119,CUST00000104,BR0028,SALARY,ACTIVE,2/25/2021,NPR,1/1/2026
ACC0000004120,CUST00004412,BR0034,LOAN,ACTIVE,3/3/2022,NPR,1/1/2026
ACC0000004121,CUST00002548,BR0011,CURRENT,DORMANT,7/29/2020,NPR,1/1/2026
ACC0000004122,CUST00000772,BR0031,SALARY,ACTIVE,8/16/2023,NPR,1/1/2026
ACC0000004123,CUST00004542,BR0003,SALARY,DORMANT,6/22/2021,NPR,1/1/2026
ACC0000004124,CUST00000870,BR0004,SALARY,DORMANT,11/20/2021,NPR,1/1/2026
ACC0000004125,CUST00001012,BR0026,SALARY,DORMANT,12/28/2024,NPR,1/1/2026
ACC0000004126,CUST00000542,BR0019,CURRENT,ACTIVE,4/2/2021,NPR,1/1/2026
ACC0000004127,CUST00001296,BR0012,SALARY,ACTIVE,8/18/2024,NPR,1/1/2026
ACC0000004128,CUST00001428,BR0033,SALARY,ACTIVE,10/13/2020,NPR,1/1/2026
ACC0000004129,CUST00004082,BR0011,CURRENT,ACTIVE,8/17/2021,NPR,1/1/2026
ACC0000004130,CUST00000978,BR0021,SAVINGS,ACTIVE,8/9/2023,NPR,1/1/2026
ACC0000004131,CUST00000374,BR0020,SALARY,ACTIVE,5/28/2025,NPR,1/1/2026
ACC0000004132,CUST00000868,BR0027,WALLET,ACTIVE,4/3/2019,NPR,1/1/2026
ACC0000004133,CUST00003578,BR0038,LOAN,ACTIVE,2/4/2023,NPR,1/1/2026
ACC0000004134,CUST00003627,BR0030,LOAN,DORMANT,7/22/2025,NPR,1/1/2026
ACC0000004135,CUST00003785,BR0022,SAVINGS,ACTIVE,8/12/2022,NPR,1/1/2026
ACC0000004136,CUST00000219,BR0040,SAVINGS,ACTIVE,4/8/2019,NPR,1/1/2026
ACC0000004137,CUST00000597,BR0023,CURRENT,DORMANT,1/31/2023,NPR,1/1/2026
ACC0000004138,CUST00004685,BR0032,WALLET,DORMANT,1/3/2021,NPR,1/1/2026
ACC0000004139,CUST00002992,BR0035,LOAN,ACTIVE,1/18/2025,NPR,1/1/2026
ACC0000004140,CUST00000224,BR0029,SALARY,ACTIVE,12/13/2025,NPR,1/1/2026
ACC0000004141,CUST00004367,BR0006,WALLET,ACTIVE,4/17/2025,NPR,1/1/2026
ACC0000004142,CUST00001454,BR0003,CURRENT,ACTIVE,2/8/2021,NPR,1/1/2026
ACC0000004143,CUST00003525,BR0018,CURRENT,ACTIVE,6/24/2020,NPR,1/1/2026
ACC0000004144,CUST00001755,BR0037,SALARY,ACTIVE,12/27/2021,NPR,1/1/2026
ACC0000004145,CUST00004315,BR0004,SALARY,DORMANT,8/23/2023,NPR,1/1/2026
ACC0000004146,CUST00000293,BR0023,CURRENT,ACTIVE,8/19/2022,NPR,1/1/2026
ACC0000004147,CUST00003561,BR0025,CURRENT,ACTIVE,4/22/2025,NPR,1/1/2026
ACC0000004148,CUST00002631,BR0027,LOAN,ACTIVE,4/11/2025,NPR,1/1/2026
ACC0000004149,CUST00002819,BR0032,LOAN,ACTIVE,5/14/2022,NPR,1/1/2026
ACC0000004150,CUST00001577,BR0012,SALARY,DORMANT,5/8/2020,NPR,1/1/2026
ACC0000004151,CUST00001363,BR0003,SAVINGS,ACTIVE,3/16/2019,NPR,1/1/2026
ACC0000004152,CUST00000052,BR0018,SALARY,BLOCKED,12/26/2020,NPR,1/1/2026
ACC0000004153,CUST00002762,BR0027,CURRENT,ACTIVE,12/11/2020,NPR,1/1/2026
ACC0000004154,CUST00004982,BR0003,WALLET,ACTIVE,11/17/2023,NPR,1/1/2026
ACC0000004155,CUST00001515,BR0032,WALLET,ACTIVE,2/1/2024,NPR,1/1/2026
ACC0000004156,CUST00000131,BR0040,SALARY,ACTIVE,8/27/2019,NPR,1/1/2026
ACC0000004157,CUST00000035,BR0001,WALLET,ACTIVE,4/3/2023,NPR,1/1/2026
ACC0000004158,CUST00000327,BR0003,WALLET,DORMANT,7/3/2022,NPR,1/1/2026
ACC0000004159,CUST00003977,BR0032,WALLET,ACTIVE,1/12/2020,NPR,1/1/2026
ACC0000004160,CUST00002576,BR0019,SALARY,ACTIVE,9/28/2023,NPR,1/1/2026
ACC0000004161,CUST00002825,BR0035,CURRENT,ACTIVE,10/12/2020,NPR,1/1/2026
ACC0000004162,CUST00003181,BR0026,SALARY,ACTIVE,11/1/2020,NPR,1/1/2026
ACC0000004163,CUST00001070,BR0036,LOAN,ACTIVE,3/10/2019,NPR,1/1/2026
ACC0000004164,CUST00003525,BR0023,SAVINGS,DORMANT,4/24/2025,NPR,1/1/2026
ACC0000004165,CUST00002791,BR0020,SAVINGS,ACTIVE,12/19/2020,NPR,1/1/2026
ACC0000004166,CUST00001517,BR0008,LOAN,ACTIVE,4/19/2025,NPR,1/1/2026
ACC0000004167,CUST00004154,BR0018,CURRENT,ACTIVE,5/20/2021,NPR,1/1/2026
ACC0000004168,CUST00004710,BR0028,LOAN,ACTIVE,10/2/2021,NPR,1/1/2026
ACC0000004169,CUST00000771,BR0004,WALLET,ACTIVE,7/25/2019,NPR,1/1/2026
ACC0000004170,CUST00004847,BR0031,WALLET,ACTIVE,2/9/2025,NPR,1/1/2026
ACC0000004171,CUST00000514,BR0028,WALLET,ACTIVE,5/13/2022,NPR,1/1/2026
ACC0000004172,CUST00002180,BR0021,CURRENT,ACTIVE,8/23/2019,NPR,1/1/2026
ACC0000004173,CUST00000080,BR0014,SAVINGS,ACTIVE,5/31/2024,NPR,1/1/2026
ACC0000004174,CUST00001555,BR0004,SALARY,ACTIVE,4/30/2025,NPR,1/1/2026
ACC0000004175,CUST00003119,BR0037,WALLET,ACTIVE,11/23/2023,NPR,1/1/2026
ACC0000004176,CUST00001998,BR0024,CURRENT,ACTIVE,1/29/2025,NPR,1/1/2026
ACC0000004177,CUST00002333,BR0016,SAVINGS,ACTIVE,12/4/2023,NPR,1/1/2026
ACC0000004178,CUST00003276,BR0005,WALLET,ACTIVE,12/26/2022,NPR,1/1/2026
ACC0000004179,CUST00003135,BR0030,LOAN,ACTIVE,5/4/2020,NPR,1/1/2026
ACC0000004180,CUST00001435,BR0030,WALLET,ACTIVE,7/2/2020,NPR,1/1/2026
ACC0000004181,CUST00002341,BR0023,SAVINGS,DORMANT,1/5/2025,NPR,1/1/2026
ACC0000004182,CUST00002706,BR0013,WALLET,ACTIVE,1/28/2022,NPR,1/1/2026
ACC0000004183,CUST00002037,BR0003,WALLET,ACTIVE,10/27/2025,NPR,1/1/2026
ACC0000004184,CUST00000754,BR0024,LOAN,ACTIVE,4/30/2020,NPR,1/1/2026
ACC0000004185,CUST00001997,BR0013,SALARY,ACTIVE,9/16/2022,NPR,1/1/2026
ACC0000004186,CUST00003608,BR0028,LOAN,ACTIVE,6/7/2021,NPR,1/1/2026
ACC0000004187,CUST00003627,BR0001,SALARY,DORMANT,7/12/2023,NPR,1/1/2026
ACC0000004188,CUST00000053,BR0034,WALLET,ACTIVE,12/4/2022,NPR,1/1/2026
ACC0000004189,CUST00001969,BR0038,SAVINGS,ACTIVE,2/23/2025,NPR,1/1/2026
ACC0000004190,CUST00004306,BR0004,SALARY,ACTIVE,12/8/2023,NPR,1/1/2026
ACC0000004191,CUST00001148,BR0025,WALLET,ACTIVE,12/27/2020,NPR,1/1/2026
ACC0000004192,CUST00001778,BR0028,SAVINGS,ACTIVE,10/26/2021,NPR,1/1/2026
ACC0000004193,CUST00004398,BR0036,CURRENT,ACTIVE,10/24/2025,NPR,1/1/2026
ACC0000004194,CUST00002724,BR0014,WALLET,ACTIVE,1/3/2023,NPR,1/1/2026
ACC0000004195,CUST00003780,BR0024,CURRENT,ACTIVE,3/11/2021,NPR,1/1/2026
ACC0000004196,CUST00002536,BR0008,SALARY,ACTIVE,11/25/2023,NPR,1/1/2026
ACC0000004197,CUST00000646,BR0035,WALLET,ACTIVE,3/14/2020,NPR,1/1/2026
ACC0000004198,CUST00004493,BR0031,CURRENT,ACTIVE,1/23/2024,NPR,1/1/2026
ACC0000004199,CUST00004024,BR0003,SAVINGS,ACTIVE,6/22/2019,NPR,1/1/2026
ACC0000004200,CUST00004064,BR0035,WALLET,ACTIVE,2/4/2020,NPR,1/1/2026
ACC0000004201,CUST00004753,BR0031,SALARY,DORMANT,5/3/2020,NPR,1/1/2026
ACC0000004202,CUST00001823,BR0014,LOAN,ACTIVE,7/14/2019,NPR,1/1/2026
ACC0000004203,CUST00004039,BR0005,WALLET,CLOSED,4/13/2021,NPR,1/1/2026
ACC0000004204,CUST00003153,BR0019,SAVINGS,ACTIVE,4/12/2025,NPR,1/1/2026
ACC0000004205,CUST00004830,BR0013,LOAN,ACTIVE,7/12/2022,NPR,1/1/2026
ACC0000004206,CUST00001145,BR0026,CURRENT,ACTIVE,8/8/2021,NPR,1/1/2026
ACC0000004207,CUST00003110,BR0029,WALLET,DORMANT,5/11/2020,NPR,1/1/2026
ACC0000004208,CUST00002643,BR0012,WALLET,ACTIVE,7/31/2022,NPR,1/1/2026
ACC0000004209,CUST00000114,BR0025,SAVINGS,ACTIVE,9/12/2025,NPR,1/1/2026
ACC0000004210,CUST00000387,BR0006,SAVINGS,ACTIVE,11/3/2019,NPR,1/1/2026
ACC0000004211,CUST00000459,BR0028,SAVINGS,ACTIVE,5/5/2022,NPR,1/1/2026
ACC0000004212,CUST00004317,BR0021,SAVINGS,ACTIVE,2/20/2020,NPR,1/1/2026
ACC0000004213,CUST00004821,BR0021,SAVINGS,ACTIVE,3/15/2019,NPR,1/1/2026
ACC0000004214,CUST00004079,BR0015,LOAN,ACTIVE,3/3/2023,NPR,1/1/2026
ACC0000004215,CUST00000618,BR0002,WALLET,ACTIVE,4/26/2022,NPR,1/1/2026
ACC0000004216,CUST00000971,BR0010,WALLET,ACTIVE,10/9/2022,NPR,1/1/2026
ACC0000004217,CUST00001800,BR0008,CURRENT,ACTIVE,9/18/2019,NPR,1/1/2026
ACC0000004218,CUST00003813,BR0015,SALARY,ACTIVE,6/2/2019,NPR,1/1/2026
ACC0000004219,CUST00002564,BR0002,LOAN,BLOCKED,1/10/2020,NPR,1/1/2026
ACC0000004220,CUST00001683,BR0022,SAVINGS,DORMANT,3/17/2023,NPR,1/1/2026
ACC0000004221,CUST00000301,BR0010,SAVINGS,ACTIVE,5/10/2025,NPR,1/1/2026
ACC0000004222,CUST00002338,BR0015,LOAN,ACTIVE,1/21/2024,NPR,1/1/2026
ACC0000004223,CUST00002642,BR0026,CURRENT,ACTIVE,2/28/2022,NPR,1/1/2026
ACC0000004224,CUST00001897,BR0020,LOAN,ACTIVE,10/1/2020,NPR,1/1/2026
ACC0000004225,CUST00000380,BR0012,SALARY,ACTIVE,6/3/2022,NPR,1/1/2026
ACC0000004226,CUST00001846,BR0015,SAVINGS,ACTIVE,3/31/2023,NPR,1/1/2026
ACC0000004227,CUST00001843,BR0018,WALLET,ACTIVE,6/8/2022,NPR,1/1/2026
ACC0000004228,CUST00001062,BR0001,CURRENT,ACTIVE,3/12/2024,NPR,1/1/2026
ACC0000004229,CUST00004390,BR0019,SALARY,DORMANT,2/24/2024,NPR,1/1/2026
ACC0000004230,CUST00003130,BR0016,SAVINGS,ACTIVE,3/7/2023,NPR,1/1/2026
ACC0000004231,CUST00004098,BR0017,SAVINGS,ACTIVE,8/13/2020,NPR,1/1/2026
ACC0000004232,CUST00003832,BR0012,SAVINGS,ACTIVE,3/27/2023,NPR,1/1/2026
ACC0000004233,CUST00003005,BR0007,CURRENT,DORMANT,5/16/2021,NPR,1/1/2026
ACC0000004234,CUST00003025,BR0021,CURRENT,ACTIVE,7/20/2021,NPR,1/1/2026
ACC0000004235,CUST00000890,BR0037,CURRENT,ACTIVE,2/13/2025,NPR,1/1/2026
ACC0000004236,CUST00001881,BR0017,SALARY,ACTIVE,7/8/2022,NPR,1/1/2026
ACC0000004237,CUST00004219,BR0038,SAVINGS,ACTIVE,3/8/2023,NPR,1/1/2026
ACC0000004238,CUST00003263,BR0032,SALARY,ACTIVE,9/21/2019,NPR,1/1/2026
ACC0000004239,CUST00004079,BR0036,LOAN,ACTIVE,5/22/2025,NPR,1/1/2026
ACC0000004240,CUST00000360,BR0033,WALLET,ACTIVE,7/16/2023,NPR,1/1/2026
ACC0000004241,CUST00003223,BR0015,WALLET,ACTIVE,7/22/2024,NPR,1/1/2026
ACC0000004242,CUST00004560,BR0009,SALARY,ACTIVE,3/28/2023,NPR,1/1/2026
ACC0000004243,CUST00000268,BR0029,SAVINGS,ACTIVE,1/15/2025,NPR,1/1/2026
ACC0000004244,CUST00000376,BR0011,SALARY,ACTIVE,8/16/2025,NPR,1/1/2026
ACC0000004245,CUST00002190,BR0014,SALARY,ACTIVE,8/22/2024,NPR,1/1/2026
ACC0000004246,CUST00003469,BR0016,LOAN,ACTIVE,8/21/2023,NPR,1/1/2026
ACC0000004247,CUST00001902,BR0015,CURRENT,ACTIVE,7/25/2022,NPR,1/1/2026
ACC0000004248,CUST00000363,BR0025,SAVINGS,ACTIVE,3/30/2022,NPR,1/1/2026
ACC0000004249,CUST00003606,BR0031,LOAN,ACTIVE,6/2/2021,NPR,1/1/2026
ACC0000004250,CUST00000749,BR0010,WALLET,DORMANT,9/10/2024,NPR,1/1/2026
ACC0000004251,CUST00002967,BR0003,LOAN,ACTIVE,8/5/2019,NPR,1/1/2026
ACC0000004252,CUST00001714,BR0012,SALARY,DORMANT,7/12/2019,NPR,1/1/2026
ACC0000004253,CUST00000257,BR0026,SAVINGS,ACTIVE,7/8/2022,NPR,1/1/2026
ACC0000004254,CUST00000991,BR0034,SAVINGS,BLOCKED,6/6/2022,NPR,1/1/2026
ACC0000004255,CUST00001176,BR0006,LOAN,ACTIVE,5/4/2025,NPR,1/1/2026
ACC0000004256,CUST00004688,BR0008,WALLET,ACTIVE,6/14/2020,NPR,1/1/2026
ACC0000004257,CUST00000390,BR0006,SAVINGS,ACTIVE,5/7/2019,NPR,1/1/2026
ACC0000004258,CUST00003977,BR0040,SAVINGS,ACTIVE,10/25/2020,NPR,1/1/2026
ACC0000004259,CUST00003880,BR0038,CURRENT,ACTIVE,9/28/2022,NPR,1/1/2026
ACC0000004260,CUST00002368,BR0014,SAVINGS,ACTIVE,2/7/2023,NPR,1/1/2026
ACC0000004261,CUST00000684,BR0025,SAVINGS,DORMANT,2/20/2025,NPR,1/1/2026
ACC0000004262,CUST00003204,BR0007,LOAN,ACTIVE,2/3/2023,NPR,1/1/2026
ACC0000004263,CUST00001946,BR0020,SALARY,ACTIVE,3/31/2025,NPR,1/1/2026
ACC0000004264,CUST00000955,BR0032,CURRENT,ACTIVE,5/30/2024,NPR,1/1/2026
ACC0000004265,CUST00000098,BR0038,SALARY,DORMANT,1/30/2025,NPR,1/1/2026
ACC0000004266,CUST00004493,BR0039,WALLET,ACTIVE,10/27/2019,NPR,1/1/2026
ACC0000004267,CUST00002601,BR0026,CURRENT,ACTIVE,7/11/2023,NPR,1/1/2026
ACC0000004268,CUST00003068,BR0030,CURRENT,ACTIVE,6/10/2019,NPR,1/1/2026
ACC0000004269,CUST00004625,BR0036,SALARY,ACTIVE,3/21/2025,NPR,1/1/2026
ACC0000004270,CUST00001622,BR0020,CURRENT,ACTIVE,3/13/2024,NPR,1/1/2026
ACC0000004271,CUST00001593,BR0021,WALLET,DORMANT,1/14/2020,NPR,1/1/2026
ACC0000004272,CUST00001627,BR0014,SAVINGS,ACTIVE,2/15/2021,NPR,1/1/2026
ACC0000004273,CUST00003997,BR0024,CURRENT,ACTIVE,10/29/2025,NPR,1/1/2026
ACC0000004274,CUST00002387,BR0038,WALLET,ACTIVE,1/14/2020,NPR,1/1/2026
ACC0000004275,CUST00004070,BR0034,CURRENT,ACTIVE,1/8/2022,NPR,1/1/2026
ACC0000004276,CUST00004338,BR0011,SALARY,ACTIVE,11/4/2020,NPR,1/1/2026
ACC0000004277,CUST00002205,BR0013,WALLET,ACTIVE,3/1/2025,NPR,1/1/2026
ACC0000004278,CUST00001360,BR0020,LOAN,ACTIVE,3/1/2023,NPR,1/1/2026
ACC0000004279,CUST00000575,BR0009,SALARY,ACTIVE,10/20/2021,NPR,1/1/2026
ACC0000004280,CUST00001264,BR0014,CURRENT,ACTIVE,4/7/2021,NPR,1/1/2026
ACC0000004281,CUST00001617,BR0025,CURRENT,ACTIVE,12/23/2019,NPR,1/1/2026
ACC0000004282,CUST00003422,BR0034,WALLET,ACTIVE,12/2/2024,NPR,1/1/2026
ACC0000004283,CUST00000959,BR0022,SAVINGS,ACTIVE,2/16/2021,NPR,1/1/2026
ACC0000004284,CUST00001251,BR0002,SAVINGS,ACTIVE,4/3/2021,NPR,1/1/2026
ACC0000004285,CUST00002537,BR0010,WALLET,ACTIVE,12/23/2021,NPR,1/1/2026
ACC0000004286,CUST00000876,BR0032,SAVINGS,ACTIVE,6/20/2019,NPR,1/1/2026
ACC0000004287,CUST00001362,BR0025,SAVINGS,ACTIVE,10/26/2023,NPR,1/1/2026
ACC0000004288,CUST00000128,BR0035,SALARY,ACTIVE,9/26/2024,NPR,1/1/2026
ACC0000004289,CUST00003764,BR0024,SAVINGS,ACTIVE,12/21/2022,NPR,1/1/2026
ACC0000004290,CUST00000590,BR0019,CURRENT,ACTIVE,3/1/2022,NPR,1/1/2026
ACC0000004291,CUST00004370,BR0019,LOAN,ACTIVE,3/6/2019,NPR,1/1/2026
ACC0000004292,CUST00001759,BR0024,CURRENT,ACTIVE,3/14/2023,NPR,1/1/2026
ACC0000004293,CUST00000986,BR0019,CURRENT,ACTIVE,9/27/2021,NPR,1/1/2026
ACC0000004294,CUST00000382,BR0003,SALARY,ACTIVE,2/5/2020,NPR,1/1/2026
ACC0000004295,CUST00000386,BR0027,CURRENT,ACTIVE,11/11/2024,NPR,1/1/2026
ACC0000004296,CUST00002283,BR0004,WALLET,ACTIVE,5/8/2019,NPR,1/1/2026
ACC0000004297,CUST00000009,BR0010,WALLET,ACTIVE,10/29/2022,NPR,1/1/2026
ACC0000004298,CUST00001813,BR0038,LOAN,ACTIVE,9/16/2019,NPR,1/1/2026
ACC0000004299,CUST00004314,BR0019,SAVINGS,ACTIVE,10/9/2022,NPR,1/1/2026
ACC0000004300,CUST00001480,BR0028,CURRENT,ACTIVE,4/21/2022,NPR,1/1/2026
ACC0000004301,CUST00004655,BR0004,SALARY,ACTIVE,6/20/2025,NPR,1/1/2026
ACC0000004302,CUST00003957,BR0034,CURRENT,ACTIVE,7/9/2022,NPR,1/1/2026
ACC0000004303,CUST00004692,BR0007,CURRENT,ACTIVE,10/24/2023,NPR,1/1/2026
ACC0000004304,CUST00000040,BR0037,SAVINGS,ACTIVE,6/22/2025,NPR,1/1/2026
ACC0000004305,CUST00004227,BR0005,LOAN,ACTIVE,11/9/2021,NPR,1/1/2026
ACC0000004306,CUST00001880,BR0021,WALLET,ACTIVE,8/2/2023,NPR,1/1/2026
ACC0000004307,CUST00003756,BR0004,SALARY,ACTIVE,12/19/2021,NPR,1/1/2026
ACC0000004308,CUST00000242,BR0022,SAVINGS,ACTIVE,9/15/2024,NPR,1/1/2026
ACC0000004309,CUST00000837,BR0015,CURRENT,ACTIVE,5/19/2019,NPR,1/1/2026
ACC0000004310,CUST00003114,BR0011,LOAN,ACTIVE,8/22/2020,NPR,1/1/2026
ACC0000004311,CUST00004385,BR0011,SALARY,ACTIVE,1/23/2020,NPR,1/1/2026
ACC0000004312,CUST00002497,BR0022,CURRENT,ACTIVE,8/12/2024,NPR,1/1/2026
ACC0000004313,CUST00002486,BR0003,SALARY,ACTIVE,12/29/2019,NPR,1/1/2026
ACC0000004314,CUST00004551,BR0015,LOAN,ACTIVE,12/15/2021,NPR,1/1/2026
ACC0000004315,CUST00004089,BR0009,WALLET,ACTIVE,1/4/2025,NPR,1/1/2026
ACC0000004316,CUST00003218,BR0028,SALARY,BLOCKED,11/11/2019,NPR,1/1/2026
ACC0000004317,CUST00004890,BR0036,SAVINGS,ACTIVE,8/6/2022,NPR,1/1/2026
ACC0000004318,CUST00003987,BR0036,CURRENT,ACTIVE,9/30/2022,NPR,1/1/2026
ACC0000004319,CUST00000435,BR0025,SALARY,ACTIVE,4/29/2022,NPR,1/1/2026
ACC0000004320,CUST00003713,BR0003,SAVINGS,DORMANT,12/1/2020,NPR,1/1/2026
ACC0000004321,CUST00003954,BR0031,SALARY,ACTIVE,11/25/2025,NPR,1/1/2026
ACC0000004322,CUST00002703,BR0016,SAVINGS,ACTIVE,2/1/2022,NPR,1/1/2026
ACC0000004323,CUST00004017,BR0027,SAVINGS,ACTIVE,5/13/2020,NPR,1/1/2026
ACC0000004324,CUST00001496,BR0021,SALARY,ACTIVE,11/5/2025,NPR,1/1/2026
ACC0000004325,CUST00004424,BR0019,CURRENT,ACTIVE,11/17/2023,NPR,1/1/2026
ACC0000004326,CUST00002865,BR0014,WALLET,ACTIVE,12/6/2021,NPR,1/1/2026
ACC0000004327,CUST00002740,BR0031,SAVINGS,ACTIVE,6/22/2019,NPR,1/1/2026
ACC0000004328,CUST00004092,BR0022,SAVINGS,ACTIVE,7/27/2019,NPR,1/1/2026
ACC0000004329,CUST00003208,BR0006,SALARY,ACTIVE,5/26/2021,NPR,1/1/2026
ACC0000004330,CUST00000480,BR0035,SALARY,ACTIVE,6/16/2020,NPR,1/1/2026
ACC0000004331,CUST00002228,BR0022,CURRENT,ACTIVE,6/29/2023,NPR,1/1/2026
ACC0000004332,CUST00004893,BR0010,LOAN,ACTIVE,12/27/2024,NPR,1/1/2026
ACC0000004333,CUST00001982,BR0007,CURRENT,ACTIVE,12/15/2021,NPR,1/1/2026
ACC0000004334,CUST00004158,BR0016,LOAN,ACTIVE,4/16/2020,NPR,1/1/2026
ACC0000004335,CUST00001895,BR0033,CURRENT,ACTIVE,7/26/2023,NPR,1/1/2026
ACC0000004336,CUST00004308,BR0020,WALLET,ACTIVE,10/1/2019,NPR,1/1/2026
ACC0000004337,CUST00001669,BR0017,CURRENT,ACTIVE,6/5/2020,NPR,1/1/2026
ACC0000004338,CUST00001388,BR0013,SAVINGS,ACTIVE,1/26/2020,NPR,1/1/2026
ACC0000004339,CUST00000554,BR0033,WALLET,ACTIVE,3/18/2023,NPR,1/1/2026
ACC0000004340,CUST00004409,BR0039,SAVINGS,ACTIVE,10/29/2024,NPR,1/1/2026
ACC0000004341,CUST00001988,BR0030,SALARY,ACTIVE,2/26/2024,NPR,1/1/2026
ACC0000004342,CUST00004221,BR0005,CURRENT,ACTIVE,3/19/2022,NPR,1/1/2026
ACC0000004343,CUST00000255,BR0020,SALARY,ACTIVE,4/5/2023,NPR,1/1/2026
ACC0000004344,CUST00001365,BR0003,SALARY,ACTIVE,9/4/2020,NPR,1/1/2026
ACC0000004345,CUST00004890,BR0034,SALARY,ACTIVE,3/21/2024,NPR,1/1/2026
ACC0000004346,CUST00003845,BR0039,SALARY,ACTIVE,4/12/2022,NPR,1/1/2026
ACC0000004347,CUST00000521,BR0030,SAVINGS,ACTIVE,6/4/2020,NPR,1/1/2026
ACC0000004348,CUST00001601,BR0039,WALLET,ACTIVE,7/30/2020,NPR,1/1/2026
ACC0000004349,CUST00000606,BR0017,WALLET,ACTIVE,9/17/2020,NPR,1/1/2026
ACC0000004350,CUST00003816,BR0026,SALARY,ACTIVE,7/9/2021,NPR,1/1/2026
ACC0000004351,CUST00004751,BR0020,SAVINGS,ACTIVE,8/28/2024,NPR,1/1/2026
ACC0000004352,CUST00000651,BR0038,WALLET,ACTIVE,2/25/2020,NPR,1/1/2026
ACC0000004353,CUST00004243,BR0018,SALARY,ACTIVE,1/1/2025,NPR,1/1/2026
ACC0000004354,CUST00000366,BR0021,LOAN,ACTIVE,3/7/2021,NPR,1/1/2026
ACC0000004355,CUST00000355,BR0018,SALARY,ACTIVE,6/25/2023,NPR,1/1/2026
ACC0000004356,CUST00000747,BR0037,CURRENT,ACTIVE,8/7/2023,NPR,1/1/2026
ACC0000004357,CUST00003071,BR0037,WALLET,ACTIVE,11/21/2024,NPR,1/1/2026
ACC0000004358,CUST00002609,BR0038,CURRENT,ACTIVE,8/10/2021,NPR,1/1/2026
ACC0000004359,CUST00003098,BR0031,LOAN,ACTIVE,11/27/2021,NPR,1/1/2026
ACC0000004360,CUST00000200,BR0021,SALARY,ACTIVE,8/26/2019,NPR,1/1/2026
ACC0000004361,CUST00003929,BR0017,SALARY,DORMANT,2/28/2019,NPR,1/1/2026
ACC0000004362,CUST00002069,BR0003,LOAN,ACTIVE,5/26/2019,NPR,1/1/2026
ACC0000004363,CUST00000195,BR0004,LOAN,ACTIVE,3/3/2019,NPR,1/1/2026
ACC0000004364,CUST00001728,BR0016,LOAN,ACTIVE,10/3/2024,NPR,1/1/2026
ACC0000004365,CUST00000326,BR0034,WALLET,DORMANT,12/6/2025,NPR,1/1/2026
ACC0000004366,CUST00003955,BR0015,CURRENT,ACTIVE,3/29/2022,NPR,1/1/2026
ACC0000004367,CUST00001040,BR0021,SALARY,ACTIVE,5/14/2020,NPR,1/1/2026
ACC0000004368,CUST00001612,BR0017,SALARY,ACTIVE,4/20/2020,NPR,1/1/2026
ACC0000004369,CUST00002533,BR0026,LOAN,ACTIVE,10/19/2023,NPR,1/1/2026
ACC0000004370,CUST00002463,BR0032,SALARY,ACTIVE,5/3/2024,NPR,1/1/2026
ACC0000004371,CUST00004654,BR0009,WALLET,ACTIVE,6/24/2022,NPR,1/1/2026
ACC0000004372,CUST00001825,BR0004,SALARY,ACTIVE,8/31/2022,NPR,1/1/2026
ACC0000004373,CUST00001991,BR0036,SALARY,ACTIVE,3/2/2023,NPR,1/1/2026
ACC0000004374,CUST00003732,BR0015,WALLET,ACTIVE,2/9/2023,NPR,1/1/2026
ACC0000004375,CUST00004512,BR0037,SALARY,ACTIVE,8/13/2024,NPR,1/1/2026
ACC0000004376,CUST00003305,BR0018,SAVINGS,ACTIVE,8/30/2020,NPR,1/1/2026
ACC0000004377,CUST00000233,BR0011,WALLET,ACTIVE,4/8/2025,NPR,1/1/2026
ACC0000004378,CUST00004588,BR0036,CURRENT,ACTIVE,7/30/2024,NPR,1/1/2026
ACC0000004379,CUST00002050,BR0028,SALARY,ACTIVE,1/21/2023,NPR,1/1/2026
ACC0000004380,CUST00000548,BR0017,WALLET,ACTIVE,10/28/2022,NPR,1/1/2026
ACC0000004381,CUST00003488,BR0037,SALARY,ACTIVE,12/2/2021,NPR,1/1/2026
ACC0000004382,CUST00000431,BR0030,SAVINGS,ACTIVE,11/15/2019,NPR,1/1/2026
ACC0000004383,CUST00004898,BR0014,LOAN,ACTIVE,11/27/2021,NPR,1/1/2026
ACC0000004384,CUST00004940,BR0009,WALLET,ACTIVE,3/19/2023,NPR,1/1/2026
ACC0000004385,CUST00002628,BR0013,LOAN,ACTIVE,1/12/2025,NPR,1/1/2026
ACC0000004386,CUST00001287,BR0040,WALLET,ACTIVE,4/24/2021,NPR,1/1/2026
ACC0000004387,CUST00000313,BR0023,WALLET,ACTIVE,8/20/2025,NPR,1/1/2026
ACC0000004388,CUST00001956,BR0040,SAVINGS,ACTIVE,3/25/2022,NPR,1/1/2026
ACC0000004389,CUST00000549,BR0030,CURRENT,ACTIVE,11/8/2022,NPR,1/1/2026
ACC0000004390,CUST00003080,BR0026,LOAN,ACTIVE,7/26/2024,NPR,1/1/2026
ACC0000004391,CUST00002307,BR0017,SAVINGS,ACTIVE,9/20/2024,NPR,1/1/2026
ACC0000004392,CUST00000127,BR0023,CURRENT,ACTIVE,10/24/2022,NPR,1/1/2026
ACC0000004393,CUST00003683,BR0019,LOAN,ACTIVE,7/21/2021,NPR,1/1/2026
ACC0000004394,CUST00003953,BR0011,WALLET,ACTIVE,12/31/2022,NPR,1/1/2026
ACC0000004395,CUST00000805,BR0028,SAVINGS,ACTIVE,9/1/2020,NPR,1/1/2026
ACC0000004396,CUST00003257,BR0001,CURRENT,ACTIVE,8/12/2019,NPR,1/1/2026
ACC0000004397,CUST00003445,BR0030,CURRENT,ACTIVE,8/13/2024,NPR,1/1/2026
ACC0000004398,CUST00001158,BR0040,LOAN,ACTIVE,6/6/2024,NPR,1/1/2026
ACC0000004399,CUST00000749,BR0004,LOAN,ACTIVE,8/4/2022,NPR,1/1/2026
ACC0000004400,CUST00002779,BR0005,SAVINGS,BLOCKED,3/7/2023,NPR,1/1/2026
ACC0000004401,CUST00002205,BR0040,WALLET,ACTIVE,10/7/2021,NPR,1/1/2026
ACC0000004402,CUST00000842,BR0012,WALLET,ACTIVE,7/25/2019,NPR,1/1/2026
ACC0000004403,CUST00000858,BR0009,SAVINGS,ACTIVE,5/9/2019,NPR,1/1/2026
ACC0000004404,CUST00001761,BR0017,CURRENT,ACTIVE,10/29/2023,NPR,1/1/2026
ACC0000004405,CUST00003653,BR0003,SAVINGS,ACTIVE,11/24/2019,NPR,1/1/2026
ACC0000004406,CUST00001382,BR0004,LOAN,ACTIVE,11/19/2020,NPR,1/1/2026
ACC0000004407,CUST00002053,BR0004,WALLET,DORMANT,12/14/2021,NPR,1/1/2026
ACC0000004408,CUST00003375,BR0016,CURRENT,ACTIVE,12/15/2021,NPR,1/1/2026
ACC0000004409,CUST00004934,BR0037,SAVINGS,ACTIVE,7/22/2021,NPR,1/1/2026
ACC0000004410,CUST00000869,BR0034,LOAN,ACTIVE,12/23/2023,NPR,1/1/2026
ACC0000004411,CUST00002544,BR0037,WALLET,ACTIVE,12/1/2025,NPR,1/1/2026
ACC0000004412,CUST00004403,BR0008,LOAN,ACTIVE,6/26/2022,NPR,1/1/2026
ACC0000004413,CUST00000946,BR0012,SALARY,ACTIVE,12/29/2019,NPR,1/1/2026
ACC0000004414,CUST00004424,BR0031,LOAN,ACTIVE,8/20/2024,NPR,1/1/2026
ACC0000004415,CUST00002379,BR0039,WALLET,ACTIVE,9/2/2023,NPR,1/1/2026
ACC0000004416,CUST00004343,BR0009,LOAN,CLOSED,10/14/2024,NPR,1/1/2026
ACC0000004417,CUST00002065,BR0008,CURRENT,ACTIVE,10/22/2024,NPR,1/1/2026
ACC0000004418,CUST00001614,BR0019,SALARY,DORMANT,7/7/2021,NPR,1/1/2026
ACC0000004419,CUST00002251,BR0007,CURRENT,ACTIVE,10/9/2019,NPR,1/1/2026
ACC0000004420,CUST00004032,BR0014,LOAN,ACTIVE,4/22/2024,NPR,1/1/2026
ACC0000004421,CUST00000371,BR0021,CURRENT,ACTIVE,7/31/2024,NPR,1/1/2026
ACC0000004422,CUST00003500,BR0001,CURRENT,ACTIVE,3/30/2024,NPR,1/1/2026
ACC0000004423,CUST00000867,BR0032,CURRENT,DORMANT,4/29/2025,NPR,1/1/2026
ACC0000004424,CUST00001451,BR0035,SAVINGS,ACTIVE,11/3/2019,NPR,1/1/2026
ACC0000004425,CUST00002140,BR0004,CURRENT,ACTIVE,12/19/2024,NPR,1/1/2026
ACC0000004426,CUST00001433,BR0035,SAVINGS,ACTIVE,2/14/2025,NPR,1/1/2026
ACC0000004427,CUST00002044,BR0019,WALLET,ACTIVE,5/10/2023,NPR,1/1/2026
ACC0000004428,CUST00001535,BR0022,LOAN,ACTIVE,8/23/2020,NPR,1/1/2026
ACC0000004429,CUST00001845,BR0002,SALARY,ACTIVE,4/9/2025,NPR,1/1/2026
ACC0000004430,CUST00004166,BR0021,LOAN,ACTIVE,7/28/2022,NPR,1/1/2026
ACC0000004431,CUST00002226,BR0039,SAVINGS,ACTIVE,9/22/2021,NPR,1/1/2026
ACC0000004432,CUST00000466,BR0013,SALARY,ACTIVE,10/15/2023,NPR,1/1/2026
ACC0000004433,CUST00000879,BR0008,WALLET,ACTIVE,11/27/2023,NPR,1/1/2026
ACC0000004434,CUST00004855,BR0020,WALLET,ACTIVE,10/11/2021,NPR,1/1/2026
ACC0000004435,CUST00001895,BR0019,SAVINGS,DORMANT,8/24/2023,NPR,1/1/2026
ACC0000004436,CUST00002752,BR0015,LOAN,ACTIVE,8/12/2019,NPR,1/1/2026
ACC0000004437,CUST00004764,BR0019,WALLET,ACTIVE,7/27/2023,NPR,1/1/2026
ACC0000004438,CUST00002736,BR0007,WALLET,ACTIVE,8/19/2025,NPR,1/1/2026
ACC0000004439,CUST00000750,BR0006,SALARY,DORMANT,7/1/2021,NPR,1/1/2026
ACC0000004440,CUST00001589,BR0017,LOAN,ACTIVE,5/31/2024,NPR,1/1/2026
ACC0000004441,CUST00001149,BR0012,SAVINGS,ACTIVE,10/17/2020,NPR,1/1/2026
ACC0000004442,CUST00001309,BR0033,CURRENT,ACTIVE,6/6/2021,NPR,1/1/2026
ACC0000004443,CUST00001305,BR0031,SALARY,ACTIVE,10/15/2024,NPR,1/1/2026
ACC0000004444,CUST00002780,BR0004,SAVINGS,BLOCKED,8/21/2025,NPR,1/1/2026
ACC0000004445,CUST00002367,BR0021,LOAN,ACTIVE,11/24/2023,NPR,1/1/2026
ACC0000004446,CUST00001394,BR0020,SAVINGS,ACTIVE,2/18/2021,NPR,1/1/2026
ACC0000004447,CUST00003157,BR0009,LOAN,ACTIVE,9/1/2023,NPR,1/1/2026
ACC0000004448,CUST00003674,BR0029,CURRENT,ACTIVE,11/22/2025,NPR,1/1/2026
ACC0000004449,CUST00003990,BR0002,CURRENT,ACTIVE,3/24/2023,NPR,1/1/2026
ACC0000004450,CUST00003217,BR0036,CURRENT,ACTIVE,3/28/2023,NPR,1/1/2026
ACC0000004451,CUST00002449,BR0015,CURRENT,ACTIVE,9/21/2019,NPR,1/1/2026
ACC0000004452,CUST00003616,BR0040,SAVINGS,ACTIVE,11/22/2022,NPR,1/1/2026
ACC0000004453,CUST00003716,BR0017,WALLET,ACTIVE,8/31/2024,NPR,1/1/2026
ACC0000004454,CUST00004788,BR0008,SAVINGS,ACTIVE,6/4/2025,NPR,1/1/2026
ACC0000004455,CUST00004064,BR0012,SAVINGS,ACTIVE,5/14/2021,NPR,1/1/2026
ACC0000004456,CUST00000418,BR0036,SALARY,ACTIVE,3/12/2022,NPR,1/1/2026
ACC0000004457,CUST00000433,BR0026,SAVINGS,ACTIVE,12/16/2021,NPR,1/1/2026
ACC0000004458,CUST00002529,BR0010,WALLET,ACTIVE,1/5/2024,NPR,1/1/2026
ACC0000004459,CUST00004503,BR0040,CURRENT,ACTIVE,9/16/2024,NPR,1/1/2026
ACC0000004460,CUST00000412,BR0014,SAVINGS,ACTIVE,8/30/2023,NPR,1/1/2026
ACC0000004461,CUST00004225,BR0024,CURRENT,ACTIVE,12/19/2025,NPR,1/1/2026
ACC0000004462,CUST00002882,BR0010,LOAN,ACTIVE,7/15/2023,NPR,1/1/2026
ACC0000004463,CUST00003027,BR0014,LOAN,ACTIVE,4/29/2025,NPR,1/1/2026
ACC0000004464,CUST00003705,BR0013,SALARY,ACTIVE,6/6/2023,NPR,1/1/2026
ACC0000004465,CUST00004796,BR0034,WALLET,ACTIVE,4/25/2020,NPR,1/1/2026
ACC0000004466,CUST00003035,BR0001,SALARY,BLOCKED,4/30/2023,NPR,1/1/2026
ACC0000004467,CUST00004025,BR0019,WALLET,ACTIVE,6/28/2025,NPR,1/1/2026
ACC0000004468,CUST00000429,BR0008,LOAN,ACTIVE,9/12/2021,NPR,1/1/2026
ACC0000004469,CUST00004744,BR0013,WALLET,ACTIVE,7/19/2024,NPR,1/1/2026
ACC0000004470,CUST00004016,BR0020,SALARY,ACTIVE,5/31/2022,NPR,1/1/2026
ACC0000004471,CUST00003187,BR0026,LOAN,ACTIVE,4/7/2019,NPR,1/1/2026
ACC0000004472,CUST00003394,BR0009,CURRENT,ACTIVE,10/22/2025,NPR,1/1/2026
ACC0000004473,CUST00002925,BR0023,CURRENT,ACTIVE,4/29/2022,NPR,1/1/2026
ACC0000004474,CUST00001220,BR0033,SAVINGS,DORMANT,12/20/2025,NPR,1/1/2026
ACC0000004475,CUST00003546,BR0025,CURRENT,ACTIVE,6/26/2021,NPR,1/1/2026
ACC0000004476,CUST00002694,BR0040,SAVINGS,ACTIVE,3/30/2024,NPR,1/1/2026
ACC0000004477,CUST00000347,BR0020,LOAN,ACTIVE,3/29/2024,NPR,1/1/2026
ACC0000004478,CUST00003229,BR0026,WALLET,ACTIVE,1/5/2023,NPR,1/1/2026
ACC0000004479,CUST00003240,BR0013,SAVINGS,ACTIVE,7/26/2021,NPR,1/1/2026
ACC0000004480,CUST00001248,BR0005,CURRENT,ACTIVE,3/3/2019,NPR,1/1/2026
ACC0000004481,CUST00004398,BR0024,SALARY,ACTIVE,10/6/2023,NPR,1/1/2026
ACC0000004482,CUST00002446,BR0039,LOAN,ACTIVE,4/3/2021,NPR,1/1/2026
ACC0000004483,CUST00000859,BR0003,SAVINGS,ACTIVE,1/22/2023,NPR,1/1/2026
ACC0000004484,CUST00003692,BR0009,LOAN,ACTIVE,5/10/2025,NPR,1/1/2026
ACC0000004485,CUST00000188,BR0038,SALARY,ACTIVE,11/1/2021,NPR,1/1/2026
ACC0000004486,CUST00000422,BR0020,CURRENT,ACTIVE,12/16/2022,NPR,1/1/2026
ACC0000004487,CUST00004612,BR0010,CURRENT,ACTIVE,4/7/2023,NPR,1/1/2026
ACC0000004488,CUST00002137,BR0024,CURRENT,DORMANT,4/17/2021,NPR,1/1/2026
ACC0000004489,CUST00000654,BR0028,SALARY,ACTIVE,6/20/2024,NPR,1/1/2026
ACC0000004490,CUST00003721,BR0023,WALLET,ACTIVE,6/11/2024,NPR,1/1/2026
ACC0000004491,CUST00002263,BR0016,CURRENT,ACTIVE,6/20/2019,NPR,1/1/2026
ACC0000004492,CUST00002775,BR0027,WALLET,ACTIVE,4/15/2025,NPR,1/1/2026
ACC0000004493,CUST00002057,BR0024,CURRENT,ACTIVE,3/2/2025,NPR,1/1/2026
ACC0000004494,CUST00004393,BR0040,SALARY,ACTIVE,5/9/2022,NPR,1/1/2026
ACC0000004495,CUST00004961,BR0016,SALARY,ACTIVE,7/16/2025,NPR,1/1/2026
ACC0000004496,CUST00000674,BR0019,CURRENT,ACTIVE,8/18/2025,NPR,1/1/2026
ACC0000004497,CUST00003075,BR0020,SAVINGS,ACTIVE,4/12/2023,NPR,1/1/2026
ACC0000004498,CUST00004712,BR0026,SAVINGS,ACTIVE,7/26/2025,NPR,1/1/2026
ACC0000004499,CUST00000134,BR0037,SAVINGS,ACTIVE,3/14/2022,NPR,1/1/2026
ACC0000004500,CUST00003767,BR0035,SAVINGS,ACTIVE,10/18/2023,NPR,1/1/2026
ACC0000004501,CUST00004112,BR0040,SAVINGS,ACTIVE,4/17/2019,NPR,1/1/2026
ACC0000004502,CUST00000078,BR0013,WALLET,ACTIVE,4/19/2019,NPR,1/1/2026
ACC0000004503,CUST00003718,BR0030,SAVINGS,ACTIVE,5/10/2021,NPR,1/1/2026
ACC0000004504,CUST00001564,BR0037,SAVINGS,ACTIVE,11/28/2025,NPR,1/1/2026
ACC0000004505,CUST00002297,BR0009,LOAN,DORMANT,2/26/2025,NPR,1/1/2026
ACC0000004506,CUST00002765,BR0010,CURRENT,ACTIVE,11/20/2023,NPR,1/1/2026
ACC0000004507,CUST00002535,BR0006,LOAN,ACTIVE,5/26/2023,NPR,1/1/2026
ACC0000004508,CUST00003615,BR0026,SALARY,ACTIVE,12/20/2024,NPR,1/1/2026
ACC0000004509,CUST00004190,BR0013,WALLET,ACTIVE,8/18/2020,NPR,1/1/2026
ACC0000004510,CUST00004457,BR0037,CURRENT,ACTIVE,11/2/2025,NPR,1/1/2026
ACC0000004511,CUST00000032,BR0016,SALARY,ACTIVE,11/27/2021,NPR,1/1/2026
ACC0000004512,CUST00001777,BR0033,LOAN,ACTIVE,10/11/2025,NPR,1/1/2026
ACC0000004513,CUST00003578,BR0015,SAVINGS,ACTIVE,3/19/2025,NPR,1/1/2026
ACC0000004514,CUST00001682,BR0034,CURRENT,ACTIVE,6/28/2020,NPR,1/1/2026
ACC0000004515,CUST00001051,BR0039,SALARY,ACTIVE,4/4/2024,NPR,1/1/2026
ACC0000004516,CUST00000251,BR0037,CURRENT,ACTIVE,1/3/2025,NPR,1/1/2026
ACC0000004517,CUST00000973,BR0034,SAVINGS,ACTIVE,1/18/2023,NPR,1/1/2026
ACC0000004518,CUST00003512,BR0022,SAVINGS,ACTIVE,2/27/2023,NPR,1/1/2026
ACC0000004519,CUST00004962,BR0013,WALLET,ACTIVE,3/30/2020,NPR,1/1/2026
ACC0000004520,CUST00004021,BR0011,SAVINGS,ACTIVE,12/26/2025,NPR,1/1/2026
ACC0000004521,CUST00002418,BR0023,WALLET,ACTIVE,3/7/2020,NPR,1/1/2026
ACC0000004522,CUST00000920,BR0020,CURRENT,ACTIVE,1/19/2023,NPR,1/1/2026
ACC0000004523,CUST00004384,BR0030,CURRENT,ACTIVE,7/30/2022,NPR,1/1/2026
ACC0000004524,CUST00003439,BR0015,WALLET,ACTIVE,4/22/2023,NPR,1/1/2026
ACC0000004525,CUST00002772,BR0019,LOAN,ACTIVE,1/29/2022,NPR,1/1/2026
ACC0000004526,CUST00000098,BR0023,SAVINGS,ACTIVE,9/19/2019,NPR,1/1/2026
ACC0000004527,CUST00002812,BR0015,LOAN,ACTIVE,10/29/2020,NPR,1/1/2026
ACC0000004528,CUST00002144,BR0006,SALARY,ACTIVE,9/4/2019,NPR,1/1/2026
ACC0000004529,CUST00002184,BR0037,CURRENT,ACTIVE,8/18/2024,NPR,1/1/2026
ACC0000004530,CUST00003718,BR0013,SALARY,DORMANT,3/12/2025,NPR,1/1/2026
ACC0000004531,CUST00004277,BR0037,SALARY,ACTIVE,8/4/2025,NPR,1/1/2026
ACC0000004532,CUST00003891,BR0024,SAVINGS,DORMANT,6/4/2020,NPR,1/1/2026
ACC0000004533,CUST00001618,BR0040,LOAN,ACTIVE,6/20/2020,NPR,1/1/2026
ACC0000004534,CUST00003404,BR0023,SAVINGS,ACTIVE,12/5/2024,NPR,1/1/2026
ACC0000004535,CUST00000155,BR0039,SAVINGS,ACTIVE,6/3/2021,NPR,1/1/2026
ACC0000004536,CUST00003245,BR0037,WALLET,ACTIVE,8/18/2022,NPR,1/1/2026
ACC0000004537,CUST00004315,BR0008,SALARY,ACTIVE,1/10/2021,NPR,1/1/2026
ACC0000004538,CUST00001362,BR0027,SALARY,ACTIVE,5/5/2019,NPR,1/1/2026
ACC0000004539,CUST00002352,BR0026,CURRENT,ACTIVE,9/18/2021,NPR,1/1/2026
ACC0000004540,CUST00002235,BR0019,SAVINGS,ACTIVE,5/13/2024,NPR,1/1/2026
ACC0000004541,CUST00003801,BR0032,CURRENT,DORMANT,4/19/2021,NPR,1/1/2026
ACC0000004542,CUST00000414,BR0018,LOAN,ACTIVE,2/16/2023,NPR,1/1/2026
ACC0000004543,CUST00000380,BR0010,SAVINGS,ACTIVE,2/21/2021,NPR,1/1/2026
ACC0000004544,CUST00000478,BR0006,LOAN,ACTIVE,5/10/2023,NPR,1/1/2026
ACC0000004545,CUST00000020,BR0017,SAVINGS,DORMANT,1/11/2022,NPR,1/1/2026
ACC0000004546,CUST00003549,BR0039,LOAN,ACTIVE,10/16/2020,NPR,1/1/2026
ACC0000004547,CUST00002453,BR0009,WALLET,ACTIVE,9/20/2021,NPR,1/1/2026
ACC0000004548,CUST00004124,BR0023,SAVINGS,ACTIVE,10/26/2023,NPR,1/1/2026
ACC0000004549,CUST00001462,BR0009,SAVINGS,ACTIVE,1/6/2025,NPR,1/1/2026
ACC0000004550,CUST00003217,BR0039,LOAN,DORMANT,6/3/2019,NPR,1/1/2026
ACC0000004551,CUST00004734,BR0009,SAVINGS,ACTIVE,5/29/2020,NPR,1/1/2026
ACC0000004552,CUST00001567,BR0020,SALARY,ACTIVE,12/12/2023,NPR,1/1/2026
ACC0000004553,CUST00003684,BR0009,SAVINGS,ACTIVE,12/13/2020,NPR,1/1/2026
ACC0000004554,CUST00001715,BR0033,LOAN,ACTIVE,10/21/2019,NPR,1/1/2026
ACC0000004555,CUST00000245,BR0036,WALLET,ACTIVE,8/12/2020,NPR,1/1/2026
ACC0000004556,CUST00001883,BR0015,SAVINGS,ACTIVE,12/23/2024,NPR,1/1/2026
ACC0000004557,CUST00004798,BR0016,WALLET,ACTIVE,10/16/2019,NPR,1/1/2026
ACC0000004558,CUST00003530,BR0035,SAVINGS,ACTIVE,9/25/2022,NPR,1/1/2026
ACC0000004559,CUST00003708,BR0009,WALLET,ACTIVE,11/5/2025,NPR,1/1/2026
ACC0000004560,CUST00001180,BR0020,WALLET,ACTIVE,5/18/2021,NPR,1/1/2026
ACC0000004561,CUST00001414,BR0034,SALARY,ACTIVE,3/28/2019,NPR,1/1/2026
ACC0000004562,CUST00000886,BR0012,SAVINGS,ACTIVE,6/25/2023,NPR,1/1/2026
ACC0000004563,CUST00003946,BR0002,SAVINGS,ACTIVE,8/24/2023,NPR,1/1/2026
ACC0000004564,CUST00002140,BR0001,WALLET,ACTIVE,8/7/2020,NPR,1/1/2026
ACC0000004565,CUST00002410,BR0006,CURRENT,ACTIVE,9/27/2019,NPR,1/1/2026
ACC0000004566,CUST00004410,BR0030,CURRENT,ACTIVE,9/16/2019,NPR,1/1/2026
ACC0000004567,CUST00001718,BR0025,CURRENT,ACTIVE,11/14/2025,NPR,1/1/2026
ACC0000004568,CUST00000701,BR0002,CURRENT,ACTIVE,4/16/2021,NPR,1/1/2026
ACC0000004569,CUST00003315,BR0027,LOAN,ACTIVE,4/29/2023,NPR,1/1/2026
ACC0000004570,CUST00001018,BR0022,CURRENT,ACTIVE,10/4/2020,NPR,1/1/2026
ACC0000004571,CUST00000295,BR0024,WALLET,ACTIVE,1/9/2022,NPR,1/1/2026
ACC0000004572,CUST00001614,BR0003,SALARY,DORMANT,5/17/2019,NPR,1/1/2026
ACC0000004573,CUST00001958,BR0015,SALARY,ACTIVE,11/25/2019,NPR,1/1/2026
ACC0000004574,CUST00002678,BR0001,SAVINGS,ACTIVE,3/25/2020,NPR,1/1/2026
ACC0000004575,CUST00001322,BR0008,CURRENT,ACTIVE,8/1/2024,NPR,1/1/2026
ACC0000004576,CUST00002703,BR0040,SAVINGS,ACTIVE,4/11/2025,NPR,1/1/2026
ACC0000004577,CUST00003633,BR0029,SAVINGS,ACTIVE,11/13/2020,NPR,1/1/2026
ACC0000004578,CUST00001829,BR0010,SAVINGS,ACTIVE,1/28/2020,NPR,1/1/2026
ACC0000004579,CUST00002066,BR0011,SALARY,ACTIVE,5/23/2022,NPR,1/1/2026
ACC0000004580,CUST00001619,BR0023,SALARY,ACTIVE,8/19/2023,NPR,1/1/2026
ACC0000004581,CUST00004458,BR0025,SAVINGS,ACTIVE,11/20/2022,NPR,1/1/2026
ACC0000004582,CUST00002722,BR0008,SALARY,DORMANT,10/12/2022,NPR,1/1/2026
ACC0000004583,CUST00002921,BR0003,SALARY,ACTIVE,1/5/2020,NPR,1/1/2026
ACC0000004584,CUST00000906,BR0011,SALARY,ACTIVE,5/24/2022,NPR,1/1/2026
ACC0000004585,CUST00001922,BR0012,SALARY,ACTIVE,6/3/2022,NPR,1/1/2026
ACC0000004586,CUST00003185,BR0009,CURRENT,ACTIVE,8/24/2019,NPR,1/1/2026
ACC0000004587,CUST00001331,BR0014,SAVINGS,ACTIVE,10/29/2023,NPR,1/1/2026
ACC0000004588,CUST00004633,BR0036,WALLET,ACTIVE,2/28/2023,NPR,1/1/2026
ACC0000004589,CUST00003355,BR0010,SALARY,ACTIVE,3/1/2024,NPR,1/1/2026
ACC0000004590,CUST00001826,BR0030,SAVINGS,ACTIVE,5/18/2019,NPR,1/1/2026
ACC0000004591,CUST00004593,BR0002,WALLET,ACTIVE,11/24/2020,NPR,1/1/2026
ACC0000004592,CUST00000085,BR0005,SALARY,CLOSED,7/25/2024,NPR,1/1/2026
ACC0000004593,CUST00002674,BR0022,SAVINGS,ACTIVE,12/31/2021,NPR,1/1/2026
ACC0000004594,CUST00002304,BR0019,LOAN,ACTIVE,1/5/2023,NPR,1/1/2026
ACC0000004595,CUST00004768,BR0035,SAVINGS,ACTIVE,3/20/2021,NPR,1/1/2026
ACC0000004596,CUST00003689,BR0033,SALARY,ACTIVE,6/21/2020,NPR,1/1/2026
ACC0000004597,CUST00000552,BR0029,WALLET,ACTIVE,9/2/2025,NPR,1/1/2026
ACC0000004598,CUST00004811,BR0034,SALARY,ACTIVE,8/10/2022,NPR,1/1/2026
ACC0000004599,CUST00004060,BR0021,LOAN,ACTIVE,7/13/2024,NPR,1/1/2026
ACC0000004600,CUST00002673,BR0023,LOAN,ACTIVE,2/4/2020,NPR,1/1/2026
ACC0000004601,CUST00000624,BR0034,SAVINGS,ACTIVE,12/23/2023,NPR,1/1/2026
ACC0000004602,CUST00004492,BR0036,CURRENT,ACTIVE,8/28/2022,NPR,1/1/2026
ACC0000004603,CUST00002091,BR0035,WALLET,CLOSED,6/20/2025,NPR,1/1/2026
ACC0000004604,CUST00000085,BR0016,WALLET,ACTIVE,6/30/2025,NPR,1/1/2026
ACC0000004605,CUST00002868,BR0026,LOAN,ACTIVE,4/23/2020,NPR,1/1/2026
ACC0000004606,CUST00001440,BR0004,SALARY,ACTIVE,5/11/2022,NPR,1/1/2026
ACC0000004607,CUST00000257,BR0028,LOAN,DORMANT,8/3/2023,NPR,1/1/2026
ACC0000004608,CUST00004396,BR0017,SALARY,ACTIVE,7/17/2021,NPR,1/1/2026
ACC0000004609,CUST00000601,BR0026,LOAN,ACTIVE,9/7/2019,NPR,1/1/2026
ACC0000004610,CUST00004761,BR0031,CURRENT,ACTIVE,6/2/2019,NPR,1/1/2026
ACC0000004611,CUST00000475,BR0033,LOAN,ACTIVE,9/30/2020,NPR,1/1/2026
ACC0000004612,CUST00000898,BR0015,SALARY,ACTIVE,12/1/2025,NPR,1/1/2026
ACC0000004613,CUST00002131,BR0001,SAVINGS,ACTIVE,9/20/2022,NPR,1/1/2026
ACC0000004614,CUST00003545,BR0037,CURRENT,ACTIVE,9/9/2019,NPR,1/1/2026
ACC0000004615,CUST00002724,BR0015,SALARY,ACTIVE,2/17/2022,NPR,1/1/2026
ACC0000004616,CUST00001864,BR0032,SALARY,ACTIVE,10/29/2020,NPR,1/1/2026
ACC0000004617,CUST00001079,BR0012,CURRENT,ACTIVE,3/30/2024,NPR,1/1/2026
ACC0000004618,CUST00001264,BR0035,SAVINGS,ACTIVE,6/5/2020,NPR,1/1/2026
ACC0000004619,CUST00003365,BR0030,WALLET,ACTIVE,12/28/2020,NPR,1/1/2026
ACC0000004620,CUST00002986,BR0003,SALARY,ACTIVE,12/31/2023,NPR,1/1/2026
ACC0000004621,CUST00000984,BR0009,SALARY,ACTIVE,5/30/2021,NPR,1/1/2026
ACC0000004622,CUST00003007,BR0018,CURRENT,ACTIVE,7/14/2023,NPR,1/1/2026
ACC0000004623,CUST00003127,BR0013,LOAN,CLOSED,10/16/2025,NPR,1/1/2026
ACC0000004624,CUST00004403,BR0039,LOAN,ACTIVE,4/21/2019,NPR,1/1/2026
ACC0000004625,CUST00002406,BR0001,SAVINGS,ACTIVE,3/23/2019,NPR,1/1/2026
ACC0000004626,CUST00003323,BR0013,SAVINGS,ACTIVE,4/15/2022,NPR,1/1/2026
ACC0000004627,CUST00003807,BR0004,LOAN,ACTIVE,12/15/2025,NPR,1/1/2026
ACC0000004628,CUST00001975,BR0003,WALLET,ACTIVE,2/21/2021,NPR,1/1/2026
ACC0000004629,CUST00004612,BR0032,WALLET,ACTIVE,11/12/2022,NPR,1/1/2026
ACC0000004630,CUST00004027,BR0001,CURRENT,ACTIVE,10/7/2022,NPR,1/1/2026
ACC0000004631,CUST00002165,BR0009,LOAN,ACTIVE,10/10/2021,NPR,1/1/2026
ACC0000004632,CUST00004610,BR0010,LOAN,ACTIVE,12/11/2021,NPR,1/1/2026
ACC0000004633,CUST00002573,BR0036,LOAN,ACTIVE,9/25/2022,NPR,1/1/2026
ACC0000004634,CUST00003766,BR0013,LOAN,DORMANT,8/2/2022,NPR,1/1/2026
ACC0000004635,CUST00004675,BR0019,WALLET,ACTIVE,1/5/2023,NPR,1/1/2026
ACC0000004636,CUST00000592,BR0036,WALLET,ACTIVE,12/23/2025,NPR,1/1/2026
ACC0000004637,CUST00004491,BR0019,LOAN,ACTIVE,10/4/2024,NPR,1/1/2026
ACC0000004638,CUST00004975,BR0002,WALLET,ACTIVE,6/24/2025,NPR,1/1/2026
ACC0000004639,CUST00004970,BR0026,WALLET,ACTIVE,4/17/2021,NPR,1/1/2026
ACC0000004640,CUST00003522,BR0034,SAVINGS,DORMANT,10/7/2023,NPR,1/1/2026
ACC0000004641,CUST00000340,BR0017,SALARY,ACTIVE,6/26/2025,NPR,1/1/2026
ACC0000004642,CUST00004131,BR0010,SALARY,ACTIVE,3/2/2025,NPR,1/1/2026
ACC0000004643,CUST00003851,BR0017,LOAN,ACTIVE,4/30/2022,NPR,1/1/2026
ACC0000004644,CUST00004200,BR0005,LOAN,ACTIVE,8/26/2021,NPR,1/1/2026
ACC0000004645,CUST00001175,BR0013,SALARY,ACTIVE,8/1/2021,NPR,1/1/2026
ACC0000004646,CUST00002657,BR0005,CURRENT,ACTIVE,8/4/2025,NPR,1/1/2026
ACC0000004647,CUST00004618,BR0027,CURRENT,ACTIVE,12/24/2025,NPR,1/1/2026
ACC0000004648,CUST00000070,BR0030,WALLET,ACTIVE,5/24/2024,NPR,1/1/2026
ACC0000004649,CUST00002719,BR0027,SAVINGS,DORMANT,9/8/2022,NPR,1/1/2026
ACC0000004650,CUST00004523,BR0030,LOAN,ACTIVE,2/19/2021,NPR,1/1/2026
ACC0000004651,CUST00002487,BR0004,WALLET,ACTIVE,10/21/2021,NPR,1/1/2026
ACC0000004652,CUST00002802,BR0034,SALARY,ACTIVE,6/9/2021,NPR,1/1/2026
ACC0000004653,CUST00004749,BR0027,SAVINGS,ACTIVE,9/20/2020,NPR,1/1/2026
ACC0000004654,CUST00004909,BR0009,WALLET,ACTIVE,1/2/2020,NPR,1/1/2026
ACC0000004655,CUST00002984,BR0033,WALLET,ACTIVE,10/30/2019,NPR,1/1/2026
ACC0000004656,CUST00004292,BR0006,SAVINGS,ACTIVE,9/7/2020,NPR,1/1/2026
ACC0000004657,CUST00003854,BR0025,CURRENT,ACTIVE,4/5/2024,NPR,1/1/2026
ACC0000004658,CUST00004906,BR0023,LOAN,ACTIVE,12/10/2021,NPR,1/1/2026
ACC0000004659,CUST00002620,BR0014,WALLET,ACTIVE,6/3/2021,NPR,1/1/2026
ACC0000004660,CUST00001771,BR0016,SALARY,ACTIVE,1/9/2021,NPR,1/1/2026
ACC0000004661,CUST00004886,BR0040,SAVINGS,ACTIVE,10/19/2021,NPR,1/1/2026
ACC0000004662,CUST00004625,BR0030,SALARY,ACTIVE,5/8/2021,NPR,1/1/2026
ACC0000004663,CUST00002111,BR0038,SAVINGS,ACTIVE,8/14/2019,NPR,1/1/2026
ACC0000004664,CUST00000886,BR0011,SALARY,ACTIVE,1/3/2021,NPR,1/1/2026
ACC0000004665,CUST00001468,BR0009,LOAN,DORMANT,2/28/2021,NPR,1/1/2026
ACC0000004666,CUST00003403,BR0021,LOAN,ACTIVE,8/1/2021,NPR,1/1/2026
ACC0000004667,CUST00002195,BR0025,SALARY,BLOCKED,6/23/2021,NPR,1/1/2026
ACC0000004668,CUST00002472,BR0019,WALLET,ACTIVE,8/8/2019,NPR,1/1/2026
ACC0000004669,CUST00002048,BR0033,CURRENT,ACTIVE,5/16/2020,NPR,1/1/2026
ACC0000004670,CUST00000507,BR0030,WALLET,ACTIVE,2/8/2025,NPR,1/1/2026
ACC0000004671,CUST00004930,BR0033,WALLET,ACTIVE,4/8/2024,NPR,1/1/2026
ACC0000004672,CUST00003669,BR0004,SAVINGS,ACTIVE,10/29/2021,NPR,1/1/2026
ACC0000004673,CUST00003390,BR0029,LOAN,DORMANT,11/7/2021,NPR,1/1/2026
ACC0000004674,CUST00004465,BR0034,SALARY,ACTIVE,9/17/2022,NPR,1/1/2026
ACC0000004675,CUST00003188,BR0037,WALLET,ACTIVE,10/10/2025,NPR,1/1/2026
ACC0000004676,CUST00001557,BR0027,SALARY,ACTIVE,7/9/2022,NPR,1/1/2026
ACC0000004677,CUST00000048,BR0031,WALLET,ACTIVE,4/22/2021,NPR,1/1/2026
ACC0000004678,CUST00002950,BR0030,SALARY,ACTIVE,12/4/2020,NPR,1/1/2026
ACC0000004679,CUST00004169,BR0030,SALARY,CLOSED,10/23/2021,NPR,1/1/2026
ACC0000004680,CUST00004419,BR0009,LOAN,ACTIVE,12/8/2024,NPR,1/1/2026
ACC0000004681,CUST00001390,BR0014,SAVINGS,DORMANT,9/3/2022,NPR,1/1/2026
ACC0000004682,CUST00004057,BR0021,SALARY,ACTIVE,5/8/2023,NPR,1/1/2026
ACC0000004683,CUST00001655,BR0013,SALARY,ACTIVE,10/23/2019,NPR,1/1/2026
ACC0000004684,CUST00002329,BR0008,WALLET,ACTIVE,6/27/2019,NPR,1/1/2026
ACC0000004685,CUST00004698,BR0001,SAVINGS,DORMANT,8/19/2024,NPR,1/1/2026
ACC0000004686,CUST00004664,BR0011,SALARY,ACTIVE,1/19/2024,NPR,1/1/2026
ACC0000004687,CUST00002774,BR0009,SAVINGS,ACTIVE,4/3/2020,NPR,1/1/2026
ACC0000004688,CUST00001616,BR0021,LOAN,ACTIVE,8/18/2020,NPR,1/1/2026
ACC0000004689,CUST00000448,BR0003,SAVINGS,ACTIVE,2/15/2021,NPR,1/1/2026
ACC0000004690,CUST00003358,BR0014,WALLET,ACTIVE,8/14/2020,NPR,1/1/2026
ACC0000004691,CUST00002666,BR0022,SAVINGS,ACTIVE,1/27/2024,NPR,1/1/2026
ACC0000004692,CUST00000143,BR0030,LOAN,ACTIVE,9/28/2020,NPR,1/1/2026
ACC0000004693,CUST00004161,BR0001,SAVINGS,DORMANT,4/11/2019,NPR,1/1/2026
ACC0000004694,CUST00002212,BR0008,CURRENT,ACTIVE,2/12/2025,NPR,1/1/2026
ACC0000004695,CUST00000759,BR0010,SAVINGS,ACTIVE,6/26/2020,NPR,1/1/2026
ACC0000004696,CUST00000547,BR0027,SAVINGS,ACTIVE,1/24/2020,NPR,1/1/2026
ACC0000004697,CUST00001191,BR0029,SALARY,ACTIVE,10/17/2021,NPR,1/1/2026
ACC0000004698,CUST00000641,BR0032,CURRENT,ACTIVE,4/5/2020,NPR,1/1/2026
ACC0000004699,CUST00003486,BR0032,LOAN,ACTIVE,11/30/2025,NPR,1/1/2026
ACC0000004700,CUST00002995,BR0023,CURRENT,ACTIVE,12/31/2020,NPR,1/1/2026
ACC0000004701,CUST00002046,BR0035,WALLET,ACTIVE,7/10/2019,NPR,1/1/2026
ACC0000004702,CUST00002701,BR0029,SAVINGS,ACTIVE,12/4/2023,NPR,1/1/2026
ACC0000004703,CUST00001831,BR0020,WALLET,ACTIVE,9/15/2020,NPR,1/1/2026
ACC0000004704,CUST00004394,BR0023,WALLET,ACTIVE,12/2/2024,NPR,1/1/2026
ACC0000004705,CUST00000230,BR0012,WALLET,ACTIVE,9/17/2019,NPR,1/1/2026
ACC0000004706,CUST00004529,BR0012,SAVINGS,ACTIVE,9/30/2021,NPR,1/1/2026
ACC0000004707,CUST00003930,BR0040,WALLET,ACTIVE,9/25/2021,NPR,1/1/2026
ACC0000004708,CUST00003321,BR0037,SALARY,BLOCKED,2/20/2024,NPR,1/1/2026
ACC0000004709,CUST00003387,BR0013,CURRENT,DORMANT,5/28/2025,NPR,1/1/2026
ACC0000004710,CUST00001198,BR0024,LOAN,ACTIVE,3/10/2023,NPR,1/1/2026
ACC0000004711,CUST00003605,BR0009,SAVINGS,ACTIVE,7/16/2022,NPR,1/1/2026
ACC0000004712,CUST00003964,BR0008,SAVINGS,ACTIVE,9/3/2025,NPR,1/1/2026
ACC0000004713,CUST00001302,BR0029,SALARY,ACTIVE,8/3/2025,NPR,1/1/2026
ACC0000004714,CUST00001258,BR0021,LOAN,ACTIVE,6/30/2020,NPR,1/1/2026
ACC0000004715,CUST00004813,BR0029,CURRENT,BLOCKED,9/11/2019,NPR,1/1/2026
ACC0000004716,CUST00003376,BR0005,SAVINGS,ACTIVE,8/12/2025,NPR,1/1/2026
ACC0000004717,CUST00003244,BR0007,SAVINGS,ACTIVE,12/12/2021,NPR,1/1/2026
ACC0000004718,CUST00002301,BR0030,SAVINGS,ACTIVE,10/11/2021,NPR,1/1/2026
ACC0000004719,CUST00000944,BR0001,SAVINGS,DORMANT,8/30/2019,NPR,1/1/2026
ACC0000004720,CUST00002115,BR0005,LOAN,ACTIVE,2/11/2025,NPR,1/1/2026
ACC0000004721,CUST00002879,BR0028,CURRENT,ACTIVE,3/21/2020,NPR,1/1/2026
ACC0000004722,CUST00002239,BR0014,CURRENT,ACTIVE,10/16/2019,NPR,1/1/2026
ACC0000004723,CUST00003292,BR0036,LOAN,ACTIVE,12/2/2019,NPR,1/1/2026
ACC0000004724,CUST00003335,BR0034,SALARY,ACTIVE,8/9/2022,NPR,1/1/2026
ACC0000004725,CUST00004963,BR0011,WALLET,DORMANT,10/23/2023,NPR,1/1/2026
ACC0000004726,CUST00003988,BR0029,WALLET,ACTIVE,5/24/2022,NPR,1/1/2026
ACC0000004727,CUST00002993,BR0027,SAVINGS,ACTIVE,10/8/2019,NPR,1/1/2026
ACC0000004728,CUST00000715,BR0035,SAVINGS,ACTIVE,6/18/2024,NPR,1/1/2026
ACC0000004729,CUST00002661,BR0007,CURRENT,ACTIVE,7/12/2021,NPR,1/1/2026
ACC0000004730,CUST00002765,BR0005,SAVINGS,ACTIVE,10/16/2025,NPR,1/1/2026
ACC0000004731,CUST00002685,BR0014,WALLET,ACTIVE,5/22/2019,NPR,1/1/2026
ACC0000004732,CUST00000529,BR0028,LOAN,ACTIVE,6/29/2022,NPR,1/1/2026
ACC0000004733,CUST00002011,BR0018,LOAN,CLOSED,12/28/2021,NPR,1/1/2026
ACC0000004734,CUST00004283,BR0002,SAVINGS,ACTIVE,6/7/2024,NPR,1/1/2026
ACC0000004735,CUST00000555,BR0016,SALARY,ACTIVE,5/8/2024,NPR,1/1/2026
ACC0000004736,CUST00000782,BR0001,SALARY,ACTIVE,9/22/2020,NPR,1/1/2026
ACC0000004737,CUST00003659,BR0005,CURRENT,ACTIVE,6/5/2024,NPR,1/1/2026
ACC0000004738,CUST00002602,BR0022,LOAN,ACTIVE,12/10/2021,NPR,1/1/2026
ACC0000004739,CUST00002877,BR0030,LOAN,ACTIVE,12/26/2021,NPR,1/1/2026
ACC0000004740,CUST00003951,BR0010,WALLET,ACTIVE,7/25/2023,NPR,1/1/2026
ACC0000004741,CUST00004236,BR0019,SALARY,ACTIVE,12/1/2025,NPR,1/1/2026
ACC0000004742,CUST00001762,BR0040,LOAN,ACTIVE,4/9/2024,NPR,1/1/2026
ACC0000004743,CUST00001254,BR0032,LOAN,ACTIVE,4/20/2021,NPR,1/1/2026
ACC0000004744,CUST00000112,BR0018,SAVINGS,ACTIVE,2/2/2021,NPR,1/1/2026
ACC0000004745,CUST00002845,BR0022,WALLET,ACTIVE,9/4/2023,NPR,1/1/2026
ACC0000004746,CUST00003595,BR0038,SALARY,ACTIVE,2/7/2023,NPR,1/1/2026
ACC0000004747,CUST00002119,BR0032,SALARY,ACTIVE,6/12/2019,NPR,1/1/2026
ACC0000004748,CUST00000372,BR0019,LOAN,ACTIVE,3/20/2024,NPR,1/1/2026
ACC0000004749,CUST00000061,BR0022,CURRENT,DORMANT,3/5/2025,NPR,1/1/2026
ACC0000004750,CUST00002326,BR0009,CURRENT,ACTIVE,10/5/2024,NPR,1/1/2026
ACC0000004751,CUST00002523,BR0029,WALLET,ACTIVE,9/29/2022,NPR,1/1/2026
ACC0000004752,CUST00001398,BR0003,SAVINGS,ACTIVE,4/18/2019,NPR,1/1/2026
ACC0000004753,CUST00000770,BR0035,SAVINGS,ACTIVE,10/16/2023,NPR,1/1/2026
ACC0000004754,CUST00001178,BR0008,CURRENT,ACTIVE,11/27/2019,NPR,1/1/2026
ACC0000004755,CUST00002120,BR0023,CURRENT,ACTIVE,5/7/2023,NPR,1/1/2026
ACC0000004756,CUST00004411,BR0037,LOAN,ACTIVE,12/28/2020,NPR,1/1/2026
ACC0000004757,CUST00001980,BR0037,WALLET,ACTIVE,2/24/2021,NPR,1/1/2026
ACC0000004758,CUST00004906,BR0006,LOAN,ACTIVE,11/4/2020,NPR,1/1/2026
ACC0000004759,CUST00002538,BR0010,SALARY,ACTIVE,9/19/2022,NPR,1/1/2026
ACC0000004760,CUST00002372,BR0019,WALLET,ACTIVE,2/8/2023,NPR,1/1/2026
ACC0000004761,CUST00002353,BR0006,SALARY,ACTIVE,6/3/2022,NPR,1/1/2026
ACC0000004762,CUST00001532,BR0032,WALLET,ACTIVE,10/26/2020,NPR,1/1/2026
ACC0000004763,CUST00004394,BR0002,SAVINGS,ACTIVE,2/7/2023,NPR,1/1/2026
ACC0000004764,CUST00004784,BR0031,SAVINGS,ACTIVE,8/17/2025,NPR,1/1/2026
ACC0000004765,CUST00002241,BR0040,WALLET,ACTIVE,8/4/2021,NPR,1/1/2026
ACC0000004766,CUST00004237,BR0032,SAVINGS,ACTIVE,5/7/2021,NPR,1/1/2026
ACC0000004767,CUST00004131,BR0021,CURRENT,ACTIVE,4/10/2019,NPR,1/1/2026
ACC0000004768,CUST00002572,BR0013,CURRENT,ACTIVE,6/26/2021,NPR,1/1/2026
ACC0000004769,CUST00004577,BR0031,SALARY,ACTIVE,3/29/2020,NPR,1/1/2026
ACC0000004770,CUST00001803,BR0020,SALARY,ACTIVE,12/11/2020,NPR,1/1/2026
ACC0000004771,CUST00000772,BR0038,SAVINGS,DORMANT,5/14/2024,NPR,1/1/2026
ACC0000004772,CUST00004987,BR0008,SALARY,ACTIVE,8/25/2020,NPR,1/1/2026
ACC0000004773,CUST00004579,BR0008,CURRENT,DORMANT,9/28/2019,NPR,1/1/2026
ACC0000004774,CUST00001945,BR0005,WALLET,ACTIVE,5/16/2021,NPR,1/1/2026
ACC0000004775,CUST00001949,BR0030,SAVINGS,ACTIVE,12/16/2024,NPR,1/1/2026
ACC0000004776,CUST00000282,BR0001,WALLET,ACTIVE,2/15/2022,NPR,1/1/2026
ACC0000004777,CUST00004134,BR0031,WALLET,ACTIVE,5/2/2020,NPR,1/1/2026
ACC0000004778,CUST00003322,BR0036,SAVINGS,DORMANT,7/18/2024,NPR,1/1/2026
ACC0000004779,CUST00003225,BR0027,LOAN,ACTIVE,11/14/2020,NPR,1/1/2026
ACC0000004780,CUST00004930,BR0018,LOAN,BLOCKED,12/25/2019,NPR,1/1/2026
ACC0000004781,CUST00001241,BR0036,WALLET,ACTIVE,7/18/2025,NPR,1/1/2026
ACC0000004782,CUST00000549,BR0030,SALARY,DORMANT,11/13/2023,NPR,1/1/2026
ACC0000004783,CUST00000386,BR0023,LOAN,ACTIVE,7/29/2022,NPR,1/1/2026
ACC0000004784,CUST00001496,BR0036,WALLET,ACTIVE,6/24/2021,NPR,1/1/2026
ACC0000004785,CUST00004591,BR0009,WALLET,ACTIVE,12/14/2019,NPR,1/1/2026
ACC0000004786,CUST00004595,BR0027,LOAN,ACTIVE,7/18/2024,NPR,1/1/2026
ACC0000004787,CUST00002098,BR0004,SALARY,ACTIVE,11/4/2022,NPR,1/1/2026
ACC0000004788,CUST00001233,BR0023,LOAN,DORMANT,8/18/2023,NPR,1/1/2026
ACC0000004789,CUST00000722,BR0020,SALARY,ACTIVE,10/24/2020,NPR,1/1/2026
ACC0000004790,CUST00003272,BR0017,SAVINGS,ACTIVE,4/5/2025,NPR,1/1/2026
ACC0000004791,CUST00001644,BR0035,SAVINGS,ACTIVE,12/3/2023,NPR,1/1/2026
ACC0000004792,CUST00003820,BR0039,LOAN,ACTIVE,8/2/2022,NPR,1/1/2026
ACC0000004793,CUST00000460,BR0014,LOAN,ACTIVE,6/23/2025,NPR,1/1/2026
ACC0000004794,CUST00003755,BR0035,SALARY,ACTIVE,12/8/2023,NPR,1/1/2026
ACC0000004795,CUST00003177,BR0025,SAVINGS,ACTIVE,4/20/2022,NPR,1/1/2026
ACC0000004796,CUST00000649,BR0023,WALLET,ACTIVE,12/10/2022,NPR,1/1/2026
ACC0000004797,CUST00004984,BR0017,SAVINGS,ACTIVE,3/9/2024,NPR,1/1/2026
ACC0000004798,CUST00001027,BR0002,CURRENT,ACTIVE,6/15/2022,NPR,1/1/2026
ACC0000004799,CUST00004215,BR0027,SAVINGS,ACTIVE,3/12/2022,NPR,1/1/2026
ACC0000004800,CUST00000164,BR0006,CURRENT,ACTIVE,2/20/2024,NPR,1/1/2026
ACC0000004801,CUST00001611,BR0002,SAVINGS,ACTIVE,1/2/2024,NPR,1/1/2026
ACC0000004802,CUST00004501,BR0032,SAVINGS,DORMANT,7/8/2025,NPR,1/1/2026
ACC0000004803,CUST00004997,BR0021,WALLET,ACTIVE,1/13/2025,NPR,1/1/2026
ACC0000004804,CUST00002172,BR0027,SALARY,ACTIVE,5/9/2025,NPR,1/1/2026
ACC0000004805,CUST00004409,BR0038,LOAN,ACTIVE,11/7/2021,NPR,1/1/2026
ACC0000004806,CUST00000693,BR0013,SALARY,ACTIVE,4/25/2023,NPR,1/1/2026
ACC0000004807,CUST00001734,BR0030,WALLET,ACTIVE,5/13/2023,NPR,1/1/2026
ACC0000004808,CUST00003564,BR0039,WALLET,ACTIVE,4/13/2020,NPR,1/1/2026
ACC0000004809,CUST00000336,BR0018,WALLET,ACTIVE,2/14/2025,NPR,1/1/2026
ACC0000004810,CUST00002041,BR0022,WALLET,ACTIVE,9/9/2023,NPR,1/1/2026
ACC0000004811,CUST00002736,BR0032,SALARY,ACTIVE,5/24/2024,NPR,1/1/2026
ACC0000004812,CUST00004157,BR0024,LOAN,ACTIVE,8/25/2024,NPR,1/1/2026
ACC0000004813,CUST00001281,BR0011,LOAN,ACTIVE,9/28/2023,NPR,1/1/2026
ACC0000004814,CUST00000961,BR0021,SALARY,ACTIVE,12/15/2022,NPR,1/1/2026
ACC0000004815,CUST00004058,BR0022,WALLET,ACTIVE,1/21/2025,NPR,1/1/2026
ACC0000004816,CUST00004100,BR0031,WALLET,CLOSED,10/23/2023,NPR,1/1/2026
ACC0000004817,CUST00002700,BR0008,LOAN,ACTIVE,1/29/2025,NPR,1/1/2026
ACC0000004818,CUST00002068,BR0017,SALARY,ACTIVE,8/4/2019,NPR,1/1/2026
ACC0000004819,CUST00004903,BR0023,CURRENT,ACTIVE,8/7/2024,NPR,1/1/2026
ACC0000004820,CUST00000257,BR0027,CURRENT,ACTIVE,7/25/2022,NPR,1/1/2026
ACC0000004821,CUST00001602,BR0002,SAVINGS,ACTIVE,10/31/2022,NPR,1/1/2026
ACC0000004822,CUST00002735,BR0035,SALARY,ACTIVE,11/4/2022,NPR,1/1/2026
ACC0000004823,CUST00003234,BR0013,SALARY,ACTIVE,1/12/2022,NPR,1/1/2026
ACC0000004824,CUST00000656,BR0015,LOAN,ACTIVE,12/18/2022,NPR,1/1/2026
ACC0000004825,CUST00002123,BR0038,CURRENT,ACTIVE,1/15/2022,NPR,1/1/2026
ACC0000004826,CUST00000220,BR0032,WALLET,ACTIVE,9/10/2023,NPR,1/1/2026
ACC0000004827,CUST00000133,BR0027,SALARY,ACTIVE,7/3/2022,NPR,1/1/2026
ACC0000004828,CUST00001489,BR0028,LOAN,ACTIVE,7/27/2025,NPR,1/1/2026
ACC0000004829,CUST00002192,BR0028,CURRENT,ACTIVE,5/20/2020,NPR,1/1/2026
ACC0000004830,CUST00003247,BR0040,WALLET,ACTIVE,7/23/2024,NPR,1/1/2026
ACC0000004831,CUST00003200,BR0004,WALLET,ACTIVE,10/10/2019,NPR,1/1/2026
ACC0000004832,CUST00002347,BR0016,WALLET,ACTIVE,6/23/2022,NPR,1/1/2026
ACC0000004833,CUST00000953,BR0031,SALARY,ACTIVE,10/13/2023,NPR,1/1/2026
ACC0000004834,CUST00002880,BR0021,LOAN,ACTIVE,7/8/2021,NPR,1/1/2026
ACC0000004835,CUST00002548,BR0039,CURRENT,ACTIVE,5/27/2025,NPR,1/1/2026
ACC0000004836,CUST00004687,BR0011,LOAN,ACTIVE,9/4/2025,NPR,1/1/2026
ACC0000004837,CUST00002702,BR0031,LOAN,ACTIVE,1/3/2022,NPR,1/1/2026
ACC0000004838,CUST00003913,BR0023,WALLET,ACTIVE,11/7/2023,NPR,1/1/2026
ACC0000004839,CUST00001147,BR0040,LOAN,ACTIVE,3/25/2024,NPR,1/1/2026
ACC0000004840,CUST00001602,BR0018,SAVINGS,ACTIVE,11/21/2020,NPR,1/1/2026
ACC0000004841,CUST00004756,BR0033,SAVINGS,ACTIVE,11/12/2021,NPR,1/1/2026
ACC0000004842,CUST00000417,BR0009,WALLET,ACTIVE,10/20/2025,NPR,1/1/2026
ACC0000004843,CUST00000252,BR0036,LOAN,ACTIVE,3/16/2019,NPR,1/1/2026
ACC0000004844,CUST00003290,BR0016,WALLET,ACTIVE,8/19/2019,NPR,1/1/2026
ACC0000004845,CUST00004795,BR0021,LOAN,DORMANT,3/13/2025,NPR,1/1/2026
ACC0000004846,CUST00000940,BR0039,LOAN,ACTIVE,11/3/2025,NPR,1/1/2026
ACC0000004847,CUST00003599,BR0014,WALLET,ACTIVE,3/18/2023,NPR,1/1/2026
ACC0000004848,CUST00004845,BR0025,WALLET,ACTIVE,3/2/2021,NPR,1/1/2026
ACC0000004849,CUST00004347,BR0021,LOAN,ACTIVE,3/1/2020,NPR,1/1/2026
ACC0000004850,CUST00004837,BR0012,CURRENT,ACTIVE,11/17/2019,NPR,1/1/2026
ACC0000004851,CUST00000038,BR0015,LOAN,ACTIVE,6/21/2022,NPR,1/1/2026
ACC0000004852,CUST00002633,BR0033,SAVINGS,ACTIVE,11/25/2025,NPR,1/1/2026
ACC0000004853,CUST00004140,BR0027,WALLET,DORMANT,11/26/2021,NPR,1/1/2026
ACC0000004854,CUST00004853,BR0035,SALARY,ACTIVE,8/8/2024,NPR,1/1/2026
ACC0000004855,CUST00004375,BR0036,LOAN,ACTIVE,9/28/2025,NPR,1/1/2026
ACC0000004856,CUST00002150,BR0015,WALLET,ACTIVE,5/23/2024,NPR,1/1/2026
ACC0000004857,CUST00001134,BR0010,LOAN,ACTIVE,11/10/2019,NPR,1/1/2026
ACC0000004858,CUST00002400,BR0014,SALARY,ACTIVE,3/6/2022,NPR,1/1/2026
ACC0000004859,CUST00003948,BR0010,CURRENT,ACTIVE,3/16/2021,NPR,1/1/2026
ACC0000004860,CUST00000597,BR0029,CURRENT,ACTIVE,10/17/2024,NPR,1/1/2026
ACC0000004861,CUST00004690,BR0023,SAVINGS,BLOCKED,2/17/2021,NPR,1/1/2026
ACC0000004862,CUST00004161,BR0039,CURRENT,ACTIVE,7/8/2019,NPR,1/1/2026
ACC0000004863,CUST00002688,BR0027,CURRENT,ACTIVE,8/6/2019,NPR,1/1/2026
ACC0000004864,CUST00000494,BR0004,LOAN,ACTIVE,1/12/2022,NPR,1/1/2026
ACC0000004865,CUST00004110,BR0008,WALLET,ACTIVE,11/2/2023,NPR,1/1/2026
ACC0000004866,CUST00001910,BR0005,CURRENT,ACTIVE,2/16/2020,NPR,1/1/2026
ACC0000004867,CUST00002189,BR0010,WALLET,ACTIVE,4/7/2022,NPR,1/1/2026
ACC0000004868,CUST00002537,BR0028,WALLET,ACTIVE,10/26/2021,NPR,1/1/2026
ACC0000004869,CUST00000457,BR0034,CURRENT,ACTIVE,9/26/2020,NPR,1/1/2026
ACC0000004870,CUST00004974,BR0003,SAVINGS,ACTIVE,7/10/2025,NPR,1/1/2026
ACC0000004871,CUST00003357,BR0018,SAVINGS,ACTIVE,6/22/2025,NPR,1/1/2026
ACC0000004872,CUST00004226,BR0009,LOAN,BLOCKED,8/9/2020,NPR,1/1/2026
ACC0000004873,CUST00001062,BR0026,CURRENT,ACTIVE,1/25/2021,NPR,1/1/2026
ACC0000004874,CUST00002146,BR0011,WALLET,CLOSED,4/28/2024,NPR,1/1/2026
ACC0000004875,CUST00002640,BR0016,CURRENT,ACTIVE,10/11/2019,NPR,1/1/2026
ACC0000004876,CUST00001979,BR0021,LOAN,ACTIVE,12/24/2021,NPR,1/1/2026
ACC0000004877,CUST00000614,BR0036,SAVINGS,ACTIVE,1/8/2025,NPR,1/1/2026
ACC0000004878,CUST00003486,BR0021,SAVINGS,ACTIVE,5/11/2019,NPR,1/1/2026
ACC0000004879,CUST00002713,BR0023,SALARY,ACTIVE,12/25/2021,NPR,1/1/2026
ACC0000004880,CUST00004882,BR0026,SAVINGS,ACTIVE,10/1/2025,NPR,1/1/2026
ACC0000004881,CUST00002917,BR0027,SALARY,ACTIVE,11/25/2020,NPR,1/1/2026
ACC0000004882,CUST00002238,BR0020,WALLET,DORMANT,3/3/2022,NPR,1/1/2026
ACC0000004883,CUST00000544,BR0007,SALARY,ACTIVE,11/19/2023,NPR,1/1/2026
ACC0000004884,CUST00002124,BR0023,CURRENT,ACTIVE,4/21/2023,NPR,1/1/2026
ACC0000004885,CUST00002381,BR0008,SALARY,ACTIVE,7/6/2024,NPR,1/1/2026
ACC0000004886,CUST00002554,BR0015,LOAN,ACTIVE,9/13/2021,NPR,1/1/2026
ACC0000004887,CUST00001393,BR0017,SAVINGS,ACTIVE,12/8/2021,NPR,1/1/2026
ACC0000004888,CUST00002176,BR0014,SALARY,ACTIVE,6/6/2024,NPR,1/1/2026
ACC0000004889,CUST00003974,BR0027,CURRENT,ACTIVE,7/22/2019,NPR,1/1/2026
ACC0000004890,CUST00000130,BR0025,SAVINGS,BLOCKED,11/15/2025,NPR,1/1/2026
ACC0000004891,CUST00004725,BR0003,LOAN,BLOCKED,8/13/2019,NPR,1/1/2026
ACC0000004892,CUST00002085,BR0023,LOAN,ACTIVE,1/20/2025,NPR,1/1/2026
ACC0000004893,CUST00003447,BR0015,SALARY,ACTIVE,9/13/2020,NPR,1/1/2026
ACC0000004894,CUST00002129,BR0032,CURRENT,CLOSED,7/14/2025,NPR,1/1/2026
ACC0000004895,CUST00004304,BR0039,CURRENT,ACTIVE,3/4/2019,NPR,1/1/2026
ACC0000004896,CUST00001623,BR0040,CURRENT,DORMANT,2/25/2022,NPR,1/1/2026
ACC0000004897,CUST00003878,BR0011,LOAN,ACTIVE,5/1/2022,NPR,1/1/2026
ACC0000004898,CUST00004069,BR0008,WALLET,ACTIVE,3/1/2020,NPR,1/1/2026
ACC0000004899,CUST00001507,BR0037,SAVINGS,ACTIVE,7/2/2024,NPR,1/1/2026
ACC0000004900,CUST00000760,BR0038,WALLET,ACTIVE,7/17/2019,NPR,1/1/2026
ACC0000004901,CUST00000051,BR0031,CURRENT,ACTIVE,3/18/2023,NPR,1/1/2026
ACC0000004902,CUST00000457,BR0012,CURRENT,DORMANT,7/29/2019,NPR,1/1/2026
ACC0000004903,CUST00001172,BR0025,SAVINGS,ACTIVE,10/3/2021,NPR,1/1/2026
ACC0000004904,CUST00002032,BR0014,WALLET,ACTIVE,8/16/2022,NPR,1/1/2026
ACC0000004905,CUST00000261,BR0017,LOAN,DORMANT,5/23/2024,NPR,1/1/2026
ACC0000004906,CUST00001932,BR0021,CURRENT,ACTIVE,2/27/2023,NPR,1/1/2026
ACC0000004907,CUST00001154,BR0039,CURRENT,ACTIVE,9/1/2020,NPR,1/1/2026
ACC0000004908,CUST00001326,BR0024,SAVINGS,ACTIVE,2/1/2022,NPR,1/1/2026
ACC0000004909,CUST00000889,BR0032,SALARY,ACTIVE,11/23/2023,NPR,1/1/2026
ACC0000004910,CUST00000221,BR0032,SALARY,ACTIVE,9/9/2022,NPR,1/1/2026
ACC0000004911,CUST00004058,BR0037,SAVINGS,ACTIVE,4/15/2024,NPR,1/1/2026
ACC0000004912,CUST00001366,BR0019,LOAN,ACTIVE,9/21/2022,NPR,1/1/2026
ACC0000004913,CUST00002120,BR0007,CURRENT,ACTIVE,11/15/2020,NPR,1/1/2026
ACC0000004914,CUST00004079,BR0011,SALARY,DORMANT,12/13/2021,NPR,1/1/2026
ACC0000004915,CUST00000700,BR0038,SAVINGS,ACTIVE,7/30/2020,NPR,1/1/2026
ACC0000004916,CUST00003721,BR0017,SAVINGS,ACTIVE,5/5/2019,NPR,1/1/2026
ACC0000004917,CUST00004450,BR0022,SAVINGS,ACTIVE,9/19/2023,NPR,1/1/2026
ACC0000004918,CUST00002556,BR0035,LOAN,ACTIVE,3/15/2021,NPR,1/1/2026
ACC0000004919,CUST00000475,BR0037,SALARY,ACTIVE,2/25/2024,NPR,1/1/2026
ACC0000004920,CUST00004671,BR0037,CURRENT,ACTIVE,5/11/2023,NPR,1/1/2026
ACC0000004921,CUST00001118,BR0011,LOAN,ACTIVE,2/23/2025,NPR,1/1/2026
ACC0000004922,CUST00001593,BR0040,SALARY,ACTIVE,6/29/2020,NPR,1/1/2026
ACC0000004923,CUST00001479,BR0015,SALARY,DORMANT,2/7/2025,NPR,1/1/2026
ACC0000004924,CUST00000212,BR0026,SALARY,ACTIVE,8/20/2025,NPR,1/1/2026
ACC0000004925,CUST00003008,BR0035,CURRENT,ACTIVE,1/22/2024,NPR,1/1/2026
ACC0000004926,CUST00001997,BR0014,CURRENT,ACTIVE,5/27/2024,NPR,1/1/2026
ACC0000004927,CUST00000250,BR0035,LOAN,ACTIVE,1/22/2024,NPR,1/1/2026
ACC0000004928,CUST00001918,BR0002,CURRENT,ACTIVE,9/10/2022,NPR,1/1/2026
ACC0000004929,CUST00001984,BR0006,SALARY,ACTIVE,8/12/2024,NPR,1/1/2026
ACC0000004930,CUST00001577,BR0018,SAVINGS,ACTIVE,5/1/2022,NPR,1/1/2026
ACC0000004931,CUST00003655,BR0036,SALARY,ACTIVE,7/31/2025,NPR,1/1/2026
ACC0000004932,CUST00003589,BR0035,LOAN,ACTIVE,2/28/2025,NPR,1/1/2026
ACC0000004933,CUST00000495,BR0040,SAVINGS,ACTIVE,4/22/2025,NPR,1/1/2026
ACC0000004934,CUST00004906,BR0028,CURRENT,ACTIVE,12/24/2020,NPR,1/1/2026
ACC0000004935,CUST00004776,BR0025,SALARY,ACTIVE,7/10/2022,NPR,1/1/2026
ACC0000004936,CUST00000117,BR0009,LOAN,ACTIVE,5/14/2025,NPR,1/1/2026
ACC0000004937,CUST00004612,BR0004,SAVINGS,ACTIVE,4/27/2023,NPR,1/1/2026
ACC0000004938,CUST00002595,BR0029,LOAN,BLOCKED,10/24/2020,NPR,1/1/2026
ACC0000004939,CUST00000545,BR0024,SALARY,ACTIVE,2/23/2024,NPR,1/1/2026
ACC0000004940,CUST00004534,BR0001,SAVINGS,DORMANT,11/17/2024,NPR,1/1/2026
ACC0000004941,CUST00001981,BR0003,SAVINGS,ACTIVE,7/13/2019,NPR,1/1/2026
ACC0000004942,CUST00002102,BR0001,CURRENT,DORMANT,3/28/2025,NPR,1/1/2026
ACC0000004943,CUST00001373,BR0022,CURRENT,ACTIVE,1/25/2022,NPR,1/1/2026
ACC0000004944,CUST00002421,BR0012,SAVINGS,ACTIVE,7/28/2019,NPR,1/1/2026
ACC0000004945,CUST00003062,BR0010,SALARY,ACTIVE,3/27/2021,NPR,1/1/2026
ACC0000004946,CUST00003071,BR0040,WALLET,ACTIVE,11/14/2020,NPR,1/1/2026
ACC0000004947,CUST00000852,BR0040,WALLET,ACTIVE,3/20/2019,NPR,1/1/2026
ACC0000004948,CUST00004575,BR0039,SALARY,ACTIVE,8/10/2021,NPR,1/1/2026
ACC0000004949,CUST00000905,BR0007,CURRENT,ACTIVE,2/6/2025,NPR,1/1/2026
ACC0000004950,CUST00000375,BR0022,CURRENT,ACTIVE,12/16/2023,NPR,1/1/2026
ACC0000004951,CUST00004492,BR0037,SAVINGS,ACTIVE,3/1/2021,NPR,1/1/2026
ACC0000004952,CUST00004757,BR0035,CURRENT,ACTIVE,7/14/2025,NPR,1/1/2026
ACC0000004953,CUST00001849,BR0021,SALARY,ACTIVE,5/30/2022,NPR,1/1/2026
ACC0000004954,CUST00003586,BR0029,LOAN,ACTIVE,5/6/2023,NPR,1/1/2026
ACC0000004955,CUST00000118,BR0018,CURRENT,ACTIVE,4/4/2025,NPR,1/1/2026
ACC0000004956,CUST00002047,BR0015,SALARY,BLOCKED,3/21/2024,NPR,1/1/2026
ACC0000004957,CUST00001317,BR0012,CURRENT,ACTIVE,11/24/2019,NPR,1/1/2026
ACC0000004958,CUST00000787,BR0032,SALARY,ACTIVE,2/6/2022,NPR,1/1/2026
ACC0000004959,CUST00000628,BR0025,CURRENT,ACTIVE,1/24/2022,NPR,1/1/2026
ACC0000004960,CUST00001320,BR0020,LOAN,ACTIVE,1/17/2025,NPR,1/1/2026
ACC0000004961,CUST00000516,BR0020,WALLET,ACTIVE,10/30/2019,NPR,1/1/2026
ACC0000004962,CUST00004622,BR0021,WALLET,ACTIVE,5/14/2025,NPR,1/1/2026
ACC0000004963,CUST00004527,BR0014,SALARY,ACTIVE,6/30/2024,NPR,1/1/2026
ACC0000004964,CUST00001398,BR0025,SAVINGS,ACTIVE,6/20/2020,NPR,1/1/2026
ACC0000004965,CUST00003968,BR0022,SALARY,ACTIVE,12/2/2020,NPR,1/1/2026
ACC0000004966,CUST00002253,BR0002,SALARY,ACTIVE,4/20/2019,NPR,1/1/2026
ACC0000004967,CUST00002078,BR0001,LOAN,ACTIVE,3/25/2025,NPR,1/1/2026
ACC0000004968,CUST00001277,BR0024,SAVINGS,DORMANT,7/29/2019,NPR,1/1/2026
ACC0000004969,CUST00003945,BR0019,WALLET,ACTIVE,9/22/2024,NPR,1/1/2026
ACC0000004970,CUST00000732,BR0025,SALARY,ACTIVE,3/2/2025,NPR,1/1/2026
ACC0000004971,CUST00002373,BR0018,SALARY,ACTIVE,12/27/2022,NPR,1/1/2026
ACC0000004972,CUST00002402,BR0015,CURRENT,DORMANT,3/20/2021,NPR,1/1/2026
ACC0000004973,CUST00003316,BR0024,SAVINGS,ACTIVE,8/6/2022,NPR,1/1/2026
ACC0000004974,CUST00003009,BR0030,CURRENT,ACTIVE,6/30/2021,NPR,1/1/2026
ACC0000004975,CUST00000729,BR0017,LOAN,ACTIVE,1/31/2020,NPR,1/1/2026
ACC0000004976,CUST00003042,BR0029,SALARY,ACTIVE,2/26/2020,NPR,1/1/2026
ACC0000004977,CUST00001695,BR0014,SALARY,DORMANT,3/29/2020,NPR,1/1/2026
ACC0000004978,CUST00001277,BR0008,CURRENT,ACTIVE,2/17/2023,NPR,1/1/2026
ACC0000004979,CUST00004702,BR0020,LOAN,ACTIVE,10/31/2025,NPR,1/1/2026
ACC0000004980,CUST00002762,BR0002,LOAN,ACTIVE,4/11/2024,NPR,1/1/2026
ACC0000004981,CUST00003702,BR0038,CURRENT,ACTIVE,2/8/2020,NPR,1/1/2026
ACC0000004982,CUST00004167,BR0011,WALLET,ACTIVE,12/1/2025,NPR,1/1/2026
ACC0000004983,CUST00001671,BR0010,WALLET,ACTIVE,8/9/2024,NPR,1/1/2026
ACC0000004984,CUST00001269,BR0003,CURRENT,ACTIVE,5/6/2021,NPR,1/1/2026
ACC0000004985,CUST00004647,BR0004,SALARY,ACTIVE,2/15/2020,NPR,1/1/2026
ACC0000004986,CUST00001760,BR0007,WALLET,CLOSED,8/27/2020,NPR,1/1/2026
ACC0000004987,CUST00001102,BR0017,SAVINGS,ACTIVE,11/12/2023,NPR,1/1/2026
ACC0000004988,CUST00000777,BR0018,SAVINGS,ACTIVE,9/5/2023,NPR,1/1/2026
ACC0000004989,CUST00004606,BR0013,WALLET,ACTIVE,10/6/2022,NPR,1/1/2026
ACC0000004990,CUST00001052,BR0006,CURRENT,ACTIVE,9/13/2020,NPR,1/1/2026
ACC0000004991,CUST00000707,BR0001,WALLET,ACTIVE,9/4/2021,NPR,1/1/2026
ACC0000004992,CUST00003133,BR0012,SALARY,ACTIVE,8/23/2020,NPR,1/1/2026
ACC0000004993,CUST00000346,BR0037,SAVINGS,ACTIVE,6/22/2024,NPR,1/1/2026
ACC0000004994,CUST00000754,BR0036,CURRENT,ACTIVE,3/22/2025,NPR,1/1/2026
ACC0000004995,CUST00002942,BR0039,SALARY,ACTIVE,10/25/2021,NPR,1/1/2026
ACC0000004996,CUST00002892,BR0018,SAVINGS,ACTIVE,7/19/2019,NPR,1/1/2026
ACC0000004997,CUST00004731,BR0015,SAVINGS,ACTIVE,12/13/2021,NPR,1/1/2026
ACC0000004998,CUST00001496,BR0024,WALLET,ACTIVE,10/29/2019,NPR,1/1/2026
ACC0000004999,CUST00001587,BR0016,LOAN,DORMANT,4/5/2021,NPR,1/1/2026
ACC0000005000,CUST00000073,BR0035,SAVINGS,BLOCKED,5/10/2025,NPR,1/1/2026
ACC0000005001,CUST00001371,BR0008,CURRENT,ACTIVE,4/26/2023,NPR,1/1/2026
ACC0000005002,CUST00002849,BR0038,CURRENT,ACTIVE,1/20/2025,NPR,1/1/2026
ACC0000005003,CUST00002851,BR0010,SALARY,ACTIVE,10/27/2025,NPR,1/1/2026
ACC0000005004,CUST00004310,BR0039,LOAN,ACTIVE,12/7/2023,NPR,1/1/2026
ACC0000005005,CUST00004594,BR0033,CURRENT,ACTIVE,9/5/2023,NPR,1/1/2026
ACC0000005006,CUST00003076,BR0027,WALLET,BLOCKED,3/31/2025,NPR,1/1/2026
ACC0000005007,CUST00002004,BR0017,CURRENT,ACTIVE,4/27/2023,NPR,1/1/2026
ACC0000005008,CUST00002587,BR0036,SAVINGS,ACTIVE,10/20/2023,NPR,1/1/2026
ACC0000005009,CUST00001765,BR0033,WALLET,ACTIVE,11/6/2024,NPR,1/1/2026
ACC0000005010,CUST00001577,BR0038,WALLET,ACTIVE,11/25/2025,NPR,1/1/2026
ACC0000005011,CUST00004575,BR0017,LOAN,ACTIVE,9/1/2019,NPR,1/1/2026
ACC0000005012,CUST00002621,BR0035,CURRENT,ACTIVE,1/9/2020,NPR,1/1/2026
ACC0000005013,CUST00003749,BR0003,SALARY,ACTIVE,1/21/2025,NPR,1/1/2026
ACC0000005014,CUST00002931,BR0003,SALARY,BLOCKED,4/12/2020,NPR,1/1/2026
ACC0000005015,CUST00003463,BR0017,WALLET,ACTIVE,7/16/2019,NPR,1/1/2026
ACC0000005016,CUST00001124,BR0005,SAVINGS,ACTIVE,8/27/2020,NPR,1/1/2026
ACC0000005017,CUST00004918,BR0003,SAVINGS,ACTIVE,7/22/2023,NPR,1/1/2026
ACC0000005018,CUST00000119,BR0020,SALARY,ACTIVE,1/13/2022,NPR,1/1/2026
ACC0000005019,CUST00001766,BR0029,WALLET,ACTIVE,4/14/2022,NPR,1/1/2026
ACC0000005020,CUST00000636,BR0019,SAVINGS,ACTIVE,12/9/2023,NPR,1/1/2026
ACC0000005021,CUST00000963,BR0022,LOAN,DORMANT,5/28/2025,NPR,1/1/2026
ACC0000005022,CUST00003861,BR0014,SAVINGS,ACTIVE,7/24/2024,NPR,1/1/2026
ACC0000005023,CUST00003936,BR0007,CURRENT,ACTIVE,11/23/2019,NPR,1/1/2026
ACC0000005024,CUST00003955,BR0025,SALARY,ACTIVE,2/20/2022,NPR,1/1/2026
ACC0000005025,CUST00002026,BR0015,LOAN,ACTIVE,6/5/2021,NPR,1/1/2026
ACC0000005026,CUST00000877,BR0028,WALLET,ACTIVE,5/8/2020,NPR,1/1/2026
ACC0000005027,CUST00002542,BR0016,CURRENT,ACTIVE,10/16/2025,NPR,1/1/2026
ACC0000005028,CUST00001207,BR0036,SALARY,ACTIVE,7/2/2024,NPR,1/1/2026
ACC0000005029,CUST00004755,BR0018,LOAN,ACTIVE,1/27/2024,NPR,1/1/2026
ACC0000005030,CUST00004819,BR0001,LOAN,ACTIVE,12/12/2020,NPR,1/1/2026
ACC0000005031,CUST00003782,BR0017,WALLET,ACTIVE,6/12/2019,NPR,1/1/2026
ACC0000005032,CUST00002756,BR0037,WALLET,ACTIVE,10/16/2023,NPR,1/1/2026
ACC0000005033,CUST00000875,BR0004,SALARY,ACTIVE,6/17/2021,NPR,1/1/2026
ACC0000005034,CUST00002645,BR0008,WALLET,ACTIVE,12/9/2021,NPR,1/1/2026
ACC0000005035,CUST00000178,BR0011,LOAN,ACTIVE,10/1/2023,NPR,1/1/2026
ACC0000005036,CUST00004015,BR0012,SALARY,ACTIVE,3/2/2023,NPR,1/1/2026
ACC0000005037,CUST00003872,BR0029,WALLET,ACTIVE,7/20/2022,NPR,1/1/2026
ACC0000005038,CUST00001010,BR0018,WALLET,ACTIVE,4/10/2023,NPR,1/1/2026
ACC0000005039,CUST00003379,BR0014,SAVINGS,ACTIVE,8/31/2022,NPR,1/1/2026
ACC0000005040,CUST00003059,BR0026,SALARY,DORMANT,7/19/2019,NPR,1/1/2026
ACC0000005041,CUST00000941,BR0034,LOAN,ACTIVE,10/2/2019,NPR,1/1/2026
ACC0000005042,CUST00000915,BR0029,CURRENT,ACTIVE,10/1/2022,NPR,1/1/2026
ACC0000005043,CUST00000596,BR0012,LOAN,ACTIVE,11/16/2019,NPR,1/1/2026
ACC0000005044,CUST00002659,BR0036,WALLET,ACTIVE,8/8/2020,NPR,1/1/2026
ACC0000005045,CUST00000140,BR0039,CURRENT,BLOCKED,2/7/2024,NPR,1/1/2026
ACC0000005046,CUST00004914,BR0002,SAVINGS,ACTIVE,8/14/2023,NPR,1/1/2026
ACC0000005047,CUST00000484,BR0006,SALARY,ACTIVE,5/26/2024,NPR,1/1/2026
ACC0000005048,CUST00002053,BR0017,CURRENT,ACTIVE,6/8/2020,NPR,1/1/2026
ACC0000005049,CUST00000421,BR0022,CURRENT,ACTIVE,8/11/2023,NPR,1/1/2026
ACC0000005050,CUST00002300,BR0005,CURRENT,ACTIVE,8/10/2021,NPR,1/1/2026
ACC0000005051,CUST00004942,BR0017,CURRENT,ACTIVE,8/19/2022,NPR,1/1/2026
ACC0000005052,CUST00002006,BR0002,CURRENT,ACTIVE,12/10/2023,NPR,1/1/2026
ACC0000005053,CUST00002855,BR0035,SAVINGS,ACTIVE,6/20/2019,NPR,1/1/2026
ACC0000005054,CUST00003592,BR0038,SAVINGS,ACTIVE,7/18/2024,NPR,1/1/2026
ACC0000005055,CUST00004272,BR0032,SAVINGS,ACTIVE,11/27/2023,NPR,1/1/2026
ACC0000005056,CUST00001281,BR0002,WALLET,ACTIVE,7/5/2019,NPR,1/1/2026
ACC0000005057,CUST00003476,BR0028,CURRENT,CLOSED,3/5/2019,NPR,1/1/2026
ACC0000005058,CUST00004037,BR0010,SAVINGS,ACTIVE,3/28/2025,NPR,1/1/2026
ACC0000005059,CUST00004689,BR0031,SAVINGS,CLOSED,8/11/2020,NPR,1/1/2026
ACC0000005060,CUST00003078,BR0025,WALLET,ACTIVE,3/18/2023,NPR,1/1/2026
ACC0000005061,CUST00000228,BR0019,CURRENT,ACTIVE,6/1/2019,NPR,1/1/2026
ACC0000005062,CUST00000067,BR0003,SALARY,DORMANT,12/6/2022,NPR,1/1/2026
ACC0000005063,CUST00002336,BR0037,SALARY,ACTIVE,1/12/2024,NPR,1/1/2026
ACC0000005064,CUST00003368,BR0013,LOAN,ACTIVE,9/23/2024,NPR,1/1/2026
ACC0000005065,CUST00001152,BR0004,SALARY,ACTIVE,1/31/2020,NPR,1/1/2026
ACC0000005066,CUST00002998,BR0015,LOAN,ACTIVE,1/28/2025,NPR,1/1/2026
ACC0000005067,CUST00004708,BR0037,LOAN,ACTIVE,5/15/2021,NPR,1/1/2026
ACC0000005068,CUST00004141,BR0014,SALARY,DORMANT,9/15/2023,NPR,1/1/2026
ACC0000005069,CUST00004747,BR0024,CURRENT,ACTIVE,11/20/2021,NPR,1/1/2026
ACC0000005070,CUST00000730,BR0034,LOAN,ACTIVE,9/13/2022,NPR,1/1/2026
ACC0000005071,CUST00002057,BR0029,CURRENT,ACTIVE,1/7/2020,NPR,1/1/2026
ACC0000005072,CUST00001063,BR0019,SALARY,DORMANT,2/2/2025,NPR,1/1/2026
ACC0000005073,CUST00004756,BR0017,WALLET,ACTIVE,3/1/2021,NPR,1/1/2026
ACC0000005074,CUST00001793,BR0011,LOAN,ACTIVE,6/7/2019,NPR,1/1/2026
ACC0000005075,CUST00000496,BR0009,LOAN,ACTIVE,7/9/2025,NPR,1/1/2026
ACC0000005076,CUST00001606,BR0022,SALARY,ACTIVE,3/30/2025,NPR,1/1/2026
ACC0000005077,CUST00001796,BR0002,SAVINGS,ACTIVE,3/21/2020,NPR,1/1/2026
ACC0000005078,CUST00002191,BR0012,CURRENT,ACTIVE,5/24/2020,NPR,1/1/2026
ACC0000005079,CUST00003761,BR0013,WALLET,ACTIVE,10/6/2023,NPR,1/1/2026
ACC0000005080,CUST00004539,BR0001,CURRENT,ACTIVE,3/29/2020,NPR,1/1/2026
ACC0000005081,CUST00002805,BR0014,SALARY,ACTIVE,5/8/2022,NPR,1/1/2026
ACC0000005082,CUST00001904,BR0032,SAVINGS,ACTIVE,12/27/2020,NPR,1/1/2026
ACC0000005083,CUST00002671,BR0028,SAVINGS,ACTIVE,3/26/2024,NPR,1/1/2026
ACC0000005084,CUST00003060,BR0031,WALLET,DORMANT,1/30/2022,NPR,1/1/2026
ACC0000005085,CUST00004590,BR0023,SALARY,ACTIVE,3/15/2025,NPR,1/1/2026
ACC0000005086,CUST00000610,BR0023,SAVINGS,ACTIVE,5/20/2025,NPR,1/1/2026
ACC0000005087,CUST00003143,BR0016,CURRENT,ACTIVE,6/9/2025,NPR,1/1/2026
ACC0000005088,CUST00001116,BR0014,SALARY,CLOSED,10/29/2019,NPR,1/1/2026
ACC0000005089,CUST00002642,BR0005,SAVINGS,ACTIVE,7/5/2024,NPR,1/1/2026
ACC0000005090,CUST00003516,BR0039,CURRENT,ACTIVE,5/28/2020,NPR,1/1/2026
ACC0000005091,CUST00000728,BR0033,WALLET,ACTIVE,8/19/2021,NPR,1/1/2026
ACC0000005092,CUST00004228,BR0003,SAVINGS,ACTIVE,3/18/2023,NPR,1/1/2026
ACC0000005093,CUST00002390,BR0019,CURRENT,ACTIVE,5/13/2022,NPR,1/1/2026
ACC0000005094,CUST00001127,BR0023,SAVINGS,ACTIVE,11/7/2022,NPR,1/1/2026
ACC0000005095,CUST00003926,BR0030,SAVINGS,ACTIVE,1/2/2024,NPR,1/1/2026
ACC0000005096,CUST00001600,BR0028,SAVINGS,ACTIVE,4/26/2020,NPR,1/1/2026
ACC0000005097,CUST00002191,BR0019,LOAN,ACTIVE,10/31/2024,NPR,1/1/2026
ACC0000005098,CUST00003999,BR0026,LOAN,ACTIVE,3/5/2024,NPR,1/1/2026
ACC0000005099,CUST00004658,BR0007,SAVINGS,ACTIVE,3/19/2024,NPR,1/1/2026
ACC0000005100,CUST00003524,BR0032,SALARY,ACTIVE,12/8/2024,NPR,1/1/2026
ACC0000005101,CUST00003351,BR0030,SALARY,ACTIVE,12/31/2020,NPR,1/1/2026
ACC0000005102,CUST00001886,BR0024,WALLET,ACTIVE,2/11/2024,NPR,1/1/2026
ACC0000005103,CUST00002335,BR0004,SAVINGS,ACTIVE,8/3/2024,NPR,1/1/2026
ACC0000005104,CUST00004441,BR0029,LOAN,ACTIVE,2/15/2021,NPR,1/1/2026
ACC0000005105,CUST00000445,BR0033,WALLET,BLOCKED,2/11/2020,NPR,1/1/2026
ACC0000005106,CUST00000319,BR0010,SALARY,ACTIVE,11/22/2020,NPR,1/1/2026
ACC0000005107,CUST00000279,BR0006,SALARY,ACTIVE,9/22/2023,NPR,1/1/2026
ACC0000005108,CUST00004439,BR0027,SALARY,ACTIVE,10/13/2020,NPR,1/1/2026
ACC0000005109,CUST00001766,BR0021,WALLET,ACTIVE,3/10/2023,NPR,1/1/2026
ACC0000005110,CUST00004395,BR0010,LOAN,DORMANT,4/12/2022,NPR,1/1/2026
ACC0000005111,CUST00003424,BR0025,SALARY,DORMANT,1/24/2020,NPR,1/1/2026
ACC0000005112,CUST00000072,BR0001,SAVINGS,DORMANT,6/29/2022,NPR,1/1/2026
ACC0000005113,CUST00004130,BR0039,WALLET,ACTIVE,5/11/2024,NPR,1/1/2026
ACC0000005114,CUST00001104,BR0036,WALLET,ACTIVE,7/7/2020,NPR,1/1/2026
ACC0000005115,CUST00000509,BR0017,WALLET,ACTIVE,10/6/2023,NPR,1/1/2026
ACC0000005116,CUST00002260,BR0016,CURRENT,ACTIVE,2/16/2022,NPR,1/1/2026
ACC0000005117,CUST00003989,BR0037,CURRENT,ACTIVE,7/10/2023,NPR,1/1/2026
ACC0000005118,CUST00000007,BR0012,WALLET,ACTIVE,11/7/2019,NPR,1/1/2026
ACC0000005119,CUST00002380,BR0030,SALARY,ACTIVE,2/12/2024,NPR,1/1/2026
ACC0000005120,CUST00004705,BR0019,WALLET,ACTIVE,8/12/2021,NPR,1/1/2026
ACC0000005121,CUST00004602,BR0035,LOAN,ACTIVE,3/16/2023,NPR,1/1/2026
ACC0000005122,CUST00001900,BR0009,SAVINGS,ACTIVE,5/6/2021,NPR,1/1/2026
ACC0000005123,CUST00000734,BR0030,WALLET,DORMANT,10/13/2021,NPR,1/1/2026
ACC0000005124,CUST00004336,BR0039,WALLET,ACTIVE,11/30/2022,NPR,1/1/2026
ACC0000005125,CUST00001389,BR0012,CURRENT,ACTIVE,1/13/2024,NPR,1/1/2026
ACC0000005126,CUST00004876,BR0020,SAVINGS,ACTIVE,9/23/2024,NPR,1/1/2026
ACC0000005127,CUST00004167,BR0004,CURRENT,ACTIVE,11/27/2022,NPR,1/1/2026
ACC0000005128,CUST00001383,BR0011,SALARY,ACTIVE,2/4/2024,NPR,1/1/2026
ACC0000005129,CUST00004037,BR0014,WALLET,ACTIVE,9/6/2024,NPR,1/1/2026
ACC0000005130,CUST00000065,BR0035,LOAN,ACTIVE,4/2/2023,NPR,1/1/2026
ACC0000005131,CUST00004018,BR0033,WALLET,ACTIVE,7/28/2019,NPR,1/1/2026
ACC0000005132,CUST00000156,BR0009,SAVINGS,ACTIVE,7/29/2024,NPR,1/1/2026
ACC0000005133,CUST00003320,BR0021,WALLET,ACTIVE,1/29/2021,NPR,1/1/2026
ACC0000005134,CUST00000127,BR0023,CURRENT,CLOSED,12/5/2024,NPR,1/1/2026
ACC0000005135,CUST00000103,BR0023,WALLET,DORMANT,9/27/2024,NPR,1/1/2026
ACC0000005136,CUST00000054,BR0018,LOAN,ACTIVE,11/2/2024,NPR,1/1/2026
ACC0000005137,CUST00004415,BR0006,WALLET,ACTIVE,9/20/2020,NPR,1/1/2026
ACC0000005138,CUST00000019,BR0001,LOAN,CLOSED,12/16/2025,NPR,1/1/2026
ACC0000005139,CUST00001838,BR0004,SAVINGS,ACTIVE,11/4/2021,NPR,1/1/2026
ACC0000005140,CUST00003099,BR0022,SAVINGS,DORMANT,2/4/2023,NPR,1/1/2026
ACC0000005141,CUST00004971,BR0034,SAVINGS,ACTIVE,2/8/2021,NPR,1/1/2026
ACC0000005142,CUST00002667,BR0029,CURRENT,ACTIVE,10/11/2024,NPR,1/1/2026
ACC0000005143,CUST00001774,BR0019,LOAN,ACTIVE,1/27/2024,NPR,1/1/2026
ACC0000005144,CUST00001880,BR0039,CURRENT,ACTIVE,8/13/2020,NPR,1/1/2026
ACC0000005145,CUST00002015,BR0022,CURRENT,ACTIVE,3/29/2022,NPR,1/1/2026
ACC0000005146,CUST00000628,BR0008,WALLET,ACTIVE,3/11/2019,NPR,1/1/2026
ACC0000005147,CUST00004795,BR0039,SALARY,ACTIVE,11/8/2025,NPR,1/1/2026
ACC0000005148,CUST00000835,BR0013,CURRENT,DORMANT,3/12/2020,NPR,1/1/2026
ACC0000005149,CUST00000813,BR0009,LOAN,ACTIVE,5/30/2023,NPR,1/1/2026
ACC0000005150,CUST00001502,BR0006,SAVINGS,DORMANT,6/30/2021,NPR,1/1/2026
ACC0000005151,CUST00004151,BR0022,WALLET,ACTIVE,3/12/2025,NPR,1/1/2026
ACC0000005152,CUST00002859,BR0007,CURRENT,ACTIVE,5/15/2020,NPR,1/1/2026
ACC0000005153,CUST00004818,BR0026,LOAN,ACTIVE,10/16/2020,NPR,1/1/2026
ACC0000005154,CUST00003921,BR0026,WALLET,ACTIVE,2/10/2024,NPR,1/1/2026
ACC0000005155,CUST00001478,BR0011,SALARY,ACTIVE,5/27/2024,NPR,1/1/2026
ACC0000005156,CUST00001095,BR0034,CURRENT,ACTIVE,6/11/2021,NPR,1/1/2026
ACC0000005157,CUST00002625,BR0030,WALLET,ACTIVE,2/6/2022,NPR,1/1/2026
ACC0000005158,CUST00004220,BR0040,SAVINGS,ACTIVE,8/21/2024,NPR,1/1/2026
ACC0000005159,CUST00002618,BR0012,LOAN,ACTIVE,10/23/2019,NPR,1/1/2026
ACC0000005160,CUST00003243,BR0011,LOAN,ACTIVE,8/9/2025,NPR,1/1/2026
ACC0000005161,CUST00001273,BR0025,SAVINGS,ACTIVE,4/2/2023,NPR,1/1/2026
ACC0000005162,CUST00000998,BR0007,SAVINGS,ACTIVE,5/26/2020,NPR,1/1/2026
ACC0000005163,CUST00001268,BR0008,SAVINGS,ACTIVE,9/10/2023,NPR,1/1/2026
ACC0000005164,CUST00002377,BR0002,SAVINGS,ACTIVE,1/2/2023,NPR,1/1/2026
ACC0000005165,CUST00004086,BR0010,SAVINGS,ACTIVE,7/22/2025,NPR,1/1/2026
ACC0000005166,CUST00002294,BR0026,WALLET,ACTIVE,8/31/2023,NPR,1/1/2026
ACC0000005167,CUST00002552,BR0017,SALARY,ACTIVE,6/26/2020,NPR,1/1/2026
ACC0000005168,CUST00002604,BR0017,LOAN,ACTIVE,9/28/2019,NPR,1/1/2026
ACC0000005169,CUST00003329,BR0013,CURRENT,ACTIVE,4/21/2025,NPR,1/1/2026
ACC0000005170,CUST00002300,BR0027,SALARY,ACTIVE,9/10/2019,NPR,1/1/2026
ACC0000005171,CUST00001274,BR0032,SALARY,ACTIVE,7/8/2020,NPR,1/1/2026
ACC0000005172,CUST00004544,BR0015,SALARY,ACTIVE,3/22/2022,NPR,1/1/2026
ACC0000005173,CUST00002732,BR0017,CURRENT,ACTIVE,11/18/2025,NPR,1/1/2026
ACC0000005174,CUST00000684,BR0039,WALLET,ACTIVE,7/8/2023,NPR,1/1/2026
ACC0000005175,CUST00003831,BR0013,CURRENT,BLOCKED,3/4/2022,NPR,1/1/2026
ACC0000005176,CUST00001792,BR0022,SALARY,BLOCKED,10/25/2021,NPR,1/1/2026
ACC0000005177,CUST00002524,BR0005,SALARY,ACTIVE,2/13/2020,NPR,1/1/2026
ACC0000005178,CUST00004849,BR0003,WALLET,ACTIVE,2/23/2024,NPR,1/1/2026
ACC0000005179,CUST00003905,BR0012,SAVINGS,ACTIVE,3/17/2021,NPR,1/1/2026
ACC0000005180,CUST00003087,BR0038,LOAN,ACTIVE,6/25/2020,NPR,1/1/2026
ACC0000005181,CUST00003369,BR0026,WALLET,ACTIVE,9/14/2022,NPR,1/1/2026
ACC0000005182,CUST00004213,BR0001,CURRENT,ACTIVE,1/4/2024,NPR,1/1/2026
ACC0000005183,CUST00003265,BR0020,CURRENT,ACTIVE,2/24/2025,NPR,1/1/2026
ACC0000005184,CUST00002376,BR0025,SALARY,ACTIVE,6/22/2020,NPR,1/1/2026
ACC0000005185,CUST00003506,BR0006,SALARY,ACTIVE,8/13/2024,NPR,1/1/2026
ACC0000005186,CUST00000089,BR0006,SAVINGS,ACTIVE,1/29/2021,NPR,1/1/2026
ACC0000005187,CUST00004298,BR0016,WALLET,ACTIVE,6/30/2024,NPR,1/1/2026
ACC0000005188,CUST00001317,BR0010,WALLET,ACTIVE,5/4/2023,NPR,1/1/2026
ACC0000005189,CUST00002122,BR0012,SAVINGS,ACTIVE,11/29/2021,NPR,1/1/2026
ACC0000005190,CUST00003396,BR0024,LOAN,ACTIVE,5/9/2019,NPR,1/1/2026
ACC0000005191,CUST00003240,BR0027,LOAN,CLOSED,12/1/2022,NPR,1/1/2026
ACC0000005192,CUST00003820,BR0035,CURRENT,ACTIVE,6/3/2020,NPR,1/1/2026
ACC0000005193,CUST00004935,BR0024,WALLET,ACTIVE,6/12/2020,NPR,1/1/2026
ACC0000005194,CUST00002955,BR0017,LOAN,ACTIVE,12/1/2019,NPR,1/1/2026
ACC0000005195,CUST00004150,BR0024,SAVINGS,ACTIVE,8/16/2021,NPR,1/1/2026
ACC0000005196,CUST00000602,BR0004,SALARY,ACTIVE,12/21/2020,NPR,1/1/2026
ACC0000005197,CUST00004914,BR0016,LOAN,ACTIVE,2/14/2023,NPR,1/1/2026
ACC0000005198,CUST00003267,BR0008,LOAN,ACTIVE,6/13/2025,NPR,1/1/2026
ACC0000005199,CUST00000479,BR0031,SALARY,ACTIVE,11/8/2019,NPR,1/1/2026
ACC0000005200,CUST00000294,BR0007,CURRENT,ACTIVE,4/14/2024,NPR,1/1/2026
ACC0000005201,CUST00000826,BR0023,SAVINGS,ACTIVE,2/17/2020,NPR,1/1/2026
ACC0000005202,CUST00002134,BR0040,SAVINGS,ACTIVE,7/19/2024,NPR,1/1/2026
ACC0000005203,CUST00004432,BR0008,SALARY,ACTIVE,11/30/2025,NPR,1/1/2026
ACC0000005204,CUST00002535,BR0019,WALLET,ACTIVE,10/2/2019,NPR,1/1/2026
ACC0000005205,CUST00001716,BR0024,LOAN,ACTIVE,12/25/2023,NPR,1/1/2026
ACC0000005206,CUST00003985,BR0008,SALARY,ACTIVE,1/13/2021,NPR,1/1/2026
ACC0000005207,CUST00004305,BR0016,WALLET,ACTIVE,8/23/2025,NPR,1/1/2026
ACC0000005208,CUST00004104,BR0028,LOAN,CLOSED,3/16/2025,NPR,1/1/2026
ACC0000005209,CUST00001812,BR0013,WALLET,ACTIVE,10/19/2021,NPR,1/1/2026
ACC0000005210,CUST00001761,BR0037,SALARY,ACTIVE,7/27/2020,NPR,1/1/2026
ACC0000005211,CUST00001403,BR0007,CURRENT,DORMANT,9/5/2023,NPR,1/1/2026
ACC0000005212,CUST00000660,BR0003,SALARY,ACTIVE,12/10/2025,NPR,1/1/2026
ACC0000005213,CUST00002597,BR0001,CURRENT,ACTIVE,5/31/2019,NPR,1/1/2026
ACC0000005214,CUST00002434,BR0033,WALLET,ACTIVE,8/7/2023,NPR,1/1/2026
ACC0000005215,CUST00000960,BR0018,SALARY,ACTIVE,8/18/2021,NPR,1/1/2026
ACC0000005216,CUST00002042,BR0003,SALARY,CLOSED,6/1/2019,NPR,1/1/2026
ACC0000005217,CUST00004857,BR0031,SALARY,ACTIVE,7/20/2021,NPR,1/1/2026
ACC0000005218,CUST00001781,BR0029,WALLET,ACTIVE,11/26/2022,NPR,1/1/2026
ACC0000005219,CUST00004582,BR0030,WALLET,DORMANT,3/26/2019,NPR,1/1/2026
ACC0000005220,CUST00002804,BR0015,LOAN,ACTIVE,10/13/2023,NPR,1/1/2026
ACC0000005221,CUST00003353,BR0019,WALLET,ACTIVE,7/22/2023,NPR,1/1/2026
ACC0000005222,CUST00001955,BR0018,SAVINGS,ACTIVE,3/12/2025,NPR,1/1/2026
ACC0000005223,CUST00000582,BR0038,SALARY,ACTIVE,3/10/2025,NPR,1/1/2026
ACC0000005224,CUST00001907,BR0009,CURRENT,ACTIVE,2/8/2021,NPR,1/1/2026
ACC0000005225,CUST00003422,BR0009,SALARY,ACTIVE,10/11/2022,NPR,1/1/2026
ACC0000005226,CUST00004106,BR0029,LOAN,ACTIVE,1/18/2021,NPR,1/1/2026
ACC0000005227,CUST00001029,BR0028,SALARY,ACTIVE,3/13/2024,NPR,1/1/2026
ACC0000005228,CUST00004946,BR0016,SAVINGS,ACTIVE,1/18/2024,NPR,1/1/2026
ACC0000005229,CUST00000016,BR0040,WALLET,ACTIVE,4/8/2025,NPR,1/1/2026
ACC0000005230,CUST00000359,BR0032,SAVINGS,ACTIVE,8/22/2025,NPR,1/1/2026
ACC0000005231,CUST00004713,BR0035,SALARY,ACTIVE,6/22/2025,NPR,1/1/2026
ACC0000005232,CUST00000761,BR0017,SAVINGS,ACTIVE,10/10/2025,NPR,1/1/2026
ACC0000005233,CUST00000973,BR0037,LOAN,ACTIVE,2/28/2019,NPR,1/1/2026
ACC0000005234,CUST00000376,BR0033,LOAN,ACTIVE,1/19/2022,NPR,1/1/2026
ACC0000005235,CUST00004306,BR0011,SALARY,ACTIVE,9/1/2025,NPR,1/1/2026
ACC0000005236,CUST00001315,BR0004,LOAN,ACTIVE,11/14/2020,NPR,1/1/2026
ACC0000005237,CUST00003662,BR0017,LOAN,ACTIVE,10/15/2025,NPR,1/1/2026
ACC0000005238,CUST00000054,BR0011,WALLET,ACTIVE,2/10/2023,NPR,1/1/2026
ACC0000005239,CUST00000609,BR0038,CURRENT,ACTIVE,6/21/2021,NPR,1/1/2026
ACC0000005240,CUST00003600,BR0020,LOAN,ACTIVE,9/21/2021,NPR,1/1/2026
ACC0000005241,CUST00001014,BR0030,SAVINGS,ACTIVE,6/6/2023,NPR,1/1/2026
ACC0000005242,CUST00001839,BR0009,CURRENT,ACTIVE,11/18/2024,NPR,1/1/2026
ACC0000005243,CUST00003756,BR0007,LOAN,ACTIVE,4/23/2024,NPR,1/1/2026
ACC0000005244,CUST00002928,BR0013,LOAN,ACTIVE,3/22/2024,NPR,1/1/2026
ACC0000005245,CUST00000123,BR0038,SALARY,ACTIVE,3/31/2024,NPR,1/1/2026
ACC0000005246,CUST00003168,BR0030,CURRENT,ACTIVE,9/22/2020,NPR,1/1/2026
ACC0000005247,CUST00003372,BR0007,SAVINGS,ACTIVE,4/12/2020,NPR,1/1/2026
ACC0000005248,CUST00003218,BR0023,CURRENT,ACTIVE,1/31/2024,NPR,1/1/2026
ACC0000005249,CUST00003099,BR0033,WALLET,ACTIVE,8/19/2024,NPR,1/1/2026
ACC0000005250,CUST00000306,BR0006,SAVINGS,CLOSED,6/14/2020,NPR,1/1/2026
ACC0000005251,CUST00002989,BR0002,WALLET,ACTIVE,8/1/2025,NPR,1/1/2026
ACC0000005252,CUST00003431,BR0023,LOAN,ACTIVE,1/11/2020,NPR,1/1/2026
ACC0000005253,CUST00004750,BR0025,WALLET,DORMANT,7/12/2022,NPR,1/1/2026
ACC0000005254,CUST00001172,BR0014,LOAN,DORMANT,5/6/2023,NPR,1/1/2026
ACC0000005255,CUST00002011,BR0035,SALARY,BLOCKED,6/14/2022,NPR,1/1/2026
ACC0000005256,CUST00002922,BR0027,WALLET,ACTIVE,12/30/2023,NPR,1/1/2026
ACC0000005257,CUST00001334,BR0027,LOAN,ACTIVE,5/29/2019,NPR,1/1/2026
ACC0000005258,CUST00004653,BR0030,LOAN,ACTIVE,5/31/2024,NPR,1/1/2026
ACC0000005259,CUST00003524,BR0019,SALARY,ACTIVE,10/3/2025,NPR,1/1/2026
ACC0000005260,CUST00000819,BR0024,WALLET,ACTIVE,7/14/2019,NPR,1/1/2026
ACC0000005261,CUST00001518,BR0027,WALLET,ACTIVE,3/16/2025,NPR,1/1/2026
ACC0000005262,CUST00001448,BR0035,WALLET,ACTIVE,4/25/2023,NPR,1/1/2026
ACC0000005263,CUST00002190,BR0010,CURRENT,ACTIVE,10/23/2023,NPR,1/1/2026
ACC0000005264,CUST00001626,BR0014,WALLET,ACTIVE,7/28/2022,NPR,1/1/2026
ACC0000005265,CUST00002812,BR0016,WALLET,ACTIVE,6/10/2020,NPR,1/1/2026
ACC0000005266,CUST00001393,BR0027,CURRENT,ACTIVE,12/6/2019,NPR,1/1/2026
ACC0000005267,CUST00004819,BR0021,CURRENT,ACTIVE,5/24/2022,NPR,1/1/2026
ACC0000005268,CUST00001181,BR0039,WALLET,ACTIVE,9/24/2025,NPR,1/1/2026
ACC0000005269,CUST00004736,BR0040,WALLET,ACTIVE,12/29/2025,NPR,1/1/2026
ACC0000005270,CUST00004134,BR0013,CURRENT,ACTIVE,10/3/2025,NPR,1/1/2026
ACC0000005271,CUST00001768,BR0007,WALLET,ACTIVE,7/16/2022,NPR,1/1/2026
ACC0000005272,CUST00003716,BR0017,SAVINGS,ACTIVE,8/17/2021,NPR,1/1/2026
ACC0000005273,CUST00002428,BR0029,CURRENT,ACTIVE,12/7/2025,NPR,1/1/2026
ACC0000005274,CUST00000233,BR0036,CURRENT,ACTIVE,4/21/2024,NPR,1/1/2026
ACC0000005275,CUST00001886,BR0022,SALARY,ACTIVE,5/19/2025,NPR,1/1/2026
ACC0000005276,CUST00000768,BR0026,LOAN,ACTIVE,3/27/2019,NPR,1/1/2026
ACC0000005277,CUST00002064,BR0016,CURRENT,DORMANT,12/25/2023,NPR,1/1/2026
ACC0000005278,CUST00001673,BR0001,LOAN,ACTIVE,12/17/2020,NPR,1/1/2026
ACC0000005279,CUST00000973,BR0023,WALLET,ACTIVE,12/19/2019,NPR,1/1/2026
ACC0000005280,CUST00000708,BR0011,SALARY,DORMANT,5/12/2023,NPR,1/1/2026
ACC0000005281,CUST00003447,BR0015,SALARY,ACTIVE,9/1/2020,NPR,1/1/2026
ACC0000005282,CUST00002878,BR0002,WALLET,ACTIVE,8/7/2024,NPR,1/1/2026
ACC0000005283,CUST00004201,BR0015,LOAN,ACTIVE,11/29/2021,NPR,1/1/2026
ACC0000005284,CUST00002205,BR0021,WALLET,ACTIVE,12/4/2022,NPR,1/1/2026
ACC0000005285,CUST00000663,BR0023,SALARY,ACTIVE,7/18/2021,NPR,1/1/2026
ACC0000005286,CUST00002834,BR0026,WALLET,DORMANT,2/2/2020,NPR,1/1/2026
ACC0000005287,CUST00003096,BR0007,CURRENT,ACTIVE,6/1/2019,NPR,1/1/2026
ACC0000005288,CUST00004709,BR0040,SAVINGS,ACTIVE,11/27/2024,NPR,1/1/2026
ACC0000005289,CUST00003964,BR0017,SAVINGS,ACTIVE,8/31/2023,NPR,1/1/2026
ACC0000005290,CUST00003856,BR0027,SAVINGS,ACTIVE,5/1/2019,NPR,1/1/2026
ACC0000005291,CUST00001835,BR0026,SAVINGS,ACTIVE,6/13/2024,NPR,1/1/2026
ACC0000005292,CUST00001201,BR0017,WALLET,DORMANT,2/24/2025,NPR,1/1/2026
ACC0000005293,CUST00000807,BR0025,CURRENT,ACTIVE,5/16/2020,NPR,1/1/2026
ACC0000005294,CUST00004486,BR0027,LOAN,ACTIVE,9/16/2023,NPR,1/1/2026
ACC0000005295,CUST00000944,BR0005,SAVINGS,ACTIVE,8/19/2021,NPR,1/1/2026
ACC0000005296,CUST00000047,BR0002,WALLET,ACTIVE,3/29/2021,NPR,1/1/2026
ACC0000005297,CUST00003692,BR0029,CURRENT,ACTIVE,5/29/2025,NPR,1/1/2026
ACC0000005298,CUST00003072,BR0013,SAVINGS,ACTIVE,3/27/2023,NPR,1/1/2026
ACC0000005299,CUST00003614,BR0020,CURRENT,ACTIVE,3/8/2021,NPR,1/1/2026
ACC0000005300,CUST00004427,BR0006,LOAN,ACTIVE,10/24/2022,NPR,1/1/2026
ACC0000005301,CUST00002734,BR0008,SAVINGS,ACTIVE,1/9/2021,NPR,1/1/2026
ACC0000005302,CUST00000626,BR0020,LOAN,ACTIVE,12/27/2023,NPR,1/1/2026
ACC0000005303,CUST00001639,BR0030,WALLET,ACTIVE,6/22/2022,NPR,1/1/2026
ACC0000005304,CUST00003942,BR0039,SALARY,ACTIVE,4/17/2021,NPR,1/1/2026
ACC0000005305,CUST00001454,BR0016,WALLET,DORMANT,10/11/2019,NPR,1/1/2026
ACC0000005306,CUST00002458,BR0005,WALLET,ACTIVE,11/8/2022,NPR,1/1/2026
ACC0000005307,CUST00002006,BR0033,WALLET,ACTIVE,7/8/2024,NPR,1/1/2026
ACC0000005308,CUST00004179,BR0004,SALARY,ACTIVE,4/25/2024,NPR,1/1/2026
ACC0000005309,CUST00000034,BR0040,LOAN,DORMANT,4/3/2020,NPR,1/1/2026
ACC0000005310,CUST00002708,BR0034,LOAN,ACTIVE,12/20/2022,NPR,1/1/2026
ACC0000005311,CUST00001161,BR0001,SAVINGS,ACTIVE,6/7/2021,NPR,1/1/2026
ACC0000005312,CUST00000279,BR0038,WALLET,ACTIVE,6/26/2024,NPR,1/1/2026
ACC0000005313,CUST00000637,BR0035,SALARY,ACTIVE,8/19/2024,NPR,1/1/2026
ACC0000005314,CUST00004142,BR0025,SAVINGS,ACTIVE,5/2/2025,NPR,1/1/2026
ACC0000005315,CUST00004506,BR0027,CURRENT,ACTIVE,7/9/2022,NPR,1/1/2026
ACC0000005316,CUST00000676,BR0028,CURRENT,ACTIVE,9/3/2020,NPR,1/1/2026
ACC0000005317,CUST00001121,BR0028,WALLET,ACTIVE,7/6/2023,NPR,1/1/2026
ACC0000005318,CUST00000796,BR0001,WALLET,DORMANT,8/5/2022,NPR,1/1/2026
ACC0000005319,CUST00001347,BR0017,WALLET,ACTIVE,7/27/2022,NPR,1/1/2026
ACC0000005320,CUST00002028,BR0027,LOAN,DORMANT,8/10/2019,NPR,1/1/2026
ACC0000005321,CUST00003357,BR0021,SALARY,ACTIVE,3/20/2024,NPR,1/1/2026
ACC0000005322,CUST00002157,BR0027,CURRENT,ACTIVE,11/19/2019,NPR,1/1/2026
ACC0000005323,CUST00004243,BR0037,SALARY,DORMANT,11/28/2025,NPR,1/1/2026
ACC0000005324,CUST00001694,BR0005,WALLET,ACTIVE,1/24/2024,NPR,1/1/2026
ACC0000005325,CUST00002584,BR0039,LOAN,DORMANT,3/26/2020,NPR,1/1/2026
ACC0000005326,CUST00004549,BR0021,SALARY,ACTIVE,2/26/2021,NPR,1/1/2026
ACC0000005327,CUST00002665,BR0031,LOAN,ACTIVE,9/14/2020,NPR,1/1/2026
ACC0000005328,CUST00000899,BR0003,LOAN,DORMANT,12/1/2020,NPR,1/1/2026
ACC0000005329,CUST00001495,BR0011,LOAN,ACTIVE,9/29/2019,NPR,1/1/2026
ACC0000005330,CUST00003775,BR0030,LOAN,ACTIVE,12/15/2025,NPR,1/1/2026
ACC0000005331,CUST00002666,BR0002,SALARY,ACTIVE,11/3/2024,NPR,1/1/2026
ACC0000005332,CUST00004150,BR0011,WALLET,ACTIVE,4/16/2020,NPR,1/1/2026
ACC0000005333,CUST00000844,BR0027,CURRENT,ACTIVE,3/9/2024,NPR,1/1/2026
ACC0000005334,CUST00004109,BR0019,CURRENT,ACTIVE,10/20/2020,NPR,1/1/2026
ACC0000005335,CUST00003471,BR0010,SAVINGS,ACTIVE,2/8/2022,NPR,1/1/2026
ACC0000005336,CUST00004826,BR0026,WALLET,ACTIVE,8/26/2025,NPR,1/1/2026
ACC0000005337,CUST00004473,BR0026,SAVINGS,ACTIVE,6/6/2025,NPR,1/1/2026
ACC0000005338,CUST00001060,BR0010,SALARY,ACTIVE,5/31/2024,NPR,1/1/2026
ACC0000005339,CUST00001861,BR0005,LOAN,ACTIVE,7/13/2023,NPR,1/1/2026
ACC0000005340,CUST00001382,BR0033,LOAN,ACTIVE,11/16/2019,NPR,1/1/2026
ACC0000005341,CUST00000570,BR0003,SAVINGS,ACTIVE,1/12/2022,NPR,1/1/2026
ACC0000005342,CUST00004396,BR0014,SAVINGS,ACTIVE,1/1/2020,NPR,1/1/2026
ACC0000005343,CUST00001756,BR0012,LOAN,ACTIVE,2/9/2021,NPR,1/1/2026
ACC0000005344,CUST00000822,BR0031,LOAN,ACTIVE,1/10/2023,NPR,1/1/2026
ACC0000005345,CUST00002942,BR0018,SALARY,ACTIVE,11/7/2023,NPR,1/1/2026
ACC0000005346,CUST00003193,BR0037,SALARY,ACTIVE,9/19/2020,NPR,1/1/2026
ACC0000005347,CUST00002595,BR0039,CURRENT,ACTIVE,9/5/2023,NPR,1/1/2026
ACC0000005348,CUST00001430,BR0036,CURRENT,ACTIVE,10/11/2020,NPR,1/1/2026
ACC0000005349,CUST00000889,BR0029,SALARY,CLOSED,12/16/2022,NPR,1/1/2026
ACC0000005350,CUST00004341,BR0033,WALLET,ACTIVE,5/19/2020,NPR,1/1/2026
ACC0000005351,CUST00002820,BR0008,SAVINGS,ACTIVE,5/18/2025,NPR,1/1/2026
ACC0000005352,CUST00004488,BR0015,CURRENT,DORMANT,11/27/2019,NPR,1/1/2026
ACC0000005353,CUST00004512,BR0020,WALLET,ACTIVE,9/22/2023,NPR,1/1/2026
ACC0000005354,CUST00004753,BR0020,LOAN,DORMANT,10/25/2024,NPR,1/1/2026
ACC0000005355,CUST00001741,BR0030,SALARY,ACTIVE,8/8/2019,NPR,1/1/2026
ACC0000005356,CUST00001884,BR0020,SAVINGS,ACTIVE,4/19/2024,NPR,1/1/2026
ACC0000005357,CUST00000012,BR0033,CURRENT,ACTIVE,6/7/2021,NPR,1/1/2026
ACC0000005358,CUST00000374,BR0034,LOAN,ACTIVE,10/8/2020,NPR,1/1/2026
ACC0000005359,CUST00001435,BR0017,LOAN,ACTIVE,8/27/2024,NPR,1/1/2026
ACC0000005360,CUST00001259,BR0011,WALLET,BLOCKED,8/12/2025,NPR,1/1/2026
ACC0000005361,CUST00002781,BR0021,SALARY,ACTIVE,11/12/2023,NPR,1/1/2026
ACC0000005362,CUST00002361,BR0034,CURRENT,ACTIVE,12/3/2025,NPR,1/1/2026
ACC0000005363,CUST00001227,BR0014,SALARY,ACTIVE,6/24/2019,NPR,1/1/2026
ACC0000005364,CUST00002390,BR0013,SALARY,ACTIVE,8/5/2020,NPR,1/1/2026
ACC0000005365,CUST00000505,BR0021,SALARY,ACTIVE,11/26/2023,NPR,1/1/2026
ACC0000005366,CUST00004896,BR0004,SALARY,ACTIVE,5/20/2024,NPR,1/1/2026
ACC0000005367,CUST00003575,BR0019,LOAN,ACTIVE,8/18/2020,NPR,1/1/2026
ACC0000005368,CUST00001220,BR0021,SAVINGS,ACTIVE,10/19/2019,NPR,1/1/2026
ACC0000005369,CUST00004752,BR0037,CURRENT,ACTIVE,4/19/2020,NPR,1/1/2026
ACC0000005370,CUST00002755,BR0038,CURRENT,ACTIVE,5/21/2020,NPR,1/1/2026
ACC0000005371,CUST00000813,BR0014,CURRENT,ACTIVE,3/19/2020,NPR,1/1/2026
ACC0000005372,CUST00001729,BR0030,CURRENT,BLOCKED,4/27/2025,NPR,1/1/2026
ACC0000005373,CUST00001878,BR0032,SAVINGS,ACTIVE,8/30/2019,NPR,1/1/2026
ACC0000005374,CUST00002866,BR0005,WALLET,ACTIVE,2/26/2022,NPR,1/1/2026
ACC0000005375,CUST00001751,BR0005,WALLET,ACTIVE,8/20/2022,NPR,1/1/2026
ACC0000005376,CUST00003275,BR0002,SAVINGS,ACTIVE,7/18/2022,NPR,1/1/2026
ACC0000005377,CUST00000926,BR0032,SAVINGS,ACTIVE,1/15/2025,NPR,1/1/2026
ACC0000005378,CUST00000490,BR0007,LOAN,ACTIVE,7/20/2021,NPR,1/1/2026
ACC0000005379,CUST00003226,BR0031,SALARY,ACTIVE,10/9/2021,NPR,1/1/2026
ACC0000005380,CUST00001793,BR0036,LOAN,ACTIVE,9/17/2024,NPR,1/1/2026
ACC0000005381,CUST00001357,BR0020,LOAN,DORMANT,7/2/2025,NPR,1/1/2026
ACC0000005382,CUST00004394,BR0025,SAVINGS,ACTIVE,2/12/2020,NPR,1/1/2026
ACC0000005383,CUST00004464,BR0015,SALARY,ACTIVE,3/18/2019,NPR,1/1/2026
ACC0000005384,CUST00003534,BR0019,SAVINGS,ACTIVE,3/20/2021,NPR,1/1/2026
ACC0000005385,CUST00003240,BR0021,SALARY,ACTIVE,8/19/2024,NPR,1/1/2026
ACC0000005386,CUST00003677,BR0020,SALARY,ACTIVE,3/21/2021,NPR,1/1/2026
ACC0000005387,CUST00003361,BR0009,WALLET,ACTIVE,7/22/2020,NPR,1/1/2026
ACC0000005388,CUST00002585,BR0010,SALARY,ACTIVE,2/1/2025,NPR,1/1/2026
ACC0000005389,CUST00000513,BR0024,WALLET,ACTIVE,2/2/2024,NPR,1/1/2026
ACC0000005390,CUST00000767,BR0015,SALARY,ACTIVE,10/13/2019,NPR,1/1/2026
ACC0000005391,CUST00000331,BR0029,SALARY,ACTIVE,7/8/2021,NPR,1/1/2026
ACC0000005392,CUST00000408,BR0029,CURRENT,ACTIVE,6/25/2023,NPR,1/1/2026
ACC0000005393,CUST00000462,BR0038,WALLET,ACTIVE,10/15/2024,NPR,1/1/2026
ACC0000005394,CUST00004891,BR0014,SAVINGS,ACTIVE,9/22/2021,NPR,1/1/2026
ACC0000005395,CUST00002237,BR0023,WALLET,ACTIVE,7/10/2025,NPR,1/1/2026
ACC0000005396,CUST00004346,BR0014,WALLET,ACTIVE,1/14/2024,NPR,1/1/2026
ACC0000005397,CUST00003289,BR0029,SALARY,ACTIVE,4/1/2024,NPR,1/1/2026
ACC0000005398,CUST00004166,BR0034,WALLET,ACTIVE,3/29/2024,NPR,1/1/2026
ACC0000005399,CUST00001535,BR0030,SALARY,ACTIVE,1/26/2023,NPR,1/1/2026
ACC0000005400,CUST00001816,BR0012,WALLET,ACTIVE,8/13/2024,NPR,1/1/2026
ACC0000005401,CUST00002267,BR0014,WALLET,ACTIVE,11/9/2019,NPR,1/1/2026
ACC0000005402,CUST00003314,BR0019,WALLET,ACTIVE,3/6/2025,NPR,1/1/2026
ACC0000005403,CUST00000216,BR0035,CURRENT,ACTIVE,5/29/2021,NPR,1/1/2026
ACC0000005404,CUST00001153,BR0008,SAVINGS,ACTIVE,8/16/2019,NPR,1/1/2026
ACC0000005405,CUST00004972,BR0038,SAVINGS,ACTIVE,8/24/2025,NPR,1/1/2026
ACC0000005406,CUST00002367,BR0029,CURRENT,ACTIVE,5/13/2022,NPR,1/1/2026
ACC0000005407,CUST00004054,BR0036,SALARY,ACTIVE,8/9/2025,NPR,1/1/2026
ACC0000005408,CUST00001910,BR0022,SAVINGS,ACTIVE,9/11/2019,NPR,1/1/2026
ACC0000005409,CUST00001788,BR0008,CURRENT,ACTIVE,5/27/2021,NPR,1/1/2026
ACC0000005410,CUST00003022,BR0014,CURRENT,ACTIVE,12/28/2020,NPR,1/1/2026
ACC0000005411,CUST00001629,BR0028,CURRENT,ACTIVE,8/5/2020,NPR,1/1/2026
ACC0000005412,CUST00002896,BR0021,SAVINGS,ACTIVE,5/31/2023,NPR,1/1/2026
ACC0000005413,CUST00002075,BR0014,SALARY,ACTIVE,9/12/2023,NPR,1/1/2026
ACC0000005414,CUST00004142,BR0022,CURRENT,ACTIVE,4/1/2019,NPR,1/1/2026
ACC0000005415,CUST00003537,BR0024,SALARY,ACTIVE,7/2/2020,NPR,1/1/2026
ACC0000005416,CUST00004278,BR0013,SAVINGS,ACTIVE,7/5/2019,NPR,1/1/2026
ACC0000005417,CUST00001182,BR0036,WALLET,ACTIVE,12/10/2025,NPR,1/1/2026
ACC0000005418,CUST00003004,BR0030,SALARY,ACTIVE,5/12/2024,NPR,1/1/2026
ACC0000005419,CUST00004589,BR0033,LOAN,ACTIVE,9/23/2025,NPR,1/1/2026
ACC0000005420,CUST00002037,BR0040,LOAN,ACTIVE,6/2/2025,NPR,1/1/2026
ACC0000005421,CUST00003414,BR0032,CURRENT,ACTIVE,8/5/2023,NPR,1/1/2026
ACC0000005422,CUST00004277,BR0035,WALLET,ACTIVE,10/13/2025,NPR,1/1/2026
ACC0000005423,CUST00003123,BR0029,CURRENT,ACTIVE,6/20/2022,NPR,1/1/2026
ACC0000005424,CUST00003996,BR0027,SALARY,ACTIVE,11/13/2023,NPR,1/1/2026
ACC0000005425,CUST00001385,BR0005,LOAN,ACTIVE,8/29/2019,NPR,1/1/2026
ACC0000005426,CUST00001381,BR0006,WALLET,ACTIVE,11/26/2025,NPR,1/1/2026
ACC0000005427,CUST00004136,BR0011,CURRENT,ACTIVE,9/17/2023,NPR,1/1/2026
ACC0000005428,CUST00003171,BR0004,CURRENT,CLOSED,4/9/2024,NPR,1/1/2026
ACC0000005429,CUST00004179,BR0017,SALARY,ACTIVE,3/27/2025,NPR,1/1/2026
ACC0000005430,CUST00003585,BR0023,CURRENT,ACTIVE,8/26/2022,NPR,1/1/2026
ACC0000005431,CUST00004075,BR0039,CURRENT,ACTIVE,10/19/2022,NPR,1/1/2026
ACC0000005432,CUST00002774,BR0018,SALARY,ACTIVE,5/25/2019,NPR,1/1/2026
ACC0000005433,CUST00001518,BR0038,CURRENT,ACTIVE,7/4/2023,NPR,1/1/2026
ACC0000005434,CUST00002213,BR0006,SALARY,ACTIVE,1/2/2020,NPR,1/1/2026
ACC0000005435,CUST00004743,BR0020,SALARY,ACTIVE,4/7/2019,NPR,1/1/2026
ACC0000005436,CUST00001364,BR0027,WALLET,DORMANT,8/1/2023,NPR,1/1/2026
ACC0000005437,CUST00003640,BR0016,WALLET,ACTIVE,9/29/2023,NPR,1/1/2026
ACC0000005438,CUST00002486,BR0015,SAVINGS,ACTIVE,11/16/2019,NPR,1/1/2026
ACC0000005439,CUST00003863,BR0033,SALARY,DORMANT,8/17/2025,NPR,1/1/2026
ACC0000005440,CUST00004710,BR0027,WALLET,ACTIVE,6/1/2023,NPR,1/1/2026
ACC0000005441,CUST00002084,BR0015,CURRENT,ACTIVE,3/1/2022,NPR,1/1/2026
ACC0000005442,CUST00004358,BR0026,LOAN,ACTIVE,4/21/2023,NPR,1/1/2026
ACC0000005443,CUST00000415,BR0035,LOAN,DORMANT,6/14/2025,NPR,1/1/2026
ACC0000005444,CUST00001323,BR0026,SAVINGS,ACTIVE,3/5/2022,NPR,1/1/2026
ACC0000005445,CUST00003396,BR0036,LOAN,DORMANT,8/21/2022,NPR,1/1/2026
ACC0000005446,CUST00004768,BR0006,SALARY,ACTIVE,7/19/2022,NPR,1/1/2026
ACC0000005447,CUST00001882,BR0005,SAVINGS,ACTIVE,5/24/2020,NPR,1/1/2026
ACC0000005448,CUST00001604,BR0003,CURRENT,ACTIVE,8/8/2021,NPR,1/1/2026
ACC0000005449,CUST00004616,BR0037,CURRENT,ACTIVE,4/4/2021,NPR,1/1/2026
ACC0000005450,CUST00000977,BR0005,LOAN,ACTIVE,2/12/2023,NPR,1/1/2026
ACC0000005451,CUST00000742,BR0022,LOAN,ACTIVE,3/21/2020,NPR,1/1/2026
ACC0000005452,CUST00004716,BR0004,WALLET,ACTIVE,7/13/2020,NPR,1/1/2026
ACC0000005453,CUST00004816,BR0036,CURRENT,ACTIVE,4/19/2019,NPR,1/1/2026
ACC0000005454,CUST00002505,BR0010,WALLET,ACTIVE,9/15/2020,NPR,1/1/2026
ACC0000005455,CUST00002143,BR0008,LOAN,ACTIVE,5/16/2025,NPR,1/1/2026
ACC0000005456,CUST00002625,BR0025,CURRENT,ACTIVE,1/10/2025,NPR,1/1/2026
ACC0000005457,CUST00000654,BR0022,LOAN,ACTIVE,10/28/2021,NPR,1/1/2026
ACC0000005458,CUST00004499,BR0008,LOAN,CLOSED,5/24/2025,NPR,1/1/2026
ACC0000005459,CUST00001418,BR0038,WALLET,ACTIVE,8/11/2022,NPR,1/1/2026
ACC0000005460,CUST00001354,BR0012,SALARY,ACTIVE,9/29/2023,NPR,1/1/2026
ACC0000005461,CUST00000821,BR0001,WALLET,ACTIVE,12/28/2025,NPR,1/1/2026
ACC0000005462,CUST00003084,BR0023,LOAN,ACTIVE,12/16/2023,NPR,1/1/2026
ACC0000005463,CUST00000413,BR0005,CURRENT,CLOSED,8/22/2022,NPR,1/1/2026
ACC0000005464,CUST00000609,BR0015,CURRENT,ACTIVE,2/18/2023,NPR,1/1/2026
ACC0000005465,CUST00002134,BR0005,CURRENT,ACTIVE,10/17/2021,NPR,1/1/2026
ACC0000005466,CUST00003715,BR0035,SALARY,ACTIVE,5/8/2021,NPR,1/1/2026
ACC0000005467,CUST00004933,BR0030,SAVINGS,ACTIVE,6/21/2020,NPR,1/1/2026
ACC0000005468,CUST00004020,BR0014,WALLET,ACTIVE,11/11/2025,NPR,1/1/2026
ACC0000005469,CUST00002643,BR0032,SAVINGS,ACTIVE,1/18/2025,NPR,1/1/2026
ACC0000005470,CUST00002688,BR0028,LOAN,ACTIVE,6/12/2019,NPR,1/1/2026
ACC0000005471,CUST00002390,BR0031,LOAN,CLOSED,5/11/2022,NPR,1/1/2026
ACC0000005472,CUST00003423,BR0019,WALLET,ACTIVE,4/30/2020,NPR,1/1/2026
ACC0000005473,CUST00002704,BR0003,CURRENT,ACTIVE,1/17/2021,NPR,1/1/2026
ACC0000005474,CUST00004413,BR0022,LOAN,ACTIVE,12/17/2019,NPR,1/1/2026
ACC0000005475,CUST00001409,BR0024,CURRENT,ACTIVE,8/10/2021,NPR,1/1/2026
ACC0000005476,CUST00001793,BR0017,SAVINGS,CLOSED,12/25/2025,NPR,1/1/2026
ACC0000005477,CUST00000959,BR0012,LOAN,ACTIVE,5/9/2025,NPR,1/1/2026
ACC0000005478,CUST00003279,BR0023,WALLET,DORMANT,8/1/2022,NPR,1/1/2026
ACC0000005479,CUST00003389,BR0007,CURRENT,DORMANT,2/17/2025,NPR,1/1/2026
ACC0000005480,CUST00001387,BR0033,CURRENT,ACTIVE,10/20/2023,NPR,1/1/2026
ACC0000005481,CUST00000586,BR0035,WALLET,ACTIVE,4/19/2023,NPR,1/1/2026
ACC0000005482,CUST00001048,BR0005,WALLET,ACTIVE,8/28/2020,NPR,1/1/2026
ACC0000005483,CUST00000523,BR0016,LOAN,ACTIVE,5/24/2021,NPR,1/1/2026
ACC0000005484,CUST00001583,BR0036,SALARY,ACTIVE,1/19/2020,NPR,1/1/2026
ACC0000005485,CUST00001991,BR0017,SALARY,ACTIVE,10/31/2022,NPR,1/1/2026
ACC0000005486,CUST00004102,BR0019,SALARY,ACTIVE,3/5/2019,NPR,1/1/2026
ACC0000005487,CUST00002159,BR0011,SAVINGS,ACTIVE,11/15/2024,NPR,1/1/2026
ACC0000005488,CUST00004976,BR0036,LOAN,BLOCKED,1/13/2025,NPR,1/1/2026
ACC0000005489,CUST00000670,BR0037,LOAN,ACTIVE,7/30/2022,NPR,1/1/2026
ACC0000005490,CUST00000206,BR0019,LOAN,ACTIVE,9/23/2025,NPR,1/1/2026
ACC0000005491,CUST00002043,BR0003,CURRENT,ACTIVE,10/2/2019,NPR,1/1/2026
ACC0000005492,CUST00003925,BR0014,SALARY,CLOSED,3/26/2025,NPR,1/1/2026
ACC0000005493,CUST00002843,BR0028,LOAN,ACTIVE,3/12/2020,NPR,1/1/2026
ACC0000005494,CUST00000093,BR0003,LOAN,ACTIVE,7/20/2023,NPR,1/1/2026
ACC0000005495,CUST00004829,BR0020,SALARY,ACTIVE,10/20/2024,NPR,1/1/2026
ACC0000005496,CUST00004737,BR0012,LOAN,ACTIVE,9/5/2025,NPR,1/1/2026
ACC0000005497,CUST00000498,BR0022,WALLET,ACTIVE,6/14/2022,NPR,1/1/2026
ACC0000005498,CUST00001332,BR0022,LOAN,DORMANT,9/22/2023,NPR,1/1/2026
ACC0000005499,CUST00000049,BR0004,SAVINGS,ACTIVE,1/8/2025,NPR,1/1/2026
ACC0000005500,CUST00000266,BR0026,SALARY,ACTIVE,2/14/2025,NPR,1/1/2026
ACC0000005501,CUST00000014,BR0007,SAVINGS,ACTIVE,9/28/2023,NPR,1/1/2026
ACC0000005502,CUST00003326,BR0020,WALLET,ACTIVE,11/12/2021,NPR,1/1/2026
ACC0000005503,CUST00004712,BR0033,CURRENT,ACTIVE,8/13/2025,NPR,1/1/2026
ACC0000005504,CUST00003645,BR0034,CURRENT,ACTIVE,2/9/2024,NPR,1/1/2026
ACC0000005505,CUST00003035,BR0020,WALLET,ACTIVE,8/4/2020,NPR,1/1/2026
ACC0000005506,CUST00004100,BR0013,WALLET,ACTIVE,10/5/2019,NPR,1/1/2026
ACC0000005507,CUST00003100,BR0038,SAVINGS,ACTIVE,3/7/2019,NPR,1/1/2026
ACC0000005508,CUST00002399,BR0030,SAVINGS,ACTIVE,1/15/2021,NPR,1/1/2026
ACC0000005509,CUST00002010,BR0005,SAVINGS,ACTIVE,7/3/2024,NPR,1/1/2026
ACC0000005510,CUST00001739,BR0017,WALLET,ACTIVE,10/5/2025,NPR,1/1/2026
ACC0000005511,CUST00002663,BR0037,WALLET,ACTIVE,2/10/2025,NPR,1/1/2026
ACC0000005512,CUST00002553,BR0020,CURRENT,ACTIVE,5/11/2022,NPR,1/1/2026
ACC0000005513,CUST00002190,BR0012,LOAN,ACTIVE,8/10/2024,NPR,1/1/2026
ACC0000005514,CUST00000593,BR0022,WALLET,ACTIVE,3/22/2023,NPR,1/1/2026
ACC0000005515,CUST00004531,BR0025,SAVINGS,ACTIVE,10/21/2019,NPR,1/1/2026
ACC0000005516,CUST00000248,BR0009,SALARY,ACTIVE,11/26/2024,NPR,1/1/2026
ACC0000005517,CUST00004430,BR0014,SALARY,ACTIVE,4/29/2023,NPR,1/1/2026
ACC0000005518,CUST00000941,BR0040,SAVINGS,ACTIVE,3/14/2023,NPR,1/1/2026
ACC0000005519,CUST00003820,BR0018,SAVINGS,ACTIVE,1/1/2023,NPR,1/1/2026
ACC0000005520,CUST00003826,BR0015,WALLET,ACTIVE,12/14/2019,NPR,1/1/2026
ACC0000005521,CUST00003359,BR0019,WALLET,ACTIVE,7/9/2024,NPR,1/1/2026
ACC0000005522,CUST00000725,BR0021,SAVINGS,ACTIVE,9/8/2020,NPR,1/1/2026
ACC0000005523,CUST00004652,BR0002,WALLET,ACTIVE,1/27/2023,NPR,1/1/2026
ACC0000005524,CUST00000773,BR0037,LOAN,ACTIVE,2/3/2020,NPR,1/1/2026
ACC0000005525,CUST00004827,BR0002,CURRENT,ACTIVE,11/24/2025,NPR,1/1/2026
ACC0000005526,CUST00000468,BR0035,LOAN,ACTIVE,6/5/2024,NPR,1/1/2026
ACC0000005527,CUST00004236,BR0015,SAVINGS,ACTIVE,9/28/2025,NPR,1/1/2026
ACC0000005528,CUST00004248,BR0007,LOAN,DORMANT,3/19/2024,NPR,1/1/2026
ACC0000005529,CUST00002974,BR0002,SALARY,CLOSED,12/25/2019,NPR,1/1/2026
ACC0000005530,CUST00000949,BR0005,SALARY,ACTIVE,3/9/2023,NPR,1/1/2026
ACC0000005531,CUST00000893,BR0021,CURRENT,ACTIVE,1/31/2023,NPR,1/1/2026
ACC0000005532,CUST00004925,BR0003,CURRENT,ACTIVE,1/27/2021,NPR,1/1/2026
ACC0000005533,CUST00000499,BR0002,SAVINGS,ACTIVE,8/28/2024,NPR,1/1/2026
ACC0000005534,CUST00004944,BR0039,SALARY,ACTIVE,3/8/2023,NPR,1/1/2026
ACC0000005535,CUST00003257,BR0011,LOAN,BLOCKED,4/8/2020,NPR,1/1/2026
ACC0000005536,CUST00004693,BR0029,SALARY,ACTIVE,3/13/2022,NPR,1/1/2026
ACC0000005537,CUST00002652,BR0017,WALLET,ACTIVE,8/7/2023,NPR,1/1/2026
ACC0000005538,CUST00004213,BR0010,SAVINGS,ACTIVE,7/22/2022,NPR,1/1/2026
ACC0000005539,CUST00004188,BR0009,SAVINGS,ACTIVE,11/26/2024,NPR,1/1/2026
ACC0000005540,CUST00001014,BR0007,CURRENT,CLOSED,4/4/2021,NPR,1/1/2026
ACC0000005541,CUST00002912,BR0032,SALARY,ACTIVE,10/30/2022,NPR,1/1/2026
ACC0000005542,CUST00003765,BR0032,LOAN,ACTIVE,8/20/2024,NPR,1/1/2026
ACC0000005543,CUST00002106,BR0036,SALARY,ACTIVE,8/29/2024,NPR,1/1/2026
ACC0000005544,CUST00000476,BR0007,LOAN,ACTIVE,8/25/2023,NPR,1/1/2026
ACC0000005545,CUST00000181,BR0022,CURRENT,DORMANT,6/17/2023,NPR,1/1/2026
ACC0000005546,CUST00004144,BR0034,SAVINGS,ACTIVE,12/20/2020,NPR,1/1/2026
ACC0000005547,CUST00004260,BR0039,LOAN,ACTIVE,5/2/2023,NPR,1/1/2026
ACC0000005548,CUST00001400,BR0015,WALLET,ACTIVE,9/28/2023,NPR,1/1/2026
ACC0000005549,CUST00003577,BR0009,WALLET,ACTIVE,1/24/2022,NPR,1/1/2026
ACC0000005550,CUST00004499,BR0023,CURRENT,ACTIVE,2/25/2024,NPR,1/1/2026
ACC0000005551,CUST00000443,BR0037,SALARY,ACTIVE,5/25/2020,NPR,1/1/2026
ACC0000005552,CUST00003894,BR0009,SAVINGS,ACTIVE,7/11/2022,NPR,1/1/2026
ACC0000005553,CUST00000887,BR0016,LOAN,BLOCKED,12/5/2025,NPR,1/1/2026
ACC0000005554,CUST00002747,BR0022,CURRENT,DORMANT,12/8/2024,NPR,1/1/2026
ACC0000005555,CUST00001839,BR0013,SALARY,ACTIVE,12/30/2025,NPR,1/1/2026
ACC0000005556,CUST00003082,BR0030,LOAN,BLOCKED,8/6/2025,NPR,1/1/2026
ACC0000005557,CUST00002262,BR0006,LOAN,ACTIVE,3/3/2025,NPR,1/1/2026
ACC0000005558,CUST00001593,BR0022,WALLET,ACTIVE,12/23/2025,NPR,1/1/2026
ACC0000005559,CUST00003257,BR0039,CURRENT,ACTIVE,10/16/2021,NPR,1/1/2026
ACC0000005560,CUST00002559,BR0001,SAVINGS,ACTIVE,5/10/2022,NPR,1/1/2026
ACC0000005561,CUST00004420,BR0038,WALLET,ACTIVE,8/20/2021,NPR,1/1/2026
ACC0000005562,CUST00003007,BR0005,CURRENT,ACTIVE,12/15/2020,NPR,1/1/2026
ACC0000005563,CUST00003883,BR0011,LOAN,ACTIVE,11/26/2019,NPR,1/1/2026
ACC0000005564,CUST00003423,BR0012,WALLET,ACTIVE,7/24/2019,NPR,1/1/2026
ACC0000005565,CUST00000353,BR0010,CURRENT,ACTIVE,4/10/2022,NPR,1/1/2026
ACC0000005566,CUST00002336,BR0030,WALLET,ACTIVE,4/2/2020,NPR,1/1/2026
ACC0000005567,CUST00003658,BR0008,WALLET,ACTIVE,4/11/2022,NPR,1/1/2026
ACC0000005568,CUST00003761,BR0029,LOAN,ACTIVE,8/7/2024,NPR,1/1/2026
ACC0000005569,CUST00001121,BR0013,CURRENT,ACTIVE,8/26/2020,NPR,1/1/2026
ACC0000005570,CUST00000427,BR0008,SAVINGS,DORMANT,4/27/2020,NPR,1/1/2026
ACC0000005571,CUST00003915,BR0027,WALLET,ACTIVE,4/22/2025,NPR,1/1/2026
ACC0000005572,CUST00002259,BR0014,LOAN,DORMANT,3/9/2025,NPR,1/1/2026
ACC0000005573,CUST00003577,BR0031,WALLET,DORMANT,12/21/2019,NPR,1/1/2026
ACC0000005574,CUST00002312,BR0021,SALARY,ACTIVE,10/13/2024,NPR,1/1/2026
ACC0000005575,CUST00004532,BR0037,WALLET,ACTIVE,7/18/2020,NPR,1/1/2026
ACC0000005576,CUST00001247,BR0027,CURRENT,ACTIVE,1/23/2021,NPR,1/1/2026
ACC0000005577,CUST00001226,BR0038,CURRENT,ACTIVE,8/24/2020,NPR,1/1/2026
ACC0000005578,CUST00001087,BR0006,LOAN,ACTIVE,11/2/2019,NPR,1/1/2026
ACC0000005579,CUST00001656,BR0026,SAVINGS,ACTIVE,12/15/2025,NPR,1/1/2026
ACC0000005580,CUST00000789,BR0024,SALARY,CLOSED,3/23/2024,NPR,1/1/2026
ACC0000005581,CUST00001171,BR0017,SALARY,ACTIVE,9/21/2020,NPR,1/1/2026
ACC0000005582,CUST00004419,BR0013,WALLET,ACTIVE,7/23/2022,NPR,1/1/2026
ACC0000005583,CUST00003337,BR0035,LOAN,CLOSED,1/7/2025,NPR,1/1/2026
ACC0000005584,CUST00002116,BR0017,SAVINGS,ACTIVE,12/21/2022,NPR,1/1/2026
ACC0000005585,CUST00000428,BR0019,CURRENT,ACTIVE,6/5/2019,NPR,1/1/2026
ACC0000005586,CUST00001973,BR0021,LOAN,DORMANT,7/10/2024,NPR,1/1/2026
ACC0000005587,CUST00003880,BR0035,SAVINGS,ACTIVE,5/6/2025,NPR,1/1/2026
ACC0000005588,CUST00003496,BR0028,SAVINGS,ACTIVE,2/2/2020,NPR,1/1/2026
ACC0000005589,CUST00000353,BR0020,CURRENT,DORMANT,3/18/2024,NPR,1/1/2026
ACC0000005590,CUST00003397,BR0005,SALARY,ACTIVE,3/22/2021,NPR,1/1/2026
ACC0000005591,CUST00004623,BR0018,WALLET,ACTIVE,2/3/2023,NPR,1/1/2026
ACC0000005592,CUST00001853,BR0017,CURRENT,ACTIVE,11/21/2023,NPR,1/1/2026
ACC0000005593,CUST00000789,BR0029,CURRENT,ACTIVE,7/7/2022,NPR,1/1/2026
ACC0000005594,CUST00003754,BR0030,SAVINGS,ACTIVE,2/13/2025,NPR,1/1/2026
ACC0000005595,CUST00004814,BR0027,SAVINGS,ACTIVE,2/21/2022,NPR,1/1/2026
ACC0000005596,CUST00000367,BR0005,WALLET,ACTIVE,5/4/2019,NPR,1/1/2026
ACC0000005597,CUST00004836,BR0038,SAVINGS,ACTIVE,6/5/2022,NPR,1/1/2026
ACC0000005598,CUST00002299,BR0022,LOAN,ACTIVE,3/12/2025,NPR,1/1/2026
ACC0000005599,CUST00000287,BR0019,WALLET,ACTIVE,2/20/2025,NPR,1/1/2026
ACC0000005600,CUST00001772,BR0014,SALARY,ACTIVE,10/12/2022,NPR,1/1/2026
ACC0000005601,CUST00004721,BR0001,SALARY,ACTIVE,12/26/2024,NPR,1/1/2026
ACC0000005602,CUST00002795,BR0016,WALLET,ACTIVE,8/27/2020,NPR,1/1/2026
ACC0000005603,CUST00002619,BR0026,CURRENT,ACTIVE,5/14/2024,NPR,1/1/2026
ACC0000005604,CUST00002567,BR0031,WALLET,ACTIVE,6/17/2025,NPR,1/1/2026
ACC0000005605,CUST00003989,BR0024,WALLET,ACTIVE,8/22/2020,NPR,1/1/2026
ACC0000005606,CUST00000606,BR0025,SAVINGS,ACTIVE,10/10/2025,NPR,1/1/2026
ACC0000005607,CUST00000631,BR0023,LOAN,ACTIVE,5/22/2023,NPR,1/1/2026
ACC0000005608,CUST00002128,BR0024,WALLET,ACTIVE,10/17/2023,NPR,1/1/2026
ACC0000005609,CUST00004913,BR0036,LOAN,ACTIVE,1/26/2022,NPR,1/1/2026
ACC0000005610,CUST00004234,BR0037,SAVINGS,ACTIVE,6/2/2019,NPR,1/1/2026
ACC0000005611,CUST00004419,BR0013,LOAN,ACTIVE,7/14/2022,NPR,1/1/2026
ACC0000005612,CUST00002820,BR0023,SAVINGS,ACTIVE,10/18/2024,NPR,1/1/2026
ACC0000005613,CUST00001128,BR0012,CURRENT,ACTIVE,12/8/2022,NPR,1/1/2026
ACC0000005614,CUST00002690,BR0017,WALLET,ACTIVE,7/27/2024,NPR,1/1/2026
ACC0000005615,CUST00002548,BR0021,LOAN,ACTIVE,12/16/2019,NPR,1/1/2026
ACC0000005616,CUST00000257,BR0029,WALLET,ACTIVE,11/24/2021,NPR,1/1/2026
ACC0000005617,CUST00004864,BR0028,SAVINGS,ACTIVE,11/29/2024,NPR,1/1/2026
ACC0000005618,CUST00000120,BR0002,WALLET,ACTIVE,4/17/2025,NPR,1/1/2026
ACC0000005619,CUST00000746,BR0026,WALLET,ACTIVE,12/26/2024,NPR,1/1/2026
ACC0000005620,CUST00002353,BR0026,WALLET,ACTIVE,9/12/2023,NPR,1/1/2026
ACC0000005621,CUST00001218,BR0037,WALLET,ACTIVE,3/20/2021,NPR,1/1/2026
ACC0000005622,CUST00000686,BR0013,CURRENT,CLOSED,6/14/2019,NPR,1/1/2026
ACC0000005623,CUST00001440,BR0004,WALLET,ACTIVE,10/12/2024,NPR,1/1/2026
ACC0000005624,CUST00002755,BR0018,SALARY,ACTIVE,6/7/2025,NPR,1/1/2026
ACC0000005625,CUST00002910,BR0030,CURRENT,ACTIVE,1/18/2025,NPR,1/1/2026
ACC0000005626,CUST00002145,BR0008,WALLET,ACTIVE,2/25/2022,NPR,1/1/2026
ACC0000005627,CUST00002172,BR0038,LOAN,ACTIVE,3/15/2021,NPR,1/1/2026
ACC0000005628,CUST00003557,BR0023,SAVINGS,ACTIVE,5/17/2022,NPR,1/1/2026
ACC0000005629,CUST00001366,BR0037,WALLET,ACTIVE,11/28/2019,NPR,1/1/2026
ACC0000005630,CUST00004032,BR0018,SALARY,ACTIVE,1/30/2022,NPR,1/1/2026
ACC0000005631,CUST00003654,BR0039,WALLET,ACTIVE,1/23/2020,NPR,1/1/2026
ACC0000005632,CUST00001795,BR0013,SALARY,ACTIVE,1/19/2023,NPR,1/1/2026
ACC0000005633,CUST00001973,BR0029,WALLET,ACTIVE,1/12/2023,NPR,1/1/2026
ACC0000005634,CUST00001182,BR0037,CURRENT,ACTIVE,10/20/2024,NPR,1/1/2026
ACC0000005635,CUST00004728,BR0039,WALLET,DORMANT,9/20/2022,NPR,1/1/2026
ACC0000005636,CUST00002896,BR0035,CURRENT,ACTIVE,6/30/2021,NPR,1/1/2026
ACC0000005637,CUST00001507,BR0017,LOAN,ACTIVE,5/30/2022,NPR,1/1/2026
ACC0000005638,CUST00004283,BR0015,SAVINGS,ACTIVE,12/20/2021,NPR,1/1/2026
ACC0000005639,CUST00001010,BR0010,SAVINGS,ACTIVE,6/25/2020,NPR,1/1/2026
ACC0000005640,CUST00003764,BR0023,SAVINGS,ACTIVE,7/26/2020,NPR,1/1/2026
ACC0000005641,CUST00002829,BR0023,CURRENT,ACTIVE,3/22/2020,NPR,1/1/2026
ACC0000005642,CUST00003630,BR0021,SALARY,ACTIVE,9/14/2024,NPR,1/1/2026
ACC0000005643,CUST00004333,BR0003,SAVINGS,ACTIVE,1/2/2020,NPR,1/1/2026
ACC0000005644,CUST00001210,BR0017,CURRENT,ACTIVE,8/2/2021,NPR,1/1/2026
ACC0000005645,CUST00002376,BR0032,SALARY,ACTIVE,2/7/2021,NPR,1/1/2026
ACC0000005646,CUST00002630,BR0017,SALARY,DORMANT,7/7/2025,NPR,1/1/2026
ACC0000005647,CUST00000475,BR0029,WALLET,ACTIVE,12/29/2025,NPR,1/1/2026
ACC0000005648,CUST00001994,BR0032,CURRENT,ACTIVE,6/21/2025,NPR,1/1/2026
ACC0000005649,CUST00002512,BR0034,WALLET,ACTIVE,6/9/2022,NPR,1/1/2026
ACC0000005650,CUST00001339,BR0039,CURRENT,ACTIVE,2/20/2024,NPR,1/1/2026
ACC0000005651,CUST00002162,BR0006,CURRENT,ACTIVE,8/10/2025,NPR,1/1/2026
ACC0000005652,CUST00004471,BR0025,WALLET,ACTIVE,3/26/2022,NPR,1/1/2026
ACC0000005653,CUST00004827,BR0013,LOAN,ACTIVE,9/22/2024,NPR,1/1/2026
ACC0000005654,CUST00002930,BR0018,LOAN,ACTIVE,9/8/2019,NPR,1/1/2026
ACC0000005655,CUST00004826,BR0026,CURRENT,ACTIVE,5/6/2019,NPR,1/1/2026
ACC0000005656,CUST00003928,BR0025,CURRENT,ACTIVE,5/24/2020,NPR,1/1/2026
ACC0000005657,CUST00002799,BR0018,SALARY,ACTIVE,5/5/2022,NPR,1/1/2026
ACC0000005658,CUST00000977,BR0014,SALARY,ACTIVE,7/2/2019,NPR,1/1/2026
ACC0000005659,CUST00004648,BR0036,LOAN,ACTIVE,11/6/2024,NPR,1/1/2026
ACC0000005660,CUST00001341,BR0024,SALARY,ACTIVE,11/17/2025,NPR,1/1/2026
ACC0000005661,CUST00002144,BR0031,LOAN,ACTIVE,8/4/2021,NPR,1/1/2026
ACC0000005662,CUST00001193,BR0035,SALARY,ACTIVE,10/12/2023,NPR,1/1/2026
ACC0000005663,CUST00004365,BR0031,CURRENT,ACTIVE,12/5/2020,NPR,1/1/2026
ACC0000005664,CUST00001354,BR0034,SAVINGS,BLOCKED,11/7/2020,NPR,1/1/2026
ACC0000005665,CUST00004557,BR0003,SAVINGS,ACTIVE,10/31/2020,NPR,1/1/2026
ACC0000005666,CUST00003322,BR0006,SAVINGS,DORMANT,4/25/2022,NPR,1/1/2026
ACC0000005667,CUST00003772,BR0019,SALARY,ACTIVE,4/23/2024,NPR,1/1/2026
ACC0000005668,CUST00002626,BR0010,WALLET,ACTIVE,3/2/2025,NPR,1/1/2026
ACC0000005669,CUST00001823,BR0004,LOAN,BLOCKED,8/10/2022,NPR,1/1/2026
ACC0000005670,CUST00004412,BR0010,SALARY,ACTIVE,1/27/2024,NPR,1/1/2026
ACC0000005671,CUST00003329,BR0033,SALARY,ACTIVE,7/2/2023,NPR,1/1/2026
ACC0000005672,CUST00002722,BR0008,SALARY,ACTIVE,4/19/2024,NPR,1/1/2026
ACC0000005673,CUST00003212,BR0017,WALLET,ACTIVE,1/30/2025,NPR,1/1/2026
ACC0000005674,CUST00002229,BR0033,WALLET,ACTIVE,11/8/2021,NPR,1/1/2026
ACC0000005675,CUST00002166,BR0036,WALLET,ACTIVE,4/22/2020,NPR,1/1/2026
ACC0000005676,CUST00004855,BR0002,WALLET,ACTIVE,8/12/2025,NPR,1/1/2026
ACC0000005677,CUST00004552,BR0034,CURRENT,ACTIVE,9/7/2024,NPR,1/1/2026
ACC0000005678,CUST00001881,BR0035,CURRENT,DORMANT,4/7/2019,NPR,1/1/2026
ACC0000005679,CUST00002781,BR0022,WALLET,ACTIVE,8/29/2025,NPR,1/1/2026
ACC0000005680,CUST00000490,BR0021,SAVINGS,DORMANT,12/27/2024,NPR,1/1/2026
ACC0000005681,CUST00000546,BR0004,SAVINGS,CLOSED,7/6/2020,NPR,1/1/2026
ACC0000005682,CUST00003020,BR0016,CURRENT,ACTIVE,4/9/2019,NPR,1/1/2026
ACC0000005683,CUST00002742,BR0001,CURRENT,ACTIVE,1/19/2021,NPR,1/1/2026
ACC0000005684,CUST00004999,BR0038,CURRENT,ACTIVE,1/18/2023,NPR,1/1/2026
ACC0000005685,CUST00003539,BR0030,SALARY,ACTIVE,5/19/2021,NPR,1/1/2026
ACC0000005686,CUST00000787,BR0013,SAVINGS,ACTIVE,4/30/2021,NPR,1/1/2026
ACC0000005687,CUST00002447,BR0038,LOAN,ACTIVE,11/25/2024,NPR,1/1/2026
ACC0000005688,CUST00001666,BR0009,CURRENT,ACTIVE,2/21/2025,NPR,1/1/2026
ACC0000005689,CUST00001373,BR0001,CURRENT,ACTIVE,5/31/2019,NPR,1/1/2026
ACC0000005690,CUST00003403,BR0013,CURRENT,ACTIVE,3/26/2023,NPR,1/1/2026
ACC0000005691,CUST00001528,BR0040,SALARY,ACTIVE,3/11/2025,NPR,1/1/2026
ACC0000005692,CUST00004566,BR0027,CURRENT,ACTIVE,9/9/2021,NPR,1/1/2026
ACC0000005693,CUST00003342,BR0037,WALLET,ACTIVE,3/22/2024,NPR,1/1/2026
ACC0000005694,CUST00004319,BR0003,CURRENT,ACTIVE,8/4/2022,NPR,1/1/2026
ACC0000005695,CUST00003507,BR0040,CURRENT,BLOCKED,6/4/2025,NPR,1/1/2026
ACC0000005696,CUST00001841,BR0009,WALLET,ACTIVE,4/17/2022,NPR,1/1/2026
ACC0000005697,CUST00004924,BR0034,SAVINGS,ACTIVE,4/19/2021,NPR,1/1/2026
ACC0000005698,CUST00002491,BR0017,CURRENT,ACTIVE,6/14/2020,NPR,1/1/2026
ACC0000005699,CUST00003010,BR0033,SAVINGS,ACTIVE,1/21/2025,NPR,1/1/2026
ACC0000005700,CUST00003047,BR0023,LOAN,ACTIVE,2/14/2020,NPR,1/1/2026
ACC0000005701,CUST00000661,BR0025,LOAN,ACTIVE,11/8/2020,NPR,1/1/2026
ACC0000005702,CUST00003732,BR0020,WALLET,ACTIVE,9/1/2019,NPR,1/1/2026
ACC0000005703,CUST00002510,BR0009,LOAN,DORMANT,5/12/2022,NPR,1/1/2026
ACC0000005704,CUST00004601,BR0036,LOAN,ACTIVE,5/25/2022,NPR,1/1/2026
ACC0000005705,CUST00000838,BR0005,SALARY,ACTIVE,9/1/2023,NPR,1/1/2026
ACC0000005706,CUST00002052,BR0012,LOAN,ACTIVE,5/21/2021,NPR,1/1/2026
ACC0000005707,CUST00001671,BR0030,SAVINGS,ACTIVE,4/25/2020,NPR,1/1/2026
ACC0000005708,CUST00001062,BR0035,SAVINGS,ACTIVE,9/8/2023,NPR,1/1/2026
ACC0000005709,CUST00001416,BR0028,LOAN,ACTIVE,8/31/2023,NPR,1/1/2026
ACC0000005710,CUST00001976,BR0009,LOAN,ACTIVE,7/3/2020,NPR,1/1/2026
ACC0000005711,CUST00000224,BR0001,SALARY,DORMANT,6/11/2024,NPR,1/1/2026
ACC0000005712,CUST00001607,BR0007,SALARY,ACTIVE,6/21/2020,NPR,1/1/2026
ACC0000005713,CUST00003715,BR0021,SALARY,ACTIVE,3/22/2025,NPR,1/1/2026
ACC0000005714,CUST00001140,BR0017,WALLET,ACTIVE,10/23/2023,NPR,1/1/2026
ACC0000005715,CUST00001203,BR0037,CURRENT,ACTIVE,1/24/2024,NPR,1/1/2026
ACC0000005716,CUST00000338,BR0030,CURRENT,ACTIVE,12/18/2025,NPR,1/1/2026
ACC0000005717,CUST00001919,BR0018,LOAN,ACTIVE,8/23/2024,NPR,1/1/2026
ACC0000005718,CUST00001493,BR0011,LOAN,ACTIVE,11/2/2025,NPR,1/1/2026
ACC0000005719,CUST00000558,BR0024,CURRENT,ACTIVE,8/26/2025,NPR,1/1/2026
ACC0000005720,CUST00002016,BR0030,SALARY,ACTIVE,6/23/2021,NPR,1/1/2026
ACC0000005721,CUST00000621,BR0008,LOAN,ACTIVE,12/14/2023,NPR,1/1/2026
ACC0000005722,CUST00002832,BR0026,SALARY,ACTIVE,4/24/2023,NPR,1/1/2026
ACC0000005723,CUST00003160,BR0038,SALARY,BLOCKED,3/25/2020,NPR,1/1/2026
ACC0000005724,CUST00004872,BR0012,CURRENT,ACTIVE,12/3/2020,NPR,1/1/2026
ACC0000005725,CUST00000225,BR0040,WALLET,ACTIVE,3/11/2023,NPR,1/1/2026
ACC0000005726,CUST00004393,BR0025,WALLET,ACTIVE,8/19/2020,NPR,1/1/2026
ACC0000005727,CUST00001558,BR0020,LOAN,ACTIVE,1/17/2024,NPR,1/1/2026
ACC0000005728,CUST00002670,BR0039,CURRENT,ACTIVE,10/31/2024,NPR,1/1/2026
ACC0000005729,CUST00001824,BR0003,SALARY,ACTIVE,9/18/2025,NPR,1/1/2026
ACC0000005730,CUST00004992,BR0012,SAVINGS,ACTIVE,4/2/2020,NPR,1/1/2026
ACC0000005731,CUST00000526,BR0035,CURRENT,ACTIVE,12/7/2024,NPR,1/1/2026
ACC0000005732,CUST00004567,BR0037,CURRENT,BLOCKED,6/29/2025,NPR,1/1/2026
ACC0000005733,CUST00001108,BR0020,SALARY,ACTIVE,1/8/2021,NPR,1/1/2026
ACC0000005734,CUST00004031,BR0028,SAVINGS,ACTIVE,1/12/2024,NPR,1/1/2026
ACC0000005735,CUST00001241,BR0011,WALLET,ACTIVE,7/7/2024,NPR,1/1/2026
ACC0000005736,CUST00001510,BR0034,WALLET,ACTIVE,1/27/2021,NPR,1/1/2026
ACC0000005737,CUST00003131,BR0029,CURRENT,ACTIVE,3/27/2024,NPR,1/1/2026
ACC0000005738,CUST00000959,BR0012,SALARY,ACTIVE,12/21/2019,NPR,1/1/2026
ACC0000005739,CUST00002692,BR0005,CURRENT,ACTIVE,1/24/2024,NPR,1/1/2026
ACC0000005740,CUST00003784,BR0007,WALLET,ACTIVE,7/19/2022,NPR,1/1/2026
ACC0000005741,CUST00003481,BR0032,CURRENT,ACTIVE,1/28/2021,NPR,1/1/2026
ACC0000005742,CUST00001161,BR0013,SAVINGS,ACTIVE,2/14/2024,NPR,1/1/2026
ACC0000005743,CUST00003806,BR0034,CURRENT,DORMANT,9/20/2020,NPR,1/1/2026
ACC0000005744,CUST00004476,BR0010,SAVINGS,ACTIVE,4/18/2025,NPR,1/1/2026
ACC0000005745,CUST00002825,BR0011,WALLET,ACTIVE,12/25/2022,NPR,1/1/2026
ACC0000005746,CUST00001271,BR0007,CURRENT,ACTIVE,9/22/2024,NPR,1/1/2026
ACC0000005747,CUST00004600,BR0027,LOAN,ACTIVE,6/10/2025,NPR,1/1/2026
ACC0000005748,CUST00002143,BR0015,WALLET,ACTIVE,3/13/2024,NPR,1/1/2026
ACC0000005749,CUST00004342,BR0001,SAVINGS,ACTIVE,6/19/2025,NPR,1/1/2026
ACC0000005750,CUST00003233,BR0023,LOAN,ACTIVE,6/18/2019,NPR,1/1/2026
ACC0000005751,CUST00004840,BR0006,CURRENT,ACTIVE,6/30/2024,NPR,1/1/2026
ACC0000005752,CUST00003671,BR0013,SAVINGS,ACTIVE,5/16/2024,NPR,1/1/2026
ACC0000005753,CUST00002674,BR0014,SAVINGS,DORMANT,11/7/2019,NPR,1/1/2026
ACC0000005754,CUST00004140,BR0031,CURRENT,ACTIVE,3/10/2024,NPR,1/1/2026
ACC0000005755,CUST00001072,BR0026,SALARY,ACTIVE,11/11/2019,NPR,1/1/2026
ACC0000005756,CUST00001755,BR0037,SAVINGS,ACTIVE,8/21/2023,NPR,1/1/2026
ACC0000005757,CUST00002958,BR0006,CURRENT,ACTIVE,11/13/2020,NPR,1/1/2026
ACC0000005758,CUST00002116,BR0012,SAVINGS,ACTIVE,1/14/2020,NPR,1/1/2026
ACC0000005759,CUST00004891,BR0037,SALARY,ACTIVE,7/23/2019,NPR,1/1/2026
ACC0000005760,CUST00004546,BR0023,SALARY,ACTIVE,4/17/2025,NPR,1/1/2026
ACC0000005761,CUST00000936,BR0018,SAVINGS,ACTIVE,1/3/2020,NPR,1/1/2026
ACC0000005762,CUST00000068,BR0037,CURRENT,ACTIVE,8/16/2025,NPR,1/1/2026
ACC0000005763,CUST00003938,BR0028,SALARY,ACTIVE,6/5/2021,NPR,1/1/2026
ACC0000005764,CUST00004075,BR0017,WALLET,ACTIVE,2/15/2020,NPR,1/1/2026
ACC0000005765,CUST00004140,BR0005,WALLET,ACTIVE,1/12/2020,NPR,1/1/2026
ACC0000005766,CUST00004534,BR0026,SALARY,ACTIVE,7/1/2022,NPR,1/1/2026
ACC0000005767,CUST00002177,BR0040,SAVINGS,ACTIVE,11/19/2019,NPR,1/1/2026
ACC0000005768,CUST00004752,BR0040,SAVINGS,ACTIVE,3/16/2020,NPR,1/1/2026
ACC0000005769,CUST00001218,BR0019,SALARY,ACTIVE,2/21/2021,NPR,1/1/2026
ACC0000005770,CUST00004397,BR0029,WALLET,ACTIVE,11/10/2024,NPR,1/1/2026
ACC0000005771,CUST00001325,BR0015,CURRENT,ACTIVE,1/29/2022,NPR,1/1/2026
ACC0000005772,CUST00003702,BR0001,SAVINGS,ACTIVE,12/11/2019,NPR,1/1/2026
ACC0000005773,CUST00002129,BR0038,LOAN,ACTIVE,10/30/2024,NPR,1/1/2026
ACC0000005774,CUST00004486,BR0025,WALLET,ACTIVE,1/28/2020,NPR,1/1/2026
ACC0000005775,CUST00003856,BR0011,SAVINGS,ACTIVE,3/25/2025,NPR,1/1/2026
ACC0000005776,CUST00002374,BR0004,SALARY,ACTIVE,5/26/2019,NPR,1/1/2026
ACC0000005777,CUST00001236,BR0036,SALARY,CLOSED,2/18/2020,NPR,1/1/2026
ACC0000005778,CUST00001113,BR0022,SALARY,ACTIVE,12/17/2023,NPR,1/1/2026
ACC0000005779,CUST00001793,BR0036,SALARY,ACTIVE,9/8/2020,NPR,1/1/2026
ACC0000005780,CUST00002984,BR0024,CURRENT,DORMANT,4/28/2025,NPR,1/1/2026
ACC0000005781,CUST00004546,BR0003,CURRENT,ACTIVE,12/1/2021,NPR,1/1/2026
ACC0000005782,CUST00002260,BR0019,CURRENT,ACTIVE,11/11/2020,NPR,1/1/2026
ACC0000005783,CUST00004194,BR0018,SALARY,ACTIVE,7/5/2021,NPR,1/1/2026
ACC0000005784,CUST00001229,BR0024,LOAN,ACTIVE,7/8/2022,NPR,1/1/2026
ACC0000005785,CUST00002548,BR0015,WALLET,ACTIVE,7/8/2021,NPR,1/1/2026
ACC0000005786,CUST00004910,BR0014,CURRENT,ACTIVE,8/3/2025,NPR,1/1/2026
ACC0000005787,CUST00004680,BR0037,WALLET,ACTIVE,9/1/2021,NPR,1/1/2026
ACC0000005788,CUST00002680,BR0038,CURRENT,ACTIVE,3/7/2024,NPR,1/1/2026
ACC0000005789,CUST00002903,BR0034,LOAN,ACTIVE,4/7/2019,NPR,1/1/2026
ACC0000005790,CUST00001517,BR0009,CURRENT,ACTIVE,8/29/2025,NPR,1/1/2026
ACC0000005791,CUST00002893,BR0038,CURRENT,ACTIVE,5/6/2022,NPR,1/1/2026
ACC0000005792,CUST00003912,BR0005,LOAN,ACTIVE,8/14/2020,NPR,1/1/2026
ACC0000005793,CUST00004937,BR0024,SALARY,ACTIVE,7/10/2019,NPR,1/1/2026
ACC0000005794,CUST00000378,BR0005,SALARY,ACTIVE,10/2/2019,NPR,1/1/2026
ACC0000005795,CUST00000661,BR0015,CURRENT,ACTIVE,10/23/2022,NPR,1/1/2026
ACC0000005796,CUST00002781,BR0019,SALARY,CLOSED,1/20/2023,NPR,1/1/2026
ACC0000005797,CUST00000172,BR0017,SAVINGS,ACTIVE,11/18/2020,NPR,1/1/2026
ACC0000005798,CUST00004967,BR0011,WALLET,ACTIVE,7/20/2024,NPR,1/1/2026
ACC0000005799,CUST00001818,BR0031,SAVINGS,CLOSED,11/27/2023,NPR,1/1/2026
ACC0000005800,CUST00001124,BR0030,SALARY,ACTIVE,8/25/2021,NPR,1/1/2026
ACC0000005801,CUST00004040,BR0009,CURRENT,ACTIVE,1/26/2022,NPR,1/1/2026
ACC0000005802,CUST00004898,BR0028,CURRENT,BLOCKED,12/2/2019,NPR,1/1/2026
ACC0000005803,CUST00004310,BR0003,CURRENT,ACTIVE,10/9/2025,NPR,1/1/2026
ACC0000005804,CUST00001901,BR0040,SALARY,DORMANT,7/25/2021,NPR,1/1/2026
ACC0000005805,CUST00003686,BR0025,SAVINGS,ACTIVE,10/24/2025,NPR,1/1/2026
ACC0000005806,CUST00000592,BR0037,SAVINGS,ACTIVE,6/5/2022,NPR,1/1/2026
ACC0000005807,CUST00000408,BR0018,LOAN,ACTIVE,9/28/2025,NPR,1/1/2026
ACC0000005808,CUST00004303,BR0020,SAVINGS,ACTIVE,5/20/2021,NPR,1/1/2026
ACC0000005809,CUST00003353,BR0026,SALARY,ACTIVE,1/16/2020,NPR,1/1/2026
ACC0000005810,CUST00003065,BR0029,SALARY,ACTIVE,11/7/2020,NPR,1/1/2026
ACC0000005811,CUST00003668,BR0029,SAVINGS,ACTIVE,8/18/2019,NPR,1/1/2026
ACC0000005812,CUST00000389,BR0030,LOAN,ACTIVE,12/17/2025,NPR,1/1/2026
ACC0000005813,CUST00000520,BR0014,SALARY,ACTIVE,6/8/2024,NPR,1/1/2026
ACC0000005814,CUST00003440,BR0015,WALLET,ACTIVE,1/27/2025,NPR,1/1/2026
ACC0000005815,CUST00003831,BR0013,LOAN,ACTIVE,7/19/2019,NPR,1/1/2026
ACC0000005816,CUST00002807,BR0017,SALARY,ACTIVE,4/15/2024,NPR,1/1/2026
ACC0000005817,CUST00000784,BR0006,LOAN,ACTIVE,4/2/2019,NPR,1/1/2026
ACC0000005818,CUST00002595,BR0005,LOAN,ACTIVE,12/3/2024,NPR,1/1/2026
ACC0000005819,CUST00002263,BR0032,CURRENT,ACTIVE,1/28/2025,NPR,1/1/2026
ACC0000005820,CUST00000361,BR0001,SAVINGS,ACTIVE,10/27/2022,NPR,1/1/2026
ACC0000005821,CUST00003200,BR0020,SAVINGS,ACTIVE,2/4/2022,NPR,1/1/2026
ACC0000005822,CUST00001478,BR0038,WALLET,ACTIVE,11/22/2019,NPR,1/1/2026
ACC0000005823,CUST00004897,BR0002,SALARY,ACTIVE,12/9/2021,NPR,1/1/2026
ACC0000005824,CUST00004490,BR0035,CURRENT,ACTIVE,10/10/2019,NPR,1/1/2026
ACC0000005825,CUST00003678,BR0039,SAVINGS,ACTIVE,7/21/2019,NPR,1/1/2026
ACC0000005826,CUST00002688,BR0004,LOAN,CLOSED,6/13/2024,NPR,1/1/2026
ACC0000005827,CUST00000384,BR0024,WALLET,ACTIVE,1/12/2021,NPR,1/1/2026
ACC0000005828,CUST00000289,BR0001,LOAN,ACTIVE,2/17/2021,NPR,1/1/2026
ACC0000005829,CUST00001791,BR0024,CURRENT,ACTIVE,6/14/2023,NPR,1/1/2026
ACC0000005830,CUST00001888,BR0015,SALARY,ACTIVE,8/14/2021,NPR,1/1/2026
ACC0000005831,CUST00001348,BR0031,SALARY,ACTIVE,6/29/2019,NPR,1/1/2026
ACC0000005832,CUST00003860,BR0014,CURRENT,CLOSED,4/5/2022,NPR,1/1/2026
ACC0000005833,CUST00004789,BR0033,SALARY,ACTIVE,5/13/2020,NPR,1/1/2026
ACC0000005834,CUST00002868,BR0004,SALARY,ACTIVE,5/23/2019,NPR,1/1/2026
ACC0000005835,CUST00004349,BR0006,LOAN,DORMANT,12/31/2021,NPR,1/1/2026
ACC0000005836,CUST00001437,BR0013,LOAN,ACTIVE,9/6/2025,NPR,1/1/2026
ACC0000005837,CUST00001264,BR0030,CURRENT,ACTIVE,5/29/2025,NPR,1/1/2026
ACC0000005838,CUST00002655,BR0006,WALLET,ACTIVE,1/12/2022,NPR,1/1/2026
ACC0000005839,CUST00000202,BR0018,SAVINGS,BLOCKED,12/14/2021,NPR,1/1/2026
ACC0000005840,CUST00003838,BR0032,WALLET,ACTIVE,6/9/2025,NPR,1/1/2026
ACC0000005841,CUST00003301,BR0009,WALLET,ACTIVE,4/12/2020,NPR,1/1/2026
ACC0000005842,CUST00002249,BR0037,SAVINGS,ACTIVE,12/31/2025,NPR,1/1/2026
ACC0000005843,CUST00000662,BR0003,SAVINGS,ACTIVE,5/8/2022,NPR,1/1/2026
ACC0000005844,CUST00004781,BR0033,LOAN,ACTIVE,7/21/2020,NPR,1/1/2026
ACC0000005845,CUST00004997,BR0029,SAVINGS,ACTIVE,11/1/2024,NPR,1/1/2026
ACC0000005846,CUST00001936,BR0011,SAVINGS,CLOSED,2/9/2024,NPR,1/1/2026
ACC0000005847,CUST00003687,BR0022,SALARY,ACTIVE,7/6/2022,NPR,1/1/2026
ACC0000005848,CUST00004343,BR0033,SALARY,ACTIVE,4/3/2020,NPR,1/1/2026
ACC0000005849,CUST00001632,BR0031,LOAN,DORMANT,6/16/2023,NPR,1/1/2026
ACC0000005850,CUST00000214,BR0039,SAVINGS,DORMANT,9/10/2021,NPR,1/1/2026
ACC0000005851,CUST00002176,BR0007,LOAN,ACTIVE,8/18/2021,NPR,1/1/2026
ACC0000005852,CUST00001656,BR0024,SALARY,DORMANT,9/4/2020,NPR,1/1/2026
ACC0000005853,CUST00001154,BR0022,SALARY,ACTIVE,12/7/2022,NPR,1/1/2026
ACC0000005854,CUST00000291,BR0014,SAVINGS,ACTIVE,5/21/2022,NPR,1/1/2026
ACC0000005855,CUST00004212,BR0020,WALLET,DORMANT,8/29/2019,NPR,1/1/2026
ACC0000005856,CUST00001636,BR0017,SAVINGS,ACTIVE,9/7/2025,NPR,1/1/2026
ACC0000005857,CUST00002604,BR0020,CURRENT,ACTIVE,2/29/2024,NPR,1/1/2026
ACC0000005858,CUST00000025,BR0031,LOAN,ACTIVE,12/29/2025,NPR,1/1/2026
ACC0000005859,CUST00004144,BR0035,CURRENT,ACTIVE,12/28/2025,NPR,1/1/2026
ACC0000005860,CUST00000368,BR0034,LOAN,ACTIVE,7/5/2022,NPR,1/1/2026
ACC0000005861,CUST00002168,BR0011,SALARY,ACTIVE,4/24/2021,NPR,1/1/2026
ACC0000005862,CUST00002399,BR0040,LOAN,ACTIVE,1/19/2023,NPR,1/1/2026
ACC0000005863,CUST00001233,BR0030,WALLET,ACTIVE,2/9/2023,NPR,1/1/2026
ACC0000005864,CUST00003460,BR0031,LOAN,ACTIVE,7/19/2023,NPR,1/1/2026
ACC0000005865,CUST00004812,BR0040,WALLET,ACTIVE,11/30/2024,NPR,1/1/2026
ACC0000005866,CUST00002271,BR0013,WALLET,ACTIVE,8/17/2021,NPR,1/1/2026
ACC0000005867,CUST00000507,BR0027,CURRENT,ACTIVE,11/27/2023,NPR,1/1/2026
ACC0000005868,CUST00001273,BR0023,WALLET,ACTIVE,12/25/2022,NPR,1/1/2026
ACC0000005869,CUST00003710,BR0005,WALLET,ACTIVE,12/24/2021,NPR,1/1/2026
ACC0000005870,CUST00000098,BR0012,WALLET,DORMANT,10/17/2019,NPR,1/1/2026
ACC0000005871,CUST00002906,BR0007,SAVINGS,DORMANT,2/25/2021,NPR,1/1/2026
ACC0000005872,CUST00003189,BR0018,WALLET,ACTIVE,1/26/2023,NPR,1/1/2026
ACC0000005873,CUST00002481,BR0032,SALARY,ACTIVE,9/16/2025,NPR,1/1/2026
ACC0000005874,CUST00002345,BR0006,SALARY,ACTIVE,7/28/2024,NPR,1/1/2026
ACC0000005875,CUST00003450,BR0028,SALARY,ACTIVE,11/8/2024,NPR,1/1/2026
ACC0000005876,CUST00004072,BR0033,WALLET,CLOSED,9/15/2019,NPR,1/1/2026
ACC0000005877,CUST00003341,BR0040,SALARY,CLOSED,9/4/2020,NPR,1/1/2026
ACC0000005878,CUST00000823,BR0018,WALLET,ACTIVE,11/17/2021,NPR,1/1/2026
ACC0000005879,CUST00000593,BR0008,SAVINGS,DORMANT,6/14/2019,NPR,1/1/2026
ACC0000005880,CUST00002226,BR0021,SAVINGS,ACTIVE,7/13/2023,NPR,1/1/2026
ACC0000005881,CUST00002522,BR0011,SAVINGS,ACTIVE,1/10/2023,NPR,1/1/2026
ACC0000005882,CUST00002417,BR0019,SALARY,DORMANT,8/30/2023,NPR,1/1/2026
ACC0000005883,CUST00004571,BR0039,WALLET,ACTIVE,8/24/2024,NPR,1/1/2026
ACC0000005884,CUST00001328,BR0003,SALARY,DORMANT,3/21/2025,NPR,1/1/2026
ACC0000005885,CUST00001411,BR0009,LOAN,ACTIVE,1/18/2020,NPR,1/1/2026
ACC0000005886,CUST00004636,BR0030,CURRENT,ACTIVE,10/22/2022,NPR,1/1/2026
ACC0000005887,CUST00004166,BR0015,LOAN,ACTIVE,12/30/2020,NPR,1/1/2026
ACC0000005888,CUST00001639,BR0036,SAVINGS,ACTIVE,12/28/2019,NPR,1/1/2026
ACC0000005889,CUST00004746,BR0017,WALLET,ACTIVE,6/4/2022,NPR,1/1/2026
ACC0000005890,CUST00001190,BR0004,CURRENT,ACTIVE,6/27/2025,NPR,1/1/2026
ACC0000005891,CUST00000906,BR0006,WALLET,ACTIVE,9/12/2021,NPR,1/1/2026
ACC0000005892,CUST00001937,BR0005,LOAN,ACTIVE,12/28/2025,NPR,1/1/2026
ACC0000005893,CUST00001841,BR0027,SALARY,BLOCKED,1/20/2023,NPR,1/1/2026
ACC0000005894,CUST00004731,BR0033,SAVINGS,ACTIVE,9/25/2021,NPR,1/1/2026
ACC0000005895,CUST00002737,BR0035,SALARY,ACTIVE,4/19/2021,NPR,1/1/2026
ACC0000005896,CUST00003330,BR0004,CURRENT,ACTIVE,3/16/2023,NPR,1/1/2026
ACC0000005897,CUST00001508,BR0012,SALARY,ACTIVE,3/15/2021,NPR,1/1/2026
ACC0000005898,CUST00000529,BR0029,LOAN,ACTIVE,8/31/2025,NPR,1/1/2026
ACC0000005899,CUST00002737,BR0013,CURRENT,ACTIVE,3/11/2022,NPR,1/1/2026
ACC0000005900,CUST00003072,BR0020,LOAN,DORMANT,6/9/2021,NPR,1/1/2026
ACC0000005901,CUST00001981,BR0023,SAVINGS,ACTIVE,9/10/2020,NPR,1/1/2026
ACC0000005902,CUST00000048,BR0027,CURRENT,BLOCKED,10/18/2019,NPR,1/1/2026
ACC0000005903,CUST00002081,BR0011,SALARY,DORMANT,8/12/2023,NPR,1/1/2026
ACC0000005904,CUST00000409,BR0023,SALARY,ACTIVE,9/25/2024,NPR,1/1/2026
ACC0000005905,CUST00004235,BR0024,CURRENT,BLOCKED,12/7/2025,NPR,1/1/2026
ACC0000005906,CUST00002989,BR0030,SALARY,ACTIVE,8/7/2022,NPR,1/1/2026
ACC0000005907,CUST00002245,BR0009,LOAN,ACTIVE,6/10/2019,NPR,1/1/2026
ACC0000005908,CUST00001997,BR0030,SALARY,ACTIVE,8/21/2025,NPR,1/1/2026
ACC0000005909,CUST00001702,BR0024,WALLET,ACTIVE,5/16/2025,NPR,1/1/2026
ACC0000005910,CUST00000947,BR0033,SAVINGS,ACTIVE,6/14/2022,NPR,1/1/2026
ACC0000005911,CUST00000589,BR0033,LOAN,ACTIVE,5/5/2020,NPR,1/1/2026
ACC0000005912,CUST00003282,BR0021,LOAN,ACTIVE,9/19/2022,NPR,1/1/2026
ACC0000005913,CUST00004556,BR0021,SAVINGS,ACTIVE,10/2/2020,NPR,1/1/2026
ACC0000005914,CUST00004646,BR0005,WALLET,ACTIVE,5/18/2019,NPR,1/1/2026
ACC0000005915,CUST00001254,BR0012,SALARY,ACTIVE,8/1/2023,NPR,1/1/2026
ACC0000005916,CUST00002044,BR0012,WALLET,ACTIVE,9/3/2024,NPR,1/1/2026
ACC0000005917,CUST00003457,BR0027,SAVINGS,ACTIVE,11/2/2021,NPR,1/1/2026
ACC0000005918,CUST00004860,BR0007,SAVINGS,ACTIVE,10/31/2020,NPR,1/1/2026
ACC0000005919,CUST00001735,BR0001,SAVINGS,DORMANT,2/27/2020,NPR,1/1/2026
ACC0000005920,CUST00002208,BR0033,SAVINGS,ACTIVE,1/2/2024,NPR,1/1/2026
ACC0000005921,CUST00003192,BR0020,WALLET,ACTIVE,4/7/2024,NPR,1/1/2026
ACC0000005922,CUST00002706,BR0012,CURRENT,ACTIVE,12/14/2025,NPR,1/1/2026
ACC0000005923,CUST00001631,BR0007,LOAN,ACTIVE,10/8/2025,NPR,1/1/2026
ACC0000005924,CUST00001930,BR0027,WALLET,ACTIVE,3/3/2023,NPR,1/1/2026
ACC0000005925,CUST00001757,BR0035,SAVINGS,ACTIVE,10/15/2020,NPR,1/1/2026
ACC0000005926,CUST00002639,BR0034,WALLET,ACTIVE,4/23/2020,NPR,1/1/2026
ACC0000005927,CUST00004975,BR0001,SALARY,ACTIVE,10/29/2019,NPR,1/1/2026
ACC0000005928,CUST00002406,BR0015,WALLET,ACTIVE,10/18/2023,NPR,1/1/2026
ACC0000005929,CUST00004359,BR0037,SAVINGS,DORMANT,8/28/2019,NPR,1/1/2026
ACC0000005930,CUST00000361,BR0022,LOAN,ACTIVE,11/9/2025,NPR,1/1/2026
ACC0000005931,CUST00000610,BR0005,LOAN,ACTIVE,6/16/2023,NPR,1/1/2026
ACC0000005932,CUST00004144,BR0033,LOAN,ACTIVE,3/23/2025,NPR,1/1/2026
ACC0000005933,CUST00002808,BR0022,SAVINGS,ACTIVE,7/2/2019,NPR,1/1/2026
ACC0000005934,CUST00003417,BR0003,CURRENT,DORMANT,5/7/2025,NPR,1/1/2026
ACC0000005935,CUST00001728,BR0026,LOAN,ACTIVE,2/28/2025,NPR,1/1/2026
ACC0000005936,CUST00004741,BR0004,WALLET,ACTIVE,4/15/2023,NPR,1/1/2026
ACC0000005937,CUST00002601,BR0040,SALARY,ACTIVE,8/3/2023,NPR,1/1/2026
ACC0000005938,CUST00004235,BR0039,WALLET,ACTIVE,6/28/2023,NPR,1/1/2026
ACC0000005939,CUST00000186,BR0015,LOAN,ACTIVE,5/7/2022,NPR,1/1/2026
ACC0000005940,CUST00003351,BR0029,WALLET,ACTIVE,9/8/2022,NPR,1/1/2026
ACC0000005941,CUST00002505,BR0023,WALLET,ACTIVE,9/11/2019,NPR,1/1/2026
ACC0000005942,CUST00002519,BR0014,LOAN,ACTIVE,7/27/2021,NPR,1/1/2026
ACC0000005943,CUST00003519,BR0040,WALLET,ACTIVE,4/21/2019,NPR,1/1/2026
ACC0000005944,CUST00004784,BR0025,SALARY,ACTIVE,7/10/2023,NPR,1/1/2026
ACC0000005945,CUST00002332,BR0008,WALLET,ACTIVE,10/5/2025,NPR,1/1/2026
ACC0000005946,CUST00000960,BR0001,CURRENT,DORMANT,6/23/2023,NPR,1/1/2026
ACC0000005947,CUST00002416,BR0028,SALARY,ACTIVE,8/23/2020,NPR,1/1/2026
ACC0000005948,CUST00000303,BR0026,SAVINGS,ACTIVE,8/3/2023,NPR,1/1/2026
ACC0000005949,CUST00003967,BR0005,SAVINGS,ACTIVE,5/11/2020,NPR,1/1/2026
ACC0000005950,CUST00003683,BR0010,LOAN,ACTIVE,6/19/2020,NPR,1/1/2026
ACC0000005951,CUST00002658,BR0003,SAVINGS,DORMANT,9/24/2024,NPR,1/1/2026
ACC0000005952,CUST00004691,BR0017,WALLET,ACTIVE,3/23/2023,NPR,1/1/2026
ACC0000005953,CUST00004644,BR0023,WALLET,ACTIVE,7/23/2021,NPR,1/1/2026
ACC0000005954,CUST00001418,BR0033,CURRENT,ACTIVE,8/3/2022,NPR,1/1/2026
ACC0000005955,CUST00001452,BR0036,WALLET,ACTIVE,12/24/2023,NPR,1/1/2026
ACC0000005956,CUST00003785,BR0029,LOAN,DORMANT,5/3/2021,NPR,1/1/2026
ACC0000005957,CUST00003531,BR0038,SAVINGS,ACTIVE,1/9/2020,NPR,1/1/2026
ACC0000005958,CUST00001050,BR0024,CURRENT,ACTIVE,1/23/2022,NPR,1/1/2026
ACC0000005959,CUST00004868,BR0036,LOAN,ACTIVE,7/17/2019,NPR,1/1/2026
ACC0000005960,CUST00002525,BR0031,LOAN,ACTIVE,6/3/2023,NPR,1/1/2026
ACC0000005961,CUST00003209,BR0003,CURRENT,ACTIVE,4/4/2021,NPR,1/1/2026
ACC0000005962,CUST00003253,BR0013,LOAN,ACTIVE,4/19/2020,NPR,1/1/2026
ACC0000005963,CUST00003185,BR0028,WALLET,ACTIVE,4/29/2025,NPR,1/1/2026
ACC0000005964,CUST00001131,BR0021,SAVINGS,ACTIVE,9/12/2023,NPR,1/1/2026
ACC0000005965,CUST00004655,BR0011,SAVINGS,ACTIVE,1/1/2023,NPR,1/1/2026
ACC0000005966,CUST00003729,BR0039,WALLET,ACTIVE,12/18/2024,NPR,1/1/2026
ACC0000005967,CUST00002914,BR0036,SAVINGS,ACTIVE,5/24/2023,NPR,1/1/2026
ACC0000005968,CUST00000911,BR0009,SAVINGS,ACTIVE,9/30/2025,NPR,1/1/2026
ACC0000005969,CUST00004103,BR0032,SAVINGS,ACTIVE,3/20/2024,NPR,1/1/2026
ACC0000005970,CUST00003980,BR0033,LOAN,ACTIVE,9/17/2022,NPR,1/1/2026
ACC0000005971,CUST00002166,BR0029,CURRENT,ACTIVE,7/16/2019,NPR,1/1/2026
ACC0000005972,CUST00002120,BR0035,SALARY,DORMANT,7/20/2022,NPR,1/1/2026
ACC0000005973,CUST00003561,BR0022,SALARY,ACTIVE,2/11/2022,NPR,1/1/2026
ACC0000005974,CUST00004385,BR0036,WALLET,ACTIVE,10/19/2019,NPR,1/1/2026
ACC0000005975,CUST00002434,BR0037,SAVINGS,ACTIVE,6/2/2023,NPR,1/1/2026
ACC0000005976,CUST00002406,BR0002,CURRENT,ACTIVE,9/23/2024,NPR,1/1/2026
ACC0000005977,CUST00002636,BR0008,CURRENT,ACTIVE,10/20/2023,NPR,1/1/2026
ACC0000005978,CUST00000915,BR0034,LOAN,ACTIVE,7/17/2022,NPR,1/1/2026
ACC0000005979,CUST00000101,BR0021,SALARY,ACTIVE,1/10/2025,NPR,1/1/2026
ACC0000005980,CUST00004280,BR0018,LOAN,ACTIVE,2/13/2024,NPR,1/1/2026
ACC0000005981,CUST00003494,BR0004,SALARY,ACTIVE,12/1/2021,NPR,1/1/2026
ACC0000005982,CUST00001761,BR0008,SALARY,ACTIVE,10/27/2025,NPR,1/1/2026
ACC0000005983,CUST00004405,BR0014,LOAN,ACTIVE,6/5/2020,NPR,1/1/2026
ACC0000005984,CUST00001900,BR0017,CURRENT,ACTIVE,3/6/2019,NPR,1/1/2026
ACC0000005985,CUST00001717,BR0002,CURRENT,ACTIVE,12/14/2019,NPR,1/1/2026
ACC0000005986,CUST00002893,BR0004,CURRENT,ACTIVE,10/7/2022,NPR,1/1/2026
ACC0000005987,CUST00003009,BR0032,SALARY,ACTIVE,6/2/2025,NPR,1/1/2026
ACC0000005988,CUST00001534,BR0018,LOAN,DORMANT,11/18/2022,NPR,1/1/2026
ACC0000005989,CUST00003454,BR0002,LOAN,ACTIVE,5/26/2021,NPR,1/1/2026
ACC0000005990,CUST00002277,BR0028,WALLET,ACTIVE,10/26/2023,NPR,1/1/2026
ACC0000005991,CUST00001021,BR0009,SAVINGS,ACTIVE,10/11/2024,NPR,1/1/2026
ACC0000005992,CUST00002130,BR0028,LOAN,ACTIVE,10/22/2022,NPR,1/1/2026
ACC0000005993,CUST00000227,BR0018,WALLET,ACTIVE,7/30/2025,NPR,1/1/2026
ACC0000005994,CUST00003759,BR0031,SAVINGS,ACTIVE,1/17/2021,NPR,1/1/2026
ACC0000005995,CUST00000801,BR0035,CURRENT,ACTIVE,11/11/2025,NPR,1/1/2026
ACC0000005996,CUST00002661,BR0020,SAVINGS,ACTIVE,10/25/2024,NPR,1/1/2026
ACC0000005997,CUST00004729,BR0003,CURRENT,ACTIVE,1/4/2020,NPR,1/1/2026
ACC0000005998,CUST00001933,BR0004,LOAN,ACTIVE,9/27/2021,NPR,1/1/2026
ACC0000005999,CUST00001573,BR0039,SAVINGS,ACTIVE,10/6/2023,NPR,1/1/2026
ACC0000006000,CUST00001161,BR0005,CURRENT,ACTIVE,2/11/2024,NPR,1/1/2026
ACC0000006001,CUST00003288,BR0017,WALLET,ACTIVE,12/17/2023,NPR,1/1/2026
ACC0000006002,CUST00000800,BR0003,SAVINGS,ACTIVE,4/5/2024,NPR,1/1/2026
ACC0000006003,CUST00002922,BR0026,LOAN,ACTIVE,11/3/2022,NPR,1/1/2026
ACC0000006004,CUST00001065,BR0035,CURRENT,ACTIVE,9/28/2023,NPR,1/1/2026
ACC0000006005,CUST00001746,BR0017,SAVINGS,ACTIVE,2/15/2022,NPR,1/1/2026
ACC0000006006,CUST00003660,BR0006,LOAN,DORMANT,9/18/2019,NPR,1/1/2026
ACC0000006007,CUST00001325,BR0003,SALARY,ACTIVE,2/11/2023,NPR,1/1/2026
ACC0000006008,CUST00001409,BR0014,CURRENT,ACTIVE,3/19/2024,NPR,1/1/2026
ACC0000006009,CUST00004789,BR0012,WALLET,ACTIVE,9/8/2019,NPR,1/1/2026
ACC0000006010,CUST00003130,BR0009,LOAN,ACTIVE,12/26/2019,NPR,1/1/2026
ACC0000006011,CUST00000368,BR0037,SALARY,ACTIVE,3/25/2023,NPR,1/1/2026
ACC0000006012,CUST00003352,BR0031,SALARY,ACTIVE,10/9/2023,NPR,1/1/2026
ACC0000006013,CUST00003795,BR0027,SALARY,ACTIVE,9/24/2025,NPR,1/1/2026
ACC0000006014,CUST00001701,BR0029,CURRENT,DORMANT,10/2/2019,NPR,1/1/2026
ACC0000006015,CUST00002593,BR0015,SALARY,BLOCKED,9/22/2024,NPR,1/1/2026
ACC0000006016,CUST00002203,BR0004,LOAN,ACTIVE,3/11/2024,NPR,1/1/2026
ACC0000006017,CUST00004449,BR0010,WALLET,ACTIVE,2/3/2022,NPR,1/1/2026
ACC0000006018,CUST00002921,BR0011,CURRENT,BLOCKED,1/11/2022,NPR,1/1/2026
ACC0000006019,CUST00003677,BR0030,SAVINGS,ACTIVE,5/12/2025,NPR,1/1/2026
ACC0000006020,CUST00004003,BR0020,CURRENT,DORMANT,7/15/2025,NPR,1/1/2026
ACC0000006021,CUST00002181,BR0003,WALLET,ACTIVE,8/27/2025,NPR,1/1/2026
ACC0000006022,CUST00004970,BR0032,SALARY,ACTIVE,10/30/2019,NPR,1/1/2026
ACC0000006023,CUST00003022,BR0021,LOAN,ACTIVE,6/27/2022,NPR,1/1/2026
ACC0000006024,CUST00004146,BR0037,SALARY,ACTIVE,3/13/2019,NPR,1/1/2026
ACC0000006025,CUST00003588,BR0038,CURRENT,ACTIVE,6/28/2023,NPR,1/1/2026
ACC0000006026,CUST00004275,BR0037,LOAN,ACTIVE,4/19/2025,NPR,1/1/2026
ACC0000006027,CUST00002762,BR0009,WALLET,DORMANT,8/20/2025,NPR,1/1/2026
ACC0000006028,CUST00000271,BR0019,SALARY,DORMANT,8/8/2020,NPR,1/1/2026
ACC0000006029,CUST00003786,BR0026,SALARY,ACTIVE,3/25/2023,NPR,1/1/2026
ACC0000006030,CUST00003369,BR0007,WALLET,ACTIVE,5/9/2024,NPR,1/1/2026
ACC0000006031,CUST00003018,BR0006,CURRENT,ACTIVE,9/29/2022,NPR,1/1/2026
ACC0000006032,CUST00002527,BR0017,LOAN,ACTIVE,10/8/2023,NPR,1/1/2026
ACC0000006033,CUST00000416,BR0027,SALARY,ACTIVE,5/6/2021,NPR,1/1/2026
ACC0000006034,CUST00002999,BR0008,SALARY,ACTIVE,9/21/2025,NPR,1/1/2026
ACC0000006035,CUST00003786,BR0020,WALLET,ACTIVE,2/1/2025,NPR,1/1/2026
ACC0000006036,CUST00002968,BR0009,LOAN,CLOSED,2/21/2025,NPR,1/1/2026
ACC0000006037,CUST00004574,BR0030,SAVINGS,ACTIVE,11/27/2022,NPR,1/1/2026
ACC0000006038,CUST00003607,BR0012,LOAN,ACTIVE,2/28/2024,NPR,1/1/2026
ACC0000006039,CUST00003062,BR0010,SAVINGS,ACTIVE,12/3/2019,NPR,1/1/2026
ACC0000006040,CUST00003516,BR0029,WALLET,ACTIVE,5/1/2023,NPR,1/1/2026
ACC0000006041,CUST00001114,BR0004,SALARY,DORMANT,8/27/2024,NPR,1/1/2026
ACC0000006042,CUST00004685,BR0001,SALARY,DORMANT,1/25/2024,NPR,1/1/2026
ACC0000006043,CUST00001429,BR0015,CURRENT,ACTIVE,5/10/2024,NPR,1/1/2026
ACC0000006044,CUST00004167,BR0030,CURRENT,CLOSED,11/26/2021,NPR,1/1/2026
ACC0000006045,CUST00004002,BR0033,SALARY,ACTIVE,6/12/2022,NPR,1/1/2026
ACC0000006046,CUST00003197,BR0036,LOAN,ACTIVE,11/25/2022,NPR,1/1/2026
ACC0000006047,CUST00004644,BR0006,SALARY,ACTIVE,6/5/2023,NPR,1/1/2026
ACC0000006048,CUST00004149,BR0004,LOAN,ACTIVE,1/24/2022,NPR,1/1/2026
ACC0000006049,CUST00000340,BR0033,SALARY,ACTIVE,1/8/2022,NPR,1/1/2026
ACC0000006050,CUST00003386,BR0019,SAVINGS,ACTIVE,6/14/2019,NPR,1/1/2026
ACC0000006051,CUST00003305,BR0036,CURRENT,ACTIVE,8/27/2020,NPR,1/1/2026
ACC0000006052,CUST00000687,BR0017,LOAN,ACTIVE,10/25/2023,NPR,1/1/2026
ACC0000006053,CUST00002936,BR0040,CURRENT,ACTIVE,2/23/2020,NPR,1/1/2026
ACC0000006054,CUST00003087,BR0037,SAVINGS,ACTIVE,1/8/2025,NPR,1/1/2026
ACC0000006055,CUST00001253,BR0025,SAVINGS,ACTIVE,2/2/2024,NPR,1/1/2026
ACC0000006056,CUST00004980,BR0036,LOAN,ACTIVE,9/11/2019,NPR,1/1/2026
ACC0000006057,CUST00000753,BR0018,WALLET,ACTIVE,11/18/2023,NPR,1/1/2026
ACC0000006058,CUST00002149,BR0013,LOAN,ACTIVE,12/1/2025,NPR,1/1/2026
ACC0000006059,CUST00000148,BR0028,SALARY,ACTIVE,10/8/2023,NPR,1/1/2026
ACC0000006060,CUST00001478,BR0040,WALLET,ACTIVE,3/15/2022,NPR,1/1/2026
ACC0000006061,CUST00001345,BR0028,SAVINGS,ACTIVE,7/16/2025,NPR,1/1/2026
ACC0000006062,CUST00003056,BR0003,SALARY,ACTIVE,11/28/2020,NPR,1/1/2026
ACC0000006063,CUST00000464,BR0012,SALARY,ACTIVE,11/30/2023,NPR,1/1/2026
ACC0000006064,CUST00000722,BR0023,LOAN,ACTIVE,7/19/2024,NPR,1/1/2026
ACC0000006065,CUST00002048,BR0013,SAVINGS,DORMANT,8/20/2020,NPR,1/1/2026
ACC0000006066,CUST00004129,BR0002,WALLET,ACTIVE,7/3/2020,NPR,1/1/2026
ACC0000006067,CUST00003164,BR0037,LOAN,BLOCKED,8/23/2021,NPR,1/1/2026
ACC0000006068,CUST00000053,BR0012,WALLET,ACTIVE,12/7/2020,NPR,1/1/2026
ACC0000006069,CUST00003879,BR0019,SALARY,DORMANT,2/20/2020,NPR,1/1/2026
ACC0000006070,CUST00004236,BR0015,LOAN,ACTIVE,4/19/2022,NPR,1/1/2026
ACC0000006071,CUST00002917,BR0029,WALLET,ACTIVE,12/7/2024,NPR,1/1/2026
ACC0000006072,CUST00000067,BR0036,WALLET,BLOCKED,6/23/2023,NPR,1/1/2026
ACC0000006073,CUST00001505,BR0032,LOAN,ACTIVE,3/12/2024,NPR,1/1/2026
ACC0000006074,CUST00004976,BR0001,LOAN,ACTIVE,2/21/2025,NPR,1/1/2026
ACC0000006075,CUST00004809,BR0004,LOAN,ACTIVE,3/26/2025,NPR,1/1/2026
ACC0000006076,CUST00002109,BR0003,SAVINGS,ACTIVE,11/2/2024,NPR,1/1/2026
ACC0000006077,CUST00001997,BR0015,SAVINGS,ACTIVE,8/18/2022,NPR,1/1/2026
ACC0000006078,CUST00003460,BR0040,CURRENT,ACTIVE,7/21/2023,NPR,1/1/2026
ACC0000006079,CUST00000728,BR0007,CURRENT,ACTIVE,5/13/2025,NPR,1/1/2026
ACC0000006080,CUST00003311,BR0015,SALARY,ACTIVE,4/16/2024,NPR,1/1/2026
ACC0000006081,CUST00001255,BR0023,CURRENT,ACTIVE,8/11/2022,NPR,1/1/2026
ACC0000006082,CUST00003604,BR0038,CURRENT,ACTIVE,9/22/2019,NPR,1/1/2026
ACC0000006083,CUST00001306,BR0029,LOAN,ACTIVE,2/15/2021,NPR,1/1/2026
ACC0000006084,CUST00000339,BR0012,WALLET,DORMANT,4/16/2023,NPR,1/1/2026
ACC0000006085,CUST00003791,BR0006,WALLET,ACTIVE,12/26/2019,NPR,1/1/2026
ACC0000006086,CUST00001397,BR0010,LOAN,ACTIVE,7/21/2019,NPR,1/1/2026
ACC0000006087,CUST00003556,BR0013,CURRENT,CLOSED,7/22/2022,NPR,1/1/2026
ACC0000006088,CUST00003462,BR0028,CURRENT,ACTIVE,9/27/2025,NPR,1/1/2026
ACC0000006089,CUST00004956,BR0030,LOAN,ACTIVE,9/11/2021,NPR,1/1/2026
ACC0000006090,CUST00000860,BR0031,SAVINGS,ACTIVE,8/23/2024,NPR,1/1/2026
ACC0000006091,CUST00000389,BR0040,WALLET,ACTIVE,9/19/2023,NPR,1/1/2026
ACC0000006092,CUST00004476,BR0021,CURRENT,ACTIVE,10/17/2025,NPR,1/1/2026
ACC0000006093,CUST00004850,BR0027,LOAN,ACTIVE,10/3/2020,NPR,1/1/2026
ACC0000006094,CUST00001849,BR0028,LOAN,ACTIVE,8/30/2022,NPR,1/1/2026
ACC0000006095,CUST00000594,BR0016,SAVINGS,ACTIVE,12/25/2021,NPR,1/1/2026
ACC0000006096,CUST00004529,BR0035,CURRENT,ACTIVE,11/24/2023,NPR,1/1/2026
ACC0000006097,CUST00001749,BR0024,WALLET,ACTIVE,3/7/2021,NPR,1/1/2026
ACC0000006098,CUST00001176,BR0035,SALARY,ACTIVE,6/21/2020,NPR,1/1/2026
ACC0000006099,CUST00001410,BR0020,LOAN,CLOSED,12/18/2025,NPR,1/1/2026
ACC0000006100,CUST00003032,BR0016,CURRENT,ACTIVE,5/24/2024,NPR,1/1/2026
ACC0000006101,CUST00002169,BR0012,WALLET,ACTIVE,5/6/2025,NPR,1/1/2026
ACC0000006102,CUST00000842,BR0025,LOAN,ACTIVE,9/23/2024,NPR,1/1/2026
ACC0000006103,CUST00000013,BR0016,LOAN,ACTIVE,4/7/2024,NPR,1/1/2026
ACC0000006104,CUST00000883,BR0039,LOAN,CLOSED,10/13/2022,NPR,1/1/2026
ACC0000006105,CUST00003304,BR0010,CURRENT,ACTIVE,7/24/2025,NPR,1/1/2026
ACC0000006106,CUST00000179,BR0005,CURRENT,ACTIVE,2/18/2023,NPR,1/1/2026
ACC0000006107,CUST00001913,BR0007,CURRENT,ACTIVE,4/21/2019,NPR,1/1/2026
ACC0000006108,CUST00004684,BR0001,CURRENT,ACTIVE,8/27/2020,NPR,1/1/2026
ACC0000006109,CUST00003561,BR0018,LOAN,ACTIVE,9/7/2023,NPR,1/1/2026
ACC0000006110,CUST00000734,BR0006,LOAN,BLOCKED,4/27/2020,NPR,1/1/2026
ACC0000006111,CUST00001016,BR0016,SAVINGS,ACTIVE,2/17/2022,NPR,1/1/2026
ACC0000006112,CUST00000318,BR0030,CURRENT,ACTIVE,9/18/2025,NPR,1/1/2026
ACC0000006113,CUST00001831,BR0012,WALLET,ACTIVE,9/5/2022,NPR,1/1/2026
ACC0000006114,CUST00003201,BR0006,SAVINGS,CLOSED,6/13/2025,NPR,1/1/2026
ACC0000006115,CUST00004423,BR0006,SAVINGS,ACTIVE,11/27/2022,NPR,1/1/2026
ACC0000006116,CUST00000362,BR0026,SAVINGS,ACTIVE,5/21/2025,NPR,1/1/2026
ACC0000006117,CUST00004669,BR0025,WALLET,ACTIVE,9/17/2024,NPR,1/1/2026
ACC0000006118,CUST00000620,BR0035,WALLET,ACTIVE,5/16/2022,NPR,1/1/2026
ACC0000006119,CUST00002824,BR0006,WALLET,ACTIVE,8/19/2023,NPR,1/1/2026
ACC0000006120,CUST00001456,BR0008,SALARY,ACTIVE,3/27/2021,NPR,1/1/2026
ACC0000006121,CUST00002489,BR0024,WALLET,BLOCKED,6/19/2021,NPR,1/1/2026
ACC0000006122,CUST00002027,BR0013,CURRENT,ACTIVE,11/23/2020,NPR,1/1/2026
ACC0000006123,CUST00000386,BR0005,SALARY,ACTIVE,12/31/2022,NPR,1/1/2026
ACC0000006124,CUST00004987,BR0027,WALLET,ACTIVE,11/27/2025,NPR,1/1/2026
ACC0000006125,CUST00003598,BR0035,WALLET,ACTIVE,8/31/2020,NPR,1/1/2026
ACC0000006126,CUST00002759,BR0039,SALARY,DORMANT,10/9/2020,NPR,1/1/2026
ACC0000006127,CUST00004389,BR0022,WALLET,ACTIVE,7/29/2022,NPR,1/1/2026
ACC0000006128,CUST00000989,BR0018,WALLET,ACTIVE,4/15/2023,NPR,1/1/2026
ACC0000006129,CUST00003275,BR0013,WALLET,ACTIVE,7/27/2020,NPR,1/1/2026
ACC0000006130,CUST00001292,BR0021,WALLET,ACTIVE,7/30/2022,NPR,1/1/2026
ACC0000006131,CUST00001237,BR0004,WALLET,ACTIVE,3/13/2024,NPR,1/1/2026
ACC0000006132,CUST00001039,BR0018,CURRENT,ACTIVE,7/12/2023,NPR,1/1/2026
ACC0000006133,CUST00000067,BR0017,SALARY,ACTIVE,4/30/2020,NPR,1/1/2026
ACC0000006134,CUST00004026,BR0023,SAVINGS,ACTIVE,5/2/2021,NPR,1/1/2026
ACC0000006135,CUST00000356,BR0027,SALARY,ACTIVE,11/9/2021,NPR,1/1/2026
ACC0000006136,CUST00004366,BR0021,CURRENT,ACTIVE,3/19/2019,NPR,1/1/2026
ACC0000006137,CUST00003094,BR0021,SALARY,ACTIVE,7/28/2022,NPR,1/1/2026
ACC0000006138,CUST00000502,BR0031,SAVINGS,ACTIVE,11/26/2019,NPR,1/1/2026
ACC0000006139,CUST00001798,BR0034,SALARY,DORMANT,8/15/2025,NPR,1/1/2026
ACC0000006140,CUST00004181,BR0016,SALARY,ACTIVE,9/19/2022,NPR,1/1/2026
ACC0000006141,CUST00001236,BR0009,WALLET,ACTIVE,10/1/2022,NPR,1/1/2026
ACC0000006142,CUST00003495,BR0028,SALARY,ACTIVE,5/16/2022,NPR,1/1/2026
ACC0000006143,CUST00003932,BR0015,SAVINGS,ACTIVE,9/2/2022,NPR,1/1/2026
ACC0000006144,CUST00001284,BR0038,LOAN,ACTIVE,9/11/2019,NPR,1/1/2026
ACC0000006145,CUST00003992,BR0034,SAVINGS,ACTIVE,4/12/2024,NPR,1/1/2026
ACC0000006146,CUST00003622,BR0028,SAVINGS,ACTIVE,8/15/2022,NPR,1/1/2026
ACC0000006147,CUST00001420,BR0002,SAVINGS,DORMANT,2/28/2024,NPR,1/1/2026
ACC0000006148,CUST00004223,BR0003,SAVINGS,DORMANT,7/23/2021,NPR,1/1/2026
ACC0000006149,CUST00004613,BR0028,LOAN,ACTIVE,2/19/2020,NPR,1/1/2026
ACC0000006150,CUST00000840,BR0032,SALARY,ACTIVE,12/3/2025,NPR,1/1/2026
ACC0000006151,CUST00003738,BR0004,SAVINGS,ACTIVE,10/8/2024,NPR,1/1/2026
ACC0000006152,CUST00001943,BR0018,SAVINGS,CLOSED,9/30/2023,NPR,1/1/2026
ACC0000006153,CUST00000234,BR0003,LOAN,ACTIVE,12/12/2020,NPR,1/1/2026
ACC0000006154,CUST00003678,BR0035,SAVINGS,ACTIVE,6/27/2021,NPR,1/1/2026
ACC0000006155,CUST00003734,BR0029,SALARY,DORMANT,6/3/2022,NPR,1/1/2026
ACC0000006156,CUST00001176,BR0039,SALARY,ACTIVE,5/7/2022,NPR,1/1/2026
ACC0000006157,CUST00002869,BR0021,SAVINGS,ACTIVE,7/31/2021,NPR,1/1/2026
ACC0000006158,CUST00004931,BR0012,LOAN,ACTIVE,5/31/2020,NPR,1/1/2026
ACC0000006159,CUST00000673,BR0013,CURRENT,ACTIVE,9/28/2021,NPR,1/1/2026
ACC0000006160,CUST00003922,BR0016,SALARY,DORMANT,5/27/2023,NPR,1/1/2026
ACC0000006161,CUST00003941,BR0035,WALLET,ACTIVE,7/23/2025,NPR,1/1/2026
ACC0000006162,CUST00000626,BR0016,SALARY,ACTIVE,8/11/2020,NPR,1/1/2026
ACC0000006163,CUST00004652,BR0019,WALLET,ACTIVE,8/26/2020,NPR,1/1/2026
ACC0000006164,CUST00004257,BR0009,LOAN,ACTIVE,4/3/2019,NPR,1/1/2026
ACC0000006165,CUST00000680,BR0031,SAVINGS,ACTIVE,7/24/2025,NPR,1/1/2026
ACC0000006166,CUST00000654,BR0012,CURRENT,ACTIVE,10/22/2025,NPR,1/1/2026
ACC0000006167,CUST00001830,BR0026,SALARY,ACTIVE,11/25/2025,NPR,1/1/2026
ACC0000006168,CUST00003987,BR0035,SAVINGS,ACTIVE,12/15/2025,NPR,1/1/2026
ACC0000006169,CUST00000634,BR0005,SAVINGS,ACTIVE,12/22/2019,NPR,1/1/2026
ACC0000006170,CUST00004100,BR0023,CURRENT,ACTIVE,10/17/2023,NPR,1/1/2026
ACC0000006171,CUST00003281,BR0007,SAVINGS,DORMANT,10/22/2023,NPR,1/1/2026
ACC0000006172,CUST00004394,BR0032,WALLET,ACTIVE,8/5/2024,NPR,1/1/2026
ACC0000006173,CUST00004737,BR0002,CURRENT,ACTIVE,11/26/2021,NPR,1/1/2026
ACC0000006174,CUST00002416,BR0016,SALARY,ACTIVE,7/16/2023,NPR,1/1/2026
ACC0000006175,CUST00003187,BR0026,LOAN,ACTIVE,2/3/2024,NPR,1/1/2026
ACC0000006176,CUST00000844,BR0021,CURRENT,ACTIVE,3/21/2025,NPR,1/1/2026
ACC0000006177,CUST00002346,BR0021,LOAN,ACTIVE,7/7/2021,NPR,1/1/2026
ACC0000006178,CUST00001501,BR0033,CURRENT,ACTIVE,2/24/2024,NPR,1/1/2026
ACC0000006179,CUST00002077,BR0039,WALLET,ACTIVE,11/24/2022,NPR,1/1/2026
ACC0000006180,CUST00002619,BR0031,WALLET,ACTIVE,8/19/2021,NPR,1/1/2026
ACC0000006181,CUST00002874,BR0028,SALARY,ACTIVE,10/16/2025,NPR,1/1/2026
ACC0000006182,CUST00002962,BR0032,LOAN,ACTIVE,10/13/2023,NPR,1/1/2026
ACC0000006183,CUST00002694,BR0024,SALARY,ACTIVE,3/6/2023,NPR,1/1/2026
ACC0000006184,CUST00001322,BR0030,SAVINGS,ACTIVE,10/9/2022,NPR,1/1/2026
ACC0000006185,CUST00004413,BR0006,WALLET,ACTIVE,6/24/2019,NPR,1/1/2026
ACC0000006186,CUST00002108,BR0024,SAVINGS,CLOSED,12/10/2019,NPR,1/1/2026
ACC0000006187,CUST00001990,BR0012,SALARY,ACTIVE,6/17/2022,NPR,1/1/2026
ACC0000006188,CUST00001348,BR0039,SAVINGS,CLOSED,7/9/2019,NPR,1/1/2026
ACC0000006189,CUST00003757,BR0018,CURRENT,ACTIVE,11/22/2024,NPR,1/1/2026
ACC0000006190,CUST00002007,BR0005,SALARY,DORMANT,11/10/2019,NPR,1/1/2026
ACC0000006191,CUST00004820,BR0007,WALLET,ACTIVE,2/12/2021,NPR,1/1/2026
ACC0000006192,CUST00001678,BR0024,WALLET,ACTIVE,3/27/2019,NPR,1/1/2026
ACC0000006193,CUST00000491,BR0038,SAVINGS,ACTIVE,1/22/2024,NPR,1/1/2026
ACC0000006194,CUST00002435,BR0026,SALARY,ACTIVE,8/16/2023,NPR,1/1/2026
ACC0000006195,CUST00001307,BR0019,LOAN,ACTIVE,3/14/2022,NPR,1/1/2026
ACC0000006196,CUST00001262,BR0004,CURRENT,ACTIVE,11/15/2020,NPR,1/1/2026
ACC0000006197,CUST00001396,BR0037,CURRENT,CLOSED,4/14/2024,NPR,1/1/2026
ACC0000006198,CUST00003435,BR0001,SALARY,ACTIVE,2/4/2024,NPR,1/1/2026
ACC0000006199,CUST00000125,BR0012,SAVINGS,ACTIVE,8/11/2022,NPR,1/1/2026
ACC0000006200,CUST00004777,BR0027,CURRENT,ACTIVE,7/18/2024,NPR,1/1/2026
ACC0000006201,CUST00000294,BR0020,SAVINGS,ACTIVE,2/10/2025,NPR,1/1/2026
ACC0000006202,CUST00001527,BR0037,SAVINGS,ACTIVE,12/27/2023,NPR,1/1/2026
ACC0000006203,CUST00001010,BR0033,CURRENT,ACTIVE,12/4/2024,NPR,1/1/2026
ACC0000006204,CUST00000054,BR0011,LOAN,ACTIVE,5/26/2025,NPR,1/1/2026
ACC0000006205,CUST00000402,BR0035,SAVINGS,ACTIVE,1/21/2021,NPR,1/1/2026
ACC0000006206,CUST00004047,BR0035,WALLET,ACTIVE,6/11/2020,NPR,1/1/2026
ACC0000006207,CUST00000928,BR0004,SAVINGS,ACTIVE,4/1/2023,NPR,1/1/2026
ACC0000006208,CUST00000280,BR0011,LOAN,ACTIVE,3/22/2024,NPR,1/1/2026
ACC0000006209,CUST00003090,BR0024,CURRENT,ACTIVE,9/3/2022,NPR,1/1/2026
ACC0000006210,CUST00001316,BR0033,WALLET,ACTIVE,3/10/2022,NPR,1/1/2026
ACC0000006211,CUST00003740,BR0012,WALLET,ACTIVE,2/20/2023,NPR,1/1/2026
ACC0000006212,CUST00003435,BR0020,SALARY,DORMANT,8/23/2022,NPR,1/1/2026
ACC0000006213,CUST00003135,BR0019,SAVINGS,CLOSED,4/24/2022,NPR,1/1/2026
ACC0000006214,CUST00004524,BR0017,SALARY,ACTIVE,9/20/2019,NPR,1/1/2026
ACC0000006215,CUST00004212,BR0029,SALARY,ACTIVE,4/13/2020,NPR,1/1/2026
ACC0000006216,CUST00004875,BR0027,WALLET,ACTIVE,2/14/2024,NPR,1/1/2026
ACC0000006217,CUST00004571,BR0010,LOAN,ACTIVE,6/13/2022,NPR,1/1/2026
ACC0000006218,CUST00001490,BR0016,SALARY,DORMANT,10/31/2022,NPR,1/1/2026
ACC0000006219,CUST00000869,BR0019,LOAN,ACTIVE,7/8/2023,NPR,1/1/2026
ACC0000006220,CUST00001630,BR0010,SAVINGS,ACTIVE,2/23/2024,NPR,1/1/2026
ACC0000006221,CUST00001340,BR0018,CURRENT,CLOSED,8/20/2023,NPR,1/1/2026
ACC0000006222,CUST00004984,BR0014,SAVINGS,ACTIVE,1/27/2023,NPR,1/1/2026
ACC0000006223,CUST00000863,BR0033,WALLET,ACTIVE,11/19/2020,NPR,1/1/2026
ACC0000006224,CUST00002498,BR0008,WALLET,ACTIVE,8/15/2022,NPR,1/1/2026
ACC0000006225,CUST00000131,BR0007,SAVINGS,ACTIVE,9/9/2023,NPR,1/1/2026
ACC0000006226,CUST00000144,BR0030,SALARY,ACTIVE,12/13/2025,NPR,1/1/2026
ACC0000006227,CUST00003996,BR0010,SALARY,ACTIVE,6/9/2024,NPR,1/1/2026
ACC0000006228,CUST00001835,BR0037,SALARY,ACTIVE,9/12/2022,NPR,1/1/2026
ACC0000006229,CUST00000206,BR0012,CURRENT,ACTIVE,11/4/2021,NPR,1/1/2026
ACC0000006230,CUST00004899,BR0004,SAVINGS,ACTIVE,9/29/2019,NPR,1/1/2026
ACC0000006231,CUST00003174,BR0026,LOAN,ACTIVE,8/30/2022,NPR,1/1/2026
ACC0000006232,CUST00004752,BR0011,CURRENT,BLOCKED,10/25/2021,NPR,1/1/2026
ACC0000006233,CUST00003015,BR0006,SALARY,ACTIVE,9/3/2019,NPR,1/1/2026
ACC0000006234,CUST00004711,BR0024,LOAN,ACTIVE,1/15/2021,NPR,1/1/2026
ACC0000006235,CUST00004539,BR0013,SAVINGS,ACTIVE,7/3/2020,NPR,1/1/2026
ACC0000006236,CUST00002579,BR0011,WALLET,ACTIVE,7/8/2023,NPR,1/1/2026
ACC0000006237,CUST00003286,BR0011,WALLET,ACTIVE,5/1/2022,NPR,1/1/2026
ACC0000006238,CUST00001657,BR0040,SALARY,ACTIVE,5/15/2019,NPR,1/1/2026
ACC0000006239,CUST00003061,BR0025,CURRENT,ACTIVE,5/12/2021,NPR,1/1/2026
ACC0000006240,CUST00002563,BR0018,LOAN,ACTIVE,9/25/2019,NPR,1/1/2026
ACC0000006241,CUST00000890,BR0014,WALLET,ACTIVE,3/12/2021,NPR,1/1/2026
ACC0000006242,CUST00001634,BR0037,CURRENT,ACTIVE,9/13/2025,NPR,1/1/2026
ACC0000006243,CUST00001182,BR0039,CURRENT,ACTIVE,8/13/2020,NPR,1/1/2026
ACC0000006244,CUST00003491,BR0006,SAVINGS,ACTIVE,6/28/2022,NPR,1/1/2026
ACC0000006245,CUST00000619,BR0006,WALLET,ACTIVE,3/27/2024,NPR,1/1/2026
ACC0000006246,CUST00002638,BR0016,CURRENT,ACTIVE,4/2/2020,NPR,1/1/2026
ACC0000006247,CUST00001836,BR0004,LOAN,ACTIVE,9/8/2023,NPR,1/1/2026
ACC0000006248,CUST00001123,BR0003,CURRENT,DORMANT,6/11/2023,NPR,1/1/2026
ACC0000006249,CUST00003497,BR0018,WALLET,ACTIVE,7/3/2021,NPR,1/1/2026
ACC0000006250,CUST00003034,BR0026,LOAN,ACTIVE,12/10/2024,NPR,1/1/2026
ACC0000006251,CUST00003908,BR0016,SALARY,ACTIVE,3/2/2023,NPR,1/1/2026
ACC0000006252,CUST00000964,BR0001,CURRENT,ACTIVE,6/19/2024,NPR,1/1/2026
ACC0000006253,CUST00003996,BR0012,LOAN,ACTIVE,11/4/2020,NPR,1/1/2026
ACC0000006254,CUST00002995,BR0009,WALLET,CLOSED,4/27/2022,NPR,1/1/2026
ACC0000006255,CUST00003280,BR0026,LOAN,ACTIVE,6/2/2019,NPR,1/1/2026
ACC0000006256,CUST00000378,BR0025,LOAN,ACTIVE,9/29/2024,NPR,1/1/2026
ACC0000006257,CUST00004690,BR0008,LOAN,DORMANT,5/24/2020,NPR,1/1/2026
ACC0000006258,CUST00004506,BR0025,CURRENT,DORMANT,9/6/2020,NPR,1/1/2026
ACC0000006259,CUST00002246,BR0027,WALLET,ACTIVE,1/3/2020,NPR,1/1/2026
ACC0000006260,CUST00004072,BR0022,LOAN,ACTIVE,5/12/2020,NPR,1/1/2026
ACC0000006261,CUST00000756,BR0004,SALARY,ACTIVE,6/30/2019,NPR,1/1/2026
ACC0000006262,CUST00001021,BR0011,WALLET,ACTIVE,5/7/2023,NPR,1/1/2026
ACC0000006263,CUST00004163,BR0031,LOAN,ACTIVE,8/4/2019,NPR,1/1/2026
ACC0000006264,CUST00003647,BR0001,SAVINGS,ACTIVE,7/19/2022,NPR,1/1/2026
ACC0000006265,CUST00002475,BR0006,SAVINGS,ACTIVE,5/6/2019,NPR,1/1/2026
ACC0000006266,CUST00002303,BR0015,CURRENT,CLOSED,7/3/2021,NPR,1/1/2026
ACC0000006267,CUST00000432,BR0014,LOAN,BLOCKED,1/18/2022,NPR,1/1/2026
ACC0000006268,CUST00000885,BR0002,LOAN,ACTIVE,6/5/2025,NPR,1/1/2026
ACC0000006269,CUST00000614,BR0008,LOAN,ACTIVE,10/12/2019,NPR,1/1/2026
ACC0000006270,CUST00001830,BR0012,SAVINGS,ACTIVE,10/14/2023,NPR,1/1/2026
ACC0000006271,CUST00002665,BR0038,SALARY,ACTIVE,12/17/2023,NPR,1/1/2026
ACC0000006272,CUST00000986,BR0026,WALLET,ACTIVE,3/16/2023,NPR,1/1/2026
ACC0000006273,CUST00000256,BR0028,LOAN,ACTIVE,1/4/2025,NPR,1/1/2026
ACC0000006274,CUST00000171,BR0026,SALARY,ACTIVE,10/18/2021,NPR,1/1/2026
ACC0000006275,CUST00000341,BR0018,SALARY,ACTIVE,7/30/2024,NPR,1/1/2026
ACC0000006276,CUST00001072,BR0019,SALARY,ACTIVE,1/31/2022,NPR,1/1/2026
ACC0000006277,CUST00004353,BR0007,SAVINGS,ACTIVE,6/24/2023,NPR,1/1/2026
ACC0000006278,CUST00002128,BR0038,CURRENT,ACTIVE,12/6/2024,NPR,1/1/2026
ACC0000006279,CUST00001137,BR0025,WALLET,ACTIVE,3/3/2022,NPR,1/1/2026
ACC0000006280,CUST00004400,BR0010,SAVINGS,ACTIVE,6/12/2023,NPR,1/1/2026
ACC0000006281,CUST00002606,BR0006,SALARY,ACTIVE,7/14/2025,NPR,1/1/2026
ACC0000006282,CUST00000113,BR0014,SAVINGS,ACTIVE,5/27/2023,NPR,1/1/2026
ACC0000006283,CUST00003883,BR0004,SAVINGS,ACTIVE,8/14/2024,NPR,1/1/2026
ACC0000006284,CUST00001753,BR0035,SALARY,ACTIVE,11/11/2024,NPR,1/1/2026
ACC0000006285,CUST00000474,BR0032,SAVINGS,ACTIVE,11/13/2021,NPR,1/1/2026
ACC0000006286,CUST00000952,BR0038,CURRENT,ACTIVE,1/28/2025,NPR,1/1/2026
ACC0000006287,CUST00003745,BR0014,SALARY,DORMANT,7/2/2020,NPR,1/1/2026
ACC0000006288,CUST00004460,BR0031,SAVINGS,ACTIVE,2/21/2022,NPR,1/1/2026
ACC0000006289,CUST00001780,BR0008,WALLET,ACTIVE,1/13/2023,NPR,1/1/2026
ACC0000006290,CUST00000696,BR0011,WALLET,ACTIVE,7/13/2021,NPR,1/1/2026
ACC0000006291,CUST00000417,BR0004,SAVINGS,ACTIVE,4/4/2022,NPR,1/1/2026
ACC0000006292,CUST00004521,BR0039,WALLET,ACTIVE,10/23/2019,NPR,1/1/2026
ACC0000006293,CUST00003121,BR0040,WALLET,BLOCKED,8/10/2023,NPR,1/1/2026
ACC0000006294,CUST00001794,BR0026,SAVINGS,ACTIVE,12/12/2025,NPR,1/1/2026
ACC0000006295,CUST00001334,BR0035,CURRENT,ACTIVE,10/17/2021,NPR,1/1/2026
ACC0000006296,CUST00002140,BR0020,SAVINGS,CLOSED,11/28/2024,NPR,1/1/2026
ACC0000006297,CUST00003829,BR0025,SALARY,ACTIVE,4/28/2021,NPR,1/1/2026
ACC0000006298,CUST00000587,BR0039,CURRENT,ACTIVE,12/4/2020,NPR,1/1/2026
ACC0000006299,CUST00002070,BR0001,SAVINGS,ACTIVE,12/11/2024,NPR,1/1/2026
ACC0000006300,CUST00002285,BR0007,LOAN,ACTIVE,3/16/2020,NPR,1/1/2026
ACC0000006301,CUST00003760,BR0013,WALLET,ACTIVE,10/16/2019,NPR,1/1/2026
ACC0000006302,CUST00004554,BR0005,LOAN,ACTIVE,2/27/2025,NPR,1/1/2026
ACC0000006303,CUST00004031,BR0031,LOAN,ACTIVE,10/30/2025,NPR,1/1/2026
ACC0000006304,CUST00004499,BR0018,SAVINGS,ACTIVE,12/31/2023,NPR,1/1/2026
ACC0000006305,CUST00003112,BR0014,SALARY,ACTIVE,4/9/2021,NPR,1/1/2026
ACC0000006306,CUST00001073,BR0038,LOAN,ACTIVE,11/30/2021,NPR,1/1/2026
ACC0000006307,CUST00003403,BR0022,SALARY,ACTIVE,1/31/2024,NPR,1/1/2026
ACC0000006308,CUST00002300,BR0026,SAVINGS,ACTIVE,8/4/2022,NPR,1/1/2026
ACC0000006309,CUST00001323,BR0032,SALARY,ACTIVE,3/18/2019,NPR,1/1/2026
ACC0000006310,CUST00004197,BR0013,WALLET,BLOCKED,10/7/2025,NPR,1/1/2026
ACC0000006311,CUST00000587,BR0023,CURRENT,ACTIVE,2/10/2024,NPR,1/1/2026
ACC0000006312,CUST00001504,BR0022,CURRENT,ACTIVE,10/5/2024,NPR,1/1/2026
ACC0000006313,CUST00001732,BR0021,SALARY,BLOCKED,10/18/2021,NPR,1/1/2026
ACC0000006314,CUST00002654,BR0019,LOAN,DORMANT,10/14/2025,NPR,1/1/2026
ACC0000006315,CUST00002893,BR0023,CURRENT,ACTIVE,8/2/2024,NPR,1/1/2026
ACC0000006316,CUST00000153,BR0026,WALLET,ACTIVE,3/27/2025,NPR,1/1/2026
ACC0000006317,CUST00003391,BR0037,SAVINGS,ACTIVE,3/30/2021,NPR,1/1/2026
ACC0000006318,CUST00001035,BR0009,WALLET,ACTIVE,8/23/2020,NPR,1/1/2026
ACC0000006319,CUST00003257,BR0008,CURRENT,ACTIVE,9/1/2021,NPR,1/1/2026
ACC0000006320,CUST00002528,BR0018,SALARY,ACTIVE,10/19/2024,NPR,1/1/2026
ACC0000006321,CUST00002841,BR0018,SALARY,ACTIVE,11/8/2022,NPR,1/1/2026
ACC0000006322,CUST00004458,BR0008,SAVINGS,ACTIVE,1/28/2025,NPR,1/1/2026
ACC0000006323,CUST00003874,BR0026,LOAN,ACTIVE,1/19/2025,NPR,1/1/2026
ACC0000006324,CUST00001018,BR0025,SALARY,ACTIVE,2/13/2024,NPR,1/1/2026
ACC0000006325,CUST00000289,BR0012,SAVINGS,ACTIVE,8/9/2022,NPR,1/1/2026
ACC0000006326,CUST00002302,BR0022,LOAN,ACTIVE,5/5/2023,NPR,1/1/2026
ACC0000006327,CUST00004000,BR0029,WALLET,ACTIVE,4/16/2025,NPR,1/1/2026
ACC0000006328,CUST00000091,BR0004,WALLET,ACTIVE,1/28/2023,NPR,1/1/2026
ACC0000006329,CUST00003914,BR0012,SAVINGS,ACTIVE,3/20/2021,NPR,1/1/2026
ACC0000006330,CUST00000063,BR0013,SAVINGS,DORMANT,3/13/2021,NPR,1/1/2026
ACC0000006331,CUST00000760,BR0034,LOAN,ACTIVE,9/9/2020,NPR,1/1/2026
ACC0000006332,CUST00003499,BR0030,LOAN,ACTIVE,5/1/2022,NPR,1/1/2026
ACC0000006333,CUST00000589,BR0013,SALARY,ACTIVE,11/11/2025,NPR,1/1/2026
ACC0000006334,CUST00003566,BR0024,SAVINGS,ACTIVE,4/17/2023,NPR,1/1/2026
ACC0000006335,CUST00003409,BR0010,CURRENT,CLOSED,7/19/2020,NPR,1/1/2026
ACC0000006336,CUST00000301,BR0014,LOAN,DORMANT,12/18/2025,NPR,1/1/2026
ACC0000006337,CUST00003887,BR0027,SALARY,CLOSED,5/27/2021,NPR,1/1/2026
ACC0000006338,CUST00004251,BR0025,WALLET,ACTIVE,11/22/2024,NPR,1/1/2026
ACC0000006339,CUST00000912,BR0037,WALLET,ACTIVE,11/22/2024,NPR,1/1/2026
ACC0000006340,CUST00000383,BR0034,SAVINGS,ACTIVE,11/22/2020,NPR,1/1/2026
ACC0000006341,CUST00000148,BR0011,SALARY,ACTIVE,8/6/2019,NPR,1/1/2026
ACC0000006342,CUST00001374,BR0021,SAVINGS,ACTIVE,3/21/2024,NPR,1/1/2026
ACC0000006343,CUST00003487,BR0021,WALLET,ACTIVE,10/11/2022,NPR,1/1/2026
ACC0000006344,CUST00002228,BR0032,SALARY,ACTIVE,12/17/2019,NPR,1/1/2026
ACC0000006345,CUST00004598,BR0040,SAVINGS,ACTIVE,7/7/2023,NPR,1/1/2026
ACC0000006346,CUST00000523,BR0003,SALARY,ACTIVE,6/3/2023,NPR,1/1/2026
ACC0000006347,CUST00004620,BR0029,SALARY,ACTIVE,9/30/2023,NPR,1/1/2026
ACC0000006348,CUST00001811,BR0033,SAVINGS,ACTIVE,4/23/2024,NPR,1/1/2026
ACC0000006349,CUST00003211,BR0031,LOAN,ACTIVE,1/30/2022,NPR,1/1/2026
ACC0000006350,CUST00001238,BR0017,WALLET,ACTIVE,9/12/2022,NPR,1/1/2026
ACC0000006351,CUST00001094,BR0027,CURRENT,ACTIVE,2/20/2025,NPR,1/1/2026
ACC0000006352,CUST00002780,BR0036,SALARY,ACTIVE,4/3/2023,NPR,1/1/2026
ACC0000006353,CUST00003255,BR0014,LOAN,ACTIVE,1/13/2023,NPR,1/1/2026
ACC0000006354,CUST00001207,BR0007,LOAN,ACTIVE,3/29/2020,NPR,1/1/2026
ACC0000006355,CUST00004712,BR0019,SALARY,ACTIVE,9/8/2020,NPR,1/1/2026
ACC0000006356,CUST00001522,BR0023,WALLET,ACTIVE,4/23/2020,NPR,1/1/2026
ACC0000006357,CUST00000298,BR0014,SALARY,ACTIVE,8/16/2022,NPR,1/1/2026
ACC0000006358,CUST00000353,BR0004,LOAN,ACTIVE,9/27/2019,NPR,1/1/2026
ACC0000006359,CUST00001201,BR0010,LOAN,ACTIVE,3/5/2023,NPR,1/1/2026
ACC0000006360,CUST00000753,BR0004,WALLET,ACTIVE,11/25/2021,NPR,1/1/2026
ACC0000006361,CUST00001390,BR0040,CURRENT,ACTIVE,3/11/2021,NPR,1/1/2026
ACC0000006362,CUST00003679,BR0030,SAVINGS,ACTIVE,9/28/2020,NPR,1/1/2026
ACC0000006363,CUST00001440,BR0010,SAVINGS,DORMANT,12/10/2022,NPR,1/1/2026
ACC0000006364,CUST00002117,BR0005,SALARY,ACTIVE,3/18/2021,NPR,1/1/2026
ACC0000006365,CUST00000053,BR0035,SALARY,ACTIVE,2/11/2023,NPR,1/1/2026
ACC0000006366,CUST00004476,BR0022,CURRENT,ACTIVE,12/2/2019,NPR,1/1/2026
ACC0000006367,CUST00001033,BR0013,SAVINGS,ACTIVE,11/21/2022,NPR,1/1/2026
ACC0000006368,CUST00004712,BR0013,SALARY,ACTIVE,1/8/2023,NPR,1/1/2026
ACC0000006369,CUST00004523,BR0034,LOAN,ACTIVE,12/17/2024,NPR,1/1/2026
ACC0000006370,CUST00001076,BR0021,SALARY,ACTIVE,7/17/2021,NPR,1/1/2026
ACC0000006371,CUST00003811,BR0028,SALARY,ACTIVE,8/12/2025,NPR,1/1/2026
ACC0000006372,CUST00001437,BR0006,LOAN,ACTIVE,5/18/2020,NPR,1/1/2026
ACC0000006373,CUST00003248,BR0007,SAVINGS,ACTIVE,2/22/2020,NPR,1/1/2026
ACC0000006374,CUST00004501,BR0010,SALARY,ACTIVE,11/23/2021,NPR,1/1/2026
ACC0000006375,CUST00000622,BR0017,SAVINGS,ACTIVE,10/29/2025,NPR,1/1/2026
ACC0000006376,CUST00004188,BR0025,SAVINGS,CLOSED,11/19/2020,NPR,1/1/2026
ACC0000006377,CUST00003430,BR0031,WALLET,ACTIVE,6/27/2024,NPR,1/1/2026
ACC0000006378,CUST00003083,BR0018,WALLET,ACTIVE,10/16/2022,NPR,1/1/2026
ACC0000006379,CUST00003986,BR0030,CURRENT,ACTIVE,9/7/2020,NPR,1/1/2026
ACC0000006380,CUST00003618,BR0013,SALARY,ACTIVE,5/3/2021,NPR,1/1/2026
ACC0000006381,CUST00004382,BR0022,SAVINGS,ACTIVE,8/9/2023,NPR,1/1/2026
ACC0000006382,CUST00002027,BR0011,SALARY,ACTIVE,4/22/2020,NPR,1/1/2026
ACC0000006383,CUST00002978,BR0030,SALARY,ACTIVE,3/27/2020,NPR,1/1/2026
ACC0000006384,CUST00004559,BR0015,SALARY,ACTIVE,1/14/2022,NPR,1/1/2026
ACC0000006385,CUST00002210,BR0010,SAVINGS,ACTIVE,12/30/2019,NPR,1/1/2026
ACC0000006386,CUST00000499,BR0012,SALARY,ACTIVE,4/26/2024,NPR,1/1/2026
ACC0000006387,CUST00003329,BR0022,SALARY,ACTIVE,12/26/2022,NPR,1/1/2026
ACC0000006388,CUST00001572,BR0033,SAVINGS,ACTIVE,7/20/2022,NPR,1/1/2026
ACC0000006389,CUST00003219,BR0016,SAVINGS,ACTIVE,3/13/2023,NPR,1/1/2026
ACC0000006390,CUST00002377,BR0034,SAVINGS,ACTIVE,12/26/2021,NPR,1/1/2026
ACC0000006391,CUST00003391,BR0020,CURRENT,ACTIVE,1/9/2021,NPR,1/1/2026
ACC0000006392,CUST00004633,BR0003,SAVINGS,ACTIVE,7/7/2025,NPR,1/1/2026
ACC0000006393,CUST00003365,BR0022,SAVINGS,CLOSED,2/9/2025,NPR,1/1/2026
ACC0000006394,CUST00004196,BR0013,SALARY,ACTIVE,2/24/2022,NPR,1/1/2026
ACC0000006395,CUST00003051,BR0035,LOAN,ACTIVE,10/16/2024,NPR,1/1/2026
ACC0000006396,CUST00000989,BR0031,SAVINGS,ACTIVE,12/11/2022,NPR,1/1/2026
ACC0000006397,CUST00004353,BR0037,CURRENT,ACTIVE,3/28/2022,NPR,1/1/2026
ACC0000006398,CUST00002223,BR0019,LOAN,BLOCKED,10/30/2025,NPR,1/1/2026
ACC0000006399,CUST00002672,BR0024,WALLET,ACTIVE,5/24/2025,NPR,1/1/2026
ACC0000006400,CUST00001046,BR0009,SAVINGS,ACTIVE,9/19/2023,NPR,1/1/2026
ACC0000006401,CUST00004912,BR0017,SAVINGS,DORMANT,1/11/2020,NPR,1/1/2026
ACC0000006402,CUST00000350,BR0024,SALARY,ACTIVE,8/31/2019,NPR,1/1/2026
ACC0000006403,CUST00004292,BR0009,WALLET,ACTIVE,2/15/2024,NPR,1/1/2026
ACC0000006404,CUST00001782,BR0031,SAVINGS,ACTIVE,4/13/2019,NPR,1/1/2026
ACC0000006405,CUST00002957,BR0027,LOAN,ACTIVE,3/3/2024,NPR,1/1/2026
ACC0000006406,CUST00004421,BR0011,LOAN,ACTIVE,10/27/2022,NPR,1/1/2026
ACC0000006407,CUST00000542,BR0006,SAVINGS,ACTIVE,12/15/2023,NPR,1/1/2026
ACC0000006408,CUST00004715,BR0037,CURRENT,ACTIVE,7/14/2021,NPR,1/1/2026
ACC0000006409,CUST00003935,BR0035,SAVINGS,ACTIVE,4/11/2022,NPR,1/1/2026
ACC0000006410,CUST00004343,BR0021,SALARY,ACTIVE,4/17/2021,NPR,1/1/2026
ACC0000006411,CUST00001812,BR0035,SAVINGS,ACTIVE,2/13/2022,NPR,1/1/2026
ACC0000006412,CUST00000370,BR0031,WALLET,ACTIVE,4/18/2022,NPR,1/1/2026
ACC0000006413,CUST00002389,BR0026,SAVINGS,ACTIVE,5/31/2025,NPR,1/1/2026
ACC0000006414,CUST00003202,BR0022,SALARY,ACTIVE,10/10/2022,NPR,1/1/2026
ACC0000006415,CUST00000781,BR0008,SALARY,ACTIVE,6/12/2022,NPR,1/1/2026
ACC0000006416,CUST00004509,BR0005,LOAN,ACTIVE,9/1/2025,NPR,1/1/2026
ACC0000006417,CUST00004074,BR0007,LOAN,ACTIVE,9/14/2022,NPR,1/1/2026
ACC0000006418,CUST00004913,BR0027,SAVINGS,ACTIVE,5/4/2020,NPR,1/1/2026
ACC0000006419,CUST00003105,BR0008,LOAN,CLOSED,8/10/2025,NPR,1/1/2026
ACC0000006420,CUST00000075,BR0015,SALARY,CLOSED,2/27/2019,NPR,1/1/2026
ACC0000006421,CUST00003105,BR0003,SAVINGS,ACTIVE,5/27/2025,NPR,1/1/2026
ACC0000006422,CUST00003185,BR0028,WALLET,ACTIVE,10/16/2023,NPR,1/1/2026
ACC0000006423,CUST00001553,BR0029,SALARY,ACTIVE,6/1/2021,NPR,1/1/2026
ACC0000006424,CUST00001197,BR0004,LOAN,ACTIVE,1/9/2024,NPR,1/1/2026
ACC0000006425,CUST00004232,BR0014,WALLET,ACTIVE,11/8/2022,NPR,1/1/2026
ACC0000006426,CUST00003125,BR0011,CURRENT,ACTIVE,11/5/2020,NPR,1/1/2026
ACC0000006427,CUST00004229,BR0014,LOAN,ACTIVE,3/22/2024,NPR,1/1/2026
ACC0000006428,CUST00004069,BR0002,LOAN,ACTIVE,7/9/2021,NPR,1/1/2026
ACC0000006429,CUST00003809,BR0013,SALARY,ACTIVE,3/31/2022,NPR,1/1/2026
ACC0000006430,CUST00004385,BR0030,WALLET,ACTIVE,8/4/2023,NPR,1/1/2026
ACC0000006431,CUST00002132,BR0040,LOAN,DORMANT,1/25/2022,NPR,1/1/2026
ACC0000006432,CUST00000430,BR0032,WALLET,DORMANT,3/3/2021,NPR,1/1/2026
ACC0000006433,CUST00001269,BR0002,CURRENT,ACTIVE,11/21/2025,NPR,1/1/2026
ACC0000006434,CUST00000006,BR0009,CURRENT,ACTIVE,3/7/2020,NPR,1/1/2026
ACC0000006435,CUST00003925,BR0026,SALARY,ACTIVE,1/9/2021,NPR,1/1/2026
ACC0000006436,CUST00001885,BR0001,WALLET,ACTIVE,3/29/2021,NPR,1/1/2026
ACC0000006437,CUST00000212,BR0034,SALARY,ACTIVE,8/15/2020,NPR,1/1/2026
ACC0000006438,CUST00004880,BR0024,LOAN,ACTIVE,11/20/2023,NPR,1/1/2026
ACC0000006439,CUST00001196,BR0036,SAVINGS,ACTIVE,11/4/2023,NPR,1/1/2026
ACC0000006440,CUST00003673,BR0035,SAVINGS,ACTIVE,6/9/2019,NPR,1/1/2026
ACC0000006441,CUST00003237,BR0029,SALARY,ACTIVE,6/24/2022,NPR,1/1/2026
ACC0000006442,CUST00000060,BR0034,LOAN,ACTIVE,2/15/2024,NPR,1/1/2026
ACC0000006443,CUST00004820,BR0010,SAVINGS,ACTIVE,6/12/2020,NPR,1/1/2026
ACC0000006444,CUST00000612,BR0014,WALLET,ACTIVE,3/29/2021,NPR,1/1/2026
ACC0000006445,CUST00002898,BR0037,WALLET,ACTIVE,10/5/2024,NPR,1/1/2026
ACC0000006446,CUST00000738,BR0023,SAVINGS,ACTIVE,4/2/2023,NPR,1/1/2026
ACC0000006447,CUST00003929,BR0026,SAVINGS,BLOCKED,11/2/2025,NPR,1/1/2026
ACC0000006448,CUST00001351,BR0007,CURRENT,ACTIVE,11/22/2020,NPR,1/1/2026
ACC0000006449,CUST00004365,BR0010,SAVINGS,ACTIVE,3/1/2025,NPR,1/1/2026
ACC0000006450,CUST00002214,BR0003,LOAN,ACTIVE,8/29/2022,NPR,1/1/2026
ACC0000006451,CUST00003523,BR0005,CURRENT,DORMANT,12/26/2019,NPR,1/1/2026
ACC0000006452,CUST00002360,BR0034,WALLET,DORMANT,6/15/2025,NPR,1/1/2026
ACC0000006453,CUST00000166,BR0012,SAVINGS,DORMANT,5/30/2020,NPR,1/1/2026
ACC0000006454,CUST00000897,BR0011,CURRENT,ACTIVE,9/30/2022,NPR,1/1/2026
ACC0000006455,CUST00000232,BR0037,SALARY,ACTIVE,5/4/2019,NPR,1/1/2026
ACC0000006456,CUST00003073,BR0007,LOAN,ACTIVE,8/21/2025,NPR,1/1/2026
ACC0000006457,CUST00004391,BR0033,CURRENT,ACTIVE,3/17/2023,NPR,1/1/2026
ACC0000006458,CUST00001105,BR0001,LOAN,ACTIVE,4/11/2020,NPR,1/1/2026
ACC0000006459,CUST00000394,BR0021,WALLET,ACTIVE,12/3/2022,NPR,1/1/2026
ACC0000006460,CUST00000417,BR0006,LOAN,ACTIVE,3/14/2024,NPR,1/1/2026
ACC0000006461,CUST00004072,BR0028,CURRENT,ACTIVE,2/18/2020,NPR,1/1/2026
ACC0000006462,CUST00001553,BR0012,WALLET,ACTIVE,10/1/2022,NPR,1/1/2026
ACC0000006463,CUST00000552,BR0026,SALARY,ACTIVE,6/8/2021,NPR,1/1/2026
ACC0000006464,CUST00001263,BR0011,LOAN,ACTIVE,6/5/2021,NPR,1/1/2026
ACC0000006465,CUST00000305,BR0025,WALLET,ACTIVE,8/6/2020,NPR,1/1/2026
ACC0000006466,CUST00000133,BR0011,LOAN,ACTIVE,2/26/2024,NPR,1/1/2026
ACC0000006467,CUST00004883,BR0025,CURRENT,ACTIVE,2/22/2022,NPR,1/1/2026
ACC0000006468,CUST00002407,BR0018,SALARY,ACTIVE,6/28/2022,NPR,1/1/2026
ACC0000006469,CUST00003397,BR0035,SALARY,ACTIVE,5/31/2023,NPR,1/1/2026
ACC0000006470,CUST00004514,BR0038,SALARY,ACTIVE,5/24/2021,NPR,1/1/2026
ACC0000006471,CUST00000372,BR0011,LOAN,ACTIVE,2/18/2022,NPR,1/1/2026
ACC0000006472,CUST00000062,BR0012,SAVINGS,ACTIVE,6/2/2022,NPR,1/1/2026
ACC0000006473,CUST00004769,BR0019,LOAN,ACTIVE,9/4/2025,NPR,1/1/2026
ACC0000006474,CUST00000748,BR0013,SALARY,ACTIVE,9/3/2022,NPR,1/1/2026
ACC0000006475,CUST00003094,BR0027,SALARY,ACTIVE,8/19/2021,NPR,1/1/2026
ACC0000006476,CUST00003859,BR0034,LOAN,ACTIVE,2/20/2022,NPR,1/1/2026
ACC0000006477,CUST00001345,BR0004,SAVINGS,ACTIVE,6/4/2025,NPR,1/1/2026
ACC0000006478,CUST00002493,BR0027,SAVINGS,ACTIVE,3/5/2021,NPR,1/1/2026
ACC0000006479,CUST00001131,BR0019,CURRENT,ACTIVE,6/7/2024,NPR,1/1/2026
ACC0000006480,CUST00001728,BR0002,CURRENT,ACTIVE,8/25/2019,NPR,1/1/2026
ACC0000006481,CUST00004699,BR0011,WALLET,ACTIVE,6/11/2022,NPR,1/1/2026
ACC0000006482,CUST00004838,BR0020,SAVINGS,ACTIVE,3/15/2022,NPR,1/1/2026
ACC0000006483,CUST00003974,BR0011,LOAN,ACTIVE,5/29/2019,NPR,1/1/2026
ACC0000006484,CUST00004142,BR0012,LOAN,DORMANT,5/16/2024,NPR,1/1/2026
ACC0000006485,CUST00001199,BR0021,LOAN,ACTIVE,4/3/2022,NPR,1/1/2026
ACC0000006486,CUST00000010,BR0018,SAVINGS,ACTIVE,4/19/2020,NPR,1/1/2026
ACC0000006487,CUST00003110,BR0028,CURRENT,ACTIVE,6/5/2021,NPR,1/1/2026
ACC0000006488,CUST00000596,BR0014,SALARY,ACTIVE,1/5/2025,NPR,1/1/2026
ACC0000006489,CUST00002413,BR0012,CURRENT,ACTIVE,4/7/2019,NPR,1/1/2026
ACC0000006490,CUST00000706,BR0006,WALLET,DORMANT,5/20/2022,NPR,1/1/2026
ACC0000006491,CUST00000453,BR0002,SAVINGS,ACTIVE,8/31/2022,NPR,1/1/2026
ACC0000006492,CUST00003866,BR0029,CURRENT,ACTIVE,6/20/2024,NPR,1/1/2026
ACC0000006493,CUST00003698,BR0039,SALARY,ACTIVE,5/19/2023,NPR,1/1/2026
ACC0000006494,CUST00000478,BR0018,CURRENT,ACTIVE,10/28/2024,NPR,1/1/2026
ACC0000006495,CUST00004307,BR0008,WALLET,DORMANT,4/3/2025,NPR,1/1/2026
ACC0000006496,CUST00003506,BR0007,SALARY,ACTIVE,5/21/2023,NPR,1/1/2026
ACC0000006497,CUST00004308,BR0036,WALLET,ACTIVE,10/17/2025,NPR,1/1/2026
ACC0000006498,CUST00003184,BR0011,CURRENT,DORMANT,10/24/2022,NPR,1/1/2026
ACC0000006499,CUST00003654,BR0002,SAVINGS,ACTIVE,4/16/2020,NPR,1/1/2026
ACC0000006500,CUST00003351,BR0022,LOAN,ACTIVE,1/23/2024,NPR,1/1/2026
ACC0000006501,CUST00004399,BR0032,WALLET,ACTIVE,7/4/2020,NPR,1/1/2026
ACC0000006502,CUST00000134,BR0040,SAVINGS,ACTIVE,6/20/2024,NPR,1/1/2026
ACC0000006503,CUST00004293,BR0007,WALLET,ACTIVE,7/10/2022,NPR,1/1/2026
ACC0000006504,CUST00002633,BR0001,LOAN,ACTIVE,12/5/2024,NPR,1/1/2026
ACC0000006505,CUST00001666,BR0020,SALARY,DORMANT,6/18/2025,NPR,1/1/2026
ACC0000006506,CUST00001017,BR0019,SALARY,ACTIVE,7/13/2019,NPR,1/1/2026
ACC0000006507,CUST00002087,BR0015,WALLET,ACTIVE,12/11/2023,NPR,1/1/2026
ACC0000006508,CUST00002770,BR0022,CURRENT,DORMANT,8/4/2019,NPR,1/1/2026
ACC0000006509,CUST00003735,BR0034,SALARY,ACTIVE,7/24/2021,NPR,1/1/2026
ACC0000006510,CUST00004332,BR0034,SAVINGS,ACTIVE,3/10/2020,NPR,1/1/2026
ACC0000006511,CUST00001945,BR0003,WALLET,BLOCKED,11/1/2025,NPR,1/1/2026
ACC0000006512,CUST00001424,BR0017,LOAN,ACTIVE,5/22/2024,NPR,1/1/2026
ACC0000006513,CUST00004458,BR0022,CURRENT,ACTIVE,10/2/2022,NPR,1/1/2026
ACC0000006514,CUST00004729,BR0019,LOAN,ACTIVE,6/13/2024,NPR,1/1/2026
ACC0000006515,CUST00004089,BR0019,WALLET,ACTIVE,7/18/2019,NPR,1/1/2026
ACC0000006516,CUST00003230,BR0021,SAVINGS,ACTIVE,8/2/2020,NPR,1/1/2026
ACC0000006517,CUST00004297,BR0035,SAVINGS,ACTIVE,11/24/2024,NPR,1/1/2026
ACC0000006518,CUST00004555,BR0029,WALLET,ACTIVE,2/24/2020,NPR,1/1/2026
ACC0000006519,CUST00003906,BR0010,SAVINGS,ACTIVE,1/12/2024,NPR,1/1/2026
ACC0000006520,CUST00003117,BR0029,SAVINGS,ACTIVE,5/1/2024,NPR,1/1/2026
ACC0000006521,CUST00003300,BR0023,SALARY,CLOSED,1/28/2021,NPR,1/1/2026
ACC0000006522,CUST00001222,BR0012,SAVINGS,ACTIVE,11/30/2019,NPR,1/1/2026
ACC0000006523,CUST00003317,BR0039,CURRENT,ACTIVE,10/6/2025,NPR,1/1/2026
ACC0000006524,CUST00001918,BR0008,LOAN,ACTIVE,10/5/2023,NPR,1/1/2026
ACC0000006525,CUST00001970,BR0004,SALARY,ACTIVE,2/20/2021,NPR,1/1/2026
ACC0000006526,CUST00004524,BR0013,SAVINGS,ACTIVE,10/8/2025,NPR,1/1/2026
ACC0000006527,CUST00004183,BR0030,LOAN,ACTIVE,11/10/2023,NPR,1/1/2026
ACC0000006528,CUST00000629,BR0007,LOAN,CLOSED,5/22/2019,NPR,1/1/2026
ACC0000006529,CUST00004006,BR0036,SAVINGS,ACTIVE,1/30/2025,NPR,1/1/2026
ACC0000006530,CUST00003706,BR0006,WALLET,BLOCKED,4/24/2019,NPR,1/1/2026
ACC0000006531,CUST00003869,BR0035,SALARY,ACTIVE,1/16/2021,NPR,1/1/2026
ACC0000006532,CUST00000056,BR0023,SALARY,ACTIVE,3/8/2022,NPR,1/1/2026
ACC0000006533,CUST00003517,BR0031,CURRENT,ACTIVE,5/17/2023,NPR,1/1/2026
ACC0000006534,CUST00002222,BR0004,LOAN,ACTIVE,1/3/2023,NPR,1/1/2026
ACC0000006535,CUST00002892,BR0033,LOAN,ACTIVE,1/15/2024,NPR,1/1/2026
ACC0000006536,CUST00002644,BR0002,LOAN,ACTIVE,1/7/2020,NPR,1/1/2026
ACC0000006537,CUST00003569,BR0014,LOAN,DORMANT,5/17/2021,NPR,1/1/2026
ACC0000006538,CUST00001570,BR0033,WALLET,ACTIVE,3/23/2022,NPR,1/1/2026
ACC0000006539,CUST00000096,BR0013,SAVINGS,ACTIVE,9/10/2024,NPR,1/1/2026
ACC0000006540,CUST00001473,BR0019,LOAN,ACTIVE,5/19/2022,NPR,1/1/2026
ACC0000006541,CUST00000381,BR0026,LOAN,ACTIVE,1/25/2024,NPR,1/1/2026
ACC0000006542,CUST00001792,BR0012,WALLET,CLOSED,5/20/2025,NPR,1/1/2026
ACC0000006543,CUST00004927,BR0033,CURRENT,ACTIVE,5/14/2025,NPR,1/1/2026
ACC0000006544,CUST00002105,BR0015,SAVINGS,ACTIVE,5/9/2022,NPR,1/1/2026
ACC0000006545,CUST00000139,BR0031,SAVINGS,ACTIVE,3/6/2021,NPR,1/1/2026
ACC0000006546,CUST00003515,BR0026,WALLET,ACTIVE,2/12/2025,NPR,1/1/2026
ACC0000006547,CUST00002512,BR0039,CURRENT,ACTIVE,5/5/2020,NPR,1/1/2026
ACC0000006548,CUST00003991,BR0011,SALARY,ACTIVE,6/28/2020,NPR,1/1/2026
ACC0000006549,CUST00001788,BR0009,CURRENT,CLOSED,5/14/2021,NPR,1/1/2026
ACC0000006550,CUST00003417,BR0022,WALLET,ACTIVE,2/26/2022,NPR,1/1/2026
ACC0000006551,CUST00004223,BR0014,SAVINGS,ACTIVE,7/13/2024,NPR,1/1/2026
ACC0000006552,CUST00004816,BR0011,SAVINGS,ACTIVE,7/13/2023,NPR,1/1/2026
ACC0000006553,CUST00004924,BR0039,WALLET,ACTIVE,7/16/2023,NPR,1/1/2026
ACC0000006554,CUST00004121,BR0026,SAVINGS,ACTIVE,1/15/2022,NPR,1/1/2026
ACC0000006555,CUST00000129,BR0019,SALARY,ACTIVE,1/14/2021,NPR,1/1/2026
ACC0000006556,CUST00003530,BR0003,SAVINGS,ACTIVE,1/7/2023,NPR,1/1/2026
ACC0000006557,CUST00000091,BR0018,WALLET,ACTIVE,2/11/2021,NPR,1/1/2026
ACC0000006558,CUST00002429,BR0008,SAVINGS,CLOSED,7/10/2019,NPR,1/1/2026
ACC0000006559,CUST00002974,BR0009,LOAN,ACTIVE,5/8/2020,NPR,1/1/2026
ACC0000006560,CUST00004548,BR0009,SAVINGS,ACTIVE,4/25/2023,NPR,1/1/2026
ACC0000006561,CUST00000353,BR0002,LOAN,ACTIVE,11/9/2019,NPR,1/1/2026
ACC0000006562,CUST00003993,BR0027,CURRENT,ACTIVE,9/5/2024,NPR,1/1/2026
ACC0000006563,CUST00000364,BR0012,LOAN,ACTIVE,10/21/2020,NPR,1/1/2026
ACC0000006564,CUST00003978,BR0018,SALARY,ACTIVE,9/30/2020,NPR,1/1/2026
ACC0000006565,CUST00000044,BR0031,CURRENT,ACTIVE,6/1/2020,NPR,1/1/2026
ACC0000006566,CUST00001745,BR0027,CURRENT,ACTIVE,2/11/2020,NPR,1/1/2026
ACC0000006567,CUST00003752,BR0039,SALARY,ACTIVE,9/23/2019,NPR,1/1/2026
ACC0000006568,CUST00001971,BR0005,CURRENT,DORMANT,12/28/2020,NPR,1/1/2026
ACC0000006569,CUST00000883,BR0010,SALARY,ACTIVE,3/23/2022,NPR,1/1/2026
ACC0000006570,CUST00004070,BR0038,SAVINGS,ACTIVE,4/12/2020,NPR,1/1/2026
ACC0000006571,CUST00000860,BR0016,LOAN,ACTIVE,3/16/2020,NPR,1/1/2026
ACC0000006572,CUST00000111,BR0006,WALLET,ACTIVE,12/12/2022,NPR,1/1/2026
ACC0000006573,CUST00000321,BR0023,LOAN,ACTIVE,7/9/2024,NPR,1/1/2026
ACC0000006574,CUST00001956,BR0029,SAVINGS,ACTIVE,11/28/2023,NPR,1/1/2026
ACC0000006575,CUST00003042,BR0009,LOAN,ACTIVE,10/7/2022,NPR,1/1/2026
ACC0000006576,CUST00004622,BR0014,WALLET,ACTIVE,6/21/2020,NPR,1/1/2026
ACC0000006577,CUST00000657,BR0023,LOAN,ACTIVE,2/10/2021,NPR,1/1/2026
ACC0000006578,CUST00004302,BR0021,SAVINGS,ACTIVE,7/14/2025,NPR,1/1/2026
ACC0000006579,CUST00001110,BR0007,SALARY,ACTIVE,9/26/2021,NPR,1/1/2026
ACC0000006580,CUST00001571,BR0019,SALARY,ACTIVE,9/21/2024,NPR,1/1/2026
ACC0000006581,CUST00000679,BR0028,SAVINGS,ACTIVE,8/27/2019,NPR,1/1/2026
ACC0000006582,CUST00002913,BR0015,WALLET,BLOCKED,3/1/2025,NPR,1/1/2026
ACC0000006583,CUST00004088,BR0022,CURRENT,ACTIVE,5/1/2019,NPR,1/1/2026
ACC0000006584,CUST00003975,BR0005,WALLET,ACTIVE,6/9/2021,NPR,1/1/2026
ACC0000006585,CUST00003149,BR0011,WALLET,ACTIVE,4/18/2023,NPR,1/1/2026
ACC0000006586,CUST00001266,BR0013,LOAN,ACTIVE,3/5/2019,NPR,1/1/2026
ACC0000006587,CUST00003214,BR0026,LOAN,ACTIVE,10/21/2019,NPR,1/1/2026
ACC0000006588,CUST00000505,BR0030,SAVINGS,ACTIVE,9/13/2023,NPR,1/1/2026
ACC0000006589,CUST00000484,BR0003,CURRENT,ACTIVE,2/16/2022,NPR,1/1/2026
ACC0000006590,CUST00004978,BR0030,WALLET,DORMANT,2/28/2021,NPR,1/1/2026
ACC0000006591,CUST00000296,BR0005,SALARY,CLOSED,4/13/2021,NPR,1/1/2026
ACC0000006592,CUST00001210,BR0015,SALARY,ACTIVE,10/20/2021,NPR,1/1/2026
ACC0000006593,CUST00003026,BR0025,LOAN,ACTIVE,4/5/2020,NPR,1/1/2026
ACC0000006594,CUST00001361,BR0035,SALARY,ACTIVE,1/13/2022,NPR,1/1/2026
ACC0000006595,CUST00002972,BR0015,CURRENT,ACTIVE,3/19/2025,NPR,1/1/2026
ACC0000006596,CUST00000583,BR0026,LOAN,ACTIVE,1/2/2022,NPR,1/1/2026
ACC0000006597,CUST00003588,BR0004,CURRENT,DORMANT,9/2/2021,NPR,1/1/2026
ACC0000006598,CUST00001424,BR0032,SALARY,ACTIVE,2/14/2023,NPR,1/1/2026
ACC0000006599,CUST00000619,BR0014,LOAN,ACTIVE,12/9/2025,NPR,1/1/2026
ACC0000006600,CUST00002171,BR0030,CURRENT,ACTIVE,1/20/2022,NPR,1/1/2026
ACC0000006601,CUST00003905,BR0012,WALLET,ACTIVE,11/30/2023,NPR,1/1/2026
ACC0000006602,CUST00004862,BR0027,CURRENT,ACTIVE,8/20/2023,NPR,1/1/2026
ACC0000006603,CUST00002669,BR0025,SAVINGS,ACTIVE,12/3/2021,NPR,1/1/2026
ACC0000006604,CUST00003948,BR0011,SAVINGS,ACTIVE,9/6/2023,NPR,1/1/2026
ACC0000006605,CUST00000851,BR0035,SAVINGS,ACTIVE,10/21/2020,NPR,1/1/2026
ACC0000006606,CUST00003321,BR0039,CURRENT,ACTIVE,8/12/2023,NPR,1/1/2026
ACC0000006607,CUST00004384,BR0014,WALLET,ACTIVE,6/12/2023,NPR,1/1/2026
ACC0000006608,CUST00001090,BR0011,SAVINGS,ACTIVE,4/23/2025,NPR,1/1/2026
ACC0000006609,CUST00001128,BR0010,SAVINGS,ACTIVE,3/27/2021,NPR,1/1/2026
ACC0000006610,CUST00002592,BR0002,SALARY,ACTIVE,4/24/2024,NPR,1/1/2026
ACC0000006611,CUST00001021,BR0037,SAVINGS,ACTIVE,7/16/2019,NPR,1/1/2026
ACC0000006612,CUST00001672,BR0019,SALARY,ACTIVE,5/25/2020,NPR,1/1/2026
ACC0000006613,CUST00002959,BR0032,SAVINGS,ACTIVE,11/12/2020,NPR,1/1/2026
ACC0000006614,CUST00004319,BR0020,SALARY,DORMANT,4/27/2024,NPR,1/1/2026
ACC0000006615,CUST00003118,BR0037,CURRENT,ACTIVE,8/6/2022,NPR,1/1/2026
ACC0000006616,CUST00001929,BR0024,LOAN,ACTIVE,7/5/2021,NPR,1/1/2026
ACC0000006617,CUST00000278,BR0027,LOAN,ACTIVE,4/10/2023,NPR,1/1/2026
ACC0000006618,CUST00002617,BR0001,LOAN,DORMANT,5/24/2023,NPR,1/1/2026
ACC0000006619,CUST00000952,BR0031,SALARY,ACTIVE,11/30/2019,NPR,1/1/2026
ACC0000006620,CUST00000396,BR0016,LOAN,ACTIVE,9/8/2019,NPR,1/1/2026
ACC0000006621,CUST00003139,BR0015,WALLET,ACTIVE,12/27/2021,NPR,1/1/2026
ACC0000006622,CUST00000688,BR0035,SALARY,ACTIVE,7/17/2022,NPR,1/1/2026
ACC0000006623,CUST00003514,BR0002,WALLET,ACTIVE,10/19/2021,NPR,1/1/2026
ACC0000006624,CUST00002269,BR0018,SAVINGS,ACTIVE,8/19/2025,NPR,1/1/2026
ACC0000006625,CUST00002181,BR0017,SAVINGS,ACTIVE,11/13/2020,NPR,1/1/2026
ACC0000006626,CUST00004167,BR0016,CURRENT,ACTIVE,6/21/2019,NPR,1/1/2026
ACC0000006627,CUST00004792,BR0004,CURRENT,ACTIVE,9/19/2022,NPR,1/1/2026
ACC0000006628,CUST00001876,BR0030,CURRENT,ACTIVE,4/22/2023,NPR,1/1/2026
ACC0000006629,CUST00002124,BR0013,WALLET,ACTIVE,7/25/2020,NPR,1/1/2026
ACC0000006630,CUST00000905,BR0001,SALARY,ACTIVE,7/9/2022,NPR,1/1/2026
ACC0000006631,CUST00001233,BR0037,SAVINGS,ACTIVE,3/9/2021,NPR,1/1/2026
ACC0000006632,CUST00003133,BR0040,LOAN,ACTIVE,11/30/2024,NPR,1/1/2026
ACC0000006633,CUST00001399,BR0029,LOAN,ACTIVE,11/23/2021,NPR,1/1/2026
ACC0000006634,CUST00002021,BR0032,LOAN,ACTIVE,6/16/2022,NPR,1/1/2026
ACC0000006635,CUST00001992,BR0027,WALLET,ACTIVE,9/22/2023,NPR,1/1/2026
ACC0000006636,CUST00002446,BR0012,WALLET,ACTIVE,4/11/2023,NPR,1/1/2026
ACC0000006637,CUST00002023,BR0015,SALARY,ACTIVE,3/5/2019,NPR,1/1/2026
ACC0000006638,CUST00000462,BR0022,LOAN,ACTIVE,6/19/2020,NPR,1/1/2026
ACC0000006639,CUST00002388,BR0015,LOAN,DORMANT,8/25/2023,NPR,1/1/2026
ACC0000006640,CUST00000527,BR0033,CURRENT,ACTIVE,12/4/2025,NPR,1/1/2026
ACC0000006641,CUST00004731,BR0016,LOAN,DORMANT,7/28/2021,NPR,1/1/2026
ACC0000006642,CUST00000255,BR0030,SALARY,BLOCKED,7/31/2022,NPR,1/1/2026
ACC0000006643,CUST00004020,BR0005,SAVINGS,ACTIVE,6/21/2024,NPR,1/1/2026
ACC0000006644,CUST00003730,BR0037,CURRENT,ACTIVE,8/28/2019,NPR,1/1/2026
ACC0000006645,CUST00000268,BR0034,SALARY,CLOSED,3/29/2020,NPR,1/1/2026
ACC0000006646,CUST00002257,BR0014,WALLET,BLOCKED,11/28/2024,NPR,1/1/2026
ACC0000006647,CUST00004255,BR0010,SAVINGS,DORMANT,11/30/2024,NPR,1/1/2026
ACC0000006648,CUST00002893,BR0005,LOAN,ACTIVE,3/6/2020,NPR,1/1/2026
ACC0000006649,CUST00001231,BR0020,LOAN,ACTIVE,6/17/2022,NPR,1/1/2026
ACC0000006650,CUST00003049,BR0004,LOAN,ACTIVE,8/4/2021,NPR,1/1/2026
ACC0000006651,CUST00000610,BR0039,CURRENT,DORMANT,8/2/2020,NPR,1/1/2026
ACC0000006652,CUST00000878,BR0028,SAVINGS,ACTIVE,1/17/2021,NPR,1/1/2026
ACC0000006653,CUST00004150,BR0009,SAVINGS,ACTIVE,3/8/2021,NPR,1/1/2026
ACC0000006654,CUST00000258,BR0013,WALLET,ACTIVE,6/13/2019,NPR,1/1/2026
ACC0000006655,CUST00001121,BR0033,SALARY,ACTIVE,7/23/2019,NPR,1/1/2026
ACC0000006656,CUST00001820,BR0007,WALLET,ACTIVE,8/31/2023,NPR,1/1/2026
ACC0000006657,CUST00002412,BR0040,SAVINGS,ACTIVE,4/4/2019,NPR,1/1/2026
ACC0000006658,CUST00000528,BR0004,LOAN,ACTIVE,12/27/2020,NPR,1/1/2026
ACC0000006659,CUST00004341,BR0019,SAVINGS,ACTIVE,3/18/2023,NPR,1/1/2026
ACC0000006660,CUST00001327,BR0011,LOAN,DORMANT,10/21/2019,NPR,1/1/2026
ACC0000006661,CUST00004089,BR0009,WALLET,ACTIVE,1/3/2021,NPR,1/1/2026
ACC0000006662,CUST00001744,BR0035,SAVINGS,ACTIVE,12/17/2024,NPR,1/1/2026
ACC0000006663,CUST00004240,BR0026,WALLET,ACTIVE,11/25/2020,NPR,1/1/2026
ACC0000006664,CUST00001022,BR0040,LOAN,ACTIVE,10/31/2022,NPR,1/1/2026
ACC0000006665,CUST00004521,BR0029,LOAN,ACTIVE,5/9/2020,NPR,1/1/2026
ACC0000006666,CUST00003379,BR0019,SALARY,ACTIVE,8/25/2020,NPR,1/1/2026
ACC0000006667,CUST00001411,BR0040,CURRENT,ACTIVE,5/30/2024,NPR,1/1/2026
ACC0000006668,CUST00001601,BR0038,WALLET,ACTIVE,8/24/2023,NPR,1/1/2026
ACC0000006669,CUST00004578,BR0035,WALLET,ACTIVE,8/4/2025,NPR,1/1/2026
ACC0000006670,CUST00000618,BR0001,SAVINGS,ACTIVE,12/25/2023,NPR,1/1/2026
ACC0000006671,CUST00001204,BR0001,WALLET,BLOCKED,3/13/2023,NPR,1/1/2026
ACC0000006672,CUST00001096,BR0040,CURRENT,ACTIVE,4/19/2019,NPR,1/1/2026
ACC0000006673,CUST00002412,BR0006,WALLET,ACTIVE,8/22/2025,NPR,1/1/2026
ACC0000006674,CUST00001239,BR0015,WALLET,ACTIVE,11/26/2021,NPR,1/1/2026
ACC0000006675,CUST00002445,BR0038,WALLET,CLOSED,5/4/2025,NPR,1/1/2026
ACC0000006676,CUST00001877,BR0018,CURRENT,ACTIVE,2/8/2020,NPR,1/1/2026
ACC0000006677,CUST00003221,BR0007,SAVINGS,ACTIVE,10/5/2021,NPR,1/1/2026
ACC0000006678,CUST00002196,BR0014,LOAN,CLOSED,3/3/2024,NPR,1/1/2026
ACC0000006679,CUST00000125,BR0010,SAVINGS,ACTIVE,12/8/2022,NPR,1/1/2026
ACC0000006680,CUST00002547,BR0031,SAVINGS,ACTIVE,8/12/2019,NPR,1/1/2026
ACC0000006681,CUST00003783,BR0020,WALLET,ACTIVE,7/15/2022,NPR,1/1/2026
ACC0000006682,CUST00000385,BR0015,CURRENT,ACTIVE,12/15/2020,NPR,1/1/2026
ACC0000006683,CUST00001913,BR0019,SAVINGS,ACTIVE,11/11/2021,NPR,1/1/2026
ACC0000006684,CUST00002909,BR0017,SALARY,ACTIVE,1/5/2025,NPR,1/1/2026
ACC0000006685,CUST00002325,BR0021,SALARY,ACTIVE,12/19/2021,NPR,1/1/2026
ACC0000006686,CUST00004452,BR0028,SAVINGS,ACTIVE,3/8/2022,NPR,1/1/2026
ACC0000006687,CUST00001018,BR0030,SALARY,ACTIVE,3/20/2021,NPR,1/1/2026
ACC0000006688,CUST00001570,BR0011,CURRENT,ACTIVE,10/9/2020,NPR,1/1/2026
ACC0000006689,CUST00002966,BR0034,LOAN,ACTIVE,6/29/2019,NPR,1/1/2026
ACC0000006690,CUST00003889,BR0033,LOAN,DORMANT,5/20/2021,NPR,1/1/2026
ACC0000006691,CUST00001669,BR0014,LOAN,ACTIVE,7/16/2025,NPR,1/1/2026
ACC0000006692,CUST00000652,BR0011,CURRENT,ACTIVE,6/16/2021,NPR,1/1/2026
ACC0000006693,CUST00004779,BR0021,SAVINGS,ACTIVE,12/30/2024,NPR,1/1/2026
ACC0000006694,CUST00001480,BR0020,SAVINGS,ACTIVE,3/25/2024,NPR,1/1/2026
ACC0000006695,CUST00004192,BR0035,LOAN,ACTIVE,4/25/2023,NPR,1/1/2026
ACC0000006696,CUST00001370,BR0028,CURRENT,ACTIVE,4/28/2021,NPR,1/1/2026
ACC0000006697,CUST00002193,BR0040,SAVINGS,ACTIVE,6/20/2020,NPR,1/1/2026
ACC0000006698,CUST00000013,BR0015,CURRENT,ACTIVE,1/17/2020,NPR,1/1/2026
ACC0000006699,CUST00004019,BR0011,SAVINGS,ACTIVE,8/19/2019,NPR,1/1/2026
ACC0000006700,CUST00002115,BR0039,SAVINGS,ACTIVE,7/1/2023,NPR,1/1/2026
ACC0000006701,CUST00003499,BR0003,LOAN,ACTIVE,4/25/2020,NPR,1/1/2026
ACC0000006702,CUST00004918,BR0019,SAVINGS,ACTIVE,2/26/2023,NPR,1/1/2026
ACC0000006703,CUST00004371,BR0004,WALLET,ACTIVE,12/27/2023,NPR,1/1/2026
ACC0000006704,CUST00002316,BR0019,WALLET,ACTIVE,2/19/2021,NPR,1/1/2026
ACC0000006705,CUST00000136,BR0039,LOAN,BLOCKED,2/14/2024,NPR,1/1/2026
ACC0000006706,CUST00000434,BR0027,WALLET,ACTIVE,8/13/2025,NPR,1/1/2026
ACC0000006707,CUST00001859,BR0037,SALARY,ACTIVE,4/19/2019,NPR,1/1/2026
ACC0000006708,CUST00004782,BR0028,SALARY,ACTIVE,7/26/2021,NPR,1/1/2026
ACC0000006709,CUST00002122,BR0028,LOAN,ACTIVE,6/18/2022,NPR,1/1/2026
ACC0000006710,CUST00000149,BR0021,LOAN,ACTIVE,8/15/2023,NPR,1/1/2026
ACC0000006711,CUST00003145,BR0023,SAVINGS,ACTIVE,1/24/2020,NPR,1/1/2026
ACC0000006712,CUST00002573,BR0037,SALARY,ACTIVE,6/26/2021,NPR,1/1/2026
ACC0000006713,CUST00001691,BR0024,CURRENT,BLOCKED,7/26/2020,NPR,1/1/2026
ACC0000006714,CUST00002687,BR0015,CURRENT,ACTIVE,3/27/2020,NPR,1/1/2026
ACC0000006715,CUST00002595,BR0037,SAVINGS,ACTIVE,1/9/2020,NPR,1/1/2026
ACC0000006716,CUST00001030,BR0036,SALARY,ACTIVE,6/26/2024,NPR,1/1/2026
ACC0000006717,CUST00001562,BR0002,SALARY,ACTIVE,3/8/2019,NPR,1/1/2026
ACC0000006718,CUST00002787,BR0021,SAVINGS,ACTIVE,4/11/2020,NPR,1/1/2026
ACC0000006719,CUST00002160,BR0039,SAVINGS,DORMANT,12/26/2023,NPR,1/1/2026
ACC0000006720,CUST00003358,BR0036,LOAN,ACTIVE,3/13/2022,NPR,1/1/2026
ACC0000006721,CUST00003657,BR0012,SALARY,CLOSED,2/20/2021,NPR,1/1/2026
ACC0000006722,CUST00003124,BR0014,LOAN,ACTIVE,3/6/2022,NPR,1/1/2026
ACC0000006723,CUST00002631,BR0037,SAVINGS,ACTIVE,5/25/2025,NPR,1/1/2026
ACC0000006724,CUST00004038,BR0003,SALARY,DORMANT,11/7/2021,NPR,1/1/2026
ACC0000006725,CUST00003765,BR0009,WALLET,ACTIVE,12/16/2019,NPR,1/1/2026
ACC0000006726,CUST00004346,BR0028,CURRENT,ACTIVE,9/23/2020,NPR,1/1/2026
ACC0000006727,CUST00002839,BR0039,SAVINGS,ACTIVE,2/28/2020,NPR,1/1/2026
ACC0000006728,CUST00000473,BR0022,SALARY,ACTIVE,2/18/2023,NPR,1/1/2026
ACC0000006729,CUST00001312,BR0007,SALARY,DORMANT,11/8/2022,NPR,1/1/2026
ACC0000006730,CUST00004093,BR0017,SALARY,ACTIVE,3/17/2025,NPR,1/1/2026
ACC0000006731,CUST00003459,BR0014,LOAN,ACTIVE,4/16/2023,NPR,1/1/2026
ACC0000006732,CUST00003930,BR0028,CURRENT,ACTIVE,4/20/2020,NPR,1/1/2026
ACC0000006733,CUST00004763,BR0029,CURRENT,ACTIVE,2/22/2024,NPR,1/1/2026
ACC0000006734,CUST00003598,BR0004,WALLET,ACTIVE,11/26/2020,NPR,1/1/2026
ACC0000006735,CUST00003096,BR0009,LOAN,BLOCKED,10/27/2021,NPR,1/1/2026
ACC0000006736,CUST00004248,BR0032,LOAN,ACTIVE,5/10/2020,NPR,1/1/2026
ACC0000006737,CUST00002092,BR0012,LOAN,ACTIVE,7/29/2022,NPR,1/1/2026
ACC0000006738,CUST00001563,BR0001,WALLET,ACTIVE,6/14/2020,NPR,1/1/2026
ACC0000006739,CUST00004392,BR0003,SALARY,ACTIVE,12/3/2022,NPR,1/1/2026
ACC0000006740,CUST00001784,BR0016,LOAN,ACTIVE,5/14/2023,NPR,1/1/2026
ACC0000006741,CUST00004624,BR0038,CURRENT,ACTIVE,10/15/2020,NPR,1/1/2026
ACC0000006742,CUST00001831,BR0021,SALARY,ACTIVE,3/4/2020,NPR,1/1/2026
ACC0000006743,CUST00002621,BR0035,CURRENT,ACTIVE,6/9/2025,NPR,1/1/2026
ACC0000006744,CUST00003149,BR0030,SAVINGS,ACTIVE,7/4/2023,NPR,1/1/2026
ACC0000006745,CUST00004951,BR0032,CURRENT,ACTIVE,12/6/2020,NPR,1/1/2026
ACC0000006746,CUST00003881,BR0027,SALARY,ACTIVE,4/6/2025,NPR,1/1/2026
ACC0000006747,CUST00002725,BR0014,CURRENT,ACTIVE,2/16/2020,NPR,1/1/2026
ACC0000006748,CUST00004333,BR0024,SALARY,ACTIVE,4/21/2021,NPR,1/1/2026
ACC0000006749,CUST00003758,BR0010,LOAN,ACTIVE,11/25/2020,NPR,1/1/2026
ACC0000006750,CUST00002226,BR0025,SAVINGS,ACTIVE,2/2/2020,NPR,1/1/2026
ACC0000006751,CUST00003235,BR0035,SALARY,ACTIVE,10/30/2023,NPR,1/1/2026
ACC0000006752,CUST00003705,BR0011,SAVINGS,BLOCKED,1/13/2021,NPR,1/1/2026
ACC0000006753,CUST00001806,BR0029,LOAN,ACTIVE,9/23/2024,NPR,1/1/2026
ACC0000006754,CUST00002322,BR0024,WALLET,ACTIVE,4/22/2022,NPR,1/1/2026
ACC0000006755,CUST00003059,BR0006,CURRENT,ACTIVE,1/9/2022,NPR,1/1/2026
ACC0000006756,CUST00004569,BR0019,SALARY,ACTIVE,6/16/2020,NPR,1/1/2026
ACC0000006757,CUST00003198,BR0010,CURRENT,ACTIVE,6/29/2025,NPR,1/1/2026
ACC0000006758,CUST00002959,BR0024,LOAN,ACTIVE,1/2/2024,NPR,1/1/2026
ACC0000006759,CUST00004109,BR0022,SALARY,ACTIVE,8/3/2025,NPR,1/1/2026
ACC0000006760,CUST00004932,BR0006,SALARY,ACTIVE,8/10/2022,NPR,1/1/2026
ACC0000006761,CUST00000895,BR0039,SALARY,ACTIVE,8/14/2019,NPR,1/1/2026
ACC0000006762,CUST00000316,BR0008,WALLET,ACTIVE,12/26/2023,NPR,1/1/2026
ACC0000006763,CUST00002538,BR0035,LOAN,DORMANT,6/2/2022,NPR,1/1/2026
ACC0000006764,CUST00004585,BR0011,WALLET,ACTIVE,4/26/2025,NPR,1/1/2026
ACC0000006765,CUST00002096,BR0040,WALLET,CLOSED,10/25/2025,NPR,1/1/2026
ACC0000006766,CUST00004780,BR0026,WALLET,ACTIVE,7/7/2023,NPR,1/1/2026
ACC0000006767,CUST00000664,BR0035,WALLET,ACTIVE,5/7/2021,NPR,1/1/2026
ACC0000006768,CUST00004330,BR0004,WALLET,ACTIVE,2/23/2022,NPR,1/1/2026
ACC0000006769,CUST00002837,BR0022,SALARY,ACTIVE,6/6/2021,NPR,1/1/2026
ACC0000006770,CUST00000799,BR0040,CURRENT,ACTIVE,9/24/2021,NPR,1/1/2026
ACC0000006771,CUST00000600,BR0033,WALLET,CLOSED,5/5/2021,NPR,1/1/2026
ACC0000006772,CUST00001360,BR0005,SAVINGS,ACTIVE,3/4/2020,NPR,1/1/2026
ACC0000006773,CUST00004233,BR0040,WALLET,ACTIVE,2/12/2024,NPR,1/1/2026
ACC0000006774,CUST00002198,BR0038,WALLET,ACTIVE,11/27/2022,NPR,1/1/2026
ACC0000006775,CUST00002550,BR0005,WALLET,ACTIVE,3/18/2022,NPR,1/1/2026
ACC0000006776,CUST00001218,BR0040,WALLET,ACTIVE,2/19/2022,NPR,1/1/2026
ACC0000006777,CUST00002649,BR0011,LOAN,DORMANT,1/6/2020,NPR,1/1/2026
ACC0000006778,CUST00001238,BR0016,WALLET,ACTIVE,10/18/2022,NPR,1/1/2026
ACC0000006779,CUST00004399,BR0009,SALARY,ACTIVE,7/21/2020,NPR,1/1/2026
ACC0000006780,CUST00002432,BR0007,LOAN,BLOCKED,9/12/2023,NPR,1/1/2026
ACC0000006781,CUST00000301,BR0038,CURRENT,ACTIVE,7/10/2024,NPR,1/1/2026
ACC0000006782,CUST00001438,BR0034,SALARY,DORMANT,7/17/2025,NPR,1/1/2026
ACC0000006783,CUST00000774,BR0022,LOAN,ACTIVE,11/29/2025,NPR,1/1/2026
ACC0000006784,CUST00002094,BR0038,LOAN,ACTIVE,12/10/2019,NPR,1/1/2026
ACC0000006785,CUST00001497,BR0009,SALARY,ACTIVE,7/21/2019,NPR,1/1/2026
ACC0000006786,CUST00003667,BR0023,SAVINGS,ACTIVE,4/2/2019,NPR,1/1/2026
ACC0000006787,CUST00000314,BR0029,CURRENT,ACTIVE,11/13/2022,NPR,1/1/2026
ACC0000006788,CUST00004322,BR0040,CURRENT,ACTIVE,12/2/2021,NPR,1/1/2026
ACC0000006789,CUST00001069,BR0039,SAVINGS,ACTIVE,1/6/2021,NPR,1/1/2026
ACC0000006790,CUST00000350,BR0010,LOAN,CLOSED,5/3/2019,NPR,1/1/2026
ACC0000006791,CUST00000926,BR0037,SAVINGS,ACTIVE,8/14/2019,NPR,1/1/2026
ACC0000006792,CUST00001800,BR0037,LOAN,ACTIVE,12/3/2020,NPR,1/1/2026
ACC0000006793,CUST00002568,BR0022,SAVINGS,ACTIVE,1/21/2023,NPR,1/1/2026
ACC0000006794,CUST00003168,BR0025,SALARY,ACTIVE,7/3/2021,NPR,1/1/2026
ACC0000006795,CUST00002833,BR0018,SAVINGS,ACTIVE,6/15/2019,NPR,1/1/2026
ACC0000006796,CUST00004088,BR0004,SAVINGS,ACTIVE,4/14/2019,NPR,1/1/2026
ACC0000006797,CUST00002145,BR0026,CURRENT,ACTIVE,10/14/2024,NPR,1/1/2026
ACC0000006798,CUST00001382,BR0040,SAVINGS,ACTIVE,8/23/2025,NPR,1/1/2026
ACC0000006799,CUST00004641,BR0006,SAVINGS,ACTIVE,10/19/2020,NPR,1/1/2026
ACC0000006800,CUST00000616,BR0028,LOAN,DORMANT,5/16/2021,NPR,1/1/2026
ACC0000006801,CUST00001878,BR0040,CURRENT,ACTIVE,11/29/2024,NPR,1/1/2026
ACC0000006802,CUST00002730,BR0027,SALARY,ACTIVE,3/13/2025,NPR,1/1/2026
ACC0000006803,CUST00000299,BR0013,SALARY,CLOSED,5/24/2022,NPR,1/1/2026
ACC0000006804,CUST00002377,BR0035,CURRENT,ACTIVE,11/10/2022,NPR,1/1/2026
ACC0000006805,CUST00004199,BR0007,CURRENT,ACTIVE,4/6/2019,NPR,1/1/2026
ACC0000006806,CUST00002040,BR0009,SALARY,ACTIVE,10/28/2023,NPR,1/1/2026
ACC0000006807,CUST00002634,BR0018,WALLET,ACTIVE,7/25/2019,NPR,1/1/2026
ACC0000006808,CUST00003316,BR0037,CURRENT,ACTIVE,6/15/2025,NPR,1/1/2026
ACC0000006809,CUST00000906,BR0001,CURRENT,ACTIVE,5/5/2025,NPR,1/1/2026
ACC0000006810,CUST00004635,BR0022,CURRENT,ACTIVE,12/3/2021,NPR,1/1/2026
ACC0000006811,CUST00004345,BR0030,CURRENT,ACTIVE,5/30/2019,NPR,1/1/2026
ACC0000006812,CUST00004623,BR0004,CURRENT,CLOSED,7/21/2019,NPR,1/1/2026
ACC0000006813,CUST00004253,BR0001,SALARY,ACTIVE,6/27/2019,NPR,1/1/2026
ACC0000006814,CUST00001019,BR0032,CURRENT,ACTIVE,8/14/2022,NPR,1/1/2026
ACC0000006815,CUST00004946,BR0008,SAVINGS,ACTIVE,11/19/2020,NPR,1/1/2026
ACC0000006816,CUST00004615,BR0001,LOAN,ACTIVE,10/25/2025,NPR,1/1/2026
ACC0000006817,CUST00001675,BR0008,SALARY,ACTIVE,2/16/2020,NPR,1/1/2026
ACC0000006818,CUST00002763,BR0007,WALLET,ACTIVE,6/13/2025,NPR,1/1/2026
ACC0000006819,CUST00004210,BR0040,LOAN,ACTIVE,9/19/2021,NPR,1/1/2026
ACC0000006820,CUST00001913,BR0034,LOAN,ACTIVE,8/25/2020,NPR,1/1/2026
ACC0000006821,CUST00003156,BR0018,WALLET,ACTIVE,2/25/2021,NPR,1/1/2026
ACC0000006822,CUST00001948,BR0002,CURRENT,ACTIVE,7/17/2024,NPR,1/1/2026
ACC0000006823,CUST00002664,BR0013,SAVINGS,ACTIVE,12/31/2021,NPR,1/1/2026
ACC0000006824,CUST00000924,BR0019,LOAN,ACTIVE,5/7/2025,NPR,1/1/2026
ACC0000006825,CUST00003202,BR0018,SAVINGS,ACTIVE,5/12/2023,NPR,1/1/2026
ACC0000006826,CUST00003928,BR0007,SALARY,ACTIVE,6/10/2023,NPR,1/1/2026
ACC0000006827,CUST00003115,BR0029,SALARY,CLOSED,11/28/2025,NPR,1/1/2026
ACC0000006828,CUST00004345,BR0018,WALLET,ACTIVE,2/23/2023,NPR,1/1/2026
ACC0000006829,CUST00003649,BR0005,SALARY,DORMANT,12/7/2022,NPR,1/1/2026
ACC0000006830,CUST00004324,BR0017,SAVINGS,ACTIVE,8/31/2022,NPR,1/1/2026
ACC0000006831,CUST00001066,BR0024,LOAN,ACTIVE,1/23/2020,NPR,1/1/2026
ACC0000006832,CUST00002966,BR0031,LOAN,ACTIVE,7/12/2024,NPR,1/1/2026
ACC0000006833,CUST00002391,BR0035,SALARY,ACTIVE,8/14/2020,NPR,1/1/2026
ACC0000006834,CUST00001990,BR0036,SAVINGS,ACTIVE,7/18/2021,NPR,1/1/2026
ACC0000006835,CUST00001501,BR0005,SAVINGS,ACTIVE,2/26/2024,NPR,1/1/2026
ACC0000006836,CUST00004689,BR0006,LOAN,ACTIVE,10/4/2019,NPR,1/1/2026
ACC0000006837,CUST00003211,BR0038,WALLET,CLOSED,2/8/2025,NPR,1/1/2026
ACC0000006838,CUST00000690,BR0038,SAVINGS,ACTIVE,5/16/2019,NPR,1/1/2026
ACC0000006839,CUST00004521,BR0026,SAVINGS,ACTIVE,3/13/2021,NPR,1/1/2026
ACC0000006840,CUST00002300,BR0014,CURRENT,ACTIVE,9/14/2022,NPR,1/1/2026
ACC0000006841,CUST00004498,BR0038,WALLET,ACTIVE,3/1/2021,NPR,1/1/2026
ACC0000006842,CUST00002055,BR0019,LOAN,ACTIVE,8/27/2022,NPR,1/1/2026
ACC0000006843,CUST00000025,BR0019,LOAN,ACTIVE,2/19/2023,NPR,1/1/2026
ACC0000006844,CUST00001157,BR0035,LOAN,ACTIVE,3/9/2023,NPR,1/1/2026
ACC0000006845,CUST00004570,BR0020,WALLET,ACTIVE,8/29/2025,NPR,1/1/2026
ACC0000006846,CUST00001677,BR0030,LOAN,DORMANT,4/23/2024,NPR,1/1/2026
ACC0000006847,CUST00004933,BR0009,SALARY,ACTIVE,5/11/2022,NPR,1/1/2026
ACC0000006848,CUST00004385,BR0024,SAVINGS,CLOSED,12/29/2025,NPR,1/1/2026
ACC0000006849,CUST00003713,BR0039,LOAN,ACTIVE,4/19/2019,NPR,1/1/2026
ACC0000006850,CUST00002194,BR0037,SALARY,ACTIVE,5/1/2023,NPR,1/1/2026
ACC0000006851,CUST00002028,BR0005,SAVINGS,ACTIVE,9/19/2019,NPR,1/1/2026
ACC0000006852,CUST00003373,BR0021,LOAN,ACTIVE,3/3/2020,NPR,1/1/2026
ACC0000006853,CUST00002052,BR0010,CURRENT,ACTIVE,12/11/2023,NPR,1/1/2026
ACC0000006854,CUST00002500,BR0001,CURRENT,ACTIVE,8/30/2020,NPR,1/1/2026
ACC0000006855,CUST00003549,BR0001,SAVINGS,ACTIVE,9/4/2020,NPR,1/1/2026
ACC0000006856,CUST00003945,BR0015,SALARY,ACTIVE,2/15/2024,NPR,1/1/2026
ACC0000006857,CUST00000767,BR0011,CURRENT,ACTIVE,11/19/2022,NPR,1/1/2026
ACC0000006858,CUST00004721,BR0020,SALARY,ACTIVE,8/19/2023,NPR,1/1/2026
ACC0000006859,CUST00002849,BR0010,WALLET,ACTIVE,6/19/2025,NPR,1/1/2026
ACC0000006860,CUST00004686,BR0031,LOAN,ACTIVE,2/25/2024,NPR,1/1/2026
ACC0000006861,CUST00004379,BR0038,SALARY,ACTIVE,10/28/2023,NPR,1/1/2026
ACC0000006862,CUST00004114,BR0030,LOAN,ACTIVE,8/5/2019,NPR,1/1/2026
ACC0000006863,CUST00000720,BR0037,LOAN,ACTIVE,9/23/2024,NPR,1/1/2026
ACC0000006864,CUST00003873,BR0027,CURRENT,ACTIVE,3/27/2019,NPR,1/1/2026
ACC0000006865,CUST00003502,BR0023,SALARY,ACTIVE,11/24/2022,NPR,1/1/2026
ACC0000006866,CUST00002843,BR0010,CURRENT,ACTIVE,4/20/2025,NPR,1/1/2026
ACC0000006867,CUST00001961,BR0019,SAVINGS,ACTIVE,9/23/2024,NPR,1/1/2026
ACC0000006868,CUST00000392,BR0039,CURRENT,BLOCKED,8/1/2024,NPR,1/1/2026
ACC0000006869,CUST00003660,BR0038,WALLET,ACTIVE,4/3/2019,NPR,1/1/2026
ACC0000006870,CUST00001799,BR0006,SALARY,ACTIVE,10/22/2023,NPR,1/1/2026
ACC0000006871,CUST00004836,BR0011,SALARY,ACTIVE,8/28/2024,NPR,1/1/2026
ACC0000006872,CUST00003622,BR0001,CURRENT,ACTIVE,2/7/2022,NPR,1/1/2026
ACC0000006873,CUST00000915,BR0001,SALARY,ACTIVE,10/4/2024,NPR,1/1/2026
ACC0000006874,CUST00002676,BR0014,WALLET,ACTIVE,6/10/2019,NPR,1/1/2026
ACC0000006875,CUST00001886,BR0032,WALLET,ACTIVE,9/23/2021,NPR,1/1/2026
ACC0000006876,CUST00002450,BR0008,CURRENT,ACTIVE,1/25/2023,NPR,1/1/2026
ACC0000006877,CUST00002978,BR0012,SAVINGS,ACTIVE,5/7/2024,NPR,1/1/2026
ACC0000006878,CUST00000956,BR0037,CURRENT,ACTIVE,7/21/2019,NPR,1/1/2026
ACC0000006879,CUST00004278,BR0002,WALLET,ACTIVE,8/18/2019,NPR,1/1/2026
ACC0000006880,CUST00002662,BR0004,WALLET,ACTIVE,2/29/2020,NPR,1/1/2026
ACC0000006881,CUST00000291,BR0008,CURRENT,ACTIVE,5/30/2023,NPR,1/1/2026
ACC0000006882,CUST00002180,BR0029,SAVINGS,BLOCKED,2/16/2021,NPR,1/1/2026
ACC0000006883,CUST00004310,BR0030,LOAN,ACTIVE,10/16/2023,NPR,1/1/2026
ACC0000006884,CUST00004004,BR0030,WALLET,ACTIVE,10/27/2023,NPR,1/1/2026
ACC0000006885,CUST00000446,BR0011,LOAN,ACTIVE,8/28/2025,NPR,1/1/2026
ACC0000006886,CUST00003916,BR0005,WALLET,BLOCKED,9/27/2023,NPR,1/1/2026
ACC0000006887,CUST00001006,BR0025,WALLET,DORMANT,5/17/2023,NPR,1/1/2026
ACC0000006888,CUST00003945,BR0031,WALLET,ACTIVE,5/29/2025,NPR,1/1/2026
ACC0000006889,CUST00002168,BR0026,SALARY,DORMANT,5/31/2021,NPR,1/1/2026
ACC0000006890,CUST00003418,BR0005,SALARY,ACTIVE,3/28/2024,NPR,1/1/2026
ACC0000006891,CUST00003797,BR0036,CURRENT,ACTIVE,2/17/2025,NPR,1/1/2026
ACC0000006892,CUST00003074,BR0034,SAVINGS,CLOSED,9/17/2019,NPR,1/1/2026
ACC0000006893,CUST00000481,BR0030,WALLET,ACTIVE,6/5/2019,NPR,1/1/2026
ACC0000006894,CUST00004816,BR0023,LOAN,ACTIVE,1/13/2024,NPR,1/1/2026
ACC0000006895,CUST00004713,BR0040,LOAN,ACTIVE,12/27/2020,NPR,1/1/2026
ACC0000006896,CUST00001666,BR0009,SAVINGS,ACTIVE,10/6/2024,NPR,1/1/2026
ACC0000006897,CUST00004997,BR0036,SAVINGS,ACTIVE,4/1/2020,NPR,1/1/2026
ACC0000006898,CUST00004457,BR0007,LOAN,ACTIVE,12/28/2023,NPR,1/1/2026
ACC0000006899,CUST00003380,BR0009,SALARY,ACTIVE,12/26/2021,NPR,1/1/2026
ACC0000006900,CUST00000393,BR0002,LOAN,ACTIVE,9/21/2025,NPR,1/1/2026
ACC0000006901,CUST00002292,BR0019,LOAN,ACTIVE,8/23/2024,NPR,1/1/2026
ACC0000006902,CUST00003980,BR0009,SAVINGS,DORMANT,6/18/2021,NPR,1/1/2026
ACC0000006903,CUST00000309,BR0022,CURRENT,ACTIVE,6/17/2021,NPR,1/1/2026
ACC0000006904,CUST00003774,BR0039,SALARY,ACTIVE,11/14/2025,NPR,1/1/2026
ACC0000006905,CUST00003768,BR0015,SAVINGS,ACTIVE,11/11/2020,NPR,1/1/2026
ACC0000006906,CUST00004287,BR0027,SAVINGS,ACTIVE,6/4/2020,NPR,1/1/2026
ACC0000006907,CUST00002044,BR0036,LOAN,ACTIVE,5/2/2020,NPR,1/1/2026
ACC0000006908,CUST00003622,BR0006,WALLET,ACTIVE,1/26/2021,NPR,1/1/2026
ACC0000006909,CUST00004891,BR0015,SALARY,ACTIVE,7/11/2021,NPR,1/1/2026
ACC0000006910,CUST00000224,BR0026,SAVINGS,ACTIVE,5/7/2023,NPR,1/1/2026
ACC0000006911,CUST00000017,BR0022,WALLET,ACTIVE,7/22/2022,NPR,1/1/2026
ACC0000006912,CUST00002299,BR0015,SAVINGS,ACTIVE,4/19/2019,NPR,1/1/2026
ACC0000006913,CUST00001735,BR0016,CURRENT,ACTIVE,1/21/2020,NPR,1/1/2026
ACC0000006914,CUST00000940,BR0010,CURRENT,ACTIVE,9/21/2019,NPR,1/1/2026
ACC0000006915,CUST00001610,BR0037,SALARY,ACTIVE,11/26/2025,NPR,1/1/2026
ACC0000006916,CUST00001691,BR0009,LOAN,ACTIVE,11/17/2022,NPR,1/1/2026
ACC0000006917,CUST00004541,BR0011,LOAN,ACTIVE,7/18/2020,NPR,1/1/2026
ACC0000006918,CUST00004103,BR0017,LOAN,ACTIVE,1/8/2024,NPR,1/1/2026
ACC0000006919,CUST00002642,BR0035,LOAN,ACTIVE,7/23/2025,NPR,1/1/2026
ACC0000006920,CUST00002590,BR0008,SAVINGS,ACTIVE,8/27/2024,NPR,1/1/2026
ACC0000006921,CUST00000036,BR0011,LOAN,ACTIVE,1/24/2023,NPR,1/1/2026
ACC0000006922,CUST00000547,BR0033,SALARY,ACTIVE,10/13/2024,NPR,1/1/2026
ACC0000006923,CUST00002744,BR0017,WALLET,DORMANT,9/25/2025,NPR,1/1/2026
ACC0000006924,CUST00001688,BR0028,LOAN,ACTIVE,9/21/2024,NPR,1/1/2026
ACC0000006925,CUST00002186,BR0030,LOAN,ACTIVE,12/13/2020,NPR,1/1/2026
ACC0000006926,CUST00004192,BR0038,WALLET,ACTIVE,3/29/2020,NPR,1/1/2026
ACC0000006927,CUST00002545,BR0017,SALARY,ACTIVE,5/19/2021,NPR,1/1/2026
ACC0000006928,CUST00003092,BR0039,CURRENT,ACTIVE,11/13/2024,NPR,1/1/2026
ACC0000006929,CUST00000419,BR0029,LOAN,ACTIVE,3/8/2020,NPR,1/1/2026
ACC0000006930,CUST00003660,BR0017,CURRENT,ACTIVE,5/8/2025,NPR,1/1/2026
ACC0000006931,CUST00001452,BR0003,WALLET,DORMANT,5/9/2024,NPR,1/1/2026
ACC0000006932,CUST00004452,BR0003,SALARY,ACTIVE,3/30/2022,NPR,1/1/2026
ACC0000006933,CUST00004300,BR0005,SAVINGS,ACTIVE,10/30/2024,NPR,1/1/2026
ACC0000006934,CUST00003359,BR0029,WALLET,DORMANT,12/24/2022,NPR,1/1/2026
ACC0000006935,CUST00000551,BR0034,WALLET,ACTIVE,1/8/2020,NPR,1/1/2026
ACC0000006936,CUST00000274,BR0015,SALARY,ACTIVE,6/11/2021,NPR,1/1/2026
ACC0000006937,CUST00003098,BR0006,LOAN,DORMANT,8/14/2025,NPR,1/1/2026
ACC0000006938,CUST00000821,BR0006,CURRENT,ACTIVE,5/22/2019,NPR,1/1/2026
ACC0000006939,CUST00000052,BR0024,SALARY,ACTIVE,7/6/2022,NPR,1/1/2026
ACC0000006940,CUST00001135,BR0032,LOAN,ACTIVE,1/31/2021,NPR,1/1/2026
ACC0000006941,CUST00003542,BR0005,LOAN,ACTIVE,3/7/2019,NPR,1/1/2026
ACC0000006942,CUST00003326,BR0039,SAVINGS,ACTIVE,12/28/2023,NPR,1/1/2026
ACC0000006943,CUST00004834,BR0008,SAVINGS,ACTIVE,6/23/2023,NPR,1/1/2026
ACC0000006944,CUST00002530,BR0031,SALARY,ACTIVE,7/5/2024,NPR,1/1/2026
ACC0000006945,CUST00003488,BR0013,SALARY,ACTIVE,9/1/2023,NPR,1/1/2026
ACC0000006946,CUST00002130,BR0016,SAVINGS,ACTIVE,6/17/2025,NPR,1/1/2026
ACC0000006947,CUST00000726,BR0016,SALARY,ACTIVE,11/10/2019,NPR,1/1/2026
ACC0000006948,CUST00000350,BR0039,SAVINGS,ACTIVE,8/2/2019,NPR,1/1/2026
ACC0000006949,CUST00001817,BR0033,WALLET,ACTIVE,4/13/2019,NPR,1/1/2026
ACC0000006950,CUST00004488,BR0013,SALARY,ACTIVE,5/5/2019,NPR,1/1/2026
ACC0000006951,CUST00002875,BR0017,LOAN,ACTIVE,12/7/2019,NPR,1/1/2026
ACC0000006952,CUST00003305,BR0040,CURRENT,ACTIVE,11/12/2022,NPR,1/1/2026
ACC0000006953,CUST00000470,BR0033,LOAN,ACTIVE,3/12/2019,NPR,1/1/2026
ACC0000006954,CUST00000219,BR0028,SALARY,ACTIVE,3/8/2021,NPR,1/1/2026
ACC0000006955,CUST00001984,BR0014,LOAN,ACTIVE,6/5/2020,NPR,1/1/2026
ACC0000006956,CUST00002587,BR0007,WALLET,CLOSED,8/24/2023,NPR,1/1/2026
ACC0000006957,CUST00003687,BR0001,SAVINGS,DORMANT,6/11/2022,NPR,1/1/2026
ACC0000006958,CUST00000588,BR0002,WALLET,ACTIVE,12/18/2025,NPR,1/1/2026
ACC0000006959,CUST00004712,BR0016,LOAN,ACTIVE,9/19/2024,NPR,1/1/2026
ACC0000006960,CUST00003642,BR0019,WALLET,BLOCKED,8/10/2023,NPR,1/1/2026
ACC0000006961,CUST00004729,BR0021,CURRENT,ACTIVE,8/18/2020,NPR,1/1/2026
ACC0000006962,CUST00004158,BR0016,SALARY,ACTIVE,8/20/2025,NPR,1/1/2026
ACC0000006963,CUST00001148,BR0029,SAVINGS,ACTIVE,6/6/2025,NPR,1/1/2026
ACC0000006964,CUST00004299,BR0030,SALARY,ACTIVE,5/25/2025,NPR,1/1/2026
ACC0000006965,CUST00004604,BR0034,SALARY,ACTIVE,8/24/2025,NPR,1/1/2026
ACC0000006966,CUST00003550,BR0002,WALLET,ACTIVE,5/9/2023,NPR,1/1/2026
ACC0000006967,CUST00003929,BR0002,WALLET,ACTIVE,11/25/2020,NPR,1/1/2026
ACC0000006968,CUST00003354,BR0022,WALLET,ACTIVE,6/7/2020,NPR,1/1/2026
ACC0000006969,CUST00001808,BR0027,CURRENT,ACTIVE,7/23/2023,NPR,1/1/2026
ACC0000006970,CUST00001989,BR0032,SALARY,ACTIVE,8/26/2024,NPR,1/1/2026
ACC0000006971,CUST00001992,BR0021,SALARY,ACTIVE,10/27/2019,NPR,1/1/2026
ACC0000006972,CUST00004583,BR0029,SALARY,BLOCKED,8/25/2024,NPR,1/1/2026
ACC0000006973,CUST00001693,BR0034,WALLET,ACTIVE,8/12/2019,NPR,1/1/2026
ACC0000006974,CUST00002768,BR0018,SALARY,ACTIVE,3/12/2023,NPR,1/1/2026
ACC0000006975,CUST00001111,BR0034,LOAN,ACTIVE,6/16/2024,NPR,1/1/2026
ACC0000006976,CUST00004614,BR0019,SAVINGS,ACTIVE,7/14/2023,NPR,1/1/2026
ACC0000006977,CUST00001202,BR0036,SAVINGS,DORMANT,7/16/2025,NPR,1/1/2026
ACC0000006978,CUST00001974,BR0032,SALARY,ACTIVE,5/9/2023,NPR,1/1/2026
ACC0000006979,CUST00003191,BR0026,LOAN,ACTIVE,2/13/2020,NPR,1/1/2026
ACC0000006980,CUST00002037,BR0030,SAVINGS,ACTIVE,7/31/2021,NPR,1/1/2026
ACC0000006981,CUST00001420,BR0024,LOAN,CLOSED,3/18/2022,NPR,1/1/2026
ACC0000006982,CUST00000342,BR0025,CURRENT,ACTIVE,6/6/2019,NPR,1/1/2026
ACC0000006983,CUST00001437,BR0001,CURRENT,ACTIVE,10/22/2025,NPR,1/1/2026
ACC0000006984,CUST00003867,BR0015,LOAN,ACTIVE,9/22/2025,NPR,1/1/2026
ACC0000006985,CUST00001829,BR0008,CURRENT,ACTIVE,9/14/2023,NPR,1/1/2026
ACC0000006986,CUST00000938,BR0014,SALARY,ACTIVE,9/3/2025,NPR,1/1/2026
ACC0000006987,CUST00004729,BR0017,CURRENT,ACTIVE,4/20/2024,NPR,1/1/2026
ACC0000006988,CUST00000041,BR0006,SALARY,ACTIVE,6/24/2023,NPR,1/1/2026
ACC0000006989,CUST00000771,BR0034,WALLET,DORMANT,7/23/2023,NPR,1/1/2026
ACC0000006990,CUST00004797,BR0004,LOAN,CLOSED,5/26/2019,NPR,1/1/2026
ACC0000006991,CUST00003365,BR0001,WALLET,ACTIVE,2/9/2021,NPR,1/1/2026
ACC0000006992,CUST00001854,BR0036,CURRENT,ACTIVE,4/3/2023,NPR,1/1/2026
ACC0000006993,CUST00003908,BR0039,SAVINGS,ACTIVE,10/16/2022,NPR,1/1/2026
ACC0000006994,CUST00004140,BR0022,SAVINGS,ACTIVE,4/4/2023,NPR,1/1/2026
ACC0000006995,CUST00003515,BR0034,WALLET,ACTIVE,12/28/2024,NPR,1/1/2026
ACC0000006996,CUST00002211,BR0006,LOAN,ACTIVE,10/10/2022,NPR,1/1/2026
ACC0000006997,CUST00004170,BR0003,LOAN,ACTIVE,9/1/2020,NPR,1/1/2026
ACC0000006998,CUST00003297,BR0039,SAVINGS,ACTIVE,2/3/2021,NPR,1/1/2026
ACC0000006999,CUST00002585,BR0020,SAVINGS,ACTIVE,10/25/2025,NPR,1/1/2026
ACC0000007000,CUST00001441,BR0005,WALLET,ACTIVE,4/20/2024,NPR,1/1/2026
ACC0000007001,CUST00002027,BR0024,SALARY,ACTIVE,9/7/2023,NPR,1/1/2026
ACC0000007002,CUST00000235,BR0031,WALLET,DORMANT,9/20/2024,NPR,1/1/2026
ACC0000007003,CUST00003420,BR0031,SAVINGS,ACTIVE,7/5/2025,NPR,1/1/2026
ACC0000007004,CUST00000907,BR0018,WALLET,ACTIVE,3/1/2025,NPR,1/1/2026
ACC0000007005,CUST00001239,BR0034,CURRENT,CLOSED,7/11/2019,NPR,1/1/2026
ACC0000007006,CUST00001667,BR0010,WALLET,ACTIVE,8/10/2022,NPR,1/1/2026
ACC0000007007,CUST00003923,BR0016,LOAN,BLOCKED,7/4/2021,NPR,1/1/2026
ACC0000007008,CUST00004207,BR0008,SAVINGS,DORMANT,12/4/2019,NPR,1/1/2026
ACC0000007009,CUST00001654,BR0011,SALARY,ACTIVE,5/24/2021,NPR,1/1/2026
ACC0000007010,CUST00004610,BR0015,CURRENT,ACTIVE,3/31/2025,NPR,1/1/2026
ACC0000007011,CUST00004937,BR0011,WALLET,ACTIVE,7/24/2024,NPR,1/1/2026
ACC0000007012,CUST00004442,BR0033,CURRENT,ACTIVE,7/6/2020,NPR,1/1/2026
ACC0000007013,CUST00002617,BR0017,SALARY,CLOSED,4/21/2024,NPR,1/1/2026
ACC0000007014,CUST00002867,BR0023,SAVINGS,ACTIVE,4/15/2020,NPR,1/1/2026
ACC0000007015,CUST00003049,BR0021,SAVINGS,ACTIVE,3/29/2021,NPR,1/1/2026
ACC0000007016,CUST00002819,BR0014,WALLET,ACTIVE,3/8/2023,NPR,1/1/2026
ACC0000007017,CUST00001490,BR0014,LOAN,CLOSED,7/25/2023,NPR,1/1/2026
ACC0000007018,CUST00000546,BR0012,LOAN,ACTIVE,4/5/2020,NPR,1/1/2026
ACC0000007019,CUST00004117,BR0012,SAVINGS,ACTIVE,11/2/2022,NPR,1/1/2026
ACC0000007020,CUST00000734,BR0034,SAVINGS,DORMANT,1/3/2025,NPR,1/1/2026
ACC0000007021,CUST00003739,BR0026,WALLET,ACTIVE,1/13/2025,NPR,1/1/2026
ACC0000007022,CUST00002381,BR0011,CURRENT,ACTIVE,1/24/2025,NPR,1/1/2026
ACC0000007023,CUST00004068,BR0031,LOAN,ACTIVE,7/9/2024,NPR,1/1/2026
ACC0000007024,CUST00003319,BR0018,SALARY,ACTIVE,2/15/2022,NPR,1/1/2026
ACC0000007025,CUST00002091,BR0039,SALARY,DORMANT,9/8/2023,NPR,1/1/2026
ACC0000007026,CUST00002837,BR0040,LOAN,ACTIVE,7/19/2025,NPR,1/1/2026
ACC0000007027,CUST00004981,BR0015,CURRENT,ACTIVE,8/15/2024,NPR,1/1/2026
ACC0000007028,CUST00001380,BR0025,SAVINGS,ACTIVE,7/11/2022,NPR,1/1/2026
ACC0000007029,CUST00004952,BR0035,WALLET,ACTIVE,2/13/2022,NPR,1/1/2026
ACC0000007030,CUST00002043,BR0001,LOAN,ACTIVE,4/10/2024,NPR,1/1/2026
ACC0000007031,CUST00004192,BR0020,WALLET,ACTIVE,9/1/2021,NPR,1/1/2026
ACC0000007032,CUST00001237,BR0015,CURRENT,ACTIVE,7/13/2019,NPR,1/1/2026
ACC0000007033,CUST00000189,BR0012,CURRENT,ACTIVE,5/20/2024,NPR,1/1/2026
ACC0000007034,CUST00001499,BR0012,SALARY,ACTIVE,7/29/2023,NPR,1/1/2026
ACC0000007035,CUST00004145,BR0020,LOAN,ACTIVE,3/1/2021,NPR,1/1/2026
ACC0000007036,CUST00004499,BR0030,SALARY,ACTIVE,12/14/2019,NPR,1/1/2026
ACC0000007037,CUST00004590,BR0009,SALARY,CLOSED,10/23/2022,NPR,1/1/2026
ACC0000007038,CUST00004790,BR0031,CURRENT,ACTIVE,6/8/2025,NPR,1/1/2026
ACC0000007039,CUST00001288,BR0013,CURRENT,ACTIVE,7/1/2025,NPR,1/1/2026
ACC0000007040,CUST00003134,BR0022,SALARY,ACTIVE,10/31/2025,NPR,1/1/2026
ACC0000007041,CUST00001157,BR0037,WALLET,ACTIVE,12/13/2019,NPR,1/1/2026
ACC0000007042,CUST00002803,BR0028,WALLET,ACTIVE,3/1/2024,NPR,1/1/2026
ACC0000007043,CUST00001598,BR0018,SALARY,ACTIVE,1/25/2020,NPR,1/1/2026
ACC0000007044,CUST00004502,BR0005,SAVINGS,ACTIVE,5/30/2024,NPR,1/1/2026
ACC0000007045,CUST00000895,BR0023,SALARY,ACTIVE,11/28/2019,NPR,1/1/2026
ACC0000007046,CUST00002149,BR0017,WALLET,ACTIVE,9/16/2023,NPR,1/1/2026
ACC0000007047,CUST00004995,BR0031,WALLET,ACTIVE,9/15/2020,NPR,1/1/2026
ACC0000007048,CUST00000453,BR0019,SALARY,ACTIVE,7/18/2022,NPR,1/1/2026
ACC0000007049,CUST00004761,BR0002,CURRENT,ACTIVE,1/30/2021,NPR,1/1/2026
ACC0000007050,CUST00000440,BR0024,LOAN,ACTIVE,12/8/2019,NPR,1/1/2026
ACC0000007051,CUST00004804,BR0026,SALARY,ACTIVE,11/5/2020,NPR,1/1/2026
ACC0000007052,CUST00002506,BR0005,LOAN,DORMANT,5/7/2021,NPR,1/1/2026
ACC0000007053,CUST00004955,BR0011,SALARY,ACTIVE,8/1/2022,NPR,1/1/2026
ACC0000007054,CUST00000434,BR0009,LOAN,ACTIVE,3/20/2021,NPR,1/1/2026
ACC0000007055,CUST00003417,BR0016,WALLET,BLOCKED,9/5/2023,NPR,1/1/2026
ACC0000007056,CUST00004119,BR0031,LOAN,ACTIVE,2/28/2025,NPR,1/1/2026
ACC0000007057,CUST00004875,BR0019,CURRENT,ACTIVE,6/29/2025,NPR,1/1/2026
ACC0000007058,CUST00002542,BR0027,CURRENT,ACTIVE,3/17/2023,NPR,1/1/2026
ACC0000007059,CUST00001237,BR0007,WALLET,ACTIVE,10/18/2021,NPR,1/1/2026
ACC0000007060,CUST00003887,BR0020,SAVINGS,ACTIVE,4/14/2024,NPR,1/1/2026
ACC0000007061,CUST00001493,BR0026,LOAN,ACTIVE,8/7/2025,NPR,1/1/2026
ACC0000007062,CUST00000557,BR0025,WALLET,ACTIVE,8/24/2024,NPR,1/1/2026
ACC0000007063,CUST00003670,BR0001,LOAN,ACTIVE,1/10/2025,NPR,1/1/2026
ACC0000007064,CUST00002470,BR0007,WALLET,ACTIVE,6/10/2021,NPR,1/1/2026
ACC0000007065,CUST00002631,BR0031,LOAN,ACTIVE,12/2/2023,NPR,1/1/2026
ACC0000007066,CUST00001663,BR0009,WALLET,ACTIVE,7/25/2025,NPR,1/1/2026
ACC0000007067,CUST00004036,BR0033,CURRENT,ACTIVE,9/5/2020,NPR,1/1/2026
ACC0000007068,CUST00001231,BR0026,CURRENT,DORMANT,1/8/2022,NPR,1/1/2026
ACC0000007069,CUST00001925,BR0021,CURRENT,ACTIVE,2/22/2024,NPR,1/1/2026
ACC0000007070,CUST00001666,BR0037,WALLET,ACTIVE,3/10/2025,NPR,1/1/2026
ACC0000007071,CUST00000989,BR0003,CURRENT,ACTIVE,12/30/2024,NPR,1/1/2026
ACC0000007072,CUST00003179,BR0024,WALLET,ACTIVE,3/23/2024,NPR,1/1/2026
ACC0000007073,CUST00002321,BR0013,SALARY,DORMANT,9/29/2022,NPR,1/1/2026
ACC0000007074,CUST00001751,BR0007,SALARY,ACTIVE,9/29/2023,NPR,1/1/2026
ACC0000007075,CUST00001859,BR0012,WALLET,ACTIVE,9/18/2025,NPR,1/1/2026
ACC0000007076,CUST00004511,BR0030,SALARY,ACTIVE,12/11/2022,NPR,1/1/2026
ACC0000007077,CUST00000647,BR0034,WALLET,BLOCKED,2/24/2021,NPR,1/1/2026
ACC0000007078,CUST00004025,BR0018,CURRENT,ACTIVE,6/20/2019,NPR,1/1/2026
ACC0000007079,CUST00002663,BR0010,WALLET,ACTIVE,6/6/2019,NPR,1/1/2026
ACC0000007080,CUST00004152,BR0006,LOAN,ACTIVE,9/16/2020,NPR,1/1/2026
ACC0000007081,CUST00004227,BR0004,SAVINGS,ACTIVE,12/30/2020,NPR,1/1/2026
ACC0000007082,CUST00001168,BR0030,SALARY,ACTIVE,12/16/2021,NPR,1/1/2026
ACC0000007083,CUST00004532,BR0020,SALARY,BLOCKED,2/19/2020,NPR,1/1/2026
ACC0000007084,CUST00004106,BR0027,SAVINGS,ACTIVE,4/26/2020,NPR,1/1/2026
ACC0000007085,CUST00002685,BR0025,CURRENT,ACTIVE,11/5/2020,NPR,1/1/2026
ACC0000007086,CUST00002801,BR0008,SALARY,ACTIVE,1/18/2021,NPR,1/1/2026
ACC0000007087,CUST00001775,BR0012,SAVINGS,ACTIVE,12/23/2019,NPR,1/1/2026
ACC0000007088,CUST00003976,BR0025,WALLET,ACTIVE,6/13/2025,NPR,1/1/2026
ACC0000007089,CUST00003236,BR0029,SAVINGS,ACTIVE,12/22/2023,NPR,1/1/2026
ACC0000007090,CUST00002232,BR0004,CURRENT,ACTIVE,10/26/2021,NPR,1/1/2026
ACC0000007091,CUST00001659,BR0018,CURRENT,ACTIVE,7/27/2021,NPR,1/1/2026
ACC0000007092,CUST00004938,BR0015,WALLET,ACTIVE,10/21/2025,NPR,1/1/2026
ACC0000007093,CUST00001386,BR0037,SAVINGS,ACTIVE,10/14/2020,NPR,1/1/2026
ACC0000007094,CUST00002771,BR0012,SAVINGS,ACTIVE,3/30/2023,NPR,1/1/2026
ACC0000007095,CUST00001616,BR0038,SAVINGS,DORMANT,12/1/2024,NPR,1/1/2026
ACC0000007096,CUST00000885,BR0034,CURRENT,ACTIVE,3/24/2023,NPR,1/1/2026
ACC0000007097,CUST00000049,BR0036,WALLET,ACTIVE,7/25/2023,NPR,1/1/2026
ACC0000007098,CUST00001610,BR0028,LOAN,ACTIVE,7/27/2020,NPR,1/1/2026
ACC0000007099,CUST00000131,BR0017,WALLET,ACTIVE,7/22/2021,NPR,1/1/2026
ACC0000007100,CUST00002209,BR0009,SAVINGS,ACTIVE,10/28/2022,NPR,1/1/2026
ACC0000007101,CUST00000194,BR0038,SAVINGS,CLOSED,6/15/2025,NPR,1/1/2026
ACC0000007102,CUST00002184,BR0027,LOAN,ACTIVE,1/28/2021,NPR,1/1/2026
ACC0000007103,CUST00000964,BR0010,SAVINGS,ACTIVE,2/10/2024,NPR,1/1/2026
ACC0000007104,CUST00003405,BR0035,SALARY,ACTIVE,1/1/2024,NPR,1/1/2026
ACC0000007105,CUST00003364,BR0002,WALLET,ACTIVE,11/29/2019,NPR,1/1/2026
ACC0000007106,CUST00000176,BR0014,SAVINGS,ACTIVE,12/16/2021,NPR,1/1/2026
ACC0000007107,CUST00000306,BR0038,CURRENT,ACTIVE,12/15/2020,NPR,1/1/2026
ACC0000007108,CUST00000915,BR0038,CURRENT,ACTIVE,4/20/2022,NPR,1/1/2026
ACC0000007109,CUST00002165,BR0035,CURRENT,ACTIVE,9/28/2020,NPR,1/1/2026
ACC0000007110,CUST00002615,BR0023,WALLET,ACTIVE,6/21/2024,NPR,1/1/2026
ACC0000007111,CUST00001673,BR0036,LOAN,CLOSED,6/6/2024,NPR,1/1/2026
ACC0000007112,CUST00004553,BR0026,SALARY,ACTIVE,4/20/2021,NPR,1/1/2026
ACC0000007113,CUST00001595,BR0040,LOAN,ACTIVE,6/18/2020,NPR,1/1/2026
ACC0000007114,CUST00001159,BR0023,SALARY,ACTIVE,12/21/2023,NPR,1/1/2026
ACC0000007115,CUST00003706,BR0020,WALLET,ACTIVE,4/6/2019,NPR,1/1/2026
ACC0000007116,CUST00000838,BR0004,SAVINGS,ACTIVE,2/22/2020,NPR,1/1/2026
ACC0000007117,CUST00001108,BR0029,CURRENT,ACTIVE,7/9/2025,NPR,1/1/2026
ACC0000007118,CUST00004530,BR0036,LOAN,ACTIVE,4/25/2021,NPR,1/1/2026
ACC0000007119,CUST00002939,BR0012,SAVINGS,DORMANT,11/28/2019,NPR,1/1/2026
ACC0000007120,CUST00000621,BR0012,WALLET,ACTIVE,5/26/2020,NPR,1/1/2026
ACC0000007121,CUST00002831,BR0013,LOAN,ACTIVE,2/6/2022,NPR,1/1/2026
ACC0000007122,CUST00004199,BR0017,LOAN,ACTIVE,6/29/2025,NPR,1/1/2026
ACC0000007123,CUST00001358,BR0020,SALARY,ACTIVE,9/26/2025,NPR,1/1/2026
ACC0000007124,CUST00000357,BR0009,LOAN,CLOSED,4/29/2025,NPR,1/1/2026
ACC0000007125,CUST00002334,BR0019,SALARY,DORMANT,2/20/2020,NPR,1/1/2026
ACC0000007126,CUST00004503,BR0010,LOAN,ACTIVE,3/17/2022,NPR,1/1/2026
ACC0000007127,CUST00000215,BR0036,CURRENT,DORMANT,8/23/2021,NPR,1/1/2026
ACC0000007128,CUST00000082,BR0036,SAVINGS,ACTIVE,6/1/2024,NPR,1/1/2026
ACC0000007129,CUST00001171,BR0034,SAVINGS,ACTIVE,6/18/2024,NPR,1/1/2026
ACC0000007130,CUST00003816,BR0031,LOAN,ACTIVE,1/21/2020,NPR,1/1/2026
ACC0000007131,CUST00001696,BR0025,SAVINGS,ACTIVE,5/3/2023,NPR,1/1/2026
ACC0000007132,CUST00000548,BR0029,WALLET,ACTIVE,8/26/2025,NPR,1/1/2026
ACC0000007133,CUST00001877,BR0014,SAVINGS,ACTIVE,7/15/2024,NPR,1/1/2026
ACC0000007134,CUST00003723,BR0030,SALARY,ACTIVE,1/28/2025,NPR,1/1/2026
ACC0000007135,CUST00003635,BR0023,SALARY,DORMANT,11/10/2019,NPR,1/1/2026
ACC0000007136,CUST00004091,BR0002,CURRENT,ACTIVE,8/18/2021,NPR,1/1/2026
ACC0000007137,CUST00003801,BR0026,SALARY,ACTIVE,4/12/2023,NPR,1/1/2026
ACC0000007138,CUST00001883,BR0033,CURRENT,DORMANT,2/24/2025,NPR,1/1/2026
ACC0000007139,CUST00004444,BR0038,WALLET,DORMANT,9/1/2023,NPR,1/1/2026
ACC0000007140,CUST00003816,BR0018,LOAN,ACTIVE,8/28/2024,NPR,1/1/2026
ACC0000007141,CUST00003090,BR0007,WALLET,ACTIVE,4/3/2019,NPR,1/1/2026
ACC0000007142,CUST00001136,BR0005,SAVINGS,ACTIVE,9/8/2019,NPR,1/1/2026
ACC0000007143,CUST00004329,BR0017,CURRENT,ACTIVE,7/23/2019,NPR,1/1/2026
ACC0000007144,CUST00000656,BR0001,CURRENT,ACTIVE,10/2/2020,NPR,1/1/2026
ACC0000007145,CUST00000883,BR0027,WALLET,ACTIVE,2/5/2020,NPR,1/1/2026
ACC0000007146,CUST00004938,BR0009,SAVINGS,ACTIVE,11/26/2022,NPR,1/1/2026
ACC0000007147,CUST00003585,BR0032,CURRENT,ACTIVE,5/7/2025,NPR,1/1/2026
ACC0000007148,CUST00003626,BR0020,SAVINGS,DORMANT,12/7/2020,NPR,1/1/2026
ACC0000007149,CUST00004660,BR0029,LOAN,BLOCKED,1/21/2021,NPR,1/1/2026
ACC0000007150,CUST00001806,BR0020,CURRENT,ACTIVE,12/6/2025,NPR,1/1/2026
ACC0000007151,CUST00001697,BR0037,SALARY,DORMANT,4/22/2019,NPR,1/1/2026
ACC0000007152,CUST00004902,BR0021,SALARY,DORMANT,11/9/2024,NPR,1/1/2026
ACC0000007153,CUST00004923,BR0031,SALARY,ACTIVE,7/10/2023,NPR,1/1/2026
ACC0000007154,CUST00004550,BR0035,CURRENT,ACTIVE,4/17/2020,NPR,1/1/2026
ACC0000007155,CUST00004720,BR0020,WALLET,ACTIVE,4/29/2023,NPR,1/1/2026
ACC0000007156,CUST00001252,BR0030,CURRENT,ACTIVE,3/3/2020,NPR,1/1/2026
ACC0000007157,CUST00004373,BR0039,SAVINGS,ACTIVE,2/20/2025,NPR,1/1/2026
ACC0000007158,CUST00004677,BR0019,CURRENT,ACTIVE,10/29/2025,NPR,1/1/2026
ACC0000007159,CUST00000949,BR0011,WALLET,CLOSED,6/11/2020,NPR,1/1/2026
ACC0000007160,CUST00000038,BR0014,LOAN,BLOCKED,12/1/2022,NPR,1/1/2026
ACC0000007161,CUST00001040,BR0016,CURRENT,ACTIVE,2/11/2021,NPR,1/1/2026
ACC0000007162,CUST00004003,BR0009,LOAN,DORMANT,4/19/2024,NPR,1/1/2026
ACC0000007163,CUST00003930,BR0026,CURRENT,ACTIVE,3/22/2022,NPR,1/1/2026
ACC0000007164,CUST00002851,BR0027,LOAN,DORMANT,9/23/2023,NPR,1/1/2026
ACC0000007165,CUST00004974,BR0013,SAVINGS,ACTIVE,1/9/2023,NPR,1/1/2026
ACC0000007166,CUST00000857,BR0035,SAVINGS,ACTIVE,9/19/2025,NPR,1/1/2026
ACC0000007167,CUST00004009,BR0033,WALLET,BLOCKED,12/23/2024,NPR,1/1/2026
ACC0000007168,CUST00004149,BR0033,CURRENT,ACTIVE,5/15/2024,NPR,1/1/2026
ACC0000007169,CUST00001101,BR0031,CURRENT,ACTIVE,3/15/2022,NPR,1/1/2026
ACC0000007170,CUST00003032,BR0023,SALARY,ACTIVE,4/24/2025,NPR,1/1/2026
ACC0000007171,CUST00000405,BR0036,LOAN,ACTIVE,1/31/2024,NPR,1/1/2026
ACC0000007172,CUST00001020,BR0038,SALARY,ACTIVE,2/15/2022,NPR,1/1/2026
ACC0000007173,CUST00002247,BR0030,WALLET,ACTIVE,10/16/2021,NPR,1/1/2026
ACC0000007174,CUST00003969,BR0026,LOAN,ACTIVE,8/22/2019,NPR,1/1/2026
ACC0000007175,CUST00003270,BR0020,WALLET,ACTIVE,11/17/2021,NPR,1/1/2026
ACC0000007176,CUST00003942,BR0039,CURRENT,ACTIVE,10/6/2021,NPR,1/1/2026
ACC0000007177,CUST00000679,BR0019,WALLET,ACTIVE,7/17/2019,NPR,1/1/2026
ACC0000007178,CUST00003811,BR0025,WALLET,ACTIVE,12/10/2020,NPR,1/1/2026
ACC0000007179,CUST00001708,BR0006,LOAN,ACTIVE,10/26/2023,NPR,1/1/2026
ACC0000007180,CUST00000451,BR0026,SAVINGS,ACTIVE,5/12/2021,NPR,1/1/2026
ACC0000007181,CUST00004042,BR0030,WALLET,ACTIVE,4/6/2020,NPR,1/1/2026
ACC0000007182,CUST00001738,BR0012,LOAN,ACTIVE,9/24/2024,NPR,1/1/2026
ACC0000007183,CUST00001167,BR0032,WALLET,ACTIVE,10/21/2021,NPR,1/1/2026
ACC0000007184,CUST00001665,BR0032,WALLET,BLOCKED,3/25/2021,NPR,1/1/2026
ACC0000007185,CUST00003014,BR0040,WALLET,ACTIVE,12/27/2020,NPR,1/1/2026
ACC0000007186,CUST00003779,BR0002,CURRENT,ACTIVE,5/22/2022,NPR,1/1/2026
ACC0000007187,CUST00004962,BR0020,SALARY,DORMANT,6/29/2021,NPR,1/1/2026
ACC0000007188,CUST00000428,BR0015,SAVINGS,ACTIVE,5/20/2023,NPR,1/1/2026
ACC0000007189,CUST00004232,BR0007,CURRENT,ACTIVE,11/30/2023,NPR,1/1/2026
ACC0000007190,CUST00002815,BR0014,CURRENT,ACTIVE,4/2/2022,NPR,1/1/2026
ACC0000007191,CUST00003120,BR0016,SAVINGS,ACTIVE,8/8/2025,NPR,1/1/2026
ACC0000007192,CUST00000262,BR0036,SAVINGS,ACTIVE,5/6/2022,NPR,1/1/2026
ACC0000007193,CUST00000601,BR0003,WALLET,DORMANT,6/16/2021,NPR,1/1/2026
ACC0000007194,CUST00001023,BR0025,SAVINGS,ACTIVE,3/17/2019,NPR,1/1/2026
ACC0000007195,CUST00002159,BR0008,SALARY,DORMANT,5/24/2025,NPR,1/1/2026
ACC0000007196,CUST00002552,BR0028,SALARY,DORMANT,12/4/2024,NPR,1/1/2026
ACC0000007197,CUST00000973,BR0039,LOAN,ACTIVE,11/30/2019,NPR,1/1/2026
ACC0000007198,CUST00001887,BR0027,SALARY,DORMANT,10/29/2025,NPR,1/1/2026
ACC0000007199,CUST00003008,BR0006,CURRENT,ACTIVE,11/8/2021,NPR,1/1/2026
ACC0000007200,CUST00004062,BR0013,LOAN,ACTIVE,11/9/2021,NPR,1/1/2026
ACC0000007201,CUST00000445,BR0009,WALLET,ACTIVE,11/1/2025,NPR,1/1/2026
ACC0000007202,CUST00000676,BR0026,SAVINGS,ACTIVE,6/3/2024,NPR,1/1/2026
ACC0000007203,CUST00003325,BR0036,SALARY,ACTIVE,7/19/2019,NPR,1/1/2026
ACC0000007204,CUST00002975,BR0016,WALLET,ACTIVE,10/30/2020,NPR,1/1/2026
ACC0000007205,CUST00004454,BR0005,CURRENT,DORMANT,1/5/2021,NPR,1/1/2026
ACC0000007206,CUST00004375,BR0011,CURRENT,ACTIVE,12/17/2023,NPR,1/1/2026
ACC0000007207,CUST00004798,BR0012,WALLET,DORMANT,12/29/2019,NPR,1/1/2026
ACC0000007208,CUST00001100,BR0016,LOAN,ACTIVE,12/3/2020,NPR,1/1/2026
ACC0000007209,CUST00004488,BR0026,SALARY,ACTIVE,3/14/2022,NPR,1/1/2026
ACC0000007210,CUST00000879,BR0009,SAVINGS,ACTIVE,4/25/2025,NPR,1/1/2026
ACC0000007211,CUST00004394,BR0002,LOAN,ACTIVE,6/22/2022,NPR,1/1/2026
ACC0000007212,CUST00001131,BR0036,SAVINGS,ACTIVE,1/1/2024,NPR,1/1/2026
ACC0000007213,CUST00002767,BR0014,LOAN,ACTIVE,7/8/2020,NPR,1/1/2026
ACC0000007214,CUST00004193,BR0026,SALARY,ACTIVE,8/10/2023,NPR,1/1/2026
ACC0000007215,CUST00003559,BR0005,SALARY,ACTIVE,3/27/2021,NPR,1/1/2026
ACC0000007216,CUST00001107,BR0010,SAVINGS,ACTIVE,11/17/2022,NPR,1/1/2026
ACC0000007217,CUST00001007,BR0025,WALLET,ACTIVE,2/28/2021,NPR,1/1/2026
ACC0000007218,CUST00001986,BR0007,LOAN,DORMANT,4/7/2022,NPR,1/1/2026
ACC0000007219,CUST00001510,BR0011,SALARY,ACTIVE,2/17/2020,NPR,1/1/2026
ACC0000007220,CUST00002730,BR0029,LOAN,ACTIVE,12/26/2022,NPR,1/1/2026
ACC0000007221,CUST00001879,BR0034,WALLET,ACTIVE,10/31/2024,NPR,1/1/2026
ACC0000007222,CUST00000626,BR0013,SAVINGS,ACTIVE,12/15/2020,NPR,1/1/2026
ACC0000007223,CUST00004999,BR0022,SALARY,ACTIVE,3/12/2023,NPR,1/1/2026
ACC0000007224,CUST00004792,BR0015,CURRENT,ACTIVE,11/18/2023,NPR,1/1/2026
ACC0000007225,CUST00002174,BR0003,LOAN,ACTIVE,8/18/2023,NPR,1/1/2026
ACC0000007226,CUST00002950,BR0026,CURRENT,ACTIVE,11/2/2025,NPR,1/1/2026
ACC0000007227,CUST00001893,BR0033,SAVINGS,ACTIVE,1/13/2021,NPR,1/1/2026
ACC0000007228,CUST00001230,BR0007,WALLET,ACTIVE,6/2/2023,NPR,1/1/2026
ACC0000007229,CUST00001614,BR0022,WALLET,ACTIVE,12/18/2022,NPR,1/1/2026
ACC0000007230,CUST00002117,BR0036,SALARY,ACTIVE,10/13/2020,NPR,1/1/2026
ACC0000007231,CUST00003541,BR0030,CURRENT,ACTIVE,1/18/2025,NPR,1/1/2026
ACC0000007232,CUST00003810,BR0032,WALLET,DORMANT,12/7/2024,NPR,1/1/2026
ACC0000007233,CUST00003085,BR0016,SALARY,ACTIVE,3/24/2024,NPR,1/1/2026
ACC0000007234,CUST00002325,BR0028,CURRENT,ACTIVE,4/13/2024,NPR,1/1/2026
ACC0000007235,CUST00001444,BR0023,LOAN,ACTIVE,8/20/2021,NPR,1/1/2026
ACC0000007236,CUST00001019,BR0031,SALARY,ACTIVE,12/23/2024,NPR,1/1/2026
ACC0000007237,CUST00002552,BR0002,WALLET,ACTIVE,2/21/2025,NPR,1/1/2026
ACC0000007238,CUST00002870,BR0010,LOAN,ACTIVE,7/24/2025,NPR,1/1/2026
ACC0000007239,CUST00003872,BR0016,CURRENT,ACTIVE,7/17/2022,NPR,1/1/2026
ACC0000007240,CUST00004483,BR0034,WALLET,ACTIVE,1/19/2025,NPR,1/1/2026
ACC0000007241,CUST00000187,BR0022,LOAN,ACTIVE,6/22/2019,NPR,1/1/2026
ACC0000007242,CUST00003378,BR0005,WALLET,ACTIVE,3/26/2020,NPR,1/1/2026
ACC0000007243,CUST00004447,BR0028,WALLET,ACTIVE,12/6/2019,NPR,1/1/2026
ACC0000007244,CUST00003452,BR0012,WALLET,DORMANT,1/12/2020,NPR,1/1/2026
ACC0000007245,CUST00000378,BR0036,SAVINGS,ACTIVE,6/16/2023,NPR,1/1/2026
ACC0000007246,CUST00001297,BR0028,LOAN,ACTIVE,11/6/2024,NPR,1/1/2026
ACC0000007247,CUST00001733,BR0028,SALARY,ACTIVE,3/26/2019,NPR,1/1/2026
ACC0000007248,CUST00002987,BR0036,SAVINGS,ACTIVE,7/1/2021,NPR,1/1/2026
ACC0000007249,CUST00002237,BR0032,LOAN,ACTIVE,5/18/2020,NPR,1/1/2026
ACC0000007250,CUST00001911,BR0018,SALARY,ACTIVE,3/27/2021,NPR,1/1/2026
ACC0000007251,CUST00004107,BR0001,CURRENT,ACTIVE,3/11/2024,NPR,1/1/2026
ACC0000007252,CUST00000318,BR0010,LOAN,ACTIVE,10/28/2020,NPR,1/1/2026
ACC0000007253,CUST00001242,BR0038,LOAN,ACTIVE,11/9/2019,NPR,1/1/2026
ACC0000007254,CUST00000259,BR0040,SALARY,ACTIVE,5/23/2023,NPR,1/1/2026
ACC0000007255,CUST00001143,BR0030,LOAN,ACTIVE,4/22/2023,NPR,1/1/2026
ACC0000007256,CUST00002367,BR0009,SAVINGS,ACTIVE,7/30/2025,NPR,1/1/2026
ACC0000007257,CUST00001241,BR0006,WALLET,ACTIVE,10/18/2022,NPR,1/1/2026
ACC0000007258,CUST00000525,BR0015,SAVINGS,ACTIVE,7/28/2025,NPR,1/1/2026
ACC0000007259,CUST00002044,BR0036,SALARY,ACTIVE,3/21/2020,NPR,1/1/2026
ACC0000007260,CUST00002901,BR0001,SALARY,ACTIVE,10/15/2021,NPR,1/1/2026
ACC0000007261,CUST00003109,BR0006,LOAN,ACTIVE,1/12/2024,NPR,1/1/2026
ACC0000007262,CUST00003695,BR0016,WALLET,ACTIVE,10/23/2024,NPR,1/1/2026
ACC0000007263,CUST00000947,BR0019,CURRENT,ACTIVE,5/3/2022,NPR,1/1/2026
ACC0000007264,CUST00002723,BR0023,WALLET,ACTIVE,7/25/2021,NPR,1/1/2026
ACC0000007265,CUST00004498,BR0007,WALLET,ACTIVE,8/29/2023,NPR,1/1/2026
ACC0000007266,CUST00000684,BR0008,SAVINGS,ACTIVE,11/9/2023,NPR,1/1/2026
ACC0000007267,CUST00004066,BR0031,SALARY,ACTIVE,10/23/2024,NPR,1/1/2026
ACC0000007268,CUST00002506,BR0011,SALARY,ACTIVE,11/29/2023,NPR,1/1/2026
ACC0000007269,CUST00002007,BR0020,SALARY,ACTIVE,9/27/2020,NPR,1/1/2026
ACC0000007270,CUST00001855,BR0040,CURRENT,ACTIVE,4/29/2024,NPR,1/1/2026
ACC0000007271,CUST00001069,BR0011,SALARY,ACTIVE,2/6/2022,NPR,1/1/2026
ACC0000007272,CUST00002296,BR0011,SALARY,ACTIVE,11/9/2022,NPR,1/1/2026
ACC0000007273,CUST00004220,BR0032,SALARY,ACTIVE,10/18/2023,NPR,1/1/2026
ACC0000007274,CUST00000034,BR0040,SAVINGS,ACTIVE,3/30/2022,NPR,1/1/2026
ACC0000007275,CUST00003888,BR0010,CURRENT,ACTIVE,1/15/2024,NPR,1/1/2026
ACC0000007276,CUST00000623,BR0017,SAVINGS,ACTIVE,1/10/2022,NPR,1/1/2026
ACC0000007277,CUST00002626,BR0033,SAVINGS,ACTIVE,12/14/2023,NPR,1/1/2026
ACC0000007278,CUST00000010,BR0034,SAVINGS,ACTIVE,7/16/2022,NPR,1/1/2026
ACC0000007279,CUST00003083,BR0035,WALLET,ACTIVE,12/17/2022,NPR,1/1/2026
ACC0000007280,CUST00000766,BR0005,LOAN,ACTIVE,12/26/2025,NPR,1/1/2026
ACC0000007281,CUST00003004,BR0010,LOAN,ACTIVE,12/15/2024,NPR,1/1/2026
ACC0000007282,CUST00004807,BR0008,CURRENT,ACTIVE,11/27/2024,NPR,1/1/2026
ACC0000007283,CUST00002844,BR0008,WALLET,ACTIVE,1/2/2021,NPR,1/1/2026
ACC0000007284,CUST00000509,BR0034,SAVINGS,ACTIVE,6/27/2020,NPR,1/1/2026
ACC0000007285,CUST00002911,BR0018,CURRENT,ACTIVE,4/11/2022,NPR,1/1/2026
ACC0000007286,CUST00003510,BR0033,SALARY,ACTIVE,9/14/2023,NPR,1/1/2026
ACC0000007287,CUST00000770,BR0010,SAVINGS,ACTIVE,6/2/2020,NPR,1/1/2026
ACC0000007288,CUST00004305,BR0023,CURRENT,ACTIVE,8/7/2020,NPR,1/1/2026
ACC0000007289,CUST00003551,BR0027,LOAN,ACTIVE,11/14/2025,NPR,1/1/2026
ACC0000007290,CUST00003006,BR0027,CURRENT,ACTIVE,9/12/2024,NPR,1/1/2026
ACC0000007291,CUST00003585,BR0016,SAVINGS,ACTIVE,2/9/2022,NPR,1/1/2026
ACC0000007292,CUST00001883,BR0040,WALLET,ACTIVE,6/8/2020,NPR,1/1/2026
ACC0000007293,CUST00003093,BR0004,CURRENT,ACTIVE,5/27/2025,NPR,1/1/2026
ACC0000007294,CUST00003121,BR0040,SAVINGS,ACTIVE,8/6/2021,NPR,1/1/2026
ACC0000007295,CUST00002234,BR0013,SAVINGS,ACTIVE,4/1/2020,NPR,1/1/2026
ACC0000007296,CUST00001769,BR0028,SALARY,ACTIVE,8/3/2021,NPR,1/1/2026
ACC0000007297,CUST00001893,BR0001,SAVINGS,ACTIVE,7/1/2021,NPR,1/1/2026
ACC0000007298,CUST00003939,BR0009,LOAN,ACTIVE,9/14/2024,NPR,1/1/2026
ACC0000007299,CUST00002310,BR0010,SAVINGS,ACTIVE,7/25/2020,NPR,1/1/2026
ACC0000007300,CUST00002823,BR0035,SALARY,ACTIVE,3/13/2019,NPR,1/1/2026
ACC0000007301,CUST00002717,BR0007,CURRENT,BLOCKED,6/9/2022,NPR,1/1/2026
ACC0000007302,CUST00003288,BR0032,SAVINGS,ACTIVE,4/3/2023,NPR,1/1/2026
ACC0000007303,CUST00001936,BR0028,SAVINGS,ACTIVE,2/14/2022,NPR,1/1/2026
ACC0000007304,CUST00000001,BR0033,LOAN,ACTIVE,2/17/2022,NPR,1/1/2026
ACC0000007305,CUST00002355,BR0025,SALARY,ACTIVE,8/29/2025,NPR,1/1/2026
ACC0000007306,CUST00002961,BR0005,LOAN,ACTIVE,1/21/2021,NPR,1/1/2026
ACC0000007307,CUST00003247,BR0001,CURRENT,ACTIVE,10/18/2025,NPR,1/1/2026
ACC0000007308,CUST00000749,BR0020,SALARY,ACTIVE,1/31/2022,NPR,1/1/2026
ACC0000007309,CUST00003994,BR0022,CURRENT,ACTIVE,9/8/2019,NPR,1/1/2026
ACC0000007310,CUST00003931,BR0011,WALLET,ACTIVE,10/17/2025,NPR,1/1/2026
ACC0000007311,CUST00001753,BR0033,SAVINGS,ACTIVE,7/29/2019,NPR,1/1/2026
ACC0000007312,CUST00003792,BR0025,WALLET,ACTIVE,10/26/2025,NPR,1/1/2026
ACC0000007313,CUST00000858,BR0039,SAVINGS,ACTIVE,1/22/2022,NPR,1/1/2026
ACC0000007314,CUST00000890,BR0022,LOAN,ACTIVE,9/20/2025,NPR,1/1/2026
ACC0000007315,CUST00000761,BR0007,SALARY,ACTIVE,6/18/2022,NPR,1/1/2026
ACC0000007316,CUST00004831,BR0004,LOAN,ACTIVE,9/1/2025,NPR,1/1/2026
ACC0000007317,CUST00002570,BR0029,CURRENT,ACTIVE,5/25/2021,NPR,1/1/2026
ACC0000007318,CUST00003610,BR0029,WALLET,ACTIVE,2/8/2023,NPR,1/1/2026
ACC0000007319,CUST00001382,BR0009,SAVINGS,ACTIVE,1/30/2024,NPR,1/1/2026
ACC0000007320,CUST00003897,BR0025,SALARY,ACTIVE,6/27/2020,NPR,1/1/2026
ACC0000007321,CUST00003490,BR0004,CURRENT,ACTIVE,1/6/2022,NPR,1/1/2026
ACC0000007322,CUST00003346,BR0034,CURRENT,ACTIVE,6/13/2020,NPR,1/1/2026
ACC0000007323,CUST00000733,BR0033,LOAN,CLOSED,9/24/2023,NPR,1/1/2026
ACC0000007324,CUST00003293,BR0001,LOAN,DORMANT,7/28/2022,NPR,1/1/2026
ACC0000007325,CUST00004112,BR0008,CURRENT,ACTIVE,4/19/2025,NPR,1/1/2026
ACC0000007326,CUST00002364,BR0012,SAVINGS,ACTIVE,8/2/2020,NPR,1/1/2026
ACC0000007327,CUST00004798,BR0019,WALLET,ACTIVE,4/7/2020,NPR,1/1/2026
ACC0000007328,CUST00002524,BR0001,SAVINGS,ACTIVE,5/29/2025,NPR,1/1/2026
ACC0000007329,CUST00000279,BR0031,SAVINGS,ACTIVE,2/1/2022,NPR,1/1/2026
ACC0000007330,CUST00000377,BR0028,CURRENT,BLOCKED,12/24/2023,NPR,1/1/2026
ACC0000007331,CUST00003947,BR0024,WALLET,ACTIVE,11/24/2025,NPR,1/1/2026
ACC0000007332,CUST00004211,BR0008,WALLET,ACTIVE,2/27/2022,NPR,1/1/2026
ACC0000007333,CUST00003724,BR0039,SALARY,ACTIVE,8/6/2020,NPR,1/1/2026
ACC0000007334,CUST00003307,BR0026,SAVINGS,ACTIVE,1/23/2021,NPR,1/1/2026
ACC0000007335,CUST00002970,BR0011,SALARY,ACTIVE,8/12/2019,NPR,1/1/2026
ACC0000007336,CUST00000273,BR0028,SALARY,CLOSED,9/27/2023,NPR,1/1/2026
ACC0000007337,CUST00004000,BR0024,WALLET,ACTIVE,11/15/2021,NPR,1/1/2026
ACC0000007338,CUST00000720,BR0001,CURRENT,DORMANT,1/1/2020,NPR,1/1/2026
ACC0000007339,CUST00004682,BR0026,SAVINGS,DORMANT,5/4/2023,NPR,1/1/2026
ACC0000007340,CUST00002021,BR0004,LOAN,DORMANT,7/26/2020,NPR,1/1/2026
ACC0000007341,CUST00002741,BR0007,LOAN,ACTIVE,12/20/2019,NPR,1/1/2026
ACC0000007342,CUST00004099,BR0029,LOAN,ACTIVE,12/6/2022,NPR,1/1/2026
ACC0000007343,CUST00003504,BR0006,WALLET,ACTIVE,1/5/2022,NPR,1/1/2026
ACC0000007344,CUST00002741,BR0002,LOAN,DORMANT,10/8/2021,NPR,1/1/2026
ACC0000007345,CUST00004880,BR0026,CURRENT,ACTIVE,10/10/2020,NPR,1/1/2026
ACC0000007346,CUST00000178,BR0018,LOAN,ACTIVE,4/7/2025,NPR,1/1/2026
ACC0000007347,CUST00000415,BR0009,WALLET,ACTIVE,6/4/2025,NPR,1/1/2026
ACC0000007348,CUST00000506,BR0003,CURRENT,ACTIVE,5/2/2023,NPR,1/1/2026
ACC0000007349,CUST00003059,BR0034,CURRENT,ACTIVE,10/30/2021,NPR,1/1/2026
ACC0000007350,CUST00002474,BR0009,SAVINGS,ACTIVE,4/13/2019,NPR,1/1/2026
ACC0000007351,CUST00000103,BR0019,LOAN,ACTIVE,3/18/2024,NPR,1/1/2026
ACC0000007352,CUST00002410,BR0028,WALLET,ACTIVE,11/26/2021,NPR,1/1/2026
ACC0000007353,CUST00001797,BR0002,SALARY,ACTIVE,12/1/2024,NPR,1/1/2026
ACC0000007354,CUST00003619,BR0038,SALARY,ACTIVE,7/31/2023,NPR,1/1/2026
ACC0000007355,CUST00000960,BR0002,CURRENT,ACTIVE,6/10/2020,NPR,1/1/2026
ACC0000007356,CUST00003472,BR0022,LOAN,ACTIVE,7/22/2025,NPR,1/1/2026
ACC0000007357,CUST00002607,BR0040,SALARY,ACTIVE,5/11/2023,NPR,1/1/2026
ACC0000007358,CUST00002642,BR0029,WALLET,ACTIVE,3/18/2022,NPR,1/1/2026
ACC0000007359,CUST00003403,BR0038,CURRENT,ACTIVE,1/25/2020,NPR,1/1/2026
ACC0000007360,CUST00000668,BR0024,LOAN,ACTIVE,10/19/2024,NPR,1/1/2026
ACC0000007361,CUST00000870,BR0005,SAVINGS,ACTIVE,11/24/2019,NPR,1/1/2026
ACC0000007362,CUST00003535,BR0018,WALLET,ACTIVE,1/18/2023,NPR,1/1/2026
ACC0000007363,CUST00004478,BR0024,SAVINGS,BLOCKED,7/30/2019,NPR,1/1/2026
ACC0000007364,CUST00002282,BR0010,SAVINGS,ACTIVE,5/31/2023,NPR,1/1/2026
ACC0000007365,CUST00004963,BR0022,LOAN,ACTIVE,5/3/2021,NPR,1/1/2026
ACC0000007366,CUST00002158,BR0032,LOAN,ACTIVE,2/19/2025,NPR,1/1/2026
ACC0000007367,CUST00001498,BR0026,WALLET,ACTIVE,10/22/2020,NPR,1/1/2026
ACC0000007368,CUST00003583,BR0029,CURRENT,ACTIVE,3/9/2024,NPR,1/1/2026
ACC0000007369,CUST00004016,BR0008,WALLET,ACTIVE,3/26/2020,NPR,1/1/2026
ACC0000007370,CUST00002952,BR0022,CURRENT,BLOCKED,2/20/2024,NPR,1/1/2026
ACC0000007371,CUST00001665,BR0006,SAVINGS,ACTIVE,7/19/2022,NPR,1/1/2026
ACC0000007372,CUST00004002,BR0005,SALARY,DORMANT,10/31/2023,NPR,1/1/2026
ACC0000007373,CUST00001458,BR0038,SALARY,ACTIVE,10/21/2025,NPR,1/1/2026
ACC0000007374,CUST00000948,BR0012,WALLET,ACTIVE,9/22/2024,NPR,1/1/2026
ACC0000007375,CUST00004058,BR0017,SAVINGS,ACTIVE,7/8/2025,NPR,1/1/2026
ACC0000007376,CUST00004615,BR0001,LOAN,BLOCKED,9/7/2020,NPR,1/1/2026
ACC0000007377,CUST00004177,BR0034,LOAN,ACTIVE,5/6/2021,NPR,1/1/2026
ACC0000007378,CUST00000641,BR0016,CURRENT,ACTIVE,2/12/2022,NPR,1/1/2026
ACC0000007379,CUST00002301,BR0031,CURRENT,ACTIVE,11/4/2021,NPR,1/1/2026
ACC0000007380,CUST00001256,BR0004,SALARY,ACTIVE,8/16/2025,NPR,1/1/2026
ACC0000007381,CUST00004215,BR0018,SAVINGS,ACTIVE,8/13/2024,NPR,1/1/2026
ACC0000007382,CUST00003373,BR0034,CURRENT,DORMANT,9/2/2021,NPR,1/1/2026
ACC0000007383,CUST00000804,BR0028,LOAN,ACTIVE,2/16/2022,NPR,1/1/2026
ACC0000007384,CUST00004063,BR0036,WALLET,ACTIVE,12/2/2024,NPR,1/1/2026
ACC0000007385,CUST00002057,BR0037,CURRENT,ACTIVE,2/1/2025,NPR,1/1/2026
ACC0000007386,CUST00002931,BR0033,SALARY,ACTIVE,3/5/2025,NPR,1/1/2026
ACC0000007387,CUST00004744,BR0007,SALARY,DORMANT,10/26/2020,NPR,1/1/2026
ACC0000007388,CUST00002733,BR0026,SAVINGS,ACTIVE,3/31/2025,NPR,1/1/2026
ACC0000007389,CUST00003012,BR0024,SALARY,ACTIVE,6/15/2023,NPR,1/1/2026
ACC0000007390,CUST00001757,BR0014,CURRENT,ACTIVE,10/18/2019,NPR,1/1/2026
ACC0000007391,CUST00000807,BR0008,SALARY,ACTIVE,1/26/2020,NPR,1/1/2026
ACC0000007392,CUST00004859,BR0033,CURRENT,ACTIVE,5/5/2022,NPR,1/1/2026
ACC0000007393,CUST00004840,BR0036,CURRENT,ACTIVE,5/31/2023,NPR,1/1/2026
ACC0000007394,CUST00004714,BR0011,SALARY,ACTIVE,6/5/2025,NPR,1/1/2026
ACC0000007395,CUST00003327,BR0019,CURRENT,ACTIVE,9/13/2024,NPR,1/1/2026
ACC0000007396,CUST00003060,BR0034,SAVINGS,ACTIVE,1/16/2021,NPR,1/1/2026
ACC0000007397,CUST00000448,BR0022,WALLET,ACTIVE,10/4/2023,NPR,1/1/2026
ACC0000007398,CUST00000545,BR0039,SAVINGS,ACTIVE,10/22/2019,NPR,1/1/2026
ACC0000007399,CUST00000400,BR0021,CURRENT,ACTIVE,3/5/2022,NPR,1/1/2026
ACC0000007400,CUST00002398,BR0029,SAVINGS,ACTIVE,10/22/2025,NPR,1/1/2026
ACC0000007401,CUST00002203,BR0031,SALARY,ACTIVE,11/29/2020,NPR,1/1/2026
ACC0000007402,CUST00004928,BR0032,SALARY,ACTIVE,3/20/2020,NPR,1/1/2026
ACC0000007403,CUST00004960,BR0002,SALARY,ACTIVE,11/29/2022,NPR,1/1/2026
ACC0000007404,CUST00003754,BR0022,WALLET,ACTIVE,5/10/2025,NPR,1/1/2026
ACC0000007405,CUST00003336,BR0017,WALLET,ACTIVE,1/18/2022,NPR,1/1/2026
ACC0000007406,CUST00004741,BR0025,SAVINGS,ACTIVE,3/8/2023,NPR,1/1/2026
ACC0000007407,CUST00001295,BR0040,LOAN,ACTIVE,2/10/2021,NPR,1/1/2026
ACC0000007408,CUST00000885,BR0033,WALLET,ACTIVE,4/28/2021,NPR,1/1/2026
ACC0000007409,CUST00000929,BR0021,WALLET,CLOSED,3/27/2023,NPR,1/1/2026
ACC0000007410,CUST00001947,BR0009,SALARY,ACTIVE,6/6/2019,NPR,1/1/2026
ACC0000007411,CUST00000859,BR0004,CURRENT,BLOCKED,2/26/2021,NPR,1/1/2026
ACC0000007412,CUST00001688,BR0007,SAVINGS,ACTIVE,7/5/2025,NPR,1/1/2026
ACC0000007413,CUST00001601,BR0032,WALLET,ACTIVE,5/20/2024,NPR,1/1/2026
ACC0000007414,CUST00002045,BR0016,WALLET,ACTIVE,7/26/2022,NPR,1/1/2026
ACC0000007415,CUST00000428,BR0019,WALLET,ACTIVE,5/14/2019,NPR,1/1/2026
ACC0000007416,CUST00002695,BR0019,SAVINGS,ACTIVE,3/13/2020,NPR,1/1/2026
ACC0000007417,CUST00001240,BR0035,SAVINGS,ACTIVE,2/25/2024,NPR,1/1/2026
ACC0000007418,CUST00000533,BR0028,LOAN,ACTIVE,5/23/2019,NPR,1/1/2026
ACC0000007419,CUST00001547,BR0008,CURRENT,ACTIVE,1/16/2025,NPR,1/1/2026
ACC0000007420,CUST00001109,BR0021,CURRENT,ACTIVE,8/23/2019,NPR,1/1/2026
ACC0000007421,CUST00002864,BR0005,CURRENT,ACTIVE,7/4/2024,NPR,1/1/2026
ACC0000007422,CUST00002997,BR0026,WALLET,ACTIVE,9/20/2024,NPR,1/1/2026
ACC0000007423,CUST00000308,BR0003,CURRENT,ACTIVE,3/5/2023,NPR,1/1/2026
ACC0000007424,CUST00004574,BR0024,SALARY,ACTIVE,1/16/2022,NPR,1/1/2026
ACC0000007425,CUST00004354,BR0020,WALLET,ACTIVE,7/8/2020,NPR,1/1/2026
ACC0000007426,CUST00002516,BR0028,SALARY,ACTIVE,11/4/2019,NPR,1/1/2026
ACC0000007427,CUST00003438,BR0036,WALLET,ACTIVE,9/11/2019,NPR,1/1/2026
ACC0000007428,CUST00000990,BR0022,SALARY,ACTIVE,2/26/2021,NPR,1/1/2026
ACC0000007429,CUST00003019,BR0021,CURRENT,DORMANT,1/3/2020,NPR,1/1/2026
ACC0000007430,CUST00000832,BR0039,LOAN,ACTIVE,4/3/2020,NPR,1/1/2026
ACC0000007431,CUST00004738,BR0034,CURRENT,ACTIVE,12/15/2020,NPR,1/1/2026
ACC0000007432,CUST00000610,BR0005,SAVINGS,ACTIVE,9/1/2020,NPR,1/1/2026
ACC0000007433,CUST00000906,BR0029,WALLET,ACTIVE,5/13/2022,NPR,1/1/2026
ACC0000007434,CUST00003952,BR0017,SALARY,DORMANT,6/9/2020,NPR,1/1/2026
ACC0000007435,CUST00000921,BR0003,LOAN,ACTIVE,1/13/2020,NPR,1/1/2026
ACC0000007436,CUST00004554,BR0037,WALLET,ACTIVE,1/20/2023,NPR,1/1/2026
ACC0000007437,CUST00000959,BR0004,WALLET,ACTIVE,11/11/2020,NPR,1/1/2026
ACC0000007438,CUST00003399,BR0011,WALLET,ACTIVE,12/17/2019,NPR,1/1/2026
ACC0000007439,CUST00002788,BR0014,SALARY,ACTIVE,6/16/2022,NPR,1/1/2026
ACC0000007440,CUST00002307,BR0038,SALARY,ACTIVE,6/11/2021,NPR,1/1/2026
ACC0000007441,CUST00004862,BR0004,LOAN,ACTIVE,7/14/2022,NPR,1/1/2026
ACC0000007442,CUST00000716,BR0017,SAVINGS,ACTIVE,12/4/2021,NPR,1/1/2026
ACC0000007443,CUST00004418,BR0033,WALLET,ACTIVE,9/19/2022,NPR,1/1/2026
ACC0000007444,CUST00001023,BR0019,CURRENT,DORMANT,3/30/2024,NPR,1/1/2026
ACC0000007445,CUST00002310,BR0011,WALLET,ACTIVE,12/9/2025,NPR,1/1/2026
ACC0000007446,CUST00004003,BR0040,CURRENT,CLOSED,3/8/2019,NPR,1/1/2026
ACC0000007447,CUST00004310,BR0003,SAVINGS,ACTIVE,2/20/2024,NPR,1/1/2026
ACC0000007448,CUST00002778,BR0012,SAVINGS,ACTIVE,11/14/2024,NPR,1/1/2026
ACC0000007449,CUST00000185,BR0032,CURRENT,ACTIVE,9/20/2020,NPR,1/1/2026
ACC0000007450,CUST00003085,BR0005,WALLET,ACTIVE,6/13/2024,NPR,1/1/2026
ACC0000007451,CUST00003177,BR0029,SALARY,ACTIVE,3/15/2019,NPR,1/1/2026
ACC0000007452,CUST00002713,BR0027,SALARY,ACTIVE,6/24/2023,NPR,1/1/2026
ACC0000007453,CUST00002808,BR0030,SAVINGS,ACTIVE,5/3/2025,NPR,1/1/2026
ACC0000007454,CUST00004725,BR0005,CURRENT,CLOSED,10/23/2024,NPR,1/1/2026
ACC0000007455,CUST00002965,BR0025,LOAN,ACTIVE,5/21/2019,NPR,1/1/2026
ACC0000007456,CUST00000472,BR0005,CURRENT,DORMANT,8/6/2023,NPR,1/1/2026
ACC0000007457,CUST00001038,BR0008,WALLET,ACTIVE,4/15/2024,NPR,1/1/2026
ACC0000007458,CUST00001867,BR0002,CURRENT,ACTIVE,9/26/2023,NPR,1/1/2026
ACC0000007459,CUST00001798,BR0028,CURRENT,ACTIVE,6/18/2022,NPR,1/1/2026
ACC0000007460,CUST00004299,BR0004,SALARY,ACTIVE,9/22/2023,NPR,1/1/2026
ACC0000007461,CUST00001804,BR0009,CURRENT,ACTIVE,9/22/2024,NPR,1/1/2026
ACC0000007462,CUST00004169,BR0004,CURRENT,ACTIVE,7/18/2019,NPR,1/1/2026
ACC0000007463,CUST00003126,BR0017,CURRENT,ACTIVE,7/11/2021,NPR,1/1/2026
ACC0000007464,CUST00003809,BR0006,WALLET,ACTIVE,12/11/2022,NPR,1/1/2026
ACC0000007465,CUST00000434,BR0019,LOAN,CLOSED,1/22/2025,NPR,1/1/2026
ACC0000007466,CUST00003957,BR0008,CURRENT,CLOSED,2/7/2024,NPR,1/1/2026
ACC0000007467,CUST00000057,BR0002,WALLET,DORMANT,11/29/2024,NPR,1/1/2026
ACC0000007468,CUST00004579,BR0035,LOAN,ACTIVE,5/21/2023,NPR,1/1/2026
ACC0000007469,CUST00004550,BR0001,SALARY,ACTIVE,5/4/2024,NPR,1/1/2026
ACC0000007470,CUST00000818,BR0036,WALLET,ACTIVE,12/25/2024,NPR,1/1/2026
ACC0000007471,CUST00001359,BR0038,LOAN,ACTIVE,10/13/2023,NPR,1/1/2026
ACC0000007472,CUST00004904,BR0034,CURRENT,ACTIVE,9/5/2023,NPR,1/1/2026
ACC0000007473,CUST00003451,BR0031,WALLET,ACTIVE,10/22/2025,NPR,1/1/2026
ACC0000007474,CUST00004765,BR0017,SALARY,ACTIVE,8/24/2022,NPR,1/1/2026
ACC0000007475,CUST00003797,BR0038,CURRENT,DORMANT,6/26/2023,NPR,1/1/2026
ACC0000007476,CUST00000795,BR0017,WALLET,ACTIVE,4/12/2019,NPR,1/1/2026
ACC0000007477,CUST00002284,BR0003,SAVINGS,DORMANT,3/2/2025,NPR,1/1/2026
ACC0000007478,CUST00002893,BR0034,CURRENT,ACTIVE,10/18/2021,NPR,1/1/2026
ACC0000007479,CUST00001707,BR0015,SAVINGS,ACTIVE,5/2/2020,NPR,1/1/2026
ACC0000007480,CUST00002887,BR0030,CURRENT,ACTIVE,7/17/2022,NPR,1/1/2026
ACC0000007481,CUST00003238,BR0029,LOAN,ACTIVE,11/14/2022,NPR,1/1/2026
ACC0000007482,CUST00000141,BR0008,CURRENT,ACTIVE,4/2/2022,NPR,1/1/2026
ACC0000007483,CUST00002071,BR0031,CURRENT,ACTIVE,7/18/2023,NPR,1/1/2026
ACC0000007484,CUST00000743,BR0034,LOAN,ACTIVE,12/31/2020,NPR,1/1/2026
ACC0000007485,CUST00001630,BR0016,SAVINGS,ACTIVE,11/16/2022,NPR,1/1/2026
ACC0000007486,CUST00004424,BR0015,SAVINGS,ACTIVE,12/13/2024,NPR,1/1/2026
ACC0000007487,CUST00004590,BR0031,SAVINGS,CLOSED,5/7/2025,NPR,1/1/2026
ACC0000007488,CUST00004119,BR0026,SAVINGS,BLOCKED,1/8/2023,NPR,1/1/2026
ACC0000007489,CUST00003097,BR0034,CURRENT,ACTIVE,1/9/2025,NPR,1/1/2026
ACC0000007490,CUST00000494,BR0011,SAVINGS,ACTIVE,2/5/2020,NPR,1/1/2026
ACC0000007491,CUST00000109,BR0033,SAVINGS,ACTIVE,2/28/2019,NPR,1/1/2026
ACC0000007492,CUST00001859,BR0005,SAVINGS,ACTIVE,4/1/2024,NPR,1/1/2026
ACC0000007493,CUST00001307,BR0034,SAVINGS,ACTIVE,9/25/2023,NPR,1/1/2026
ACC0000007494,CUST00001336,BR0029,CURRENT,ACTIVE,11/18/2020,NPR,1/1/2026
ACC0000007495,CUST00002392,BR0010,WALLET,ACTIVE,6/1/2025,NPR,1/1/2026
ACC0000007496,CUST00002671,BR0011,SAVINGS,ACTIVE,3/5/2022,NPR,1/1/2026
ACC0000007497,CUST00001489,BR0036,CURRENT,DORMANT,11/30/2021,NPR,1/1/2026
ACC0000007498,CUST00001679,BR0020,SALARY,CLOSED,9/6/2021,NPR,1/1/2026
ACC0000007499,CUST00001971,BR0020,SAVINGS,ACTIVE,4/9/2024,NPR,1/1/2026
ACC0000007500,CUST00003112,BR0012,CURRENT,ACTIVE,3/31/2024,NPR,1/1/2026
ACC0000007501,CUST00002583,BR0004,WALLET,ACTIVE,9/18/2025,NPR,1/1/2026
ACC0000007502,CUST00002854,BR0006,LOAN,DORMANT,10/16/2023,NPR,1/1/2026
ACC0000007503,CUST00004506,BR0040,LOAN,ACTIVE,2/15/2025,NPR,1/1/2026
ACC0000007504,CUST00001861,BR0016,WALLET,ACTIVE,6/17/2019,NPR,1/1/2026
ACC0000007505,CUST00001063,BR0024,LOAN,ACTIVE,4/3/2019,NPR,1/1/2026
ACC0000007506,CUST00001932,BR0033,SAVINGS,ACTIVE,9/26/2022,NPR,1/1/2026
ACC0000007507,CUST00004009,BR0013,CURRENT,ACTIVE,4/1/2021,NPR,1/1/2026
ACC0000007508,CUST00004182,BR0012,CURRENT,ACTIVE,6/7/2022,NPR,1/1/2026
ACC0000007509,CUST00002996,BR0033,SALARY,ACTIVE,11/25/2025,NPR,1/1/2026
ACC0000007510,CUST00002730,BR0038,SALARY,ACTIVE,4/2/2023,NPR,1/1/2026
ACC0000007511,CUST00000572,BR0008,LOAN,ACTIVE,10/1/2024,NPR,1/1/2026
ACC0000007512,CUST00003144,BR0034,CURRENT,ACTIVE,4/15/2021,NPR,1/1/2026
ACC0000007513,CUST00004038,BR0019,SALARY,ACTIVE,8/10/2024,NPR,1/1/2026
ACC0000007514,CUST00004292,BR0040,SALARY,ACTIVE,4/9/2019,NPR,1/1/2026
ACC0000007515,CUST00003570,BR0040,SAVINGS,ACTIVE,8/6/2023,NPR,1/1/2026
ACC0000007516,CUST00001234,BR0037,SAVINGS,ACTIVE,6/28/2025,NPR,1/1/2026
ACC0000007517,CUST00004173,BR0003,SAVINGS,ACTIVE,11/28/2022,NPR,1/1/2026
ACC0000007518,CUST00003540,BR0016,WALLET,ACTIVE,7/31/2020,NPR,1/1/2026
ACC0000007519,CUST00001698,BR0006,SAVINGS,ACTIVE,2/26/2025,NPR,1/1/2026
ACC0000007520,CUST00001022,BR0021,SAVINGS,ACTIVE,8/3/2021,NPR,1/1/2026
ACC0000007521,CUST00000412,BR0039,LOAN,CLOSED,10/4/2021,NPR,1/1/2026
ACC0000007522,CUST00002774,BR0011,LOAN,ACTIVE,11/19/2024,NPR,1/1/2026
ACC0000007523,CUST00003019,BR0025,CURRENT,ACTIVE,8/3/2021,NPR,1/1/2026
ACC0000007524,CUST00000373,BR0017,CURRENT,ACTIVE,4/2/2025,NPR,1/1/2026
ACC0000007525,CUST00000416,BR0027,WALLET,CLOSED,1/9/2025,NPR,1/1/2026
ACC0000007526,CUST00000014,BR0035,SALARY,ACTIVE,7/11/2022,NPR,1/1/2026
ACC0000007527,CUST00003272,BR0036,WALLET,ACTIVE,10/25/2020,NPR,1/1/2026
ACC0000007528,CUST00001893,BR0006,SAVINGS,DORMANT,11/13/2025,NPR,1/1/2026
ACC0000007529,CUST00003490,BR0001,WALLET,ACTIVE,10/2/2021,NPR,1/1/2026
ACC0000007530,CUST00001550,BR0029,WALLET,ACTIVE,9/22/2024,NPR,1/1/2026
ACC0000007531,CUST00000005,BR0012,LOAN,ACTIVE,5/18/2019,NPR,1/1/2026
ACC0000007532,CUST00002031,BR0036,CURRENT,ACTIVE,12/3/2023,NPR,1/1/2026
ACC0000007533,CUST00001416,BR0001,CURRENT,ACTIVE,8/26/2025,NPR,1/1/2026
ACC0000007534,CUST00003843,BR0020,SAVINGS,ACTIVE,7/8/2019,NPR,1/1/2026
ACC0000007535,CUST00002023,BR0031,CURRENT,ACTIVE,5/29/2019,NPR,1/1/2026
ACC0000007536,CUST00001997,BR0033,LOAN,BLOCKED,10/30/2019,NPR,1/1/2026
ACC0000007537,CUST00002925,BR0002,SALARY,ACTIVE,5/5/2021,NPR,1/1/2026
ACC0000007538,CUST00004126,BR0034,LOAN,ACTIVE,2/14/2020,NPR,1/1/2026
ACC0000007539,CUST00003865,BR0026,SALARY,ACTIVE,7/23/2024,NPR,1/1/2026
ACC0000007540,CUST00000433,BR0018,SAVINGS,ACTIVE,10/16/2020,NPR,1/1/2026
ACC0000007541,CUST00003003,BR0024,SALARY,ACTIVE,2/21/2022,NPR,1/1/2026
ACC0000007542,CUST00000467,BR0023,LOAN,ACTIVE,8/31/2019,NPR,1/1/2026
ACC0000007543,CUST00001821,BR0029,CURRENT,ACTIVE,6/9/2023,NPR,1/1/2026
ACC0000007544,CUST00000353,BR0013,SALARY,ACTIVE,7/16/2021,NPR,1/1/2026
ACC0000007545,CUST00000280,BR0007,LOAN,CLOSED,4/5/2024,NPR,1/1/2026
ACC0000007546,CUST00001284,BR0038,WALLET,ACTIVE,6/11/2020,NPR,1/1/2026
ACC0000007547,CUST00004615,BR0007,SAVINGS,ACTIVE,2/2/2024,NPR,1/1/2026
ACC0000007548,CUST00003413,BR0038,SALARY,ACTIVE,4/2/2022,NPR,1/1/2026
ACC0000007549,CUST00001230,BR0023,WALLET,ACTIVE,5/6/2022,NPR,1/1/2026
ACC0000007550,CUST00004880,BR0004,SAVINGS,DORMANT,4/28/2020,NPR,1/1/2026
ACC0000007551,CUST00002122,BR0035,WALLET,ACTIVE,10/4/2025,NPR,1/1/2026
ACC0000007552,CUST00004933,BR0007,SAVINGS,ACTIVE,2/5/2020,NPR,1/1/2026
ACC0000007553,CUST00000193,BR0019,LOAN,ACTIVE,5/26/2020,NPR,1/1/2026
ACC0000007554,CUST00004805,BR0034,SALARY,ACTIVE,4/21/2024,NPR,1/1/2026
ACC0000007555,CUST00002490,BR0018,SALARY,ACTIVE,5/16/2022,NPR,1/1/2026
ACC0000007556,CUST00003063,BR0035,CURRENT,ACTIVE,12/23/2021,NPR,1/1/2026
ACC0000007557,CUST00000354,BR0003,CURRENT,ACTIVE,4/27/2022,NPR,1/1/2026
ACC0000007558,CUST00000014,BR0011,WALLET,ACTIVE,4/30/2024,NPR,1/1/2026
ACC0000007559,CUST00000972,BR0033,SAVINGS,ACTIVE,8/29/2023,NPR,1/1/2026
ACC0000007560,CUST00003829,BR0012,SALARY,ACTIVE,8/10/2025,NPR,1/1/2026
ACC0000007561,CUST00001968,BR0003,SAVINGS,DORMANT,1/14/2020,NPR,1/1/2026
ACC0000007562,CUST00000283,BR0036,SAVINGS,DORMANT,9/5/2019,NPR,1/1/2026
ACC0000007563,CUST00000437,BR0022,LOAN,ACTIVE,2/3/2023,NPR,1/1/2026
ACC0000007564,CUST00004539,BR0018,SAVINGS,ACTIVE,4/29/2022,NPR,1/1/2026
ACC0000007565,CUST00001525,BR0028,SALARY,ACTIVE,3/3/2025,NPR,1/1/2026
ACC0000007566,CUST00000059,BR0016,SALARY,ACTIVE,7/27/2022,NPR,1/1/2026
ACC0000007567,CUST00002825,BR0029,SALARY,CLOSED,6/4/2025,NPR,1/1/2026
ACC0000007568,CUST00004494,BR0015,WALLET,ACTIVE,6/27/2023,NPR,1/1/2026
ACC0000007569,CUST00003843,BR0025,WALLET,ACTIVE,7/13/2021,NPR,1/1/2026
ACC0000007570,CUST00002426,BR0020,SAVINGS,ACTIVE,6/30/2025,NPR,1/1/2026
ACC0000007571,CUST00000206,BR0007,SAVINGS,ACTIVE,6/7/2024,NPR,1/1/2026
ACC0000007572,CUST00003656,BR0027,SAVINGS,ACTIVE,12/16/2020,NPR,1/1/2026
ACC0000007573,CUST00004572,BR0015,SALARY,ACTIVE,10/31/2021,NPR,1/1/2026
ACC0000007574,CUST00001419,BR0020,WALLET,ACTIVE,7/9/2021,NPR,1/1/2026
ACC0000007575,CUST00004078,BR0028,LOAN,DORMANT,4/7/2023,NPR,1/1/2026
ACC0000007576,CUST00001163,BR0032,WALLET,CLOSED,11/2/2022,NPR,1/1/2026
ACC0000007577,CUST00003561,BR0027,SALARY,ACTIVE,5/23/2020,NPR,1/1/2026
ACC0000007578,CUST00000776,BR0028,WALLET,DORMANT,12/6/2025,NPR,1/1/2026
ACC0000007579,CUST00002778,BR0009,SAVINGS,ACTIVE,7/20/2024,NPR,1/1/2026
ACC0000007580,CUST00000183,BR0019,SALARY,ACTIVE,12/20/2023,NPR,1/1/2026
ACC0000007581,CUST00000040,BR0010,LOAN,ACTIVE,4/6/2025,NPR,1/1/2026
ACC0000007582,CUST00002272,BR0018,WALLET,ACTIVE,12/1/2021,NPR,1/1/2026
ACC0000007583,CUST00002334,BR0030,CURRENT,ACTIVE,10/13/2021,NPR,1/1/2026
ACC0000007584,CUST00004392,BR0011,SAVINGS,ACTIVE,1/10/2023,NPR,1/1/2026
ACC0000007585,CUST00003313,BR0027,WALLET,ACTIVE,3/24/2021,NPR,1/1/2026
ACC0000007586,CUST00004642,BR0017,WALLET,ACTIVE,1/24/2025,NPR,1/1/2026
ACC0000007587,CUST00001493,BR0037,CURRENT,ACTIVE,9/25/2023,NPR,1/1/2026
ACC0000007588,CUST00001882,BR0036,SALARY,ACTIVE,3/6/2023,NPR,1/1/2026
ACC0000007589,CUST00003731,BR0039,CURRENT,ACTIVE,1/24/2023,NPR,1/1/2026
ACC0000007590,CUST00001660,BR0017,CURRENT,ACTIVE,11/27/2025,NPR,1/1/2026
ACC0000007591,CUST00001659,BR0002,LOAN,ACTIVE,8/25/2024,NPR,1/1/2026
ACC0000007592,CUST00002740,BR0022,CURRENT,ACTIVE,7/19/2019,NPR,1/1/2026
ACC0000007593,CUST00001630,BR0007,LOAN,ACTIVE,10/6/2025,NPR,1/1/2026
ACC0000007594,CUST00001895,BR0029,SALARY,ACTIVE,2/4/2020,NPR,1/1/2026
ACC0000007595,CUST00000422,BR0006,SAVINGS,ACTIVE,9/19/2022,NPR,1/1/2026
ACC0000007596,CUST00002254,BR0038,LOAN,ACTIVE,1/13/2023,NPR,1/1/2026
ACC0000007597,CUST00004837,BR0018,WALLET,ACTIVE,9/24/2021,NPR,1/1/2026
ACC0000007598,CUST00002803,BR0036,SAVINGS,ACTIVE,2/17/2025,NPR,1/1/2026
ACC0000007599,CUST00004795,BR0002,SAVINGS,ACTIVE,11/24/2023,NPR,1/1/2026
ACC0000007600,CUST00002751,BR0017,SAVINGS,ACTIVE,5/4/2023,NPR,1/1/2026
ACC0000007601,CUST00003902,BR0037,CURRENT,ACTIVE,1/3/2021,NPR,1/1/2026
ACC0000007602,CUST00004604,BR0011,CURRENT,ACTIVE,11/19/2020,NPR,1/1/2026
ACC0000007603,CUST00003568,BR0028,CURRENT,ACTIVE,3/18/2020,NPR,1/1/2026
ACC0000007604,CUST00000703,BR0030,SAVINGS,ACTIVE,1/6/2022,NPR,1/1/2026
ACC0000007605,CUST00004301,BR0025,WALLET,ACTIVE,3/8/2023,NPR,1/1/2026
ACC0000007606,CUST00003999,BR0033,SAVINGS,ACTIVE,7/16/2023,NPR,1/1/2026
ACC0000007607,CUST00001114,BR0009,SAVINGS,ACTIVE,8/27/2020,NPR,1/1/2026
ACC0000007608,CUST00004840,BR0012,CURRENT,ACTIVE,8/3/2024,NPR,1/1/2026
ACC0000007609,CUST00004250,BR0013,LOAN,ACTIVE,9/20/2022,NPR,1/1/2026
ACC0000007610,CUST00002945,BR0031,LOAN,ACTIVE,1/11/2025,NPR,1/1/2026
ACC0000007611,CUST00001937,BR0019,LOAN,ACTIVE,10/14/2022,NPR,1/1/2026
ACC0000007612,CUST00004280,BR0002,WALLET,ACTIVE,8/4/2021,NPR,1/1/2026
ACC0000007613,CUST00000731,BR0034,SALARY,ACTIVE,3/25/2019,NPR,1/1/2026
ACC0000007614,CUST00002485,BR0019,SAVINGS,ACTIVE,8/28/2022,NPR,1/1/2026
ACC0000007615,CUST00002668,BR0029,WALLET,ACTIVE,8/26/2021,NPR,1/1/2026
ACC0000007616,CUST00001599,BR0033,SALARY,ACTIVE,12/7/2025,NPR,1/1/2026
ACC0000007617,CUST00003071,BR0009,SAVINGS,ACTIVE,1/10/2020,NPR,1/1/2026
ACC0000007618,CUST00000725,BR0029,CURRENT,ACTIVE,12/28/2021,NPR,1/1/2026
ACC0000007619,CUST00002982,BR0006,CURRENT,ACTIVE,7/30/2024,NPR,1/1/2026
ACC0000007620,CUST00003457,BR0031,CURRENT,ACTIVE,11/28/2022,NPR,1/1/2026
ACC0000007621,CUST00002504,BR0027,WALLET,ACTIVE,2/2/2022,NPR,1/1/2026
ACC0000007622,CUST00001953,BR0011,CURRENT,ACTIVE,2/26/2023,NPR,1/1/2026
ACC0000007623,CUST00000734,BR0012,WALLET,ACTIVE,4/20/2019,NPR,1/1/2026
ACC0000007624,CUST00001206,BR0013,CURRENT,ACTIVE,11/24/2025,NPR,1/1/2026
ACC0000007625,CUST00004050,BR0001,WALLET,ACTIVE,8/4/2025,NPR,1/1/2026
ACC0000007626,CUST00001573,BR0038,SAVINGS,ACTIVE,7/6/2024,NPR,1/1/2026
ACC0000007627,CUST00003426,BR0006,LOAN,ACTIVE,4/28/2021,NPR,1/1/2026
ACC0000007628,CUST00001947,BR0010,CURRENT,ACTIVE,3/22/2020,NPR,1/1/2026
ACC0000007629,CUST00000877,BR0002,SALARY,ACTIVE,7/7/2020,NPR,1/1/2026
ACC0000007630,CUST00000583,BR0029,LOAN,ACTIVE,8/7/2025,NPR,1/1/2026
ACC0000007631,CUST00000217,BR0016,LOAN,ACTIVE,9/20/2023,NPR,1/1/2026
ACC0000007632,CUST00003019,BR0013,SAVINGS,ACTIVE,9/7/2019,NPR,1/1/2026
ACC0000007633,CUST00004692,BR0015,CURRENT,ACTIVE,2/27/2024,NPR,1/1/2026
ACC0000007634,CUST00001782,BR0019,SAVINGS,ACTIVE,7/2/2025,NPR,1/1/2026
ACC0000007635,CUST00002870,BR0012,LOAN,DORMANT,4/11/2020,NPR,1/1/2026
ACC0000007636,CUST00001912,BR0036,SALARY,ACTIVE,2/3/2020,NPR,1/1/2026
ACC0000007637,CUST00001789,BR0014,SAVINGS,ACTIVE,8/26/2021,NPR,1/1/2026
ACC0000007638,CUST00003286,BR0018,SALARY,ACTIVE,2/26/2025,NPR,1/1/2026
ACC0000007639,CUST00003005,BR0029,SALARY,ACTIVE,8/13/2025,NPR,1/1/2026
ACC0000007640,CUST00003866,BR0014,CURRENT,ACTIVE,5/16/2025,NPR,1/1/2026
ACC0000007641,CUST00002709,BR0006,CURRENT,ACTIVE,5/28/2024,NPR,1/1/2026
ACC0000007642,CUST00001718,BR0036,LOAN,ACTIVE,9/15/2025,NPR,1/1/2026
ACC0000007643,CUST00004393,BR0033,CURRENT,ACTIVE,10/9/2025,NPR,1/1/2026
ACC0000007644,CUST00000887,BR0029,SAVINGS,ACTIVE,1/29/2020,NPR,1/1/2026
ACC0000007645,CUST00001943,BR0018,CURRENT,ACTIVE,1/22/2023,NPR,1/1/2026
ACC0000007646,CUST00000816,BR0007,SAVINGS,ACTIVE,8/9/2020,NPR,1/1/2026
ACC0000007647,CUST00002115,BR0032,CURRENT,ACTIVE,6/19/2020,NPR,1/1/2026
ACC0000007648,CUST00002344,BR0031,CURRENT,ACTIVE,2/28/2021,NPR,1/1/2026
ACC0000007649,CUST00001687,BR0026,LOAN,ACTIVE,8/27/2019,NPR,1/1/2026
ACC0000007650,CUST00001621,BR0024,WALLET,ACTIVE,3/4/2025,NPR,1/1/2026
ACC0000007651,CUST00003851,BR0011,SAVINGS,ACTIVE,8/26/2023,NPR,1/1/2026
ACC0000007652,CUST00004871,BR0003,SAVINGS,ACTIVE,3/23/2020,NPR,1/1/2026
ACC0000007653,CUST00003466,BR0028,CURRENT,ACTIVE,12/1/2024,NPR,1/1/2026
ACC0000007654,CUST00002317,BR0007,SAVINGS,ACTIVE,5/16/2024,NPR,1/1/2026
ACC0000007655,CUST00004389,BR0038,WALLET,DORMANT,10/13/2021,NPR,1/1/2026
ACC0000007656,CUST00003560,BR0007,WALLET,ACTIVE,7/2/2021,NPR,1/1/2026
ACC0000007657,CUST00002556,BR0037,LOAN,ACTIVE,5/10/2020,NPR,1/1/2026
ACC0000007658,CUST00004831,BR0028,SAVINGS,ACTIVE,9/28/2021,NPR,1/1/2026
ACC0000007659,CUST00003771,BR0031,SAVINGS,ACTIVE,9/11/2021,NPR,1/1/2026
ACC0000007660,CUST00000332,BR0024,LOAN,ACTIVE,6/13/2021,NPR,1/1/2026
ACC0000007661,CUST00003785,BR0012,SALARY,ACTIVE,2/24/2023,NPR,1/1/2026
ACC0000007662,CUST00001742,BR0008,SALARY,ACTIVE,10/3/2019,NPR,1/1/2026
ACC0000007663,CUST00000903,BR0039,SAVINGS,BLOCKED,5/6/2022,NPR,1/1/2026
ACC0000007664,CUST00002647,BR0015,LOAN,ACTIVE,8/17/2019,NPR,1/1/2026
ACC0000007665,CUST00000564,BR0001,CURRENT,ACTIVE,2/19/2022,NPR,1/1/2026
ACC0000007666,CUST00003349,BR0034,SALARY,ACTIVE,4/3/2023,NPR,1/1/2026
ACC0000007667,CUST00003005,BR0024,LOAN,ACTIVE,8/5/2025,NPR,1/1/2026
ACC0000007668,CUST00001384,BR0029,LOAN,DORMANT,7/11/2024,NPR,1/1/2026
ACC0000007669,CUST00003475,BR0009,LOAN,ACTIVE,6/12/2022,NPR,1/1/2026
ACC0000007670,CUST00000754,BR0025,LOAN,ACTIVE,4/24/2023,NPR,1/1/2026
ACC0000007671,CUST00000062,BR0024,CURRENT,ACTIVE,10/24/2020,NPR,1/1/2026
ACC0000007672,CUST00001552,BR0039,SALARY,ACTIVE,6/23/2023,NPR,1/1/2026
ACC0000007673,CUST00001455,BR0007,WALLET,ACTIVE,11/14/2023,NPR,1/1/2026
ACC0000007674,CUST00000029,BR0040,SAVINGS,ACTIVE,7/4/2023,NPR,1/1/2026
ACC0000007675,CUST00004798,BR0031,SAVINGS,ACTIVE,10/30/2019,NPR,1/1/2026
ACC0000007676,CUST00003128,BR0010,LOAN,DORMANT,5/30/2023,NPR,1/1/2026
ACC0000007677,CUST00003463,BR0023,WALLET,ACTIVE,11/5/2021,NPR,1/1/2026
ACC0000007678,CUST00002553,BR0009,LOAN,ACTIVE,7/27/2024,NPR,1/1/2026
ACC0000007679,CUST00000336,BR0002,LOAN,DORMANT,9/25/2025,NPR,1/1/2026
ACC0000007680,CUST00001980,BR0025,CURRENT,ACTIVE,6/10/2023,NPR,1/1/2026
ACC0000007681,CUST00004523,BR0028,LOAN,ACTIVE,2/20/2023,NPR,1/1/2026
ACC0000007682,CUST00002364,BR0009,CURRENT,ACTIVE,9/5/2023,NPR,1/1/2026
ACC0000007683,CUST00004655,BR0036,LOAN,ACTIVE,4/20/2023,NPR,1/1/2026
ACC0000007684,CUST00004278,BR0022,SALARY,ACTIVE,8/9/2024,NPR,1/1/2026
ACC0000007685,CUST00003892,BR0030,SALARY,ACTIVE,6/25/2025,NPR,1/1/2026
ACC0000007686,CUST00004145,BR0032,CURRENT,ACTIVE,12/22/2021,NPR,1/1/2026
ACC0000007687,CUST00000721,BR0004,SAVINGS,ACTIVE,4/16/2022,NPR,1/1/2026
ACC0000007688,CUST00000729,BR0009,SALARY,ACTIVE,11/16/2024,NPR,1/1/2026
ACC0000007689,CUST00003243,BR0038,CURRENT,ACTIVE,5/30/2019,NPR,1/1/2026
ACC0000007690,CUST00001701,BR0030,WALLET,ACTIVE,6/21/2024,NPR,1/1/2026
ACC0000007691,CUST00002852,BR0007,SALARY,ACTIVE,8/12/2022,NPR,1/1/2026
ACC0000007692,CUST00000485,BR0022,SAVINGS,ACTIVE,3/8/2022,NPR,1/1/2026
ACC0000007693,CUST00001320,BR0029,CURRENT,ACTIVE,2/3/2022,NPR,1/1/2026
ACC0000007694,CUST00002734,BR0022,SALARY,ACTIVE,8/13/2024,NPR,1/1/2026
ACC0000007695,CUST00002211,BR0015,SALARY,ACTIVE,11/7/2024,NPR,1/1/2026
ACC0000007696,CUST00002343,BR0031,LOAN,CLOSED,4/25/2019,NPR,1/1/2026
ACC0000007697,CUST00001458,BR0006,CURRENT,ACTIVE,4/13/2024,NPR,1/1/2026
ACC0000007698,CUST00001612,BR0022,CURRENT,DORMANT,12/31/2021,NPR,1/1/2026
ACC0000007699,CUST00002071,BR0010,SALARY,ACTIVE,12/10/2021,NPR,1/1/2026
ACC0000007700,CUST00003900,BR0032,SALARY,ACTIVE,9/22/2023,NPR,1/1/2026
ACC0000007701,CUST00003816,BR0032,WALLET,ACTIVE,5/29/2021,NPR,1/1/2026
ACC0000007702,CUST00000004,BR0027,SALARY,ACTIVE,3/21/2021,NPR,1/1/2026
ACC0000007703,CUST00000809,BR0008,WALLET,ACTIVE,5/2/2019,NPR,1/1/2026
ACC0000007704,CUST00001968,BR0037,SAVINGS,ACTIVE,11/5/2020,NPR,1/1/2026
ACC0000007705,CUST00001376,BR0031,CURRENT,ACTIVE,10/24/2023,NPR,1/1/2026
ACC0000007706,CUST00002867,BR0009,LOAN,ACTIVE,4/30/2021,NPR,1/1/2026
ACC0000007707,CUST00003977,BR0033,WALLET,ACTIVE,5/15/2019,NPR,1/1/2026
ACC0000007708,CUST00000353,BR0026,CURRENT,ACTIVE,10/27/2020,NPR,1/1/2026
ACC0000007709,CUST00004997,BR0003,CURRENT,ACTIVE,10/30/2021,NPR,1/1/2026
ACC0000007710,CUST00002558,BR0031,CURRENT,ACTIVE,11/21/2025,NPR,1/1/2026
ACC0000007711,CUST00002691,BR0008,SAVINGS,ACTIVE,3/4/2021,NPR,1/1/2026
ACC0000007712,CUST00004351,BR0024,SALARY,ACTIVE,5/19/2022,NPR,1/1/2026
ACC0000007713,CUST00002368,BR0022,SAVINGS,ACTIVE,10/1/2023,NPR,1/1/2026
ACC0000007714,CUST00004455,BR0035,CURRENT,ACTIVE,5/8/2021,NPR,1/1/2026
ACC0000007715,CUST00003180,BR0011,SALARY,ACTIVE,6/23/2019,NPR,1/1/2026
ACC0000007716,CUST00000438,BR0003,LOAN,ACTIVE,4/7/2023,NPR,1/1/2026
ACC0000007717,CUST00004645,BR0028,CURRENT,ACTIVE,8/1/2020,NPR,1/1/2026
ACC0000007718,CUST00003590,BR0005,WALLET,ACTIVE,12/14/2021,NPR,1/1/2026
ACC0000007719,CUST00001476,BR0015,LOAN,ACTIVE,5/8/2023,NPR,1/1/2026
ACC0000007720,CUST00002136,BR0018,SAVINGS,ACTIVE,3/7/2025,NPR,1/1/2026
ACC0000007721,CUST00004127,BR0018,SALARY,ACTIVE,1/31/2021,NPR,1/1/2026
ACC0000007722,CUST00003419,BR0037,LOAN,ACTIVE,6/8/2025,NPR,1/1/2026
ACC0000007723,CUST00000978,BR0023,CURRENT,ACTIVE,4/14/2023,NPR,1/1/2026
ACC0000007724,CUST00004740,BR0026,WALLET,DORMANT,9/5/2023,NPR,1/1/2026
ACC0000007725,CUST00001182,BR0009,SAVINGS,ACTIVE,5/17/2025,NPR,1/1/2026
ACC0000007726,CUST00002158,BR0032,WALLET,ACTIVE,4/22/2022,NPR,1/1/2026
ACC0000007727,CUST00000501,BR0022,WALLET,ACTIVE,12/9/2023,NPR,1/1/2026
ACC0000007728,CUST00001419,BR0024,LOAN,ACTIVE,1/25/2022,NPR,1/1/2026
ACC0000007729,CUST00004986,BR0010,CURRENT,ACTIVE,4/23/2022,NPR,1/1/2026
ACC0000007730,CUST00003541,BR0001,SALARY,ACTIVE,8/9/2023,NPR,1/1/2026
ACC0000007731,CUST00002697,BR0015,CURRENT,ACTIVE,2/6/2022,NPR,1/1/2026
ACC0000007732,CUST00000304,BR0015,CURRENT,CLOSED,8/17/2023,NPR,1/1/2026
ACC0000007733,CUST00001125,BR0003,CURRENT,ACTIVE,6/9/2024,NPR,1/1/2026
ACC0000007734,CUST00002744,BR0007,LOAN,CLOSED,11/10/2019,NPR,1/1/2026
ACC0000007735,CUST00003013,BR0027,SAVINGS,ACTIVE,10/31/2019,NPR,1/1/2026
ACC0000007736,CUST00003358,BR0025,CURRENT,ACTIVE,9/16/2024,NPR,1/1/2026
ACC0000007737,CUST00002108,BR0007,WALLET,ACTIVE,6/3/2020,NPR,1/1/2026
ACC0000007738,CUST00002502,BR0003,LOAN,ACTIVE,3/28/2022,NPR,1/1/2026
ACC0000007739,CUST00002272,BR0020,CURRENT,ACTIVE,2/12/2020,NPR,1/1/2026
ACC0000007740,CUST00002021,BR0018,CURRENT,ACTIVE,6/4/2023,NPR,1/1/2026
ACC0000007741,CUST00001499,BR0025,SALARY,ACTIVE,4/2/2025,NPR,1/1/2026
ACC0000007742,CUST00000292,BR0026,CURRENT,ACTIVE,2/21/2024,NPR,1/1/2026
ACC0000007743,CUST00000104,BR0026,WALLET,ACTIVE,3/9/2021,NPR,1/1/2026
ACC0000007744,CUST00003322,BR0019,CURRENT,ACTIVE,7/14/2024,NPR,1/1/2026
ACC0000007745,CUST00004288,BR0012,WALLET,ACTIVE,1/7/2024,NPR,1/1/2026
ACC0000007746,CUST00003111,BR0023,WALLET,ACTIVE,5/1/2025,NPR,1/1/2026
ACC0000007747,CUST00000202,BR0028,SALARY,ACTIVE,9/25/2024,NPR,1/1/2026
ACC0000007748,CUST00004751,BR0027,SAVINGS,ACTIVE,2/27/2019,NPR,1/1/2026
ACC0000007749,CUST00001655,BR0018,CURRENT,ACTIVE,4/21/2019,NPR,1/1/2026
ACC0000007750,CUST00002778,BR0028,LOAN,ACTIVE,4/13/2020,NPR,1/1/2026
ACC0000007751,CUST00001966,BR0037,CURRENT,ACTIVE,7/9/2025,NPR,1/1/2026
ACC0000007752,CUST00001415,BR0019,SALARY,ACTIVE,3/24/2023,NPR,1/1/2026
ACC0000007753,CUST00000687,BR0028,CURRENT,ACTIVE,10/31/2023,NPR,1/1/2026
ACC0000007754,CUST00003809,BR0005,SAVINGS,ACTIVE,10/7/2022,NPR,1/1/2026
ACC0000007755,CUST00004660,BR0013,WALLET,ACTIVE,7/7/2020,NPR,1/1/2026
ACC0000007756,CUST00000342,BR0022,LOAN,ACTIVE,4/6/2019,NPR,1/1/2026
ACC0000007757,CUST00001413,BR0029,CURRENT,ACTIVE,3/22/2024,NPR,1/1/2026
ACC0000007758,CUST00001037,BR0027,LOAN,ACTIVE,4/9/2022,NPR,1/1/2026
ACC0000007759,CUST00001354,BR0005,LOAN,ACTIVE,2/26/2024,NPR,1/1/2026
ACC0000007760,CUST00003890,BR0036,SAVINGS,ACTIVE,9/14/2020,NPR,1/1/2026
ACC0000007761,CUST00004187,BR0022,WALLET,ACTIVE,12/29/2019,NPR,1/1/2026
ACC0000007762,CUST00000457,BR0012,SAVINGS,ACTIVE,6/27/2025,NPR,1/1/2026
ACC0000007763,CUST00001051,BR0011,WALLET,ACTIVE,10/14/2019,NPR,1/1/2026
ACC0000007764,CUST00002793,BR0017,SALARY,ACTIVE,12/5/2019,NPR,1/1/2026
ACC0000007765,CUST00002949,BR0031,WALLET,ACTIVE,12/22/2023,NPR,1/1/2026
ACC0000007766,CUST00002643,BR0028,WALLET,ACTIVE,11/21/2025,NPR,1/1/2026
ACC0000007767,CUST00004020,BR0019,LOAN,ACTIVE,3/5/2025,NPR,1/1/2026
ACC0000007768,CUST00002464,BR0038,SAVINGS,ACTIVE,10/26/2025,NPR,1/1/2026
ACC0000007769,CUST00004729,BR0012,LOAN,ACTIVE,10/30/2025,NPR,1/1/2026
ACC0000007770,CUST00000371,BR0030,CURRENT,ACTIVE,8/16/2023,NPR,1/1/2026
ACC0000007771,CUST00000715,BR0018,CURRENT,ACTIVE,8/5/2022,NPR,1/1/2026
ACC0000007772,CUST00004193,BR0040,CURRENT,ACTIVE,2/14/2020,NPR,1/1/2026
ACC0000007773,CUST00004665,BR0022,SAVINGS,ACTIVE,1/25/2020,NPR,1/1/2026
ACC0000007774,CUST00001934,BR0003,WALLET,ACTIVE,7/13/2022,NPR,1/1/2026
ACC0000007775,CUST00001114,BR0040,SAVINGS,DORMANT,8/12/2020,NPR,1/1/2026
ACC0000007776,CUST00002627,BR0035,WALLET,ACTIVE,1/8/2021,NPR,1/1/2026
ACC0000007777,CUST00000624,BR0020,SALARY,ACTIVE,1/20/2024,NPR,1/1/2026
ACC0000007778,CUST00000056,BR0024,LOAN,ACTIVE,9/9/2022,NPR,1/1/2026
ACC0000007779,CUST00000608,BR0019,SALARY,ACTIVE,3/20/2024,NPR,1/1/2026
ACC0000007780,CUST00000776,BR0027,SAVINGS,ACTIVE,8/9/2019,NPR,1/1/2026
ACC0000007781,CUST00002056,BR0005,LOAN,ACTIVE,7/15/2020,NPR,1/1/2026
ACC0000007782,CUST00003221,BR0012,CURRENT,ACTIVE,6/15/2024,NPR,1/1/2026
ACC0000007783,CUST00004881,BR0028,WALLET,CLOSED,11/21/2024,NPR,1/1/2026
ACC0000007784,CUST00002470,BR0001,LOAN,ACTIVE,3/1/2020,NPR,1/1/2026
ACC0000007785,CUST00003228,BR0019,SAVINGS,ACTIVE,7/23/2025,NPR,1/1/2026
ACC0000007786,CUST00000432,BR0029,WALLET,DORMANT,7/15/2022,NPR,1/1/2026
ACC0000007787,CUST00000109,BR0003,WALLET,ACTIVE,8/7/2021,NPR,1/1/2026
ACC0000007788,CUST00002521,BR0021,WALLET,ACTIVE,3/27/2024,NPR,1/1/2026
ACC0000007789,CUST00002819,BR0033,CURRENT,ACTIVE,3/12/2023,NPR,1/1/2026
ACC0000007790,CUST00003008,BR0002,CURRENT,ACTIVE,10/6/2023,NPR,1/1/2026
ACC0000007791,CUST00000863,BR0035,CURRENT,ACTIVE,10/8/2020,NPR,1/1/2026
ACC0000007792,CUST00002677,BR0040,SALARY,ACTIVE,10/19/2023,NPR,1/1/2026
ACC0000007793,CUST00004189,BR0032,WALLET,ACTIVE,6/27/2025,NPR,1/1/2026
ACC0000007794,CUST00001387,BR0020,LOAN,ACTIVE,7/13/2023,NPR,1/1/2026
ACC0000007795,CUST00004343,BR0020,CURRENT,ACTIVE,8/11/2023,NPR,1/1/2026
ACC0000007796,CUST00003796,BR0009,SAVINGS,DORMANT,5/27/2020,NPR,1/1/2026
ACC0000007797,CUST00001444,BR0033,CURRENT,ACTIVE,3/5/2024,NPR,1/1/2026
ACC0000007798,CUST00002150,BR0034,SAVINGS,DORMANT,2/14/2024,NPR,1/1/2026
ACC0000007799,CUST00002170,BR0022,SALARY,ACTIVE,5/10/2019,NPR,1/1/2026
ACC0000007800,CUST00000945,BR0001,SALARY,DORMANT,11/5/2020,NPR,1/1/2026
ACC0000007801,CUST00002958,BR0020,WALLET,ACTIVE,3/20/2021,NPR,1/1/2026
ACC0000007802,CUST00000039,BR0015,CURRENT,ACTIVE,3/12/2022,NPR,1/1/2026
ACC0000007803,CUST00003813,BR0019,WALLET,DORMANT,6/16/2024,NPR,1/1/2026
ACC0000007804,CUST00003339,BR0029,WALLET,ACTIVE,6/16/2019,NPR,1/1/2026
ACC0000007805,CUST00000276,BR0021,WALLET,ACTIVE,2/19/2020,NPR,1/1/2026
ACC0000007806,CUST00000784,BR0024,CURRENT,ACTIVE,3/11/2022,NPR,1/1/2026
ACC0000007807,CUST00003695,BR0027,SAVINGS,ACTIVE,9/22/2024,NPR,1/1/2026
ACC0000007808,CUST00002550,BR0022,WALLET,ACTIVE,1/31/2023,NPR,1/1/2026
ACC0000007809,CUST00001592,BR0034,SALARY,ACTIVE,1/22/2025,NPR,1/1/2026
ACC0000007810,CUST00004693,BR0014,LOAN,ACTIVE,10/28/2021,NPR,1/1/2026
ACC0000007811,CUST00004725,BR0022,WALLET,ACTIVE,7/22/2025,NPR,1/1/2026
ACC0000007812,CUST00004730,BR0039,SALARY,ACTIVE,6/6/2025,NPR,1/1/2026
ACC0000007813,CUST00000833,BR0014,CURRENT,ACTIVE,7/11/2020,NPR,1/1/2026
ACC0000007814,CUST00000457,BR0038,WALLET,ACTIVE,5/31/2025,NPR,1/1/2026
ACC0000007815,CUST00001665,BR0026,SALARY,ACTIVE,8/14/2021,NPR,1/1/2026
ACC0000007816,CUST00002219,BR0002,LOAN,ACTIVE,9/25/2021,NPR,1/1/2026
ACC0000007817,CUST00002701,BR0019,WALLET,ACTIVE,10/8/2024,NPR,1/1/2026
ACC0000007818,CUST00003207,BR0038,WALLET,ACTIVE,11/11/2020,NPR,1/1/2026
ACC0000007819,CUST00001937,BR0031,WALLET,ACTIVE,10/16/2025,NPR,1/1/2026
ACC0000007820,CUST00001909,BR0016,SAVINGS,ACTIVE,11/8/2020,NPR,1/1/2026
ACC0000007821,CUST00004630,BR0009,CURRENT,ACTIVE,10/19/2021,NPR,1/1/2026
ACC0000007822,CUST00003855,BR0008,SALARY,ACTIVE,2/9/2020,NPR,1/1/2026
ACC0000007823,CUST00000040,BR0036,SALARY,ACTIVE,9/19/2021,NPR,1/1/2026
ACC0000007824,CUST00002410,BR0013,CURRENT,ACTIVE,10/6/2021,NPR,1/1/2026
ACC0000007825,CUST00000084,BR0026,CURRENT,ACTIVE,1/22/2025,NPR,1/1/2026
ACC0000007826,CUST00002330,BR0035,CURRENT,DORMANT,3/4/2019,NPR,1/1/2026
ACC0000007827,CUST00000693,BR0009,SAVINGS,ACTIVE,10/10/2019,NPR,1/1/2026
ACC0000007828,CUST00003177,BR0032,LOAN,ACTIVE,4/23/2020,NPR,1/1/2026
ACC0000007829,CUST00002483,BR0020,CURRENT,ACTIVE,8/13/2022,NPR,1/1/2026
ACC0000007830,CUST00003396,BR0008,SALARY,ACTIVE,1/27/2024,NPR,1/1/2026
ACC0000007831,CUST00004928,BR0019,CURRENT,BLOCKED,2/7/2022,NPR,1/1/2026
ACC0000007832,CUST00003391,BR0014,WALLET,ACTIVE,8/5/2019,NPR,1/1/2026
ACC0000007833,CUST00000884,BR0019,LOAN,ACTIVE,2/27/2021,NPR,1/1/2026
ACC0000007834,CUST00001547,BR0010,SALARY,ACTIVE,1/15/2024,NPR,1/1/2026
ACC0000007835,CUST00000449,BR0011,LOAN,ACTIVE,12/18/2021,NPR,1/1/2026
ACC0000007836,CUST00002817,BR0032,WALLET,ACTIVE,1/14/2024,NPR,1/1/2026
ACC0000007837,CUST00003246,BR0038,SAVINGS,ACTIVE,8/14/2025,NPR,1/1/2026
ACC0000007838,CUST00003545,BR0001,SAVINGS,ACTIVE,6/4/2022,NPR,1/1/2026
ACC0000007839,CUST00000004,BR0032,WALLET,ACTIVE,5/7/2023,NPR,1/1/2026
ACC0000007840,CUST00000410,BR0002,CURRENT,DORMANT,8/19/2021,NPR,1/1/2026
ACC0000007841,CUST00004227,BR0020,LOAN,ACTIVE,3/1/2022,NPR,1/1/2026
ACC0000007842,CUST00003914,BR0025,CURRENT,ACTIVE,1/27/2020,NPR,1/1/2026
ACC0000007843,CUST00001104,BR0030,LOAN,ACTIVE,5/22/2021,NPR,1/1/2026
ACC0000007844,CUST00002642,BR0008,CURRENT,ACTIVE,4/4/2023,NPR,1/1/2026
ACC0000007845,CUST00003034,BR0032,SALARY,CLOSED,6/12/2023,NPR,1/1/2026
ACC0000007846,CUST00000939,BR0036,SALARY,ACTIVE,9/10/2019,NPR,1/1/2026
ACC0000007847,CUST00001784,BR0027,SAVINGS,ACTIVE,12/25/2023,NPR,1/1/2026
ACC0000007848,CUST00003573,BR0040,SALARY,ACTIVE,5/12/2024,NPR,1/1/2026
ACC0000007849,CUST00000859,BR0011,SALARY,ACTIVE,7/15/2023,NPR,1/1/2026
ACC0000007850,CUST00001555,BR0014,SAVINGS,ACTIVE,6/16/2019,NPR,1/1/2026
ACC0000007851,CUST00000959,BR0015,CURRENT,ACTIVE,1/14/2020,NPR,1/1/2026
ACC0000007852,CUST00004070,BR0014,SALARY,ACTIVE,12/10/2022,NPR,1/1/2026
ACC0000007853,CUST00002534,BR0003,CURRENT,ACTIVE,8/28/2022,NPR,1/1/2026
ACC0000007854,CUST00000030,BR0001,SALARY,ACTIVE,5/5/2022,NPR,1/1/2026
ACC0000007855,CUST00003738,BR0003,CURRENT,ACTIVE,11/6/2022,NPR,1/1/2026
ACC0000007856,CUST00000566,BR0001,CURRENT,ACTIVE,5/8/2022,NPR,1/1/2026
ACC0000007857,CUST00002063,BR0040,SAVINGS,ACTIVE,5/24/2025,NPR,1/1/2026
ACC0000007858,CUST00004859,BR0017,LOAN,ACTIVE,8/29/2024,NPR,1/1/2026
ACC0000007859,CUST00001493,BR0011,SALARY,DORMANT,2/26/2023,NPR,1/1/2026
ACC0000007860,CUST00002183,BR0010,LOAN,ACTIVE,6/10/2025,NPR,1/1/2026
ACC0000007861,CUST00001400,BR0031,LOAN,ACTIVE,3/29/2022,NPR,1/1/2026
ACC0000007862,CUST00001652,BR0018,LOAN,ACTIVE,4/17/2020,NPR,1/1/2026
ACC0000007863,CUST00001718,BR0025,WALLET,ACTIVE,3/11/2019,NPR,1/1/2026
ACC0000007864,CUST00000874,BR0014,CURRENT,ACTIVE,11/5/2025,NPR,1/1/2026
ACC0000007865,CUST00003956,BR0005,CURRENT,ACTIVE,5/11/2021,NPR,1/1/2026
ACC0000007866,CUST00000710,BR0013,WALLET,ACTIVE,4/28/2021,NPR,1/1/2026
ACC0000007867,CUST00002690,BR0006,WALLET,ACTIVE,11/23/2022,NPR,1/1/2026
ACC0000007868,CUST00002153,BR0001,SALARY,ACTIVE,8/6/2019,NPR,1/1/2026
ACC0000007869,CUST00002414,BR0017,SALARY,ACTIVE,2/5/2022,NPR,1/1/2026
ACC0000007870,CUST00001586,BR0029,LOAN,ACTIVE,7/7/2021,NPR,1/1/2026
ACC0000007871,CUST00003940,BR0035,LOAN,ACTIVE,10/11/2021,NPR,1/1/2026
ACC0000007872,CUST00001738,BR0022,WALLET,ACTIVE,1/27/2021,NPR,1/1/2026
ACC0000007873,CUST00002427,BR0032,CURRENT,ACTIVE,2/23/2025,NPR,1/1/2026
ACC0000007874,CUST00000036,BR0026,SALARY,ACTIVE,11/4/2022,NPR,1/1/2026
ACC0000007875,CUST00001208,BR0013,WALLET,ACTIVE,6/24/2021,NPR,1/1/2026
ACC0000007876,CUST00003590,BR0024,LOAN,BLOCKED,4/23/2022,NPR,1/1/2026
ACC0000007877,CUST00002502,BR0030,WALLET,ACTIVE,12/8/2020,NPR,1/1/2026
ACC0000007878,CUST00001142,BR0017,SAVINGS,ACTIVE,7/16/2024,NPR,1/1/2026
ACC0000007879,CUST00000789,BR0018,SALARY,ACTIVE,8/20/2020,NPR,1/1/2026
ACC0000007880,CUST00003289,BR0029,SAVINGS,BLOCKED,3/11/2024,NPR,1/1/2026
ACC0000007881,CUST00000804,BR0007,CURRENT,ACTIVE,2/15/2022,NPR,1/1/2026
ACC0000007882,CUST00004961,BR0035,SAVINGS,DORMANT,1/20/2024,NPR,1/1/2026
ACC0000007883,CUST00002339,BR0001,CURRENT,ACTIVE,1/13/2025,NPR,1/1/2026
ACC0000007884,CUST00001808,BR0009,SAVINGS,ACTIVE,7/12/2025,NPR,1/1/2026
ACC0000007885,CUST00003943,BR0032,CURRENT,ACTIVE,7/1/2023,NPR,1/1/2026
ACC0000007886,CUST00000171,BR0007,CURRENT,ACTIVE,5/3/2022,NPR,1/1/2026
ACC0000007887,CUST00001819,BR0008,WALLET,ACTIVE,2/20/2023,NPR,1/1/2026
ACC0000007888,CUST00001380,BR0025,CURRENT,CLOSED,6/16/2023,NPR,1/1/2026
ACC0000007889,CUST00000590,BR0004,CURRENT,ACTIVE,2/22/2020,NPR,1/1/2026
ACC0000007890,CUST00001987,BR0033,SAVINGS,ACTIVE,11/22/2022,NPR,1/1/2026
ACC0000007891,CUST00003148,BR0017,SAVINGS,ACTIVE,8/31/2024,NPR,1/1/2026
ACC0000007892,CUST00001902,BR0001,WALLET,ACTIVE,8/29/2025,NPR,1/1/2026
ACC0000007893,CUST00000952,BR0018,LOAN,DORMANT,5/17/2023,NPR,1/1/2026
ACC0000007894,CUST00002897,BR0018,SALARY,ACTIVE,11/28/2023,NPR,1/1/2026
ACC0000007895,CUST00001263,BR0039,WALLET,ACTIVE,2/22/2022,NPR,1/1/2026
ACC0000007896,CUST00000105,BR0021,SAVINGS,ACTIVE,3/21/2019,NPR,1/1/2026
ACC0000007897,CUST00004830,BR0009,SALARY,DORMANT,6/4/2022,NPR,1/1/2026
ACC0000007898,CUST00002887,BR0010,SAVINGS,ACTIVE,8/19/2020,NPR,1/1/2026
ACC0000007899,CUST00002315,BR0037,WALLET,ACTIVE,4/2/2021,NPR,1/1/2026
ACC0000007900,CUST00004041,BR0019,LOAN,ACTIVE,10/29/2022,NPR,1/1/2026
ACC0000007901,CUST00004774,BR0040,SAVINGS,ACTIVE,3/25/2022,NPR,1/1/2026
ACC0000007902,CUST00000246,BR0031,WALLET,ACTIVE,11/12/2024,NPR,1/1/2026
ACC0000007903,CUST00003059,BR0022,SAVINGS,ACTIVE,6/21/2021,NPR,1/1/2026
ACC0000007904,CUST00000793,BR0032,SAVINGS,ACTIVE,11/13/2023,NPR,1/1/2026
ACC0000007905,CUST00003436,BR0009,SAVINGS,ACTIVE,6/6/2025,NPR,1/1/2026
ACC0000007906,CUST00004664,BR0034,SALARY,ACTIVE,1/11/2020,NPR,1/1/2026
ACC0000007907,CUST00001858,BR0027,LOAN,ACTIVE,3/7/2021,NPR,1/1/2026
ACC0000007908,CUST00002584,BR0002,CURRENT,ACTIVE,5/28/2020,NPR,1/1/2026
ACC0000007909,CUST00001790,BR0032,SAVINGS,ACTIVE,8/23/2021,NPR,1/1/2026
ACC0000007910,CUST00002193,BR0022,SALARY,ACTIVE,6/26/2025,NPR,1/1/2026
ACC0000007911,CUST00003998,BR0035,CURRENT,ACTIVE,3/9/2024,NPR,1/1/2026
ACC0000007912,CUST00004032,BR0029,SALARY,ACTIVE,5/9/2024,NPR,1/1/2026
ACC0000007913,CUST00004670,BR0012,CURRENT,ACTIVE,7/26/2019,NPR,1/1/2026
ACC0000007914,CUST00001878,BR0035,LOAN,ACTIVE,6/27/2025,NPR,1/1/2026
ACC0000007915,CUST00002762,BR0030,LOAN,ACTIVE,10/27/2019,NPR,1/1/2026
ACC0000007916,CUST00003503,BR0022,SALARY,DORMANT,9/30/2023,NPR,1/1/2026
ACC0000007917,CUST00004604,BR0012,CURRENT,ACTIVE,9/18/2023,NPR,1/1/2026
ACC0000007918,CUST00004745,BR0009,SAVINGS,ACTIVE,8/14/2024,NPR,1/1/2026
ACC0000007919,CUST00003255,BR0019,WALLET,ACTIVE,1/13/2020,NPR,1/1/2026
ACC0000007920,CUST00001729,BR0023,SALARY,ACTIVE,8/30/2024,NPR,1/1/2026
ACC0000007921,CUST00004628,BR0031,SALARY,ACTIVE,10/21/2021,NPR,1/1/2026
ACC0000007922,CUST00002749,BR0025,WALLET,ACTIVE,9/9/2019,NPR,1/1/2026
ACC0000007923,CUST00001358,BR0006,LOAN,ACTIVE,1/1/2024,NPR,1/1/2026
ACC0000007924,CUST00004703,BR0003,CURRENT,ACTIVE,10/14/2021,NPR,1/1/2026
ACC0000007925,CUST00003836,BR0029,LOAN,ACTIVE,5/5/2021,NPR,1/1/2026
ACC0000007926,CUST00003077,BR0022,WALLET,ACTIVE,6/27/2022,NPR,1/1/2026
ACC0000007927,CUST00004231,BR0030,LOAN,ACTIVE,12/7/2020,NPR,1/1/2026
ACC0000007928,CUST00004873,BR0031,WALLET,ACTIVE,1/11/2022,NPR,1/1/2026
ACC0000007929,CUST00004155,BR0020,SALARY,DORMANT,2/15/2025,NPR,1/1/2026
ACC0000007930,CUST00001473,BR0005,LOAN,ACTIVE,7/17/2020,NPR,1/1/2026
ACC0000007931,CUST00001370,BR0021,CURRENT,ACTIVE,9/9/2024,NPR,1/1/2026
ACC0000007932,CUST00000446,BR0036,CURRENT,ACTIVE,3/6/2021,NPR,1/1/2026
ACC0000007933,CUST00004324,BR0033,SALARY,ACTIVE,8/29/2023,NPR,1/1/2026
ACC0000007934,CUST00000442,BR0040,CURRENT,ACTIVE,1/29/2025,NPR,1/1/2026
ACC0000007935,CUST00001496,BR0014,SALARY,ACTIVE,6/5/2025,NPR,1/1/2026
ACC0000007936,CUST00001003,BR0033,CURRENT,ACTIVE,7/16/2020,NPR,1/1/2026
ACC0000007937,CUST00002861,BR0027,LOAN,CLOSED,9/10/2020,NPR,1/1/2026
ACC0000007938,CUST00003451,BR0039,SALARY,ACTIVE,2/13/2025,NPR,1/1/2026
ACC0000007939,CUST00000020,BR0004,LOAN,ACTIVE,11/14/2023,NPR,1/1/2026
ACC0000007940,CUST00004530,BR0028,SALARY,ACTIVE,8/1/2023,NPR,1/1/2026
ACC0000007941,CUST00000387,BR0035,SALARY,ACTIVE,4/7/2019,NPR,1/1/2026
ACC0000007942,CUST00001248,BR0015,SAVINGS,ACTIVE,4/16/2022,NPR,1/1/2026
ACC0000007943,CUST00000783,BR0021,SALARY,ACTIVE,11/5/2020,NPR,1/1/2026
ACC0000007944,CUST00002082,BR0022,SALARY,ACTIVE,12/28/2022,NPR,1/1/2026
ACC0000007945,CUST00004875,BR0027,WALLET,ACTIVE,12/4/2019,NPR,1/1/2026
ACC0000007946,CUST00004525,BR0015,SAVINGS,ACTIVE,12/16/2025,NPR,1/1/2026
ACC0000007947,CUST00002434,BR0023,LOAN,ACTIVE,8/6/2025,NPR,1/1/2026
ACC0000007948,CUST00001343,BR0006,SAVINGS,ACTIVE,10/23/2020,NPR,1/1/2026
ACC0000007949,CUST00004690,BR0019,CURRENT,DORMANT,11/29/2025,NPR,1/1/2026
ACC0000007950,CUST00004970,BR0038,WALLET,ACTIVE,3/23/2023,NPR,1/1/2026
ACC0000007951,CUST00000369,BR0030,SALARY,ACTIVE,9/19/2024,NPR,1/1/2026
ACC0000007952,CUST00000883,BR0007,WALLET,ACTIVE,11/27/2023,NPR,1/1/2026
ACC0000007953,CUST00001133,BR0017,SALARY,ACTIVE,3/18/2022,NPR,1/1/2026
ACC0000007954,CUST00000914,BR0035,SALARY,ACTIVE,3/1/2020,NPR,1/1/2026
ACC0000007955,CUST00002955,BR0031,SAVINGS,ACTIVE,11/15/2024,NPR,1/1/2026
ACC0000007956,CUST00000295,BR0003,SALARY,ACTIVE,10/12/2025,NPR,1/1/2026
ACC0000007957,CUST00001086,BR0016,CURRENT,ACTIVE,6/14/2025,NPR,1/1/2026
ACC0000007958,CUST00000697,BR0031,SAVINGS,ACTIVE,3/21/2025,NPR,1/1/2026
ACC0000007959,CUST00001484,BR0040,CURRENT,CLOSED,10/8/2025,NPR,1/1/2026
ACC0000007960,CUST00004794,BR0024,CURRENT,ACTIVE,11/29/2021,NPR,1/1/2026
ACC0000007961,CUST00002795,BR0012,WALLET,ACTIVE,1/31/2020,NPR,1/1/2026
ACC0000007962,CUST00004683,BR0027,SALARY,DORMANT,6/25/2023,NPR,1/1/2026
ACC0000007963,CUST00004181,BR0039,CURRENT,ACTIVE,1/12/2021,NPR,1/1/2026
ACC0000007964,CUST00001016,BR0032,LOAN,ACTIVE,2/8/2023,NPR,1/1/2026
ACC0000007965,CUST00004684,BR0040,WALLET,ACTIVE,9/30/2021,NPR,1/1/2026
ACC0000007966,CUST00004497,BR0024,SAVINGS,DORMANT,6/5/2023,NPR,1/1/2026
ACC0000007967,CUST00001724,BR0027,CURRENT,ACTIVE,3/10/2021,NPR,1/1/2026
ACC0000007968,CUST00003710,BR0028,CURRENT,ACTIVE,10/7/2022,NPR,1/1/2026
ACC0000007969,CUST00001064,BR0037,CURRENT,ACTIVE,9/27/2022,NPR,1/1/2026
ACC0000007970,CUST00004611,BR0029,SAVINGS,ACTIVE,4/23/2025,NPR,1/1/2026
ACC0000007971,CUST00002961,BR0009,SALARY,ACTIVE,11/22/2023,NPR,1/1/2026
ACC0000007972,CUST00002401,BR0038,SALARY,ACTIVE,8/8/2024,NPR,1/1/2026
ACC0000007973,CUST00004062,BR0007,CURRENT,ACTIVE,6/30/2025,NPR,1/1/2026
ACC0000007974,CUST00003307,BR0040,SAVINGS,ACTIVE,11/7/2019,NPR,1/1/2026
ACC0000007975,CUST00002789,BR0012,SALARY,ACTIVE,6/27/2019,NPR,1/1/2026
ACC0000007976,CUST00001579,BR0005,WALLET,ACTIVE,7/11/2025,NPR,1/1/2026
ACC0000007977,CUST00002000,BR0016,SAVINGS,ACTIVE,1/5/2024,NPR,1/1/2026
ACC0000007978,CUST00003923,BR0032,SAVINGS,ACTIVE,10/30/2024,NPR,1/1/2026
ACC0000007979,CUST00004591,BR0020,CURRENT,ACTIVE,12/2/2021,NPR,1/1/2026
ACC0000007980,CUST00000528,BR0004,WALLET,ACTIVE,11/10/2025,NPR,1/1/2026
ACC0000007981,CUST00004359,BR0010,LOAN,ACTIVE,9/22/2023,NPR,1/1/2026
ACC0000007982,CUST00004832,BR0014,SAVINGS,ACTIVE,9/16/2019,NPR,1/1/2026
ACC0000007983,CUST00001243,BR0010,CURRENT,ACTIVE,8/13/2025,NPR,1/1/2026
ACC0000007984,CUST00001293,BR0019,CURRENT,DORMANT,2/5/2024,NPR,1/1/2026
ACC0000007985,CUST00004258,BR0001,SALARY,ACTIVE,9/17/2021,NPR,1/1/2026
ACC0000007986,CUST00004438,BR0033,WALLET,ACTIVE,8/13/2024,NPR,1/1/2026
ACC0000007987,CUST00000455,BR0009,CURRENT,ACTIVE,9/2/2024,NPR,1/1/2026
ACC0000007988,CUST00000674,BR0020,SALARY,ACTIVE,5/27/2022,NPR,1/1/2026
ACC0000007989,CUST00001259,BR0038,WALLET,ACTIVE,2/28/2021,NPR,1/1/2026
ACC0000007990,CUST00000116,BR0007,WALLET,DORMANT,8/16/2025,NPR,1/1/2026
ACC0000007991,CUST00002779,BR0005,LOAN,ACTIVE,4/3/2025,NPR,1/1/2026
ACC0000007992,CUST00001808,BR0024,LOAN,ACTIVE,8/7/2020,NPR,1/1/2026
ACC0000007993,CUST00002385,BR0019,WALLET,ACTIVE,5/4/2022,NPR,1/1/2026
ACC0000007994,CUST00003735,BR0010,SALARY,ACTIVE,12/5/2024,NPR,1/1/2026
ACC0000007995,CUST00002537,BR0038,SALARY,ACTIVE,4/20/2023,NPR,1/1/2026
ACC0000007996,CUST00002454,BR0007,WALLET,ACTIVE,3/31/2021,NPR,1/1/2026
ACC0000007997,CUST00002718,BR0040,WALLET,ACTIVE,3/21/2021,NPR,1/1/2026
ACC0000007998,CUST00004625,BR0029,SALARY,ACTIVE,12/28/2021,NPR,1/1/2026
ACC0000007999,CUST00000332,BR0027,SALARY,ACTIVE,5/7/2023,NPR,1/1/2026
ACC0000008000,CUST00004261,BR0011,SALARY,ACTIVE,4/16/2021,NPR,1/1/2026
