balance_date,account_id,opening_balance,credit_total,debit_total,closing_balance,currency
2026-01-14,ACC0000000001,480275.12,8810.41,15924.89,473160.64,NPR
2026-01-14,ACC0000000002,393952.44,0.0,39322.57,354629.87,NPR
2026-01-14,ACC0000000003,291950.4,27511.97,58772.59,260689.78,NPR
2026-01-14,ACC0000000004,376687.6,11932.53,104120.31,284499.82,NPR
2026-01-14,ACC0000000005,280049.58,0.0,82735.43,197314.15,NPR
2026-01-14,ACC0000000006,464062.43,0.0,81297.64,382764.79,NPR
2026-01-14,ACC0000000007,16600.35,0.0,52072.26,-35471.91,NPR
2026-01-14,ACC0000000008,147479.84,32560.25,23468.42,156571.67,NPR
2026-01-14,ACC0000000009,194441.03,0.0,0.0,194441.03,NPR
2026-01-14,ACC0000000010,256495.79,0.0,0.0,256495.79,NPR
2026-01-14,ACC0000000011,31209.1,0.0,0.0,31209.1,NPR
2026-01-14,ACC0000000012,329504.55,0.0,30392.85,299111.7,NPR
2026-01-14,ACC0000000013,323969.92,1384.49,21222.57,304131.84,NPR
2026-01-14,ACC0000000014,18331.84,22512.14,133822.27,-92978.29,NPR
2026-01-14,ACC0000000015,377408.06,6411.59,0.0,383819.65,NPR
2026-01-14,ACC0000000016,167073.42,0.0,94499.2,72574.22,NPR
2026-01-14,ACC0000000017,151242.72,26100.63,91187.04,86156.31,NPR
2026-01-14,ACC0000000018,141952.56,0.0,98572.3,43380.26,NPR
2026-01-14,ACC0000000019,124601.99,25996.83,149382.13,1216.69,NPR
2026-01-14,ACC0000000020,24809.89,0.0,101095.84,-76285.95,NPR
2026-01-14,ACC0000000021,188398.6,0.0,21365.17,167033.43,NPR
2026-01-14,ACC0000000022,221186.13,24413.27,63379.39,182220.01,NPR
2026-01-14,ACC0000000023,339338.41,34141.89,11111.6,362368.7,NPR
2026-01-14,ACC0000000024,402653.88,44205.84,9523.4,437336.32,NPR
2026-01-14,ACC0000000025,286070.46,17056.69,34099.1,269028.05,NPR
2026-01-14,ACC0000000026,88285.99,49519.96,38556.28,99249.67,NPR
2026-01-14,ACC0000000027,141359.34,0.0,74699.05,66660.29,NPR
2026-01-14,ACC0000000028,263123.82,0.0,25930.27,237193.55,NPR
2026-01-14,ACC0000000029,53775.13,0.0,64810.71,-11035.58,NPR
2026-01-14,ACC0000000030,60186.83,0.0,52882.95,7303.88,NPR
2026-01-14,ACC0000000031,254944.49,28217.44,40633.35,242528.58,NPR
2026-01-14,ACC0000000032,330308.47,41906.15,44504.18,327710.44,NPR
2026-01-14,ACC0000000033,407732.27,22723.21,8896.24,421559.24,NPR
2026-01-14,ACC0000000034,464887.57,30250.8,35884.55,459253.82,NPR
2026-01-14,ACC0000000035,414492.3,0.0,63290.96,351201.34,NPR
2026-01-14,ACC0000000036,345746.78,0.0,172765.6,172981.18,NPR
2026-01-14,ACC0000000037,3151.61,19951.41,36248.58,-13145.56,NPR
2026-01-14,ACC0000000038,116999.58,21156.66,44715.92,93440.32,NPR
2026-01-14,ACC0000000039,311452.07,0.0,50294.68,261157.39,NPR
2026-01-14,ACC0000000040,298089.1,0.0,104950.49,193138.61,NPR
2026-01-14,ACC0000000041,177319.11,0.0,15735.97,161583.14,NPR
2026-01-14,ACC0000000042,314926.09,0.0,140023.82,174902.27,NPR
2026-01-14,ACC0000000043,377452.25,56250.3,101240.71,332461.84,NPR
2026-01-14,ACC0000000044,94645.54,0.0,63731.3,30914.24,NPR
2026-01-14,ACC0000000045,478472.03,0.0,109398.18,369073.85,NPR
2026-01-14,ACC0000000046,358629.25,0.0,0.0,358629.25,NPR
2026-01-14,ACC0000000047,188149.09,46601.31,20879.91,213870.49,NPR
2026-01-14,ACC0000000048,276095.95,0.0,107184.45,168911.5,NPR
2026-01-14,ACC0000000049,149280.44,0.0,0.0,149280.44,NPR
2026-01-14,ACC0000000050,156980.89,69769.46,31834.96,194915.39,NPR
2026-01-14,ACC0000000051,288743.73,0.0,95424.54,193319.19,NPR
2026-01-14,ACC0000000052,215059.63,0.0,80129.06,134930.57,NPR
2026-01-14,ACC0000000053,104994.2,5036.08,0.0,110030.28,NPR
2026-01-14,ACC0000000054,438949.58,0.0,0.0,438949.58,NPR
2026-01-14,ACC0000000055,80055.89,0.0,111187.4,-31131.51,NPR
2026-01-14,ACC0000000056,322540.92,0.0,0.0,322540.92,NPR
2026-01-14,ACC0000000057,455157.45,0.0,2180.37,452977.08,NPR
2026-01-14,ACC0000000058,76489.3,0.0,51322.33,25166.97,NPR
2026-01-14,ACC0000000059,109369.18,0.0,80657.51,28711.67,NPR
2026-01-14,ACC0000000060,197120.99,0.0,107794.41,89326.58,NPR
2026-01-14,ACC0000000061,472300.39,0.0,3255.33,469045.06,NPR
2026-01-14,ACC0000000062,448771.21,55748.66,36861.27,467658.6,NPR
2026-01-14,ACC0000000063,105374.79,0.0,80443.87,24930.92,NPR
2026-01-14,ACC0000000064,132954.38,26539.75,132480.38,27013.75,NPR
2026-01-14,ACC0000000065,126423.45,0.0,116976.67,9446.78,NPR
2026-01-14,ACC0000000066,294898.59,86187.78,42275.84,338810.53,NPR
2026-01-14,ACC0000000067,182890.29,0.0,0.0,182890.29,NPR
2026-01-14,ACC0000000068,149427.78,0.0,9136.28,140291.5,NPR
2026-01-14,ACC0000000069,297562.78,37011.37,76338.06,258236.09,NPR
2026-01-14,ACC0000000070,203600.91,24393.25,0.0,227994.16,NPR
2026-01-14,ACC0000000071,384390.15,0.0,0.0,384390.15,NPR
2026-01-14,ACC0000000072,124919.18,0.0,7320.35,117598.83,NPR
2026-01-14,ACC0000000073,184972.49,0.0,47107.41,137865.08,NPR
2026-01-14,ACC0000000074,106214.13,0.0,59081.84,47132.29,NPR
2026-01-14,ACC0000000075,355455.51,0.0,148451.66,207003.85,NPR
2026-01-14,ACC0000000076,355816.83,0.0,46492.02,309324.81,NPR
2026-01-14,ACC0000000077,50463.06,35068.59,80920.55,4611.1,NPR
2026-01-14,ACC0000000078,32485.77,8636.99,64565.2,-23442.44,NPR
2026-01-14,ACC0000000079,8976.31,0.0,24428.77,-15452.46,NPR
2026-01-14,ACC0000000080,55306.82,0.0,102468.8,-47161.98,NPR
2026-01-14,ACC0000000081,135965.42,0.0,0.0,135965.42,NPR
2026-01-14,ACC0000000082,458180.39,0.0,102033.1,356147.29,NPR
2026-01-14,ACC0000000083,189851.25,0.0,49178.8,140672.45,NPR
2026-01-14,ACC0000000084,341510.9,3084.96,108363.3,236232.56,NPR
2026-01-14,ACC0000000085,391260.56,0.0,67112.22,324148.34,NPR
2026-01-14,ACC0000000086,410681.18,0.0,0.0,410681.18,NPR
2026-01-14,ACC0000000087,215595.73,55817.67,30193.59,241219.81,NPR
2026-01-14,ACC0000000088,412981.54,0.0,115695.05,297286.49,NPR
2026-01-14,ACC0000000089,172636.94,0.0,0.0,172636.94,NPR
2026-01-14,ACC0000000090,135169.73,0.0,88377.82,46791.91,NPR
2026-01-14,ACC0000000091,416647.66,27239.15,25597.93,418288.88,NPR
2026-01-14,ACC0000000092,405634.75,0.0,154384.92,251249.83,NPR
2026-01-14,ACC0000000093,221267.05,0.0,16156.16,205110.89,NPR
2026-01-14,ACC0000000094,473657.03,47374.77,0.0,521031.8,NPR
2026-01-14,ACC0000000095,51510.62,18252.19,1650.65,68112.16,NPR
2026-01-14,ACC0000000096,185205.52,31719.1,24550.92,192373.7,NPR
2026-01-14,ACC0000000097,5741.47,0.0,126715.63,-120974.16,NPR
2026-01-14,ACC0000000098,327629.22,0.0,77035.14,250594.08,NPR
2026-01-14,ACC0000000099,40607.18,0.0,0.0,40607.18,NPR
2026-01-14,ACC0000000100,317660.19,0.0,8366.53,309293.66,NPR
2026-01-14,ACC0000000101,312008.72,60908.73,48089.81,324827.64,NPR
2026-01-14,ACC0000000102,18966.62,8867.1,46855.39,-19021.67,NPR
2026-01-14,ACC0000000103,125161.03,0.0,104389.12,20771.91,NPR
2026-01-14,ACC0000000104,379757.23,35897.27,6463.83,409190.67,NPR
2026-01-14,ACC0000000105,57416.97,3753.43,79457.14,-18286.74,NPR
2026-01-14,ACC0000000106,124053.61,10484.79,80775.66,53762.74,NPR
2026-01-14,ACC0000000107,139500.73,0.0,0.0,139500.73,NPR
2026-01-14,ACC0000000108,473601.95,0.0,82850.45,390751.5,NPR
2026-01-14,ACC0000000109,117812.24,0.0,0.0,117812.24,NPR
2026-01-14,ACC0000000110,477180.96,0.0,37825.89,439355.07,NPR
2026-01-14,ACC0000000111,269595.93,0.0,42755.93,226840.0,NPR
2026-01-14,ACC0000000112,298731.58,1592.22,138266.53,162057.27,NPR
2026-01-14,ACC0000000113,313395.88,0.0,16046.15,297349.73,NPR
2026-01-14,ACC0000000114,215942.35,0.0,70776.97,145165.38,NPR
2026-01-14,ACC0000000115,66706.64,0.0,100879.41,-34172.77,NPR
2026-01-14,ACC0000000116,130500.7,0.0,50741.77,79758.93,NPR
2026-01-14,ACC0000000117,162923.33,0.0,60579.82,102343.51,NPR
2026-01-14,ACC0000000118,22234.96,0.0,0.0,22234.96,NPR
2026-01-14,ACC0000000119,12704.47,0.0,94972.86,-82268.39,NPR
2026-01-14,ACC0000000120,190553.34,30562.89,39584.87,181531.36,NPR
2026-01-14,ACC0000000121,318469.85,0.0,85756.87,232712.98,NPR
2026-01-14,ACC0000000122,443411.26,9007.76,0.0,452419.02,NPR
2026-01-14,ACC0000000123,355535.09,12822.51,105172.67,263184.93,NPR
2026-01-14,ACC0000000124,366965.62,0.0,124637.18,242328.44,NPR
2026-01-14,ACC0000000125,73132.76,66264.13,116510.55,22886.34,NPR
2026-01-14,ACC0000000126,364879.87,29992.89,20752.91,374119.85,NPR
2026-01-14,ACC0000000127,179299.77,0.0,0.0,179299.77,NPR
2026-01-14,ACC0000000128,254672.67,0.0,72866.78,181805.89,NPR
2026-01-14,ACC0000000129,207349.89,0.0,84227.7,123122.19,NPR
2026-01-14,ACC0000000130,148615.23,0.0,46533.88,102081.35,NPR
2026-01-14,ACC0000000131,19739.05,16796.8,83565.12,-47029.27,NPR
2026-01-14,ACC0000000132,83168.38,0.0,54583.39,28584.99,NPR
2026-01-14,ACC0000000133,321200.24,0.0,0.0,321200.24,NPR
2026-01-14,ACC0000000134,159947.47,0.0,0.0,159947.47,NPR
2026-01-14,ACC0000000135,194090.09,0.0,119697.01,74393.08,NPR
2026-01-14,ACC0000000136,213791.88,1027.96,100218.11,114601.73,NPR
2026-01-14,ACC0000000137,33478.85,0.0,49234.64,-15755.79,NPR
2026-01-14,ACC0000000138,290836.74,0.0,49256.28,241580.46,NPR
2026-01-14,ACC0000000139,437940.83,0.0,69966.76,367974.07,NPR
2026-01-14,ACC0000000140,220258.59,0.0,57579.21,162679.38,NPR
2026-01-14,ACC0000000141,301840.39,0.0,99186.7,202653.69,NPR
2026-01-14,ACC0000000142,292109.23,0.0,60031.71,232077.52,NPR
2026-01-14,ACC0000000143,211438.23,16064.94,13484.3,214018.87,NPR
2026-01-14,ACC0000000144,211191.56,3404.02,93371.57,121224.01,NPR
2026-01-14,ACC0000000145,465596.19,72595.03,0.0,538191.22,NPR
2026-01-14,ACC0000000146,213267.36,42240.74,0.0,255508.1,NPR
2026-01-14,ACC0000000147,12380.19,0.0,0.0,12380.19,NPR
2026-01-14,ACC0000000148,434987.38,8816.19,82459.28,361344.29,NPR
2026-01-14,ACC0000000149,484766.48,41238.15,48691.51,477313.12,NPR
2026-01-14,ACC0000000150,241897.12,46574.29,77238.7,211232.71,NPR
2026-01-14,ACC0000000151,44189.32,0.0,0.0,44189.32,NPR
2026-01-14,ACC0000000152,476637.61,0.0,43764.12,432873.49,NPR
2026-01-14,ACC0000000153,275191.32,0.0,4035.41,271155.91,NPR
2026-01-14,ACC0000000154,297263.82,0.0,75258.4,222005.42,NPR
2026-01-14,ACC0000000155,244746.85,0.0,30218.68,214528.17,NPR
2026-01-14,ACC0000000156,4278.68,0.0,0.0,4278.68,NPR
2026-01-14,ACC0000000157,209282.4,51710.59,79170.28,181822.71,NPR
2026-01-14,ACC0000000158,398091.39,0.0,0.0,398091.39,NPR
2026-01-14,ACC0000000159,413117.68,31620.27,74616.03,370121.92,NPR
2026-01-14,ACC0000000160,468484.42,20410.25,0.0,488894.67,NPR
2026-01-14,ACC0000000161,274724.18,0.0,0.0,274724.18,NPR
2026-01-14,ACC0000000162,358238.29,23093.81,2144.07,379188.03,NPR
2026-01-14,ACC0000000163,246761.8,0.0,23552.69,223209.11,NPR
2026-01-14,ACC0000000164,427725.6,0.0,108987.39,318738.21,NPR
2026-01-14,ACC0000000165,378875.26,0.0,26851.45,352023.81,NPR
2026-01-14,ACC0000000166,231653.45,0.0,32479.91,199173.54,NPR
2026-01-14,ACC0000000167,451571.09,13001.49,82657.07,381915.51,NPR
2026-01-14,ACC0000000168,180187.45,0.0,54493.12,125694.33,NPR
2026-01-14,ACC0000000169,488425.33,0.0,0.0,488425.33,NPR
2026-01-14,ACC0000000170,380687.36,0.0,58958.0,321729.36,NPR
2026-01-14,ACC0000000171,63690.61,1290.69,40340.07,24641.23,NPR
2026-01-14,ACC0000000172,463206.88,0.0,0.0,463206.88,NPR
2026-01-14,ACC0000000173,236713.85,0.0,109224.82,127489.03,NPR
2026-01-14,ACC0000000174,284718.79,0.0,6563.26,278155.53,NPR
2026-01-14,ACC0000000175,180212.39,30177.04,37822.38,172567.05,NPR
2026-01-14,ACC0000000176,456948.87,0.0,60227.45,396721.42,NPR
2026-01-14,ACC0000000177,397128.3,0.0,138018.66,259109.64,NPR
2026-01-14,ACC0000000178,176262.09,0.0,88623.23,87638.86,NPR
2026-01-14,ACC0000000179,199530.55,0.0,48087.61,151442.94,NPR
2026-01-14,ACC0000000180,438024.85,9308.03,102010.24,345322.64,NPR
2026-01-14,ACC0000000181,361746.7,8055.57,28702.15,341100.12,NPR
2026-01-14,ACC0000000182,118546.21,0.0,19301.75,99244.46,NPR
2026-01-14,ACC0000000183,94263.55,58656.87,77143.89,75776.53,NPR
2026-01-14,ACC0000000184,95898.35,0.0,31208.95,64689.4,NPR
2026-01-14,ACC0000000185,247509.36,0.0,0.0,247509.36,NPR
2026-01-14,ACC0000000186,438356.3,42125.08,46248.73,434232.65,NPR
2026-01-14,ACC0000000187,255124.36,0.0,89594.33,165530.03,NPR
2026-01-14,ACC0000000188,320489.86,0.0,47520.28,272969.58,NPR
2026-01-14,ACC0000000189,346902.83,0.0,0.0,346902.83,NPR
2026-01-14,ACC0000000190,72737.46,0.0,122855.27,-50117.81,NPR
2026-01-14,ACC0000000191,270009.91,0.0,0.0,270009.91,NPR
2026-01-14,ACC0000000192,399856.61,0.0,0.0,399856.61,NPR
2026-01-14,ACC0000000193,320673.67,25187.28,67546.03,278314.92,NPR
2026-01-14,ACC0000000194,366361.46,0.0,22104.62,344256.84,NPR
2026-01-14,ACC0000000195,65136.39,23313.83,0.0,88450.22,NPR
2026-01-14,ACC0000000196,376001.49,0.0,89154.18,286847.31,NPR
2026-01-14,ACC0000000197,492229.11,35964.63,44056.07,484137.67,NPR
2026-01-14,ACC0000000198,109520.87,40726.57,56458.16,93789.28,NPR
2026-01-14,ACC0000000199,110805.7,0.0,46955.78,63849.92,NPR
2026-01-14,ACC0000000200,14376.5,0.0,130900.1,-116523.6,NPR
2026-01-14,ACC0000000201,314718.71,15417.54,32941.6,297194.65,NPR
2026-01-14,ACC0000000202,278757.87,5690.64,24279.23,260169.28,NPR
2026-01-14,ACC0000000203,256440.29,45483.87,91655.46,210268.7,NPR
2026-01-14,ACC0000000204,225461.8,0.0,0.0,225461.8,NPR
2026-01-14,ACC0000000205,257086.22,0.0,0.0,257086.22,NPR
2026-01-14,ACC0000000206,260378.01,0.0,6214.58,254163.43,NPR
2026-01-14,ACC0000000207,140817.07,2522.69,44004.52,99335.24,NPR
2026-01-14,ACC0000000208,87209.19,31819.07,46982.14,72046.12,NPR
2026-01-14,ACC0000000209,45280.43,58191.15,48480.3,54991.28,NPR
2026-01-14,ACC0000000210,318744.48,0.0,55858.84,262885.64,NPR
2026-01-14,ACC0000000211,47227.84,0.0,5749.16,41478.68,NPR
2026-01-14,ACC0000000212,39738.49,0.0,0.0,39738.49,NPR
2026-01-14,ACC0000000213,317413.2,0.0,151228.27,166184.93,NPR
2026-01-14,ACC0000000214,491155.1,0.0,39447.07,451708.03,NPR
2026-01-14,ACC0000000215,160316.18,0.0,0.0,160316.18,NPR
2026-01-14,ACC0000000216,123793.59,0.0,0.0,123793.59,NPR
2026-01-14,ACC0000000217,220602.74,0.0,125440.77,95161.97,NPR
2026-01-14,ACC0000000218,295800.03,0.0,64781.98,231018.05,NPR
2026-01-14,ACC0000000219,495722.96,0.0,109929.74,385793.22,NPR
2026-01-14,ACC0000000220,312900.57,0.0,136611.78,176288.79,NPR
2026-01-14,ACC0000000221,256783.28,0.0,0.0,256783.28,NPR
2026-01-14,ACC0000000222,5025.59,0.0,10461.57,-5435.98,NPR
2026-01-14,ACC0000000223,325930.99,0.0,0.0,325930.99,NPR
2026-01-14,ACC0000000224,108589.53,43525.61,130050.14,22065.0,NPR
2026-01-14,ACC0000000225,435394.84,0.0,33888.67,401506.17,NPR
2026-01-14,ACC0000000226,229543.61,45126.1,0.0,274669.71,NPR
2026-01-14,ACC0000000227,286280.45,0.0,43895.47,242384.98,NPR
2026-01-14,ACC0000000228,118506.17,29480.19,94224.21,53762.15,NPR
2026-01-14,ACC0000000229,23444.34,0.0,41874.29,-18429.95,NPR
2026-01-14,ACC0000000230,362281.7,2841.89,33368.72,331754.87,NPR
2026-01-14,ACC0000000231,61680.01,0.0,137946.19,-76266.18,NPR
2026-01-14,ACC0000000232,390726.18,0.0,0.0,390726.18,NPR
2026-01-14,ACC0000000233,324288.29,0.0,74349.71,249938.58,NPR
2026-01-14,ACC0000000234,275848.45,37295.78,107795.69,205348.54,NPR
2026-01-14,ACC0000000235,99455.55,0.0,72718.73,26736.82,NPR
2026-01-14,ACC0000000236,366501.98,41646.65,83057.76,325090.87,NPR
2026-01-14,ACC0000000237,106652.12,24432.24,0.0,131084.36,NPR
2026-01-14,ACC0000000238,130896.9,0.0,47741.37,83155.53,NPR
2026-01-14,ACC0000000239,47087.57,0.0,47684.71,-597.14,NPR
2026-01-14,ACC0000000240,92516.46,81055.28,36105.58,137466.16,NPR
2026-01-14,ACC0000000241,332526.0,97515.77,0.0,430041.77,NPR
2026-01-14,ACC0000000242,93001.98,22620.99,0.0,115622.97,NPR
2026-01-14,ACC0000000243,370875.01,0.0,6987.11,363887.9,NPR
2026-01-14,ACC0000000244,140339.56,0.0,51146.05,89193.51,NPR
2026-01-14,ACC0000000245,71112.78,43079.57,49993.36,64198.99,NPR
2026-01-14,ACC0000000246,62833.64,0.0,47236.93,15596.71,NPR
2026-01-14,ACC0000000247,158745.31,0.0,81517.56,77227.75,NPR
2026-01-14,ACC0000000248,237597.02,0.0,2065.81,235531.21,NPR
2026-01-14,ACC0000000249,114256.75,0.0,38567.08,75689.67,NPR
2026-01-14,ACC0000000250,218653.64,32003.41,39672.87,210984.18,NPR
2026-01-14,ACC0000000251,272753.45,0.0,0.0,272753.45,NPR
2026-01-14,ACC0000000252,61041.53,0.0,0.0,61041.53,NPR
2026-01-14,ACC0000000253,478449.69,0.0,25797.24,452652.45,NPR
2026-01-14,ACC0000000254,276087.93,0.0,31373.72,244714.21,NPR
2026-01-14,ACC0000000255,351743.07,0.0,54456.16,297286.91,NPR
2026-01-14,ACC0000000256,484646.41,0.0,69363.22,415283.19,NPR
2026-01-14,ACC0000000257,462529.86,0.0,21495.74,441034.12,NPR
2026-01-14,ACC0000000258,352204.78,0.0,65714.48,286490.3,NPR
2026-01-14,ACC0000000259,126760.33,10411.87,42501.79,94670.41,NPR
2026-01-14,ACC0000000260,417510.72,0.0,21507.55,396003.17,NPR
2026-01-14,ACC0000000261,390204.28,22022.97,118139.93,294087.32,NPR
2026-01-14,ACC0000000262,360127.58,0.0,0.0,360127.58,NPR
2026-01-14,ACC0000000263,465069.26,0.0,110269.38,354799.88,NPR
2026-01-14,ACC0000000264,113186.01,0.0,45471.36,67714.65,NPR
2026-01-14,ACC0000000265,117991.28,0.0,67649.45,50341.83,NPR
2026-01-14,ACC0000000266,93671.14,0.0,57214.59,36456.55,NPR
2026-01-14,ACC0000000267,447965.63,0.0,0.0,447965.63,NPR
2026-01-14,ACC0000000268,308516.16,0.0,0.0,308516.16,NPR
2026-01-14,ACC0000000269,451649.96,0.0,0.0,451649.96,NPR
2026-01-14,ACC0000000270,360555.93,0.0,0.0,360555.93,NPR
2026-01-14,ACC0000000271,62674.06,0.0,0.0,62674.06,NPR
2026-01-14,ACC0000000272,471291.06,17568.95,27981.62,460878.39,NPR
2026-01-14,ACC0000000273,343835.64,407.42,38440.97,305802.09,NPR
2026-01-14,ACC0000000274,433478.76,0.0,82668.1,350810.66,NPR
2026-01-14,ACC0000000275,279744.63,17682.74,17814.11,279613.26,NPR
2026-01-14,ACC0000000276,247254.96,0.0,0.0,247254.96,NPR
2026-01-14,ACC0000000277,70135.85,0.0,0.0,70135.85,NPR
2026-01-14,ACC0000000278,317522.6,0.0,0.0,317522.6,NPR
2026-01-14,ACC0000000279,37819.58,0.0,57521.87,-19702.29,NPR
2026-01-14,ACC0000000280,460817.16,0.0,27301.12,433516.04,NPR
2026-01-14,ACC0000000281,285714.65,10046.42,1457.32,294303.75,NPR
2026-01-14,ACC0000000282,166595.7,44690.07,15080.68,196205.09,NPR
2026-01-14,ACC0000000283,425478.87,0.0,110749.51,314729.36,NPR
2026-01-14,ACC0000000284,140843.08,0.0,20077.03,120766.05,NPR
2026-01-14,ACC0000000285,109162.15,0.0,0.0,109162.15,NPR
2026-01-14,ACC0000000286,407805.59,0.0,29965.69,377839.9,NPR
2026-01-14,ACC0000000287,15787.19,0.0,26112.49,-10325.3,NPR
2026-01-14,ACC0000000288,369333.45,0.0,3466.63,365866.82,NPR
2026-01-14,ACC0000000289,402371.8,0.0,53842.17,348529.63,NPR
2026-01-14,ACC0000000290,238039.26,0.0,165968.42,72070.84,NPR
2026-01-14,ACC0000000291,38920.81,75042.82,46140.42,67823.21,NPR
2026-01-14,ACC0000000292,332450.84,0.0,95119.42,237331.42,NPR
2026-01-14,ACC0000000293,171772.99,0.0,6428.41,165344.58,NPR
2026-01-14,ACC0000000294,334605.22,0.0,0.0,334605.22,NPR
2026-01-14,ACC0000000295,196203.67,0.0,0.0,196203.67,NPR
2026-01-14,ACC0000000296,491500.78,31008.09,99445.21,423063.66,NPR
2026-01-14,ACC0000000297,378573.74,0.0,25803.18,352770.56,NPR
2026-01-14,ACC0000000298,98797.76,0.0,72402.38,26395.38,NPR
2026-01-14,ACC0000000299,386976.27,61372.9,44245.31,404103.86,NPR
2026-01-14,ACC0000000300,229765.08,0.0,59018.63,170746.45,NPR
2026-01-14,ACC0000000301,182725.15,0.0,87669.64,95055.51,NPR
2026-01-14,ACC0000000302,468701.31,0.0,0.0,468701.31,NPR
2026-01-14,ACC0000000303,56996.5,0.0,204074.58,-147078.08,NPR
2026-01-14,ACC0000000304,1672.51,0.0,51868.74,-50196.23,NPR
2026-01-14,ACC0000000305,269741.69,0.0,0.0,269741.69,NPR
2026-01-14,ACC0000000306,96300.98,0.0,45442.88,50858.1,NPR
2026-01-14,ACC0000000307,410595.06,31834.78,80669.42,361760.42,NPR
2026-01-14,ACC0000000308,226677.02,0.0,88143.71,138533.31,NPR
2026-01-14,ACC0000000309,342419.95,0.0,39033.33,303386.62,NPR
2026-01-14,ACC0000000310,157096.57,0.0,96350.71,60745.86,NPR
2026-01-14,ACC0000000311,6053.25,0.0,50351.35,-44298.1,NPR
2026-01-14,ACC0000000312,407292.88,0.0,30519.42,376773.46,NPR
2026-01-14,ACC0000000313,286694.17,0.0,0.0,286694.17,NPR
2026-01-14,ACC0000000314,417408.98,0.0,46623.24,370785.74,NPR
2026-01-14,ACC0000000315,109048.37,0.0,84561.82,24486.55,NPR
2026-01-14,ACC0000000316,190583.52,0.0,77790.58,112792.94,NPR
2026-01-14,ACC0000000317,155935.54,41547.2,49652.36,147830.38,NPR
2026-01-14,ACC0000000318,449090.38,12022.14,13085.3,448027.22,NPR
2026-01-14,ACC0000000319,100250.09,0.0,54438.5,45811.59,NPR
2026-01-14,ACC0000000320,177127.33,0.0,17945.28,159182.05,NPR
2026-01-14,ACC0000000321,427264.78,0.0,0.0,427264.78,NPR
2026-01-14,ACC0000000322,21955.26,17727.36,47077.5,-7394.88,NPR
2026-01-14,ACC0000000323,348153.54,27974.65,10195.32,365932.87,NPR
2026-01-14,ACC0000000324,186475.4,0.0,32897.56,153577.84,NPR
2026-01-14,ACC0000000325,17560.19,0.0,4797.7,12762.49,NPR
2026-01-14,ACC0000000326,459623.12,0.0,10864.14,448758.98,NPR
2026-01-14,ACC0000000327,31228.29,0.0,39097.7,-7869.41,NPR
2026-01-14,ACC0000000328,222359.85,36384.53,80337.52,178406.86,NPR
2026-01-14,ACC0000000329,462989.62,0.0,175828.98,287160.64,NPR
2026-01-14,ACC0000000330,255204.76,21336.75,0.0,276541.51,NPR
2026-01-14,ACC0000000331,20026.75,0.0,34188.91,-14162.16,NPR
2026-01-14,ACC0000000332,359546.26,48110.4,67518.13,340138.53,NPR
2026-01-14,ACC0000000333,450453.38,109.94,60641.43,389921.89,NPR
2026-01-14,ACC0000000334,225197.37,0.0,18701.61,206495.76,NPR
2026-01-14,ACC0000000335,92687.92,0.0,45934.16,46753.76,NPR
2026-01-14,ACC0000000336,231007.44,29465.44,21386.3,239086.58,NPR
2026-01-14,ACC0000000337,350535.46,0.0,25676.51,324858.95,NPR
2026-01-14,ACC0000000338,277843.43,0.0,148087.43,129756.0,NPR
2026-01-14,ACC0000000339,248019.67,0.0,71692.0,176327.67,NPR
2026-01-14,ACC0000000340,35822.9,0.0,30594.76,5228.14,NPR
2026-01-14,ACC0000000341,95751.23,0.0,94995.42,755.81,NPR
2026-01-14,ACC0000000342,118769.51,0.0,123533.98,-4764.47,NPR
2026-01-14,ACC0000000343,135332.97,41629.32,45180.39,131781.9,NPR
2026-01-14,ACC0000000344,405393.02,0.0,0.0,405393.02,NPR
2026-01-14,ACC0000000345,243073.64,0.0,0.0,243073.64,NPR
2026-01-14,ACC0000000346,205918.0,16746.34,88379.08,134285.26,NPR
2026-01-14,ACC0000000347,25082.79,97737.07,21704.94,101114.92,NPR
2026-01-14,ACC0000000348,6107.41,0.0,0.0,6107.41,NPR
2026-01-14,ACC0000000349,5601.78,0.0,32100.92,-26499.14,NPR
2026-01-14,ACC0000000350,478871.41,0.0,0.0,478871.41,NPR
2026-01-14,ACC0000000351,205086.44,17073.15,0.0,222159.59,NPR
2026-01-14,ACC0000000352,328034.98,0.0,0.0,328034.98,NPR
2026-01-14,ACC0000000353,148234.28,0.0,54733.55,93500.73,NPR
2026-01-14,ACC0000000354,456114.73,0.0,61904.82,394209.91,NPR
2026-01-14,ACC0000000355,316117.32,58900.41,49357.82,325659.91,NPR
2026-01-14,ACC0000000356,489811.91,0.0,0.0,489811.91,NPR
2026-01-14,ACC0000000357,479817.8,0.0,89794.59,390023.21,NPR
2026-01-14,ACC0000000358,237039.0,11768.48,79636.83,169170.65,NPR
2026-01-14,ACC0000000359,128945.68,0.0,45598.69,83346.99,NPR
2026-01-14,ACC0000000360,377654.81,17017.73,0.0,394672.54,NPR
2026-01-14,ACC0000000361,160999.1,43129.69,45292.49,158836.3,NPR
2026-01-14,ACC0000000362,123134.42,29550.41,121987.74,30697.09,NPR
2026-01-14,ACC0000000363,409548.25,0.0,4827.11,404721.14,NPR
2026-01-14,ACC0000000364,365481.88,29624.47,97415.19,297691.16,NPR
2026-01-14,ACC0000000365,95020.8,0.0,0.0,95020.8,NPR
2026-01-14,ACC0000000366,394896.79,0.0,11267.86,383628.93,NPR
2026-01-14,ACC0000000367,54007.45,86124.28,23926.12,116205.61,NPR
2026-01-14,ACC0000000368,306518.99,39804.93,28474.85,317849.07,NPR
2026-01-14,ACC0000000369,278916.33,0.0,115605.59,163310.74,NPR
2026-01-14,ACC0000000370,78690.52,0.0,58963.43,19727.09,NPR
2026-01-14,ACC0000000371,471010.54,27848.33,57296.14,441562.73,NPR
2026-01-14,ACC0000000372,161444.1,29348.94,46860.69,143932.35,NPR
2026-01-14,ACC0000000373,204917.7,0.0,77768.62,127149.08,NPR
2026-01-14,ACC0000000374,448868.33,0.0,5412.99,443455.34,NPR
2026-01-14,ACC0000000375,457077.66,21458.72,4530.79,474005.59,NPR
2026-01-14,ACC0000000376,175718.53,538.94,79230.89,97026.58,NPR
2026-01-14,ACC0000000377,281956.59,0.0,45441.76,236514.83,NPR
2026-01-14,ACC0000000378,278877.48,0.0,177717.81,101159.67,NPR
2026-01-14,ACC0000000379,168945.82,0.0,21624.28,147321.54,NPR
2026-01-14,ACC0000000380,50074.55,0.0,77772.55,-27698.0,NPR
2026-01-14,ACC0000000381,65665.64,0.0,123582.15,-57916.51,NPR
2026-01-14,ACC0000000382,324544.05,32850.08,32125.78,325268.35,NPR
2026-01-14,ACC0000000383,87751.23,15183.62,147138.19,-44203.34,NPR
2026-01-14,ACC0000000384,288546.86,0.0,0.0,288546.86,NPR
2026-01-14,ACC0000000385,387079.54,0.0,16385.47,370694.07,NPR
2026-01-14,ACC0000000386,294685.97,0.0,112619.56,182066.41,NPR
2026-01-14,ACC0000000387,88292.54,7398.89,91684.48,4006.95,NPR
2026-01-14,ACC0000000388,85173.2,38725.5,6873.09,117025.61,NPR
2026-01-14,ACC0000000389,382714.59,4514.63,25915.06,361314.16,NPR
2026-01-14,ACC0000000390,27176.23,62716.37,0.0,89892.6,NPR
2026-01-14,ACC0000000391,378312.47,0.0,59486.42,318826.05,NPR
2026-01-14,ACC0000000392,312932.42,40589.53,51246.91,302275.04,NPR
2026-01-14,ACC0000000393,169826.63,15907.74,27767.21,157967.16,NPR
2026-01-14,ACC0000000394,352028.42,0.0,5319.94,346708.48,NPR
2026-01-14,ACC0000000395,85554.3,46162.16,13122.72,118593.74,NPR
2026-01-14,ACC0000000396,399995.49,0.0,38103.9,361891.59,NPR
2026-01-14,ACC0000000397,240846.61,27341.6,68627.07,199561.14,NPR
2026-01-14,ACC0000000398,385457.93,0.0,0.0,385457.93,NPR
2026-01-14,ACC0000000399,293621.42,0.0,6920.47,286700.95,NPR
2026-01-14,ACC0000000400,318280.61,0.0,21434.68,296845.93,NPR
2026-01-14,ACC0000000401,77806.39,0.0,0.0,77806.39,NPR
2026-01-14,ACC0000000402,131662.9,0.0,43885.74,87777.16,NPR
2026-01-14,ACC0000000403,48061.58,0.0,0.0,48061.58,NPR
2026-01-14,ACC0000000404,221052.2,0.0,7039.63,214012.57,NPR
2026-01-14,ACC0000000405,441820.97,0.0,14192.04,427628.93,NPR
2026-01-14,ACC0000000406,297285.47,0.0,89003.22,208282.25,NPR
2026-01-14,ACC0000000407,261277.2,27761.48,34353.36,254685.32,NPR
2026-01-14,ACC0000000408,171307.29,0.0,23631.61,147675.68,NPR
2026-01-14,ACC0000000409,1518.77,8459.71,49664.05,-39685.57,NPR
2026-01-14,ACC0000000410,308334.43,0.0,30424.25,277910.18,NPR
2026-01-14,ACC0000000411,208413.94,14136.29,46386.83,176163.4,NPR
2026-01-14,ACC0000000412,361247.95,0.0,74743.95,286504.0,NPR
2026-01-14,ACC0000000413,59423.91,28438.46,37419.25,50443.12,NPR
2026-01-14,ACC0000000414,487161.54,0.0,62586.2,424575.34,NPR
2026-01-14,ACC0000000415,208976.33,0.0,50303.03,158673.3,NPR
2026-01-14,ACC0000000416,59712.76,0.0,78874.01,-19161.25,NPR
2026-01-14,ACC0000000417,232533.7,0.0,0.0,232533.7,NPR
2026-01-14,ACC0000000418,159792.63,0.0,26335.12,133457.51,NPR
2026-01-14,ACC0000000419,318975.56,64519.81,91418.14,292077.23,NPR
2026-01-14,ACC0000000420,458206.9,0.0,21190.24,437016.66,NPR
2026-01-14,ACC0000000421,26135.48,3383.91,63742.65,-34223.26,NPR
2026-01-14,ACC0000000422,105838.15,0.0,0.0,105838.15,NPR
2026-01-14,ACC0000000423,187437.67,0.0,79315.13,108122.54,NPR
2026-01-14,ACC0000000424,438962.33,0.0,0.0,438962.33,NPR
2026-01-14,ACC0000000425,318315.22,0.0,53182.28,265132.94,NPR
2026-01-14,ACC0000000426,394376.83,0.0,24034.99,370341.84,NPR
2026-01-14,ACC0000000427,127742.92,0.0,0.0,127742.92,NPR
2026-01-14,ACC0000000428,133836.9,0.0,0.0,133836.9,NPR
2026-01-14,ACC0000000429,229058.49,0.0,0.0,229058.49,NPR
2026-01-14,ACC0000000430,392605.52,0.0,26888.3,365717.22,NPR
2026-01-14,ACC0000000431,373638.01,0.0,23402.55,350235.46,NPR
2026-01-14,ACC0000000432,66010.43,0.0,0.0,66010.43,NPR
2026-01-14,ACC0000000433,296150.09,0.0,29997.74,266152.35,NPR
2026-01-14,ACC0000000434,108758.62,12581.77,0.0,121340.39,NPR
2026-01-14,ACC0000000435,141311.91,29795.45,114368.7,56738.66,NPR
2026-01-14,ACC0000000436,115213.99,0.0,176111.89,-60897.9,NPR
2026-01-14,ACC0000000437,200652.68,0.0,0.0,200652.68,NPR
2026-01-14,ACC0000000438,242001.75,44650.05,7759.32,278892.48,NPR
2026-01-14,ACC0000000439,402170.7,20356.64,153261.93,269265.41,NPR
2026-01-14,ACC0000000440,386084.75,30779.55,59839.63,357024.67,NPR
2026-01-14,ACC0000000441,269682.85,0.0,26507.78,243175.07,NPR
2026-01-14,ACC0000000442,44153.13,32660.84,21317.31,55496.66,NPR
2026-01-14,ACC0000000443,108101.22,0.0,0.0,108101.22,NPR
2026-01-14,ACC0000000444,386487.7,6710.29,37824.92,355373.07,NPR
2026-01-14,ACC0000000445,179746.45,0.0,103029.48,76716.97,NPR
2026-01-14,ACC0000000446,422065.85,0.0,54375.84,367690.01,NPR
2026-01-14,ACC0000000447,283558.66,0.0,0.0,283558.66,NPR
2026-01-14,ACC0000000448,305915.61,0.0,97846.68,208068.93,NPR
2026-01-14,ACC0000000449,368246.16,36971.73,11087.14,394130.75,NPR
2026-01-14,ACC0000000450,323692.59,0.0,1785.48,321907.11,NPR
2026-01-14,ACC0000000451,28806.99,42632.51,10463.38,60976.12,NPR
2026-01-14,ACC0000000452,63121.41,0.0,40215.36,22906.05,NPR
2026-01-14,ACC0000000453,43192.32,0.0,0.0,43192.32,NPR
2026-01-14,ACC0000000454,485709.13,46855.96,0.0,532565.09,NPR
2026-01-14,ACC0000000455,353487.24,5586.38,90974.13,268099.49,NPR
2026-01-14,ACC0000000456,54313.91,0.0,52371.07,1942.84,NPR
2026-01-14,ACC0000000457,213689.1,0.0,0.0,213689.1,NPR
2026-01-14,ACC0000000458,27447.29,12872.57,30339.92,9979.94,NPR
2026-01-14,ACC0000000459,362788.56,49185.31,129874.77,282099.1,NPR
2026-01-14,ACC0000000460,238102.25,0.0,0.0,238102.25,NPR
2026-01-14,ACC0000000461,234783.58,57554.78,0.0,292338.36,NPR
2026-01-14,ACC0000000462,470515.31,0.0,55724.21,414791.1,NPR
2026-01-14,ACC0000000463,255314.28,0.0,112246.72,143067.56,NPR
2026-01-14,ACC0000000464,428313.43,0.0,0.0,428313.43,NPR
2026-01-14,ACC0000000465,91956.22,39092.35,90922.17,40126.4,NPR
2026-01-14,ACC0000000466,123920.19,0.0,59032.89,64887.3,NPR
2026-01-14,ACC0000000467,198818.17,0.0,55017.49,143800.68,NPR
2026-01-14,ACC0000000468,423898.86,0.0,81365.71,342533.15,NPR
2026-01-14,ACC0000000469,484537.33,82606.14,0.0,567143.47,NPR
2026-01-14,ACC0000000470,463033.39,0.0,0.0,463033.39,NPR
2026-01-14,ACC0000000471,250404.74,0.0,87189.27,163215.47,NPR
2026-01-14,ACC0000000472,70185.44,0.0,98582.23,-28396.79,NPR
2026-01-14,ACC0000000473,187924.33,0.0,32266.4,155657.93,NPR
2026-01-14,ACC0000000474,416928.77,0.0,90112.4,326816.37,NPR
2026-01-14,ACC0000000475,216901.39,0.0,4867.29,212034.1,NPR
2026-01-14,ACC0000000476,423602.45,8570.58,0.0,432173.03,NPR
2026-01-14,ACC0000000477,113124.99,0.0,99499.11,13625.88,NPR
2026-01-14,ACC0000000478,364458.08,15347.13,65927.99,313877.22,NPR
2026-01-14,ACC0000000479,353993.6,22280.45,0.0,376274.05,NPR
2026-01-14,ACC0000000480,108082.91,0.0,0.0,108082.91,NPR
2026-01-14,ACC0000000481,57739.97,0.0,0.0,57739.97,NPR
2026-01-14,ACC0000000482,223146.82,0.0,10245.84,212900.98,NPR
2026-01-14,ACC0000000483,351971.81,0.0,0.0,351971.81,NPR
2026-01-14,ACC0000000484,118473.05,0.0,54090.75,64382.3,NPR
2026-01-14,ACC0000000485,266984.64,0.0,30018.96,236965.68,NPR
2026-01-14,ACC0000000486,421471.0,31696.78,80448.89,372718.89,NPR
2026-01-14,ACC0000000487,151323.6,0.0,0.0,151323.6,NPR
2026-01-14,ACC0000000488,377436.81,0.0,0.0,377436.81,NPR
2026-01-14,ACC0000000489,472476.44,0.0,15938.31,456538.13,NPR
2026-01-14,ACC0000000490,308015.34,71073.89,50792.58,328296.65,NPR
2026-01-14,ACC0000000491,417183.71,59607.44,167549.39,309241.76,NPR
2026-01-14,ACC0000000492,483017.37,0.0,0.0,483017.37,NPR
2026-01-14,ACC0000000493,359279.8,14638.41,82582.79,291335.42,NPR
2026-01-14,ACC0000000494,263099.26,0.0,0.0,263099.26,NPR
2026-01-14,ACC0000000495,229340.18,47057.38,14603.14,261794.42,NPR
2026-01-14,ACC0000000496,407657.18,44237.32,56321.28,395573.22,NPR
2026-01-14,ACC0000000497,411654.41,5757.62,108340.91,309071.12,NPR
2026-01-14,ACC0000000498,425600.54,0.0,35855.56,389744.98,NPR
2026-01-14,ACC0000000499,221960.9,0.0,120000.07,101960.83,NPR
2026-01-14,ACC0000000500,2119.2,0.0,57734.29,-55615.09,NPR
2026-01-14,ACC0000000501,100558.6,31613.61,151532.27,-19360.06,NPR
2026-01-14,ACC0000000502,14405.55,5591.16,116176.04,-96179.33,NPR
2026-01-14,ACC0000000503,189411.68,0.0,31835.27,157576.41,NPR
2026-01-14,ACC0000000504,149096.28,0.0,0.0,149096.28,NPR
2026-01-14,ACC0000000505,209307.97,0.0,49473.19,159834.78,NPR
2026-01-14,ACC0000000506,367335.4,0.0,44514.5,322820.9,NPR
2026-01-14,ACC0000000507,321713.27,28690.79,24846.28,325557.78,NPR
2026-01-14,ACC0000000508,292682.91,44747.44,0.0,337430.35,NPR
2026-01-14,ACC0000000509,14293.53,0.0,34618.45,-20324.92,NPR
2026-01-14,ACC0000000510,195896.44,0.0,35011.18,160885.26,NPR
2026-01-14,ACC0000000511,224740.32,0.0,0.0,224740.32,NPR
2026-01-14,ACC0000000512,456035.18,0.0,0.0,456035.18,NPR
2026-01-14,ACC0000000513,404442.25,0.0,0.0,404442.25,NPR
2026-01-14,ACC0000000514,463137.03,30126.96,88486.23,404777.76,NPR
2026-01-14,ACC0000000515,368436.26,0.0,37212.22,331224.04,NPR
2026-01-14,ACC0000000516,257444.91,14280.71,64255.22,207470.4,NPR
2026-01-14,ACC0000000517,215133.48,0.0,53326.42,161807.06,NPR
2026-01-14,ACC0000000518,360627.8,20816.3,0.0,381444.1,NPR
2026-01-14,ACC0000000519,397452.37,0.0,0.0,397452.37,NPR
2026-01-14,ACC0000000520,448798.21,0.0,25497.27,423300.94,NPR
2026-01-14,ACC0000000521,434360.92,12339.27,70835.76,375864.43,NPR
2026-01-14,ACC0000000522,281797.03,7815.03,99761.6,189850.46,NPR
2026-01-14,ACC0000000523,101386.99,13208.54,37491.67,77103.86,NPR
2026-01-14,ACC0000000524,321870.67,0.0,49491.62,272379.05,NPR
2026-01-14,ACC0000000525,417119.0,0.0,32083.56,385035.44,NPR
2026-01-14,ACC0000000526,404382.47,0.0,32476.94,371905.53,NPR
2026-01-14,ACC0000000527,394494.17,45950.47,78370.41,362074.23,NPR
2026-01-14,ACC0000000528,236747.93,0.0,34216.01,202531.92,NPR
2026-01-14,ACC0000000529,262908.86,0.0,72305.58,190603.28,NPR
2026-01-14,ACC0000000530,156851.49,16261.49,47652.49,125460.49,NPR
2026-01-14,ACC0000000531,353289.32,31483.84,0.0,384773.16,NPR
2026-01-14,ACC0000000532,289455.52,0.0,56476.29,232979.23,NPR
2026-01-14,ACC0000000533,326073.45,20602.25,0.0,346675.7,NPR
2026-01-14,ACC0000000534,300405.32,0.0,0.0,300405.32,NPR
2026-01-14,ACC0000000535,252602.58,103.26,54871.67,197834.17,NPR
2026-01-14,ACC0000000536,185395.23,0.0,0.0,185395.23,NPR
2026-01-14,ACC0000000537,351622.35,0.0,170823.49,180798.86,NPR
2026-01-14,ACC0000000538,131566.79,0.0,0.0,131566.79,NPR
2026-01-14,ACC0000000539,80413.29,0.0,25331.23,55082.06,NPR
2026-01-14,ACC0000000540,228259.76,0.0,36804.16,191455.6,NPR
2026-01-14,ACC0000000541,264135.86,0.0,6931.32,257204.54,NPR
2026-01-14,ACC0000000542,226933.57,0.0,31921.4,195012.17,NPR
2026-01-14,ACC0000000543,372285.6,11600.23,44770.85,339114.98,NPR
2026-01-14,ACC0000000544,59681.53,0.0,0.0,59681.53,NPR
2026-01-14,ACC0000000545,193927.07,6568.19,35882.53,164612.73,NPR
2026-01-14,ACC0000000546,255023.35,0.0,101327.43,153695.92,NPR
2026-01-14,ACC0000000547,476424.26,39199.77,84955.02,430669.01,NPR
2026-01-14,ACC0000000548,316353.49,0.0,46456.48,269897.01,NPR
2026-01-14,ACC0000000549,23681.51,0.0,77118.91,-53437.4,NPR
2026-01-14,ACC0000000550,222753.97,48039.2,39992.31,230800.86,NPR
2026-01-14,ACC0000000551,119640.63,27945.18,93774.65,53811.16,NPR
2026-01-14,ACC0000000552,417418.67,34958.14,143111.4,309265.41,NPR
2026-01-14,ACC0000000553,282530.63,24191.24,56048.01,250673.86,NPR
2026-01-14,ACC0000000554,7146.02,31841.48,0.0,38987.5,NPR
2026-01-14,ACC0000000555,360598.78,31525.95,109666.54,282458.19,NPR
2026-01-14,ACC0000000556,489991.52,13477.21,44374.53,459094.2,NPR
2026-01-14,ACC0000000557,279520.95,0.0,84809.2,194711.75,NPR
2026-01-14,ACC0000000558,256032.76,0.0,23326.24,232706.52,NPR
2026-01-14,ACC0000000559,409063.27,0.0,0.0,409063.27,NPR
2026-01-14,ACC0000000560,298757.81,0.0,34363.51,264394.3,NPR
2026-01-14,ACC0000000561,171111.28,0.0,38726.07,132385.21,NPR
2026-01-14,ACC0000000562,208353.64,0.0,9011.53,199342.11,NPR
2026-01-14,ACC0000000563,8915.34,31128.25,0.0,40043.59,NPR
2026-01-14,ACC0000000564,401322.79,35314.67,122649.57,313987.89,NPR
2026-01-14,ACC0000000565,283387.07,0.0,3025.86,280361.21,NPR
2026-01-14,ACC0000000566,461488.68,0.0,0.0,461488.68,NPR
2026-01-14,ACC0000000567,218986.47,0.0,0.0,218986.47,NPR
2026-01-14,ACC0000000568,345783.49,0.0,22370.42,323413.07,NPR
2026-01-14,ACC0000000569,464918.2,0.0,36365.82,428552.38,NPR
2026-01-14,ACC0000000570,158996.25,15386.96,102993.0,71390.21,NPR
2026-01-14,ACC0000000571,49779.0,0.0,110870.4,-61091.4,NPR
2026-01-14,ACC0000000572,205201.88,31601.03,108370.44,128432.47,NPR
2026-01-14,ACC0000000573,9204.02,0.0,173008.14,-163804.12,NPR
2026-01-14,ACC0000000574,498775.8,17852.34,98561.26,418066.88,NPR
2026-01-14,ACC0000000575,180556.49,0.0,38887.27,141669.22,NPR
2026-01-14,ACC0000000576,113563.86,0.0,9293.56,104270.3,NPR
2026-01-14,ACC0000000577,448037.84,0.0,88525.25,359512.59,NPR
2026-01-14,ACC0000000578,163828.73,3908.66,4319.2,163418.19,NPR
2026-01-14,ACC0000000579,208171.97,20554.55,114469.94,114256.58,NPR
2026-01-14,ACC0000000580,294198.07,44166.92,1184.09,337180.9,NPR
2026-01-14,ACC0000000581,318947.55,0.0,67679.57,251267.98,NPR
2026-01-14,ACC0000000582,292601.61,0.0,40725.36,251876.25,NPR
2026-01-14,ACC0000000583,318760.72,47495.22,58142.83,308113.11,NPR
2026-01-14,ACC0000000584,366482.01,0.0,33163.69,333318.32,NPR
2026-01-14,ACC0000000585,203099.0,9265.62,41780.57,170584.05,NPR
2026-01-14,ACC0000000586,302088.74,0.0,8911.53,293177.21,NPR
2026-01-14,ACC0000000587,18501.16,33268.59,65167.72,-13397.97,NPR
2026-01-14,ACC0000000588,228646.67,2745.99,49511.46,181881.2,NPR
2026-01-14,ACC0000000589,310606.44,0.0,32469.08,278137.36,NPR
2026-01-14,ACC0000000590,30411.13,0.0,75607.94,-45196.81,NPR
2026-01-14,ACC0000000591,408076.73,22243.55,38834.04,391486.24,NPR
2026-01-14,ACC0000000592,414071.28,0.0,78668.57,335402.71,NPR
2026-01-14,ACC0000000593,3264.41,0.0,76474.94,-73210.53,NPR
2026-01-14,ACC0000000594,186079.31,0.0,0.0,186079.31,NPR
2026-01-14,ACC0000000595,112536.88,0.0,0.0,112536.88,NPR
2026-01-14,ACC0000000596,288813.05,0.0,55589.39,233223.66,NPR
2026-01-14,ACC0000000597,452113.2,0.0,127186.95,324926.25,NPR
2026-01-14,ACC0000000598,484775.66,0.0,10465.22,474310.44,NPR
2026-01-14,ACC0000000599,479153.87,0.0,0.0,479153.87,NPR
2026-01-14,ACC0000000600,276244.28,0.0,35676.27,240568.01,NPR
2026-01-14,ACC0000000601,77917.73,0.0,0.0,77917.73,NPR
2026-01-14,ACC0000000602,388811.39,48775.76,2927.6,434659.55,NPR
2026-01-14,ACC0000000603,185323.32,0.0,107874.81,77448.51,NPR
2026-01-14,ACC0000000604,53411.92,0.0,0.0,53411.92,NPR
2026-01-14,ACC0000000605,395494.04,29766.93,22589.95,402671.02,NPR
2026-01-14,ACC0000000606,233870.69,91585.05,91937.42,233518.32,NPR
2026-01-14,ACC0000000607,437453.39,0.0,0.0,437453.39,NPR
2026-01-14,ACC0000000608,103322.54,0.0,20217.97,83104.57,NPR
2026-01-14,ACC0000000609,33723.07,0.0,102927.03,-69203.96,NPR
2026-01-14,ACC0000000610,349561.18,0.0,86388.18,263173.0,NPR
2026-01-14,ACC0000000611,374964.88,0.0,63216.34,311748.54,NPR
2026-01-14,ACC0000000612,208887.35,64474.08,47552.82,225808.61,NPR
2026-01-14,ACC0000000613,305461.98,91867.38,122665.71,274663.65,NPR
2026-01-14,ACC0000000614,27912.0,8487.12,60348.86,-23949.74,NPR
2026-01-14,ACC0000000615,158237.3,0.0,32510.84,125726.46,NPR
2026-01-14,ACC0000000616,78612.31,0.0,44021.46,34590.85,NPR
2026-01-14,ACC0000000617,5512.23,0.0,38071.66,-32559.43,NPR
2026-01-14,ACC0000000618,161778.13,16774.55,38968.55,139584.13,NPR
2026-01-14,ACC0000000619,83377.13,10516.92,64802.51,29091.54,NPR
2026-01-14,ACC0000000620,3420.71,0.0,0.0,3420.71,NPR
2026-01-14,ACC0000000621,485478.94,0.0,0.0,485478.94,NPR
2026-01-14,ACC0000000622,43653.88,17622.8,6229.87,55046.81,NPR
2026-01-14,ACC0000000623,488636.17,70534.11,43683.67,515486.61,NPR
2026-01-14,ACC0000000624,390387.21,24966.19,68772.55,346580.85,NPR
2026-01-14,ACC0000000625,215527.31,0.0,0.0,215527.31,NPR
2026-01-14,ACC0000000626,57328.34,0.0,25403.99,31924.35,NPR
2026-01-14,ACC0000000627,236504.31,9036.56,20220.87,225320.0,NPR
2026-01-14,ACC0000000628,223523.08,12134.18,0.0,235657.26,NPR
2026-01-14,ACC0000000629,277411.75,0.0,0.0,277411.75,NPR
2026-01-14,ACC0000000630,23696.84,0.0,0.0,23696.84,NPR
2026-01-14,ACC0000000631,95619.79,0.0,120113.92,-24494.13,NPR
2026-01-14,ACC0000000632,222191.2,21188.88,48119.19,195260.89,NPR
2026-01-14,ACC0000000633,438093.85,44047.82,146569.96,335571.71,NPR
2026-01-14,ACC0000000634,79370.19,4662.04,0.0,84032.23,NPR
2026-01-14,ACC0000000635,307676.29,0.0,7894.57,299781.72,NPR
2026-01-14,ACC0000000636,169989.49,0.0,62267.74,107721.75,NPR
2026-01-14,ACC0000000637,453275.15,0.0,49923.37,403351.78,NPR
2026-01-14,ACC0000000638,125977.48,0.0,22409.61,103567.87,NPR
2026-01-14,ACC0000000639,315841.19,0.0,70866.98,244974.21,NPR
2026-01-14,ACC0000000640,71500.08,0.0,0.0,71500.08,NPR
2026-01-14,ACC0000000641,387652.96,0.0,58170.76,329482.2,NPR
2026-01-14,ACC0000000642,211037.87,0.0,17404.45,193633.42,NPR
2026-01-14,ACC0000000643,355132.73,0.0,31849.03,323283.7,NPR
2026-01-14,ACC0000000644,399890.34,23360.58,29571.64,393679.28,NPR
2026-01-14,ACC0000000645,185160.3,38348.49,35627.88,187880.91,NPR
2026-01-14,ACC0000000646,12418.56,0.0,0.0,12418.56,NPR
2026-01-14,ACC0000000647,313029.41,0.0,0.0,313029.41,NPR
2026-01-14,ACC0000000648,293540.32,0.0,0.0,293540.32,NPR
2026-01-14,ACC0000000649,413695.02,21987.5,0.0,435682.52,NPR
2026-01-14,ACC0000000650,348090.63,38589.32,48273.64,338406.31,NPR
2026-01-14,ACC0000000651,265443.2,0.0,64018.82,201424.38,NPR
2026-01-14,ACC0000000652,408892.18,0.0,14652.35,394239.83,NPR
2026-01-14,ACC0000000653,70730.19,24950.51,27462.83,68217.87,NPR
2026-01-14,ACC0000000654,128967.02,0.0,32270.1,96696.92,NPR
2026-01-14,ACC0000000655,124881.34,0.0,33394.44,91486.9,NPR
2026-01-14,ACC0000000656,230892.92,0.0,75037.08,155855.84,NPR
2026-01-14,ACC0000000657,140640.41,0.0,18736.26,121904.15,NPR
2026-01-14,ACC0000000658,206907.52,0.0,34000.2,172907.32,NPR
2026-01-14,ACC0000000659,287831.52,17697.4,38535.94,266992.98,NPR
2026-01-14,ACC0000000660,82521.78,0.0,40757.17,41764.61,NPR
2026-01-14,ACC0000000661,95743.46,48283.77,40751.71,103275.52,NPR
2026-01-14,ACC0000000662,16506.92,0.0,11237.9,5269.02,NPR
2026-01-14,ACC0000000663,377014.13,0.0,102515.25,274498.88,NPR
2026-01-14,ACC0000000664,125456.49,0.0,43277.61,82178.88,NPR
2026-01-14,ACC0000000665,486105.15,0.0,0.0,486105.15,NPR
2026-01-14,ACC0000000666,266181.78,29081.53,170591.65,124671.66,NPR
2026-01-14,ACC0000000667,431880.27,0.0,0.0,431880.27,NPR
2026-01-14,ACC0000000668,358393.67,0.0,56531.35,301862.32,NPR
2026-01-14,ACC0000000669,115103.8,0.0,42084.42,73019.38,NPR
2026-01-14,ACC0000000670,161830.26,0.0,100164.29,61665.97,NPR
2026-01-14,ACC0000000671,92606.78,0.0,15124.36,77482.42,NPR
2026-01-14,ACC0000000672,329166.44,0.0,60594.82,268571.62,NPR
2026-01-14,ACC0000000673,459397.39,36997.59,49023.86,447371.12,NPR
2026-01-14,ACC0000000674,1667.44,0.0,68076.99,-66409.55,NPR
2026-01-14,ACC0000000675,414513.95,0.0,89127.79,325386.16,NPR
2026-01-14,ACC0000000676,383128.46,0.0,59369.15,323759.31,NPR
2026-01-14,ACC0000000677,21038.22,50497.08,46785.99,24749.31,NPR
2026-01-14,ACC0000000678,140713.05,47517.35,72780.54,115449.86,NPR
2026-01-14,ACC0000000679,175079.57,0.0,0.0,175079.57,NPR
2026-01-14,ACC0000000680,127674.21,44243.66,0.0,171917.87,NPR
2026-01-14,ACC0000000681,25735.53,3463.45,40747.34,-11548.36,NPR
2026-01-14,ACC0000000682,321990.64,9226.02,54739.14,276477.52,NPR
2026-01-14,ACC0000000683,126638.75,0.0,49988.27,76650.48,NPR
2026-01-14,ACC0000000684,188266.85,0.0,50500.34,137766.51,NPR
2026-01-14,ACC0000000685,111216.65,41766.53,7953.04,145030.14,NPR
2026-01-14,ACC0000000686,66723.53,0.0,24924.06,41799.47,NPR
2026-01-14,ACC0000000687,443840.7,36880.86,39110.65,441610.91,NPR
2026-01-14,ACC0000000688,260029.27,0.0,42131.4,217897.87,NPR
2026-01-14,ACC0000000689,422829.99,0.0,35325.69,387504.3,NPR
2026-01-14,ACC0000000690,123171.43,0.0,73908.97,49262.46,NPR
2026-01-14,ACC0000000691,186380.13,0.0,35442.7,150937.43,NPR
2026-01-14,ACC0000000692,10464.65,0.0,116076.72,-105612.07,NPR
2026-01-14,ACC0000000693,32128.81,46761.46,61943.48,16946.79,NPR
2026-01-14,ACC0000000694,111640.74,0.0,88620.85,23019.89,NPR
2026-01-14,ACC0000000695,377339.51,15301.48,76190.57,316450.42,NPR
2026-01-14,ACC0000000696,66058.39,0.0,139688.02,-73629.63,NPR
2026-01-14,ACC0000000697,186655.41,22592.52,7037.29,202210.64,NPR
2026-01-14,ACC0000000698,181342.36,0.0,0.0,181342.36,NPR
2026-01-14,ACC0000000699,306251.99,0.0,0.0,306251.99,NPR
2026-01-14,ACC0000000700,62194.51,40584.76,41105.47,61673.8,NPR
2026-01-14,ACC0000000701,271637.46,0.0,105546.27,166091.19,NPR
2026-01-14,ACC0000000702,488602.4,14832.28,59583.79,443850.89,NPR
2026-01-14,ACC0000000703,38270.75,29096.82,87961.0,-20593.43,NPR
2026-01-14,ACC0000000704,26852.22,0.0,335.4,26516.82,NPR
2026-01-14,ACC0000000705,311204.58,0.0,0.0,311204.58,NPR
2026-01-14,ACC0000000706,166770.2,0.0,0.0,166770.2,NPR
2026-01-14,ACC0000000707,353758.85,0.0,83772.96,269985.89,NPR
2026-01-14,ACC0000000708,179508.24,0.0,0.0,179508.24,NPR
2026-01-14,ACC0000000709,408353.64,6182.74,26191.67,388344.71,NPR
2026-01-14,ACC0000000710,438764.34,0.0,44888.05,393876.29,NPR
2026-01-14,ACC0000000711,74706.99,7052.9,56643.85,25116.04,NPR
2026-01-14,ACC0000000712,99222.9,0.0,9487.87,89735.03,NPR
2026-01-14,ACC0000000713,202424.51,0.0,16902.28,185522.23,NPR
2026-01-14,ACC0000000714,400970.22,28779.86,0.0,429750.08,NPR
2026-01-14,ACC0000000715,328965.79,0.0,0.0,328965.79,NPR
2026-01-14,ACC0000000716,411774.03,0.0,31059.11,380714.92,NPR
2026-01-14,ACC0000000717,213396.03,0.0,71388.42,142007.61,NPR
2026-01-14,ACC0000000718,306743.48,0.0,10058.01,296685.47,NPR
2026-01-14,ACC0000000719,130138.09,0.0,0.0,130138.09,NPR
2026-01-14,ACC0000000720,78309.1,0.0,0.0,78309.1,NPR
2026-01-14,ACC0000000721,338363.77,0.0,96514.36,241849.41,NPR
2026-01-14,ACC0000000722,78317.94,0.0,0.0,78317.94,NPR
2026-01-14,ACC0000000723,428187.06,0.0,43776.53,384410.53,NPR
2026-01-14,ACC0000000724,388459.74,0.0,24729.41,363730.33,NPR
2026-01-14,ACC0000000725,397655.72,0.0,21315.8,376339.92,NPR
2026-01-14,ACC0000000726,496041.37,0.0,100940.09,395101.28,NPR
2026-01-14,ACC0000000727,26913.4,0.0,0.0,26913.4,NPR
2026-01-14,ACC0000000728,496954.05,0.0,17529.17,479424.88,NPR
2026-01-14,ACC0000000729,246421.14,0.0,23341.83,223079.31,NPR
2026-01-14,ACC0000000730,221302.44,0.0,65631.41,155671.03,NPR
2026-01-14,ACC0000000731,10450.4,20205.83,98708.64,-68052.41,NPR
2026-01-14,ACC0000000732,124056.38,0.0,0.0,124056.38,NPR
2026-01-14,ACC0000000733,120889.96,19363.95,95675.14,44578.77,NPR
2026-01-14,ACC0000000734,496553.88,0.0,30635.02,465918.86,NPR
2026-01-14,ACC0000000735,498536.82,0.0,52482.96,446053.86,NPR
2026-01-14,ACC0000000736,270443.71,0.0,170926.33,99517.38,NPR
2026-01-14,ACC0000000737,344568.92,0.0,122203.94,222364.98,NPR
2026-01-14,ACC0000000738,288224.57,0.0,64360.4,223864.17,NPR
2026-01-14,ACC0000000739,162850.87,0.0,0.0,162850.87,NPR
2026-01-14,ACC0000000740,276566.36,0.0,71528.69,205037.67,NPR
2026-01-14,ACC0000000741,246552.7,0.0,42908.35,203644.35,NPR
2026-01-14,ACC0000000742,59316.52,18848.69,91516.07,-13350.86,NPR
2026-01-14,ACC0000000743,196232.32,16558.35,102829.42,109961.25,NPR
2026-01-14,ACC0000000744,317235.49,0.0,107603.04,209632.45,NPR
2026-01-14,ACC0000000745,322803.74,0.0,82943.85,239859.89,NPR
2026-01-14,ACC0000000746,242864.39,0.0,0.0,242864.39,NPR
2026-01-14,ACC0000000747,94498.91,0.0,38291.55,56207.36,NPR
2026-01-14,ACC0000000748,357348.49,0.0,10311.91,347036.58,NPR
2026-01-14,ACC0000000749,91492.25,0.0,24622.39,66869.86,NPR
2026-01-14,ACC0000000750,435609.72,10519.05,39879.77,406249.0,NPR
2026-01-14,ACC0000000751,18802.11,4624.62,68056.37,-44629.64,NPR
2026-01-14,ACC0000000752,226431.82,0.0,121796.68,104635.14,NPR
2026-01-14,ACC0000000753,486506.91,0.0,6103.02,480403.89,NPR
2026-01-14,ACC0000000754,297996.96,41346.55,66894.72,272448.79,NPR
2026-01-14,ACC0000000755,298300.96,54282.76,0.0,352583.72,NPR
2026-01-14,ACC0000000756,426568.82,1242.46,27294.64,400516.64,NPR
2026-01-14,ACC0000000757,460184.43,12499.36,23856.56,448827.23,NPR
2026-01-14,ACC0000000758,312354.03,0.0,0.0,312354.03,NPR
2026-01-14,ACC0000000759,184163.7,0.0,3786.59,180377.11,NPR
2026-01-14,ACC0000000760,474027.0,0.0,6603.84,467423.16,NPR
2026-01-14,ACC0000000761,16179.68,11758.9,13155.84,14782.74,NPR
2026-01-14,ACC0000000762,31152.08,0.0,0.0,31152.08,NPR
2026-01-14,ACC0000000763,48548.24,15528.99,75443.32,-11366.09,NPR
2026-01-14,ACC0000000764,385738.18,0.0,91477.39,294260.79,NPR
2026-01-14,ACC0000000765,457952.14,0.0,29792.55,428159.59,NPR
2026-01-14,ACC0000000766,205678.15,0.0,87688.86,117989.29,NPR
2026-01-14,ACC0000000767,298384.98,0.0,103072.22,195312.76,NPR
2026-01-14,ACC0000000768,191100.3,0.0,61016.22,130084.08,NPR
2026-01-14,ACC0000000769,491794.05,0.0,18996.89,472797.16,NPR
2026-01-14,ACC0000000770,103409.49,0.0,0.0,103409.49,NPR
2026-01-14,ACC0000000771,78093.15,0.0,0.0,78093.15,NPR
2026-01-14,ACC0000000772,107992.83,39426.6,85113.92,62305.51,NPR
2026-01-14,ACC0000000773,95603.65,18746.68,27569.6,86780.73,NPR
2026-01-14,ACC0000000774,124237.17,0.0,140680.07,-16442.9,NPR
2026-01-14,ACC0000000775,399943.65,0.0,87117.99,312825.66,NPR
2026-01-14,ACC0000000776,375383.77,87415.78,53857.4,408942.15,NPR
2026-01-14,ACC0000000777,424686.6,0.0,87119.95,337566.65,NPR
2026-01-14,ACC0000000778,272682.12,0.0,0.0,272682.12,NPR
2026-01-14,ACC0000000779,443817.76,0.0,77023.91,366793.85,NPR
2026-01-14,ACC0000000780,50731.03,0.0,41522.83,9208.2,NPR
2026-01-14,ACC0000000781,57450.14,26858.94,75080.45,9228.63,NPR
2026-01-14,ACC0000000782,54833.35,33423.85,37316.66,50940.54,NPR
2026-01-14,ACC0000000783,194420.79,0.0,42991.02,151429.77,NPR
2026-01-14,ACC0000000784,260919.04,1517.73,0.0,262436.77,NPR
2026-01-14,ACC0000000785,474439.4,0.0,47591.18,426848.22,NPR
2026-01-14,ACC0000000786,316345.86,0.0,0.0,316345.86,NPR
2026-01-14,ACC0000000787,295715.35,4202.68,63560.89,236357.14,NPR
2026-01-14,ACC0000000788,37856.89,0.0,49638.48,-11781.59,NPR
2026-01-14,ACC0000000789,36832.24,21574.04,0.0,58406.28,NPR
2026-01-14,ACC0000000790,370714.41,54713.84,116901.8,308526.45,NPR
2026-01-14,ACC0000000791,322824.35,45644.24,99624.77,268843.82,NPR
2026-01-14,ACC0000000792,234473.56,40804.58,60963.56,214314.58,NPR
2026-01-14,ACC0000000793,172730.12,0.0,67080.32,105649.8,NPR
2026-01-14,ACC0000000794,331668.97,0.0,47883.15,283785.82,NPR
2026-01-14,ACC0000000795,227753.03,0.0,2861.34,224891.69,NPR
2026-01-14,ACC0000000796,126484.03,0.0,0.0,126484.03,NPR
2026-01-14,ACC0000000797,29994.04,0.0,80340.33,-50346.29,NPR
2026-01-14,ACC0000000798,184260.54,0.0,66630.45,117630.09,NPR
2026-01-14,ACC0000000799,267948.12,0.0,128559.65,139388.47,NPR
2026-01-14,ACC0000000800,212838.34,0.0,67126.04,145712.3,NPR
2026-01-14,ACC0000000801,204441.29,0.0,0.0,204441.29,NPR
2026-01-14,ACC0000000802,362869.0,0.0,42551.95,320317.05,NPR
2026-01-14,ACC0000000803,343389.46,0.0,0.0,343389.46,NPR
2026-01-14,ACC0000000804,458000.07,0.0,77731.64,380268.43,NPR
2026-01-14,ACC0000000805,130049.99,0.0,0.0,130049.99,NPR
2026-01-14,ACC0000000806,52075.38,0.0,70278.19,-18202.81,NPR
2026-01-14,ACC0000000807,400934.98,11002.34,31162.52,380774.8,NPR
2026-01-14,ACC0000000808,89582.5,0.0,102162.88,-12580.38,NPR
2026-01-14,ACC0000000809,145945.17,0.0,37134.57,108810.6,NPR
2026-01-14,ACC0000000810,99211.44,0.0,12063.69,87147.75,NPR
2026-01-14,ACC0000000811,57176.11,74313.99,84696.11,46793.99,NPR
2026-01-14,ACC0000000812,46262.3,44668.7,56572.83,34358.17,NPR
2026-01-14,ACC0000000813,413393.38,0.0,44293.38,369100.0,NPR
2026-01-14,ACC0000000814,375845.58,61943.67,8796.89,428992.36,NPR
2026-01-14,ACC0000000815,410442.31,0.0,94880.09,315562.22,NPR
2026-01-14,ACC0000000816,176223.63,18618.5,62953.04,131889.09,NPR
2026-01-14,ACC0000000817,44296.25,5659.2,18174.63,31780.82,NPR
2026-01-14,ACC0000000818,480570.7,0.0,0.0,480570.7,NPR
2026-01-14,ACC0000000819,312834.31,5173.37,26741.24,291266.44,NPR
2026-01-14,ACC0000000820,233914.24,25940.33,0.0,259854.57,NPR
2026-01-14,ACC0000000821,339537.92,7504.05,70378.7,276663.27,NPR
2026-01-14,ACC0000000822,386930.31,4204.51,82451.34,308683.48,NPR
2026-01-14,ACC0000000823,252492.79,6078.45,35513.03,223058.21,NPR
2026-01-14,ACC0000000824,129783.15,31661.92,19045.47,142399.6,NPR
2026-01-14,ACC0000000825,440889.73,0.0,0.0,440889.73,NPR
2026-01-14,ACC0000000826,346038.28,30957.04,6206.91,370788.41,NPR
2026-01-14,ACC0000000827,346934.57,27620.78,4867.07,369688.28,NPR
2026-01-14,ACC0000000828,409789.18,0.0,63881.4,345907.78,NPR
2026-01-14,ACC0000000829,55175.88,0.0,7623.56,47552.32,NPR
2026-01-14,ACC0000000830,416039.04,0.0,35780.23,380258.81,NPR
2026-01-14,ACC0000000831,171370.11,0.0,0.0,171370.11,NPR
2026-01-14,ACC0000000832,103779.2,0.0,111488.09,-7708.89,NPR
2026-01-14,ACC0000000833,61613.06,7961.69,26132.83,43441.92,NPR
2026-01-14,ACC0000000834,251358.16,0.0,15644.52,235713.64,NPR
2026-01-14,ACC0000000835,59552.74,0.0,0.0,59552.74,NPR
2026-01-14,ACC0000000836,316903.43,0.0,59873.07,257030.36,NPR
2026-01-14,ACC0000000837,28260.85,0.0,157730.13,-129469.28,NPR
2026-01-14,ACC0000000838,66162.51,2460.09,78637.48,-10014.88,NPR
2026-01-14,ACC0000000839,429958.86,45665.9,0.0,475624.76,NPR
2026-01-14,ACC0000000840,230983.39,64128.61,190100.68,105011.32,NPR
2026-01-14,ACC0000000841,10670.92,0.0,16941.34,-6270.42,NPR
2026-01-14,ACC0000000842,407071.54,35106.8,2912.76,439265.58,NPR
2026-01-14,ACC0000000843,172388.22,0.0,93577.42,78810.8,NPR
2026-01-14,ACC0000000844,81264.9,40349.39,36246.54,85367.75,NPR
2026-01-14,ACC0000000845,181910.51,0.0,0.0,181910.51,NPR
2026-01-14,ACC0000000846,324912.54,0.0,80010.43,244902.11,NPR
2026-01-14,ACC0000000847,413526.71,43242.67,59995.39,396773.99,NPR
2026-01-14,ACC0000000848,206753.65,4595.85,78523.82,132825.68,NPR
2026-01-14,ACC0000000849,323774.61,0.0,0.0,323774.61,NPR
2026-01-14,ACC0000000850,345459.9,10116.81,35097.7,320479.01,NPR
2026-01-14,ACC0000000851,258454.19,35942.24,72227.46,222168.97,NPR
2026-01-14,ACC0000000852,497410.02,0.0,66166.9,431243.12,NPR
2026-01-14,ACC0000000853,406504.82,25805.5,0.0,432310.32,NPR
2026-01-14,ACC0000000854,190113.82,18079.63,62681.93,145511.52,NPR
2026-01-14,ACC0000000855,304013.33,10273.94,119046.15,195241.12,NPR
2026-01-14,ACC0000000856,202614.6,44089.94,47747.45,198957.09,NPR
2026-01-14,ACC0000000857,259484.76,0.0,0.0,259484.76,NPR
2026-01-14,ACC0000000858,6011.56,0.0,80465.21,-74453.65,NPR
2026-01-14,ACC0000000859,87980.95,71436.14,0.0,159417.09,NPR
2026-01-14,ACC0000000860,44403.31,0.0,46208.49,-1805.18,NPR
2026-01-14,ACC0000000861,322984.47,0.0,29712.19,293272.28,NPR
2026-01-14,ACC0000000862,414809.49,0.0,53355.35,361454.14,NPR
2026-01-14,ACC0000000863,454873.09,0.0,16242.72,438630.37,NPR
2026-01-14,ACC0000000864,436869.96,45866.08,24187.75,458548.29,NPR
2026-01-14,ACC0000000865,59476.06,0.0,23923.3,35552.76,NPR
2026-01-14,ACC0000000866,441182.93,0.0,94185.17,346997.76,NPR
2026-01-14,ACC0000000867,492151.19,21178.58,57356.64,455973.13,NPR
2026-01-14,ACC0000000868,273837.1,83756.21,54113.84,303479.47,NPR
2026-01-14,ACC0000000869,116841.18,46939.9,25125.09,138655.99,NPR
2026-01-14,ACC0000000870,438703.79,0.0,0.0,438703.79,NPR
2026-01-14,ACC0000000871,321946.54,2544.43,72348.07,252142.9,NPR
2026-01-14,ACC0000000872,481637.87,0.0,91672.72,389965.15,NPR
2026-01-14,ACC0000000873,101633.69,0.0,0.0,101633.69,NPR
2026-01-14,ACC0000000874,473165.23,4834.8,57141.13,420858.9,NPR
2026-01-14,ACC0000000875,81915.25,0.0,0.0,81915.25,NPR
2026-01-14,ACC0000000876,409205.73,0.0,108336.14,300869.59,NPR
2026-01-14,ACC0000000877,52022.35,0.0,0.0,52022.35,NPR
2026-01-14,ACC0000000878,222657.68,41705.14,120546.06,143816.76,NPR
2026-01-14,ACC0000000879,480009.32,36395.48,27307.88,489096.92,NPR
2026-01-14,ACC0000000880,410038.14,26022.66,20446.47,415614.33,NPR
2026-01-14,ACC0000000881,24396.78,0.0,67736.21,-43339.43,NPR
2026-01-14,ACC0000000882,360876.11,0.0,82050.87,278825.24,NPR
2026-01-14,ACC0000000883,428713.0,0.0,183547.04,245165.96,NPR
2026-01-14,ACC0000000884,495338.88,0.0,12052.43,483286.45,NPR
2026-01-14,ACC0000000885,492658.25,0.0,0.0,492658.25,NPR
2026-01-14,ACC0000000886,39424.78,49653.89,39427.71,49650.96,NPR
2026-01-14,ACC0000000887,246699.24,21629.48,31640.38,236688.34,NPR
2026-01-14,ACC0000000888,235124.2,0.0,0.0,235124.2,NPR
2026-01-14,ACC0000000889,55071.1,0.0,30453.31,24617.79,NPR
2026-01-14,ACC0000000890,273169.11,0.0,0.0,273169.11,NPR
2026-01-14,ACC0000000891,419643.73,19098.77,5477.32,433265.18,NPR
2026-01-14,ACC0000000892,299104.68,0.0,31135.75,267968.93,NPR
2026-01-14,ACC0000000893,190140.56,0.0,40764.36,149376.2,NPR
2026-01-14,ACC0000000894,101358.85,0.0,18250.98,83107.87,NPR
2026-01-14,ACC0000000895,382128.41,23997.44,56600.81,349525.04,NPR
2026-01-14,ACC0000000896,468732.28,63943.04,85747.61,446927.71,NPR
2026-01-14,ACC0000000897,86733.99,0.0,0.0,86733.99,NPR
2026-01-14,ACC0000000898,416208.33,0.0,5093.84,411114.49,NPR
2026-01-14,ACC0000000899,31756.8,0.0,71631.41,-39874.61,NPR
2026-01-14,ACC0000000900,9070.78,40841.95,52236.08,-2323.35,NPR
2026-01-14,ACC0000000901,26731.11,28586.69,255359.15,-200041.35,NPR
2026-01-14,ACC0000000902,284632.75,0.0,8297.7,276335.05,NPR
2026-01-14,ACC0000000903,23009.95,646.38,119978.93,-96322.6,NPR
2026-01-14,ACC0000000904,106975.62,0.0,84425.98,22549.64,NPR
2026-01-14,ACC0000000905,30224.62,0.0,39064.15,-8839.53,NPR
2026-01-14,ACC0000000906,292861.0,9874.16,0.0,302735.16,NPR
2026-01-14,ACC0000000907,19802.99,6465.67,53499.08,-27230.42,NPR
2026-01-14,ACC0000000908,60321.61,0.0,85268.56,-24946.95,NPR
2026-01-14,ACC0000000909,333494.76,5704.97,83426.33,255773.4,NPR
2026-01-14,ACC0000000910,273672.18,34011.3,20952.82,286730.66,NPR
2026-01-14,ACC0000000911,16995.82,48154.32,68782.06,-3631.92,NPR
2026-01-14,ACC0000000912,56184.07,0.0,40337.38,15846.69,NPR
2026-01-14,ACC0000000913,361298.84,0.0,74787.71,286511.13,NPR
2026-01-14,ACC0000000914,344961.36,0.0,109233.05,235728.31,NPR
2026-01-14,ACC0000000915,490076.37,0.0,12686.81,477389.56,NPR
2026-01-14,ACC0000000916,254327.12,0.0,44526.19,209800.93,NPR
2026-01-14,ACC0000000917,149315.44,0.0,17354.18,131961.26,NPR
2026-01-14,ACC0000000918,463303.3,0.0,0.0,463303.3,NPR
2026-01-14,ACC0000000919,100965.81,0.0,67803.74,33162.07,NPR
2026-01-14,ACC0000000920,315807.09,36254.07,18274.74,333786.42,NPR
2026-01-14,ACC0000000921,380174.95,0.0,36968.32,343206.63,NPR
2026-01-14,ACC0000000922,61298.45,10956.35,0.0,72254.8,NPR
2026-01-14,ACC0000000923,180929.99,0.0,6364.24,174565.75,NPR
2026-01-14,ACC0000000924,331582.72,15991.71,47188.74,300385.69,NPR
2026-01-14,ACC0000000925,193313.16,0.0,0.0,193313.16,NPR
2026-01-14,ACC0000000926,69577.54,19526.25,77030.22,12073.57,NPR
2026-01-14,ACC0000000927,451458.54,0.0,13956.41,437502.13,NPR
2026-01-14,ACC0000000928,95395.34,80145.34,58813.72,116726.96,NPR
2026-01-14,ACC0000000929,194472.65,0.0,102263.22,92209.43,NPR
2026-01-14,ACC0000000930,212508.72,0.0,0.0,212508.72,NPR
2026-01-14,ACC0000000931,432637.42,0.0,98866.33,333771.09,NPR
2026-01-14,ACC0000000932,124279.53,4946.76,13604.75,115621.54,NPR
2026-01-14,ACC0000000933,163523.6,0.0,0.0,163523.6,NPR
2026-01-14,ACC0000000934,224634.23,0.0,33784.86,190849.37,NPR
2026-01-14,ACC0000000935,458233.88,0.0,93666.81,364567.07,NPR
2026-01-14,ACC0000000936,275438.87,0.0,124049.13,151389.74,NPR
2026-01-14,ACC0000000937,40178.18,9296.83,61491.08,-12016.07,NPR
2026-01-14,ACC0000000938,44892.09,0.0,0.0,44892.09,NPR
2026-01-14,ACC0000000939,30508.35,44523.92,138682.03,-63649.76,NPR
2026-01-14,ACC0000000940,324716.52,0.0,0.0,324716.52,NPR
2026-01-14,ACC0000000941,180582.65,0.0,0.0,180582.65,NPR
2026-01-14,ACC0000000942,115682.8,39205.39,11011.73,143876.46,NPR
2026-01-14,ACC0000000943,355915.2,44258.49,33692.95,366480.74,NPR
2026-01-14,ACC0000000944,196678.58,0.0,100933.76,95744.82,NPR
2026-01-14,ACC0000000945,264422.27,0.0,0.0,264422.27,NPR
2026-01-14,ACC0000000946,244970.3,0.0,35044.3,209926.0,NPR
2026-01-14,ACC0000000947,28464.67,2276.05,84250.14,-53509.42,NPR
2026-01-14,ACC0000000948,253537.3,10983.88,47325.58,217195.6,NPR
2026-01-14,ACC0000000949,375695.09,0.0,145124.91,230570.18,NPR
2026-01-14,ACC0000000950,285734.36,0.0,24702.12,261032.24,NPR
2026-01-14,ACC0000000951,497170.85,0.0,0.0,497170.85,NPR
2026-01-14,ACC0000000952,170970.66,91272.11,49776.93,212465.84,NPR
2026-01-14,ACC0000000953,149996.21,63889.09,0.0,213885.3,NPR
2026-01-14,ACC0000000954,402090.01,0.0,122058.72,280031.29,NPR
2026-01-14,ACC0000000955,429521.66,0.0,0.0,429521.66,NPR
2026-01-14,ACC0000000956,131433.22,0.0,118468.24,12964.98,NPR
2026-01-14,ACC0000000957,75064.24,40455.66,48935.02,66584.88,NPR
2026-01-14,ACC0000000958,152933.32,3038.88,119332.1,36640.1,NPR
2026-01-14,ACC0000000959,37157.09,0.0,63890.55,-26733.46,NPR
2026-01-14,ACC0000000960,105126.63,49916.54,30233.27,124809.9,NPR
2026-01-14,ACC0000000961,497464.03,16394.59,46479.42,467379.2,NPR
2026-01-14,ACC0000000962,187163.46,81652.3,117398.2,151417.56,NPR
2026-01-14,ACC0000000963,405162.61,0.0,64362.65,340799.96,NPR
2026-01-14,ACC0000000964,440437.4,0.0,0.0,440437.4,NPR
2026-01-14,ACC0000000965,66815.91,1346.36,94600.46,-26438.19,NPR
2026-01-14,ACC0000000966,423228.09,0.0,91649.61,331578.48,NPR
2026-01-14,ACC0000000967,103212.09,0.0,124731.16,-21519.07,NPR
2026-01-14,ACC0000000968,408602.09,0.0,44106.42,364495.67,NPR
2026-01-14,ACC0000000969,107489.42,0.0,0.0,107489.42,NPR
2026-01-14,ACC0000000970,457484.84,0.0,34001.0,423483.84,NPR
2026-01-14,ACC0000000971,156308.92,0.0,7054.3,149254.62,NPR
2026-01-14,ACC0000000972,259463.17,0.0,88335.04,171128.13,NPR
2026-01-14,ACC0000000973,177473.8,24453.87,65423.09,136504.58,NPR
2026-01-14,ACC0000000974,354693.22,0.0,10544.18,344149.04,NPR
2026-01-14,ACC0000000975,441132.98,0.0,44558.85,396574.13,NPR
2026-01-14,ACC0000000976,116302.24,55686.74,66362.31,105626.67,NPR
2026-01-14,ACC0000000977,79716.62,26528.65,61355.26,44890.01,NPR
2026-01-14,ACC0000000978,496507.86,0.0,98202.48,398305.38,NPR
2026-01-14,ACC0000000979,389365.2,0.0,0.0,389365.2,NPR
2026-01-14,ACC0000000980,25687.19,0.0,19370.7,6316.49,NPR
2026-01-14,ACC0000000981,330960.0,15238.62,79259.24,266939.38,NPR
2026-01-14,ACC0000000982,89315.74,0.0,86101.28,3214.46,NPR
2026-01-14,ACC0000000983,187534.14,0.0,42558.35,144975.79,NPR
2026-01-14,ACC0000000984,215362.28,0.0,16779.69,198582.59,NPR
2026-01-14,ACC0000000985,178435.49,61502.25,12995.72,226942.02,NPR
2026-01-14,ACC0000000986,371343.17,0.0,50314.63,321028.54,NPR
2026-01-14,ACC0000000987,323040.33,47400.9,43876.96,326564.27,NPR
2026-01-14,ACC0000000988,301476.42,25046.13,135048.6,191473.95,NPR
2026-01-14,ACC0000000989,457312.5,0.0,28498.41,428814.09,NPR
2026-01-14,ACC0000000990,347450.78,3831.72,79906.81,271375.69,NPR
2026-01-14,ACC0000000991,303261.71,23063.24,64009.75,262315.2,NPR
2026-01-14,ACC0000000992,154819.12,68282.67,74306.26,148795.53,NPR
2026-01-14,ACC0000000993,88197.72,0.0,18922.25,69275.47,NPR
2026-01-14,ACC0000000994,474615.42,0.0,56485.88,418129.54,NPR
2026-01-14,ACC0000000995,211439.43,0.0,0.0,211439.43,NPR
2026-01-14,ACC0000000996,436614.6,0.0,0.0,436614.6,NPR
2026-01-14,ACC0000000997,356644.74,47677.75,76904.4,327418.09,NPR
2026-01-14,ACC0000000998,71058.77,0.0,80576.47,-9517.7,NPR
2026-01-14,ACC0000000999,433138.52,7033.97,134793.6,305378.89,NPR
2026-01-14,ACC0000001000,490228.18,0.0,0.0,490228.18,NPR
2026-01-14,ACC0000001001,436566.97,0.0,74015.64,362551.33,NPR
2026-01-14,ACC0000001002,422047.59,53483.2,80329.46,395201.33,NPR
2026-01-14,ACC0000001003,211345.91,0.0,0.0,211345.91,NPR
2026-01-14,ACC0000001004,293550.78,33988.0,69481.97,258056.81,NPR
2026-01-14,ACC0000001005,228645.72,35958.79,0.0,264604.51,NPR
2026-01-14,ACC0000001006,40903.35,0.0,123103.14,-82199.79,NPR
2026-01-14,ACC0000001007,315733.2,0.0,19553.78,296179.42,NPR
2026-01-14,ACC0000001008,30907.54,0.0,38342.72,-7435.18,NPR
2026-01-14,ACC0000001009,17496.02,0.0,21268.4,-3772.38,NPR
2026-01-14,ACC0000001010,367099.87,0.0,134967.48,232132.39,NPR
2026-01-14,ACC0000001011,334269.66,33379.3,32735.23,334913.73,NPR
2026-01-14,ACC0000001012,165710.48,2614.06,96072.55,72251.99,NPR
2026-01-14,ACC0000001013,424838.92,0.0,93464.31,331374.61,NPR
2026-01-14,ACC0000001014,185530.12,0.0,0.0,185530.12,NPR
2026-01-14,ACC0000001015,110239.09,0.0,0.0,110239.09,NPR
2026-01-14,ACC0000001016,74600.1,75591.48,0.0,150191.58,NPR
2026-01-14,ACC0000001017,464158.76,0.0,38974.61,425184.15,NPR
2026-01-14,ACC0000001018,155716.71,16643.98,103784.21,68576.48,NPR
2026-01-14,ACC0000001019,302064.08,0.0,0.0,302064.08,NPR
2026-01-14,ACC0000001020,300231.4,0.0,100575.63,199655.77,NPR
2026-01-14,ACC0000001021,70907.77,45218.97,0.0,116126.74,NPR
2026-01-14,ACC0000001022,218113.57,0.0,2759.25,215354.32,NPR
2026-01-14,ACC0000001023,414477.7,0.0,101281.24,313196.46,NPR
2026-01-14,ACC0000001024,202678.52,0.0,29839.1,172839.42,NPR
2026-01-14,ACC0000001025,417850.95,0.0,0.0,417850.95,NPR
2026-01-14,ACC0000001026,414279.96,10655.24,121161.98,303773.22,NPR
2026-01-14,ACC0000001027,416195.81,0.0,0.0,416195.81,NPR
2026-01-14,ACC0000001028,367225.31,0.0,83440.69,283784.62,NPR
2026-01-14,ACC0000001029,392370.95,0.0,5215.12,387155.83,NPR
2026-01-14,ACC0000001030,60260.01,28283.39,19210.81,69332.59,NPR
2026-01-14,ACC0000001031,439181.86,49951.11,16230.46,472902.51,NPR
2026-01-14,ACC0000001032,411257.53,72003.06,23158.77,460101.82,NPR
2026-01-14,ACC0000001033,211959.7,0.0,18319.09,193640.61,NPR
2026-01-14,ACC0000001034,75428.25,0.0,0.0,75428.25,NPR
2026-01-14,ACC0000001035,135628.61,0.0,0.0,135628.61,NPR
2026-01-14,ACC0000001036,71768.46,0.0,0.0,71768.46,NPR
2026-01-14,ACC0000001037,453797.62,0.0,35210.95,418586.67,NPR
2026-01-14,ACC0000001038,313981.42,20249.1,89702.95,244527.57,NPR
2026-01-14,ACC0000001039,377845.49,0.0,80443.14,297402.35,NPR
2026-01-14,ACC0000001040,141171.88,0.0,47367.05,93804.83,NPR
2026-01-14,ACC0000001041,154698.03,0.0,82172.44,72525.59,NPR
2026-01-14,ACC0000001042,442404.17,0.0,9663.33,432740.84,NPR
2026-01-14,ACC0000001043,313372.51,30476.35,0.0,343848.86,NPR
2026-01-14,ACC0000001044,470745.69,1290.73,147337.99,324698.43,NPR
2026-01-14,ACC0000001045,255998.58,0.0,1146.87,254851.71,NPR
2026-01-14,ACC0000001046,360618.39,3106.73,105657.87,258067.25,NPR
2026-01-14,ACC0000001047,374659.75,18387.92,37923.28,355124.39,NPR
2026-01-14,ACC0000001048,366233.71,0.0,41806.96,324426.75,NPR
2026-01-14,ACC0000001049,354182.37,0.0,100777.48,253404.89,NPR
2026-01-14,ACC0000001050,146842.76,0.0,31887.23,114955.53,NPR
2026-01-14,ACC0000001051,411796.37,5246.73,44582.24,372460.86,NPR
2026-01-14,ACC0000001052,480187.5,0.0,108300.16,371887.34,NPR
2026-01-14,ACC0000001053,442091.85,46567.44,6163.52,482495.77,NPR
2026-01-14,ACC0000001054,15494.4,0.0,114499.23,-99004.83,NPR
2026-01-14,ACC0000001055,183681.07,0.0,95472.23,88208.84,NPR
2026-01-14,ACC0000001056,181883.14,0.0,74661.99,107221.15,NPR
2026-01-14,ACC0000001057,451671.3,0.0,83768.37,367902.93,NPR
2026-01-14,ACC0000001058,261055.33,0.0,110878.27,150177.06,NPR
2026-01-14,ACC0000001059,59131.89,0.0,21762.1,37369.79,NPR
2026-01-14,ACC0000001060,21065.84,25518.4,23267.34,23316.9,NPR
2026-01-14,ACC0000001061,9609.67,44500.68,2643.21,51467.14,NPR
2026-01-14,ACC0000001062,8956.26,0.0,0.0,8956.26,NPR
2026-01-14,ACC0000001063,317406.44,0.0,84166.65,233239.79,NPR
2026-01-14,ACC0000001064,88384.53,0.0,59618.22,28766.31,NPR
2026-01-14,ACC0000001065,427548.01,0.0,46352.79,381195.22,NPR
2026-01-14,ACC0000001066,464772.71,0.0,0.0,464772.71,NPR
2026-01-14,ACC0000001067,318931.03,0.0,7829.92,311101.11,NPR
2026-01-14,ACC0000001068,80250.33,5103.97,69501.86,15852.44,NPR
2026-01-14,ACC0000001069,381024.83,0.0,192246.89,188777.94,NPR
2026-01-14,ACC0000001070,126253.21,6479.14,60184.73,72547.62,NPR
2026-01-14,ACC0000001071,438981.06,0.0,0.0,438981.06,NPR
2026-01-14,ACC0000001072,136491.72,0.0,54960.83,81530.89,NPR
2026-01-14,ACC0000001073,7024.67,5277.7,215786.4,-203484.03,NPR
2026-01-14,ACC0000001074,145477.43,0.0,99032.6,46444.83,NPR
2026-01-14,ACC0000001075,126691.82,0.0,0.0,126691.82,NPR
2026-01-14,ACC0000001076,475034.46,0.0,0.0,475034.46,NPR
2026-01-14,ACC0000001077,460994.78,0.0,89445.61,371549.17,NPR
2026-01-14,ACC0000001078,319311.61,0.0,0.0,319311.61,NPR
2026-01-14,ACC0000001079,326743.7,27472.99,57601.94,296614.75,NPR
2026-01-14,ACC0000001080,10975.53,0.0,89749.79,-78774.26,NPR
2026-01-14,ACC0000001081,499007.25,0.0,20230.29,478776.96,NPR
2026-01-14,ACC0000001082,427950.42,1679.43,15541.07,414088.78,NPR
2026-01-14,ACC0000001083,80063.4,0.0,42122.58,37940.82,NPR
2026-01-14,ACC0000001084,403994.35,43794.37,61733.86,386054.86,NPR
2026-01-14,ACC0000001085,124012.75,49740.27,13631.86,160121.16,NPR
2026-01-14,ACC0000001086,34215.66,0.0,79588.47,-45372.81,NPR
2026-01-14,ACC0000001087,71429.5,0.0,11144.39,60285.11,NPR
2026-01-14,ACC0000001088,296994.53,35012.03,151055.3,180951.26,NPR
2026-01-14,ACC0000001089,191031.75,46896.92,0.0,237928.67,NPR
2026-01-14,ACC0000001090,469439.35,0.0,12106.09,457333.26,NPR
2026-01-14,ACC0000001091,16739.71,0.0,0.0,16739.71,NPR
2026-01-14,ACC0000001092,29619.63,42486.05,36002.79,36102.89,NPR
2026-01-14,ACC0000001093,299378.95,11362.82,35923.01,274818.76,NPR
2026-01-14,ACC0000001094,144350.04,0.0,0.0,144350.04,NPR
2026-01-14,ACC0000001095,304864.68,0.0,11721.09,293143.59,NPR
2026-01-14,ACC0000001096,17603.07,0.0,0.0,17603.07,NPR
2026-01-14,ACC0000001097,257632.58,0.0,12526.94,245105.64,NPR
2026-01-14,ACC0000001098,55163.78,0.0,13654.12,41509.66,NPR
2026-01-14,ACC0000001099,305578.37,55077.29,73391.5,287264.16,NPR
2026-01-14,ACC0000001100,372576.71,30944.62,37329.71,366191.62,NPR
2026-01-14,ACC0000001101,81042.93,28717.58,132703.89,-22943.38,NPR
2026-01-14,ACC0000001102,106616.76,0.0,0.0,106616.76,NPR
2026-01-14,ACC0000001103,115119.27,0.0,137410.44,-22291.17,NPR
2026-01-14,ACC0000001104,26678.07,0.0,58347.32,-31669.25,NPR
2026-01-14,ACC0000001105,449914.56,0.0,75014.38,374900.18,NPR
2026-01-14,ACC0000001106,386999.69,0.0,63740.5,323259.19,NPR
2026-01-14,ACC0000001107,207769.6,0.0,0.0,207769.6,NPR
2026-01-14,ACC0000001108,34575.35,7598.13,0.0,42173.48,NPR
2026-01-14,ACC0000001109,61268.31,37636.33,42061.32,56843.32,NPR
2026-01-14,ACC0000001110,63801.67,0.0,46744.11,17057.56,NPR
2026-01-14,ACC0000001111,103630.46,7278.81,20270.04,90639.23,NPR
2026-01-14,ACC0000001112,10502.29,0.0,0.0,10502.29,NPR
2026-01-14,ACC0000001113,315462.59,0.0,0.0,315462.59,NPR
2026-01-14,ACC0000001114,65296.32,0.0,52033.35,13262.97,NPR
2026-01-14,ACC0000001115,202942.08,0.0,29234.7,173707.38,NPR
2026-01-14,ACC0000001116,456183.85,41081.33,0.0,497265.18,NPR
2026-01-14,ACC0000001117,287668.74,49190.14,0.0,336858.88,NPR
2026-01-14,ACC0000001118,65514.53,0.0,46149.62,19364.91,NPR
2026-01-14,ACC0000001119,262105.65,14068.89,0.0,276174.54,NPR
2026-01-14,ACC0000001120,485086.21,0.0,0.0,485086.21,NPR
2026-01-14,ACC0000001121,162771.81,0.0,38796.25,123975.56,NPR
2026-01-14,ACC0000001122,494925.03,0.0,36692.56,458232.47,NPR
2026-01-14,ACC0000001123,227228.99,0.0,21158.31,206070.68,NPR
2026-01-14,ACC0000001124,198972.0,0.0,0.0,198972.0,NPR
2026-01-14,ACC0000001125,277505.81,29031.28,81940.63,224596.46,NPR
2026-01-14,ACC0000001126,206772.08,68170.98,102603.29,172339.77,NPR
2026-01-14,ACC0000001127,94066.94,0.0,49231.89,44835.05,NPR
2026-01-14,ACC0000001128,294803.28,0.0,43959.12,250844.16,NPR
2026-01-14,ACC0000001129,250114.28,20132.88,0.0,270247.16,NPR
2026-01-14,ACC0000001130,104067.17,43101.24,13262.05,133906.36,NPR
2026-01-14,ACC0000001131,223675.5,0.0,87274.35,136401.15,NPR
2026-01-14,ACC0000001132,147328.71,0.0,102537.17,44791.54,NPR
2026-01-14,ACC0000001133,264455.0,0.0,99791.55,164663.45,NPR
2026-01-14,ACC0000001134,272833.42,0.0,0.0,272833.42,NPR
2026-01-14,ACC0000001135,167289.44,50311.63,20623.94,196977.13,NPR
2026-01-14,ACC0000001136,478655.6,0.0,163674.93,314980.67,NPR
2026-01-14,ACC0000001137,487474.45,0.0,0.0,487474.45,NPR
2026-01-14,ACC0000001138,414359.16,0.0,0.0,414359.16,NPR
2026-01-14,ACC0000001139,129545.73,4868.88,54237.03,80177.58,NPR
2026-01-14,ACC0000001140,483172.12,65246.34,79586.7,468831.76,NPR
2026-01-14,ACC0000001141,406543.18,0.0,35907.68,370635.5,NPR
2026-01-14,ACC0000001142,40462.05,0.0,98308.35,-57846.3,NPR
2026-01-14,ACC0000001143,429786.09,0.0,69424.15,360361.94,NPR
2026-01-14,ACC0000001144,277713.09,15034.59,94190.92,198556.76,NPR
2026-01-14,ACC0000001145,448962.21,0.0,47384.82,401577.39,NPR
2026-01-14,ACC0000001146,84621.65,87146.79,123597.21,48171.23,NPR
2026-01-14,ACC0000001147,498386.24,0.0,101292.53,397093.71,NPR
2026-01-14,ACC0000001148,253496.01,17539.43,44937.15,226098.29,NPR
2026-01-14,ACC0000001149,172836.14,35364.69,74767.76,133433.07,NPR
2026-01-14,ACC0000001150,301285.34,0.0,0.0,301285.34,NPR
2026-01-14,ACC0000001151,327134.9,0.0,0.0,327134.9,NPR
2026-01-14,ACC0000001152,400284.98,0.0,0.0,400284.98,NPR
2026-01-14,ACC0000001153,255443.58,32262.27,70124.5,217581.35,NPR
2026-01-14,ACC0000001154,464121.58,43009.44,10504.1,496626.92,NPR
2026-01-14,ACC0000001155,128937.94,0.0,87704.79,41233.15,NPR
2026-01-14,ACC0000001156,156040.29,40214.53,32234.31,164020.51,NPR
2026-01-14,ACC0000001157,76236.47,2110.17,62320.77,16025.87,NPR
2026-01-14,ACC0000001158,2234.09,0.0,54394.25,-52160.16,NPR
2026-01-14,ACC0000001159,236118.78,0.0,96355.91,139762.87,NPR
2026-01-14,ACC0000001160,392109.08,86584.98,163746.97,314947.09,NPR
2026-01-14,ACC0000001161,386137.35,0.0,60490.86,325646.49,NPR
2026-01-14,ACC0000001162,51938.43,0.0,0.0,51938.43,NPR
2026-01-14,ACC0000001163,104403.28,0.0,87038.68,17364.6,NPR
2026-01-14,ACC0000001164,468168.5,69182.1,63318.34,474032.26,NPR
2026-01-14,ACC0000001165,71799.33,0.0,59077.0,12722.33,NPR
2026-01-14,ACC0000001166,236515.25,0.0,15283.26,221231.99,NPR
2026-01-14,ACC0000001167,496601.18,59554.62,33639.44,522516.36,NPR
2026-01-14,ACC0000001168,181446.65,0.0,68765.72,112680.93,NPR
2026-01-14,ACC0000001169,284719.56,0.0,13591.66,271127.9,NPR
2026-01-14,ACC0000001170,468727.0,26850.37,42457.48,453119.89,NPR
2026-01-14,ACC0000001171,164223.24,0.0,67670.7,96552.54,NPR
2026-01-14,ACC0000001172,339146.6,0.0,71964.33,267182.27,NPR
2026-01-14,ACC0000001173,108511.51,2057.36,0.0,110568.87,NPR
2026-01-14,ACC0000001174,37781.22,38814.03,64478.98,12116.27,NPR
2026-01-14,ACC0000001175,249760.21,0.0,39480.6,210279.61,NPR
2026-01-14,ACC0000001176,124398.34,0.0,0.0,124398.34,NPR
2026-01-14,ACC0000001177,361682.81,0.0,90114.63,271568.18,NPR
2026-01-14,ACC0000001178,28001.52,0.0,0.0,28001.52,NPR
2026-01-14,ACC0000001179,414102.06,0.0,14854.62,399247.44,NPR
2026-01-14,ACC0000001180,326640.89,0.0,75422.09,251218.8,NPR
2026-01-14,ACC0000001181,487384.52,27408.35,75497.5,439295.37,NPR
2026-01-14,ACC0000001182,308204.98,0.0,88020.12,220184.86,NPR
2026-01-14,ACC0000001183,122019.26,28019.02,139458.38,10579.9,NPR
2026-01-14,ACC0000001184,470760.84,224.6,65012.06,405973.38,NPR
2026-01-14,ACC0000001185,156219.56,0.0,44920.96,111298.6,NPR
2026-01-14,ACC0000001186,304308.51,0.0,135155.85,169152.66,NPR
2026-01-14,ACC0000001187,415472.58,29580.79,27874.11,417179.26,NPR
2026-01-14,ACC0000001188,287168.79,0.0,0.0,287168.79,NPR
2026-01-14,ACC0000001189,448399.49,24455.27,0.0,472854.76,NPR
2026-01-14,ACC0000001190,411750.44,0.0,3799.45,407950.99,NPR
2026-01-14,ACC0000001191,272081.14,101629.93,64855.15,308855.92,NPR
2026-01-14,ACC0000001192,487818.46,18957.56,0.0,506776.02,NPR
2026-01-14,ACC0000001193,64689.09,0.0,29132.98,35556.11,NPR
2026-01-14,ACC0000001194,334756.83,0.0,15993.6,318763.23,NPR
2026-01-14,ACC0000001195,205824.28,36455.42,1411.76,240867.94,NPR
2026-01-14,ACC0000001196,396384.7,0.0,24021.23,372363.47,NPR
2026-01-14,ACC0000001197,49546.85,59435.47,72670.43,36311.89,NPR
2026-01-14,ACC0000001198,317170.65,11778.76,34639.27,294310.14,NPR
2026-01-14,ACC0000001199,477195.96,0.0,0.0,477195.96,NPR
2026-01-14,ACC0000001200,125756.16,0.0,35375.64,90380.52,NPR
2026-01-14,ACC0000001201,35258.64,0.0,153245.43,-117986.79,NPR
2026-01-14,ACC0000001202,450700.93,0.0,64250.98,386449.95,NPR
2026-01-14,ACC0000001203,414680.19,0.0,0.0,414680.19,NPR
2026-01-14,ACC0000001204,471796.56,0.0,65296.36,406500.2,NPR
2026-01-14,ACC0000001205,466284.79,49180.12,44352.98,471111.93,NPR
2026-01-14,ACC0000001206,160187.23,0.0,57271.52,102915.71,NPR
2026-01-14,ACC0000001207,131946.46,45070.1,88040.09,88976.47,NPR
2026-01-14,ACC0000001208,15491.02,0.0,36748.01,-21256.99,NPR
2026-01-14,ACC0000001209,30275.63,0.0,46838.53,-16562.9,NPR
2026-01-14,ACC0000001210,275475.46,39439.17,19238.68,295675.95,NPR
2026-01-14,ACC0000001211,214066.81,28292.05,93459.43,148899.43,NPR
2026-01-14,ACC0000001212,84356.76,37406.55,41125.6,80637.71,NPR
2026-01-14,ACC0000001213,211682.31,0.0,0.0,211682.31,NPR
2026-01-14,ACC0000001214,151922.86,0.0,17902.92,134019.94,NPR
2026-01-14,ACC0000001215,22050.85,0.0,34861.42,-12810.57,NPR
2026-01-14,ACC0000001216,258387.78,0.0,0.0,258387.78,NPR
2026-01-14,ACC0000001217,253152.62,0.0,27790.98,225361.64,NPR
2026-01-14,ACC0000001218,279752.49,0.0,58693.54,221058.95,NPR
2026-01-14,ACC0000001219,32554.63,0.0,3027.45,29527.18,NPR
2026-01-14,ACC0000001220,309030.21,0.0,12939.34,296090.87,NPR
2026-01-14,ACC0000001221,64709.9,0.0,46218.0,18491.9,NPR
2026-01-14,ACC0000001222,211351.01,36837.31,43685.02,204503.3,NPR
2026-01-14,ACC0000001223,331355.01,0.0,117982.67,213372.34,NPR
2026-01-14,ACC0000001224,164280.66,0.0,31428.27,132852.39,NPR
2026-01-14,ACC0000001225,335633.67,0.0,0.0,335633.67,NPR
2026-01-14,ACC0000001226,392972.75,0.0,0.0,392972.75,NPR
2026-01-14,ACC0000001227,332994.61,18506.3,0.0,351500.91,NPR
2026-01-14,ACC0000001228,307239.6,0.0,0.0,307239.6,NPR
2026-01-14,ACC0000001229,345092.85,0.0,75453.23,269639.62,NPR
2026-01-14,ACC0000001230,361725.96,0.0,16790.53,344935.43,NPR
2026-01-14,ACC0000001231,353923.61,47990.24,124806.39,277107.46,NPR
2026-01-14,ACC0000001232,430786.51,0.0,127529.19,303257.32,NPR
2026-01-14,ACC0000001233,387474.67,21257.8,107070.47,301662.0,NPR
2026-01-14,ACC0000001234,376754.32,0.0,0.0,376754.32,NPR
2026-01-14,ACC0000001235,409998.82,336.6,14325.68,396009.74,NPR
2026-01-14,ACC0000001236,11334.01,0.0,29315.46,-17981.45,NPR
2026-01-14,ACC0000001237,83529.31,73545.26,52880.35,104194.22,NPR
2026-01-14,ACC0000001238,156918.92,46773.98,0.0,203692.9,NPR
2026-01-14,ACC0000001239,50821.12,0.0,0.0,50821.12,NPR
2026-01-14,ACC0000001240,243830.01,0.0,0.0,243830.01,NPR
2026-01-14,ACC0000001241,448750.81,85435.49,40351.08,493835.22,NPR
2026-01-14,ACC0000001242,406507.54,15442.14,53130.8,368818.88,NPR
2026-01-14,ACC0000001243,25114.0,0.0,0.0,25114.0,NPR
2026-01-14,ACC0000001244,470909.48,12848.39,20220.53,463537.34,NPR
2026-01-14,ACC0000001245,384107.14,45755.64,57256.81,372605.97,NPR
2026-01-14,ACC0000001246,484379.79,0.0,86139.65,398240.14,NPR
2026-01-14,ACC0000001247,411972.9,0.0,31889.41,380083.49,NPR
2026-01-14,ACC0000001248,484266.19,0.0,0.0,484266.19,NPR
2026-01-14,ACC0000001249,53893.25,0.0,53963.21,-69.96,NPR
2026-01-14,ACC0000001250,23625.04,4145.24,24780.89,2989.39,NPR
2026-01-14,ACC0000001251,42917.96,0.0,176558.73,-133640.77,NPR
2026-01-14,ACC0000001252,247925.36,0.0,0.0,247925.36,NPR
2026-01-14,ACC0000001253,485040.9,44016.54,55454.91,473602.53,NPR
2026-01-14,ACC0000001254,311903.5,0.0,0.0,311903.5,NPR
2026-01-14,ACC0000001255,252003.85,0.0,54932.39,197071.46,NPR
2026-01-14,ACC0000001256,249417.34,31510.25,35629.27,245298.32,NPR
2026-01-14,ACC0000001257,455347.96,13935.06,77362.25,391920.77,NPR
2026-01-14,ACC0000001258,97747.67,16284.21,74489.62,39542.26,NPR
2026-01-14,ACC0000001259,95955.06,61398.44,31623.78,125729.72,NPR
2026-01-14,ACC0000001260,358422.37,0.0,27527.31,330895.06,NPR
2026-01-14,ACC0000001261,429744.84,0.0,43181.02,386563.82,NPR
2026-01-14,ACC0000001262,338157.08,0.0,0.0,338157.08,NPR
2026-01-14,ACC0000001263,155310.26,0.0,14970.1,140340.16,NPR
2026-01-14,ACC0000001264,489853.5,0.0,0.0,489853.5,NPR
2026-01-14,ACC0000001265,448892.21,15495.33,21601.9,442785.64,NPR
2026-01-14,ACC0000001266,52861.36,0.0,135168.15,-82306.79,NPR
2026-01-14,ACC0000001267,88141.25,0.0,42540.02,45601.23,NPR
2026-01-14,ACC0000001268,172923.59,35446.25,56041.07,152328.77,NPR
2026-01-14,ACC0000001269,163652.99,0.0,55641.26,108011.73,NPR
2026-01-14,ACC0000001270,187431.64,0.0,40895.09,146536.55,NPR
2026-01-14,ACC0000001271,264334.99,0.0,62447.05,201887.94,NPR
2026-01-14,ACC0000001272,217121.97,0.0,34178.49,182943.48,NPR
2026-01-14,ACC0000001273,232869.47,0.0,121057.66,111811.81,NPR
2026-01-14,ACC0000001274,20162.27,0.0,79153.23,-58990.96,NPR
2026-01-14,ACC0000001275,221592.57,18112.85,0.0,239705.42,NPR
2026-01-14,ACC0000001276,71244.59,0.0,35294.62,35949.97,NPR
2026-01-14,ACC0000001277,395169.85,35718.77,77343.36,353545.26,NPR
2026-01-14,ACC0000001278,433929.35,0.0,32096.66,401832.69,NPR
2026-01-14,ACC0000001279,452316.86,29960.52,8938.53,473338.85,NPR
2026-01-14,ACC0000001280,284872.23,71620.1,69916.23,286576.1,NPR
2026-01-14,ACC0000001281,135179.26,0.0,9705.12,125474.14,NPR
2026-01-14,ACC0000001282,310832.93,54003.75,68195.56,296641.12,NPR
2026-01-14,ACC0000001283,146398.35,25224.31,58016.75,113605.91,NPR
2026-01-14,ACC0000001284,371503.88,47252.57,0.0,418756.45,NPR
2026-01-14,ACC0000001285,144395.98,0.0,0.0,144395.98,NPR
2026-01-14,ACC0000001286,151290.15,0.0,32261.92,119028.23,NPR
2026-01-14,ACC0000001287,184632.24,0.0,1663.97,182968.27,NPR
2026-01-14,ACC0000001288,67760.38,0.0,43477.78,24282.6,NPR
2026-01-14,ACC0000001289,83893.65,313.78,45979.59,38227.84,NPR
2026-01-14,ACC0000001290,396303.18,0.0,4589.68,391713.5,NPR
2026-01-14,ACC0000001291,343936.11,41902.62,57212.38,328626.35,NPR
2026-01-14,ACC0000001292,146243.75,0.0,125342.43,20901.32,NPR
2026-01-14,ACC0000001293,444109.15,97325.19,124440.56,416993.78,NPR
2026-01-14,ACC0000001294,62546.83,0.0,0.0,62546.83,NPR
2026-01-14,ACC0000001295,44675.9,0.0,94512.71,-49836.81,NPR
2026-01-14,ACC0000001296,346809.09,0.0,0.0,346809.09,NPR
2026-01-14,ACC0000001297,189351.88,65570.37,0.0,254922.25,NPR
2026-01-14,ACC0000001298,204242.24,0.0,60766.36,143475.88,NPR
2026-01-14,ACC0000001299,499468.98,45491.72,6893.69,538067.01,NPR
2026-01-14,ACC0000001300,300067.72,0.0,9290.06,290777.66,NPR
2026-01-14,ACC0000001301,313628.99,54713.43,57381.06,310961.36,NPR
2026-01-14,ACC0000001302,172556.6,9299.68,7167.15,174689.13,NPR
2026-01-14,ACC0000001303,132283.91,0.0,26195.84,106088.07,NPR
2026-01-14,ACC0000001304,372477.73,0.0,0.0,372477.73,NPR
2026-01-14,ACC0000001305,126185.27,0.0,0.0,126185.27,NPR
2026-01-14,ACC0000001306,255562.37,0.0,105122.81,150439.56,NPR
2026-01-14,ACC0000001307,323223.86,0.0,95584.93,227638.93,NPR
2026-01-14,ACC0000001308,491725.37,0.0,10716.9,481008.47,NPR
2026-01-14,ACC0000001309,304576.15,41355.25,30127.88,315803.52,NPR
2026-01-14,ACC0000001310,63409.56,65205.73,14741.0,113874.29,NPR
2026-01-14,ACC0000001311,289503.89,16421.01,0.0,305924.9,NPR
2026-01-14,ACC0000001312,76539.48,0.0,0.0,76539.48,NPR
2026-01-14,ACC0000001313,107408.37,0.0,24367.47,83040.9,NPR
2026-01-14,ACC0000001314,468845.44,42600.9,6668.25,504778.09,NPR
2026-01-14,ACC0000001315,16844.21,25648.29,75379.2,-32886.7,NPR
2026-01-14,ACC0000001316,19086.05,0.0,46457.91,-27371.86,NPR
2026-01-14,ACC0000001317,241388.4,0.0,1878.4,239510.0,NPR
2026-01-14,ACC0000001318,294476.24,0.0,45167.19,249309.05,NPR
2026-01-14,ACC0000001319,470141.56,12407.44,73188.32,409360.68,NPR
2026-01-14,ACC0000001320,56925.89,0.0,55883.9,1041.99,NPR
2026-01-14,ACC0000001321,191437.15,0.0,3464.73,187972.42,NPR
2026-01-14,ACC0000001322,83951.04,0.0,0.0,83951.04,NPR
2026-01-14,ACC0000001323,399488.09,0.0,54048.25,345439.84,NPR
2026-01-14,ACC0000001324,250206.47,19863.05,22148.07,247921.45,NPR
2026-01-14,ACC0000001325,460510.6,22679.51,92780.16,390409.95,NPR
2026-01-14,ACC0000001326,231885.04,0.0,94029.63,137855.41,NPR
2026-01-14,ACC0000001327,88500.33,0.0,11577.42,76922.91,NPR
2026-01-14,ACC0000001328,437261.19,77031.77,52412.79,461880.17,NPR
2026-01-14,ACC0000001329,93983.13,0.0,75242.17,18740.96,NPR
2026-01-14,ACC0000001330,277230.96,0.0,62646.2,214584.76,NPR
2026-01-14,ACC0000001331,434294.57,0.0,28796.3,405498.27,NPR
2026-01-14,ACC0000001332,53812.59,0.0,30330.63,23481.96,NPR
2026-01-14,ACC0000001333,414394.46,0.0,0.0,414394.46,NPR
2026-01-14,ACC0000001334,196110.97,68664.41,65975.14,198800.24,NPR
2026-01-14,ACC0000001335,368577.53,30644.6,146899.03,252323.1,NPR
2026-01-14,ACC0000001336,482970.08,0.0,0.0,482970.08,NPR
2026-01-14,ACC0000001337,175468.35,0.0,2685.42,172782.93,NPR
2026-01-14,ACC0000001338,13397.69,48879.71,13970.14,48307.26,NPR
2026-01-14,ACC0000001339,211338.63,41253.16,39652.31,212939.48,NPR
2026-01-14,ACC0000001340,261819.55,0.0,88357.86,173461.69,NPR
2026-01-14,ACC0000001341,429453.86,0.0,30305.46,399148.4,NPR
2026-01-14,ACC0000001342,136634.09,0.0,15770.97,120863.12,NPR
2026-01-14,ACC0000001343,154442.79,0.0,0.0,154442.79,NPR
2026-01-14,ACC0000001344,223015.28,0.0,44835.48,178179.8,NPR
2026-01-14,ACC0000001345,389429.06,32337.95,52844.13,368922.88,NPR
2026-01-14,ACC0000001346,171678.66,94214.48,66741.56,199151.58,NPR
2026-01-14,ACC0000001347,249710.65,0.0,0.0,249710.65,NPR
2026-01-14,ACC0000001348,95531.87,0.0,79226.22,16305.65,NPR
2026-01-14,ACC0000001349,269188.57,0.0,93063.2,176125.37,NPR
2026-01-14,ACC0000001350,416924.24,11742.32,50574.56,378092.0,NPR
2026-01-14,ACC0000001351,235319.08,0.0,26757.88,208561.2,NPR
2026-01-14,ACC0000001352,319870.73,0.0,50297.03,269573.7,NPR
2026-01-14,ACC0000001353,10173.72,0.0,77687.91,-67514.19,NPR
2026-01-14,ACC0000001354,72672.88,64444.47,100701.91,36415.44,NPR
2026-01-14,ACC0000001355,413325.83,0.0,40660.54,372665.29,NPR
2026-01-14,ACC0000001356,86269.85,10276.55,0.0,96546.4,NPR
2026-01-14,ACC0000001357,401330.18,0.0,55527.56,345802.62,NPR
2026-01-14,ACC0000001358,474183.2,0.0,46151.32,428031.88,NPR
2026-01-14,ACC0000001359,163522.22,0.0,70764.08,92758.14,NPR
2026-01-14,ACC0000001360,238846.85,32006.06,52049.79,218803.12,NPR
2026-01-14,ACC0000001361,456078.26,0.0,0.0,456078.26,NPR
2026-01-14,ACC0000001362,413837.02,0.0,11781.7,402055.32,NPR
2026-01-14,ACC0000001363,239022.43,0.0,89975.0,149047.43,NPR
2026-01-14,ACC0000001364,25696.09,0.0,70620.98,-44924.89,NPR
2026-01-14,ACC0000001365,323025.25,0.0,117713.19,205312.06,NPR
2026-01-14,ACC0000001366,428519.38,0.0,53380.91,375138.47,NPR
2026-01-14,ACC0000001367,47164.46,0.0,0.0,47164.46,NPR
2026-01-14,ACC0000001368,421232.38,0.0,32961.24,388271.14,NPR
2026-01-14,ACC0000001369,117914.81,23365.88,117370.26,23910.43,NPR
2026-01-14,ACC0000001370,364841.73,21499.95,57157.38,329184.3,NPR
2026-01-14,ACC0000001371,320315.81,0.0,75282.27,245033.54,NPR
2026-01-14,ACC0000001372,446198.71,0.0,79199.52,366999.19,NPR
2026-01-14,ACC0000001373,162043.98,0.0,0.0,162043.98,NPR
2026-01-14,ACC0000001374,83382.78,0.0,115304.9,-31922.12,NPR
2026-01-14,ACC0000001375,278365.4,44493.04,35312.54,287545.9,NPR
2026-01-14,ACC0000001376,107266.06,79741.22,167419.35,19587.93,NPR
2026-01-14,ACC0000001377,231688.72,0.0,94519.02,137169.7,NPR
2026-01-14,ACC0000001378,190227.05,0.0,0.0,190227.05,NPR
2026-01-14,ACC0000001379,66330.42,11724.26,116573.28,-38518.6,NPR
2026-01-14,ACC0000001380,403602.5,20834.05,91198.74,333237.81,NPR
2026-01-14,ACC0000001381,96061.77,22813.6,49120.42,69754.95,NPR
2026-01-14,ACC0000001382,461436.01,0.0,0.0,461436.01,NPR
2026-01-14,ACC0000001383,490951.78,0.0,0.0,490951.78,NPR
2026-01-14,ACC0000001384,212530.8,0.0,103396.64,109134.16,NPR
2026-01-14,ACC0000001385,135290.69,0.0,44647.34,90643.35,NPR
2026-01-14,ACC0000001386,309434.62,0.0,45809.72,263624.9,NPR
2026-01-14,ACC0000001387,384409.76,73015.24,0.0,457425.0,NPR
2026-01-14,ACC0000001388,121744.4,0.0,0.0,121744.4,NPR
2026-01-14,ACC0000001389,177599.8,7060.06,23129.78,161530.08,NPR
2026-01-14,ACC0000001390,61390.56,0.0,65657.07,-4266.51,NPR
2026-01-14,ACC0000001391,322654.25,0.0,94932.56,227721.69,NPR
2026-01-14,ACC0000001392,280135.17,0.0,0.0,280135.17,NPR
2026-01-14,ACC0000001393,480906.49,0.0,0.0,480906.49,NPR
2026-01-14,ACC0000001394,454814.56,0.0,0.0,454814.56,NPR
2026-01-14,ACC0000001395,304893.2,0.0,39137.62,265755.58,NPR
2026-01-14,ACC0000001396,286703.67,0.0,0.0,286703.67,NPR
2026-01-14,ACC0000001397,258519.76,0.0,0.0,258519.76,NPR
2026-01-14,ACC0000001398,192474.67,0.0,0.0,192474.67,NPR
2026-01-14,ACC0000001399,474772.26,50201.34,37803.64,487169.96,NPR
2026-01-14,ACC0000001400,146340.59,34035.36,88866.59,91509.36,NPR
2026-01-14,ACC0000001401,415834.0,78097.12,74406.31,419524.81,NPR
2026-01-14,ACC0000001402,430094.24,0.0,0.0,430094.24,NPR
2026-01-14,ACC0000001403,17368.23,0.0,0.0,17368.23,NPR
2026-01-14,ACC0000001404,315744.41,0.0,52473.31,263271.1,NPR
2026-01-14,ACC0000001405,89898.82,0.0,111778.8,-21879.98,NPR
2026-01-14,ACC0000001406,179696.18,15723.96,52120.3,143299.84,NPR
2026-01-14,ACC0000001407,496495.46,0.0,15667.85,480827.61,NPR
2026-01-14,ACC0000001408,456336.41,0.0,128987.77,327348.64,NPR
2026-01-14,ACC0000001409,121144.63,34400.42,89651.38,65893.67,NPR
2026-01-14,ACC0000001410,486021.67,47052.45,31176.32,501897.8,NPR
2026-01-14,ACC0000001411,104698.23,0.0,31994.62,72703.61,NPR
2026-01-14,ACC0000001412,418123.48,4257.05,18419.22,403961.31,NPR
2026-01-14,ACC0000001413,171244.89,0.0,12357.75,158887.14,NPR
2026-01-14,ACC0000001414,390521.27,0.0,0.0,390521.27,NPR
2026-01-14,ACC0000001415,156020.05,0.0,83100.71,72919.34,NPR
2026-01-14,ACC0000001416,95062.32,0.0,0.0,95062.32,NPR
2026-01-14,ACC0000001417,436386.05,10570.85,45880.15,401076.75,NPR
2026-01-14,ACC0000001418,23212.66,0.0,132867.05,-109654.39,NPR
2026-01-14,ACC0000001419,465703.41,0.0,9119.4,456584.01,NPR
2026-01-14,ACC0000001420,470087.9,18229.79,43190.86,445126.83,NPR
2026-01-14,ACC0000001421,447626.37,0.0,68564.06,379062.31,NPR
2026-01-14,ACC0000001422,417466.69,0.0,35485.47,381981.22,NPR
2026-01-14,ACC0000001423,78176.52,24350.11,35389.59,67137.04,NPR
2026-01-14,ACC0000001424,161568.91,0.0,32286.82,129282.09,NPR
2026-01-14,ACC0000001425,359182.98,0.0,62669.07,296513.91,NPR
2026-01-14,ACC0000001426,18132.18,47688.83,110436.74,-44615.73,NPR
2026-01-14,ACC0000001427,44312.91,0.0,15080.03,29232.88,NPR
2026-01-14,ACC0000001428,26644.21,0.0,59137.88,-32493.67,NPR
2026-01-14,ACC0000001429,486942.91,0.0,298.19,486644.72,NPR
2026-01-14,ACC0000001430,277593.71,0.0,0.0,277593.71,NPR
2026-01-14,ACC0000001431,90935.72,34542.47,13581.44,111896.75,NPR
2026-01-14,ACC0000001432,402959.97,0.0,0.0,402959.97,NPR
2026-01-14,ACC0000001433,121609.16,0.0,28970.72,92638.44,NPR
2026-01-14,ACC0000001434,288521.63,0.0,0.0,288521.63,NPR
2026-01-14,ACC0000001435,247724.88,40335.45,85322.22,202738.11,NPR
2026-01-14,ACC0000001436,228503.14,22969.16,88649.62,162822.68,NPR
2026-01-14,ACC0000001437,222091.76,9715.19,38399.78,193407.17,NPR
2026-01-14,ACC0000001438,37467.59,0.0,77660.81,-40193.22,NPR
2026-01-14,ACC0000001439,453770.25,0.0,44044.24,409726.01,NPR
2026-01-14,ACC0000001440,375495.86,42267.26,25161.5,392601.62,NPR
2026-01-14,ACC0000001441,268905.85,0.0,49670.41,219235.44,NPR
2026-01-14,ACC0000001442,119270.8,0.0,31810.38,87460.42,NPR
2026-01-14,ACC0000001443,211871.05,0.0,48667.83,163203.22,NPR
2026-01-14,ACC0000001444,187820.19,0.0,0.0,187820.19,NPR
2026-01-14,ACC0000001445,18405.46,44765.63,0.0,63171.09,NPR
2026-01-14,ACC0000001446,454497.67,0.0,38323.15,416174.52,NPR
2026-01-14,ACC0000001447,321623.33,0.0,143937.9,177685.43,NPR
2026-01-14,ACC0000001448,437010.38,0.0,127804.93,309205.45,NPR
2026-01-14,ACC0000001449,223030.06,50503.47,12266.55,261266.98,NPR
2026-01-14,ACC0000001450,79459.65,25379.39,154972.19,-50133.15,NPR
2026-01-14,ACC0000001451,194805.96,0.0,0.0,194805.96,NPR
2026-01-14,ACC0000001452,66256.5,0.0,0.0,66256.5,NPR
2026-01-14,ACC0000001453,27479.2,0.0,37713.16,-10233.96,NPR
2026-01-14,ACC0000001454,372791.51,0.0,0.0,372791.51,NPR
2026-01-14,ACC0000001455,435237.4,0.0,58367.83,376869.57,NPR
2026-01-14,ACC0000001456,164738.81,0.0,24001.65,140737.16,NPR
2026-01-14,ACC0000001457,344269.09,0.0,0.0,344269.09,NPR
2026-01-14,ACC0000001458,52861.34,14396.02,0.0,67257.36,NPR
2026-01-14,ACC0000001459,324511.36,28645.11,90041.4,263115.07,NPR
2026-01-14,ACC0000001460,445705.78,0.0,74846.0,370859.78,NPR
2026-01-14,ACC0000001461,419783.31,0.0,79858.5,339924.81,NPR
2026-01-14,ACC0000001462,383714.16,47535.75,47180.08,384069.83,NPR
2026-01-14,ACC0000001463,147728.76,0.0,0.0,147728.76,NPR
2026-01-14,ACC0000001464,499151.91,0.0,0.0,499151.91,NPR
2026-01-14,ACC0000001465,464639.06,0.0,47624.44,417014.62,NPR
2026-01-14,ACC0000001466,488625.25,0.0,9126.52,479498.73,NPR
2026-01-14,ACC0000001467,404089.86,0.0,0.0,404089.86,NPR
2026-01-14,ACC0000001468,57541.98,0.0,22645.34,34896.64,NPR
2026-01-14,ACC0000001469,83416.96,0.0,117045.79,-33628.83,NPR
2026-01-14,ACC0000001470,22076.04,0.0,112563.16,-90487.12,NPR
2026-01-14,ACC0000001471,146875.39,0.0,0.0,146875.39,NPR
2026-01-14,ACC0000001472,241762.96,79888.97,34847.22,286804.71,NPR
2026-01-14,ACC0000001473,90874.05,0.0,24616.26,66257.79,NPR
2026-01-14,ACC0000001474,71856.23,0.0,6407.87,65448.36,NPR
2026-01-14,ACC0000001475,182083.69,69109.18,84521.86,166671.01,NPR
2026-01-14,ACC0000001476,278353.71,0.0,0.0,278353.71,NPR
2026-01-14,ACC0000001477,292338.32,4947.47,89660.32,207625.47,NPR
2026-01-14,ACC0000001478,332362.62,71864.86,51191.0,353036.48,NPR
2026-01-14,ACC0000001479,229354.9,1400.51,6515.09,224240.32,NPR
2026-01-14,ACC0000001480,330096.8,0.0,6917.72,323179.08,NPR
2026-01-14,ACC0000001481,213785.36,0.0,9372.23,204413.13,NPR
2026-01-14,ACC0000001482,294516.97,0.0,0.0,294516.97,NPR
2026-01-14,ACC0000001483,353330.8,72312.49,17713.12,407930.17,NPR
2026-01-14,ACC0000001484,283098.76,0.0,0.0,283098.76,NPR
2026-01-14,ACC0000001485,100765.47,0.0,49618.66,51146.81,NPR
2026-01-14,ACC0000001486,107302.32,0.0,8973.2,98329.12,NPR
2026-01-14,ACC0000001487,427182.45,0.0,560.27,426622.18,NPR
2026-01-14,ACC0000001488,160899.2,71027.06,42972.7,188953.56,NPR
2026-01-14,ACC0000001489,476334.43,0.0,6353.41,469981.02,NPR
2026-01-14,ACC0000001490,319978.71,0.0,0.0,319978.71,NPR
2026-01-14,ACC0000001491,426189.26,0.0,61417.4,364771.86,NPR
2026-01-14,ACC0000001492,79329.4,19822.11,123576.41,-24424.9,NPR
2026-01-14,ACC0000001493,416622.63,0.0,0.0,416622.63,NPR
2026-01-14,ACC0000001494,351566.5,0.0,49264.02,302302.48,NPR
2026-01-14,ACC0000001495,97610.2,0.0,36290.62,61319.58,NPR
2026-01-14,ACC0000001496,175625.28,0.0,33664.1,141961.18,NPR
2026-01-14,ACC0000001497,183130.51,0.0,9333.62,173796.89,NPR
2026-01-14,ACC0000001498,287100.8,24725.8,0.0,311826.6,NPR
2026-01-14,ACC0000001499,445060.41,9561.73,83414.64,371207.5,NPR
2026-01-14,ACC0000001500,457631.53,0.0,0.0,457631.53,NPR
2026-01-14,ACC0000001501,84575.91,35685.04,4332.21,115928.74,NPR
2026-01-14,ACC0000001502,118727.97,0.0,93090.8,25637.17,NPR
2026-01-14,ACC0000001503,422438.95,0.0,6001.32,416437.63,NPR
2026-01-14,ACC0000001504,75420.23,0.0,0.0,75420.23,NPR
2026-01-14,ACC0000001505,13791.98,0.0,38780.0,-24988.02,NPR
2026-01-14,ACC0000001506,381384.35,0.0,44869.21,336515.14,NPR
2026-01-14,ACC0000001507,161308.88,0.0,0.0,161308.88,NPR
2026-01-14,ACC0000001508,379212.53,3035.08,22478.01,359769.6,NPR
2026-01-14,ACC0000001509,462141.9,0.0,0.0,462141.9,NPR
2026-01-14,ACC0000001510,6026.95,0.0,54130.98,-48104.03,NPR
2026-01-14,ACC0000001511,470506.59,0.0,12822.1,457684.49,NPR
2026-01-14,ACC0000001512,263772.45,19214.26,53546.41,229440.3,NPR
2026-01-14,ACC0000001513,433694.0,44404.7,31074.65,447024.05,NPR
2026-01-14,ACC0000001514,351645.81,0.0,44810.56,306835.25,NPR
2026-01-14,ACC0000001515,460043.63,0.0,35944.53,424099.1,NPR
2026-01-14,ACC0000001516,381681.02,0.0,0.0,381681.02,NPR
2026-01-14,ACC0000001517,444252.27,0.0,61004.35,383247.92,NPR
2026-01-14,ACC0000001518,441435.0,25501.56,4679.46,462257.1,NPR
2026-01-14,ACC0000001519,489033.23,341.19,80852.54,408521.88,NPR
2026-01-14,ACC0000001520,333299.09,6212.56,36796.62,302715.03,NPR
2026-01-14,ACC0000001521,69964.73,19627.22,17250.97,72340.98,NPR
2026-01-14,ACC0000001522,127568.96,0.0,3349.98,124218.98,NPR
2026-01-14,ACC0000001523,309928.34,0.0,30005.48,279922.86,NPR
2026-01-14,ACC0000001524,245567.93,0.0,13650.47,231917.46,NPR
2026-01-14,ACC0000001525,223655.87,0.0,88568.64,135087.23,NPR
2026-01-14,ACC0000001526,69522.07,11824.99,34188.42,47158.64,NPR
2026-01-14,ACC0000001527,323124.77,24529.37,38326.14,309328.0,NPR
2026-01-14,ACC0000001528,37397.04,28947.01,17861.25,48482.8,NPR
2026-01-14,ACC0000001529,57580.81,0.0,78507.08,-20926.27,NPR
2026-01-14,ACC0000001530,401818.46,43816.41,93798.92,351835.95,NPR
2026-01-14,ACC0000001531,437524.47,45451.39,18990.66,463985.2,NPR
2026-01-14,ACC0000001532,202774.42,0.0,122394.05,80380.37,NPR
2026-01-14,ACC0000001533,311725.96,0.0,80106.83,231619.13,NPR
2026-01-14,ACC0000001534,472300.16,0.0,70973.27,401326.89,NPR
2026-01-14,ACC0000001535,69875.71,0.0,95997.17,-26121.46,NPR
2026-01-14,ACC0000001536,87045.84,0.0,19349.74,67696.1,NPR
2026-01-14,ACC0000001537,456895.56,0.0,1420.39,455475.17,NPR
2026-01-14,ACC0000001538,425495.0,0.0,87843.52,337651.48,NPR
2026-01-14,ACC0000001539,26818.42,0.0,12023.53,14794.89,NPR
2026-01-14,ACC0000001540,54650.43,75091.51,14901.06,114840.88,NPR
2026-01-14,ACC0000001541,407326.64,42362.52,88754.71,360934.45,NPR
2026-01-14,ACC0000001542,287140.49,0.0,78198.15,208942.34,NPR
2026-01-14,ACC0000001543,108517.54,0.0,0.0,108517.54,NPR
2026-01-14,ACC0000001544,421805.64,40800.33,56480.92,406125.05,NPR
2026-01-14,ACC0000001545,488994.0,0.0,178076.72,310917.28,NPR
2026-01-14,ACC0000001546,130419.26,0.0,0.0,130419.26,NPR
2026-01-14,ACC0000001547,298589.4,0.0,59769.94,238819.46,NPR
2026-01-14,ACC0000001548,277757.79,0.0,40308.27,237449.52,NPR
2026-01-14,ACC0000001549,484873.48,0.0,102169.6,382703.88,NPR
2026-01-14,ACC0000001550,266727.2,0.0,119077.09,147650.11,NPR
2026-01-14,ACC0000001551,201689.23,0.0,53403.83,148285.4,NPR
2026-01-14,ACC0000001552,317409.71,0.0,0.0,317409.71,NPR
2026-01-14,ACC0000001553,156331.54,19715.01,82825.5,93221.05,NPR
2026-01-14,ACC0000001554,74022.43,0.0,0.0,74022.43,NPR
2026-01-14,ACC0000001555,185544.85,0.0,0.0,185544.85,NPR
2026-01-14,ACC0000001556,224976.43,0.0,0.0,224976.43,NPR
2026-01-14,ACC0000001557,92924.72,0.0,0.0,92924.72,NPR
2026-01-14,ACC0000001558,187870.88,38381.22,18233.51,208018.59,NPR
2026-01-14,ACC0000001559,471022.34,0.0,30178.07,440844.27,NPR
2026-01-14,ACC0000001560,250648.51,31712.69,31487.08,250874.12,NPR
2026-01-14,ACC0000001561,60545.6,42725.05,71502.1,31768.55,NPR
2026-01-14,ACC0000001562,423188.51,0.0,885.86,422302.65,NPR
2026-01-14,ACC0000001563,442668.88,26853.03,25247.15,444274.76,NPR
2026-01-14,ACC0000001564,48298.89,29625.99,81735.58,-3810.7,NPR
2026-01-14,ACC0000001565,170356.36,0.0,10529.5,159826.86,NPR
2026-01-14,ACC0000001566,40330.8,34907.44,37987.39,37250.85,NPR
2026-01-14,ACC0000001567,450207.05,47309.52,126078.08,371438.49,NPR
2026-01-14,ACC0000001568,49318.89,0.0,0.0,49318.89,NPR
2026-01-14,ACC0000001569,378909.92,0.0,37972.67,340937.25,NPR
2026-01-14,ACC0000001570,398790.53,0.0,84680.03,314110.5,NPR
2026-01-14,ACC0000001571,310343.83,37650.91,88563.51,259431.23,NPR
2026-01-14,ACC0000001572,257177.54,0.0,163527.83,93649.71,NPR
2026-01-14,ACC0000001573,450936.03,0.0,99524.27,351411.76,NPR
2026-01-14,ACC0000001574,325780.79,0.0,5602.21,320178.58,NPR
2026-01-14,ACC0000001575,53497.58,38072.41,60076.19,31493.8,NPR
2026-01-14,ACC0000001576,242391.58,0.0,71400.38,170991.2,NPR
2026-01-14,ACC0000001577,407517.67,0.0,0.0,407517.67,NPR
2026-01-14,ACC0000001578,164594.19,0.0,0.0,164594.19,NPR
2026-01-14,ACC0000001579,475769.94,79613.47,52395.43,502987.98,NPR
2026-01-14,ACC0000001580,127003.3,35458.64,53911.53,108550.41,NPR
2026-01-14,ACC0000001581,271913.02,21930.58,79048.29,214795.31,NPR
2026-01-14,ACC0000001582,245373.56,19674.19,39350.54,225697.21,NPR
2026-01-14,ACC0000001583,452948.77,0.0,0.0,452948.77,NPR
2026-01-14,ACC0000001584,358512.27,22319.43,73221.3,307610.4,NPR
2026-01-14,ACC0000001585,160941.04,0.0,154587.74,6353.3,NPR
2026-01-14,ACC0000001586,12327.7,47229.92,31100.41,28457.21,NPR
2026-01-14,ACC0000001587,103410.2,4516.62,33991.59,73935.23,NPR
2026-01-14,ACC0000001588,368963.68,0.0,0.0,368963.68,NPR
2026-01-14,ACC0000001589,148311.93,0.0,0.0,148311.93,NPR
2026-01-14,ACC0000001590,324766.62,0.0,100542.04,224224.58,NPR
2026-01-14,ACC0000001591,270026.81,0.0,115992.78,154034.03,NPR
2026-01-14,ACC0000001592,256605.59,0.0,78753.46,177852.13,NPR
2026-01-14,ACC0000001593,135394.75,0.0,44156.8,91237.95,NPR
2026-01-14,ACC0000001594,473781.05,0.0,39055.59,434725.46,NPR
2026-01-14,ACC0000001595,139622.88,0.0,94841.25,44781.63,NPR
2026-01-14,ACC0000001596,494765.82,22462.41,117616.37,399611.86,NPR
2026-01-14,ACC0000001597,378044.83,0.0,78405.43,299639.4,NPR
2026-01-14,ACC0000001598,274510.02,0.0,0.0,274510.02,NPR
2026-01-14,ACC0000001599,75778.42,49188.71,0.0,124967.13,NPR
2026-01-14,ACC0000001600,238533.79,0.0,0.0,238533.79,NPR
2026-01-14,ACC0000001601,406464.39,42996.03,46570.54,402889.88,NPR
2026-01-14,ACC0000001602,325465.38,7974.4,0.0,333439.78,NPR
2026-01-14,ACC0000001603,368666.41,0.0,27666.44,340999.97,NPR
2026-01-14,ACC0000001604,94618.76,0.0,56154.34,38464.42,NPR
2026-01-14,ACC0000001605,461942.78,27774.81,108169.88,381547.71,NPR
2026-01-14,ACC0000001606,263240.56,47229.62,769.29,309700.89,NPR
2026-01-14,ACC0000001607,275749.63,0.0,42391.74,233357.89,NPR
2026-01-14,ACC0000001608,41474.47,0.0,15529.72,25944.75,NPR
2026-01-14,ACC0000001609,2436.37,7279.47,95046.12,-85330.28,NPR
2026-01-14,ACC0000001610,402845.26,14220.2,70607.8,346457.66,NPR
2026-01-14,ACC0000001611,241807.59,0.0,28653.34,213154.25,NPR
2026-01-14,ACC0000001612,106458.93,0.0,0.0,106458.93,NPR
2026-01-14,ACC0000001613,223694.06,0.0,51698.64,171995.42,NPR
2026-01-14,ACC0000001614,132542.67,0.0,95534.39,37008.28,NPR
2026-01-14,ACC0000001615,123510.32,0.0,0.0,123510.32,NPR
2026-01-14,ACC0000001616,90760.59,30780.16,94918.3,26622.45,NPR
2026-01-14,ACC0000001617,164374.93,0.0,0.0,164374.93,NPR
2026-01-14,ACC0000001618,5529.38,0.0,0.0,5529.38,NPR
2026-01-14,ACC0000001619,118811.4,0.0,49067.2,69744.2,NPR
2026-01-14,ACC0000001620,217114.88,0.0,31382.21,185732.67,NPR
2026-01-14,ACC0000001621,305584.89,0.0,0.0,305584.89,NPR
2026-01-14,ACC0000001622,94328.28,0.0,79476.7,14851.58,NPR
2026-01-14,ACC0000001623,195512.7,0.0,81255.22,114257.48,NPR
2026-01-14,ACC0000001624,477763.31,0.0,43978.13,433785.18,NPR
2026-01-14,ACC0000001625,184483.69,0.0,0.0,184483.69,NPR
2026-01-14,ACC0000001626,396954.39,0.0,29298.06,367656.33,NPR
2026-01-14,ACC0000001627,127943.46,0.0,125595.8,2347.66,NPR
2026-01-14,ACC0000001628,396675.79,23484.4,78671.75,341488.44,NPR
2026-01-14,ACC0000001629,291341.13,0.0,35108.88,256232.25,NPR
2026-01-14,ACC0000001630,427589.85,0.0,53027.93,374561.92,NPR
2026-01-14,ACC0000001631,24236.62,0.0,24680.83,-444.21,NPR
2026-01-14,ACC0000001632,118628.84,0.0,1982.47,116646.37,NPR
2026-01-14,ACC0000001633,321249.49,14831.22,0.0,336080.71,NPR
2026-01-14,ACC0000001634,141344.91,0.0,0.0,141344.91,NPR
2026-01-14,ACC0000001635,246536.9,23562.07,46437.58,223661.39,NPR
2026-01-14,ACC0000001636,90734.96,37982.47,0.0,128717.43,NPR
2026-01-14,ACC0000001637,262071.21,28850.92,23168.77,267753.36,NPR
2026-01-14,ACC0000001638,188418.54,0.0,22695.24,165723.3,NPR
2026-01-14,ACC0000001639,389746.13,0.0,0.0,389746.13,NPR
2026-01-14,ACC0000001640,387499.67,0.0,59212.92,328286.75,NPR
2026-01-14,ACC0000001641,173613.43,0.0,0.0,173613.43,NPR
2026-01-14,ACC0000001642,57605.43,0.0,75710.43,-18105.0,NPR
2026-01-14,ACC0000001643,292500.0,0.0,123390.15,169109.85,NPR
2026-01-14,ACC0000001644,64741.57,0.0,7152.69,57588.88,NPR
2026-01-14,ACC0000001645,270151.0,0.0,199116.55,71034.45,NPR
2026-01-14,ACC0000001646,78987.09,0.0,0.0,78987.09,NPR
2026-01-14,ACC0000001647,15850.49,28531.47,131954.39,-87572.43,NPR
2026-01-14,ACC0000001648,3014.71,0.0,0.0,3014.71,NPR
2026-01-14,ACC0000001649,419951.79,0.0,68507.19,351444.6,NPR
2026-01-14,ACC0000001650,66699.23,26430.74,20329.7,72800.27,NPR
2026-01-14,ACC0000001651,311022.18,11964.56,62342.87,260643.87,NPR
2026-01-14,ACC0000001652,364484.92,0.0,131891.78,232593.14,NPR
2026-01-14,ACC0000001653,113648.9,0.0,45747.46,67901.44,NPR
2026-01-14,ACC0000001654,150033.12,0.0,0.0,150033.12,NPR
2026-01-14,ACC0000001655,220516.69,0.0,30960.42,189556.27,NPR
2026-01-14,ACC0000001656,68593.28,0.0,13562.17,55031.11,NPR
2026-01-14,ACC0000001657,175349.5,0.0,105247.37,70102.13,NPR
2026-01-14,ACC0000001658,181886.63,13359.45,105314.26,89931.82,NPR
2026-01-14,ACC0000001659,429444.3,7511.32,73992.11,362963.51,NPR
2026-01-14,ACC0000001660,244338.06,0.0,0.0,244338.06,NPR
2026-01-14,ACC0000001661,218931.01,0.0,48836.4,170094.61,NPR
2026-01-14,ACC0000001662,49676.81,0.0,4486.02,45190.79,NPR
2026-01-14,ACC0000001663,333596.5,0.0,87913.45,245683.05,NPR
2026-01-14,ACC0000001664,239036.49,93463.32,61395.42,271104.39,NPR
2026-01-14,ACC0000001665,491840.67,0.0,86398.3,405442.37,NPR
2026-01-14,ACC0000001666,67833.77,0.0,37316.73,30517.04,NPR
2026-01-14,ACC0000001667,266061.13,30122.04,7557.5,288625.67,NPR
2026-01-14,ACC0000001668,262504.24,7312.2,101702.36,168114.08,NPR
2026-01-14,ACC0000001669,165233.58,0.0,0.0,165233.58,NPR
2026-01-14,ACC0000001670,364025.62,0.0,7362.03,356663.59,NPR
2026-01-14,ACC0000001671,107882.1,20893.97,12952.44,115823.63,NPR
2026-01-14,ACC0000001672,179240.6,0.0,0.0,179240.6,NPR
2026-01-14,ACC0000001673,213522.81,0.0,90811.02,122711.79,NPR
2026-01-14,ACC0000001674,310731.78,0.0,0.0,310731.78,NPR
2026-01-14,ACC0000001675,345364.09,38972.79,97696.87,286640.01,NPR
2026-01-14,ACC0000001676,419321.78,16997.92,25974.22,410345.48,NPR
2026-01-14,ACC0000001677,466244.45,0.0,0.0,466244.45,NPR
2026-01-14,ACC0000001678,283917.05,15521.89,0.0,299438.94,NPR
2026-01-14,ACC0000001679,247350.96,0.0,0.0,247350.96,NPR
2026-01-14,ACC0000001680,488390.12,0.0,0.0,488390.12,NPR
2026-01-14,ACC0000001681,372551.71,0.0,58093.24,314458.47,NPR
2026-01-14,ACC0000001682,303449.29,43331.98,89365.87,257415.4,NPR
2026-01-14,ACC0000001683,119617.29,29939.07,10409.1,139147.26,NPR
2026-01-14,ACC0000001684,386639.38,50574.81,96443.45,340770.74,NPR
2026-01-14,ACC0000001685,417751.17,0.0,0.0,417751.17,NPR
2026-01-14,ACC0000001686,140437.52,23820.39,76076.11,88181.8,NPR
2026-01-14,ACC0000001687,414373.21,0.0,106670.44,307702.77,NPR
2026-01-14,ACC0000001688,159073.42,0.0,160424.07,-1350.65,NPR
2026-01-14,ACC0000001689,387285.49,35588.08,12052.69,410820.88,NPR
2026-01-14,ACC0000001690,221819.47,47875.71,144097.25,125597.93,NPR
2026-01-14,ACC0000001691,475364.61,0.0,54417.08,420947.53,NPR
2026-01-14,ACC0000001692,59636.79,40515.74,101008.7,-856.17,NPR
2026-01-14,ACC0000001693,354040.95,0.0,5526.69,348514.26,NPR
2026-01-14,ACC0000001694,392700.82,22146.44,37567.6,377279.66,NPR
2026-01-14,ACC0000001695,344499.66,62837.91,75964.09,331373.48,NPR
2026-01-14,ACC0000001696,98101.14,0.0,0.0,98101.14,NPR
2026-01-14,ACC0000001697,356496.89,47333.86,77811.22,326019.53,NPR
2026-01-14,ACC0000001698,6701.35,0.0,22081.08,-15379.73,NPR
2026-01-14,ACC0000001699,426409.34,17486.67,0.0,443896.01,NPR
2026-01-14,ACC0000001700,412425.54,0.0,112145.01,300280.53,NPR
2026-01-14,ACC0000001701,68251.16,0.0,90374.6,-22123.44,NPR
2026-01-14,ACC0000001702,494353.25,24266.29,0.0,518619.54,NPR
2026-01-14,ACC0000001703,191983.56,0.0,104430.79,87552.77,NPR
2026-01-14,ACC0000001704,296576.38,0.0,41415.06,255161.32,NPR
2026-01-14,ACC0000001705,39761.8,0.0,69355.72,-29593.92,NPR
2026-01-14,ACC0000001706,440462.48,0.0,66305.0,374157.48,NPR
2026-01-14,ACC0000001707,385518.09,0.0,80066.87,305451.22,NPR
2026-01-14,ACC0000001708,302527.62,0.0,0.0,302527.62,NPR
2026-01-14,ACC0000001709,464435.63,0.0,0.0,464435.63,NPR
2026-01-14,ACC0000001710,196119.07,19889.78,0.0,216008.85,NPR
2026-01-14,ACC0000001711,330188.56,0.0,44424.49,285764.07,NPR
2026-01-14,ACC0000001712,286274.89,0.0,85434.7,200840.19,NPR
2026-01-14,ACC0000001713,257058.34,0.0,59869.28,197189.06,NPR
2026-01-14,ACC0000001714,211343.71,8416.58,33267.57,186492.72,NPR
2026-01-14,ACC0000001715,414500.95,0.0,46677.13,367823.82,NPR
2026-01-14,ACC0000001716,75471.84,0.0,10614.22,64857.62,NPR
2026-01-14,ACC0000001717,264158.67,2093.51,39905.61,226346.57,NPR
2026-01-14,ACC0000001718,199777.22,0.0,49777.57,149999.65,NPR
2026-01-14,ACC0000001719,52025.72,37250.05,21604.3,67671.47,NPR
2026-01-14,ACC0000001720,16855.64,0.0,65864.42,-49008.78,NPR
2026-01-14,ACC0000001721,386687.64,0.0,47507.58,339180.06,NPR
2026-01-14,ACC0000001722,83673.51,0.0,0.0,83673.51,NPR
2026-01-14,ACC0000001723,447794.19,0.0,31363.61,416430.58,NPR
2026-01-14,ACC0000001724,176524.97,48579.0,82069.44,143034.53,NPR
2026-01-14,ACC0000001725,97382.45,81395.35,20298.05,158479.75,NPR
2026-01-14,ACC0000001726,354091.4,0.0,6641.12,347450.28,NPR
2026-01-14,ACC0000001727,260231.53,0.0,27105.08,233126.45,NPR
2026-01-14,ACC0000001728,66545.84,0.0,42754.64,23791.2,NPR
2026-01-14,ACC0000001729,218663.59,12905.01,0.0,231568.6,NPR
2026-01-14,ACC0000001730,81438.9,33234.16,78902.07,35770.99,NPR
2026-01-14,ACC0000001731,64863.87,36828.15,74123.82,27568.2,NPR
2026-01-14,ACC0000001732,464980.64,26341.82,0.0,491322.46,NPR
2026-01-14,ACC0000001733,141334.56,24345.1,47466.19,118213.47,NPR
2026-01-14,ACC0000001734,284231.54,21082.22,91240.15,214073.61,NPR
2026-01-14,ACC0000001735,460993.11,21044.66,44121.68,437916.09,NPR
2026-01-14,ACC0000001736,478968.69,0.0,0.0,478968.69,NPR
2026-01-14,ACC0000001737,403007.56,0.0,0.0,403007.56,NPR
2026-01-14,ACC0000001738,139473.83,0.0,78194.92,61278.91,NPR
2026-01-14,ACC0000001739,146283.68,0.0,49753.31,96530.37,NPR
2026-01-14,ACC0000001740,164516.91,6521.03,0.0,171037.94,NPR
2026-01-14,ACC0000001741,428861.89,0.0,51120.56,377741.33,NPR
2026-01-14,ACC0000001742,334616.02,0.0,56107.15,278508.87,NPR
2026-01-14,ACC0000001743,92429.62,56539.64,33841.3,115127.96,NPR
2026-01-14,ACC0000001744,396605.42,0.0,85565.89,311039.53,NPR
2026-01-14,ACC0000001745,149525.74,0.0,99659.71,49866.03,NPR
2026-01-14,ACC0000001746,186430.31,0.0,0.0,186430.31,NPR
2026-01-14,ACC0000001747,433799.53,0.0,44349.3,389450.23,NPR
2026-01-14,ACC0000001748,349785.82,0.0,64686.79,285099.03,NPR
2026-01-14,ACC0000001749,213968.92,0.0,0.0,213968.92,NPR
2026-01-14,ACC0000001750,334586.37,0.0,38484.92,296101.45,NPR
2026-01-14,ACC0000001751,478191.05,0.0,32331.83,445859.22,NPR
2026-01-14,ACC0000001752,131926.14,0.0,104345.72,27580.42,NPR
2026-01-14,ACC0000001753,157177.89,0.0,70451.95,86725.94,NPR
2026-01-14,ACC0000001754,307097.62,0.0,0.0,307097.62,NPR
2026-01-14,ACC0000001755,335026.5,0.0,163379.26,171647.24,NPR
2026-01-14,ACC0000001756,15811.08,0.0,45092.25,-29281.17,NPR
2026-01-14,ACC0000001757,446123.01,0.0,75281.47,370841.54,NPR
2026-01-14,ACC0000001758,358998.96,0.0,82729.83,276269.13,NPR
2026-01-14,ACC0000001759,166079.08,33502.34,150765.56,48815.86,NPR
2026-01-14,ACC0000001760,191833.54,13781.72,57574.42,148040.84,NPR
2026-01-14,ACC0000001761,192036.68,0.0,58344.17,133692.51,NPR
2026-01-14,ACC0000001762,20502.83,0.0,41652.64,-21149.81,NPR
2026-01-14,ACC0000001763,251081.45,0.0,0.0,251081.45,NPR
2026-01-14,ACC0000001764,360482.58,0.0,169632.28,190850.3,NPR
2026-01-14,ACC0000001765,260955.14,0.0,0.0,260955.14,NPR
2026-01-14,ACC0000001766,123942.13,0.0,74044.8,49897.33,NPR
2026-01-14,ACC0000001767,105168.88,0.0,53469.79,51699.09,NPR
2026-01-14,ACC0000001768,234747.27,0.0,2672.04,232075.23,NPR
2026-01-14,ACC0000001769,88517.76,0.0,0.0,88517.76,NPR
2026-01-14,ACC0000001770,368219.82,0.0,46579.67,321640.15,NPR
2026-01-14,ACC0000001771,415541.1,0.0,58356.21,357184.89,NPR
2026-01-14,ACC0000001772,435630.25,10020.57,9697.52,435953.3,NPR
2026-01-14,ACC0000001773,486582.95,0.0,46499.72,440083.23,NPR
2026-01-14,ACC0000001774,208476.12,137736.49,81743.62,264468.99,NPR
2026-01-14,ACC0000001775,247751.22,0.0,151227.11,96524.11,NPR
2026-01-14,ACC0000001776,69288.5,39242.36,0.0,108530.86,NPR
2026-01-14,ACC0000001777,280256.52,0.0,19189.04,261067.48,NPR
2026-01-14,ACC0000001778,148242.5,28827.27,10306.12,166763.65,NPR
2026-01-14,ACC0000001779,173573.51,0.0,0.0,173573.51,NPR
2026-01-14,ACC0000001780,87118.85,32329.77,92739.63,26708.99,NPR
2026-01-14,ACC0000001781,165952.46,0.0,41008.42,124944.04,NPR
2026-01-14,ACC0000001782,379906.68,3583.37,57971.0,325519.05,NPR
2026-01-14,ACC0000001783,84021.55,0.0,40624.68,43396.87,NPR
2026-01-14,ACC0000001784,490856.87,5094.83,103155.16,392796.54,NPR
2026-01-14,ACC0000001785,33022.46,0.0,0.0,33022.46,NPR
2026-01-14,ACC0000001786,49019.31,15451.92,42600.17,21871.06,NPR
2026-01-14,ACC0000001787,85522.57,0.0,39420.64,46101.93,NPR
2026-01-14,ACC0000001788,266558.94,0.0,59665.84,206893.1,NPR
2026-01-14,ACC0000001789,462012.95,20098.31,43589.26,438522.0,NPR
2026-01-14,ACC0000001790,251038.82,0.0,0.0,251038.82,NPR
2026-01-14,ACC0000001791,272742.11,0.0,23235.85,249506.26,NPR
2026-01-14,ACC0000001792,24297.96,0.0,52634.66,-28336.7,NPR
2026-01-14,ACC0000001793,456414.02,46609.28,35361.83,467661.47,NPR
2026-01-14,ACC0000001794,92734.22,5567.87,48462.66,49839.43,NPR
2026-01-14,ACC0000001795,243330.97,36735.94,89973.22,190093.69,NPR
2026-01-14,ACC0000001796,170300.12,0.0,39734.11,130566.01,NPR
2026-01-14,ACC0000001797,227439.75,0.0,0.0,227439.75,NPR
2026-01-14,ACC0000001798,277858.72,0.0,13581.34,264277.38,NPR
2026-01-14,ACC0000001799,23471.91,0.0,48398.81,-24926.9,NPR
2026-01-14,ACC0000001800,82507.5,0.0,84860.13,-2352.63,NPR
2026-01-14,ACC0000001801,218098.98,0.0,98361.81,119737.17,NPR
2026-01-14,ACC0000001802,315054.88,0.0,20393.0,294661.88,NPR
2026-01-14,ACC0000001803,60758.67,0.0,8929.4,51829.27,NPR
2026-01-14,ACC0000001804,401353.73,7117.27,0.0,408471.0,NPR
2026-01-14,ACC0000001805,325143.76,0.0,50112.53,275031.23,NPR
2026-01-14,ACC0000001806,194560.76,0.0,24119.41,170441.35,NPR
2026-01-14,ACC0000001807,393644.58,41950.0,96786.28,338808.3,NPR
2026-01-14,ACC0000001808,486585.12,0.0,0.0,486585.12,NPR
2026-01-14,ACC0000001809,458498.97,54374.17,79704.24,433168.9,NPR
2026-01-14,ACC0000001810,148524.38,0.0,0.0,148524.38,NPR
2026-01-14,ACC0000001811,399565.54,9510.19,67970.91,341104.82,NPR
2026-01-14,ACC0000001812,362436.64,2517.48,45677.39,319276.73,NPR
2026-01-14,ACC0000001813,137455.28,0.0,81170.87,56284.41,NPR
2026-01-14,ACC0000001814,66124.53,47061.22,47039.49,66146.26,NPR
2026-01-14,ACC0000001815,375203.58,0.0,86041.86,289161.72,NPR
2026-01-14,ACC0000001816,178455.4,42061.43,15453.8,205063.03,NPR
2026-01-14,ACC0000001817,397836.81,49670.44,67885.79,379621.46,NPR
2026-01-14,ACC0000001818,253044.25,0.0,0.0,253044.25,NPR
2026-01-14,ACC0000001819,415470.58,41898.17,93371.55,363997.2,NPR
2026-01-14,ACC0000001820,86549.11,0.0,66919.74,19629.37,NPR
2026-01-14,ACC0000001821,188290.35,0.0,28633.45,159656.9,NPR
2026-01-14,ACC0000001822,302320.85,10475.26,31306.38,281489.73,NPR
2026-01-14,ACC0000001823,329442.96,0.0,72242.04,257200.92,NPR
2026-01-14,ACC0000001824,497556.5,0.0,25580.47,471976.03,NPR
2026-01-14,ACC0000001825,17118.54,0.0,0.0,17118.54,NPR
2026-01-14,ACC0000001826,66514.44,0.0,0.0,66514.44,NPR
2026-01-14,ACC0000001827,415661.55,0.0,104904.61,310756.94,NPR
2026-01-14,ACC0000001828,134762.75,0.0,76509.17,58253.58,NPR
2026-01-14,ACC0000001829,111186.57,56915.7,163946.05,4156.22,NPR
2026-01-14,ACC0000001830,106818.21,44020.05,23140.51,127697.75,NPR
2026-01-14,ACC0000001831,446729.79,0.0,63732.72,382997.07,NPR
2026-01-14,ACC0000001832,185812.51,0.0,0.0,185812.51,NPR
2026-01-14,ACC0000001833,138031.25,0.0,35719.74,102311.51,NPR
2026-01-14,ACC0000001834,378355.76,10781.94,81492.53,307645.17,NPR
2026-01-14,ACC0000001835,71079.31,0.0,85499.85,-14420.54,NPR
2026-01-14,ACC0000001836,307224.51,0.0,52685.27,254539.24,NPR
2026-01-14,ACC0000001837,245722.36,38035.1,756.24,283001.22,NPR
2026-01-14,ACC0000001838,218372.35,0.0,71338.62,147033.73,NPR
2026-01-14,ACC0000001839,421048.91,0.0,92911.2,328137.71,NPR
2026-01-14,ACC0000001840,276329.97,0.0,69039.15,207290.82,NPR
2026-01-14,ACC0000001841,147019.51,0.0,101366.36,45653.15,NPR
2026-01-14,ACC0000001842,322405.53,37836.72,51142.51,309099.74,NPR
2026-01-14,ACC0000001843,20282.31,0.0,100786.33,-80504.02,NPR
2026-01-14,ACC0000001844,463436.16,0.0,0.0,463436.16,NPR
2026-01-14,ACC0000001845,443550.13,44937.46,0.0,488487.59,NPR
2026-01-14,ACC0000001846,168841.29,23824.53,21127.45,171538.37,NPR
2026-01-14,ACC0000001847,122810.55,0.0,11292.01,111518.54,NPR
2026-01-14,ACC0000001848,57228.03,0.0,0.0,57228.03,NPR
2026-01-14,ACC0000001849,487935.12,22922.55,50041.76,460815.91,NPR
2026-01-14,ACC0000001850,380118.35,0.0,0.0,380118.35,NPR
2026-01-14,ACC0000001851,409290.34,0.0,0.0,409290.34,NPR
2026-01-14,ACC0000001852,1038.83,12351.6,108562.37,-95171.94,NPR
2026-01-14,ACC0000001853,125407.57,0.0,82687.2,42720.37,NPR
2026-01-14,ACC0000001854,285810.52,40174.65,16820.14,309165.03,NPR
2026-01-14,ACC0000001855,73870.31,0.0,0.0,73870.31,NPR
2026-01-14,ACC0000001856,76193.81,0.0,0.0,76193.81,NPR
2026-01-14,ACC0000001857,436347.57,34057.03,81670.78,388733.82,NPR
2026-01-14,ACC0000001858,25433.0,0.0,0.0,25433.0,NPR
2026-01-14,ACC0000001859,163331.37,28140.16,79845.56,111625.97,NPR
2026-01-14,ACC0000001860,61490.62,0.0,0.0,61490.62,NPR
2026-01-14,ACC0000001861,449785.88,27378.24,10164.08,467000.04,NPR
2026-01-14,ACC0000001862,348316.12,0.0,306.06,348010.06,NPR
2026-01-14,ACC0000001863,305007.76,47168.83,17556.32,334620.27,NPR
2026-01-14,ACC0000001864,129079.71,32470.77,2626.06,158924.42,NPR
2026-01-14,ACC0000001865,379932.04,6247.18,0.0,386179.22,NPR
2026-01-14,ACC0000001866,153745.12,20971.09,121931.91,52784.3,NPR
2026-01-14,ACC0000001867,368485.71,47689.04,33122.89,383051.86,NPR
2026-01-14,ACC0000001868,216948.1,16158.07,94549.6,138556.57,NPR
2026-01-14,ACC0000001869,149378.05,0.0,21302.79,128075.26,NPR
2026-01-14,ACC0000001870,312895.2,0.0,0.0,312895.2,NPR
2026-01-14,ACC0000001871,4482.36,26913.61,109796.88,-78400.91,NPR
2026-01-14,ACC0000001872,142762.1,0.0,77189.45,65572.65,NPR
2026-01-14,ACC0000001873,26145.62,0.0,55939.88,-29794.26,NPR
2026-01-14,ACC0000001874,51480.78,0.0,49472.05,2008.73,NPR
2026-01-14,ACC0000001875,495734.97,49305.34,21325.25,523715.06,NPR
2026-01-14,ACC0000001876,388643.03,23359.23,2916.44,409085.82,NPR
2026-01-14,ACC0000001877,308841.34,4059.31,129880.9,183019.75,NPR
2026-01-14,ACC0000001878,463066.01,0.0,0.0,463066.01,NPR
2026-01-14,ACC0000001879,206923.55,0.0,70501.18,136422.37,NPR
2026-01-14,ACC0000001880,211679.47,56639.58,21169.87,247149.18,NPR
2026-01-14,ACC0000001881,379548.63,56539.82,61634.98,374453.47,NPR
2026-01-14,ACC0000001882,2784.23,0.0,0.0,2784.23,NPR
2026-01-14,ACC0000001883,314234.22,0.0,0.0,314234.22,NPR
2026-01-14,ACC0000001884,313726.15,0.0,105073.17,208652.98,NPR
2026-01-14,ACC0000001885,66867.8,0.0,0.0,66867.8,NPR
2026-01-14,ACC0000001886,420710.82,0.0,0.0,420710.82,NPR
2026-01-14,ACC0000001887,335573.51,0.0,53082.77,282490.74,NPR
2026-01-14,ACC0000001888,299876.99,0.0,3664.74,296212.25,NPR
2026-01-14,ACC0000001889,183873.82,1906.2,14652.7,171127.32,NPR
2026-01-14,ACC0000001890,364450.18,5641.76,32334.94,337757.0,NPR
2026-01-14,ACC0000001891,483686.41,0.0,0.0,483686.41,NPR
2026-01-14,ACC0000001892,112095.41,0.0,0.0,112095.41,NPR
2026-01-14,ACC0000001893,161413.83,38436.81,92958.91,106891.73,NPR
2026-01-14,ACC0000001894,122657.6,16342.61,41160.26,97839.95,NPR
2026-01-14,ACC0000001895,353234.0,0.0,55341.16,297892.84,NPR
2026-01-14,ACC0000001896,268617.46,46625.35,90998.69,224244.12,NPR
2026-01-14,ACC0000001897,395379.57,11722.07,5587.2,401514.44,NPR
2026-01-14,ACC0000001898,90089.25,0.0,43781.78,46307.47,NPR
2026-01-14,ACC0000001899,126675.83,0.0,53988.53,72687.3,NPR
2026-01-14,ACC0000001900,257795.68,0.0,37399.96,220395.72,NPR
2026-01-14,ACC0000001901,8717.86,0.0,186705.75,-177987.89,NPR
2026-01-14,ACC0000001902,69440.98,46261.39,58639.82,57062.55,NPR
2026-01-14,ACC0000001903,178499.74,0.0,43048.85,135450.89,NPR
2026-01-14,ACC0000001904,106730.78,0.0,67671.68,39059.1,NPR
2026-01-14,ACC0000001905,129276.21,0.0,0.0,129276.21,NPR
2026-01-14,ACC0000001906,140995.73,0.0,103794.58,37201.15,NPR
2026-01-14,ACC0000001907,259605.67,10056.1,25938.65,243723.12,NPR
2026-01-14,ACC0000001908,126321.24,0.0,107327.34,18993.9,NPR
2026-01-14,ACC0000001909,275200.66,0.0,133798.06,141402.6,NPR
2026-01-14,ACC0000001910,234466.7,0.0,64039.84,170426.86,NPR
2026-01-14,ACC0000001911,334510.23,0.0,47130.85,287379.38,NPR
2026-01-14,ACC0000001912,363425.44,0.0,80204.63,283220.81,NPR
2026-01-14,ACC0000001913,272821.37,0.0,76770.68,196050.69,NPR
2026-01-14,ACC0000001914,137253.79,21763.35,96119.01,62898.13,NPR
2026-01-14,ACC0000001915,222656.26,8884.55,72570.56,158970.25,NPR
2026-01-14,ACC0000001916,339727.13,74146.53,15066.85,398806.81,NPR
2026-01-14,ACC0000001917,231853.04,0.0,99818.94,132034.1,NPR
2026-01-14,ACC0000001918,290354.38,0.0,24849.85,265504.53,NPR
2026-01-14,ACC0000001919,305147.45,0.0,52680.18,252467.27,NPR
2026-01-14,ACC0000001920,184631.26,16081.6,48489.16,152223.7,NPR
2026-01-14,ACC0000001921,382952.29,0.0,127470.03,255482.26,NPR
2026-01-14,ACC0000001922,316304.48,0.0,49837.18,266467.3,NPR
2026-01-14,ACC0000001923,45051.58,0.0,51156.32,-6104.74,NPR
2026-01-14,ACC0000001924,24484.86,49667.57,0.0,74152.43,NPR
2026-01-14,ACC0000001925,153203.66,20757.58,45581.92,128379.32,NPR
2026-01-14,ACC0000001926,253207.99,0.0,0.0,253207.99,NPR
2026-01-14,ACC0000001927,135808.01,0.0,160532.83,-24724.82,NPR
2026-01-14,ACC0000001928,246326.8,0.0,469.5,245857.3,NPR
2026-01-14,ACC0000001929,264176.96,19816.88,38238.82,245755.02,NPR
2026-01-14,ACC0000001930,417669.94,0.0,112320.84,305349.1,NPR
2026-01-14,ACC0000001931,359379.72,15831.52,88477.72,286733.52,NPR
2026-01-14,ACC0000001932,67637.91,0.0,28064.83,39573.08,NPR
2026-01-14,ACC0000001933,312526.73,0.0,104387.6,208139.13,NPR
2026-01-14,ACC0000001934,261519.09,44067.7,102333.84,203252.95,NPR
2026-01-14,ACC0000001935,324082.84,0.0,116576.28,207506.56,NPR
2026-01-14,ACC0000001936,206357.78,9316.47,170165.64,45508.61,NPR
2026-01-14,ACC0000001937,433902.61,0.0,34585.75,399316.86,NPR
2026-01-14,ACC0000001938,166809.68,0.0,0.0,166809.68,NPR
2026-01-14,ACC0000001939,101786.69,0.0,0.0,101786.69,NPR
2026-01-14,ACC0000001940,36846.52,66185.87,78707.58,24324.81,NPR
2026-01-14,ACC0000001941,436672.7,25588.47,4499.32,457761.85,NPR
2026-01-14,ACC0000001942,370003.37,0.0,34800.63,335202.74,NPR
2026-01-14,ACC0000001943,495471.71,7867.28,0.0,503338.99,NPR
2026-01-14,ACC0000001944,149479.11,0.0,63978.74,85500.37,NPR
2026-01-14,ACC0000001945,376319.72,29075.0,74148.2,331246.52,NPR
2026-01-14,ACC0000001946,302887.26,34070.09,66225.74,270731.61,NPR
2026-01-14,ACC0000001947,422204.75,30111.39,65827.07,386489.07,NPR
2026-01-14,ACC0000001948,154234.26,0.0,19527.16,134707.1,NPR
2026-01-14,ACC0000001949,195257.18,0.0,0.0,195257.18,NPR
2026-01-14,ACC0000001950,218791.13,0.0,34735.45,184055.68,NPR
2026-01-14,ACC0000001951,84584.4,18866.9,179526.72,-76075.42,NPR
2026-01-14,ACC0000001952,356059.01,5631.41,141882.09,219808.33,NPR
2026-01-14,ACC0000001953,182465.57,45714.57,76709.36,151470.78,NPR
2026-01-14,ACC0000001954,7948.04,32757.85,54186.82,-13480.93,NPR
2026-01-14,ACC0000001955,333465.62,0.0,0.0,333465.62,NPR
2026-01-14,ACC0000001956,163459.34,0.0,0.0,163459.34,NPR
2026-01-14,ACC0000001957,408458.64,0.0,95410.91,313047.73,NPR
2026-01-14,ACC0000001958,379790.78,0.0,129532.08,250258.7,NPR
2026-01-14,ACC0000001959,492200.63,0.0,107268.15,384932.48,NPR
2026-01-14,ACC0000001960,165180.97,0.0,46181.08,118999.89,NPR
2026-01-14,ACC0000001961,142302.52,0.0,44276.51,98026.01,NPR
2026-01-14,ACC0000001962,177509.91,26863.97,85255.51,119118.37,NPR
2026-01-14,ACC0000001963,330019.72,0.0,0.0,330019.72,NPR
2026-01-14,ACC0000001964,104371.46,0.0,27208.28,77163.18,NPR
2026-01-14,ACC0000001965,191644.45,0.0,0.0,191644.45,NPR
2026-01-14,ACC0000001966,98451.94,27728.98,99207.54,26973.38,NPR
2026-01-14,ACC0000001967,341015.67,143.38,52477.08,288681.97,NPR
2026-01-14,ACC0000001968,488179.98,28466.57,0.0,516646.55,NPR
2026-01-14,ACC0000001969,121374.84,0.0,15344.55,106030.29,NPR
2026-01-14,ACC0000001970,164547.24,0.0,97693.41,66853.83,NPR
2026-01-14,ACC0000001971,158044.25,47309.87,70877.31,134476.81,NPR
2026-01-14,ACC0000001972,418720.37,0.0,77281.82,341438.55,NPR
2026-01-14,ACC0000001973,103748.23,0.0,92130.45,11617.78,NPR
2026-01-14,ACC0000001974,365974.21,42147.58,50891.31,357230.48,NPR
2026-01-14,ACC0000001975,168598.09,0.0,48103.16,120494.93,NPR
2026-01-14,ACC0000001976,111731.39,0.0,102689.54,9041.85,NPR
2026-01-14,ACC0000001977,156575.96,59109.44,0.0,215685.4,NPR
2026-01-14,ACC0000001978,484639.43,0.0,35365.86,449273.57,NPR
2026-01-14,ACC0000001979,289234.65,0.0,46564.85,242669.8,NPR
2026-01-14,ACC0000001980,352486.79,0.0,21185.16,331301.63,NPR
2026-01-14,ACC0000001981,207031.79,0.0,39834.6,167197.19,NPR
2026-01-14,ACC0000001982,365252.03,42758.81,37782.12,370228.72,NPR
2026-01-14,ACC0000001983,388252.51,0.0,3123.13,385129.38,NPR
2026-01-14,ACC0000001984,91088.78,0.0,0.0,91088.78,NPR
2026-01-14,ACC0000001985,236582.57,0.0,0.0,236582.57,NPR
2026-01-14,ACC0000001986,262462.59,0.0,57361.36,205101.23,NPR
2026-01-14,ACC0000001987,3516.64,4167.53,49421.93,-41737.76,NPR
2026-01-14,ACC0000001988,237846.91,0.0,0.0,237846.91,NPR
2026-01-14,ACC0000001989,7475.57,0.0,12509.42,-5033.85,NPR
2026-01-14,ACC0000001990,271154.99,0.0,0.0,271154.99,NPR
2026-01-14,ACC0000001991,291171.49,0.0,24405.24,266766.25,NPR
2026-01-14,ACC0000001992,210943.35,0.0,0.0,210943.35,NPR
2026-01-14,ACC0000001993,205679.79,0.0,0.0,205679.79,NPR
2026-01-14,ACC0000001994,341539.31,0.0,0.0,341539.31,NPR
2026-01-14,ACC0000001995,463227.33,0.0,0.0,463227.33,NPR
2026-01-14,ACC0000001996,81918.41,0.0,51466.11,30452.3,NPR
2026-01-14,ACC0000001997,104313.7,0.0,13852.28,90461.42,NPR
2026-01-14,ACC0000001998,133335.82,0.0,0.0,133335.82,NPR
2026-01-14,ACC0000001999,37701.72,0.0,11729.29,25972.43,NPR
2026-01-14,ACC0000002000,49513.95,0.0,70266.5,-20752.55,NPR
2026-01-14,ACC0000002001,389541.04,35516.44,54259.7,370797.78,NPR
2026-01-14,ACC0000002002,326267.11,0.0,0.0,326267.11,NPR
2026-01-14,ACC0000002003,89584.86,0.0,0.0,89584.86,NPR
2026-01-14,ACC0000002004,283677.74,0.0,0.0,283677.74,NPR
2026-01-14,ACC0000002005,327847.51,33405.03,80576.53,280676.01,NPR
2026-01-14,ACC0000002006,400291.94,0.0,23577.48,376714.46,NPR
2026-01-14,ACC0000002007,406160.12,0.0,0.0,406160.12,NPR
2026-01-14,ACC0000002008,330536.71,0.0,0.0,330536.71,NPR
2026-01-14,ACC0000002009,453438.0,44436.19,28866.61,469007.58,NPR
2026-01-14,ACC0000002010,2055.53,24135.24,74443.62,-48252.85,NPR
2026-01-14,ACC0000002011,241897.32,0.0,60295.75,181601.57,NPR
2026-01-14,ACC0000002012,184156.57,0.0,0.0,184156.57,NPR
2026-01-14,ACC0000002013,378332.8,69222.95,10219.49,437336.26,NPR
2026-01-14,ACC0000002014,315767.14,0.0,93411.41,222355.73,NPR
2026-01-14,ACC0000002015,331617.4,0.0,111775.09,219842.31,NPR
2026-01-14,ACC0000002016,395603.78,0.0,54033.19,341570.59,NPR
2026-01-14,ACC0000002017,150375.01,0.0,0.0,150375.01,NPR
2026-01-14,ACC0000002018,196789.59,32045.44,80506.71,148328.32,NPR
2026-01-14,ACC0000002019,65110.97,0.0,0.0,65110.97,NPR
2026-01-14,ACC0000002020,175269.42,77661.02,0.0,252930.44,NPR
2026-01-14,ACC0000002021,473008.28,31489.09,0.0,504497.37,NPR
2026-01-14,ACC0000002022,234822.52,0.0,32893.45,201929.07,NPR
2026-01-14,ACC0000002023,372442.75,44688.05,0.0,417130.8,NPR
2026-01-14,ACC0000002024,17803.55,0.0,17927.08,-123.53,NPR
2026-01-14,ACC0000002025,286747.23,0.0,56737.76,230009.47,NPR
2026-01-14,ACC0000002026,4781.4,0.0,0.0,4781.4,NPR
2026-01-14,ACC0000002027,47270.4,37361.39,3825.63,80806.16,NPR
2026-01-14,ACC0000002028,100176.62,0.0,35842.55,64334.07,NPR
2026-01-14,ACC0000002029,373112.67,0.0,0.0,373112.67,NPR
2026-01-14,ACC0000002030,226634.26,0.0,76530.96,150103.3,NPR
2026-01-14,ACC0000002031,35206.24,0.0,0.0,35206.24,NPR
2026-01-14,ACC0000002032,22237.72,0.0,29661.29,-7423.57,NPR
2026-01-14,ACC0000002033,47278.63,34666.39,30404.64,51540.38,NPR
2026-01-14,ACC0000002034,473951.07,0.0,113140.19,360810.88,NPR
2026-01-14,ACC0000002035,328905.02,0.0,71670.41,257234.61,NPR
2026-01-14,ACC0000002036,348491.27,16328.32,175980.89,188838.7,NPR
2026-01-14,ACC0000002037,273215.42,45210.59,48129.93,270296.08,NPR
2026-01-14,ACC0000002038,4235.86,0.0,118282.67,-114046.81,NPR
2026-01-14,ACC0000002039,129023.3,0.0,70175.92,58847.38,NPR
2026-01-14,ACC0000002040,246600.24,0.0,0.0,246600.24,NPR
2026-01-14,ACC0000002041,40715.63,75910.03,74547.67,42077.99,NPR
2026-01-14,ACC0000002042,281560.01,0.0,0.0,281560.01,NPR
2026-01-14,ACC0000002043,352847.56,0.0,74956.22,277891.34,NPR
2026-01-14,ACC0000002044,184777.81,36936.27,82661.4,139052.68,NPR
2026-01-14,ACC0000002045,495348.19,0.0,57343.48,438004.71,NPR
2026-01-14,ACC0000002046,324263.53,17098.72,0.0,341362.25,NPR
2026-01-14,ACC0000002047,308735.91,40372.02,28647.55,320460.38,NPR
2026-01-14,ACC0000002048,11306.25,44080.29,68189.73,-12803.19,NPR
2026-01-14,ACC0000002049,420106.82,0.0,0.0,420106.82,NPR
2026-01-14,ACC0000002050,277230.61,0.0,0.0,277230.61,NPR
2026-01-14,ACC0000002051,231297.37,0.0,41029.07,190268.3,NPR
2026-01-14,ACC0000002052,482959.99,0.0,0.0,482959.99,NPR
2026-01-14,ACC0000002053,18802.37,0.0,107870.52,-89068.15,NPR
2026-01-14,ACC0000002054,33987.47,0.0,0.0,33987.47,NPR
2026-01-14,ACC0000002055,90710.93,0.0,55962.92,34748.01,NPR
2026-01-14,ACC0000002056,57712.84,0.0,0.0,57712.84,NPR
2026-01-14,ACC0000002057,20192.7,0.0,71731.67,-51538.97,NPR
2026-01-14,ACC0000002058,131027.51,0.0,24162.2,106865.31,NPR
2026-01-14,ACC0000002059,339977.12,0.0,103182.18,236794.94,NPR
2026-01-14,ACC0000002060,325756.54,0.0,46372.31,279384.23,NPR
2026-01-14,ACC0000002061,318457.91,0.0,0.0,318457.91,NPR
2026-01-14,ACC0000002062,157227.71,43114.86,40053.98,160288.59,NPR
2026-01-14,ACC0000002063,206567.37,53797.57,40637.39,219727.55,NPR
2026-01-14,ACC0000002064,39486.06,0.0,0.0,39486.06,NPR
2026-01-14,ACC0000002065,62865.23,63918.04,43445.1,83338.17,NPR
2026-01-14,ACC0000002066,19672.89,95871.73,54154.59,61390.03,NPR
2026-01-14,ACC0000002067,458150.19,37686.31,38872.86,456963.64,NPR
2026-01-14,ACC0000002068,338260.15,31003.97,17438.33,351825.79,NPR
2026-01-14,ACC0000002069,94796.26,141.84,0.0,94938.1,NPR
2026-01-14,ACC0000002070,82749.38,15800.05,119135.98,-20586.55,NPR
2026-01-14,ACC0000002071,55787.83,0.0,0.0,55787.83,NPR
2026-01-14,ACC0000002072,431088.16,15494.39,89474.14,357108.41,NPR
2026-01-14,ACC0000002073,309216.47,32021.24,0.0,341237.71,NPR
2026-01-14,ACC0000002074,356474.09,0.0,16821.46,339652.63,NPR
2026-01-14,ACC0000002075,36260.48,0.0,38189.02,-1928.54,NPR
2026-01-14,ACC0000002076,422532.59,8934.73,28306.51,403160.81,NPR
2026-01-14,ACC0000002077,213870.77,29317.93,84711.65,158477.05,NPR
2026-01-14,ACC0000002078,417845.06,39311.52,11056.44,446100.14,NPR
2026-01-14,ACC0000002079,48463.79,0.0,130217.47,-81753.68,NPR
2026-01-14,ACC0000002080,97404.66,0.0,10631.31,86773.35,NPR
2026-01-14,ACC0000002081,321586.87,41543.35,39973.4,323156.82,NPR
2026-01-14,ACC0000002082,124316.42,0.0,127315.33,-2998.91,NPR
2026-01-14,ACC0000002083,115492.47,0.0,0.0,115492.47,NPR
2026-01-14,ACC0000002084,485554.53,18484.11,0.0,504038.64,NPR
2026-01-14,ACC0000002085,430322.82,0.0,47169.58,383153.24,NPR
2026-01-14,ACC0000002086,432456.85,0.0,59806.3,372650.55,NPR
2026-01-14,ACC0000002087,203050.36,0.0,44070.62,158979.74,NPR
2026-01-14,ACC0000002088,369524.71,0.0,123367.13,246157.58,NPR
2026-01-14,ACC0000002089,51000.99,115002.24,18616.01,147387.22,NPR
2026-01-14,ACC0000002090,318300.04,0.0,22664.78,295635.26,NPR
2026-01-14,ACC0000002091,432783.25,0.0,91056.85,341726.4,NPR
2026-01-14,ACC0000002092,164167.73,0.0,109249.13,54918.6,NPR
2026-01-14,ACC0000002093,57707.98,0.0,52957.46,4750.52,NPR
2026-01-14,ACC0000002094,39194.25,29166.45,9910.9,58449.8,NPR
2026-01-14,ACC0000002095,198644.15,0.0,81328.72,117315.43,NPR
2026-01-14,ACC0000002096,288973.85,0.0,79945.43,209028.42,NPR
2026-01-14,ACC0000002097,336578.05,0.0,0.0,336578.05,NPR
2026-01-14,ACC0000002098,197219.8,0.0,0.0,197219.8,NPR
2026-01-14,ACC0000002099,438635.56,0.0,107227.83,331407.73,NPR
2026-01-14,ACC0000002100,452205.18,0.0,70247.77,381957.41,NPR
2026-01-14,ACC0000002101,99461.92,0.0,42475.18,56986.74,NPR
2026-01-14,ACC0000002102,179261.0,0.0,13941.77,165319.23,NPR
2026-01-14,ACC0000002103,366708.92,0.0,0.0,366708.92,NPR
2026-01-14,ACC0000002104,170116.13,0.0,0.0,170116.13,NPR
2026-01-14,ACC0000002105,275222.41,0.0,133620.87,141601.54,NPR
2026-01-14,ACC0000002106,42689.24,46707.41,9469.57,79927.08,NPR
2026-01-14,ACC0000002107,207372.04,0.0,57774.85,149597.19,NPR
2026-01-14,ACC0000002108,44633.38,0.0,104371.23,-59737.85,NPR
2026-01-14,ACC0000002109,127165.0,0.0,0.0,127165.0,NPR
2026-01-14,ACC0000002110,53001.54,0.0,0.0,53001.54,NPR
2026-01-14,ACC0000002111,231296.41,0.0,0.0,231296.41,NPR
2026-01-14,ACC0000002112,380280.46,0.0,51406.92,328873.54,NPR
2026-01-14,ACC0000002113,177064.36,43621.01,2223.1,218462.27,NPR
2026-01-14,ACC0000002114,10431.85,0.0,0.0,10431.85,NPR
2026-01-14,ACC0000002115,340175.1,0.0,0.0,340175.1,NPR
2026-01-14,ACC0000002116,117681.19,0.0,86466.9,31214.29,NPR
2026-01-14,ACC0000002117,312432.74,0.0,97161.48,215271.26,NPR
2026-01-14,ACC0000002118,426751.13,90842.72,0.0,517593.85,NPR
2026-01-14,ACC0000002119,369644.95,0.0,63052.71,306592.24,NPR
2026-01-14,ACC0000002120,330540.28,0.0,57703.57,272836.71,NPR
2026-01-14,ACC0000002121,384708.74,50046.2,67979.88,366775.06,NPR
2026-01-14,ACC0000002122,298251.12,0.0,97871.0,200380.12,NPR
2026-01-14,ACC0000002123,463347.78,11621.98,122137.33,352832.43,NPR
2026-01-14,ACC0000002124,343118.13,43042.79,142851.58,243309.34,NPR
2026-01-14,ACC0000002125,337115.5,0.0,0.0,337115.5,NPR
2026-01-14,ACC0000002126,444424.72,0.0,127790.22,316634.5,NPR
2026-01-14,ACC0000002127,291757.24,0.0,106054.33,185702.91,NPR
2026-01-14,ACC0000002128,220685.75,0.0,16836.16,203849.59,NPR
2026-01-14,ACC0000002129,309040.51,0.0,123451.08,185589.43,NPR
2026-01-14,ACC0000002130,79310.28,0.0,35703.08,43607.2,NPR
2026-01-14,ACC0000002131,197515.49,0.0,0.0,197515.49,NPR
2026-01-14,ACC0000002132,16545.9,49870.63,107821.92,-41405.39,NPR
2026-01-14,ACC0000002133,245000.93,0.0,0.0,245000.93,NPR
2026-01-14,ACC0000002134,423787.55,0.0,0.0,423787.55,NPR
2026-01-14,ACC0000002135,261033.88,0.0,64341.24,196692.64,NPR
2026-01-14,ACC0000002136,465680.29,0.0,71574.29,394106.0,NPR
2026-01-14,ACC0000002137,305427.39,50492.47,1790.8,354129.06,NPR
2026-01-14,ACC0000002138,226816.93,0.0,27792.64,199024.29,NPR
2026-01-14,ACC0000002139,302719.25,12804.99,46321.12,269203.12,NPR
2026-01-14,ACC0000002140,156236.52,0.0,0.0,156236.52,NPR
2026-01-14,ACC0000002141,157665.48,23958.08,24043.05,157580.51,NPR
2026-01-14,ACC0000002142,344058.5,0.0,156516.89,187541.61,NPR
2026-01-14,ACC0000002143,363795.41,47890.4,7027.05,404658.76,NPR
2026-01-14,ACC0000002144,131988.45,46682.58,110537.27,68133.76,NPR
2026-01-14,ACC0000002145,293865.93,0.0,88077.63,205788.3,NPR
2026-01-14,ACC0000002146,199477.12,58737.11,99686.26,158527.97,NPR
2026-01-14,ACC0000002147,131747.57,0.0,0.0,131747.57,NPR
2026-01-14,ACC0000002148,250601.77,28317.79,37595.24,241324.32,NPR
2026-01-14,ACC0000002149,474593.47,32214.21,24362.29,482445.39,NPR
2026-01-14,ACC0000002150,297493.94,0.0,0.0,297493.94,NPR
2026-01-14,ACC0000002151,134161.66,25915.35,51172.43,108904.58,NPR
2026-01-14,ACC0000002152,315114.67,27132.41,99286.38,242960.7,NPR
2026-01-14,ACC0000002153,19262.76,0.0,81903.13,-62640.37,NPR
2026-01-14,ACC0000002154,252035.22,45798.69,139847.69,157986.22,NPR
2026-01-14,ACC0000002155,67911.38,0.0,73038.74,-5127.36,NPR
2026-01-14,ACC0000002156,52145.95,0.0,23193.6,28952.35,NPR
2026-01-14,ACC0000002157,191976.27,0.0,86186.32,105789.95,NPR
2026-01-14,ACC0000002158,377211.39,14373.26,33969.68,357614.97,NPR
2026-01-14,ACC0000002159,67502.82,0.0,45401.57,22101.25,NPR
2026-01-14,ACC0000002160,134223.4,56.95,64724.12,69556.23,NPR
2026-01-14,ACC0000002161,214126.58,0.0,0.0,214126.58,NPR
2026-01-14,ACC0000002162,149189.85,24419.55,391.36,173218.04,NPR
2026-01-14,ACC0000002163,390616.31,0.0,78048.4,312567.91,NPR
2026-01-14,ACC0000002164,273156.83,38834.37,76250.72,235740.48,NPR
2026-01-14,ACC0000002165,143304.97,0.0,105281.55,38023.42,NPR
2026-01-14,ACC0000002166,92588.47,0.0,98362.32,-5773.85,NPR
2026-01-14,ACC0000002167,389888.82,0.0,97769.99,292118.83,NPR
2026-01-14,ACC0000002168,32472.26,0.0,76176.95,-43704.69,NPR
2026-01-14,ACC0000002169,225402.72,10413.13,39430.68,196385.17,NPR
2026-01-14,ACC0000002170,364882.84,0.0,27280.41,337602.43,NPR
2026-01-14,ACC0000002171,422356.62,0.0,7304.87,415051.75,NPR
2026-01-14,ACC0000002172,291909.1,0.0,48738.36,243170.74,NPR
2026-01-14,ACC0000002173,97224.71,0.0,0.0,97224.71,NPR
2026-01-14,ACC0000002174,298608.62,44283.64,46794.39,296097.87,NPR
2026-01-14,ACC0000002175,430371.93,25436.71,0.0,455808.64,NPR
2026-01-14,ACC0000002176,474989.81,0.0,0.0,474989.81,NPR
2026-01-14,ACC0000002177,263803.41,0.0,62472.05,201331.36,NPR
2026-01-14,ACC0000002178,68158.8,0.0,145670.3,-77511.5,NPR
2026-01-14,ACC0000002179,132293.22,0.0,0.0,132293.22,NPR
2026-01-14,ACC0000002180,340763.63,0.0,0.0,340763.63,NPR
2026-01-14,ACC0000002181,321343.9,0.0,0.0,321343.9,NPR
2026-01-14,ACC0000002182,169841.45,0.0,46398.14,123443.31,NPR
2026-01-14,ACC0000002183,104766.48,32855.19,32244.05,105377.62,NPR
2026-01-14,ACC0000002184,226197.67,4568.94,78095.52,152671.09,NPR
2026-01-14,ACC0000002185,304676.34,0.0,0.0,304676.34,NPR
2026-01-14,ACC0000002186,239583.71,0.0,122967.35,116616.36,NPR
2026-01-14,ACC0000002187,94181.92,0.0,103110.42,-8928.5,NPR
2026-01-14,ACC0000002188,487543.64,0.0,0.0,487543.64,NPR
2026-01-14,ACC0000002189,436468.61,30126.99,0.0,466595.6,NPR
2026-01-14,ACC0000002190,64915.56,0.0,103912.16,-38996.6,NPR
2026-01-14,ACC0000002191,260282.4,64465.18,0.0,324747.58,NPR
2026-01-14,ACC0000002192,395912.73,63464.0,25933.74,433442.99,NPR
2026-01-14,ACC0000002193,123181.37,0.0,79771.08,43410.29,NPR
2026-01-14,ACC0000002194,210392.71,0.0,0.0,210392.71,NPR
2026-01-14,ACC0000002195,295751.98,0.0,13660.79,282091.19,NPR
2026-01-14,ACC0000002196,347232.26,60124.89,24899.35,382457.8,NPR
2026-01-14,ACC0000002197,438481.25,48081.52,35287.19,451275.58,NPR
2026-01-14,ACC0000002198,491970.98,0.0,25138.78,466832.2,NPR
2026-01-14,ACC0000002199,405995.58,0.0,8331.0,397664.58,NPR
2026-01-14,ACC0000002200,293838.72,0.0,0.0,293838.72,NPR
2026-01-14,ACC0000002201,47960.26,0.0,64783.66,-16823.4,NPR
2026-01-14,ACC0000002202,30206.71,10029.45,53189.25,-12953.09,NPR
2026-01-14,ACC0000002203,464765.92,21826.52,89568.68,397023.76,NPR
2026-01-14,ACC0000002204,245091.01,0.0,14557.87,230533.14,NPR
2026-01-14,ACC0000002205,313311.93,43073.99,43755.85,312630.07,NPR
2026-01-14,ACC0000002206,222489.42,31728.63,47482.74,206735.31,NPR
2026-01-14,ACC0000002207,162175.62,65654.87,34347.6,193482.89,NPR
2026-01-14,ACC0000002208,47988.25,0.0,42927.61,5060.64,NPR
2026-01-14,ACC0000002209,492854.93,10602.46,79785.17,423672.22,NPR
2026-01-14,ACC0000002210,230739.8,0.0,152527.25,78212.55,NPR
2026-01-14,ACC0000002211,7040.26,0.0,29386.8,-22346.54,NPR
2026-01-14,ACC0000002212,143191.47,11021.48,20637.69,133575.26,NPR
2026-01-14,ACC0000002213,434746.73,0.0,66907.14,367839.59,NPR
2026-01-14,ACC0000002214,66623.72,13327.08,0.0,79950.8,NPR
2026-01-14,ACC0000002215,261102.53,16623.77,46941.59,230784.71,NPR
2026-01-14,ACC0000002216,498067.64,0.0,0.0,498067.64,NPR
2026-01-14,ACC0000002217,269020.1,7424.67,24180.42,252264.35,NPR
2026-01-14,ACC0000002218,75030.87,0.0,52416.31,22614.56,NPR
2026-01-14,ACC0000002219,72765.0,0.0,0.0,72765.0,NPR
2026-01-14,ACC0000002220,363118.25,0.0,4871.14,358247.11,NPR
2026-01-14,ACC0000002221,387270.92,0.0,114292.94,272977.98,NPR
2026-01-14,ACC0000002222,186129.39,0.0,1264.24,184865.15,NPR
2026-01-14,ACC0000002223,288141.26,48763.24,88459.95,248444.55,NPR
2026-01-14,ACC0000002224,349679.12,0.0,93552.87,256126.25,NPR
2026-01-14,ACC0000002225,291901.88,0.0,48390.21,243511.67,NPR
2026-01-14,ACC0000002226,349461.73,0.0,67013.52,282448.21,NPR
2026-01-14,ACC0000002227,81807.06,0.0,54915.72,26891.34,NPR
2026-01-14,ACC0000002228,338908.55,0.0,20194.36,318714.19,NPR
2026-01-14,ACC0000002229,362140.68,18140.25,19406.57,360874.36,NPR
2026-01-14,ACC0000002230,161428.43,0.0,106704.1,54724.33,NPR
2026-01-14,ACC0000002231,211227.46,0.0,120184.5,91042.96,NPR
2026-01-14,ACC0000002232,216540.85,0.0,76578.6,139962.25,NPR
2026-01-14,ACC0000002233,170381.13,14096.77,46724.58,137753.32,NPR
2026-01-14,ACC0000002234,312415.01,0.0,48961.2,263453.81,NPR
2026-01-14,ACC0000002235,67341.09,4794.84,15078.76,57057.17,NPR
2026-01-14,ACC0000002236,229941.63,0.0,21957.99,207983.64,NPR
2026-01-14,ACC0000002237,490619.59,3735.72,101920.56,392434.75,NPR
2026-01-14,ACC0000002238,132288.99,73231.25,129432.45,76087.79,NPR
2026-01-14,ACC0000002239,335291.02,0.0,77754.4,257536.62,NPR
2026-01-14,ACC0000002240,128107.61,0.0,11993.11,116114.5,NPR
2026-01-14,ACC0000002241,245483.07,30208.83,45584.86,230107.04,NPR
2026-01-14,ACC0000002242,383510.9,3963.53,73652.77,313821.66,NPR
2026-01-14,ACC0000002243,100387.88,0.0,100558.84,-170.96,NPR
2026-01-14,ACC0000002244,182373.67,0.0,15102.81,167270.86,NPR
2026-01-14,ACC0000002245,173928.23,0.0,45679.68,128248.55,NPR
2026-01-14,ACC0000002246,260241.13,35171.97,45416.59,249996.51,NPR
2026-01-14,ACC0000002247,425893.72,40512.09,46658.68,419747.13,NPR
2026-01-14,ACC0000002248,371334.06,0.0,41811.75,329522.31,NPR
2026-01-14,ACC0000002249,383661.75,0.0,48767.26,334894.49,NPR
2026-01-14,ACC0000002250,464025.74,0.0,21661.92,442363.82,NPR
2026-01-14,ACC0000002251,164837.3,0.0,47117.58,117719.72,NPR
2026-01-14,ACC0000002252,305673.8,0.0,37941.95,267731.85,NPR
2026-01-14,ACC0000002253,157329.41,0.0,10993.21,146336.2,NPR
2026-01-14,ACC0000002254,343693.09,0.0,0.0,343693.09,NPR
2026-01-14,ACC0000002255,254397.28,0.0,0.0,254397.28,NPR
2026-01-14,ACC0000002256,434673.97,0.0,37812.63,396861.34,NPR
2026-01-14,ACC0000002257,35945.44,0.0,47194.14,-11248.7,NPR
2026-01-14,ACC0000002258,404588.47,0.0,37704.84,366883.63,NPR
2026-01-14,ACC0000002259,199427.84,12189.73,30131.93,181485.64,NPR
2026-01-14,ACC0000002260,163499.53,0.0,106782.22,56717.31,NPR
2026-01-14,ACC0000002261,291907.01,0.0,48685.24,243221.77,NPR
2026-01-14,ACC0000002262,67549.56,41985.49,94590.4,14944.65,NPR
2026-01-14,ACC0000002263,452261.92,3126.85,1209.21,454179.56,NPR
2026-01-14,ACC0000002264,122622.4,38359.43,0.0,160981.83,NPR
2026-01-14,ACC0000002265,452322.46,0.0,0.0,452322.46,NPR
2026-01-14,ACC0000002266,188726.52,0.0,0.0,188726.52,NPR
2026-01-14,ACC0000002267,15351.02,37041.04,169741.45,-117349.39,NPR
2026-01-14,ACC0000002268,155612.34,45729.34,66426.44,134915.24,NPR
2026-01-14,ACC0000002269,421891.2,0.0,78848.49,343042.71,NPR
2026-01-14,ACC0000002270,438931.16,0.0,0.0,438931.16,NPR
2026-01-14,ACC0000002271,396241.44,0.0,8379.27,387862.17,NPR
2026-01-14,ACC0000002272,161174.94,0.0,0.0,161174.94,NPR
2026-01-14,ACC0000002273,98292.59,0.0,50880.71,47411.88,NPR
2026-01-14,ACC0000002274,68622.38,0.0,100250.47,-31628.09,NPR
2026-01-14,ACC0000002275,345905.11,44682.84,34509.87,356078.08,NPR
2026-01-14,ACC0000002276,130016.65,0.0,0.0,130016.65,NPR
2026-01-14,ACC0000002277,353591.31,0.0,37249.5,316341.81,NPR
2026-01-14,ACC0000002278,343675.4,0.0,92089.14,251586.26,NPR
2026-01-14,ACC0000002279,337272.62,0.0,41019.0,296253.62,NPR
2026-01-14,ACC0000002280,336034.4,49586.29,59198.39,326422.3,NPR
2026-01-14,ACC0000002281,50382.41,29188.54,144668.93,-65097.98,NPR
2026-01-14,ACC0000002282,214468.15,0.0,38589.36,175878.79,NPR
2026-01-14,ACC0000002283,394058.91,0.0,94447.2,299611.71,NPR
2026-01-14,ACC0000002284,304617.07,0.0,39642.97,264974.1,NPR
2026-01-14,ACC0000002285,289437.44,0.0,0.0,289437.44,NPR
2026-01-14,ACC0000002286,32524.55,11183.67,64372.89,-20664.67,NPR
2026-01-14,ACC0000002287,168396.61,0.0,18524.66,149871.95,NPR
2026-01-14,ACC0000002288,475887.07,0.0,0.0,475887.07,NPR
2026-01-14,ACC0000002289,380333.02,0.0,6702.47,373630.55,NPR
2026-01-14,ACC0000002290,147628.78,0.0,37749.3,109879.48,NPR
2026-01-14,ACC0000002291,204948.05,0.0,14151.73,190796.32,NPR
2026-01-14,ACC0000002292,495564.86,30430.62,36644.35,489351.13,NPR
2026-01-14,ACC0000002293,303402.57,0.0,101545.91,201856.66,NPR
2026-01-14,ACC0000002294,230083.47,0.0,41205.5,188877.97,NPR
2026-01-14,ACC0000002295,179934.73,32121.55,167216.69,44839.59,NPR
2026-01-14,ACC0000002296,499930.53,0.0,23607.78,476322.75,NPR
2026-01-14,ACC0000002297,430780.8,28981.15,77556.49,382205.46,NPR
2026-01-14,ACC0000002298,37297.87,0.0,80688.17,-43390.3,NPR
2026-01-14,ACC0000002299,20364.71,3998.66,45379.04,-21015.67,NPR
2026-01-14,ACC0000002300,197767.3,0.0,10435.88,187331.42,NPR
2026-01-14,ACC0000002301,330206.61,0.0,0.0,330206.61,NPR
2026-01-14,ACC0000002302,173212.49,61555.65,91377.22,143390.92,NPR
2026-01-14,ACC0000002303,146423.66,0.0,62127.7,84295.96,NPR
2026-01-14,ACC0000002304,143854.03,26061.44,68596.98,101318.49,NPR
2026-01-14,ACC0000002305,326425.54,43491.86,49337.28,320580.12,NPR
2026-01-14,ACC0000002306,472396.1,0.0,0.0,472396.1,NPR
2026-01-14,ACC0000002307,495682.89,0.0,65286.5,430396.39,NPR
2026-01-14,ACC0000002308,321553.37,52554.1,15761.33,358346.14,NPR
2026-01-14,ACC0000002309,62994.54,0.0,0.0,62994.54,NPR
2026-01-14,ACC0000002310,252018.14,0.0,0.0,252018.14,NPR
2026-01-14,ACC0000002311,277952.23,0.0,0.0,277952.23,NPR
2026-01-14,ACC0000002312,90920.5,0.0,86632.05,4288.45,NPR
2026-01-14,ACC0000002313,169318.21,0.0,41819.23,127498.98,NPR
2026-01-14,ACC0000002314,301763.41,21337.73,31534.35,291566.79,NPR
2026-01-14,ACC0000002315,43736.09,0.0,46339.42,-2603.33,NPR
2026-01-14,ACC0000002316,205126.61,10806.46,90774.7,125158.37,NPR
2026-01-14,ACC0000002317,495064.48,0.0,20652.69,474411.79,NPR
2026-01-14,ACC0000002318,331037.46,0.0,0.0,331037.46,NPR
2026-01-14,ACC0000002319,188893.77,0.0,33667.45,155226.32,NPR
2026-01-14,ACC0000002320,280730.89,66345.97,108175.92,238900.94,NPR
2026-01-14,ACC0000002321,439567.65,0.0,47635.24,391932.41,NPR
2026-01-14,ACC0000002322,385043.85,44042.86,0.0,429086.71,NPR
2026-01-14,ACC0000002323,410023.41,0.0,34208.27,375815.14,NPR
2026-01-14,ACC0000002324,395627.49,0.0,0.0,395627.49,NPR
2026-01-14,ACC0000002325,190070.29,30371.25,48129.84,172311.7,NPR
2026-01-14,ACC0000002326,425483.01,0.0,0.0,425483.01,NPR
2026-01-14,ACC0000002327,360242.15,0.0,46451.85,313790.3,NPR
2026-01-14,ACC0000002328,114448.86,16388.93,70988.57,59849.22,NPR
2026-01-14,ACC0000002329,155587.6,0.0,60961.92,94625.68,NPR
2026-01-14,ACC0000002330,299454.48,0.0,2910.02,296544.46,NPR
2026-01-14,ACC0000002331,225160.79,4238.17,154243.63,75155.33,NPR
2026-01-14,ACC0000002332,135799.31,0.0,34567.76,101231.55,NPR
2026-01-14,ACC0000002333,342210.03,135.7,86300.02,256045.71,NPR
2026-01-14,ACC0000002334,51234.05,8631.61,89281.59,-29415.93,NPR
2026-01-14,ACC0000002335,102199.55,0.0,27447.85,74751.7,NPR
2026-01-14,ACC0000002336,57579.04,1157.54,57632.71,1103.87,NPR
2026-01-14,ACC0000002337,23559.18,0.0,118783.86,-95224.68,NPR
2026-01-14,ACC0000002338,72671.41,18703.86,0.0,91375.27,NPR
2026-01-14,ACC0000002339,253475.5,28033.91,25145.58,256363.83,NPR
2026-01-14,ACC0000002340,370095.74,0.0,0.0,370095.74,NPR
2026-01-14,ACC0000002341,110848.44,31073.77,39264.02,102658.19,NPR
2026-01-14,ACC0000002342,323102.2,6938.96,2769.98,327271.18,NPR
2026-01-14,ACC0000002343,419215.09,0.0,61600.99,357614.1,NPR
2026-01-14,ACC0000002344,151866.56,8394.19,32643.87,127616.88,NPR
2026-01-14,ACC0000002345,385786.19,0.0,8486.63,377299.56,NPR
2026-01-14,ACC0000002346,234606.41,8362.84,43180.07,199789.18,NPR
2026-01-14,ACC0000002347,437287.63,0.0,19291.25,417996.38,NPR
2026-01-14,ACC0000002348,162088.07,45531.93,133191.53,74428.47,NPR
2026-01-14,ACC0000002349,357902.27,56206.82,35519.1,378589.99,NPR
2026-01-14,ACC0000002350,258134.07,19637.29,61203.01,216568.35,NPR
2026-01-14,ACC0000002351,75354.83,4246.22,71757.26,7843.79,NPR
2026-01-14,ACC0000002352,406463.94,33257.74,101076.42,338645.26,NPR
2026-01-14,ACC0000002353,277741.81,9919.43,0.0,287661.24,NPR
2026-01-14,ACC0000002354,409495.79,0.0,0.0,409495.79,NPR
2026-01-14,ACC0000002355,432403.75,43084.98,167477.57,308011.16,NPR
2026-01-14,ACC0000002356,102995.0,0.0,0.0,102995.0,NPR
2026-01-14,ACC0000002357,401097.81,126026.57,133908.68,393215.7,NPR
2026-01-14,ACC0000002358,303769.87,33570.47,20434.91,316905.43,NPR
2026-01-14,ACC0000002359,381108.62,0.0,30512.04,350596.58,NPR
2026-01-14,ACC0000002360,255126.05,0.0,44331.08,210794.97,NPR
2026-01-14,ACC0000002361,155058.91,0.0,39463.58,115595.33,NPR
2026-01-14,ACC0000002362,393673.34,0.0,45738.32,347935.02,NPR
2026-01-14,ACC0000002363,145767.84,10147.64,25603.02,130312.46,NPR
2026-01-14,ACC0000002364,355668.85,52525.32,65600.29,342593.88,NPR
2026-01-14,ACC0000002365,315164.18,6629.18,37431.95,284361.41,NPR
2026-01-14,ACC0000002366,207367.24,0.0,36513.61,170853.63,NPR
2026-01-14,ACC0000002367,229196.04,0.0,0.0,229196.04,NPR
2026-01-14,ACC0000002368,247598.8,0.0,34131.84,213466.96,NPR
2026-01-14,ACC0000002369,367850.79,0.0,66978.73,300872.06,NPR
2026-01-14,ACC0000002370,40733.35,0.0,0.0,40733.35,NPR
2026-01-14,ACC0000002371,191644.1,77633.2,16173.74,253103.56,NPR
2026-01-14,ACC0000002372,400235.47,0.0,0.0,400235.47,NPR
2026-01-14,ACC0000002373,29950.7,24861.44,46125.49,8686.65,NPR
2026-01-14,ACC0000002374,460964.01,17846.74,11266.64,467544.11,NPR
2026-01-14,ACC0000002375,390183.91,18331.66,46923.69,361591.88,NPR
2026-01-14,ACC0000002376,35075.11,0.0,82796.0,-47720.89,NPR
2026-01-14,ACC0000002377,237800.46,7842.48,67046.48,178596.46,NPR
2026-01-14,ACC0000002378,474006.23,47606.37,43920.97,477691.63,NPR
2026-01-14,ACC0000002379,126266.71,0.0,91445.55,34821.16,NPR
2026-01-14,ACC0000002380,133949.39,0.0,0.0,133949.39,NPR
2026-01-14,ACC0000002381,492973.04,0.0,99387.66,393585.38,NPR
2026-01-14,ACC0000002382,466144.2,33985.23,47706.69,452422.74,NPR
2026-01-14,ACC0000002383,466461.81,0.0,76401.68,390060.13,NPR
2026-01-14,ACC0000002384,105606.35,37436.76,179459.22,-36416.11,NPR
2026-01-14,ACC0000002385,462183.38,34632.16,50073.09,446742.45,NPR
2026-01-14,ACC0000002386,252200.67,0.0,47261.2,204939.47,NPR
2026-01-14,ACC0000002387,377478.0,0.0,16976.73,360501.27,NPR
2026-01-14,ACC0000002388,379428.63,15427.77,46946.82,347909.58,NPR
2026-01-14,ACC0000002389,226742.55,0.0,0.0,226742.55,NPR
2026-01-14,ACC0000002390,252579.13,25622.64,91848.75,186353.02,NPR
2026-01-14,ACC0000002391,74767.81,0.0,0.0,74767.81,NPR
2026-01-14,ACC0000002392,164106.79,0.0,122643.32,41463.47,NPR
2026-01-14,ACC0000002393,159985.9,0.0,88228.35,71757.55,NPR
2026-01-14,ACC0000002394,362079.2,0.0,0.0,362079.2,NPR
2026-01-14,ACC0000002395,466082.93,43057.83,0.0,509140.76,NPR
2026-01-14,ACC0000002396,489690.87,0.0,39539.62,450151.25,NPR
2026-01-14,ACC0000002397,248059.07,0.0,126366.25,121692.82,NPR
2026-01-14,ACC0000002398,231821.77,0.0,0.0,231821.77,NPR
2026-01-14,ACC0000002399,301141.7,0.0,1693.49,299448.21,NPR
2026-01-14,ACC0000002400,236232.33,47921.53,896.59,283257.27,NPR
2026-01-14,ACC0000002401,118070.87,0.0,0.0,118070.87,NPR
2026-01-14,ACC0000002402,97377.7,0.0,48084.64,49293.06,NPR
2026-01-14,ACC0000002403,416557.46,0.0,0.0,416557.46,NPR
2026-01-14,ACC0000002404,376902.37,0.0,0.0,376902.37,NPR
2026-01-14,ACC0000002405,45804.52,39602.63,58079.06,27328.09,NPR
2026-01-14,ACC0000002406,249684.67,46383.19,74306.92,221760.94,NPR
2026-01-14,ACC0000002407,120536.34,48980.56,20434.49,149082.41,NPR
2026-01-14,ACC0000002408,159604.8,44602.6,87823.2,116384.2,NPR
2026-01-14,ACC0000002409,412758.79,0.0,44688.46,368070.33,NPR
2026-01-14,ACC0000002410,302806.56,22011.81,0.0,324818.37,NPR
2026-01-14,ACC0000002411,143219.36,28710.35,138731.66,33198.05,NPR
2026-01-14,ACC0000002412,206870.41,0.0,37655.31,169215.1,NPR
2026-01-14,ACC0000002413,362119.71,16293.34,0.0,378413.05,NPR
2026-01-14,ACC0000002414,175516.77,0.0,35944.38,139572.39,NPR
2026-01-14,ACC0000002415,15412.01,0.0,12541.28,2870.73,NPR
2026-01-14,ACC0000002416,314155.0,0.0,77236.82,236918.18,NPR
2026-01-14,ACC0000002417,202705.31,0.0,0.0,202705.31,NPR
2026-01-14,ACC0000002418,35076.14,0.0,38400.5,-3324.36,NPR
2026-01-14,ACC0000002419,291729.33,0.0,27209.08,264520.25,NPR
2026-01-14,ACC0000002420,273609.52,29382.72,67062.97,235929.27,NPR
2026-01-14,ACC0000002421,163404.68,18476.96,91498.04,90383.6,NPR
2026-01-14,ACC0000002422,328186.38,0.0,5588.47,322597.91,NPR
2026-01-14,ACC0000002423,444656.6,40158.53,96876.1,387939.03,NPR
2026-01-14,ACC0000002424,341261.36,49997.42,49802.16,341456.62,NPR
2026-01-14,ACC0000002425,63479.21,23679.22,38753.21,48405.22,NPR
2026-01-14,ACC0000002426,390867.94,40942.74,34865.43,396945.25,NPR
2026-01-14,ACC0000002427,87116.5,0.0,27225.92,59890.58,NPR
2026-01-14,ACC0000002428,313571.27,0.0,161762.74,151808.53,NPR
2026-01-14,ACC0000002429,49039.58,0.0,0.0,49039.58,NPR
2026-01-14,ACC0000002430,83638.92,0.0,46562.9,37076.02,NPR
2026-01-14,ACC0000002431,471682.19,0.0,0.0,471682.19,NPR
2026-01-14,ACC0000002432,78483.51,0.0,42226.06,36257.45,NPR
2026-01-14,ACC0000002433,107774.66,0.0,0.0,107774.66,NPR
2026-01-14,ACC0000002434,289768.94,0.0,23511.16,266257.78,NPR
2026-01-14,ACC0000002435,291399.38,32186.1,62337.23,261248.25,NPR
2026-01-14,ACC0000002436,74096.74,49365.42,44848.03,78614.13,NPR
2026-01-14,ACC0000002437,207558.86,0.0,0.0,207558.86,NPR
2026-01-14,ACC0000002438,406969.3,0.0,0.0,406969.3,NPR
2026-01-14,ACC0000002439,408918.64,0.0,5515.53,403403.11,NPR
2026-01-14,ACC0000002440,19038.56,0.0,166821.47,-147782.91,NPR
2026-01-14,ACC0000002441,172374.33,0.0,97003.17,75371.16,NPR
2026-01-14,ACC0000002442,52037.88,0.0,37412.14,14625.74,NPR
2026-01-14,ACC0000002443,417731.96,0.0,19146.95,398585.01,NPR
2026-01-14,ACC0000002444,391223.56,0.0,13763.99,377459.57,NPR
2026-01-14,ACC0000002445,403525.16,0.0,0.0,403525.16,NPR
2026-01-14,ACC0000002446,257394.0,0.0,60468.41,196925.59,NPR
2026-01-14,ACC0000002447,306429.31,0.0,0.0,306429.31,NPR
2026-01-14,ACC0000002448,257869.77,0.0,0.0,257869.77,NPR
2026-01-14,ACC0000002449,291380.68,35205.41,47013.9,279572.19,NPR
2026-01-14,ACC0000002450,62150.31,0.0,82969.89,-20819.58,NPR
2026-01-14,ACC0000002451,351188.01,40987.6,0.0,392175.61,NPR
2026-01-14,ACC0000002452,138425.43,0.0,47680.54,90744.89,NPR
2026-01-14,ACC0000002453,423742.16,49745.83,158309.96,315178.03,NPR
2026-01-14,ACC0000002454,365576.53,0.0,157468.11,208108.42,NPR
2026-01-14,ACC0000002455,300184.94,0.0,0.0,300184.94,NPR
2026-01-14,ACC0000002456,474581.8,0.0,28259.1,446322.7,NPR
2026-01-14,ACC0000002457,142515.46,0.0,62328.12,80187.34,NPR
2026-01-14,ACC0000002458,430406.05,0.0,49608.94,380797.11,NPR
2026-01-14,ACC0000002459,2292.53,4651.79,168196.02,-161251.7,NPR
2026-01-14,ACC0000002460,73570.31,0.0,89550.48,-15980.17,NPR
2026-01-14,ACC0000002461,353084.39,0.0,56419.54,296664.85,NPR
2026-01-14,ACC0000002462,220116.01,41404.36,0.0,261520.37,NPR
2026-01-14,ACC0000002463,324774.55,0.0,0.0,324774.55,NPR
2026-01-14,ACC0000002464,415536.88,0.0,158191.59,257345.29,NPR
2026-01-14,ACC0000002465,412814.88,0.0,62691.62,350123.26,NPR
2026-01-14,ACC0000002466,232350.86,50048.96,160580.07,121819.75,NPR
2026-01-14,ACC0000002467,244059.27,0.0,40021.01,204038.26,NPR
2026-01-14,ACC0000002468,52125.64,0.0,60898.81,-8773.17,NPR
2026-01-14,ACC0000002469,188824.14,0.0,24058.4,164765.74,NPR
2026-01-14,ACC0000002470,401484.74,0.0,13563.22,387921.52,NPR
2026-01-14,ACC0000002471,413960.25,0.0,90776.95,323183.3,NPR
2026-01-14,ACC0000002472,233812.74,15560.47,39063.02,210310.19,NPR
2026-01-14,ACC0000002473,46688.22,0.0,34598.55,12089.67,NPR
2026-01-14,ACC0000002474,111281.68,0.0,48374.81,62906.87,NPR
2026-01-14,ACC0000002475,74901.49,37156.19,66761.23,45296.45,NPR
2026-01-14,ACC0000002476,235307.63,41107.61,43555.74,232859.5,NPR
2026-01-14,ACC0000002477,470172.17,55905.24,20689.88,505387.53,NPR
2026-01-14,ACC0000002478,385426.14,0.0,110762.0,274664.14,NPR
2026-01-14,ACC0000002479,410861.62,0.0,0.0,410861.62,NPR
2026-01-14,ACC0000002480,192201.42,48491.31,90362.82,150329.91,NPR
2026-01-14,ACC0000002481,36034.27,0.0,148532.1,-112497.83,NPR
2026-01-14,ACC0000002482,164662.38,48325.33,15339.99,197647.72,NPR
2026-01-14,ACC0000002483,214134.66,0.0,5097.32,209037.34,NPR
2026-01-14,ACC0000002484,244441.91,0.0,0.0,244441.91,NPR
2026-01-14,ACC0000002485,48743.74,0.0,0.0,48743.74,NPR
2026-01-14,ACC0000002486,446430.5,35461.83,71735.2,410157.13,NPR
2026-01-14,ACC0000002487,167407.07,22500.23,69120.11,120787.19,NPR
2026-01-14,ACC0000002488,150607.75,0.0,60908.23,89699.52,NPR
2026-01-14,ACC0000002489,427089.59,0.0,79192.1,347897.49,NPR
2026-01-14,ACC0000002490,411958.71,0.0,0.0,411958.71,NPR
2026-01-14,ACC0000002491,152789.49,0.0,104075.68,48713.81,NPR
2026-01-14,ACC0000002492,24382.25,0.0,97173.55,-72791.3,NPR
2026-01-14,ACC0000002493,392387.01,16447.33,80949.11,327885.23,NPR
2026-01-14,ACC0000002494,25411.23,0.0,33848.36,-8437.13,NPR
2026-01-14,ACC0000002495,253280.07,44198.29,0.0,297478.36,NPR
2026-01-14,ACC0000002496,2272.78,10870.44,0.0,13143.22,NPR
2026-01-14,ACC0000002497,255374.59,46420.68,0.0,301795.27,NPR
2026-01-14,ACC0000002498,336453.04,26616.23,59026.18,304043.09,NPR
2026-01-14,ACC0000002499,221627.15,0.0,31245.22,190381.93,NPR
2026-01-14,ACC0000002500,367927.43,0.0,0.0,367927.43,NPR
2026-01-14,ACC0000002501,49202.24,0.0,52613.5,-3411.26,NPR
2026-01-14,ACC0000002502,121283.73,0.0,82828.38,38455.35,NPR
2026-01-14,ACC0000002503,215302.86,82384.34,49835.45,247851.75,NPR
2026-01-14,ACC0000002504,332266.57,0.0,75483.6,256782.97,NPR
2026-01-14,ACC0000002505,124288.12,0.0,45462.47,78825.65,NPR
2026-01-14,ACC0000002506,90626.17,0.0,14371.3,76254.87,NPR
2026-01-14,ACC0000002507,207572.59,0.0,0.0,207572.59,NPR
2026-01-14,ACC0000002508,1694.53,0.0,0.0,1694.53,NPR
2026-01-14,ACC0000002509,454214.34,0.0,32609.68,421604.66,NPR
2026-01-14,ACC0000002510,64196.46,0.0,179434.74,-115238.28,NPR
2026-01-14,ACC0000002511,295743.3,38410.69,48351.37,285802.62,NPR
2026-01-14,ACC0000002512,242568.77,23203.1,83127.21,182644.66,NPR
2026-01-14,ACC0000002513,109847.61,0.0,73303.8,36543.81,NPR
2026-01-14,ACC0000002514,15803.38,42897.74,74207.29,-15506.17,NPR
2026-01-14,ACC0000002515,33064.24,0.0,67438.04,-34373.8,NPR
2026-01-14,ACC0000002516,190447.57,0.0,0.0,190447.57,NPR
2026-01-14,ACC0000002517,53635.54,0.0,29832.2,23803.34,NPR
2026-01-14,ACC0000002518,50621.64,0.0,0.0,50621.64,NPR
2026-01-14,ACC0000002519,132872.81,20391.16,27473.5,125790.47,NPR
2026-01-14,ACC0000002520,315989.5,0.0,46522.92,269466.58,NPR
2026-01-14,ACC0000002521,289933.67,0.0,108103.47,181830.2,NPR
2026-01-14,ACC0000002522,467878.55,0.0,0.0,467878.55,NPR
2026-01-14,ACC0000002523,85244.77,39636.22,6205.88,118675.11,NPR
2026-01-14,ACC0000002524,352700.26,48516.05,50213.85,351002.46,NPR
2026-01-14,ACC0000002525,377963.88,14197.35,0.0,392161.23,NPR
2026-01-14,ACC0000002526,155825.71,0.0,0.0,155825.71,NPR
2026-01-14,ACC0000002527,346067.96,0.0,121065.99,225001.97,NPR
2026-01-14,ACC0000002528,457690.02,0.0,116143.42,341546.6,NPR
2026-01-14,ACC0000002529,199641.06,42104.1,69248.75,172496.41,NPR
2026-01-14,ACC0000002530,75375.66,0.0,114925.36,-39549.7,NPR
2026-01-14,ACC0000002531,215733.56,8235.17,43257.21,180711.52,NPR
2026-01-14,ACC0000002532,319348.69,26825.52,48611.7,297562.51,NPR
2026-01-14,ACC0000002533,164738.18,0.0,47077.06,117661.12,NPR
2026-01-14,ACC0000002534,396684.23,0.0,100024.25,296659.98,NPR
2026-01-14,ACC0000002535,288319.43,31086.06,40626.99,278778.5,NPR
2026-01-14,ACC0000002536,419330.79,16286.32,0.0,435617.11,NPR
2026-01-14,ACC0000002537,253538.53,0.0,81615.25,171923.28,NPR
2026-01-14,ACC0000002538,330432.58,0.0,144435.1,185997.48,NPR
2026-01-14,ACC0000002539,251989.77,0.0,49424.91,202564.86,NPR
2026-01-14,ACC0000002540,252551.15,0.0,63786.2,188764.95,NPR
2026-01-14,ACC0000002541,292873.95,47742.7,54050.94,286565.71,NPR
2026-01-14,ACC0000002542,273335.27,0.0,0.0,273335.27,NPR
2026-01-14,ACC0000002543,401313.97,0.0,62244.52,339069.45,NPR
2026-01-14,ACC0000002544,339625.21,0.0,115952.28,223672.93,NPR
2026-01-14,ACC0000002545,415424.37,0.0,23050.35,392374.02,NPR
2026-01-14,ACC0000002546,427105.91,0.0,9594.61,417511.3,NPR
2026-01-14,ACC0000002547,180407.42,39450.22,84764.76,135092.88,NPR
2026-01-14,ACC0000002548,176050.61,0.0,0.0,176050.61,NPR
2026-01-14,ACC0000002549,392000.27,0.0,30792.92,361207.35,NPR
2026-01-14,ACC0000002550,142822.38,0.0,28655.1,114167.28,NPR
2026-01-14,ACC0000002551,278881.04,0.0,9530.31,269350.73,NPR
2026-01-14,ACC0000002552,110157.89,0.0,15939.47,94218.42,NPR
2026-01-14,ACC0000002553,341697.35,24564.98,165420.01,200842.32,NPR
2026-01-14,ACC0000002554,494080.64,45072.64,36396.11,502757.17,NPR
2026-01-14,ACC0000002555,477799.76,0.0,105348.53,372451.23,NPR
2026-01-14,ACC0000002556,470494.01,0.0,114629.96,355864.05,NPR
2026-01-14,ACC0000002557,194080.17,0.0,3355.55,190724.62,NPR
2026-01-14,ACC0000002558,87261.96,0.0,100711.12,-13449.16,NPR
2026-01-14,ACC0000002559,329319.98,18921.38,14249.61,333991.75,NPR
2026-01-14,ACC0000002560,459324.96,36200.14,11379.27,484145.83,NPR
2026-01-14,ACC0000002561,261652.53,0.0,108034.25,153618.28,NPR
2026-01-14,ACC0000002562,489321.65,19761.14,53312.29,455770.5,NPR
2026-01-14,ACC0000002563,209925.31,19520.17,188366.04,41079.44,NPR
2026-01-14,ACC0000002564,488264.85,0.0,113306.22,374958.63,NPR
2026-01-14,ACC0000002565,338753.3,1510.1,54309.53,285953.87,NPR
2026-01-14,ACC0000002566,478528.37,0.0,48904.26,429624.11,NPR
2026-01-14,ACC0000002567,123280.44,0.0,41048.95,82231.49,NPR
2026-01-14,ACC0000002568,436392.11,46998.13,52137.26,431252.98,NPR
2026-01-14,ACC0000002569,308075.87,0.0,5121.31,302954.56,NPR
2026-01-14,ACC0000002570,245800.13,0.0,0.0,245800.13,NPR
2026-01-14,ACC0000002571,392582.45,0.0,8868.79,383713.66,NPR
2026-01-14,ACC0000002572,275884.7,0.0,0.0,275884.7,NPR
2026-01-14,ACC0000002573,134844.14,0.0,24730.01,110114.13,NPR
2026-01-14,ACC0000002574,24741.96,34942.36,4350.74,55333.58,NPR
2026-01-14,ACC0000002575,59743.39,30510.22,153182.52,-62928.91,NPR
2026-01-14,ACC0000002576,416325.19,36494.55,122887.38,329932.36,NPR
2026-01-14,ACC0000002577,315872.79,32278.19,6797.28,341353.7,NPR
2026-01-14,ACC0000002578,383472.79,23991.56,73290.77,334173.58,NPR
2026-01-14,ACC0000002579,493882.8,47682.55,66910.51,474654.84,NPR
2026-01-14,ACC0000002580,376826.68,0.0,38563.71,338262.97,NPR
2026-01-14,ACC0000002581,84183.24,0.0,28701.67,55481.57,NPR
2026-01-14,ACC0000002582,8965.02,0.0,107994.29,-99029.27,NPR
2026-01-14,ACC0000002583,168873.03,12595.26,90583.57,90884.72,NPR
2026-01-14,ACC0000002584,431056.57,9709.2,139427.6,301338.17,NPR
2026-01-14,ACC0000002585,46423.38,0.0,48216.24,-1792.86,NPR
2026-01-14,ACC0000002586,437420.28,0.0,99484.59,337935.69,NPR
2026-01-14,ACC0000002587,119090.61,94329.63,67914.82,145505.42,NPR
2026-01-14,ACC0000002588,170633.69,0.0,40422.18,130211.51,NPR
2026-01-14,ACC0000002589,499351.98,0.0,53826.53,445525.45,NPR
2026-01-14,ACC0000002590,303119.82,3658.52,3830.5,302947.84,NPR
2026-01-14,ACC0000002591,37605.53,2527.18,21468.99,18663.72,NPR
2026-01-14,ACC0000002592,189471.51,0.0,16490.07,172981.44,NPR
2026-01-14,ACC0000002593,338697.23,0.0,2121.68,336575.55,NPR
2026-01-14,ACC0000002594,198518.74,0.0,110819.92,87698.82,NPR
2026-01-14,ACC0000002595,17164.48,42553.57,78263.26,-18545.21,NPR
2026-01-14,ACC0000002596,83633.33,0.0,0.0,83633.33,NPR
2026-01-14,ACC0000002597,59519.89,0.0,52451.8,7068.09,NPR
2026-01-14,ACC0000002598,258569.89,9401.3,4596.92,263374.27,NPR
2026-01-14,ACC0000002599,389379.95,0.0,0.0,389379.95,NPR
2026-01-14,ACC0000002600,167429.91,0.0,168905.84,-1475.93,NPR
2026-01-14,ACC0000002601,189008.14,0.0,71677.61,117330.53,NPR
2026-01-14,ACC0000002602,232067.42,0.0,0.0,232067.42,NPR
2026-01-14,ACC0000002603,209225.3,47641.24,30682.36,226184.18,NPR
2026-01-14,ACC0000002604,22040.21,0.0,124905.19,-102864.98,NPR
2026-01-14,ACC0000002605,67664.39,27399.12,141056.58,-45993.07,NPR
2026-01-14,ACC0000002606,212874.34,0.0,0.0,212874.34,NPR
2026-01-14,ACC0000002607,432246.12,0.0,35592.11,396654.01,NPR
2026-01-14,ACC0000002608,397103.11,0.0,103077.83,294025.28,NPR
2026-01-14,ACC0000002609,337552.61,25672.12,45290.93,317933.8,NPR
2026-01-14,ACC0000002610,471676.97,0.0,0.0,471676.97,NPR
2026-01-14,ACC0000002611,176259.95,0.0,54087.49,122172.46,NPR
2026-01-14,ACC0000002612,359415.15,0.0,42022.66,317392.49,NPR
2026-01-14,ACC0000002613,193122.37,0.0,58218.77,134903.6,NPR
2026-01-14,ACC0000002614,12815.97,0.0,156999.98,-144184.01,NPR
2026-01-14,ACC0000002615,201931.7,0.0,63622.95,138308.75,NPR
2026-01-14,ACC0000002616,149920.19,0.0,48833.6,101086.59,NPR
2026-01-14,ACC0000002617,87938.71,0.0,77729.44,10209.27,NPR
2026-01-14,ACC0000002618,440584.59,0.0,0.0,440584.59,NPR
2026-01-14,ACC0000002619,365096.46,0.0,38307.9,326788.56,NPR
2026-01-14,ACC0000002620,445512.11,18699.7,28048.14,436163.67,NPR
2026-01-14,ACC0000002621,384624.15,22460.55,66671.27,340413.43,NPR
2026-01-14,ACC0000002622,226956.35,30782.29,156029.36,101709.28,NPR
2026-01-14,ACC0000002623,402963.09,27992.64,12967.65,417988.08,NPR
2026-01-14,ACC0000002624,375308.54,0.0,56965.02,318343.52,NPR
2026-01-14,ACC0000002625,433004.46,23758.79,124052.44,332710.81,NPR
2026-01-14,ACC0000002626,422819.37,57101.33,20023.33,459897.37,NPR
2026-01-14,ACC0000002627,339292.91,0.0,0.0,339292.91,NPR
2026-01-14,ACC0000002628,293172.16,0.0,48652.14,244520.02,NPR
2026-01-14,ACC0000002629,68226.15,0.0,18914.94,49311.21,NPR
2026-01-14,ACC0000002630,483577.9,24566.67,81758.07,426386.5,NPR
2026-01-14,ACC0000002631,365680.34,28341.6,27110.97,366910.97,NPR
2026-01-14,ACC0000002632,272645.57,0.0,32070.73,240574.84,NPR
2026-01-14,ACC0000002633,144496.1,0.0,0.0,144496.1,NPR
2026-01-14,ACC0000002634,149641.79,3767.62,79059.15,74350.26,NPR
2026-01-14,ACC0000002635,103987.88,0.0,27297.93,76689.95,NPR
2026-01-14,ACC0000002636,217434.74,0.0,58759.64,158675.1,NPR
2026-01-14,ACC0000002637,323827.99,0.0,20738.31,303089.68,NPR
2026-01-14,ACC0000002638,461025.62,0.0,45555.85,415469.77,NPR
2026-01-14,ACC0000002639,262454.4,0.0,83992.73,178461.67,NPR
2026-01-14,ACC0000002640,81451.96,9241.55,26030.49,64663.02,NPR
2026-01-14,ACC0000002641,145177.09,47728.72,72548.09,120357.72,NPR
2026-01-14,ACC0000002642,48515.29,0.0,53947.45,-5432.16,NPR
2026-01-14,ACC0000002643,391513.31,11628.36,225659.13,177482.54,NPR
2026-01-14,ACC0000002644,49376.25,0.0,38227.52,11148.73,NPR
2026-01-14,ACC0000002645,172674.99,0.0,0.0,172674.99,NPR
2026-01-14,ACC0000002646,492801.59,35841.85,11994.41,516649.03,NPR
2026-01-14,ACC0000002647,330883.64,0.0,93519.32,237364.32,NPR
2026-01-14,ACC0000002648,414680.51,0.0,0.0,414680.51,NPR
2026-01-14,ACC0000002649,368024.42,0.0,0.0,368024.42,NPR
2026-01-14,ACC0000002650,245692.68,35629.1,58701.46,222620.32,NPR
2026-01-14,ACC0000002651,226856.19,0.0,35175.13,191681.06,NPR
2026-01-14,ACC0000002652,125326.97,24870.64,60614.46,89583.15,NPR
2026-01-14,ACC0000002653,19244.62,0.0,0.0,19244.62,NPR
2026-01-14,ACC0000002654,165911.45,0.0,8390.09,157521.36,NPR
2026-01-14,ACC0000002655,279261.83,47667.65,15764.81,311164.67,NPR
2026-01-14,ACC0000002656,149947.68,0.0,0.0,149947.68,NPR
2026-01-14,ACC0000002657,217252.49,0.0,0.0,217252.49,NPR
2026-01-14,ACC0000002658,262535.34,26741.58,16445.59,272831.33,NPR
2026-01-14,ACC0000002659,357926.72,14324.71,15444.47,356806.96,NPR
2026-01-14,ACC0000002660,439433.59,0.0,10460.01,428973.58,NPR
2026-01-14,ACC0000002661,112054.63,0.0,23510.09,88544.54,NPR
2026-01-14,ACC0000002662,319206.14,0.0,35420.74,283785.4,NPR
2026-01-14,ACC0000002663,326711.02,0.0,57697.5,269013.52,NPR
2026-01-14,ACC0000002664,209688.32,5709.74,35171.8,180226.26,NPR
2026-01-14,ACC0000002665,342098.2,0.0,100784.47,241313.73,NPR
2026-01-14,ACC0000002666,108824.35,0.0,0.0,108824.35,NPR
2026-01-14,ACC0000002667,17192.39,0.0,55373.02,-38180.63,NPR
2026-01-14,ACC0000002668,402623.08,1946.66,0.0,404569.74,NPR
2026-01-14,ACC0000002669,237096.66,0.0,9864.14,227232.52,NPR
2026-01-14,ACC0000002670,144721.66,27530.86,58036.92,114215.6,NPR
2026-01-14,ACC0000002671,452263.99,0.0,95483.93,356780.06,NPR
2026-01-14,ACC0000002672,60697.93,0.0,96327.29,-35629.36,NPR
2026-01-14,ACC0000002673,172146.68,0.0,65012.18,107134.5,NPR
2026-01-14,ACC0000002674,81984.13,0.0,29517.1,52467.03,NPR
2026-01-14,ACC0000002675,278378.73,0.0,0.0,278378.73,NPR
2026-01-14,ACC0000002676,138092.44,31717.7,49254.72,120555.42,NPR
2026-01-14,ACC0000002677,256702.44,25681.09,126171.49,156212.04,NPR
2026-01-14,ACC0000002678,441929.62,0.0,111998.88,329930.74,NPR
2026-01-14,ACC0000002679,129505.5,0.0,0.0,129505.5,NPR
2026-01-14,ACC0000002680,445098.31,0.0,72820.98,372277.33,NPR
2026-01-14,ACC0000002681,485878.42,0.0,78822.46,407055.96,NPR
2026-01-14,ACC0000002682,150166.08,40779.74,41362.73,149583.09,NPR
2026-01-14,ACC0000002683,413311.66,0.0,40439.1,372872.56,NPR
2026-01-14,ACC0000002684,59529.5,37811.14,0.0,97340.64,NPR
2026-01-14,ACC0000002685,175964.26,0.0,27549.17,148415.09,NPR
2026-01-14,ACC0000002686,490618.91,44793.36,53060.84,482351.43,NPR
2026-01-14,ACC0000002687,204790.49,0.0,70079.74,134710.75,NPR
2026-01-14,ACC0000002688,468516.57,15933.12,211764.72,272684.97,NPR
2026-01-14,ACC0000002689,51099.35,0.0,4684.64,46414.71,NPR
2026-01-14,ACC0000002690,365472.67,26017.55,39608.74,351881.48,NPR
2026-01-14,ACC0000002691,227983.1,0.0,28363.29,199619.81,NPR
2026-01-14,ACC0000002692,174981.31,0.0,0.0,174981.31,NPR
2026-01-14,ACC0000002693,488431.35,0.0,115646.2,372785.15,NPR
2026-01-14,ACC0000002694,466553.59,0.0,25393.93,441159.66,NPR
2026-01-14,ACC0000002695,122052.28,0.0,58731.75,63320.53,NPR
2026-01-14,ACC0000002696,16708.99,0.0,0.0,16708.99,NPR
2026-01-14,ACC0000002697,100409.63,0.0,72131.64,28277.99,NPR
2026-01-14,ACC0000002698,328826.63,0.0,20010.54,308816.09,NPR
2026-01-14,ACC0000002699,62713.2,9539.99,0.0,72253.19,NPR
2026-01-14,ACC0000002700,323882.05,0.0,8684.22,315197.83,NPR
2026-01-14,ACC0000002701,100762.7,50132.86,37745.23,113150.33,NPR
2026-01-14,ACC0000002702,59428.4,0.0,0.0,59428.4,NPR
2026-01-14,ACC0000002703,260617.92,68217.1,2489.17,326345.85,NPR
2026-01-14,ACC0000002704,312302.31,43468.36,61503.36,294267.31,NPR
2026-01-14,ACC0000002705,111085.08,0.0,167789.16,-56704.08,NPR
2026-01-14,ACC0000002706,427900.92,0.0,35640.37,392260.55,NPR
2026-01-14,ACC0000002707,417900.55,28921.23,10672.49,436149.29,NPR
2026-01-14,ACC0000002708,112417.69,37977.83,68887.18,81508.34,NPR
2026-01-14,ACC0000002709,435696.26,39489.46,55551.55,419634.17,NPR
2026-01-14,ACC0000002710,331265.09,0.0,0.0,331265.09,NPR
2026-01-14,ACC0000002711,445202.04,0.0,54497.59,390704.45,NPR
2026-01-14,ACC0000002712,145701.24,30692.74,27609.57,148784.41,NPR
2026-01-14,ACC0000002713,285047.12,47066.67,0.0,332113.79,NPR
2026-01-14,ACC0000002714,327463.03,0.0,0.0,327463.03,NPR
2026-01-14,ACC0000002715,203972.26,56926.68,23763.09,237135.85,NPR
2026-01-14,ACC0000002716,83077.43,8934.55,17487.76,74524.22,NPR
2026-01-14,ACC0000002717,127852.0,46603.84,36953.36,137502.48,NPR
2026-01-14,ACC0000002718,268137.81,0.0,55544.05,212593.76,NPR
2026-01-14,ACC0000002719,40965.12,0.0,49684.45,-8719.33,NPR
2026-01-14,ACC0000002720,81824.61,43207.45,27707.27,97324.79,NPR
2026-01-14,ACC0000002721,35456.32,4709.4,81857.82,-41692.1,NPR
2026-01-14,ACC0000002722,222447.72,0.0,84965.26,137482.46,NPR
2026-01-14,ACC0000002723,247134.66,0.0,0.0,247134.66,NPR
2026-01-14,ACC0000002724,321548.73,14636.28,48639.44,287545.57,NPR
2026-01-14,ACC0000002725,495857.7,0.0,124288.21,371569.49,NPR
2026-01-14,ACC0000002726,309799.37,0.0,0.0,309799.37,NPR
2026-01-14,ACC0000002727,324096.16,44305.83,5293.71,363108.28,NPR
2026-01-14,ACC0000002728,49936.95,0.0,120761.26,-70824.31,NPR
2026-01-14,ACC0000002729,315081.39,0.0,7497.19,307584.2,NPR
2026-01-14,ACC0000002730,309579.84,0.0,0.0,309579.84,NPR
2026-01-14,ACC0000002731,112471.26,0.0,33883.64,78587.62,NPR
2026-01-14,ACC0000002732,197124.12,0.0,112348.2,84775.92,NPR
2026-01-14,ACC0000002733,43185.93,0.0,24263.35,18922.58,NPR
2026-01-14,ACC0000002734,475367.64,37015.48,4187.3,508195.82,NPR
2026-01-14,ACC0000002735,323079.31,0.0,22991.25,300088.06,NPR
2026-01-14,ACC0000002736,221217.62,0.0,68967.77,152249.85,NPR
2026-01-14,ACC0000002737,142310.79,0.0,38495.17,103815.62,NPR
2026-01-14,ACC0000002738,478113.57,26612.68,120101.67,384624.58,NPR
2026-01-14,ACC0000002739,213643.87,0.0,0.0,213643.87,NPR
2026-01-14,ACC0000002740,125264.86,0.0,24846.21,100418.65,NPR
2026-01-14,ACC0000002741,191931.09,16816.24,11093.57,197653.76,NPR
2026-01-14,ACC0000002742,270423.62,3766.12,54917.32,219272.42,NPR
2026-01-14,ACC0000002743,337422.48,0.0,0.0,337422.48,NPR
2026-01-14,ACC0000002744,149919.64,34054.99,109691.81,74282.82,NPR
2026-01-14,ACC0000002745,465039.25,63984.61,47909.72,481114.14,NPR
2026-01-14,ACC0000002746,55116.79,0.0,44269.4,10847.39,NPR
2026-01-14,ACC0000002747,367164.81,18569.37,27495.19,358238.99,NPR
2026-01-14,ACC0000002748,350170.15,0.0,63348.88,286821.27,NPR
2026-01-14,ACC0000002749,358502.73,0.0,92314.91,266187.82,NPR
2026-01-14,ACC0000002750,277233.88,0.0,22549.54,254684.34,NPR
2026-01-14,ACC0000002751,25626.87,0.0,0.0,25626.87,NPR
2026-01-14,ACC0000002752,484554.7,47011.05,43343.91,488221.84,NPR
2026-01-14,ACC0000002753,485605.25,97278.59,0.0,582883.84,NPR
2026-01-14,ACC0000002754,363807.3,0.0,50339.1,313468.2,NPR
2026-01-14,ACC0000002755,399914.23,0.0,50768.61,349145.62,NPR
2026-01-14,ACC0000002756,191517.8,0.0,75816.26,115701.54,NPR
2026-01-14,ACC0000002757,499174.03,0.0,45190.0,453984.03,NPR
2026-01-14,ACC0000002758,122113.95,21085.87,108049.13,35150.69,NPR
2026-01-14,ACC0000002759,373523.93,0.0,43490.18,330033.75,NPR
2026-01-14,ACC0000002760,1307.57,25665.67,69077.39,-42104.15,NPR
2026-01-14,ACC0000002761,420467.63,27982.81,121769.31,326681.13,NPR
2026-01-14,ACC0000002762,17058.02,47213.53,71434.94,-7163.39,NPR
2026-01-14,ACC0000002763,489840.56,0.0,23126.87,466713.69,NPR
2026-01-14,ACC0000002764,471824.96,36142.99,88979.83,418988.12,NPR
2026-01-14,ACC0000002765,6604.74,0.0,0.0,6604.74,NPR
2026-01-14,ACC0000002766,461811.5,1080.3,20941.58,441950.22,NPR
2026-01-14,ACC0000002767,34705.95,1522.5,0.0,36228.45,NPR
2026-01-14,ACC0000002768,312737.2,8536.52,88556.9,232716.82,NPR
2026-01-14,ACC0000002769,264835.31,0.0,0.0,264835.31,NPR
2026-01-14,ACC0000002770,246594.25,0.0,26199.62,220394.63,NPR
2026-01-14,ACC0000002771,106025.69,0.0,0.0,106025.69,NPR
2026-01-14,ACC0000002772,390439.01,0.0,0.0,390439.01,NPR
2026-01-14,ACC0000002773,67320.5,0.0,20492.4,46828.1,NPR
2026-01-14,ACC0000002774,202636.02,0.0,52049.25,150586.77,NPR
2026-01-14,ACC0000002775,491689.44,31093.54,40593.26,482189.72,NPR
2026-01-14,ACC0000002776,130213.35,0.0,34056.02,96157.33,NPR
2026-01-14,ACC0000002777,205229.03,40305.24,17090.02,228444.25,NPR
2026-01-14,ACC0000002778,262481.21,0.0,75264.2,187217.01,NPR
2026-01-14,ACC0000002779,354459.61,0.0,2171.15,352288.46,NPR
2026-01-14,ACC0000002780,178780.58,27613.5,93340.82,113053.26,NPR
2026-01-14,ACC0000002781,161171.01,0.0,64286.02,96884.99,NPR
2026-01-14,ACC0000002782,453588.69,37352.13,13591.71,477349.11,NPR
2026-01-14,ACC0000002783,149253.8,39792.26,0.0,189046.06,NPR
2026-01-14,ACC0000002784,490311.96,0.0,0.0,490311.96,NPR
2026-01-14,ACC0000002785,135403.84,24621.16,27215.17,132809.83,NPR
2026-01-14,ACC0000002786,227093.81,0.0,129883.59,97210.22,NPR
2026-01-14,ACC0000002787,445319.79,0.0,576.49,444743.3,NPR
2026-01-14,ACC0000002788,274403.46,0.0,0.0,274403.46,NPR
2026-01-14,ACC0000002789,312970.04,0.0,27467.36,285502.68,NPR
2026-01-14,ACC0000002790,191242.01,14304.55,0.0,205546.56,NPR
2026-01-14,ACC0000002791,113502.36,5391.31,0.0,118893.67,NPR
2026-01-14,ACC0000002792,498526.97,0.0,138735.11,359791.86,NPR
2026-01-14,ACC0000002793,355520.14,0.0,59358.83,296161.31,NPR
2026-01-14,ACC0000002794,277531.27,26826.81,92991.89,211366.19,NPR
2026-01-14,ACC0000002795,325596.64,11116.35,41170.53,295542.46,NPR
2026-01-14,ACC0000002796,287778.98,0.0,138283.78,149495.2,NPR
2026-01-14,ACC0000002797,209256.01,0.0,2691.0,206565.01,NPR
2026-01-14,ACC0000002798,2880.32,0.0,72650.92,-69770.6,NPR
2026-01-14,ACC0000002799,309846.11,13084.15,34218.28,288711.98,NPR
2026-01-14,ACC0000002800,22595.33,0.0,0.0,22595.33,NPR
2026-01-14,ACC0000002801,39854.32,0.0,74907.1,-35052.78,NPR
2026-01-14,ACC0000002802,160533.79,0.0,20439.95,140093.84,NPR
2026-01-14,ACC0000002803,435848.22,0.0,18312.4,417535.82,NPR
2026-01-14,ACC0000002804,60792.02,0.0,0.0,60792.02,NPR
2026-01-14,ACC0000002805,477068.16,0.0,0.0,477068.16,NPR
2026-01-14,ACC0000002806,393324.35,0.0,70501.02,322823.33,NPR
2026-01-14,ACC0000002807,28824.99,34107.17,24941.3,37990.86,NPR
2026-01-14,ACC0000002808,107136.12,0.0,157603.6,-50467.48,NPR
2026-01-14,ACC0000002809,257423.01,0.0,77310.74,180112.27,NPR
2026-01-14,ACC0000002810,195296.07,42258.1,80732.51,156821.66,NPR
2026-01-14,ACC0000002811,92113.96,0.0,0.0,92113.96,NPR
2026-01-14,ACC0000002812,35369.62,47172.39,30267.87,52274.14,NPR
2026-01-14,ACC0000002813,29421.56,0.0,49166.33,-19744.77,NPR
2026-01-14,ACC0000002814,478409.56,0.0,13191.89,465217.67,NPR
2026-01-14,ACC0000002815,151319.24,18359.46,57814.16,111864.54,NPR
2026-01-14,ACC0000002816,413791.2,42203.04,50613.52,405380.72,NPR
2026-01-14,ACC0000002817,39233.33,0.0,45135.71,-5902.38,NPR
2026-01-14,ACC0000002818,236060.38,21407.79,48239.6,209228.57,NPR
2026-01-14,ACC0000002819,20900.2,0.0,91454.91,-70554.71,NPR
2026-01-14,ACC0000002820,304696.37,9084.07,108599.66,205180.78,NPR
2026-01-14,ACC0000002821,420152.83,0.0,0.0,420152.83,NPR
2026-01-14,ACC0000002822,461123.51,0.0,0.0,461123.51,NPR
2026-01-14,ACC0000002823,187188.44,0.0,41365.13,145823.31,NPR
2026-01-14,ACC0000002824,492465.73,0.0,58396.45,434069.28,NPR
2026-01-14,ACC0000002825,361256.17,0.0,62647.08,298609.09,NPR
2026-01-14,ACC0000002826,40810.56,47951.98,0.0,88762.54,NPR
2026-01-14,ACC0000002827,383706.25,34921.34,57833.21,360794.38,NPR
2026-01-14,ACC0000002828,103185.23,0.0,0.0,103185.23,NPR
2026-01-14,ACC0000002829,408800.71,43327.73,39338.99,412789.45,NPR
2026-01-14,ACC0000002830,225967.95,0.0,47588.68,178379.27,NPR
2026-01-14,ACC0000002831,294514.53,0.0,0.0,294514.53,NPR
2026-01-14,ACC0000002832,321162.03,0.0,25035.39,296126.64,NPR
2026-01-14,ACC0000002833,424808.45,44519.24,71231.76,398095.93,NPR
2026-01-14,ACC0000002834,91822.52,0.0,42982.41,48840.11,NPR
2026-01-14,ACC0000002835,389931.24,0.0,77828.59,312102.65,NPR
2026-01-14,ACC0000002836,376880.4,0.0,0.0,376880.4,NPR
2026-01-14,ACC0000002837,240640.91,0.0,0.0,240640.91,NPR
2026-01-14,ACC0000002838,340495.48,0.0,0.0,340495.48,NPR
2026-01-14,ACC0000002839,244001.27,19649.58,46863.39,216787.46,NPR
2026-01-14,ACC0000002840,258196.95,83.6,118795.81,139484.74,NPR
2026-01-14,ACC0000002841,205528.72,0.0,31056.66,174472.06,NPR
2026-01-14,ACC0000002842,369611.38,0.0,34250.28,335361.1,NPR
2026-01-14,ACC0000002843,156638.69,728.81,0.0,157367.5,NPR
2026-01-14,ACC0000002844,274566.57,0.0,102264.65,172301.92,NPR
2026-01-14,ACC0000002845,186150.77,0.0,0.0,186150.77,NPR
2026-01-14,ACC0000002846,31007.25,0.0,0.0,31007.25,NPR
2026-01-14,ACC0000002847,481382.99,31330.91,62461.19,450252.71,NPR
2026-01-14,ACC0000002848,91562.05,49293.68,19710.45,121145.28,NPR
2026-01-14,ACC0000002849,427754.09,0.0,57994.41,369759.68,NPR
2026-01-14,ACC0000002850,109413.14,0.0,158141.13,-48727.99,NPR
2026-01-14,ACC0000002851,99123.82,0.0,0.0,99123.82,NPR
2026-01-14,ACC0000002852,160940.93,65714.58,9850.13,216805.38,NPR
2026-01-14,ACC0000002853,389588.38,31542.21,57316.46,363814.13,NPR
2026-01-14,ACC0000002854,145658.57,0.0,0.0,145658.57,NPR
2026-01-14,ACC0000002855,153547.73,0.0,85820.72,67727.01,NPR
2026-01-14,ACC0000002856,412019.44,0.0,19987.55,392031.89,NPR
2026-01-14,ACC0000002857,66277.36,0.0,0.0,66277.36,NPR
2026-01-14,ACC0000002858,257305.36,0.0,137430.93,119874.43,NPR
2026-01-14,ACC0000002859,46472.89,0.0,0.0,46472.89,NPR
2026-01-14,ACC0000002860,105277.84,0.0,58423.18,46854.66,NPR
2026-01-14,ACC0000002861,473390.99,0.0,0.0,473390.99,NPR
2026-01-14,ACC0000002862,242841.73,28730.83,47724.75,223847.81,NPR
2026-01-14,ACC0000002863,426757.4,5359.08,111568.7,320547.78,NPR
2026-01-14,ACC0000002864,319230.96,38679.26,94327.75,263582.47,NPR
2026-01-14,ACC0000002865,35566.63,0.0,0.0,35566.63,NPR
2026-01-14,ACC0000002866,205264.28,0.0,17716.96,187547.32,NPR
2026-01-14,ACC0000002867,151362.13,0.0,0.0,151362.13,NPR
2026-01-14,ACC0000002868,190671.75,0.0,0.0,190671.75,NPR
2026-01-14,ACC0000002869,424807.49,13045.21,34953.9,402898.8,NPR
2026-01-14,ACC0000002870,355858.47,0.0,0.0,355858.47,NPR
2026-01-14,ACC0000002871,282590.89,0.0,0.0,282590.89,NPR
2026-01-14,ACC0000002872,160605.97,0.0,0.0,160605.97,NPR
2026-01-14,ACC0000002873,93745.36,36034.61,80392.67,49387.3,NPR
2026-01-14,ACC0000002874,353915.67,23899.7,51528.51,326286.86,NPR
2026-01-14,ACC0000002875,473895.05,96037.27,45536.82,524395.5,NPR
2026-01-14,ACC0000002876,308592.82,19094.1,91030.13,236656.79,NPR
2026-01-14,ACC0000002877,333985.23,0.0,43877.78,290107.45,NPR
2026-01-14,ACC0000002878,474317.01,0.0,90610.18,383706.83,NPR
2026-01-14,ACC0000002879,279805.19,0.0,111824.99,167980.2,NPR
2026-01-14,ACC0000002880,386486.28,0.0,0.0,386486.28,NPR
2026-01-14,ACC0000002881,212050.81,0.0,0.0,212050.81,NPR
2026-01-14,ACC0000002882,365916.08,31953.53,121673.71,276195.9,NPR
2026-01-14,ACC0000002883,271547.33,0.0,45123.61,226423.72,NPR
2026-01-14,ACC0000002884,205869.03,71935.5,87231.38,190573.15,NPR
2026-01-14,ACC0000002885,239167.23,12523.85,118337.94,133353.14,NPR
2026-01-14,ACC0000002886,375512.97,49388.49,41362.57,383538.89,NPR
2026-01-14,ACC0000002887,46796.85,15790.56,0.0,62587.41,NPR
2026-01-14,ACC0000002888,78378.82,0.0,0.0,78378.82,NPR
2026-01-14,ACC0000002889,247522.24,0.0,107974.97,139547.27,NPR
2026-01-14,ACC0000002890,408029.15,0.0,48560.34,359468.81,NPR
2026-01-14,ACC0000002891,495094.88,0.0,15732.44,479362.44,NPR
2026-01-14,ACC0000002892,437676.02,6113.5,63057.48,380732.04,NPR
2026-01-14,ACC0000002893,316338.2,0.0,0.0,316338.2,NPR
2026-01-14,ACC0000002894,229746.79,0.0,62096.47,167650.32,NPR
2026-01-14,ACC0000002895,259689.62,0.0,33096.19,226593.43,NPR
2026-01-14,ACC0000002896,365859.46,82159.91,47669.44,400349.93,NPR
2026-01-14,ACC0000002897,183605.15,16601.58,22305.08,177901.65,NPR
2026-01-14,ACC0000002898,452951.37,0.0,0.0,452951.37,NPR
2026-01-14,ACC0000002899,491295.52,36416.72,91461.03,436251.21,NPR
2026-01-14,ACC0000002900,376208.2,1691.72,85633.44,292266.48,NPR
2026-01-14,ACC0000002901,24088.57,0.0,0.0,24088.57,NPR
2026-01-14,ACC0000002902,332109.37,37835.64,44371.27,325573.74,NPR
2026-01-14,ACC0000002903,218711.08,0.0,0.0,218711.08,NPR
2026-01-14,ACC0000002904,417417.05,66760.89,0.0,484177.94,NPR
2026-01-14,ACC0000002905,492169.98,0.0,55537.15,436632.83,NPR
2026-01-14,ACC0000002906,391506.5,0.0,45335.81,346170.69,NPR
2026-01-14,ACC0000002907,430100.34,42655.96,0.0,472756.3,NPR
2026-01-14,ACC0000002908,319420.59,0.0,0.0,319420.59,NPR
2026-01-14,ACC0000002909,163922.9,0.0,151668.0,12254.9,NPR
2026-01-14,ACC0000002910,348040.47,0.0,0.0,348040.47,NPR
2026-01-14,ACC0000002911,18432.46,0.0,35454.56,-17022.1,NPR
2026-01-14,ACC0000002912,61718.16,29090.13,0.0,90808.29,NPR
2026-01-14,ACC0000002913,481382.74,0.0,28430.86,452951.88,NPR
2026-01-14,ACC0000002914,39130.6,0.0,25346.84,13783.76,NPR
2026-01-14,ACC0000002915,288936.44,4224.33,58475.5,234685.27,NPR
2026-01-14,ACC0000002916,418492.69,0.0,79894.63,338598.06,NPR
2026-01-14,ACC0000002917,162965.24,0.0,0.0,162965.24,NPR
2026-01-14,ACC0000002918,334098.67,0.0,89091.12,245007.55,NPR
2026-01-14,ACC0000002919,458805.9,34043.19,130817.61,362031.48,NPR
2026-01-14,ACC0000002920,371737.09,13787.48,210420.81,175103.76,NPR
2026-01-14,ACC0000002921,311148.84,0.0,54871.69,256277.15,NPR
2026-01-14,ACC0000002922,130193.74,0.0,0.0,130193.74,NPR
2026-01-14,ACC0000002923,385040.49,0.0,28205.08,356835.41,NPR
2026-01-14,ACC0000002924,181269.94,0.0,0.0,181269.94,NPR
2026-01-14,ACC0000002925,77967.23,0.0,63281.62,14685.61,NPR
2026-01-14,ACC0000002926,370228.42,42386.43,45069.05,367545.8,NPR
2026-01-14,ACC0000002927,223507.95,0.0,0.0,223507.95,NPR
2026-01-14,ACC0000002928,469456.09,0.0,25158.5,444297.59,NPR
2026-01-14,ACC0000002929,485190.44,0.0,26641.46,458548.98,NPR
2026-01-14,ACC0000002930,154397.52,0.0,11495.18,142902.34,NPR
2026-01-14,ACC0000002931,463984.56,0.0,17443.26,446541.3,NPR
2026-01-14,ACC0000002932,9782.89,23764.88,8125.28,25422.49,NPR
2026-01-14,ACC0000002933,262436.17,14113.55,47616.9,228932.82,NPR
2026-01-14,ACC0000002934,348507.01,84876.08,0.0,433383.09,NPR
2026-01-14,ACC0000002935,441845.32,0.0,0.0,441845.32,NPR
2026-01-14,ACC0000002936,49502.19,0.0,30453.71,19048.48,NPR
2026-01-14,ACC0000002937,443131.54,0.0,0.0,443131.54,NPR
2026-01-14,ACC0000002938,474015.2,0.0,45199.03,428816.17,NPR
2026-01-14,ACC0000002939,313284.33,0.0,0.0,313284.33,NPR
2026-01-14,ACC0000002940,195270.45,4253.1,44148.63,155374.92,NPR
2026-01-14,ACC0000002941,245840.86,0.0,0.0,245840.86,NPR
2026-01-14,ACC0000002942,492424.57,14748.21,33949.27,473223.51,NPR
2026-01-14,ACC0000002943,417481.71,0.0,0.0,417481.71,NPR
2026-01-14,ACC0000002944,231743.34,0.0,144878.35,86864.99,NPR
2026-01-14,ACC0000002945,215668.12,0.0,23272.44,192395.68,NPR
2026-01-14,ACC0000002946,282512.03,58002.21,9920.3,330593.94,NPR
2026-01-14,ACC0000002947,398882.06,9721.1,129862.46,278740.7,NPR
2026-01-14,ACC0000002948,159068.11,38641.41,44745.82,152963.7,NPR
2026-01-14,ACC0000002949,440209.37,0.0,99382.58,340826.79,NPR
2026-01-14,ACC0000002950,178361.33,0.0,42504.34,135856.99,NPR
2026-01-14,ACC0000002951,120282.32,0.0,26136.01,94146.31,NPR
2026-01-14,ACC0000002952,213447.52,0.0,48165.21,165282.31,NPR
2026-01-14,ACC0000002953,57355.74,0.0,71140.94,-13785.2,NPR
2026-01-14,ACC0000002954,321634.89,0.0,30594.78,291040.11,NPR
2026-01-14,ACC0000002955,226206.24,41677.81,38989.66,228894.39,NPR
2026-01-14,ACC0000002956,345007.89,0.0,44942.01,300065.88,NPR
2026-01-14,ACC0000002957,453228.06,22281.93,50577.8,424932.19,NPR
2026-01-14,ACC0000002958,378055.51,4362.08,39774.04,342643.55,NPR
2026-01-14,ACC0000002959,202152.85,0.0,0.0,202152.85,NPR
2026-01-14,ACC0000002960,12254.37,0.0,0.0,12254.37,NPR
2026-01-14,ACC0000002961,478325.23,0.0,43439.05,434886.18,NPR
2026-01-14,ACC0000002962,271709.44,0.0,0.0,271709.44,NPR
2026-01-14,ACC0000002963,352118.76,0.0,32214.0,319904.76,NPR
2026-01-14,ACC0000002964,102995.12,0.0,83041.69,19953.43,NPR
2026-01-14,ACC0000002965,214473.0,8500.75,91003.72,131970.03,NPR
2026-01-14,ACC0000002966,272641.24,0.0,27027.46,245613.78,NPR
2026-01-14,ACC0000002967,291876.31,20634.63,57808.75,254702.19,NPR
2026-01-14,ACC0000002968,68706.05,0.0,36197.83,32508.22,NPR
2026-01-14,ACC0000002969,89566.72,0.0,62196.14,27370.58,NPR
2026-01-14,ACC0000002970,175610.77,31197.87,99741.04,107067.6,NPR
2026-01-14,ACC0000002971,26406.62,80650.13,11003.04,96053.71,NPR
2026-01-14,ACC0000002972,149449.97,0.0,6545.14,142904.83,NPR
2026-01-14,ACC0000002973,488567.28,0.0,0.0,488567.28,NPR
2026-01-14,ACC0000002974,104438.11,0.0,0.0,104438.11,NPR
2026-01-14,ACC0000002975,406078.93,41747.5,93009.87,354816.56,NPR
2026-01-14,ACC0000002976,117104.25,0.0,38644.62,78459.63,NPR
2026-01-14,ACC0000002977,24566.58,11516.94,20898.45,15185.07,NPR
2026-01-14,ACC0000002978,18630.54,28642.18,63520.32,-16247.6,NPR
2026-01-14,ACC0000002979,117981.85,0.0,76174.92,41806.93,NPR
2026-01-14,ACC0000002980,461008.88,28890.66,17545.9,472353.64,NPR
2026-01-14,ACC0000002981,128603.6,0.0,0.0,128603.6,NPR
2026-01-14,ACC0000002982,130040.4,0.0,0.0,130040.4,NPR
2026-01-14,ACC0000002983,208388.02,0.0,38017.45,170370.57,NPR
2026-01-14,ACC0000002984,6407.76,12830.66,0.0,19238.42,NPR
2026-01-14,ACC0000002985,468357.2,0.0,0.0,468357.2,NPR
2026-01-14,ACC0000002986,254979.5,48287.12,23852.47,279414.15,NPR
2026-01-14,ACC0000002987,404361.07,0.0,16649.7,387711.37,NPR
2026-01-14,ACC0000002988,104559.26,39001.54,0.0,143560.8,NPR
2026-01-14,ACC0000002989,79944.45,0.0,4210.75,75733.7,NPR
2026-01-14,ACC0000002990,11555.74,0.0,0.0,11555.74,NPR
2026-01-14,ACC0000002991,186946.07,0.0,123900.59,63045.48,NPR
2026-01-14,ACC0000002992,253861.19,0.0,2933.53,250927.66,NPR
2026-01-14,ACC0000002993,78995.23,0.0,0.0,78995.23,NPR
2026-01-14,ACC0000002994,405970.78,6199.83,0.0,412170.61,NPR
2026-01-14,ACC0000002995,38159.32,0.0,22512.05,15647.27,NPR
2026-01-14,ACC0000002996,468941.93,0.0,99461.72,369480.21,NPR
2026-01-14,ACC0000002997,370148.37,0.0,54278.64,315869.73,NPR
2026-01-14,ACC0000002998,361108.42,0.0,0.0,361108.42,NPR
2026-01-14,ACC0000002999,338133.04,0.0,57166.33,280966.71,NPR
2026-01-14,ACC0000003000,476292.25,0.0,1881.31,474410.94,NPR
2026-01-14,ACC0000003001,189174.17,86051.57,66334.67,208891.07,NPR
2026-01-14,ACC0000003002,323683.08,0.0,0.0,323683.08,NPR
2026-01-14,ACC0000003003,441306.03,0.0,0.0,441306.03,NPR
2026-01-14,ACC0000003004,161430.05,34463.21,35577.89,160315.37,NPR
2026-01-14,ACC0000003005,282136.01,0.0,43717.36,238418.65,NPR
2026-01-14,ACC0000003006,226151.31,0.0,57704.58,168446.73,NPR
2026-01-14,ACC0000003007,74796.64,41587.42,22083.43,94300.63,NPR
2026-01-14,ACC0000003008,331496.62,0.0,22180.59,309316.03,NPR
2026-01-14,ACC0000003009,15178.98,0.0,59597.21,-44418.23,NPR
2026-01-14,ACC0000003010,387071.7,0.0,161187.41,225884.29,NPR
2026-01-14,ACC0000003011,310525.91,24133.94,225356.6,109303.25,NPR
2026-01-14,ACC0000003012,95333.8,0.0,0.0,95333.8,NPR
2026-01-14,ACC0000003013,142824.05,29934.88,31977.83,140781.1,NPR
2026-01-14,ACC0000003014,387682.02,13992.82,36077.87,365596.97,NPR
2026-01-14,ACC0000003015,378896.79,0.0,0.0,378896.79,NPR
2026-01-14,ACC0000003016,238536.81,0.0,47642.91,190893.9,NPR
2026-01-14,ACC0000003017,468781.53,0.0,0.0,468781.53,NPR
2026-01-14,ACC0000003018,337281.35,0.0,139520.69,197760.66,NPR
2026-01-14,ACC0000003019,263801.98,0.0,73059.17,190742.81,NPR
2026-01-14,ACC0000003020,119511.6,80380.28,0.0,199891.88,NPR
2026-01-14,ACC0000003021,390099.66,8888.3,41833.47,357154.49,NPR
2026-01-14,ACC0000003022,37338.2,0.0,0.0,37338.2,NPR
2026-01-14,ACC0000003023,462038.21,0.0,6640.66,455397.55,NPR
2026-01-14,ACC0000003024,449733.85,0.0,0.0,449733.85,NPR
2026-01-14,ACC0000003025,345086.57,42025.48,0.0,387112.05,NPR
2026-01-14,ACC0000003026,194075.77,0.0,60907.09,133168.68,NPR
2026-01-14,ACC0000003027,160220.51,42013.01,192811.23,9422.29,NPR
2026-01-14,ACC0000003028,240227.7,0.0,127254.18,112973.52,NPR
2026-01-14,ACC0000003029,198419.15,25660.92,0.0,224080.07,NPR
2026-01-14,ACC0000003030,39178.21,28913.59,74702.61,-6610.81,NPR
2026-01-14,ACC0000003031,414903.67,0.0,62245.95,352657.72,NPR
2026-01-14,ACC0000003032,284094.02,0.0,1072.35,283021.67,NPR
2026-01-14,ACC0000003033,349600.88,85947.51,15586.19,419962.2,NPR
2026-01-14,ACC0000003034,88478.55,57341.9,157286.3,-11465.85,NPR
2026-01-14,ACC0000003035,346124.32,1094.82,125440.44,221778.7,NPR
2026-01-14,ACC0000003036,141701.46,0.0,9588.25,132113.21,NPR
2026-01-14,ACC0000003037,53570.77,20411.54,30638.08,43344.23,NPR
2026-01-14,ACC0000003038,274811.21,32514.11,62632.17,244693.15,NPR
2026-01-14,ACC0000003039,465679.53,38374.01,99764.48,404289.06,NPR
2026-01-14,ACC0000003040,222665.49,0.0,0.0,222665.49,NPR
2026-01-14,ACC0000003041,421106.1,5593.88,88643.27,338056.71,NPR
2026-01-14,ACC0000003042,367831.74,0.0,0.0,367831.74,NPR
2026-01-14,ACC0000003043,227196.75,57948.28,48398.63,236746.4,NPR
2026-01-14,ACC0000003044,416389.16,49585.12,0.0,465974.28,NPR
2026-01-14,ACC0000003045,138636.44,11995.12,103534.25,47097.31,NPR
2026-01-14,ACC0000003046,330956.36,0.0,0.0,330956.36,NPR
2026-01-14,ACC0000003047,457785.95,0.0,0.0,457785.95,NPR
2026-01-14,ACC0000003048,419744.36,5695.65,79703.3,345736.71,NPR
2026-01-14,ACC0000003049,95048.57,2360.9,37504.6,59904.87,NPR
2026-01-14,ACC0000003050,100497.16,0.0,0.0,100497.16,NPR
2026-01-14,ACC0000003051,442373.75,0.0,0.0,442373.75,NPR
2026-01-14,ACC0000003052,136524.05,0.0,11229.38,125294.67,NPR
2026-01-14,ACC0000003053,161511.84,0.0,16593.02,144918.82,NPR
2026-01-14,ACC0000003054,54354.24,0.0,78564.83,-24210.59,NPR
2026-01-14,ACC0000003055,350854.58,0.0,39401.77,311452.81,NPR
2026-01-14,ACC0000003056,284183.12,0.0,46696.84,237486.28,NPR
2026-01-14,ACC0000003057,435910.89,0.0,30635.33,405275.56,NPR
2026-01-14,ACC0000003058,416863.95,4997.62,45228.17,376633.4,NPR
2026-01-14,ACC0000003059,72113.61,0.0,0.0,72113.61,NPR
2026-01-14,ACC0000003060,33908.46,0.0,0.0,33908.46,NPR
2026-01-14,ACC0000003061,493803.26,36748.53,11681.24,518870.55,NPR
2026-01-14,ACC0000003062,396086.94,0.0,83935.23,312151.71,NPR
2026-01-14,ACC0000003063,15817.58,46468.73,19940.31,42346.0,NPR
2026-01-14,ACC0000003064,463933.89,0.0,35585.75,428348.14,NPR
2026-01-14,ACC0000003065,86121.84,39630.18,51989.54,73762.48,NPR
2026-01-14,ACC0000003066,141350.66,0.0,42075.66,99275.0,NPR
2026-01-14,ACC0000003067,73562.01,34025.58,12484.31,95103.28,NPR
2026-01-14,ACC0000003068,257001.54,0.0,0.0,257001.54,NPR
2026-01-14,ACC0000003069,15145.3,0.0,39294.29,-24148.99,NPR
2026-01-14,ACC0000003070,60190.4,0.0,35585.32,24605.08,NPR
2026-01-14,ACC0000003071,406716.42,20675.91,94040.64,333351.69,NPR
2026-01-14,ACC0000003072,300163.81,0.0,0.0,300163.81,NPR
2026-01-14,ACC0000003073,68205.4,0.0,0.0,68205.4,NPR
2026-01-14,ACC0000003074,415498.63,0.0,47814.38,367684.25,NPR
2026-01-14,ACC0000003075,473702.23,0.0,0.0,473702.23,NPR
2026-01-14,ACC0000003076,139389.11,0.0,0.0,139389.11,NPR
2026-01-14,ACC0000003077,193803.87,0.0,22997.05,170806.82,NPR
2026-01-14,ACC0000003078,469463.17,36917.82,52147.03,454233.96,NPR
2026-01-14,ACC0000003079,244675.02,0.0,37703.95,206971.07,NPR
2026-01-14,ACC0000003080,427500.82,45330.75,16692.7,456138.87,NPR
2026-01-14,ACC0000003081,201877.02,19499.86,35454.98,185921.9,NPR
2026-01-14,ACC0000003082,320845.37,0.0,63014.24,257831.13,NPR
2026-01-14,ACC0000003083,224926.03,63529.08,73025.97,215429.14,NPR
2026-01-14,ACC0000003084,37115.88,0.0,37502.69,-386.81,NPR
2026-01-14,ACC0000003085,453831.33,0.0,134455.82,319375.51,NPR
2026-01-14,ACC0000003086,131691.4,0.0,47898.36,83793.04,NPR
2026-01-14,ACC0000003087,45777.03,0.0,73032.33,-27255.3,NPR
2026-01-14,ACC0000003088,330944.34,34337.15,57163.67,308117.82,NPR
2026-01-14,ACC0000003089,107932.06,0.0,90381.91,17550.15,NPR
2026-01-14,ACC0000003090,437546.41,0.0,45330.49,392215.92,NPR
2026-01-14,ACC0000003091,317751.75,20653.36,116937.68,221467.43,NPR
2026-01-14,ACC0000003092,295875.44,14354.14,35160.76,275068.82,NPR
2026-01-14,ACC0000003093,44831.69,62820.93,62598.38,45054.24,NPR
2026-01-14,ACC0000003094,361923.42,0.0,0.0,361923.42,NPR
2026-01-14,ACC0000003095,93674.91,0.0,0.0,93674.91,NPR
2026-01-14,ACC0000003096,453190.8,0.0,22718.43,430472.37,NPR
2026-01-14,ACC0000003097,480913.32,0.0,22557.95,458355.37,NPR
2026-01-14,ACC0000003098,131147.74,0.0,65610.06,65537.68,NPR
2026-01-14,ACC0000003099,350280.09,0.0,8320.33,341959.76,NPR
2026-01-14,ACC0000003100,345655.58,0.0,67625.68,278029.9,NPR
2026-01-14,ACC0000003101,379978.57,71251.56,102227.78,349002.35,NPR
2026-01-14,ACC0000003102,138323.84,0.0,197499.25,-59175.41,NPR
2026-01-14,ACC0000003103,30399.88,0.0,0.0,30399.88,NPR
2026-01-14,ACC0000003104,4955.14,0.0,27801.04,-22845.9,NPR
2026-01-14,ACC0000003105,23485.5,0.0,32567.73,-9082.23,NPR
2026-01-14,ACC0000003106,186827.01,11464.2,70342.84,127948.37,NPR
2026-01-14,ACC0000003107,197100.95,0.0,0.0,197100.95,NPR
2026-01-14,ACC0000003108,251127.49,0.0,96655.07,154472.42,NPR
2026-01-14,ACC0000003109,62238.69,33439.6,0.0,95678.29,NPR
2026-01-14,ACC0000003110,123852.24,0.0,52419.9,71432.34,NPR
2026-01-14,ACC0000003111,87673.67,0.0,7354.76,80318.91,NPR
2026-01-14,ACC0000003112,146550.2,0.0,0.0,146550.2,NPR
2026-01-14,ACC0000003113,110568.6,0.0,43974.34,66594.26,NPR
2026-01-14,ACC0000003114,306614.63,0.0,22775.6,283839.03,NPR
2026-01-14,ACC0000003115,96193.3,0.0,124304.55,-28111.25,NPR
2026-01-14,ACC0000003116,36689.43,3693.2,98928.17,-58545.54,NPR
2026-01-14,ACC0000003117,212788.47,0.0,0.0,212788.47,NPR
2026-01-14,ACC0000003118,387718.37,0.0,15472.22,372246.15,NPR
2026-01-14,ACC0000003119,236741.49,0.0,61769.2,174972.29,NPR
2026-01-14,ACC0000003120,426377.11,0.0,18197.2,408179.91,NPR
2026-01-14,ACC0000003121,400718.45,0.0,0.0,400718.45,NPR
2026-01-14,ACC0000003122,413123.0,0.0,127353.72,285769.28,NPR
2026-01-14,ACC0000003123,342086.36,0.0,88641.06,253445.3,NPR
2026-01-14,ACC0000003124,389365.67,73156.92,72491.45,390031.14,NPR
2026-01-14,ACC0000003125,346996.82,0.0,66824.44,280172.38,NPR
2026-01-14,ACC0000003126,436578.08,0.0,46069.06,390509.02,NPR
2026-01-14,ACC0000003127,415260.3,30820.18,115567.17,330513.31,NPR
2026-01-14,ACC0000003128,241115.72,0.0,48742.44,192373.28,NPR
2026-01-14,ACC0000003129,30999.91,0.0,81311.0,-50311.09,NPR
2026-01-14,ACC0000003130,201950.84,40071.74,25286.39,216736.19,NPR
2026-01-14,ACC0000003131,409477.44,42461.3,74681.96,377256.78,NPR
2026-01-14,ACC0000003132,406828.28,48168.03,40694.77,414301.54,NPR
2026-01-14,ACC0000003133,108331.52,49440.33,79883.96,77887.89,NPR
2026-01-14,ACC0000003134,266652.03,0.0,57405.69,209246.34,NPR
2026-01-14,ACC0000003135,365143.7,0.0,0.0,365143.7,NPR
2026-01-14,ACC0000003136,267438.49,0.0,24180.83,243257.66,NPR
2026-01-14,ACC0000003137,32488.63,0.0,53253.87,-20765.24,NPR
2026-01-14,ACC0000003138,252973.43,9552.78,104199.35,158326.86,NPR
2026-01-14,ACC0000003139,330545.97,0.0,34837.97,295708.0,NPR
2026-01-14,ACC0000003140,174759.81,0.0,0.0,174759.81,NPR
2026-01-14,ACC0000003141,98768.09,8808.86,36638.32,70938.63,NPR
2026-01-14,ACC0000003142,286800.66,38564.62,34749.89,290615.39,NPR
2026-01-14,ACC0000003143,428637.41,42312.54,126993.64,343956.31,NPR
2026-01-14,ACC0000003144,173589.31,0.0,0.0,173589.31,NPR
2026-01-14,ACC0000003145,171427.89,0.0,0.0,171427.89,NPR
2026-01-14,ACC0000003146,166620.56,65332.39,65874.87,166078.08,NPR
2026-01-14,ACC0000003147,411015.1,0.0,0.0,411015.1,NPR
2026-01-14,ACC0000003148,393688.49,0.0,76927.98,316760.51,NPR
2026-01-14,ACC0000003149,214926.28,0.0,18018.95,196907.33,NPR
2026-01-14,ACC0000003150,135688.32,0.0,0.0,135688.32,NPR
2026-01-14,ACC0000003151,463467.97,38361.22,29965.31,471863.88,NPR
2026-01-14,ACC0000003152,423920.48,0.0,0.0,423920.48,NPR
2026-01-14,ACC0000003153,411835.61,34311.76,0.0,446147.37,NPR
2026-01-14,ACC0000003154,445393.81,0.0,93338.18,352055.63,NPR
2026-01-14,ACC0000003155,428014.39,41583.08,0.0,469597.47,NPR
2026-01-14,ACC0000003156,293571.9,0.0,26012.73,267559.17,NPR
2026-01-14,ACC0000003157,324616.16,0.0,37668.3,286947.86,NPR
2026-01-14,ACC0000003158,303711.08,0.0,0.0,303711.08,NPR
2026-01-14,ACC0000003159,441830.08,0.0,50221.63,391608.45,NPR
2026-01-14,ACC0000003160,80486.43,0.0,45056.01,35430.42,NPR
2026-01-14,ACC0000003161,308842.17,0.0,0.0,308842.17,NPR
2026-01-14,ACC0000003162,121081.51,0.0,0.0,121081.51,NPR
2026-01-14,ACC0000003163,207187.53,0.0,36502.74,170684.79,NPR
2026-01-14,ACC0000003164,215435.16,22433.92,8624.85,229244.23,NPR
2026-01-14,ACC0000003165,40079.19,0.0,63195.41,-23116.22,NPR
2026-01-14,ACC0000003166,285719.52,0.0,0.0,285719.52,NPR
2026-01-14,ACC0000003167,14617.61,0.0,0.0,14617.61,NPR
2026-01-14,ACC0000003168,39057.62,28347.97,11701.91,55703.68,NPR
2026-01-14,ACC0000003169,367844.05,0.0,25889.59,341954.46,NPR
2026-01-14,ACC0000003170,466080.58,0.0,64830.36,401250.22,NPR
2026-01-14,ACC0000003171,282987.17,0.0,76870.8,206116.37,NPR
2026-01-14,ACC0000003172,376149.17,0.0,60955.98,315193.19,NPR
2026-01-14,ACC0000003173,427536.79,37931.53,2548.03,462920.29,NPR
2026-01-14,ACC0000003174,47980.07,0.0,39480.35,8499.72,NPR
2026-01-14,ACC0000003175,271617.36,48867.22,38621.5,281863.08,NPR
2026-01-14,ACC0000003176,207033.59,0.0,87030.14,120003.45,NPR
2026-01-14,ACC0000003177,293269.73,0.0,137182.59,156087.14,NPR
2026-01-14,ACC0000003178,217168.42,0.0,0.0,217168.42,NPR
2026-01-14,ACC0000003179,228702.89,0.0,92494.32,136208.57,NPR
2026-01-14,ACC0000003180,449179.76,0.0,0.0,449179.76,NPR
2026-01-14,ACC0000003181,92756.58,2868.65,0.0,95625.23,NPR
2026-01-14,ACC0000003182,14599.13,0.0,0.0,14599.13,NPR
2026-01-14,ACC0000003183,450638.03,0.0,216727.82,233910.21,NPR
2026-01-14,ACC0000003184,418297.03,0.0,12849.31,405447.72,NPR
2026-01-14,ACC0000003185,21890.91,0.0,113307.89,-91416.98,NPR
2026-01-14,ACC0000003186,194748.0,0.0,0.0,194748.0,NPR
2026-01-14,ACC0000003187,262582.67,0.0,17712.73,244869.94,NPR
2026-01-14,ACC0000003188,345417.63,13728.12,29191.86,329953.89,NPR
2026-01-14,ACC0000003189,439681.7,0.0,84624.37,355057.33,NPR
2026-01-14,ACC0000003190,279783.81,0.0,135438.27,144345.54,NPR
2026-01-14,ACC0000003191,159324.01,0.0,0.0,159324.01,NPR
2026-01-14,ACC0000003192,41602.66,0.0,6257.16,35345.5,NPR
2026-01-14,ACC0000003193,398511.52,38041.85,17957.71,418595.66,NPR
2026-01-14,ACC0000003194,118731.78,9703.66,28647.12,99788.32,NPR
2026-01-14,ACC0000003195,179620.87,0.0,11450.7,168170.17,NPR
2026-01-14,ACC0000003196,5623.55,0.0,67928.4,-62304.85,NPR
2026-01-14,ACC0000003197,68532.79,23532.75,60737.32,31328.22,NPR
2026-01-14,ACC0000003198,390110.39,101059.07,0.0,491169.46,NPR
2026-01-14,ACC0000003199,287177.26,0.0,11209.22,275968.04,NPR
2026-01-14,ACC0000003200,239452.92,37632.89,64111.58,212974.23,NPR
2026-01-14,ACC0000003201,432556.12,0.0,0.0,432556.12,NPR
2026-01-14,ACC0000003202,151885.23,32339.08,63390.45,120833.86,NPR
2026-01-14,ACC0000003203,437917.79,0.0,24401.98,413515.81,NPR
2026-01-14,ACC0000003204,358181.95,1363.67,109985.38,249560.24,NPR
2026-01-14,ACC0000003205,209423.8,30334.81,39138.99,200619.62,NPR
2026-01-14,ACC0000003206,217703.52,0.0,39781.99,177921.53,NPR
2026-01-14,ACC0000003207,192592.19,0.0,0.0,192592.19,NPR
2026-01-14,ACC0000003208,254080.75,33583.09,103946.7,183717.14,NPR
2026-01-14,ACC0000003209,379097.55,1147.97,130771.83,249473.69,NPR
2026-01-14,ACC0000003210,68255.4,35815.89,0.0,104071.29,NPR
2026-01-14,ACC0000003211,391003.18,0.0,37660.33,353342.85,NPR
2026-01-14,ACC0000003212,46180.04,0.0,67314.19,-21134.15,NPR
2026-01-14,ACC0000003213,202327.56,20716.45,18121.69,204922.32,NPR
2026-01-14,ACC0000003214,249826.88,0.0,30151.34,219675.54,NPR
2026-01-14,ACC0000003215,220738.37,0.0,147529.11,73209.26,NPR
2026-01-14,ACC0000003216,389155.79,0.0,46166.62,342989.17,NPR
2026-01-14,ACC0000003217,407632.26,0.0,140537.56,267094.7,NPR
2026-01-14,ACC0000003218,337807.07,24789.72,23874.58,338722.21,NPR
2026-01-14,ACC0000003219,38066.83,0.0,169662.61,-131595.78,NPR
2026-01-14,ACC0000003220,271226.78,0.0,46071.52,225155.26,NPR
2026-01-14,ACC0000003221,251654.17,0.0,152753.07,98901.1,NPR
2026-01-14,ACC0000003222,72827.92,0.0,39869.81,32958.11,NPR
2026-01-14,ACC0000003223,194448.88,0.0,20093.52,174355.36,NPR
2026-01-14,ACC0000003224,161888.45,7786.86,92002.95,77672.36,NPR
2026-01-14,ACC0000003225,35580.49,49863.41,27220.42,58223.48,NPR
2026-01-14,ACC0000003226,468938.99,0.0,79030.37,389908.62,NPR
2026-01-14,ACC0000003227,93372.12,6179.03,114273.37,-14722.22,NPR
2026-01-14,ACC0000003228,208857.26,0.0,5746.16,203111.1,NPR
2026-01-14,ACC0000003229,487839.95,47422.03,7965.45,527296.53,NPR
2026-01-14,ACC0000003230,235143.39,0.0,25059.75,210083.64,NPR
2026-01-14,ACC0000003231,347290.7,0.0,66422.51,280868.19,NPR
2026-01-14,ACC0000003232,383607.94,0.0,8264.08,375343.86,NPR
2026-01-14,ACC0000003233,135476.83,0.0,86226.06,49250.77,NPR
2026-01-14,ACC0000003234,471155.93,0.0,0.0,471155.93,NPR
2026-01-14,ACC0000003235,57725.4,0.0,52063.1,5662.3,NPR
2026-01-14,ACC0000003236,113445.25,0.0,0.0,113445.25,NPR
2026-01-14,ACC0000003237,174013.11,0.0,0.0,174013.11,NPR
2026-01-14,ACC0000003238,56773.94,54980.19,40829.64,70924.49,NPR
2026-01-14,ACC0000003239,53031.21,68443.62,0.0,121474.83,NPR
2026-01-14,ACC0000003240,149328.57,26295.16,41477.8,134145.93,NPR
2026-01-14,ACC0000003241,247849.0,0.0,0.0,247849.0,NPR
2026-01-14,ACC0000003242,209964.86,148.96,0.0,210113.82,NPR
2026-01-14,ACC0000003243,51473.74,0.0,13447.65,38026.09,NPR
2026-01-14,ACC0000003244,385736.07,40565.51,0.0,426301.58,NPR
2026-01-14,ACC0000003245,451270.38,18032.35,7827.73,461475.0,NPR
2026-01-14,ACC0000003246,241274.42,63411.44,55325.16,249360.7,NPR
2026-01-14,ACC0000003247,130579.4,0.0,40893.64,89685.76,NPR
2026-01-14,ACC0000003248,212609.53,34114.56,46584.57,200139.52,NPR
2026-01-14,ACC0000003249,10285.64,0.0,38934.8,-28649.16,NPR
2026-01-14,ACC0000003250,419449.55,315.97,36349.29,383416.23,NPR
2026-01-14,ACC0000003251,127938.54,45920.68,26971.3,146887.92,NPR
2026-01-14,ACC0000003252,430162.56,0.0,10873.15,419289.41,NPR
2026-01-14,ACC0000003253,80695.36,0.0,102379.93,-21684.57,NPR
2026-01-14,ACC0000003254,356895.0,3583.06,60527.14,299950.92,NPR
2026-01-14,ACC0000003255,332595.8,0.0,157178.93,175416.87,NPR
2026-01-14,ACC0000003256,405912.87,0.0,57637.75,348275.12,NPR
2026-01-14,ACC0000003257,477074.53,59220.65,6869.89,529425.29,NPR
2026-01-14,ACC0000003258,358714.13,0.0,17876.94,340837.19,NPR
2026-01-14,ACC0000003259,248771.12,0.0,99085.05,149686.07,NPR
2026-01-14,ACC0000003260,21119.73,0.0,0.0,21119.73,NPR
2026-01-14,ACC0000003261,52316.56,61178.29,48324.34,65170.51,NPR
2026-01-14,ACC0000003262,238261.51,0.0,88274.84,149986.67,NPR
2026-01-14,ACC0000003263,330381.94,26691.78,60756.5,296317.22,NPR
2026-01-14,ACC0000003264,236260.14,0.0,0.0,236260.14,NPR
2026-01-14,ACC0000003265,185361.38,15895.06,89988.18,111268.26,NPR
2026-01-14,ACC0000003266,426037.59,43396.19,16196.17,453237.61,NPR
2026-01-14,ACC0000003267,402355.77,0.0,0.0,402355.77,NPR
2026-01-14,ACC0000003268,251524.13,0.0,0.0,251524.13,NPR
2026-01-14,ACC0000003269,482130.35,0.0,73271.72,408858.63,NPR
2026-01-14,ACC0000003270,105661.36,0.0,0.0,105661.36,NPR
2026-01-14,ACC0000003271,448797.48,81498.8,0.0,530296.28,NPR
2026-01-14,ACC0000003272,82315.11,38092.28,118114.91,2292.48,NPR
2026-01-14,ACC0000003273,385988.3,0.0,74243.28,311745.02,NPR
2026-01-14,ACC0000003274,427227.82,0.0,0.0,427227.82,NPR
2026-01-14,ACC0000003275,392741.51,0.0,0.0,392741.51,NPR
2026-01-14,ACC0000003276,158548.83,0.0,0.0,158548.83,NPR
2026-01-14,ACC0000003277,197738.6,0.0,23137.51,174601.09,NPR
2026-01-14,ACC0000003278,412813.57,44682.06,88287.9,369207.73,NPR
2026-01-14,ACC0000003279,316303.91,0.0,42310.13,273993.78,NPR
2026-01-14,ACC0000003280,437891.41,45360.74,39875.33,443376.82,NPR
2026-01-14,ACC0000003281,268764.72,48378.62,96987.65,220155.69,NPR
2026-01-14,ACC0000003282,459935.78,20474.33,73807.14,406602.97,NPR
2026-01-14,ACC0000003283,371190.92,0.0,43446.02,327744.9,NPR
2026-01-14,ACC0000003284,200515.93,0.0,0.0,200515.93,NPR
2026-01-14,ACC0000003285,333525.09,0.0,0.0,333525.09,NPR
2026-01-14,ACC0000003286,286341.75,0.0,109596.2,176745.55,NPR
2026-01-14,ACC0000003287,80928.15,0.0,52231.38,28696.77,NPR
2026-01-14,ACC0000003288,121418.44,0.0,22981.65,98436.79,NPR
2026-01-14,ACC0000003289,71561.95,0.0,34431.55,37130.4,NPR
2026-01-14,ACC0000003290,293760.53,0.0,81446.31,212314.22,NPR
2026-01-14,ACC0000003291,270478.16,44876.71,13220.0,302134.87,NPR
2026-01-14,ACC0000003292,474764.39,9724.57,17380.67,467108.29,NPR
2026-01-14,ACC0000003293,271538.86,39136.56,60003.53,250671.89,NPR
2026-01-14,ACC0000003294,273565.04,0.0,37061.8,236503.24,NPR
2026-01-14,ACC0000003295,482397.42,0.0,110575.4,371822.02,NPR
2026-01-14,ACC0000003296,204115.19,37021.96,60179.9,180957.25,NPR
2026-01-14,ACC0000003297,52239.8,0.0,30617.61,21622.19,NPR
2026-01-14,ACC0000003298,123266.53,0.0,0.0,123266.53,NPR
2026-01-14,ACC0000003299,100693.99,0.0,0.0,100693.99,NPR
2026-01-14,ACC0000003300,248097.94,0.0,0.0,248097.94,NPR
2026-01-14,ACC0000003301,291658.81,0.0,117629.81,174029.0,NPR
2026-01-14,ACC0000003302,4735.01,40054.07,6497.01,38292.07,NPR
2026-01-14,ACC0000003303,391295.77,89089.41,101293.18,379092.0,NPR
2026-01-14,ACC0000003304,46761.16,0.0,44500.61,2260.55,NPR
2026-01-14,ACC0000003305,77202.0,0.0,34424.25,42777.75,NPR
2026-01-14,ACC0000003306,296534.73,0.0,46428.72,250106.01,NPR
2026-01-14,ACC0000003307,226039.67,0.0,18172.09,207867.58,NPR
2026-01-14,ACC0000003308,211926.51,0.0,36705.8,175220.71,NPR
2026-01-14,ACC0000003309,56741.94,82430.47,50021.47,89150.94,NPR
2026-01-14,ACC0000003310,228325.23,32279.42,101992.75,158611.9,NPR
2026-01-14,ACC0000003311,417826.32,114438.85,87744.29,444520.88,NPR
2026-01-14,ACC0000003312,92547.63,0.0,17899.64,74647.99,NPR
2026-01-14,ACC0000003313,163475.24,0.0,122319.94,41155.3,NPR
2026-01-14,ACC0000003314,252956.19,0.0,33959.92,218996.27,NPR
2026-01-14,ACC0000003315,334908.79,0.0,45077.54,289831.25,NPR
2026-01-14,ACC0000003316,445986.42,0.0,64006.03,381980.39,NPR
2026-01-14,ACC0000003317,62229.24,0.0,16242.22,45987.02,NPR
2026-01-14,ACC0000003318,224406.55,42751.03,66088.25,201069.33,NPR
2026-01-14,ACC0000003319,155846.43,46501.81,83589.23,118759.01,NPR
2026-01-14,ACC0000003320,305952.01,0.0,74044.79,231907.22,NPR
2026-01-14,ACC0000003321,496751.4,0.0,14609.95,482141.45,NPR
2026-01-14,ACC0000003322,466641.22,30480.65,60481.53,436640.34,NPR
2026-01-14,ACC0000003323,258080.94,0.0,0.0,258080.94,NPR
2026-01-14,ACC0000003324,379980.41,0.0,57100.07,322880.34,NPR
2026-01-14,ACC0000003325,109485.22,0.0,0.0,109485.22,NPR
2026-01-14,ACC0000003326,178927.99,0.0,0.0,178927.99,NPR
2026-01-14,ACC0000003327,57334.44,0.0,47523.09,9811.35,NPR
2026-01-14,ACC0000003328,446549.92,0.0,29120.34,417429.58,NPR
2026-01-14,ACC0000003329,231878.1,0.0,398.92,231479.18,NPR
2026-01-14,ACC0000003330,235305.86,0.0,144518.05,90787.81,NPR
2026-01-14,ACC0000003331,409255.64,16059.2,19058.15,406256.69,NPR
2026-01-14,ACC0000003332,201176.1,37960.99,45535.58,193601.51,NPR
2026-01-14,ACC0000003333,124115.11,0.0,18187.27,105927.84,NPR
2026-01-14,ACC0000003334,434420.59,0.0,29300.7,405119.89,NPR
2026-01-14,ACC0000003335,6762.54,4046.5,35386.65,-24577.61,NPR
2026-01-14,ACC0000003336,25222.58,87747.5,29334.78,83635.3,NPR
2026-01-14,ACC0000003337,421352.59,35035.24,61559.76,394828.07,NPR
2026-01-14,ACC0000003338,397205.01,0.0,172756.71,224448.3,NPR
2026-01-14,ACC0000003339,462940.37,0.0,54183.97,408756.4,NPR
2026-01-14,ACC0000003340,173012.24,0.0,37909.48,135102.76,NPR
2026-01-14,ACC0000003341,205996.73,0.0,61064.51,144932.22,NPR
2026-01-14,ACC0000003342,115281.09,0.0,37152.12,78128.97,NPR
2026-01-14,ACC0000003343,386341.12,0.0,0.0,386341.12,NPR
2026-01-14,ACC0000003344,45829.5,0.0,0.0,45829.5,NPR
2026-01-14,ACC0000003345,188509.54,0.0,51564.53,136945.01,NPR
2026-01-14,ACC0000003346,42415.65,15258.82,44635.23,13039.24,NPR
2026-01-14,ACC0000003347,110645.27,29329.52,18921.19,121053.6,NPR
2026-01-14,ACC0000003348,376854.96,0.0,54906.21,321948.75,NPR
2026-01-14,ACC0000003349,313876.99,0.0,0.0,313876.99,NPR
2026-01-14,ACC0000003350,124160.03,0.0,0.0,124160.03,NPR
2026-01-14,ACC0000003351,422765.51,30425.59,0.0,453191.1,NPR
2026-01-14,ACC0000003352,198099.24,0.0,70600.52,127498.72,NPR
2026-01-14,ACC0000003353,118896.56,0.0,0.0,118896.56,NPR
2026-01-14,ACC0000003354,93428.36,0.0,39573.27,53855.09,NPR
2026-01-14,ACC0000003355,115472.78,0.0,48061.85,67410.93,NPR
2026-01-14,ACC0000003356,101071.31,12022.39,69420.14,43673.56,NPR
2026-01-14,ACC0000003357,188870.28,0.0,62848.65,126021.63,NPR
2026-01-14,ACC0000003358,215745.77,0.0,67305.36,148440.41,NPR
2026-01-14,ACC0000003359,308226.72,0.0,0.0,308226.72,NPR
2026-01-14,ACC0000003360,390950.01,30841.77,68363.32,353428.46,NPR
2026-01-14,ACC0000003361,42196.31,19952.31,30471.47,31677.15,NPR
2026-01-14,ACC0000003362,359352.1,0.0,33307.88,326044.22,NPR
2026-01-14,ACC0000003363,395540.7,0.0,32626.95,362913.75,NPR
2026-01-14,ACC0000003364,356900.58,0.0,52074.51,304826.07,NPR
2026-01-14,ACC0000003365,60935.01,0.0,43088.62,17846.39,NPR
2026-01-14,ACC0000003366,225859.65,0.0,85048.0,140811.65,NPR
2026-01-14,ACC0000003367,230762.18,15988.75,73241.86,173509.07,NPR
2026-01-14,ACC0000003368,123599.86,0.0,35313.24,88286.62,NPR
2026-01-14,ACC0000003369,96265.29,7888.63,0.0,104153.92,NPR
2026-01-14,ACC0000003370,180565.47,0.0,0.0,180565.47,NPR
2026-01-14,ACC0000003371,462620.37,0.0,11090.92,451529.45,NPR
2026-01-14,ACC0000003372,294005.66,0.0,90767.1,203238.56,NPR
2026-01-14,ACC0000003373,232672.99,0.0,0.0,232672.99,NPR
2026-01-14,ACC0000003374,192730.59,0.0,45408.77,147321.82,NPR
2026-01-14,ACC0000003375,385619.25,45640.9,0.0,431260.15,NPR
2026-01-14,ACC0000003376,454258.23,0.0,49699.19,404559.04,NPR
2026-01-14,ACC0000003377,87181.87,36343.46,32697.74,90827.59,NPR
2026-01-14,ACC0000003378,18552.26,0.0,39792.83,-21240.57,NPR
2026-01-14,ACC0000003379,435272.15,80017.95,31111.61,484178.49,NPR
2026-01-14,ACC0000003380,75280.8,0.0,0.0,75280.8,NPR
2026-01-14,ACC0000003381,395426.04,24538.99,75867.43,344097.6,NPR
2026-01-14,ACC0000003382,131252.8,0.0,76439.11,54813.69,NPR
2026-01-14,ACC0000003383,440523.07,34246.9,140874.76,333895.21,NPR
2026-01-14,ACC0000003384,407495.13,0.0,28710.43,378784.7,NPR
2026-01-14,ACC0000003385,413969.84,0.0,18669.48,395300.36,NPR
2026-01-14,ACC0000003386,30758.49,11945.14,48141.44,-5437.81,NPR
2026-01-14,ACC0000003387,171140.88,0.0,60566.58,110574.3,NPR
2026-01-14,ACC0000003388,427426.64,9150.37,6761.8,429815.21,NPR
2026-01-14,ACC0000003389,425560.54,0.0,102076.94,323483.6,NPR
2026-01-14,ACC0000003390,320116.9,17722.79,112708.18,225131.51,NPR
2026-01-14,ACC0000003391,342692.24,0.0,137780.69,204911.55,NPR
2026-01-14,ACC0000003392,425927.16,0.0,35443.72,390483.44,NPR
2026-01-14,ACC0000003393,317786.86,0.0,25345.71,292441.15,NPR
2026-01-14,ACC0000003394,208519.86,0.0,0.0,208519.86,NPR
2026-01-14,ACC0000003395,278413.89,0.0,1996.02,276417.87,NPR
2026-01-14,ACC0000003396,300466.51,42994.94,51449.21,292012.24,NPR
2026-01-14,ACC0000003397,77501.09,6617.17,53496.47,30621.79,NPR
2026-01-14,ACC0000003398,335116.05,78850.22,42381.9,371584.37,NPR
2026-01-14,ACC0000003399,440766.48,0.0,72718.5,368047.98,NPR
2026-01-14,ACC0000003400,380104.57,0.0,0.0,380104.57,NPR
2026-01-14,ACC0000003401,282493.15,0.0,99212.11,183281.04,NPR
2026-01-14,ACC0000003402,295004.95,0.0,49764.85,245240.1,NPR
2026-01-14,ACC0000003403,170122.76,0.0,33795.59,136327.17,NPR
2026-01-14,ACC0000003404,285289.95,0.0,0.0,285289.95,NPR
2026-01-14,ACC0000003405,110569.43,0.0,0.0,110569.43,NPR
2026-01-14,ACC0000003406,45973.92,0.0,40425.18,5548.74,NPR
2026-01-14,ACC0000003407,311520.8,0.0,13249.12,298271.68,NPR
2026-01-14,ACC0000003408,188951.1,34355.76,30140.74,193166.12,NPR
2026-01-14,ACC0000003409,220402.95,37651.96,79929.05,178125.86,NPR
2026-01-14,ACC0000003410,12446.13,0.0,112062.18,-99616.05,NPR
2026-01-14,ACC0000003411,46244.71,48393.95,0.0,94638.66,NPR
2026-01-14,ACC0000003412,233426.31,0.0,27561.05,205865.26,NPR
2026-01-14,ACC0000003413,76458.77,0.0,0.0,76458.77,NPR
2026-01-14,ACC0000003414,68531.22,0.0,125883.78,-57352.56,NPR
2026-01-14,ACC0000003415,63928.53,0.0,82486.89,-18558.36,NPR
2026-01-14,ACC0000003416,185226.15,0.0,0.0,185226.15,NPR
2026-01-14,ACC0000003417,279311.72,52089.33,50986.9,280414.15,NPR
2026-01-14,ACC0000003418,39349.08,0.0,0.0,39349.08,NPR
2026-01-14,ACC0000003419,321118.64,11579.78,5526.74,327171.68,NPR
2026-01-14,ACC0000003420,256865.7,3840.1,34710.8,225995.0,NPR
2026-01-14,ACC0000003421,112607.58,0.0,69923.45,42684.13,NPR
2026-01-14,ACC0000003422,359615.33,12943.61,0.0,372558.94,NPR
2026-01-14,ACC0000003423,67002.7,41768.95,6803.27,101968.38,NPR
2026-01-14,ACC0000003424,109475.53,94064.63,47282.52,156257.64,NPR
2026-01-14,ACC0000003425,113150.56,44584.83,103944.71,53790.68,NPR
2026-01-14,ACC0000003426,464524.35,0.0,20399.36,444124.99,NPR
2026-01-14,ACC0000003427,8419.98,0.0,37674.18,-29254.2,NPR
2026-01-14,ACC0000003428,495054.82,0.0,0.0,495054.82,NPR
2026-01-14,ACC0000003429,382309.57,0.0,64035.04,318274.53,NPR
2026-01-14,ACC0000003430,488997.04,0.0,85590.22,403406.82,NPR
2026-01-14,ACC0000003431,295874.9,0.0,70966.24,224908.66,NPR
2026-01-14,ACC0000003432,7805.2,0.0,29335.2,-21530.0,NPR
2026-01-14,ACC0000003433,138919.19,4702.76,70658.35,72963.6,NPR
2026-01-14,ACC0000003434,446109.21,0.0,30009.91,416099.3,NPR
2026-01-14,ACC0000003435,187481.81,47066.7,0.0,234548.51,NPR
2026-01-14,ACC0000003436,8526.6,29779.08,40174.73,-1869.05,NPR
2026-01-14,ACC0000003437,444841.87,0.0,87732.66,357109.21,NPR
2026-01-14,ACC0000003438,497795.7,0.0,0.0,497795.7,NPR
2026-01-14,ACC0000003439,126572.81,0.0,53642.52,72930.29,NPR
2026-01-14,ACC0000003440,345615.07,0.0,0.0,345615.07,NPR
2026-01-14,ACC0000003441,126071.53,0.0,88283.37,37788.16,NPR
2026-01-14,ACC0000003442,391135.67,0.0,30205.2,360930.47,NPR
2026-01-14,ACC0000003443,144744.02,0.0,57124.71,87619.31,NPR
2026-01-14,ACC0000003444,59285.15,0.0,80361.13,-21075.98,NPR
2026-01-14,ACC0000003445,295881.98,0.0,0.0,295881.98,NPR
2026-01-14,ACC0000003446,223554.52,45331.4,21471.97,247413.95,NPR
2026-01-14,ACC0000003447,84560.02,0.0,0.0,84560.02,NPR
2026-01-14,ACC0000003448,229830.75,0.0,0.0,229830.75,NPR
2026-01-14,ACC0000003449,333204.36,0.0,40648.97,292555.39,NPR
2026-01-14,ACC0000003450,480647.06,0.0,38419.84,442227.22,NPR
2026-01-14,ACC0000003451,335814.55,0.0,33301.61,302512.94,NPR
2026-01-14,ACC0000003452,419084.1,0.0,0.0,419084.1,NPR
2026-01-14,ACC0000003453,112011.6,0.0,30444.07,81567.53,NPR
2026-01-14,ACC0000003454,159275.66,12333.27,61951.36,109657.57,NPR
2026-01-14,ACC0000003455,265622.7,70820.73,0.0,336443.43,NPR
2026-01-14,ACC0000003456,399646.16,0.0,94367.61,305278.55,NPR
2026-01-14,ACC0000003457,482880.33,0.0,92800.54,390079.79,NPR
2026-01-14,ACC0000003458,97041.8,0.0,33608.19,63433.61,NPR
2026-01-14,ACC0000003459,55964.83,34533.02,72676.38,17821.47,NPR
2026-01-14,ACC0000003460,363297.99,0.0,110941.6,252356.39,NPR
2026-01-14,ACC0000003461,4033.25,35570.38,52202.39,-12598.76,NPR
2026-01-14,ACC0000003462,386893.77,0.0,33992.12,352901.65,NPR
2026-01-14,ACC0000003463,312221.76,61105.17,39520.15,333806.78,NPR
2026-01-14,ACC0000003464,469884.54,0.0,0.0,469884.54,NPR
2026-01-14,ACC0000003465,247161.81,0.0,44141.61,203020.2,NPR
2026-01-14,ACC0000003466,382364.3,76002.29,104401.23,353965.36,NPR
2026-01-14,ACC0000003467,491359.59,15505.47,4207.28,502657.78,NPR
2026-01-14,ACC0000003468,470516.46,0.0,53173.76,417342.7,NPR
2026-01-14,ACC0000003469,43020.02,0.0,5788.81,37231.21,NPR
2026-01-14,ACC0000003470,355289.44,0.0,39451.64,315837.8,NPR
2026-01-14,ACC0000003471,271997.16,15789.99,64038.02,223749.13,NPR
2026-01-14,ACC0000003472,295875.72,46885.99,0.0,342761.71,NPR
2026-01-14,ACC0000003473,472801.62,0.0,16167.15,456634.47,NPR
2026-01-14,ACC0000003474,111749.62,0.0,45322.02,66427.6,NPR
2026-01-14,ACC0000003475,381243.33,0.0,31661.92,349581.41,NPR
2026-01-14,ACC0000003476,452735.1,0.0,104495.98,348239.12,NPR
2026-01-14,ACC0000003477,92125.24,12989.38,0.0,105114.62,NPR
2026-01-14,ACC0000003478,47187.78,12699.87,0.0,59887.65,NPR
2026-01-14,ACC0000003479,434053.21,0.0,0.0,434053.21,NPR
2026-01-14,ACC0000003480,346597.86,12120.38,45745.26,312972.98,NPR
2026-01-14,ACC0000003481,441678.66,0.0,0.0,441678.66,NPR
2026-01-14,ACC0000003482,394872.43,0.0,161182.87,233689.56,NPR
2026-01-14,ACC0000003483,303230.13,0.0,66416.02,236814.11,NPR
2026-01-14,ACC0000003484,20625.04,0.0,35192.93,-14567.89,NPR
2026-01-14,ACC0000003485,301764.94,10246.93,100760.4,211251.47,NPR
2026-01-14,ACC0000003486,87000.67,49361.05,0.0,136361.72,NPR
2026-01-14,ACC0000003487,213079.27,31407.88,134791.81,109695.34,NPR
2026-01-14,ACC0000003488,137937.07,47414.82,47897.19,137454.7,NPR
2026-01-14,ACC0000003489,379124.99,25697.83,60321.5,344501.32,NPR
2026-01-14,ACC0000003490,234291.62,0.0,0.0,234291.62,NPR
2026-01-14,ACC0000003491,461561.62,34983.2,0.0,496544.82,NPR
2026-01-14,ACC0000003492,82540.93,39004.98,41214.28,80331.63,NPR
2026-01-14,ACC0000003493,403012.6,11984.17,27983.04,387013.73,NPR
2026-01-14,ACC0000003494,281836.36,0.0,96427.76,185408.6,NPR
2026-01-14,ACC0000003495,445760.2,0.0,48671.89,397088.31,NPR
2026-01-14,ACC0000003496,69761.48,0.0,35497.16,34264.32,NPR
2026-01-14,ACC0000003497,392758.81,31708.41,150.74,424316.48,NPR
2026-01-14,ACC0000003498,342110.98,70046.88,0.0,412157.86,NPR
2026-01-14,ACC0000003499,212176.79,0.0,65603.77,146573.02,NPR
2026-01-14,ACC0000003500,76452.85,0.0,0.0,76452.85,NPR
2026-01-14,ACC0000003501,267231.01,0.0,0.0,267231.01,NPR
2026-01-14,ACC0000003502,321175.0,0.0,30527.77,290647.23,NPR
2026-01-14,ACC0000003503,43349.32,0.0,40979.0,2370.32,NPR
2026-01-14,ACC0000003504,440761.1,0.0,0.0,440761.1,NPR
2026-01-14,ACC0000003505,348344.73,0.0,105634.33,242710.4,NPR
2026-01-14,ACC0000003506,275255.89,0.0,47272.37,227983.52,NPR
2026-01-14,ACC0000003507,443860.71,19550.66,57736.97,405674.4,NPR
2026-01-14,ACC0000003508,52000.09,0.0,28863.83,23136.26,NPR
2026-01-14,ACC0000003509,351646.57,0.0,91059.25,260587.32,NPR
2026-01-14,ACC0000003510,421681.55,40645.08,66424.67,395901.96,NPR
2026-01-14,ACC0000003511,356315.61,0.0,18545.35,337770.26,NPR
2026-01-14,ACC0000003512,366731.05,0.0,89865.69,276865.36,NPR
2026-01-14,ACC0000003513,114988.71,0.0,84335.37,30653.34,NPR
2026-01-14,ACC0000003514,55217.69,0.0,35701.92,19515.77,NPR
2026-01-14,ACC0000003515,72659.57,30624.54,45140.91,58143.2,NPR
2026-01-14,ACC0000003516,44858.3,0.0,0.0,44858.3,NPR
2026-01-14,ACC0000003517,29204.12,38916.37,42938.97,25181.52,NPR
2026-01-14,ACC0000003518,299380.75,1278.63,77193.44,223465.94,NPR
2026-01-14,ACC0000003519,376660.54,0.0,0.0,376660.54,NPR
2026-01-14,ACC0000003520,359292.63,49738.06,48003.08,361027.61,NPR
2026-01-14,ACC0000003521,302495.12,0.0,49310.39,253184.73,NPR
2026-01-14,ACC0000003522,162626.77,0.0,132228.68,30398.09,NPR
2026-01-14,ACC0000003523,15473.85,9703.7,143306.66,-118129.11,NPR
2026-01-14,ACC0000003524,445369.71,0.0,69167.49,376202.22,NPR
2026-01-14,ACC0000003525,212503.98,0.0,35463.29,177040.69,NPR
2026-01-14,ACC0000003526,295466.8,0.0,0.0,295466.8,NPR
2026-01-14,ACC0000003527,273997.41,46702.08,26042.49,294657.0,NPR
2026-01-14,ACC0000003528,217997.18,83.48,87279.04,130801.62,NPR
2026-01-14,ACC0000003529,466030.8,0.0,0.0,466030.8,NPR
2026-01-14,ACC0000003530,498979.16,3033.21,201790.43,300221.94,NPR
2026-01-14,ACC0000003531,167244.63,0.0,0.0,167244.63,NPR
2026-01-14,ACC0000003532,72783.57,0.0,0.0,72783.57,NPR
2026-01-14,ACC0000003533,19693.23,0.0,59425.57,-39732.34,NPR
2026-01-14,ACC0000003534,104466.63,0.0,55470.82,48995.81,NPR
2026-01-14,ACC0000003535,172140.08,144965.81,0.0,317105.89,NPR
2026-01-14,ACC0000003536,104230.11,39327.09,6319.1,137238.1,NPR
2026-01-14,ACC0000003537,21714.59,58922.04,90748.87,-10112.24,NPR
2026-01-14,ACC0000003538,269135.31,0.0,0.0,269135.31,NPR
2026-01-14,ACC0000003539,198117.67,0.0,47130.26,150987.41,NPR
2026-01-14,ACC0000003540,154573.48,34061.78,7369.63,181265.63,NPR
2026-01-14,ACC0000003541,282573.28,0.0,33630.41,248942.87,NPR
2026-01-14,ACC0000003542,282743.53,31279.11,0.0,314022.64,NPR
2026-01-14,ACC0000003543,12660.99,0.0,94831.66,-82170.67,NPR
2026-01-14,ACC0000003544,196809.3,3101.03,35018.7,164891.63,NPR
2026-01-14,ACC0000003545,170495.84,19485.37,178245.39,11735.82,NPR
2026-01-14,ACC0000003546,88846.96,0.0,33627.02,55219.94,NPR
2026-01-14,ACC0000003547,479892.45,16426.75,61015.73,435303.47,NPR
2026-01-14,ACC0000003548,271492.54,0.0,0.0,271492.54,NPR
2026-01-14,ACC0000003549,487784.0,0.0,30954.03,456829.97,NPR
2026-01-14,ACC0000003550,36215.44,7590.44,74318.58,-30512.7,NPR
2026-01-14,ACC0000003551,44855.87,0.0,0.0,44855.87,NPR
2026-01-14,ACC0000003552,226056.36,0.0,94994.68,131061.68,NPR
2026-01-14,ACC0000003553,71402.7,0.0,68683.88,2718.82,NPR
2026-01-14,ACC0000003554,312065.98,109314.27,84668.34,336711.91,NPR
2026-01-14,ACC0000003555,6796.72,0.0,0.0,6796.72,NPR
2026-01-14,ACC0000003556,115544.49,26538.88,30909.67,111173.7,NPR
2026-01-14,ACC0000003557,64829.82,49831.83,90302.08,24359.57,NPR
2026-01-14,ACC0000003558,249411.15,0.0,87396.31,162014.84,NPR
2026-01-14,ACC0000003559,86775.3,39178.08,55093.72,70859.66,NPR
2026-01-14,ACC0000003560,56994.36,0.0,73828.71,-16834.35,NPR
2026-01-14,ACC0000003561,104507.01,0.0,0.0,104507.01,NPR
2026-01-14,ACC0000003562,183466.97,0.0,0.0,183466.97,NPR
2026-01-14,ACC0000003563,482715.24,0.0,59794.57,422920.67,NPR
2026-01-14,ACC0000003564,25900.09,0.0,124675.08,-98774.99,NPR
2026-01-14,ACC0000003565,106814.37,24519.25,40140.07,91193.55,NPR
2026-01-14,ACC0000003566,154637.92,0.0,49246.81,105391.11,NPR
2026-01-14,ACC0000003567,317176.13,41760.81,21309.7,337627.24,NPR
2026-01-14,ACC0000003568,331119.29,0.0,20882.85,310236.44,NPR
2026-01-14,ACC0000003569,328717.98,0.0,0.0,328717.98,NPR
2026-01-14,ACC0000003570,259888.94,35165.45,68060.87,226993.52,NPR
2026-01-14,ACC0000003571,487173.82,0.0,26654.57,460519.25,NPR
2026-01-14,ACC0000003572,247767.09,15553.28,0.0,263320.37,NPR
2026-01-14,ACC0000003573,207675.69,0.0,43867.9,163807.79,NPR
2026-01-14,ACC0000003574,251567.63,30955.16,11773.47,270749.32,NPR
2026-01-14,ACC0000003575,444764.34,0.0,0.0,444764.34,NPR
2026-01-14,ACC0000003576,13473.33,0.0,142881.02,-129407.69,NPR
2026-01-14,ACC0000003577,234519.8,0.0,0.0,234519.8,NPR
2026-01-14,ACC0000003578,358970.19,0.0,42977.88,315992.31,NPR
2026-01-14,ACC0000003579,383568.93,9126.49,61839.51,330855.91,NPR
2026-01-14,ACC0000003580,394575.07,0.0,9259.41,385315.66,NPR
2026-01-14,ACC0000003581,468663.82,0.0,15956.45,452707.37,NPR
2026-01-14,ACC0000003582,309243.6,0.0,0.0,309243.6,NPR
2026-01-14,ACC0000003583,37188.85,0.0,0.0,37188.85,NPR
2026-01-14,ACC0000003584,17921.51,0.0,126283.74,-108362.23,NPR
2026-01-14,ACC0000003585,490583.46,0.0,92646.62,397936.84,NPR
2026-01-14,ACC0000003586,209620.68,0.0,17539.19,192081.49,NPR
2026-01-14,ACC0000003587,454318.74,0.0,2235.86,452082.88,NPR
2026-01-14,ACC0000003588,80546.96,0.0,0.0,80546.96,NPR
2026-01-14,ACC0000003589,62705.37,0.0,93805.86,-31100.49,NPR
2026-01-14,ACC0000003590,80290.89,37469.17,63623.95,54136.11,NPR
2026-01-14,ACC0000003591,170937.52,0.0,96240.54,74696.98,NPR
2026-01-14,ACC0000003592,383753.22,0.0,0.0,383753.22,NPR
2026-01-14,ACC0000003593,232632.39,0.0,1063.33,231569.06,NPR
2026-01-14,ACC0000003594,305860.3,17233.31,130329.94,192763.67,NPR
2026-01-14,ACC0000003595,252445.54,0.0,35863.21,216582.33,NPR
2026-01-14,ACC0000003596,83348.23,0.0,0.0,83348.23,NPR
2026-01-14,ACC0000003597,380816.31,40007.54,0.0,420823.85,NPR
2026-01-14,ACC0000003598,100420.37,59299.03,40204.35,119515.05,NPR
2026-01-14,ACC0000003599,265929.62,0.0,74245.74,191683.88,NPR
2026-01-14,ACC0000003600,382225.28,19250.27,21019.64,380455.91,NPR
2026-01-14,ACC0000003601,469289.21,0.0,78902.48,390386.73,NPR
2026-01-14,ACC0000003602,80170.44,29069.14,93956.8,15282.78,NPR
2026-01-14,ACC0000003603,103382.61,0.0,31674.79,71707.82,NPR
2026-01-14,ACC0000003604,160425.21,6436.5,120094.23,46767.48,NPR
2026-01-14,ACC0000003605,438063.26,24086.94,39612.15,422538.05,NPR
2026-01-14,ACC0000003606,232984.19,40649.56,0.0,273633.75,NPR
2026-01-14,ACC0000003607,349419.5,0.0,41594.33,307825.17,NPR
2026-01-14,ACC0000003608,24656.19,0.0,73793.09,-49136.9,NPR
2026-01-14,ACC0000003609,379356.2,0.0,33343.45,346012.75,NPR
2026-01-14,ACC0000003610,15741.99,0.0,50950.23,-35208.24,NPR
2026-01-14,ACC0000003611,302250.25,0.0,0.0,302250.25,NPR
2026-01-14,ACC0000003612,371740.07,0.0,0.0,371740.07,NPR
2026-01-14,ACC0000003613,335823.44,24366.26,14665.5,345524.2,NPR
2026-01-14,ACC0000003614,395642.59,0.0,67770.62,327871.97,NPR
2026-01-14,ACC0000003615,374366.85,0.0,69099.53,305267.32,NPR
2026-01-14,ACC0000003616,391063.2,1181.9,71107.02,321138.08,NPR
2026-01-14,ACC0000003617,436175.87,0.0,25499.06,410676.81,NPR
2026-01-14,ACC0000003618,142158.23,0.0,0.0,142158.23,NPR
2026-01-14,ACC0000003619,217934.08,75980.1,44304.73,249609.45,NPR
2026-01-14,ACC0000003620,27147.85,47057.32,156476.92,-82271.75,NPR
2026-01-14,ACC0000003621,58798.77,0.0,0.0,58798.77,NPR
2026-01-14,ACC0000003622,171438.47,0.0,155177.7,16260.77,NPR
2026-01-14,ACC0000003623,207997.48,0.0,10744.58,197252.9,NPR
2026-01-14,ACC0000003624,274055.73,56148.88,57677.31,272527.3,NPR
2026-01-14,ACC0000003625,191796.57,0.0,0.0,191796.57,NPR
2026-01-14,ACC0000003626,188876.82,0.0,43934.89,144941.93,NPR
2026-01-14,ACC0000003627,134195.84,0.0,15409.08,118786.76,NPR
2026-01-14,ACC0000003628,374891.87,44082.13,103233.94,315740.06,NPR
2026-01-14,ACC0000003629,275054.07,26959.07,179158.48,122854.66,NPR
2026-01-14,ACC0000003630,67434.44,0.0,0.0,67434.44,NPR
2026-01-14,ACC0000003631,302338.95,0.0,0.0,302338.95,NPR
2026-01-14,ACC0000003632,78584.41,0.0,40538.07,38046.34,NPR
2026-01-14,ACC0000003633,318939.27,0.0,0.0,318939.27,NPR
2026-01-14,ACC0000003634,62514.72,0.0,0.0,62514.72,NPR
2026-01-14,ACC0000003635,142628.52,25811.63,49194.34,119245.81,NPR
2026-01-14,ACC0000003636,384042.67,0.0,46482.27,337560.4,NPR
2026-01-14,ACC0000003637,367030.63,0.0,0.0,367030.63,NPR
2026-01-14,ACC0000003638,77010.76,0.0,34312.37,42698.39,NPR
2026-01-14,ACC0000003639,438364.59,0.0,32375.25,405989.34,NPR
2026-01-14,ACC0000003640,423718.02,0.0,42664.09,381053.93,NPR
2026-01-14,ACC0000003641,267320.18,0.0,0.0,267320.18,NPR
2026-01-14,ACC0000003642,232075.15,2960.49,88908.93,146126.71,NPR
2026-01-14,ACC0000003643,117135.64,0.0,102757.81,14377.83,NPR
2026-01-14,ACC0000003644,272249.17,0.0,0.0,272249.17,NPR
2026-01-14,ACC0000003645,180237.7,50056.91,36003.26,194291.35,NPR
2026-01-14,ACC0000003646,35143.95,28935.59,4178.88,59900.66,NPR
2026-01-14,ACC0000003647,359919.02,5370.94,14286.7,351003.26,NPR
2026-01-14,ACC0000003648,467097.56,0.0,52691.91,414405.65,NPR
2026-01-14,ACC0000003649,53554.35,0.0,49707.32,3847.03,NPR
2026-01-14,ACC0000003650,435933.13,63038.34,98491.85,400479.62,NPR
2026-01-14,ACC0000003651,138157.0,0.0,0.0,138157.0,NPR
2026-01-14,ACC0000003652,311790.89,21650.56,54903.92,278537.53,NPR
2026-01-14,ACC0000003653,317689.98,25150.8,71164.27,271676.51,NPR
2026-01-14,ACC0000003654,352429.25,0.0,6075.06,346354.19,NPR
2026-01-14,ACC0000003655,334716.16,0.0,22539.66,312176.5,NPR
2026-01-14,ACC0000003656,491932.69,0.0,130967.64,360965.05,NPR
2026-01-14,ACC0000003657,6727.51,0.0,90040.42,-83312.91,NPR
2026-01-14,ACC0000003658,267823.29,7287.67,10363.1,264747.86,NPR
2026-01-14,ACC0000003659,224089.96,0.0,87672.23,136417.73,NPR
2026-01-14,ACC0000003660,328252.89,0.0,0.0,328252.89,NPR
2026-01-14,ACC0000003661,409572.38,41606.53,96406.44,354772.47,NPR
2026-01-14,ACC0000003662,59630.22,24489.6,0.0,84119.82,NPR
2026-01-14,ACC0000003663,379401.12,33010.45,68942.99,343468.58,NPR
2026-01-14,ACC0000003664,357869.28,25063.5,0.0,382932.78,NPR
2026-01-14,ACC0000003665,397478.23,0.0,54123.13,343355.1,NPR
2026-01-14,ACC0000003666,217424.87,0.0,42367.92,175056.95,NPR
2026-01-14,ACC0000003667,81859.75,35580.31,25591.61,91848.45,NPR
2026-01-14,ACC0000003668,265702.22,0.0,173239.56,92462.66,NPR
2026-01-14,ACC0000003669,235826.15,0.0,74214.67,161611.48,NPR
2026-01-14,ACC0000003670,88542.89,0.0,36760.38,51782.51,NPR
2026-01-14,ACC0000003671,288424.13,55575.08,57377.83,286621.38,NPR
2026-01-14,ACC0000003672,287486.46,0.0,18546.08,268940.38,NPR
2026-01-14,ACC0000003673,50020.11,7841.32,150888.08,-93026.65,NPR
2026-01-14,ACC0000003674,168531.87,0.0,23159.4,145372.47,NPR
2026-01-14,ACC0000003675,203107.68,0.0,0.0,203107.68,NPR
2026-01-14,ACC0000003676,443437.23,11392.71,112644.62,342185.32,NPR
2026-01-14,ACC0000003677,73012.37,0.0,8604.55,64407.82,NPR
2026-01-14,ACC0000003678,399788.99,0.0,46883.36,352905.63,NPR
2026-01-14,ACC0000003679,113190.33,0.0,54781.95,58408.38,NPR
2026-01-14,ACC0000003680,331122.21,40159.85,11494.37,359787.69,NPR
2026-01-14,ACC0000003681,464222.82,0.0,144539.99,319682.83,NPR
2026-01-14,ACC0000003682,275145.54,33188.98,18336.32,289998.2,NPR
2026-01-14,ACC0000003683,108432.79,0.0,59271.39,49161.4,NPR
2026-01-14,ACC0000003684,27721.28,0.0,48525.55,-20804.27,NPR
2026-01-14,ACC0000003685,55082.6,48796.52,64124.04,39755.08,NPR
2026-01-14,ACC0000003686,457809.74,0.0,26468.82,431340.92,NPR
2026-01-14,ACC0000003687,473811.46,0.0,36267.55,437543.91,NPR
2026-01-14,ACC0000003688,302466.38,0.0,35771.09,266695.29,NPR
2026-01-14,ACC0000003689,319176.57,0.0,35438.6,283737.97,NPR
2026-01-14,ACC0000003690,229630.99,0.0,28983.73,200647.26,NPR
2026-01-14,ACC0000003691,352446.84,0.0,0.0,352446.84,NPR
2026-01-14,ACC0000003692,224803.37,3226.24,162755.62,65273.99,NPR
2026-01-14,ACC0000003693,299654.35,0.0,8802.72,290851.63,NPR
2026-01-14,ACC0000003694,174451.36,0.0,25439.28,149012.08,NPR
2026-01-14,ACC0000003695,472940.81,0.0,0.0,472940.81,NPR
2026-01-14,ACC0000003696,363857.49,0.0,41794.86,322062.63,NPR
2026-01-14,ACC0000003697,258856.46,0.0,33718.85,225137.61,NPR
2026-01-14,ACC0000003698,131715.54,2194.65,58295.05,75615.14,NPR
2026-01-14,ACC0000003699,173188.07,0.0,40970.38,132217.69,NPR
2026-01-14,ACC0000003700,435510.67,0.0,100844.34,334666.33,NPR
2026-01-14,ACC0000003701,305877.06,14627.48,39847.96,280656.58,NPR
2026-01-14,ACC0000003702,273144.56,0.0,11081.83,262062.73,NPR
2026-01-14,ACC0000003703,178546.48,0.0,132917.61,45628.87,NPR
2026-01-14,ACC0000003704,36485.07,0.0,50374.68,-13889.61,NPR
2026-01-14,ACC0000003705,330816.58,0.0,103806.76,227009.82,NPR
2026-01-14,ACC0000003706,150027.69,0.0,0.0,150027.69,NPR
2026-01-14,ACC0000003707,294869.13,0.0,0.0,294869.13,NPR
2026-01-14,ACC0000003708,329439.03,0.0,50945.81,278493.22,NPR
2026-01-14,ACC0000003709,416460.45,42057.47,63179.62,395338.3,NPR
2026-01-14,ACC0000003710,323757.22,0.0,78328.35,245428.87,NPR
2026-01-14,ACC0000003711,35980.66,0.0,103494.36,-67513.7,NPR
2026-01-14,ACC0000003712,88130.74,0.0,24143.52,63987.22,NPR
2026-01-14,ACC0000003713,86738.62,0.0,77733.11,9005.51,NPR
2026-01-14,ACC0000003714,138943.85,0.0,74549.38,64394.47,NPR
2026-01-14,ACC0000003715,338914.54,16860.44,69204.58,286570.4,NPR
2026-01-14,ACC0000003716,229988.94,0.0,24866.1,205122.84,NPR
2026-01-14,ACC0000003717,86315.63,3857.35,85189.3,4983.68,NPR
2026-01-14,ACC0000003718,233751.36,46041.28,94760.5,185032.14,NPR
2026-01-14,ACC0000003719,330252.87,0.0,155905.31,174347.56,NPR
2026-01-14,ACC0000003720,34616.44,0.0,0.0,34616.44,NPR
2026-01-14,ACC0000003721,480168.28,0.0,22687.59,457480.69,NPR
2026-01-14,ACC0000003722,468592.41,49390.1,35663.47,482319.04,NPR
2026-01-14,ACC0000003723,294300.14,23321.98,60930.16,256691.96,NPR
2026-01-14,ACC0000003724,345642.94,48728.91,141905.18,252466.67,NPR
2026-01-14,ACC0000003725,118418.12,0.0,77911.39,40506.73,NPR
2026-01-14,ACC0000003726,252011.26,0.0,40144.38,211866.88,NPR
2026-01-14,ACC0000003727,120683.0,0.0,31010.84,89672.16,NPR
2026-01-14,ACC0000003728,394426.77,0.0,47592.64,346834.13,NPR
2026-01-14,ACC0000003729,246775.26,0.0,12858.61,233916.65,NPR
2026-01-14,ACC0000003730,125246.26,0.0,41914.42,83331.84,NPR
2026-01-14,ACC0000003731,61696.5,0.0,86022.78,-24326.28,NPR
2026-01-14,ACC0000003732,66471.44,0.0,125147.39,-58675.95,NPR
2026-01-14,ACC0000003733,30584.87,0.0,76626.83,-46041.96,NPR
2026-01-14,ACC0000003734,420844.7,0.0,0.0,420844.7,NPR
2026-01-14,ACC0000003735,174297.13,0.0,0.0,174297.13,NPR
2026-01-14,ACC0000003736,423023.34,0.0,42264.57,380758.77,NPR
2026-01-14,ACC0000003737,41383.49,0.0,0.0,41383.49,NPR
2026-01-14,ACC0000003738,71874.04,34985.42,0.0,106859.46,NPR
2026-01-14,ACC0000003739,213094.42,16730.88,121170.71,108654.59,NPR
2026-01-14,ACC0000003740,229480.84,7075.68,0.0,236556.52,NPR
2026-01-14,ACC0000003741,117376.8,25304.23,48696.4,93984.63,NPR
2026-01-14,ACC0000003742,301012.47,22954.94,126275.74,197691.67,NPR
2026-01-14,ACC0000003743,154744.12,0.0,0.0,154744.12,NPR
2026-01-14,ACC0000003744,265236.31,0.0,34963.05,230273.26,NPR
2026-01-14,ACC0000003745,342331.79,0.0,0.0,342331.79,NPR
2026-01-14,ACC0000003746,247480.47,32314.07,91819.6,187974.94,NPR
2026-01-14,ACC0000003747,187640.77,41068.93,82062.65,146647.05,NPR
2026-01-14,ACC0000003748,211437.05,65222.68,130049.86,146609.87,NPR
2026-01-14,ACC0000003749,284477.19,11452.69,6882.81,289047.07,NPR
2026-01-14,ACC0000003750,89929.93,23513.95,51170.61,62273.27,NPR
2026-01-14,ACC0000003751,47357.98,11041.75,34385.17,24014.56,NPR
2026-01-14,ACC0000003752,95263.43,28483.33,0.0,123746.76,NPR
2026-01-14,ACC0000003753,236571.03,25335.32,0.0,261906.35,NPR
2026-01-14,ACC0000003754,154833.18,0.0,4012.63,150820.55,NPR
2026-01-14,ACC0000003755,405370.72,0.0,0.0,405370.72,NPR
2026-01-14,ACC0000003756,63529.6,0.0,70483.45,-6953.85,NPR
2026-01-14,ACC0000003757,346083.17,0.0,0.0,346083.17,NPR
2026-01-14,ACC0000003758,420566.64,0.0,0.0,420566.64,NPR
2026-01-14,ACC0000003759,178390.95,0.0,0.0,178390.95,NPR
2026-01-14,ACC0000003760,227938.83,0.0,0.0,227938.83,NPR
2026-01-14,ACC0000003761,66197.1,0.0,16757.3,49439.8,NPR
2026-01-14,ACC0000003762,144313.84,0.0,33760.54,110553.3,NPR
2026-01-14,ACC0000003763,270498.1,31821.55,56036.75,246282.9,NPR
2026-01-14,ACC0000003764,444743.4,3852.31,86378.45,362217.26,NPR
2026-01-14,ACC0000003765,38488.07,49117.74,49617.86,37987.95,NPR
2026-01-14,ACC0000003766,246508.41,75947.4,0.0,322455.81,NPR
2026-01-14,ACC0000003767,437162.9,36618.65,88136.41,385645.14,NPR
2026-01-14,ACC0000003768,251387.38,27969.51,12078.69,267278.2,NPR
2026-01-14,ACC0000003769,25301.77,0.0,0.0,25301.77,NPR
2026-01-14,ACC0000003770,46257.55,0.0,47526.3,-1268.75,NPR
2026-01-14,ACC0000003771,256963.01,0.0,0.0,256963.01,NPR
2026-01-14,ACC0000003772,6720.36,26773.08,32137.52,1355.92,NPR
2026-01-14,ACC0000003773,300181.86,0.0,0.0,300181.86,NPR
2026-01-14,ACC0000003774,414672.0,0.0,93531.66,321140.34,NPR
2026-01-14,ACC0000003775,336365.4,0.0,20165.16,316200.24,NPR
2026-01-14,ACC0000003776,450349.31,49246.52,19369.5,480226.33,NPR
2026-01-14,ACC0000003777,442352.94,0.0,60401.44,381951.5,NPR
2026-01-14,ACC0000003778,21264.62,0.0,9828.75,11435.87,NPR
2026-01-14,ACC0000003779,163731.71,0.0,0.0,163731.71,NPR
2026-01-14,ACC0000003780,364688.54,2848.84,41643.18,325894.2,NPR
2026-01-14,ACC0000003781,428067.09,0.0,0.0,428067.09,NPR
2026-01-14,ACC0000003782,209528.9,0.0,160865.38,48663.52,NPR
2026-01-14,ACC0000003783,112963.86,31458.73,63294.76,81127.83,NPR
2026-01-14,ACC0000003784,12096.0,0.0,70444.91,-58348.91,NPR
2026-01-14,ACC0000003785,475076.65,0.0,0.0,475076.65,NPR
2026-01-14,ACC0000003786,439121.21,0.0,0.0,439121.21,NPR
2026-01-14,ACC0000003787,177408.0,14782.91,3563.96,188626.95,NPR
2026-01-14,ACC0000003788,380556.22,14680.81,12845.96,382391.07,NPR
2026-01-14,ACC0000003789,109993.16,0.0,73209.15,36784.01,NPR
2026-01-14,ACC0000003790,494800.88,23058.43,48359.49,469499.82,NPR
2026-01-14,ACC0000003791,137831.11,0.0,98996.35,38834.76,NPR
2026-01-14,ACC0000003792,240625.13,0.0,0.0,240625.13,NPR
2026-01-14,ACC0000003793,386650.8,48975.05,19910.6,415715.25,NPR
2026-01-14,ACC0000003794,270481.76,9339.26,56638.26,223182.76,NPR
2026-01-14,ACC0000003795,23649.28,6549.89,0.0,30199.17,NPR
2026-01-14,ACC0000003796,146771.64,0.0,23605.0,123166.64,NPR
2026-01-14,ACC0000003797,205970.18,0.0,37134.41,168835.77,NPR
2026-01-14,ACC0000003798,114062.8,0.0,25600.64,88462.16,NPR
2026-01-14,ACC0000003799,163246.38,0.0,92500.45,70745.93,NPR
2026-01-14,ACC0000003800,75479.17,39542.86,80834.13,34187.9,NPR
2026-01-14,ACC0000003801,1908.11,0.0,51074.83,-49166.72,NPR
2026-01-14,ACC0000003802,325443.47,0.0,0.0,325443.47,NPR
2026-01-14,ACC0000003803,444398.79,0.0,21361.18,423037.61,NPR
2026-01-14,ACC0000003804,271267.03,0.0,130700.0,140567.03,NPR
2026-01-14,ACC0000003805,143709.93,0.0,28892.48,114817.45,NPR
2026-01-14,ACC0000003806,288934.43,0.0,7571.97,281362.46,NPR
2026-01-14,ACC0000003807,8039.91,0.0,59877.82,-51837.91,NPR
2026-01-14,ACC0000003808,461040.43,28182.11,32609.82,456612.72,NPR
2026-01-14,ACC0000003809,231348.65,0.0,106600.37,124748.28,NPR
2026-01-14,ACC0000003810,124085.39,29588.03,88376.66,65296.76,NPR
2026-01-14,ACC0000003811,365447.79,2166.27,78140.94,289473.12,NPR
2026-01-14,ACC0000003812,62628.62,0.0,0.0,62628.62,NPR
2026-01-14,ACC0000003813,142074.91,0.0,97807.86,44267.05,NPR
2026-01-14,ACC0000003814,499449.35,0.0,135146.06,364303.29,NPR
2026-01-14,ACC0000003815,449509.22,20480.38,18829.61,451159.99,NPR
2026-01-14,ACC0000003816,141622.07,0.0,64703.71,76918.36,NPR
2026-01-14,ACC0000003817,379259.55,0.0,0.0,379259.55,NPR
2026-01-14,ACC0000003818,25325.22,0.0,16261.07,9064.15,NPR
2026-01-14,ACC0000003819,61956.86,0.0,35244.58,26712.28,NPR
2026-01-14,ACC0000003820,224977.64,25357.36,54038.7,196296.3,NPR
2026-01-14,ACC0000003821,299744.91,0.0,0.0,299744.91,NPR
2026-01-14,ACC0000003822,475550.43,13221.89,38990.33,449781.99,NPR
2026-01-14,ACC0000003823,374774.27,7679.85,0.0,382454.12,NPR
2026-01-14,ACC0000003824,218103.5,0.0,0.0,218103.5,NPR
2026-01-14,ACC0000003825,445017.99,0.0,0.0,445017.99,NPR
2026-01-14,ACC0000003826,382776.17,0.0,0.0,382776.17,NPR
2026-01-14,ACC0000003827,364897.36,0.0,0.0,364897.36,NPR
2026-01-14,ACC0000003828,479103.78,0.0,0.0,479103.78,NPR
2026-01-14,ACC0000003829,120743.44,0.0,0.0,120743.44,NPR
2026-01-14,ACC0000003830,59315.5,0.0,0.0,59315.5,NPR
2026-01-14,ACC0000003831,133071.3,45523.4,143657.95,34936.75,NPR
2026-01-14,ACC0000003832,300740.21,149.33,0.0,300889.54,NPR
2026-01-14,ACC0000003833,132988.96,3754.49,95536.36,41207.09,NPR
2026-01-14,ACC0000003834,212826.09,0.0,69850.54,142975.55,NPR
2026-01-14,ACC0000003835,476329.51,0.0,52571.04,423758.47,NPR
2026-01-14,ACC0000003836,82025.18,12797.45,33550.9,61271.73,NPR
2026-01-14,ACC0000003837,323890.04,0.0,0.0,323890.04,NPR
2026-01-14,ACC0000003838,479078.88,0.0,0.0,479078.88,NPR
2026-01-14,ACC0000003839,289570.91,0.0,49389.23,240181.68,NPR
2026-01-14,ACC0000003840,321333.2,49211.15,57326.69,313217.66,NPR
2026-01-14,ACC0000003841,32598.51,0.0,119096.75,-86498.24,NPR
2026-01-14,ACC0000003842,185548.9,19636.25,44620.66,160564.49,NPR
2026-01-14,ACC0000003843,254252.58,0.0,0.0,254252.58,NPR
2026-01-14,ACC0000003844,464964.35,34433.38,25402.18,473995.55,NPR
2026-01-14,ACC0000003845,135276.77,0.0,73830.79,61445.98,NPR
2026-01-14,ACC0000003846,181481.81,0.0,7990.16,173491.65,NPR
2026-01-14,ACC0000003847,409045.18,37368.12,46616.24,399797.06,NPR
2026-01-14,ACC0000003848,249065.61,38007.67,46359.17,240714.11,NPR
2026-01-14,ACC0000003849,84510.03,0.0,41535.26,42974.77,NPR
2026-01-14,ACC0000003850,325710.53,80120.52,90343.33,315487.72,NPR
2026-01-14,ACC0000003851,406653.45,44306.51,14104.75,436855.21,NPR
2026-01-14,ACC0000003852,4057.38,0.0,30926.17,-26868.79,NPR
2026-01-14,ACC0000003853,226861.71,0.0,64678.83,162182.88,NPR
2026-01-14,ACC0000003854,352104.52,0.0,0.0,352104.52,NPR
2026-01-14,ACC0000003855,373208.01,5767.07,125856.69,253118.39,NPR
2026-01-14,ACC0000003856,420172.23,31466.3,50670.87,400967.66,NPR
2026-01-14,ACC0000003857,473986.15,4424.6,70436.27,407974.48,NPR
2026-01-14,ACC0000003858,452324.31,0.0,0.0,452324.31,NPR
2026-01-14,ACC0000003859,341209.78,0.0,45350.23,295859.55,NPR
2026-01-14,ACC0000003860,406856.7,0.0,129876.55,276980.15,NPR
2026-01-14,ACC0000003861,20799.46,0.0,0.0,20799.46,NPR
2026-01-14,ACC0000003862,225080.4,30113.94,10652.44,244541.9,NPR
2026-01-14,ACC0000003863,325555.87,0.0,0.0,325555.87,NPR
2026-01-14,ACC0000003864,108027.14,0.0,178039.33,-70012.19,NPR
2026-01-14,ACC0000003865,426134.68,20869.7,0.0,447004.38,NPR
2026-01-14,ACC0000003866,349771.51,0.0,73146.74,276624.77,NPR
2026-01-14,ACC0000003867,61832.33,23923.97,97642.29,-11885.99,NPR
2026-01-14,ACC0000003868,109767.02,55329.84,4547.07,160549.79,NPR
2026-01-14,ACC0000003869,122443.42,92658.2,13404.69,201696.93,NPR
2026-01-14,ACC0000003870,338839.74,0.0,44442.86,294396.88,NPR
2026-01-14,ACC0000003871,395936.52,3020.47,45395.42,353561.57,NPR
2026-01-14,ACC0000003872,409913.67,0.0,86054.88,323858.79,NPR
2026-01-14,ACC0000003873,458334.19,0.0,114637.82,343696.37,NPR
2026-01-14,ACC0000003874,471402.06,0.0,60575.62,410826.44,NPR
2026-01-14,ACC0000003875,237265.09,40848.72,0.0,278113.81,NPR
2026-01-14,ACC0000003876,440036.62,0.0,66162.32,373874.3,NPR
2026-01-14,ACC0000003877,67573.32,0.0,0.0,67573.32,NPR
2026-01-14,ACC0000003878,238711.04,0.0,9701.75,229009.29,NPR
2026-01-14,ACC0000003879,96781.59,16838.37,10059.19,103560.77,NPR
2026-01-14,ACC0000003880,422202.86,0.0,50728.76,371474.1,NPR
2026-01-14,ACC0000003881,469204.92,0.0,42995.21,426209.71,NPR
2026-01-14,ACC0000003882,497661.95,0.0,0.0,497661.95,NPR
2026-01-14,ACC0000003883,219671.01,10590.56,37020.33,193241.24,NPR
2026-01-14,ACC0000003884,440983.98,39780.48,0.0,480764.46,NPR
2026-01-14,ACC0000003885,145209.66,0.0,0.0,145209.66,NPR
2026-01-14,ACC0000003886,344875.71,0.0,0.0,344875.71,NPR
2026-01-14,ACC0000003887,242036.02,24468.45,20495.17,246009.3,NPR
2026-01-14,ACC0000003888,211588.25,0.0,88049.95,123538.3,NPR
2026-01-14,ACC0000003889,306018.73,0.0,45445.55,260573.18,NPR
2026-01-14,ACC0000003890,174438.52,18092.64,88047.36,104483.8,NPR
2026-01-14,ACC0000003891,184335.26,35381.64,11278.59,208438.31,NPR
2026-01-14,ACC0000003892,164825.56,0.0,21209.57,143615.99,NPR
2026-01-14,ACC0000003893,471118.48,0.0,0.0,471118.48,NPR
2026-01-14,ACC0000003894,320666.49,0.0,41376.08,279290.41,NPR
2026-01-14,ACC0000003895,247695.78,0.0,0.0,247695.78,NPR
2026-01-14,ACC0000003896,347009.06,0.0,48186.89,298822.17,NPR
2026-01-14,ACC0000003897,440769.81,0.0,55586.49,385183.32,NPR
2026-01-14,ACC0000003898,367558.73,0.0,34448.14,333110.59,NPR
2026-01-14,ACC0000003899,168117.5,42731.0,127065.86,83782.64,NPR
2026-01-14,ACC0000003900,25979.55,0.0,26448.08,-468.53,NPR
2026-01-14,ACC0000003901,116610.33,0.0,115565.51,1044.82,NPR
2026-01-14,ACC0000003902,34531.98,0.0,66869.76,-32337.78,NPR
2026-01-14,ACC0000003903,304270.73,0.0,64458.38,239812.35,NPR
2026-01-14,ACC0000003904,211392.13,0.0,84532.63,126859.5,NPR
2026-01-14,ACC0000003905,275903.6,0.0,67192.79,208710.81,NPR
2026-01-14,ACC0000003906,11559.39,47277.12,12163.23,46673.28,NPR
2026-01-14,ACC0000003907,498806.35,30925.46,59929.64,469802.17,NPR
2026-01-14,ACC0000003908,217251.66,0.0,100019.72,117231.94,NPR
2026-01-14,ACC0000003909,159045.84,0.0,86253.64,72792.2,NPR
2026-01-14,ACC0000003910,423887.49,0.0,0.0,423887.49,NPR
2026-01-14,ACC0000003911,205996.47,1006.13,44151.9,162850.7,NPR
2026-01-14,ACC0000003912,31518.81,0.0,0.0,31518.81,NPR
2026-01-14,ACC0000003913,118919.57,0.0,127640.7,-8721.13,NPR
2026-01-14,ACC0000003914,189804.06,17585.04,9082.95,198306.15,NPR
2026-01-14,ACC0000003915,463136.77,0.0,23770.59,439366.18,NPR
2026-01-14,ACC0000003916,482655.88,0.0,14855.63,467800.25,NPR
2026-01-14,ACC0000003917,478893.92,0.0,0.0,478893.92,NPR
2026-01-14,ACC0000003918,348617.46,0.0,42128.96,306488.5,NPR
2026-01-14,ACC0000003919,111263.17,0.0,74007.59,37255.58,NPR
2026-01-14,ACC0000003920,213165.84,25789.3,13464.27,225490.87,NPR
2026-01-14,ACC0000003921,6732.32,0.0,0.0,6732.32,NPR
2026-01-14,ACC0000003922,61574.36,0.0,99463.53,-37889.17,NPR
2026-01-14,ACC0000003923,255918.5,0.0,0.0,255918.5,NPR
2026-01-14,ACC0000003924,15689.21,44852.05,33780.58,26760.68,NPR
2026-01-14,ACC0000003925,372037.92,0.0,0.0,372037.92,NPR
2026-01-14,ACC0000003926,280144.77,0.0,11247.91,268896.86,NPR
2026-01-14,ACC0000003927,311221.24,32523.35,0.0,343744.59,NPR
2026-01-14,ACC0000003928,92281.96,0.0,67303.05,24978.91,NPR
2026-01-14,ACC0000003929,494622.04,0.0,0.0,494622.04,NPR
2026-01-14,ACC0000003930,262363.67,43149.09,57037.83,248474.93,NPR
2026-01-14,ACC0000003931,307154.83,0.0,43326.8,263828.03,NPR
2026-01-14,ACC0000003932,393230.26,0.0,20643.66,372586.6,NPR
2026-01-14,ACC0000003933,271536.87,0.0,19306.5,252230.37,NPR
2026-01-14,ACC0000003934,296109.48,0.0,0.0,296109.48,NPR
2026-01-14,ACC0000003935,79036.08,0.0,51172.24,27863.84,NPR
2026-01-14,ACC0000003936,145726.04,0.0,94958.31,50767.73,NPR
2026-01-14,ACC0000003937,463559.28,19625.88,69562.09,413623.07,NPR
2026-01-14,ACC0000003938,119404.1,27876.26,50404.7,96875.66,NPR
2026-01-14,ACC0000003939,308051.32,0.0,5447.36,302603.96,NPR
2026-01-14,ACC0000003940,22342.91,0.0,121605.66,-99262.75,NPR
2026-01-14,ACC0000003941,375866.04,38207.84,171494.29,242579.59,NPR
2026-01-14,ACC0000003942,118624.64,44119.32,48739.15,114004.81,NPR
2026-01-14,ACC0000003943,313804.94,0.0,0.0,313804.94,NPR
2026-01-14,ACC0000003944,417676.66,0.0,0.0,417676.66,NPR
2026-01-14,ACC0000003945,497373.32,0.0,46673.9,450699.42,NPR
2026-01-14,ACC0000003946,32340.73,25074.4,0.0,57415.13,NPR
2026-01-14,ACC0000003947,187716.57,49967.38,46115.29,191568.66,NPR
2026-01-14,ACC0000003948,38556.1,32721.87,64502.24,6775.73,NPR
2026-01-14,ACC0000003949,170515.24,0.0,94618.9,75896.34,NPR
2026-01-14,ACC0000003950,286738.49,0.0,0.0,286738.49,NPR
2026-01-14,ACC0000003951,265539.91,0.0,105005.62,160534.29,NPR
2026-01-14,ACC0000003952,441487.25,0.0,89050.69,352436.56,NPR
2026-01-14,ACC0000003953,9953.11,16213.56,41082.28,-14915.61,NPR
2026-01-14,ACC0000003954,49552.08,0.0,67942.19,-18390.11,NPR
2026-01-14,ACC0000003955,68685.31,25582.98,0.0,94268.29,NPR
2026-01-14,ACC0000003956,357694.76,0.0,33301.34,324393.42,NPR
2026-01-14,ACC0000003957,410925.61,46166.39,63224.41,393867.59,NPR
2026-01-14,ACC0000003958,363113.57,9839.64,150946.89,222006.32,NPR
2026-01-14,ACC0000003959,67737.73,47768.94,42622.54,72884.13,NPR
2026-01-14,ACC0000003960,389308.04,0.0,107184.81,282123.23,NPR
2026-01-14,ACC0000003961,375236.09,0.0,7442.16,367793.93,NPR
2026-01-14,ACC0000003962,463938.58,0.0,86863.71,377074.87,NPR
2026-01-14,ACC0000003963,271471.36,0.0,28554.09,242917.27,NPR
2026-01-14,ACC0000003964,296361.56,3232.06,59584.24,240009.38,NPR
2026-01-14,ACC0000003965,395144.15,0.0,57910.45,337233.7,NPR
2026-01-14,ACC0000003966,284052.15,7968.53,55926.53,236094.15,NPR
2026-01-14,ACC0000003967,293056.86,0.0,0.0,293056.86,NPR
2026-01-14,ACC0000003968,183535.13,0.0,36249.5,147285.63,NPR
2026-01-14,ACC0000003969,102075.39,0.0,0.0,102075.39,NPR
2026-01-14,ACC0000003970,478539.96,0.0,0.0,478539.96,NPR
2026-01-14,ACC0000003971,492114.13,0.0,108794.29,383319.84,NPR
2026-01-14,ACC0000003972,342874.91,25445.24,65825.06,302495.09,NPR
2026-01-14,ACC0000003973,59972.94,87989.2,186.53,147775.61,NPR
2026-01-14,ACC0000003974,226802.38,21371.32,5744.41,242429.29,NPR
2026-01-14,ACC0000003975,5297.07,0.0,0.0,5297.07,NPR
2026-01-14,ACC0000003976,356177.44,0.0,200628.62,155548.82,NPR
2026-01-14,ACC0000003977,152418.58,32483.03,0.0,184901.61,NPR
2026-01-14,ACC0000003978,283066.21,0.0,46394.62,236671.59,NPR
2026-01-14,ACC0000003979,310380.05,0.0,0.0,310380.05,NPR
2026-01-14,ACC0000003980,163940.79,5796.07,25419.53,144317.33,NPR
2026-01-14,ACC0000003981,216328.64,8833.37,107921.55,117240.46,NPR
2026-01-14,ACC0000003982,35409.63,26335.77,2893.61,58851.79,NPR
2026-01-14,ACC0000003983,145790.31,0.0,127243.61,18546.7,NPR
2026-01-14,ACC0000003984,485373.76,0.0,59193.76,426180.0,NPR
2026-01-14,ACC0000003985,384612.83,0.0,18781.44,365831.39,NPR
2026-01-14,ACC0000003986,169760.74,43450.28,177649.41,35561.61,NPR
2026-01-14,ACC0000003987,415125.44,0.0,92726.43,322399.01,NPR
2026-01-14,ACC0000003988,375888.64,0.0,8564.36,367324.28,NPR
2026-01-14,ACC0000003989,362266.54,43565.73,85866.74,319965.53,NPR
2026-01-14,ACC0000003990,202073.6,0.0,43258.22,158815.38,NPR
2026-01-14,ACC0000003991,290208.6,0.0,94197.68,196010.92,NPR
2026-01-14,ACC0000003992,121535.67,0.0,0.0,121535.67,NPR
2026-01-14,ACC0000003993,366159.98,0.0,81308.29,284851.69,NPR
2026-01-14,ACC0000003994,53070.03,0.0,44648.8,8421.23,NPR
2026-01-14,ACC0000003995,150856.11,2660.55,92290.12,61226.54,NPR
2026-01-14,ACC0000003996,305881.02,14476.29,32934.85,287422.46,NPR
2026-01-14,ACC0000003997,315414.3,0.0,0.0,315414.3,NPR
2026-01-14,ACC0000003998,247200.05,5858.78,14738.86,238319.97,NPR
2026-01-14,ACC0000003999,218354.23,0.0,91203.1,127151.13,NPR
2026-01-14,ACC0000004000,319838.21,36845.25,110022.02,246661.44,NPR
2026-01-14,ACC0000004001,324569.54,0.0,34405.79,290163.75,NPR
2026-01-14,ACC0000004002,313255.59,0.0,26475.65,286779.94,NPR
2026-01-14,ACC0000004003,161282.72,0.0,69711.49,91571.23,NPR
2026-01-14,ACC0000004004,174919.52,13564.16,0.0,188483.68,NPR
2026-01-14,ACC0000004005,338992.95,0.0,53668.99,285323.96,NPR
2026-01-14,ACC0000004006,153280.39,0.0,0.0,153280.39,NPR
2026-01-14,ACC0000004007,179816.0,20057.79,67956.35,131917.44,NPR
2026-01-14,ACC0000004008,127545.46,0.0,35509.16,92036.3,NPR
2026-01-14,ACC0000004009,140218.77,0.0,0.0,140218.77,NPR
2026-01-14,ACC0000004010,122732.33,0.0,0.0,122732.33,NPR
2026-01-14,ACC0000004011,208943.74,0.0,35404.9,173538.84,NPR
2026-01-14,ACC0000004012,375037.56,0.0,72412.54,302625.02,NPR
2026-01-14,ACC0000004013,372166.35,0.0,0.0,372166.35,NPR
2026-01-14,ACC0000004014,362298.74,0.0,36957.95,325340.79,NPR
2026-01-14,ACC0000004015,103811.43,0.0,0.0,103811.43,NPR
2026-01-14,ACC0000004016,104763.91,55885.32,81609.66,79039.57,NPR
2026-01-14,ACC0000004017,322815.49,41611.63,2592.4,361834.72,NPR
2026-01-14,ACC0000004018,345764.8,0.0,38140.3,307624.5,NPR
2026-01-14,ACC0000004019,31270.72,0.0,0.0,31270.72,NPR
2026-01-14,ACC0000004020,190157.12,31092.81,109767.5,111482.43,NPR
2026-01-14,ACC0000004021,113701.86,0.0,0.0,113701.86,NPR
2026-01-14,ACC0000004022,80203.03,0.0,0.0,80203.03,NPR
2026-01-14,ACC0000004023,64318.58,0.0,93048.48,-28729.9,NPR
2026-01-14,ACC0000004024,186760.47,0.0,0.0,186760.47,NPR
2026-01-14,ACC0000004025,395535.49,0.0,0.0,395535.49,NPR
2026-01-14,ACC0000004026,324062.54,0.0,41343.93,282718.61,NPR
2026-01-14,ACC0000004027,353049.53,0.0,35419.57,317629.96,NPR
2026-01-14,ACC0000004028,347280.48,2505.76,1460.95,348325.29,NPR
2026-01-14,ACC0000004029,309334.59,16224.69,49118.11,276441.17,NPR
2026-01-14,ACC0000004030,133773.98,0.0,54764.95,79009.03,NPR
2026-01-14,ACC0000004031,338610.1,0.0,43395.02,295215.08,NPR
2026-01-14,ACC0000004032,102340.41,0.0,124972.38,-22631.97,NPR
2026-01-14,ACC0000004033,111654.3,0.0,68454.75,43199.55,NPR
2026-01-14,ACC0000004034,166672.55,0.0,99701.0,66971.55,NPR
2026-01-14,ACC0000004035,178519.8,0.0,21402.59,157117.21,NPR
2026-01-14,ACC0000004036,158637.51,0.0,72942.73,85694.78,NPR
2026-01-14,ACC0000004037,450592.67,40815.69,97667.31,393741.05,NPR
2026-01-14,ACC0000004038,50042.18,0.0,166073.77,-116031.59,NPR
2026-01-14,ACC0000004039,381629.1,0.0,103735.8,277893.3,NPR
2026-01-14,ACC0000004040,242217.61,76697.71,0.0,318915.32,NPR
2026-01-14,ACC0000004041,476209.91,0.0,90608.89,385601.02,NPR
2026-01-14,ACC0000004042,6140.29,0.0,0.0,6140.29,NPR
2026-01-14,ACC0000004043,245442.79,0.0,123120.3,122322.49,NPR
2026-01-14,ACC0000004044,214471.84,0.0,10274.92,204196.92,NPR
2026-01-14,ACC0000004045,330769.23,0.0,30378.71,300390.52,NPR
2026-01-14,ACC0000004046,335476.42,46117.66,48905.21,332688.87,NPR
2026-01-14,ACC0000004047,467131.85,0.0,86532.94,380598.91,NPR
2026-01-14,ACC0000004048,1766.75,4202.09,80436.43,-74467.59,NPR
2026-01-14,ACC0000004049,134534.63,0.0,81996.13,52538.5,NPR
2026-01-14,ACC0000004050,178690.02,0.0,0.0,178690.02,NPR
2026-01-14,ACC0000004051,169927.68,0.0,22374.24,147553.44,NPR
2026-01-14,ACC0000004052,305001.05,0.0,42823.26,262177.79,NPR
2026-01-14,ACC0000004053,148302.28,55420.15,63998.85,139723.58,NPR
2026-01-14,ACC0000004054,35719.83,0.0,125821.01,-90101.18,NPR
2026-01-14,ACC0000004055,485106.02,55647.65,40671.79,500081.88,NPR
2026-01-14,ACC0000004056,300455.55,0.0,77139.56,223315.99,NPR
2026-01-14,ACC0000004057,216074.7,0.0,0.0,216074.7,NPR
2026-01-14,ACC0000004058,61082.84,26629.69,57255.5,30457.03,NPR
2026-01-14,ACC0000004059,147951.24,23715.99,42544.36,129122.87,NPR
2026-01-14,ACC0000004060,323948.86,78332.78,98010.02,304271.62,NPR
2026-01-14,ACC0000004061,472739.43,47725.36,31561.91,488902.88,NPR
2026-01-14,ACC0000004062,354463.24,19700.34,102618.88,271544.7,NPR
2026-01-14,ACC0000004063,412427.47,11366.23,81385.91,342407.79,NPR
2026-01-14,ACC0000004064,281427.83,0.0,42465.84,238961.99,NPR
2026-01-14,ACC0000004065,32084.11,14146.99,96233.61,-50002.51,NPR
2026-01-14,ACC0000004066,338147.82,0.0,0.0,338147.82,NPR
2026-01-14,ACC0000004067,54966.0,0.0,18310.05,36655.95,NPR
2026-01-14,ACC0000004068,386125.14,20654.55,55893.47,350886.22,NPR
2026-01-14,ACC0000004069,337615.3,0.0,0.0,337615.3,NPR
2026-01-14,ACC0000004070,497877.83,0.0,51268.8,446609.03,NPR
2026-01-14,ACC0000004071,188474.84,31500.79,52328.3,167647.33,NPR
2026-01-14,ACC0000004072,472196.91,0.0,3699.49,468497.42,NPR
2026-01-14,ACC0000004073,111422.52,0.0,6446.56,104975.96,NPR
2026-01-14,ACC0000004074,384360.9,37585.26,53935.11,368011.05,NPR
2026-01-14,ACC0000004075,458633.2,48348.92,49758.57,457223.55,NPR
2026-01-14,ACC0000004076,283296.5,0.0,26320.68,256975.82,NPR
2026-01-14,ACC0000004077,265347.33,0.0,107193.27,158154.06,NPR
2026-01-14,ACC0000004078,35545.04,0.0,0.0,35545.04,NPR
2026-01-14,ACC0000004079,42377.81,0.0,45305.15,-2927.34,NPR
2026-01-14,ACC0000004080,446005.95,0.0,0.0,446005.95,NPR
2026-01-14,ACC0000004081,136220.65,0.0,0.0,136220.65,NPR
2026-01-14,ACC0000004082,305565.33,0.0,0.0,305565.33,NPR
2026-01-14,ACC0000004083,54380.2,0.0,59341.09,-4960.89,NPR
2026-01-14,ACC0000004084,354346.69,31454.48,45711.41,340089.76,NPR
2026-01-14,ACC0000004085,87162.96,0.0,0.0,87162.96,NPR
2026-01-14,ACC0000004086,109306.36,0.0,32053.97,77252.39,NPR
2026-01-14,ACC0000004087,468716.71,0.0,0.0,468716.71,NPR
2026-01-14,ACC0000004088,217988.95,0.0,0.0,217988.95,NPR
2026-01-14,ACC0000004089,88522.82,33367.51,81498.64,40391.69,NPR
2026-01-14,ACC0000004090,470976.39,0.0,0.0,470976.39,NPR
2026-01-14,ACC0000004091,431151.13,0.0,95825.7,335325.43,NPR
2026-01-14,ACC0000004092,312551.85,0.0,38453.85,274098.0,NPR
2026-01-14,ACC0000004093,364334.18,0.0,0.0,364334.18,NPR
2026-01-14,ACC0000004094,361288.15,0.0,7618.77,353669.38,NPR
2026-01-14,ACC0000004095,10568.36,0.0,87669.71,-77101.35,NPR
2026-01-14,ACC0000004096,356035.16,15217.55,0.0,371252.71,NPR
2026-01-14,ACC0000004097,258493.44,0.0,42171.28,216322.16,NPR
2026-01-14,ACC0000004098,87396.84,0.0,68252.44,19144.4,NPR
2026-01-14,ACC0000004099,362397.4,44184.61,92443.64,314138.37,NPR
2026-01-14,ACC0000004100,284013.55,0.0,46115.73,237897.82,NPR
2026-01-14,ACC0000004101,149389.76,0.0,0.0,149389.76,NPR
2026-01-14,ACC0000004102,493597.13,26746.16,38760.77,481582.52,NPR
2026-01-14,ACC0000004103,177640.06,0.0,146784.51,30855.55,NPR
2026-01-14,ACC0000004104,70423.66,0.0,65982.61,4441.05,NPR
2026-01-14,ACC0000004105,219649.23,36208.1,0.0,255857.33,NPR
2026-01-14,ACC0000004106,285201.88,49772.48,70179.7,264794.66,NPR
2026-01-14,ACC0000004107,69278.98,0.0,25706.38,43572.6,NPR
2026-01-14,ACC0000004108,89958.32,0.0,0.0,89958.32,NPR
2026-01-14,ACC0000004109,54486.56,0.0,0.0,54486.56,NPR
2026-01-14,ACC0000004110,451160.88,0.0,36721.34,414439.54,NPR
2026-01-14,ACC0000004111,82722.24,0.0,0.0,82722.24,NPR
2026-01-14,ACC0000004112,40032.6,0.0,9962.07,30070.53,NPR
2026-01-14,ACC0000004113,407872.82,0.0,0.0,407872.82,NPR
2026-01-14,ACC0000004114,68996.92,0.0,15756.0,53240.92,NPR
2026-01-14,ACC0000004115,21852.02,0.0,46274.54,-24422.52,NPR
2026-01-14,ACC0000004116,304231.18,0.0,65844.31,238386.87,NPR
2026-01-14,ACC0000004117,187527.89,38135.39,15312.45,210350.83,NPR
2026-01-14,ACC0000004118,423877.56,0.0,2706.18,421171.38,NPR
2026-01-14,ACC0000004119,462596.65,0.0,65494.9,397101.75,NPR
2026-01-14,ACC0000004120,22609.76,39196.27,89382.14,-27576.11,NPR
2026-01-14,ACC0000004121,267758.96,0.0,0.0,267758.96,NPR
2026-01-14,ACC0000004122,260047.89,0.0,42886.95,217160.94,NPR
2026-01-14,ACC0000004123,18544.0,0.0,0.0,18544.0,NPR
2026-01-14,ACC0000004124,202140.47,0.0,0.0,202140.47,NPR
2026-01-14,ACC0000004125,95854.35,0.0,0.0,95854.35,NPR
2026-01-14,ACC0000004126,393054.48,0.0,39913.81,353140.67,NPR
2026-01-14,ACC0000004127,183119.51,0.0,0.0,183119.51,NPR
2026-01-14,ACC0000004128,241417.63,0.0,19657.44,221760.19,NPR
2026-01-14,ACC0000004129,201690.63,0.0,81407.38,120283.25,NPR
2026-01-14,ACC0000004130,390952.52,29662.69,151627.93,268987.28,NPR
2026-01-14,ACC0000004131,372407.81,0.0,50659.97,321747.84,NPR
2026-01-14,ACC0000004132,252545.04,32877.8,12844.15,272578.69,NPR
2026-01-14,ACC0000004133,169478.36,0.0,71559.66,97918.7,NPR
2026-01-14,ACC0000004134,361505.71,0.0,0.0,361505.71,NPR
2026-01-14,ACC0000004135,280073.07,0.0,83257.96,196815.11,NPR
2026-01-14,ACC0000004136,387780.91,71958.56,52374.85,407364.62,NPR
2026-01-14,ACC0000004137,115954.88,0.0,0.0,115954.88,NPR
2026-01-14,ACC0000004138,190857.76,0.0,0.0,190857.76,NPR
2026-01-14,ACC0000004139,269039.4,39349.26,44195.62,264193.04,NPR
2026-01-14,ACC0000004140,340564.45,83675.5,30720.06,393519.89,NPR
2026-01-14,ACC0000004141,255566.0,0.0,0.0,255566.0,NPR
2026-01-14,ACC0000004142,451081.57,47255.3,65357.85,432979.02,NPR
2026-01-14,ACC0000004143,130409.63,0.0,43754.5,86655.13,NPR
2026-01-14,ACC0000004144,153405.45,3919.94,0.0,157325.39,NPR
2026-01-14,ACC0000004145,199550.59,0.0,0.0,199550.59,NPR
2026-01-14,ACC0000004146,29155.21,0.0,99022.5,-69867.29,NPR
2026-01-14,ACC0000004147,243983.85,6774.52,59555.95,191202.42,NPR
2026-01-14,ACC0000004148,401287.43,0.0,46111.46,355175.97,NPR
2026-01-14,ACC0000004149,315333.04,0.0,45025.27,270307.77,NPR
2026-01-14,ACC0000004150,216606.6,0.0,0.0,216606.6,NPR
2026-01-14,ACC0000004151,381029.51,51204.9,77119.42,355114.99,NPR
2026-01-14,ACC0000004152,392616.48,0.0,0.0,392616.48,NPR
2026-01-14,ACC0000004153,148254.69,0.0,90295.95,57958.74,NPR
2026-01-14,ACC0000004154,340940.2,77538.66,104071.95,314406.91,NPR
2026-01-14,ACC0000004155,301757.84,0.0,40997.62,260760.22,NPR
2026-01-14,ACC0000004156,42240.33,0.0,114674.58,-72434.25,NPR
2026-01-14,ACC0000004157,50585.67,19600.21,36757.73,33428.15,NPR
2026-01-14,ACC0000004158,181480.81,0.0,0.0,181480.81,NPR
2026-01-14,ACC0000004159,480189.95,96617.3,56752.48,520054.77,NPR
2026-01-14,ACC0000004160,347859.35,14227.91,0.0,362087.26,NPR
2026-01-14,ACC0000004161,128028.37,31334.21,0.0,159362.58,NPR
2026-01-14,ACC0000004162,246813.43,27369.72,47495.06,226688.09,NPR
2026-01-14,ACC0000004163,480044.29,0.0,62004.49,418039.8,NPR
2026-01-14,ACC0000004164,100123.7,0.0,0.0,100123.7,NPR
2026-01-14,ACC0000004165,420167.72,0.0,36767.44,383400.28,NPR
2026-01-14,ACC0000004166,46218.61,21200.17,69380.89,-1962.11,NPR
2026-01-14,ACC0000004167,341445.73,49708.98,48125.56,343029.15,NPR
2026-01-14,ACC0000004168,378060.19,0.0,65588.92,312471.27,NPR
2026-01-14,ACC0000004169,240129.39,820.84,49535.39,191414.84,NPR
2026-01-14,ACC0000004170,469866.63,7156.63,103841.59,373181.67,NPR
2026-01-14,ACC0000004171,255432.36,6570.11,47520.63,214481.84,NPR
2026-01-14,ACC0000004172,178750.98,6436.39,171336.26,13851.11,NPR
2026-01-14,ACC0000004173,72624.48,0.0,31293.68,41330.8,NPR
2026-01-14,ACC0000004174,65451.17,0.0,23049.54,42401.63,NPR
2026-01-14,ACC0000004175,303417.75,24574.38,30692.21,297299.92,NPR
2026-01-14,ACC0000004176,62624.36,0.0,91633.95,-29009.59,NPR
2026-01-14,ACC0000004177,129560.89,42552.51,52751.95,119361.45,NPR
2026-01-14,ACC0000004178,128066.4,16705.19,118676.03,26095.56,NPR
2026-01-14,ACC0000004179,474523.36,0.0,43421.27,431102.09,NPR
2026-01-14,ACC0000004180,146350.71,0.0,56986.76,89363.95,NPR
2026-01-14,ACC0000004181,95808.46,0.0,0.0,95808.46,NPR
2026-01-14,ACC0000004182,454176.9,0.0,32071.38,422105.52,NPR
2026-01-14,ACC0000004183,483151.19,8146.77,53154.23,438143.73,NPR
2026-01-14,ACC0000004184,486901.66,0.0,67963.88,418937.78,NPR
2026-01-14,ACC0000004185,492517.51,20512.11,87461.45,425568.17,NPR
2026-01-14,ACC0000004186,493365.66,0.0,87667.88,405697.78,NPR
2026-01-14,ACC0000004187,53454.8,0.0,0.0,53454.8,NPR
2026-01-14,ACC0000004188,441955.49,0.0,22329.65,419625.84,NPR
2026-01-14,ACC0000004189,349198.34,1660.77,41911.8,308947.31,NPR
2026-01-14,ACC0000004190,214106.95,43593.03,0.0,257699.98,NPR
2026-01-14,ACC0000004191,444605.2,0.0,51518.3,393086.9,NPR
2026-01-14,ACC0000004192,27615.39,32598.43,25053.85,35159.97,NPR
2026-01-14,ACC0000004193,78176.56,37929.66,0.0,116106.22,NPR
2026-01-14,ACC0000004194,494616.31,0.0,121089.81,373526.5,NPR
2026-01-14,ACC0000004195,323939.03,29447.68,45366.62,308020.09,NPR
2026-01-14,ACC0000004196,451314.45,3100.33,32747.52,421667.26,NPR
2026-01-14,ACC0000004197,155501.53,35497.27,137085.6,53913.2,NPR
2026-01-14,ACC0000004198,408536.61,48418.4,39151.6,417803.41,NPR
2026-01-14,ACC0000004199,311921.41,0.0,7496.19,304425.22,NPR
2026-01-14,ACC0000004200,144442.52,0.0,48926.9,95515.62,NPR
2026-01-14,ACC0000004201,79435.34,0.0,0.0,79435.34,NPR
2026-01-14,ACC0000004202,366110.08,10822.53,114553.7,262378.91,NPR
2026-01-14,ACC0000004203,399145.68,0.0,0.0,399145.68,NPR
2026-01-14,ACC0000004204,311345.63,24725.78,75628.85,260442.56,NPR
2026-01-14,ACC0000004205,94942.3,0.0,53228.17,41714.13,NPR
2026-01-14,ACC0000004206,399783.96,0.0,11501.29,388282.67,NPR
2026-01-14,ACC0000004207,166185.01,0.0,0.0,166185.01,NPR
2026-01-14,ACC0000004208,432075.91,0.0,9140.84,422935.07,NPR
2026-01-14,ACC0000004209,417600.73,45000.95,96507.36,366094.32,NPR
2026-01-14,ACC0000004210,207597.49,0.0,22155.05,185442.44,NPR
2026-01-14,ACC0000004211,82137.9,0.0,39827.95,42309.95,NPR
2026-01-14,ACC0000004212,162067.93,38411.34,115026.11,85453.16,NPR
2026-01-14,ACC0000004213,165507.73,41992.56,41485.64,166014.65,NPR
2026-01-14,ACC0000004214,37262.61,0.0,0.0,37262.61,NPR
2026-01-14,ACC0000004215,36776.51,0.0,45632.35,-8855.84,NPR
2026-01-14,ACC0000004216,468091.7,0.0,100917.02,367174.68,NPR
2026-01-14,ACC0000004217,109517.22,39661.2,96526.76,52651.66,NPR
2026-01-14,ACC0000004218,302911.43,0.0,0.0,302911.43,NPR
2026-01-14,ACC0000004219,331026.61,0.0,0.0,331026.61,NPR
2026-01-14,ACC0000004220,476631.92,0.0,0.0,476631.92,NPR
2026-01-14,ACC0000004221,229511.72,0.0,72005.98,157505.74,NPR
2026-01-14,ACC0000004222,155243.97,27525.98,101455.41,81314.54,NPR
2026-01-14,ACC0000004223,128356.68,0.0,35226.09,93130.59,NPR
2026-01-14,ACC0000004224,87795.3,2178.54,37981.34,51992.5,NPR
2026-01-14,ACC0000004225,128008.91,4537.62,0.0,132546.53,NPR
2026-01-14,ACC0000004226,159629.08,29228.7,63583.76,125274.02,NPR
2026-01-14,ACC0000004227,495202.09,43302.93,100144.56,438360.46,NPR
2026-01-14,ACC0000004228,72189.55,0.0,89352.87,-17163.32,NPR
2026-01-14,ACC0000004229,247766.49,0.0,0.0,247766.49,NPR
2026-01-14,ACC0000004230,302869.19,58090.9,0.0,360960.09,NPR
2026-01-14,ACC0000004231,349016.76,0.0,54438.21,294578.55,NPR
2026-01-14,ACC0000004232,130802.44,1765.57,47582.62,84985.39,NPR
2026-01-14,ACC0000004233,491875.72,0.0,0.0,491875.72,NPR
2026-01-14,ACC0000004234,157248.11,0.0,34650.33,122597.78,NPR
2026-01-14,ACC0000004235,477792.99,0.0,44805.42,432987.57,NPR
2026-01-14,ACC0000004236,200193.15,0.0,130641.03,69552.12,NPR
2026-01-14,ACC0000004237,446236.94,0.0,5527.19,440709.75,NPR
2026-01-14,ACC0000004238,187631.34,0.0,104656.8,82974.54,NPR
2026-01-14,ACC0000004239,114785.76,0.0,55221.82,59563.94,NPR
2026-01-14,ACC0000004240,156029.9,12687.62,0.0,168717.52,NPR
2026-01-14,ACC0000004241,234233.26,41760.04,16793.76,259199.54,NPR
2026-01-14,ACC0000004242,52652.57,5925.92,65884.1,-7305.61,NPR
2026-01-14,ACC0000004243,328161.7,3977.45,46691.61,285447.54,NPR
2026-01-14,ACC0000004244,43611.39,0.0,28998.42,14612.97,NPR
2026-01-14,ACC0000004245,312745.66,0.0,84195.57,228550.09,NPR
2026-01-14,ACC0000004246,29173.26,81090.24,34678.86,75584.64,NPR
2026-01-14,ACC0000004247,284201.34,0.0,107227.42,176973.92,NPR
2026-01-14,ACC0000004248,132773.61,44759.59,0.0,177533.2,NPR
2026-01-14,ACC0000004249,335253.83,0.0,0.0,335253.83,NPR
2026-01-14,ACC0000004250,488851.56,0.0,0.0,488851.56,NPR
2026-01-14,ACC0000004251,277037.38,34849.35,109381.02,202505.71,NPR
2026-01-14,ACC0000004252,18169.58,0.0,0.0,18169.58,NPR
2026-01-14,ACC0000004253,25313.63,11384.48,0.0,36698.11,NPR
2026-01-14,ACC0000004254,100403.56,0.0,0.0,100403.56,NPR
2026-01-14,ACC0000004255,42406.92,0.0,107530.49,-65123.57,NPR
2026-01-14,ACC0000004256,293010.02,35098.57,81347.6,246760.99,NPR
2026-01-14,ACC0000004257,478801.88,0.0,11976.66,466825.22,NPR
2026-01-14,ACC0000004258,492180.76,0.0,84848.71,407332.05,NPR
2026-01-14,ACC0000004259,399880.53,0.0,35507.68,364372.85,NPR
2026-01-14,ACC0000004260,437097.22,15412.55,0.0,452509.77,NPR
2026-01-14,ACC0000004261,437668.9,0.0,0.0,437668.9,NPR
2026-01-14,ACC0000004262,98116.92,5058.31,197951.94,-94776.71,NPR
2026-01-14,ACC0000004263,105200.97,0.0,122801.54,-17600.57,NPR
2026-01-14,ACC0000004264,264211.17,0.0,84621.6,179589.57,NPR
2026-01-14,ACC0000004265,353620.59,0.0,0.0,353620.59,NPR
2026-01-14,ACC0000004266,395007.92,0.0,12405.53,382602.39,NPR
2026-01-14,ACC0000004267,316749.46,0.0,132724.75,184024.71,NPR
2026-01-14,ACC0000004268,417252.18,2625.49,27508.68,392368.99,NPR
2026-01-14,ACC0000004269,499403.67,0.0,47968.36,451435.31,NPR
2026-01-14,ACC0000004270,41971.1,0.0,26815.79,15155.31,NPR
2026-01-14,ACC0000004271,476721.7,0.0,0.0,476721.7,NPR
2026-01-14,ACC0000004272,233098.55,0.0,56423.52,176675.03,NPR
2026-01-14,ACC0000004273,264412.09,0.0,15692.63,248719.46,NPR
2026-01-14,ACC0000004274,151643.23,0.0,30749.27,120893.96,NPR
2026-01-14,ACC0000004275,116415.26,38568.53,43023.12,111960.67,NPR
2026-01-14,ACC0000004276,17384.69,1920.17,52930.33,-33625.47,NPR
2026-01-14,ACC0000004277,375298.18,13108.41,97718.59,290688.0,NPR
2026-01-14,ACC0000004278,257503.42,6276.09,37127.47,226652.04,NPR
2026-01-14,ACC0000004279,49515.56,40790.6,42843.28,47462.88,NPR
2026-01-14,ACC0000004280,131445.32,47785.92,63598.05,115633.19,NPR
2026-01-14,ACC0000004281,109267.16,0.0,0.0,109267.16,NPR
2026-01-14,ACC0000004282,382930.28,40946.14,81728.96,342147.46,NPR
2026-01-14,ACC0000004283,188438.17,33096.22,39187.51,182346.88,NPR
2026-01-14,ACC0000004284,235300.18,0.0,39387.63,195912.55,NPR
2026-01-14,ACC0000004285,6232.69,10812.05,0.0,17044.74,NPR
2026-01-14,ACC0000004286,332711.44,0.0,119801.65,212909.79,NPR
2026-01-14,ACC0000004287,318120.19,0.0,5738.08,312382.11,NPR
2026-01-14,ACC0000004288,258412.09,0.0,33268.56,225143.53,NPR
2026-01-14,ACC0000004289,187777.38,1653.55,64324.8,125106.13,NPR
2026-01-14,ACC0000004290,379158.01,5583.62,48609.19,336132.44,NPR
2026-01-14,ACC0000004291,4178.13,0.0,0.0,4178.13,NPR
2026-01-14,ACC0000004292,494981.86,0.0,124151.39,370830.47,NPR
2026-01-14,ACC0000004293,181877.62,83397.05,85128.73,180145.94,NPR
2026-01-14,ACC0000004294,191440.89,71582.73,96864.23,166159.39,NPR
2026-01-14,ACC0000004295,31089.54,17209.41,31089.57,17209.38,NPR
2026-01-14,ACC0000004296,405387.54,0.0,24136.26,381251.28,NPR
2026-01-14,ACC0000004297,343913.19,0.0,17550.08,326363.11,NPR
2026-01-14,ACC0000004298,420068.52,0.0,25974.98,394093.54,NPR
2026-01-14,ACC0000004299,211992.12,13487.15,60006.93,165472.34,NPR
2026-01-14,ACC0000004300,342334.29,0.0,128931.97,213402.32,NPR
2026-01-14,ACC0000004301,192025.99,0.0,43256.54,148769.45,NPR
2026-01-14,ACC0000004302,246304.43,0.0,27547.34,218757.09,NPR
2026-01-14,ACC0000004303,350980.06,0.0,49141.99,301838.07,NPR
2026-01-14,ACC0000004304,329878.59,0.0,50996.12,278882.47,NPR
2026-01-14,ACC0000004305,470885.43,0.0,67648.65,403236.78,NPR
2026-01-14,ACC0000004306,214854.12,8257.94,39112.42,183999.64,NPR
2026-01-14,ACC0000004307,372504.83,0.0,12448.04,360056.79,NPR
2026-01-14,ACC0000004308,111458.95,0.0,0.0,111458.95,NPR
2026-01-14,ACC0000004309,48325.39,0.0,114029.01,-65703.62,NPR
2026-01-14,ACC0000004310,76096.5,0.0,17206.49,58890.01,NPR
2026-01-14,ACC0000004311,102222.23,42656.19,13029.66,131848.76,NPR
2026-01-14,ACC0000004312,480254.51,5123.25,0.0,485377.76,NPR
2026-01-14,ACC0000004313,199167.11,0.0,0.0,199167.11,NPR
2026-01-14,ACC0000004314,93405.25,15492.29,68359.24,40538.3,NPR
2026-01-14,ACC0000004315,261385.14,0.0,0.0,261385.14,NPR
2026-01-14,ACC0000004316,303169.11,0.0,0.0,303169.11,NPR
2026-01-14,ACC0000004317,351852.81,0.0,141826.55,210026.26,NPR
2026-01-14,ACC0000004318,237232.3,0.0,194569.06,42663.24,NPR
2026-01-14,ACC0000004319,384223.08,42625.98,176338.82,250510.24,NPR
2026-01-14,ACC0000004320,14888.14,0.0,0.0,14888.14,NPR
2026-01-14,ACC0000004321,146398.59,32901.97,54653.76,124646.8,NPR
2026-01-14,ACC0000004322,484233.46,0.0,33006.36,451227.1,NPR
2026-01-14,ACC0000004323,169419.79,26190.19,12261.91,183348.07,NPR
2026-01-14,ACC0000004324,400623.29,0.0,22692.25,377931.04,NPR
2026-01-14,ACC0000004325,270192.39,0.0,4824.37,265368.02,NPR
2026-01-14,ACC0000004326,117550.83,0.0,31001.78,86549.05,NPR
2026-01-14,ACC0000004327,167145.08,20743.57,73868.62,114020.03,NPR
2026-01-14,ACC0000004328,242338.81,0.0,0.0,242338.81,NPR
2026-01-14,ACC0000004329,82016.47,88445.22,34075.67,136386.02,NPR
2026-01-14,ACC0000004330,90587.75,19532.64,78734.57,31385.82,NPR
2026-01-14,ACC0000004331,245995.56,0.0,40841.0,205154.56,NPR
2026-01-14,ACC0000004332,283899.48,0.0,32381.94,251517.54,NPR
2026-01-14,ACC0000004333,447845.16,14674.0,23592.27,438926.89,NPR
2026-01-14,ACC0000004334,236337.54,3622.22,61264.28,178695.48,NPR
2026-01-14,ACC0000004335,273883.98,0.0,75861.68,198022.3,NPR
2026-01-14,ACC0000004336,138169.85,57569.45,1704.05,194035.25,NPR
2026-01-14,ACC0000004337,27639.8,0.0,44303.09,-16663.29,NPR
2026-01-14,ACC0000004338,441121.22,0.0,73645.43,367475.79,NPR
2026-01-14,ACC0000004339,85818.35,0.0,71819.77,13998.58,NPR
2026-01-14,ACC0000004340,383779.33,15820.16,65922.39,333677.1,NPR
2026-01-14,ACC0000004341,363175.73,5015.74,38319.1,329872.37,NPR
2026-01-14,ACC0000004342,204722.16,0.0,0.0,204722.16,NPR
2026-01-14,ACC0000004343,170861.7,20091.02,0.0,190952.72,NPR
2026-01-14,ACC0000004344,99906.42,0.0,141760.09,-41853.67,NPR
2026-01-14,ACC0000004345,111205.92,5267.06,50099.3,66373.68,NPR
2026-01-14,ACC0000004346,66508.6,31296.22,78478.48,19326.34,NPR
2026-01-14,ACC0000004347,447773.6,0.0,48294.34,399479.26,NPR
2026-01-14,ACC0000004348,331469.82,0.0,27327.02,304142.8,NPR
2026-01-14,ACC0000004349,206341.84,0.0,19285.96,187055.88,NPR
2026-01-14,ACC0000004350,110384.71,0.0,0.0,110384.71,NPR
2026-01-14,ACC0000004351,352509.56,30551.88,7949.39,375112.05,NPR
2026-01-14,ACC0000004352,382523.06,0.0,30975.53,351547.53,NPR
2026-01-14,ACC0000004353,400545.58,783.06,24519.94,376808.7,NPR
2026-01-14,ACC0000004354,342468.29,0.0,65390.79,277077.5,NPR
2026-01-14,ACC0000004355,107955.99,0.0,59151.83,48804.16,NPR
2026-01-14,ACC0000004356,429673.72,0.0,66258.93,363414.79,NPR
2026-01-14,ACC0000004357,268873.85,22342.29,4129.16,287086.98,NPR
2026-01-14,ACC0000004358,367754.07,0.0,0.0,367754.07,NPR
2026-01-14,ACC0000004359,365942.61,0.0,85394.94,280547.67,NPR
2026-01-14,ACC0000004360,302391.1,41376.1,31697.84,312069.36,NPR
2026-01-14,ACC0000004361,90529.73,0.0,0.0,90529.73,NPR
2026-01-14,ACC0000004362,184887.6,0.0,16975.3,167912.3,NPR
2026-01-14,ACC0000004363,122700.9,0.0,60188.53,62512.37,NPR
2026-01-14,ACC0000004364,324078.71,0.0,0.0,324078.71,NPR
2026-01-14,ACC0000004365,75082.87,0.0,0.0,75082.87,NPR
2026-01-14,ACC0000004366,177445.06,49220.42,0.0,226665.48,NPR
2026-01-14,ACC0000004367,224992.18,0.0,12324.51,212667.67,NPR
2026-01-14,ACC0000004368,24362.62,47678.85,40336.69,31704.78,NPR
2026-01-14,ACC0000004369,216247.22,0.0,11493.09,204754.13,NPR
2026-01-14,ACC0000004370,313653.75,0.0,27952.72,285701.03,NPR
2026-01-14,ACC0000004371,44493.77,0.0,58656.85,-14163.08,NPR
2026-01-14,ACC0000004372,161021.31,14923.9,902.13,175043.08,NPR
2026-01-14,ACC0000004373,57888.73,0.0,40451.09,17437.64,NPR
2026-01-14,ACC0000004374,32838.02,2019.82,30899.04,3958.8,NPR
2026-01-14,ACC0000004375,282813.36,0.0,0.0,282813.36,NPR
2026-01-14,ACC0000004376,235913.74,0.0,18641.16,217272.58,NPR
2026-01-14,ACC0000004377,390642.59,28680.01,25030.96,394291.64,NPR
2026-01-14,ACC0000004378,78360.36,33620.9,0.0,111981.26,NPR
2026-01-14,ACC0000004379,51113.44,0.0,48299.56,2813.88,NPR
2026-01-14,ACC0000004380,111817.25,0.0,118832.41,-7015.16,NPR
2026-01-14,ACC0000004381,54880.83,36431.72,31630.51,59682.04,NPR
2026-01-14,ACC0000004382,309990.07,33027.45,32444.92,310572.6,NPR
2026-01-14,ACC0000004383,194353.35,0.0,144215.48,50137.87,NPR
2026-01-14,ACC0000004384,390962.53,56525.52,102988.06,344499.99,NPR
2026-01-14,ACC0000004385,35605.48,0.0,54584.04,-18978.56,NPR
2026-01-14,ACC0000004386,96176.1,0.0,25842.67,70333.43,NPR
2026-01-14,ACC0000004387,45419.95,0.0,78332.74,-32912.79,NPR
2026-01-14,ACC0000004388,340061.6,0.0,0.0,340061.6,NPR
2026-01-14,ACC0000004389,390059.82,0.0,65050.5,325009.32,NPR
2026-01-14,ACC0000004390,391744.23,39958.29,29318.7,402383.82,NPR
2026-01-14,ACC0000004391,361694.53,0.0,63427.32,298267.21,NPR
2026-01-14,ACC0000004392,371560.51,0.0,95531.77,276028.74,NPR
2026-01-14,ACC0000004393,228566.67,0.0,102100.9,126465.77,NPR
2026-01-14,ACC0000004394,339202.18,0.0,126867.76,212334.42,NPR
2026-01-14,ACC0000004395,211774.12,20661.11,72004.33,160430.9,NPR
2026-01-14,ACC0000004396,400210.75,10932.5,58403.95,352739.3,NPR
2026-01-14,ACC0000004397,352698.02,0.0,98772.71,253925.31,NPR
2026-01-14,ACC0000004398,83382.9,0.0,44031.29,39351.61,NPR
2026-01-14,ACC0000004399,235251.71,0.0,44899.32,190352.39,NPR
2026-01-14,ACC0000004400,202566.46,0.0,0.0,202566.46,NPR
2026-01-14,ACC0000004401,469043.15,0.0,0.0,469043.15,NPR
2026-01-14,ACC0000004402,445661.59,27098.0,2339.58,470420.01,NPR
2026-01-14,ACC0000004403,253560.41,47563.53,18855.78,282268.16,NPR
2026-01-14,ACC0000004404,138870.57,0.0,21338.48,117532.09,NPR
2026-01-14,ACC0000004405,445928.48,30699.9,14877.66,461750.72,NPR
2026-01-14,ACC0000004406,493942.59,0.0,68437.17,425505.42,NPR
2026-01-14,ACC0000004407,39046.87,0.0,0.0,39046.87,NPR
2026-01-14,ACC0000004408,16323.88,0.0,79668.36,-63344.48,NPR
2026-01-14,ACC0000004409,79713.3,0.0,5273.75,74439.55,NPR
2026-01-14,ACC0000004410,458444.95,27590.25,47420.16,438615.04,NPR
2026-01-14,ACC0000004411,239390.41,0.0,31714.9,207675.51,NPR
2026-01-14,ACC0000004412,143927.62,25519.67,45180.8,124266.49,NPR
2026-01-14,ACC0000004413,414601.6,16195.83,4092.45,426704.98,NPR
2026-01-14,ACC0000004414,470468.0,39855.25,55360.29,454962.96,NPR
2026-01-14,ACC0000004415,359524.89,0.0,67512.12,292012.77,NPR
2026-01-14,ACC0000004416,460909.78,0.0,0.0,460909.78,NPR
2026-01-14,ACC0000004417,465149.53,0.0,23554.31,441595.22,NPR
2026-01-14,ACC0000004418,203404.18,0.0,0.0,203404.18,NPR
2026-01-14,ACC0000004419,391118.1,12757.17,129707.82,274167.45,NPR
2026-01-14,ACC0000004420,11974.57,0.0,21962.79,-9988.22,NPR
2026-01-14,ACC0000004421,81668.48,34350.15,130671.15,-14652.52,NPR
2026-01-14,ACC0000004422,250250.68,0.0,36261.43,213989.25,NPR
2026-01-14,ACC0000004423,74263.04,0.0,0.0,74263.04,NPR
2026-01-14,ACC0000004424,321132.58,0.0,89301.53,231831.05,NPR
2026-01-14,ACC0000004425,101007.29,41423.47,33929.76,108501.0,NPR
2026-01-14,ACC0000004426,353678.62,0.0,39936.38,313742.24,NPR
2026-01-14,ACC0000004427,39613.11,0.0,83567.47,-43954.36,NPR
2026-01-14,ACC0000004428,451037.66,9736.2,75313.86,385460.0,NPR
2026-01-14,ACC0000004429,419476.05,38813.68,25727.14,432562.59,NPR
2026-01-14,ACC0000004430,309483.98,92921.63,173417.75,228987.86,NPR
2026-01-14,ACC0000004431,416384.99,0.0,9578.96,406806.03,NPR
2026-01-14,ACC0000004432,299120.03,0.0,117679.03,181441.0,NPR
2026-01-14,ACC0000004433,294569.87,0.0,74190.57,220379.3,NPR
2026-01-14,ACC0000004434,205065.78,0.0,97992.56,107073.22,NPR
2026-01-14,ACC0000004435,155802.82,0.0,0.0,155802.82,NPR
2026-01-14,ACC0000004436,452383.52,11577.94,63844.09,400117.37,NPR
2026-01-14,ACC0000004437,25879.84,0.0,24570.05,1309.79,NPR
2026-01-14,ACC0000004438,369864.63,9954.93,21237.04,358582.52,NPR
2026-01-14,ACC0000004439,18264.95,0.0,0.0,18264.95,NPR
2026-01-14,ACC0000004440,3247.81,0.0,142519.3,-139271.49,NPR
2026-01-14,ACC0000004441,268795.5,0.0,69965.52,198829.98,NPR
2026-01-14,ACC0000004442,287939.93,0.0,21405.61,266534.32,NPR
2026-01-14,ACC0000004443,372488.86,58647.45,24022.85,407113.46,NPR
2026-01-14,ACC0000004444,101464.07,0.0,0.0,101464.07,NPR
2026-01-14,ACC0000004445,23373.48,0.0,107090.77,-83717.29,NPR
2026-01-14,ACC0000004446,58453.61,0.0,22011.2,36442.41,NPR
2026-01-14,ACC0000004447,344206.26,0.0,0.0,344206.26,NPR
2026-01-14,ACC0000004448,440579.9,0.0,30022.48,410557.42,NPR
2026-01-14,ACC0000004449,356212.42,0.0,89757.99,266454.43,NPR
2026-01-14,ACC0000004450,387298.9,15435.76,19512.37,383222.29,NPR
2026-01-14,ACC0000004451,195714.75,11263.25,17640.52,189337.48,NPR
2026-01-14,ACC0000004452,379776.94,47942.84,51275.74,376444.04,NPR
2026-01-14,ACC0000004453,67289.06,0.0,25640.61,41648.45,NPR
2026-01-14,ACC0000004454,204717.12,0.0,22367.72,182349.4,NPR
2026-01-14,ACC0000004455,245121.78,0.0,49150.65,195971.13,NPR
2026-01-14,ACC0000004456,179066.63,45931.42,38711.94,186286.11,NPR
2026-01-14,ACC0000004457,314509.62,0.0,0.0,314509.62,NPR
2026-01-14,ACC0000004458,105997.29,0.0,140115.63,-34118.34,NPR
2026-01-14,ACC0000004459,258365.03,33850.67,77319.7,214896.0,NPR
2026-01-14,ACC0000004460,112844.94,0.0,27266.22,85578.72,NPR
2026-01-14,ACC0000004461,237410.21,11212.3,30505.05,218117.46,NPR
2026-01-14,ACC0000004462,492303.71,21644.57,1836.73,512111.55,NPR
2026-01-14,ACC0000004463,474023.43,0.0,74750.46,399272.97,NPR
2026-01-14,ACC0000004464,60609.52,0.0,50789.73,9819.79,NPR
2026-01-14,ACC0000004465,125446.02,0.0,207451.14,-82005.12,NPR
2026-01-14,ACC0000004466,408583.12,0.0,0.0,408583.12,NPR
2026-01-14,ACC0000004467,270615.37,0.0,0.0,270615.37,NPR
2026-01-14,ACC0000004468,269898.82,0.0,13949.66,255949.16,NPR
2026-01-14,ACC0000004469,169725.05,28630.68,47987.21,150368.52,NPR
2026-01-14,ACC0000004470,404491.62,0.0,51370.33,353121.29,NPR
2026-01-14,ACC0000004471,440305.7,0.0,53651.28,386654.42,NPR
2026-01-14,ACC0000004472,425904.36,12638.32,43994.77,394547.91,NPR
2026-01-14,ACC0000004473,496196.48,0.0,44214.87,451981.61,NPR
2026-01-14,ACC0000004474,32696.09,0.0,0.0,32696.09,NPR
2026-01-14,ACC0000004475,125366.22,0.0,92761.36,32604.86,NPR
2026-01-14,ACC0000004476,397186.61,0.0,106593.37,290593.24,NPR
2026-01-14,ACC0000004477,258080.17,0.0,35997.35,222082.82,NPR
2026-01-14,ACC0000004478,194374.93,0.0,0.0,194374.93,NPR
2026-01-14,ACC0000004479,235723.14,40871.19,84083.26,192511.07,NPR
2026-01-14,ACC0000004480,310979.17,20802.45,88628.05,243153.57,NPR
2026-01-14,ACC0000004481,271878.39,0.0,61938.34,209940.05,NPR
2026-01-14,ACC0000004482,134610.67,28945.54,37493.98,126062.23,NPR
2026-01-14,ACC0000004483,51081.62,0.0,0.0,51081.62,NPR
2026-01-14,ACC0000004484,271032.52,0.0,0.0,271032.52,NPR
2026-01-14,ACC0000004485,490264.52,11953.07,91154.25,411063.34,NPR
2026-01-14,ACC0000004486,101645.15,0.0,100281.2,1363.95,NPR
2026-01-14,ACC0000004487,159085.11,0.0,30876.04,128209.07,NPR
2026-01-14,ACC0000004488,100663.77,0.0,0.0,100663.77,NPR
2026-01-14,ACC0000004489,457540.29,0.0,89068.61,368471.68,NPR
2026-01-14,ACC0000004490,185737.87,21557.82,100180.22,107115.47,NPR
2026-01-14,ACC0000004491,228486.22,0.0,85478.62,143007.6,NPR
2026-01-14,ACC0000004492,148768.4,0.0,27295.95,121472.45,NPR
2026-01-14,ACC0000004493,64160.12,38355.58,18907.26,83608.44,NPR
2026-01-14,ACC0000004494,253798.19,49196.56,95170.88,207823.87,NPR
2026-01-14,ACC0000004495,64847.34,62174.1,34573.52,92447.92,NPR
2026-01-14,ACC0000004496,413629.25,34797.66,27269.08,421157.83,NPR
2026-01-14,ACC0000004497,392564.71,0.0,49986.56,342578.15,NPR
2026-01-14,ACC0000004498,119755.99,39994.77,21787.69,137963.07,NPR
2026-01-14,ACC0000004499,407428.18,5948.56,6912.15,406464.59,NPR
2026-01-14,ACC0000004500,467154.39,0.0,23167.68,443986.71,NPR
2026-01-14,ACC0000004501,143971.53,0.0,29176.41,114795.12,NPR
2026-01-14,ACC0000004502,417157.93,34241.59,41661.61,409737.91,NPR
2026-01-14,ACC0000004503,468989.1,0.0,0.0,468989.1,NPR
2026-01-14,ACC0000004504,393059.09,63612.5,29041.47,427630.12,NPR
2026-01-14,ACC0000004505,311125.16,0.0,0.0,311125.16,NPR
2026-01-14,ACC0000004506,422675.98,0.0,43276.47,379399.51,NPR
2026-01-14,ACC0000004507,316456.35,46438.22,0.0,362894.57,NPR
2026-01-14,ACC0000004508,280933.69,0.0,33817.65,247116.04,NPR
2026-01-14,ACC0000004509,379740.77,0.0,72651.61,307089.16,NPR
2026-01-14,ACC0000004510,467935.91,0.0,0.0,467935.91,NPR
2026-01-14,ACC0000004511,322754.19,0.0,29325.8,293428.39,NPR
2026-01-14,ACC0000004512,238515.44,0.0,8162.77,230352.67,NPR
2026-01-14,ACC0000004513,52664.54,0.0,74557.5,-21892.96,NPR
2026-01-14,ACC0000004514,190283.74,0.0,116821.45,73462.29,NPR
2026-01-14,ACC0000004515,296563.95,41155.06,0.0,337719.01,NPR
2026-01-14,ACC0000004516,116022.76,0.0,3985.45,112037.31,NPR
2026-01-14,ACC0000004517,208699.56,35877.74,0.0,244577.3,NPR
2026-01-14,ACC0000004518,296260.27,0.0,137463.36,158796.91,NPR
2026-01-14,ACC0000004519,271633.49,0.0,47381.68,224251.81,NPR
2026-01-14,ACC0000004520,23355.85,40591.95,80762.26,-16814.46,NPR
2026-01-14,ACC0000004521,121263.4,0.0,143818.89,-22555.49,NPR
2026-01-14,ACC0000004522,58321.94,12011.09,0.0,70333.03,NPR
2026-01-14,ACC0000004523,144942.35,0.0,0.0,144942.35,NPR
2026-01-14,ACC0000004524,428096.67,0.0,83149.51,344947.16,NPR
2026-01-14,ACC0000004525,415386.83,0.0,119649.32,295737.51,NPR
2026-01-14,ACC0000004526,111566.19,36402.09,0.0,147968.28,NPR
2026-01-14,ACC0000004527,356708.66,0.0,106251.86,250456.8,NPR
2026-01-14,ACC0000004528,171172.72,21426.23,121329.1,71269.85,NPR
2026-01-14,ACC0000004529,328291.17,0.0,69429.29,258861.88,NPR
2026-01-14,ACC0000004530,491724.34,0.0,0.0,491724.34,NPR
2026-01-14,ACC0000004531,123582.14,0.0,130338.94,-6756.8,NPR
2026-01-14,ACC0000004532,216485.72,0.0,0.0,216485.72,NPR
2026-01-14,ACC0000004533,149584.88,0.0,51116.54,98468.34,NPR
2026-01-14,ACC0000004534,349550.15,0.0,39017.81,310532.34,NPR
2026-01-14,ACC0000004535,201895.5,0.0,86550.72,115344.78,NPR
2026-01-14,ACC0000004536,137209.33,0.0,37685.99,99523.34,NPR
2026-01-14,ACC0000004537,325050.61,0.0,0.0,325050.61,NPR
2026-01-14,ACC0000004538,105412.67,0.0,105536.83,-124.16,NPR
2026-01-14,ACC0000004539,407038.5,0.0,10308.45,396730.05,NPR
2026-01-14,ACC0000004540,17417.74,0.0,61944.27,-44526.53,NPR
2026-01-14,ACC0000004541,69038.33,0.0,0.0,69038.33,NPR
2026-01-14,ACC0000004542,254913.04,49780.05,0.0,304693.09,NPR
2026-01-14,ACC0000004543,219372.24,48265.6,27913.85,239723.99,NPR
2026-01-14,ACC0000004544,465696.81,3608.7,23426.81,445878.7,NPR
2026-01-14,ACC0000004545,287321.36,0.0,0.0,287321.36,NPR
2026-01-14,ACC0000004546,479748.76,0.0,81297.12,398451.64,NPR
2026-01-14,ACC0000004547,26695.75,0.0,96897.82,-70202.07,NPR
2026-01-14,ACC0000004548,338076.25,41675.1,0.0,379751.35,NPR
2026-01-14,ACC0000004549,193835.44,0.0,80023.97,113811.47,NPR
2026-01-14,ACC0000004550,116239.67,0.0,0.0,116239.67,NPR
2026-01-14,ACC0000004551,483958.01,0.0,44154.13,439803.88,NPR
2026-01-14,ACC0000004552,23772.44,0.0,53091.17,-29318.73,NPR
2026-01-14,ACC0000004553,135935.6,0.0,69394.58,66541.02,NPR
2026-01-14,ACC0000004554,479688.06,37335.83,0.0,517023.89,NPR
2026-01-14,ACC0000004555,168230.87,11349.3,67754.5,111825.67,NPR
2026-01-14,ACC0000004556,320279.75,5199.56,68132.71,257346.6,NPR
2026-01-14,ACC0000004557,409654.95,0.0,53216.86,356438.09,NPR
2026-01-14,ACC0000004558,438479.44,37897.53,38301.93,438075.04,NPR
2026-01-14,ACC0000004559,264949.14,0.0,13128.0,251821.14,NPR
2026-01-14,ACC0000004560,134867.61,19144.46,0.0,154012.07,NPR
2026-01-14,ACC0000004561,490746.5,0.0,23151.45,467595.05,NPR
2026-01-14,ACC0000004562,24095.63,17106.15,117301.7,-76099.92,NPR
2026-01-14,ACC0000004563,481164.58,0.0,82762.03,398402.55,NPR
2026-01-14,ACC0000004564,194373.07,0.0,9424.47,184948.6,NPR
2026-01-14,ACC0000004565,110117.03,0.0,43263.81,66853.22,NPR
2026-01-14,ACC0000004566,480836.54,0.0,68835.02,412001.52,NPR
2026-01-14,ACC0000004567,480581.1,8328.09,36225.75,452683.44,NPR
2026-01-14,ACC0000004568,129683.28,0.0,1830.83,127852.45,NPR
2026-01-14,ACC0000004569,18834.26,0.0,38002.11,-19167.85,NPR
2026-01-14,ACC0000004570,5223.47,0.0,30534.36,-25310.89,NPR
2026-01-14,ACC0000004571,251379.11,0.0,90075.89,161303.22,NPR
2026-01-14,ACC0000004572,459823.2,0.0,0.0,459823.2,NPR
2026-01-14,ACC0000004573,356651.89,37806.34,50841.17,343617.06,NPR
2026-01-14,ACC0000004574,195660.37,0.0,26524.31,169136.06,NPR
2026-01-14,ACC0000004575,259533.99,0.0,98830.44,160703.55,NPR
2026-01-14,ACC0000004576,276557.5,28688.2,57436.4,247809.3,NPR
2026-01-14,ACC0000004577,277270.3,15687.86,3625.54,289332.62,NPR
2026-01-14,ACC0000004578,472822.9,0.0,41855.31,430967.59,NPR
2026-01-14,ACC0000004579,94303.97,0.0,106398.01,-12094.04,NPR
2026-01-14,ACC0000004580,310870.56,16219.59,0.0,327090.15,NPR
2026-01-14,ACC0000004581,33188.66,0.0,30842.54,2346.12,NPR
2026-01-14,ACC0000004582,198437.81,0.0,0.0,198437.81,NPR
2026-01-14,ACC0000004583,427686.24,0.0,38358.65,389327.59,NPR
2026-01-14,ACC0000004584,190192.22,0.0,30648.85,159543.37,NPR
2026-01-14,ACC0000004585,247749.82,42674.1,60494.28,229929.64,NPR
2026-01-14,ACC0000004586,419606.43,0.0,89985.08,329621.35,NPR
2026-01-14,ACC0000004587,184431.9,0.0,43549.47,140882.43,NPR
2026-01-14,ACC0000004588,276919.79,9059.0,157398.89,128579.9,NPR
2026-01-14,ACC0000004589,471281.73,0.0,50730.67,420551.06,NPR
2026-01-14,ACC0000004590,312707.13,0.0,131489.85,181217.28,NPR
2026-01-14,ACC0000004591,135945.8,17794.97,466.9,153273.87,NPR
2026-01-14,ACC0000004592,94138.9,0.0,0.0,94138.9,NPR
2026-01-14,ACC0000004593,54522.92,42386.11,0.0,96909.03,NPR
2026-01-14,ACC0000004594,202684.52,21466.61,87909.57,136241.56,NPR
2026-01-14,ACC0000004595,254123.41,0.0,28185.2,225938.21,NPR
2026-01-14,ACC0000004596,290670.42,0.0,113682.27,176988.15,NPR
2026-01-14,ACC0000004597,492020.34,38351.7,127497.33,402874.71,NPR
2026-01-14,ACC0000004598,223090.35,0.0,118842.75,104247.6,NPR
2026-01-14,ACC0000004599,179593.45,35434.93,16847.41,198180.97,NPR
2026-01-14,ACC0000004600,72874.14,0.0,34238.48,38635.66,NPR
2026-01-14,ACC0000004601,493768.19,0.0,95177.4,398590.79,NPR
2026-01-14,ACC0000004602,428638.62,0.0,0.0,428638.62,NPR
2026-01-14,ACC0000004603,48555.52,0.0,0.0,48555.52,NPR
2026-01-14,ACC0000004604,421009.62,0.0,103086.38,317923.24,NPR
2026-01-14,ACC0000004605,431049.36,77087.48,89148.04,418988.8,NPR
2026-01-14,ACC0000004606,46843.54,0.0,35065.38,11778.16,NPR
2026-01-14,ACC0000004607,308313.09,0.0,0.0,308313.09,NPR
2026-01-14,ACC0000004608,41585.35,0.0,0.0,41585.35,NPR
2026-01-14,ACC0000004609,24665.96,0.0,69669.62,-45003.66,NPR
2026-01-14,ACC0000004610,138168.12,0.0,14979.22,123188.9,NPR
2026-01-14,ACC0000004611,15037.5,0.0,9771.1,5266.4,NPR
2026-01-14,ACC0000004612,378106.91,0.0,22166.95,355939.96,NPR
2026-01-14,ACC0000004613,346776.65,0.0,89060.74,257715.91,NPR
2026-01-14,ACC0000004614,470286.23,34235.92,3382.67,501139.48,NPR
2026-01-14,ACC0000004615,79949.33,0.0,27696.52,52252.81,NPR
2026-01-14,ACC0000004616,23902.43,68475.37,70236.13,22141.67,NPR
2026-01-14,ACC0000004617,50639.04,23761.72,0.0,74400.76,NPR
2026-01-14,ACC0000004618,491757.41,0.0,115254.51,376502.9,NPR
2026-01-14,ACC0000004619,100515.43,59308.39,48465.76,111358.06,NPR
2026-01-14,ACC0000004620,391009.56,41542.56,49209.06,383343.06,NPR
2026-01-14,ACC0000004621,393498.1,0.0,28053.02,365445.08,NPR
2026-01-14,ACC0000004622,345104.62,80236.42,35875.41,389465.63,NPR
2026-01-14,ACC0000004623,181976.24,0.0,0.0,181976.24,NPR
2026-01-14,ACC0000004624,259466.28,14845.49,147081.09,127230.68,NPR
2026-01-14,ACC0000004625,396856.83,0.0,71575.98,325280.85,NPR
2026-01-14,ACC0000004626,112953.92,36584.04,106452.53,43085.43,NPR
2026-01-14,ACC0000004627,52873.22,48546.72,81179.52,20240.42,NPR
2026-01-14,ACC0000004628,145195.99,31637.43,0.0,176833.42,NPR
2026-01-14,ACC0000004629,258715.89,0.0,29800.5,228915.39,NPR
2026-01-14,ACC0000004630,151589.82,49772.54,44100.92,157261.44,NPR
2026-01-14,ACC0000004631,79028.21,7207.24,0.0,86235.45,NPR
2026-01-14,ACC0000004632,239769.19,16046.4,0.0,255815.59,NPR
2026-01-14,ACC0000004633,63878.91,0.0,48886.61,14992.3,NPR
2026-01-14,ACC0000004634,65250.02,0.0,0.0,65250.02,NPR
2026-01-14,ACC0000004635,92805.73,0.0,69028.06,23777.67,NPR
2026-01-14,ACC0000004636,143717.9,0.0,0.0,143717.9,NPR
2026-01-14,ACC0000004637,257631.84,0.0,15626.23,242005.61,NPR
2026-01-14,ACC0000004638,18698.06,12185.31,138481.12,-107597.75,NPR
2026-01-14,ACC0000004639,51032.1,28304.27,65866.12,13470.25,NPR
2026-01-14,ACC0000004640,443001.52,0.0,0.0,443001.52,NPR
2026-01-14,ACC0000004641,461459.41,0.0,99999.85,361459.56,NPR
2026-01-14,ACC0000004642,106304.86,42911.29,0.0,149216.15,NPR
2026-01-14,ACC0000004643,474642.85,0.0,34212.9,440429.95,NPR
2026-01-14,ACC0000004644,74245.89,0.0,147381.86,-73135.97,NPR
2026-01-14,ACC0000004645,35864.84,0.0,46105.74,-10240.9,NPR
2026-01-14,ACC0000004646,274792.35,0.0,83366.84,191425.51,NPR
2026-01-14,ACC0000004647,286098.16,15930.23,62392.8,239635.59,NPR
2026-01-14,ACC0000004648,377610.34,60062.29,128906.32,308766.31,NPR
2026-01-14,ACC0000004649,225630.97,0.0,0.0,225630.97,NPR
2026-01-14,ACC0000004650,488773.56,0.0,0.0,488773.56,NPR
2026-01-14,ACC0000004651,467762.89,11944.88,32518.38,447189.39,NPR
2026-01-14,ACC0000004652,228688.72,32218.46,75676.51,185230.67,NPR
2026-01-14,ACC0000004653,178073.54,0.0,128781.17,49292.37,NPR
2026-01-14,ACC0000004654,469529.94,0.0,14474.46,455055.48,NPR
2026-01-14,ACC0000004655,484138.96,0.0,56136.74,428002.22,NPR
2026-01-14,ACC0000004656,139751.89,19684.46,178040.37,-18604.02,NPR
2026-01-14,ACC0000004657,451970.28,38471.23,59652.73,430788.78,NPR
2026-01-14,ACC0000004658,481956.65,0.0,130963.61,350993.04,NPR
2026-01-14,ACC0000004659,265882.18,0.0,46861.63,219020.55,NPR
2026-01-14,ACC0000004660,283729.11,0.0,32249.19,251479.92,NPR
2026-01-14,ACC0000004661,371975.73,20985.13,8881.04,384079.82,NPR
2026-01-14,ACC0000004662,346648.93,5227.71,0.0,351876.64,NPR
2026-01-14,ACC0000004663,359039.74,17938.43,0.0,376978.17,NPR
2026-01-14,ACC0000004664,73166.1,0.0,45444.8,27721.3,NPR
2026-01-14,ACC0000004665,24313.08,0.0,0.0,24313.08,NPR
2026-01-14,ACC0000004666,371629.24,0.0,54150.6,317478.64,NPR
2026-01-14,ACC0000004667,482414.12,0.0,0.0,482414.12,NPR
2026-01-14,ACC0000004668,316082.97,18423.29,54733.89,279772.37,NPR
2026-01-14,ACC0000004669,303333.99,0.0,79658.25,223675.74,NPR
2026-01-14,ACC0000004670,321795.86,45007.58,13317.84,353485.6,NPR
2026-01-14,ACC0000004671,89929.68,0.0,19544.99,70384.69,NPR
2026-01-14,ACC0000004672,344048.73,32496.24,0.0,376544.97,NPR
2026-01-14,ACC0000004673,275525.76,0.0,0.0,275525.76,NPR
2026-01-14,ACC0000004674,277807.35,46059.39,46833.92,277032.82,NPR
2026-01-14,ACC0000004675,226472.09,49249.44,35730.83,239990.7,NPR
2026-01-14,ACC0000004676,184764.86,0.0,39188.53,145576.33,NPR
2026-01-14,ACC0000004677,14740.67,0.0,49335.75,-34595.08,NPR
2026-01-14,ACC0000004678,223427.13,0.0,10157.35,213269.78,NPR
2026-01-14,ACC0000004679,216673.14,0.0,0.0,216673.14,NPR
2026-01-14,ACC0000004680,238412.38,0.0,0.0,238412.38,NPR
2026-01-14,ACC0000004681,123091.74,0.0,0.0,123091.74,NPR
2026-01-14,ACC0000004682,412628.81,16127.15,57172.36,371583.6,NPR
2026-01-14,ACC0000004683,230894.44,27914.11,35254.77,223553.78,NPR
2026-01-14,ACC0000004684,444007.8,49510.84,46760.76,446757.88,NPR
2026-01-14,ACC0000004685,79345.38,0.0,0.0,79345.38,NPR
2026-01-14,ACC0000004686,430538.67,34739.32,27375.26,437902.73,NPR
2026-01-14,ACC0000004687,471643.98,0.0,45135.96,426508.02,NPR
2026-01-14,ACC0000004688,114070.78,85052.76,78823.09,120300.45,NPR
2026-01-14,ACC0000004689,466092.16,0.0,42411.1,423681.06,NPR
2026-01-14,ACC0000004690,20470.4,16893.28,64275.88,-26912.2,NPR
2026-01-14,ACC0000004691,86956.76,0.0,10425.91,76530.85,NPR
2026-01-14,ACC0000004692,87747.87,0.0,51981.42,35766.45,NPR
2026-01-14,ACC0000004693,186125.72,0.0,0.0,186125.72,NPR
2026-01-14,ACC0000004694,368193.45,37681.15,74610.61,331263.99,NPR
2026-01-14,ACC0000004695,10921.31,0.0,102761.21,-91839.9,NPR
2026-01-14,ACC0000004696,476113.44,0.0,15320.1,460793.34,NPR
2026-01-14,ACC0000004697,482141.47,14427.08,48731.77,447836.78,NPR
2026-01-14,ACC0000004698,175722.64,0.0,0.0,175722.64,NPR
2026-01-14,ACC0000004699,414058.6,0.0,61820.25,352238.35,NPR
2026-01-14,ACC0000004700,251118.77,0.0,15682.45,235436.32,NPR
2026-01-14,ACC0000004701,405628.59,4985.33,93236.64,317377.28,NPR
2026-01-14,ACC0000004702,111188.37,0.0,0.0,111188.37,NPR
2026-01-14,ACC0000004703,387262.73,0.0,75663.35,311599.38,NPR
2026-01-14,ACC0000004704,241168.31,0.0,60389.96,180778.35,NPR
2026-01-14,ACC0000004705,271010.62,5913.24,138018.35,138905.51,NPR
2026-01-14,ACC0000004706,88729.13,0.0,129585.46,-40856.33,NPR
2026-01-14,ACC0000004707,362569.74,0.0,29643.39,332926.35,NPR
2026-01-14,ACC0000004708,492490.41,0.0,0.0,492490.41,NPR
2026-01-14,ACC0000004709,81758.46,0.0,0.0,81758.46,NPR
2026-01-14,ACC0000004710,340248.04,0.0,83560.21,256687.83,NPR
2026-01-14,ACC0000004711,193771.51,0.0,69189.18,124582.33,NPR
2026-01-14,ACC0000004712,158988.75,36857.62,178340.07,17506.3,NPR
2026-01-14,ACC0000004713,468144.7,14978.0,166002.78,317119.92,NPR
2026-01-14,ACC0000004714,467682.03,0.0,65062.95,402619.08,NPR
2026-01-14,ACC0000004715,330401.54,0.0,0.0,330401.54,NPR
2026-01-14,ACC0000004716,493911.11,0.0,106613.55,387297.56,NPR
2026-01-14,ACC0000004717,301888.39,1613.47,65677.67,237824.19,NPR
2026-01-14,ACC0000004718,287427.32,57991.26,52091.26,293327.32,NPR
2026-01-14,ACC0000004719,407666.45,0.0,0.0,407666.45,NPR
2026-01-14,ACC0000004720,282908.44,0.0,0.0,282908.44,NPR
2026-01-14,ACC0000004721,372543.48,0.0,45511.59,327031.89,NPR
2026-01-14,ACC0000004722,306846.25,0.0,134525.65,172320.6,NPR
2026-01-14,ACC0000004723,45037.72,0.0,94545.81,-49508.09,NPR
2026-01-14,ACC0000004724,309318.25,43444.43,114888.84,237873.84,NPR
2026-01-14,ACC0000004725,276707.66,0.0,0.0,276707.66,NPR
2026-01-14,ACC0000004726,429058.39,71242.34,0.0,500300.73,NPR
2026-01-14,ACC0000004727,335527.59,10294.8,0.0,345822.39,NPR
2026-01-14,ACC0000004728,309714.81,0.0,0.0,309714.81,NPR
2026-01-14,ACC0000004729,275444.18,0.0,96192.0,179252.18,NPR
2026-01-14,ACC0000004730,359027.74,32425.23,21936.54,369516.43,NPR
2026-01-14,ACC0000004731,435846.98,0.0,0.0,435846.98,NPR
2026-01-14,ACC0000004732,16772.14,0.0,13563.18,3208.96,NPR
2026-01-14,ACC0000004733,235691.78,0.0,0.0,235691.78,NPR
2026-01-14,ACC0000004734,394872.75,0.0,1274.1,393598.65,NPR
2026-01-14,ACC0000004735,35136.87,39410.11,49519.5,25027.48,NPR
2026-01-14,ACC0000004736,330786.52,0.0,0.0,330786.52,NPR
2026-01-14,ACC0000004737,117450.57,10329.83,34288.63,93491.77,NPR
2026-01-14,ACC0000004738,96161.27,39346.74,105802.62,29705.39,NPR
2026-01-14,ACC0000004739,147351.14,0.0,17050.73,130300.41,NPR
2026-01-14,ACC0000004740,455775.49,0.0,0.0,455775.49,NPR
2026-01-14,ACC0000004741,99565.36,0.0,105909.64,-6344.28,NPR
2026-01-14,ACC0000004742,235969.11,12450.15,29257.16,219162.1,NPR
2026-01-14,ACC0000004743,162198.87,0.0,62040.99,100157.88,NPR
2026-01-14,ACC0000004744,400182.44,30789.35,121814.59,309157.2,NPR
2026-01-14,ACC0000004745,462308.81,0.0,59603.58,402705.23,NPR
2026-01-14,ACC0000004746,55225.66,0.0,85602.82,-30377.16,NPR
2026-01-14,ACC0000004747,483419.12,26405.73,0.0,509824.85,NPR
2026-01-14,ACC0000004748,421685.03,0.0,49009.66,372675.37,NPR
2026-01-14,ACC0000004749,175297.21,0.0,0.0,175297.21,NPR
2026-01-14,ACC0000004750,308693.85,0.0,38177.11,270516.74,NPR
2026-01-14,ACC0000004751,358596.67,34978.44,0.0,393575.11,NPR
2026-01-14,ACC0000004752,479389.99,0.0,144181.15,335208.84,NPR
2026-01-14,ACC0000004753,315634.01,0.0,2812.52,312821.49,NPR
2026-01-14,ACC0000004754,276213.26,92667.76,0.0,368881.02,NPR
2026-01-14,ACC0000004755,60844.72,0.0,48694.1,12150.62,NPR
2026-01-14,ACC0000004756,159240.8,49655.25,94122.01,114774.04,NPR
2026-01-14,ACC0000004757,237092.26,0.0,39321.41,197770.85,NPR
2026-01-14,ACC0000004758,273761.36,0.0,0.0,273761.36,NPR
2026-01-14,ACC0000004759,259954.41,0.0,40196.93,219757.48,NPR
2026-01-14,ACC0000004760,68213.31,42061.9,0.0,110275.21,NPR
2026-01-14,ACC0000004761,167201.34,0.0,130850.23,36351.11,NPR
2026-01-14,ACC0000004762,120739.78,23953.98,27183.5,117510.26,NPR
2026-01-14,ACC0000004763,49111.59,0.0,33076.72,16034.87,NPR
2026-01-14,ACC0000004764,394601.61,32728.5,10681.26,416648.85,NPR
2026-01-14,ACC0000004765,206641.14,0.0,2091.68,204549.46,NPR
2026-01-14,ACC0000004766,262521.42,27750.73,21494.53,268777.62,NPR
2026-01-14,ACC0000004767,286307.69,116894.4,0.0,403202.09,NPR
2026-01-14,ACC0000004768,49045.12,0.0,49677.83,-632.71,NPR
2026-01-14,ACC0000004769,17448.94,24260.11,78300.91,-36591.86,NPR
2026-01-14,ACC0000004770,469225.5,9783.07,35640.91,443367.66,NPR
2026-01-14,ACC0000004771,404307.1,0.0,0.0,404307.1,NPR
2026-01-14,ACC0000004772,162000.1,0.0,19987.37,142012.73,NPR
2026-01-14,ACC0000004773,48200.4,0.0,0.0,48200.4,NPR
2026-01-14,ACC0000004774,359725.34,0.0,36721.44,323003.9,NPR
2026-01-14,ACC0000004775,37940.05,43140.38,47671.59,33408.84,NPR
2026-01-14,ACC0000004776,412861.38,0.0,0.0,412861.38,NPR
2026-01-14,ACC0000004777,386425.48,0.0,22786.93,363638.55,NPR
2026-01-14,ACC0000004778,186542.6,0.0,0.0,186542.6,NPR
2026-01-14,ACC0000004779,266115.92,0.0,0.0,266115.92,NPR
2026-01-14,ACC0000004780,236405.33,0.0,0.0,236405.33,NPR
2026-01-14,ACC0000004781,20512.2,0.0,0.0,20512.2,NPR
2026-01-14,ACC0000004782,282902.32,0.0,0.0,282902.32,NPR
2026-01-14,ACC0000004783,102243.78,65972.08,2840.99,165374.87,NPR
2026-01-14,ACC0000004784,196718.9,0.0,0.0,196718.9,NPR
2026-01-14,ACC0000004785,366164.64,0.0,89589.31,276575.33,NPR
2026-01-14,ACC0000004786,96211.14,28861.51,11349.75,113722.9,NPR
2026-01-14,ACC0000004787,19608.31,0.0,137032.99,-117424.68,NPR
2026-01-14,ACC0000004788,492962.41,0.0,0.0,492962.41,NPR
2026-01-14,ACC0000004789,484596.99,0.0,67422.56,417174.43,NPR
2026-01-14,ACC0000004790,473491.68,0.0,24262.76,449228.92,NPR
2026-01-14,ACC0000004791,79749.62,0.0,36707.29,43042.33,NPR
2026-01-14,ACC0000004792,412043.83,0.0,0.0,412043.83,NPR
2026-01-14,ACC0000004793,175725.49,0.0,93435.7,82289.79,NPR
2026-01-14,ACC0000004794,371509.84,19942.01,102600.21,288851.64,NPR
2026-01-14,ACC0000004795,461884.58,0.0,86451.77,375432.81,NPR
2026-01-14,ACC0000004796,237513.86,0.0,57925.59,179588.27,NPR
2026-01-14,ACC0000004797,422767.43,0.0,5245.46,417521.97,NPR
2026-01-14,ACC0000004798,8444.65,0.0,0.0,8444.65,NPR
2026-01-14,ACC0000004799,443642.04,6825.98,10919.5,439548.52,NPR
2026-01-14,ACC0000004800,434215.95,1325.18,100692.32,334848.81,NPR
2026-01-14,ACC0000004801,379104.81,1812.15,72553.94,308363.02,NPR
2026-01-14,ACC0000004802,9033.53,0.0,0.0,9033.53,NPR
2026-01-14,ACC0000004803,319053.12,0.0,32405.68,286647.44,NPR
2026-01-14,ACC0000004804,342200.14,50633.25,53572.26,339261.13,NPR
2026-01-14,ACC0000004805,386178.55,0.0,99550.98,286627.57,NPR
2026-01-14,ACC0000004806,288920.45,0.0,56815.7,232104.75,NPR
2026-01-14,ACC0000004807,196096.78,0.0,55468.83,140627.95,NPR
2026-01-14,ACC0000004808,321587.55,0.0,36672.56,284914.99,NPR
2026-01-14,ACC0000004809,436722.26,40218.82,76518.78,400422.3,NPR
2026-01-14,ACC0000004810,329546.13,0.0,0.0,329546.13,NPR
2026-01-14,ACC0000004811,112945.06,0.0,0.0,112945.06,NPR
2026-01-14,ACC0000004812,408360.15,0.0,68908.33,339451.82,NPR
2026-01-14,ACC0000004813,75024.22,0.0,0.0,75024.22,NPR
2026-01-14,ACC0000004814,473188.02,0.0,50502.31,422685.71,NPR
2026-01-14,ACC0000004815,487821.17,0.0,48048.53,439772.64,NPR
2026-01-14,ACC0000004816,277396.87,0.0,0.0,277396.87,NPR
2026-01-14,ACC0000004817,288560.0,8675.72,9328.27,287907.45,NPR
2026-01-14,ACC0000004818,451552.25,0.0,40848.16,410704.09,NPR
2026-01-14,ACC0000004819,115666.45,0.0,37567.24,78099.21,NPR
2026-01-14,ACC0000004820,442763.55,34626.55,92748.42,384641.68,NPR
2026-01-14,ACC0000004821,320353.51,0.0,0.0,320353.51,NPR
2026-01-14,ACC0000004822,464048.55,0.0,32232.68,431815.87,NPR
2026-01-14,ACC0000004823,182060.98,0.0,48632.64,133428.34,NPR
2026-01-14,ACC0000004824,494372.22,0.0,68485.96,425886.26,NPR
2026-01-14,ACC0000004825,194027.91,0.0,106695.21,87332.7,NPR
2026-01-14,ACC0000004826,236497.9,0.0,45849.01,190648.89,NPR
2026-01-14,ACC0000004827,175229.23,39678.39,39038.71,175868.91,NPR
2026-01-14,ACC0000004828,36889.83,25681.05,52147.78,10423.1,NPR
2026-01-14,ACC0000004829,201978.59,0.0,39395.15,162583.44,NPR
2026-01-14,ACC0000004830,211519.63,0.0,226787.92,-15268.29,NPR
2026-01-14,ACC0000004831,230728.98,0.0,80935.65,149793.33,NPR
2026-01-14,ACC0000004832,406621.33,23645.49,48911.61,381355.21,NPR
2026-01-14,ACC0000004833,166676.06,0.0,30225.85,136450.21,NPR
2026-01-14,ACC0000004834,131881.25,51398.6,78214.94,105064.91,NPR
2026-01-14,ACC0000004835,478210.88,0.0,44385.32,433825.56,NPR
2026-01-14,ACC0000004836,62951.28,58744.42,70513.35,51182.35,NPR
2026-01-14,ACC0000004837,332402.5,22235.88,209144.45,145493.93,NPR
2026-01-14,ACC0000004838,95525.66,36806.72,70569.04,61763.34,NPR
2026-01-14,ACC0000004839,472287.81,0.0,51484.98,420802.83,NPR
2026-01-14,ACC0000004840,308111.44,34404.46,76073.36,266442.54,NPR
2026-01-14,ACC0000004841,74352.6,13161.39,19718.33,67795.66,NPR
2026-01-14,ACC0000004842,235352.67,0.0,0.0,235352.67,NPR
2026-01-14,ACC0000004843,289630.73,0.0,549.96,289080.77,NPR
2026-01-14,ACC0000004844,207620.55,0.0,44773.96,162846.59,NPR
2026-01-14,ACC0000004845,462481.92,0.0,0.0,462481.92,NPR
2026-01-14,ACC0000004846,374739.34,23132.7,0.0,397872.04,NPR
2026-01-14,ACC0000004847,54679.64,0.0,0.0,54679.64,NPR
2026-01-14,ACC0000004848,207556.4,78296.21,129915.27,155937.34,NPR
2026-01-14,ACC0000004849,85733.41,0.0,37750.48,47982.93,NPR
2026-01-14,ACC0000004850,393624.7,0.0,91908.0,301716.7,NPR
2026-01-14,ACC0000004851,114421.11,0.0,106268.8,8152.31,NPR
2026-01-14,ACC0000004852,183752.18,0.0,84062.95,99689.23,NPR
2026-01-14,ACC0000004853,262183.23,0.0,0.0,262183.23,NPR
2026-01-14,ACC0000004854,204070.22,31765.0,34402.8,201432.42,NPR
2026-01-14,ACC0000004855,194578.1,0.0,123455.44,71122.66,NPR
2026-01-14,ACC0000004856,170918.13,73950.07,30658.34,214209.86,NPR
2026-01-14,ACC0000004857,362923.73,69167.71,29604.31,402487.13,NPR
2026-01-14,ACC0000004858,75090.22,25710.57,48775.13,52025.66,NPR
2026-01-14,ACC0000004859,141336.52,25634.72,5898.27,161072.97,NPR
2026-01-14,ACC0000004860,49768.22,41241.06,33739.87,57269.41,NPR
2026-01-14,ACC0000004861,201986.88,0.0,0.0,201986.88,NPR
2026-01-14,ACC0000004862,431110.98,10849.82,39513.56,402447.24,NPR
2026-01-14,ACC0000004863,33275.45,0.0,13041.27,20234.18,NPR
2026-01-14,ACC0000004864,80947.87,22494.24,126857.93,-23415.82,NPR
2026-01-14,ACC0000004865,360271.83,0.0,9697.37,350574.46,NPR
2026-01-14,ACC0000004866,469083.92,55947.12,408.05,524622.99,NPR
2026-01-14,ACC0000004867,400011.89,0.0,0.0,400011.89,NPR
2026-01-14,ACC0000004868,496971.66,0.0,61557.85,435413.81,NPR
2026-01-14,ACC0000004869,56279.62,0.0,28383.96,27895.66,NPR
2026-01-14,ACC0000004870,443149.02,0.0,83380.46,359768.56,NPR
2026-01-14,ACC0000004871,373369.53,0.0,13419.13,359950.4,NPR
2026-01-14,ACC0000004872,316677.03,0.0,0.0,316677.03,NPR
2026-01-14,ACC0000004873,105237.24,0.0,0.0,105237.24,NPR
2026-01-14,ACC0000004874,78263.77,0.0,0.0,78263.77,NPR
2026-01-14,ACC0000004875,474622.46,2711.34,15308.47,462025.33,NPR
2026-01-14,ACC0000004876,445127.94,36914.39,153389.34,328652.99,NPR
2026-01-14,ACC0000004877,426008.55,0.0,5639.58,420368.97,NPR
2026-01-14,ACC0000004878,445499.62,0.0,24647.76,420851.86,NPR
2026-01-14,ACC0000004879,137696.46,32532.42,58683.3,111545.58,NPR
2026-01-14,ACC0000004880,242724.19,26480.43,103836.4,165368.22,NPR
2026-01-14,ACC0000004881,448198.76,0.0,14997.37,433201.39,NPR
2026-01-14,ACC0000004882,330686.63,0.0,0.0,330686.63,NPR
2026-01-14,ACC0000004883,62375.82,0.0,113191.98,-50816.16,NPR
2026-01-14,ACC0000004884,359177.62,0.0,153117.07,206060.55,NPR
2026-01-14,ACC0000004885,26951.69,10001.36,105317.26,-68364.21,NPR
2026-01-14,ACC0000004886,117572.43,0.0,79816.23,37756.2,NPR
2026-01-14,ACC0000004887,182718.31,0.0,20340.42,162377.89,NPR
2026-01-14,ACC0000004888,418331.75,0.0,0.0,418331.75,NPR
2026-01-14,ACC0000004889,9001.53,0.0,0.0,9001.53,NPR
2026-01-14,ACC0000004890,80463.25,0.0,0.0,80463.25,NPR
2026-01-14,ACC0000004891,17805.42,0.0,0.0,17805.42,NPR
2026-01-14,ACC0000004892,494896.83,0.0,21371.88,473524.95,NPR
2026-01-14,ACC0000004893,269299.39,0.0,28037.39,241262.0,NPR
2026-01-14,ACC0000004894,200653.01,0.0,0.0,200653.01,NPR
2026-01-14,ACC0000004895,100612.57,0.0,1754.43,98858.14,NPR
2026-01-14,ACC0000004896,197629.47,0.0,0.0,197629.47,NPR
2026-01-14,ACC0000004897,263614.48,0.0,79375.9,184238.58,NPR
2026-01-14,ACC0000004898,266625.96,0.0,8987.82,257638.14,NPR
2026-01-14,ACC0000004899,201340.65,35805.32,51967.6,185178.37,NPR
2026-01-14,ACC0000004900,491667.66,0.0,152171.94,339495.72,NPR
2026-01-14,ACC0000004901,359080.36,0.0,48419.15,310661.21,NPR
2026-01-14,ACC0000004902,487039.05,0.0,0.0,487039.05,NPR
2026-01-14,ACC0000004903,94119.68,0.0,83526.31,10593.37,NPR
2026-01-14,ACC0000004904,163424.62,36429.17,121115.13,78738.66,NPR
2026-01-14,ACC0000004905,260204.02,0.0,0.0,260204.02,NPR
2026-01-14,ACC0000004906,130716.34,20994.7,133753.01,17958.03,NPR
2026-01-14,ACC0000004907,16156.04,23121.23,83259.49,-43982.22,NPR
2026-01-14,ACC0000004908,134987.74,0.0,0.0,134987.74,NPR
2026-01-14,ACC0000004909,29275.22,41423.06,60957.27,9741.01,NPR
2026-01-14,ACC0000004910,81610.29,0.0,68597.29,13013.0,NPR
2026-01-14,ACC0000004911,471581.03,0.0,16130.26,455450.77,NPR
2026-01-14,ACC0000004912,193507.96,0.0,28664.18,164843.78,NPR
2026-01-14,ACC0000004913,257576.09,0.0,37174.6,220401.49,NPR
2026-01-14,ACC0000004914,202869.52,0.0,0.0,202869.52,NPR
2026-01-14,ACC0000004915,346261.72,0.0,42720.68,303541.04,NPR
2026-01-14,ACC0000004916,171189.22,0.0,106153.74,65035.48,NPR
2026-01-14,ACC0000004917,127133.15,0.0,4724.78,122408.37,NPR
2026-01-14,ACC0000004918,139690.89,0.0,101990.74,37700.15,NPR
2026-01-14,ACC0000004919,259415.99,0.0,16510.06,242905.93,NPR
2026-01-14,ACC0000004920,348140.46,0.0,18083.43,330057.03,NPR
2026-01-14,ACC0000004921,234596.3,0.0,63116.54,171479.76,NPR
2026-01-14,ACC0000004922,271881.16,45106.53,218874.51,98113.18,NPR
2026-01-14,ACC0000004923,467539.35,0.0,0.0,467539.35,NPR
2026-01-14,ACC0000004924,303813.15,3557.63,26453.0,280917.78,NPR
2026-01-14,ACC0000004925,383143.84,33951.08,0.0,417094.92,NPR
2026-01-14,ACC0000004926,340169.92,0.0,38483.08,301686.84,NPR
2026-01-14,ACC0000004927,233565.88,0.0,27469.58,206096.3,NPR
2026-01-14,ACC0000004928,419484.91,16511.26,120308.3,315687.87,NPR
2026-01-14,ACC0000004929,246108.76,0.0,76410.3,169698.46,NPR
2026-01-14,ACC0000004930,415200.78,20156.03,56985.56,378371.25,NPR
2026-01-14,ACC0000004931,352587.32,0.0,89674.7,262912.62,NPR
2026-01-14,ACC0000004932,206407.69,0.0,66994.28,139413.41,NPR
2026-01-14,ACC0000004933,327825.33,0.0,34500.13,293325.2,NPR
2026-01-14,ACC0000004934,255837.51,39399.55,36855.12,258381.94,NPR
2026-01-14,ACC0000004935,305961.75,1867.57,69119.89,238709.43,NPR
2026-01-14,ACC0000004936,34745.75,0.0,36756.8,-2011.05,NPR
2026-01-14,ACC0000004937,301600.55,0.0,32980.43,268620.12,NPR
2026-01-14,ACC0000004938,495549.69,0.0,0.0,495549.69,NPR
2026-01-14,ACC0000004939,445271.84,0.0,43304.51,401967.33,NPR
2026-01-14,ACC0000004940,375185.76,0.0,0.0,375185.76,NPR
2026-01-14,ACC0000004941,228192.22,35642.77,146890.0,116944.99,NPR
2026-01-14,ACC0000004942,137976.32,0.0,0.0,137976.32,NPR
2026-01-14,ACC0000004943,137135.41,41593.19,47404.68,131323.92,NPR
2026-01-14,ACC0000004944,51161.93,0.0,6770.7,44391.23,NPR
2026-01-14,ACC0000004945,91543.45,21364.97,92230.48,20677.94,NPR
2026-01-14,ACC0000004946,457045.88,0.0,21333.44,435712.44,NPR
2026-01-14,ACC0000004947,43996.47,15865.72,48663.33,11198.86,NPR
2026-01-14,ACC0000004948,198908.1,0.0,40403.37,158504.73,NPR
2026-01-14,ACC0000004949,382113.76,35563.78,44017.59,373659.95,NPR
2026-01-14,ACC0000004950,16057.08,0.0,77862.55,-61805.47,NPR
2026-01-14,ACC0000004951,57171.48,0.0,24720.03,32451.45,NPR
2026-01-14,ACC0000004952,71541.24,0.0,35170.45,36370.79,NPR
2026-01-14,ACC0000004953,31267.93,13628.15,22501.68,22394.4,NPR
2026-01-14,ACC0000004954,382495.55,0.0,46558.39,335937.16,NPR
2026-01-14,ACC0000004955,422109.34,48239.53,0.0,470348.87,NPR
2026-01-14,ACC0000004956,84979.35,0.0,0.0,84979.35,NPR
2026-01-14,ACC0000004957,480502.39,14775.33,45153.43,450124.29,NPR
2026-01-14,ACC0000004958,76149.64,27961.75,5612.36,98499.03,NPR
2026-01-14,ACC0000004959,277912.84,29033.7,66045.94,240900.6,NPR
2026-01-14,ACC0000004960,48089.95,15854.6,5844.42,58100.13,NPR
2026-01-14,ACC0000004961,176281.53,37168.22,80909.5,132540.25,NPR
2026-01-14,ACC0000004962,48623.86,0.0,53976.13,-5352.27,NPR
2026-01-14,ACC0000004963,378026.5,0.0,103452.43,274574.07,NPR
2026-01-14,ACC0000004964,52981.64,0.0,68285.6,-15303.96,NPR
2026-01-14,ACC0000004965,280906.11,0.0,70684.27,210221.84,NPR
2026-01-14,ACC0000004966,63061.85,0.0,109571.93,-46510.08,NPR
2026-01-14,ACC0000004967,79610.3,0.0,107236.7,-27626.4,NPR
2026-01-14,ACC0000004968,248516.47,0.0,0.0,248516.47,NPR
2026-01-14,ACC0000004969,498416.65,0.0,62443.09,435973.56,NPR
2026-01-14,ACC0000004970,128696.74,13288.18,16158.93,125825.99,NPR
2026-01-14,ACC0000004971,264743.56,0.0,31557.5,233186.06,NPR
2026-01-14,ACC0000004972,374404.21,0.0,0.0,374404.21,NPR
2026-01-14,ACC0000004973,264080.4,0.0,2383.4,261697.0,NPR
2026-01-14,ACC0000004974,314919.6,38103.68,83869.36,269153.92,NPR
2026-01-14,ACC0000004975,298283.18,79651.62,26857.31,351077.49,NPR
2026-01-14,ACC0000004976,265985.07,0.0,152525.37,113459.7,NPR
2026-01-14,ACC0000004977,495130.67,0.0,0.0,495130.67,NPR
2026-01-14,ACC0000004978,196726.13,0.0,0.0,196726.13,NPR
2026-01-14,ACC0000004979,95395.93,0.0,76171.69,19224.24,NPR
2026-01-14,ACC0000004980,355775.29,9465.41,116477.3,248763.4,NPR
2026-01-14,ACC0000004981,184013.48,10282.51,52383.24,141912.75,NPR
2026-01-14,ACC0000004982,330493.2,0.0,14114.46,316378.74,NPR
2026-01-14,ACC0000004983,222333.62,0.0,52254.77,170078.85,NPR
2026-01-14,ACC0000004984,103005.25,38072.67,33288.27,107789.65,NPR
2026-01-14,ACC0000004985,21770.14,0.0,1374.46,20395.68,NPR
2026-01-14,ACC0000004986,471811.28,0.0,0.0,471811.28,NPR
2026-01-14,ACC0000004987,422690.68,0.0,74648.22,348042.46,NPR
2026-01-14,ACC0000004988,291181.52,44644.8,85779.1,250047.22,NPR
2026-01-14,ACC0000004989,10014.46,0.0,106265.42,-96250.96,NPR
2026-01-14,ACC0000004990,242433.46,0.0,38611.3,203822.16,NPR
2026-01-14,ACC0000004991,173519.03,0.0,12020.71,161498.32,NPR
2026-01-14,ACC0000004992,487610.85,32557.21,33404.97,486763.09,NPR
2026-01-14,ACC0000004993,221952.63,0.0,118756.59,103196.04,NPR
2026-01-14,ACC0000004994,209830.71,19278.3,50350.6,178758.41,NPR
2026-01-14,ACC0000004995,270558.11,0.0,47987.64,222570.47,NPR
2026-01-14,ACC0000004996,128485.69,82608.8,101121.41,109973.08,NPR
2026-01-14,ACC0000004997,441889.97,0.0,0.0,441889.97,NPR
2026-01-14,ACC0000004998,298029.56,19655.76,46740.1,270945.22,NPR
2026-01-14,ACC0000004999,329599.7,0.0,0.0,329599.7,NPR
2026-01-14,ACC0000005000,405632.45,0.0,0.0,405632.45,NPR
2026-01-14,ACC0000005001,393236.68,6278.0,60491.19,339023.49,NPR
2026-01-14,ACC0000005002,29074.88,48315.67,47851.05,29539.5,NPR
2026-01-14,ACC0000005003,73808.7,0.0,22753.15,51055.55,NPR
2026-01-14,ACC0000005004,389790.19,16655.84,0.0,406446.03,NPR
2026-01-14,ACC0000005005,294906.53,0.0,96560.34,198346.19,NPR
2026-01-14,ACC0000005006,234285.36,0.0,0.0,234285.36,NPR
2026-01-14,ACC0000005007,486628.79,0.0,0.0,486628.79,NPR
2026-01-14,ACC0000005008,195094.58,0.0,47229.57,147865.01,NPR
2026-01-14,ACC0000005009,395687.35,29598.34,53140.67,372145.02,NPR
2026-01-14,ACC0000005010,17143.25,10721.12,33817.63,-5953.26,NPR
2026-01-14,ACC0000005011,69205.63,12978.72,45137.37,37046.98,NPR
2026-01-14,ACC0000005012,415734.91,7962.22,74837.79,348859.34,NPR
2026-01-14,ACC0000005013,194856.67,0.0,41107.9,153748.77,NPR
2026-01-14,ACC0000005014,47404.92,0.0,0.0,47404.92,NPR
2026-01-14,ACC0000005015,316894.76,0.0,28814.76,288080.0,NPR
2026-01-14,ACC0000005016,105701.66,0.0,24274.34,81427.32,NPR
2026-01-14,ACC0000005017,170259.1,0.0,115870.79,54388.31,NPR
2026-01-14,ACC0000005018,118847.75,24422.67,135530.71,7739.71,NPR
2026-01-14,ACC0000005019,211964.03,34495.11,45942.14,200517.0,NPR
2026-01-14,ACC0000005020,133856.15,10264.62,111015.59,33105.18,NPR
2026-01-14,ACC0000005021,280256.01,0.0,0.0,280256.01,NPR
2026-01-14,ACC0000005022,448817.88,0.0,44164.08,404653.8,NPR
2026-01-14,ACC0000005023,73066.01,0.0,10334.41,62731.6,NPR
2026-01-14,ACC0000005024,22586.94,0.0,63165.58,-40578.64,NPR
2026-01-14,ACC0000005025,289555.28,0.0,52431.05,237124.23,NPR
2026-01-14,ACC0000005026,239358.46,8979.54,41453.72,206884.28,NPR
2026-01-14,ACC0000005027,78936.22,44106.11,13985.5,109056.83,NPR
2026-01-14,ACC0000005028,132649.36,0.0,79997.86,52651.5,NPR
2026-01-14,ACC0000005029,223043.9,0.0,146755.04,76288.86,NPR
2026-01-14,ACC0000005030,419195.66,23195.8,23072.15,419319.31,NPR
2026-01-14,ACC0000005031,432131.81,0.0,136351.14,295780.67,NPR
2026-01-14,ACC0000005032,63295.35,0.0,90240.28,-26944.93,NPR
2026-01-14,ACC0000005033,499468.66,21291.4,6485.41,514274.65,NPR
2026-01-14,ACC0000005034,131181.18,0.0,41990.55,89190.63,NPR
2026-01-14,ACC0000005035,437427.78,0.0,24559.74,412868.04,NPR
2026-01-14,ACC0000005036,216924.11,0.0,10597.34,206326.77,NPR
2026-01-14,ACC0000005037,379440.9,17304.6,68404.82,328340.68,NPR
2026-01-14,ACC0000005038,479295.56,14462.28,50339.2,443418.64,NPR
2026-01-14,ACC0000005039,81349.78,0.0,71433.55,9916.23,NPR
2026-01-14,ACC0000005040,318805.94,0.0,0.0,318805.94,NPR
2026-01-14,ACC0000005041,316313.29,0.0,40564.22,275749.07,NPR
2026-01-14,ACC0000005042,165402.93,0.0,0.0,165402.93,NPR
2026-01-14,ACC0000005043,308005.24,0.0,0.0,308005.24,NPR
2026-01-14,ACC0000005044,97475.61,0.0,54191.4,43284.21,NPR
2026-01-14,ACC0000005045,342938.7,0.0,0.0,342938.7,NPR
2026-01-14,ACC0000005046,258706.08,0.0,43046.1,215659.98,NPR
2026-01-14,ACC0000005047,395303.26,0.0,67267.09,328036.17,NPR
2026-01-14,ACC0000005048,6163.17,0.0,11275.65,-5112.48,NPR
2026-01-14,ACC0000005049,53591.24,0.0,32196.15,21395.09,NPR
2026-01-14,ACC0000005050,487927.36,0.0,0.0,487927.36,NPR
2026-01-14,ACC0000005051,284299.52,0.0,118695.47,165604.05,NPR
2026-01-14,ACC0000005052,384375.51,0.0,97396.55,286978.96,NPR
2026-01-14,ACC0000005053,437518.47,82630.25,109321.95,410826.77,NPR
2026-01-14,ACC0000005054,148999.78,30049.56,27625.88,151423.46,NPR
2026-01-14,ACC0000005055,120816.98,0.0,0.0,120816.98,NPR
2026-01-14,ACC0000005056,416121.99,0.0,20210.09,395911.9,NPR
2026-01-14,ACC0000005057,250225.23,0.0,0.0,250225.23,NPR
2026-01-14,ACC0000005058,58559.53,0.0,91335.89,-32776.36,NPR
2026-01-14,ACC0000005059,112789.51,0.0,0.0,112789.51,NPR
2026-01-14,ACC0000005060,456457.51,86457.06,35129.15,507785.42,NPR
2026-01-14,ACC0000005061,195075.35,0.0,68124.44,126950.91,NPR
2026-01-14,ACC0000005062,178949.67,0.0,0.0,178949.67,NPR
2026-01-14,ACC0000005063,470496.94,0.0,65296.78,405200.16,NPR
2026-01-14,ACC0000005064,74795.49,0.0,249001.77,-174206.28,NPR
2026-01-14,ACC0000005065,284256.16,697.27,0.0,284953.43,NPR
2026-01-14,ACC0000005066,393639.22,0.0,64256.64,329382.58,NPR
2026-01-14,ACC0000005067,358442.93,34104.56,55659.87,336887.62,NPR
2026-01-14,ACC0000005068,180958.06,0.0,0.0,180958.06,NPR
2026-01-14,ACC0000005069,327251.76,0.0,3597.44,323654.32,NPR
2026-01-14,ACC0000005070,9300.43,1086.75,100303.76,-89916.58,NPR
2026-01-14,ACC0000005071,292522.75,0.0,109114.87,183407.88,NPR
2026-01-14,ACC0000005072,113206.34,0.0,0.0,113206.34,NPR
2026-01-14,ACC0000005073,277257.88,14014.91,34879.66,256393.13,NPR
2026-01-14,ACC0000005074,306479.03,0.0,78418.43,228060.6,NPR
2026-01-14,ACC0000005075,302072.86,0.0,38834.81,263238.05,NPR
2026-01-14,ACC0000005076,488666.37,61270.96,24535.65,525401.68,NPR
2026-01-14,ACC0000005077,283905.1,15431.47,12021.01,287315.56,NPR
2026-01-14,ACC0000005078,288253.61,0.0,0.0,288253.61,NPR
2026-01-14,ACC0000005079,199532.29,0.0,0.0,199532.29,NPR
2026-01-14,ACC0000005080,333490.32,49087.55,56405.29,326172.58,NPR
2026-01-14,ACC0000005081,393244.04,0.0,21382.27,371861.77,NPR
2026-01-14,ACC0000005082,189834.22,0.0,47223.22,142611.0,NPR
2026-01-14,ACC0000005083,459649.7,17731.86,0.0,477381.56,NPR
2026-01-14,ACC0000005084,35211.65,0.0,0.0,35211.65,NPR
2026-01-14,ACC0000005085,93106.78,0.0,8376.36,84730.42,NPR
2026-01-14,ACC0000005086,379889.9,8359.64,130311.82,257937.72,NPR
2026-01-14,ACC0000005087,120927.06,0.0,67223.34,53703.72,NPR
2026-01-14,ACC0000005088,398860.81,0.0,0.0,398860.81,NPR
2026-01-14,ACC0000005089,95285.47,9942.7,9628.4,95599.77,NPR
2026-01-14,ACC0000005090,114736.96,35489.95,68940.71,81286.2,NPR
2026-01-14,ACC0000005091,410493.05,0.0,43856.57,366636.48,NPR
2026-01-14,ACC0000005092,170149.6,0.0,136950.4,33199.2,NPR
2026-01-14,ACC0000005093,310893.1,37769.87,86562.0,262100.97,NPR
2026-01-14,ACC0000005094,252910.7,0.0,27286.26,225624.44,NPR
2026-01-14,ACC0000005095,235306.37,0.0,40287.86,195018.51,NPR
2026-01-14,ACC0000005096,277848.69,0.0,54872.62,222976.07,NPR
2026-01-14,ACC0000005097,256319.73,35107.02,4332.61,287094.14,NPR
2026-01-14,ACC0000005098,142550.78,0.0,37621.06,104929.72,NPR
2026-01-14,ACC0000005099,289960.36,47985.48,56976.8,280969.04,NPR
2026-01-14,ACC0000005100,459886.78,19307.65,0.0,479194.43,NPR
2026-01-14,ACC0000005101,153290.8,0.0,73678.77,79612.03,NPR
2026-01-14,ACC0000005102,217330.27,43718.48,99171.93,161876.82,NPR
2026-01-14,ACC0000005103,99101.17,7868.57,143102.84,-36133.1,NPR
2026-01-14,ACC0000005104,102753.98,38462.49,0.0,141216.47,NPR
2026-01-14,ACC0000005105,274059.03,0.0,0.0,274059.03,NPR
2026-01-14,ACC0000005106,92845.31,54120.59,76612.77,70353.13,NPR
2026-01-14,ACC0000005107,407089.3,0.0,86605.57,320483.73,NPR
2026-01-14,ACC0000005108,72626.97,0.0,43506.68,29120.29,NPR
2026-01-14,ACC0000005109,207764.74,0.0,28416.25,179348.49,NPR
2026-01-14,ACC0000005110,107799.9,0.0,0.0,107799.9,NPR
2026-01-14,ACC0000005111,119506.62,0.0,0.0,119506.62,NPR
2026-01-14,ACC0000005112,326004.29,0.0,0.0,326004.29,NPR
2026-01-14,ACC0000005113,122189.15,0.0,96307.57,25881.58,NPR
2026-01-14,ACC0000005114,395997.71,0.0,24188.94,371808.77,NPR
2026-01-14,ACC0000005115,53480.55,0.0,113777.22,-60296.67,NPR
2026-01-14,ACC0000005116,272821.13,49796.51,107475.38,215142.26,NPR
2026-01-14,ACC0000005117,204238.43,20658.22,53857.13,171039.52,NPR
2026-01-14,ACC0000005118,479924.0,0.0,35282.98,444641.02,NPR
2026-01-14,ACC0000005119,292324.35,40220.57,0.0,332544.92,NPR
2026-01-14,ACC0000005120,189586.05,0.0,10334.12,179251.93,NPR
2026-01-14,ACC0000005121,2347.16,71059.19,0.0,73406.35,NPR
2026-01-14,ACC0000005122,269262.32,38033.67,48325.38,258970.61,NPR
2026-01-14,ACC0000005123,54893.65,0.0,0.0,54893.65,NPR
2026-01-14,ACC0000005124,436998.16,0.0,84845.9,352152.26,NPR
2026-01-14,ACC0000005125,322790.81,0.0,43244.39,279546.42,NPR
2026-01-14,ACC0000005126,400910.56,0.0,20382.06,380528.5,NPR
2026-01-14,ACC0000005127,164347.08,66907.15,21118.57,210135.66,NPR
2026-01-14,ACC0000005128,276106.56,40843.54,0.0,316950.1,NPR
2026-01-14,ACC0000005129,70068.62,17815.17,52465.84,35417.95,NPR
2026-01-14,ACC0000005130,228148.89,24004.36,135815.91,116337.34,NPR
2026-01-14,ACC0000005131,320797.44,0.0,0.0,320797.44,NPR
2026-01-14,ACC0000005132,281042.74,36744.22,31217.92,286569.04,NPR
2026-01-14,ACC0000005133,487336.25,40962.58,42589.13,485709.7,NPR
2026-01-14,ACC0000005134,350564.62,0.0,0.0,350564.62,NPR
2026-01-14,ACC0000005135,95877.08,0.0,0.0,95877.08,NPR
2026-01-14,ACC0000005136,283763.97,0.0,0.0,283763.97,NPR
2026-01-14,ACC0000005137,333438.4,32060.6,100510.53,264988.47,NPR
2026-01-14,ACC0000005138,121096.15,0.0,0.0,121096.15,NPR
2026-01-14,ACC0000005139,57623.53,0.0,30705.71,26917.82,NPR
2026-01-14,ACC0000005140,336067.83,0.0,0.0,336067.83,NPR
2026-01-14,ACC0000005141,88473.51,0.0,97142.12,-8668.61,NPR
2026-01-14,ACC0000005142,371543.18,2879.93,41368.36,333054.75,NPR
2026-01-14,ACC0000005143,16155.63,33962.9,22533.46,27585.07,NPR
2026-01-14,ACC0000005144,352942.1,12105.32,0.0,365047.42,NPR
2026-01-14,ACC0000005145,250586.28,38151.66,53986.47,234751.47,NPR
2026-01-14,ACC0000005146,43791.42,0.0,28358.88,15432.54,NPR
2026-01-14,ACC0000005147,181074.98,0.0,42088.07,138986.91,NPR
2026-01-14,ACC0000005148,298843.41,0.0,0.0,298843.41,NPR
2026-01-14,ACC0000005149,440733.82,24096.76,36489.04,428341.54,NPR
2026-01-14,ACC0000005150,161772.57,0.0,0.0,161772.57,NPR
2026-01-14,ACC0000005151,233802.33,17885.72,85094.51,166593.54,NPR
2026-01-14,ACC0000005152,109417.1,21704.45,0.0,131121.55,NPR
2026-01-14,ACC0000005153,185665.53,0.0,48409.53,137256.0,NPR
2026-01-14,ACC0000005154,478035.35,0.0,33561.7,444473.65,NPR
2026-01-14,ACC0000005155,257915.32,7497.36,51023.95,214388.73,NPR
2026-01-14,ACC0000005156,165711.83,46750.83,120667.84,91794.82,NPR
2026-01-14,ACC0000005157,194558.87,0.0,41640.65,152918.22,NPR
2026-01-14,ACC0000005158,101173.69,0.0,83742.8,17430.89,NPR
2026-01-14,ACC0000005159,206965.28,0.0,100589.72,106375.56,NPR
2026-01-14,ACC0000005160,159766.57,0.0,24157.96,135608.61,NPR
2026-01-14,ACC0000005161,261076.82,0.0,0.0,261076.82,NPR
2026-01-14,ACC0000005162,360314.24,86877.98,61933.77,385258.45,NPR
2026-01-14,ACC0000005163,261046.37,9069.76,42321.81,227794.32,NPR
2026-01-14,ACC0000005164,185460.28,0.0,112789.65,72670.63,NPR
2026-01-14,ACC0000005165,272867.53,0.0,19056.79,253810.74,NPR
2026-01-14,ACC0000005166,493723.43,0.0,30241.92,463481.51,NPR
2026-01-14,ACC0000005167,403333.96,0.0,85581.06,317752.9,NPR
2026-01-14,ACC0000005168,400307.71,18936.66,0.0,419244.37,NPR
2026-01-14,ACC0000005169,179853.5,45665.66,11225.82,214293.34,NPR
2026-01-14,ACC0000005170,493026.17,0.0,88398.37,404627.8,NPR
2026-01-14,ACC0000005171,396767.98,25348.09,16044.96,406071.11,NPR
2026-01-14,ACC0000005172,418996.83,46439.96,37597.22,427839.57,NPR
2026-01-14,ACC0000005173,21060.72,0.0,0.0,21060.72,NPR
2026-01-14,ACC0000005174,73577.29,0.0,37370.46,36206.83,NPR
2026-01-14,ACC0000005175,338688.74,0.0,0.0,338688.74,NPR
2026-01-14,ACC0000005176,387733.99,0.0,0.0,387733.99,NPR
2026-01-14,ACC0000005177,230391.07,0.0,61070.39,169320.68,NPR
2026-01-14,ACC0000005178,9056.19,0.0,103792.91,-94736.72,NPR
2026-01-14,ACC0000005179,89165.51,0.0,52090.51,37075.0,NPR
2026-01-14,ACC0000005180,11640.89,13079.85,7527.66,17193.08,NPR
2026-01-14,ACC0000005181,224217.38,0.0,0.0,224217.38,NPR
2026-01-14,ACC0000005182,113350.49,0.0,8899.93,104450.56,NPR
2026-01-14,ACC0000005183,279952.09,36818.62,67698.84,249071.87,NPR
2026-01-14,ACC0000005184,175590.83,0.0,48325.93,127264.9,NPR
2026-01-14,ACC0000005185,340892.52,6384.11,44427.74,302848.89,NPR
2026-01-14,ACC0000005186,131780.17,0.0,0.0,131780.17,NPR
2026-01-14,ACC0000005187,189410.93,0.0,49441.08,139969.85,NPR
2026-01-14,ACC0000005188,456055.85,0.0,0.0,456055.85,NPR
2026-01-14,ACC0000005189,6122.33,0.0,0.0,6122.33,NPR
2026-01-14,ACC0000005190,156461.06,48484.07,56683.09,148262.04,NPR
2026-01-14,ACC0000005191,220931.06,0.0,0.0,220931.06,NPR
2026-01-14,ACC0000005192,355533.14,0.0,53869.82,301663.32,NPR
2026-01-14,ACC0000005193,306539.02,43510.13,24506.58,325542.57,NPR
2026-01-14,ACC0000005194,397878.94,0.0,69355.19,328523.75,NPR
2026-01-14,ACC0000005195,205528.68,0.0,0.0,205528.68,NPR
2026-01-14,ACC0000005196,447019.01,0.0,116252.75,330766.26,NPR
2026-01-14,ACC0000005197,203613.26,39554.48,81400.19,161767.55,NPR
2026-01-14,ACC0000005198,492179.53,40387.95,53170.97,479396.51,NPR
2026-01-14,ACC0000005199,280951.9,34907.13,16935.7,298923.33,NPR
2026-01-14,ACC0000005200,169978.71,39541.94,34199.33,175321.32,NPR
2026-01-14,ACC0000005201,241099.36,0.0,0.0,241099.36,NPR
2026-01-14,ACC0000005202,351458.23,0.0,27697.21,323761.02,NPR
2026-01-14,ACC0000005203,110692.32,0.0,90698.75,19993.57,NPR
2026-01-14,ACC0000005204,239324.96,18029.44,28471.47,228882.93,NPR
2026-01-14,ACC0000005205,243443.4,0.0,34706.39,208737.01,NPR
2026-01-14,ACC0000005206,58452.98,5182.48,70305.32,-6669.86,NPR
2026-01-14,ACC0000005207,234894.61,0.0,73445.7,161448.91,NPR
2026-01-14,ACC0000005208,238686.6,0.0,0.0,238686.6,NPR
2026-01-14,ACC0000005209,67647.49,33991.89,47299.99,54339.39,NPR
2026-01-14,ACC0000005210,346607.91,8369.02,106631.19,248345.74,NPR
2026-01-14,ACC0000005211,63211.18,0.0,0.0,63211.18,NPR
2026-01-14,ACC0000005212,181219.52,3542.56,35726.9,149035.18,NPR
2026-01-14,ACC0000005213,257154.35,18396.48,44719.26,230831.57,NPR
2026-01-14,ACC0000005214,364272.38,0.0,32265.51,332006.87,NPR
2026-01-14,ACC0000005215,306199.24,0.0,87459.4,218739.84,NPR
2026-01-14,ACC0000005216,178138.61,0.0,0.0,178138.61,NPR
2026-01-14,ACC0000005217,1446.35,0.0,32392.43,-30946.08,NPR
2026-01-14,ACC0000005218,492225.47,0.0,7440.17,484785.3,NPR
2026-01-14,ACC0000005219,131975.87,0.0,0.0,131975.87,NPR
2026-01-14,ACC0000005220,246076.28,0.0,43669.74,202406.54,NPR
2026-01-14,ACC0000005221,398314.16,0.0,0.0,398314.16,NPR
2026-01-14,ACC0000005222,434325.29,32237.14,0.0,466562.43,NPR
2026-01-14,ACC0000005223,63568.23,17499.6,13688.77,67379.06,NPR
2026-01-14,ACC0000005224,499910.67,41095.66,0.0,541006.33,NPR
2026-01-14,ACC0000005225,80239.21,35878.9,42421.26,73696.85,NPR
2026-01-14,ACC0000005226,413847.03,6138.78,14386.55,405599.26,NPR
2026-01-14,ACC0000005227,107255.73,13345.34,117871.15,2729.92,NPR
2026-01-14,ACC0000005228,264681.41,30588.98,49439.11,245831.28,NPR
2026-01-14,ACC0000005229,65802.89,23842.3,40936.24,48708.95,NPR
2026-01-14,ACC0000005230,72366.5,45744.57,6062.57,112048.5,NPR
2026-01-14,ACC0000005231,404516.01,0.0,24479.02,380036.99,NPR
2026-01-14,ACC0000005232,28452.0,48503.37,34836.06,42119.31,NPR
2026-01-14,ACC0000005233,446911.83,0.0,23211.16,423700.67,NPR
2026-01-14,ACC0000005234,418551.85,0.0,45452.91,373098.94,NPR
2026-01-14,ACC0000005235,321579.48,0.0,25815.28,295764.2,NPR
2026-01-14,ACC0000005236,32572.68,0.0,46327.75,-13755.07,NPR
2026-01-14,ACC0000005237,420894.09,0.0,24060.59,396833.5,NPR
2026-01-14,ACC0000005238,447907.94,0.0,26069.78,421838.16,NPR
2026-01-14,ACC0000005239,383587.22,36129.83,8960.06,410756.99,NPR
2026-01-14,ACC0000005240,455002.21,47996.11,0.0,502998.32,NPR
2026-01-14,ACC0000005241,422611.38,0.0,5856.92,416754.46,NPR
2026-01-14,ACC0000005242,182526.04,0.0,110341.84,72184.2,NPR
2026-01-14,ACC0000005243,69679.55,0.0,68753.98,925.57,NPR
2026-01-14,ACC0000005244,387661.07,0.0,62940.37,324720.7,NPR
2026-01-14,ACC0000005245,412183.68,49345.68,0.0,461529.36,NPR
2026-01-14,ACC0000005246,32481.78,0.0,27589.66,4892.12,NPR
2026-01-14,ACC0000005247,443537.47,0.0,78011.83,365525.64,NPR
2026-01-14,ACC0000005248,301759.15,0.0,135519.11,166240.04,NPR
2026-01-14,ACC0000005249,120346.87,0.0,72443.07,47903.8,NPR
2026-01-14,ACC0000005250,331975.6,0.0,0.0,331975.6,NPR
2026-01-14,ACC0000005251,195940.42,63829.06,109718.88,150050.6,NPR
2026-01-14,ACC0000005252,308643.84,0.0,0.0,308643.84,NPR
2026-01-14,ACC0000005253,121456.5,0.0,0.0,121456.5,NPR
2026-01-14,ACC0000005254,413809.76,0.0,0.0,413809.76,NPR
2026-01-14,ACC0000005255,41133.69,0.0,0.0,41133.69,NPR
2026-01-14,ACC0000005256,344682.49,40395.79,64000.96,321077.32,NPR
2026-01-14,ACC0000005257,94438.45,0.0,58583.54,35854.91,NPR
2026-01-14,ACC0000005258,295597.43,0.0,10475.77,285121.66,NPR
2026-01-14,ACC0000005259,101142.5,0.0,77794.64,23347.86,NPR
2026-01-14,ACC0000005260,410652.1,0.0,45211.15,365440.95,NPR
2026-01-14,ACC0000005261,430501.28,12278.94,2348.9,440431.32,NPR
2026-01-14,ACC0000005262,80204.96,76639.92,131366.09,25478.79,NPR
2026-01-14,ACC0000005263,323144.54,0.0,85468.31,237676.23,NPR
2026-01-14,ACC0000005264,201033.81,31464.45,77576.22,154922.04,NPR
2026-01-14,ACC0000005265,120916.21,15923.91,87585.64,49254.48,NPR
2026-01-14,ACC0000005266,350596.67,283.61,45737.03,305143.25,NPR
2026-01-14,ACC0000005267,212805.96,48789.82,59956.56,201639.22,NPR
2026-01-14,ACC0000005268,44482.87,0.0,49670.39,-5187.52,NPR
2026-01-14,ACC0000005269,146314.31,0.0,8425.08,137889.23,NPR
2026-01-14,ACC0000005270,258709.34,33511.2,48534.81,243685.73,NPR
2026-01-14,ACC0000005271,377903.89,0.0,23687.08,354216.81,NPR
2026-01-14,ACC0000005272,76535.81,0.0,115545.69,-39009.88,NPR
2026-01-14,ACC0000005273,191076.91,0.0,61758.7,129318.21,NPR
2026-01-14,ACC0000005274,14985.42,0.0,0.0,14985.42,NPR
2026-01-14,ACC0000005275,232418.34,23665.49,35402.65,220681.18,NPR
2026-01-14,ACC0000005276,308223.66,0.0,154976.82,153246.84,NPR
2026-01-14,ACC0000005277,99963.6,0.0,0.0,99963.6,NPR
2026-01-14,ACC0000005278,279908.86,37158.01,0.0,317066.87,NPR
2026-01-14,ACC0000005279,400794.33,69460.45,198136.46,272118.32,NPR
2026-01-14,ACC0000005280,165449.53,0.0,0.0,165449.53,NPR
2026-01-14,ACC0000005281,174387.91,0.0,24143.15,150244.76,NPR
2026-01-14,ACC0000005282,285446.6,0.0,25198.43,260248.17,NPR
2026-01-14,ACC0000005283,334925.3,0.0,85358.68,249566.62,NPR
2026-01-14,ACC0000005284,285014.42,76091.04,57206.32,303899.14,NPR
2026-01-14,ACC0000005285,473739.52,0.0,82748.52,390991.0,NPR
2026-01-14,ACC0000005286,66478.5,0.0,0.0,66478.5,NPR
2026-01-14,ACC0000005287,343210.78,43402.2,4455.28,382157.7,NPR
2026-01-14,ACC0000005288,398507.98,0.0,0.0,398507.98,NPR
2026-01-14,ACC0000005289,101144.4,0.0,99374.74,1769.66,NPR
2026-01-14,ACC0000005290,434165.57,31932.09,32157.35,433940.31,NPR
2026-01-14,ACC0000005291,152503.32,0.0,0.0,152503.32,NPR
2026-01-14,ACC0000005292,444589.85,0.0,0.0,444589.85,NPR
2026-01-14,ACC0000005293,206828.83,0.0,67057.5,139771.33,NPR
2026-01-14,ACC0000005294,306114.37,26892.12,47774.51,285231.98,NPR
2026-01-14,ACC0000005295,245984.25,47464.65,8008.69,285440.21,NPR
2026-01-14,ACC0000005296,487996.71,0.0,0.0,487996.71,NPR
2026-01-14,ACC0000005297,143916.76,0.0,0.0,143916.76,NPR
2026-01-14,ACC0000005298,429167.61,0.0,121212.76,307954.85,NPR
2026-01-14,ACC0000005299,404683.22,56874.31,89396.27,372161.26,NPR
2026-01-14,ACC0000005300,372554.99,34848.56,21526.91,385876.64,NPR
2026-01-14,ACC0000005301,380602.39,14495.09,35687.85,359409.63,NPR
2026-01-14,ACC0000005302,359124.06,0.0,0.0,359124.06,NPR
2026-01-14,ACC0000005303,127285.65,0.0,66978.89,60306.76,NPR
2026-01-14,ACC0000005304,417620.88,0.0,0.0,417620.88,NPR
2026-01-14,ACC0000005305,165405.4,0.0,0.0,165405.4,NPR
2026-01-14,ACC0000005306,293451.58,0.0,69288.12,224163.46,NPR
2026-01-14,ACC0000005307,24939.81,0.0,22109.55,2830.26,NPR
2026-01-14,ACC0000005308,338967.76,0.0,25788.46,313179.3,NPR
2026-01-14,ACC0000005309,333579.93,0.0,0.0,333579.93,NPR
2026-01-14,ACC0000005310,71513.15,9783.76,79098.35,2198.56,NPR
2026-01-14,ACC0000005311,203465.0,4922.88,104799.22,103588.66,NPR
2026-01-14,ACC0000005312,163637.37,24840.48,32366.27,156111.58,NPR
2026-01-14,ACC0000005313,215627.32,0.0,33700.41,181926.91,NPR
2026-01-14,ACC0000005314,436602.05,0.0,115240.94,321361.11,NPR
2026-01-14,ACC0000005315,96961.04,0.0,131511.18,-34550.14,NPR
2026-01-14,ACC0000005316,224626.56,0.0,89010.04,135616.52,NPR
2026-01-14,ACC0000005317,425769.07,0.0,26727.56,399041.51,NPR
2026-01-14,ACC0000005318,278287.62,0.0,0.0,278287.62,NPR
2026-01-14,ACC0000005319,175233.0,0.0,34834.89,140398.11,NPR
2026-01-14,ACC0000005320,280501.9,0.0,0.0,280501.9,NPR
2026-01-14,ACC0000005321,125953.22,24823.47,50670.62,100106.07,NPR
2026-01-14,ACC0000005322,141512.87,0.0,81991.27,59521.6,NPR
2026-01-14,ACC0000005323,247853.28,0.0,0.0,247853.28,NPR
2026-01-14,ACC0000005324,61784.07,0.0,58732.87,3051.2,NPR
2026-01-14,ACC0000005325,63247.03,0.0,0.0,63247.03,NPR
2026-01-14,ACC0000005326,268648.19,0.0,155597.32,113050.87,NPR
2026-01-14,ACC0000005327,92808.01,0.0,47740.24,45067.77,NPR
2026-01-14,ACC0000005328,353047.46,0.0,0.0,353047.46,NPR
2026-01-14,ACC0000005329,375704.72,0.0,59251.65,316453.07,NPR
2026-01-14,ACC0000005330,167187.81,0.0,0.0,167187.81,NPR
2026-01-14,ACC0000005331,300580.43,0.0,157672.49,142907.94,NPR
2026-01-14,ACC0000005332,236874.0,58274.76,0.0,295148.76,NPR
2026-01-14,ACC0000005333,4407.19,0.0,0.0,4407.19,NPR
2026-01-14,ACC0000005334,327312.93,0.0,83601.35,243711.58,NPR
2026-01-14,ACC0000005335,360925.69,0.0,72971.31,287954.38,NPR
2026-01-14,ACC0000005336,411517.01,26616.62,121336.86,316796.77,NPR
2026-01-14,ACC0000005337,281463.47,22560.21,40322.82,263700.86,NPR
2026-01-14,ACC0000005338,497706.38,0.0,30790.35,466916.03,NPR
2026-01-14,ACC0000005339,384553.22,0.0,30684.61,353868.61,NPR
2026-01-14,ACC0000005340,75255.13,73.56,0.0,75328.69,NPR
2026-01-14,ACC0000005341,269575.85,0.0,0.0,269575.85,NPR
2026-01-14,ACC0000005342,344212.38,0.0,0.0,344212.38,NPR
2026-01-14,ACC0000005343,260585.65,0.0,43781.78,216803.87,NPR
2026-01-14,ACC0000005344,487239.35,0.0,35433.86,451805.49,NPR
2026-01-14,ACC0000005345,278048.45,0.0,0.0,278048.45,NPR
2026-01-14,ACC0000005346,407087.15,15936.18,69677.23,353346.1,NPR
2026-01-14,ACC0000005347,353807.9,75434.21,28089.51,401152.6,NPR
2026-01-14,ACC0000005348,444871.22,0.0,60218.74,384652.48,NPR
2026-01-14,ACC0000005349,216481.87,0.0,0.0,216481.87,NPR
2026-01-14,ACC0000005350,222014.39,48554.29,70143.83,200424.85,NPR
2026-01-14,ACC0000005351,341399.7,2085.05,54155.81,289328.94,NPR
2026-01-14,ACC0000005352,377917.51,0.0,0.0,377917.51,NPR
2026-01-14,ACC0000005353,277487.21,78597.46,101617.18,254467.49,NPR
2026-01-14,ACC0000005354,447428.75,0.0,0.0,447428.75,NPR
2026-01-14,ACC0000005355,344483.72,0.0,108503.77,235979.95,NPR
2026-01-14,ACC0000005356,118065.98,15199.8,0.0,133265.78,NPR
2026-01-14,ACC0000005357,280398.19,0.0,46685.63,233712.56,NPR
2026-01-14,ACC0000005358,495921.88,0.0,0.0,495921.88,NPR
2026-01-14,ACC0000005359,339864.19,42051.42,33427.35,348488.26,NPR
2026-01-14,ACC0000005360,18733.98,0.0,0.0,18733.98,NPR
2026-01-14,ACC0000005361,376470.85,0.0,0.0,376470.85,NPR
2026-01-14,ACC0000005362,414327.55,0.0,140138.99,274188.56,NPR
2026-01-14,ACC0000005363,335504.37,19737.02,168132.11,187109.28,NPR
2026-01-14,ACC0000005364,443780.49,9701.82,48144.95,405337.36,NPR
2026-01-14,ACC0000005365,339749.15,66218.24,1552.47,404414.92,NPR
2026-01-14,ACC0000005366,248361.15,47820.69,65321.98,230859.86,NPR
2026-01-14,ACC0000005367,173807.88,0.0,174578.2,-770.32,NPR
2026-01-14,ACC0000005368,217252.82,47152.68,0.0,264405.5,NPR
2026-01-14,ACC0000005369,272067.55,45762.64,41252.59,276577.6,NPR
2026-01-14,ACC0000005370,196621.82,26614.93,92131.22,131105.53,NPR
2026-01-14,ACC0000005371,299461.53,0.0,100273.33,199188.2,NPR
2026-01-14,ACC0000005372,384371.86,0.0,0.0,384371.86,NPR
2026-01-14,ACC0000005373,316470.53,0.0,61913.14,254557.39,NPR
2026-01-14,ACC0000005374,451599.07,0.0,67902.68,383696.39,NPR
2026-01-14,ACC0000005375,283238.22,0.0,129162.37,154075.85,NPR
2026-01-14,ACC0000005376,464551.09,0.0,9278.06,455273.03,NPR
2026-01-14,ACC0000005377,22779.26,0.0,37769.49,-14990.23,NPR
2026-01-14,ACC0000005378,358010.56,0.0,47044.71,310965.85,NPR
2026-01-14,ACC0000005379,428154.28,0.0,0.0,428154.28,NPR
2026-01-14,ACC0000005380,231376.81,0.0,138531.06,92845.75,NPR
2026-01-14,ACC0000005381,7218.41,0.0,0.0,7218.41,NPR
2026-01-14,ACC0000005382,96100.14,35294.21,126099.48,5294.87,NPR
2026-01-14,ACC0000005383,325706.6,0.0,35452.84,290253.76,NPR
2026-01-14,ACC0000005384,147388.15,0.0,27437.22,119950.93,NPR
2026-01-14,ACC0000005385,348096.51,41050.58,29941.19,359205.9,NPR
2026-01-14,ACC0000005386,22986.52,42737.56,1638.18,64085.9,NPR
2026-01-14,ACC0000005387,16907.63,0.0,33196.81,-16289.18,NPR
2026-01-14,ACC0000005388,306079.01,16517.79,108055.05,214541.75,NPR
2026-01-14,ACC0000005389,227474.14,11189.05,24095.04,214568.15,NPR
2026-01-14,ACC0000005390,115423.71,0.0,2769.38,112654.33,NPR
2026-01-14,ACC0000005391,143084.69,0.0,95968.37,47116.32,NPR
2026-01-14,ACC0000005392,157301.73,0.0,68127.89,89173.84,NPR
2026-01-14,ACC0000005393,199172.02,0.0,100814.96,98357.06,NPR
2026-01-14,ACC0000005394,13855.34,0.0,53035.49,-39180.15,NPR
2026-01-14,ACC0000005395,493088.74,0.0,43807.21,449281.53,NPR
2026-01-14,ACC0000005396,74475.55,6775.46,79272.25,1978.76,NPR
2026-01-14,ACC0000005397,377270.07,0.0,80012.55,297257.52,NPR
2026-01-14,ACC0000005398,411938.71,0.0,39822.66,372116.05,NPR
2026-01-14,ACC0000005399,229677.06,0.0,40804.9,188872.16,NPR
2026-01-14,ACC0000005400,37290.91,0.0,0.0,37290.91,NPR
2026-01-14,ACC0000005401,202964.82,0.0,99404.77,103560.05,NPR
2026-01-14,ACC0000005402,98311.64,0.0,56318.79,41992.85,NPR
2026-01-14,ACC0000005403,60531.65,0.0,87806.99,-27275.34,NPR
2026-01-14,ACC0000005404,435558.5,0.0,30676.9,404881.6,NPR
2026-01-14,ACC0000005405,264418.83,21257.0,118528.9,167146.93,NPR
2026-01-14,ACC0000005406,17430.15,22871.3,66521.43,-26219.98,NPR
2026-01-14,ACC0000005407,429027.22,0.0,33984.78,395042.44,NPR
2026-01-14,ACC0000005408,52940.27,34982.88,9168.96,78754.19,NPR
2026-01-14,ACC0000005409,181013.11,0.0,73685.24,107327.87,NPR
2026-01-14,ACC0000005410,359019.88,0.0,0.0,359019.88,NPR
2026-01-14,ACC0000005411,472448.53,48081.59,16203.61,504326.51,NPR
2026-01-14,ACC0000005412,327448.42,16788.58,114618.51,229618.49,NPR
2026-01-14,ACC0000005413,215402.97,0.0,32555.79,182847.18,NPR
2026-01-14,ACC0000005414,143354.09,0.0,87478.38,55875.71,NPR
2026-01-14,ACC0000005415,287783.11,0.0,64871.5,222911.61,NPR
2026-01-14,ACC0000005416,474267.56,0.0,9892.57,464374.99,NPR
2026-01-14,ACC0000005417,410419.33,30103.31,129950.14,310572.5,NPR
2026-01-14,ACC0000005418,88169.22,28476.29,16128.57,100516.94,NPR
2026-01-14,ACC0000005419,258450.62,0.0,67285.64,191164.98,NPR
2026-01-14,ACC0000005420,332775.94,0.0,51367.73,281408.21,NPR
2026-01-14,ACC0000005421,471744.42,0.0,58744.27,413000.15,NPR
2026-01-14,ACC0000005422,88914.11,0.0,58311.86,30602.25,NPR
2026-01-14,ACC0000005423,55651.88,1403.97,97459.33,-40403.48,NPR
2026-01-14,ACC0000005424,70101.98,0.0,0.0,70101.98,NPR
2026-01-14,ACC0000005425,312823.03,0.0,29079.42,283743.61,NPR
2026-01-14,ACC0000005426,387103.25,0.0,52236.48,334866.77,NPR
2026-01-14,ACC0000005427,250249.37,0.0,82034.37,168215.0,NPR
2026-01-14,ACC0000005428,215012.63,0.0,0.0,215012.63,NPR
2026-01-14,ACC0000005429,497025.94,0.0,41566.95,455458.99,NPR
2026-01-14,ACC0000005430,76579.89,32056.38,150766.53,-42130.26,NPR
2026-01-14,ACC0000005431,20128.93,0.0,44720.14,-24591.21,NPR
2026-01-14,ACC0000005432,131966.93,0.0,50497.69,81469.24,NPR
2026-01-14,ACC0000005433,38418.68,0.0,116138.34,-77719.66,NPR
2026-01-14,ACC0000005434,69073.5,43605.3,82211.97,30466.83,NPR
2026-01-14,ACC0000005435,395689.38,0.0,30214.33,365475.05,NPR
2026-01-14,ACC0000005436,230138.2,0.0,0.0,230138.2,NPR
2026-01-14,ACC0000005437,224172.28,0.0,39134.12,185038.16,NPR
2026-01-14,ACC0000005438,170703.47,0.0,14301.37,156402.1,NPR
2026-01-14,ACC0000005439,355591.83,0.0,0.0,355591.83,NPR
2026-01-14,ACC0000005440,68337.25,0.0,9576.47,58760.78,NPR
2026-01-14,ACC0000005441,281556.47,41437.91,43045.8,279948.58,NPR
2026-01-14,ACC0000005442,167564.82,0.0,77456.48,90108.34,NPR
2026-01-14,ACC0000005443,318488.04,0.0,0.0,318488.04,NPR
2026-01-14,ACC0000005444,496755.62,51706.08,0.0,548461.7,NPR
2026-01-14,ACC0000005445,305949.09,0.0,0.0,305949.09,NPR
2026-01-14,ACC0000005446,220218.59,3726.34,151325.1,72619.83,NPR
2026-01-14,ACC0000005447,268353.81,0.0,0.0,268353.81,NPR
2026-01-14,ACC0000005448,430614.4,0.0,33929.61,396684.79,NPR
2026-01-14,ACC0000005449,373917.45,0.0,0.0,373917.45,NPR
2026-01-14,ACC0000005450,213534.98,0.0,56611.43,156923.55,NPR
2026-01-14,ACC0000005451,332844.44,0.0,36852.72,295991.72,NPR
2026-01-14,ACC0000005452,262971.24,0.0,41498.41,221472.83,NPR
2026-01-14,ACC0000005453,314297.75,33165.91,99367.02,248096.64,NPR
2026-01-14,ACC0000005454,40632.39,22428.62,87933.09,-24872.08,NPR
2026-01-14,ACC0000005455,318336.98,0.0,0.0,318336.98,NPR
2026-01-14,ACC0000005456,142366.64,0.0,41602.78,100763.86,NPR
2026-01-14,ACC0000005457,350611.52,0.0,10961.6,339649.92,NPR
2026-01-14,ACC0000005458,233066.48,0.0,0.0,233066.48,NPR
2026-01-14,ACC0000005459,217017.97,0.0,7943.61,209074.36,NPR
2026-01-14,ACC0000005460,201652.86,46591.68,101904.48,146340.06,NPR
2026-01-14,ACC0000005461,179311.43,0.0,40989.58,138321.85,NPR
2026-01-14,ACC0000005462,424848.31,0.0,88734.99,336113.32,NPR
2026-01-14,ACC0000005463,389299.38,0.0,0.0,389299.38,NPR
2026-01-14,ACC0000005464,434518.72,0.0,41915.16,392603.56,NPR
2026-01-14,ACC0000005465,194456.98,26111.14,0.0,220568.12,NPR
2026-01-14,ACC0000005466,190630.44,0.0,0.0,190630.44,NPR
2026-01-14,ACC0000005467,273574.51,0.0,50037.19,223537.32,NPR
2026-01-14,ACC0000005468,290734.0,35693.82,0.0,326427.82,NPR
2026-01-14,ACC0000005469,66413.91,30838.81,30661.07,66591.65,NPR
2026-01-14,ACC0000005470,50569.25,0.0,99534.11,-48964.86,NPR
2026-01-14,ACC0000005471,300574.6,0.0,0.0,300574.6,NPR
2026-01-14,ACC0000005472,415507.61,13178.62,60623.09,368063.14,NPR
2026-01-14,ACC0000005473,290822.8,0.0,48225.44,242597.36,NPR
2026-01-14,ACC0000005474,177032.74,0.0,85133.09,91899.65,NPR
2026-01-14,ACC0000005475,417564.66,0.0,52154.91,365409.75,NPR
2026-01-14,ACC0000005476,291020.91,0.0,0.0,291020.91,NPR
2026-01-14,ACC0000005477,307713.55,0.0,92988.66,214724.89,NPR
2026-01-14,ACC0000005478,414852.2,0.0,0.0,414852.2,NPR
2026-01-14,ACC0000005479,417954.36,0.0,0.0,417954.36,NPR
2026-01-14,ACC0000005480,361831.34,3774.6,56625.51,308980.43,NPR
2026-01-14,ACC0000005481,388298.82,0.0,141438.36,246860.46,NPR
2026-01-14,ACC0000005482,216475.84,0.0,44749.22,171726.62,NPR
2026-01-14,ACC0000005483,106963.32,0.0,37414.97,69548.35,NPR
2026-01-14,ACC0000005484,377250.19,19762.36,16636.41,380376.14,NPR
2026-01-14,ACC0000005485,199920.26,0.0,58641.8,141278.46,NPR
2026-01-14,ACC0000005486,190388.73,0.0,198730.08,-8341.35,NPR
2026-01-14,ACC0000005487,55664.45,0.0,49776.2,5888.25,NPR
2026-01-14,ACC0000005488,313514.89,0.0,0.0,313514.89,NPR
2026-01-14,ACC0000005489,368864.39,0.0,0.0,368864.39,NPR
2026-01-14,ACC0000005490,279203.02,0.0,124494.98,154708.04,NPR
2026-01-14,ACC0000005491,282675.04,0.0,0.0,282675.04,NPR
2026-01-14,ACC0000005492,285531.25,0.0,0.0,285531.25,NPR
2026-01-14,ACC0000005493,34685.46,3768.13,27874.03,10579.56,NPR
2026-01-14,ACC0000005494,485617.35,0.0,88656.91,396960.44,NPR
2026-01-14,ACC0000005495,45732.03,0.0,62659.37,-16927.34,NPR
2026-01-14,ACC0000005496,17729.3,3938.14,154998.86,-133331.42,NPR
2026-01-14,ACC0000005497,340645.13,0.0,33124.28,307520.85,NPR
2026-01-14,ACC0000005498,195731.08,0.0,0.0,195731.08,NPR
2026-01-14,ACC0000005499,113878.96,0.0,48742.55,65136.41,NPR
2026-01-14,ACC0000005500,219392.43,0.0,10898.35,208494.08,NPR
2026-01-14,ACC0000005501,407626.45,0.0,0.0,407626.45,NPR
2026-01-14,ACC0000005502,228734.42,6471.44,44510.46,190695.4,NPR
2026-01-14,ACC0000005503,200919.12,0.0,5987.05,194932.07,NPR
2026-01-14,ACC0000005504,196398.72,0.0,80311.13,116087.59,NPR
2026-01-14,ACC0000005505,169306.85,0.0,25895.45,143411.4,NPR
2026-01-14,ACC0000005506,341758.48,36969.39,10102.25,368625.62,NPR
2026-01-14,ACC0000005507,497752.52,0.0,44594.39,453158.13,NPR
2026-01-14,ACC0000005508,273621.97,22638.98,48452.45,247808.5,NPR
2026-01-14,ACC0000005509,479180.99,0.0,0.0,479180.99,NPR
2026-01-14,ACC0000005510,303393.99,16061.43,0.0,319455.42,NPR
2026-01-14,ACC0000005511,418790.61,0.0,64303.98,354486.63,NPR
2026-01-14,ACC0000005512,183642.34,0.0,14407.68,169234.66,NPR
2026-01-14,ACC0000005513,210464.93,23808.6,1623.69,232649.84,NPR
2026-01-14,ACC0000005514,116171.88,0.0,52003.42,64168.46,NPR
2026-01-14,ACC0000005515,28670.19,0.0,5732.91,22937.28,NPR
2026-01-14,ACC0000005516,458295.71,0.0,31281.96,427013.75,NPR
2026-01-14,ACC0000005517,116076.98,0.0,43461.97,72615.01,NPR
2026-01-14,ACC0000005518,416615.17,0.0,19074.23,397540.94,NPR
2026-01-14,ACC0000005519,37875.59,31119.71,97010.22,-28014.92,NPR
2026-01-14,ACC0000005520,102394.76,0.0,57591.24,44803.52,NPR
2026-01-14,ACC0000005521,125938.8,0.0,0.0,125938.8,NPR
2026-01-14,ACC0000005522,283502.58,13193.23,22765.29,273930.52,NPR
2026-01-14,ACC0000005523,252629.81,0.0,0.0,252629.81,NPR
2026-01-14,ACC0000005524,338285.49,0.0,0.0,338285.49,NPR
2026-01-14,ACC0000005525,414352.01,35481.05,205732.63,244100.43,NPR
2026-01-14,ACC0000005526,393791.81,2760.42,46581.19,349971.04,NPR
2026-01-14,ACC0000005527,250528.35,0.0,191141.13,59387.22,NPR
2026-01-14,ACC0000005528,265539.78,0.0,0.0,265539.78,NPR
2026-01-14,ACC0000005529,461787.26,0.0,0.0,461787.26,NPR
2026-01-14,ACC0000005530,321948.84,0.0,38698.58,283250.26,NPR
2026-01-14,ACC0000005531,379573.57,0.0,68624.38,310949.19,NPR
2026-01-14,ACC0000005532,157372.18,39550.51,64542.13,132380.56,NPR
2026-01-14,ACC0000005533,289425.0,27625.6,46423.45,270627.15,NPR
2026-01-14,ACC0000005534,247532.42,0.0,40662.57,206869.85,NPR
2026-01-14,ACC0000005535,217031.97,0.0,0.0,217031.97,NPR
2026-01-14,ACC0000005536,284644.5,0.0,0.0,284644.5,NPR
2026-01-14,ACC0000005537,71170.5,38701.91,161850.55,-51978.14,NPR
2026-01-14,ACC0000005538,263957.29,2722.56,33923.06,232756.79,NPR
2026-01-14,ACC0000005539,93029.03,0.0,0.0,93029.03,NPR
2026-01-14,ACC0000005540,260362.65,0.0,0.0,260362.65,NPR
2026-01-14,ACC0000005541,427039.47,22575.31,113928.59,335686.19,NPR
2026-01-14,ACC0000005542,390257.8,0.0,113009.88,277247.92,NPR
2026-01-14,ACC0000005543,70962.7,17353.85,15956.58,72359.97,NPR
2026-01-14,ACC0000005544,284947.74,36768.38,28259.45,293456.67,NPR
2026-01-14,ACC0000005545,251357.59,0.0,0.0,251357.59,NPR
2026-01-14,ACC0000005546,435897.54,0.0,0.0,435897.54,NPR
2026-01-14,ACC0000005547,182871.7,12701.26,39937.76,155635.2,NPR
2026-01-14,ACC0000005548,229713.63,28834.03,17392.73,241154.93,NPR
2026-01-14,ACC0000005549,186223.65,0.0,3872.54,182351.11,NPR
2026-01-14,ACC0000005550,220312.43,0.0,60379.32,159933.11,NPR
2026-01-14,ACC0000005551,106475.8,0.0,75062.51,31413.29,NPR
2026-01-14,ACC0000005552,339114.16,32175.12,25850.59,345438.69,NPR
2026-01-14,ACC0000005553,162741.29,0.0,0.0,162741.29,NPR
2026-01-14,ACC0000005554,129052.58,0.0,0.0,129052.58,NPR
2026-01-14,ACC0000005555,221569.16,0.0,140292.63,81276.53,NPR
2026-01-14,ACC0000005556,162412.99,0.0,0.0,162412.99,NPR
2026-01-14,ACC0000005557,42732.49,39429.77,0.0,82162.26,NPR
2026-01-14,ACC0000005558,232330.31,54191.55,109198.59,177323.27,NPR
2026-01-14,ACC0000005559,101606.03,0.0,80379.85,21226.18,NPR
2026-01-14,ACC0000005560,17851.84,31939.27,138509.57,-88718.46,NPR
2026-01-14,ACC0000005561,124799.22,49672.09,112374.13,62097.18,NPR
2026-01-14,ACC0000005562,394658.29,0.0,116951.31,277706.98,NPR
2026-01-14,ACC0000005563,217801.98,0.0,67369.65,150432.33,NPR
2026-01-14,ACC0000005564,243144.07,0.0,107084.78,136059.29,NPR
2026-01-14,ACC0000005565,441367.26,0.0,117935.79,323431.47,NPR
2026-01-14,ACC0000005566,365982.53,0.0,57305.63,308676.9,NPR
2026-01-14,ACC0000005567,233878.88,0.0,78818.12,155060.76,NPR
2026-01-14,ACC0000005568,479828.57,2293.09,1909.61,480212.05,NPR
2026-01-14,ACC0000005569,491400.47,0.0,71338.69,420061.78,NPR
2026-01-14,ACC0000005570,361273.93,0.0,0.0,361273.93,NPR
2026-01-14,ACC0000005571,6002.14,0.0,91312.0,-85309.86,NPR
2026-01-14,ACC0000005572,401909.9,0.0,0.0,401909.9,NPR
2026-01-14,ACC0000005573,336112.79,0.0,0.0,336112.79,NPR
2026-01-14,ACC0000005574,296519.74,21326.5,27633.97,290212.27,NPR
2026-01-14,ACC0000005575,127080.51,0.0,114898.17,12182.34,NPR
2026-01-14,ACC0000005576,231224.65,0.0,5694.77,225529.88,NPR
2026-01-14,ACC0000005577,101643.49,0.0,68535.78,33107.71,NPR
2026-01-14,ACC0000005578,39894.59,0.0,27237.48,12657.11,NPR
2026-01-14,ACC0000005579,152507.44,49829.86,55148.08,147189.22,NPR
2026-01-14,ACC0000005580,370695.02,0.0,0.0,370695.02,NPR
2026-01-14,ACC0000005581,424788.88,0.0,3003.53,421785.35,NPR
2026-01-14,ACC0000005582,368724.93,0.0,29159.16,339565.77,NPR
2026-01-14,ACC0000005583,370885.38,0.0,0.0,370885.38,NPR
2026-01-14,ACC0000005584,203074.5,0.0,55948.55,147125.95,NPR
2026-01-14,ACC0000005585,248112.48,0.0,17785.36,230327.12,NPR
2026-01-14,ACC0000005586,184918.13,0.0,0.0,184918.13,NPR
2026-01-14,ACC0000005587,128532.68,0.0,168242.16,-39709.48,NPR
2026-01-14,ACC0000005588,295853.83,0.0,0.0,295853.83,NPR
2026-01-14,ACC0000005589,300423.99,0.0,0.0,300423.99,NPR
2026-01-14,ACC0000005590,286743.36,40584.81,0.0,327328.17,NPR
2026-01-14,ACC0000005591,59562.57,0.0,6077.59,53484.98,NPR
2026-01-14,ACC0000005592,381151.06,0.0,0.0,381151.06,NPR
2026-01-14,ACC0000005593,312418.13,46751.52,28716.07,330453.58,NPR
2026-01-14,ACC0000005594,35478.82,0.0,51979.45,-16500.63,NPR
2026-01-14,ACC0000005595,479465.76,45794.92,83986.96,441273.72,NPR
2026-01-14,ACC0000005596,449164.16,43290.99,49456.84,442998.31,NPR
2026-01-14,ACC0000005597,457249.99,0.0,107792.56,349457.43,NPR
2026-01-14,ACC0000005598,421309.81,13400.75,84056.61,350653.95,NPR
2026-01-14,ACC0000005599,214390.11,0.0,67547.41,146842.7,NPR
2026-01-14,ACC0000005600,463826.99,26639.74,81851.99,408614.74,NPR
2026-01-14,ACC0000005601,473077.75,59142.22,24880.22,507339.75,NPR
2026-01-14,ACC0000005602,184729.62,0.0,25549.7,159179.92,NPR
2026-01-14,ACC0000005603,365319.89,0.0,39382.34,325937.55,NPR
2026-01-14,ACC0000005604,225074.76,114629.71,59067.35,280637.12,NPR
2026-01-14,ACC0000005605,195566.58,0.0,64340.28,131226.3,NPR
2026-01-14,ACC0000005606,357033.3,38645.76,67838.67,327840.39,NPR
2026-01-14,ACC0000005607,109469.22,12957.55,0.0,122426.77,NPR
2026-01-14,ACC0000005608,428645.29,15481.11,0.0,444126.4,NPR
2026-01-14,ACC0000005609,144871.69,0.0,50760.76,94110.93,NPR
2026-01-14,ACC0000005610,447320.31,0.0,76990.57,370329.74,NPR
2026-01-14,ACC0000005611,70526.16,0.0,126020.49,-55494.33,NPR
2026-01-14,ACC0000005612,292552.78,0.0,111517.72,181035.06,NPR
2026-01-14,ACC0000005613,264422.89,0.0,59297.64,205125.25,NPR
2026-01-14,ACC0000005614,287028.51,0.0,0.0,287028.51,NPR
2026-01-14,ACC0000005615,305535.49,44639.69,2841.72,347333.46,NPR
2026-01-14,ACC0000005616,460286.18,44771.95,0.0,505058.13,NPR
2026-01-14,ACC0000005617,307627.61,7846.66,25672.01,289802.26,NPR
2026-01-14,ACC0000005618,241798.67,0.0,8276.75,233521.92,NPR
2026-01-14,ACC0000005619,128243.78,31608.31,90289.06,69563.03,NPR
2026-01-14,ACC0000005620,464942.54,25490.8,26693.78,463739.56,NPR
2026-01-14,ACC0000005621,113893.25,36458.88,30867.42,119484.71,NPR
2026-01-14,ACC0000005622,83933.39,0.0,0.0,83933.39,NPR
2026-01-14,ACC0000005623,216916.92,41542.1,22682.34,235776.68,NPR
2026-01-14,ACC0000005624,94032.49,37327.16,64200.13,67159.52,NPR
2026-01-14,ACC0000005625,261410.31,74893.25,0.0,336303.56,NPR
2026-01-14,ACC0000005626,104913.67,0.0,133894.81,-28981.14,NPR
2026-01-14,ACC0000005627,262327.13,0.0,24669.46,237657.67,NPR
2026-01-14,ACC0000005628,304383.62,0.0,37035.68,267347.94,NPR
2026-01-14,ACC0000005629,482597.9,34327.67,0.0,516925.57,NPR
2026-01-14,ACC0000005630,303814.69,0.0,38737.32,265077.37,NPR
2026-01-14,ACC0000005631,16920.35,0.0,59776.58,-42856.23,NPR
2026-01-14,ACC0000005632,453405.98,0.0,41416.5,411989.48,NPR
2026-01-14,ACC0000005633,329776.24,0.0,40272.52,289503.72,NPR
2026-01-14,ACC0000005634,293569.31,0.0,62983.58,230585.73,NPR
2026-01-14,ACC0000005635,425754.44,0.0,0.0,425754.44,NPR
2026-01-14,ACC0000005636,59101.11,0.0,107436.59,-48335.48,NPR
2026-01-14,ACC0000005637,151817.99,0.0,234095.02,-82277.03,NPR
2026-01-14,ACC0000005638,85201.02,12010.18,0.0,97211.2,NPR
2026-01-14,ACC0000005639,453443.94,18964.03,9637.31,462770.66,NPR
2026-01-14,ACC0000005640,208560.93,0.0,90348.4,118212.53,NPR
2026-01-14,ACC0000005641,216048.15,5910.41,0.0,221958.56,NPR
2026-01-14,ACC0000005642,142623.31,0.0,96794.2,45829.11,NPR
2026-01-14,ACC0000005643,433125.41,0.0,33750.13,399375.28,NPR
2026-01-14,ACC0000005644,369307.32,35097.03,21048.96,383355.39,NPR
2026-01-14,ACC0000005645,112911.15,12638.52,6185.63,119364.04,NPR
2026-01-14,ACC0000005646,102616.17,0.0,0.0,102616.17,NPR
2026-01-14,ACC0000005647,215066.41,35758.12,121131.89,129692.64,NPR
2026-01-14,ACC0000005648,260354.97,39848.48,57265.32,242938.13,NPR
2026-01-14,ACC0000005649,148457.33,0.0,122042.62,26414.71,NPR
2026-01-14,ACC0000005650,131841.95,26319.8,64493.97,93667.78,NPR
2026-01-14,ACC0000005651,456706.05,35623.99,0.0,492330.04,NPR
2026-01-14,ACC0000005652,118473.21,0.0,45959.1,72514.11,NPR
2026-01-14,ACC0000005653,486163.66,15955.27,13085.51,489033.42,NPR
2026-01-14,ACC0000005654,166730.78,28035.25,92609.02,102157.01,NPR
2026-01-14,ACC0000005655,264278.3,40905.69,118988.06,186195.93,NPR
2026-01-14,ACC0000005656,114797.51,33892.87,43721.68,104968.7,NPR
2026-01-14,ACC0000005657,267193.6,0.0,46090.54,221103.06,NPR
2026-01-14,ACC0000005658,84047.89,0.0,134888.39,-50840.5,NPR
2026-01-14,ACC0000005659,369852.09,1696.65,170242.67,201306.07,NPR
2026-01-14,ACC0000005660,375868.04,0.0,79030.79,296837.25,NPR
2026-01-14,ACC0000005661,353720.31,38691.16,0.0,392411.47,NPR
2026-01-14,ACC0000005662,358375.58,0.0,95899.35,262476.23,NPR
2026-01-14,ACC0000005663,3839.86,0.0,25006.86,-21167.0,NPR
2026-01-14,ACC0000005664,113544.07,0.0,0.0,113544.07,NPR
2026-01-14,ACC0000005665,479313.78,0.0,80330.01,398983.77,NPR
2026-01-14,ACC0000005666,328595.66,0.0,0.0,328595.66,NPR
2026-01-14,ACC0000005667,150153.89,0.0,35877.28,114276.61,NPR
2026-01-14,ACC0000005668,234538.19,42345.86,103665.74,173218.31,NPR
2026-01-14,ACC0000005669,402344.27,0.0,0.0,402344.27,NPR
2026-01-14,ACC0000005670,189107.18,46757.53,49524.02,186340.69,NPR
2026-01-14,ACC0000005671,160180.09,0.0,77847.28,82332.81,NPR
2026-01-14,ACC0000005672,333270.43,9063.25,57298.71,285034.97,NPR
2026-01-14,ACC0000005673,43473.69,52696.48,98522.48,-2352.31,NPR
2026-01-14,ACC0000005674,236182.92,0.0,0.0,236182.92,NPR
2026-01-14,ACC0000005675,15985.88,0.0,0.0,15985.88,NPR
2026-01-14,ACC0000005676,417666.35,0.0,68315.81,349350.54,NPR
2026-01-14,ACC0000005677,462818.23,0.0,77991.02,384827.21,NPR
2026-01-14,ACC0000005678,255810.0,0.0,0.0,255810.0,NPR
2026-01-14,ACC0000005679,66854.41,2847.94,47911.91,21790.44,NPR
2026-01-14,ACC0000005680,468517.27,0.0,0.0,468517.27,NPR
2026-01-14,ACC0000005681,446766.12,0.0,0.0,446766.12,NPR
2026-01-14,ACC0000005682,39653.92,0.0,75412.29,-35758.37,NPR
2026-01-14,ACC0000005683,138245.44,0.0,34115.57,104129.87,NPR
2026-01-14,ACC0000005684,314901.91,70305.6,79188.96,306018.55,NPR
2026-01-14,ACC0000005685,290813.19,0.0,33341.03,257472.16,NPR
2026-01-14,ACC0000005686,210405.43,0.0,48804.56,161600.87,NPR
2026-01-14,ACC0000005687,329081.68,40735.35,49319.84,320497.19,NPR
2026-01-14,ACC0000005688,380173.2,0.0,0.0,380173.2,NPR
2026-01-14,ACC0000005689,28706.47,0.0,46739.23,-18032.76,NPR
2026-01-14,ACC0000005690,404667.45,0.0,0.0,404667.45,NPR
2026-01-14,ACC0000005691,429132.47,8753.86,37205.99,400680.34,NPR
2026-01-14,ACC0000005692,79429.56,0.0,132393.24,-52963.68,NPR
2026-01-14,ACC0000005693,367648.58,40852.76,1400.2,407101.14,NPR
2026-01-14,ACC0000005694,435912.96,0.0,27537.53,408375.43,NPR
2026-01-14,ACC0000005695,394039.23,0.0,0.0,394039.23,NPR
2026-01-14,ACC0000005696,482959.33,0.0,28732.02,454227.31,NPR
2026-01-14,ACC0000005697,63206.08,41364.05,0.0,104570.13,NPR
2026-01-14,ACC0000005698,125731.97,47208.3,79302.18,93638.09,NPR
2026-01-14,ACC0000005699,448763.21,25352.05,4807.39,469307.87,NPR
2026-01-14,ACC0000005700,313406.9,0.0,61075.67,252331.23,NPR
2026-01-14,ACC0000005701,240804.66,24292.61,70124.53,194972.74,NPR
2026-01-14,ACC0000005702,495547.18,21659.2,101588.88,415617.5,NPR
2026-01-14,ACC0000005703,473127.22,0.0,0.0,473127.22,NPR
2026-01-14,ACC0000005704,414763.94,0.0,0.0,414763.94,NPR
2026-01-14,ACC0000005705,324358.84,0.0,107011.44,217347.4,NPR
2026-01-14,ACC0000005706,33821.64,48933.76,46658.89,36096.51,NPR
2026-01-14,ACC0000005707,301156.17,44179.27,0.0,345335.44,NPR
2026-01-14,ACC0000005708,226146.6,0.0,36204.43,189942.17,NPR
2026-01-14,ACC0000005709,402547.11,37394.39,175.6,439765.9,NPR
2026-01-14,ACC0000005710,4011.46,0.0,148291.05,-144279.59,NPR
2026-01-14,ACC0000005711,5710.39,0.0,0.0,5710.39,NPR
2026-01-14,ACC0000005712,350105.42,46120.49,66612.57,329613.34,NPR
2026-01-14,ACC0000005713,461124.68,17740.75,47898.62,430966.81,NPR
2026-01-14,ACC0000005714,275690.25,0.0,74268.43,201421.82,NPR
2026-01-14,ACC0000005715,428216.32,0.0,112238.24,315978.08,NPR
2026-01-14,ACC0000005716,110333.48,45921.88,41157.66,115097.7,NPR
2026-01-14,ACC0000005717,321730.95,0.0,55744.85,265986.1,NPR
2026-01-14,ACC0000005718,229983.4,43947.59,76420.06,197510.93,NPR
2026-01-14,ACC0000005719,234160.54,0.0,22994.49,211166.05,NPR
2026-01-14,ACC0000005720,358241.11,44257.46,44353.62,358144.95,NPR
2026-01-14,ACC0000005721,402226.79,0.0,39400.21,362826.58,NPR
2026-01-14,ACC0000005722,376861.17,46895.37,0.0,423756.54,NPR
2026-01-14,ACC0000005723,487333.44,0.0,0.0,487333.44,NPR
2026-01-14,ACC0000005724,193263.29,0.0,37246.98,156016.31,NPR
2026-01-14,ACC0000005725,29378.1,80681.13,26261.42,83797.81,NPR
2026-01-14,ACC0000005726,395644.78,0.0,14731.62,380913.16,NPR
2026-01-14,ACC0000005727,94371.14,0.0,46258.97,48112.17,NPR
2026-01-14,ACC0000005728,311698.13,0.0,57456.39,254241.74,NPR
2026-01-14,ACC0000005729,216056.53,47998.65,0.0,264055.18,NPR
2026-01-14,ACC0000005730,191726.43,0.0,37441.43,154285.0,NPR
2026-01-14,ACC0000005731,492639.42,0.0,65139.9,427499.52,NPR
2026-01-14,ACC0000005732,398625.33,0.0,0.0,398625.33,NPR
2026-01-14,ACC0000005733,41104.77,0.0,12575.83,28528.94,NPR
2026-01-14,ACC0000005734,84105.77,0.0,95064.26,-10958.49,NPR
2026-01-14,ACC0000005735,496212.95,0.0,9238.6,486974.35,NPR
2026-01-14,ACC0000005736,362716.87,6441.23,27448.19,341709.91,NPR
2026-01-14,ACC0000005737,233399.2,41956.8,63864.9,211491.1,NPR
2026-01-14,ACC0000005738,43770.22,42117.05,0.0,85887.27,NPR
2026-01-14,ACC0000005739,290986.47,10148.25,93326.11,207808.61,NPR
2026-01-14,ACC0000005740,195872.39,42668.41,23772.22,214768.58,NPR
2026-01-14,ACC0000005741,407600.08,27826.11,60344.4,375081.79,NPR
2026-01-14,ACC0000005742,109512.71,0.0,49957.08,59555.63,NPR
2026-01-14,ACC0000005743,140569.14,0.0,0.0,140569.14,NPR
2026-01-14,ACC0000005744,258422.94,26757.62,0.0,285180.56,NPR
2026-01-14,ACC0000005745,148234.82,0.0,36744.37,111490.45,NPR
2026-01-14,ACC0000005746,11995.38,0.0,72806.57,-60811.19,NPR
2026-01-14,ACC0000005747,313647.4,38211.02,41362.64,310495.78,NPR
2026-01-14,ACC0000005748,323862.18,0.0,2091.58,321770.6,NPR
2026-01-14,ACC0000005749,380240.3,0.0,74972.23,305268.07,NPR
2026-01-14,ACC0000005750,274234.33,0.0,143181.49,131052.84,NPR
2026-01-14,ACC0000005751,92945.83,0.0,79678.64,13267.19,NPR
2026-01-14,ACC0000005752,281019.1,0.0,51800.33,229218.77,NPR
2026-01-14,ACC0000005753,259056.5,0.0,0.0,259056.5,NPR
2026-01-14,ACC0000005754,486195.47,0.0,15226.51,470968.96,NPR
2026-01-14,ACC0000005755,420766.37,0.0,58347.28,362419.09,NPR
2026-01-14,ACC0000005756,283892.83,49959.68,98178.7,235673.81,NPR
2026-01-14,ACC0000005757,2692.24,47731.61,5836.09,44587.76,NPR
2026-01-14,ACC0000005758,471045.24,0.0,79850.21,391195.03,NPR
2026-01-14,ACC0000005759,382215.39,39168.43,47073.86,374309.96,NPR
2026-01-14,ACC0000005760,146606.48,27583.61,31639.93,142550.16,NPR
2026-01-14,ACC0000005761,248085.95,0.0,13519.62,234566.33,NPR
2026-01-14,ACC0000005762,409213.88,0.0,16693.94,392519.94,NPR
2026-01-14,ACC0000005763,350082.19,3429.48,53742.03,299769.64,NPR
2026-01-14,ACC0000005764,248210.83,28930.23,37952.76,239188.3,NPR
2026-01-14,ACC0000005765,355969.05,0.0,91121.2,264847.85,NPR
2026-01-14,ACC0000005766,206098.89,0.0,168588.25,37510.64,NPR
2026-01-14,ACC0000005767,447744.51,37764.04,69283.58,416224.97,NPR
2026-01-14,ACC0000005768,461231.59,0.0,0.0,461231.59,NPR
2026-01-14,ACC0000005769,462570.06,70807.89,81568.17,451809.78,NPR
2026-01-14,ACC0000005770,364734.56,0.0,30749.57,333984.99,NPR
2026-01-14,ACC0000005771,424465.24,0.0,50179.02,374286.22,NPR
2026-01-14,ACC0000005772,36924.26,11735.67,0.0,48659.93,NPR
2026-01-14,ACC0000005773,367910.69,0.0,54846.52,313064.17,NPR
2026-01-14,ACC0000005774,466790.24,25785.67,92109.99,400465.92,NPR
2026-01-14,ACC0000005775,425573.8,16989.78,38193.03,404370.55,NPR
2026-01-14,ACC0000005776,197055.7,0.0,33952.99,163102.71,NPR
2026-01-14,ACC0000005777,401407.84,0.0,0.0,401407.84,NPR
2026-01-14,ACC0000005778,138871.48,38778.21,91667.14,85982.55,NPR
2026-01-14,ACC0000005779,250139.69,0.0,54647.75,195491.94,NPR
2026-01-14,ACC0000005780,300394.53,0.0,0.0,300394.53,NPR
2026-01-14,ACC0000005781,50369.9,23515.25,47472.34,26412.81,NPR
2026-01-14,ACC0000005782,69932.29,51574.04,104890.08,16616.25,NPR
2026-01-14,ACC0000005783,236815.12,0.0,47286.33,189528.79,NPR
2026-01-14,ACC0000005784,349021.43,0.0,0.0,349021.43,NPR
2026-01-14,ACC0000005785,373588.71,0.0,0.0,373588.71,NPR
2026-01-14,ACC0000005786,130602.27,0.0,42680.18,87922.09,NPR
2026-01-14,ACC0000005787,289894.34,17017.69,55646.94,251265.09,NPR
2026-01-14,ACC0000005788,296011.0,0.0,37749.3,258261.7,NPR
2026-01-14,ACC0000005789,498787.95,0.0,59016.36,439771.59,NPR
2026-01-14,ACC0000005790,228356.62,0.0,108312.08,120044.54,NPR
2026-01-14,ACC0000005791,467254.74,93485.95,46546.24,514194.45,NPR
2026-01-14,ACC0000005792,331059.86,94661.2,48605.15,377115.91,NPR
2026-01-14,ACC0000005793,78623.42,44399.76,79438.68,43584.5,NPR
2026-01-14,ACC0000005794,87049.51,56016.69,50468.2,92598.0,NPR
2026-01-14,ACC0000005795,341556.25,41985.45,68076.45,315465.25,NPR
2026-01-14,ACC0000005796,175402.48,0.0,0.0,175402.48,NPR
2026-01-14,ACC0000005797,390948.66,30656.46,49084.98,372520.14,NPR
2026-01-14,ACC0000005798,458282.44,46683.62,118172.53,386793.53,NPR
2026-01-14,ACC0000005799,105519.81,0.0,0.0,105519.81,NPR
2026-01-14,ACC0000005800,205114.74,48562.32,187634.13,66042.93,NPR
2026-01-14,ACC0000005801,416911.73,8617.91,72048.86,353480.78,NPR
2026-01-14,ACC0000005802,487658.36,0.0,0.0,487658.36,NPR
2026-01-14,ACC0000005803,8709.63,0.0,25662.65,-16953.02,NPR
2026-01-14,ACC0000005804,214707.29,0.0,0.0,214707.29,NPR
2026-01-14,ACC0000005805,449196.18,0.0,0.0,449196.18,NPR
2026-01-14,ACC0000005806,13502.31,0.0,689.08,12813.23,NPR
2026-01-14,ACC0000005807,422025.41,0.0,35032.57,386992.84,NPR
2026-01-14,ACC0000005808,231346.03,39419.62,19482.59,251283.06,NPR
2026-01-14,ACC0000005809,266944.24,16459.0,81038.09,202365.15,NPR
2026-01-14,ACC0000005810,406385.44,0.0,9004.63,397380.81,NPR
2026-01-14,ACC0000005811,200260.33,0.0,0.0,200260.33,NPR
2026-01-14,ACC0000005812,485903.98,0.0,0.0,485903.98,NPR
2026-01-14,ACC0000005813,76144.03,0.0,0.0,76144.03,NPR
2026-01-14,ACC0000005814,3905.04,0.0,68366.96,-64461.92,NPR
2026-01-14,ACC0000005815,328743.36,0.0,84143.84,244599.52,NPR
2026-01-14,ACC0000005816,21893.9,38268.55,78552.24,-18389.79,NPR
2026-01-14,ACC0000005817,110922.08,84234.92,131737.91,63419.09,NPR
2026-01-14,ACC0000005818,241434.88,56762.25,0.0,298197.13,NPR
2026-01-14,ACC0000005819,11390.2,46088.31,5621.7,51856.81,NPR
2026-01-14,ACC0000005820,230334.25,0.0,56542.47,173791.78,NPR
2026-01-14,ACC0000005821,378685.9,0.0,19753.09,358932.81,NPR
2026-01-14,ACC0000005822,319839.75,21845.32,0.0,341685.07,NPR
2026-01-14,ACC0000005823,301557.01,0.0,55546.43,246010.58,NPR
2026-01-14,ACC0000005824,40193.95,0.0,79429.21,-39235.26,NPR
2026-01-14,ACC0000005825,138087.74,0.0,7178.18,130909.56,NPR
2026-01-14,ACC0000005826,213990.55,0.0,0.0,213990.55,NPR
2026-01-14,ACC0000005827,401819.18,0.0,42640.71,359178.47,NPR
2026-01-14,ACC0000005828,126072.24,0.0,132614.31,-6542.07,NPR
2026-01-14,ACC0000005829,158062.31,0.0,14936.0,143126.31,NPR
2026-01-14,ACC0000005830,331861.1,0.0,50604.56,281256.54,NPR
2026-01-14,ACC0000005831,43246.07,0.0,47945.89,-4699.82,NPR
2026-01-14,ACC0000005832,260572.72,0.0,0.0,260572.72,NPR
2026-01-14,ACC0000005833,390006.26,8930.18,55553.3,343383.14,NPR
2026-01-14,ACC0000005834,334749.8,0.0,153218.54,181531.26,NPR
2026-01-14,ACC0000005835,24433.4,0.0,0.0,24433.4,NPR
2026-01-14,ACC0000005836,77397.74,0.0,101344.14,-23946.4,NPR
2026-01-14,ACC0000005837,23123.88,0.0,61376.94,-38253.06,NPR
2026-01-14,ACC0000005838,448848.56,11316.87,49154.59,411010.84,NPR
2026-01-14,ACC0000005839,437824.62,0.0,0.0,437824.62,NPR
2026-01-14,ACC0000005840,320282.98,0.0,47139.7,273143.28,NPR
2026-01-14,ACC0000005841,298154.97,0.0,0.0,298154.97,NPR
2026-01-14,ACC0000005842,277219.6,0.0,91802.03,185417.57,NPR
2026-01-14,ACC0000005843,324667.34,26075.65,58153.63,292589.36,NPR
2026-01-14,ACC0000005844,127426.6,0.0,53219.4,74207.2,NPR
2026-01-14,ACC0000005845,358609.03,14795.16,47876.44,325527.75,NPR
2026-01-14,ACC0000005846,133037.64,0.0,0.0,133037.64,NPR
2026-01-14,ACC0000005847,3497.83,16858.37,104966.95,-84610.75,NPR
2026-01-14,ACC0000005848,198603.12,3593.1,70986.46,131209.76,NPR
2026-01-14,ACC0000005849,297609.72,0.0,0.0,297609.72,NPR
2026-01-14,ACC0000005850,233078.09,0.0,0.0,233078.09,NPR
2026-01-14,ACC0000005851,301110.68,19408.53,81554.51,238964.7,NPR
2026-01-14,ACC0000005852,110572.52,0.0,0.0,110572.52,NPR
2026-01-14,ACC0000005853,186701.57,15594.08,0.0,202295.65,NPR
2026-01-14,ACC0000005854,444134.32,0.0,95473.47,348660.85,NPR
2026-01-14,ACC0000005855,307127.24,0.0,0.0,307127.24,NPR
2026-01-14,ACC0000005856,309861.69,0.0,118561.85,191299.84,NPR
2026-01-14,ACC0000005857,70782.79,16327.79,93566.44,-6455.86,NPR
2026-01-14,ACC0000005858,33264.52,0.0,99833.57,-66569.05,NPR
2026-01-14,ACC0000005859,197949.33,0.0,45805.37,152143.96,NPR
2026-01-14,ACC0000005860,283088.73,7863.45,3275.01,287677.17,NPR
2026-01-14,ACC0000005861,178583.63,38480.04,0.0,217063.67,NPR
2026-01-14,ACC0000005862,334581.06,0.0,96665.38,237915.68,NPR
2026-01-14,ACC0000005863,46362.49,0.0,42985.21,3377.28,NPR
2026-01-14,ACC0000005864,303603.26,2001.5,0.0,305604.76,NPR
2026-01-14,ACC0000005865,122062.03,20947.74,68283.72,74726.05,NPR
2026-01-14,ACC0000005866,12369.03,0.0,0.0,12369.03,NPR
2026-01-14,ACC0000005867,53373.48,0.0,9008.03,44365.45,NPR
2026-01-14,ACC0000005868,264995.77,0.0,44433.39,220562.38,NPR
2026-01-14,ACC0000005869,7762.31,0.0,33847.22,-26084.91,NPR
2026-01-14,ACC0000005870,287766.59,0.0,0.0,287766.59,NPR
2026-01-14,ACC0000005871,74675.42,0.0,0.0,74675.42,NPR
2026-01-14,ACC0000005872,120816.3,47641.16,0.0,168457.46,NPR
2026-01-14,ACC0000005873,171540.13,0.0,37598.93,133941.2,NPR
2026-01-14,ACC0000005874,369977.14,0.0,74286.73,295690.41,NPR
2026-01-14,ACC0000005875,317864.74,0.0,40045.74,277819.0,NPR
2026-01-14,ACC0000005876,243558.38,0.0,0.0,243558.38,NPR
2026-01-14,ACC0000005877,239023.68,0.0,0.0,239023.68,NPR
2026-01-14,ACC0000005878,265768.18,31198.89,0.0,296967.07,NPR
2026-01-14,ACC0000005879,204885.84,0.0,0.0,204885.84,NPR
2026-01-14,ACC0000005880,162336.43,0.0,26811.27,135525.16,NPR
2026-01-14,ACC0000005881,163859.53,0.0,68722.04,95137.49,NPR
2026-01-14,ACC0000005882,493343.86,0.0,0.0,493343.86,NPR
2026-01-14,ACC0000005883,104542.25,0.0,84127.2,20415.05,NPR
2026-01-14,ACC0000005884,421646.71,0.0,0.0,421646.71,NPR
2026-01-14,ACC0000005885,232115.85,42856.41,4853.98,270118.28,NPR
2026-01-14,ACC0000005886,296205.05,0.0,46527.96,249677.09,NPR
2026-01-14,ACC0000005887,218815.94,41025.09,76334.51,183506.52,NPR
2026-01-14,ACC0000005888,436581.27,13924.75,77857.22,372648.8,NPR
2026-01-14,ACC0000005889,246740.05,0.0,65633.23,181106.82,NPR
2026-01-14,ACC0000005890,83043.77,19317.81,11270.58,91091.0,NPR
2026-01-14,ACC0000005891,468734.28,0.0,10693.07,458041.21,NPR
2026-01-14,ACC0000005892,257187.95,0.0,189811.83,67376.12,NPR
2026-01-14,ACC0000005893,445022.0,0.0,0.0,445022.0,NPR
2026-01-14,ACC0000005894,255539.1,32657.74,15803.57,272393.27,NPR
2026-01-14,ACC0000005895,434734.42,0.0,66146.42,368588.0,NPR
2026-01-14,ACC0000005896,109234.4,0.0,65883.84,43350.56,NPR
2026-01-14,ACC0000005897,450363.25,0.0,1266.66,449096.59,NPR
2026-01-14,ACC0000005898,49053.43,0.0,87110.69,-38057.26,NPR
2026-01-14,ACC0000005899,409969.66,0.0,0.0,409969.66,NPR
2026-01-14,ACC0000005900,407615.62,0.0,0.0,407615.62,NPR
2026-01-14,ACC0000005901,395323.54,0.0,22279.7,373043.84,NPR
2026-01-14,ACC0000005902,244420.91,0.0,0.0,244420.91,NPR
2026-01-14,ACC0000005903,299877.88,0.0,0.0,299877.88,NPR
2026-01-14,ACC0000005904,82979.02,0.0,37223.6,45755.42,NPR
2026-01-14,ACC0000005905,439212.85,0.0,0.0,439212.85,NPR
2026-01-14,ACC0000005906,190938.64,0.0,100363.51,90575.13,NPR
2026-01-14,ACC0000005907,260347.42,0.0,36792.61,223554.81,NPR
2026-01-14,ACC0000005908,37343.51,0.0,39463.11,-2119.6,NPR
2026-01-14,ACC0000005909,469574.85,35799.86,41741.06,463633.65,NPR
2026-01-14,ACC0000005910,186275.27,0.0,86480.65,99794.62,NPR
2026-01-14,ACC0000005911,476434.69,0.0,39893.19,436541.5,NPR
2026-01-14,ACC0000005912,35335.23,0.0,14971.64,20363.59,NPR
2026-01-14,ACC0000005913,476106.45,0.0,15946.58,460159.87,NPR
2026-01-14,ACC0000005914,43269.04,0.0,64627.9,-21358.86,NPR
2026-01-14,ACC0000005915,232118.0,0.0,41003.27,191114.73,NPR
2026-01-14,ACC0000005916,141301.94,12558.6,66886.79,86973.75,NPR
2026-01-14,ACC0000005917,25047.08,0.0,113883.54,-88836.46,NPR
2026-01-14,ACC0000005918,243102.59,0.0,91922.29,151180.3,NPR
2026-01-14,ACC0000005919,108661.08,0.0,0.0,108661.08,NPR
2026-01-14,ACC0000005920,172976.14,0.0,113194.06,59782.08,NPR
2026-01-14,ACC0000005921,336186.97,0.0,69404.17,266782.8,NPR
2026-01-14,ACC0000005922,148178.67,0.0,90562.69,57615.98,NPR
2026-01-14,ACC0000005923,325700.92,0.0,45707.08,279993.84,NPR
2026-01-14,ACC0000005924,2183.21,16676.45,148282.31,-129422.65,NPR
2026-01-14,ACC0000005925,167301.69,0.0,22873.92,144427.77,NPR
2026-01-14,ACC0000005926,80730.06,40971.33,90055.82,31645.57,NPR
2026-01-14,ACC0000005927,434867.84,2597.48,38917.31,398548.01,NPR
2026-01-14,ACC0000005928,177717.53,3502.86,0.0,181220.39,NPR
2026-01-14,ACC0000005929,315177.76,0.0,0.0,315177.76,NPR
2026-01-14,ACC0000005930,269108.86,0.0,111031.87,158076.99,NPR
2026-01-14,ACC0000005931,414122.02,0.0,70903.44,343218.58,NPR
2026-01-14,ACC0000005932,220697.07,0.0,0.0,220697.07,NPR
2026-01-14,ACC0000005933,318510.01,24577.12,49968.89,293118.24,NPR
2026-01-14,ACC0000005934,240798.86,0.0,0.0,240798.86,NPR
2026-01-14,ACC0000005935,252720.33,22804.16,0.0,275524.49,NPR
2026-01-14,ACC0000005936,167977.83,0.0,0.0,167977.83,NPR
2026-01-14,ACC0000005937,174228.76,0.0,0.0,174228.76,NPR
2026-01-14,ACC0000005938,307330.15,6842.11,29310.18,284862.08,NPR
2026-01-14,ACC0000005939,486258.63,31500.53,0.0,517759.16,NPR
2026-01-14,ACC0000005940,229456.88,0.0,53772.68,175684.2,NPR
2026-01-14,ACC0000005941,135916.13,0.0,29883.88,106032.25,NPR
2026-01-14,ACC0000005942,136365.02,0.0,34238.78,102126.24,NPR
2026-01-14,ACC0000005943,351171.46,0.0,41724.25,309447.21,NPR
2026-01-14,ACC0000005944,407941.01,0.0,75223.19,332717.82,NPR
2026-01-14,ACC0000005945,258923.94,33982.24,1527.43,291378.75,NPR
2026-01-14,ACC0000005946,268516.63,0.0,0.0,268516.63,NPR
2026-01-14,ACC0000005947,26993.1,24826.54,92770.57,-40950.93,NPR
2026-01-14,ACC0000005948,364902.05,0.0,52433.53,312468.52,NPR
2026-01-14,ACC0000005949,69125.25,0.0,6103.27,63021.98,NPR
2026-01-14,ACC0000005950,290301.64,0.0,33001.97,257299.67,NPR
2026-01-14,ACC0000005951,93841.13,0.0,0.0,93841.13,NPR
2026-01-14,ACC0000005952,266699.92,0.0,0.0,266699.92,NPR
2026-01-14,ACC0000005953,148567.47,32734.33,9851.32,171450.48,NPR
2026-01-14,ACC0000005954,316496.79,0.0,28939.39,287557.4,NPR
2026-01-14,ACC0000005955,219411.79,0.0,107856.52,111555.27,NPR
2026-01-14,ACC0000005956,323847.44,0.0,0.0,323847.44,NPR
2026-01-14,ACC0000005957,17228.66,27579.16,190060.75,-145252.93,NPR
2026-01-14,ACC0000005958,9184.1,0.0,83741.66,-74557.56,NPR
2026-01-14,ACC0000005959,83010.72,31679.51,66109.76,48580.47,NPR
2026-01-14,ACC0000005960,240858.94,0.0,87838.57,153020.37,NPR
2026-01-14,ACC0000005961,105066.39,0.0,202546.94,-97480.55,NPR
2026-01-14,ACC0000005962,158050.26,0.0,104059.61,53990.65,NPR
2026-01-14,ACC0000005963,474549.22,0.0,97062.99,377486.23,NPR
2026-01-14,ACC0000005964,475533.76,0.0,78827.07,396706.69,NPR
2026-01-14,ACC0000005965,429246.75,34944.7,13910.69,450280.76,NPR
2026-01-14,ACC0000005966,407022.91,0.0,2167.87,404855.04,NPR
2026-01-14,ACC0000005967,103387.56,39187.52,76053.64,66521.44,NPR
2026-01-14,ACC0000005968,434008.14,0.0,29004.47,405003.67,NPR
2026-01-14,ACC0000005969,153015.39,0.0,54671.49,98343.9,NPR
2026-01-14,ACC0000005970,75092.26,56552.58,72825.46,58819.38,NPR
2026-01-14,ACC0000005971,171671.72,0.0,111272.39,60399.33,NPR
2026-01-14,ACC0000005972,499434.49,0.0,0.0,499434.49,NPR
2026-01-14,ACC0000005973,385645.51,0.0,55653.86,329991.65,NPR
2026-01-14,ACC0000005974,368975.03,43833.74,75549.75,337259.02,NPR
2026-01-14,ACC0000005975,365442.14,0.0,28876.08,336566.06,NPR
2026-01-14,ACC0000005976,241161.95,3954.22,6882.61,238233.56,NPR
2026-01-14,ACC0000005977,271839.57,16955.06,62944.75,225849.88,NPR
2026-01-14,ACC0000005978,432410.0,0.0,414.17,431995.83,NPR
2026-01-14,ACC0000005979,364670.92,0.0,89054.2,275616.72,NPR
2026-01-14,ACC0000005980,415705.27,17479.47,12091.45,421093.29,NPR
2026-01-14,ACC0000005981,70285.0,0.0,9453.32,60831.68,NPR
2026-01-14,ACC0000005982,116974.35,0.0,42004.99,74969.36,NPR
2026-01-14,ACC0000005983,396194.57,0.0,21671.36,374523.21,NPR
2026-01-14,ACC0000005984,206270.64,10072.74,80923.72,135419.66,NPR
2026-01-14,ACC0000005985,370071.88,19050.18,37859.64,351262.42,NPR
2026-01-14,ACC0000005986,305511.17,4950.49,17905.41,292556.25,NPR
2026-01-14,ACC0000005987,305927.12,11573.53,117347.25,200153.4,NPR
2026-01-14,ACC0000005988,475704.93,0.0,0.0,475704.93,NPR
2026-01-14,ACC0000005989,92904.73,46650.5,66666.86,72888.37,NPR
2026-01-14,ACC0000005990,302452.79,0.0,25474.61,276978.18,NPR
2026-01-14,ACC0000005991,297338.04,20964.91,47562.43,270740.52,NPR
2026-01-14,ACC0000005992,367068.92,2310.5,48748.23,320631.19,NPR
2026-01-14,ACC0000005993,345229.55,0.0,0.0,345229.55,NPR
2026-01-14,ACC0000005994,481205.41,0.0,0.0,481205.41,NPR
2026-01-14,ACC0000005995,422452.15,0.0,0.0,422452.15,NPR
2026-01-14,ACC0000005996,452573.22,0.0,50162.18,402411.04,NPR
2026-01-14,ACC0000005997,120458.38,0.0,26396.91,94061.47,NPR
2026-01-14,ACC0000005998,225037.79,0.0,22129.51,202908.28,NPR
2026-01-14,ACC0000005999,450247.25,46236.25,0.0,496483.5,NPR
2026-01-14,ACC0000006000,494588.77,0.0,2246.67,492342.1,NPR
2026-01-14,ACC0000006001,114353.39,0.0,63664.95,50688.44,NPR
2026-01-14,ACC0000006002,292172.99,4927.12,75414.47,221685.64,NPR
2026-01-14,ACC0000006003,442985.61,0.0,82113.1,360872.51,NPR
2026-01-14,ACC0000006004,369421.71,0.0,39991.44,329430.27,NPR
2026-01-14,ACC0000006005,430946.26,0.0,48000.35,382945.91,NPR
2026-01-14,ACC0000006006,125102.55,0.0,0.0,125102.55,NPR
2026-01-14,ACC0000006007,112827.9,4416.58,74474.44,42770.04,NPR
2026-01-14,ACC0000006008,340228.46,0.0,37338.76,302889.7,NPR
2026-01-14,ACC0000006009,24937.85,47848.35,56482.53,16303.67,NPR
2026-01-14,ACC0000006010,83544.42,0.0,0.0,83544.42,NPR
2026-01-14,ACC0000006011,172055.35,464.77,95959.49,76560.63,NPR
2026-01-14,ACC0000006012,52344.23,0.0,95552.37,-43208.14,NPR
2026-01-14,ACC0000006013,459514.59,0.0,115715.12,343799.47,NPR
2026-01-14,ACC0000006014,199327.82,0.0,0.0,199327.82,NPR
2026-01-14,ACC0000006015,333883.11,0.0,0.0,333883.11,NPR
2026-01-14,ACC0000006016,262791.07,46728.44,11513.13,298006.38,NPR
2026-01-14,ACC0000006017,362004.45,72200.01,41418.58,392785.88,NPR
2026-01-14,ACC0000006018,330501.12,0.0,0.0,330501.12,NPR
2026-01-14,ACC0000006019,423118.11,64735.5,127531.88,360321.73,NPR
2026-01-14,ACC0000006020,82238.48,0.0,0.0,82238.48,NPR
2026-01-14,ACC0000006021,482664.22,42117.17,42604.31,482177.08,NPR
2026-01-14,ACC0000006022,270295.6,0.0,108786.09,161509.51,NPR
2026-01-14,ACC0000006023,106347.51,23747.83,54068.41,76026.93,NPR
2026-01-14,ACC0000006024,336447.66,61353.88,64721.08,333080.46,NPR
2026-01-14,ACC0000006025,239552.5,10492.5,0.0,250045.0,NPR
2026-01-14,ACC0000006026,348168.86,48924.32,59972.99,337120.19,NPR
2026-01-14,ACC0000006027,261231.17,0.0,0.0,261231.17,NPR
2026-01-14,ACC0000006028,461575.21,0.0,0.0,461575.21,NPR
2026-01-14,ACC0000006029,350785.55,0.0,45979.78,304805.77,NPR
2026-01-14,ACC0000006030,61018.16,0.0,3489.92,57528.24,NPR
2026-01-14,ACC0000006031,151663.38,0.0,58685.27,92978.11,NPR
2026-01-14,ACC0000006032,369587.19,9024.76,118175.98,260435.97,NPR
2026-01-14,ACC0000006033,263162.78,127490.1,85155.69,305497.19,NPR
2026-01-14,ACC0000006034,245117.9,37528.51,0.0,282646.41,NPR
2026-01-14,ACC0000006035,22217.5,0.0,0.0,22217.5,NPR
2026-01-14,ACC0000006036,374190.18,0.0,0.0,374190.18,NPR
2026-01-14,ACC0000006037,283897.33,0.0,33148.69,250748.64,NPR
2026-01-14,ACC0000006038,359085.74,0.0,9538.07,349547.67,NPR
2026-01-14,ACC0000006039,341382.27,0.0,27400.7,313981.57,NPR
2026-01-14,ACC0000006040,413090.68,52445.95,41157.24,424379.39,NPR
2026-01-14,ACC0000006041,451790.64,0.0,0.0,451790.64,NPR
2026-01-14,ACC0000006042,221202.37,0.0,0.0,221202.37,NPR
2026-01-14,ACC0000006043,170805.8,0.0,64587.57,106218.23,NPR
2026-01-14,ACC0000006044,266266.63,0.0,0.0,266266.63,NPR
2026-01-14,ACC0000006045,384421.35,0.0,11487.9,372933.45,NPR
2026-01-14,ACC0000006046,196393.53,13876.71,40243.18,170027.06,NPR
2026-01-14,ACC0000006047,310474.09,0.0,0.0,310474.09,NPR
2026-01-14,ACC0000006048,476482.6,0.0,0.0,476482.6,NPR
2026-01-14,ACC0000006049,432118.32,15088.93,0.0,447207.25,NPR
2026-01-14,ACC0000006050,82151.12,0.0,76571.42,5579.7,NPR
2026-01-14,ACC0000006051,456839.14,0.0,21007.33,435831.81,NPR
2026-01-14,ACC0000006052,248922.16,0.0,58047.82,190874.34,NPR
2026-01-14,ACC0000006053,287304.22,5472.39,0.0,292776.61,NPR
2026-01-14,ACC0000006054,71056.24,0.0,74745.02,-3688.78,NPR
2026-01-14,ACC0000006055,193087.56,0.0,50374.77,142712.79,NPR
2026-01-14,ACC0000006056,152593.61,90199.84,25512.19,217281.26,NPR
2026-01-14,ACC0000006057,123156.51,0.0,43419.49,79737.02,NPR
2026-01-14,ACC0000006058,321678.73,18685.69,40754.76,299609.66,NPR
2026-01-14,ACC0000006059,231977.7,0.0,122238.0,109739.7,NPR
2026-01-14,ACC0000006060,425161.23,0.0,28087.64,397073.59,NPR
2026-01-14,ACC0000006061,365213.11,46113.44,42986.52,368340.03,NPR
2026-01-14,ACC0000006062,320194.05,0.0,49683.02,270511.03,NPR
2026-01-14,ACC0000006063,275738.2,0.0,221.39,275516.81,NPR
2026-01-14,ACC0000006064,165483.16,2055.13,66734.82,100803.47,NPR
2026-01-14,ACC0000006065,12261.74,0.0,0.0,12261.74,NPR
2026-01-14,ACC0000006066,190114.58,0.0,3967.77,186146.81,NPR
2026-01-14,ACC0000006067,129626.93,0.0,0.0,129626.93,NPR
2026-01-14,ACC0000006068,355602.54,0.0,104707.21,250895.33,NPR
2026-01-14,ACC0000006069,434986.63,0.0,0.0,434986.63,NPR
2026-01-14,ACC0000006070,198698.68,33868.53,24304.81,208262.4,NPR
2026-01-14,ACC0000006071,348102.07,0.0,72919.57,275182.5,NPR
2026-01-14,ACC0000006072,42704.46,0.0,0.0,42704.46,NPR
2026-01-14,ACC0000006073,396162.07,51436.72,0.0,447598.79,NPR
2026-01-14,ACC0000006074,210854.95,0.0,49629.07,161225.88,NPR
2026-01-14,ACC0000006075,12044.65,0.0,42966.11,-30921.46,NPR
2026-01-14,ACC0000006076,118164.29,81613.87,85403.05,114375.11,NPR
2026-01-14,ACC0000006077,368599.41,0.0,25054.18,343545.23,NPR
2026-01-14,ACC0000006078,233395.68,0.0,94418.76,138976.92,NPR
2026-01-14,ACC0000006079,478583.53,42812.44,25955.18,495440.79,NPR
2026-01-14,ACC0000006080,429511.57,0.0,80880.1,348631.47,NPR
2026-01-14,ACC0000006081,439101.26,0.0,56808.29,382292.97,NPR
2026-01-14,ACC0000006082,405911.49,36753.34,9111.78,433553.05,NPR
2026-01-14,ACC0000006083,187721.17,18835.36,151137.27,55419.26,NPR
2026-01-14,ACC0000006084,3310.67,0.0,0.0,3310.67,NPR
2026-01-14,ACC0000006085,242851.72,0.0,24543.08,218308.64,NPR
2026-01-14,ACC0000006086,161152.31,20675.36,82916.79,98910.88,NPR
2026-01-14,ACC0000006087,166835.54,0.0,0.0,166835.54,NPR
2026-01-14,ACC0000006088,314013.29,12591.44,110121.83,216482.9,NPR
2026-01-14,ACC0000006089,96385.76,0.0,0.0,96385.76,NPR
2026-01-14,ACC0000006090,437513.38,12288.5,41919.04,407882.84,NPR
2026-01-14,ACC0000006091,330650.24,0.0,4077.52,326572.72,NPR
2026-01-14,ACC0000006092,480706.09,6020.25,36140.02,450586.32,NPR
2026-01-14,ACC0000006093,191520.05,20880.27,0.0,212400.32,NPR
2026-01-14,ACC0000006094,78791.99,49172.87,138056.52,-10091.66,NPR
2026-01-14,ACC0000006095,268767.11,0.0,8007.25,260759.86,NPR
2026-01-14,ACC0000006096,45100.1,40200.8,9401.32,75899.58,NPR
2026-01-14,ACC0000006097,255783.49,44020.06,31113.37,268690.18,NPR
2026-01-14,ACC0000006098,468272.83,0.0,103161.37,365111.46,NPR
2026-01-14,ACC0000006099,168915.66,0.0,0.0,168915.66,NPR
2026-01-14,ACC0000006100,446772.53,19522.32,51759.07,414535.78,NPR
2026-01-14,ACC0000006101,329227.83,0.0,31899.51,297328.32,NPR
2026-01-14,ACC0000006102,96388.5,61717.28,123854.42,34251.36,NPR
2026-01-14,ACC0000006103,312163.21,66915.7,131187.89,247891.02,NPR
2026-01-14,ACC0000006104,10536.53,0.0,0.0,10536.53,NPR
2026-01-14,ACC0000006105,388680.47,23411.05,15921.95,396169.57,NPR
2026-01-14,ACC0000006106,50234.88,0.0,24624.04,25610.84,NPR
2026-01-14,ACC0000006107,480296.97,22115.6,46884.75,455527.82,NPR
2026-01-14,ACC0000006108,28091.49,57704.49,63563.12,22232.86,NPR
2026-01-14,ACC0000006109,365103.0,0.0,72505.53,292597.47,NPR
2026-01-14,ACC0000006110,485926.15,0.0,0.0,485926.15,NPR
2026-01-14,ACC0000006111,228499.1,0.0,101799.78,126699.32,NPR
2026-01-14,ACC0000006112,16776.82,0.0,0.0,16776.82,NPR
2026-01-14,ACC0000006113,413152.16,0.0,49746.67,363405.49,NPR
2026-01-14,ACC0000006114,139923.7,0.0,0.0,139923.7,NPR
2026-01-14,ACC0000006115,261083.88,0.0,78082.5,183001.38,NPR
2026-01-14,ACC0000006116,355573.67,0.0,129370.01,226203.66,NPR
2026-01-14,ACC0000006117,231435.51,0.0,61459.66,169975.85,NPR
2026-01-14,ACC0000006118,114440.84,0.0,49728.18,64712.66,NPR
2026-01-14,ACC0000006119,310895.82,0.0,0.0,310895.82,NPR
2026-01-14,ACC0000006120,25895.02,0.0,28335.11,-2440.09,NPR
2026-01-14,ACC0000006121,467298.89,0.0,0.0,467298.89,NPR
2026-01-14,ACC0000006122,242170.19,29156.63,41396.13,229930.69,NPR
2026-01-14,ACC0000006123,496840.26,0.0,0.0,496840.26,NPR
2026-01-14,ACC0000006124,371550.7,0.0,34100.32,337450.38,NPR
2026-01-14,ACC0000006125,264966.61,0.0,116452.57,148514.04,NPR
2026-01-14,ACC0000006126,191688.96,0.0,0.0,191688.96,NPR
2026-01-14,ACC0000006127,460728.31,24735.15,14901.5,470561.96,NPR
2026-01-14,ACC0000006128,450924.81,0.0,51581.39,399343.42,NPR
2026-01-14,ACC0000006129,435397.38,26128.93,44818.24,416708.07,NPR
2026-01-14,ACC0000006130,152660.83,0.0,121308.85,31351.98,NPR
2026-01-14,ACC0000006131,59524.91,0.0,73589.24,-14064.33,NPR
2026-01-14,ACC0000006132,229371.55,0.0,53436.19,175935.36,NPR
2026-01-14,ACC0000006133,38752.75,13479.37,131771.62,-79539.5,NPR
2026-01-14,ACC0000006134,300607.08,0.0,47175.73,253431.35,NPR
2026-01-14,ACC0000006135,223960.16,44326.02,70713.98,197572.2,NPR
2026-01-14,ACC0000006136,207631.77,0.0,31397.53,176234.24,NPR
2026-01-14,ACC0000006137,300589.28,0.0,53103.5,247485.78,NPR
2026-01-14,ACC0000006138,479784.54,11991.93,58051.33,433725.14,NPR
2026-01-14,ACC0000006139,172699.02,0.0,0.0,172699.02,NPR
2026-01-14,ACC0000006140,421790.06,31737.45,16525.94,437001.57,NPR
2026-01-14,ACC0000006141,494066.36,0.0,10616.46,483449.9,NPR
2026-01-14,ACC0000006142,206696.02,0.0,24977.99,181718.03,NPR
2026-01-14,ACC0000006143,90075.06,1020.8,8984.26,82111.6,NPR
2026-01-14,ACC0000006144,420384.37,0.0,0.0,420384.37,NPR
2026-01-14,ACC0000006145,127061.08,43848.09,0.0,170909.17,NPR
2026-01-14,ACC0000006146,495198.76,0.0,0.0,495198.76,NPR
2026-01-14,ACC0000006147,99094.29,0.0,0.0,99094.29,NPR
2026-01-14,ACC0000006148,374196.54,0.0,0.0,374196.54,NPR
2026-01-14,ACC0000006149,239379.24,0.0,34913.11,204466.13,NPR
2026-01-14,ACC0000006150,243511.22,0.0,68360.68,175150.54,NPR
2026-01-14,ACC0000006151,361198.18,0.0,48216.72,312981.46,NPR
2026-01-14,ACC0000006152,35158.26,0.0,0.0,35158.26,NPR
2026-01-14,ACC0000006153,151945.88,38298.61,2386.88,187857.61,NPR
2026-01-14,ACC0000006154,402472.58,0.0,46001.69,356470.89,NPR
2026-01-14,ACC0000006155,72044.79,0.0,0.0,72044.79,NPR
2026-01-14,ACC0000006156,156334.58,0.0,9590.39,146744.19,NPR
2026-01-14,ACC0000006157,279200.72,47952.32,30271.63,296881.41,NPR
2026-01-14,ACC0000006158,139913.05,0.0,43674.72,96238.33,NPR
2026-01-14,ACC0000006159,404782.86,0.0,69444.1,335338.76,NPR
2026-01-14,ACC0000006160,104938.78,0.0,0.0,104938.78,NPR
2026-01-14,ACC0000006161,170227.25,0.0,87403.8,82823.45,NPR
2026-01-14,ACC0000006162,250074.28,0.0,67985.81,182088.47,NPR
2026-01-14,ACC0000006163,398793.83,0.0,57782.21,341011.62,NPR
2026-01-14,ACC0000006164,100673.61,27042.91,66415.29,61301.23,NPR
2026-01-14,ACC0000006165,274237.86,0.0,44902.56,229335.3,NPR
2026-01-14,ACC0000006166,323011.28,0.0,44576.44,278434.84,NPR
2026-01-14,ACC0000006167,456745.39,0.0,56138.3,400607.09,NPR
2026-01-14,ACC0000006168,56119.03,0.0,0.0,56119.03,NPR
2026-01-14,ACC0000006169,281264.44,4846.39,0.0,286110.83,NPR
2026-01-14,ACC0000006170,418474.89,0.0,73060.6,345414.29,NPR
2026-01-14,ACC0000006171,181636.7,0.0,0.0,181636.7,NPR
2026-01-14,ACC0000006172,63831.23,0.0,59378.19,4453.04,NPR
2026-01-14,ACC0000006173,160242.28,54934.38,36051.35,179125.31,NPR
2026-01-14,ACC0000006174,240373.12,0.0,29408.75,210964.37,NPR
2026-01-14,ACC0000006175,381728.88,0.0,31910.04,349818.84,NPR
2026-01-14,ACC0000006176,332906.39,0.0,18080.18,314826.21,NPR
2026-01-14,ACC0000006177,193514.71,0.0,64486.74,129027.97,NPR
2026-01-14,ACC0000006178,312832.68,0.0,63736.39,249096.29,NPR
2026-01-14,ACC0000006179,262837.33,34932.78,177288.89,120481.22,NPR
2026-01-14,ACC0000006180,382648.18,0.0,122047.85,260600.33,NPR
2026-01-14,ACC0000006181,206767.53,0.0,87655.71,119111.82,NPR
2026-01-14,ACC0000006182,102026.31,0.0,47943.88,54082.43,NPR
2026-01-14,ACC0000006183,307986.82,41906.18,95966.02,253926.98,NPR
2026-01-14,ACC0000006184,302430.96,36075.21,0.0,338506.17,NPR
2026-01-14,ACC0000006185,266383.39,0.0,101032.19,165351.2,NPR
2026-01-14,ACC0000006186,184090.99,0.0,0.0,184090.99,NPR
2026-01-14,ACC0000006187,289271.63,0.0,52779.06,236492.57,NPR
2026-01-14,ACC0000006188,4535.67,0.0,0.0,4535.67,NPR
2026-01-14,ACC0000006189,314899.59,0.0,118320.47,196579.12,NPR
2026-01-14,ACC0000006190,199856.7,0.0,0.0,199856.7,NPR
2026-01-14,ACC0000006191,349484.2,33996.12,68231.89,315248.43,NPR
2026-01-14,ACC0000006192,428621.76,0.0,43197.88,385423.88,NPR
2026-01-14,ACC0000006193,350842.73,0.0,0.0,350842.73,NPR
2026-01-14,ACC0000006194,240424.57,0.0,37187.53,203237.04,NPR
2026-01-14,ACC0000006195,491998.66,88258.51,43161.31,537095.86,NPR
2026-01-14,ACC0000006196,188738.2,0.0,32406.97,156331.23,NPR
2026-01-14,ACC0000006197,333071.32,0.0,0.0,333071.32,NPR
2026-01-14,ACC0000006198,117600.42,39423.67,44698.75,112325.34,NPR
2026-01-14,ACC0000006199,139838.14,18177.63,47131.43,110884.34,NPR
2026-01-14,ACC0000006200,400821.74,17581.16,80991.08,337411.82,NPR
2026-01-14,ACC0000006201,316529.71,0.0,62100.02,254429.69,NPR
2026-01-14,ACC0000006202,343519.31,0.0,38014.62,305504.69,NPR
2026-01-14,ACC0000006203,67402.59,0.0,0.0,67402.59,NPR
2026-01-14,ACC0000006204,216272.23,0.0,38637.16,177635.07,NPR
2026-01-14,ACC0000006205,351548.1,10564.77,77589.45,284523.42,NPR
2026-01-14,ACC0000006206,38966.16,11510.15,80130.16,-29653.85,NPR
2026-01-14,ACC0000006207,97431.6,0.0,70530.1,26901.5,NPR
2026-01-14,ACC0000006208,438539.92,0.0,48555.9,389984.02,NPR
2026-01-14,ACC0000006209,223715.84,40166.49,41381.47,222500.86,NPR
2026-01-14,ACC0000006210,464620.73,92455.93,119203.35,437873.31,NPR
2026-01-14,ACC0000006211,404080.56,0.0,82861.58,321218.98,NPR
2026-01-14,ACC0000006212,172751.7,0.0,0.0,172751.7,NPR
2026-01-14,ACC0000006213,422496.06,0.0,0.0,422496.06,NPR
2026-01-14,ACC0000006214,439001.35,0.0,43362.57,395638.78,NPR
2026-01-14,ACC0000006215,185155.82,7569.24,37284.12,155440.94,NPR
2026-01-14,ACC0000006216,234555.33,0.0,44607.92,189947.41,NPR
2026-01-14,ACC0000006217,354771.16,0.0,33712.62,321058.54,NPR
2026-01-14,ACC0000006218,434934.41,0.0,0.0,434934.41,NPR
2026-01-14,ACC0000006219,462363.42,49694.13,56640.48,455417.07,NPR
2026-01-14,ACC0000006220,92334.59,0.0,30098.44,62236.15,NPR
2026-01-14,ACC0000006221,475791.74,0.0,0.0,475791.74,NPR
2026-01-14,ACC0000006222,244917.42,0.0,0.0,244917.42,NPR
2026-01-14,ACC0000006223,105519.34,0.0,168917.6,-63398.26,NPR
2026-01-14,ACC0000006224,7381.02,12441.67,37272.46,-17449.77,NPR
2026-01-14,ACC0000006225,312042.07,0.0,0.0,312042.07,NPR
2026-01-14,ACC0000006226,440650.48,0.0,49527.42,391123.06,NPR
2026-01-14,ACC0000006227,93651.18,20521.41,70858.72,43313.87,NPR
2026-01-14,ACC0000006228,354863.67,29551.56,163265.98,221149.25,NPR
2026-01-14,ACC0000006229,447833.39,14565.54,67179.94,395218.99,NPR
2026-01-14,ACC0000006230,376949.76,21737.19,43796.36,354890.59,NPR
2026-01-14,ACC0000006231,345901.15,0.0,47316.82,298584.33,NPR
2026-01-14,ACC0000006232,432495.18,0.0,0.0,432495.18,NPR
2026-01-14,ACC0000006233,99553.44,31758.85,26943.82,104368.47,NPR
2026-01-14,ACC0000006234,233677.79,0.0,31259.19,202418.6,NPR
2026-01-14,ACC0000006235,21235.69,0.0,72431.39,-51195.7,NPR
2026-01-14,ACC0000006236,277340.22,0.0,62581.68,214758.54,NPR
2026-01-14,ACC0000006237,400021.53,0.0,42722.24,357299.29,NPR
2026-01-14,ACC0000006238,224434.03,0.0,29038.63,195395.4,NPR
2026-01-14,ACC0000006239,148944.78,0.0,10475.61,138469.17,NPR
2026-01-14,ACC0000006240,175423.15,0.0,46468.72,128954.43,NPR
2026-01-14,ACC0000006241,40274.23,0.0,100630.62,-60356.39,NPR
2026-01-14,ACC0000006242,172016.05,0.0,46272.04,125744.01,NPR
2026-01-14,ACC0000006243,497107.06,0.0,0.0,497107.06,NPR
2026-01-14,ACC0000006244,321531.27,0.0,108686.45,212844.82,NPR
2026-01-14,ACC0000006245,422670.0,0.0,110927.16,311742.84,NPR
2026-01-14,ACC0000006246,403967.85,0.0,51017.51,352950.34,NPR
2026-01-14,ACC0000006247,339837.06,47297.98,37547.86,349587.18,NPR
2026-01-14,ACC0000006248,421716.0,0.0,0.0,421716.0,NPR
2026-01-14,ACC0000006249,5444.03,16478.15,50995.3,-29073.12,NPR
2026-01-14,ACC0000006250,94911.76,40472.94,0.0,135384.7,NPR
2026-01-14,ACC0000006251,249718.76,20443.31,0.0,270162.07,NPR
2026-01-14,ACC0000006252,421827.55,0.0,80245.74,341581.81,NPR
2026-01-14,ACC0000006253,484422.35,0.0,106531.92,377890.43,NPR
2026-01-14,ACC0000006254,248675.28,0.0,0.0,248675.28,NPR
2026-01-14,ACC0000006255,102894.12,0.0,4567.29,98326.83,NPR
2026-01-14,ACC0000006256,123273.11,69721.13,34823.48,158170.76,NPR
2026-01-14,ACC0000006257,4612.88,0.0,0.0,4612.88,NPR
2026-01-14,ACC0000006258,21982.25,0.0,0.0,21982.25,NPR
2026-01-14,ACC0000006259,105805.68,19857.46,0.0,125663.14,NPR
2026-01-14,ACC0000006260,409029.25,0.0,77742.41,331286.84,NPR
2026-01-14,ACC0000006261,120205.42,12697.72,94585.68,38317.46,NPR
2026-01-14,ACC0000006262,285686.93,0.0,60351.09,225335.84,NPR
2026-01-14,ACC0000006263,44020.71,39413.31,0.0,83434.02,NPR
2026-01-14,ACC0000006264,26909.27,0.0,48503.82,-21594.55,NPR
2026-01-14,ACC0000006265,437755.22,16176.68,83738.94,370192.96,NPR
2026-01-14,ACC0000006266,313885.68,0.0,0.0,313885.68,NPR
2026-01-14,ACC0000006267,165121.16,0.0,0.0,165121.16,NPR
2026-01-14,ACC0000006268,353232.32,0.0,52270.82,300961.5,NPR
2026-01-14,ACC0000006269,261802.36,25901.47,41897.89,245805.94,NPR
2026-01-14,ACC0000006270,89852.23,0.0,12594.85,77257.38,NPR
2026-01-14,ACC0000006271,477609.98,0.0,0.0,477609.98,NPR
2026-01-14,ACC0000006272,183019.54,39291.6,27821.3,194489.84,NPR
2026-01-14,ACC0000006273,125949.65,0.0,55918.5,70031.15,NPR
2026-01-14,ACC0000006274,396447.61,0.0,35187.21,361260.4,NPR
2026-01-14,ACC0000006275,122134.89,35133.63,31888.31,125380.21,NPR
2026-01-14,ACC0000006276,445782.96,0.0,82288.75,363494.21,NPR
2026-01-14,ACC0000006277,38759.58,0.0,79606.37,-40846.79,NPR
2026-01-14,ACC0000006278,87416.03,0.0,44502.02,42914.01,NPR
2026-01-14,ACC0000006279,36968.81,0.0,0.0,36968.81,NPR
2026-01-14,ACC0000006280,460431.07,0.0,49276.71,411154.36,NPR
2026-01-14,ACC0000006281,8329.55,0.0,0.0,8329.55,NPR
2026-01-14,ACC0000006282,30815.45,0.0,0.0,30815.45,NPR
2026-01-14,ACC0000006283,111653.93,0.0,27346.96,84306.97,NPR
2026-01-14,ACC0000006284,304557.18,42139.71,40170.45,306526.44,NPR
2026-01-14,ACC0000006285,288005.62,23515.35,69580.89,241940.08,NPR
2026-01-14,ACC0000006286,1894.74,0.0,196912.05,-195017.31,NPR
2026-01-14,ACC0000006287,85860.42,0.0,0.0,85860.42,NPR
2026-01-14,ACC0000006288,310960.15,35562.12,72359.04,274163.23,NPR
2026-01-14,ACC0000006289,419830.81,0.0,26811.05,393019.76,NPR
2026-01-14,ACC0000006290,133162.74,0.0,128363.8,4798.94,NPR
2026-01-14,ACC0000006291,26139.45,8632.57,88924.47,-54152.45,NPR
2026-01-14,ACC0000006292,357771.49,0.0,91766.53,266004.96,NPR
2026-01-14,ACC0000006293,223202.86,0.0,0.0,223202.86,NPR
2026-01-14,ACC0000006294,135643.58,0.0,104661.85,30981.73,NPR
2026-01-14,ACC0000006295,429588.02,0.0,37327.48,392260.54,NPR
2026-01-14,ACC0000006296,455015.39,0.0,0.0,455015.39,NPR
2026-01-14,ACC0000006297,369736.6,0.0,104747.01,264989.59,NPR
2026-01-14,ACC0000006298,193968.61,7403.54,9914.82,191457.33,NPR
2026-01-14,ACC0000006299,291309.83,0.0,0.0,291309.83,NPR
2026-01-14,ACC0000006300,72353.85,0.0,64092.6,8261.25,NPR
2026-01-14,ACC0000006301,188301.41,0.0,0.0,188301.41,NPR
2026-01-14,ACC0000006302,244208.4,0.0,20760.93,223447.47,NPR
2026-01-14,ACC0000006303,451686.44,7749.98,122905.25,336531.17,NPR
2026-01-14,ACC0000006304,159553.45,0.0,102383.82,57169.63,NPR
2026-01-14,ACC0000006305,374095.39,35663.06,16300.58,393457.87,NPR
2026-01-14,ACC0000006306,359179.18,0.0,63603.59,295575.59,NPR
2026-01-14,ACC0000006307,228946.95,0.0,22131.8,206815.15,NPR
2026-01-14,ACC0000006308,131129.05,0.0,56584.63,74544.42,NPR
2026-01-14,ACC0000006309,312396.3,4587.0,30609.46,286373.84,NPR
2026-01-14,ACC0000006310,68740.33,0.0,0.0,68740.33,NPR
2026-01-14,ACC0000006311,298194.4,0.0,109214.56,188979.84,NPR
2026-01-14,ACC0000006312,295124.61,18021.49,64782.7,248363.4,NPR
2026-01-14,ACC0000006313,209948.46,0.0,0.0,209948.46,NPR
2026-01-14,ACC0000006314,175960.44,0.0,0.0,175960.44,NPR
2026-01-14,ACC0000006315,79412.27,0.0,106340.59,-26928.32,NPR
2026-01-14,ACC0000006316,46477.58,29184.1,148216.57,-72554.89,NPR
2026-01-14,ACC0000006317,87922.12,45637.51,33679.09,99880.54,NPR
2026-01-14,ACC0000006318,155700.41,0.0,33022.07,122678.34,NPR
2026-01-14,ACC0000006319,32439.15,23929.34,145619.12,-89250.63,NPR
2026-01-14,ACC0000006320,386657.19,0.0,107951.3,278705.89,NPR
2026-01-14,ACC0000006321,133013.69,0.0,44094.79,88918.9,NPR
2026-01-14,ACC0000006322,203747.91,15358.89,64506.53,154600.27,NPR
2026-01-14,ACC0000006323,399798.01,0.0,17270.37,382527.64,NPR
2026-01-14,ACC0000006324,392914.9,0.0,186337.89,206577.01,NPR
2026-01-14,ACC0000006325,242498.56,0.0,54912.17,187586.39,NPR
2026-01-14,ACC0000006326,44367.16,0.0,41369.92,2997.24,NPR
2026-01-14,ACC0000006327,222934.49,32424.02,109540.55,145817.96,NPR
2026-01-14,ACC0000006328,212899.72,0.0,110250.05,102649.67,NPR
2026-01-14,ACC0000006329,64470.72,46645.81,35511.91,75604.62,NPR
2026-01-14,ACC0000006330,183802.39,0.0,0.0,183802.39,NPR
2026-01-14,ACC0000006331,461123.31,0.0,26226.04,434897.27,NPR
2026-01-14,ACC0000006332,383369.97,0.0,86141.52,297228.45,NPR
2026-01-14,ACC0000006333,369986.45,0.0,151033.92,218952.53,NPR
2026-01-14,ACC0000006334,352606.88,36984.62,3888.38,385703.12,NPR
2026-01-14,ACC0000006335,293172.37,0.0,0.0,293172.37,NPR
2026-01-14,ACC0000006336,5250.47,0.0,0.0,5250.47,NPR
2026-01-14,ACC0000006337,89963.42,0.0,0.0,89963.42,NPR
2026-01-14,ACC0000006338,279810.39,0.0,93884.15,185926.24,NPR
2026-01-14,ACC0000006339,169516.86,40217.21,42886.89,166847.18,NPR
2026-01-14,ACC0000006340,6451.64,0.0,49409.41,-42957.77,NPR
2026-01-14,ACC0000006341,430889.21,229.87,41168.02,389951.06,NPR
2026-01-14,ACC0000006342,472399.0,0.0,42719.66,429679.34,NPR
2026-01-14,ACC0000006343,419488.33,0.0,17483.99,402004.34,NPR
2026-01-14,ACC0000006344,224595.59,0.0,45949.48,178646.11,NPR
2026-01-14,ACC0000006345,428011.51,0.0,38243.55,389767.96,NPR
2026-01-14,ACC0000006346,240551.62,10067.02,37199.93,213418.71,NPR
2026-01-14,ACC0000006347,499191.37,28379.05,13429.63,514140.79,NPR
2026-01-14,ACC0000006348,280373.18,0.0,42290.88,238082.3,NPR
2026-01-14,ACC0000006349,351199.7,61474.64,11491.62,401182.72,NPR
2026-01-14,ACC0000006350,129455.2,0.0,29861.6,99593.6,NPR
2026-01-14,ACC0000006351,395179.98,0.0,47929.62,347250.36,NPR
2026-01-14,ACC0000006352,485393.32,14924.0,3247.58,497069.74,NPR
2026-01-14,ACC0000006353,351207.4,0.0,181332.14,169875.26,NPR
2026-01-14,ACC0000006354,330532.22,0.0,21234.52,309297.7,NPR
2026-01-14,ACC0000006355,97953.91,0.0,40428.76,57525.15,NPR
2026-01-14,ACC0000006356,1746.5,37079.4,110683.19,-71857.29,NPR
2026-01-14,ACC0000006357,323401.93,35360.56,0.0,358762.49,NPR
2026-01-14,ACC0000006358,362734.96,47188.9,0.0,409923.86,NPR
2026-01-14,ACC0000006359,480738.94,0.0,0.0,480738.94,NPR
2026-01-14,ACC0000006360,424422.47,0.0,63562.94,360859.53,NPR
2026-01-14,ACC0000006361,106558.22,0.0,12339.02,94219.2,NPR
2026-01-14,ACC0000006362,404684.59,9729.69,44572.94,369841.34,NPR
2026-01-14,ACC0000006363,334450.94,0.0,0.0,334450.94,NPR
2026-01-14,ACC0000006364,453590.67,39367.26,0.0,492957.93,NPR
2026-01-14,ACC0000006365,388548.29,0.0,9826.77,378721.52,NPR
2026-01-14,ACC0000006366,318735.1,21008.43,46982.41,292761.12,NPR
2026-01-14,ACC0000006367,457809.22,0.0,39805.92,418003.3,NPR
2026-01-14,ACC0000006368,432243.36,0.0,23447.42,408795.94,NPR
2026-01-14,ACC0000006369,387383.09,59.33,0.0,387442.42,NPR
2026-01-14,ACC0000006370,390512.71,27295.12,138808.62,278999.21,NPR
2026-01-14,ACC0000006371,440996.27,33328.71,0.0,474324.98,NPR
2026-01-14,ACC0000006372,483013.09,7958.38,23297.35,467674.12,NPR
2026-01-14,ACC0000006373,394288.57,15780.32,35115.88,374953.01,NPR
2026-01-14,ACC0000006374,362496.25,0.0,11350.01,351146.24,NPR
2026-01-14,ACC0000006375,9153.49,0.0,16834.55,-7681.06,NPR
2026-01-14,ACC0000006376,83682.73,0.0,0.0,83682.73,NPR
2026-01-14,ACC0000006377,486338.23,0.0,0.0,486338.23,NPR
2026-01-14,ACC0000006378,238159.73,33732.98,19871.46,252021.25,NPR
2026-01-14,ACC0000006379,349272.2,0.0,11159.58,338112.62,NPR
2026-01-14,ACC0000006380,223056.54,0.0,47693.24,175363.3,NPR
2026-01-14,ACC0000006381,480420.82,23142.69,191604.41,311959.1,NPR
2026-01-14,ACC0000006382,386101.74,30534.63,24843.15,391793.22,NPR
2026-01-14,ACC0000006383,321000.54,0.0,0.0,321000.54,NPR
2026-01-14,ACC0000006384,183074.45,0.0,64121.61,118952.84,NPR
2026-01-14,ACC0000006385,40318.67,0.0,606.8,39711.87,NPR
2026-01-14,ACC0000006386,318517.55,0.0,75056.98,243460.57,NPR
2026-01-14,ACC0000006387,144648.75,0.0,46100.92,98547.83,NPR
2026-01-14,ACC0000006388,35148.08,19071.81,83555.63,-29335.74,NPR
2026-01-14,ACC0000006389,473562.28,0.0,0.0,473562.28,NPR
2026-01-14,ACC0000006390,342616.14,0.0,3862.78,338753.36,NPR
2026-01-14,ACC0000006391,149974.91,0.0,0.0,149974.91,NPR
2026-01-14,ACC0000006392,421651.13,0.0,0.0,421651.13,NPR
2026-01-14,ACC0000006393,279632.31,0.0,0.0,279632.31,NPR
2026-01-14,ACC0000006394,363604.86,47941.06,39399.71,372146.21,NPR
2026-01-14,ACC0000006395,428877.89,0.0,77969.63,350908.26,NPR
2026-01-14,ACC0000006396,17700.23,29924.61,22388.18,25236.66,NPR
2026-01-14,ACC0000006397,157826.9,0.0,38501.0,119325.9,NPR
2026-01-14,ACC0000006398,155475.94,0.0,0.0,155475.94,NPR
2026-01-14,ACC0000006399,322637.34,0.0,0.0,322637.34,NPR
2026-01-14,ACC0000006400,385423.83,0.0,14577.69,370846.14,NPR
2026-01-14,ACC0000006401,202926.65,0.0,0.0,202926.65,NPR
2026-01-14,ACC0000006402,88139.2,0.0,7296.07,80843.13,NPR
2026-01-14,ACC0000006403,399193.99,0.0,10673.72,388520.27,NPR
2026-01-14,ACC0000006404,358761.9,0.0,55325.73,303436.17,NPR
2026-01-14,ACC0000006405,324234.62,0.0,62739.58,261495.04,NPR
2026-01-14,ACC0000006406,449395.59,0.0,0.0,449395.59,NPR
2026-01-14,ACC0000006407,222886.2,0.0,33228.04,189658.16,NPR
2026-01-14,ACC0000006408,492297.59,0.0,84698.8,407598.79,NPR
2026-01-14,ACC0000006409,417077.92,0.0,143928.87,273149.05,NPR
2026-01-14,ACC0000006410,202749.91,0.0,112349.78,90400.13,NPR
2026-01-14,ACC0000006411,165160.71,0.0,1371.53,163789.18,NPR
2026-01-14,ACC0000006412,176908.42,0.0,7364.24,169544.18,NPR
2026-01-14,ACC0000006413,58479.58,0.0,117414.16,-58934.58,NPR
2026-01-14,ACC0000006414,23518.77,15184.58,116937.98,-78234.63,NPR
2026-01-14,ACC0000006415,265453.9,518.57,21854.24,244118.23,NPR
2026-01-14,ACC0000006416,5044.92,0.0,0.0,5044.92,NPR
2026-01-14,ACC0000006417,479753.61,0.0,49466.86,430286.75,NPR
2026-01-14,ACC0000006418,124549.43,2817.4,0.0,127366.83,NPR
2026-01-14,ACC0000006419,12626.23,0.0,0.0,12626.23,NPR
2026-01-14,ACC0000006420,71853.16,0.0,0.0,71853.16,NPR
2026-01-14,ACC0000006421,442934.58,0.0,0.0,442934.58,NPR
2026-01-14,ACC0000006422,125744.45,0.0,22904.94,102839.51,NPR
2026-01-14,ACC0000006423,95851.63,0.0,18292.79,77558.84,NPR
2026-01-14,ACC0000006424,364263.41,0.0,255.96,364007.45,NPR
2026-01-14,ACC0000006425,428631.07,2105.71,134936.26,295800.52,NPR
2026-01-14,ACC0000006426,144365.73,0.0,10204.24,134161.49,NPR
2026-01-14,ACC0000006427,431778.62,54996.09,36668.35,450106.36,NPR
2026-01-14,ACC0000006428,311571.99,0.0,47860.42,263711.57,NPR
2026-01-14,ACC0000006429,254455.69,0.0,86716.29,167739.4,NPR
2026-01-14,ACC0000006430,483557.89,0.0,49223.01,434334.88,NPR
2026-01-14,ACC0000006431,178428.31,0.0,0.0,178428.31,NPR
2026-01-14,ACC0000006432,311239.03,0.0,0.0,311239.03,NPR
2026-01-14,ACC0000006433,60076.91,47332.79,0.0,107409.7,NPR
2026-01-14,ACC0000006434,434454.63,13442.32,110018.58,337878.37,NPR
2026-01-14,ACC0000006435,483007.52,78036.67,22586.93,538457.26,NPR
2026-01-14,ACC0000006436,274406.42,17357.15,35934.3,255829.27,NPR
2026-01-14,ACC0000006437,294887.52,0.0,32283.27,262604.25,NPR
2026-01-14,ACC0000006438,341798.5,14602.05,74881.78,281518.77,NPR
2026-01-14,ACC0000006439,494876.49,8428.47,111254.42,392050.54,NPR
2026-01-14,ACC0000006440,344199.4,0.0,38083.44,306115.96,NPR
2026-01-14,ACC0000006441,294162.03,0.0,72974.0,221188.03,NPR
2026-01-14,ACC0000006442,474495.1,49384.25,24877.15,499002.2,NPR
2026-01-14,ACC0000006443,57763.43,15527.44,76884.68,-3593.81,NPR
2026-01-14,ACC0000006444,33383.08,76957.94,0.0,110341.02,NPR
2026-01-14,ACC0000006445,5868.45,0.0,38316.46,-32448.01,NPR
2026-01-14,ACC0000006446,280592.92,34385.76,50029.66,264949.02,NPR
2026-01-14,ACC0000006447,483027.32,0.0,0.0,483027.32,NPR
2026-01-14,ACC0000006448,314512.86,58594.48,0.0,373107.34,NPR
2026-01-14,ACC0000006449,24105.42,24777.54,36454.38,12428.58,NPR
2026-01-14,ACC0000006450,493279.97,30087.14,5998.77,517368.34,NPR
2026-01-14,ACC0000006451,108469.96,0.0,0.0,108469.96,NPR
2026-01-14,ACC0000006452,395893.18,0.0,0.0,395893.18,NPR
2026-01-14,ACC0000006453,453307.75,0.0,0.0,453307.75,NPR
2026-01-14,ACC0000006454,412680.93,27267.69,0.0,439948.62,NPR
2026-01-14,ACC0000006455,98520.57,0.0,32401.83,66118.74,NPR
2026-01-14,ACC0000006456,135979.73,0.0,33619.9,102359.83,NPR
2026-01-14,ACC0000006457,448176.52,0.0,56688.4,391488.12,NPR
2026-01-14,ACC0000006458,99361.27,1836.19,60506.47,40690.99,NPR
2026-01-14,ACC0000006459,375447.9,0.0,83491.78,291956.12,NPR
2026-01-14,ACC0000006460,140725.52,34496.76,42443.39,132778.89,NPR
2026-01-14,ACC0000006461,471776.88,35854.92,59585.37,448046.43,NPR
2026-01-14,ACC0000006462,391255.37,42210.53,97182.31,336283.59,NPR
2026-01-14,ACC0000006463,266799.23,27626.25,82578.31,211847.17,NPR
2026-01-14,ACC0000006464,217490.93,4519.43,23604.19,198406.17,NPR
2026-01-14,ACC0000006465,146947.36,0.0,0.0,146947.36,NPR
2026-01-14,ACC0000006466,459944.44,0.0,86574.71,373369.73,NPR
2026-01-14,ACC0000006467,45200.51,0.0,51297.2,-6096.69,NPR
2026-01-14,ACC0000006468,12876.16,35556.34,83886.99,-35454.49,NPR
2026-01-14,ACC0000006469,345961.73,17172.97,63065.14,300069.56,NPR
2026-01-14,ACC0000006470,67976.88,0.0,7149.04,60827.84,NPR
2026-01-14,ACC0000006471,388227.32,0.0,25261.38,362965.94,NPR
2026-01-14,ACC0000006472,13009.78,0.0,49412.62,-36402.84,NPR
2026-01-14,ACC0000006473,129137.76,0.0,23972.57,105165.19,NPR
2026-01-14,ACC0000006474,306950.49,16380.63,60941.28,262389.84,NPR
2026-01-14,ACC0000006475,275030.15,0.0,50899.96,224130.19,NPR
2026-01-14,ACC0000006476,57897.82,0.0,108563.31,-50665.49,NPR
2026-01-14,ACC0000006477,129068.91,0.0,55428.47,73640.44,NPR
2026-01-14,ACC0000006478,488778.87,45067.3,80505.23,453340.94,NPR
2026-01-14,ACC0000006479,71731.77,0.0,0.0,71731.77,NPR
2026-01-14,ACC0000006480,216355.06,0.0,0.0,216355.06,NPR
2026-01-14,ACC0000006481,491921.34,30112.44,80404.7,441629.08,NPR
2026-01-14,ACC0000006482,86554.32,0.0,92523.14,-5968.82,NPR
2026-01-14,ACC0000006483,467559.99,0.0,38574.51,428985.48,NPR
2026-01-14,ACC0000006484,450781.67,0.0,0.0,450781.67,NPR
2026-01-14,ACC0000006485,62560.4,0.0,2798.53,59761.87,NPR
2026-01-14,ACC0000006486,360344.11,0.0,6429.19,353914.92,NPR
2026-01-14,ACC0000006487,228712.72,0.0,17604.97,211107.75,NPR
2026-01-14,ACC0000006488,305485.89,39102.04,34166.02,310421.91,NPR
2026-01-14,ACC0000006489,1037.5,0.0,32616.6,-31579.1,NPR
2026-01-14,ACC0000006490,300748.91,0.0,0.0,300748.91,NPR
2026-01-14,ACC0000006491,16608.56,1887.63,63816.55,-45320.36,NPR
2026-01-14,ACC0000006492,57804.42,0.0,36381.35,21423.07,NPR
2026-01-14,ACC0000006493,378695.23,22022.89,36970.18,363747.94,NPR
2026-01-14,ACC0000006494,440097.09,0.0,75954.21,364142.88,NPR
2026-01-14,ACC0000006495,294434.04,0.0,0.0,294434.04,NPR
2026-01-14,ACC0000006496,363960.21,0.0,0.0,363960.21,NPR
2026-01-14,ACC0000006497,485708.89,0.0,9821.46,475887.43,NPR
2026-01-14,ACC0000006498,157326.71,0.0,0.0,157326.71,NPR
2026-01-14,ACC0000006499,473461.56,21234.81,152138.7,342557.67,NPR
2026-01-14,ACC0000006500,473559.43,0.0,19892.71,453666.72,NPR
2026-01-14,ACC0000006501,30446.52,3083.94,47681.3,-14150.84,NPR
2026-01-14,ACC0000006502,168474.49,0.0,32599.96,135874.53,NPR
2026-01-14,ACC0000006503,215083.47,0.0,43075.82,172007.65,NPR
2026-01-14,ACC0000006504,186021.1,0.0,49918.04,136103.06,NPR
2026-01-14,ACC0000006505,460794.26,0.0,0.0,460794.26,NPR
2026-01-14,ACC0000006506,114496.52,0.0,65911.73,48584.79,NPR
2026-01-14,ACC0000006507,84801.95,0.0,47640.09,37161.86,NPR
2026-01-14,ACC0000006508,301435.09,0.0,0.0,301435.09,NPR
2026-01-14,ACC0000006509,480898.19,0.0,25657.51,455240.68,NPR
2026-01-14,ACC0000006510,414492.5,0.0,55724.52,358767.98,NPR
2026-01-14,ACC0000006511,272407.71,0.0,0.0,272407.71,NPR
2026-01-14,ACC0000006512,81064.42,1566.7,0.0,82631.12,NPR
2026-01-14,ACC0000006513,454878.34,17743.81,86409.1,386213.05,NPR
2026-01-14,ACC0000006514,198637.3,0.0,92995.15,105642.15,NPR
2026-01-14,ACC0000006515,438002.31,28635.14,15697.92,450939.53,NPR
2026-01-14,ACC0000006516,133339.13,43364.6,52674.38,124029.35,NPR
2026-01-14,ACC0000006517,320245.6,5883.87,0.0,326129.47,NPR
2026-01-14,ACC0000006518,328528.31,49622.27,128010.95,250139.63,NPR
2026-01-14,ACC0000006519,301230.03,0.0,60754.21,240475.82,NPR
2026-01-14,ACC0000006520,129235.83,0.0,49309.08,79926.75,NPR
2026-01-14,ACC0000006521,498591.05,0.0,0.0,498591.05,NPR
2026-01-14,ACC0000006522,224162.34,19089.98,46190.06,197062.26,NPR
2026-01-14,ACC0000006523,422004.65,22415.27,70720.08,373699.84,NPR
2026-01-14,ACC0000006524,26186.59,0.0,27985.9,-1799.31,NPR
2026-01-14,ACC0000006525,350661.15,0.0,49562.24,301098.91,NPR
2026-01-14,ACC0000006526,165290.44,0.0,105158.34,60132.1,NPR
2026-01-14,ACC0000006527,109916.74,0.0,0.0,109916.74,NPR
2026-01-14,ACC0000006528,276549.48,0.0,0.0,276549.48,NPR
2026-01-14,ACC0000006529,282046.36,0.0,72861.87,209184.49,NPR
2026-01-14,ACC0000006530,65511.86,0.0,0.0,65511.86,NPR
2026-01-14,ACC0000006531,165886.05,0.0,39337.03,126549.02,NPR
2026-01-14,ACC0000006532,427866.27,0.0,115666.44,312199.83,NPR
2026-01-14,ACC0000006533,218472.82,0.0,26902.6,191570.22,NPR
2026-01-14,ACC0000006534,345314.39,0.0,0.0,345314.39,NPR
2026-01-14,ACC0000006535,87241.24,38099.12,51091.05,74249.31,NPR
2026-01-14,ACC0000006536,372290.64,0.0,74239.65,298050.99,NPR
2026-01-14,ACC0000006537,360024.07,0.0,0.0,360024.07,NPR
2026-01-14,ACC0000006538,136698.96,0.0,0.0,136698.96,NPR
2026-01-14,ACC0000006539,84784.97,14656.6,73955.14,25486.43,NPR
2026-01-14,ACC0000006540,326295.45,0.0,94667.58,231627.87,NPR
2026-01-14,ACC0000006541,76630.0,51835.27,30167.53,98297.74,NPR
2026-01-14,ACC0000006542,289143.47,0.0,0.0,289143.47,NPR
2026-01-14,ACC0000006543,123378.4,29351.07,48698.95,104030.52,NPR
2026-01-14,ACC0000006544,407341.56,0.0,9262.27,398079.29,NPR
2026-01-14,ACC0000006545,375339.97,0.0,47034.57,328305.4,NPR
2026-01-14,ACC0000006546,176294.72,0.0,132431.42,43863.3,NPR
2026-01-14,ACC0000006547,317966.59,26618.18,37842.63,306742.14,NPR
2026-01-14,ACC0000006548,422882.41,11715.34,40818.9,393778.85,NPR
2026-01-14,ACC0000006549,241917.14,0.0,0.0,241917.14,NPR
2026-01-14,ACC0000006550,8357.71,0.0,122832.13,-114474.42,NPR
2026-01-14,ACC0000006551,463919.07,0.0,0.0,463919.07,NPR
2026-01-14,ACC0000006552,311344.91,268.1,97437.02,214175.99,NPR
2026-01-14,ACC0000006553,15271.77,0.0,22193.5,-6921.73,NPR
2026-01-14,ACC0000006554,163715.11,18366.2,30813.97,151267.34,NPR
2026-01-14,ACC0000006555,298803.01,17298.38,43141.78,272959.61,NPR
2026-01-14,ACC0000006556,387901.03,427.29,0.0,388328.32,NPR
2026-01-14,ACC0000006557,291214.93,45643.36,117539.37,219318.92,NPR
2026-01-14,ACC0000006558,462085.76,0.0,0.0,462085.76,NPR
2026-01-14,ACC0000006559,54526.86,0.0,41490.64,13036.22,NPR
2026-01-14,ACC0000006560,291394.57,0.0,169196.53,122198.04,NPR
2026-01-14,ACC0000006561,484616.16,0.0,80508.63,404107.53,NPR
2026-01-14,ACC0000006562,417590.84,0.0,27894.48,389696.36,NPR
2026-01-14,ACC0000006563,430129.68,36711.72,83924.19,382917.21,NPR
2026-01-14,ACC0000006564,146547.42,0.0,0.0,146547.42,NPR
2026-01-14,ACC0000006565,163430.55,56120.78,35320.16,184231.17,NPR
2026-01-14,ACC0000006566,13686.51,13239.45,0.0,26925.96,NPR
2026-01-14,ACC0000006567,487063.71,0.0,141291.56,345772.15,NPR
2026-01-14,ACC0000006568,17091.74,0.0,0.0,17091.74,NPR
2026-01-14,ACC0000006569,316472.69,0.0,83823.51,232649.18,NPR
2026-01-14,ACC0000006570,140270.4,0.0,59585.11,80685.29,NPR
2026-01-14,ACC0000006571,224971.35,0.0,77841.53,147129.82,NPR
2026-01-14,ACC0000006572,408285.05,67954.02,5705.09,470533.98,NPR
2026-01-14,ACC0000006573,429442.5,0.0,85754.03,343688.47,NPR
2026-01-14,ACC0000006574,306152.64,33105.55,43837.93,295420.26,NPR
2026-01-14,ACC0000006575,159866.16,0.0,20376.29,139489.87,NPR
2026-01-14,ACC0000006576,384327.86,60459.33,65360.88,379426.31,NPR
2026-01-14,ACC0000006577,342232.17,60130.49,84922.9,317439.76,NPR
2026-01-14,ACC0000006578,455976.91,15395.66,87227.28,384145.29,NPR
2026-01-14,ACC0000006579,213217.75,16703.79,128605.11,101316.43,NPR
2026-01-14,ACC0000006580,402175.86,0.0,41542.44,360633.42,NPR
2026-01-14,ACC0000006581,4362.22,0.0,1573.88,2788.34,NPR
2026-01-14,ACC0000006582,56490.29,0.0,0.0,56490.29,NPR
2026-01-14,ACC0000006583,252122.36,64094.68,52977.35,263239.69,NPR
2026-01-14,ACC0000006584,247654.82,38736.87,172023.4,114368.29,NPR
2026-01-14,ACC0000006585,475419.92,0.0,185767.66,289652.26,NPR
2026-01-14,ACC0000006586,237230.21,38917.74,124050.65,152097.3,NPR
2026-01-14,ACC0000006587,289952.19,0.0,0.0,289952.19,NPR
2026-01-14,ACC0000006588,365484.22,0.0,16747.26,348736.96,NPR
2026-01-14,ACC0000006589,21210.26,74028.84,54501.58,40737.52,NPR
2026-01-14,ACC0000006590,213096.0,0.0,0.0,213096.0,NPR
2026-01-14,ACC0000006591,305990.93,0.0,0.0,305990.93,NPR
2026-01-14,ACC0000006592,29534.54,14588.21,0.0,44122.75,NPR
2026-01-14,ACC0000006593,490585.74,0.0,152613.8,337971.94,NPR
2026-01-14,ACC0000006594,16443.49,0.0,55940.16,-39496.67,NPR
2026-01-14,ACC0000006595,28804.59,41641.44,64203.88,6242.15,NPR
2026-01-14,ACC0000006596,211801.41,10098.06,108462.63,113436.84,NPR
2026-01-14,ACC0000006597,426608.43,0.0,0.0,426608.43,NPR
2026-01-14,ACC0000006598,245067.73,34842.91,67283.99,212626.65,NPR
2026-01-14,ACC0000006599,367704.19,0.0,43585.41,324118.78,NPR
2026-01-14,ACC0000006600,229752.81,0.0,47000.52,182752.29,NPR
2026-01-14,ACC0000006601,387190.82,32912.71,42933.91,377169.62,NPR
2026-01-14,ACC0000006602,23033.12,14510.69,27666.91,9876.9,NPR
2026-01-14,ACC0000006603,330725.88,4786.24,78498.29,257013.83,NPR
2026-01-14,ACC0000006604,179636.95,70850.78,26367.99,224119.74,NPR
2026-01-14,ACC0000006605,35163.14,0.0,112417.44,-77254.3,NPR
2026-01-14,ACC0000006606,331619.99,1454.91,0.0,333074.9,NPR
2026-01-14,ACC0000006607,468201.75,0.0,16709.12,451492.63,NPR
2026-01-14,ACC0000006608,303098.13,35664.89,99297.66,239465.36,NPR
2026-01-14,ACC0000006609,175224.47,0.0,26359.14,148865.33,NPR
2026-01-14,ACC0000006610,202536.28,0.0,0.0,202536.28,NPR
2026-01-14,ACC0000006611,106609.21,0.0,22434.02,84175.19,NPR
2026-01-14,ACC0000006612,346168.08,36204.7,21593.31,360779.47,NPR
2026-01-14,ACC0000006613,114253.82,0.0,156707.26,-42453.44,NPR
2026-01-14,ACC0000006614,180037.07,0.0,0.0,180037.07,NPR
2026-01-14,ACC0000006615,59548.76,0.0,48017.15,11531.61,NPR
2026-01-14,ACC0000006616,297259.21,0.0,0.0,297259.21,NPR
2026-01-14,ACC0000006617,105803.09,0.0,6202.49,99600.6,NPR
2026-01-14,ACC0000006618,401341.15,0.0,0.0,401341.15,NPR
2026-01-14,ACC0000006619,360888.7,0.0,8996.05,351892.65,NPR
2026-01-14,ACC0000006620,228551.61,49590.03,64911.78,213229.86,NPR
2026-01-14,ACC0000006621,4192.76,22497.33,128158.03,-101467.94,NPR
2026-01-14,ACC0000006622,471122.29,15477.15,20066.61,466532.83,NPR
2026-01-14,ACC0000006623,424313.57,0.0,169751.14,254562.43,NPR
2026-01-14,ACC0000006624,427588.64,0.0,33880.33,393708.31,NPR
2026-01-14,ACC0000006625,397452.09,41837.82,28752.14,410537.77,NPR
2026-01-14,ACC0000006626,366574.77,0.0,21950.43,344624.34,NPR
2026-01-14,ACC0000006627,434443.1,0.0,0.0,434443.1,NPR
2026-01-14,ACC0000006628,357632.54,0.0,45690.48,311942.06,NPR
2026-01-14,ACC0000006629,50045.36,0.0,160881.78,-110836.42,NPR
2026-01-14,ACC0000006630,98784.45,0.0,48873.2,49911.25,NPR
2026-01-14,ACC0000006631,83460.56,0.0,0.0,83460.56,NPR
2026-01-14,ACC0000006632,390275.47,0.0,17599.16,372676.31,NPR
2026-01-14,ACC0000006633,452868.73,0.0,59139.85,393728.88,NPR
2026-01-14,ACC0000006634,256326.33,0.0,30208.85,226117.48,NPR
2026-01-14,ACC0000006635,149923.08,0.0,94099.39,55823.69,NPR
2026-01-14,ACC0000006636,379169.56,41226.39,50612.3,369783.65,NPR
2026-01-14,ACC0000006637,17351.92,0.0,72045.39,-54693.47,NPR
2026-01-14,ACC0000006638,26508.89,30183.51,61748.08,-5055.68,NPR
2026-01-14,ACC0000006639,406073.85,0.0,0.0,406073.85,NPR
2026-01-14,ACC0000006640,409008.91,48620.26,64053.52,393575.65,NPR
2026-01-14,ACC0000006641,80639.04,0.0,0.0,80639.04,NPR
2026-01-14,ACC0000006642,220846.12,0.0,0.0,220846.12,NPR
2026-01-14,ACC0000006643,312521.34,10522.43,0.0,323043.77,NPR
2026-01-14,ACC0000006644,80345.35,0.0,100163.78,-19818.43,NPR
2026-01-14,ACC0000006645,42359.26,0.0,0.0,42359.26,NPR
2026-01-14,ACC0000006646,58717.85,0.0,0.0,58717.85,NPR
2026-01-14,ACC0000006647,481521.77,0.0,0.0,481521.77,NPR
2026-01-14,ACC0000006648,41302.65,19882.97,69529.64,-8344.02,NPR
2026-01-14,ACC0000006649,279546.0,21317.14,65382.06,235481.08,NPR
2026-01-14,ACC0000006650,233962.5,0.0,49565.9,184396.6,NPR
2026-01-14,ACC0000006651,6778.34,0.0,0.0,6778.34,NPR
2026-01-14,ACC0000006652,133651.59,55570.67,25200.96,164021.3,NPR
2026-01-14,ACC0000006653,52489.97,38523.37,12078.31,78935.03,NPR
2026-01-14,ACC0000006654,5601.47,12015.25,90078.76,-72462.04,NPR
2026-01-14,ACC0000006655,97163.71,0.0,49537.65,47626.06,NPR
2026-01-14,ACC0000006656,402501.84,0.0,24480.61,378021.23,NPR
2026-01-14,ACC0000006657,293741.47,0.0,91248.67,202492.8,NPR
2026-01-14,ACC0000006658,240813.07,0.0,48676.61,192136.46,NPR
2026-01-14,ACC0000006659,361752.85,10111.23,158062.83,213801.25,NPR
2026-01-14,ACC0000006660,260869.97,0.0,0.0,260869.97,NPR
2026-01-14,ACC0000006661,157854.58,0.0,39457.37,118397.21,NPR
2026-01-14,ACC0000006662,305355.76,0.0,21064.94,284290.82,NPR
2026-01-14,ACC0000006663,64990.64,42746.15,148267.85,-40531.06,NPR
2026-01-14,ACC0000006664,38974.95,30080.67,77310.6,-8254.98,NPR
2026-01-14,ACC0000006665,413202.02,45272.91,0.0,458474.93,NPR
2026-01-14,ACC0000006666,333723.08,6579.15,0.0,340302.23,NPR
2026-01-14,ACC0000006667,268049.26,0.0,35563.61,232485.65,NPR
2026-01-14,ACC0000006668,352886.62,0.0,50105.45,302781.17,NPR
2026-01-14,ACC0000006669,469025.07,10638.11,0.0,479663.18,NPR
2026-01-14,ACC0000006670,73670.37,0.0,98479.24,-24808.87,NPR
2026-01-14,ACC0000006671,250422.45,0.0,0.0,250422.45,NPR
2026-01-14,ACC0000006672,92372.46,6890.75,121586.65,-22323.44,NPR
2026-01-14,ACC0000006673,71824.34,0.0,0.0,71824.34,NPR
2026-01-14,ACC0000006674,120409.0,47433.05,101598.77,66243.28,NPR
2026-01-14,ACC0000006675,218216.38,0.0,0.0,218216.38,NPR
2026-01-14,ACC0000006676,87705.69,27639.5,81861.34,33483.85,NPR
2026-01-14,ACC0000006677,36895.91,0.0,11350.12,25545.79,NPR
2026-01-14,ACC0000006678,144278.69,0.0,0.0,144278.69,NPR
2026-01-14,ACC0000006679,304003.87,44795.97,20094.71,328705.13,NPR
2026-01-14,ACC0000006680,451105.19,0.0,72521.39,378583.8,NPR
2026-01-14,ACC0000006681,251053.17,0.0,66669.03,184384.14,NPR
2026-01-14,ACC0000006682,26134.45,0.0,143527.62,-117393.17,NPR
2026-01-14,ACC0000006683,146282.27,0.0,65727.55,80554.72,NPR
2026-01-14,ACC0000006684,7807.36,19060.8,0.0,26868.16,NPR
2026-01-14,ACC0000006685,131161.72,0.0,8431.67,122730.05,NPR
2026-01-14,ACC0000006686,34016.39,0.0,57588.56,-23572.17,NPR
2026-01-14,ACC0000006687,239229.75,0.0,0.0,239229.75,NPR
2026-01-14,ACC0000006688,273350.74,0.0,104562.39,168788.35,NPR
2026-01-14,ACC0000006689,388316.49,0.0,9019.21,379297.28,NPR
2026-01-14,ACC0000006690,145672.42,0.0,0.0,145672.42,NPR
2026-01-14,ACC0000006691,280783.96,12291.04,121422.97,171652.03,NPR
2026-01-14,ACC0000006692,276245.54,24173.23,26642.24,273776.53,NPR
2026-01-14,ACC0000006693,454050.3,35384.22,0.0,489434.52,NPR
2026-01-14,ACC0000006694,469911.76,0.0,33099.92,436811.84,NPR
2026-01-14,ACC0000006695,175036.91,0.0,49471.32,125565.59,NPR
2026-01-14,ACC0000006696,477526.57,44026.36,28311.64,493241.29,NPR
2026-01-14,ACC0000006697,416974.17,10333.17,38523.55,388783.79,NPR
2026-01-14,ACC0000006698,344555.25,0.0,14536.88,330018.37,NPR
2026-01-14,ACC0000006699,392911.18,73769.81,69670.13,397010.86,NPR
2026-01-14,ACC0000006700,385532.09,73818.89,62717.97,396633.01,NPR
2026-01-14,ACC0000006701,346141.6,39432.16,94185.52,291388.24,NPR
2026-01-14,ACC0000006702,185268.41,0.0,36983.83,148284.58,NPR
2026-01-14,ACC0000006703,161183.98,0.0,58578.45,102605.53,NPR
2026-01-14,ACC0000006704,279161.05,0.0,72689.67,206471.38,NPR
2026-01-14,ACC0000006705,435878.54,0.0,0.0,435878.54,NPR
2026-01-14,ACC0000006706,154001.78,0.0,17272.94,136728.84,NPR
2026-01-14,ACC0000006707,244321.9,0.0,20134.81,224187.09,NPR
2026-01-14,ACC0000006708,248182.52,47419.53,37745.55,257856.5,NPR
2026-01-14,ACC0000006709,459579.7,0.0,45056.36,414523.34,NPR
2026-01-14,ACC0000006710,35376.8,0.0,26093.66,9283.14,NPR
2026-01-14,ACC0000006711,107045.88,0.0,14750.87,92295.01,NPR
2026-01-14,ACC0000006712,249103.67,0.0,72897.96,176205.71,NPR
2026-01-14,ACC0000006713,298639.33,0.0,0.0,298639.33,NPR
2026-01-14,ACC0000006714,58948.38,4971.3,39730.98,24188.7,NPR
2026-01-14,ACC0000006715,401433.84,0.0,78012.34,323421.5,NPR
2026-01-14,ACC0000006716,145779.74,15806.37,47840.64,113745.47,NPR
2026-01-14,ACC0000006717,99486.09,0.0,105815.16,-6329.07,NPR
2026-01-14,ACC0000006718,16922.94,15338.49,563.72,31697.71,NPR
2026-01-14,ACC0000006719,268147.62,0.0,0.0,268147.62,NPR
2026-01-14,ACC0000006720,25106.1,83208.31,15674.47,92639.94,NPR
2026-01-14,ACC0000006721,59977.44,0.0,0.0,59977.44,NPR
2026-01-14,ACC0000006722,442574.31,0.0,148911.21,293663.1,NPR
2026-01-14,ACC0000006723,335320.41,0.0,67795.46,267524.95,NPR
2026-01-14,ACC0000006724,198657.37,0.0,0.0,198657.37,NPR
2026-01-14,ACC0000006725,312509.94,0.0,353.17,312156.77,NPR
2026-01-14,ACC0000006726,172141.78,34562.93,106203.14,100501.57,NPR
2026-01-14,ACC0000006727,321031.25,0.0,131672.84,189358.41,NPR
2026-01-14,ACC0000006728,380239.38,1850.32,22875.28,359214.42,NPR
2026-01-14,ACC0000006729,29017.6,0.0,0.0,29017.6,NPR
2026-01-14,ACC0000006730,224131.14,32963.24,0.0,257094.38,NPR
2026-01-14,ACC0000006731,436767.24,15711.87,0.0,452479.11,NPR
2026-01-14,ACC0000006732,113256.06,0.0,92190.65,21065.41,NPR
2026-01-14,ACC0000006733,153158.23,0.0,47619.16,105539.07,NPR
2026-01-14,ACC0000006734,231229.76,0.0,49366.0,181863.76,NPR
2026-01-14,ACC0000006735,152318.92,0.0,0.0,152318.92,NPR
2026-01-14,ACC0000006736,465459.81,37071.95,78202.86,424328.9,NPR
2026-01-14,ACC0000006737,285941.01,0.0,31212.88,254728.13,NPR
2026-01-14,ACC0000006738,284668.32,0.0,80854.42,203813.9,NPR
2026-01-14,ACC0000006739,103705.26,40974.64,65230.88,79449.02,NPR
2026-01-14,ACC0000006740,37184.46,0.0,55137.19,-17952.73,NPR
2026-01-14,ACC0000006741,247105.02,27793.6,95127.47,179771.15,NPR
2026-01-14,ACC0000006742,427148.69,3164.28,0.0,430312.97,NPR
2026-01-14,ACC0000006743,193601.91,0.0,44820.73,148781.18,NPR
2026-01-14,ACC0000006744,374843.52,26577.66,0.0,401421.18,NPR
2026-01-14,ACC0000006745,22926.43,0.0,57518.27,-34591.84,NPR
2026-01-14,ACC0000006746,23548.38,47682.61,39945.73,31285.26,NPR
2026-01-14,ACC0000006747,436407.85,0.0,26220.5,410187.35,NPR
2026-01-14,ACC0000006748,325509.42,0.0,37730.25,287779.17,NPR
2026-01-14,ACC0000006749,290516.38,0.0,20753.07,269763.31,NPR
2026-01-14,ACC0000006750,430755.48,25575.13,44208.3,412122.31,NPR
2026-01-14,ACC0000006751,72651.94,11112.51,49786.73,33977.72,NPR
2026-01-14,ACC0000006752,489964.45,0.0,0.0,489964.45,NPR
2026-01-14,ACC0000006753,239677.41,0.0,37824.33,201853.08,NPR
2026-01-14,ACC0000006754,388707.69,0.0,66453.39,322254.3,NPR
2026-01-14,ACC0000006755,62197.47,0.0,51823.23,10374.24,NPR
2026-01-14,ACC0000006756,384843.29,0.0,101968.72,282874.57,NPR
2026-01-14,ACC0000006757,299001.42,0.0,98577.18,200424.24,NPR
2026-01-14,ACC0000006758,286634.64,2821.14,421.55,289034.23,NPR
2026-01-14,ACC0000006759,50478.57,0.0,74363.35,-23884.78,NPR
2026-01-14,ACC0000006760,290277.08,31302.05,23335.32,298243.81,NPR
2026-01-14,ACC0000006761,253364.39,45154.97,73503.46,225015.9,NPR
2026-01-14,ACC0000006762,417426.96,0.0,0.0,417426.96,NPR
2026-01-14,ACC0000006763,181999.3,0.0,0.0,181999.3,NPR
2026-01-14,ACC0000006764,348632.66,24266.38,55431.58,317467.46,NPR
2026-01-14,ACC0000006765,57670.07,0.0,0.0,57670.07,NPR
2026-01-14,ACC0000006766,178743.68,25329.69,3943.76,200129.61,NPR
2026-01-14,ACC0000006767,469603.66,0.0,25890.39,443713.27,NPR
2026-01-14,ACC0000006768,292666.3,0.0,113872.49,178793.81,NPR
2026-01-14,ACC0000006769,231816.88,36792.92,92712.44,175897.36,NPR
2026-01-14,ACC0000006770,85033.54,31307.81,101629.48,14711.87,NPR
2026-01-14,ACC0000006771,349286.08,0.0,0.0,349286.08,NPR
2026-01-14,ACC0000006772,272515.14,45267.99,176317.6,141465.53,NPR
2026-01-14,ACC0000006773,166975.72,67206.62,30618.8,203563.54,NPR
2026-01-14,ACC0000006774,378021.64,0.0,39870.99,338150.65,NPR
2026-01-14,ACC0000006775,468679.98,0.0,69412.7,399267.28,NPR
2026-01-14,ACC0000006776,69099.57,0.0,45351.37,23748.2,NPR
2026-01-14,ACC0000006777,27493.49,0.0,0.0,27493.49,NPR
2026-01-14,ACC0000006778,119459.56,1053.33,81043.56,39469.33,NPR
2026-01-14,ACC0000006779,3256.04,0.0,169003.31,-165747.27,NPR
2026-01-14,ACC0000006780,156044.51,0.0,0.0,156044.51,NPR
2026-01-14,ACC0000006781,318698.75,0.0,31984.81,286713.94,NPR
2026-01-14,ACC0000006782,425746.76,0.0,0.0,425746.76,NPR
2026-01-14,ACC0000006783,255180.33,48267.42,61679.91,241767.84,NPR
2026-01-14,ACC0000006784,363796.58,38977.9,53584.39,349190.09,NPR
2026-01-14,ACC0000006785,125650.24,0.0,81567.36,44082.88,NPR
2026-01-14,ACC0000006786,167002.45,49703.81,62042.69,154663.57,NPR
2026-01-14,ACC0000006787,236757.24,9918.85,23015.82,223660.27,NPR
2026-01-14,ACC0000006788,464415.05,0.0,53902.52,410512.53,NPR
2026-01-14,ACC0000006789,317576.99,0.0,71.97,317505.02,NPR
2026-01-14,ACC0000006790,254981.19,0.0,0.0,254981.19,NPR
2026-01-14,ACC0000006791,158566.51,0.0,101757.56,56808.95,NPR
2026-01-14,ACC0000006792,477336.5,0.0,72193.13,405143.37,NPR
2026-01-14,ACC0000006793,32077.14,54486.91,106796.27,-20232.22,NPR
2026-01-14,ACC0000006794,337477.68,0.0,0.0,337477.68,NPR
2026-01-14,ACC0000006795,450635.56,0.0,43249.96,407385.6,NPR
2026-01-14,ACC0000006796,381545.9,0.0,14636.3,366909.6,NPR
2026-01-14,ACC0000006797,141541.26,0.0,22668.37,118872.89,NPR
2026-01-14,ACC0000006798,131715.75,0.0,109142.22,22573.53,NPR
2026-01-14,ACC0000006799,444792.42,0.0,8971.93,435820.49,NPR
2026-01-14,ACC0000006800,46617.04,0.0,0.0,46617.04,NPR
2026-01-14,ACC0000006801,232642.93,52150.31,67841.49,216951.75,NPR
2026-01-14,ACC0000006802,198215.51,40481.66,4979.8,233717.37,NPR
2026-01-14,ACC0000006803,126768.16,0.0,0.0,126768.16,NPR
2026-01-14,ACC0000006804,402526.39,53508.94,0.0,456035.33,NPR
2026-01-14,ACC0000006805,396591.6,0.0,15875.9,380715.7,NPR
2026-01-14,ACC0000006806,252781.59,0.0,102441.05,150340.54,NPR
2026-01-14,ACC0000006807,171169.74,4320.69,77332.98,98157.45,NPR
2026-01-14,ACC0000006808,361376.13,46504.9,122234.34,285646.69,NPR
2026-01-14,ACC0000006809,378273.98,47463.59,0.0,425737.57,NPR
2026-01-14,ACC0000006810,135885.91,0.0,44775.55,91110.36,NPR
2026-01-14,ACC0000006811,30514.78,7828.47,34223.75,4119.5,NPR
2026-01-14,ACC0000006812,466461.61,0.0,0.0,466461.61,NPR
2026-01-14,ACC0000006813,6566.52,0.0,32957.07,-26390.55,NPR
2026-01-14,ACC0000006814,65863.58,0.0,90130.38,-24266.8,NPR
2026-01-14,ACC0000006815,10332.65,47747.57,20700.47,37379.75,NPR
2026-01-14,ACC0000006816,37702.31,0.0,128502.98,-90800.67,NPR
2026-01-14,ACC0000006817,251007.22,0.0,115438.6,135568.62,NPR
2026-01-14,ACC0000006818,28806.9,0.0,87131.37,-58324.47,NPR
2026-01-14,ACC0000006819,252061.27,0.0,1628.09,250433.18,NPR
2026-01-14,ACC0000006820,275048.54,0.0,1377.34,273671.2,NPR
2026-01-14,ACC0000006821,426204.02,0.0,12769.97,413434.05,NPR
2026-01-14,ACC0000006822,294778.59,29807.11,121214.97,203370.73,NPR
2026-01-14,ACC0000006823,426196.05,0.0,89950.66,336245.39,NPR
2026-01-14,ACC0000006824,108425.16,0.0,0.0,108425.16,NPR
2026-01-14,ACC0000006825,138063.63,47361.96,39418.31,146007.28,NPR
2026-01-14,ACC0000006826,40736.08,27212.58,161755.02,-93806.36,NPR
2026-01-14,ACC0000006827,452262.87,0.0,0.0,452262.87,NPR
2026-01-14,ACC0000006828,121178.13,9298.51,0.0,130476.64,NPR
2026-01-14,ACC0000006829,460323.05,0.0,0.0,460323.05,NPR
2026-01-14,ACC0000006830,311818.86,71874.7,4603.71,379089.85,NPR
2026-01-14,ACC0000006831,49728.27,21656.1,80208.48,-8824.11,NPR
2026-01-14,ACC0000006832,229926.72,0.0,57106.92,172819.8,NPR
2026-01-14,ACC0000006833,198728.77,0.0,75154.22,123574.55,NPR
2026-01-14,ACC0000006834,3360.2,0.0,86375.11,-83014.91,NPR
2026-01-14,ACC0000006835,429051.67,0.0,152840.21,276211.46,NPR
2026-01-14,ACC0000006836,34345.72,22204.85,19395.7,37154.87,NPR
2026-01-14,ACC0000006837,393346.89,0.0,0.0,393346.89,NPR
2026-01-14,ACC0000006838,445235.95,0.0,84751.28,360484.67,NPR
2026-01-14,ACC0000006839,147351.55,24719.06,70118.07,101952.54,NPR
2026-01-14,ACC0000006840,72064.26,0.0,0.0,72064.26,NPR
2026-01-14,ACC0000006841,478096.18,70282.12,81667.42,466710.88,NPR
2026-01-14,ACC0000006842,224733.21,0.0,43012.98,181720.23,NPR
2026-01-14,ACC0000006843,73183.75,0.0,0.0,73183.75,NPR
2026-01-14,ACC0000006844,248114.84,0.0,43064.32,205050.52,NPR
2026-01-14,ACC0000006845,331284.35,0.0,184287.5,146996.85,NPR
2026-01-14,ACC0000006846,131186.37,0.0,0.0,131186.37,NPR
2026-01-14,ACC0000006847,40471.23,38156.21,0.0,78627.44,NPR
2026-01-14,ACC0000006848,2486.56,0.0,0.0,2486.56,NPR
2026-01-14,ACC0000006849,62455.01,24847.31,39411.97,47890.35,NPR
2026-01-14,ACC0000006850,437032.35,43474.57,70658.38,409848.54,NPR
2026-01-14,ACC0000006851,24506.41,0.0,77080.41,-52574.0,NPR
2026-01-14,ACC0000006852,365159.96,42204.22,104028.13,303336.05,NPR
2026-01-14,ACC0000006853,130315.09,0.0,34303.92,96011.17,NPR
2026-01-14,ACC0000006854,456899.05,0.0,46023.36,410875.69,NPR
2026-01-14,ACC0000006855,392813.0,0.0,121978.27,270834.73,NPR
2026-01-14,ACC0000006856,278759.32,21149.29,43163.81,256744.8,NPR
2026-01-14,ACC0000006857,264361.06,92755.49,40102.25,317014.3,NPR
2026-01-14,ACC0000006858,9427.34,8684.86,0.0,18112.2,NPR
2026-01-14,ACC0000006859,9712.43,0.0,7171.5,2540.93,NPR
2026-01-14,ACC0000006860,351102.33,0.0,113745.61,237356.72,NPR
2026-01-14,ACC0000006861,248256.76,65781.46,27384.76,286653.46,NPR
2026-01-14,ACC0000006862,117007.55,0.0,26024.62,90982.93,NPR
2026-01-14,ACC0000006863,120066.06,1673.74,35933.67,85806.13,NPR
2026-01-14,ACC0000006864,476588.37,0.0,79501.59,397086.78,NPR
2026-01-14,ACC0000006865,143690.72,0.0,0.0,143690.72,NPR
2026-01-14,ACC0000006866,15832.94,0.0,70547.85,-54714.91,NPR
2026-01-14,ACC0000006867,413518.92,0.0,0.0,413518.92,NPR
2026-01-14,ACC0000006868,326090.26,0.0,0.0,326090.26,NPR
2026-01-14,ACC0000006869,263951.49,12641.96,30810.25,245783.2,NPR
2026-01-14,ACC0000006870,256511.38,0.0,0.0,256511.38,NPR
2026-01-14,ACC0000006871,55979.63,29739.27,90167.25,-4448.35,NPR
2026-01-14,ACC0000006872,387321.67,0.0,49480.36,337841.31,NPR
2026-01-14,ACC0000006873,297215.36,70280.45,0.0,367495.81,NPR
2026-01-14,ACC0000006874,37984.46,0.0,101918.11,-63933.65,NPR
2026-01-14,ACC0000006875,86496.38,0.0,169467.36,-82970.98,NPR
2026-01-14,ACC0000006876,260024.71,44740.3,46968.39,257796.62,NPR
2026-01-14,ACC0000006877,352519.67,0.0,21342.49,331177.18,NPR
2026-01-14,ACC0000006878,240186.1,53877.02,70497.26,223565.86,NPR
2026-01-14,ACC0000006879,388105.32,0.0,55663.43,332441.89,NPR
2026-01-14,ACC0000006880,421683.39,0.0,58702.61,362980.78,NPR
2026-01-14,ACC0000006881,391340.89,0.0,55962.69,335378.2,NPR
2026-01-14,ACC0000006882,303791.12,0.0,0.0,303791.12,NPR
2026-01-14,ACC0000006883,302875.95,0.0,44892.74,257983.21,NPR
2026-01-14,ACC0000006884,379621.75,36267.36,0.0,415889.11,NPR
2026-01-14,ACC0000006885,450966.68,0.0,20100.76,430865.92,NPR
2026-01-14,ACC0000006886,389393.97,0.0,0.0,389393.97,NPR
2026-01-14,ACC0000006887,496880.9,0.0,0.0,496880.9,NPR
2026-01-14,ACC0000006888,23099.49,1164.15,75962.77,-51699.13,NPR
2026-01-14,ACC0000006889,305466.75,0.0,0.0,305466.75,NPR
2026-01-14,ACC0000006890,483870.97,0.0,0.0,483870.97,NPR
2026-01-14,ACC0000006891,21418.29,0.0,71407.79,-49989.5,NPR
2026-01-14,ACC0000006892,316454.89,0.0,0.0,316454.89,NPR
2026-01-14,ACC0000006893,22531.85,0.0,114433.25,-91901.4,NPR
2026-01-14,ACC0000006894,404484.54,6874.57,44095.46,367263.65,NPR
2026-01-14,ACC0000006895,59121.25,0.0,65934.86,-6813.61,NPR
2026-01-14,ACC0000006896,460827.09,0.0,31188.39,429638.7,NPR
2026-01-14,ACC0000006897,71745.17,0.0,46940.35,24804.82,NPR
2026-01-14,ACC0000006898,358100.9,0.0,55618.66,302482.24,NPR
2026-01-14,ACC0000006899,16450.99,43091.25,0.0,59542.24,NPR
2026-01-14,ACC0000006900,236158.65,42007.64,20355.92,257810.37,NPR
2026-01-14,ACC0000006901,83547.55,0.0,31252.13,52295.42,NPR
2026-01-14,ACC0000006902,489753.42,0.0,0.0,489753.42,NPR
2026-01-14,ACC0000006903,330972.29,55581.95,154026.97,232527.27,NPR
2026-01-14,ACC0000006904,41791.39,9735.67,24650.18,26876.88,NPR
2026-01-14,ACC0000006905,498132.17,0.0,27898.01,470234.16,NPR
2026-01-14,ACC0000006906,279034.37,46428.36,45399.14,280063.59,NPR
2026-01-14,ACC0000006907,361777.69,0.0,57403.16,304374.53,NPR
2026-01-14,ACC0000006908,47972.99,8337.43,0.0,56310.42,NPR
2026-01-14,ACC0000006909,190789.32,17670.3,0.0,208459.62,NPR
2026-01-14,ACC0000006910,252511.73,0.0,110561.77,141949.96,NPR
2026-01-14,ACC0000006911,106181.08,21966.53,70594.94,57552.67,NPR
2026-01-14,ACC0000006912,399090.21,31501.16,32007.4,398583.97,NPR
2026-01-14,ACC0000006913,338090.97,0.0,136678.59,201412.38,NPR
2026-01-14,ACC0000006914,440343.47,35347.65,0.0,475691.12,NPR
2026-01-14,ACC0000006915,285048.17,0.0,20411.37,264636.8,NPR
2026-01-14,ACC0000006916,477441.04,7764.61,60614.48,424591.17,NPR
2026-01-14,ACC0000006917,377023.72,10691.07,127696.99,260017.8,NPR
2026-01-14,ACC0000006918,77393.66,64310.06,33686.5,108017.22,NPR
2026-01-14,ACC0000006919,376709.99,0.0,71197.26,305512.73,NPR
2026-01-14,ACC0000006920,110314.24,0.0,109986.31,327.93,NPR
2026-01-14,ACC0000006921,366859.66,0.0,444.89,366414.77,NPR
2026-01-14,ACC0000006922,336294.84,0.0,59820.47,276474.37,NPR
2026-01-14,ACC0000006923,326330.57,0.0,0.0,326330.57,NPR
2026-01-14,ACC0000006924,73731.45,0.0,78845.32,-5113.87,NPR
2026-01-14,ACC0000006925,85324.48,0.0,52183.34,33141.14,NPR
2026-01-14,ACC0000006926,34670.46,23094.39,46861.27,10903.58,NPR
2026-01-14,ACC0000006927,140214.14,0.0,46958.09,93256.05,NPR
2026-01-14,ACC0000006928,154631.98,0.0,290.89,154341.09,NPR
2026-01-14,ACC0000006929,275289.08,0.0,0.0,275289.08,NPR
2026-01-14,ACC0000006930,321329.34,1474.99,122758.05,200046.28,NPR
2026-01-14,ACC0000006931,78815.33,0.0,0.0,78815.33,NPR
2026-01-14,ACC0000006932,482576.89,0.0,67772.26,414804.63,NPR
2026-01-14,ACC0000006933,26171.36,0.0,0.0,26171.36,NPR
2026-01-14,ACC0000006934,444935.36,0.0,0.0,444935.36,NPR
2026-01-14,ACC0000006935,415182.29,31097.59,0.0,446279.88,NPR
2026-01-14,ACC0000006936,469607.88,27837.26,0.0,497445.14,NPR
2026-01-14,ACC0000006937,85244.71,0.0,0.0,85244.71,NPR
2026-01-14,ACC0000006938,367574.83,0.0,93335.78,274239.05,NPR
2026-01-14,ACC0000006939,465733.51,0.0,4006.39,461727.12,NPR
2026-01-14,ACC0000006940,84359.68,0.0,45256.33,39103.35,NPR
2026-01-14,ACC0000006941,185618.08,29784.22,2842.82,212559.48,NPR
2026-01-14,ACC0000006942,261894.84,0.0,96341.15,165553.69,NPR
2026-01-14,ACC0000006943,246190.99,37500.03,61064.77,222626.25,NPR
2026-01-14,ACC0000006944,381687.12,0.0,11367.72,370319.4,NPR
2026-01-14,ACC0000006945,112492.26,0.0,57638.9,54853.36,NPR
2026-01-14,ACC0000006946,142613.51,0.0,0.0,142613.51,NPR
2026-01-14,ACC0000006947,10307.39,0.0,18466.99,-8159.6,NPR
2026-01-14,ACC0000006948,40079.69,0.0,42515.25,-2435.56,NPR
2026-01-14,ACC0000006949,191868.13,0.0,80972.48,110895.65,NPR
2026-01-14,ACC0000006950,438633.83,0.0,23924.72,414709.11,NPR
2026-01-14,ACC0000006951,340431.1,21349.05,0.0,361780.15,NPR
2026-01-14,ACC0000006952,22000.12,31322.63,71995.77,-18673.02,NPR
2026-01-14,ACC0000006953,188464.63,23708.27,159903.39,52269.51,NPR
2026-01-14,ACC0000006954,347918.96,0.0,10544.39,337374.57,NPR
2026-01-14,ACC0000006955,410376.62,0.0,67016.05,343360.57,NPR
2026-01-14,ACC0000006956,491723.23,0.0,0.0,491723.23,NPR
2026-01-14,ACC0000006957,327550.74,0.0,0.0,327550.74,NPR
2026-01-14,ACC0000006958,295473.6,0.0,49324.5,246149.1,NPR
2026-01-14,ACC0000006959,150113.72,0.0,15256.04,134857.68,NPR
2026-01-14,ACC0000006960,385354.96,0.0,0.0,385354.96,NPR
2026-01-14,ACC0000006961,357130.72,0.0,26895.59,330235.13,NPR
2026-01-14,ACC0000006962,440920.62,0.0,90918.82,350001.8,NPR
2026-01-14,ACC0000006963,253870.15,0.0,66723.71,187146.44,NPR
2026-01-14,ACC0000006964,13544.59,0.0,107246.54,-93701.95,NPR
2026-01-14,ACC0000006965,169570.13,23233.16,75436.88,117366.41,NPR
2026-01-14,ACC0000006966,245389.26,38761.94,26701.08,257450.12,NPR
2026-01-14,ACC0000006967,252226.85,0.0,40210.85,212016.0,NPR
2026-01-14,ACC0000006968,361233.98,0.0,78009.72,283224.26,NPR
2026-01-14,ACC0000006969,452822.97,19622.92,76001.11,396444.78,NPR
2026-01-14,ACC0000006970,270803.39,0.0,29944.49,240858.9,NPR
2026-01-14,ACC0000006971,406637.44,41537.46,83508.88,364666.02,NPR
2026-01-14,ACC0000006972,329064.84,0.0,0.0,329064.84,NPR
2026-01-14,ACC0000006973,438884.58,49293.75,46739.19,441439.14,NPR
2026-01-14,ACC0000006974,233627.22,0.0,0.0,233627.22,NPR
2026-01-14,ACC0000006975,341378.51,0.0,0.0,341378.51,NPR
2026-01-14,ACC0000006976,469694.48,4445.6,2386.18,471753.9,NPR
2026-01-14,ACC0000006977,443941.29,0.0,0.0,443941.29,NPR
2026-01-14,ACC0000006978,172498.78,0.0,68339.73,104159.05,NPR
2026-01-14,ACC0000006979,377801.9,0.0,84800.0,293001.9,NPR
2026-01-14,ACC0000006980,294076.12,0.0,14356.76,279719.36,NPR
2026-01-14,ACC0000006981,29055.02,0.0,0.0,29055.02,NPR
2026-01-14,ACC0000006982,153504.25,0.0,0.0,153504.25,NPR
2026-01-14,ACC0000006983,360833.77,0.0,26470.71,334363.06,NPR
2026-01-14,ACC0000006984,160862.83,0.0,66657.12,94205.71,NPR
2026-01-14,ACC0000006985,408212.42,0.0,16044.93,392167.49,NPR
2026-01-14,ACC0000006986,307755.27,0.0,51564.9,256190.37,NPR
2026-01-14,ACC0000006987,22074.49,40620.58,80660.3,-17965.23,NPR
2026-01-14,ACC0000006988,223157.34,0.0,41513.91,181643.43,NPR
2026-01-14,ACC0000006989,375437.79,0.0,0.0,375437.79,NPR
2026-01-14,ACC0000006990,428185.21,0.0,0.0,428185.21,NPR
2026-01-14,ACC0000006991,410573.0,0.0,55209.92,355363.08,NPR
2026-01-14,ACC0000006992,384796.9,0.0,57585.5,327211.4,NPR
2026-01-14,ACC0000006993,127874.37,28589.53,126339.38,30124.52,NPR
2026-01-14,ACC0000006994,356686.95,14867.24,84720.15,286834.04,NPR
2026-01-14,ACC0000006995,45535.99,44243.35,0.0,89779.34,NPR
2026-01-14,ACC0000006996,283638.09,12427.03,31437.65,264627.47,NPR
2026-01-14,ACC0000006997,69673.39,0.0,45396.21,24277.18,NPR
2026-01-14,ACC0000006998,27225.91,0.0,26550.61,675.3,NPR
2026-01-14,ACC0000006999,76328.39,0.0,33959.51,42368.88,NPR
2026-01-14,ACC0000007000,123181.68,13837.51,104727.0,32292.19,NPR
2026-01-14,ACC0000007001,329744.21,0.0,50530.37,279213.84,NPR
2026-01-14,ACC0000007002,27226.27,0.0,0.0,27226.27,NPR
2026-01-14,ACC0000007003,124367.12,70509.63,39595.94,155280.81,NPR
2026-01-14,ACC0000007004,499141.97,4192.9,0.0,503334.87,NPR
2026-01-14,ACC0000007005,337311.97,0.0,0.0,337311.97,NPR
2026-01-14,ACC0000007006,182340.4,58155.88,80507.0,159989.28,NPR
2026-01-14,ACC0000007007,217226.63,0.0,0.0,217226.63,NPR
2026-01-14,ACC0000007008,73285.28,0.0,0.0,73285.28,NPR
2026-01-14,ACC0000007009,122274.87,0.0,66846.25,55428.62,NPR
2026-01-14,ACC0000007010,489983.19,103717.75,121765.54,471935.4,NPR
2026-01-14,ACC0000007011,451591.15,0.0,41841.29,409749.86,NPR
2026-01-14,ACC0000007012,284075.69,0.0,24264.99,259810.7,NPR
2026-01-14,ACC0000007013,434709.36,0.0,0.0,434709.36,NPR
2026-01-14,ACC0000007014,174137.8,0.0,66244.78,107893.02,NPR
2026-01-14,ACC0000007015,53359.29,0.0,23621.31,29737.98,NPR
2026-01-14,ACC0000007016,208294.31,36299.71,26243.91,218350.11,NPR
2026-01-14,ACC0000007017,55601.02,0.0,0.0,55601.02,NPR
2026-01-14,ACC0000007018,93398.92,45573.63,0.0,138972.55,NPR
2026-01-14,ACC0000007019,119282.53,22786.77,18095.26,123974.04,NPR
2026-01-14,ACC0000007020,394915.93,0.0,0.0,394915.93,NPR
2026-01-14,ACC0000007021,39296.19,20342.69,56686.09,2952.79,NPR
2026-01-14,ACC0000007022,128132.13,6421.4,0.0,134553.53,NPR
2026-01-14,ACC0000007023,227318.22,0.0,19351.57,207966.65,NPR
2026-01-14,ACC0000007024,479466.17,0.0,1366.73,478099.44,NPR
2026-01-14,ACC0000007025,143838.0,0.0,0.0,143838.0,NPR
2026-01-14,ACC0000007026,83760.35,0.0,106584.62,-22824.27,NPR
2026-01-14,ACC0000007027,167614.17,1974.63,93143.4,76445.4,NPR
2026-01-14,ACC0000007028,51168.03,0.0,12545.46,38622.57,NPR
2026-01-14,ACC0000007029,48773.36,30286.11,254.24,78805.23,NPR
2026-01-14,ACC0000007030,241823.58,40061.78,36553.94,245331.42,NPR
2026-01-14,ACC0000007031,127386.48,0.0,114653.11,12733.37,NPR
2026-01-14,ACC0000007032,211704.29,0.0,54120.04,157584.25,NPR
2026-01-14,ACC0000007033,135151.34,5787.23,39780.23,101158.34,NPR
2026-01-14,ACC0000007034,424452.2,0.0,23598.78,400853.42,NPR
2026-01-14,ACC0000007035,336841.15,0.0,72783.36,264057.79,NPR
2026-01-14,ACC0000007036,240906.34,8248.39,144019.18,105135.55,NPR
2026-01-14,ACC0000007037,107205.38,0.0,0.0,107205.38,NPR
2026-01-14,ACC0000007038,262921.49,0.0,73167.32,189754.17,NPR
2026-01-14,ACC0000007039,102999.16,0.0,49750.44,53248.72,NPR
2026-01-14,ACC0000007040,27523.0,42584.99,17869.24,52238.75,NPR
2026-01-14,ACC0000007041,358184.1,0.0,82338.47,275845.63,NPR
2026-01-14,ACC0000007042,270134.52,19911.39,71208.36,218837.55,NPR
2026-01-14,ACC0000007043,48267.26,79103.48,17790.01,109580.73,NPR
2026-01-14,ACC0000007044,92201.56,0.0,37900.79,54300.77,NPR
2026-01-14,ACC0000007045,410942.34,20517.12,20196.05,411263.41,NPR
2026-01-14,ACC0000007046,343679.94,17182.69,87891.28,272971.35,NPR
2026-01-14,ACC0000007047,79461.19,0.0,189463.12,-110001.93,NPR
2026-01-14,ACC0000007048,103242.69,0.0,98754.28,4488.41,NPR
2026-01-14,ACC0000007049,238078.19,0.0,35647.66,202430.53,NPR
2026-01-14,ACC0000007050,481460.56,18794.09,0.0,500254.65,NPR
2026-01-14,ACC0000007051,184555.9,40331.84,30848.79,194038.95,NPR
2026-01-14,ACC0000007052,212764.43,0.0,0.0,212764.43,NPR
2026-01-14,ACC0000007053,135477.58,40507.03,0.0,175984.61,NPR
2026-01-14,ACC0000007054,223256.8,14241.76,6068.1,231430.46,NPR
2026-01-14,ACC0000007055,388777.97,0.0,0.0,388777.97,NPR
2026-01-14,ACC0000007056,178183.72,32383.68,66675.09,143892.31,NPR
2026-01-14,ACC0000007057,183733.73,0.0,57730.44,126003.29,NPR
2026-01-14,ACC0000007058,94171.89,0.0,70428.05,23743.84,NPR
2026-01-14,ACC0000007059,363071.2,29741.46,52329.47,340483.19,NPR
2026-01-14,ACC0000007060,382490.46,0.0,18518.26,363972.2,NPR
2026-01-14,ACC0000007061,478678.48,0.0,81728.6,396949.88,NPR
2026-01-14,ACC0000007062,344202.21,53696.53,49998.53,347900.21,NPR
2026-01-14,ACC0000007063,77349.16,0.0,59456.61,17892.55,NPR
2026-01-14,ACC0000007064,106209.21,0.0,79944.66,26264.55,NPR
2026-01-14,ACC0000007065,68713.63,0.0,38224.64,30488.99,NPR
2026-01-14,ACC0000007066,299862.05,0.0,10460.86,289401.19,NPR
2026-01-14,ACC0000007067,318382.51,0.0,19403.0,298979.51,NPR
2026-01-14,ACC0000007068,380968.48,0.0,0.0,380968.48,NPR
2026-01-14,ACC0000007069,255976.85,0.0,0.0,255976.85,NPR
2026-01-14,ACC0000007070,188002.15,0.0,79484.96,108517.19,NPR
2026-01-14,ACC0000007071,156097.62,25765.71,44493.42,137369.91,NPR
2026-01-14,ACC0000007072,72727.36,13369.21,87482.92,-1386.35,NPR
2026-01-14,ACC0000007073,164236.8,0.0,0.0,164236.8,NPR
2026-01-14,ACC0000007074,333312.81,41659.42,70441.65,304530.58,NPR
2026-01-14,ACC0000007075,358681.67,17280.59,8620.68,367341.58,NPR
2026-01-14,ACC0000007076,28515.71,0.0,16509.46,12006.25,NPR
2026-01-14,ACC0000007077,70231.17,0.0,0.0,70231.17,NPR
2026-01-14,ACC0000007078,91578.69,0.0,32463.11,59115.58,NPR
2026-01-14,ACC0000007079,253515.18,0.0,27736.53,225778.65,NPR
2026-01-14,ACC0000007080,272084.95,0.0,31968.41,240116.54,NPR
2026-01-14,ACC0000007081,353411.13,0.0,7942.93,345468.2,NPR
2026-01-14,ACC0000007082,89936.19,0.0,131373.42,-41437.23,NPR
2026-01-14,ACC0000007083,312321.29,0.0,0.0,312321.29,NPR
2026-01-14,ACC0000007084,374232.74,0.0,79483.53,294749.21,NPR
2026-01-14,ACC0000007085,198531.66,0.0,39978.06,158553.6,NPR
2026-01-14,ACC0000007086,482833.35,0.0,119324.85,363508.5,NPR
2026-01-14,ACC0000007087,121983.14,0.0,0.0,121983.14,NPR
2026-01-14,ACC0000007088,297693.8,0.0,46266.11,251427.69,NPR
2026-01-14,ACC0000007089,17041.37,25908.77,0.0,42950.14,NPR
2026-01-14,ACC0000007090,434894.81,724.12,132935.57,302683.36,NPR
2026-01-14,ACC0000007091,192637.45,0.0,36592.33,156045.12,NPR
2026-01-14,ACC0000007092,479956.25,45510.33,89523.21,435943.37,NPR
2026-01-14,ACC0000007093,191639.59,44600.27,1030.15,235209.71,NPR
2026-01-14,ACC0000007094,197898.96,43535.6,91471.44,149963.12,NPR
2026-01-14,ACC0000007095,463138.38,0.0,0.0,463138.38,NPR
2026-01-14,ACC0000007096,228379.02,0.0,17008.17,211370.85,NPR
2026-01-14,ACC0000007097,71332.46,0.0,72325.39,-992.93,NPR
2026-01-14,ACC0000007098,114667.82,0.0,83992.93,30674.89,NPR
2026-01-14,ACC0000007099,10155.11,0.0,115150.82,-104995.71,NPR
2026-01-14,ACC0000007100,158641.86,0.0,11360.6,147281.26,NPR
2026-01-14,ACC0000007101,222330.55,0.0,0.0,222330.55,NPR
2026-01-14,ACC0000007102,416171.74,28680.59,51469.45,393382.88,NPR
2026-01-14,ACC0000007103,119527.2,0.0,79529.31,39997.89,NPR
2026-01-14,ACC0000007104,283909.73,35922.64,41893.05,277939.32,NPR
2026-01-14,ACC0000007105,493780.0,62590.88,23611.9,532758.98,NPR
2026-01-14,ACC0000007106,213670.7,33484.05,81947.1,165207.65,NPR
2026-01-14,ACC0000007107,364237.42,227.99,13391.85,351073.56,NPR
2026-01-14,ACC0000007108,257465.42,0.0,44145.46,213319.96,NPR
2026-01-14,ACC0000007109,226515.6,0.0,20420.2,206095.4,NPR
2026-01-14,ACC0000007110,483612.07,42448.98,78637.44,447423.61,NPR
2026-01-14,ACC0000007111,449223.42,0.0,0.0,449223.42,NPR
2026-01-14,ACC0000007112,311436.88,0.0,78294.49,233142.39,NPR
2026-01-14,ACC0000007113,218002.54,0.0,0.0,218002.54,NPR
2026-01-14,ACC0000007114,36314.63,18408.06,42875.04,11847.65,NPR
2026-01-14,ACC0000007115,258796.29,0.0,65435.9,193360.39,NPR
2026-01-14,ACC0000007116,229347.73,0.0,39217.36,190130.37,NPR
2026-01-14,ACC0000007117,105577.62,0.0,91438.01,14139.61,NPR
2026-01-14,ACC0000007118,309380.75,0.0,4466.1,304914.65,NPR
2026-01-14,ACC0000007119,371566.5,0.0,0.0,371566.5,NPR
2026-01-14,ACC0000007120,96805.95,0.0,61533.04,35272.91,NPR
2026-01-14,ACC0000007121,427605.06,0.0,188210.4,239394.66,NPR
2026-01-14,ACC0000007122,322583.59,0.0,80227.75,242355.84,NPR
2026-01-14,ACC0000007123,148332.37,0.0,35861.88,112470.49,NPR
2026-01-14,ACC0000007124,144422.7,0.0,0.0,144422.7,NPR
2026-01-14,ACC0000007125,499332.92,0.0,0.0,499332.92,NPR
2026-01-14,ACC0000007126,283342.02,0.0,17764.21,265577.81,NPR
2026-01-14,ACC0000007127,92636.88,0.0,0.0,92636.88,NPR
2026-01-14,ACC0000007128,191931.3,17388.89,107922.81,101397.38,NPR
2026-01-14,ACC0000007129,91438.15,46297.85,84930.1,52805.9,NPR
2026-01-14,ACC0000007130,473019.83,0.0,145527.23,327492.6,NPR
2026-01-14,ACC0000007131,188878.35,0.0,0.0,188878.35,NPR
2026-01-14,ACC0000007132,268474.62,25570.71,28478.25,265567.08,NPR
2026-01-14,ACC0000007133,348181.16,0.0,51960.77,296220.39,NPR
2026-01-14,ACC0000007134,152970.46,4144.73,67930.55,89184.64,NPR
2026-01-14,ACC0000007135,474376.92,0.0,0.0,474376.92,NPR
2026-01-14,ACC0000007136,32538.65,0.0,156107.71,-123569.06,NPR
2026-01-14,ACC0000007137,179129.93,0.0,50989.59,128140.34,NPR
2026-01-14,ACC0000007138,263209.61,0.0,0.0,263209.61,NPR
2026-01-14,ACC0000007139,358496.4,0.0,0.0,358496.4,NPR
2026-01-14,ACC0000007140,338102.09,0.0,0.0,338102.09,NPR
2026-01-14,ACC0000007141,399248.93,21811.5,137285.64,283774.79,NPR
2026-01-14,ACC0000007142,359927.91,0.0,34710.29,325217.62,NPR
2026-01-14,ACC0000007143,390139.91,47408.7,0.0,437548.61,NPR
2026-01-14,ACC0000007144,38179.51,69059.76,98034.48,9204.79,NPR
2026-01-14,ACC0000007145,282210.73,72431.23,49810.66,304831.3,NPR
2026-01-14,ACC0000007146,253879.21,0.0,0.0,253879.21,NPR
2026-01-14,ACC0000007147,359459.82,0.0,50137.09,309322.73,NPR
2026-01-14,ACC0000007148,63208.33,0.0,0.0,63208.33,NPR
2026-01-14,ACC0000007149,362599.57,0.0,0.0,362599.57,NPR
2026-01-14,ACC0000007150,154032.41,40869.83,0.0,194902.24,NPR
2026-01-14,ACC0000007151,411454.16,0.0,0.0,411454.16,NPR
2026-01-14,ACC0000007152,152069.92,0.0,0.0,152069.92,NPR
2026-01-14,ACC0000007153,257273.23,0.0,80913.38,176359.85,NPR
2026-01-14,ACC0000007154,439418.88,0.0,46290.95,393127.93,NPR
2026-01-14,ACC0000007155,239913.5,44123.31,49290.94,234745.87,NPR
2026-01-14,ACC0000007156,241103.76,0.0,37926.47,203177.29,NPR
2026-01-14,ACC0000007157,166199.55,0.0,64345.19,101854.36,NPR
2026-01-14,ACC0000007158,150612.3,45626.05,60935.79,135302.56,NPR
2026-01-14,ACC0000007159,122590.61,0.0,0.0,122590.61,NPR
2026-01-14,ACC0000007160,39297.88,0.0,0.0,39297.88,NPR
2026-01-14,ACC0000007161,178257.86,16860.32,0.0,195118.18,NPR
2026-01-14,ACC0000007162,167225.66,0.0,0.0,167225.66,NPR
2026-01-14,ACC0000007163,453543.25,61703.69,8015.26,507231.68,NPR
2026-01-14,ACC0000007164,325434.88,0.0,0.0,325434.88,NPR
2026-01-14,ACC0000007165,98370.06,40277.31,43687.78,94959.59,NPR
2026-01-14,ACC0000007166,14479.44,0.0,89608.57,-75129.13,NPR
2026-01-14,ACC0000007167,439211.26,0.0,0.0,439211.26,NPR
2026-01-14,ACC0000007168,478366.57,0.0,49835.91,428530.66,NPR
2026-01-14,ACC0000007169,93421.99,0.0,99293.02,-5871.03,NPR
2026-01-14,ACC0000007170,8608.02,49132.71,61102.11,-3361.38,NPR
2026-01-14,ACC0000007171,237504.44,0.0,68653.81,168850.63,NPR
2026-01-14,ACC0000007172,478941.46,0.0,0.0,478941.46,NPR
2026-01-14,ACC0000007173,92402.07,0.0,0.0,92402.07,NPR
2026-01-14,ACC0000007174,412195.74,0.0,39025.36,373170.38,NPR
2026-01-14,ACC0000007175,355293.3,0.0,150139.98,205153.32,NPR
2026-01-14,ACC0000007176,190666.82,0.0,0.0,190666.82,NPR
2026-01-14,ACC0000007177,141987.55,7536.13,0.0,149523.68,NPR
2026-01-14,ACC0000007178,374600.89,0.0,12901.74,361699.15,NPR
2026-01-14,ACC0000007179,220915.15,43165.98,48859.23,215221.9,NPR
2026-01-14,ACC0000007180,358957.45,0.0,51603.67,307353.78,NPR
2026-01-14,ACC0000007181,58433.1,41967.99,76085.02,24316.07,NPR
2026-01-14,ACC0000007182,219803.9,0.0,111497.23,108306.67,NPR
2026-01-14,ACC0000007183,112200.11,0.0,43905.58,68294.53,NPR
2026-01-14,ACC0000007184,233837.71,0.0,0.0,233837.71,NPR
2026-01-14,ACC0000007185,275473.91,0.0,0.0,275473.91,NPR
2026-01-14,ACC0000007186,20417.07,0.0,75909.86,-55492.79,NPR
2026-01-14,ACC0000007187,415743.58,0.0,0.0,415743.58,NPR
2026-01-14,ACC0000007188,9975.85,27180.93,23343.74,13813.04,NPR
2026-01-14,ACC0000007189,340754.9,0.0,56099.38,284655.52,NPR
2026-01-14,ACC0000007190,40041.21,37842.19,21855.22,56028.18,NPR
2026-01-14,ACC0000007191,132852.71,0.0,127394.19,5458.52,NPR
2026-01-14,ACC0000007192,416933.92,0.0,37420.46,379513.46,NPR
2026-01-14,ACC0000007193,311719.26,0.0,0.0,311719.26,NPR
2026-01-14,ACC0000007194,233676.21,53755.79,67515.14,219916.86,NPR
2026-01-14,ACC0000007195,383519.02,0.0,0.0,383519.02,NPR
2026-01-14,ACC0000007196,164591.6,0.0,0.0,164591.6,NPR
2026-01-14,ACC0000007197,491257.47,34632.89,29618.65,496271.71,NPR
2026-01-14,ACC0000007198,330729.78,0.0,0.0,330729.78,NPR
2026-01-14,ACC0000007199,290892.04,0.0,52184.17,238707.87,NPR
2026-01-14,ACC0000007200,163020.61,0.0,63883.69,99136.92,NPR
2026-01-14,ACC0000007201,380893.95,76244.07,9220.83,447917.19,NPR
2026-01-14,ACC0000007202,290845.49,36678.32,90404.52,237119.29,NPR
2026-01-14,ACC0000007203,366762.55,0.0,62235.08,304527.47,NPR
2026-01-14,ACC0000007204,291164.91,0.0,30062.72,261102.19,NPR
2026-01-14,ACC0000007205,110139.74,0.0,0.0,110139.74,NPR
2026-01-14,ACC0000007206,247518.1,1510.34,78157.33,170871.11,NPR
2026-01-14,ACC0000007207,117867.29,0.0,0.0,117867.29,NPR
2026-01-14,ACC0000007208,409469.95,0.0,37326.23,372143.72,NPR
2026-01-14,ACC0000007209,13851.47,6481.78,76475.75,-56142.5,NPR
2026-01-14,ACC0000007210,387449.27,20027.09,47581.34,359895.02,NPR
2026-01-14,ACC0000007211,228497.92,0.0,51950.47,176547.45,NPR
2026-01-14,ACC0000007212,67542.79,0.0,38518.84,29023.95,NPR
2026-01-14,ACC0000007213,412901.57,0.0,92853.79,320047.78,NPR
2026-01-14,ACC0000007214,446827.27,0.0,12381.27,434446.0,NPR
2026-01-14,ACC0000007215,360737.14,0.0,0.0,360737.14,NPR
2026-01-14,ACC0000007216,147851.8,0.0,80739.16,67112.64,NPR
2026-01-14,ACC0000007217,361927.07,0.0,34501.04,327426.03,NPR
2026-01-14,ACC0000007218,133253.72,0.0,0.0,133253.72,NPR
2026-01-14,ACC0000007219,204067.52,0.0,81394.66,122672.86,NPR
2026-01-14,ACC0000007220,35349.55,0.0,4806.12,30543.43,NPR
2026-01-14,ACC0000007221,93325.36,0.0,46503.47,46821.89,NPR
2026-01-14,ACC0000007222,82770.02,0.0,64641.39,18128.63,NPR
2026-01-14,ACC0000007223,309089.87,0.0,94038.34,215051.53,NPR
2026-01-14,ACC0000007224,407163.46,0.0,102309.35,304854.11,NPR
2026-01-14,ACC0000007225,421155.76,0.0,22405.27,398750.49,NPR
2026-01-14,ACC0000007226,98898.64,0.0,29412.48,69486.16,NPR
2026-01-14,ACC0000007227,315040.24,0.0,23425.03,291615.21,NPR
2026-01-14,ACC0000007228,337985.72,38479.1,0.0,376464.82,NPR
2026-01-14,ACC0000007229,450468.01,0.0,87670.5,362797.51,NPR
2026-01-14,ACC0000007230,377966.13,0.0,48796.06,329170.07,NPR
2026-01-14,ACC0000007231,353942.92,37573.97,49558.09,341958.8,NPR
2026-01-14,ACC0000007232,361895.33,0.0,0.0,361895.33,NPR
2026-01-14,ACC0000007233,458768.17,22459.85,11119.45,470108.57,NPR
2026-01-14,ACC0000007234,267737.74,0.0,67378.09,200359.65,NPR
2026-01-14,ACC0000007235,400101.04,0.0,86787.16,313313.88,NPR
2026-01-14,ACC0000007236,103547.33,0.0,81259.12,22288.21,NPR
2026-01-14,ACC0000007237,103875.63,0.0,13848.8,90026.83,NPR
2026-01-14,ACC0000007238,38376.4,17870.65,42447.52,13799.53,NPR
2026-01-14,ACC0000007239,246137.99,12473.18,28176.47,230434.7,NPR
2026-01-14,ACC0000007240,469654.73,20363.35,38243.92,451774.16,NPR
2026-01-14,ACC0000007241,444566.67,0.0,80190.89,364375.78,NPR
2026-01-14,ACC0000007242,383730.38,6110.47,6834.33,383006.52,NPR
2026-01-14,ACC0000007243,22806.77,0.0,72090.91,-49284.14,NPR
2026-01-14,ACC0000007244,399972.92,0.0,0.0,399972.92,NPR
2026-01-14,ACC0000007245,72174.17,0.0,31625.55,40548.62,NPR
2026-01-14,ACC0000007246,157172.98,12358.94,38657.4,130874.52,NPR
2026-01-14,ACC0000007247,454809.89,0.0,112267.72,342542.17,NPR
2026-01-14,ACC0000007248,65176.83,79970.82,40238.17,104909.48,NPR
2026-01-14,ACC0000007249,236114.1,20992.32,29912.75,227193.67,NPR
2026-01-14,ACC0000007250,196367.07,0.0,85159.46,111207.61,NPR
2026-01-14,ACC0000007251,431240.17,0.0,38178.25,393061.92,NPR
2026-01-14,ACC0000007252,435774.0,88563.75,13157.87,511179.88,NPR
2026-01-14,ACC0000007253,75457.31,0.0,50648.66,24808.65,NPR
2026-01-14,ACC0000007254,41549.33,0.0,41167.42,381.91,NPR
2026-01-14,ACC0000007255,438143.88,3547.73,32797.54,408894.07,NPR
2026-01-14,ACC0000007256,55049.0,29998.19,99938.94,-14891.75,NPR
2026-01-14,ACC0000007257,75464.15,0.0,29965.47,45498.68,NPR
2026-01-14,ACC0000007258,273229.68,11519.36,45787.2,238961.84,NPR
2026-01-14,ACC0000007259,59913.75,31329.97,31193.57,60050.15,NPR
2026-01-14,ACC0000007260,480145.39,0.0,144876.1,335269.29,NPR
2026-01-14,ACC0000007261,222289.88,0.0,131596.7,90693.18,NPR
2026-01-14,ACC0000007262,329238.48,2288.66,13835.29,317691.85,NPR
2026-01-14,ACC0000007263,9091.03,0.0,34821.83,-25730.8,NPR
2026-01-14,ACC0000007264,3256.8,0.0,35060.79,-31803.99,NPR
2026-01-14,ACC0000007265,23542.68,0.0,104823.75,-81281.07,NPR
2026-01-14,ACC0000007266,153834.62,0.0,74282.27,79552.35,NPR
2026-01-14,ACC0000007267,155818.69,15991.17,86910.22,84899.64,NPR
2026-01-14,ACC0000007268,231461.88,4180.07,9292.43,226349.52,NPR
2026-01-14,ACC0000007269,77756.81,9011.6,12923.96,73844.45,NPR
2026-01-14,ACC0000007270,435437.34,0.0,0.0,435437.34,NPR
2026-01-14,ACC0000007271,398479.71,0.0,66889.29,331590.42,NPR
2026-01-14,ACC0000007272,217520.35,12575.17,0.0,230095.52,NPR
2026-01-14,ACC0000007273,279428.63,0.0,4553.03,274875.6,NPR
2026-01-14,ACC0000007274,199238.1,12002.81,0.0,211240.91,NPR
2026-01-14,ACC0000007275,233194.37,0.0,125019.28,108175.09,NPR
2026-01-14,ACC0000007276,102580.53,24974.56,10933.18,116621.91,NPR
2026-01-14,ACC0000007277,429176.66,24795.74,78809.85,375162.55,NPR
2026-01-14,ACC0000007278,114784.89,0.0,81045.2,33739.69,NPR
2026-01-14,ACC0000007279,120663.92,0.0,76940.74,43723.18,NPR
2026-01-14,ACC0000007280,35064.07,28744.91,76463.62,-12654.64,NPR
2026-01-14,ACC0000007281,122165.07,0.0,12294.43,109870.64,NPR
2026-01-14,ACC0000007282,253670.69,0.0,120003.74,133666.95,NPR
2026-01-14,ACC0000007283,100358.63,0.0,134082.43,-33723.8,NPR
2026-01-14,ACC0000007284,496498.84,0.0,40851.48,455647.36,NPR
2026-01-14,ACC0000007285,145582.28,43291.72,58851.95,130022.05,NPR
2026-01-14,ACC0000007286,361016.09,0.0,77384.49,283631.6,NPR
2026-01-14,ACC0000007287,360951.96,1843.88,50086.4,312709.44,NPR
2026-01-14,ACC0000007288,159718.94,0.0,84718.42,75000.52,NPR
2026-01-14,ACC0000007289,91790.15,0.0,50275.73,41514.42,NPR
2026-01-14,ACC0000007290,312115.9,0.0,85841.11,226274.79,NPR
2026-01-14,ACC0000007291,396857.25,0.0,570.52,396286.73,NPR
2026-01-14,ACC0000007292,184223.17,34904.96,136211.36,82916.77,NPR
2026-01-14,ACC0000007293,86312.69,0.0,58437.16,27875.53,NPR
2026-01-14,ACC0000007294,111110.41,11935.33,75939.71,47106.03,NPR
2026-01-14,ACC0000007295,431882.81,0.0,123494.04,308388.77,NPR
2026-01-14,ACC0000007296,25185.22,0.0,77102.93,-51917.71,NPR
2026-01-14,ACC0000007297,472054.6,32528.43,90196.05,414386.98,NPR
2026-01-14,ACC0000007298,68864.5,3768.19,156838.35,-84205.66,NPR
2026-01-14,ACC0000007299,110661.2,0.0,64829.38,45831.82,NPR
2026-01-14,ACC0000007300,436498.96,0.0,6104.9,430394.06,NPR
2026-01-14,ACC0000007301,96310.63,0.0,0.0,96310.63,NPR
2026-01-14,ACC0000007302,126999.48,43703.09,66307.09,104395.48,NPR
2026-01-14,ACC0000007303,251373.66,31023.08,71596.77,210799.97,NPR
2026-01-14,ACC0000007304,81114.2,0.0,34593.51,46520.69,NPR
2026-01-14,ACC0000007305,445465.14,56186.62,0.0,501651.76,NPR
2026-01-14,ACC0000007306,466067.77,0.0,51721.88,414345.89,NPR
2026-01-14,ACC0000007307,445952.97,18297.36,0.0,464250.33,NPR
2026-01-14,ACC0000007308,24809.67,0.0,21093.06,3716.61,NPR
2026-01-14,ACC0000007309,402328.71,0.0,34740.51,367588.2,NPR
2026-01-14,ACC0000007310,165897.67,0.0,39410.86,126486.81,NPR
2026-01-14,ACC0000007311,236834.91,0.0,107841.8,128993.11,NPR
2026-01-14,ACC0000007312,221148.27,20878.38,0.0,242026.65,NPR
2026-01-14,ACC0000007313,156078.25,0.0,80739.3,75338.95,NPR
2026-01-14,ACC0000007314,304801.38,0.0,39010.88,265790.5,NPR
2026-01-14,ACC0000007315,226694.47,0.0,129993.62,96700.85,NPR
2026-01-14,ACC0000007316,364788.14,0.0,59728.66,305059.48,NPR
2026-01-14,ACC0000007317,50019.93,18969.78,0.0,68989.71,NPR
2026-01-14,ACC0000007318,368923.01,48417.78,86431.38,330909.41,NPR
2026-01-14,ACC0000007319,471767.35,44827.18,38811.92,477782.61,NPR
2026-01-14,ACC0000007320,300847.11,38478.04,25653.48,313671.67,NPR
2026-01-14,ACC0000007321,436429.26,0.0,82109.33,354319.93,NPR
2026-01-14,ACC0000007322,166695.13,0.0,21969.7,144725.43,NPR
2026-01-14,ACC0000007323,267795.94,0.0,0.0,267795.94,NPR
2026-01-14,ACC0000007324,68574.48,0.0,0.0,68574.48,NPR
2026-01-14,ACC0000007325,298699.56,0.0,170595.02,128104.54,NPR
2026-01-14,ACC0000007326,469232.92,0.0,0.0,469232.92,NPR
2026-01-14,ACC0000007327,449447.16,0.0,81281.97,368165.19,NPR
2026-01-14,ACC0000007328,69791.59,0.0,101819.4,-32027.81,NPR
2026-01-14,ACC0000007329,220219.4,0.0,4946.07,215273.33,NPR
2026-01-14,ACC0000007330,178520.24,0.0,0.0,178520.24,NPR
2026-01-14,ACC0000007331,250975.78,0.0,44698.56,206277.22,NPR
2026-01-14,ACC0000007332,491151.17,0.0,76200.47,414950.7,NPR
2026-01-14,ACC0000007333,406972.93,38508.11,80596.75,364884.29,NPR
2026-01-14,ACC0000007334,169014.71,0.0,116822.41,52192.3,NPR
2026-01-14,ACC0000007335,101642.19,0.0,64257.97,37384.22,NPR
2026-01-14,ACC0000007336,150930.05,0.0,0.0,150930.05,NPR
2026-01-14,ACC0000007337,52174.38,0.0,142832.16,-90657.78,NPR
2026-01-14,ACC0000007338,421678.68,0.0,0.0,421678.68,NPR
2026-01-14,ACC0000007339,169059.92,0.0,0.0,169059.92,NPR
2026-01-14,ACC0000007340,377342.99,0.0,0.0,377342.99,NPR
2026-01-14,ACC0000007341,415870.94,53117.63,25285.16,443703.41,NPR
2026-01-14,ACC0000007342,9124.41,0.0,1375.93,7748.48,NPR
2026-01-14,ACC0000007343,349541.85,0.0,44529.93,305011.92,NPR
2026-01-14,ACC0000007344,81354.12,0.0,0.0,81354.12,NPR
2026-01-14,ACC0000007345,251922.43,0.0,5901.36,246021.07,NPR
2026-01-14,ACC0000007346,175521.61,44724.84,128968.14,91278.31,NPR
2026-01-14,ACC0000007347,330262.25,30947.46,35983.1,325226.61,NPR
2026-01-14,ACC0000007348,374642.87,0.0,22116.74,352526.13,NPR
2026-01-14,ACC0000007349,40622.53,0.0,99287.75,-58665.22,NPR
2026-01-14,ACC0000007350,367067.71,0.0,91466.68,275601.03,NPR
2026-01-14,ACC0000007351,149034.72,41152.07,79063.34,111123.45,NPR
2026-01-14,ACC0000007352,483087.61,42075.99,25629.52,499534.08,NPR
2026-01-14,ACC0000007353,38381.64,0.0,55712.4,-17330.76,NPR
2026-01-14,ACC0000007354,442170.57,28424.09,75190.83,395403.83,NPR
2026-01-14,ACC0000007355,160411.19,0.0,23214.2,137196.99,NPR
2026-01-14,ACC0000007356,131824.67,0.0,28077.12,103747.55,NPR
2026-01-14,ACC0000007357,340524.75,0.0,87093.83,253430.92,NPR
2026-01-14,ACC0000007358,404700.43,0.0,36300.38,368400.05,NPR
2026-01-14,ACC0000007359,446846.5,0.0,0.0,446846.5,NPR
2026-01-14,ACC0000007360,86363.32,0.0,88757.37,-2394.05,NPR
2026-01-14,ACC0000007361,237005.81,18138.04,87975.53,167168.32,NPR
2026-01-14,ACC0000007362,497998.98,0.0,61946.03,436052.95,NPR
2026-01-14,ACC0000007363,472048.3,0.0,0.0,472048.3,NPR
2026-01-14,ACC0000007364,193051.12,53404.22,31328.84,215126.5,NPR
2026-01-14,ACC0000007365,136292.22,44504.11,100003.75,80792.58,NPR
2026-01-14,ACC0000007366,213829.3,0.0,0.0,213829.3,NPR
2026-01-14,ACC0000007367,91915.82,0.0,87433.06,4482.76,NPR
2026-01-14,ACC0000007368,429160.06,23090.29,10308.88,441941.47,NPR
2026-01-14,ACC0000007369,178883.46,0.0,57070.75,121812.71,NPR
2026-01-14,ACC0000007370,397552.71,0.0,0.0,397552.71,NPR
2026-01-14,ACC0000007371,17463.33,9213.35,109208.77,-82532.09,NPR
2026-01-14,ACC0000007372,138918.6,0.0,0.0,138918.6,NPR
2026-01-14,ACC0000007373,349409.08,29187.02,93471.68,285124.42,NPR
2026-01-14,ACC0000007374,329052.25,25431.7,27151.01,327332.94,NPR
2026-01-14,ACC0000007375,173638.74,0.0,76991.48,96647.26,NPR
2026-01-14,ACC0000007376,102714.14,0.0,0.0,102714.14,NPR
2026-01-14,ACC0000007377,5272.95,0.0,0.0,5272.95,NPR
2026-01-14,ACC0000007378,380347.71,0.0,8589.92,371757.79,NPR
2026-01-14,ACC0000007379,52755.91,20127.9,38714.79,34169.02,NPR
2026-01-14,ACC0000007380,110248.12,0.0,126687.18,-16439.06,NPR
2026-01-14,ACC0000007381,12745.38,0.0,0.0,12745.38,NPR
2026-01-14,ACC0000007382,273611.63,0.0,0.0,273611.63,NPR
2026-01-14,ACC0000007383,183753.6,70376.51,13373.07,240757.04,NPR
2026-01-14,ACC0000007384,7869.14,25643.76,62839.91,-29327.01,NPR
2026-01-14,ACC0000007385,173319.8,46743.72,12703.15,207360.37,NPR
2026-01-14,ACC0000007386,499083.56,0.0,16697.15,482386.41,NPR
2026-01-14,ACC0000007387,395992.42,0.0,0.0,395992.42,NPR
2026-01-14,ACC0000007388,162819.16,0.0,42478.75,120340.41,NPR
2026-01-14,ACC0000007389,4044.41,0.0,126838.53,-122794.12,NPR
2026-01-14,ACC0000007390,79209.4,0.0,33081.0,46128.4,NPR
2026-01-14,ACC0000007391,467843.33,0.0,123394.96,344448.37,NPR
2026-01-14,ACC0000007392,381932.96,0.0,48365.29,333567.67,NPR
2026-01-14,ACC0000007393,190292.31,0.0,4211.91,186080.4,NPR
2026-01-14,ACC0000007394,214599.28,0.0,77107.11,137492.17,NPR
2026-01-14,ACC0000007395,18487.12,31389.17,0.0,49876.29,NPR
2026-01-14,ACC0000007396,350323.26,0.0,127851.97,222471.29,NPR
2026-01-14,ACC0000007397,23323.83,0.0,21671.11,1652.72,NPR
2026-01-14,ACC0000007398,189784.92,0.0,139293.1,50491.82,NPR
2026-01-14,ACC0000007399,54790.54,0.0,71827.2,-17036.66,NPR
2026-01-14,ACC0000007400,414935.44,22317.52,6015.42,431237.54,NPR
2026-01-14,ACC0000007401,20242.9,17806.53,112212.53,-74163.1,NPR
2026-01-14,ACC0000007402,212431.99,0.0,0.0,212431.99,NPR
2026-01-14,ACC0000007403,458977.1,0.0,39774.9,419202.2,NPR
2026-01-14,ACC0000007404,183794.29,0.0,38029.45,145764.84,NPR
2026-01-14,ACC0000007405,202402.91,3045.35,12223.72,193224.54,NPR
2026-01-14,ACC0000007406,12329.89,0.0,60884.65,-48554.76,NPR
2026-01-14,ACC0000007407,208694.34,648.21,65192.33,144150.22,NPR
2026-01-14,ACC0000007408,493995.72,0.0,72216.73,421778.99,NPR
2026-01-14,ACC0000007409,366376.07,0.0,0.0,366376.07,NPR
2026-01-14,ACC0000007410,472975.78,9941.26,76201.62,406715.42,NPR
2026-01-14,ACC0000007411,404974.36,0.0,0.0,404974.36,NPR
2026-01-14,ACC0000007412,441870.57,2944.84,99473.71,345341.7,NPR
2026-01-14,ACC0000007413,329655.71,80699.82,28096.07,382259.46,NPR
2026-01-14,ACC0000007414,103649.79,0.0,60759.59,42890.2,NPR
2026-01-14,ACC0000007415,232268.7,45345.43,73588.96,204025.17,NPR
2026-01-14,ACC0000007416,96434.16,0.0,51179.79,45254.37,NPR
2026-01-14,ACC0000007417,204810.78,29132.48,113029.4,120913.86,NPR
2026-01-14,ACC0000007418,468584.92,0.0,57871.84,410713.08,NPR
2026-01-14,ACC0000007419,141481.56,0.0,43933.51,97548.05,NPR
2026-01-14,ACC0000007420,310962.35,40760.4,32063.72,319659.03,NPR
2026-01-14,ACC0000007421,252928.9,16117.37,54818.28,214227.99,NPR
2026-01-14,ACC0000007422,224060.92,8618.99,0.0,232679.91,NPR
2026-01-14,ACC0000007423,481758.71,0.0,22978.75,458779.96,NPR
2026-01-14,ACC0000007424,9859.13,0.0,12370.02,-2510.89,NPR
2026-01-14,ACC0000007425,184453.4,2462.79,95830.63,91085.56,NPR
2026-01-14,ACC0000007426,136885.78,19627.08,29234.33,127278.53,NPR
2026-01-14,ACC0000007427,169300.4,47204.96,27693.55,188811.81,NPR
2026-01-14,ACC0000007428,150590.33,0.0,6816.76,143773.57,NPR
2026-01-14,ACC0000007429,161515.73,0.0,0.0,161515.73,NPR
2026-01-14,ACC0000007430,450982.73,0.0,16329.58,434653.15,NPR
2026-01-14,ACC0000007431,139964.98,0.0,90093.84,49871.14,NPR
2026-01-14,ACC0000007432,443866.59,0.0,123156.62,320709.97,NPR
2026-01-14,ACC0000007433,174619.65,33603.3,70405.15,137817.8,NPR
2026-01-14,ACC0000007434,65687.43,0.0,0.0,65687.43,NPR
2026-01-14,ACC0000007435,134220.37,0.0,92931.72,41288.65,NPR
2026-01-14,ACC0000007436,17441.75,0.0,170728.64,-153286.89,NPR
2026-01-14,ACC0000007437,90277.35,0.0,36204.42,54072.93,NPR
2026-01-14,ACC0000007438,318679.42,60609.19,19384.48,359904.13,NPR
2026-01-14,ACC0000007439,61872.5,0.0,6374.58,55497.92,NPR
2026-01-14,ACC0000007440,455468.77,0.0,1846.22,453622.55,NPR
2026-01-14,ACC0000007441,3143.33,0.0,1781.19,1362.14,NPR
2026-01-14,ACC0000007442,266856.43,68187.56,14917.85,320126.14,NPR
2026-01-14,ACC0000007443,203520.04,11934.17,12932.81,202521.4,NPR
2026-01-14,ACC0000007444,496440.26,0.0,0.0,496440.26,NPR
2026-01-14,ACC0000007445,412281.94,0.0,94999.82,317282.12,NPR
2026-01-14,ACC0000007446,211829.26,0.0,0.0,211829.26,NPR
2026-01-14,ACC0000007447,341525.71,0.0,43374.95,298150.76,NPR
2026-01-14,ACC0000007448,442556.66,0.0,21997.3,420559.36,NPR
2026-01-14,ACC0000007449,111125.84,45846.33,23037.64,133934.53,NPR
2026-01-14,ACC0000007450,16813.42,19532.85,0.0,36346.27,NPR
2026-01-14,ACC0000007451,471495.66,701.88,1914.71,470282.83,NPR
2026-01-14,ACC0000007452,110422.05,0.0,56005.4,54416.65,NPR
2026-01-14,ACC0000007453,217960.29,41767.58,34250.48,225477.39,NPR
2026-01-14,ACC0000007454,350382.11,0.0,0.0,350382.11,NPR
2026-01-14,ACC0000007455,401750.85,33353.15,27789.79,407314.21,NPR
2026-01-14,ACC0000007456,235598.46,0.0,0.0,235598.46,NPR
2026-01-14,ACC0000007457,93286.32,0.0,89759.54,3526.78,NPR
2026-01-14,ACC0000007458,486233.44,0.0,122610.13,363623.31,NPR
2026-01-14,ACC0000007459,232694.25,26986.57,57006.83,202673.99,NPR
2026-01-14,ACC0000007460,140975.04,0.0,46239.41,94735.63,NPR
2026-01-14,ACC0000007461,113860.17,0.0,42000.89,71859.28,NPR
2026-01-14,ACC0000007462,284425.01,27518.3,72286.24,239657.07,NPR
2026-01-14,ACC0000007463,454912.51,0.0,10276.37,444636.14,NPR
2026-01-14,ACC0000007464,47772.74,33608.36,46865.38,34515.72,NPR
2026-01-14,ACC0000007465,179956.92,0.0,0.0,179956.92,NPR
2026-01-14,ACC0000007466,410660.96,0.0,0.0,410660.96,NPR
2026-01-14,ACC0000007467,391606.47,0.0,0.0,391606.47,NPR
2026-01-14,ACC0000007468,485438.14,0.0,28843.53,456594.61,NPR
2026-01-14,ACC0000007469,99561.6,6819.75,16020.9,90360.45,NPR
2026-01-14,ACC0000007470,388050.53,0.0,106806.04,281244.49,NPR
2026-01-14,ACC0000007471,91966.86,0.0,91786.73,180.13,NPR
2026-01-14,ACC0000007472,465060.67,47340.95,86241.23,426160.39,NPR
2026-01-14,ACC0000007473,79798.18,42008.49,25016.28,96790.39,NPR
2026-01-14,ACC0000007474,232757.44,0.0,47125.06,185632.38,NPR
2026-01-14,ACC0000007475,213979.14,0.0,0.0,213979.14,NPR
2026-01-14,ACC0000007476,314640.68,29396.17,6001.77,338035.08,NPR
2026-01-14,ACC0000007477,383307.81,0.0,0.0,383307.81,NPR
2026-01-14,ACC0000007478,457503.69,35036.18,0.0,492539.87,NPR
2026-01-14,ACC0000007479,46495.34,35090.22,29243.37,52342.19,NPR
2026-01-14,ACC0000007480,297589.22,22893.85,42223.33,278259.74,NPR
2026-01-14,ACC0000007481,478603.04,15160.67,48409.29,445354.42,NPR
2026-01-14,ACC0000007482,117603.01,0.0,40155.07,77447.94,NPR
2026-01-14,ACC0000007483,22223.67,0.0,66743.62,-44519.95,NPR
2026-01-14,ACC0000007484,141520.13,0.0,16961.84,124558.29,NPR
2026-01-14,ACC0000007485,152534.31,0.0,78135.35,74398.96,NPR
2026-01-14,ACC0000007486,329968.08,29184.29,48949.83,310202.54,NPR
2026-01-14,ACC0000007487,300092.11,0.0,0.0,300092.11,NPR
2026-01-14,ACC0000007488,27754.34,0.0,0.0,27754.34,NPR
2026-01-14,ACC0000007489,7222.45,0.0,27674.77,-20452.32,NPR
2026-01-14,ACC0000007490,431962.05,37261.66,31154.15,438069.56,NPR
2026-01-14,ACC0000007491,18067.66,28200.4,138884.6,-92616.54,NPR
2026-01-14,ACC0000007492,103210.98,0.0,17722.38,85488.6,NPR
2026-01-14,ACC0000007493,387646.86,10831.86,43331.14,355147.58,NPR
2026-01-14,ACC0000007494,385723.65,7540.98,59861.33,333403.3,NPR
2026-01-14,ACC0000007495,180135.49,0.0,27620.76,152514.73,NPR
2026-01-14,ACC0000007496,102180.48,0.0,25710.15,76470.33,NPR
2026-01-14,ACC0000007497,159806.23,0.0,0.0,159806.23,NPR
2026-01-14,ACC0000007498,2317.79,0.0,0.0,2317.79,NPR
2026-01-14,ACC0000007499,241616.61,0.0,1638.8,239977.81,NPR
2026-01-14,ACC0000007500,336630.98,0.0,68327.54,268303.44,NPR
2026-01-14,ACC0000007501,159648.17,52952.05,37312.24,175287.98,NPR
2026-01-14,ACC0000007502,390798.42,0.0,0.0,390798.42,NPR
2026-01-14,ACC0000007503,160788.53,56339.12,24327.09,192800.56,NPR
2026-01-14,ACC0000007504,26183.77,0.0,54716.03,-28532.26,NPR
2026-01-14,ACC0000007505,184116.38,13015.81,45359.2,151772.99,NPR
2026-01-14,ACC0000007506,411208.28,2307.15,96534.23,316981.2,NPR
2026-01-14,ACC0000007507,289407.88,0.0,0.0,289407.88,NPR
2026-01-14,ACC0000007508,48654.97,0.0,102417.62,-53762.65,NPR
2026-01-14,ACC0000007509,458965.94,30049.15,27563.41,461451.68,NPR
2026-01-14,ACC0000007510,452006.97,25007.57,51237.18,425777.36,NPR
2026-01-14,ACC0000007511,13542.86,0.0,62792.0,-49249.14,NPR
2026-01-14,ACC0000007512,55122.62,0.0,66456.13,-11333.51,NPR
2026-01-14,ACC0000007513,458586.41,38007.02,54901.25,441692.18,NPR
2026-01-14,ACC0000007514,425935.87,0.0,44514.04,381421.83,NPR
2026-01-14,ACC0000007515,316690.81,85374.18,95814.57,306250.42,NPR
2026-01-14,ACC0000007516,263207.84,0.0,26586.18,236621.66,NPR
2026-01-14,ACC0000007517,190676.26,0.0,24096.51,166579.75,NPR
2026-01-14,ACC0000007518,10111.63,21022.38,40203.73,-9069.72,NPR
2026-01-14,ACC0000007519,383027.47,27441.58,109203.51,301265.54,NPR
2026-01-14,ACC0000007520,220597.91,12617.31,77489.29,155725.93,NPR
2026-01-14,ACC0000007521,266840.35,0.0,0.0,266840.35,NPR
2026-01-14,ACC0000007522,201496.64,48864.3,42708.41,207652.53,NPR
2026-01-14,ACC0000007523,311590.04,0.0,35007.18,276582.86,NPR
2026-01-14,ACC0000007524,42113.53,20030.69,96468.28,-34324.06,NPR
2026-01-14,ACC0000007525,335005.99,0.0,0.0,335005.99,NPR
2026-01-14,ACC0000007526,366224.03,0.0,72008.82,294215.21,NPR
2026-01-14,ACC0000007527,309563.6,4857.04,35644.44,278776.2,NPR
2026-01-14,ACC0000007528,7807.99,0.0,0.0,7807.99,NPR
2026-01-14,ACC0000007529,291944.06,0.0,65981.67,225962.39,NPR
2026-01-14,ACC0000007530,139420.69,28608.49,77605.98,90423.2,NPR
2026-01-14,ACC0000007531,489933.81,15021.6,28283.06,476672.35,NPR
2026-01-14,ACC0000007532,396490.37,12425.94,34300.67,374615.64,NPR
2026-01-14,ACC0000007533,38590.19,0.0,33194.79,5395.4,NPR
2026-01-14,ACC0000007534,421511.28,0.0,44749.99,376761.29,NPR
2026-01-14,ACC0000007535,279688.11,0.0,0.0,279688.11,NPR
2026-01-14,ACC0000007536,353103.86,0.0,0.0,353103.86,NPR
2026-01-14,ACC0000007537,271414.06,0.0,61954.31,209459.75,NPR
2026-01-14,ACC0000007538,364452.99,6810.69,132253.53,239010.15,NPR
2026-01-14,ACC0000007539,155854.48,48292.63,78519.5,125627.61,NPR
2026-01-14,ACC0000007540,112400.74,45014.87,0.0,157415.61,NPR
2026-01-14,ACC0000007541,383900.72,0.0,142562.97,241337.75,NPR
2026-01-14,ACC0000007542,292000.87,0.0,52786.93,239213.94,NPR
2026-01-14,ACC0000007543,189942.21,0.0,0.0,189942.21,NPR
2026-01-14,ACC0000007544,11034.12,0.0,0.0,11034.12,NPR
2026-01-14,ACC0000007545,412330.32,0.0,0.0,412330.32,NPR
2026-01-14,ACC0000007546,219163.13,7269.32,72195.31,154237.14,NPR
2026-01-14,ACC0000007547,247362.83,0.0,70172.48,177190.35,NPR
2026-01-14,ACC0000007548,127019.56,0.0,0.0,127019.56,NPR
2026-01-14,ACC0000007549,410925.47,24631.66,89043.17,346513.96,NPR
2026-01-14,ACC0000007550,471080.7,0.0,0.0,471080.7,NPR
2026-01-14,ACC0000007551,37586.69,38998.74,54982.05,21603.38,NPR
2026-01-14,ACC0000007552,462176.56,0.0,49264.35,412912.21,NPR
2026-01-14,ACC0000007553,94469.35,0.0,126124.54,-31655.19,NPR
2026-01-14,ACC0000007554,453087.56,0.0,47149.21,405938.35,NPR
2026-01-14,ACC0000007555,147213.07,0.0,31256.74,115956.33,NPR
2026-01-14,ACC0000007556,127605.71,0.0,38159.65,89446.06,NPR
2026-01-14,ACC0000007557,188535.18,0.0,61763.94,126771.24,NPR
2026-01-14,ACC0000007558,75453.76,0.0,47664.49,27789.27,NPR
2026-01-14,ACC0000007559,350556.16,0.0,48641.54,301914.62,NPR
2026-01-14,ACC0000007560,414879.69,0.0,112290.32,302589.37,NPR
2026-01-14,ACC0000007561,188163.63,0.0,0.0,188163.63,NPR
2026-01-14,ACC0000007562,75477.16,0.0,0.0,75477.16,NPR
2026-01-14,ACC0000007563,224235.46,0.0,105692.87,118542.59,NPR
2026-01-14,ACC0000007564,444086.88,24086.67,51656.76,416516.79,NPR
2026-01-14,ACC0000007565,219736.54,0.0,5962.95,213773.59,NPR
2026-01-14,ACC0000007566,359866.67,0.0,86174.22,273692.45,NPR
2026-01-14,ACC0000007567,203146.1,0.0,0.0,203146.1,NPR
2026-01-14,ACC0000007568,90075.72,0.0,81333.58,8742.14,NPR
2026-01-14,ACC0000007569,200556.28,0.0,86197.57,114358.71,NPR
2026-01-14,ACC0000007570,69277.99,18621.77,229386.66,-141486.9,NPR
2026-01-14,ACC0000007571,10825.12,0.0,0.0,10825.12,NPR
2026-01-14,ACC0000007572,334013.48,0.0,2089.46,331924.02,NPR
2026-01-14,ACC0000007573,34960.9,29066.54,74195.35,-10167.91,NPR
2026-01-14,ACC0000007574,53106.78,0.0,0.0,53106.78,NPR
2026-01-14,ACC0000007575,484591.23,0.0,0.0,484591.23,NPR
2026-01-14,ACC0000007576,211975.84,0.0,0.0,211975.84,NPR
2026-01-14,ACC0000007577,316636.01,0.0,2633.1,314002.91,NPR
2026-01-14,ACC0000007578,347307.2,0.0,0.0,347307.2,NPR
2026-01-14,ACC0000007579,317364.57,29439.51,72160.56,274643.52,NPR
2026-01-14,ACC0000007580,127880.63,0.0,0.0,127880.63,NPR
2026-01-14,ACC0000007581,467652.26,0.0,81948.18,385704.08,NPR
2026-01-14,ACC0000007582,67587.8,46478.28,77487.53,36578.55,NPR
2026-01-14,ACC0000007583,315027.06,9466.94,52234.57,272259.43,NPR
2026-01-14,ACC0000007584,388514.18,0.0,29161.15,359353.03,NPR
2026-01-14,ACC0000007585,217382.39,40163.77,41386.58,216159.58,NPR
2026-01-14,ACC0000007586,121612.08,0.0,38232.09,83379.99,NPR
2026-01-14,ACC0000007587,146466.51,30619.09,330.97,176754.63,NPR
2026-01-14,ACC0000007588,374239.88,45564.21,14335.1,405468.99,NPR
2026-01-14,ACC0000007589,27658.12,20373.42,47642.62,388.92,NPR
2026-01-14,ACC0000007590,129278.86,0.0,31509.4,97769.46,NPR
2026-01-14,ACC0000007591,483660.68,7694.81,53890.41,437465.08,NPR
2026-01-14,ACC0000007592,463720.1,30287.98,26311.81,467696.27,NPR
2026-01-14,ACC0000007593,303639.62,11083.21,23440.65,291282.18,NPR
2026-01-14,ACC0000007594,182038.66,0.0,121558.37,60480.29,NPR
2026-01-14,ACC0000007595,358484.06,0.0,25017.21,333466.85,NPR
2026-01-14,ACC0000007596,387970.69,0.0,48947.79,339022.9,NPR
2026-01-14,ACC0000007597,25180.15,0.0,0.0,25180.15,NPR
2026-01-14,ACC0000007598,353074.47,0.0,46668.77,306405.7,NPR
2026-01-14,ACC0000007599,193470.14,0.0,93926.77,99543.37,NPR
2026-01-14,ACC0000007600,477879.64,0.0,24468.8,453410.84,NPR
2026-01-14,ACC0000007601,283113.73,0.0,41477.55,241636.18,NPR
2026-01-14,ACC0000007602,279424.9,0.0,0.0,279424.9,NPR
2026-01-14,ACC0000007603,307409.07,0.0,108079.83,199329.24,NPR
2026-01-14,ACC0000007604,413185.1,0.0,16599.39,396585.71,NPR
2026-01-14,ACC0000007605,306069.96,25696.51,72341.64,259424.83,NPR
2026-01-14,ACC0000007606,289247.21,0.0,96863.64,192383.57,NPR
2026-01-14,ACC0000007607,167634.88,0.0,105034.34,62600.54,NPR
2026-01-14,ACC0000007608,461654.72,0.0,69166.16,392488.56,NPR
2026-01-14,ACC0000007609,436057.5,0.0,0.0,436057.5,NPR
2026-01-14,ACC0000007610,256324.03,0.0,83464.43,172859.6,NPR
2026-01-14,ACC0000007611,459067.71,60392.47,16970.93,502489.25,NPR
2026-01-14,ACC0000007612,257484.18,0.0,86360.75,171123.43,NPR
2026-01-14,ACC0000007613,446817.06,3621.38,43416.09,407022.35,NPR
2026-01-14,ACC0000007614,153126.69,24944.46,21691.9,156379.25,NPR
2026-01-14,ACC0000007615,168732.45,0.0,56453.06,112279.39,NPR
2026-01-14,ACC0000007616,191098.55,43645.94,91428.64,143315.85,NPR
2026-01-14,ACC0000007617,138621.94,0.0,40837.49,97784.45,NPR
2026-01-14,ACC0000007618,259461.43,0.0,0.0,259461.43,NPR
2026-01-14,ACC0000007619,181465.48,0.0,31261.31,150204.17,NPR
2026-01-14,ACC0000007620,425119.07,0.0,14621.24,410497.83,NPR
2026-01-14,ACC0000007621,386524.71,0.0,55803.57,330721.14,NPR
2026-01-14,ACC0000007622,241297.79,43363.67,27345.72,257315.74,NPR
2026-01-14,ACC0000007623,338143.73,0.0,0.0,338143.73,NPR
2026-01-14,ACC0000007624,150208.67,0.0,44459.94,105748.73,NPR
2026-01-14,ACC0000007625,110127.79,0.0,24216.34,85911.45,NPR
2026-01-14,ACC0000007626,277878.37,23960.02,0.0,301838.39,NPR
2026-01-14,ACC0000007627,251821.66,46371.16,71178.32,227014.5,NPR
2026-01-14,ACC0000007628,11911.29,47957.68,79911.12,-20042.15,NPR
2026-01-14,ACC0000007629,36670.62,13361.56,109512.77,-59480.59,NPR
2026-01-14,ACC0000007630,212756.59,28564.05,63500.03,177820.61,NPR
2026-01-14,ACC0000007631,268430.57,0.0,49723.59,218706.98,NPR
2026-01-14,ACC0000007632,138439.05,42004.99,26198.49,154245.55,NPR
2026-01-14,ACC0000007633,466801.6,0.0,25075.24,441726.36,NPR
2026-01-14,ACC0000007634,107060.93,0.0,59504.27,47556.66,NPR
2026-01-14,ACC0000007635,368685.28,0.0,0.0,368685.28,NPR
2026-01-14,ACC0000007636,104426.49,23069.14,67241.96,60253.67,NPR
2026-01-14,ACC0000007637,299929.01,24867.82,81401.64,243395.19,NPR
2026-01-14,ACC0000007638,323674.87,0.0,24075.65,299599.22,NPR
2026-01-14,ACC0000007639,233191.55,35134.96,12683.58,255642.93,NPR
2026-01-14,ACC0000007640,425437.95,11743.25,0.0,437181.2,NPR
2026-01-14,ACC0000007641,119949.91,28646.41,41703.33,106892.99,NPR
2026-01-14,ACC0000007642,186739.05,0.0,39957.43,146781.62,NPR
2026-01-14,ACC0000007643,54859.92,35941.1,0.0,90801.02,NPR
2026-01-14,ACC0000007644,123871.65,4560.66,15774.43,112657.88,NPR
2026-01-14,ACC0000007645,49053.07,0.0,8935.8,40117.27,NPR
2026-01-14,ACC0000007646,488308.09,0.0,15274.98,473033.11,NPR
2026-01-14,ACC0000007647,137996.76,0.0,104884.93,33111.83,NPR
2026-01-14,ACC0000007648,234934.51,65583.46,45115.96,255402.01,NPR
2026-01-14,ACC0000007649,360697.93,33154.41,9348.8,384503.54,NPR
2026-01-14,ACC0000007650,153011.92,22588.93,0.0,175600.85,NPR
2026-01-14,ACC0000007651,95072.53,23298.82,14753.43,103617.92,NPR
2026-01-14,ACC0000007652,46922.9,0.0,41164.84,5758.06,NPR
2026-01-14,ACC0000007653,13670.18,0.0,49218.64,-35548.46,NPR
2026-01-14,ACC0000007654,265975.04,0.0,83937.31,182037.73,NPR
2026-01-14,ACC0000007655,178927.95,0.0,0.0,178927.95,NPR
2026-01-14,ACC0000007656,354239.2,21163.08,0.0,375402.28,NPR
2026-01-14,ACC0000007657,320608.78,0.0,67306.04,253302.74,NPR
2026-01-14,ACC0000007658,11384.44,32569.21,35959.03,7994.62,NPR
2026-01-14,ACC0000007659,360312.84,29919.03,32237.07,357994.8,NPR
2026-01-14,ACC0000007660,291644.09,0.0,16205.93,275438.16,NPR
2026-01-14,ACC0000007661,431713.54,12343.26,25469.79,418587.01,NPR
2026-01-14,ACC0000007662,429805.76,0.0,93239.62,336566.14,NPR
2026-01-14,ACC0000007663,272744.33,0.0,0.0,272744.33,NPR
2026-01-14,ACC0000007664,19721.53,34640.85,37182.96,17179.42,NPR
2026-01-14,ACC0000007665,104523.85,0.0,0.0,104523.85,NPR
2026-01-14,ACC0000007666,235831.65,0.0,94276.05,141555.6,NPR
2026-01-14,ACC0000007667,443054.95,29459.36,86928.27,385586.04,NPR
2026-01-14,ACC0000007668,115593.57,0.0,0.0,115593.57,NPR
2026-01-14,ACC0000007669,409411.17,0.0,72508.0,336903.17,NPR
2026-01-14,ACC0000007670,389310.99,13124.35,30763.16,371672.18,NPR
2026-01-14,ACC0000007671,71509.43,0.0,50123.06,21386.37,NPR
2026-01-14,ACC0000007672,33502.89,0.0,133794.18,-100291.29,NPR
2026-01-14,ACC0000007673,25775.45,0.0,95557.23,-69781.78,NPR
2026-01-14,ACC0000007674,285616.45,10611.8,38695.81,257532.44,NPR
2026-01-14,ACC0000007675,43041.73,0.0,92327.3,-49285.57,NPR
2026-01-14,ACC0000007676,41000.47,0.0,0.0,41000.47,NPR
2026-01-14,ACC0000007677,239871.11,0.0,52058.19,187812.92,NPR
2026-01-14,ACC0000007678,59207.48,40609.66,70673.81,29143.33,NPR
2026-01-14,ACC0000007679,173615.78,0.0,0.0,173615.78,NPR
2026-01-14,ACC0000007680,248404.02,19112.93,29595.12,237921.83,NPR
2026-01-14,ACC0000007681,190857.59,63442.0,57549.17,196750.42,NPR
2026-01-14,ACC0000007682,92924.78,0.0,41743.46,51181.32,NPR
2026-01-14,ACC0000007683,194968.3,0.0,63398.34,131569.96,NPR
2026-01-14,ACC0000007684,447613.82,0.0,0.0,447613.82,NPR
2026-01-14,ACC0000007685,50147.9,0.0,40811.49,9336.41,NPR
2026-01-14,ACC0000007686,159628.39,7890.56,0.0,167518.95,NPR
2026-01-14,ACC0000007687,270803.61,0.0,163279.03,107524.58,NPR
2026-01-14,ACC0000007688,80396.1,0.0,0.0,80396.1,NPR
2026-01-14,ACC0000007689,497997.43,3261.86,0.0,501259.29,NPR
2026-01-14,ACC0000007690,271457.33,0.0,0.0,271457.33,NPR
2026-01-14,ACC0000007691,312001.91,0.0,46137.63,265864.28,NPR
2026-01-14,ACC0000007692,140073.24,42485.85,0.0,182559.09,NPR
2026-01-14,ACC0000007693,332327.33,51275.71,31883.95,351719.09,NPR
2026-01-14,ACC0000007694,238414.02,16107.34,0.0,254521.36,NPR
2026-01-14,ACC0000007695,484587.73,0.0,0.0,484587.73,NPR
2026-01-14,ACC0000007696,127185.24,0.0,0.0,127185.24,NPR
2026-01-14,ACC0000007697,448625.48,0.0,62871.87,385753.61,NPR
2026-01-14,ACC0000007698,77811.97,0.0,0.0,77811.97,NPR
2026-01-14,ACC0000007699,176323.58,7301.85,52800.47,130824.96,NPR
2026-01-14,ACC0000007700,496754.75,0.0,21379.45,475375.3,NPR
2026-01-14,ACC0000007701,311028.09,0.0,36778.31,274249.78,NPR
2026-01-14,ACC0000007702,216702.14,9405.34,24375.55,201731.93,NPR
2026-01-14,ACC0000007703,111073.67,46150.04,13003.94,144219.77,NPR
2026-01-14,ACC0000007704,305616.15,77593.81,70826.27,312383.69,NPR
2026-01-14,ACC0000007705,257286.52,0.0,43221.02,214065.5,NPR
2026-01-14,ACC0000007706,146232.56,0.0,85980.12,60252.44,NPR
2026-01-14,ACC0000007707,494523.3,40212.95,40824.63,493911.62,NPR
2026-01-14,ACC0000007708,126159.28,0.0,63618.42,62540.86,NPR
2026-01-14,ACC0000007709,140247.33,0.0,67687.25,72560.08,NPR
2026-01-14,ACC0000007710,362755.59,0.0,78390.87,284364.72,NPR
2026-01-14,ACC0000007711,427622.7,15736.67,0.0,443359.37,NPR
2026-01-14,ACC0000007712,301312.15,0.0,85272.01,216040.14,NPR
2026-01-14,ACC0000007713,278392.31,0.0,131513.44,146878.87,NPR
2026-01-14,ACC0000007714,336871.1,43846.03,79969.28,300747.85,NPR
2026-01-14,ACC0000007715,251875.25,0.0,62795.69,189079.56,NPR
2026-01-14,ACC0000007716,268034.85,0.0,107526.23,160508.62,NPR
2026-01-14,ACC0000007717,86059.56,0.0,109079.23,-23019.67,NPR
2026-01-14,ACC0000007718,77333.18,26618.07,15874.85,88076.4,NPR
2026-01-14,ACC0000007719,363560.56,0.0,0.0,363560.56,NPR
2026-01-14,ACC0000007720,348514.58,5221.36,55708.37,298027.57,NPR
2026-01-14,ACC0000007721,244059.23,52018.0,0.0,296077.23,NPR
2026-01-14,ACC0000007722,7787.38,0.0,84462.23,-76674.85,NPR
2026-01-14,ACC0000007723,103202.0,22801.41,0.0,126003.41,NPR
2026-01-14,ACC0000007724,124423.39,0.0,0.0,124423.39,NPR
2026-01-14,ACC0000007725,494848.36,0.0,62777.65,432070.71,NPR
2026-01-14,ACC0000007726,307821.18,0.0,36258.7,271562.48,NPR
2026-01-14,ACC0000007727,358638.47,21323.76,34547.56,345414.67,NPR
2026-01-14,ACC0000007728,419569.28,0.0,33139.86,386429.42,NPR
2026-01-14,ACC0000007729,261952.15,0.0,13813.31,248138.84,NPR
2026-01-14,ACC0000007730,190327.0,0.0,0.0,190327.0,NPR
2026-01-14,ACC0000007731,481631.78,49626.42,17280.45,513977.75,NPR
2026-01-14,ACC0000007732,189245.04,0.0,0.0,189245.04,NPR
2026-01-14,ACC0000007733,20637.45,19321.09,37380.45,2578.09,NPR
2026-01-14,ACC0000007734,426410.96,0.0,0.0,426410.96,NPR
2026-01-14,ACC0000007735,461170.63,0.0,0.0,461170.63,NPR
2026-01-14,ACC0000007736,310715.8,0.0,9989.66,300726.14,NPR
2026-01-14,ACC0000007737,59423.21,0.0,94890.29,-35467.08,NPR
2026-01-14,ACC0000007738,309355.38,23375.63,32941.3,299789.71,NPR
2026-01-14,ACC0000007739,268443.89,0.0,21986.23,246457.66,NPR
2026-01-14,ACC0000007740,249436.93,0.0,36856.53,212580.4,NPR
2026-01-14,ACC0000007741,135495.7,0.0,47003.19,88492.51,NPR
2026-01-14,ACC0000007742,379900.04,0.0,82275.37,297624.67,NPR
2026-01-14,ACC0000007743,276336.83,0.0,151676.88,124659.95,NPR
2026-01-14,ACC0000007744,211885.81,6587.43,102305.27,116167.97,NPR
2026-01-14,ACC0000007745,157887.16,0.0,34677.09,123210.07,NPR
2026-01-14,ACC0000007746,333909.79,16286.48,0.0,350196.27,NPR
2026-01-14,ACC0000007747,372304.4,0.0,45956.13,326348.27,NPR
2026-01-14,ACC0000007748,380422.39,0.0,0.0,380422.39,NPR
2026-01-14,ACC0000007749,302744.4,10345.03,91037.12,222052.31,NPR
2026-01-14,ACC0000007750,147470.13,0.0,37670.48,109799.65,NPR
2026-01-14,ACC0000007751,362230.82,0.0,0.0,362230.82,NPR
2026-01-14,ACC0000007752,303408.61,99010.75,112263.69,290155.67,NPR
2026-01-14,ACC0000007753,202461.2,0.0,57520.74,144940.46,NPR
2026-01-14,ACC0000007754,24514.94,12695.89,84952.24,-47741.41,NPR
2026-01-14,ACC0000007755,62993.2,23921.77,40111.85,46803.12,NPR
2026-01-14,ACC0000007756,265550.52,16729.42,0.0,282279.94,NPR
2026-01-14,ACC0000007757,114538.53,8641.14,13224.27,109955.4,NPR
2026-01-14,ACC0000007758,42892.31,0.0,39976.34,2915.97,NPR
2026-01-14,ACC0000007759,394742.39,0.0,32813.58,361928.81,NPR
2026-01-14,ACC0000007760,139676.79,39381.95,0.0,179058.74,NPR
2026-01-14,ACC0000007761,125363.85,0.0,68432.73,56931.12,NPR
2026-01-14,ACC0000007762,252925.3,14515.25,69795.7,197644.85,NPR
2026-01-14,ACC0000007763,493992.4,0.0,0.0,493992.4,NPR
2026-01-14,ACC0000007764,32499.13,13348.56,48520.52,-2672.83,NPR
2026-01-14,ACC0000007765,244722.32,37616.18,64272.26,218066.24,NPR
2026-01-14,ACC0000007766,321016.5,0.0,72060.92,248955.58,NPR
2026-01-14,ACC0000007767,421730.51,52559.64,0.0,474290.15,NPR
2026-01-14,ACC0000007768,11683.97,52164.97,50732.96,13115.98,NPR
2026-01-14,ACC0000007769,250830.79,0.0,29359.64,221471.15,NPR
2026-01-14,ACC0000007770,466246.63,0.0,0.0,466246.63,NPR
2026-01-14,ACC0000007771,430751.05,74368.9,37174.21,467945.74,NPR
2026-01-14,ACC0000007772,285810.55,0.0,81265.31,204545.24,NPR
2026-01-14,ACC0000007773,31083.13,52284.26,72484.73,10882.66,NPR
2026-01-14,ACC0000007774,377423.3,0.0,78767.89,298655.41,NPR
2026-01-14,ACC0000007775,372451.1,0.0,0.0,372451.1,NPR
2026-01-14,ACC0000007776,402764.29,0.0,46518.85,356245.44,NPR
2026-01-14,ACC0000007777,354426.22,0.0,83512.97,270913.25,NPR
2026-01-14,ACC0000007778,12885.29,8674.13,29911.05,-8351.63,NPR
2026-01-14,ACC0000007779,246203.05,0.0,55637.28,190565.77,NPR
2026-01-14,ACC0000007780,281601.18,30674.21,0.0,312275.39,NPR
2026-01-14,ACC0000007781,431486.97,0.0,48212.62,383274.35,NPR
2026-01-14,ACC0000007782,416267.2,0.0,13574.55,402692.65,NPR
2026-01-14,ACC0000007783,260226.68,0.0,0.0,260226.68,NPR
2026-01-14,ACC0000007784,179938.06,0.0,115254.98,64683.08,NPR
2026-01-14,ACC0000007785,491055.16,0.0,89242.29,401812.87,NPR
2026-01-14,ACC0000007786,6191.78,0.0,0.0,6191.78,NPR
2026-01-14,ACC0000007787,3943.13,0.0,181965.88,-178022.75,NPR
2026-01-14,ACC0000007788,61498.64,0.0,93767.77,-32269.13,NPR
2026-01-14,ACC0000007789,26392.35,34468.76,87621.43,-26760.32,NPR
2026-01-14,ACC0000007790,451469.36,0.0,16646.67,434822.69,NPR
2026-01-14,ACC0000007791,187572.8,0.0,21047.0,166525.8,NPR
2026-01-14,ACC0000007792,406511.77,0.0,0.0,406511.77,NPR
2026-01-14,ACC0000007793,464108.67,0.0,65051.7,399056.97,NPR
2026-01-14,ACC0000007794,468462.02,36803.26,45713.86,459551.42,NPR
2026-01-14,ACC0000007795,209358.44,0.0,35542.0,173816.44,NPR
2026-01-14,ACC0000007796,190250.41,0.0,0.0,190250.41,NPR
2026-01-14,ACC0000007797,57457.3,0.0,0.0,57457.3,NPR
2026-01-14,ACC0000007798,292588.64,0.0,0.0,292588.64,NPR
2026-01-14,ACC0000007799,20577.51,0.0,58823.12,-38245.61,NPR
2026-01-14,ACC0000007800,383825.15,0.0,0.0,383825.15,NPR
2026-01-14,ACC0000007801,103943.17,0.0,24675.27,79267.9,NPR
2026-01-14,ACC0000007802,173533.93,0.0,34753.58,138780.35,NPR
2026-01-14,ACC0000007803,300232.01,0.0,0.0,300232.01,NPR
2026-01-14,ACC0000007804,264658.75,46413.32,31305.9,279766.17,NPR
2026-01-14,ACC0000007805,99185.9,0.0,35469.25,63716.65,NPR
2026-01-14,ACC0000007806,477964.18,10441.13,134522.15,353883.16,NPR
2026-01-14,ACC0000007807,51116.19,20682.92,59577.58,12221.53,NPR
2026-01-14,ACC0000007808,182816.18,0.0,12802.95,170013.23,NPR
2026-01-14,ACC0000007809,376032.01,0.0,0.0,376032.01,NPR
2026-01-14,ACC0000007810,496846.8,0.0,86927.95,409918.85,NPR
2026-01-14,ACC0000007811,198701.74,42850.21,87644.48,153907.47,NPR
2026-01-14,ACC0000007812,293415.34,0.0,22695.43,270719.91,NPR
2026-01-14,ACC0000007813,63200.3,0.0,20890.87,42309.43,NPR
2026-01-14,ACC0000007814,257507.46,14765.35,130126.0,142146.81,NPR
2026-01-14,ACC0000007815,483208.26,0.0,1377.56,481830.7,NPR
2026-01-14,ACC0000007816,129800.13,0.0,50362.86,79437.27,NPR
2026-01-14,ACC0000007817,357143.84,0.0,39791.58,317352.26,NPR
2026-01-14,ACC0000007818,24247.41,7931.11,41582.42,-9403.9,NPR
2026-01-14,ACC0000007819,93361.55,0.0,57397.56,35963.99,NPR
2026-01-14,ACC0000007820,485068.09,82794.46,31551.57,536310.98,NPR
2026-01-14,ACC0000007821,115439.07,0.0,40912.47,74526.6,NPR
2026-01-14,ACC0000007822,56304.12,0.0,48863.64,7440.48,NPR
2026-01-14,ACC0000007823,17558.82,0.0,98314.04,-80755.22,NPR
2026-01-14,ACC0000007824,443449.96,0.0,0.0,443449.96,NPR
2026-01-14,ACC0000007825,282317.18,29529.17,256.62,311589.73,NPR
2026-01-14,ACC0000007826,90605.57,0.0,0.0,90605.57,NPR
2026-01-14,ACC0000007827,104339.43,0.0,31152.97,73186.46,NPR
2026-01-14,ACC0000007828,76562.94,37128.33,65664.53,48026.74,NPR
2026-01-14,ACC0000007829,312200.05,0.0,0.0,312200.05,NPR
2026-01-14,ACC0000007830,402554.67,24763.23,6650.57,420667.33,NPR
2026-01-14,ACC0000007831,149925.05,0.0,0.0,149925.05,NPR
2026-01-14,ACC0000007832,58607.42,0.0,54573.21,4034.21,NPR
2026-01-14,ACC0000007833,344892.48,0.0,0.0,344892.48,NPR
2026-01-14,ACC0000007834,198896.29,0.0,24798.98,174097.31,NPR
2026-01-14,ACC0000007835,89214.5,32926.3,15802.89,106337.91,NPR
2026-01-14,ACC0000007836,281602.38,0.0,0.0,281602.38,NPR
2026-01-14,ACC0000007837,95866.19,0.0,28174.88,67691.31,NPR
2026-01-14,ACC0000007838,340851.35,30325.41,91876.43,279300.33,NPR
2026-01-14,ACC0000007839,453764.97,55993.48,84438.41,425320.04,NPR
2026-01-14,ACC0000007840,299355.45,0.0,0.0,299355.45,NPR
2026-01-14,ACC0000007841,416560.38,0.0,79479.04,337081.34,NPR
2026-01-14,ACC0000007842,76739.35,0.0,1999.7,74739.65,NPR
2026-01-14,ACC0000007843,90824.85,0.0,93189.38,-2364.53,NPR
2026-01-14,ACC0000007844,490651.89,0.0,0.0,490651.89,NPR
2026-01-14,ACC0000007845,179557.42,0.0,0.0,179557.42,NPR
2026-01-14,ACC0000007846,290470.74,0.0,165352.68,125118.06,NPR
2026-01-14,ACC0000007847,298985.31,25215.55,34378.18,289822.68,NPR
2026-01-14,ACC0000007848,333800.56,0.0,37405.45,296395.11,NPR
2026-01-14,ACC0000007849,316821.35,29922.37,155957.08,190786.64,NPR
2026-01-14,ACC0000007850,22491.13,0.0,53788.06,-31296.93,NPR
2026-01-14,ACC0000007851,330553.13,0.0,14282.72,316270.41,NPR
2026-01-14,ACC0000007852,446707.22,0.0,0.0,446707.22,NPR
2026-01-14,ACC0000007853,278563.84,82489.2,8207.33,352845.71,NPR
2026-01-14,ACC0000007854,227258.01,0.0,46906.49,180351.52,NPR
2026-01-14,ACC0000007855,413849.04,717.19,59628.02,354938.21,NPR
2026-01-14,ACC0000007856,494158.27,0.0,78329.14,415829.13,NPR
2026-01-14,ACC0000007857,70563.4,0.0,75519.51,-4956.11,NPR
2026-01-14,ACC0000007858,221284.5,0.0,31079.88,190204.62,NPR
2026-01-14,ACC0000007859,365328.31,0.0,0.0,365328.31,NPR
2026-01-14,ACC0000007860,191199.31,39230.75,12733.7,217696.36,NPR
2026-01-14,ACC0000007861,191614.56,0.0,44327.27,147287.29,NPR
2026-01-14,ACC0000007862,143724.94,13251.74,58530.95,98445.73,NPR
2026-01-14,ACC0000007863,125123.87,0.0,0.0,125123.87,NPR
2026-01-14,ACC0000007864,296046.25,0.0,70932.43,225113.82,NPR
2026-01-14,ACC0000007865,277515.1,0.0,50676.47,226838.63,NPR
2026-01-14,ACC0000007866,413960.98,0.0,77148.65,336812.33,NPR
2026-01-14,ACC0000007867,327595.2,8296.62,16767.91,319123.91,NPR
2026-01-14,ACC0000007868,226974.74,0.0,87775.06,139199.68,NPR
2026-01-14,ACC0000007869,27406.06,0.0,24910.68,2495.38,NPR
2026-01-14,ACC0000007870,361083.76,0.0,101130.95,259952.81,NPR
2026-01-14,ACC0000007871,37353.15,0.0,102522.25,-65169.1,NPR
2026-01-14,ACC0000007872,381920.19,1732.08,131156.89,252495.38,NPR
2026-01-14,ACC0000007873,402926.95,0.0,52312.97,350613.98,NPR
2026-01-14,ACC0000007874,431945.31,0.0,58325.73,373619.58,NPR
2026-01-14,ACC0000007875,423012.7,0.0,98274.28,324738.42,NPR
2026-01-14,ACC0000007876,387293.6,0.0,0.0,387293.6,NPR
2026-01-14,ACC0000007877,40525.79,144164.47,56835.99,127854.27,NPR
2026-01-14,ACC0000007878,202654.46,0.0,49286.14,153368.32,NPR
2026-01-14,ACC0000007879,367105.43,47940.79,0.0,415046.22,NPR
2026-01-14,ACC0000007880,423841.99,0.0,0.0,423841.99,NPR
2026-01-14,ACC0000007881,182875.16,0.0,88067.06,94808.1,NPR
2026-01-14,ACC0000007882,409077.39,0.0,0.0,409077.39,NPR
2026-01-14,ACC0000007883,156996.03,0.0,25514.0,131482.03,NPR
2026-01-14,ACC0000007884,202540.57,0.0,0.0,202540.57,NPR
2026-01-14,ACC0000007885,135118.19,0.0,58801.95,76316.24,NPR
2026-01-14,ACC0000007886,197239.07,0.0,54899.23,142339.84,NPR
2026-01-14,ACC0000007887,310971.09,0.0,54660.45,256310.64,NPR
2026-01-14,ACC0000007888,452061.16,0.0,0.0,452061.16,NPR
2026-01-14,ACC0000007889,182179.87,0.0,89002.79,93177.08,NPR
2026-01-14,ACC0000007890,230254.29,0.0,0.0,230254.29,NPR
2026-01-14,ACC0000007891,80007.96,0.0,38512.86,41495.1,NPR
2026-01-14,ACC0000007892,93562.31,37956.31,58279.43,73239.19,NPR
2026-01-14,ACC0000007893,283181.89,0.0,0.0,283181.89,NPR
2026-01-14,ACC0000007894,288810.84,0.0,100674.86,188135.98,NPR
2026-01-14,ACC0000007895,7629.87,18000.93,88311.69,-62680.89,NPR
2026-01-14,ACC0000007896,189940.11,0.0,139034.53,50905.58,NPR
2026-01-14,ACC0000007897,174879.84,0.0,0.0,174879.84,NPR
2026-01-14,ACC0000007898,53922.52,20994.2,138322.26,-63405.54,NPR
2026-01-14,ACC0000007899,473096.47,0.0,38474.53,434621.94,NPR
2026-01-14,ACC0000007900,468710.3,0.0,37242.37,431467.93,NPR
2026-01-14,ACC0000007901,305863.72,31892.21,0.0,337755.93,NPR
2026-01-14,ACC0000007902,123201.9,0.0,68482.12,54719.78,NPR
2026-01-14,ACC0000007903,2481.43,44088.99,7038.41,39532.01,NPR
2026-01-14,ACC0000007904,241970.83,0.0,29810.02,212160.81,NPR
2026-01-14,ACC0000007905,86429.72,0.0,64603.53,21826.19,NPR
2026-01-14,ACC0000007906,239940.69,0.0,61927.1,178013.59,NPR
2026-01-14,ACC0000007907,97828.83,36047.68,177095.67,-43219.16,NPR
2026-01-14,ACC0000007908,308159.9,0.0,71053.47,237106.43,NPR
2026-01-14,ACC0000007909,256942.94,0.0,98987.4,157955.54,NPR
2026-01-14,ACC0000007910,63524.01,38710.67,86635.61,15599.07,NPR
2026-01-14,ACC0000007911,96902.06,0.0,48357.28,48544.78,NPR
2026-01-14,ACC0000007912,261354.32,0.0,36474.65,224879.67,NPR
2026-01-14,ACC0000007913,316330.3,0.0,48986.88,267343.42,NPR
2026-01-14,ACC0000007914,371678.04,0.0,53876.14,317801.9,NPR
2026-01-14,ACC0000007915,199883.55,0.0,1503.2,198380.35,NPR
2026-01-14,ACC0000007916,392557.42,0.0,0.0,392557.42,NPR
2026-01-14,ACC0000007917,6151.73,0.0,0.0,6151.73,NPR
2026-01-14,ACC0000007918,391592.89,0.0,17644.66,373948.23,NPR
2026-01-14,ACC0000007919,199510.01,13855.13,9607.15,203757.99,NPR
2026-01-14,ACC0000007920,120503.92,53662.79,0.0,174166.71,NPR
2026-01-14,ACC0000007921,358745.59,0.0,12785.43,345960.16,NPR
2026-01-14,ACC0000007922,96878.33,0.0,72741.98,24136.35,NPR
2026-01-14,ACC0000007923,396258.0,1553.68,147637.46,250174.22,NPR
2026-01-14,ACC0000007924,46269.4,0.0,67291.1,-21021.7,NPR
2026-01-14,ACC0000007925,437045.8,21361.14,30429.02,427977.92,NPR
2026-01-14,ACC0000007926,436062.63,0.0,0.0,436062.63,NPR
2026-01-14,ACC0000007927,61222.88,6163.28,44101.26,23284.9,NPR
2026-01-14,ACC0000007928,94038.94,0.0,92709.14,1329.8,NPR
2026-01-14,ACC0000007929,276067.85,0.0,0.0,276067.85,NPR
2026-01-14,ACC0000007930,47457.77,10969.2,19505.12,38921.85,NPR
2026-01-14,ACC0000007931,442212.4,45021.7,70328.77,416905.33,NPR
2026-01-14,ACC0000007932,438074.83,0.0,132088.61,305986.22,NPR
2026-01-14,ACC0000007933,45782.48,0.0,43008.64,2773.84,NPR
2026-01-14,ACC0000007934,285528.56,21990.54,0.0,307519.1,NPR
2026-01-14,ACC0000007935,386215.73,0.0,70423.98,315791.75,NPR
2026-01-14,ACC0000007936,216899.41,0.0,135413.53,81485.88,NPR
2026-01-14,ACC0000007937,28212.94,0.0,0.0,28212.94,NPR
2026-01-14,ACC0000007938,265073.07,35349.76,31145.21,269277.62,NPR
2026-01-14,ACC0000007939,341439.96,40042.3,0.0,381482.26,NPR
2026-01-14,ACC0000007940,480924.01,29528.18,95498.37,414953.82,NPR
2026-01-14,ACC0000007941,152238.66,0.0,9655.76,142582.9,NPR
2026-01-14,ACC0000007942,262467.56,0.0,38289.16,224178.4,NPR
2026-01-14,ACC0000007943,33493.74,0.0,54968.98,-21475.24,NPR
2026-01-14,ACC0000007944,350391.87,16645.75,63509.55,303528.07,NPR
2026-01-14,ACC0000007945,38591.08,83262.78,29421.41,92432.45,NPR
2026-01-14,ACC0000007946,288483.12,12274.22,93174.48,207582.86,NPR
2026-01-14,ACC0000007947,113647.07,0.0,163755.04,-50107.97,NPR
2026-01-14,ACC0000007948,148853.22,0.0,17190.15,131663.07,NPR
2026-01-14,ACC0000007949,39043.1,0.0,0.0,39043.1,NPR
2026-01-14,ACC0000007950,42824.75,35566.6,65122.83,13268.52,NPR
2026-01-14,ACC0000007951,221246.17,78869.94,5581.4,294534.71,NPR
2026-01-14,ACC0000007952,275412.61,18029.66,62748.4,230693.87,NPR
2026-01-14,ACC0000007953,45581.27,0.0,52693.07,-7111.8,NPR
2026-01-14,ACC0000007954,444346.46,0.0,46124.92,398221.54,NPR
2026-01-14,ACC0000007955,194294.27,0.0,45088.97,149205.3,NPR
2026-01-14,ACC0000007956,195463.06,0.0,9073.82,186389.24,NPR
2026-01-14,ACC0000007957,468711.79,0.0,46183.1,422528.69,NPR
2026-01-14,ACC0000007958,194550.02,0.0,44043.02,150507.0,NPR
2026-01-14,ACC0000007959,414936.04,0.0,0.0,414936.04,NPR
2026-01-14,ACC0000007960,320007.83,66677.47,88440.46,298244.84,NPR
2026-01-14,ACC0000007961,181290.83,30346.5,17898.0,193739.33,NPR
2026-01-14,ACC0000007962,5484.54,0.0,0.0,5484.54,NPR
2026-01-14,ACC0000007963,64090.29,43484.38,156630.45,-49055.78,NPR
2026-01-14,ACC0000007964,271931.55,63096.55,1097.94,333930.16,NPR
2026-01-14,ACC0000007965,210682.96,53935.37,215520.14,49098.19,NPR
2026-01-14,ACC0000007966,102288.89,0.0,0.0,102288.89,NPR
2026-01-14,ACC0000007967,393585.35,45394.94,115116.65,323863.64,NPR
2026-01-14,ACC0000007968,159559.53,0.0,44585.76,114973.77,NPR
2026-01-14,ACC0000007969,496088.55,45122.71,25597.04,515614.22,NPR
2026-01-14,ACC0000007970,450783.81,0.0,47419.86,403363.95,NPR
2026-01-14,ACC0000007971,431655.12,0.0,48492.55,383162.57,NPR
2026-01-14,ACC0000007972,424102.23,0.0,31025.12,393077.11,NPR
2026-01-14,ACC0000007973,475994.83,0.0,109110.17,366884.66,NPR
2026-01-14,ACC0000007974,166510.72,0.0,135212.93,31297.79,NPR
2026-01-14,ACC0000007975,400931.79,49495.25,71971.0,378456.04,NPR
2026-01-14,ACC0000007976,351824.68,0.0,0.0,351824.68,NPR
2026-01-14,ACC0000007977,317371.36,0.0,64003.27,253368.09,NPR
2026-01-14,ACC0000007978,322222.72,0.0,31400.99,290821.73,NPR
2026-01-14,ACC0000007979,262564.66,0.0,135553.0,127011.66,NPR
2026-01-14,ACC0000007980,66581.32,36859.19,7200.15,96240.36,NPR
2026-01-14,ACC0000007981,8657.15,584.66,0.0,9241.81,NPR
2026-01-14,ACC0000007982,72476.67,0.0,10633.74,61842.93,NPR
2026-01-14,ACC0000007983,261521.2,32853.0,37571.46,256802.74,NPR
2026-01-14,ACC0000007984,4808.11,0.0,0.0,4808.11,NPR
2026-01-14,ACC0000007985,163871.51,43812.62,15125.24,192558.89,NPR
2026-01-14,ACC0000007986,67806.83,0.0,16481.4,51325.43,NPR
2026-01-14,ACC0000007987,321097.31,20947.58,92011.02,250033.87,NPR
2026-01-14,ACC0000007988,86856.97,0.0,40625.78,46231.19,NPR
2026-01-14,ACC0000007989,56680.43,1807.53,29070.4,29417.56,NPR
2026-01-14,ACC0000007990,446655.03,0.0,0.0,446655.03,NPR
2026-01-14,ACC0000007991,439890.27,0.0,0.0,439890.27,NPR
2026-01-14,ACC0000007992,412955.87,5829.73,0.0,418785.6,NPR
2026-01-14,ACC0000007993,43248.89,0.0,61084.13,-17835.24,NPR
2026-01-14,ACC0000007994,336777.81,0.0,25546.89,311230.92,NPR
2026-01-14,ACC0000007995,417797.82,0.0,132574.52,285223.3,NPR
2026-01-14,ACC0000007996,136166.64,0.0,56249.92,79916.72,NPR
2026-01-14,ACC0000007997,254710.12,1226.82,40944.11,214992.83,NPR
2026-01-14,ACC0000007998,62766.38,0.0,60766.44,1999.94,NPR
2026-01-14,ACC0000007999,131716.24,0.0,6346.43,125369.81,NPR
2026-01-14,ACC0000008000,362357.91,44096.75,24290.02,382164.64,NPR
