balance_date,account_id,opening_balance,credit_total,debit_total,closing_balance,currency
2026-01-06,ACC0000000001,245690.83,32725.52,37353.21,241063.14,NPR
2026-01-06,ACC0000000002,3548.01,0.0,116327.75,-112779.74,NPR
2026-01-06,ACC0000000003,436331.08,48703.65,28505.8,456528.93,NPR
2026-01-06,ACC0000000004,447918.11,0.0,72810.35,375107.76,NPR
2026-01-06,ACC0000000005,60427.6,20265.33,0.0,80692.93,NPR
2026-01-06,ACC0000000006,400226.63,0.0,101626.59,298600.04,NPR
2026-01-06,ACC0000000007,460481.97,0.0,229630.91,230851.06,NPR
2026-01-06,ACC0000000008,45341.12,76925.02,0.0,122266.14,NPR
2026-01-06,ACC0000000009,358919.89,0.0,0.0,358919.89,NPR
2026-01-06,ACC0000000010,159625.66,0.0,0.0,159625.66,NPR
2026-01-06,ACC0000000011,194967.52,0.0,0.0,194967.52,NPR
2026-01-06,ACC0000000012,187008.11,0.0,39137.63,147870.48,NPR
2026-01-06,ACC0000000013,352556.08,32263.84,49622.16,335197.76,NPR
2026-01-06,ACC0000000014,114928.55,0.0,62159.95,52768.6,NPR
2026-01-06,ACC0000000015,348539.76,0.0,47919.07,300620.69,NPR
2026-01-06,ACC0000000016,105558.2,35350.49,34131.68,106777.01,NPR
2026-01-06,ACC0000000017,111110.44,0.0,0.0,111110.44,NPR
2026-01-06,ACC0000000018,162412.64,0.0,75596.56,86816.08,NPR
2026-01-06,ACC0000000019,255980.64,0.0,106522.64,149458.0,NPR
2026-01-06,ACC0000000020,153631.47,0.0,79766.52,73864.95,NPR
2026-01-06,ACC0000000021,338672.33,7018.7,123505.16,222185.87,NPR
2026-01-06,ACC0000000022,338986.79,0.0,71416.98,267569.81,NPR
2026-01-06,ACC0000000023,68565.02,27151.17,114684.72,-18968.53,NPR
2026-01-06,ACC0000000024,196657.64,46347.43,37178.16,205826.91,NPR
2026-01-06,ACC0000000025,452753.63,0.0,28463.04,424290.59,NPR
2026-01-06,ACC0000000026,252981.23,0.0,117300.08,135681.15,NPR
2026-01-06,ACC0000000027,193652.04,8685.82,48522.06,153815.8,NPR
2026-01-06,ACC0000000028,151057.19,35517.86,0.0,186575.05,NPR
2026-01-06,ACC0000000029,269696.32,0.0,0.0,269696.32,NPR
2026-01-06,ACC0000000030,227006.55,49300.48,117509.61,158797.42,NPR
2026-01-06,ACC0000000031,117314.84,0.0,14764.67,102550.17,NPR
2026-01-06,ACC0000000032,455791.88,4896.87,39486.03,421202.72,NPR
2026-01-06,ACC0000000033,131497.74,0.0,38273.11,93224.63,NPR
2026-01-06,ACC0000000034,363877.1,33131.57,9441.9,387566.77,NPR
2026-01-06,ACC0000000035,276177.72,0.0,136693.43,139484.29,NPR
2026-01-06,ACC0000000036,217860.09,62678.59,0.0,280538.68,NPR
2026-01-06,ACC0000000037,90544.43,0.0,109542.81,-18998.38,NPR
2026-01-06,ACC0000000038,376528.4,21998.96,56421.31,342106.05,NPR
2026-01-06,ACC0000000039,178071.26,0.0,0.0,178071.26,NPR
2026-01-06,ACC0000000040,155483.27,0.0,89882.36,65600.91,NPR
2026-01-06,ACC0000000041,282794.94,8703.4,0.0,291498.34,NPR
2026-01-06,ACC0000000042,447031.1,0.0,0.0,447031.1,NPR
2026-01-06,ACC0000000043,359477.01,0.0,6528.64,352948.37,NPR
2026-01-06,ACC0000000044,480240.73,55987.96,53036.5,483192.19,NPR
2026-01-06,ACC0000000045,451399.84,0.0,35949.93,415449.91,NPR
2026-01-06,ACC0000000046,335598.19,0.0,0.0,335598.19,NPR
2026-01-06,ACC0000000047,294496.2,27083.13,60247.36,261331.97,NPR
2026-01-06,ACC0000000048,88809.58,0.0,113803.45,-24993.87,NPR
2026-01-06,ACC0000000049,147367.24,0.0,0.0,147367.24,NPR
2026-01-06,ACC0000000050,56013.16,0.0,17662.31,38350.85,NPR
2026-01-06,ACC0000000051,214937.47,0.0,22031.06,192906.41,NPR
2026-01-06,ACC0000000052,364604.75,24992.55,27389.84,362207.46,NPR
2026-01-06,ACC0000000053,85604.41,5922.27,109382.87,-17856.19,NPR
2026-01-06,ACC0000000054,170661.41,0.0,0.0,170661.41,NPR
2026-01-06,ACC0000000055,13555.58,0.0,119062.3,-105506.72,NPR
2026-01-06,ACC0000000056,479319.34,0.0,0.0,479319.34,NPR
2026-01-06,ACC0000000057,36100.32,0.0,72850.42,-36750.1,NPR
2026-01-06,ACC0000000058,161707.76,18326.84,100205.37,79829.23,NPR
2026-01-06,ACC0000000059,198747.29,0.0,53652.95,145094.34,NPR
2026-01-06,ACC0000000060,209121.61,0.0,0.0,209121.61,NPR
2026-01-06,ACC0000000061,12659.54,0.0,21081.88,-8422.34,NPR
2026-01-06,ACC0000000062,288749.35,0.0,27123.17,261626.18,NPR
2026-01-06,ACC0000000063,147472.58,0.0,50607.85,96864.73,NPR
2026-01-06,ACC0000000064,440600.9,41946.05,15857.28,466689.67,NPR
2026-01-06,ACC0000000065,181069.92,0.0,54610.33,126459.59,NPR
2026-01-06,ACC0000000066,404422.31,36117.66,83891.62,356648.35,NPR
2026-01-06,ACC0000000067,273906.06,0.0,106658.01,167248.05,NPR
2026-01-06,ACC0000000068,126464.04,0.0,0.0,126464.04,NPR
2026-01-06,ACC0000000069,62800.97,0.0,59795.93,3005.04,NPR
2026-01-06,ACC0000000070,467938.33,0.0,45034.17,422904.16,NPR
2026-01-06,ACC0000000071,181918.17,0.0,0.0,181918.17,NPR
2026-01-06,ACC0000000072,419809.39,2134.32,58986.58,362957.13,NPR
2026-01-06,ACC0000000073,376476.31,0.0,99322.73,277153.58,NPR
2026-01-06,ACC0000000074,16849.07,0.0,65258.75,-48409.68,NPR
2026-01-06,ACC0000000075,194993.72,0.0,0.0,194993.72,NPR
2026-01-06,ACC0000000076,239853.98,0.0,120740.17,119113.81,NPR
2026-01-06,ACC0000000077,86804.17,33486.68,97510.1,22780.75,NPR
2026-01-06,ACC0000000078,365709.47,0.0,79161.55,286547.92,NPR
2026-01-06,ACC0000000079,4913.15,41164.19,63176.49,-17099.15,NPR
2026-01-06,ACC0000000080,354134.16,16420.27,24122.14,346432.29,NPR
2026-01-06,ACC0000000081,446175.06,0.0,71347.39,374827.67,NPR
2026-01-06,ACC0000000082,102068.11,0.0,77286.84,24781.27,NPR
2026-01-06,ACC0000000083,121233.33,24110.8,109924.07,35420.06,NPR
2026-01-06,ACC0000000084,103176.66,0.0,35529.1,67647.56,NPR
2026-01-06,ACC0000000085,374729.08,0.0,0.0,374729.08,NPR
2026-01-06,ACC0000000086,450814.3,0.0,0.0,450814.3,NPR
2026-01-06,ACC0000000087,80259.24,0.0,15493.68,64765.56,NPR
2026-01-06,ACC0000000088,420861.6,0.0,36356.8,384504.8,NPR
2026-01-06,ACC0000000089,70151.49,0.0,0.0,70151.49,NPR
2026-01-06,ACC0000000090,268686.06,0.0,90811.01,177875.05,NPR
2026-01-06,ACC0000000091,374045.64,38498.34,65588.46,346955.52,NPR
2026-01-06,ACC0000000092,405444.14,0.0,49116.22,356327.92,NPR
2026-01-06,ACC0000000093,131420.39,0.0,9013.03,122407.36,NPR
2026-01-06,ACC0000000094,400488.56,0.0,11930.4,388558.16,NPR
2026-01-06,ACC0000000095,156585.68,0.0,0.0,156585.68,NPR
2026-01-06,ACC0000000096,356132.74,0.0,53325.88,302806.86,NPR
2026-01-06,ACC0000000097,109387.29,47831.85,10548.87,146670.27,NPR
2026-01-06,ACC0000000098,66238.02,1730.95,28712.53,39256.44,NPR
2026-01-06,ACC0000000099,310186.2,0.0,30478.56,279707.64,NPR
2026-01-06,ACC0000000100,273267.22,0.0,110369.09,162898.13,NPR
2026-01-06,ACC0000000101,20337.65,0.0,0.0,20337.65,NPR
2026-01-06,ACC0000000102,312894.98,23573.69,0.0,336468.67,NPR
2026-01-06,ACC0000000103,416051.68,45217.81,22576.92,438692.57,NPR
2026-01-06,ACC0000000104,241972.53,0.0,29665.04,212307.49,NPR
2026-01-06,ACC0000000105,27660.78,47015.8,0.0,74676.58,NPR
2026-01-06,ACC0000000106,313456.42,30916.29,35658.49,308714.22,NPR
2026-01-06,ACC0000000107,448170.0,0.0,0.0,448170.0,NPR
2026-01-06,ACC0000000108,55848.98,0.0,51326.89,4522.09,NPR
2026-01-06,ACC0000000109,41760.19,0.0,0.0,41760.19,NPR
2026-01-06,ACC0000000110,490378.82,0.0,26248.72,464130.1,NPR
2026-01-06,ACC0000000111,111098.69,29059.94,33307.22,106851.41,NPR
2026-01-06,ACC0000000112,461878.05,2987.54,51461.24,413404.35,NPR
2026-01-06,ACC0000000113,296772.48,0.0,128641.67,168130.81,NPR
2026-01-06,ACC0000000114,143692.38,39790.36,90291.69,93191.05,NPR
2026-01-06,ACC0000000115,293999.74,0.0,0.0,293999.74,NPR
2026-01-06,ACC0000000116,180773.14,0.0,17372.69,163400.45,NPR
2026-01-06,ACC0000000117,36049.48,0.0,30918.72,5130.76,NPR
2026-01-06,ACC0000000118,143223.63,0.0,120694.39,22529.24,NPR
2026-01-06,ACC0000000119,84570.14,2580.93,21864.65,65286.42,NPR
2026-01-06,ACC0000000120,159886.98,23704.93,113663.0,69928.91,NPR
2026-01-06,ACC0000000121,296897.2,9511.03,0.0,306408.23,NPR
2026-01-06,ACC0000000122,109706.27,46541.62,68544.48,87703.41,NPR
2026-01-06,ACC0000000123,233139.41,0.0,93090.38,140049.03,NPR
2026-01-06,ACC0000000124,204042.99,0.0,21223.9,182819.09,NPR
2026-01-06,ACC0000000125,20694.17,0.0,90941.63,-70247.46,NPR
2026-01-06,ACC0000000126,43465.61,0.0,32911.97,10553.64,NPR
2026-01-06,ACC0000000127,372667.45,0.0,0.0,372667.45,NPR
2026-01-06,ACC0000000128,411874.96,0.0,39722.27,372152.69,NPR
2026-01-06,ACC0000000129,11496.55,19578.9,50166.0,-19090.55,NPR
2026-01-06,ACC0000000130,149540.52,0.0,35449.02,114091.5,NPR
2026-01-06,ACC0000000131,172143.81,82243.38,32348.72,222038.47,NPR
2026-01-06,ACC0000000132,447006.65,0.0,13047.74,433958.91,NPR
2026-01-06,ACC0000000133,449106.49,0.0,0.0,449106.49,NPR
2026-01-06,ACC0000000134,432951.98,0.0,0.0,432951.98,NPR
2026-01-06,ACC0000000135,32378.07,0.0,70708.03,-38329.96,NPR
2026-01-06,ACC0000000136,305051.53,0.0,17008.83,288042.7,NPR
2026-01-06,ACC0000000137,499665.35,31125.13,78529.4,452261.08,NPR
2026-01-06,ACC0000000138,202716.26,0.0,0.0,202716.26,NPR
2026-01-06,ACC0000000139,220216.21,0.0,8177.34,212038.87,NPR
2026-01-06,ACC0000000140,283845.09,42907.87,26159.47,300593.49,NPR
2026-01-06,ACC0000000141,441822.19,0.0,0.0,441822.19,NPR
2026-01-06,ACC0000000142,192613.13,1568.09,35793.25,158387.97,NPR
2026-01-06,ACC0000000143,106492.93,0.0,24016.36,82476.57,NPR
2026-01-06,ACC0000000144,172287.19,0.0,8268.83,164018.36,NPR
2026-01-06,ACC0000000145,83800.19,0.0,77513.09,6287.1,NPR
2026-01-06,ACC0000000146,384746.08,0.0,88261.27,296484.81,NPR
2026-01-06,ACC0000000147,367998.83,0.0,0.0,367998.83,NPR
2026-01-06,ACC0000000148,404283.97,26721.1,52594.14,378410.93,NPR
2026-01-06,ACC0000000149,463281.39,0.0,41507.1,421774.29,NPR
2026-01-06,ACC0000000150,421820.22,0.0,18040.99,403779.23,NPR
2026-01-06,ACC0000000151,31809.89,0.0,0.0,31809.89,NPR
2026-01-06,ACC0000000152,485570.14,0.0,0.0,485570.14,NPR
2026-01-06,ACC0000000153,412297.95,0.0,76.57,412221.38,NPR
2026-01-06,ACC0000000154,322330.79,0.0,35848.44,286482.35,NPR
2026-01-06,ACC0000000155,475785.74,0.0,117546.38,358239.36,NPR
2026-01-06,ACC0000000156,390190.65,0.0,0.0,390190.65,NPR
2026-01-06,ACC0000000157,118723.72,31842.62,0.0,150566.34,NPR
2026-01-06,ACC0000000158,274500.86,0.0,0.0,274500.86,NPR
2026-01-06,ACC0000000159,263790.79,0.0,70131.13,193659.66,NPR
2026-01-06,ACC0000000160,400582.89,0.0,25766.32,374816.57,NPR
2026-01-06,ACC0000000161,205287.49,20551.88,71751.38,154087.99,NPR
2026-01-06,ACC0000000162,452513.27,56620.85,33617.98,475516.14,NPR
2026-01-06,ACC0000000163,490907.8,0.0,35369.85,455537.95,NPR
2026-01-06,ACC0000000164,467652.7,0.0,0.0,467652.7,NPR
2026-01-06,ACC0000000165,419726.81,49124.05,51563.78,417287.08,NPR
2026-01-06,ACC0000000166,236742.43,0.0,27439.74,209302.69,NPR
2026-01-06,ACC0000000167,391960.06,0.0,83639.23,308320.83,NPR
2026-01-06,ACC0000000168,248994.77,0.0,62586.86,186407.91,NPR
2026-01-06,ACC0000000169,469741.67,0.0,0.0,469741.67,NPR
2026-01-06,ACC0000000170,253503.76,57848.83,116222.69,195129.9,NPR
2026-01-06,ACC0000000171,333893.18,0.0,74488.17,259405.01,NPR
2026-01-06,ACC0000000172,391267.29,0.0,0.0,391267.29,NPR
2026-01-06,ACC0000000173,148661.38,0.0,75731.95,72929.43,NPR
2026-01-06,ACC0000000174,479456.49,39087.51,3059.38,515484.62,NPR
2026-01-06,ACC0000000175,257484.3,45235.24,60703.14,242016.4,NPR
2026-01-06,ACC0000000176,484966.77,15421.38,0.0,500388.15,NPR
2026-01-06,ACC0000000177,42659.12,1620.07,15679.08,28600.11,NPR
2026-01-06,ACC0000000178,371412.54,34144.6,0.0,405557.14,NPR
2026-01-06,ACC0000000179,115501.12,0.0,9962.4,105538.72,NPR
2026-01-06,ACC0000000180,361777.89,25396.01,0.0,387173.9,NPR
2026-01-06,ACC0000000181,227352.54,0.0,0.0,227352.54,NPR
2026-01-06,ACC0000000182,378583.69,78699.48,17488.84,439794.33,NPR
2026-01-06,ACC0000000183,438341.01,0.0,0.0,438341.01,NPR
2026-01-06,ACC0000000184,247077.94,0.0,41967.14,205110.8,NPR
2026-01-06,ACC0000000185,104087.98,0.0,0.0,104087.98,NPR
2026-01-06,ACC0000000186,30872.61,35397.2,19532.57,46737.24,NPR
2026-01-06,ACC0000000187,407969.06,0.0,87255.16,320713.9,NPR
2026-01-06,ACC0000000188,115340.6,0.0,28972.02,86368.58,NPR
2026-01-06,ACC0000000189,372724.22,0.0,0.0,372724.22,NPR
2026-01-06,ACC0000000190,13731.79,0.0,45170.04,-31438.25,NPR
2026-01-06,ACC0000000191,96443.45,0.0,0.0,96443.45,NPR
2026-01-06,ACC0000000192,201257.73,36141.78,72748.36,164651.15,NPR
2026-01-06,ACC0000000193,297355.76,20031.15,67859.21,249527.7,NPR
2026-01-06,ACC0000000194,369462.16,0.0,75523.24,293938.92,NPR
2026-01-06,ACC0000000195,400799.98,0.0,1395.37,399404.61,NPR
2026-01-06,ACC0000000196,363161.9,0.0,53380.57,309781.33,NPR
2026-01-06,ACC0000000197,126791.84,0.0,0.0,126791.84,NPR
2026-01-06,ACC0000000198,414386.5,3593.89,11766.19,406214.2,NPR
2026-01-06,ACC0000000199,139192.38,0.0,85127.38,54065.0,NPR
2026-01-06,ACC0000000200,61838.1,0.0,96431.52,-34593.42,NPR
2026-01-06,ACC0000000201,32649.02,32942.14,0.0,65591.16,NPR
2026-01-06,ACC0000000202,320690.82,0.0,73534.91,247155.91,NPR
2026-01-06,ACC0000000203,467419.92,0.0,47308.76,420111.16,NPR
2026-01-06,ACC0000000204,228601.98,0.0,0.0,228601.98,NPR
2026-01-06,ACC0000000205,456283.0,0.0,0.0,456283.0,NPR
2026-01-06,ACC0000000206,171247.58,0.0,0.0,171247.58,NPR
2026-01-06,ACC0000000207,326438.25,27901.62,0.0,354339.87,NPR
2026-01-06,ACC0000000208,44838.77,31309.96,34117.08,42031.65,NPR
2026-01-06,ACC0000000209,251135.62,29358.03,0.0,280493.65,NPR
2026-01-06,ACC0000000210,118600.38,0.0,26075.81,92524.57,NPR
2026-01-06,ACC0000000211,294203.39,2385.95,47803.17,248786.17,NPR
2026-01-06,ACC0000000212,447887.33,0.0,0.0,447887.33,NPR
2026-01-06,ACC0000000213,280529.45,0.0,67280.01,213249.44,NPR
2026-01-06,ACC0000000214,219345.26,4588.86,24417.3,199516.82,NPR
2026-01-06,ACC0000000215,207942.38,0.0,0.0,207942.38,NPR
2026-01-06,ACC0000000216,28555.14,0.0,0.0,28555.14,NPR
2026-01-06,ACC0000000217,472815.54,0.0,25379.39,447436.15,NPR
2026-01-06,ACC0000000218,405984.57,10716.37,44082.85,372618.09,NPR
2026-01-06,ACC0000000219,416519.76,0.0,2951.41,413568.35,NPR
2026-01-06,ACC0000000220,21311.61,63479.71,51952.85,32838.47,NPR
2026-01-06,ACC0000000221,465377.82,0.0,0.0,465377.82,NPR
2026-01-06,ACC0000000222,165314.8,0.0,49643.82,115670.98,NPR
2026-01-06,ACC0000000223,266879.42,0.0,0.0,266879.42,NPR
2026-01-06,ACC0000000224,51201.92,17694.17,6209.48,62686.61,NPR
2026-01-06,ACC0000000225,285305.86,26920.98,67002.61,245224.23,NPR
2026-01-06,ACC0000000226,445716.83,0.0,4704.75,441012.08,NPR
2026-01-06,ACC0000000227,458899.84,74199.85,20278.38,512821.31,NPR
2026-01-06,ACC0000000228,178886.71,0.0,144283.31,34603.4,NPR
2026-01-06,ACC0000000229,229635.17,0.0,132942.41,96692.76,NPR
2026-01-06,ACC0000000230,104706.98,1554.22,50885.78,55375.42,NPR
2026-01-06,ACC0000000231,163055.28,48946.4,0.0,212001.68,NPR
2026-01-06,ACC0000000232,493985.54,17993.67,38649.79,473329.42,NPR
2026-01-06,ACC0000000233,271829.53,20564.73,9318.72,283075.54,NPR
2026-01-06,ACC0000000234,406362.45,15715.12,0.0,422077.57,NPR
2026-01-06,ACC0000000235,216277.05,0.0,17118.23,199158.82,NPR
2026-01-06,ACC0000000236,390487.04,0.0,10207.39,380279.65,NPR
2026-01-06,ACC0000000237,300642.73,18845.13,141642.82,177845.04,NPR
2026-01-06,ACC0000000238,467967.19,0.0,0.0,467967.19,NPR
2026-01-06,ACC0000000239,301749.29,0.0,43289.05,258460.24,NPR
2026-01-06,ACC0000000240,418785.16,40475.5,88345.45,370915.21,NPR
2026-01-06,ACC0000000241,244313.92,0.0,3693.48,240620.44,NPR
2026-01-06,ACC0000000242,385976.04,0.0,97786.02,288190.02,NPR
2026-01-06,ACC0000000243,456854.05,41716.04,47362.82,451207.27,NPR
2026-01-06,ACC0000000244,28858.63,0.0,81790.29,-52931.66,NPR
2026-01-06,ACC0000000245,448599.36,0.0,21149.38,427449.98,NPR
2026-01-06,ACC0000000246,188594.56,30630.96,136267.73,82957.79,NPR
2026-01-06,ACC0000000247,140627.65,66324.9,0.0,206952.55,NPR
2026-01-06,ACC0000000248,223130.48,0.0,9698.46,213432.02,NPR
2026-01-06,ACC0000000249,464463.38,0.0,42084.61,422378.77,NPR
2026-01-06,ACC0000000250,451749.82,1772.23,40008.55,413513.5,NPR
2026-01-06,ACC0000000251,342081.25,0.0,0.0,342081.25,NPR
2026-01-06,ACC0000000252,490118.29,27945.42,51583.5,466480.21,NPR
2026-01-06,ACC0000000253,61778.24,19074.46,74864.58,5988.12,NPR
2026-01-06,ACC0000000254,171328.82,0.0,31785.19,139543.63,NPR
2026-01-06,ACC0000000255,69373.74,47998.22,39311.28,78060.68,NPR
2026-01-06,ACC0000000256,253250.27,0.0,97143.39,156106.88,NPR
2026-01-06,ACC0000000257,228704.52,0.0,33268.64,195435.88,NPR
2026-01-06,ACC0000000258,236112.55,0.0,22832.98,213279.57,NPR
2026-01-06,ACC0000000259,410170.14,3505.63,13831.36,399844.41,NPR
2026-01-06,ACC0000000260,13403.42,0.0,21019.42,-7616.0,NPR
2026-01-06,ACC0000000261,93947.54,0.0,26993.67,66953.87,NPR
2026-01-06,ACC0000000262,184393.79,0.0,0.0,184393.79,NPR
2026-01-06,ACC0000000263,48215.59,0.0,611.23,47604.36,NPR
2026-01-06,ACC0000000264,441556.47,3165.22,71786.28,372935.41,NPR
2026-01-06,ACC0000000265,214592.66,0.0,12015.56,202577.1,NPR
2026-01-06,ACC0000000266,17084.95,0.0,0.0,17084.95,NPR
2026-01-06,ACC0000000267,35225.38,42381.74,91831.5,-14224.38,NPR
2026-01-06,ACC0000000268,195124.02,0.0,0.0,195124.02,NPR
2026-01-06,ACC0000000269,396679.1,0.0,0.0,396679.1,NPR
2026-01-06,ACC0000000270,199477.34,30376.05,3007.12,226846.27,NPR
2026-01-06,ACC0000000271,210194.27,13170.46,16241.61,207123.12,NPR
2026-01-06,ACC0000000272,109657.28,22909.42,121425.12,11141.58,NPR
2026-01-06,ACC0000000273,397751.73,0.0,5575.29,392176.44,NPR
2026-01-06,ACC0000000274,117192.16,0.0,22097.21,95094.95,NPR
2026-01-06,ACC0000000275,165184.85,42567.36,53805.35,153946.86,NPR
2026-01-06,ACC0000000276,407094.78,0.0,0.0,407094.78,NPR
2026-01-06,ACC0000000277,63101.5,0.0,82345.38,-19243.88,NPR
2026-01-06,ACC0000000278,275508.86,30170.82,6376.88,299302.8,NPR
2026-01-06,ACC0000000279,357489.67,0.0,19111.73,338377.94,NPR
2026-01-06,ACC0000000280,357178.64,0.0,35235.11,321943.53,NPR
2026-01-06,ACC0000000281,312096.26,0.0,91601.96,220494.3,NPR
2026-01-06,ACC0000000282,440697.15,8526.03,0.0,449223.18,NPR
2026-01-06,ACC0000000283,76478.97,15715.04,58520.28,33673.73,NPR
2026-01-06,ACC0000000284,209808.05,44727.76,12944.38,241591.43,NPR
2026-01-06,ACC0000000285,72742.35,29265.3,40916.68,61090.97,NPR
2026-01-06,ACC0000000286,82259.4,39498.37,45540.2,76217.57,NPR
2026-01-06,ACC0000000287,390024.35,0.0,93432.91,296591.44,NPR
2026-01-06,ACC0000000288,465342.11,20643.76,11827.86,474158.01,NPR
2026-01-06,ACC0000000289,4078.04,20585.76,130420.18,-105756.38,NPR
2026-01-06,ACC0000000290,116990.84,0.0,38151.08,78839.76,NPR
2026-01-06,ACC0000000291,340781.02,68395.74,5127.14,404049.62,NPR
2026-01-06,ACC0000000292,395710.36,25959.79,19914.81,401755.34,NPR
2026-01-06,ACC0000000293,14030.3,0.0,105374.62,-91344.32,NPR
2026-01-06,ACC0000000294,7373.71,0.0,0.0,7373.71,NPR
2026-01-06,ACC0000000295,486558.58,0.0,0.0,486558.58,NPR
2026-01-06,ACC0000000296,162639.09,28905.21,56268.27,135276.03,NPR
2026-01-06,ACC0000000297,403409.35,0.0,79788.39,323620.96,NPR
2026-01-06,ACC0000000298,459475.55,2664.33,100060.88,362079.0,NPR
2026-01-06,ACC0000000299,318325.26,8141.58,95013.31,231453.53,NPR
2026-01-06,ACC0000000300,400802.13,48759.42,0.0,449561.55,NPR
2026-01-06,ACC0000000301,20356.2,47993.0,86447.3,-18098.1,NPR
2026-01-06,ACC0000000302,119761.25,10357.94,27730.4,102388.79,NPR
2026-01-06,ACC0000000303,339682.41,0.0,55748.33,283934.08,NPR
2026-01-06,ACC0000000304,481826.15,0.0,37017.95,444808.2,NPR
2026-01-06,ACC0000000305,367670.0,0.0,0.0,367670.0,NPR
2026-01-06,ACC0000000306,296114.63,42418.87,49571.76,288961.74,NPR
2026-01-06,ACC0000000307,55004.8,0.0,14474.76,40530.04,NPR
2026-01-06,ACC0000000308,495196.41,0.0,102883.16,392313.25,NPR
2026-01-06,ACC0000000309,172970.82,0.0,52239.56,120731.26,NPR
2026-01-06,ACC0000000310,147076.91,0.0,32009.59,115067.32,NPR
2026-01-06,ACC0000000311,326053.02,48597.13,74268.72,300381.43,NPR
2026-01-06,ACC0000000312,467690.75,0.0,5253.49,462437.26,NPR
2026-01-06,ACC0000000313,39037.86,0.0,0.0,39037.86,NPR
2026-01-06,ACC0000000314,440942.01,0.0,15843.68,425098.33,NPR
2026-01-06,ACC0000000315,23872.18,25350.57,74308.47,-25085.72,NPR
2026-01-06,ACC0000000316,451049.26,0.0,26583.37,424465.89,NPR
2026-01-06,ACC0000000317,470879.8,0.0,41366.02,429513.78,NPR
2026-01-06,ACC0000000318,266697.47,19394.39,45660.1,240431.76,NPR
2026-01-06,ACC0000000319,217054.37,0.0,78310.86,138743.51,NPR
2026-01-06,ACC0000000320,19698.52,0.0,45204.06,-25505.54,NPR
2026-01-06,ACC0000000321,270831.09,0.0,0.0,270831.09,NPR
2026-01-06,ACC0000000322,493944.33,30726.4,19521.3,505149.43,NPR
2026-01-06,ACC0000000323,142979.46,0.0,14387.11,128592.35,NPR
2026-01-06,ACC0000000324,373607.03,0.0,7668.11,365938.92,NPR
2026-01-06,ACC0000000325,97089.05,0.0,0.0,97089.05,NPR
2026-01-06,ACC0000000326,470805.74,20022.68,63592.86,427235.56,NPR
2026-01-06,ACC0000000327,497830.52,0.0,11715.59,486114.93,NPR
2026-01-06,ACC0000000328,410796.53,38143.28,14432.19,434507.62,NPR
2026-01-06,ACC0000000329,457604.52,0.0,53225.97,404378.55,NPR
2026-01-06,ACC0000000330,229399.3,19991.63,29285.25,220105.68,NPR
2026-01-06,ACC0000000331,6755.89,0.0,21840.39,-15084.5,NPR
2026-01-06,ACC0000000332,76763.73,0.0,55652.17,21111.56,NPR
2026-01-06,ACC0000000333,39495.62,29698.74,30260.62,38933.74,NPR
2026-01-06,ACC0000000334,466594.56,0.0,34789.9,431804.66,NPR
2026-01-06,ACC0000000335,159078.41,39019.08,87858.44,110239.05,NPR
2026-01-06,ACC0000000336,341353.13,0.0,89006.2,252346.93,NPR
2026-01-06,ACC0000000337,215887.61,0.0,56381.61,159506.0,NPR
2026-01-06,ACC0000000338,161934.98,0.0,2694.81,159240.17,NPR
2026-01-06,ACC0000000339,44311.59,0.0,101672.9,-57361.31,NPR
2026-01-06,ACC0000000340,452829.64,0.0,26559.6,426270.04,NPR
2026-01-06,ACC0000000341,73969.54,0.0,21603.59,52365.95,NPR
2026-01-06,ACC0000000342,338595.89,10511.67,92103.71,257003.85,NPR
2026-01-06,ACC0000000343,176395.24,46373.8,47864.87,174904.17,NPR
2026-01-06,ACC0000000344,367194.77,47329.06,50707.36,363816.47,NPR
2026-01-06,ACC0000000345,198492.43,0.0,0.0,198492.43,NPR
2026-01-06,ACC0000000346,256854.1,37437.23,43228.03,251063.3,NPR
2026-01-06,ACC0000000347,118329.35,42296.12,45243.75,115381.72,NPR
2026-01-06,ACC0000000348,346669.81,0.0,215186.19,131483.62,NPR
2026-01-06,ACC0000000349,366312.62,0.0,143361.71,222950.91,NPR
2026-01-06,ACC0000000350,458132.27,0.0,35925.01,422207.26,NPR
2026-01-06,ACC0000000351,345868.83,0.0,44251.05,301617.78,NPR
2026-01-06,ACC0000000352,319077.82,0.0,0.0,319077.82,NPR
2026-01-06,ACC0000000353,437038.01,87471.56,128110.34,396399.23,NPR
2026-01-06,ACC0000000354,383648.41,17567.95,126585.43,274630.93,NPR
2026-01-06,ACC0000000355,62689.85,0.0,0.0,62689.85,NPR
2026-01-06,ACC0000000356,112421.73,0.0,25360.43,87061.3,NPR
2026-01-06,ACC0000000357,473450.53,375.05,36954.38,436871.2,NPR
2026-01-06,ACC0000000358,136378.89,0.0,10810.36,125568.53,NPR
2026-01-06,ACC0000000359,90487.42,9537.84,46356.63,53668.63,NPR
2026-01-06,ACC0000000360,240740.51,0.0,0.0,240740.51,NPR
2026-01-06,ACC0000000361,66132.38,0.0,83048.83,-16916.45,NPR
2026-01-06,ACC0000000362,3658.22,0.0,100229.43,-96571.21,NPR
2026-01-06,ACC0000000363,358773.78,0.0,44575.39,314198.39,NPR
2026-01-06,ACC0000000364,40032.61,0.0,0.0,40032.61,NPR
2026-01-06,ACC0000000365,371564.35,0.0,83749.96,287814.39,NPR
2026-01-06,ACC0000000366,113086.98,0.0,97625.92,15461.06,NPR
2026-01-06,ACC0000000367,52195.79,0.0,56265.53,-4069.74,NPR
2026-01-06,ACC0000000368,372693.02,0.0,6642.35,366050.67,NPR
2026-01-06,ACC0000000369,299490.75,0.0,40356.41,259134.34,NPR
2026-01-06,ACC0000000370,298126.84,25886.85,73933.92,250079.77,NPR
2026-01-06,ACC0000000371,45448.91,22804.12,0.0,68253.03,NPR
2026-01-06,ACC0000000372,424888.71,0.0,70895.59,353993.12,NPR
2026-01-06,ACC0000000373,423534.19,32658.67,72477.41,383715.45,NPR
2026-01-06,ACC0000000374,425379.46,0.0,0.0,425379.46,NPR
2026-01-06,ACC0000000375,436002.68,3822.2,60725.7,379099.18,NPR
2026-01-06,ACC0000000376,306978.04,0.0,74532.94,232445.1,NPR
2026-01-06,ACC0000000377,35708.7,0.0,8070.26,27638.44,NPR
2026-01-06,ACC0000000378,381645.54,0.0,61420.14,320225.4,NPR
2026-01-06,ACC0000000379,20410.62,15803.32,0.0,36213.94,NPR
2026-01-06,ACC0000000380,405195.34,0.0,74107.43,331087.91,NPR
2026-01-06,ACC0000000381,364737.91,0.0,34726.84,330011.07,NPR
2026-01-06,ACC0000000382,4731.41,0.0,58851.68,-54120.27,NPR
2026-01-06,ACC0000000383,413585.16,0.0,36645.93,376939.23,NPR
2026-01-06,ACC0000000384,468652.01,0.0,0.0,468652.01,NPR
2026-01-06,ACC0000000385,105808.07,0.0,44376.07,61432.0,NPR
2026-01-06,ACC0000000386,374116.92,28982.32,43123.96,359975.28,NPR
2026-01-06,ACC0000000387,24316.64,0.0,132119.05,-107802.41,NPR
2026-01-06,ACC0000000388,322798.07,0.0,0.0,322798.07,NPR
2026-01-06,ACC0000000389,102156.76,36420.53,0.0,138577.29,NPR
2026-01-06,ACC0000000390,383725.12,0.0,86415.39,297309.73,NPR
2026-01-06,ACC0000000391,260849.5,52804.4,24629.98,289023.92,NPR
2026-01-06,ACC0000000392,454888.07,0.0,31446.61,423441.46,NPR
2026-01-06,ACC0000000393,281604.25,0.0,94301.88,187302.37,NPR
2026-01-06,ACC0000000394,198097.71,0.0,89040.79,109056.92,NPR
2026-01-06,ACC0000000395,255217.75,0.0,0.0,255217.75,NPR
2026-01-06,ACC0000000396,389075.28,0.0,19344.8,369730.48,NPR
2026-01-06,ACC0000000397,420966.47,30741.15,0.0,451707.62,NPR
2026-01-06,ACC0000000398,205045.58,0.0,0.0,205045.58,NPR
2026-01-06,ACC0000000399,300208.03,0.0,0.0,300208.03,NPR
2026-01-06,ACC0000000400,402536.81,27612.55,0.0,430149.36,NPR
2026-01-06,ACC0000000401,215784.34,0.0,0.0,215784.34,NPR
2026-01-06,ACC0000000402,257326.97,19336.78,17015.38,259648.37,NPR
2026-01-06,ACC0000000403,185735.27,0.0,0.0,185735.27,NPR
2026-01-06,ACC0000000404,249249.05,27126.64,37866.92,238508.77,NPR
2026-01-06,ACC0000000405,487966.28,18210.07,38506.2,467670.15,NPR
2026-01-06,ACC0000000406,346244.26,0.0,39149.33,307094.93,NPR
2026-01-06,ACC0000000407,346312.78,0.0,154372.69,191940.09,NPR
2026-01-06,ACC0000000408,84164.07,0.0,92542.33,-8378.26,NPR
2026-01-06,ACC0000000409,151344.42,0.0,47389.2,103955.22,NPR
2026-01-06,ACC0000000410,41748.83,17772.88,103647.08,-44125.37,NPR
2026-01-06,ACC0000000411,190415.66,44431.52,25364.3,209482.88,NPR
2026-01-06,ACC0000000412,217479.43,21197.47,43302.64,195374.26,NPR
2026-01-06,ACC0000000413,351146.13,0.0,26644.54,324501.59,NPR
2026-01-06,ACC0000000414,105643.92,0.0,47903.4,57740.52,NPR
2026-01-06,ACC0000000415,309666.93,0.0,105917.98,203748.95,NPR
2026-01-06,ACC0000000416,81413.96,58809.99,135139.5,5084.45,NPR
2026-01-06,ACC0000000417,121119.33,0.0,0.0,121119.33,NPR
2026-01-06,ACC0000000418,172827.05,0.0,22835.95,149991.1,NPR
2026-01-06,ACC0000000419,6503.72,0.0,29108.82,-22605.1,NPR
2026-01-06,ACC0000000420,325334.43,19622.44,27844.26,317112.61,NPR
2026-01-06,ACC0000000421,125461.21,0.0,71039.62,54421.59,NPR
2026-01-06,ACC0000000422,117247.75,0.0,0.0,117247.75,NPR
2026-01-06,ACC0000000423,370052.97,0.0,16531.25,353521.72,NPR
2026-01-06,ACC0000000424,75297.27,0.0,44943.31,30353.96,NPR
2026-01-06,ACC0000000425,276686.45,0.0,39558.83,237127.62,NPR
2026-01-06,ACC0000000426,355112.17,29660.31,32202.75,352569.73,NPR
2026-01-06,ACC0000000427,298331.83,0.0,0.0,298331.83,NPR
2026-01-06,ACC0000000428,31801.58,37241.41,118493.76,-49450.77,NPR
2026-01-06,ACC0000000429,328218.11,0.0,0.0,328218.11,NPR
2026-01-06,ACC0000000430,300852.87,0.0,116322.99,184529.88,NPR
2026-01-06,ACC0000000431,422667.83,22081.11,23315.04,421433.9,NPR
2026-01-06,ACC0000000432,438144.67,0.0,63549.21,374595.46,NPR
2026-01-06,ACC0000000433,304964.05,45416.88,36543.07,313837.86,NPR
2026-01-06,ACC0000000434,221280.7,48436.04,140620.88,129095.86,NPR
2026-01-06,ACC0000000435,298842.58,13087.99,64352.1,247578.47,NPR
2026-01-06,ACC0000000436,293449.51,40861.21,24490.58,309820.14,NPR
2026-01-06,ACC0000000437,485458.37,0.0,60215.95,425242.42,NPR
2026-01-06,ACC0000000438,446628.31,24767.46,71889.3,399506.47,NPR
2026-01-06,ACC0000000439,441836.06,0.0,2037.03,439799.03,NPR
2026-01-06,ACC0000000440,349086.16,0.0,73609.14,275477.02,NPR
2026-01-06,ACC0000000441,199763.67,3062.19,70122.68,132703.18,NPR
2026-01-06,ACC0000000442,9948.04,0.0,11583.77,-1635.73,NPR
2026-01-06,ACC0000000443,32528.64,0.0,104677.28,-72148.64,NPR
2026-01-06,ACC0000000444,356185.31,0.0,0.0,356185.31,NPR
2026-01-06,ACC0000000445,14552.83,0.0,26185.98,-11633.15,NPR
2026-01-06,ACC0000000446,145679.39,0.0,97358.1,48321.29,NPR
2026-01-06,ACC0000000447,172310.86,0.0,0.0,172310.86,NPR
2026-01-06,ACC0000000448,17511.58,0.0,7328.38,10183.2,NPR
2026-01-06,ACC0000000449,400505.35,0.0,44747.46,355757.89,NPR
2026-01-06,ACC0000000450,412349.48,0.0,36944.57,375404.91,NPR
2026-01-06,ACC0000000451,33241.25,31994.68,8929.13,56306.8,NPR
2026-01-06,ACC0000000452,63932.53,8313.91,84612.29,-12365.85,NPR
2026-01-06,ACC0000000453,68357.94,0.0,0.0,68357.94,NPR
2026-01-06,ACC0000000454,360931.16,34976.89,147807.93,248100.12,NPR
2026-01-06,ACC0000000455,295540.46,0.0,98483.44,197057.02,NPR
2026-01-06,ACC0000000456,63409.78,0.0,49581.32,13828.46,NPR
2026-01-06,ACC0000000457,191600.49,0.0,55120.9,136479.59,NPR
2026-01-06,ACC0000000458,420681.44,0.0,26265.6,394415.84,NPR
2026-01-06,ACC0000000459,140046.98,0.0,66280.61,73766.37,NPR
2026-01-06,ACC0000000460,427154.35,0.0,0.0,427154.35,NPR
2026-01-06,ACC0000000461,164429.55,10443.21,61216.14,113656.62,NPR
2026-01-06,ACC0000000462,305832.97,0.0,74847.69,230985.28,NPR
2026-01-06,ACC0000000463,347945.09,0.0,17123.79,330821.3,NPR
2026-01-06,ACC0000000464,321884.41,0.0,0.0,321884.41,NPR
2026-01-06,ACC0000000465,104299.8,29772.55,83030.51,51041.84,NPR
2026-01-06,ACC0000000466,311268.86,0.0,202423.12,108845.74,NPR
2026-01-06,ACC0000000467,206405.93,0.0,122368.43,84037.5,NPR
2026-01-06,ACC0000000468,138692.62,0.0,84084.42,54608.2,NPR
2026-01-06,ACC0000000469,54112.16,1648.31,56735.59,-975.12,NPR
2026-01-06,ACC0000000470,293033.6,0.0,19125.05,273908.55,NPR
2026-01-06,ACC0000000471,293610.02,0.0,37514.43,256095.59,NPR
2026-01-06,ACC0000000472,427423.27,33044.23,19475.85,440991.65,NPR
2026-01-06,ACC0000000473,368187.42,0.0,69146.58,299040.84,NPR
2026-01-06,ACC0000000474,145830.36,296.61,20582.33,125544.64,NPR
2026-01-06,ACC0000000475,184983.65,0.0,15609.41,169374.24,NPR
2026-01-06,ACC0000000476,179143.05,30429.12,0.0,209572.17,NPR
2026-01-06,ACC0000000477,311655.78,31120.7,60577.1,282199.38,NPR
2026-01-06,ACC0000000478,182814.1,0.0,71020.28,111793.82,NPR
2026-01-06,ACC0000000479,116663.72,15144.72,19843.36,111965.08,NPR
2026-01-06,ACC0000000480,85803.69,0.0,0.0,85803.69,NPR
2026-01-06,ACC0000000481,314983.56,0.0,104966.59,210016.97,NPR
2026-01-06,ACC0000000482,125948.13,0.0,0.0,125948.13,NPR
2026-01-06,ACC0000000483,96229.39,0.0,100407.05,-4177.66,NPR
2026-01-06,ACC0000000484,32100.59,0.0,57422.3,-25321.71,NPR
2026-01-06,ACC0000000485,42423.21,32488.7,76270.73,-1358.82,NPR
2026-01-06,ACC0000000486,77716.27,0.0,0.0,77716.27,NPR
2026-01-06,ACC0000000487,153822.1,0.0,22311.45,131510.65,NPR
2026-01-06,ACC0000000488,481046.7,0.0,0.0,481046.7,NPR
2026-01-06,ACC0000000489,182137.71,38391.36,14177.37,206351.7,NPR
2026-01-06,ACC0000000490,413243.29,44470.33,154413.96,303299.66,NPR
2026-01-06,ACC0000000491,63230.73,0.0,60780.37,2450.36,NPR
2026-01-06,ACC0000000492,74144.45,0.0,0.0,74144.45,NPR
2026-01-06,ACC0000000493,169578.62,0.0,89099.04,80479.58,NPR
2026-01-06,ACC0000000494,180093.7,0.0,16536.25,163557.45,NPR
2026-01-06,ACC0000000495,19738.1,0.0,0.0,19738.1,NPR
2026-01-06,ACC0000000496,20409.56,0.0,30168.18,-9758.62,NPR
2026-01-06,ACC0000000497,46346.08,47392.43,82136.91,11601.6,NPR
2026-01-06,ACC0000000498,444086.9,0.0,48565.56,395521.34,NPR
2026-01-06,ACC0000000499,226594.45,49093.66,22123.36,253564.75,NPR
2026-01-06,ACC0000000500,340515.39,0.0,14330.39,326185.0,NPR
2026-01-06,ACC0000000501,23638.9,3137.9,45706.36,-18929.56,NPR
2026-01-06,ACC0000000502,301471.75,46760.39,49389.31,298842.83,NPR
2026-01-06,ACC0000000503,60125.06,0.0,0.0,60125.06,NPR
2026-01-06,ACC0000000504,225847.71,0.0,0.0,225847.71,NPR
2026-01-06,ACC0000000505,29890.91,0.0,83233.71,-53342.8,NPR
2026-01-06,ACC0000000506,392594.02,0.0,7049.77,385544.25,NPR
2026-01-06,ACC0000000507,497263.94,0.0,47342.73,449921.21,NPR
2026-01-06,ACC0000000508,373216.38,0.0,34870.57,338345.81,NPR
2026-01-06,ACC0000000509,150265.38,22345.62,30102.27,142508.73,NPR
2026-01-06,ACC0000000510,285112.45,0.0,18390.16,266722.29,NPR
2026-01-06,ACC0000000511,354618.03,0.0,0.0,354618.03,NPR
2026-01-06,ACC0000000512,299813.54,0.0,0.0,299813.54,NPR
2026-01-06,ACC0000000513,357601.73,0.0,44195.27,313406.46,NPR
2026-01-06,ACC0000000514,211503.62,0.0,0.0,211503.62,NPR
2026-01-06,ACC0000000515,415404.19,0.0,46525.94,368878.25,NPR
2026-01-06,ACC0000000516,408981.81,0.0,27886.39,381095.42,NPR
2026-01-06,ACC0000000517,429465.57,23006.95,27269.45,425203.07,NPR
2026-01-06,ACC0000000518,73698.1,0.0,49273.37,24424.73,NPR
2026-01-06,ACC0000000519,236537.32,0.0,0.0,236537.32,NPR
2026-01-06,ACC0000000520,16355.04,0.0,25590.24,-9235.2,NPR
2026-01-06,ACC0000000521,362164.37,0.0,0.0,362164.37,NPR
2026-01-06,ACC0000000522,351286.7,0.0,143865.89,207420.81,NPR
2026-01-06,ACC0000000523,28748.65,0.0,81533.97,-52785.32,NPR
2026-01-06,ACC0000000524,89803.4,40020.74,90181.33,39642.81,NPR
2026-01-06,ACC0000000525,182644.82,0.0,85960.07,96684.75,NPR
2026-01-06,ACC0000000526,188434.42,0.0,108206.56,80227.86,NPR
2026-01-06,ACC0000000527,496781.0,0.0,23151.75,473629.25,NPR
2026-01-06,ACC0000000528,347073.9,0.0,0.0,347073.9,NPR
2026-01-06,ACC0000000529,301399.1,0.0,0.0,301399.1,NPR
2026-01-06,ACC0000000530,221628.42,0.0,55101.67,166526.75,NPR
2026-01-06,ACC0000000531,495109.99,62249.57,22415.13,534944.43,NPR
2026-01-06,ACC0000000532,467805.1,8287.27,113541.26,362551.11,NPR
2026-01-06,ACC0000000533,29645.33,24132.62,25944.92,27833.03,NPR
2026-01-06,ACC0000000534,17204.88,0.0,0.0,17204.88,NPR
2026-01-06,ACC0000000535,299759.02,0.0,94763.75,204995.27,NPR
2026-01-06,ACC0000000536,411072.16,0.0,0.0,411072.16,NPR
2026-01-06,ACC0000000537,108935.85,3828.28,0.0,112764.13,NPR
2026-01-06,ACC0000000538,352517.75,0.0,42271.96,310245.79,NPR
2026-01-06,ACC0000000539,423802.8,0.0,89098.98,334703.82,NPR
2026-01-06,ACC0000000540,457982.43,0.0,29469.55,428512.88,NPR
2026-01-06,ACC0000000541,419130.27,0.0,55689.09,363441.18,NPR
2026-01-06,ACC0000000542,486879.33,41578.91,76547.91,451910.33,NPR
2026-01-06,ACC0000000543,396773.12,0.0,79977.31,316795.81,NPR
2026-01-06,ACC0000000544,258103.8,0.0,0.0,258103.8,NPR
2026-01-06,ACC0000000545,205956.89,11595.01,99035.94,118515.96,NPR
2026-01-06,ACC0000000546,394556.92,0.0,0.0,394556.92,NPR
2026-01-06,ACC0000000547,437220.93,0.0,183204.93,254016.0,NPR
2026-01-06,ACC0000000548,441101.61,0.0,0.0,441101.61,NPR
2026-01-06,ACC0000000549,63685.46,34576.24,30734.85,67526.85,NPR
2026-01-06,ACC0000000550,1416.42,0.0,76385.98,-74969.56,NPR
2026-01-06,ACC0000000551,141421.4,44057.51,61423.99,124054.92,NPR
2026-01-06,ACC0000000552,453763.87,0.0,62165.92,391597.95,NPR
2026-01-06,ACC0000000553,390907.51,23682.58,53019.31,361570.78,NPR
2026-01-06,ACC0000000554,290775.46,0.0,94392.66,196382.8,NPR
2026-01-06,ACC0000000555,242366.3,0.0,98476.51,143889.79,NPR
2026-01-06,ACC0000000556,69416.71,0.0,192654.48,-123237.77,NPR
2026-01-06,ACC0000000557,212331.89,13201.34,63872.23,161661.0,NPR
2026-01-06,ACC0000000558,494477.35,46358.26,33885.98,506949.63,NPR
2026-01-06,ACC0000000559,321044.48,0.0,0.0,321044.48,NPR
2026-01-06,ACC0000000560,58162.96,29739.79,93917.08,-6014.33,NPR
2026-01-06,ACC0000000561,413060.43,41508.04,123355.16,331213.31,NPR
2026-01-06,ACC0000000562,223182.94,30891.69,43203.43,210871.2,NPR
2026-01-06,ACC0000000563,26092.03,0.0,73024.9,-46932.87,NPR
2026-01-06,ACC0000000564,440038.96,26287.63,45418.21,420908.38,NPR
2026-01-06,ACC0000000565,75379.66,23114.43,69374.61,29119.48,NPR
2026-01-06,ACC0000000566,153775.4,0.0,0.0,153775.4,NPR
2026-01-06,ACC0000000567,39395.58,0.0,0.0,39395.58,NPR
2026-01-06,ACC0000000568,24318.04,25169.92,110052.68,-60564.72,NPR
2026-01-06,ACC0000000569,186625.88,64339.95,145974.95,104990.88,NPR
2026-01-06,ACC0000000570,369457.79,0.0,60437.41,309020.38,NPR
2026-01-06,ACC0000000571,301045.32,2394.09,172654.68,130784.73,NPR
2026-01-06,ACC0000000572,465365.84,11079.93,107793.71,368652.06,NPR
2026-01-06,ACC0000000573,205891.46,0.0,0.0,205891.46,NPR
2026-01-06,ACC0000000574,169043.89,59865.92,19821.5,209088.31,NPR
2026-01-06,ACC0000000575,428836.34,0.0,88073.97,340762.37,NPR
2026-01-06,ACC0000000576,426910.68,0.0,82286.93,344623.75,NPR
2026-01-06,ACC0000000577,485951.25,0.0,130111.31,355839.94,NPR
2026-01-06,ACC0000000578,361561.94,0.0,22669.42,338892.52,NPR
2026-01-06,ACC0000000579,24411.35,0.0,38857.29,-14445.94,NPR
2026-01-06,ACC0000000580,285346.69,46163.51,69622.71,261887.49,NPR
2026-01-06,ACC0000000581,259350.98,0.0,56455.26,202895.72,NPR
2026-01-06,ACC0000000582,122855.51,0.0,134242.27,-11386.76,NPR
2026-01-06,ACC0000000583,444129.17,0.0,68910.5,375218.67,NPR
2026-01-06,ACC0000000584,49583.27,0.0,117633.78,-68050.51,NPR
2026-01-06,ACC0000000585,84250.8,0.0,11774.17,72476.63,NPR
2026-01-06,ACC0000000586,259361.92,0.0,33256.0,226105.92,NPR
2026-01-06,ACC0000000587,198929.41,0.0,57782.0,141147.41,NPR
2026-01-06,ACC0000000588,230849.79,0.0,92284.05,138565.74,NPR
2026-01-06,ACC0000000589,389429.67,0.0,89037.38,300392.29,NPR
2026-01-06,ACC0000000590,111680.98,67840.92,50270.67,129251.23,NPR
2026-01-06,ACC0000000591,334924.63,13239.31,46189.87,301974.07,NPR
2026-01-06,ACC0000000592,69883.7,0.0,73212.42,-3328.72,NPR
2026-01-06,ACC0000000593,449412.28,1590.68,96409.36,354593.6,NPR
2026-01-06,ACC0000000594,47557.18,0.0,0.0,47557.18,NPR
2026-01-06,ACC0000000595,262603.88,0.0,0.0,262603.88,NPR
2026-01-06,ACC0000000596,288139.8,5170.87,28568.61,264742.06,NPR
2026-01-06,ACC0000000597,261765.63,0.0,0.0,261765.63,NPR
2026-01-06,ACC0000000598,54756.58,49499.59,30280.11,73976.06,NPR
2026-01-06,ACC0000000599,301040.17,0.0,0.0,301040.17,NPR
2026-01-06,ACC0000000600,181891.82,0.0,58455.72,123436.1,NPR
2026-01-06,ACC0000000601,41766.21,0.0,27511.87,14254.34,NPR
2026-01-06,ACC0000000602,377745.01,0.0,10985.25,366759.76,NPR
2026-01-06,ACC0000000603,432376.09,0.0,0.0,432376.09,NPR
2026-01-06,ACC0000000604,479403.38,49277.41,90796.02,437884.77,NPR
2026-01-06,ACC0000000605,228811.15,127276.79,29109.35,326978.59,NPR
2026-01-06,ACC0000000606,87037.82,7328.47,72245.33,22120.96,NPR
2026-01-06,ACC0000000607,246146.85,0.0,81786.11,164360.74,NPR
2026-01-06,ACC0000000608,449602.44,0.0,83312.25,366290.19,NPR
2026-01-06,ACC0000000609,149086.62,0.0,124198.07,24888.55,NPR
2026-01-06,ACC0000000610,304006.87,0.0,0.0,304006.87,NPR
2026-01-06,ACC0000000611,302831.31,4633.34,38792.05,268672.6,NPR
2026-01-06,ACC0000000612,27856.79,0.0,38384.18,-10527.39,NPR
2026-01-06,ACC0000000613,21073.86,0.0,121954.66,-100880.8,NPR
2026-01-06,ACC0000000614,276590.48,26476.34,109093.31,193973.51,NPR
2026-01-06,ACC0000000615,266796.64,0.0,23133.56,243663.08,NPR
2026-01-06,ACC0000000616,62464.78,0.0,95546.15,-33081.37,NPR
2026-01-06,ACC0000000617,359114.51,0.0,68144.94,290969.57,NPR
2026-01-06,ACC0000000618,228822.1,0.0,47686.54,181135.56,NPR
2026-01-06,ACC0000000619,155911.04,0.0,91756.42,64154.62,NPR
2026-01-06,ACC0000000620,251095.45,0.0,0.0,251095.45,NPR
2026-01-06,ACC0000000621,124037.0,0.0,0.0,124037.0,NPR
2026-01-06,ACC0000000622,488157.72,0.0,12765.63,475392.09,NPR
2026-01-06,ACC0000000623,314503.64,0.0,60863.7,253639.94,NPR
2026-01-06,ACC0000000624,346112.03,0.0,47591.09,298520.94,NPR
2026-01-06,ACC0000000625,397994.06,0.0,0.0,397994.06,NPR
2026-01-06,ACC0000000626,57843.62,0.0,36361.79,21481.83,NPR
2026-01-06,ACC0000000627,115576.75,0.0,13149.98,102426.77,NPR
2026-01-06,ACC0000000628,100431.77,45924.55,85794.86,60561.46,NPR
2026-01-06,ACC0000000629,250434.49,16800.6,62244.79,204990.3,NPR
2026-01-06,ACC0000000630,463091.99,0.0,0.0,463091.99,NPR
2026-01-06,ACC0000000631,349016.78,42170.5,29051.48,362135.8,NPR
2026-01-06,ACC0000000632,499871.19,0.0,0.0,499871.19,NPR
2026-01-06,ACC0000000633,350320.15,0.0,101028.19,249291.96,NPR
2026-01-06,ACC0000000634,480697.24,0.0,125869.11,354828.13,NPR
2026-01-06,ACC0000000635,297256.29,0.0,112035.83,185220.46,NPR
2026-01-06,ACC0000000636,211481.8,0.0,23960.11,187521.69,NPR
2026-01-06,ACC0000000637,73488.68,0.0,65294.67,8194.01,NPR
2026-01-06,ACC0000000638,491488.8,0.0,105493.95,385994.85,NPR
2026-01-06,ACC0000000639,491124.83,19290.6,168413.06,342002.37,NPR
2026-01-06,ACC0000000640,13178.16,0.0,0.0,13178.16,NPR
2026-01-06,ACC0000000641,497514.87,0.0,49946.2,447568.67,NPR
2026-01-06,ACC0000000642,240962.65,0.0,32761.33,208201.32,NPR
2026-01-06,ACC0000000643,442678.86,0.0,32230.81,410448.05,NPR
2026-01-06,ACC0000000644,305157.7,0.0,105806.22,199351.48,NPR
2026-01-06,ACC0000000645,416266.57,0.0,50365.48,365901.09,NPR
2026-01-06,ACC0000000646,276732.94,0.0,0.0,276732.94,NPR
2026-01-06,ACC0000000647,95216.33,0.0,30451.95,64764.38,NPR
2026-01-06,ACC0000000648,406039.68,0.0,0.0,406039.68,NPR
2026-01-06,ACC0000000649,208168.88,0.0,167391.49,40777.39,NPR
2026-01-06,ACC0000000650,67914.24,0.0,21469.77,46444.47,NPR
2026-01-06,ACC0000000651,215733.61,49786.75,35613.09,229907.27,NPR
2026-01-06,ACC0000000652,403082.96,43074.17,56691.5,389465.63,NPR
2026-01-06,ACC0000000653,328493.43,6006.11,46988.93,287510.61,NPR
2026-01-06,ACC0000000654,234523.99,0.0,58311.46,176212.53,NPR
2026-01-06,ACC0000000655,443510.78,0.0,28541.65,414969.13,NPR
2026-01-06,ACC0000000656,422287.91,10923.86,28449.14,404762.63,NPR
2026-01-06,ACC0000000657,192213.1,0.0,139634.0,52579.1,NPR
2026-01-06,ACC0000000658,81157.27,0.0,48877.99,32279.28,NPR
2026-01-06,ACC0000000659,328511.27,0.0,26642.2,301869.07,NPR
2026-01-06,ACC0000000660,308605.49,0.0,55406.75,253198.74,NPR
2026-01-06,ACC0000000661,320956.61,649.62,65936.05,255670.18,NPR
2026-01-06,ACC0000000662,394545.28,72222.81,30373.38,436394.71,NPR
2026-01-06,ACC0000000663,352710.86,0.0,145640.93,207069.93,NPR
2026-01-06,ACC0000000664,227275.4,48398.48,38549.3,237124.58,NPR
2026-01-06,ACC0000000665,488527.15,0.0,0.0,488527.15,NPR
2026-01-06,ACC0000000666,171215.59,0.0,17029.29,154186.3,NPR
2026-01-06,ACC0000000667,468058.24,0.0,0.0,468058.24,NPR
2026-01-06,ACC0000000668,90126.14,0.0,81922.81,8203.33,NPR
2026-01-06,ACC0000000669,216070.48,0.0,6540.81,209529.67,NPR
2026-01-06,ACC0000000670,256853.5,160024.28,62155.6,354722.18,NPR
2026-01-06,ACC0000000671,201356.5,44436.0,48552.62,197239.88,NPR
2026-01-06,ACC0000000672,360393.34,0.0,0.0,360393.34,NPR
2026-01-06,ACC0000000673,87867.45,33265.33,40413.73,80719.05,NPR
2026-01-06,ACC0000000674,136444.51,0.0,0.0,136444.51,NPR
2026-01-06,ACC0000000675,307768.1,40175.3,95402.89,252540.51,NPR
2026-01-06,ACC0000000676,185950.19,0.0,65656.07,120294.12,NPR
2026-01-06,ACC0000000677,46563.91,39415.62,45752.78,40226.75,NPR
2026-01-06,ACC0000000678,95334.32,0.0,0.0,95334.32,NPR
2026-01-06,ACC0000000679,295573.19,0.0,61346.51,234226.68,NPR
2026-01-06,ACC0000000680,342773.52,0.0,86551.59,256221.93,NPR
2026-01-06,ACC0000000681,372661.82,16902.5,18557.37,371006.95,NPR
2026-01-06,ACC0000000682,54041.27,41381.4,36774.51,58648.16,NPR
2026-01-06,ACC0000000683,146996.53,9295.6,0.0,156292.13,NPR
2026-01-06,ACC0000000684,188078.97,33109.69,0.0,221188.66,NPR
2026-01-06,ACC0000000685,361357.47,18777.27,10835.38,369299.36,NPR
2026-01-06,ACC0000000686,194142.37,0.0,25863.96,168278.41,NPR
2026-01-06,ACC0000000687,470806.96,7700.41,22738.31,455769.06,NPR
2026-01-06,ACC0000000688,236708.75,40609.8,16477.83,260840.72,NPR
2026-01-06,ACC0000000689,84335.55,0.0,22974.06,61361.49,NPR
2026-01-06,ACC0000000690,285985.08,26969.05,63512.69,249441.44,NPR
2026-01-06,ACC0000000691,491519.95,0.0,43067.85,448452.1,NPR
2026-01-06,ACC0000000692,88342.78,17854.7,29887.29,76310.19,NPR
2026-01-06,ACC0000000693,202044.75,37123.95,97263.76,141904.94,NPR
2026-01-06,ACC0000000694,131016.03,126169.28,22480.42,234704.89,NPR
2026-01-06,ACC0000000695,196470.9,0.0,97488.81,98982.09,NPR
2026-01-06,ACC0000000696,39602.8,109745.39,64920.63,84427.56,NPR
2026-01-06,ACC0000000697,59293.53,0.0,43371.35,15922.18,NPR
2026-01-06,ACC0000000698,416471.3,6818.8,108782.4,314507.7,NPR
2026-01-06,ACC0000000699,384775.39,0.0,0.0,384775.39,NPR
2026-01-06,ACC0000000700,75803.72,0.0,0.0,75803.72,NPR
2026-01-06,ACC0000000701,215643.29,0.0,95506.4,120136.89,NPR
2026-01-06,ACC0000000702,341962.46,0.0,39847.83,302114.63,NPR
2026-01-06,ACC0000000703,483922.99,0.0,32686.83,451236.16,NPR
2026-01-06,ACC0000000704,302477.5,5174.93,14340.65,293311.78,NPR
2026-01-06,ACC0000000705,307952.21,0.0,56007.07,251945.14,NPR
2026-01-06,ACC0000000706,240838.56,0.0,0.0,240838.56,NPR
2026-01-06,ACC0000000707,316625.49,0.0,107140.69,209484.8,NPR
2026-01-06,ACC0000000708,275254.07,0.0,0.0,275254.07,NPR
2026-01-06,ACC0000000709,118130.94,45624.61,5059.12,158696.43,NPR
2026-01-06,ACC0000000710,279409.73,42232.54,51040.46,270601.81,NPR
2026-01-06,ACC0000000711,405635.66,0.0,14369.9,391265.76,NPR
2026-01-06,ACC0000000712,361632.8,29656.84,23341.29,367948.35,NPR
2026-01-06,ACC0000000713,269593.97,0.0,44324.01,225269.96,NPR
2026-01-06,ACC0000000714,155144.28,11303.59,168.6,166279.27,NPR
2026-01-06,ACC0000000715,481262.91,0.0,0.0,481262.91,NPR
2026-01-06,ACC0000000716,211136.93,0.0,92770.21,118366.72,NPR
2026-01-06,ACC0000000717,39162.9,72265.98,0.0,111428.88,NPR
2026-01-06,ACC0000000718,335792.02,3812.25,68170.03,271434.24,NPR
2026-01-06,ACC0000000719,402829.12,0.0,0.0,402829.12,NPR
2026-01-06,ACC0000000720,95131.15,0.0,0.0,95131.15,NPR
2026-01-06,ACC0000000721,384513.12,0.0,28924.71,355588.41,NPR
2026-01-06,ACC0000000722,269258.92,0.0,0.0,269258.92,NPR
2026-01-06,ACC0000000723,467546.98,0.0,97807.41,369739.57,NPR
2026-01-06,ACC0000000724,368362.05,0.0,20889.14,347472.91,NPR
2026-01-06,ACC0000000725,422431.9,16132.79,49444.86,389119.83,NPR
2026-01-06,ACC0000000726,392579.88,0.0,75398.32,317181.56,NPR
2026-01-06,ACC0000000727,152011.24,7880.26,90381.54,69509.96,NPR
2026-01-06,ACC0000000728,83986.7,2983.84,17750.14,69220.4,NPR
2026-01-06,ACC0000000729,376502.68,0.0,9640.63,366862.05,NPR
2026-01-06,ACC0000000730,119945.04,46380.76,107093.34,59232.46,NPR
2026-01-06,ACC0000000731,105663.03,41068.41,4185.57,142545.87,NPR
2026-01-06,ACC0000000732,12479.28,0.0,0.0,12479.28,NPR
2026-01-06,ACC0000000733,250597.89,0.0,60687.6,189910.29,NPR
2026-01-06,ACC0000000734,395972.53,32756.93,0.0,428729.46,NPR
2026-01-06,ACC0000000735,367054.73,0.0,190409.05,176645.68,NPR
2026-01-06,ACC0000000736,5981.18,5770.0,93346.37,-81595.19,NPR
2026-01-06,ACC0000000737,455301.87,55324.13,68279.53,442346.47,NPR
2026-01-06,ACC0000000738,6908.13,0.0,0.0,6908.13,NPR
2026-01-06,ACC0000000739,68203.8,0.0,0.0,68203.8,NPR
2026-01-06,ACC0000000740,102331.3,0.0,29777.41,72553.89,NPR
2026-01-06,ACC0000000741,252235.21,0.0,10521.75,241713.46,NPR
2026-01-06,ACC0000000742,181966.37,0.0,17280.21,164686.16,NPR
2026-01-06,ACC0000000743,112267.29,0.0,83478.35,28788.94,NPR
2026-01-06,ACC0000000744,142774.28,0.0,40478.98,102295.3,NPR
2026-01-06,ACC0000000745,278063.78,24076.65,48919.73,253220.7,NPR
2026-01-06,ACC0000000746,102532.84,0.0,0.0,102532.84,NPR
2026-01-06,ACC0000000747,410274.36,0.0,6957.73,403316.63,NPR
2026-01-06,ACC0000000748,163920.88,16147.51,38431.58,141636.81,NPR
2026-01-06,ACC0000000749,419827.82,0.0,90940.84,328886.98,NPR
2026-01-06,ACC0000000750,443865.18,30342.42,32268.52,441939.08,NPR
2026-01-06,ACC0000000751,143857.94,0.0,9931.55,133926.39,NPR
2026-01-06,ACC0000000752,172050.99,2857.22,31186.87,143721.34,NPR
2026-01-06,ACC0000000753,247222.55,0.0,0.0,247222.55,NPR
2026-01-06,ACC0000000754,418625.38,0.0,5747.05,412878.33,NPR
2026-01-06,ACC0000000755,271064.12,0.0,132467.95,138596.17,NPR
2026-01-06,ACC0000000756,161249.66,25451.67,0.0,186701.33,NPR
2026-01-06,ACC0000000757,395311.8,0.0,10173.15,385138.65,NPR
2026-01-06,ACC0000000758,459011.31,0.0,0.0,459011.31,NPR
2026-01-06,ACC0000000759,266482.73,0.0,112911.48,153571.25,NPR
2026-01-06,ACC0000000760,232156.84,42079.18,25367.97,248868.05,NPR
2026-01-06,ACC0000000761,291388.92,0.0,130625.8,160763.12,NPR
2026-01-06,ACC0000000762,375549.58,0.0,0.0,375549.58,NPR
2026-01-06,ACC0000000763,421565.86,20468.74,41603.11,400431.49,NPR
2026-01-06,ACC0000000764,5981.06,0.0,79358.5,-73377.44,NPR
2026-01-06,ACC0000000765,259370.26,0.0,40921.18,218449.08,NPR
2026-01-06,ACC0000000766,344096.88,0.0,56627.65,287469.23,NPR
2026-01-06,ACC0000000767,223557.01,0.0,94948.55,128608.46,NPR
2026-01-06,ACC0000000768,245648.76,0.0,45649.0,199999.76,NPR
2026-01-06,ACC0000000769,424559.55,0.0,65891.13,358668.42,NPR
2026-01-06,ACC0000000770,133384.57,0.0,0.0,133384.57,NPR
2026-01-06,ACC0000000771,368834.79,0.0,70255.36,298579.43,NPR
2026-01-06,ACC0000000772,365168.64,81111.72,38176.74,408103.62,NPR
2026-01-06,ACC0000000773,478224.59,29943.96,33460.94,474707.61,NPR
2026-01-06,ACC0000000774,379271.44,0.0,64939.55,314331.89,NPR
2026-01-06,ACC0000000775,314050.99,0.0,23913.5,290137.49,NPR
2026-01-06,ACC0000000776,26049.9,17598.29,121167.75,-77519.56,NPR
2026-01-06,ACC0000000777,467765.28,0.0,26570.33,441194.95,NPR
2026-01-06,ACC0000000778,69577.21,1899.89,89110.03,-17632.93,NPR
2026-01-06,ACC0000000779,46071.13,0.0,0.0,46071.13,NPR
2026-01-06,ACC0000000780,473695.92,0.0,0.0,473695.92,NPR
2026-01-06,ACC0000000781,300869.76,0.0,15141.65,285728.11,NPR
2026-01-06,ACC0000000782,127809.53,0.0,0.0,127809.53,NPR
2026-01-06,ACC0000000783,365121.64,47195.08,42861.98,369454.74,NPR
2026-01-06,ACC0000000784,351388.2,0.0,21862.09,329526.11,NPR
2026-01-06,ACC0000000785,128458.81,21257.44,62264.7,87451.55,NPR
2026-01-06,ACC0000000786,256165.09,0.0,14677.12,241487.97,NPR
2026-01-06,ACC0000000787,150847.14,0.0,6654.59,144192.55,NPR
2026-01-06,ACC0000000788,206535.95,31760.06,0.0,238296.01,NPR
2026-01-06,ACC0000000789,19683.27,0.0,96868.36,-77185.09,NPR
2026-01-06,ACC0000000790,451847.62,0.0,38717.18,413130.44,NPR
2026-01-06,ACC0000000791,367822.74,0.0,95756.43,272066.31,NPR
2026-01-06,ACC0000000792,157401.49,12604.53,77478.02,92528.0,NPR
2026-01-06,ACC0000000793,95936.2,0.0,42507.93,53428.27,NPR
2026-01-06,ACC0000000794,393434.85,0.0,29539.26,363895.59,NPR
2026-01-06,ACC0000000795,230641.17,0.0,91452.41,139188.76,NPR
2026-01-06,ACC0000000796,415803.93,0.0,0.0,415803.93,NPR
2026-01-06,ACC0000000797,130955.07,0.0,100977.09,29977.98,NPR
2026-01-06,ACC0000000798,64071.56,29879.42,43672.93,50278.05,NPR
2026-01-06,ACC0000000799,215443.09,84623.17,40089.45,259976.81,NPR
2026-01-06,ACC0000000800,320231.24,0.0,82751.11,237480.13,NPR
2026-01-06,ACC0000000801,312591.85,0.0,0.0,312591.85,NPR
2026-01-06,ACC0000000802,22703.51,0.0,73027.54,-50324.03,NPR
2026-01-06,ACC0000000803,231521.99,0.0,31324.62,200197.37,NPR
2026-01-06,ACC0000000804,101700.01,0.0,98374.52,3325.49,NPR
2026-01-06,ACC0000000805,289826.53,39152.45,0.0,328978.98,NPR
2026-01-06,ACC0000000806,30964.95,0.0,22048.93,8916.02,NPR
2026-01-06,ACC0000000807,375894.45,29083.23,14954.03,390023.65,NPR
2026-01-06,ACC0000000808,348164.17,0.0,87197.27,260966.9,NPR
2026-01-06,ACC0000000809,429444.83,0.0,43823.92,385620.91,NPR
2026-01-06,ACC0000000810,79734.74,0.0,37304.62,42430.12,NPR
2026-01-06,ACC0000000811,275037.55,0.0,67327.96,207709.59,NPR
2026-01-06,ACC0000000812,383018.98,0.0,0.0,383018.98,NPR
2026-01-06,ACC0000000813,350179.76,0.0,8887.58,341292.18,NPR
2026-01-06,ACC0000000814,371706.2,35871.16,0.0,407577.36,NPR
2026-01-06,ACC0000000815,87100.93,0.0,36338.05,50762.88,NPR
2026-01-06,ACC0000000816,314416.18,63540.01,44037.99,333918.2,NPR
2026-01-06,ACC0000000817,318817.74,24809.11,17016.87,326609.98,NPR
2026-01-06,ACC0000000818,277886.97,0.0,0.0,277886.97,NPR
2026-01-06,ACC0000000819,25767.4,0.0,40210.45,-14443.05,NPR
2026-01-06,ACC0000000820,331634.32,6192.77,84158.53,253668.56,NPR
2026-01-06,ACC0000000821,464867.34,84423.3,0.0,549290.64,NPR
2026-01-06,ACC0000000822,306608.37,0.0,70133.99,236474.38,NPR
2026-01-06,ACC0000000823,132373.06,0.0,21807.99,110565.07,NPR
2026-01-06,ACC0000000824,249163.98,34778.57,45063.55,238879.0,NPR
2026-01-06,ACC0000000825,17909.28,0.0,0.0,17909.28,NPR
2026-01-06,ACC0000000826,181917.61,32093.82,67646.12,146365.31,NPR
2026-01-06,ACC0000000827,83006.39,251.47,49646.0,33611.86,NPR
2026-01-06,ACC0000000828,330940.58,0.0,57839.34,273101.24,NPR
2026-01-06,ACC0000000829,42192.79,0.0,96876.68,-54683.89,NPR
2026-01-06,ACC0000000830,450615.98,0.0,0.0,450615.98,NPR
2026-01-06,ACC0000000831,315911.49,0.0,68067.79,247843.7,NPR
2026-01-06,ACC0000000832,329058.3,31701.26,50784.77,309974.79,NPR
2026-01-06,ACC0000000833,448456.56,0.0,69929.67,378526.89,NPR
2026-01-06,ACC0000000834,234827.56,35874.03,134182.61,136518.98,NPR
2026-01-06,ACC0000000835,498170.21,0.0,0.0,498170.21,NPR
2026-01-06,ACC0000000836,178592.61,0.0,0.0,178592.61,NPR
2026-01-06,ACC0000000837,277650.67,36181.81,19042.74,294789.74,NPR
2026-01-06,ACC0000000838,337777.64,0.0,0.0,337777.64,NPR
2026-01-06,ACC0000000839,71623.06,0.0,16756.37,54866.69,NPR
2026-01-06,ACC0000000840,492358.91,0.0,5961.61,486397.3,NPR
2026-01-06,ACC0000000841,418351.19,75415.59,25778.71,467988.07,NPR
2026-01-06,ACC0000000842,322630.8,0.0,79206.81,243423.99,NPR
2026-01-06,ACC0000000843,331947.66,33533.14,95900.28,269580.52,NPR
2026-01-06,ACC0000000844,254987.58,0.0,0.0,254987.58,NPR
2026-01-06,ACC0000000845,29482.21,0.0,0.0,29482.21,NPR
2026-01-06,ACC0000000846,200396.79,0.0,61365.13,139031.66,NPR
2026-01-06,ACC0000000847,101160.78,0.0,125917.18,-24756.4,NPR
2026-01-06,ACC0000000848,155913.72,31050.78,46421.94,140542.56,NPR
2026-01-06,ACC0000000849,462457.06,0.0,77838.2,384618.86,NPR
2026-01-06,ACC0000000850,234040.94,0.0,20120.16,213920.78,NPR
2026-01-06,ACC0000000851,202501.97,0.0,22284.13,180217.84,NPR
2026-01-06,ACC0000000852,279412.24,0.0,81630.83,197781.41,NPR
2026-01-06,ACC0000000853,432410.98,0.0,123478.76,308932.22,NPR
2026-01-06,ACC0000000854,257549.06,0.0,37090.93,220458.13,NPR
2026-01-06,ACC0000000855,192691.73,0.0,96351.89,96339.84,NPR
2026-01-06,ACC0000000856,466021.94,25667.17,28973.69,462715.42,NPR
2026-01-06,ACC0000000857,91081.27,0.0,66605.95,24475.32,NPR
2026-01-06,ACC0000000858,40621.05,0.0,33810.02,6811.03,NPR
2026-01-06,ACC0000000859,125264.35,10638.57,52370.55,83532.37,NPR
2026-01-06,ACC0000000860,21766.69,0.0,47643.29,-25876.6,NPR
2026-01-06,ACC0000000861,424435.84,15728.96,47214.78,392950.02,NPR
2026-01-06,ACC0000000862,94969.41,0.0,11158.68,83810.73,NPR
2026-01-06,ACC0000000863,208089.16,0.0,0.0,208089.16,NPR
2026-01-06,ACC0000000864,245866.3,0.0,73357.95,172508.35,NPR
2026-01-06,ACC0000000865,369210.68,0.0,94773.88,274436.8,NPR
2026-01-06,ACC0000000866,108405.78,0.0,31279.62,77126.16,NPR
2026-01-06,ACC0000000867,433594.72,0.0,0.0,433594.72,NPR
2026-01-06,ACC0000000868,379786.48,0.0,0.0,379786.48,NPR
2026-01-06,ACC0000000869,234371.64,37842.81,59675.91,212538.54,NPR
2026-01-06,ACC0000000870,190545.66,0.0,0.0,190545.66,NPR
2026-01-06,ACC0000000871,161409.75,0.0,0.0,161409.75,NPR
2026-01-06,ACC0000000872,443172.31,29795.73,6064.29,466903.75,NPR
2026-01-06,ACC0000000873,283779.77,0.0,0.0,283779.77,NPR
2026-01-06,ACC0000000874,317822.88,0.0,0.0,317822.88,NPR
2026-01-06,ACC0000000875,178319.48,0.0,0.0,178319.48,NPR
2026-01-06,ACC0000000876,405804.42,0.0,0.0,405804.42,NPR
2026-01-06,ACC0000000877,424327.0,0.0,70240.65,354086.35,NPR
2026-01-06,ACC0000000878,65855.58,0.0,100395.69,-34540.11,NPR
2026-01-06,ACC0000000879,42552.81,0.0,49310.9,-6758.09,NPR
2026-01-06,ACC0000000880,104097.68,37914.1,18080.99,123930.79,NPR
2026-01-06,ACC0000000881,325990.13,0.0,0.0,325990.13,NPR
2026-01-06,ACC0000000882,212145.43,76697.41,45906.11,242936.73,NPR
2026-01-06,ACC0000000883,362877.23,79022.23,136211.08,305688.38,NPR
2026-01-06,ACC0000000884,11975.67,38125.71,0.0,50101.38,NPR
2026-01-06,ACC0000000885,96841.31,0.0,0.0,96841.31,NPR
2026-01-06,ACC0000000886,138333.34,0.0,0.0,138333.34,NPR
2026-01-06,ACC0000000887,178540.64,35239.46,94063.57,119716.53,NPR
2026-01-06,ACC0000000888,270239.46,0.0,0.0,270239.46,NPR
2026-01-06,ACC0000000889,115326.17,46212.61,71926.56,89612.22,NPR
2026-01-06,ACC0000000890,389638.6,0.0,0.0,389638.6,NPR
2026-01-06,ACC0000000891,177288.81,6639.96,49096.31,134832.46,NPR
2026-01-06,ACC0000000892,316394.46,27638.27,149076.79,194955.94,NPR
2026-01-06,ACC0000000893,487720.29,0.0,0.0,487720.29,NPR
2026-01-06,ACC0000000894,218612.31,0.0,71174.5,147437.81,NPR
2026-01-06,ACC0000000895,28127.33,0.0,62389.16,-34261.83,NPR
2026-01-06,ACC0000000896,140167.01,0.0,92281.79,47885.22,NPR
2026-01-06,ACC0000000897,433326.25,0.0,0.0,433326.25,NPR
2026-01-06,ACC0000000898,370532.13,73022.07,24544.6,419009.6,NPR
2026-01-06,ACC0000000899,335797.65,21207.83,44918.24,312087.24,NPR
2026-01-06,ACC0000000900,356980.65,0.0,113807.21,243173.44,NPR
2026-01-06,ACC0000000901,366759.03,51858.18,0.0,418617.21,NPR
2026-01-06,ACC0000000902,141799.97,0.0,39313.53,102486.44,NPR
2026-01-06,ACC0000000903,126981.29,0.0,49167.2,77814.09,NPR
2026-01-06,ACC0000000904,374005.38,20360.69,32810.9,361555.17,NPR
2026-01-06,ACC0000000905,392385.61,0.0,119637.16,272748.45,NPR
2026-01-06,ACC0000000906,365432.78,65690.37,118964.67,312158.48,NPR
2026-01-06,ACC0000000907,402879.94,0.0,48516.24,354363.7,NPR
2026-01-06,ACC0000000908,173739.3,0.0,136653.65,37085.65,NPR
2026-01-06,ACC0000000909,170092.4,0.0,135124.6,34967.8,NPR
2026-01-06,ACC0000000910,290674.61,45043.93,5431.0,330287.54,NPR
2026-01-06,ACC0000000911,433566.68,108278.36,49714.3,492130.74,NPR
2026-01-06,ACC0000000912,443295.01,0.0,0.0,443295.01,NPR
2026-01-06,ACC0000000913,253266.26,68354.39,5367.25,316253.4,NPR
2026-01-06,ACC0000000914,6992.57,0.0,17799.86,-10807.29,NPR
2026-01-06,ACC0000000915,216652.77,0.0,37294.29,179358.48,NPR
2026-01-06,ACC0000000916,194438.07,43972.15,0.0,238410.22,NPR
2026-01-06,ACC0000000917,55146.45,23044.48,51729.12,26461.81,NPR
2026-01-06,ACC0000000918,435311.74,45462.96,0.0,480774.7,NPR
2026-01-06,ACC0000000919,420744.33,60182.97,105889.29,375038.01,NPR
2026-01-06,ACC0000000920,468717.41,0.0,105580.75,363136.66,NPR
2026-01-06,ACC0000000921,495597.96,0.0,11171.47,484426.49,NPR
2026-01-06,ACC0000000922,248909.92,0.0,32965.07,215944.85,NPR
2026-01-06,ACC0000000923,268181.87,31555.72,24288.0,275449.59,NPR
2026-01-06,ACC0000000924,428680.74,0.0,94746.41,333934.33,NPR
2026-01-06,ACC0000000925,400836.27,0.0,0.0,400836.27,NPR
2026-01-06,ACC0000000926,164732.57,50970.14,95188.22,120514.49,NPR
2026-01-06,ACC0000000927,239891.64,40685.78,22609.24,257968.18,NPR
2026-01-06,ACC0000000928,227833.65,100330.4,36930.57,291233.48,NPR
2026-01-06,ACC0000000929,414906.42,0.0,0.0,414906.42,NPR
2026-01-06,ACC0000000930,487314.24,0.0,0.0,487314.24,NPR
2026-01-06,ACC0000000931,406511.34,0.0,0.0,406511.34,NPR
2026-01-06,ACC0000000932,287583.28,0.0,118171.85,169411.43,NPR
2026-01-06,ACC0000000933,423745.19,0.0,0.0,423745.19,NPR
2026-01-06,ACC0000000934,337251.39,0.0,3806.13,333445.26,NPR
2026-01-06,ACC0000000935,177207.13,24490.99,75785.68,125912.44,NPR
2026-01-06,ACC0000000936,235579.37,0.0,97142.22,138437.15,NPR
2026-01-06,ACC0000000937,437152.11,3789.99,1177.17,439764.93,NPR
2026-01-06,ACC0000000938,477651.2,71158.32,0.0,548809.52,NPR
2026-01-06,ACC0000000939,321711.31,35593.16,114551.84,242752.63,NPR
2026-01-06,ACC0000000940,66418.25,30700.32,18878.03,78240.54,NPR
2026-01-06,ACC0000000941,9104.96,0.0,0.0,9104.96,NPR
2026-01-06,ACC0000000942,475308.78,28631.19,55498.22,448441.75,NPR
2026-01-06,ACC0000000943,276164.38,0.0,51060.15,225104.23,NPR
2026-01-06,ACC0000000944,177901.23,0.0,111492.34,66408.89,NPR
2026-01-06,ACC0000000945,161683.79,0.0,0.0,161683.79,NPR
2026-01-06,ACC0000000946,387076.28,45520.85,34057.38,398539.75,NPR
2026-01-06,ACC0000000947,208703.34,0.0,83327.79,125375.55,NPR
2026-01-06,ACC0000000948,363123.61,0.0,173399.01,189724.6,NPR
2026-01-06,ACC0000000949,246142.39,0.0,40151.13,205991.26,NPR
2026-01-06,ACC0000000950,442624.14,0.0,89231.3,353392.84,NPR
2026-01-06,ACC0000000951,128730.13,0.0,50569.69,78160.44,NPR
2026-01-06,ACC0000000952,167111.06,0.0,65390.27,101720.79,NPR
2026-01-06,ACC0000000953,248515.12,29747.88,24201.04,254061.96,NPR
2026-01-06,ACC0000000954,422949.12,9883.98,84331.43,348501.67,NPR
2026-01-06,ACC0000000955,117962.7,0.0,50691.47,67271.23,NPR
2026-01-06,ACC0000000956,383535.22,48265.11,27581.42,404218.91,NPR
2026-01-06,ACC0000000957,134053.17,51375.82,57443.76,127985.23,NPR
2026-01-06,ACC0000000958,148043.59,0.0,80165.87,67877.72,NPR
2026-01-06,ACC0000000959,331461.62,25468.6,86930.2,270000.02,NPR
2026-01-06,ACC0000000960,347657.25,20322.1,0.0,367979.35,NPR
2026-01-06,ACC0000000961,326249.75,0.0,38911.76,287337.99,NPR
2026-01-06,ACC0000000962,429603.25,0.0,50259.45,379343.8,NPR
2026-01-06,ACC0000000963,186710.97,64277.6,46433.26,204555.31,NPR
2026-01-06,ACC0000000964,77194.0,0.0,0.0,77194.0,NPR
2026-01-06,ACC0000000965,479659.43,0.0,59686.02,419973.41,NPR
2026-01-06,ACC0000000966,338001.79,0.0,9374.02,328627.77,NPR
2026-01-06,ACC0000000967,413838.42,21925.24,68253.38,367510.28,NPR
2026-01-06,ACC0000000968,231210.63,13384.13,85627.07,158967.69,NPR
2026-01-06,ACC0000000969,211004.38,0.0,0.0,211004.38,NPR
2026-01-06,ACC0000000970,283843.52,0.0,58310.83,225532.69,NPR
2026-01-06,ACC0000000971,344999.85,0.0,26870.54,318129.31,NPR
2026-01-06,ACC0000000972,312336.32,0.0,24400.43,287935.89,NPR
2026-01-06,ACC0000000973,304473.83,0.0,149197.73,155276.1,NPR
2026-01-06,ACC0000000974,256904.85,21148.54,12329.06,265724.33,NPR
2026-01-06,ACC0000000975,412872.94,129789.69,0.0,542662.63,NPR
2026-01-06,ACC0000000976,136362.27,0.0,0.0,136362.27,NPR
2026-01-06,ACC0000000977,300488.97,0.0,12722.44,287766.53,NPR
2026-01-06,ACC0000000978,181378.01,58547.67,80365.07,159560.61,NPR
2026-01-06,ACC0000000979,425068.78,0.0,36359.44,388709.34,NPR
2026-01-06,ACC0000000980,256830.83,0.0,17649.9,239180.93,NPR
2026-01-06,ACC0000000981,362536.86,0.0,78230.02,284306.84,NPR
2026-01-06,ACC0000000982,18471.45,35012.4,39542.42,13941.43,NPR
2026-01-06,ACC0000000983,367930.55,37088.69,24821.88,380197.36,NPR
2026-01-06,ACC0000000984,268431.38,0.0,0.0,268431.38,NPR
2026-01-06,ACC0000000985,369553.07,0.0,133470.15,236082.92,NPR
2026-01-06,ACC0000000986,478500.53,0.0,138496.29,340004.24,NPR
2026-01-06,ACC0000000987,365041.74,37706.31,103357.05,299391.0,NPR
2026-01-06,ACC0000000988,468931.13,0.0,69636.15,399294.98,NPR
2026-01-06,ACC0000000989,228206.57,0.0,20742.18,207464.39,NPR
2026-01-06,ACC0000000990,429784.51,38845.97,35008.72,433621.76,NPR
2026-01-06,ACC0000000991,255347.0,0.0,30787.7,224559.3,NPR
2026-01-06,ACC0000000992,92088.19,0.0,0.0,92088.19,NPR
2026-01-06,ACC0000000993,372221.88,0.0,94900.4,277321.48,NPR
2026-01-06,ACC0000000994,207802.67,248.0,76891.28,131159.39,NPR
2026-01-06,ACC0000000995,356166.33,0.0,0.0,356166.33,NPR
2026-01-06,ACC0000000996,285332.96,0.0,0.0,285332.96,NPR
2026-01-06,ACC0000000997,2249.05,0.0,56532.55,-54283.5,NPR
2026-01-06,ACC0000000998,356759.89,2814.36,3458.13,356116.12,NPR
2026-01-06,ACC0000000999,56009.31,0.0,49801.71,6207.6,NPR
2026-01-06,ACC0000001000,189088.97,0.0,0.0,189088.97,NPR
2026-01-06,ACC0000001001,217705.88,32468.22,28862.47,221311.63,NPR
2026-01-06,ACC0000001002,309967.42,0.0,26785.51,283181.91,NPR
2026-01-06,ACC0000001003,404925.76,0.0,0.0,404925.76,NPR
2026-01-06,ACC0000001004,266058.76,45709.21,0.0,311767.97,NPR
2026-01-06,ACC0000001005,136228.97,30741.32,93519.1,73451.19,NPR
2026-01-06,ACC0000001006,460076.29,0.0,95865.95,364210.34,NPR
2026-01-06,ACC0000001007,443388.06,0.0,14663.21,428724.85,NPR
2026-01-06,ACC0000001008,189005.09,11815.14,57249.23,143571.0,NPR
2026-01-06,ACC0000001009,372385.33,0.0,0.0,372385.33,NPR
2026-01-06,ACC0000001010,410066.04,24430.97,37301.38,397195.63,NPR
2026-01-06,ACC0000001011,453956.06,0.0,0.0,453956.06,NPR
2026-01-06,ACC0000001012,55391.64,0.0,27250.3,28141.34,NPR
2026-01-06,ACC0000001013,408882.37,0.0,39292.47,369589.9,NPR
2026-01-06,ACC0000001014,296059.06,0.0,0.0,296059.06,NPR
2026-01-06,ACC0000001015,7334.25,0.0,0.0,7334.25,NPR
2026-01-06,ACC0000001016,382629.4,27876.83,35663.97,374842.26,NPR
2026-01-06,ACC0000001017,392307.86,0.0,42294.54,350013.32,NPR
2026-01-06,ACC0000001018,377027.05,62805.29,23325.53,416506.81,NPR
2026-01-06,ACC0000001019,74074.85,0.0,0.0,74074.85,NPR
2026-01-06,ACC0000001020,463995.03,0.0,73414.88,390580.15,NPR
2026-01-06,ACC0000001021,318233.53,33166.94,40707.44,310693.03,NPR
2026-01-06,ACC0000001022,461738.75,0.0,68579.72,393159.03,NPR
2026-01-06,ACC0000001023,381876.75,0.0,4681.01,377195.74,NPR
2026-01-06,ACC0000001024,113333.19,0.0,41225.66,72107.53,NPR
2026-01-06,ACC0000001025,46978.62,0.0,47438.56,-459.94,NPR
2026-01-06,ACC0000001026,268132.36,0.0,19056.16,249076.2,NPR
2026-01-06,ACC0000001027,216727.32,0.0,0.0,216727.32,NPR
2026-01-06,ACC0000001028,34820.41,117212.24,80966.09,71066.56,NPR
2026-01-06,ACC0000001029,471064.24,0.0,77022.82,394041.42,NPR
2026-01-06,ACC0000001030,345275.64,0.0,49215.39,296060.25,NPR
2026-01-06,ACC0000001031,31741.68,58826.38,29138.27,61429.79,NPR
2026-01-06,ACC0000001032,112060.42,39005.86,117098.74,33967.54,NPR
2026-01-06,ACC0000001033,35387.61,0.0,34182.68,1204.93,NPR
2026-01-06,ACC0000001034,83496.53,0.0,0.0,83496.53,NPR
2026-01-06,ACC0000001035,323614.61,0.0,0.0,323614.61,NPR
2026-01-06,ACC0000001036,172356.5,0.0,84549.05,87807.45,NPR
2026-01-06,ACC0000001037,126557.2,0.0,1989.04,124568.16,NPR
2026-01-06,ACC0000001038,255480.31,0.0,1100.24,254380.07,NPR
2026-01-06,ACC0000001039,200853.78,0.0,39135.78,161718.0,NPR
2026-01-06,ACC0000001040,73804.11,42403.81,8301.86,107906.06,NPR
2026-01-06,ACC0000001041,277646.02,0.0,7679.21,269966.81,NPR
2026-01-06,ACC0000001042,457127.09,0.0,86036.23,371090.86,NPR
2026-01-06,ACC0000001043,166847.82,0.0,28555.2,138292.62,NPR
2026-01-06,ACC0000001044,49806.68,32176.3,0.0,81982.98,NPR
2026-01-06,ACC0000001045,494127.9,0.0,48595.37,445532.53,NPR
2026-01-06,ACC0000001046,150713.56,47582.97,31061.48,167235.05,NPR
2026-01-06,ACC0000001047,121484.06,26589.74,97151.23,50922.57,NPR
2026-01-06,ACC0000001048,391738.58,0.0,126529.74,265208.84,NPR
2026-01-06,ACC0000001049,210271.14,72626.78,47255.08,235642.84,NPR
2026-01-06,ACC0000001050,322882.61,0.0,22607.58,300275.03,NPR
2026-01-06,ACC0000001051,460921.86,44409.66,35603.0,469728.52,NPR
2026-01-06,ACC0000001052,460936.9,1743.36,36583.04,426097.22,NPR
2026-01-06,ACC0000001053,243859.45,5564.36,80963.17,168460.64,NPR
2026-01-06,ACC0000001054,465135.22,0.0,9965.1,455170.12,NPR
2026-01-06,ACC0000001055,132133.14,59377.95,36858.2,154652.89,NPR
2026-01-06,ACC0000001056,163391.41,10470.67,81603.01,92259.07,NPR
2026-01-06,ACC0000001057,10183.57,0.0,137329.88,-127146.31,NPR
2026-01-06,ACC0000001058,37157.12,0.0,82669.31,-45512.19,NPR
2026-01-06,ACC0000001059,366011.08,0.0,68423.92,297587.16,NPR
2026-01-06,ACC0000001060,459384.58,3827.6,28153.87,435058.31,NPR
2026-01-06,ACC0000001061,421903.91,0.0,39135.39,382768.52,NPR
2026-01-06,ACC0000001062,54497.02,0.0,0.0,54497.02,NPR
2026-01-06,ACC0000001063,62521.96,0.0,66673.83,-4151.87,NPR
2026-01-06,ACC0000001064,483960.17,5140.85,84543.44,404557.58,NPR
2026-01-06,ACC0000001065,406281.41,0.0,37949.93,368331.48,NPR
2026-01-06,ACC0000001066,454009.48,0.0,0.0,454009.48,NPR
2026-01-06,ACC0000001067,365120.47,0.0,0.0,365120.47,NPR
2026-01-06,ACC0000001068,45962.9,0.0,43504.01,2458.89,NPR
2026-01-06,ACC0000001069,453932.82,9511.6,70797.55,392646.87,NPR
2026-01-06,ACC0000001070,366262.81,0.0,6480.14,359782.67,NPR
2026-01-06,ACC0000001071,100175.75,0.0,0.0,100175.75,NPR
2026-01-06,ACC0000001072,337693.05,0.0,64986.41,272706.64,NPR
2026-01-06,ACC0000001073,399558.18,0.0,0.0,399558.18,NPR
2026-01-06,ACC0000001074,406404.5,0.0,33500.63,372903.87,NPR
2026-01-06,ACC0000001075,489141.57,0.0,0.0,489141.57,NPR
2026-01-06,ACC0000001076,28646.09,0.0,0.0,28646.09,NPR
2026-01-06,ACC0000001077,55167.03,0.0,87859.92,-32692.89,NPR
2026-01-06,ACC0000001078,249981.49,0.0,0.0,249981.49,NPR
2026-01-06,ACC0000001079,193709.29,12232.64,56530.18,149411.75,NPR
2026-01-06,ACC0000001080,496848.87,0.0,64992.75,431856.12,NPR
2026-01-06,ACC0000001081,49111.83,0.0,62801.32,-13689.49,NPR
2026-01-06,ACC0000001082,398172.93,0.0,91907.74,306265.19,NPR
2026-01-06,ACC0000001083,428838.12,20520.74,3683.29,445675.57,NPR
2026-01-06,ACC0000001084,481831.01,46996.03,61028.25,467798.79,NPR
2026-01-06,ACC0000001085,72381.5,11270.45,79380.22,4271.73,NPR
2026-01-06,ACC0000001086,400035.69,0.0,68760.17,331275.52,NPR
2026-01-06,ACC0000001087,369117.33,41742.86,158075.71,252784.48,NPR
2026-01-06,ACC0000001088,281255.05,0.0,93236.17,188018.88,NPR
2026-01-06,ACC0000001089,300979.95,0.0,13107.22,287872.73,NPR
2026-01-06,ACC0000001090,220515.75,46786.58,93008.25,174294.08,NPR
2026-01-06,ACC0000001091,77606.0,0.0,0.0,77606.0,NPR
2026-01-06,ACC0000001092,27426.56,0.0,111767.65,-84341.09,NPR
2026-01-06,ACC0000001093,221738.14,0.0,73064.96,148673.18,NPR
2026-01-06,ACC0000001094,174830.64,26882.14,4475.23,197237.55,NPR
2026-01-06,ACC0000001095,286441.02,1980.05,67223.71,221197.36,NPR
2026-01-06,ACC0000001096,439617.77,0.0,0.0,439617.77,NPR
2026-01-06,ACC0000001097,423809.92,11880.96,0.0,435690.88,NPR
2026-01-06,ACC0000001098,431267.03,0.0,141963.89,289303.14,NPR
2026-01-06,ACC0000001099,211552.89,0.0,43793.32,167759.57,NPR
2026-01-06,ACC0000001100,463571.67,0.0,122502.78,341068.89,NPR
2026-01-06,ACC0000001101,188232.68,10634.03,110071.72,88794.99,NPR
2026-01-06,ACC0000001102,443953.9,0.0,0.0,443953.9,NPR
2026-01-06,ACC0000001103,330847.54,0.0,103112.27,227735.27,NPR
2026-01-06,ACC0000001104,89433.28,0.0,60651.65,28781.63,NPR
2026-01-06,ACC0000001105,55713.65,50362.04,4679.99,101395.7,NPR
2026-01-06,ACC0000001106,352434.87,0.0,0.0,352434.87,NPR
2026-01-06,ACC0000001107,59643.5,0.0,121419.87,-61776.37,NPR
2026-01-06,ACC0000001108,493982.29,49818.11,39684.64,504115.76,NPR
2026-01-06,ACC0000001109,65446.37,0.0,26941.58,38504.79,NPR
2026-01-06,ACC0000001110,130322.56,0.0,66098.25,64224.31,NPR
2026-01-06,ACC0000001111,387898.96,0.0,44432.2,343466.76,NPR
2026-01-06,ACC0000001112,468051.43,37318.77,55526.59,449843.61,NPR
2026-01-06,ACC0000001113,190973.02,0.0,0.0,190973.02,NPR
2026-01-06,ACC0000001114,350706.18,35542.6,38884.28,347364.5,NPR
2026-01-06,ACC0000001115,342032.63,14097.11,41991.67,314138.07,NPR
2026-01-06,ACC0000001116,198264.24,0.0,23625.88,174638.36,NPR
2026-01-06,ACC0000001117,253681.79,28949.51,59864.49,222766.81,NPR
2026-01-06,ACC0000001118,9601.66,0.0,107296.43,-97694.77,NPR
2026-01-06,ACC0000001119,434445.23,0.0,45559.47,388885.76,NPR
2026-01-06,ACC0000001120,463629.95,0.0,49996.4,413633.55,NPR
2026-01-06,ACC0000001121,301126.74,12583.54,98860.11,214850.17,NPR
2026-01-06,ACC0000001122,446428.08,22474.35,34234.12,434668.31,NPR
2026-01-06,ACC0000001123,155526.11,41178.03,118893.95,77810.19,NPR
2026-01-06,ACC0000001124,488089.27,0.0,0.0,488089.27,NPR
2026-01-06,ACC0000001125,405454.4,13261.31,67835.53,350880.18,NPR
2026-01-06,ACC0000001126,278834.68,29237.39,79198.95,228873.12,NPR
2026-01-06,ACC0000001127,114605.86,0.0,88756.49,25849.37,NPR
2026-01-06,ACC0000001128,203979.03,0.0,31265.35,172713.68,NPR
2026-01-06,ACC0000001129,380705.12,14357.06,0.0,395062.18,NPR
2026-01-06,ACC0000001130,21712.82,16004.68,55421.64,-17704.14,NPR
2026-01-06,ACC0000001131,236951.54,0.0,20687.35,216264.19,NPR
2026-01-06,ACC0000001132,212355.05,0.0,100118.79,112236.26,NPR
2026-01-06,ACC0000001133,253502.5,38901.23,27048.22,265355.51,NPR
2026-01-06,ACC0000001134,88194.54,36828.98,84456.55,40566.97,NPR
2026-01-06,ACC0000001135,180083.48,986.92,47991.36,133079.04,NPR
2026-01-06,ACC0000001136,437555.48,0.0,90760.03,346795.45,NPR
2026-01-06,ACC0000001137,305290.12,0.0,0.0,305290.12,NPR
2026-01-06,ACC0000001138,160743.16,0.0,175339.76,-14596.6,NPR
2026-01-06,ACC0000001139,311863.75,0.0,42063.09,269800.66,NPR
2026-01-06,ACC0000001140,498677.57,55769.73,122197.97,432249.33,NPR
2026-01-06,ACC0000001141,301123.07,2410.74,7467.78,296066.03,NPR
2026-01-06,ACC0000001142,184376.52,0.0,92645.63,91730.89,NPR
2026-01-06,ACC0000001143,37785.43,0.0,44825.08,-7039.65,NPR
2026-01-06,ACC0000001144,402210.99,0.0,72915.62,329295.37,NPR
2026-01-06,ACC0000001145,62934.75,0.0,39990.5,22944.25,NPR
2026-01-06,ACC0000001146,405338.49,0.0,59576.07,345762.42,NPR
2026-01-06,ACC0000001147,55658.8,63800.31,136017.51,-16558.4,NPR
2026-01-06,ACC0000001148,331797.02,80016.2,43201.64,368611.58,NPR
2026-01-06,ACC0000001149,67765.06,0.0,111138.91,-43373.85,NPR
2026-01-06,ACC0000001150,300065.89,0.0,12247.24,287818.65,NPR
2026-01-06,ACC0000001151,399342.54,0.0,0.0,399342.54,NPR
2026-01-06,ACC0000001152,4390.51,0.0,0.0,4390.51,NPR
2026-01-06,ACC0000001153,7659.24,13640.38,0.0,21299.62,NPR
2026-01-06,ACC0000001154,418203.67,0.0,0.0,418203.67,NPR
2026-01-06,ACC0000001155,202086.83,0.0,13674.56,188412.27,NPR
2026-01-06,ACC0000001156,452640.4,0.0,30215.9,422424.5,NPR
2026-01-06,ACC0000001157,374240.39,0.0,0.0,374240.39,NPR
2026-01-06,ACC0000001158,401255.4,35371.93,0.0,436627.33,NPR
2026-01-06,ACC0000001159,195193.28,0.0,0.0,195193.28,NPR
2026-01-06,ACC0000001160,43976.93,0.0,131918.36,-87941.43,NPR
2026-01-06,ACC0000001161,183385.48,16786.89,32197.69,167974.68,NPR
2026-01-06,ACC0000001162,336582.37,0.0,0.0,336582.37,NPR
2026-01-06,ACC0000001163,133500.04,0.0,0.0,133500.04,NPR
2026-01-06,ACC0000001164,423025.98,0.0,30995.89,392030.09,NPR
2026-01-06,ACC0000001165,490272.45,0.0,9996.95,480275.5,NPR
2026-01-06,ACC0000001166,11500.82,0.0,28954.77,-17453.95,NPR
2026-01-06,ACC0000001167,43886.99,2926.57,28663.01,18150.55,NPR
2026-01-06,ACC0000001168,171528.86,17355.31,109549.45,79334.72,NPR
2026-01-06,ACC0000001169,488575.12,32958.93,22909.54,498624.51,NPR
2026-01-06,ACC0000001170,334178.42,0.0,37574.08,296604.34,NPR
2026-01-06,ACC0000001171,287855.05,0.0,0.0,287855.05,NPR
2026-01-06,ACC0000001172,459812.77,25135.32,47055.59,437892.5,NPR
2026-01-06,ACC0000001173,298125.05,0.0,52204.23,245920.82,NPR
2026-01-06,ACC0000001174,85868.36,0.0,29511.53,56356.83,NPR
2026-01-06,ACC0000001175,180756.38,6841.12,42059.75,145537.75,NPR
2026-01-06,ACC0000001176,357665.94,41632.39,96089.99,303208.34,NPR
2026-01-06,ACC0000001177,9246.5,0.0,75141.68,-65895.18,NPR
2026-01-06,ACC0000001178,213030.9,0.0,33840.02,179190.88,NPR
2026-01-06,ACC0000001179,339894.34,0.0,58447.65,281446.69,NPR
2026-01-06,ACC0000001180,195882.14,0.0,38394.04,157488.1,NPR
2026-01-06,ACC0000001181,339766.03,0.0,60989.34,278776.69,NPR
2026-01-06,ACC0000001182,403268.5,78725.94,104817.7,377176.74,NPR
2026-01-06,ACC0000001183,130174.12,27999.97,49121.52,109052.57,NPR
2026-01-06,ACC0000001184,202788.68,0.0,36124.13,166664.55,NPR
2026-01-06,ACC0000001185,54728.95,30590.63,85728.82,-409.24,NPR
2026-01-06,ACC0000001186,263554.77,0.0,76681.37,186873.4,NPR
2026-01-06,ACC0000001187,62805.0,0.0,27659.6,35145.4,NPR
2026-01-06,ACC0000001188,145387.69,0.0,0.0,145387.69,NPR
2026-01-06,ACC0000001189,60475.76,0.0,79872.28,-19396.52,NPR
2026-01-06,ACC0000001190,231410.56,0.0,64720.32,166690.24,NPR
2026-01-06,ACC0000001191,34779.63,0.0,31255.3,3524.33,NPR
2026-01-06,ACC0000001192,170040.86,53867.31,77090.84,146817.33,NPR
2026-01-06,ACC0000001193,289071.64,33422.54,8583.12,313911.06,NPR
2026-01-06,ACC0000001194,294642.21,0.0,100764.88,193877.33,NPR
2026-01-06,ACC0000001195,320481.94,36028.11,119872.34,236637.71,NPR
2026-01-06,ACC0000001196,473416.66,0.0,3417.28,469999.38,NPR
2026-01-06,ACC0000001197,378867.0,0.0,0.0,378867.0,NPR
2026-01-06,ACC0000001198,68172.42,29409.01,23627.62,73953.81,NPR
2026-01-06,ACC0000001199,258384.33,0.0,0.0,258384.33,NPR
2026-01-06,ACC0000001200,174797.61,0.0,39116.1,135681.51,NPR
2026-01-06,ACC0000001201,121954.37,31707.0,25221.65,128439.72,NPR
2026-01-06,ACC0000001202,121072.95,0.0,0.0,121072.95,NPR
2026-01-06,ACC0000001203,224167.82,0.0,0.0,224167.82,NPR
2026-01-06,ACC0000001204,458680.4,0.0,0.0,458680.4,NPR
2026-01-06,ACC0000001205,345544.46,10048.0,43642.92,311949.54,NPR
2026-01-06,ACC0000001206,142927.62,33284.09,84870.8,91340.91,NPR
2026-01-06,ACC0000001207,313294.17,0.0,58128.92,255165.25,NPR
2026-01-06,ACC0000001208,211786.52,0.0,46070.28,165716.24,NPR
2026-01-06,ACC0000001209,22412.02,0.0,130617.21,-108205.19,NPR
2026-01-06,ACC0000001210,466736.04,18523.29,80813.06,404446.27,NPR
2026-01-06,ACC0000001211,204081.97,46262.64,32536.1,217808.51,NPR
2026-01-06,ACC0000001212,453030.94,0.0,49116.83,403914.11,NPR
2026-01-06,ACC0000001213,437582.03,0.0,0.0,437582.03,NPR
2026-01-06,ACC0000001214,181485.7,0.0,89414.89,92070.81,NPR
2026-01-06,ACC0000001215,314244.66,0.0,108891.75,205352.91,NPR
2026-01-06,ACC0000001216,419847.57,48015.49,120350.2,347512.86,NPR
2026-01-06,ACC0000001217,103936.21,20475.09,47936.25,76475.05,NPR
2026-01-06,ACC0000001218,386921.75,0.0,60330.33,326591.42,NPR
2026-01-06,ACC0000001219,315339.8,0.0,0.0,315339.8,NPR
2026-01-06,ACC0000001220,418448.61,0.0,65859.52,352589.09,NPR
2026-01-06,ACC0000001221,288062.43,0.0,38054.02,250008.41,NPR
2026-01-06,ACC0000001222,481460.3,16278.13,141823.01,355915.42,NPR
2026-01-06,ACC0000001223,420318.26,10268.39,45041.81,385544.84,NPR
2026-01-06,ACC0000001224,473073.58,0.0,0.0,473073.58,NPR
2026-01-06,ACC0000001225,324185.54,0.0,0.0,324185.54,NPR
2026-01-06,ACC0000001226,87206.24,30555.87,31777.61,85984.5,NPR
2026-01-06,ACC0000001227,304478.57,0.0,64381.78,240096.79,NPR
2026-01-06,ACC0000001228,322628.02,0.0,0.0,322628.02,NPR
2026-01-06,ACC0000001229,233321.57,0.0,0.0,233321.57,NPR
2026-01-06,ACC0000001230,496460.47,7659.68,42452.5,461667.65,NPR
2026-01-06,ACC0000001231,18283.02,0.0,125651.53,-107368.51,NPR
2026-01-06,ACC0000001232,147320.16,0.0,95326.66,51993.5,NPR
2026-01-06,ACC0000001233,210416.1,0.0,32100.47,178315.63,NPR
2026-01-06,ACC0000001234,370489.75,0.0,0.0,370489.75,NPR
2026-01-06,ACC0000001235,347111.8,164688.99,0.0,511800.79,NPR
2026-01-06,ACC0000001236,417598.79,44760.64,38584.75,423774.68,NPR
2026-01-06,ACC0000001237,307834.36,46078.7,14654.33,339258.73,NPR
2026-01-06,ACC0000001238,321062.88,0.0,155249.34,165813.54,NPR
2026-01-06,ACC0000001239,484920.2,0.0,23647.26,461272.94,NPR
2026-01-06,ACC0000001240,488641.09,16034.78,0.0,504675.87,NPR
2026-01-06,ACC0000001241,125652.46,3485.28,105911.0,23226.74,NPR
2026-01-06,ACC0000001242,211147.32,21607.32,81654.26,151100.38,NPR
2026-01-06,ACC0000001243,402022.98,0.0,0.0,402022.98,NPR
2026-01-06,ACC0000001244,317774.88,35315.3,145694.88,207395.3,NPR
2026-01-06,ACC0000001245,241337.74,0.0,4157.81,237179.93,NPR
2026-01-06,ACC0000001246,482561.88,48215.13,0.0,530777.01,NPR
2026-01-06,ACC0000001247,89668.44,1591.24,14082.03,77177.65,NPR
2026-01-06,ACC0000001248,222911.99,0.0,0.0,222911.99,NPR
2026-01-06,ACC0000001249,475930.7,0.0,94798.84,381131.86,NPR
2026-01-06,ACC0000001250,455679.85,11825.44,82941.69,384563.6,NPR
2026-01-06,ACC0000001251,315151.11,0.0,110805.06,204346.05,NPR
2026-01-06,ACC0000001252,65437.09,0.0,0.0,65437.09,NPR
2026-01-06,ACC0000001253,451848.56,12944.19,4908.73,459884.02,NPR
2026-01-06,ACC0000001254,488780.48,0.0,0.0,488780.48,NPR
2026-01-06,ACC0000001255,445440.21,0.0,0.0,445440.21,NPR
2026-01-06,ACC0000001256,148766.83,0.0,29588.32,119178.51,NPR
2026-01-06,ACC0000001257,470845.28,0.0,0.0,470845.28,NPR
2026-01-06,ACC0000001258,91267.77,0.0,68354.6,22913.17,NPR
2026-01-06,ACC0000001259,231165.28,0.0,2949.56,228215.72,NPR
2026-01-06,ACC0000001260,10961.7,0.0,26188.36,-15226.66,NPR
2026-01-06,ACC0000001261,486610.93,150.59,85232.71,401528.81,NPR
2026-01-06,ACC0000001262,192153.21,0.0,0.0,192153.21,NPR
2026-01-06,ACC0000001263,400046.92,44.02,55879.91,344211.03,NPR
2026-01-06,ACC0000001264,6089.72,41313.92,23212.32,24191.32,NPR
2026-01-06,ACC0000001265,339532.8,0.0,23883.49,315649.31,NPR
2026-01-06,ACC0000001266,429353.99,0.0,39720.58,389633.41,NPR
2026-01-06,ACC0000001267,160020.61,11918.69,0.0,171939.3,NPR
2026-01-06,ACC0000001268,435984.2,0.0,101016.28,334967.92,NPR
2026-01-06,ACC0000001269,467663.47,0.0,176040.25,291623.22,NPR
2026-01-06,ACC0000001270,466842.59,39035.71,75230.81,430647.49,NPR
2026-01-06,ACC0000001271,386107.94,0.0,65365.54,320742.4,NPR
2026-01-06,ACC0000001272,467162.83,0.0,133242.68,333920.15,NPR
2026-01-06,ACC0000001273,159625.89,1972.22,76000.48,85597.63,NPR
2026-01-06,ACC0000001274,402456.63,19332.2,39733.82,382055.01,NPR
2026-01-06,ACC0000001275,195706.54,0.0,49390.66,146315.88,NPR
2026-01-06,ACC0000001276,201037.61,579.94,50240.66,151376.89,NPR
2026-01-06,ACC0000001277,270835.1,0.0,77464.77,193370.33,NPR
2026-01-06,ACC0000001278,362583.68,0.0,52315.41,310268.27,NPR
2026-01-06,ACC0000001279,256896.81,0.0,9806.28,247090.53,NPR
2026-01-06,ACC0000001280,87756.44,32588.76,10520.82,109824.38,NPR
2026-01-06,ACC0000001281,117082.38,0.0,48732.27,68350.11,NPR
2026-01-06,ACC0000001282,71313.92,0.0,98987.72,-27673.8,NPR
2026-01-06,ACC0000001283,66872.56,19512.49,72818.14,13566.91,NPR
2026-01-06,ACC0000001284,356983.18,12415.69,29283.68,340115.19,NPR
2026-01-06,ACC0000001285,429322.46,0.0,0.0,429322.46,NPR
2026-01-06,ACC0000001286,251231.94,0.0,0.0,251231.94,NPR
2026-01-06,ACC0000001287,356266.01,0.0,24510.41,331755.6,NPR
2026-01-06,ACC0000001288,170732.32,40968.2,17151.0,194549.52,NPR
2026-01-06,ACC0000001289,204387.56,0.0,58342.7,146044.86,NPR
2026-01-06,ACC0000001290,464327.52,54288.59,8603.04,510013.07,NPR
2026-01-06,ACC0000001291,186511.5,28108.63,80066.89,134553.24,NPR
2026-01-06,ACC0000001292,374165.63,0.0,68801.53,305364.1,NPR
2026-01-06,ACC0000001293,450910.65,0.0,0.0,450910.65,NPR
2026-01-06,ACC0000001294,119382.6,0.0,0.0,119382.6,NPR
2026-01-06,ACC0000001295,8881.14,0.0,19780.82,-10899.68,NPR
2026-01-06,ACC0000001296,190196.89,0.0,31864.13,158332.76,NPR
2026-01-06,ACC0000001297,341736.56,58792.59,18831.52,381697.63,NPR
2026-01-06,ACC0000001298,485331.52,9210.36,77983.91,416557.97,NPR
2026-01-06,ACC0000001299,209230.22,0.0,66221.3,143008.92,NPR
2026-01-06,ACC0000001300,478140.15,187.01,83096.16,395231.0,NPR
2026-01-06,ACC0000001301,338712.94,41854.15,74537.53,306029.56,NPR
2026-01-06,ACC0000001302,43846.17,5409.5,75734.01,-26478.34,NPR
2026-01-06,ACC0000001303,138724.89,0.0,0.0,138724.89,NPR
2026-01-06,ACC0000001304,338420.27,0.0,18011.85,320408.42,NPR
2026-01-06,ACC0000001305,454349.63,0.0,0.0,454349.63,NPR
2026-01-06,ACC0000001306,53436.55,0.0,83688.94,-30252.39,NPR
2026-01-06,ACC0000001307,453790.28,0.0,0.0,453790.28,NPR
2026-01-06,ACC0000001308,219577.63,39747.3,34355.11,224969.82,NPR
2026-01-06,ACC0000001309,430795.89,0.0,37630.98,393164.91,NPR
2026-01-06,ACC0000001310,76992.57,76384.56,3565.75,149811.38,NPR
2026-01-06,ACC0000001311,337744.42,0.0,31025.77,306718.65,NPR
2026-01-06,ACC0000001312,57941.87,0.0,0.0,57941.87,NPR
2026-01-06,ACC0000001313,428087.72,0.0,104399.6,323688.12,NPR
2026-01-06,ACC0000001314,179472.84,0.0,1582.17,177890.67,NPR
2026-01-06,ACC0000001315,295607.54,0.0,8908.34,286699.2,NPR
2026-01-06,ACC0000001316,44875.65,0.0,38229.16,6646.49,NPR
2026-01-06,ACC0000001317,120883.63,0.0,96026.22,24857.41,NPR
2026-01-06,ACC0000001318,36480.51,31576.05,82544.19,-14487.63,NPR
2026-01-06,ACC0000001319,491795.07,0.0,74134.87,417660.2,NPR
2026-01-06,ACC0000001320,33641.61,49144.73,75417.03,7369.31,NPR
2026-01-06,ACC0000001321,120722.78,0.0,25440.58,95282.2,NPR
2026-01-06,ACC0000001322,46505.68,0.0,0.0,46505.68,NPR
2026-01-06,ACC0000001323,118931.55,0.0,86724.06,32207.49,NPR
2026-01-06,ACC0000001324,167942.84,0.0,0.0,167942.84,NPR
2026-01-06,ACC0000001325,311659.97,0.0,12150.07,299509.9,NPR
2026-01-06,ACC0000001326,438953.23,0.0,100038.93,338914.3,NPR
2026-01-06,ACC0000001327,314336.04,0.0,9620.98,304715.06,NPR
2026-01-06,ACC0000001328,421633.93,0.0,110513.24,311120.69,NPR
2026-01-06,ACC0000001329,477450.12,32971.19,0.0,510421.31,NPR
2026-01-06,ACC0000001330,408351.27,0.0,0.0,408351.27,NPR
2026-01-06,ACC0000001331,452020.79,0.0,0.0,452020.79,NPR
2026-01-06,ACC0000001332,411028.71,47266.77,0.0,458295.48,NPR
2026-01-06,ACC0000001333,381363.29,47934.04,74657.21,354640.12,NPR
2026-01-06,ACC0000001334,198927.76,9320.76,126473.39,81775.13,NPR
2026-01-06,ACC0000001335,456108.97,38399.85,0.0,494508.82,NPR
2026-01-06,ACC0000001336,367006.3,36972.17,113021.7,290956.77,NPR
2026-01-06,ACC0000001337,306560.35,74903.28,50195.41,331268.22,NPR
2026-01-06,ACC0000001338,98464.88,0.0,8340.82,90124.06,NPR
2026-01-06,ACC0000001339,203611.78,331.43,15242.99,188700.22,NPR
2026-01-06,ACC0000001340,398957.82,48495.69,29802.25,417651.26,NPR
2026-01-06,ACC0000001341,334879.63,40456.93,0.0,375336.56,NPR
2026-01-06,ACC0000001342,302784.15,31807.62,74239.4,260352.37,NPR
2026-01-06,ACC0000001343,14255.17,0.0,0.0,14255.17,NPR
2026-01-06,ACC0000001344,246290.93,0.0,65861.65,180429.28,NPR
2026-01-06,ACC0000001345,66839.6,39343.14,51487.22,54695.52,NPR
2026-01-06,ACC0000001346,95456.56,0.0,14071.69,81384.87,NPR
2026-01-06,ACC0000001347,136182.91,0.0,151017.4,-14834.49,NPR
2026-01-06,ACC0000001348,280845.48,45302.74,116660.02,209488.2,NPR
2026-01-06,ACC0000001349,24821.69,12108.38,84983.16,-48053.09,NPR
2026-01-06,ACC0000001350,158869.04,46848.69,116922.83,88794.9,NPR
2026-01-06,ACC0000001351,402957.49,0.0,69172.42,333785.07,NPR
2026-01-06,ACC0000001352,279683.93,0.0,79699.05,199984.88,NPR
2026-01-06,ACC0000001353,335183.78,41518.61,113997.23,262705.16,NPR
2026-01-06,ACC0000001354,16754.12,20769.85,21624.4,15899.57,NPR
2026-01-06,ACC0000001355,486650.36,0.0,8009.68,478640.68,NPR
2026-01-06,ACC0000001356,389498.64,0.0,76940.53,312558.11,NPR
2026-01-06,ACC0000001357,336121.72,34553.43,6403.49,364271.66,NPR
2026-01-06,ACC0000001358,487517.2,35869.59,30182.83,493203.96,NPR
2026-01-06,ACC0000001359,161450.33,0.0,31317.74,130132.59,NPR
2026-01-06,ACC0000001360,420495.07,0.0,1658.3,418836.77,NPR
2026-01-06,ACC0000001361,258589.9,0.0,0.0,258589.9,NPR
2026-01-06,ACC0000001362,272477.75,39664.34,49564.78,262577.31,NPR
2026-01-06,ACC0000001363,176477.23,14915.63,49343.73,142049.13,NPR
2026-01-06,ACC0000001364,451878.14,31383.88,0.0,483262.02,NPR
2026-01-06,ACC0000001365,372114.17,0.0,60533.28,311580.89,NPR
2026-01-06,ACC0000001366,259251.82,0.0,45209.04,214042.78,NPR
2026-01-06,ACC0000001367,432206.83,0.0,0.0,432206.83,NPR
2026-01-06,ACC0000001368,145942.01,6463.53,49635.51,102770.03,NPR
2026-01-06,ACC0000001369,22057.7,0.0,26754.45,-4696.75,NPR
2026-01-06,ACC0000001370,354190.67,0.0,128043.35,226147.32,NPR
2026-01-06,ACC0000001371,92288.65,45878.66,0.0,138167.31,NPR
2026-01-06,ACC0000001372,43572.71,4695.87,19213.17,29055.41,NPR
2026-01-06,ACC0000001373,452050.79,0.0,0.0,452050.79,NPR
2026-01-06,ACC0000001374,484084.08,0.0,37356.38,446727.7,NPR
2026-01-06,ACC0000001375,439609.72,0.0,130065.06,309544.66,NPR
2026-01-06,ACC0000001376,19766.53,0.0,0.0,19766.53,NPR
2026-01-06,ACC0000001377,53986.51,49732.25,46858.16,56860.6,NPR
2026-01-06,ACC0000001378,138669.03,0.0,0.0,138669.03,NPR
2026-01-06,ACC0000001379,298767.29,29496.97,48177.72,280086.54,NPR
2026-01-06,ACC0000001380,334505.53,47768.1,25798.43,356475.2,NPR
2026-01-06,ACC0000001381,351514.22,0.0,146607.02,204907.2,NPR
2026-01-06,ACC0000001382,51410.69,0.0,85465.13,-34054.44,NPR
2026-01-06,ACC0000001383,51845.45,0.0,0.0,51845.45,NPR
2026-01-06,ACC0000001384,472826.14,1058.45,0.0,473884.59,NPR
2026-01-06,ACC0000001385,325133.0,0.0,60714.5,264418.5,NPR
2026-01-06,ACC0000001386,156941.17,0.0,80160.35,76780.82,NPR
2026-01-06,ACC0000001387,392687.72,5676.56,67887.26,330477.02,NPR
2026-01-06,ACC0000001388,436133.16,0.0,0.0,436133.16,NPR
2026-01-06,ACC0000001389,341277.62,33563.4,0.0,374841.02,NPR
2026-01-06,ACC0000001390,94895.87,0.0,31091.37,63804.5,NPR
2026-01-06,ACC0000001391,175825.32,57816.99,35290.89,198351.42,NPR
2026-01-06,ACC0000001392,14566.77,0.0,0.0,14566.77,NPR
2026-01-06,ACC0000001393,378971.46,0.0,0.0,378971.46,NPR
2026-01-06,ACC0000001394,425501.28,53147.1,0.0,478648.38,NPR
2026-01-06,ACC0000001395,15391.69,0.0,0.0,15391.69,NPR
2026-01-06,ACC0000001396,421407.78,0.0,0.0,421407.78,NPR
2026-01-06,ACC0000001397,348837.95,0.0,0.0,348837.95,NPR
2026-01-06,ACC0000001398,239331.78,0.0,0.0,239331.78,NPR
2026-01-06,ACC0000001399,334182.64,0.0,45860.3,288322.34,NPR
2026-01-06,ACC0000001400,381918.82,0.0,93869.74,288049.08,NPR
2026-01-06,ACC0000001401,355823.82,0.0,57105.91,298717.91,NPR
2026-01-06,ACC0000001402,292416.59,0.0,0.0,292416.59,NPR
2026-01-06,ACC0000001403,136774.61,0.0,0.0,136774.61,NPR
2026-01-06,ACC0000001404,66427.25,49965.38,11411.45,104981.18,NPR
2026-01-06,ACC0000001405,29321.43,0.0,0.0,29321.43,NPR
2026-01-06,ACC0000001406,54621.58,34117.16,92196.59,-3457.85,NPR
2026-01-06,ACC0000001407,436316.67,0.0,48880.92,387435.75,NPR
2026-01-06,ACC0000001408,107425.76,0.0,0.0,107425.76,NPR
2026-01-06,ACC0000001409,16469.48,0.0,184396.9,-167927.42,NPR
2026-01-06,ACC0000001410,10556.57,0.0,68903.93,-58347.36,NPR
2026-01-06,ACC0000001411,405731.61,2321.85,84359.61,323693.85,NPR
2026-01-06,ACC0000001412,45204.39,0.0,72304.92,-27100.53,NPR
2026-01-06,ACC0000001413,61331.41,0.0,32178.96,29152.45,NPR
2026-01-06,ACC0000001414,236951.53,0.0,0.0,236951.53,NPR
2026-01-06,ACC0000001415,149998.96,0.0,0.0,149998.96,NPR
2026-01-06,ACC0000001416,137941.21,0.0,0.0,137941.21,NPR
2026-01-06,ACC0000001417,114345.46,0.0,119086.55,-4741.09,NPR
2026-01-06,ACC0000001418,182915.68,40579.76,49334.42,174161.02,NPR
2026-01-06,ACC0000001419,241834.22,33364.91,33090.03,242109.1,NPR
2026-01-06,ACC0000001420,60657.24,0.0,0.0,60657.24,NPR
2026-01-06,ACC0000001421,90495.33,0.0,0.0,90495.33,NPR
2026-01-06,ACC0000001422,353288.8,34931.72,77271.6,310948.92,NPR
2026-01-06,ACC0000001423,135363.26,22177.98,27809.82,129731.42,NPR
2026-01-06,ACC0000001424,160305.16,0.0,45203.77,115101.39,NPR
2026-01-06,ACC0000001425,26418.71,46090.1,46207.24,26301.57,NPR
2026-01-06,ACC0000001426,227019.53,0.0,56753.86,170265.67,NPR
2026-01-06,ACC0000001427,237768.59,0.0,41577.97,196190.62,NPR
2026-01-06,ACC0000001428,262904.33,42814.4,108600.62,197118.11,NPR
2026-01-06,ACC0000001429,93083.1,0.0,195436.66,-102353.56,NPR
2026-01-06,ACC0000001430,63849.15,5123.31,91183.67,-22211.21,NPR
2026-01-06,ACC0000001431,419607.37,17152.95,25339.61,411420.71,NPR
2026-01-06,ACC0000001432,417763.87,0.0,0.0,417763.87,NPR
2026-01-06,ACC0000001433,244024.0,43317.35,0.0,287341.35,NPR
2026-01-06,ACC0000001434,357626.33,25923.38,126659.28,256890.43,NPR
2026-01-06,ACC0000001435,105032.27,20948.71,66609.1,59371.88,NPR
2026-01-06,ACC0000001436,318462.77,0.0,99296.11,219166.66,NPR
2026-01-06,ACC0000001437,264488.38,0.0,30075.0,234413.38,NPR
2026-01-06,ACC0000001438,300917.11,0.0,0.0,300917.11,NPR
2026-01-06,ACC0000001439,56866.27,0.0,93417.53,-36551.26,NPR
2026-01-06,ACC0000001440,421500.56,0.0,26629.13,394871.43,NPR
2026-01-06,ACC0000001441,41321.78,0.0,102946.64,-61624.86,NPR
2026-01-06,ACC0000001442,481924.42,0.0,73583.75,408340.67,NPR
2026-01-06,ACC0000001443,423770.08,0.0,0.0,423770.08,NPR
2026-01-06,ACC0000001444,441428.35,0.0,0.0,441428.35,NPR
2026-01-06,ACC0000001445,84880.43,0.0,14730.1,70150.33,NPR
2026-01-06,ACC0000001446,324328.75,41425.25,11401.33,354352.67,NPR
2026-01-06,ACC0000001447,7052.52,0.0,63641.79,-56589.27,NPR
2026-01-06,ACC0000001448,43212.24,0.0,59119.64,-15907.4,NPR
2026-01-06,ACC0000001449,229297.29,0.0,7298.03,221999.26,NPR
2026-01-06,ACC0000001450,267552.29,0.0,101232.13,166320.16,NPR
2026-01-06,ACC0000001451,146753.4,0.0,0.0,146753.4,NPR
2026-01-06,ACC0000001452,254730.85,0.0,0.0,254730.85,NPR
2026-01-06,ACC0000001453,395758.1,0.0,36116.75,359641.35,NPR
2026-01-06,ACC0000001454,479011.28,0.0,0.0,479011.28,NPR
2026-01-06,ACC0000001455,384729.36,33968.74,74595.33,344102.77,NPR
2026-01-06,ACC0000001456,333702.58,0.0,4562.26,329140.32,NPR
2026-01-06,ACC0000001457,103356.78,742.79,70102.24,33997.33,NPR
2026-01-06,ACC0000001458,299061.4,0.0,4022.28,295039.12,NPR
2026-01-06,ACC0000001459,245338.81,0.0,49450.0,195888.81,NPR
2026-01-06,ACC0000001460,125612.19,69391.76,13531.76,181472.19,NPR
2026-01-06,ACC0000001461,387941.85,35886.57,13152.72,410675.7,NPR
2026-01-06,ACC0000001462,438159.42,0.0,33648.93,404510.49,NPR
2026-01-06,ACC0000001463,309190.28,0.0,0.0,309190.28,NPR
2026-01-06,ACC0000001464,453156.85,0.0,0.0,453156.85,NPR
2026-01-06,ACC0000001465,51353.9,0.0,44492.31,6861.59,NPR
2026-01-06,ACC0000001466,100919.53,0.0,19444.96,81474.57,NPR
2026-01-06,ACC0000001467,64227.91,0.0,0.0,64227.91,NPR
2026-01-06,ACC0000001468,301790.4,0.0,24997.45,276792.95,NPR
2026-01-06,ACC0000001469,203953.79,32397.25,18559.34,217791.7,NPR
2026-01-06,ACC0000001470,314221.73,26043.98,52510.57,287755.14,NPR
2026-01-06,ACC0000001471,179544.79,0.0,0.0,179544.79,NPR
2026-01-06,ACC0000001472,411402.75,54447.56,41441.0,424409.31,NPR
2026-01-06,ACC0000001473,22556.84,0.0,0.0,22556.84,NPR
2026-01-06,ACC0000001474,297579.03,0.0,63383.83,234195.2,NPR
2026-01-06,ACC0000001475,412217.43,0.0,104868.02,307349.41,NPR
2026-01-06,ACC0000001476,490467.3,44616.26,50093.85,484989.71,NPR
2026-01-06,ACC0000001477,455931.91,2173.37,47210.81,410894.47,NPR
2026-01-06,ACC0000001478,379078.65,0.0,51435.4,327643.25,NPR
2026-01-06,ACC0000001479,149948.9,41845.67,77399.77,114394.8,NPR
2026-01-06,ACC0000001480,149708.01,9335.75,6760.15,152283.61,NPR
2026-01-06,ACC0000001481,43706.77,0.0,73032.27,-29325.5,NPR
2026-01-06,ACC0000001482,356884.03,40307.97,62806.89,334385.11,NPR
2026-01-06,ACC0000001483,264613.22,13852.67,33957.71,244508.18,NPR
2026-01-06,ACC0000001484,34177.84,0.0,0.0,34177.84,NPR
2026-01-06,ACC0000001485,350919.01,0.0,67248.31,283670.7,NPR
2026-01-06,ACC0000001486,437902.17,0.0,35488.91,402413.26,NPR
2026-01-06,ACC0000001487,45349.39,0.0,8956.84,36392.55,NPR
2026-01-06,ACC0000001488,391265.98,0.0,24085.38,367180.6,NPR
2026-01-06,ACC0000001489,229578.85,33858.8,65535.1,197902.55,NPR
2026-01-06,ACC0000001490,328711.26,0.0,0.0,328711.26,NPR
2026-01-06,ACC0000001491,433564.02,0.0,75747.82,357816.2,NPR
2026-01-06,ACC0000001492,253300.09,0.0,39844.21,213455.88,NPR
2026-01-06,ACC0000001493,15387.99,0.0,0.0,15387.99,NPR
2026-01-06,ACC0000001494,213477.68,0.0,37938.44,175539.24,NPR
2026-01-06,ACC0000001495,130638.42,9935.72,0.0,140574.14,NPR
2026-01-06,ACC0000001496,204456.1,0.0,78871.93,125584.17,NPR
2026-01-06,ACC0000001497,82948.09,0.0,41575.68,41372.41,NPR
2026-01-06,ACC0000001498,199977.87,54611.71,57704.21,196885.37,NPR
2026-01-06,ACC0000001499,473342.16,0.0,125616.28,347725.88,NPR
2026-01-06,ACC0000001500,49650.41,0.0,0.0,49650.41,NPR
2026-01-06,ACC0000001501,163679.31,20157.33,39065.94,144770.7,NPR
2026-01-06,ACC0000001502,40488.12,0.0,43227.49,-2739.37,NPR
2026-01-06,ACC0000001503,229575.36,26451.91,70371.01,185656.26,NPR
2026-01-06,ACC0000001504,114976.86,0.0,105122.79,9854.07,NPR
2026-01-06,ACC0000001505,5417.44,64385.26,43229.81,26572.89,NPR
2026-01-06,ACC0000001506,21587.68,0.0,39216.05,-17628.37,NPR
2026-01-06,ACC0000001507,185039.03,0.0,0.0,185039.03,NPR
2026-01-06,ACC0000001508,328039.1,0.0,43561.13,284477.97,NPR
2026-01-06,ACC0000001509,75052.21,0.0,0.0,75052.21,NPR
2026-01-06,ACC0000001510,241629.78,0.0,51763.87,189865.91,NPR
2026-01-06,ACC0000001511,315579.15,0.0,15369.41,300209.74,NPR
2026-01-06,ACC0000001512,392846.0,23200.03,26819.11,389226.92,NPR
2026-01-06,ACC0000001513,450385.02,0.0,57313.88,393071.14,NPR
2026-01-06,ACC0000001514,110806.35,0.0,0.0,110806.35,NPR
2026-01-06,ACC0000001515,432723.86,27545.66,22808.7,437460.82,NPR
2026-01-06,ACC0000001516,227595.29,0.0,0.0,227595.29,NPR
2026-01-06,ACC0000001517,11892.24,0.0,0.0,11892.24,NPR
2026-01-06,ACC0000001518,249363.39,0.0,113363.44,135999.95,NPR
2026-01-06,ACC0000001519,177141.05,34617.34,61415.85,150342.54,NPR
2026-01-06,ACC0000001520,166648.55,46141.59,15612.87,197177.27,NPR
2026-01-06,ACC0000001521,53165.91,0.0,47394.07,5771.84,NPR
2026-01-06,ACC0000001522,212086.41,0.0,77011.69,135074.72,NPR
2026-01-06,ACC0000001523,274068.22,0.0,32408.56,241659.66,NPR
2026-01-06,ACC0000001524,299949.66,55530.95,11847.82,343632.79,NPR
2026-01-06,ACC0000001525,478344.47,59189.64,52934.69,484599.42,NPR
2026-01-06,ACC0000001526,303049.57,0.0,69615.7,233433.87,NPR
2026-01-06,ACC0000001527,440465.02,0.0,0.0,440465.02,NPR
2026-01-06,ACC0000001528,129312.22,0.0,40614.74,88697.48,NPR
2026-01-06,ACC0000001529,90816.62,48412.13,31271.52,107957.23,NPR
2026-01-06,ACC0000001530,465790.31,0.0,89936.68,375853.63,NPR
2026-01-06,ACC0000001531,272661.46,0.0,4662.84,267998.62,NPR
2026-01-06,ACC0000001532,434361.41,0.0,2046.26,432315.15,NPR
2026-01-06,ACC0000001533,438988.07,0.0,71175.34,367812.73,NPR
2026-01-06,ACC0000001534,162961.87,0.0,72426.04,90535.83,NPR
2026-01-06,ACC0000001535,237188.35,0.0,0.0,237188.35,NPR
2026-01-06,ACC0000001536,85731.53,3974.97,38238.58,51467.92,NPR
2026-01-06,ACC0000001537,162243.81,8413.8,52780.55,117877.06,NPR
2026-01-06,ACC0000001538,305042.63,0.0,67964.43,237078.2,NPR
2026-01-06,ACC0000001539,16671.65,0.0,34259.07,-17587.42,NPR
2026-01-06,ACC0000001540,39570.15,0.0,106995.78,-67425.63,NPR
2026-01-06,ACC0000001541,346463.6,0.0,31379.56,315084.04,NPR
2026-01-06,ACC0000001542,305287.71,0.0,69763.1,235524.61,NPR
2026-01-06,ACC0000001543,346909.67,0.0,0.0,346909.67,NPR
2026-01-06,ACC0000001544,395672.54,0.0,28090.22,367582.32,NPR
2026-01-06,ACC0000001545,68042.58,48738.9,57492.44,59289.04,NPR
2026-01-06,ACC0000001546,2868.26,0.0,0.0,2868.26,NPR
2026-01-06,ACC0000001547,31322.45,42119.57,0.0,73442.02,NPR
2026-01-06,ACC0000001548,94174.34,0.0,58311.63,35862.71,NPR
2026-01-06,ACC0000001549,210373.7,73339.84,15185.28,268528.26,NPR
2026-01-06,ACC0000001550,301551.11,3619.79,0.0,305170.9,NPR
2026-01-06,ACC0000001551,183740.89,3821.89,59989.44,127573.34,NPR
2026-01-06,ACC0000001552,122664.76,0.0,182197.14,-59532.38,NPR
2026-01-06,ACC0000001553,397675.57,0.0,89029.91,308645.66,NPR
2026-01-06,ACC0000001554,338539.24,0.0,0.0,338539.24,NPR
2026-01-06,ACC0000001555,312966.59,0.0,111021.08,201945.51,NPR
2026-01-06,ACC0000001556,390647.41,0.0,74907.32,315740.09,NPR
2026-01-06,ACC0000001557,469602.96,0.0,0.0,469602.96,NPR
2026-01-06,ACC0000001558,307910.29,0.0,117088.02,190822.27,NPR
2026-01-06,ACC0000001559,136550.92,3337.15,9587.27,130300.8,NPR
2026-01-06,ACC0000001560,276246.21,0.0,65019.22,211226.99,NPR
2026-01-06,ACC0000001561,166873.34,0.0,32245.64,134627.7,NPR
2026-01-06,ACC0000001562,366053.98,10455.18,15360.97,361148.19,NPR
2026-01-06,ACC0000001563,201577.64,17141.22,105136.85,113582.01,NPR
2026-01-06,ACC0000001564,17168.88,0.0,0.0,17168.88,NPR
2026-01-06,ACC0000001565,157642.58,34205.83,0.0,191848.41,NPR
2026-01-06,ACC0000001566,345032.61,0.0,0.0,345032.61,NPR
2026-01-06,ACC0000001567,461843.46,0.0,67494.65,394348.81,NPR
2026-01-06,ACC0000001568,374823.37,0.0,0.0,374823.37,NPR
2026-01-06,ACC0000001569,277267.39,10003.16,45901.45,241369.1,NPR
2026-01-06,ACC0000001570,31560.49,0.0,36824.6,-5264.11,NPR
2026-01-06,ACC0000001571,32904.51,0.0,760.56,32143.95,NPR
2026-01-06,ACC0000001572,2177.88,21729.03,18281.52,5625.39,NPR
2026-01-06,ACC0000001573,39097.96,0.0,100245.82,-61147.86,NPR
2026-01-06,ACC0000001574,25366.91,32535.6,0.0,57902.51,NPR
2026-01-06,ACC0000001575,462475.56,20148.11,5468.96,477154.71,NPR
2026-01-06,ACC0000001576,201216.38,0.0,68663.51,132552.87,NPR
2026-01-06,ACC0000001577,13345.19,0.0,52548.07,-39202.88,NPR
2026-01-06,ACC0000001578,404053.62,0.0,0.0,404053.62,NPR
2026-01-06,ACC0000001579,221820.96,0.0,82562.98,139257.98,NPR
2026-01-06,ACC0000001580,360782.19,13224.1,15879.83,358126.46,NPR
2026-01-06,ACC0000001581,411805.68,22191.79,10902.85,423094.62,NPR
2026-01-06,ACC0000001582,481008.14,44744.02,20310.57,505441.59,NPR
2026-01-06,ACC0000001583,44503.17,0.0,0.0,44503.17,NPR
2026-01-06,ACC0000001584,189833.35,0.0,137854.35,51979.0,NPR
2026-01-06,ACC0000001585,210762.98,0.0,66175.42,144587.56,NPR
2026-01-06,ACC0000001586,155060.03,26187.12,34067.05,147180.1,NPR
2026-01-06,ACC0000001587,93486.75,0.0,144401.42,-50914.67,NPR
2026-01-06,ACC0000001588,152142.04,0.0,0.0,152142.04,NPR
2026-01-06,ACC0000001589,114283.2,0.0,0.0,114283.2,NPR
2026-01-06,ACC0000001590,247120.2,0.0,55321.97,191798.23,NPR
2026-01-06,ACC0000001591,374554.03,13010.93,0.0,387564.96,NPR
2026-01-06,ACC0000001592,493825.8,0.0,29835.51,463990.29,NPR
2026-01-06,ACC0000001593,230257.9,44993.87,42166.06,233085.71,NPR
2026-01-06,ACC0000001594,341638.47,7038.18,44506.31,304170.34,NPR
2026-01-06,ACC0000001595,146366.56,0.0,47382.1,98984.46,NPR
2026-01-06,ACC0000001596,279011.91,113205.13,0.0,392217.04,NPR
2026-01-06,ACC0000001597,38403.06,0.0,2250.71,36152.35,NPR
2026-01-06,ACC0000001598,447377.8,0.0,0.0,447377.8,NPR
2026-01-06,ACC0000001599,279091.5,0.0,66623.21,212468.29,NPR
2026-01-06,ACC0000001600,243921.29,76069.92,45113.93,274877.28,NPR
2026-01-06,ACC0000001601,192180.62,0.0,69580.09,122600.53,NPR
2026-01-06,ACC0000001602,314346.48,0.0,11390.4,302956.08,NPR
2026-01-06,ACC0000001603,266834.74,40978.83,62910.78,244902.79,NPR
2026-01-06,ACC0000001604,207780.6,0.0,16473.24,191307.36,NPR
2026-01-06,ACC0000001605,129486.82,48969.66,70812.37,107644.11,NPR
2026-01-06,ACC0000001606,79095.43,0.0,104100.31,-25004.88,NPR
2026-01-06,ACC0000001607,249932.37,0.0,25680.84,224251.53,NPR
2026-01-06,ACC0000001608,424921.76,0.0,28974.75,395947.01,NPR
2026-01-06,ACC0000001609,150605.74,922.58,0.0,151528.32,NPR
2026-01-06,ACC0000001610,332720.44,0.0,3581.07,329139.37,NPR
2026-01-06,ACC0000001611,122150.18,44062.16,102113.74,64098.6,NPR
2026-01-06,ACC0000001612,377438.33,0.0,0.0,377438.33,NPR
2026-01-06,ACC0000001613,129270.64,68654.73,25270.03,172655.34,NPR
2026-01-06,ACC0000001614,436612.54,0.0,15766.92,420845.62,NPR
2026-01-06,ACC0000001615,201194.64,30815.83,42147.41,189863.06,NPR
2026-01-06,ACC0000001616,418052.55,0.0,0.0,418052.55,NPR
2026-01-06,ACC0000001617,364829.55,16506.46,55175.33,326160.68,NPR
2026-01-06,ACC0000001618,227520.67,0.0,0.0,227520.67,NPR
2026-01-06,ACC0000001619,20067.22,0.0,14398.44,5668.78,NPR
2026-01-06,ACC0000001620,496509.74,34350.23,46077.93,484782.04,NPR
2026-01-06,ACC0000001621,278666.88,0.0,0.0,278666.88,NPR
2026-01-06,ACC0000001622,295912.33,0.0,67805.15,228107.18,NPR
2026-01-06,ACC0000001623,334352.06,35081.78,31189.47,338244.37,NPR
2026-01-06,ACC0000001624,151079.96,19277.14,0.0,170357.1,NPR
2026-01-06,ACC0000001625,31315.25,0.0,0.0,31315.25,NPR
2026-01-06,ACC0000001626,345521.99,0.0,49416.09,296105.9,NPR
2026-01-06,ACC0000001627,485788.44,0.0,52284.25,433504.19,NPR
2026-01-06,ACC0000001628,297081.09,0.0,38466.59,258614.5,NPR
2026-01-06,ACC0000001629,495448.19,0.0,164289.13,331159.06,NPR
2026-01-06,ACC0000001630,325280.21,20412.66,9804.39,335888.48,NPR
2026-01-06,ACC0000001631,239506.48,44703.7,16013.9,268196.28,NPR
2026-01-06,ACC0000001632,97116.84,13627.22,36418.34,74325.72,NPR
2026-01-06,ACC0000001633,458201.11,26989.15,23670.89,461519.37,NPR
2026-01-06,ACC0000001634,63243.33,0.0,0.0,63243.33,NPR
2026-01-06,ACC0000001635,406595.4,0.0,112807.94,293787.46,NPR
2026-01-06,ACC0000001636,44246.16,25262.12,0.0,69508.28,NPR
2026-01-06,ACC0000001637,30965.86,0.0,0.0,30965.86,NPR
2026-01-06,ACC0000001638,92222.09,0.0,1398.43,90823.66,NPR
2026-01-06,ACC0000001639,408258.54,49315.06,48948.89,408624.71,NPR
2026-01-06,ACC0000001640,483952.74,0.0,45335.92,438616.82,NPR
2026-01-06,ACC0000001641,489348.99,0.0,139928.29,349420.7,NPR
2026-01-06,ACC0000001642,392410.59,0.0,126118.13,266292.46,NPR
2026-01-06,ACC0000001643,352318.24,42129.74,51657.05,342790.93,NPR
2026-01-06,ACC0000001644,42278.2,0.0,7082.06,35196.14,NPR
2026-01-06,ACC0000001645,116540.25,90194.06,86239.16,120495.15,NPR
2026-01-06,ACC0000001646,165451.26,0.0,49365.19,116086.07,NPR
2026-01-06,ACC0000001647,448525.61,10596.77,0.0,459122.38,NPR
2026-01-06,ACC0000001648,391335.07,0.0,0.0,391335.07,NPR
2026-01-06,ACC0000001649,54894.46,0.0,109344.15,-54449.69,NPR
2026-01-06,ACC0000001650,469767.83,0.0,158258.23,311509.6,NPR
2026-01-06,ACC0000001651,13144.28,14430.07,77825.44,-50251.09,NPR
2026-01-06,ACC0000001652,271884.93,0.0,61543.72,210341.21,NPR
2026-01-06,ACC0000001653,344074.86,0.0,98230.4,245844.46,NPR
2026-01-06,ACC0000001654,224752.39,0.0,0.0,224752.39,NPR
2026-01-06,ACC0000001655,55701.2,14462.53,46935.36,23228.37,NPR
2026-01-06,ACC0000001656,32759.73,0.0,48113.67,-15353.94,NPR
2026-01-06,ACC0000001657,392193.74,0.0,131333.85,260859.89,NPR
2026-01-06,ACC0000001658,242780.03,0.0,50142.71,192637.32,NPR
2026-01-06,ACC0000001659,455309.58,4869.8,131921.26,328258.12,NPR
2026-01-06,ACC0000001660,147697.02,26547.84,37199.84,137045.02,NPR
2026-01-06,ACC0000001661,465752.71,31986.62,54887.0,442852.33,NPR
2026-01-06,ACC0000001662,301166.68,23186.35,0.0,324353.03,NPR
2026-01-06,ACC0000001663,376475.47,0.0,12660.67,363814.8,NPR
2026-01-06,ACC0000001664,373285.06,0.0,2604.56,370680.5,NPR
2026-01-06,ACC0000001665,308765.58,0.0,0.0,308765.58,NPR
2026-01-06,ACC0000001666,427246.18,7437.54,3422.8,431260.92,NPR
2026-01-06,ACC0000001667,230191.11,33379.6,0.0,263570.71,NPR
2026-01-06,ACC0000001668,159113.75,0.0,52434.84,106678.91,NPR
2026-01-06,ACC0000001669,220171.46,0.0,0.0,220171.46,NPR
2026-01-06,ACC0000001670,43194.1,38982.01,114896.91,-32720.8,NPR
2026-01-06,ACC0000001671,409484.9,0.0,63272.94,346211.96,NPR
2026-01-06,ACC0000001672,485513.6,0.0,0.0,485513.6,NPR
2026-01-06,ACC0000001673,335312.42,0.0,67551.6,267760.82,NPR
2026-01-06,ACC0000001674,86420.09,0.0,0.0,86420.09,NPR
2026-01-06,ACC0000001675,432822.2,0.0,74223.93,358598.27,NPR
2026-01-06,ACC0000001676,367387.12,0.0,34320.17,333066.95,NPR
2026-01-06,ACC0000001677,158048.92,41302.73,1479.3,197872.35,NPR
2026-01-06,ACC0000001678,5764.41,62755.83,48532.87,19987.37,NPR
2026-01-06,ACC0000001679,285634.19,0.0,0.0,285634.19,NPR
2026-01-06,ACC0000001680,496668.37,0.0,0.0,496668.37,NPR
2026-01-06,ACC0000001681,212561.72,29818.82,104844.36,137536.18,NPR
2026-01-06,ACC0000001682,363712.82,85643.03,93638.7,355717.15,NPR
2026-01-06,ACC0000001683,167937.14,0.0,93586.17,74350.97,NPR
2026-01-06,ACC0000001684,224766.05,76050.22,61145.01,239671.26,NPR
2026-01-06,ACC0000001685,127188.26,0.0,0.0,127188.26,NPR
2026-01-06,ACC0000001686,232097.31,0.0,15740.2,216357.11,NPR
2026-01-06,ACC0000001687,359808.72,94110.78,21911.42,432008.08,NPR
2026-01-06,ACC0000001688,12495.34,0.0,121149.2,-108653.86,NPR
2026-01-06,ACC0000001689,386630.0,0.0,0.0,386630.0,NPR
2026-01-06,ACC0000001690,147947.37,0.0,123411.95,24535.42,NPR
2026-01-06,ACC0000001691,197305.16,38729.58,43699.88,192334.86,NPR
2026-01-06,ACC0000001692,382947.18,0.0,138808.13,244139.05,NPR
2026-01-06,ACC0000001693,477564.47,44415.14,90205.28,431774.33,NPR
2026-01-06,ACC0000001694,478370.14,0.0,27223.5,451146.64,NPR
2026-01-06,ACC0000001695,44056.78,0.0,36912.93,7143.85,NPR
2026-01-06,ACC0000001696,17794.23,0.0,0.0,17794.23,NPR
2026-01-06,ACC0000001697,462499.7,40744.47,63925.19,439318.98,NPR
2026-01-06,ACC0000001698,88499.21,0.0,41062.45,47436.76,NPR
2026-01-06,ACC0000001699,312846.33,865.77,28614.23,285097.87,NPR
2026-01-06,ACC0000001700,120452.36,31019.33,72828.75,78642.94,NPR
2026-01-06,ACC0000001701,282274.88,13377.03,95773.98,199877.93,NPR
2026-01-06,ACC0000001702,391030.35,25810.83,47574.92,369266.26,NPR
2026-01-06,ACC0000001703,44554.23,0.0,32725.12,11829.11,NPR
2026-01-06,ACC0000001704,345742.54,36704.74,20295.2,362152.08,NPR
2026-01-06,ACC0000001705,67508.49,0.0,132312.67,-64804.18,NPR
2026-01-06,ACC0000001706,214300.68,8668.74,52317.12,170652.3,NPR
2026-01-06,ACC0000001707,473942.55,0.0,15986.47,457956.08,NPR
2026-01-06,ACC0000001708,329762.89,0.0,148504.4,181258.49,NPR
2026-01-06,ACC0000001709,96220.65,0.0,0.0,96220.65,NPR
2026-01-06,ACC0000001710,320210.61,35850.69,0.0,356061.3,NPR
2026-01-06,ACC0000001711,464598.67,13612.34,0.0,478211.01,NPR
2026-01-06,ACC0000001712,347589.97,0.0,108851.19,238738.78,NPR
2026-01-06,ACC0000001713,428706.38,18273.2,65555.03,381424.55,NPR
2026-01-06,ACC0000001714,95452.2,0.0,38223.7,57228.5,NPR
2026-01-06,ACC0000001715,409651.37,0.0,51673.43,357977.94,NPR
2026-01-06,ACC0000001716,51218.29,0.0,40409.75,10808.54,NPR
2026-01-06,ACC0000001717,123991.27,0.0,72968.84,51022.43,NPR
2026-01-06,ACC0000001718,35012.46,18484.58,119515.51,-66018.47,NPR
2026-01-06,ACC0000001719,172008.93,0.0,30973.64,141035.29,NPR
2026-01-06,ACC0000001720,310602.15,0.0,29509.32,281092.83,NPR
2026-01-06,ACC0000001721,136130.59,26337.93,37878.9,124589.62,NPR
2026-01-06,ACC0000001722,83894.58,0.0,0.0,83894.58,NPR
2026-01-06,ACC0000001723,358754.79,53330.0,60712.39,351372.4,NPR
2026-01-06,ACC0000001724,330415.97,47839.01,56087.01,322167.97,NPR
2026-01-06,ACC0000001725,227914.33,0.0,19902.65,208011.68,NPR
2026-01-06,ACC0000001726,209798.98,128294.96,76441.57,261652.37,NPR
2026-01-06,ACC0000001727,138792.36,0.0,93097.46,45694.9,NPR
2026-01-06,ACC0000001728,238887.0,0.0,152952.72,85934.28,NPR
2026-01-06,ACC0000001729,54636.16,15568.04,29521.72,40682.48,NPR
2026-01-06,ACC0000001730,406790.28,0.0,1542.87,405247.41,NPR
2026-01-06,ACC0000001731,120416.07,20740.19,28755.75,112400.51,NPR
2026-01-06,ACC0000001732,385181.54,0.0,64250.84,320930.7,NPR
2026-01-06,ACC0000001733,112201.16,0.0,35704.15,76497.01,NPR
2026-01-06,ACC0000001734,473105.52,2906.81,94144.29,381868.04,NPR
2026-01-06,ACC0000001735,146728.78,59025.04,53659.2,152094.62,NPR
2026-01-06,ACC0000001736,68798.9,8221.02,125966.13,-48946.21,NPR
2026-01-06,ACC0000001737,311215.13,0.0,0.0,311215.13,NPR
2026-01-06,ACC0000001738,81719.78,0.0,76973.63,4746.15,NPR
2026-01-06,ACC0000001739,482326.13,0.0,22927.5,459398.63,NPR
2026-01-06,ACC0000001740,269681.48,5471.7,77483.83,197669.35,NPR
2026-01-06,ACC0000001741,409157.12,0.0,62263.44,346893.68,NPR
2026-01-06,ACC0000001742,409211.06,21665.6,112205.71,318670.95,NPR
2026-01-06,ACC0000001743,339104.93,0.0,64524.67,274580.26,NPR
2026-01-06,ACC0000001744,324523.8,0.0,28970.12,295553.68,NPR
2026-01-06,ACC0000001745,246519.04,20337.55,17979.26,248877.33,NPR
2026-01-06,ACC0000001746,55081.45,44965.95,109075.31,-9027.91,NPR
2026-01-06,ACC0000001747,483019.9,13580.69,84640.63,411959.96,NPR
2026-01-06,ACC0000001748,368248.65,0.0,0.0,368248.65,NPR
2026-01-06,ACC0000001749,79978.98,16180.87,0.0,96159.85,NPR
2026-01-06,ACC0000001750,45993.52,0.0,68844.13,-22850.61,NPR
2026-01-06,ACC0000001751,339043.85,0.0,4958.55,334085.3,NPR
2026-01-06,ACC0000001752,417689.15,0.0,48876.77,368812.38,NPR
2026-01-06,ACC0000001753,453091.68,0.0,164400.26,288691.42,NPR
2026-01-06,ACC0000001754,280644.53,0.0,0.0,280644.53,NPR
2026-01-06,ACC0000001755,484276.12,46792.69,122391.86,408676.95,NPR
2026-01-06,ACC0000001756,79931.99,23011.07,142525.82,-39582.76,NPR
2026-01-06,ACC0000001757,152386.9,0.0,45934.73,106452.17,NPR
2026-01-06,ACC0000001758,330149.51,0.0,69961.08,260188.43,NPR
2026-01-06,ACC0000001759,25047.14,63407.34,7493.76,80960.72,NPR
2026-01-06,ACC0000001760,113596.37,84368.76,79909.38,118055.75,NPR
2026-01-06,ACC0000001761,61679.75,0.0,58352.4,3327.35,NPR
2026-01-06,ACC0000001762,461783.41,8325.01,77716.26,392392.16,NPR
2026-01-06,ACC0000001763,60997.46,0.0,0.0,60997.46,NPR
2026-01-06,ACC0000001764,74979.69,0.0,69028.29,5951.4,NPR
2026-01-06,ACC0000001765,12027.85,0.0,38836.75,-26808.9,NPR
2026-01-06,ACC0000001766,430907.85,0.0,52203.1,378704.75,NPR
2026-01-06,ACC0000001767,110281.17,0.0,79274.59,31006.58,NPR
2026-01-06,ACC0000001768,474171.02,21707.27,8795.79,487082.5,NPR
2026-01-06,ACC0000001769,184623.08,0.0,0.0,184623.08,NPR
2026-01-06,ACC0000001770,295252.81,0.0,76212.25,219040.56,NPR
2026-01-06,ACC0000001771,419275.97,0.0,60801.85,358474.12,NPR
2026-01-06,ACC0000001772,333874.8,0.0,34960.43,298914.37,NPR
2026-01-06,ACC0000001773,383899.78,0.0,35869.74,348030.04,NPR
2026-01-06,ACC0000001774,115782.62,156.37,32652.05,83286.94,NPR
2026-01-06,ACC0000001775,381226.91,46661.38,91716.88,336171.41,NPR
2026-01-06,ACC0000001776,350792.09,0.0,75443.37,275348.72,NPR
2026-01-06,ACC0000001777,266278.96,0.0,89517.27,176761.69,NPR
2026-01-06,ACC0000001778,225179.38,23095.67,19027.44,229247.61,NPR
2026-01-06,ACC0000001779,259874.57,0.0,0.0,259874.57,NPR
2026-01-06,ACC0000001780,317306.93,17855.75,45681.16,289481.52,NPR
2026-01-06,ACC0000001781,166913.45,31635.52,0.0,198548.97,NPR
2026-01-06,ACC0000001782,292610.87,0.0,0.0,292610.87,NPR
2026-01-06,ACC0000001783,285880.39,5411.38,0.0,291291.77,NPR
2026-01-06,ACC0000001784,296897.77,575.02,0.0,297472.79,NPR
2026-01-06,ACC0000001785,97421.55,41970.58,0.0,139392.13,NPR
2026-01-06,ACC0000001786,484815.58,5514.53,74546.37,415783.74,NPR
2026-01-06,ACC0000001787,169927.87,0.0,41988.98,127938.89,NPR
2026-01-06,ACC0000001788,248942.57,0.0,0.0,248942.57,NPR
2026-01-06,ACC0000001789,357439.65,48219.63,21051.74,384607.54,NPR
2026-01-06,ACC0000001790,272086.71,31402.08,93270.86,210217.93,NPR
2026-01-06,ACC0000001791,409751.34,0.0,140368.52,269382.82,NPR
2026-01-06,ACC0000001792,454148.03,22772.23,106036.51,370883.75,NPR
2026-01-06,ACC0000001793,170425.1,0.0,79468.1,90957.0,NPR
2026-01-06,ACC0000001794,82892.54,1933.54,0.0,84826.08,NPR
2026-01-06,ACC0000001795,49226.6,0.0,41447.07,7779.53,NPR
2026-01-06,ACC0000001796,156868.26,13527.07,24889.59,145505.74,NPR
2026-01-06,ACC0000001797,58884.15,0.0,0.0,58884.15,NPR
2026-01-06,ACC0000001798,172835.38,45912.71,28734.86,190013.23,NPR
2026-01-06,ACC0000001799,136722.03,0.0,17762.71,118959.32,NPR
2026-01-06,ACC0000001800,340104.16,0.0,62941.37,277162.79,NPR
2026-01-06,ACC0000001801,62525.17,0.0,61176.45,1348.72,NPR
2026-01-06,ACC0000001802,274673.5,0.0,90922.34,183751.16,NPR
2026-01-06,ACC0000001803,245577.08,48075.42,71458.11,222194.39,NPR
2026-01-06,ACC0000001804,101152.49,29701.01,9921.4,120932.1,NPR
2026-01-06,ACC0000001805,209335.97,33822.74,20883.04,222275.67,NPR
2026-01-06,ACC0000001806,498479.15,0.0,134127.88,364351.27,NPR
2026-01-06,ACC0000001807,314731.33,0.0,63425.04,251306.29,NPR
2026-01-06,ACC0000001808,489667.92,0.0,0.0,489667.92,NPR
2026-01-06,ACC0000001809,319976.09,0.0,55950.03,264026.06,NPR
2026-01-06,ACC0000001810,120189.49,8494.01,130569.05,-1885.55,NPR
2026-01-06,ACC0000001811,240486.16,0.0,128027.1,112459.06,NPR
2026-01-06,ACC0000001812,44977.17,13436.36,67513.07,-9099.54,NPR
2026-01-06,ACC0000001813,214827.81,42649.69,54128.09,203349.41,NPR
2026-01-06,ACC0000001814,113022.55,0.0,85548.09,27474.46,NPR
2026-01-06,ACC0000001815,211125.53,63589.91,12669.49,262045.95,NPR
2026-01-06,ACC0000001816,346549.13,0.0,0.0,346549.13,NPR
2026-01-06,ACC0000001817,327375.27,14667.01,49923.32,292118.96,NPR
2026-01-06,ACC0000001818,435329.64,50396.0,41886.76,443838.88,NPR
2026-01-06,ACC0000001819,84868.46,38807.0,103922.34,19753.12,NPR
2026-01-06,ACC0000001820,92146.96,0.0,41943.08,50203.88,NPR
2026-01-06,ACC0000001821,472520.15,0.0,101211.34,371308.81,NPR
2026-01-06,ACC0000001822,446933.33,0.0,0.0,446933.33,NPR
2026-01-06,ACC0000001823,440198.07,0.0,29320.7,410877.37,NPR
2026-01-06,ACC0000001824,192310.74,31233.26,31881.82,191662.18,NPR
2026-01-06,ACC0000001825,322052.11,0.0,0.0,322052.11,NPR
2026-01-06,ACC0000001826,3747.58,0.0,0.0,3747.58,NPR
2026-01-06,ACC0000001827,347852.59,0.0,16915.6,330936.99,NPR
2026-01-06,ACC0000001828,244106.68,37332.84,56821.59,224617.93,NPR
2026-01-06,ACC0000001829,231516.0,0.0,39591.69,191924.31,NPR
2026-01-06,ACC0000001830,79443.81,47093.17,41752.37,84784.61,NPR
2026-01-06,ACC0000001831,359151.52,0.0,3141.32,356010.2,NPR
2026-01-06,ACC0000001832,285409.96,0.0,0.0,285409.96,NPR
2026-01-06,ACC0000001833,156766.17,24190.0,109900.68,71055.49,NPR
2026-01-06,ACC0000001834,99070.21,0.0,65630.86,33439.35,NPR
2026-01-06,ACC0000001835,20738.84,0.0,0.0,20738.84,NPR
2026-01-06,ACC0000001836,110081.87,0.0,158488.2,-48406.33,NPR
2026-01-06,ACC0000001837,42335.32,29256.48,0.0,71591.8,NPR
2026-01-06,ACC0000001838,156580.36,0.0,58022.32,98558.04,NPR
2026-01-06,ACC0000001839,136846.58,39158.77,0.0,176005.35,NPR
2026-01-06,ACC0000001840,308356.35,10741.24,100983.81,218113.78,NPR
2026-01-06,ACC0000001841,266325.26,0.0,44792.53,221532.73,NPR
2026-01-06,ACC0000001842,62550.91,0.0,147307.89,-84756.98,NPR
2026-01-06,ACC0000001843,374838.23,40122.55,44684.68,370276.1,NPR
2026-01-06,ACC0000001844,257784.01,0.0,0.0,257784.01,NPR
2026-01-06,ACC0000001845,434939.01,0.0,41045.74,393893.27,NPR
2026-01-06,ACC0000001846,120703.69,68901.09,49625.96,139978.82,NPR
2026-01-06,ACC0000001847,267599.13,0.0,46947.63,220651.5,NPR
2026-01-06,ACC0000001848,248342.37,0.0,71272.1,177070.27,NPR
2026-01-06,ACC0000001849,441200.12,11890.35,45371.0,407719.47,NPR
2026-01-06,ACC0000001850,224614.63,0.0,0.0,224614.63,NPR
2026-01-06,ACC0000001851,293371.09,0.0,0.0,293371.09,NPR
2026-01-06,ACC0000001852,123694.96,0.0,0.0,123694.96,NPR
2026-01-06,ACC0000001853,327745.07,50154.56,3704.96,374194.67,NPR
2026-01-06,ACC0000001854,272891.14,10036.95,0.0,282928.09,NPR
2026-01-06,ACC0000001855,401001.32,20842.4,0.0,421843.72,NPR
2026-01-06,ACC0000001856,44141.25,0.0,39594.55,4546.7,NPR
2026-01-06,ACC0000001857,444514.12,0.0,36520.62,407993.5,NPR
2026-01-06,ACC0000001858,231424.02,0.0,0.0,231424.02,NPR
2026-01-06,ACC0000001859,245777.55,0.0,96423.33,149354.22,NPR
2026-01-06,ACC0000001860,273705.08,0.0,0.0,273705.08,NPR
2026-01-06,ACC0000001861,427336.78,0.0,77489.51,349847.27,NPR
2026-01-06,ACC0000001862,127269.91,22899.88,169411.22,-19241.43,NPR
2026-01-06,ACC0000001863,383273.88,0.0,129668.24,253605.64,NPR
2026-01-06,ACC0000001864,262605.58,0.0,77135.79,185469.79,NPR
2026-01-06,ACC0000001865,11478.77,35269.92,133068.46,-86319.77,NPR
2026-01-06,ACC0000001866,421829.39,0.0,66996.52,354832.87,NPR
2026-01-06,ACC0000001867,16679.0,22111.21,76844.72,-38054.51,NPR
2026-01-06,ACC0000001868,457081.38,0.0,96693.43,360387.95,NPR
2026-01-06,ACC0000001869,483987.31,29812.89,97016.13,416784.07,NPR
2026-01-06,ACC0000001870,49656.23,0.0,142.01,49514.22,NPR
2026-01-06,ACC0000001871,472425.59,0.0,0.0,472425.59,NPR
2026-01-06,ACC0000001872,351246.06,1619.01,102435.61,250429.46,NPR
2026-01-06,ACC0000001873,262778.1,41497.14,70449.25,233825.99,NPR
2026-01-06,ACC0000001874,159146.69,13238.66,26133.14,146252.21,NPR
2026-01-06,ACC0000001875,198711.28,49411.74,0.0,248123.02,NPR
2026-01-06,ACC0000001876,157439.27,0.0,103098.91,54340.36,NPR
2026-01-06,ACC0000001877,343531.4,0.0,0.0,343531.4,NPR
2026-01-06,ACC0000001878,478113.44,0.0,48177.15,429936.29,NPR
2026-01-06,ACC0000001879,41292.73,15322.66,97830.86,-41215.47,NPR
2026-01-06,ACC0000001880,171037.03,0.0,41503.0,129534.03,NPR
2026-01-06,ACC0000001881,291342.95,0.0,43108.85,248234.1,NPR
2026-01-06,ACC0000001882,42364.33,0.0,22488.01,19876.32,NPR
2026-01-06,ACC0000001883,108988.53,0.0,28394.12,80594.41,NPR
2026-01-06,ACC0000001884,349405.7,0.0,23535.95,325869.75,NPR
2026-01-06,ACC0000001885,11241.62,0.0,0.0,11241.62,NPR
2026-01-06,ACC0000001886,154986.53,0.0,0.0,154986.53,NPR
2026-01-06,ACC0000001887,14138.18,0.0,82998.93,-68860.75,NPR
2026-01-06,ACC0000001888,235074.4,0.0,23723.4,211351.0,NPR
2026-01-06,ACC0000001889,194255.06,6259.26,138069.81,62444.51,NPR
2026-01-06,ACC0000001890,50895.08,0.0,32735.12,18159.96,NPR
2026-01-06,ACC0000001891,289739.76,0.0,0.0,289739.76,NPR
2026-01-06,ACC0000001892,467024.13,48518.83,48322.06,467220.9,NPR
2026-01-06,ACC0000001893,131187.42,0.0,83993.75,47193.67,NPR
2026-01-06,ACC0000001894,13623.91,0.0,106498.28,-92874.37,NPR
2026-01-06,ACC0000001895,245370.44,23132.69,0.0,268503.13,NPR
2026-01-06,ACC0000001896,213821.38,0.0,53083.11,160738.27,NPR
2026-01-06,ACC0000001897,457040.55,40316.71,158045.74,339311.52,NPR
2026-01-06,ACC0000001898,87952.91,0.0,22226.1,65726.81,NPR
2026-01-06,ACC0000001899,380528.82,17853.12,40146.95,358234.99,NPR
2026-01-06,ACC0000001900,179862.57,31098.41,0.0,210960.98,NPR
2026-01-06,ACC0000001901,449201.37,0.0,30114.22,419087.15,NPR
2026-01-06,ACC0000001902,107915.85,0.0,52291.86,55623.99,NPR
2026-01-06,ACC0000001903,245664.68,0.0,142240.61,103424.07,NPR
2026-01-06,ACC0000001904,81160.35,0.0,12282.8,68877.55,NPR
2026-01-06,ACC0000001905,409213.93,0.0,32883.82,376330.11,NPR
2026-01-06,ACC0000001906,12142.84,68005.27,0.0,80148.11,NPR
2026-01-06,ACC0000001907,180489.87,11323.83,57688.23,134125.47,NPR
2026-01-06,ACC0000001908,118216.01,31868.74,132665.64,17419.11,NPR
2026-01-06,ACC0000001909,328263.19,0.0,154429.76,173833.43,NPR
2026-01-06,ACC0000001910,97364.63,0.0,150759.48,-53394.85,NPR
2026-01-06,ACC0000001911,6604.86,0.0,9901.35,-3296.49,NPR
2026-01-06,ACC0000001912,66877.91,0.0,138497.51,-71619.6,NPR
2026-01-06,ACC0000001913,422315.62,22666.64,123206.97,321775.29,NPR
2026-01-06,ACC0000001914,264984.5,47246.59,0.0,312231.09,NPR
2026-01-06,ACC0000001915,84693.32,23894.17,104803.06,3784.43,NPR
2026-01-06,ACC0000001916,421371.92,34649.04,101764.17,354256.79,NPR
2026-01-06,ACC0000001917,181519.18,0.0,20319.46,161199.72,NPR
2026-01-06,ACC0000001918,124369.34,0.0,50923.61,73445.73,NPR
2026-01-06,ACC0000001919,201286.51,0.0,34199.57,167086.94,NPR
2026-01-06,ACC0000001920,80333.48,5799.64,74810.22,11322.9,NPR
2026-01-06,ACC0000001921,9283.59,51619.63,108.94,60794.28,NPR
2026-01-06,ACC0000001922,203235.01,23238.07,128243.27,98229.81,NPR
2026-01-06,ACC0000001923,357414.77,0.0,49192.55,308222.22,NPR
2026-01-06,ACC0000001924,225749.29,83387.52,63415.04,245721.77,NPR
2026-01-06,ACC0000001925,379534.91,41060.26,97421.65,323173.52,NPR
2026-01-06,ACC0000001926,339866.18,0.0,15001.74,324864.44,NPR
2026-01-06,ACC0000001927,487737.28,45364.8,58658.35,474443.73,NPR
2026-01-06,ACC0000001928,163743.98,0.0,897.55,162846.43,NPR
2026-01-06,ACC0000001929,422514.69,0.0,0.0,422514.69,NPR
2026-01-06,ACC0000001930,203352.56,0.0,138696.65,64655.91,NPR
2026-01-06,ACC0000001931,363029.77,46980.43,163193.76,246816.44,NPR
2026-01-06,ACC0000001932,394360.62,21317.73,4460.6,411217.75,NPR
2026-01-06,ACC0000001933,152199.82,119036.13,0.0,271235.95,NPR
2026-01-06,ACC0000001934,462782.93,72717.34,42389.79,493110.48,NPR
2026-01-06,ACC0000001935,461576.23,0.0,66596.95,394979.28,NPR
2026-01-06,ACC0000001936,447320.87,0.0,0.0,447320.87,NPR
2026-01-06,ACC0000001937,316848.24,10312.14,20162.78,306997.6,NPR
2026-01-06,ACC0000001938,303759.77,0.0,0.0,303759.77,NPR
2026-01-06,ACC0000001939,460209.44,57715.93,45345.5,472579.87,NPR
2026-01-06,ACC0000001940,196662.14,37843.08,117157.28,117347.94,NPR
2026-01-06,ACC0000001941,293276.52,43494.8,8819.86,327951.46,NPR
2026-01-06,ACC0000001942,123112.74,0.0,16548.28,106564.46,NPR
2026-01-06,ACC0000001943,468349.17,0.0,56284.25,412064.92,NPR
2026-01-06,ACC0000001944,406253.03,0.0,38603.56,367649.47,NPR
2026-01-06,ACC0000001945,79041.98,0.0,67420.04,11621.94,NPR
2026-01-06,ACC0000001946,393032.58,25677.73,0.0,418710.31,NPR
2026-01-06,ACC0000001947,209972.8,33091.73,51556.48,191508.05,NPR
2026-01-06,ACC0000001948,310982.24,0.0,42350.82,268631.42,NPR
2026-01-06,ACC0000001949,412858.17,0.0,0.0,412858.17,NPR
2026-01-06,ACC0000001950,405331.42,0.0,65965.69,339365.73,NPR
2026-01-06,ACC0000001951,111607.78,47437.8,40129.8,118915.78,NPR
2026-01-06,ACC0000001952,377829.97,0.0,121456.38,256373.59,NPR
2026-01-06,ACC0000001953,123222.45,41253.74,2997.01,161479.18,NPR
2026-01-06,ACC0000001954,330383.47,0.0,72540.34,257843.13,NPR
2026-01-06,ACC0000001955,368260.84,0.0,0.0,368260.84,NPR
2026-01-06,ACC0000001956,182123.03,0.0,0.0,182123.03,NPR
2026-01-06,ACC0000001957,460535.0,0.0,0.0,460535.0,NPR
2026-01-06,ACC0000001958,181693.2,39605.63,34462.88,186835.95,NPR
2026-01-06,ACC0000001959,225433.79,8700.29,86086.33,148047.75,NPR
2026-01-06,ACC0000001960,404108.01,41776.91,132564.18,313320.74,NPR
2026-01-06,ACC0000001961,32227.6,38581.41,26483.55,44325.46,NPR
2026-01-06,ACC0000001962,160650.15,0.0,46916.55,113733.6,NPR
2026-01-06,ACC0000001963,450072.27,0.0,0.0,450072.27,NPR
2026-01-06,ACC0000001964,38073.31,0.0,5674.01,32399.3,NPR
2026-01-06,ACC0000001965,178234.08,0.0,0.0,178234.08,NPR
2026-01-06,ACC0000001966,210960.74,0.0,48866.34,162094.4,NPR
2026-01-06,ACC0000001967,265000.63,0.0,82430.85,182569.78,NPR
2026-01-06,ACC0000001968,7571.4,0.0,68656.97,-61085.57,NPR
2026-01-06,ACC0000001969,102983.17,0.0,120121.98,-17138.81,NPR
2026-01-06,ACC0000001970,7833.92,62941.66,115538.66,-44763.08,NPR
2026-01-06,ACC0000001971,272540.62,0.0,9348.46,263192.16,NPR
2026-01-06,ACC0000001972,278164.03,0.0,20400.15,257763.88,NPR
2026-01-06,ACC0000001973,450554.62,0.0,0.0,450554.62,NPR
2026-01-06,ACC0000001974,159912.59,0.0,931.55,158981.04,NPR
2026-01-06,ACC0000001975,1642.94,0.0,28708.61,-27065.67,NPR
2026-01-06,ACC0000001976,148560.59,0.0,34784.93,113775.66,NPR
2026-01-06,ACC0000001977,467638.53,0.0,54993.96,412644.57,NPR
2026-01-06,ACC0000001978,227363.54,13433.71,58539.24,182258.01,NPR
2026-01-06,ACC0000001979,499662.32,0.0,116491.54,383170.78,NPR
2026-01-06,ACC0000001980,65017.33,44076.23,33925.09,75168.47,NPR
2026-01-06,ACC0000001981,326690.76,0.0,26068.55,300622.21,NPR
2026-01-06,ACC0000001982,300104.97,0.0,14281.24,285823.73,NPR
2026-01-06,ACC0000001983,151819.57,0.0,52418.62,99400.95,NPR
2026-01-06,ACC0000001984,493209.21,0.0,0.0,493209.21,NPR
2026-01-06,ACC0000001985,49152.09,30186.56,10376.75,68961.9,NPR
2026-01-06,ACC0000001986,239500.89,7146.64,45595.25,201052.28,NPR
2026-01-06,ACC0000001987,301410.25,0.0,71659.67,229750.58,NPR
2026-01-06,ACC0000001988,373979.52,0.0,0.0,373979.52,NPR
2026-01-06,ACC0000001989,435506.7,45056.95,32746.54,447817.11,NPR
2026-01-06,ACC0000001990,440455.62,0.0,0.0,440455.62,NPR
2026-01-06,ACC0000001991,145342.71,0.0,33133.88,112208.83,NPR
2026-01-06,ACC0000001992,475657.97,31369.33,62488.42,444538.88,NPR
2026-01-06,ACC0000001993,387054.38,0.0,0.0,387054.38,NPR
2026-01-06,ACC0000001994,374047.47,45412.48,10116.75,409343.2,NPR
2026-01-06,ACC0000001995,447316.54,0.0,0.0,447316.54,NPR
2026-01-06,ACC0000001996,266368.63,0.0,33712.9,232655.73,NPR
2026-01-06,ACC0000001997,318071.43,0.0,44450.14,273621.29,NPR
2026-01-06,ACC0000001998,201580.45,35061.63,124072.26,112569.82,NPR
2026-01-06,ACC0000001999,359069.89,0.0,0.0,359069.89,NPR
2026-01-06,ACC0000002000,32064.28,0.0,39655.33,-7591.05,NPR
2026-01-06,ACC0000002001,165136.43,40935.37,28460.44,177611.36,NPR
2026-01-06,ACC0000002002,461319.81,0.0,0.0,461319.81,NPR
2026-01-06,ACC0000002003,285134.27,0.0,0.0,285134.27,NPR
2026-01-06,ACC0000002004,231232.79,53280.72,44347.25,240166.26,NPR
2026-01-06,ACC0000002005,70464.77,0.0,23335.54,47129.23,NPR
2026-01-06,ACC0000002006,456611.03,0.0,114796.16,341814.87,NPR
2026-01-06,ACC0000002007,77898.37,0.0,0.0,77898.37,NPR
2026-01-06,ACC0000002008,13213.15,33572.17,0.0,46785.32,NPR
2026-01-06,ACC0000002009,468582.55,44611.7,17905.88,495288.37,NPR
2026-01-06,ACC0000002010,409176.13,0.0,9751.8,399424.33,NPR
2026-01-06,ACC0000002011,237239.0,9398.57,102627.07,144010.5,NPR
2026-01-06,ACC0000002012,482014.42,15068.31,0.0,497082.73,NPR
2026-01-06,ACC0000002013,64750.23,0.0,22412.79,42337.44,NPR
2026-01-06,ACC0000002014,367918.0,40764.13,28711.96,379970.17,NPR
2026-01-06,ACC0000002015,195793.12,0.0,10169.89,185623.23,NPR
2026-01-06,ACC0000002016,39380.38,0.0,170905.39,-131525.01,NPR
2026-01-06,ACC0000002017,29937.58,39204.23,72554.29,-3412.48,NPR
2026-01-06,ACC0000002018,161058.82,0.0,54949.95,106108.87,NPR
2026-01-06,ACC0000002019,413325.33,32417.26,85500.39,360242.2,NPR
2026-01-06,ACC0000002020,43840.26,43555.12,77870.68,9524.7,NPR
2026-01-06,ACC0000002021,89672.52,0.0,35949.37,53723.15,NPR
2026-01-06,ACC0000002022,469779.15,13004.79,42830.62,439953.32,NPR
2026-01-06,ACC0000002023,49643.19,37011.37,86301.5,353.06,NPR
2026-01-06,ACC0000002024,90281.61,39774.72,24843.01,105213.32,NPR
2026-01-06,ACC0000002025,184475.26,39485.84,82666.37,141294.73,NPR
2026-01-06,ACC0000002026,242845.25,0.0,0.0,242845.25,NPR
2026-01-06,ACC0000002027,239102.64,0.0,32341.83,206760.81,NPR
2026-01-06,ACC0000002028,379435.76,0.0,9255.58,370180.18,NPR
2026-01-06,ACC0000002029,327205.51,0.0,0.0,327205.51,NPR
2026-01-06,ACC0000002030,137018.03,0.0,114975.89,22042.14,NPR
2026-01-06,ACC0000002031,156502.94,0.0,0.0,156502.94,NPR
2026-01-06,ACC0000002032,382959.2,0.0,31193.69,351765.51,NPR
2026-01-06,ACC0000002033,355628.43,42121.34,61380.94,336368.83,NPR
2026-01-06,ACC0000002034,80748.5,23991.43,27814.56,76925.37,NPR
2026-01-06,ACC0000002035,373992.95,7501.04,69864.29,311629.7,NPR
2026-01-06,ACC0000002036,443759.47,0.0,8430.62,435328.85,NPR
2026-01-06,ACC0000002037,228609.95,2819.49,47667.93,183761.51,NPR
2026-01-06,ACC0000002038,31391.68,9635.41,63905.74,-22878.65,NPR
2026-01-06,ACC0000002039,178352.25,0.0,37096.28,141255.97,NPR
2026-01-06,ACC0000002040,222938.89,0.0,0.0,222938.89,NPR
2026-01-06,ACC0000002041,125183.44,0.0,62261.86,62921.58,NPR
2026-01-06,ACC0000002042,361310.79,0.0,0.0,361310.79,NPR
2026-01-06,ACC0000002043,181684.7,0.0,32383.93,149300.77,NPR
2026-01-06,ACC0000002044,490709.5,0.0,59104.78,431604.72,NPR
2026-01-06,ACC0000002045,118500.05,0.0,11871.71,106628.34,NPR
2026-01-06,ACC0000002046,364619.17,34701.93,13767.31,385553.79,NPR
2026-01-06,ACC0000002047,171039.8,0.0,30273.08,140766.72,NPR
2026-01-06,ACC0000002048,191163.42,0.0,28793.42,162370.0,NPR
2026-01-06,ACC0000002049,324475.76,0.0,82264.67,242211.09,NPR
2026-01-06,ACC0000002050,420908.51,48755.25,67316.24,402347.52,NPR
2026-01-06,ACC0000002051,166705.54,0.0,0.0,166705.54,NPR
2026-01-06,ACC0000002052,301833.86,0.0,38595.17,263238.69,NPR
2026-01-06,ACC0000002053,286491.73,0.0,63554.68,222937.05,NPR
2026-01-06,ACC0000002054,426418.58,0.0,0.0,426418.58,NPR
2026-01-06,ACC0000002055,169148.63,0.0,15764.28,153384.35,NPR
2026-01-06,ACC0000002056,96442.69,0.0,71972.07,24470.62,NPR
2026-01-06,ACC0000002057,230737.21,0.0,69919.77,160817.44,NPR
2026-01-06,ACC0000002058,220363.43,0.0,846.96,219516.47,NPR
2026-01-06,ACC0000002059,489786.54,20694.71,0.0,510481.25,NPR
2026-01-06,ACC0000002060,60252.54,27152.94,109703.14,-22297.66,NPR
2026-01-06,ACC0000002061,16552.94,0.0,0.0,16552.94,NPR
2026-01-06,ACC0000002062,272212.53,0.0,30414.86,241797.67,NPR
2026-01-06,ACC0000002063,487619.78,38748.5,54827.24,471541.04,NPR
2026-01-06,ACC0000002064,453133.13,0.0,0.0,453133.13,NPR
2026-01-06,ACC0000002065,469929.72,0.0,47997.48,421932.24,NPR
2026-01-06,ACC0000002066,273168.65,34008.86,31527.76,275649.75,NPR
2026-01-06,ACC0000002067,324680.28,0.0,20840.22,303840.06,NPR
2026-01-06,ACC0000002068,14616.13,0.0,19043.16,-4427.03,NPR
2026-01-06,ACC0000002069,116564.17,0.0,78461.3,38102.87,NPR
2026-01-06,ACC0000002070,489793.95,0.0,73093.99,416699.96,NPR
2026-01-06,ACC0000002071,212979.02,12410.83,35322.95,190066.9,NPR
2026-01-06,ACC0000002072,184342.79,15051.89,0.0,199394.68,NPR
2026-01-06,ACC0000002073,97146.06,21811.48,110312.58,8644.96,NPR
2026-01-06,ACC0000002074,234086.4,0.0,59904.87,174181.53,NPR
2026-01-06,ACC0000002075,431339.5,28466.55,116583.12,343222.93,NPR
2026-01-06,ACC0000002076,492230.25,36706.0,0.0,528936.25,NPR
2026-01-06,ACC0000002077,382342.09,0.0,11977.44,370364.65,NPR
2026-01-06,ACC0000002078,443161.24,0.0,53820.68,389340.56,NPR
2026-01-06,ACC0000002079,398967.7,0.0,50543.17,348424.53,NPR
2026-01-06,ACC0000002080,310246.4,36755.21,51258.74,295742.87,NPR
2026-01-06,ACC0000002081,219566.8,0.0,0.0,219566.8,NPR
2026-01-06,ACC0000002082,412407.65,22592.49,52329.7,382670.44,NPR
2026-01-06,ACC0000002083,204241.03,0.0,0.0,204241.03,NPR
2026-01-06,ACC0000002084,386533.82,0.0,52807.06,333726.76,NPR
2026-01-06,ACC0000002085,386965.25,0.0,19873.94,367091.31,NPR
2026-01-06,ACC0000002086,423944.17,0.0,26620.62,397323.55,NPR
2026-01-06,ACC0000002087,89917.49,0.0,41252.35,48665.14,NPR
2026-01-06,ACC0000002088,326303.48,0.0,56978.27,269325.21,NPR
2026-01-06,ACC0000002089,190477.23,0.0,47311.91,143165.32,NPR
2026-01-06,ACC0000002090,181755.58,25249.29,64190.43,142814.44,NPR
2026-01-06,ACC0000002091,420545.79,45156.3,103195.97,362506.12,NPR
2026-01-06,ACC0000002092,214687.49,0.0,66734.41,147953.08,NPR
2026-01-06,ACC0000002093,36242.0,0.0,15574.48,20667.52,NPR
2026-01-06,ACC0000002094,416411.0,0.0,10228.59,406182.41,NPR
2026-01-06,ACC0000002095,430007.57,0.0,38801.32,391206.25,NPR
2026-01-06,ACC0000002096,102622.15,0.0,85666.02,16956.13,NPR
2026-01-06,ACC0000002097,132654.05,0.0,0.0,132654.05,NPR
2026-01-06,ACC0000002098,264818.67,0.0,0.0,264818.67,NPR
2026-01-06,ACC0000002099,283293.94,0.0,101233.6,182060.34,NPR
2026-01-06,ACC0000002100,122635.22,0.0,0.0,122635.22,NPR
2026-01-06,ACC0000002101,456372.88,0.0,13380.12,442992.76,NPR
2026-01-06,ACC0000002102,211896.44,0.0,75453.26,136443.18,NPR
2026-01-06,ACC0000002103,465123.2,37464.64,115627.3,386960.54,NPR
2026-01-06,ACC0000002104,132445.91,11321.0,40046.48,103720.43,NPR
2026-01-06,ACC0000002105,481925.06,0.0,84233.69,397691.37,NPR
2026-01-06,ACC0000002106,376335.15,0.0,43838.2,332496.95,NPR
2026-01-06,ACC0000002107,116496.99,0.0,51635.49,64861.5,NPR
2026-01-06,ACC0000002108,43494.2,0.0,156065.27,-112571.07,NPR
2026-01-06,ACC0000002109,181213.73,0.0,0.0,181213.73,NPR
2026-01-06,ACC0000002110,208752.05,0.0,91751.06,117000.99,NPR
2026-01-06,ACC0000002111,198292.18,0.0,24789.24,173502.94,NPR
2026-01-06,ACC0000002112,265762.06,5152.04,0.0,270914.1,NPR
2026-01-06,ACC0000002113,355468.73,0.0,66819.24,288649.49,NPR
2026-01-06,ACC0000002114,443657.05,0.0,0.0,443657.05,NPR
2026-01-06,ACC0000002115,382817.09,0.0,0.0,382817.09,NPR
2026-01-06,ACC0000002116,70939.06,94461.22,87724.29,77675.99,NPR
2026-01-06,ACC0000002117,366495.0,21917.46,75948.95,312463.51,NPR
2026-01-06,ACC0000002118,156935.3,0.0,52703.71,104231.59,NPR
2026-01-06,ACC0000002119,376878.59,0.0,24188.73,352689.86,NPR
2026-01-06,ACC0000002120,227030.42,0.0,82729.96,144300.46,NPR
2026-01-06,ACC0000002121,377505.15,11569.75,0.0,389074.9,NPR
2026-01-06,ACC0000002122,124533.21,15844.39,2300.35,138077.25,NPR
2026-01-06,ACC0000002123,466233.03,0.0,0.0,466233.03,NPR
2026-01-06,ACC0000002124,456557.47,0.0,0.0,456557.47,NPR
2026-01-06,ACC0000002125,424115.63,0.0,0.0,424115.63,NPR
2026-01-06,ACC0000002126,294615.74,24751.35,0.0,319367.09,NPR
2026-01-06,ACC0000002127,428003.77,0.0,100295.11,327708.66,NPR
2026-01-06,ACC0000002128,75714.12,0.0,13298.0,62416.12,NPR
2026-01-06,ACC0000002129,201762.93,0.0,0.0,201762.93,NPR
2026-01-06,ACC0000002130,292324.0,44715.87,0.0,337039.87,NPR
2026-01-06,ACC0000002131,398468.03,15532.46,113715.4,300285.09,NPR
2026-01-06,ACC0000002132,54370.84,0.0,0.0,54370.84,NPR
2026-01-06,ACC0000002133,200639.85,0.0,0.0,200639.85,NPR
2026-01-06,ACC0000002134,194432.49,0.0,0.0,194432.49,NPR
2026-01-06,ACC0000002135,43840.55,0.0,31544.55,12296.0,NPR
2026-01-06,ACC0000002136,402064.61,0.0,0.0,402064.61,NPR
2026-01-06,ACC0000002137,11072.15,42315.1,43890.28,9496.97,NPR
2026-01-06,ACC0000002138,248939.95,0.0,192380.07,56559.88,NPR
2026-01-06,ACC0000002139,23773.59,0.0,526.87,23246.72,NPR
2026-01-06,ACC0000002140,198237.35,0.0,102620.79,95616.56,NPR
2026-01-06,ACC0000002141,170554.21,25233.22,15144.78,180642.65,NPR
2026-01-06,ACC0000002142,22279.68,0.0,66886.99,-44607.31,NPR
2026-01-06,ACC0000002143,165747.44,48208.36,70523.67,143432.13,NPR
2026-01-06,ACC0000002144,261959.33,0.0,32451.87,229507.46,NPR
2026-01-06,ACC0000002145,436371.74,0.0,91492.44,344879.3,NPR
2026-01-06,ACC0000002146,191894.94,9824.38,0.0,201719.32,NPR
2026-01-06,ACC0000002147,440177.65,0.0,0.0,440177.65,NPR
2026-01-06,ACC0000002148,294134.24,18877.84,35743.09,277268.99,NPR
2026-01-06,ACC0000002149,409667.63,0.0,68576.77,341090.86,NPR
2026-01-06,ACC0000002150,153753.11,0.0,0.0,153753.11,NPR
2026-01-06,ACC0000002151,278244.23,48826.34,18888.14,308182.43,NPR
2026-01-06,ACC0000002152,453061.0,0.0,23358.07,429702.93,NPR
2026-01-06,ACC0000002153,273741.84,0.0,14902.77,258839.07,NPR
2026-01-06,ACC0000002154,173010.16,0.0,0.0,173010.16,NPR
2026-01-06,ACC0000002155,134448.45,0.0,72591.11,61857.34,NPR
2026-01-06,ACC0000002156,61208.83,0.0,17286.35,43922.48,NPR
2026-01-06,ACC0000002157,413080.86,0.0,89653.71,323427.15,NPR
2026-01-06,ACC0000002158,341449.96,0.0,42699.15,298750.81,NPR
2026-01-06,ACC0000002159,379020.65,1582.23,78517.55,302085.33,NPR
2026-01-06,ACC0000002160,261019.81,0.0,43215.62,217804.19,NPR
2026-01-06,ACC0000002161,262882.99,0.0,0.0,262882.99,NPR
2026-01-06,ACC0000002162,249550.63,17812.49,5196.98,262166.14,NPR
2026-01-06,ACC0000002163,350552.42,0.0,41478.6,309073.82,NPR
2026-01-06,ACC0000002164,66959.0,0.0,31609.98,35349.02,NPR
2026-01-06,ACC0000002165,481093.44,1965.24,0.0,483058.68,NPR
2026-01-06,ACC0000002166,352046.97,0.0,25011.18,327035.79,NPR
2026-01-06,ACC0000002167,417958.4,17267.61,10923.23,424302.78,NPR
2026-01-06,ACC0000002168,423866.28,0.0,56604.75,367261.53,NPR
2026-01-06,ACC0000002169,114656.0,0.0,59678.32,54977.68,NPR
2026-01-06,ACC0000002170,200721.03,0.0,47115.1,153605.93,NPR
2026-01-06,ACC0000002171,346084.12,0.0,28827.45,317256.67,NPR
2026-01-06,ACC0000002172,61862.11,0.0,47921.36,13940.75,NPR
2026-01-06,ACC0000002173,332303.19,0.0,0.0,332303.19,NPR
2026-01-06,ACC0000002174,307721.7,1488.11,69973.55,239236.26,NPR
2026-01-06,ACC0000002175,65434.34,51736.35,94236.91,22933.78,NPR
2026-01-06,ACC0000002176,38102.79,0.0,36510.35,1592.44,NPR
2026-01-06,ACC0000002177,338691.34,0.0,92338.28,246353.06,NPR
2026-01-06,ACC0000002178,253327.63,0.0,38191.57,215136.06,NPR
2026-01-06,ACC0000002179,58531.52,72237.28,38520.13,92248.67,NPR
2026-01-06,ACC0000002180,488358.0,0.0,0.0,488358.0,NPR
2026-01-06,ACC0000002181,303047.72,0.0,48727.08,254320.64,NPR
2026-01-06,ACC0000002182,80480.77,45603.12,16011.63,110072.26,NPR
2026-01-06,ACC0000002183,364122.52,0.0,33996.01,330126.51,NPR
2026-01-06,ACC0000002184,247094.08,0.0,87693.2,159400.88,NPR
2026-01-06,ACC0000002185,39183.14,0.0,0.0,39183.14,NPR
2026-01-06,ACC0000002186,3572.37,61439.16,39355.1,25656.43,NPR
2026-01-06,ACC0000002187,327640.53,0.0,18744.34,308896.19,NPR
2026-01-06,ACC0000002188,130715.71,16808.68,14582.95,132941.44,NPR
2026-01-06,ACC0000002189,176469.95,30538.43,12460.57,194547.81,NPR
2026-01-06,ACC0000002190,184721.5,0.0,14917.03,169804.47,NPR
2026-01-06,ACC0000002191,229460.0,0.0,47179.07,182280.93,NPR
2026-01-06,ACC0000002192,172252.81,33971.15,166011.21,40212.75,NPR
2026-01-06,ACC0000002193,129984.93,0.0,99311.69,30673.24,NPR
2026-01-06,ACC0000002194,390320.04,0.0,0.0,390320.04,NPR
2026-01-06,ACC0000002195,372863.0,0.0,119681.48,253181.52,NPR
2026-01-06,ACC0000002196,47703.86,33813.45,62141.37,19375.94,NPR
2026-01-06,ACC0000002197,313693.31,0.0,55282.4,258410.91,NPR
2026-01-06,ACC0000002198,151001.76,0.0,75061.09,75940.67,NPR
2026-01-06,ACC0000002199,6832.51,0.0,30439.5,-23606.99,NPR
2026-01-06,ACC0000002200,155191.33,0.0,0.0,155191.33,NPR
2026-01-06,ACC0000002201,459210.85,0.0,107446.61,351764.24,NPR
2026-01-06,ACC0000002202,430064.33,49391.83,40315.65,439140.51,NPR
2026-01-06,ACC0000002203,139772.5,0.0,33346.44,106426.06,NPR
2026-01-06,ACC0000002204,197621.05,61533.45,139457.91,119696.59,NPR
2026-01-06,ACC0000002205,270840.76,0.0,31701.76,239139.0,NPR
2026-01-06,ACC0000002206,70000.04,0.0,107427.43,-37427.39,NPR
2026-01-06,ACC0000002207,263288.81,0.0,116806.45,146482.36,NPR
2026-01-06,ACC0000002208,154960.31,0.0,123772.53,31187.78,NPR
2026-01-06,ACC0000002209,27765.32,0.0,131246.96,-103481.64,NPR
2026-01-06,ACC0000002210,280971.97,2934.3,94752.39,189153.88,NPR
2026-01-06,ACC0000002211,486964.57,0.0,21839.64,465124.93,NPR
2026-01-06,ACC0000002212,36728.27,0.0,19052.76,17675.51,NPR
2026-01-06,ACC0000002213,453232.33,0.0,95953.46,357278.87,NPR
2026-01-06,ACC0000002214,25697.06,49796.86,12181.92,63312.0,NPR
2026-01-06,ACC0000002215,432022.02,4567.24,71336.79,365252.47,NPR
2026-01-06,ACC0000002216,58924.71,0.0,0.0,58924.71,NPR
2026-01-06,ACC0000002217,174422.24,0.0,127550.54,46871.7,NPR
2026-01-06,ACC0000002218,298321.68,15036.64,10470.56,302887.76,NPR
2026-01-06,ACC0000002219,87729.18,0.0,0.0,87729.18,NPR
2026-01-06,ACC0000002220,209283.76,0.0,0.0,209283.76,NPR
2026-01-06,ACC0000002221,126774.74,0.0,27564.13,99210.61,NPR
2026-01-06,ACC0000002222,217678.48,0.0,21070.2,196608.28,NPR
2026-01-06,ACC0000002223,80082.62,8524.65,0.0,88607.27,NPR
2026-01-06,ACC0000002224,269760.86,37354.32,32354.52,274760.66,NPR
2026-01-06,ACC0000002225,449560.69,0.0,61039.19,388521.5,NPR
2026-01-06,ACC0000002226,481714.6,0.0,11796.27,469918.33,NPR
2026-01-06,ACC0000002227,445995.99,0.0,45732.43,400263.56,NPR
2026-01-06,ACC0000002228,162249.94,15896.32,53264.82,124881.44,NPR
2026-01-06,ACC0000002229,316555.03,0.0,0.0,316555.03,NPR
2026-01-06,ACC0000002230,397427.48,0.0,0.0,397427.48,NPR
2026-01-06,ACC0000002231,111628.66,0.0,47057.45,64571.21,NPR
2026-01-06,ACC0000002232,366397.36,0.0,67288.45,299108.91,NPR
2026-01-06,ACC0000002233,192175.23,0.0,137989.0,54186.23,NPR
2026-01-06,ACC0000002234,145970.95,0.0,0.0,145970.95,NPR
2026-01-06,ACC0000002235,3754.82,27633.31,0.0,31388.13,NPR
2026-01-06,ACC0000002236,187024.68,8048.44,55568.75,139504.37,NPR
2026-01-06,ACC0000002237,170413.0,0.0,0.0,170413.0,NPR
2026-01-06,ACC0000002238,249840.34,23310.73,45782.98,227368.09,NPR
2026-01-06,ACC0000002239,442741.82,19608.82,105319.24,357031.4,NPR
2026-01-06,ACC0000002240,370758.73,0.0,64579.79,306178.94,NPR
2026-01-06,ACC0000002241,275370.17,0.0,78650.21,196719.96,NPR
2026-01-06,ACC0000002242,450307.67,15464.64,0.0,465772.31,NPR
2026-01-06,ACC0000002243,375146.87,0.0,56180.61,318966.26,NPR
2026-01-06,ACC0000002244,487517.88,0.0,13770.03,473747.85,NPR
2026-01-06,ACC0000002245,270536.06,0.0,160567.13,109968.93,NPR
2026-01-06,ACC0000002246,269081.65,0.0,25156.77,243924.88,NPR
2026-01-06,ACC0000002247,364140.97,0.0,51116.92,313024.05,NPR
2026-01-06,ACC0000002248,426611.13,14013.08,99694.45,340929.76,NPR
2026-01-06,ACC0000002249,46086.6,29553.91,133336.18,-57695.67,NPR
2026-01-06,ACC0000002250,236941.02,0.0,103881.38,133059.64,NPR
2026-01-06,ACC0000002251,183571.71,43128.02,44502.05,182197.68,NPR
2026-01-06,ACC0000002252,145186.47,39373.07,106110.15,78449.39,NPR
2026-01-06,ACC0000002253,305920.24,27286.18,127066.58,206139.84,NPR
2026-01-06,ACC0000002254,144729.65,0.0,0.0,144729.65,NPR
2026-01-06,ACC0000002255,338718.96,0.0,0.0,338718.96,NPR
2026-01-06,ACC0000002256,460218.31,0.0,82415.58,377802.73,NPR
2026-01-06,ACC0000002257,263019.48,0.0,114896.8,148122.68,NPR
2026-01-06,ACC0000002258,377823.04,0.0,31678.15,346144.89,NPR
2026-01-06,ACC0000002259,465947.71,0.0,90456.63,375491.08,NPR
2026-01-06,ACC0000002260,75097.31,36878.71,55977.87,55998.15,NPR
2026-01-06,ACC0000002261,408637.3,0.0,82566.51,326070.79,NPR
2026-01-06,ACC0000002262,212384.45,0.0,77025.71,135358.74,NPR
2026-01-06,ACC0000002263,54439.96,10594.5,22323.62,42710.84,NPR
2026-01-06,ACC0000002264,132252.58,0.0,32424.34,99828.24,NPR
2026-01-06,ACC0000002265,350029.3,0.0,50032.29,299997.01,NPR
2026-01-06,ACC0000002266,369960.23,0.0,0.0,369960.23,NPR
2026-01-06,ACC0000002267,446544.53,49164.31,113744.12,381964.72,NPR
2026-01-06,ACC0000002268,492503.71,0.0,51381.54,441122.17,NPR
2026-01-06,ACC0000002269,390600.28,36503.3,0.0,427103.58,NPR
2026-01-06,ACC0000002270,497610.32,0.0,0.0,497610.32,NPR
2026-01-06,ACC0000002271,129422.36,0.0,51812.4,77609.96,NPR
2026-01-06,ACC0000002272,129132.83,0.0,0.0,129132.83,NPR
2026-01-06,ACC0000002273,147590.6,0.0,92921.7,54668.9,NPR
2026-01-06,ACC0000002274,406859.01,29690.7,94726.63,341823.08,NPR
2026-01-06,ACC0000002275,396374.37,30267.99,172879.33,253763.03,NPR
2026-01-06,ACC0000002276,399991.19,0.0,0.0,399991.19,NPR
2026-01-06,ACC0000002277,311970.89,81068.55,44951.3,348088.14,NPR
2026-01-06,ACC0000002278,310916.66,2433.84,53441.1,259909.4,NPR
2026-01-06,ACC0000002279,264231.38,0.0,14187.27,250044.11,NPR
2026-01-06,ACC0000002280,264859.75,0.0,12390.41,252469.34,NPR
2026-01-06,ACC0000002281,357769.72,20172.35,13171.11,364770.96,NPR
2026-01-06,ACC0000002282,346726.53,0.0,0.0,346726.53,NPR
2026-01-06,ACC0000002283,316465.11,31341.24,15071.36,332734.99,NPR
2026-01-06,ACC0000002284,38845.4,0.0,35219.42,3625.98,NPR
2026-01-06,ACC0000002285,64386.28,0.0,0.0,64386.28,NPR
2026-01-06,ACC0000002286,355743.88,0.0,0.0,355743.88,NPR
2026-01-06,ACC0000002287,402265.93,45434.99,14044.66,433656.26,NPR
2026-01-06,ACC0000002288,413381.66,0.0,0.0,413381.66,NPR
2026-01-06,ACC0000002289,7545.09,2583.75,84033.18,-73904.34,NPR
2026-01-06,ACC0000002290,368114.62,0.0,58558.14,309556.48,NPR
2026-01-06,ACC0000002291,159272.09,0.0,80800.84,78471.25,NPR
2026-01-06,ACC0000002292,290243.95,0.0,18783.34,271460.61,NPR
2026-01-06,ACC0000002293,63201.34,8466.35,0.0,71667.69,NPR
2026-01-06,ACC0000002294,204188.96,42270.39,72602.19,173857.16,NPR
2026-01-06,ACC0000002295,189391.01,0.0,74311.98,115079.03,NPR
2026-01-06,ACC0000002296,488487.76,0.0,406.02,488081.74,NPR
2026-01-06,ACC0000002297,488454.45,4806.39,24354.08,468906.76,NPR
2026-01-06,ACC0000002298,317388.37,0.0,87314.22,230074.15,NPR
2026-01-06,ACC0000002299,155873.54,0.0,60628.22,95245.32,NPR
2026-01-06,ACC0000002300,71563.18,0.0,10252.02,61311.16,NPR
2026-01-06,ACC0000002301,230938.5,0.0,0.0,230938.5,NPR
2026-01-06,ACC0000002302,480145.52,10064.77,54355.04,435855.25,NPR
2026-01-06,ACC0000002303,236354.45,0.0,23218.21,213136.24,NPR
2026-01-06,ACC0000002304,171789.01,0.0,11952.88,159836.13,NPR
2026-01-06,ACC0000002305,312604.68,3220.46,0.0,315825.14,NPR
2026-01-06,ACC0000002306,20118.64,0.0,36564.8,-16446.16,NPR
2026-01-06,ACC0000002307,355103.59,42126.35,42728.06,354501.88,NPR
2026-01-06,ACC0000002308,405656.7,0.0,83259.93,322396.77,NPR
2026-01-06,ACC0000002309,466041.02,0.0,0.0,466041.02,NPR
2026-01-06,ACC0000002310,248968.36,32804.38,104274.29,177498.45,NPR
2026-01-06,ACC0000002311,484579.83,49403.51,85973.31,448010.03,NPR
2026-01-06,ACC0000002312,52119.85,0.0,109121.29,-57001.44,NPR
2026-01-06,ACC0000002313,382098.21,0.0,59265.99,322832.22,NPR
2026-01-06,ACC0000002314,16581.11,36387.01,37887.63,15080.49,NPR
2026-01-06,ACC0000002315,146653.61,52493.35,0.0,199146.96,NPR
2026-01-06,ACC0000002316,242584.31,44173.56,46839.91,239917.96,NPR
2026-01-06,ACC0000002317,96182.23,4609.5,11923.79,88867.94,NPR
2026-01-06,ACC0000002318,483397.38,0.0,0.0,483397.38,NPR
2026-01-06,ACC0000002319,477289.77,0.0,74339.24,402950.53,NPR
2026-01-06,ACC0000002320,180047.04,0.0,69270.32,110776.72,NPR
2026-01-06,ACC0000002321,437611.08,30312.02,30780.55,437142.55,NPR
2026-01-06,ACC0000002322,50175.84,0.0,2799.34,47376.5,NPR
2026-01-06,ACC0000002323,209395.19,0.0,0.0,209395.19,NPR
2026-01-06,ACC0000002324,300640.02,0.0,0.0,300640.02,NPR
2026-01-06,ACC0000002325,303957.97,0.0,2877.19,301080.78,NPR
2026-01-06,ACC0000002326,264581.99,0.0,0.0,264581.99,NPR
2026-01-06,ACC0000002327,427115.47,0.0,40120.75,386994.72,NPR
2026-01-06,ACC0000002328,296689.66,30265.24,0.0,326954.9,NPR
2026-01-06,ACC0000002329,490501.88,15244.06,120735.02,385010.92,NPR
2026-01-06,ACC0000002330,455908.68,0.0,51261.99,404646.69,NPR
2026-01-06,ACC0000002331,135943.93,0.0,46911.16,89032.77,NPR
2026-01-06,ACC0000002332,214324.66,23299.61,11767.8,225856.47,NPR
2026-01-06,ACC0000002333,322512.96,0.0,161134.04,161378.92,NPR
2026-01-06,ACC0000002334,298893.91,0.0,113734.91,185159.0,NPR
2026-01-06,ACC0000002335,334168.57,0.0,2163.69,332004.88,NPR
2026-01-06,ACC0000002336,158160.76,38658.33,45500.26,151318.83,NPR
2026-01-06,ACC0000002337,482606.2,0.0,24154.47,458451.73,NPR
2026-01-06,ACC0000002338,494992.86,23484.9,0.0,518477.76,NPR
2026-01-06,ACC0000002339,410759.78,0.0,29539.43,381220.35,NPR
2026-01-06,ACC0000002340,454915.64,0.0,38941.69,415973.95,NPR
2026-01-06,ACC0000002341,21274.65,0.0,46945.95,-25671.3,NPR
2026-01-06,ACC0000002342,230523.37,0.0,19362.49,211160.88,NPR
2026-01-06,ACC0000002343,159630.32,0.0,5505.43,154124.89,NPR
2026-01-06,ACC0000002344,133016.11,6616.17,48012.26,91620.02,NPR
2026-01-06,ACC0000002345,179127.22,0.0,48757.37,130369.85,NPR
2026-01-06,ACC0000002346,356027.03,78509.68,0.0,434536.71,NPR
2026-01-06,ACC0000002347,188864.27,0.0,0.0,188864.27,NPR
2026-01-06,ACC0000002348,151667.73,0.0,154430.09,-2762.36,NPR
2026-01-06,ACC0000002349,153913.37,0.0,93606.1,60307.27,NPR
2026-01-06,ACC0000002350,235168.77,15397.05,74339.59,176226.23,NPR
2026-01-06,ACC0000002351,164732.45,0.0,71424.39,93308.06,NPR
2026-01-06,ACC0000002352,312289.54,1674.85,20648.07,293316.32,NPR
2026-01-06,ACC0000002353,44246.79,0.0,22050.65,22196.14,NPR
2026-01-06,ACC0000002354,90491.69,9201.96,12000.42,87693.23,NPR
2026-01-06,ACC0000002355,357637.69,12762.85,74247.01,296153.53,NPR
2026-01-06,ACC0000002356,463624.54,0.0,0.0,463624.54,NPR
2026-01-06,ACC0000002357,101683.48,0.0,46228.45,55455.03,NPR
2026-01-06,ACC0000002358,29517.82,46868.15,42930.48,33455.49,NPR
2026-01-06,ACC0000002359,397062.89,0.0,137847.55,259215.34,NPR
2026-01-06,ACC0000002360,51184.23,0.0,50832.5,351.73,NPR
2026-01-06,ACC0000002361,386045.82,0.0,0.0,386045.82,NPR
2026-01-06,ACC0000002362,86189.54,82411.89,14123.28,154478.15,NPR
2026-01-06,ACC0000002363,134938.69,0.0,2705.18,132233.51,NPR
2026-01-06,ACC0000002364,5692.99,0.0,59891.27,-54198.28,NPR
2026-01-06,ACC0000002365,311129.26,7565.06,35105.55,283588.77,NPR
2026-01-06,ACC0000002366,29708.09,38454.58,100737.28,-32574.61,NPR
2026-01-06,ACC0000002367,170431.57,0.0,0.0,170431.57,NPR
2026-01-06,ACC0000002368,476485.53,0.0,40759.0,435726.53,NPR
2026-01-06,ACC0000002369,172410.58,42552.92,43055.86,171907.64,NPR
2026-01-06,ACC0000002370,4081.26,0.0,0.0,4081.26,NPR
2026-01-06,ACC0000002371,137427.56,0.0,0.0,137427.56,NPR
2026-01-06,ACC0000002372,296265.28,0.0,0.0,296265.28,NPR
2026-01-06,ACC0000002373,14888.71,0.0,0.0,14888.71,NPR
2026-01-06,ACC0000002374,441913.26,17017.58,18621.03,440309.81,NPR
2026-01-06,ACC0000002375,216858.34,11770.25,0.0,228628.59,NPR
2026-01-06,ACC0000002376,23229.68,0.0,0.0,23229.68,NPR
2026-01-06,ACC0000002377,69733.2,0.0,74825.85,-5092.65,NPR
2026-01-06,ACC0000002378,97189.89,5655.72,41566.87,61278.74,NPR
2026-01-06,ACC0000002379,85367.27,88909.16,70605.49,103670.94,NPR
2026-01-06,ACC0000002380,349131.53,0.0,0.0,349131.53,NPR
2026-01-06,ACC0000002381,125097.53,0.0,39231.8,85865.73,NPR
2026-01-06,ACC0000002382,399961.91,0.0,0.0,399961.91,NPR
2026-01-06,ACC0000002383,281607.66,0.0,6164.28,275443.38,NPR
2026-01-06,ACC0000002384,498266.42,0.0,22367.45,475898.97,NPR
2026-01-06,ACC0000002385,130483.52,64643.29,65551.07,129575.74,NPR
2026-01-06,ACC0000002386,360060.37,0.0,40943.51,319116.86,NPR
2026-01-06,ACC0000002387,81732.6,0.0,0.0,81732.6,NPR
2026-01-06,ACC0000002388,92629.91,0.0,0.0,92629.91,NPR
2026-01-06,ACC0000002389,326512.29,0.0,0.0,326512.29,NPR
2026-01-06,ACC0000002390,428248.2,0.0,0.0,428248.2,NPR
2026-01-06,ACC0000002391,472804.13,0.0,0.0,472804.13,NPR
2026-01-06,ACC0000002392,493555.75,0.0,0.0,493555.75,NPR
2026-01-06,ACC0000002393,235158.71,0.0,69373.54,165785.17,NPR
2026-01-06,ACC0000002394,201774.45,0.0,0.0,201774.45,NPR
2026-01-06,ACC0000002395,235176.06,0.0,108782.32,126393.74,NPR
2026-01-06,ACC0000002396,476764.4,7327.41,90120.18,393971.63,NPR
2026-01-06,ACC0000002397,464906.85,0.0,78237.01,386669.84,NPR
2026-01-06,ACC0000002398,444785.29,0.0,0.0,444785.29,NPR
2026-01-06,ACC0000002399,124361.77,0.0,131750.71,-7388.94,NPR
2026-01-06,ACC0000002400,131121.08,0.0,100442.09,30678.99,NPR
2026-01-06,ACC0000002401,193639.49,0.0,87891.58,105747.91,NPR
2026-01-06,ACC0000002402,378969.75,45740.89,56537.7,368172.94,NPR
2026-01-06,ACC0000002403,456251.23,0.0,0.0,456251.23,NPR
2026-01-06,ACC0000002404,94265.5,0.0,22855.04,71410.46,NPR
2026-01-06,ACC0000002405,472675.75,9224.62,103514.87,378385.5,NPR
2026-01-06,ACC0000002406,374137.53,20050.42,41817.03,352370.92,NPR
2026-01-06,ACC0000002407,379604.71,0.0,210883.36,168721.35,NPR
2026-01-06,ACC0000002408,362641.02,0.0,67061.61,295579.41,NPR
2026-01-06,ACC0000002409,259530.39,21260.72,131913.57,148877.54,NPR
2026-01-06,ACC0000002410,16279.55,0.0,55539.67,-39260.12,NPR
2026-01-06,ACC0000002411,247804.35,0.0,69024.15,178780.2,NPR
2026-01-06,ACC0000002412,482318.16,0.0,100160.1,382158.06,NPR
2026-01-06,ACC0000002413,257223.01,0.0,107140.3,150082.71,NPR
2026-01-06,ACC0000002414,84609.39,0.0,0.0,84609.39,NPR
2026-01-06,ACC0000002415,26206.38,0.0,0.0,26206.38,NPR
2026-01-06,ACC0000002416,25696.87,48645.52,29134.41,45207.98,NPR
2026-01-06,ACC0000002417,138279.18,0.0,0.0,138279.18,NPR
2026-01-06,ACC0000002418,139124.25,0.0,26809.32,112314.93,NPR
2026-01-06,ACC0000002419,350577.69,17857.71,62666.49,305768.91,NPR
2026-01-06,ACC0000002420,111598.83,0.0,90686.38,20912.45,NPR
2026-01-06,ACC0000002421,148900.5,20785.81,0.0,169686.31,NPR
2026-01-06,ACC0000002422,469294.12,10984.77,16904.7,463374.19,NPR
2026-01-06,ACC0000002423,419930.82,29146.34,181882.53,267194.63,NPR
2026-01-06,ACC0000002424,327343.21,0.0,49102.25,278240.96,NPR
2026-01-06,ACC0000002425,178373.83,5234.8,56185.26,127423.37,NPR
2026-01-06,ACC0000002426,37086.23,9407.23,28767.84,17725.62,NPR
2026-01-06,ACC0000002427,195392.61,0.0,33984.91,161407.7,NPR
2026-01-06,ACC0000002428,460625.56,0.0,51090.56,409535.0,NPR
2026-01-06,ACC0000002429,344742.87,0.0,0.0,344742.87,NPR
2026-01-06,ACC0000002430,329393.01,0.0,11457.2,317935.81,NPR
2026-01-06,ACC0000002431,59698.76,0.0,0.0,59698.76,NPR
2026-01-06,ACC0000002432,227957.78,10569.68,15349.0,223178.46,NPR
2026-01-06,ACC0000002433,169095.36,0.0,0.0,169095.36,NPR
2026-01-06,ACC0000002434,449729.05,12279.82,106901.92,355106.95,NPR
2026-01-06,ACC0000002435,144704.95,0.0,38982.44,105722.51,NPR
2026-01-06,ACC0000002436,179138.03,41954.95,0.0,221092.98,NPR
2026-01-06,ACC0000002437,400970.71,28941.91,23049.11,406863.51,NPR
2026-01-06,ACC0000002438,256942.01,0.0,0.0,256942.01,NPR
2026-01-06,ACC0000002439,353575.16,22814.31,145255.28,231134.19,NPR
2026-01-06,ACC0000002440,465091.83,36877.41,78053.84,423915.4,NPR
2026-01-06,ACC0000002441,412742.74,0.0,19406.44,393336.3,NPR
2026-01-06,ACC0000002442,278211.72,0.0,16396.68,261815.04,NPR
2026-01-06,ACC0000002443,322096.36,26480.23,2787.69,345788.9,NPR
2026-01-06,ACC0000002444,237432.11,0.0,30128.85,207303.26,NPR
2026-01-06,ACC0000002445,314385.43,0.0,0.0,314385.43,NPR
2026-01-06,ACC0000002446,172837.05,46692.26,17928.9,201600.41,NPR
2026-01-06,ACC0000002447,384984.16,0.0,0.0,384984.16,NPR
2026-01-06,ACC0000002448,268358.49,0.0,0.0,268358.49,NPR
2026-01-06,ACC0000002449,393793.94,0.0,28472.93,365321.01,NPR
2026-01-06,ACC0000002450,62443.41,8323.35,41321.45,29445.31,NPR
2026-01-06,ACC0000002451,294138.74,0.0,57236.1,236902.64,NPR
2026-01-06,ACC0000002452,120774.27,0.0,78605.65,42168.62,NPR
2026-01-06,ACC0000002453,126790.17,0.0,0.0,126790.17,NPR
2026-01-06,ACC0000002454,27616.58,0.0,12939.44,14677.14,NPR
2026-01-06,ACC0000002455,292864.2,0.0,0.0,292864.2,NPR
2026-01-06,ACC0000002456,22119.52,0.0,79729.45,-57609.93,NPR
2026-01-06,ACC0000002457,463627.25,40413.49,0.0,504040.74,NPR
2026-01-06,ACC0000002458,110515.46,12815.5,0.0,123330.96,NPR
2026-01-06,ACC0000002459,365807.18,21512.21,68197.79,319121.6,NPR
2026-01-06,ACC0000002460,474895.94,54222.21,85103.62,444014.53,NPR
2026-01-06,ACC0000002461,375258.35,0.0,120459.22,254799.13,NPR
2026-01-06,ACC0000002462,154451.86,0.0,17852.95,136598.91,NPR
2026-01-06,ACC0000002463,291332.6,39806.27,102014.25,229124.62,NPR
2026-01-06,ACC0000002464,147579.78,4918.19,154344.0,-1846.03,NPR
2026-01-06,ACC0000002465,334437.13,0.0,35019.34,299417.79,NPR
2026-01-06,ACC0000002466,437470.31,22533.92,29082.24,430921.99,NPR
2026-01-06,ACC0000002467,188945.36,21288.3,0.0,210233.66,NPR
2026-01-06,ACC0000002468,24222.36,0.0,0.0,24222.36,NPR
2026-01-06,ACC0000002469,90715.63,0.0,1482.7,89232.93,NPR
2026-01-06,ACC0000002470,115419.5,0.0,175476.48,-60056.98,NPR
2026-01-06,ACC0000002471,387648.3,0.0,12586.84,375061.46,NPR
2026-01-06,ACC0000002472,90079.06,33748.24,113245.0,10582.3,NPR
2026-01-06,ACC0000002473,97001.65,0.0,48702.84,48298.81,NPR
2026-01-06,ACC0000002474,171296.73,0.0,55952.42,115344.31,NPR
2026-01-06,ACC0000002475,39963.97,15964.6,37193.91,18734.66,NPR
2026-01-06,ACC0000002476,223200.22,0.0,69181.02,154019.2,NPR
2026-01-06,ACC0000002477,278557.64,0.0,0.0,278557.64,NPR
2026-01-06,ACC0000002478,70423.58,0.0,48318.36,22105.22,NPR
2026-01-06,ACC0000002479,281376.91,0.0,0.0,281376.91,NPR
2026-01-06,ACC0000002480,414515.79,0.0,13554.7,400961.09,NPR
2026-01-06,ACC0000002481,132022.2,23196.55,38058.9,117159.85,NPR
2026-01-06,ACC0000002482,21672.38,13394.91,41797.26,-6729.97,NPR
2026-01-06,ACC0000002483,279492.72,43868.76,59740.84,263620.64,NPR
2026-01-06,ACC0000002484,453832.1,0.0,26412.84,427419.26,NPR
2026-01-06,ACC0000002485,302495.48,0.0,0.0,302495.48,NPR
2026-01-06,ACC0000002486,182850.95,0.0,35914.24,146936.71,NPR
2026-01-06,ACC0000002487,268949.29,0.0,4333.58,264615.71,NPR
2026-01-06,ACC0000002488,97025.83,0.0,74065.31,22960.52,NPR
2026-01-06,ACC0000002489,44198.82,3809.08,0.0,48007.9,NPR
2026-01-06,ACC0000002490,379852.06,0.0,0.0,379852.06,NPR
2026-01-06,ACC0000002491,131168.33,0.0,0.0,131168.33,NPR
2026-01-06,ACC0000002492,414139.91,0.0,69753.08,344386.83,NPR
2026-01-06,ACC0000002493,174300.85,0.0,22071.95,152228.9,NPR
2026-01-06,ACC0000002494,82508.49,13541.6,49745.66,46304.43,NPR
2026-01-06,ACC0000002495,69253.51,14879.26,142894.96,-58762.19,NPR
2026-01-06,ACC0000002496,174233.92,0.0,35118.38,139115.54,NPR
2026-01-06,ACC0000002497,387169.16,0.0,32481.29,354687.87,NPR
2026-01-06,ACC0000002498,44087.39,0.0,13454.48,30632.91,NPR
2026-01-06,ACC0000002499,109385.24,63790.49,34972.42,138203.31,NPR
2026-01-06,ACC0000002500,241572.38,0.0,11949.51,229622.87,NPR
2026-01-06,ACC0000002501,320766.58,0.0,0.0,320766.58,NPR
2026-01-06,ACC0000002502,224222.58,10098.57,28486.5,205834.65,NPR
2026-01-06,ACC0000002503,43707.2,0.0,44884.68,-1177.48,NPR
2026-01-06,ACC0000002504,282407.5,0.0,46386.53,236020.97,NPR
2026-01-06,ACC0000002505,386036.6,0.0,28450.47,357586.13,NPR
2026-01-06,ACC0000002506,185214.32,0.0,37761.73,147452.59,NPR
2026-01-06,ACC0000002507,145453.24,0.0,0.0,145453.24,NPR
2026-01-06,ACC0000002508,33232.6,61233.27,0.0,94465.87,NPR
2026-01-06,ACC0000002509,72589.35,29338.84,35865.46,66062.73,NPR
2026-01-06,ACC0000002510,168856.57,31197.5,0.0,200054.07,NPR
2026-01-06,ACC0000002511,46777.72,45095.66,0.0,91873.38,NPR
2026-01-06,ACC0000002512,241742.39,0.0,0.0,241742.39,NPR
2026-01-06,ACC0000002513,105741.45,0.0,37270.98,68470.47,NPR
2026-01-06,ACC0000002514,401244.9,3788.68,117330.12,287703.46,NPR
2026-01-06,ACC0000002515,219321.49,0.0,22623.15,196698.34,NPR
2026-01-06,ACC0000002516,205695.24,0.0,0.0,205695.24,NPR
2026-01-06,ACC0000002517,206063.09,0.0,90012.71,116050.38,NPR
2026-01-06,ACC0000002518,107343.72,0.0,0.0,107343.72,NPR
2026-01-06,ACC0000002519,67216.58,32711.19,86975.71,12952.06,NPR
2026-01-06,ACC0000002520,261302.29,0.0,54215.57,207086.72,NPR
2026-01-06,ACC0000002521,362843.39,0.0,36825.91,326017.48,NPR
2026-01-06,ACC0000002522,121785.77,0.0,0.0,121785.77,NPR
2026-01-06,ACC0000002523,486758.13,0.0,89471.28,397286.85,NPR
2026-01-06,ACC0000002524,308791.13,17497.51,38969.86,287318.78,NPR
2026-01-06,ACC0000002525,319740.95,0.0,43424.79,276316.16,NPR
2026-01-06,ACC0000002526,314042.65,0.0,0.0,314042.65,NPR
2026-01-06,ACC0000002527,286851.17,0.0,48413.95,238437.22,NPR
2026-01-06,ACC0000002528,264617.8,0.0,54069.4,210548.4,NPR
2026-01-06,ACC0000002529,427971.41,64540.02,71417.02,421094.41,NPR
2026-01-06,ACC0000002530,237046.78,20949.73,113737.67,144258.84,NPR
2026-01-06,ACC0000002531,409618.46,27256.86,28629.49,408245.83,NPR
2026-01-06,ACC0000002532,179146.21,0.0,22254.13,156892.08,NPR
2026-01-06,ACC0000002533,146444.28,0.0,61153.1,85291.18,NPR
2026-01-06,ACC0000002534,464554.41,39070.14,6009.94,497614.61,NPR
2026-01-06,ACC0000002535,111959.11,0.0,43316.39,68642.72,NPR
2026-01-06,ACC0000002536,162375.03,20795.5,0.0,183170.53,NPR
2026-01-06,ACC0000002537,179101.07,32080.9,128344.8,82837.17,NPR
2026-01-06,ACC0000002538,146571.55,0.0,0.0,146571.55,NPR
2026-01-06,ACC0000002539,56258.12,11970.67,73494.35,-5265.56,NPR
2026-01-06,ACC0000002540,423201.86,0.0,87363.27,335838.59,NPR
2026-01-06,ACC0000002541,459514.31,28642.2,26230.0,461926.51,NPR
2026-01-06,ACC0000002542,185741.71,0.0,0.0,185741.71,NPR
2026-01-06,ACC0000002543,465729.22,0.0,113003.93,352725.29,NPR
2026-01-06,ACC0000002544,149443.86,0.0,0.0,149443.86,NPR
2026-01-06,ACC0000002545,349514.55,0.0,92273.28,257241.27,NPR
2026-01-06,ACC0000002546,456580.24,0.0,0.0,456580.24,NPR
2026-01-06,ACC0000002547,439279.05,0.0,87225.55,352053.5,NPR
2026-01-06,ACC0000002548,276769.64,0.0,0.0,276769.64,NPR
2026-01-06,ACC0000002549,309290.45,0.0,24606.44,284684.01,NPR
2026-01-06,ACC0000002550,281340.61,0.0,70078.47,211262.14,NPR
2026-01-06,ACC0000002551,42233.11,0.0,89805.44,-47572.33,NPR
2026-01-06,ACC0000002552,404504.62,0.0,19572.72,384931.9,NPR
2026-01-06,ACC0000002553,335268.94,0.0,40192.37,295076.57,NPR
2026-01-06,ACC0000002554,60287.6,27216.95,39776.55,47728.0,NPR
2026-01-06,ACC0000002555,121418.13,0.0,0.0,121418.13,NPR
2026-01-06,ACC0000002556,159801.16,0.0,46294.64,113506.52,NPR
2026-01-06,ACC0000002557,184157.45,20921.35,65033.29,140045.51,NPR
2026-01-06,ACC0000002558,321170.66,0.0,75140.6,246030.06,NPR
2026-01-06,ACC0000002559,98401.79,58394.4,85990.21,70805.98,NPR
2026-01-06,ACC0000002560,177644.19,0.0,0.0,177644.19,NPR
2026-01-06,ACC0000002561,321269.48,1610.54,10189.62,312690.4,NPR
2026-01-06,ACC0000002562,432657.19,632.26,32128.16,401161.29,NPR
2026-01-06,ACC0000002563,122353.24,27935.44,42832.41,107456.27,NPR
2026-01-06,ACC0000002564,140264.42,0.0,36625.46,103638.96,NPR
2026-01-06,ACC0000002565,248460.62,0.0,70168.07,178292.55,NPR
2026-01-06,ACC0000002566,410099.34,0.0,21179.1,388920.24,NPR
2026-01-06,ACC0000002567,401055.42,0.0,29618.74,371436.68,NPR
2026-01-06,ACC0000002568,352194.9,34054.07,7457.41,378791.56,NPR
2026-01-06,ACC0000002569,136761.91,38665.56,143716.94,31710.53,NPR
2026-01-06,ACC0000002570,84595.14,0.0,42607.83,41987.31,NPR
2026-01-06,ACC0000002571,487586.71,0.0,32239.45,455347.26,NPR
2026-01-06,ACC0000002572,393110.24,36280.72,5571.63,423819.33,NPR
2026-01-06,ACC0000002573,68349.5,0.0,0.0,68349.5,NPR
2026-01-06,ACC0000002574,372172.17,45090.01,51173.66,366088.52,NPR
2026-01-06,ACC0000002575,347844.33,9015.44,102096.81,254762.96,NPR
2026-01-06,ACC0000002576,99872.12,5834.25,0.0,105706.37,NPR
2026-01-06,ACC0000002577,484277.59,27394.8,100769.56,410902.83,NPR
2026-01-06,ACC0000002578,400057.32,0.0,63867.0,336190.32,NPR
2026-01-06,ACC0000002579,101950.72,35850.2,26792.24,111008.68,NPR
2026-01-06,ACC0000002580,260928.41,19980.5,37059.35,243849.56,NPR
2026-01-06,ACC0000002581,319423.14,0.0,40769.02,278654.12,NPR
2026-01-06,ACC0000002582,295437.35,19005.15,62646.34,251796.16,NPR
2026-01-06,ACC0000002583,214839.34,0.0,154619.59,60219.75,NPR
2026-01-06,ACC0000002584,108505.49,46064.7,40705.21,113864.98,NPR
2026-01-06,ACC0000002585,120237.37,0.0,20843.31,99394.06,NPR
2026-01-06,ACC0000002586,218700.42,36703.6,44226.53,211177.49,NPR
2026-01-06,ACC0000002587,382666.63,76010.1,5196.49,453480.24,NPR
2026-01-06,ACC0000002588,196265.24,4496.25,40651.55,160109.94,NPR
2026-01-06,ACC0000002589,393771.25,0.0,76106.33,317664.92,NPR
2026-01-06,ACC0000002590,442636.4,0.0,0.0,442636.4,NPR
2026-01-06,ACC0000002591,203068.4,0.0,89766.8,113301.6,NPR
2026-01-06,ACC0000002592,43150.92,0.0,41798.39,1352.53,NPR
2026-01-06,ACC0000002593,52789.22,0.0,88971.72,-36182.5,NPR
2026-01-06,ACC0000002594,17690.85,0.0,54677.53,-36986.68,NPR
2026-01-06,ACC0000002595,173234.5,874.66,76173.67,97935.49,NPR
2026-01-06,ACC0000002596,302607.51,0.0,34906.07,267701.44,NPR
2026-01-06,ACC0000002597,73344.25,0.0,59225.16,14119.09,NPR
2026-01-06,ACC0000002598,238564.26,0.0,61328.53,177235.73,NPR
2026-01-06,ACC0000002599,354967.02,0.0,15514.24,339452.78,NPR
2026-01-06,ACC0000002600,338243.48,34245.95,105643.78,266845.65,NPR
2026-01-06,ACC0000002601,176887.26,0.0,118034.58,58852.68,NPR
2026-01-06,ACC0000002602,459619.68,0.0,0.0,459619.68,NPR
2026-01-06,ACC0000002603,208509.91,96639.34,46276.16,258873.09,NPR
2026-01-06,ACC0000002604,198078.91,0.0,16765.17,181313.74,NPR
2026-01-06,ACC0000002605,46490.28,0.0,28126.04,18364.24,NPR
2026-01-06,ACC0000002606,377124.03,0.0,0.0,377124.03,NPR
2026-01-06,ACC0000002607,223515.65,30941.59,74677.8,179779.44,NPR
2026-01-06,ACC0000002608,338728.0,0.0,69189.38,269538.62,NPR
2026-01-06,ACC0000002609,413088.75,0.0,58792.93,354295.82,NPR
2026-01-06,ACC0000002610,312896.13,20908.1,87541.61,246262.62,NPR
2026-01-06,ACC0000002611,433110.53,0.0,1518.87,431591.66,NPR
2026-01-06,ACC0000002612,227437.66,0.0,33522.16,193915.5,NPR
2026-01-06,ACC0000002613,60315.0,0.0,28962.42,31352.58,NPR
2026-01-06,ACC0000002614,228492.9,0.0,31393.81,197099.09,NPR
2026-01-06,ACC0000002615,155155.62,17475.24,63097.38,109533.48,NPR
2026-01-06,ACC0000002616,367559.86,3264.26,93343.04,277481.08,NPR
2026-01-06,ACC0000002617,99585.02,0.0,69755.33,29829.69,NPR
2026-01-06,ACC0000002618,87557.14,0.0,0.0,87557.14,NPR
2026-01-06,ACC0000002619,182002.02,0.0,0.0,182002.02,NPR
2026-01-06,ACC0000002620,66153.71,26681.48,31968.3,60866.89,NPR
2026-01-06,ACC0000002621,205928.67,0.0,42664.5,163264.17,NPR
2026-01-06,ACC0000002622,239930.42,0.0,66436.57,173493.85,NPR
2026-01-06,ACC0000002623,274183.54,40429.79,104388.88,210224.45,NPR
2026-01-06,ACC0000002624,487030.77,0.0,133400.98,353629.79,NPR
2026-01-06,ACC0000002625,26668.91,0.0,0.0,26668.91,NPR
2026-01-06,ACC0000002626,476595.98,23930.83,0.0,500526.81,NPR
2026-01-06,ACC0000002627,104678.14,0.0,0.0,104678.14,NPR
2026-01-06,ACC0000002628,94651.4,41655.99,32853.77,103453.62,NPR
2026-01-06,ACC0000002629,440285.63,0.0,38723.9,401561.73,NPR
2026-01-06,ACC0000002630,160917.39,0.0,66180.67,94736.72,NPR
2026-01-06,ACC0000002631,53038.42,0.0,1871.76,51166.66,NPR
2026-01-06,ACC0000002632,456769.25,38391.55,19448.17,475712.63,NPR
2026-01-06,ACC0000002633,59270.94,0.0,0.0,59270.94,NPR
2026-01-06,ACC0000002634,154918.08,0.0,0.0,154918.08,NPR
2026-01-06,ACC0000002635,370285.44,0.0,165625.7,204659.74,NPR
2026-01-06,ACC0000002636,350800.39,0.0,36868.09,313932.3,NPR
2026-01-06,ACC0000002637,379688.0,0.0,43392.36,336295.64,NPR
2026-01-06,ACC0000002638,51223.89,0.0,26735.34,24488.55,NPR
2026-01-06,ACC0000002639,148819.44,1243.74,0.0,150063.18,NPR
2026-01-06,ACC0000002640,91990.01,29457.38,46023.1,75424.29,NPR
2026-01-06,ACC0000002641,37475.54,0.0,8814.47,28661.07,NPR
2026-01-06,ACC0000002642,75449.77,0.0,37303.82,38145.95,NPR
2026-01-06,ACC0000002643,412969.59,90912.82,91690.25,412192.16,NPR
2026-01-06,ACC0000002644,105036.88,0.0,14034.9,91001.98,NPR
2026-01-06,ACC0000002645,497219.2,0.0,53514.85,443704.35,NPR
2026-01-06,ACC0000002646,355638.05,0.0,95597.66,260040.39,NPR
2026-01-06,ACC0000002647,127100.02,48414.4,16027.75,159486.67,NPR
2026-01-06,ACC0000002648,27819.44,0.0,0.0,27819.44,NPR
2026-01-06,ACC0000002649,248246.97,43259.33,33492.95,258013.35,NPR
2026-01-06,ACC0000002650,182780.44,15785.62,45195.75,153370.31,NPR
2026-01-06,ACC0000002651,465308.3,24738.37,39360.01,450686.66,NPR
2026-01-06,ACC0000002652,245741.52,0.0,10386.2,235355.32,NPR
2026-01-06,ACC0000002653,371066.87,0.0,124724.27,246342.6,NPR
2026-01-06,ACC0000002654,342146.83,15589.23,146168.73,211567.33,NPR
2026-01-06,ACC0000002655,223397.48,30904.66,74523.24,179778.9,NPR
2026-01-06,ACC0000002656,337914.68,0.0,0.0,337914.68,NPR
2026-01-06,ACC0000002657,397264.76,29507.5,52965.68,373806.58,NPR
2026-01-06,ACC0000002658,228067.11,34644.08,94542.69,168168.5,NPR
2026-01-06,ACC0000002659,440546.4,3012.65,0.0,443559.05,NPR
2026-01-06,ACC0000002660,128683.03,0.0,22911.54,105771.49,NPR
2026-01-06,ACC0000002661,199012.18,0.0,19478.44,179533.74,NPR
2026-01-06,ACC0000002662,21186.62,0.0,8727.1,12459.52,NPR
2026-01-06,ACC0000002663,349948.8,0.0,79663.78,270285.02,NPR
2026-01-06,ACC0000002664,348382.86,0.0,95433.56,252949.3,NPR
2026-01-06,ACC0000002665,135493.5,0.0,0.0,135493.5,NPR
2026-01-06,ACC0000002666,114294.21,33677.76,1825.26,146146.71,NPR
2026-01-06,ACC0000002667,293611.16,0.0,69083.02,224528.14,NPR
2026-01-06,ACC0000002668,149120.61,0.0,189225.09,-40104.48,NPR
2026-01-06,ACC0000002669,333843.59,0.0,92704.94,241138.65,NPR
2026-01-06,ACC0000002670,316490.61,0.0,0.0,316490.61,NPR
2026-01-06,ACC0000002671,382339.61,53330.82,75590.49,360079.94,NPR
2026-01-06,ACC0000002672,448257.8,59135.63,53269.56,454123.87,NPR
2026-01-06,ACC0000002673,344456.53,0.0,99611.77,244844.76,NPR
2026-01-06,ACC0000002674,150451.8,36895.52,14091.14,173256.18,NPR
2026-01-06,ACC0000002675,308116.35,0.0,0.0,308116.35,NPR
2026-01-06,ACC0000002676,128614.26,0.0,120442.18,8172.08,NPR
2026-01-06,ACC0000002677,13317.27,66108.93,0.0,79426.2,NPR
2026-01-06,ACC0000002678,443064.69,0.0,0.0,443064.69,NPR
2026-01-06,ACC0000002679,405800.02,0.0,0.0,405800.02,NPR
2026-01-06,ACC0000002680,416638.24,14206.87,39542.05,391303.06,NPR
2026-01-06,ACC0000002681,134832.75,0.0,106467.76,28364.99,NPR
2026-01-06,ACC0000002682,194261.49,0.0,0.0,194261.49,NPR
2026-01-06,ACC0000002683,270901.73,0.0,44937.71,225964.02,NPR
2026-01-06,ACC0000002684,237019.07,64308.15,25749.7,275577.52,NPR
2026-01-06,ACC0000002685,314972.1,0.0,0.0,314972.1,NPR
2026-01-06,ACC0000002686,407757.39,0.0,58228.73,349528.66,NPR
2026-01-06,ACC0000002687,106577.05,0.0,14490.55,92086.5,NPR
2026-01-06,ACC0000002688,141841.25,0.0,114369.95,27471.3,NPR
2026-01-06,ACC0000002689,269716.1,19179.42,88496.18,200399.34,NPR
2026-01-06,ACC0000002690,271377.79,39140.81,5388.75,305129.85,NPR
2026-01-06,ACC0000002691,13978.72,4961.21,17502.08,1437.85,NPR
2026-01-06,ACC0000002692,9631.0,0.0,0.0,9631.0,NPR
2026-01-06,ACC0000002693,254994.37,0.0,33063.12,221931.25,NPR
2026-01-06,ACC0000002694,279814.8,35328.53,0.0,315143.33,NPR
2026-01-06,ACC0000002695,138556.67,0.0,81384.49,57172.18,NPR
2026-01-06,ACC0000002696,145704.8,0.0,0.0,145704.8,NPR
2026-01-06,ACC0000002697,256494.91,97158.89,2343.59,351310.21,NPR
2026-01-06,ACC0000002698,94408.05,0.0,16623.17,77784.88,NPR
2026-01-06,ACC0000002699,280752.33,0.0,37251.9,243500.43,NPR
2026-01-06,ACC0000002700,488020.88,0.0,0.0,488020.88,NPR
2026-01-06,ACC0000002701,429753.01,0.0,65621.15,364131.86,NPR
2026-01-06,ACC0000002702,142377.1,0.0,0.0,142377.1,NPR
2026-01-06,ACC0000002703,355409.95,0.0,77333.26,278076.69,NPR
2026-01-06,ACC0000002704,403007.3,0.0,85661.48,317345.82,NPR
2026-01-06,ACC0000002705,243493.02,22050.58,66450.2,199093.4,NPR
2026-01-06,ACC0000002706,228464.07,44915.85,100592.81,172787.11,NPR
2026-01-06,ACC0000002707,406399.86,0.0,106210.72,300189.14,NPR
2026-01-06,ACC0000002708,445628.09,0.0,5367.77,440260.32,NPR
2026-01-06,ACC0000002709,38631.92,0.0,14470.32,24161.6,NPR
2026-01-06,ACC0000002710,185259.66,0.0,0.0,185259.66,NPR
2026-01-06,ACC0000002711,393784.0,0.0,70493.06,323290.94,NPR
2026-01-06,ACC0000002712,204682.6,20558.47,70337.24,154903.83,NPR
2026-01-06,ACC0000002713,86337.45,0.0,0.0,86337.45,NPR
2026-01-06,ACC0000002714,293720.7,0.0,0.0,293720.7,NPR
2026-01-06,ACC0000002715,132560.65,0.0,55529.17,77031.48,NPR
2026-01-06,ACC0000002716,36685.85,0.0,34985.9,1699.95,NPR
2026-01-06,ACC0000002717,359122.16,34737.46,51496.91,342362.71,NPR
2026-01-06,ACC0000002718,359865.79,3073.63,25676.03,337263.39,NPR
2026-01-06,ACC0000002719,171402.93,0.0,0.0,171402.93,NPR
2026-01-06,ACC0000002720,112403.19,0.0,0.0,112403.19,NPR
2026-01-06,ACC0000002721,350758.79,46879.18,51390.41,346247.56,NPR
2026-01-06,ACC0000002722,324660.19,0.0,0.0,324660.19,NPR
2026-01-06,ACC0000002723,476768.15,0.0,0.0,476768.15,NPR
2026-01-06,ACC0000002724,176799.76,0.0,78651.71,98148.05,NPR
2026-01-06,ACC0000002725,139182.01,0.0,20881.72,118300.29,NPR
2026-01-06,ACC0000002726,478123.23,0.0,0.0,478123.23,NPR
2026-01-06,ACC0000002727,170019.86,0.0,116859.28,53160.58,NPR
2026-01-06,ACC0000002728,16919.8,0.0,50247.77,-33327.97,NPR
2026-01-06,ACC0000002729,460013.1,0.0,35573.59,424439.51,NPR
2026-01-06,ACC0000002730,97882.29,0.0,0.0,97882.29,NPR
2026-01-06,ACC0000002731,45821.45,0.0,81319.01,-35497.56,NPR
2026-01-06,ACC0000002732,166546.92,0.0,45024.47,121522.45,NPR
2026-01-06,ACC0000002733,370106.92,0.0,43289.81,326817.11,NPR
2026-01-06,ACC0000002734,390004.68,0.0,39215.72,350788.96,NPR
2026-01-06,ACC0000002735,88190.18,0.0,7144.57,81045.61,NPR
2026-01-06,ACC0000002736,165034.54,42231.0,33408.26,173857.28,NPR
2026-01-06,ACC0000002737,388411.32,18415.63,22254.21,384572.74,NPR
2026-01-06,ACC0000002738,15617.66,0.0,0.0,15617.66,NPR
2026-01-06,ACC0000002739,70734.91,0.0,61881.83,8853.08,NPR
2026-01-06,ACC0000002740,175587.42,35832.71,54422.25,156997.88,NPR
2026-01-06,ACC0000002741,401250.24,0.0,41528.45,359721.79,NPR
2026-01-06,ACC0000002742,280181.79,29247.89,15070.14,294359.54,NPR
2026-01-06,ACC0000002743,138687.91,0.0,37388.45,101299.46,NPR
2026-01-06,ACC0000002744,194707.11,0.0,58576.66,136130.45,NPR
2026-01-06,ACC0000002745,111192.34,12824.36,58191.22,65825.48,NPR
2026-01-06,ACC0000002746,101168.46,0.0,6312.33,94856.13,NPR
2026-01-06,ACC0000002747,423858.04,0.0,106140.58,317717.46,NPR
2026-01-06,ACC0000002748,362105.39,0.0,23067.06,339038.33,NPR
2026-01-06,ACC0000002749,351878.96,13201.16,56551.7,308528.42,NPR
2026-01-06,ACC0000002750,366123.81,27941.33,9601.69,384463.45,NPR
2026-01-06,ACC0000002751,345308.21,0.0,115524.94,229783.27,NPR
2026-01-06,ACC0000002752,360396.39,11727.9,54010.98,318113.31,NPR
2026-01-06,ACC0000002753,67485.36,44.86,17464.67,50065.55,NPR
2026-01-06,ACC0000002754,125655.52,0.0,2800.95,122854.57,NPR
2026-01-06,ACC0000002755,216694.0,0.0,65687.06,151006.94,NPR
2026-01-06,ACC0000002756,180516.46,0.0,108580.91,71935.55,NPR
2026-01-06,ACC0000002757,406851.4,0.0,104634.45,302216.95,NPR
2026-01-06,ACC0000002758,270175.37,45050.61,59921.17,255304.81,NPR
2026-01-06,ACC0000002759,24753.87,0.0,162966.33,-138212.46,NPR
2026-01-06,ACC0000002760,7122.0,63429.93,49932.67,20619.26,NPR
2026-01-06,ACC0000002761,71329.43,15379.02,98187.85,-11479.4,NPR
2026-01-06,ACC0000002762,461591.31,0.0,0.0,461591.31,NPR
2026-01-06,ACC0000002763,306113.95,0.0,90555.41,215558.54,NPR
2026-01-06,ACC0000002764,384515.84,0.0,0.0,384515.84,NPR
2026-01-06,ACC0000002765,46937.25,0.0,0.0,46937.25,NPR
2026-01-06,ACC0000002766,15004.41,54755.42,9270.13,60489.7,NPR
2026-01-06,ACC0000002767,294689.89,0.0,39688.85,255001.04,NPR
2026-01-06,ACC0000002768,61633.07,10017.93,81022.88,-9371.88,NPR
2026-01-06,ACC0000002769,67567.59,0.0,0.0,67567.59,NPR
2026-01-06,ACC0000002770,171114.92,47910.56,30597.13,188428.35,NPR
2026-01-06,ACC0000002771,170320.49,10320.64,81047.01,99594.12,NPR
2026-01-06,ACC0000002772,481289.02,0.0,0.0,481289.02,NPR
2026-01-06,ACC0000002773,274013.12,0.0,40465.6,233547.52,NPR
2026-01-06,ACC0000002774,235270.81,0.0,19054.12,216216.69,NPR
2026-01-06,ACC0000002775,42663.73,0.0,62582.4,-19918.67,NPR
2026-01-06,ACC0000002776,408375.27,0.0,48800.77,359574.5,NPR
2026-01-06,ACC0000002777,163519.74,12644.95,26887.32,149277.37,NPR
2026-01-06,ACC0000002778,441298.69,40719.58,25144.1,456874.17,NPR
2026-01-06,ACC0000002779,437201.18,26368.76,76334.62,387235.32,NPR
2026-01-06,ACC0000002780,183631.63,0.0,35770.4,147861.23,NPR
2026-01-06,ACC0000002781,328666.76,13108.49,40341.39,301433.86,NPR
2026-01-06,ACC0000002782,185965.33,0.0,34308.13,151657.2,NPR
2026-01-06,ACC0000002783,11621.52,0.0,106735.52,-95114.0,NPR
2026-01-06,ACC0000002784,13248.49,0.0,0.0,13248.49,NPR
2026-01-06,ACC0000002785,196342.28,0.0,5058.3,191283.98,NPR
2026-01-06,ACC0000002786,315804.97,0.0,0.0,315804.97,NPR
2026-01-06,ACC0000002787,441725.58,0.0,3085.94,438639.64,NPR
2026-01-06,ACC0000002788,137090.82,0.0,0.0,137090.82,NPR
2026-01-06,ACC0000002789,327486.08,0.0,82905.44,244580.64,NPR
2026-01-06,ACC0000002790,126938.86,16661.88,0.0,143600.74,NPR
2026-01-06,ACC0000002791,326951.95,0.0,121277.42,205674.53,NPR
2026-01-06,ACC0000002792,155837.93,0.0,31658.92,124179.01,NPR
2026-01-06,ACC0000002793,382993.52,38691.84,122223.65,299461.71,NPR
2026-01-06,ACC0000002794,277819.77,39888.69,0.0,317708.46,NPR
2026-01-06,ACC0000002795,357968.5,0.0,10517.69,347450.81,NPR
2026-01-06,ACC0000002796,187234.9,0.0,110003.19,77231.71,NPR
2026-01-06,ACC0000002797,444895.52,0.0,80849.28,364046.24,NPR
2026-01-06,ACC0000002798,33014.18,41071.0,46241.0,27844.18,NPR
2026-01-06,ACC0000002799,337033.28,41932.54,38623.01,340342.81,NPR
2026-01-06,ACC0000002800,133282.21,0.0,0.0,133282.21,NPR
2026-01-06,ACC0000002801,149452.02,0.0,70750.62,78701.4,NPR
2026-01-06,ACC0000002802,120417.33,0.0,39479.6,80937.73,NPR
2026-01-06,ACC0000002803,168949.19,0.0,43217.63,125731.56,NPR
2026-01-06,ACC0000002804,153649.73,0.0,0.0,153649.73,NPR
2026-01-06,ACC0000002805,319129.33,0.0,0.0,319129.33,NPR
2026-01-06,ACC0000002806,285298.84,0.0,54226.55,231072.29,NPR
2026-01-06,ACC0000002807,145900.88,0.0,0.0,145900.88,NPR
2026-01-06,ACC0000002808,388563.34,32091.89,66225.99,354429.24,NPR
2026-01-06,ACC0000002809,68586.97,42998.91,49315.8,62270.08,NPR
2026-01-06,ACC0000002810,232605.79,20755.66,132237.54,121123.91,NPR
2026-01-06,ACC0000002811,31202.99,0.0,0.0,31202.99,NPR
2026-01-06,ACC0000002812,436925.91,33960.64,31394.13,439492.42,NPR
2026-01-06,ACC0000002813,499611.31,80206.17,44528.09,535289.39,NPR
2026-01-06,ACC0000002814,439964.18,0.0,30384.69,409579.49,NPR
2026-01-06,ACC0000002815,462880.49,0.0,103051.91,359828.58,NPR
2026-01-06,ACC0000002816,198338.2,0.0,65650.56,132687.64,NPR
2026-01-06,ACC0000002817,244955.43,0.0,24166.15,220789.28,NPR
2026-01-06,ACC0000002818,415420.57,0.0,119269.01,296151.56,NPR
2026-01-06,ACC0000002819,257944.1,0.0,39386.09,218558.01,NPR
2026-01-06,ACC0000002820,92409.38,0.0,0.0,92409.38,NPR
2026-01-06,ACC0000002821,404385.22,0.0,0.0,404385.22,NPR
2026-01-06,ACC0000002822,192541.52,0.0,0.0,192541.52,NPR
2026-01-06,ACC0000002823,146885.79,0.0,23572.03,123313.76,NPR
2026-01-06,ACC0000002824,152506.0,61052.0,139113.47,74444.53,NPR
2026-01-06,ACC0000002825,250658.93,0.0,103193.48,147465.45,NPR
2026-01-06,ACC0000002826,391935.28,43788.55,0.0,435723.83,NPR
2026-01-06,ACC0000002827,32540.97,0.0,68774.6,-36233.63,NPR
2026-01-06,ACC0000002828,324850.13,31903.44,79348.9,277404.67,NPR
2026-01-06,ACC0000002829,344648.21,0.0,88493.38,256154.83,NPR
2026-01-06,ACC0000002830,57954.48,0.0,53114.75,4839.73,NPR
2026-01-06,ACC0000002831,358400.89,0.0,21015.01,337385.88,NPR
2026-01-06,ACC0000002832,134991.64,33405.89,3348.97,165048.56,NPR
2026-01-06,ACC0000002833,305811.69,0.0,56699.95,249111.74,NPR
2026-01-06,ACC0000002834,451892.22,0.0,6405.7,445486.52,NPR
2026-01-06,ACC0000002835,30548.66,0.0,63750.86,-33202.2,NPR
2026-01-06,ACC0000002836,24253.93,0.0,81333.22,-57079.29,NPR
2026-01-06,ACC0000002837,419364.31,0.0,0.0,419364.31,NPR
2026-01-06,ACC0000002838,66536.65,0.0,0.0,66536.65,NPR
2026-01-06,ACC0000002839,50872.54,10374.99,60599.75,647.78,NPR
2026-01-06,ACC0000002840,286204.04,0.0,112672.06,173531.98,NPR
2026-01-06,ACC0000002841,115554.89,0.0,85898.44,29656.45,NPR
2026-01-06,ACC0000002842,291342.0,1768.43,45575.77,247534.66,NPR
2026-01-06,ACC0000002843,283959.72,35165.44,0.0,319125.16,NPR
2026-01-06,ACC0000002844,51950.53,42384.51,4296.7,90038.34,NPR
2026-01-06,ACC0000002845,81324.42,38674.41,70366.58,49632.25,NPR
2026-01-06,ACC0000002846,1645.56,39525.97,33893.93,7277.6,NPR
2026-01-06,ACC0000002847,471016.78,47370.45,48088.39,470298.84,NPR
2026-01-06,ACC0000002848,77778.04,0.0,22276.27,55501.77,NPR
2026-01-06,ACC0000002849,481689.84,0.0,0.0,481689.84,NPR
2026-01-06,ACC0000002850,178543.31,0.0,39307.8,139235.51,NPR
2026-01-06,ACC0000002851,401950.92,0.0,0.0,401950.92,NPR
2026-01-06,ACC0000002852,458300.2,0.0,0.0,458300.2,NPR
2026-01-06,ACC0000002853,460395.34,16835.96,48932.9,428298.4,NPR
2026-01-06,ACC0000002854,95094.47,0.0,0.0,95094.47,NPR
2026-01-06,ACC0000002855,163988.13,0.0,14280.68,149707.45,NPR
2026-01-06,ACC0000002856,233782.64,0.0,0.0,233782.64,NPR
2026-01-06,ACC0000002857,330602.01,0.0,46962.32,283639.69,NPR
2026-01-06,ACC0000002858,251238.17,0.0,17695.96,233542.21,NPR
2026-01-06,ACC0000002859,267702.35,0.0,0.0,267702.35,NPR
2026-01-06,ACC0000002860,411439.75,0.0,69586.87,341852.88,NPR
2026-01-06,ACC0000002861,404076.17,0.0,0.0,404076.17,NPR
2026-01-06,ACC0000002862,425278.35,0.0,102440.87,322837.48,NPR
2026-01-06,ACC0000002863,189162.95,0.0,1349.82,187813.13,NPR
2026-01-06,ACC0000002864,251311.22,9553.58,55006.05,205858.75,NPR
2026-01-06,ACC0000002865,32690.91,11505.48,0.0,44196.39,NPR
2026-01-06,ACC0000002866,487908.64,0.0,0.0,487908.64,NPR
2026-01-06,ACC0000002867,269634.27,0.0,0.0,269634.27,NPR
2026-01-06,ACC0000002868,331450.86,41037.87,57758.31,314730.42,NPR
2026-01-06,ACC0000002869,405538.4,0.0,65047.32,340491.08,NPR
2026-01-06,ACC0000002870,216080.01,0.0,0.0,216080.01,NPR
2026-01-06,ACC0000002871,29619.31,0.0,0.0,29619.31,NPR
2026-01-06,ACC0000002872,90107.87,0.0,0.0,90107.87,NPR
2026-01-06,ACC0000002873,404174.71,15341.97,10101.81,409414.87,NPR
2026-01-06,ACC0000002874,342654.32,0.0,81375.45,261278.87,NPR
2026-01-06,ACC0000002875,305844.12,0.0,41802.58,264041.54,NPR
2026-01-06,ACC0000002876,1587.55,20502.14,83425.52,-61335.83,NPR
2026-01-06,ACC0000002877,332870.38,0.0,69912.51,262957.87,NPR
2026-01-06,ACC0000002878,287466.9,38514.4,71119.04,254862.26,NPR
2026-01-06,ACC0000002879,82991.54,0.0,27486.0,55505.54,NPR
2026-01-06,ACC0000002880,468032.79,0.0,0.0,468032.79,NPR
2026-01-06,ACC0000002881,16311.55,0.0,107427.6,-91116.05,NPR
2026-01-06,ACC0000002882,201044.82,13182.27,79450.67,134776.42,NPR
2026-01-06,ACC0000002883,335655.54,0.0,109667.51,225988.03,NPR
2026-01-06,ACC0000002884,317201.6,0.0,171559.08,145642.52,NPR
2026-01-06,ACC0000002885,61653.25,0.0,60668.78,984.47,NPR
2026-01-06,ACC0000002886,430133.14,0.0,48892.85,381240.29,NPR
2026-01-06,ACC0000002887,32539.29,0.0,696.25,31843.04,NPR
2026-01-06,ACC0000002888,47310.79,0.0,32024.54,15286.25,NPR
2026-01-06,ACC0000002889,350312.41,45034.53,46380.76,348966.18,NPR
2026-01-06,ACC0000002890,29068.67,42527.42,43866.71,27729.38,NPR
2026-01-06,ACC0000002891,51585.09,0.0,52798.37,-1213.28,NPR
2026-01-06,ACC0000002892,458185.07,0.0,50201.36,407983.71,NPR
2026-01-06,ACC0000002893,144568.05,0.0,0.0,144568.05,NPR
2026-01-06,ACC0000002894,480905.26,0.0,13693.1,467212.16,NPR
2026-01-06,ACC0000002895,170120.19,0.0,72208.11,97912.08,NPR
2026-01-06,ACC0000002896,157173.89,0.0,3103.85,154070.04,NPR
2026-01-06,ACC0000002897,395023.95,0.0,142109.85,252914.1,NPR
2026-01-06,ACC0000002898,215575.34,0.0,0.0,215575.34,NPR
2026-01-06,ACC0000002899,30271.01,0.0,30171.05,99.96,NPR
2026-01-06,ACC0000002900,114836.05,1152.7,30347.06,85641.69,NPR
2026-01-06,ACC0000002901,37241.67,0.0,0.0,37241.67,NPR
2026-01-06,ACC0000002902,494272.87,0.0,120026.42,374246.45,NPR
2026-01-06,ACC0000002903,404051.56,0.0,0.0,404051.56,NPR
2026-01-06,ACC0000002904,417181.36,0.0,62320.09,354861.27,NPR
2026-01-06,ACC0000002905,254623.42,0.0,75245.31,179378.11,NPR
2026-01-06,ACC0000002906,131114.92,23174.76,139585.41,14704.27,NPR
2026-01-06,ACC0000002907,106499.64,41489.04,145400.35,2588.33,NPR
2026-01-06,ACC0000002908,489139.99,0.0,0.0,489139.99,NPR
2026-01-06,ACC0000002909,192469.91,0.0,15447.49,177022.42,NPR
2026-01-06,ACC0000002910,136728.35,0.0,61932.08,74796.27,NPR
2026-01-06,ACC0000002911,474213.09,0.0,67405.72,406807.37,NPR
2026-01-06,ACC0000002912,135409.57,0.0,61048.93,74360.64,NPR
2026-01-06,ACC0000002913,95668.96,46442.33,45748.43,96362.86,NPR
2026-01-06,ACC0000002914,441591.72,38007.63,55755.64,423843.71,NPR
2026-01-06,ACC0000002915,447748.88,23574.42,43667.7,427655.6,NPR
2026-01-06,ACC0000002916,428544.38,0.0,63269.58,365274.8,NPR
2026-01-06,ACC0000002917,214783.13,0.0,0.0,214783.13,NPR
2026-01-06,ACC0000002918,252104.36,0.0,59062.93,193041.43,NPR
2026-01-06,ACC0000002919,197360.96,0.0,59733.96,137627.0,NPR
2026-01-06,ACC0000002920,233396.94,37292.09,141766.25,128922.78,NPR
2026-01-06,ACC0000002921,254403.26,0.0,64783.49,189619.77,NPR
2026-01-06,ACC0000002922,114805.78,0.0,50989.46,63816.32,NPR
2026-01-06,ACC0000002923,395487.81,0.0,174883.72,220604.09,NPR
2026-01-06,ACC0000002924,130656.01,0.0,0.0,130656.01,NPR
2026-01-06,ACC0000002925,358292.01,27443.19,47295.6,338439.6,NPR
2026-01-06,ACC0000002926,22376.85,0.0,9245.42,13131.43,NPR
2026-01-06,ACC0000002927,426807.67,0.0,7700.23,419107.44,NPR
2026-01-06,ACC0000002928,34173.38,52963.91,117966.0,-30828.71,NPR
2026-01-06,ACC0000002929,407783.06,0.0,7148.58,400634.48,NPR
2026-01-06,ACC0000002930,448953.41,20879.43,104529.51,365303.33,NPR
2026-01-06,ACC0000002931,164047.73,4389.09,45056.79,123380.03,NPR
2026-01-06,ACC0000002932,150552.98,19220.13,30275.13,139497.98,NPR
2026-01-06,ACC0000002933,264732.06,29522.56,59868.16,234386.46,NPR
2026-01-06,ACC0000002934,244429.88,0.0,75802.75,168627.13,NPR
2026-01-06,ACC0000002935,206690.36,0.0,0.0,206690.36,NPR
2026-01-06,ACC0000002936,429535.1,0.0,76048.09,353487.01,NPR
2026-01-06,ACC0000002937,336587.48,0.0,0.0,336587.48,NPR
2026-01-06,ACC0000002938,8974.21,67775.65,52752.77,23997.09,NPR
2026-01-06,ACC0000002939,96201.65,0.0,0.0,96201.65,NPR
2026-01-06,ACC0000002940,469111.52,45322.91,131295.97,383138.46,NPR
2026-01-06,ACC0000002941,296023.13,9701.87,38432.28,267292.72,NPR
2026-01-06,ACC0000002942,9529.26,0.0,68390.33,-58861.07,NPR
2026-01-06,ACC0000002943,172982.78,0.0,0.0,172982.78,NPR
2026-01-06,ACC0000002944,363417.9,0.0,50331.0,313086.9,NPR
2026-01-06,ACC0000002945,451772.88,3768.23,88050.44,367490.67,NPR
2026-01-06,ACC0000002946,8676.51,0.0,43082.33,-34405.82,NPR
2026-01-06,ACC0000002947,301020.96,68440.97,43100.48,326361.45,NPR
2026-01-06,ACC0000002948,137010.41,0.0,10510.03,126500.38,NPR
2026-01-06,ACC0000002949,299431.0,2722.91,80841.72,221312.19,NPR
2026-01-06,ACC0000002950,233600.87,0.0,108376.29,125224.58,NPR
2026-01-06,ACC0000002951,338877.17,0.0,77268.79,261608.38,NPR
2026-01-06,ACC0000002952,459639.37,0.0,163502.77,296136.6,NPR
2026-01-06,ACC0000002953,489397.75,0.0,51058.41,438339.34,NPR
2026-01-06,ACC0000002954,467652.35,39769.73,80149.28,427272.8,NPR
2026-01-06,ACC0000002955,5901.43,24798.07,0.0,30699.5,NPR
2026-01-06,ACC0000002956,15104.02,28870.99,150211.52,-106236.51,NPR
2026-01-06,ACC0000002957,360638.59,0.0,27210.67,333427.92,NPR
2026-01-06,ACC0000002958,356007.65,46846.55,59370.36,343483.84,NPR
2026-01-06,ACC0000002959,370550.23,0.0,0.0,370550.23,NPR
2026-01-06,ACC0000002960,53182.16,0.0,0.0,53182.16,NPR
2026-01-06,ACC0000002961,334733.74,0.0,85468.48,249265.26,NPR
2026-01-06,ACC0000002962,325391.07,0.0,0.0,325391.07,NPR
2026-01-06,ACC0000002963,252126.76,0.0,0.0,252126.76,NPR
2026-01-06,ACC0000002964,47072.01,5003.97,27102.61,24973.37,NPR
2026-01-06,ACC0000002965,90108.6,13358.9,110069.94,-6602.44,NPR
2026-01-06,ACC0000002966,72724.34,65666.51,25325.13,113065.72,NPR
2026-01-06,ACC0000002967,190825.56,42702.32,88012.34,145515.54,NPR
2026-01-06,ACC0000002968,449834.26,0.0,80724.45,369109.81,NPR
2026-01-06,ACC0000002969,451922.32,0.0,19126.6,432795.72,NPR
2026-01-06,ACC0000002970,265839.45,0.0,0.0,265839.45,NPR
2026-01-06,ACC0000002971,249752.64,0.0,46295.23,203457.41,NPR
2026-01-06,ACC0000002972,167126.18,0.0,52704.76,114421.42,NPR
2026-01-06,ACC0000002973,331961.26,0.0,0.0,331961.26,NPR
2026-01-06,ACC0000002974,178637.62,0.0,0.0,178637.62,NPR
2026-01-06,ACC0000002975,461273.88,0.0,65758.02,395515.86,NPR
2026-01-06,ACC0000002976,438473.69,46439.27,41596.54,443316.42,NPR
2026-01-06,ACC0000002977,467196.3,0.0,4228.09,462968.21,NPR
2026-01-06,ACC0000002978,219176.34,0.0,36169.31,183007.03,NPR
2026-01-06,ACC0000002979,348065.87,48112.9,64225.21,331953.56,NPR
2026-01-06,ACC0000002980,297975.89,0.0,0.0,297975.89,NPR
2026-01-06,ACC0000002981,198629.51,0.0,0.0,198629.51,NPR
2026-01-06,ACC0000002982,322551.41,0.0,0.0,322551.41,NPR
2026-01-06,ACC0000002983,373734.37,0.0,67644.39,306089.98,NPR
2026-01-06,ACC0000002984,461801.24,0.0,39711.25,422089.99,NPR
2026-01-06,ACC0000002985,342203.29,0.0,0.0,342203.29,NPR
2026-01-06,ACC0000002986,184965.52,0.0,61180.03,123785.49,NPR
2026-01-06,ACC0000002987,368369.97,2157.25,40386.1,330141.12,NPR
2026-01-06,ACC0000002988,305414.16,0.0,100058.57,205355.59,NPR
2026-01-06,ACC0000002989,484720.66,34203.93,91691.38,427233.21,NPR
2026-01-06,ACC0000002990,308057.89,0.0,0.0,308057.89,NPR
2026-01-06,ACC0000002991,15081.98,0.0,0.0,15081.98,NPR
2026-01-06,ACC0000002992,483813.21,0.0,22355.94,461457.27,NPR
2026-01-06,ACC0000002993,284453.73,0.0,73081.42,211372.31,NPR
2026-01-06,ACC0000002994,233445.87,0.0,35048.85,198397.02,NPR
2026-01-06,ACC0000002995,328687.44,0.0,84374.52,244312.92,NPR
2026-01-06,ACC0000002996,425083.25,39345.02,120333.33,344094.94,NPR
2026-01-06,ACC0000002997,107633.6,1032.19,51064.63,57601.16,NPR
2026-01-06,ACC0000002998,65649.79,0.0,0.0,65649.79,NPR
2026-01-06,ACC0000002999,84999.2,0.0,54236.67,30762.53,NPR
2026-01-06,ACC0000003000,104204.85,25299.31,23518.29,105985.87,NPR
2026-01-06,ACC0000003001,466859.56,0.0,43029.63,423829.93,NPR
2026-01-06,ACC0000003002,339336.34,0.0,93380.08,245956.26,NPR
2026-01-06,ACC0000003003,8348.97,0.0,0.0,8348.97,NPR
2026-01-06,ACC0000003004,265020.4,66062.0,2086.71,328995.69,NPR
2026-01-06,ACC0000003005,383799.09,0.0,0.0,383799.09,NPR
2026-01-06,ACC0000003006,295784.81,3674.23,57866.16,241592.88,NPR
2026-01-06,ACC0000003007,494926.78,0.0,47265.62,447661.16,NPR
2026-01-06,ACC0000003008,188081.39,42369.42,70196.24,160254.57,NPR
2026-01-06,ACC0000003009,305210.87,0.0,68055.27,237155.6,NPR
2026-01-06,ACC0000003010,493384.68,0.0,0.0,493384.68,NPR
2026-01-06,ACC0000003011,136615.34,28155.71,0.0,164771.05,NPR
2026-01-06,ACC0000003012,57740.21,0.0,82969.67,-25229.46,NPR
2026-01-06,ACC0000003013,160885.71,0.0,87128.12,73757.59,NPR
2026-01-06,ACC0000003014,317037.0,46638.03,42033.52,321641.51,NPR
2026-01-06,ACC0000003015,333482.42,0.0,0.0,333482.42,NPR
2026-01-06,ACC0000003016,452335.33,0.0,77482.18,374853.15,NPR
2026-01-06,ACC0000003017,496997.55,0.0,0.0,496997.55,NPR
2026-01-06,ACC0000003018,367099.94,0.0,104730.89,262369.05,NPR
2026-01-06,ACC0000003019,136294.38,18378.24,75037.1,79635.52,NPR
2026-01-06,ACC0000003020,194782.39,0.0,176642.64,18139.75,NPR
2026-01-06,ACC0000003021,487037.3,33988.82,15383.97,505642.15,NPR
2026-01-06,ACC0000003022,330522.52,0.0,0.0,330522.52,NPR
2026-01-06,ACC0000003023,172454.08,0.0,43878.91,128575.17,NPR
2026-01-06,ACC0000003024,214903.32,0.0,0.0,214903.32,NPR
2026-01-06,ACC0000003025,150002.52,0.0,24542.74,125459.78,NPR
2026-01-06,ACC0000003026,38300.81,0.0,96395.84,-58095.03,NPR
2026-01-06,ACC0000003027,127288.7,0.0,240855.48,-113566.78,NPR
2026-01-06,ACC0000003028,428773.95,0.0,4759.81,424014.14,NPR
2026-01-06,ACC0000003029,118644.97,0.0,16309.66,102335.31,NPR
2026-01-06,ACC0000003030,265932.0,0.0,23372.82,242559.18,NPR
2026-01-06,ACC0000003031,305625.07,25818.5,19069.64,312373.93,NPR
2026-01-06,ACC0000003032,336043.87,0.0,43155.12,292888.75,NPR
2026-01-06,ACC0000003033,368729.56,0.0,3226.64,365502.92,NPR
2026-01-06,ACC0000003034,463008.76,0.0,0.0,463008.76,NPR
2026-01-06,ACC0000003035,321950.38,36311.61,49412.26,308849.73,NPR
2026-01-06,ACC0000003036,257909.04,0.0,0.0,257909.04,NPR
2026-01-06,ACC0000003037,177647.53,0.0,1799.56,175847.97,NPR
2026-01-06,ACC0000003038,144413.4,0.0,31467.7,112945.7,NPR
2026-01-06,ACC0000003039,27136.55,0.0,41454.88,-14318.33,NPR
2026-01-06,ACC0000003040,480220.47,0.0,0.0,480220.47,NPR
2026-01-06,ACC0000003041,154597.14,0.0,0.0,154597.14,NPR
2026-01-06,ACC0000003042,95293.0,0.0,0.0,95293.0,NPR
2026-01-06,ACC0000003043,126340.49,0.0,108704.22,17636.27,NPR
2026-01-06,ACC0000003044,106888.09,0.0,66926.68,39961.41,NPR
2026-01-06,ACC0000003045,201099.32,0.0,37967.45,163131.87,NPR
2026-01-06,ACC0000003046,213514.41,0.0,0.0,213514.41,NPR
2026-01-06,ACC0000003047,422233.37,0.0,0.0,422233.37,NPR
2026-01-06,ACC0000003048,372952.28,0.0,0.0,372952.28,NPR
2026-01-06,ACC0000003049,381180.9,64306.16,0.0,445487.06,NPR
2026-01-06,ACC0000003050,119719.62,0.0,78860.42,40859.2,NPR
2026-01-06,ACC0000003051,69705.02,45215.69,87172.53,27748.18,NPR
2026-01-06,ACC0000003052,329879.42,0.0,59337.52,270541.9,NPR
2026-01-06,ACC0000003053,369853.93,0.0,29712.19,340141.74,NPR
2026-01-06,ACC0000003054,134766.59,0.0,109265.27,25501.32,NPR
2026-01-06,ACC0000003055,21263.44,0.0,29654.48,-8391.04,NPR
2026-01-06,ACC0000003056,205173.03,0.0,68670.08,136502.95,NPR
2026-01-06,ACC0000003057,93855.89,0.0,40764.38,53091.51,NPR
2026-01-06,ACC0000003058,182550.23,24900.84,41803.36,165647.71,NPR
2026-01-06,ACC0000003059,160032.78,0.0,0.0,160032.78,NPR
2026-01-06,ACC0000003060,213497.2,0.0,0.0,213497.2,NPR
2026-01-06,ACC0000003061,331016.24,0.0,9836.19,321180.05,NPR
2026-01-06,ACC0000003062,126002.05,28159.41,63429.12,90732.34,NPR
2026-01-06,ACC0000003063,381609.62,32762.03,0.0,414371.65,NPR
2026-01-06,ACC0000003064,55289.14,0.0,63774.66,-8485.52,NPR
2026-01-06,ACC0000003065,196582.49,42587.02,69740.54,169428.97,NPR
2026-01-06,ACC0000003066,333153.51,0.0,84541.57,248611.94,NPR
2026-01-06,ACC0000003067,163633.99,0.0,83657.31,79976.68,NPR
2026-01-06,ACC0000003068,490226.88,19873.05,73570.93,436529.0,NPR
2026-01-06,ACC0000003069,24918.05,0.0,17944.58,6973.47,NPR
2026-01-06,ACC0000003070,47985.52,0.0,103378.54,-55393.02,NPR
2026-01-06,ACC0000003071,183789.36,88912.87,2826.77,269875.46,NPR
2026-01-06,ACC0000003072,395890.57,37129.24,24226.4,408793.41,NPR
2026-01-06,ACC0000003073,128617.84,0.0,0.0,128617.84,NPR
2026-01-06,ACC0000003074,485833.8,0.0,45030.12,440803.68,NPR
2026-01-06,ACC0000003075,372823.1,0.0,0.0,372823.1,NPR
2026-01-06,ACC0000003076,195822.71,0.0,0.0,195822.71,NPR
2026-01-06,ACC0000003077,393199.21,0.0,62056.76,331142.45,NPR
2026-01-06,ACC0000003078,470321.6,0.0,0.0,470321.6,NPR
2026-01-06,ACC0000003079,89623.54,0.0,91640.54,-2017.0,NPR
2026-01-06,ACC0000003080,102940.05,0.0,38053.33,64886.72,NPR
2026-01-06,ACC0000003081,40171.16,9416.45,64950.92,-15363.31,NPR
2026-01-06,ACC0000003082,447717.03,24151.32,41426.3,430442.05,NPR
2026-01-06,ACC0000003083,489530.1,47717.96,95840.75,441407.31,NPR
2026-01-06,ACC0000003084,468836.66,51361.77,46498.34,473700.09,NPR
2026-01-06,ACC0000003085,455596.95,0.0,91594.26,364002.69,NPR
2026-01-06,ACC0000003086,197188.23,17306.5,43044.81,171449.92,NPR
2026-01-06,ACC0000003087,330698.81,6275.11,44665.72,292308.2,NPR
2026-01-06,ACC0000003088,337648.43,0.0,32446.73,305201.7,NPR
2026-01-06,ACC0000003089,417880.58,0.0,171232.54,246648.04,NPR
2026-01-06,ACC0000003090,201028.5,0.0,41867.05,159161.45,NPR
2026-01-06,ACC0000003091,147661.65,35125.12,96012.91,86773.86,NPR
2026-01-06,ACC0000003092,407595.1,30743.37,5505.27,432833.2,NPR
2026-01-06,ACC0000003093,387003.85,32226.02,63674.71,355555.16,NPR
2026-01-06,ACC0000003094,266489.07,0.0,0.0,266489.07,NPR
2026-01-06,ACC0000003095,416489.43,0.0,0.0,416489.43,NPR
2026-01-06,ACC0000003096,342050.36,0.0,42951.66,299098.7,NPR
2026-01-06,ACC0000003097,454372.23,8099.72,113259.45,349212.5,NPR
2026-01-06,ACC0000003098,177744.85,41326.3,7028.18,212042.97,NPR
2026-01-06,ACC0000003099,173786.46,18655.89,85447.46,106994.89,NPR
2026-01-06,ACC0000003100,439843.99,49210.62,70794.61,418260.0,NPR
2026-01-06,ACC0000003101,265869.03,0.0,65889.34,199979.69,NPR
2026-01-06,ACC0000003102,213229.8,0.0,95566.67,117663.13,NPR
2026-01-06,ACC0000003103,340083.46,44471.6,109000.9,275554.16,NPR
2026-01-06,ACC0000003104,62220.29,0.0,67201.49,-4981.2,NPR
2026-01-06,ACC0000003105,181371.54,74165.3,5006.45,250530.39,NPR
2026-01-06,ACC0000003106,192769.48,52048.74,0.0,244818.22,NPR
2026-01-06,ACC0000003107,293509.92,0.0,0.0,293509.92,NPR
2026-01-06,ACC0000003108,316917.47,0.0,36893.62,280023.85,NPR
2026-01-06,ACC0000003109,50103.73,0.0,67521.12,-17417.39,NPR
2026-01-06,ACC0000003110,494218.33,0.0,12198.12,482020.21,NPR
2026-01-06,ACC0000003111,202119.14,0.0,47804.12,154315.02,NPR
2026-01-06,ACC0000003112,179248.5,0.0,0.0,179248.5,NPR
2026-01-06,ACC0000003113,426431.08,24448.77,56746.25,394133.6,NPR
2026-01-06,ACC0000003114,402782.3,0.0,22690.01,380092.29,NPR
2026-01-06,ACC0000003115,14681.41,0.0,61141.02,-46459.61,NPR
2026-01-06,ACC0000003116,34593.4,47767.5,65764.92,16595.98,NPR
2026-01-06,ACC0000003117,476160.03,0.0,0.0,476160.03,NPR
2026-01-06,ACC0000003118,108866.07,0.0,45942.23,62923.84,NPR
2026-01-06,ACC0000003119,233179.94,0.0,54475.19,178704.75,NPR
2026-01-06,ACC0000003120,241783.15,0.0,67564.61,174218.54,NPR
2026-01-06,ACC0000003121,175709.86,82905.46,36424.93,222190.39,NPR
2026-01-06,ACC0000003122,292070.24,0.0,101530.9,190539.34,NPR
2026-01-06,ACC0000003123,218778.5,27161.59,28907.74,217032.35,NPR
2026-01-06,ACC0000003124,464794.68,17213.29,71756.37,410251.6,NPR
2026-01-06,ACC0000003125,341231.41,0.0,22259.48,318971.93,NPR
2026-01-06,ACC0000003126,216730.82,0.0,95526.07,121204.75,NPR
2026-01-06,ACC0000003127,320407.44,0.0,16586.27,303821.17,NPR
2026-01-06,ACC0000003128,306354.26,0.0,24567.21,281787.05,NPR
2026-01-06,ACC0000003129,480720.21,0.0,45222.11,435498.1,NPR
2026-01-06,ACC0000003130,427403.31,26192.41,135551.96,318043.76,NPR
2026-01-06,ACC0000003131,323679.69,14948.34,134493.27,204134.76,NPR
2026-01-06,ACC0000003132,29706.73,0.0,23366.7,6340.03,NPR
2026-01-06,ACC0000003133,201058.4,0.0,36839.4,164219.0,NPR
2026-01-06,ACC0000003134,183541.66,4659.57,48781.5,139419.73,NPR
2026-01-06,ACC0000003135,127472.03,0.0,0.0,127472.03,NPR
2026-01-06,ACC0000003136,372952.98,1783.13,63806.67,310929.44,NPR
2026-01-06,ACC0000003137,90418.53,49449.84,52293.54,87574.83,NPR
2026-01-06,ACC0000003138,292094.69,0.0,0.0,292094.69,NPR
2026-01-06,ACC0000003139,486276.59,0.0,41861.05,444415.54,NPR
2026-01-06,ACC0000003140,467977.53,47128.75,110191.13,404915.15,NPR
2026-01-06,ACC0000003141,353487.19,43392.2,35298.16,361581.23,NPR
2026-01-06,ACC0000003142,15682.08,53421.27,7543.46,61559.89,NPR
2026-01-06,ACC0000003143,308142.98,9524.83,49504.33,268163.48,NPR
2026-01-06,ACC0000003144,406334.62,0.0,100150.09,306184.53,NPR
2026-01-06,ACC0000003145,183962.66,0.0,99279.31,84683.35,NPR
2026-01-06,ACC0000003146,152536.5,42174.8,33791.93,160919.37,NPR
2026-01-06,ACC0000003147,397531.8,0.0,91025.41,306506.39,NPR
2026-01-06,ACC0000003148,29610.05,0.0,135522.24,-105912.19,NPR
2026-01-06,ACC0000003149,190660.17,0.0,1832.07,188828.1,NPR
2026-01-06,ACC0000003150,423356.11,0.0,0.0,423356.11,NPR
2026-01-06,ACC0000003151,138536.81,16449.78,74135.12,80851.47,NPR
2026-01-06,ACC0000003152,150266.9,21859.48,17157.86,154968.52,NPR
2026-01-06,ACC0000003153,19596.47,63521.3,21964.21,61153.56,NPR
2026-01-06,ACC0000003154,62522.26,0.0,27751.31,34770.95,NPR
2026-01-06,ACC0000003155,286614.04,45583.63,54857.86,277339.81,NPR
2026-01-06,ACC0000003156,18633.66,0.0,26247.01,-7613.35,NPR
2026-01-06,ACC0000003157,441655.83,0.0,65437.73,376218.1,NPR
2026-01-06,ACC0000003158,323550.95,0.0,0.0,323550.95,NPR
2026-01-06,ACC0000003159,126495.55,28598.69,43682.98,111411.26,NPR
2026-01-06,ACC0000003160,443332.52,0.0,201813.85,241518.67,NPR
2026-01-06,ACC0000003161,234850.33,15958.3,76809.81,173998.82,NPR
2026-01-06,ACC0000003162,326254.58,0.0,0.0,326254.58,NPR
2026-01-06,ACC0000003163,332324.78,0.0,97812.5,234512.28,NPR
2026-01-06,ACC0000003164,451794.74,9276.62,43679.22,417392.14,NPR
2026-01-06,ACC0000003165,196623.51,0.0,189007.13,7616.38,NPR
2026-01-06,ACC0000003166,454898.95,0.0,47434.48,407464.47,NPR
2026-01-06,ACC0000003167,462943.81,0.0,0.0,462943.81,NPR
2026-01-06,ACC0000003168,173448.24,0.0,72314.45,101133.79,NPR
2026-01-06,ACC0000003169,254062.33,0.0,74319.69,179742.64,NPR
2026-01-06,ACC0000003170,52285.17,0.0,139441.86,-87156.69,NPR
2026-01-06,ACC0000003171,155540.0,0.0,0.0,155540.0,NPR
2026-01-06,ACC0000003172,473233.14,0.0,0.0,473233.14,NPR
2026-01-06,ACC0000003173,403599.76,12547.47,12361.32,403785.91,NPR
2026-01-06,ACC0000003174,107708.66,0.0,47199.95,60508.71,NPR
2026-01-06,ACC0000003175,128193.76,0.0,462.04,127731.72,NPR
2026-01-06,ACC0000003176,223825.52,0.0,0.0,223825.52,NPR
2026-01-06,ACC0000003177,147687.71,0.0,74564.43,73123.28,NPR
2026-01-06,ACC0000003178,322557.96,0.0,65777.88,256780.08,NPR
2026-01-06,ACC0000003179,449553.2,36562.88,22632.39,463483.69,NPR
2026-01-06,ACC0000003180,170056.67,0.0,0.0,170056.67,NPR
2026-01-06,ACC0000003181,355324.38,0.0,90878.76,264445.62,NPR
2026-01-06,ACC0000003182,79554.92,0.0,0.0,79554.92,NPR
2026-01-06,ACC0000003183,138796.55,35922.47,60084.19,114634.83,NPR
2026-01-06,ACC0000003184,143176.16,0.0,48674.75,94501.41,NPR
2026-01-06,ACC0000003185,220883.83,41414.61,157995.41,104303.03,NPR
2026-01-06,ACC0000003186,132776.89,68756.57,55301.27,146232.19,NPR
2026-01-06,ACC0000003187,25723.32,0.0,31849.74,-6126.42,NPR
2026-01-06,ACC0000003188,376122.23,0.0,0.0,376122.23,NPR
2026-01-06,ACC0000003189,292186.68,78971.84,68672.87,302485.65,NPR
2026-01-06,ACC0000003190,23692.67,15106.35,52053.6,-13254.58,NPR
2026-01-06,ACC0000003191,318603.74,0.0,37496.77,281106.97,NPR
2026-01-06,ACC0000003192,346563.58,8133.03,99002.84,255693.77,NPR
2026-01-06,ACC0000003193,327960.31,0.0,40684.62,287275.69,NPR
2026-01-06,ACC0000003194,187458.8,2562.36,63216.01,126805.15,NPR
2026-01-06,ACC0000003195,466311.95,0.0,0.0,466311.95,NPR
2026-01-06,ACC0000003196,265419.58,34512.02,0.0,299931.6,NPR
2026-01-06,ACC0000003197,224962.71,7510.9,6304.74,226168.87,NPR
2026-01-06,ACC0000003198,63530.51,15064.94,47741.88,30853.57,NPR
2026-01-06,ACC0000003199,68056.98,0.0,49488.54,18568.44,NPR
2026-01-06,ACC0000003200,97767.01,4794.25,45902.7,56658.56,NPR
2026-01-06,ACC0000003201,267411.39,0.0,0.0,267411.39,NPR
2026-01-06,ACC0000003202,346294.91,49650.38,93876.09,302069.2,NPR
2026-01-06,ACC0000003203,308862.92,0.0,28748.75,280114.17,NPR
2026-01-06,ACC0000003204,143464.05,33116.96,0.0,176581.01,NPR
2026-01-06,ACC0000003205,80301.21,21680.89,75619.9,26362.2,NPR
2026-01-06,ACC0000003206,37719.5,745.82,124450.98,-85985.66,NPR
2026-01-06,ACC0000003207,62942.92,48771.72,45471.7,66242.94,NPR
2026-01-06,ACC0000003208,198570.14,0.0,7582.31,190987.83,NPR
2026-01-06,ACC0000003209,352127.4,0.0,63397.01,288730.39,NPR
2026-01-06,ACC0000003210,48656.9,1509.7,188514.77,-138348.17,NPR
2026-01-06,ACC0000003211,475996.41,0.0,50339.67,425656.74,NPR
2026-01-06,ACC0000003212,222150.14,31894.95,39641.44,214403.65,NPR
2026-01-06,ACC0000003213,127042.93,43840.89,106266.11,64617.71,NPR
2026-01-06,ACC0000003214,306091.57,0.0,0.0,306091.57,NPR
2026-01-06,ACC0000003215,450483.58,0.0,16520.07,433963.51,NPR
2026-01-06,ACC0000003216,459338.34,4700.46,96321.97,367716.83,NPR
2026-01-06,ACC0000003217,101265.89,25147.11,70260.32,56152.68,NPR
2026-01-06,ACC0000003218,128350.14,33174.65,30011.56,131513.23,NPR
2026-01-06,ACC0000003219,450745.45,90483.33,70935.26,470293.52,NPR
2026-01-06,ACC0000003220,181650.93,37641.71,0.0,219292.64,NPR
2026-01-06,ACC0000003221,20560.71,37588.94,41430.27,16719.38,NPR
2026-01-06,ACC0000003222,308507.43,0.0,97802.56,210704.87,NPR
2026-01-06,ACC0000003223,196592.55,0.0,73996.21,122596.34,NPR
2026-01-06,ACC0000003224,221200.55,0.0,50267.43,170933.12,NPR
2026-01-06,ACC0000003225,162027.32,45248.31,73659.24,133616.39,NPR
2026-01-06,ACC0000003226,373348.05,49928.8,0.0,423276.85,NPR
2026-01-06,ACC0000003227,232490.65,18367.18,27226.32,223631.51,NPR
2026-01-06,ACC0000003228,322494.0,0.0,34384.29,288109.71,NPR
2026-01-06,ACC0000003229,488979.24,0.0,39599.65,449379.59,NPR
2026-01-06,ACC0000003230,185277.28,0.0,91039.65,94237.63,NPR
2026-01-06,ACC0000003231,129002.69,63121.26,191377.67,746.28,NPR
2026-01-06,ACC0000003232,116448.03,0.0,11169.84,105278.19,NPR
2026-01-06,ACC0000003233,221043.83,31062.29,49476.2,202629.92,NPR
2026-01-06,ACC0000003234,483659.28,0.0,0.0,483659.28,NPR
2026-01-06,ACC0000003235,193851.41,12982.87,0.0,206834.28,NPR
2026-01-06,ACC0000003236,223778.7,0.0,34734.46,189044.24,NPR
2026-01-06,ACC0000003237,98890.87,0.0,0.0,98890.87,NPR
2026-01-06,ACC0000003238,380078.58,0.0,33722.04,346356.54,NPR
2026-01-06,ACC0000003239,98406.76,18718.12,44184.19,72940.69,NPR
2026-01-06,ACC0000003240,213093.31,0.0,16968.82,196124.49,NPR
2026-01-06,ACC0000003241,389754.68,0.0,0.0,389754.68,NPR
2026-01-06,ACC0000003242,81794.67,49165.73,0.0,130960.4,NPR
2026-01-06,ACC0000003243,191727.97,0.0,19258.74,172469.23,NPR
2026-01-06,ACC0000003244,471218.5,0.0,151050.33,320168.17,NPR
2026-01-06,ACC0000003245,74783.1,0.0,8063.71,66719.39,NPR
2026-01-06,ACC0000003246,473755.43,0.0,3162.41,470593.02,NPR
2026-01-06,ACC0000003247,29125.74,0.0,0.0,29125.74,NPR
2026-01-06,ACC0000003248,214638.69,0.0,57780.87,156857.82,NPR
2026-01-06,ACC0000003249,377741.37,0.0,93572.59,284168.78,NPR
2026-01-06,ACC0000003250,145411.1,39587.41,128678.44,56320.07,NPR
2026-01-06,ACC0000003251,196392.2,0.0,67294.94,129097.26,NPR
2026-01-06,ACC0000003252,288700.69,0.0,0.0,288700.69,NPR
2026-01-06,ACC0000003253,88368.7,0.0,0.0,88368.7,NPR
2026-01-06,ACC0000003254,333564.47,0.0,52664.95,280899.52,NPR
2026-01-06,ACC0000003255,485920.25,0.0,20587.5,465332.75,NPR
2026-01-06,ACC0000003256,41059.87,5981.22,0.0,47041.09,NPR
2026-01-06,ACC0000003257,74661.39,39865.56,154789.99,-40263.04,NPR
2026-01-06,ACC0000003258,296860.05,0.0,191595.5,105264.55,NPR
2026-01-06,ACC0000003259,196511.03,0.0,26919.43,169591.6,NPR
2026-01-06,ACC0000003260,206164.31,0.0,61121.58,145042.73,NPR
2026-01-06,ACC0000003261,78385.54,15305.38,86383.89,7307.03,NPR
2026-01-06,ACC0000003262,304253.92,0.0,53914.65,250339.27,NPR
2026-01-06,ACC0000003263,455003.12,0.0,132776.46,322226.66,NPR
2026-01-06,ACC0000003264,76606.57,0.0,0.0,76606.57,NPR
2026-01-06,ACC0000003265,203740.29,0.0,48622.06,155118.23,NPR
2026-01-06,ACC0000003266,108103.15,0.0,56483.52,51619.63,NPR
2026-01-06,ACC0000003267,464355.38,0.0,26900.14,437455.24,NPR
2026-01-06,ACC0000003268,182163.81,30626.01,0.0,212789.82,NPR
2026-01-06,ACC0000003269,307886.48,54997.75,0.0,362884.23,NPR
2026-01-06,ACC0000003270,180745.49,81926.3,0.0,262671.79,NPR
2026-01-06,ACC0000003271,301036.02,20173.97,0.0,321209.99,NPR
2026-01-06,ACC0000003272,478443.01,0.0,11577.73,466865.28,NPR
2026-01-06,ACC0000003273,168053.02,0.0,0.0,168053.02,NPR
2026-01-06,ACC0000003274,371920.55,0.0,23407.82,348512.73,NPR
2026-01-06,ACC0000003275,263051.88,0.0,0.0,263051.88,NPR
2026-01-06,ACC0000003276,170981.68,0.0,72750.27,98231.41,NPR
2026-01-06,ACC0000003277,411608.78,20754.77,143236.66,289126.89,NPR
2026-01-06,ACC0000003278,475394.73,15162.64,86860.21,403697.16,NPR
2026-01-06,ACC0000003279,118265.69,0.0,26970.21,91295.48,NPR
2026-01-06,ACC0000003280,197480.18,0.0,35769.7,161710.48,NPR
2026-01-06,ACC0000003281,499814.72,37046.64,40414.07,496447.29,NPR
2026-01-06,ACC0000003282,18727.07,0.0,42755.69,-24028.62,NPR
2026-01-06,ACC0000003283,256921.44,0.0,11320.06,245601.38,NPR
2026-01-06,ACC0000003284,404725.92,0.0,0.0,404725.92,NPR
2026-01-06,ACC0000003285,6845.84,0.0,0.0,6845.84,NPR
2026-01-06,ACC0000003286,445728.26,30495.26,66562.07,409661.45,NPR
2026-01-06,ACC0000003287,394190.47,6522.57,38753.7,361959.34,NPR
2026-01-06,ACC0000003288,158559.78,0.0,0.0,158559.78,NPR
2026-01-06,ACC0000003289,395052.09,0.0,24300.98,370751.11,NPR
2026-01-06,ACC0000003290,370543.01,0.0,70550.1,299992.91,NPR
2026-01-06,ACC0000003291,333764.14,39590.2,25665.98,347688.36,NPR
2026-01-06,ACC0000003292,248457.25,980.8,62311.21,187126.84,NPR
2026-01-06,ACC0000003293,385772.55,0.0,62666.18,323106.37,NPR
2026-01-06,ACC0000003294,356259.02,13803.94,35861.44,334201.52,NPR
2026-01-06,ACC0000003295,51457.0,0.0,109885.65,-58428.65,NPR
2026-01-06,ACC0000003296,289798.8,0.0,90108.84,199689.96,NPR
2026-01-06,ACC0000003297,289318.54,18232.6,102813.8,204737.34,NPR
2026-01-06,ACC0000003298,438513.18,0.0,42494.41,396018.77,NPR
2026-01-06,ACC0000003299,445974.33,0.0,0.0,445974.33,NPR
2026-01-06,ACC0000003300,24655.75,0.0,81047.01,-56391.26,NPR
2026-01-06,ACC0000003301,402074.6,31472.63,0.0,433547.23,NPR
2026-01-06,ACC0000003302,205299.88,0.0,23038.2,182261.68,NPR
2026-01-06,ACC0000003303,92147.15,0.0,64252.72,27894.43,NPR
2026-01-06,ACC0000003304,200122.98,0.0,23808.49,176314.49,NPR
2026-01-06,ACC0000003305,248581.09,0.0,14261.54,234319.55,NPR
2026-01-06,ACC0000003306,163588.95,31226.53,45256.29,149559.19,NPR
2026-01-06,ACC0000003307,223437.69,0.0,0.0,223437.69,NPR
2026-01-06,ACC0000003308,254690.76,59461.0,65407.07,248744.69,NPR
2026-01-06,ACC0000003309,286595.96,0.0,136742.53,149853.43,NPR
2026-01-06,ACC0000003310,409417.24,32445.0,97643.16,344219.08,NPR
2026-01-06,ACC0000003311,441547.23,0.0,109928.29,331618.94,NPR
2026-01-06,ACC0000003312,347342.24,0.0,51888.75,295453.49,NPR
2026-01-06,ACC0000003313,163336.39,0.0,59668.29,103668.1,NPR
2026-01-06,ACC0000003314,229217.91,44302.62,77087.15,196433.38,NPR
2026-01-06,ACC0000003315,82799.56,0.0,0.0,82799.56,NPR
2026-01-06,ACC0000003316,94185.05,0.0,27771.74,66413.31,NPR
2026-01-06,ACC0000003317,395529.18,4202.94,19929.84,379802.28,NPR
2026-01-06,ACC0000003318,297666.2,0.0,61733.0,235933.2,NPR
2026-01-06,ACC0000003319,116560.03,0.0,107096.58,9463.45,NPR
2026-01-06,ACC0000003320,72982.76,0.0,123130.17,-50147.41,NPR
2026-01-06,ACC0000003321,495422.4,45125.63,23762.98,516785.05,NPR
2026-01-06,ACC0000003322,442534.12,29096.36,43810.92,427819.56,NPR
2026-01-06,ACC0000003323,60317.26,0.0,0.0,60317.26,NPR
2026-01-06,ACC0000003324,419883.17,84537.39,61934.96,442485.6,NPR
2026-01-06,ACC0000003325,186207.16,0.0,0.0,186207.16,NPR
2026-01-06,ACC0000003326,438466.24,0.0,0.0,438466.24,NPR
2026-01-06,ACC0000003327,488447.19,0.0,46906.85,441540.34,NPR
2026-01-06,ACC0000003328,37297.69,32018.91,17470.08,51846.52,NPR
2026-01-06,ACC0000003329,353810.48,0.0,58585.56,295224.92,NPR
2026-01-06,ACC0000003330,416187.24,30004.24,42963.1,403228.38,NPR
2026-01-06,ACC0000003331,60681.7,32946.08,61103.95,32523.83,NPR
2026-01-06,ACC0000003332,112836.99,27451.6,10979.9,129308.69,NPR
2026-01-06,ACC0000003333,81055.22,2638.31,59850.64,23842.89,NPR
2026-01-06,ACC0000003334,354720.32,0.0,49486.47,305233.85,NPR
2026-01-06,ACC0000003335,13443.21,0.0,0.0,13443.21,NPR
2026-01-06,ACC0000003336,101050.83,0.0,61707.18,39343.65,NPR
2026-01-06,ACC0000003337,310251.68,15226.19,23515.53,301962.34,NPR
2026-01-06,ACC0000003338,17942.91,6051.17,49530.15,-25536.07,NPR
2026-01-06,ACC0000003339,291792.41,0.0,49777.8,242014.61,NPR
2026-01-06,ACC0000003340,55978.32,0.0,56712.6,-734.28,NPR
2026-01-06,ACC0000003341,64571.84,29990.28,27417.85,67144.27,NPR
2026-01-06,ACC0000003342,465817.11,21596.22,0.0,487413.33,NPR
2026-01-06,ACC0000003343,139641.34,0.0,0.0,139641.34,NPR
2026-01-06,ACC0000003344,79273.63,0.0,0.0,79273.63,NPR
2026-01-06,ACC0000003345,23064.85,13367.2,6440.01,29992.04,NPR
2026-01-06,ACC0000003346,164334.4,0.0,47361.96,116972.44,NPR
2026-01-06,ACC0000003347,274625.32,40196.2,0.0,314821.52,NPR
2026-01-06,ACC0000003348,309072.08,0.0,6331.51,302740.57,NPR
2026-01-06,ACC0000003349,460683.88,0.0,0.0,460683.88,NPR
2026-01-06,ACC0000003350,181689.99,0.0,34185.79,147504.2,NPR
2026-01-06,ACC0000003351,312087.99,0.0,122909.82,189178.17,NPR
2026-01-06,ACC0000003352,130893.82,0.0,0.0,130893.82,NPR
2026-01-06,ACC0000003353,299390.91,0.0,0.0,299390.91,NPR
2026-01-06,ACC0000003354,105171.76,0.0,111097.77,-5926.01,NPR
2026-01-06,ACC0000003355,277326.57,0.0,99212.75,178113.82,NPR
2026-01-06,ACC0000003356,442765.11,47499.5,82855.83,407408.78,NPR
2026-01-06,ACC0000003357,72793.99,0.0,81814.19,-9020.2,NPR
2026-01-06,ACC0000003358,166612.37,0.0,624.76,165987.61,NPR
2026-01-06,ACC0000003359,172095.15,0.0,0.0,172095.15,NPR
2026-01-06,ACC0000003360,151757.35,0.0,0.0,151757.35,NPR
2026-01-06,ACC0000003361,376691.38,39719.38,36342.74,380068.02,NPR
2026-01-06,ACC0000003362,176518.15,0.0,162698.54,13819.61,NPR
2026-01-06,ACC0000003363,361486.32,0.0,149378.86,212107.46,NPR
2026-01-06,ACC0000003364,418624.19,51645.61,139298.38,330971.42,NPR
2026-01-06,ACC0000003365,431360.66,0.0,28032.89,403327.77,NPR
2026-01-06,ACC0000003366,304084.43,6395.04,59032.95,251446.52,NPR
2026-01-06,ACC0000003367,466182.26,26289.71,17851.02,474620.95,NPR
2026-01-06,ACC0000003368,494076.46,0.0,45561.12,448515.34,NPR
2026-01-06,ACC0000003369,33144.28,0.0,77453.85,-44309.57,NPR
2026-01-06,ACC0000003370,309840.34,0.0,0.0,309840.34,NPR
2026-01-06,ACC0000003371,55649.82,0.0,80985.29,-25335.47,NPR
2026-01-06,ACC0000003372,405986.95,0.0,69984.5,336002.45,NPR
2026-01-06,ACC0000003373,427635.42,0.0,0.0,427635.42,NPR
2026-01-06,ACC0000003374,215646.31,0.0,43812.32,171833.99,NPR
2026-01-06,ACC0000003375,385112.53,0.0,11373.97,373738.56,NPR
2026-01-06,ACC0000003376,423793.03,0.0,65776.1,358016.93,NPR
2026-01-06,ACC0000003377,408464.83,0.0,44885.12,363579.71,NPR
2026-01-06,ACC0000003378,358418.26,38084.13,79125.85,317376.54,NPR
2026-01-06,ACC0000003379,181687.48,24689.53,29818.13,176558.88,NPR
2026-01-06,ACC0000003380,245890.06,0.0,103255.32,142634.74,NPR
2026-01-06,ACC0000003381,8111.97,0.0,36452.42,-28340.45,NPR
2026-01-06,ACC0000003382,495111.03,0.0,31862.24,463248.79,NPR
2026-01-06,ACC0000003383,263585.76,0.0,92632.18,170953.58,NPR
2026-01-06,ACC0000003384,264717.5,13355.86,113364.93,164708.43,NPR
2026-01-06,ACC0000003385,246341.44,0.0,97022.31,149319.13,NPR
2026-01-06,ACC0000003386,263975.69,2641.04,57199.47,209417.26,NPR
2026-01-06,ACC0000003387,56302.39,0.0,25999.17,30303.22,NPR
2026-01-06,ACC0000003388,398949.43,0.0,26726.6,372222.83,NPR
2026-01-06,ACC0000003389,120241.69,20697.73,4762.01,136177.41,NPR
2026-01-06,ACC0000003390,411124.23,0.0,36805.21,374319.02,NPR
2026-01-06,ACC0000003391,291294.56,0.0,34911.72,256382.84,NPR
2026-01-06,ACC0000003392,28926.84,0.0,48096.45,-19169.61,NPR
2026-01-06,ACC0000003393,83740.38,46826.08,0.0,130566.46,NPR
2026-01-06,ACC0000003394,132828.39,0.0,0.0,132828.39,NPR
2026-01-06,ACC0000003395,478055.55,0.0,79408.74,398646.81,NPR
2026-01-06,ACC0000003396,242706.5,0.0,97168.4,145538.1,NPR
2026-01-06,ACC0000003397,124209.93,11545.79,37724.37,98031.35,NPR
2026-01-06,ACC0000003398,260929.38,0.0,616.97,260312.41,NPR
2026-01-06,ACC0000003399,225502.09,63098.64,106746.27,181854.46,NPR
2026-01-06,ACC0000003400,448092.81,0.0,53943.75,394149.06,NPR
2026-01-06,ACC0000003401,404894.73,0.0,29178.21,375716.52,NPR
2026-01-06,ACC0000003402,9066.89,32639.78,46056.0,-4349.33,NPR
2026-01-06,ACC0000003403,424832.38,44274.0,66263.7,402842.68,NPR
2026-01-06,ACC0000003404,331307.17,0.0,0.0,331307.17,NPR
2026-01-06,ACC0000003405,143350.59,0.0,0.0,143350.59,NPR
2026-01-06,ACC0000003406,493485.76,48689.14,32120.93,510053.97,NPR
2026-01-06,ACC0000003407,438049.82,3215.95,41670.02,399595.75,NPR
2026-01-06,ACC0000003408,234839.26,29504.63,93202.43,171141.46,NPR
2026-01-06,ACC0000003409,169172.21,8257.14,19215.37,158213.98,NPR
2026-01-06,ACC0000003410,253225.15,0.0,78022.93,175202.22,NPR
2026-01-06,ACC0000003411,5263.0,0.0,108747.27,-103484.27,NPR
2026-01-06,ACC0000003412,146271.2,0.0,0.0,146271.2,NPR
2026-01-06,ACC0000003413,103304.13,51657.36,0.0,154961.49,NPR
2026-01-06,ACC0000003414,76387.08,0.0,8083.48,68303.6,NPR
2026-01-06,ACC0000003415,438745.56,0.0,29373.88,409371.68,NPR
2026-01-06,ACC0000003416,121024.77,0.0,0.0,121024.77,NPR
2026-01-06,ACC0000003417,22959.46,0.0,142366.99,-119407.53,NPR
2026-01-06,ACC0000003418,386985.22,0.0,0.0,386985.22,NPR
2026-01-06,ACC0000003419,125257.03,0.0,95009.95,30247.08,NPR
2026-01-06,ACC0000003420,75094.78,44344.49,62291.63,57147.64,NPR
2026-01-06,ACC0000003421,468668.1,0.0,38274.91,430393.19,NPR
2026-01-06,ACC0000003422,341467.51,0.0,82861.33,258606.18,NPR
2026-01-06,ACC0000003423,230858.21,0.0,122385.06,108473.15,NPR
2026-01-06,ACC0000003424,183247.4,0.0,0.0,183247.4,NPR
2026-01-06,ACC0000003425,221362.82,0.0,0.0,221362.82,NPR
2026-01-06,ACC0000003426,410162.69,0.0,16616.89,393545.8,NPR
2026-01-06,ACC0000003427,276227.98,0.0,20999.48,255228.5,NPR
2026-01-06,ACC0000003428,127070.88,42779.84,35903.96,133946.76,NPR
2026-01-06,ACC0000003429,199635.99,49528.23,47306.16,201858.06,NPR
2026-01-06,ACC0000003430,199881.42,49186.28,92523.19,156544.51,NPR
2026-01-06,ACC0000003431,47922.75,0.0,77052.91,-29130.16,NPR
2026-01-06,ACC0000003432,235546.33,0.0,61485.67,174060.66,NPR
2026-01-06,ACC0000003433,284710.43,0.0,75100.55,209609.88,NPR
2026-01-06,ACC0000003434,211149.75,0.0,25549.27,185600.48,NPR
2026-01-06,ACC0000003435,207621.58,0.0,40073.39,167548.19,NPR
2026-01-06,ACC0000003436,56592.59,0.0,92262.74,-35670.15,NPR
2026-01-06,ACC0000003437,297171.91,0.0,77705.02,219466.89,NPR
2026-01-06,ACC0000003438,457157.53,0.0,0.0,457157.53,NPR
2026-01-06,ACC0000003439,99261.81,11156.5,80239.01,30179.3,NPR
2026-01-06,ACC0000003440,239148.98,0.0,0.0,239148.98,NPR
2026-01-06,ACC0000003441,195375.59,504.94,12867.64,183012.89,NPR
2026-01-06,ACC0000003442,480208.78,50048.65,99445.17,430812.26,NPR
2026-01-06,ACC0000003443,401782.93,29401.28,57428.69,373755.52,NPR
2026-01-06,ACC0000003444,329211.85,0.0,11022.87,318188.98,NPR
2026-01-06,ACC0000003445,40556.86,0.0,0.0,40556.86,NPR
2026-01-06,ACC0000003446,117271.08,30680.94,31781.36,116170.66,NPR
2026-01-06,ACC0000003447,377127.97,48000.55,43553.71,381574.81,NPR
2026-01-06,ACC0000003448,248364.49,0.0,0.0,248364.49,NPR
2026-01-06,ACC0000003449,33853.7,24039.05,43534.86,14357.89,NPR
2026-01-06,ACC0000003450,304649.11,0.0,46850.91,257798.2,NPR
2026-01-06,ACC0000003451,412819.8,0.0,79312.86,333506.94,NPR
2026-01-06,ACC0000003452,13523.51,0.0,0.0,13523.51,NPR
2026-01-06,ACC0000003453,438755.23,0.0,6463.25,432291.98,NPR
2026-01-06,ACC0000003454,427240.07,13416.43,93473.69,347182.81,NPR
2026-01-06,ACC0000003455,102155.71,0.0,12763.54,89392.17,NPR
2026-01-06,ACC0000003456,50883.61,13211.27,138981.35,-74886.47,NPR
2026-01-06,ACC0000003457,452347.99,0.0,37009.13,415338.86,NPR
2026-01-06,ACC0000003458,12472.8,0.0,23822.31,-11349.51,NPR
2026-01-06,ACC0000003459,142735.74,0.0,184847.85,-42112.11,NPR
2026-01-06,ACC0000003460,109463.51,0.0,107643.65,1819.86,NPR
2026-01-06,ACC0000003461,21595.1,109693.12,0.0,131288.22,NPR
2026-01-06,ACC0000003462,255036.53,0.0,12975.91,242060.62,NPR
2026-01-06,ACC0000003463,329099.92,9804.29,49767.86,289136.35,NPR
2026-01-06,ACC0000003464,258147.17,0.0,0.0,258147.17,NPR
2026-01-06,ACC0000003465,70828.86,0.0,29923.49,40905.37,NPR
2026-01-06,ACC0000003466,411456.14,0.0,40937.07,370519.07,NPR
2026-01-06,ACC0000003467,150163.45,10241.06,32153.14,128251.37,NPR
2026-01-06,ACC0000003468,484171.18,45446.49,0.0,529617.67,NPR
2026-01-06,ACC0000003469,117635.54,0.0,57694.01,59941.53,NPR
2026-01-06,ACC0000003470,123751.13,0.0,47762.98,75988.15,NPR
2026-01-06,ACC0000003471,16376.38,0.0,0.0,16376.38,NPR
2026-01-06,ACC0000003472,32694.75,0.0,0.0,32694.75,NPR
2026-01-06,ACC0000003473,51402.74,0.0,43127.78,8274.96,NPR
2026-01-06,ACC0000003474,80004.27,0.0,37561.08,42443.19,NPR
2026-01-06,ACC0000003475,178385.88,0.0,27389.51,150996.37,NPR
2026-01-06,ACC0000003476,58284.1,0.0,106733.03,-48448.93,NPR
2026-01-06,ACC0000003477,445137.89,0.0,0.0,445137.89,NPR
2026-01-06,ACC0000003478,56841.5,22375.97,33753.94,45463.53,NPR
2026-01-06,ACC0000003479,252309.26,0.0,0.0,252309.26,NPR
2026-01-06,ACC0000003480,433255.85,0.0,102477.63,330778.22,NPR
2026-01-06,ACC0000003481,288777.2,0.0,0.0,288777.2,NPR
2026-01-06,ACC0000003482,442654.26,18860.24,83791.24,377723.26,NPR
2026-01-06,ACC0000003483,464127.13,0.0,21262.62,442864.51,NPR
2026-01-06,ACC0000003484,430978.25,63668.77,64786.48,429860.54,NPR
2026-01-06,ACC0000003485,16143.31,0.0,44811.63,-28668.32,NPR
2026-01-06,ACC0000003486,480470.12,6587.42,14526.78,472530.76,NPR
2026-01-06,ACC0000003487,256088.09,22581.42,80796.14,197873.37,NPR
2026-01-06,ACC0000003488,162457.71,0.0,225270.3,-62812.59,NPR
2026-01-06,ACC0000003489,266203.87,0.0,19940.34,246263.53,NPR
2026-01-06,ACC0000003490,62719.14,0.0,0.0,62719.14,NPR
2026-01-06,ACC0000003491,68240.09,31876.88,9131.24,90985.73,NPR
2026-01-06,ACC0000003492,402615.72,49358.54,43933.38,408040.88,NPR
2026-01-06,ACC0000003493,189413.78,34856.31,55725.15,168544.94,NPR
2026-01-06,ACC0000003494,320504.5,44688.38,122498.19,242694.69,NPR
2026-01-06,ACC0000003495,77483.83,0.0,74271.32,3212.51,NPR
2026-01-06,ACC0000003496,160918.13,0.0,21536.63,139381.5,NPR
2026-01-06,ACC0000003497,340717.97,0.0,0.0,340717.97,NPR
2026-01-06,ACC0000003498,412685.09,0.0,93116.07,319569.02,NPR
2026-01-06,ACC0000003499,362610.84,0.0,99127.8,263483.04,NPR
2026-01-06,ACC0000003500,184896.98,0.0,0.0,184896.98,NPR
2026-01-06,ACC0000003501,132460.72,0.0,0.0,132460.72,NPR
2026-01-06,ACC0000003502,396639.89,0.0,82929.27,313710.62,NPR
2026-01-06,ACC0000003503,426595.64,0.0,0.0,426595.64,NPR
2026-01-06,ACC0000003504,441523.76,0.0,0.0,441523.76,NPR
2026-01-06,ACC0000003505,226831.01,0.0,103368.26,123462.75,NPR
2026-01-06,ACC0000003506,441049.67,36024.77,0.0,477074.44,NPR
2026-01-06,ACC0000003507,316448.52,114438.51,33788.61,397098.42,NPR
2026-01-06,ACC0000003508,406874.21,30942.31,0.0,437816.52,NPR
2026-01-06,ACC0000003509,129469.49,35268.68,70601.44,94136.73,NPR
2026-01-06,ACC0000003510,253290.66,0.0,73911.17,179379.49,NPR
2026-01-06,ACC0000003511,56713.39,0.0,0.0,56713.39,NPR
2026-01-06,ACC0000003512,298412.05,0.0,43975.17,254436.88,NPR
2026-01-06,ACC0000003513,273812.54,0.0,0.0,273812.54,NPR
2026-01-06,ACC0000003514,457335.65,0.0,4746.93,452588.72,NPR
2026-01-06,ACC0000003515,337700.75,0.0,101587.34,236113.41,NPR
2026-01-06,ACC0000003516,483427.46,0.0,31850.56,451576.9,NPR
2026-01-06,ACC0000003517,212843.75,11574.95,29131.42,195287.28,NPR
2026-01-06,ACC0000003518,123003.28,43447.82,58897.84,107553.26,NPR
2026-01-06,ACC0000003519,406928.72,0.0,0.0,406928.72,NPR
2026-01-06,ACC0000003520,416272.99,0.0,43404.98,372868.01,NPR
2026-01-06,ACC0000003521,102014.83,0.0,26729.92,75284.91,NPR
2026-01-06,ACC0000003522,183503.62,0.0,37419.65,146083.97,NPR
2026-01-06,ACC0000003523,56347.89,34541.92,64613.82,26275.99,NPR
2026-01-06,ACC0000003524,115221.27,40191.91,80368.68,75044.5,NPR
2026-01-06,ACC0000003525,74363.89,13243.92,52200.29,35407.52,NPR
2026-01-06,ACC0000003526,95143.35,0.0,35663.77,59479.58,NPR
2026-01-06,ACC0000003527,110272.88,0.0,0.0,110272.88,NPR
2026-01-06,ACC0000003528,401819.57,1381.45,55420.37,347780.65,NPR
2026-01-06,ACC0000003529,128373.14,0.0,0.0,128373.14,NPR
2026-01-06,ACC0000003530,302124.51,0.0,44957.15,257167.36,NPR
2026-01-06,ACC0000003531,108682.69,43750.53,42625.75,109807.47,NPR
2026-01-06,ACC0000003532,355875.14,0.0,0.0,355875.14,NPR
2026-01-06,ACC0000003533,474687.13,0.0,0.0,474687.13,NPR
2026-01-06,ACC0000003534,171366.57,7768.43,31714.37,147420.63,NPR
2026-01-06,ACC0000003535,189375.26,0.0,54496.86,134878.4,NPR
2026-01-06,ACC0000003536,388648.3,0.0,36115.47,352532.83,NPR
2026-01-06,ACC0000003537,474157.49,0.0,0.0,474157.49,NPR
2026-01-06,ACC0000003538,446145.79,41460.38,58512.23,429093.94,NPR
2026-01-06,ACC0000003539,134600.13,34219.27,46747.03,122072.37,NPR
2026-01-06,ACC0000003540,203198.4,17703.02,78270.71,142630.71,NPR
2026-01-06,ACC0000003541,345200.31,4526.4,27682.59,322044.12,NPR
2026-01-06,ACC0000003542,275949.48,0.0,64241.27,211708.21,NPR
2026-01-06,ACC0000003543,404638.33,9616.56,9469.14,404785.75,NPR
2026-01-06,ACC0000003544,462968.54,0.0,9380.56,453587.98,NPR
2026-01-06,ACC0000003545,481663.26,0.0,95076.96,386586.3,NPR
2026-01-06,ACC0000003546,208898.16,0.0,42428.95,166469.21,NPR
2026-01-06,ACC0000003547,207552.87,1085.55,100180.5,108457.92,NPR
2026-01-06,ACC0000003548,213128.34,0.0,0.0,213128.34,NPR
2026-01-06,ACC0000003549,250137.42,46120.23,1943.54,294314.11,NPR
2026-01-06,ACC0000003550,321620.2,0.0,68247.43,253372.77,NPR
2026-01-06,ACC0000003551,406795.37,13267.71,0.0,420063.08,NPR
2026-01-06,ACC0000003552,391156.76,0.0,0.0,391156.76,NPR
2026-01-06,ACC0000003553,249783.71,0.0,0.0,249783.71,NPR
2026-01-06,ACC0000003554,240199.22,25053.26,55650.72,209601.76,NPR
2026-01-06,ACC0000003555,309275.63,29957.66,23013.54,316219.75,NPR
2026-01-06,ACC0000003556,139709.29,0.0,47332.1,92377.19,NPR
2026-01-06,ACC0000003557,316448.08,0.0,82406.52,234041.56,NPR
2026-01-06,ACC0000003558,221140.19,0.0,34971.33,186168.86,NPR
2026-01-06,ACC0000003559,108857.6,26673.01,5447.95,130082.66,NPR
2026-01-06,ACC0000003560,492944.73,49083.53,39734.14,502294.12,NPR
2026-01-06,ACC0000003561,254848.71,28741.99,15222.87,268367.83,NPR
2026-01-06,ACC0000003562,241060.24,0.0,0.0,241060.24,NPR
2026-01-06,ACC0000003563,60844.6,41572.5,60343.39,42073.71,NPR
2026-01-06,ACC0000003564,324220.78,0.0,26279.67,297941.11,NPR
2026-01-06,ACC0000003565,273609.14,0.0,96110.41,177498.73,NPR
2026-01-06,ACC0000003566,410104.86,10274.63,17092.98,403286.51,NPR
2026-01-06,ACC0000003567,240303.0,25694.04,60618.08,205378.96,NPR
2026-01-06,ACC0000003568,254712.52,0.0,45229.95,209482.57,NPR
2026-01-06,ACC0000003569,402419.99,0.0,0.0,402419.99,NPR
2026-01-06,ACC0000003570,275740.93,0.0,40881.26,234859.67,NPR
2026-01-06,ACC0000003571,173074.97,74628.76,45560.69,202143.04,NPR
2026-01-06,ACC0000003572,41466.68,35280.78,69985.86,6761.6,NPR
2026-01-06,ACC0000003573,262821.5,76304.09,78817.38,260308.21,NPR
2026-01-06,ACC0000003574,253991.38,38988.73,133936.79,159043.32,NPR
2026-01-06,ACC0000003575,136034.59,0.0,0.0,136034.59,NPR
2026-01-06,ACC0000003576,340708.63,60225.2,33038.36,367895.47,NPR
2026-01-06,ACC0000003577,323007.79,0.0,0.0,323007.79,NPR
2026-01-06,ACC0000003578,482712.53,0.0,30496.61,452215.92,NPR
2026-01-06,ACC0000003579,272367.04,18497.0,31552.21,259311.83,NPR
2026-01-06,ACC0000003580,248903.91,0.0,91413.36,157490.55,NPR
2026-01-06,ACC0000003581,413098.3,74208.41,0.0,487306.71,NPR
2026-01-06,ACC0000003582,17557.71,0.0,97481.36,-79923.65,NPR
2026-01-06,ACC0000003583,16795.43,0.0,0.0,16795.43,NPR
2026-01-06,ACC0000003584,145239.66,0.0,64336.88,80902.78,NPR
2026-01-06,ACC0000003585,226629.73,75265.24,30160.36,271734.61,NPR
2026-01-06,ACC0000003586,325879.34,26241.63,17005.7,335115.27,NPR
2026-01-06,ACC0000003587,333986.64,0.0,11516.68,322469.96,NPR
2026-01-06,ACC0000003588,185615.32,11451.2,43532.7,153533.82,NPR
2026-01-06,ACC0000003589,284695.9,22419.71,0.0,307115.61,NPR
2026-01-06,ACC0000003590,27376.08,0.0,39076.34,-11700.26,NPR
2026-01-06,ACC0000003591,424990.02,0.0,90060.04,334929.98,NPR
2026-01-06,ACC0000003592,313971.18,0.0,118089.02,195882.16,NPR
2026-01-06,ACC0000003593,350474.2,0.0,42642.16,307832.04,NPR
2026-01-06,ACC0000003594,32505.84,4771.63,34628.93,2648.54,NPR
2026-01-06,ACC0000003595,190648.85,0.0,56582.3,134066.55,NPR
2026-01-06,ACC0000003596,412867.54,0.0,0.0,412867.54,NPR
2026-01-06,ACC0000003597,279148.28,0.0,70041.48,209106.8,NPR
2026-01-06,ACC0000003598,41025.95,42213.71,2849.27,80390.39,NPR
2026-01-06,ACC0000003599,499958.49,0.0,12340.77,487617.72,NPR
2026-01-06,ACC0000003600,247548.45,28493.44,39866.9,236174.99,NPR
2026-01-06,ACC0000003601,32879.36,8399.84,39787.41,1491.79,NPR
2026-01-06,ACC0000003602,164439.38,0.0,80173.27,84266.11,NPR
2026-01-06,ACC0000003603,317656.41,0.0,45331.38,272325.03,NPR
2026-01-06,ACC0000003604,353560.28,0.0,0.0,353560.28,NPR
2026-01-06,ACC0000003605,343506.84,0.0,54199.29,289307.55,NPR
2026-01-06,ACC0000003606,364810.03,8057.45,64074.16,308793.32,NPR
2026-01-06,ACC0000003607,15239.09,34412.05,0.0,49651.14,NPR
2026-01-06,ACC0000003608,384147.93,27878.43,0.0,412026.36,NPR
2026-01-06,ACC0000003609,91393.94,75347.9,36514.01,130227.83,NPR
2026-01-06,ACC0000003610,405865.45,15791.54,45799.48,375857.51,NPR
2026-01-06,ACC0000003611,227904.99,0.0,45814.08,182090.91,NPR
2026-01-06,ACC0000003612,406252.13,0.0,5617.39,400634.74,NPR
2026-01-06,ACC0000003613,100042.53,0.0,37660.96,62381.57,NPR
2026-01-06,ACC0000003614,123523.37,0.0,0.0,123523.37,NPR
2026-01-06,ACC0000003615,102722.68,0.0,27876.68,74846.0,NPR
2026-01-06,ACC0000003616,60309.04,40002.35,0.0,100311.39,NPR
2026-01-06,ACC0000003617,264384.43,17547.35,46260.49,235671.29,NPR
2026-01-06,ACC0000003618,314971.23,0.0,0.0,314971.23,NPR
2026-01-06,ACC0000003619,341555.88,0.0,57497.35,284058.53,NPR
2026-01-06,ACC0000003620,57811.39,23062.8,0.0,80874.19,NPR
2026-01-06,ACC0000003621,489864.75,0.0,0.0,489864.75,NPR
2026-01-06,ACC0000003622,473790.03,46482.14,23308.74,496963.43,NPR
2026-01-06,ACC0000003623,9338.5,0.0,137286.28,-127947.78,NPR
2026-01-06,ACC0000003624,364618.38,32732.25,9461.39,387889.24,NPR
2026-01-06,ACC0000003625,196948.05,0.0,0.0,196948.05,NPR
2026-01-06,ACC0000003626,103356.75,0.0,8832.19,94524.56,NPR
2026-01-06,ACC0000003627,213233.95,0.0,84825.04,128408.91,NPR
2026-01-06,ACC0000003628,185838.68,0.0,0.0,185838.68,NPR
2026-01-06,ACC0000003629,409369.04,0.0,114558.43,294810.61,NPR
2026-01-06,ACC0000003630,392448.93,0.0,101731.79,290717.14,NPR
2026-01-06,ACC0000003631,436329.35,0.0,0.0,436329.35,NPR
2026-01-06,ACC0000003632,150417.99,77388.34,13790.4,214015.93,NPR
2026-01-06,ACC0000003633,201617.26,0.0,0.0,201617.26,NPR
2026-01-06,ACC0000003634,100134.36,0.0,77591.94,22542.42,NPR
2026-01-06,ACC0000003635,126605.4,37189.72,34552.04,129243.08,NPR
2026-01-06,ACC0000003636,492384.64,67628.52,105446.22,454566.94,NPR
2026-01-06,ACC0000003637,3104.49,0.0,0.0,3104.49,NPR
2026-01-06,ACC0000003638,144815.35,0.0,31382.03,113433.32,NPR
2026-01-06,ACC0000003639,266576.6,0.0,0.0,266576.6,NPR
2026-01-06,ACC0000003640,399358.86,8175.87,7125.29,400409.44,NPR
2026-01-06,ACC0000003641,448724.43,0.0,0.0,448724.43,NPR
2026-01-06,ACC0000003642,123647.62,0.0,62002.74,61644.88,NPR
2026-01-06,ACC0000003643,394270.29,0.0,114234.44,280035.85,NPR
2026-01-06,ACC0000003644,31911.39,0.0,0.0,31911.39,NPR
2026-01-06,ACC0000003645,390924.48,37749.25,22144.72,406529.01,NPR
2026-01-06,ACC0000003646,260364.3,22278.37,93967.96,188674.71,NPR
2026-01-06,ACC0000003647,352286.73,0.0,63794.61,288492.12,NPR
2026-01-06,ACC0000003648,262865.42,0.0,71808.99,191056.43,NPR
2026-01-06,ACC0000003649,146781.62,0.0,57184.83,89596.79,NPR
2026-01-06,ACC0000003650,251254.9,18767.62,46557.89,223464.63,NPR
2026-01-06,ACC0000003651,346317.58,0.0,0.0,346317.58,NPR
2026-01-06,ACC0000003652,266020.26,35553.15,116106.6,185466.81,NPR
2026-01-06,ACC0000003653,263765.96,49422.88,151566.3,161622.54,NPR
2026-01-06,ACC0000003654,152754.55,0.0,0.0,152754.55,NPR
2026-01-06,ACC0000003655,271977.35,0.0,103821.28,168156.07,NPR
2026-01-06,ACC0000003656,450426.77,76913.81,42439.5,484901.08,NPR
2026-01-06,ACC0000003657,342939.6,0.0,97931.57,245008.03,NPR
2026-01-06,ACC0000003658,96752.97,8605.75,60664.78,44693.94,NPR
2026-01-06,ACC0000003659,45415.74,0.0,12178.5,33237.24,NPR
2026-01-06,ACC0000003660,104107.3,0.0,0.0,104107.3,NPR
2026-01-06,ACC0000003661,361667.29,29596.21,51382.69,339880.81,NPR
2026-01-06,ACC0000003662,191209.72,0.0,73323.42,117886.3,NPR
2026-01-06,ACC0000003663,180072.45,0.0,0.0,180072.45,NPR
2026-01-06,ACC0000003664,439020.59,0.0,27804.73,411215.86,NPR
2026-01-06,ACC0000003665,277925.4,0.0,0.0,277925.4,NPR
2026-01-06,ACC0000003666,24377.44,43110.42,81864.93,-14377.07,NPR
2026-01-06,ACC0000003667,451284.5,0.0,0.0,451284.5,NPR
2026-01-06,ACC0000003668,51090.79,55783.54,74917.15,31957.18,NPR
2026-01-06,ACC0000003669,368320.05,0.0,29252.86,339067.19,NPR
2026-01-06,ACC0000003670,210257.26,0.0,48491.45,161765.81,NPR
2026-01-06,ACC0000003671,411822.97,0.0,49720.05,362102.92,NPR
2026-01-06,ACC0000003672,344821.34,80553.43,31816.97,393557.8,NPR
2026-01-06,ACC0000003673,271919.26,34352.2,34160.31,272111.15,NPR
2026-01-06,ACC0000003674,488501.92,31560.63,83689.71,436372.84,NPR
2026-01-06,ACC0000003675,466257.71,0.0,0.0,466257.71,NPR
2026-01-06,ACC0000003676,248710.75,27621.32,2831.38,273500.69,NPR
2026-01-06,ACC0000003677,302193.98,0.0,71199.15,230994.83,NPR
2026-01-06,ACC0000003678,199919.49,0.0,60932.45,138987.04,NPR
2026-01-06,ACC0000003679,352992.84,6650.13,15206.36,344436.61,NPR
2026-01-06,ACC0000003680,319234.45,37630.41,14671.42,342193.44,NPR
2026-01-06,ACC0000003681,385646.81,0.0,1209.57,384437.24,NPR
2026-01-06,ACC0000003682,440640.67,7041.67,86677.82,361004.52,NPR
2026-01-06,ACC0000003683,160766.67,1623.29,37553.84,124836.12,NPR
2026-01-06,ACC0000003684,371932.77,0.0,68421.54,303511.23,NPR
2026-01-06,ACC0000003685,215783.84,19627.06,71627.96,163782.94,NPR
2026-01-06,ACC0000003686,46344.43,0.0,79711.68,-33367.25,NPR
2026-01-06,ACC0000003687,427298.33,22271.82,18858.08,430712.07,NPR
2026-01-06,ACC0000003688,103071.12,6294.0,39884.33,69480.79,NPR
2026-01-06,ACC0000003689,452286.77,0.0,39907.62,412379.15,NPR
2026-01-06,ACC0000003690,337142.41,0.0,15539.86,321602.55,NPR
2026-01-06,ACC0000003691,446617.85,0.0,33700.07,412917.78,NPR
2026-01-06,ACC0000003692,153788.74,0.0,0.0,153788.74,NPR
2026-01-06,ACC0000003693,52002.14,0.0,95062.23,-43060.09,NPR
2026-01-06,ACC0000003694,121622.31,53373.32,31037.81,143957.82,NPR
2026-01-06,ACC0000003695,425928.72,0.0,0.0,425928.72,NPR
2026-01-06,ACC0000003696,481263.62,0.0,107433.79,373829.83,NPR
2026-01-06,ACC0000003697,315498.17,14899.58,0.0,330397.75,NPR
2026-01-06,ACC0000003698,147714.52,0.0,47952.07,99762.45,NPR
2026-01-06,ACC0000003699,462498.89,0.0,45495.57,417003.32,NPR
2026-01-06,ACC0000003700,454418.86,31335.85,36700.87,449053.84,NPR
2026-01-06,ACC0000003701,496752.41,21433.14,0.0,518185.55,NPR
2026-01-06,ACC0000003702,337965.84,3543.92,68354.93,273154.83,NPR
2026-01-06,ACC0000003703,49368.13,24507.23,100972.64,-27097.28,NPR
2026-01-06,ACC0000003704,439005.55,45490.88,0.0,484496.43,NPR
2026-01-06,ACC0000003705,432952.32,106829.02,81310.24,458471.1,NPR
2026-01-06,ACC0000003706,164700.23,0.0,0.0,164700.23,NPR
2026-01-06,ACC0000003707,448427.5,0.0,0.0,448427.5,NPR
2026-01-06,ACC0000003708,261125.94,39395.5,111644.01,188877.43,NPR
2026-01-06,ACC0000003709,95308.38,0.0,69816.2,25492.18,NPR
2026-01-06,ACC0000003710,420978.67,0.0,42473.68,378504.99,NPR
2026-01-06,ACC0000003711,247174.73,32010.2,87481.3,191703.63,NPR
2026-01-06,ACC0000003712,487547.37,0.0,81630.78,405916.59,NPR
2026-01-06,ACC0000003713,59199.03,27443.31,41771.88,44870.46,NPR
2026-01-06,ACC0000003714,468169.24,0.0,75214.71,392954.53,NPR
2026-01-06,ACC0000003715,146791.49,0.0,86888.55,59902.94,NPR
2026-01-06,ACC0000003716,166853.97,0.0,0.0,166853.97,NPR
2026-01-06,ACC0000003717,314508.67,0.0,42830.31,271678.36,NPR
2026-01-06,ACC0000003718,230739.03,39235.57,0.0,269974.6,NPR
2026-01-06,ACC0000003719,164352.07,0.0,32105.95,132246.12,NPR
2026-01-06,ACC0000003720,144605.33,0.0,0.0,144605.33,NPR
2026-01-06,ACC0000003721,490729.23,0.0,108443.57,382285.66,NPR
2026-01-06,ACC0000003722,270300.01,9242.66,144811.87,134730.8,NPR
2026-01-06,ACC0000003723,355446.87,0.0,27976.82,327470.05,NPR
2026-01-06,ACC0000003724,450943.8,0.0,13894.84,437048.96,NPR
2026-01-06,ACC0000003725,118877.88,0.0,79138.73,39739.15,NPR
2026-01-06,ACC0000003726,64169.85,43415.23,720.55,106864.53,NPR
2026-01-06,ACC0000003727,55281.4,0.0,26755.48,28525.92,NPR
2026-01-06,ACC0000003728,488597.02,0.0,108530.86,380066.16,NPR
2026-01-06,ACC0000003729,359084.22,5703.87,49199.9,315588.19,NPR
2026-01-06,ACC0000003730,288272.23,0.0,203596.71,84675.52,NPR
2026-01-06,ACC0000003731,369472.26,53399.12,47092.31,375779.07,NPR
2026-01-06,ACC0000003732,153299.07,10162.27,37018.28,126443.06,NPR
2026-01-06,ACC0000003733,386421.76,12155.96,128366.66,270211.06,NPR
2026-01-06,ACC0000003734,450098.48,0.0,0.0,450098.48,NPR
2026-01-06,ACC0000003735,229292.5,107687.41,109105.49,227874.42,NPR
2026-01-06,ACC0000003736,114296.49,28785.0,125667.02,17414.47,NPR
2026-01-06,ACC0000003737,245509.38,0.0,0.0,245509.38,NPR
2026-01-06,ACC0000003738,393480.9,0.0,25921.78,367559.12,NPR
2026-01-06,ACC0000003739,216272.57,3854.19,40759.25,179367.51,NPR
2026-01-06,ACC0000003740,357127.27,60235.33,57559.54,359803.06,NPR
2026-01-06,ACC0000003741,192213.0,25152.82,0.0,217365.82,NPR
2026-01-06,ACC0000003742,159039.93,70947.34,79615.3,150371.97,NPR
2026-01-06,ACC0000003743,327290.42,0.0,0.0,327290.42,NPR
2026-01-06,ACC0000003744,30297.04,41011.5,0.0,71308.54,NPR
2026-01-06,ACC0000003745,73908.54,0.0,0.0,73908.54,NPR
2026-01-06,ACC0000003746,33108.87,0.0,100381.09,-67272.22,NPR
2026-01-06,ACC0000003747,434959.39,0.0,67378.23,367581.16,NPR
2026-01-06,ACC0000003748,477199.92,0.0,0.0,477199.92,NPR
2026-01-06,ACC0000003749,319307.45,1174.77,0.0,320482.22,NPR
2026-01-06,ACC0000003750,293981.47,56462.22,39225.94,311217.75,NPR
2026-01-06,ACC0000003751,342982.72,6903.26,6218.62,343667.36,NPR
2026-01-06,ACC0000003752,254536.65,18655.86,70191.16,203001.35,NPR
2026-01-06,ACC0000003753,60859.88,0.0,0.0,60859.88,NPR
2026-01-06,ACC0000003754,359471.31,39089.14,0.0,398560.45,NPR
2026-01-06,ACC0000003755,177405.37,0.0,14976.97,162428.4,NPR
2026-01-06,ACC0000003756,497462.61,38574.41,86599.57,449437.45,NPR
2026-01-06,ACC0000003757,474709.88,0.0,32828.66,441881.22,NPR
2026-01-06,ACC0000003758,387394.79,0.0,0.0,387394.79,NPR
2026-01-06,ACC0000003759,61495.17,0.0,0.0,61495.17,NPR
2026-01-06,ACC0000003760,396455.11,0.0,0.0,396455.11,NPR
2026-01-06,ACC0000003761,87395.33,0.0,20802.65,66592.68,NPR
2026-01-06,ACC0000003762,26178.71,0.0,6512.59,19666.12,NPR
2026-01-06,ACC0000003763,316572.83,0.0,24550.17,292022.66,NPR
2026-01-06,ACC0000003764,423240.59,0.0,131490.59,291750.0,NPR
2026-01-06,ACC0000003765,163502.63,0.0,26012.41,137490.22,NPR
2026-01-06,ACC0000003766,314582.7,36048.79,25070.12,325561.37,NPR
2026-01-06,ACC0000003767,185990.79,0.0,0.0,185990.79,NPR
2026-01-06,ACC0000003768,243714.32,71856.88,13796.43,301774.77,NPR
2026-01-06,ACC0000003769,443916.46,0.0,0.0,443916.46,NPR
2026-01-06,ACC0000003770,456103.76,30225.25,126459.25,359869.76,NPR
2026-01-06,ACC0000003771,498796.9,0.0,0.0,498796.9,NPR
2026-01-06,ACC0000003772,253742.39,0.0,137586.59,116155.8,NPR
2026-01-06,ACC0000003773,498415.48,0.0,0.0,498415.48,NPR
2026-01-06,ACC0000003774,141981.86,49916.39,2581.38,189316.87,NPR
2026-01-06,ACC0000003775,50828.25,38233.14,1070.18,87991.21,NPR
2026-01-06,ACC0000003776,136509.77,0.0,1747.74,134762.03,NPR
2026-01-06,ACC0000003777,452427.15,0.0,8783.01,443644.14,NPR
2026-01-06,ACC0000003778,481094.51,0.0,72167.31,408927.2,NPR
2026-01-06,ACC0000003779,31302.66,0.0,0.0,31302.66,NPR
2026-01-06,ACC0000003780,58140.12,0.0,120254.27,-62114.15,NPR
2026-01-06,ACC0000003781,495941.96,21891.19,110456.39,407376.76,NPR
2026-01-06,ACC0000003782,117291.0,45394.07,51760.76,110924.31,NPR
2026-01-06,ACC0000003783,141693.35,0.0,0.0,141693.35,NPR
2026-01-06,ACC0000003784,167984.54,38778.17,0.0,206762.71,NPR
2026-01-06,ACC0000003785,380667.3,0.0,0.0,380667.3,NPR
2026-01-06,ACC0000003786,262266.46,0.0,0.0,262266.46,NPR
2026-01-06,ACC0000003787,109024.94,28527.09,16849.85,120702.18,NPR
2026-01-06,ACC0000003788,490725.95,0.0,45163.64,445562.31,NPR
2026-01-06,ACC0000003789,488755.74,0.0,0.0,488755.74,NPR
2026-01-06,ACC0000003790,132745.4,0.0,51607.69,81137.71,NPR
2026-01-06,ACC0000003791,335360.08,30090.85,0.0,365450.93,NPR
2026-01-06,ACC0000003792,301078.39,8441.61,141326.43,168193.57,NPR
2026-01-06,ACC0000003793,99996.26,14661.36,59158.36,55499.26,NPR
2026-01-06,ACC0000003794,301455.04,13126.56,111415.28,203166.32,NPR
2026-01-06,ACC0000003795,324292.09,19755.16,0.0,344047.25,NPR
2026-01-06,ACC0000003796,456817.31,49344.01,0.0,506161.32,NPR
2026-01-06,ACC0000003797,135251.45,0.0,0.0,135251.45,NPR
2026-01-06,ACC0000003798,66771.3,0.0,24473.14,42298.16,NPR
2026-01-06,ACC0000003799,153306.09,0.0,62328.36,90977.73,NPR
2026-01-06,ACC0000003800,273278.87,48051.38,54118.72,267211.53,NPR
2026-01-06,ACC0000003801,307071.05,0.0,81196.13,225874.92,NPR
2026-01-06,ACC0000003802,463946.81,0.0,78398.1,385548.71,NPR
2026-01-06,ACC0000003803,433283.2,21470.24,0.0,454753.44,NPR
2026-01-06,ACC0000003804,279487.03,44484.81,101417.39,222554.45,NPR
2026-01-06,ACC0000003805,190476.52,0.0,9911.76,180564.76,NPR
2026-01-06,ACC0000003806,390371.52,89012.74,0.0,479384.26,NPR
2026-01-06,ACC0000003807,280053.67,35260.1,48862.79,266450.98,NPR
2026-01-06,ACC0000003808,122197.87,0.0,25875.69,96322.18,NPR
2026-01-06,ACC0000003809,32449.99,34763.89,5466.57,61747.31,NPR
2026-01-06,ACC0000003810,11486.18,0.0,144375.37,-132889.19,NPR
2026-01-06,ACC0000003811,199670.02,55556.98,22762.73,232464.27,NPR
2026-01-06,ACC0000003812,133105.25,0.0,0.0,133105.25,NPR
2026-01-06,ACC0000003813,108079.95,0.0,40437.17,67642.78,NPR
2026-01-06,ACC0000003814,463510.72,0.0,0.0,463510.72,NPR
2026-01-06,ACC0000003815,108162.65,0.0,72186.19,35976.46,NPR
2026-01-06,ACC0000003816,56593.94,875.57,33016.78,24452.73,NPR
2026-01-06,ACC0000003817,359150.39,0.0,0.0,359150.39,NPR
2026-01-06,ACC0000003818,232007.27,0.0,107307.12,124700.15,NPR
2026-01-06,ACC0000003819,452755.44,0.0,22579.3,430176.14,NPR
2026-01-06,ACC0000003820,362839.69,37023.11,0.0,399862.8,NPR
2026-01-06,ACC0000003821,438793.02,0.0,0.0,438793.02,NPR
2026-01-06,ACC0000003822,370640.63,0.0,33283.28,337357.35,NPR
2026-01-06,ACC0000003823,162729.35,0.0,132261.39,30467.96,NPR
2026-01-06,ACC0000003824,37335.67,0.0,0.0,37335.67,NPR
2026-01-06,ACC0000003825,462789.1,0.0,0.0,462789.1,NPR
2026-01-06,ACC0000003826,49893.88,0.0,0.0,49893.88,NPR
2026-01-06,ACC0000003827,344842.2,0.0,0.0,344842.2,NPR
2026-01-06,ACC0000003828,209313.22,7722.77,77166.31,139869.68,NPR
2026-01-06,ACC0000003829,322846.66,0.0,0.0,322846.66,NPR
2026-01-06,ACC0000003830,36753.05,28092.87,84676.08,-19830.16,NPR
2026-01-06,ACC0000003831,41955.83,0.0,33548.05,8407.78,NPR
2026-01-06,ACC0000003832,423752.58,40101.25,107746.86,356106.97,NPR
2026-01-06,ACC0000003833,74478.05,0.0,4137.08,70340.97,NPR
2026-01-06,ACC0000003834,482671.24,0.0,13642.81,469028.43,NPR
2026-01-06,ACC0000003835,245522.95,0.0,15357.22,230165.73,NPR
2026-01-06,ACC0000003836,439125.3,0.0,16804.18,422321.12,NPR
2026-01-06,ACC0000003837,293154.55,0.0,0.0,293154.55,NPR
2026-01-06,ACC0000003838,61914.99,0.0,0.0,61914.99,NPR
2026-01-06,ACC0000003839,178347.96,0.0,66976.99,111370.97,NPR
2026-01-06,ACC0000003840,206158.16,0.0,44854.38,161303.78,NPR
2026-01-06,ACC0000003841,334439.91,0.0,0.0,334439.91,NPR
2026-01-06,ACC0000003842,226361.12,0.0,76023.48,150337.64,NPR
2026-01-06,ACC0000003843,343899.71,0.0,0.0,343899.71,NPR
2026-01-06,ACC0000003844,64795.67,0.0,19329.5,45466.17,NPR
2026-01-06,ACC0000003845,78865.15,0.0,61260.79,17604.36,NPR
2026-01-06,ACC0000003846,13878.76,0.0,58015.93,-44137.17,NPR
2026-01-06,ACC0000003847,372509.77,37381.22,0.0,409890.99,NPR
2026-01-06,ACC0000003848,159606.67,0.0,3511.26,156095.41,NPR
2026-01-06,ACC0000003849,35724.49,0.0,0.0,35724.49,NPR
2026-01-06,ACC0000003850,340993.74,21382.01,0.0,362375.75,NPR
2026-01-06,ACC0000003851,266961.33,42100.79,59219.52,249842.6,NPR
2026-01-06,ACC0000003852,279561.26,0.0,41093.43,238467.83,NPR
2026-01-06,ACC0000003853,162859.6,43778.77,159614.28,47024.09,NPR
2026-01-06,ACC0000003854,61503.55,0.0,25126.75,36376.8,NPR
2026-01-06,ACC0000003855,64235.36,0.0,8463.78,55771.58,NPR
2026-01-06,ACC0000003856,28393.64,29298.09,32766.16,24925.57,NPR
2026-01-06,ACC0000003857,269043.34,0.0,84881.99,184161.35,NPR
2026-01-06,ACC0000003858,449050.79,0.0,0.0,449050.79,NPR
2026-01-06,ACC0000003859,220330.36,0.0,43760.03,176570.33,NPR
2026-01-06,ACC0000003860,479420.0,0.0,100708.33,378711.67,NPR
2026-01-06,ACC0000003861,478556.26,29605.62,0.0,508161.88,NPR
2026-01-06,ACC0000003862,48414.6,46706.6,61838.68,33282.52,NPR
2026-01-06,ACC0000003863,76476.33,0.0,0.0,76476.33,NPR
2026-01-06,ACC0000003864,334874.03,49973.89,73560.0,311287.92,NPR
2026-01-06,ACC0000003865,400831.7,9306.85,74262.56,335875.99,NPR
2026-01-06,ACC0000003866,282147.77,0.0,38613.96,243533.81,NPR
2026-01-06,ACC0000003867,197546.39,0.0,31043.6,166502.79,NPR
2026-01-06,ACC0000003868,498933.62,0.0,68350.93,430582.69,NPR
2026-01-06,ACC0000003869,70060.05,21839.17,72689.48,19209.74,NPR
2026-01-06,ACC0000003870,228727.51,24582.71,26104.06,227206.16,NPR
2026-01-06,ACC0000003871,115105.37,76.31,52956.19,62225.49,NPR
2026-01-06,ACC0000003872,479655.47,56088.81,35119.46,500624.82,NPR
2026-01-06,ACC0000003873,344371.78,7401.18,140951.24,210821.72,NPR
2026-01-06,ACC0000003874,489714.2,10489.18,1422.09,498781.29,NPR
2026-01-06,ACC0000003875,18106.75,0.0,0.0,18106.75,NPR
2026-01-06,ACC0000003876,373210.62,0.0,3042.5,370168.12,NPR
2026-01-06,ACC0000003877,325929.37,0.0,68446.52,257482.85,NPR
2026-01-06,ACC0000003878,79973.61,38285.46,26854.26,91404.81,NPR
2026-01-06,ACC0000003879,62934.64,21572.81,43607.01,40900.44,NPR
2026-01-06,ACC0000003880,411723.62,43730.19,0.0,455453.81,NPR
2026-01-06,ACC0000003881,172727.48,11914.87,74632.25,110010.1,NPR
2026-01-06,ACC0000003882,405114.22,0.0,0.0,405114.22,NPR
2026-01-06,ACC0000003883,98814.17,0.0,72475.77,26338.4,NPR
2026-01-06,ACC0000003884,167025.29,3912.35,117231.72,53705.92,NPR
2026-01-06,ACC0000003885,171269.32,0.0,0.0,171269.32,NPR
2026-01-06,ACC0000003886,212081.6,0.0,0.0,212081.6,NPR
2026-01-06,ACC0000003887,139584.52,0.0,47931.5,91653.02,NPR
2026-01-06,ACC0000003888,99542.51,0.0,6403.23,93139.28,NPR
2026-01-06,ACC0000003889,427532.53,0.0,93057.11,334475.42,NPR
2026-01-06,ACC0000003890,331265.02,0.0,82895.46,248369.56,NPR
2026-01-06,ACC0000003891,409983.97,0.0,82327.06,327656.91,NPR
2026-01-06,ACC0000003892,71669.87,0.0,33420.64,38249.23,NPR
2026-01-06,ACC0000003893,188908.4,0.0,0.0,188908.4,NPR
2026-01-06,ACC0000003894,72646.06,0.0,34255.73,38390.33,NPR
2026-01-06,ACC0000003895,120469.99,0.0,100817.92,19652.07,NPR
2026-01-06,ACC0000003896,143230.96,36099.71,68118.22,111212.45,NPR
2026-01-06,ACC0000003897,60716.46,908.46,25949.06,35675.86,NPR
2026-01-06,ACC0000003898,221135.42,32031.16,173885.12,79281.46,NPR
2026-01-06,ACC0000003899,400821.89,20327.1,159565.22,261583.77,NPR
2026-01-06,ACC0000003900,207517.46,0.0,63145.63,144371.83,NPR
2026-01-06,ACC0000003901,122882.29,0.0,147191.54,-24309.25,NPR
2026-01-06,ACC0000003902,73267.81,0.0,66992.61,6275.2,NPR
2026-01-06,ACC0000003903,144358.59,0.0,31287.87,113070.72,NPR
2026-01-06,ACC0000003904,15137.36,0.0,9246.46,5890.9,NPR
2026-01-06,ACC0000003905,496487.37,0.0,47921.76,448565.61,NPR
2026-01-06,ACC0000003906,338331.15,0.0,0.0,338331.15,NPR
2026-01-06,ACC0000003907,399064.89,0.0,0.0,399064.89,NPR
2026-01-06,ACC0000003908,213259.11,25682.41,49840.37,189101.15,NPR
2026-01-06,ACC0000003909,57627.67,0.0,25447.43,32180.24,NPR
2026-01-06,ACC0000003910,250895.93,55967.65,0.0,306863.58,NPR
2026-01-06,ACC0000003911,472833.16,0.0,42618.18,430214.98,NPR
2026-01-06,ACC0000003912,31120.78,0.0,0.0,31120.78,NPR
2026-01-06,ACC0000003913,436214.6,9470.98,48441.51,397244.07,NPR
2026-01-06,ACC0000003914,332176.68,0.0,28133.33,304043.35,NPR
2026-01-06,ACC0000003915,419443.6,0.0,1296.19,418147.41,NPR
2026-01-06,ACC0000003916,243359.88,0.0,114541.06,128818.82,NPR
2026-01-06,ACC0000003917,255771.76,0.0,0.0,255771.76,NPR
2026-01-06,ACC0000003918,490988.62,0.0,34203.06,456785.56,NPR
2026-01-06,ACC0000003919,139365.68,6749.4,15683.0,130432.08,NPR
2026-01-06,ACC0000003920,465178.52,1052.56,0.0,466231.08,NPR
2026-01-06,ACC0000003921,303297.93,0.0,0.0,303297.93,NPR
2026-01-06,ACC0000003922,496592.15,11464.5,12622.28,495434.37,NPR
2026-01-06,ACC0000003923,288355.43,0.0,25491.83,262863.6,NPR
2026-01-06,ACC0000003924,267328.65,2158.98,29652.27,239835.36,NPR
2026-01-06,ACC0000003925,68060.0,0.0,0.0,68060.0,NPR
2026-01-06,ACC0000003926,346522.94,0.0,103288.84,243234.1,NPR
2026-01-06,ACC0000003927,444633.7,0.0,69339.61,375294.09,NPR
2026-01-06,ACC0000003928,314314.53,30535.9,84286.4,260564.03,NPR
2026-01-06,ACC0000003929,326294.07,0.0,0.0,326294.07,NPR
2026-01-06,ACC0000003930,113089.61,0.0,54047.3,59042.31,NPR
2026-01-06,ACC0000003931,376658.86,58879.02,40063.14,395474.74,NPR
2026-01-06,ACC0000003932,301171.13,0.0,151295.28,149875.85,NPR
2026-01-06,ACC0000003933,418077.34,0.0,41928.74,376148.6,NPR
2026-01-06,ACC0000003934,22801.89,0.0,0.0,22801.89,NPR
2026-01-06,ACC0000003935,457080.38,24027.4,87449.64,393658.14,NPR
2026-01-06,ACC0000003936,458805.96,43650.99,50200.6,452256.35,NPR
2026-01-06,ACC0000003937,411117.9,41438.7,75356.1,377200.5,NPR
2026-01-06,ACC0000003938,465296.62,0.0,0.0,465296.62,NPR
2026-01-06,ACC0000003939,342473.28,10380.95,7791.12,345063.11,NPR
2026-01-06,ACC0000003940,17515.91,0.0,71817.66,-54301.75,NPR
2026-01-06,ACC0000003941,462069.29,0.0,42830.37,419238.92,NPR
2026-01-06,ACC0000003942,449347.1,0.0,38158.63,411188.47,NPR
2026-01-06,ACC0000003943,91274.08,32943.44,30387.05,93830.47,NPR
2026-01-06,ACC0000003944,261814.32,0.0,0.0,261814.32,NPR
2026-01-06,ACC0000003945,345805.96,0.0,35778.43,310027.53,NPR
2026-01-06,ACC0000003946,380687.47,0.0,18669.96,362017.51,NPR
2026-01-06,ACC0000003947,270004.2,35400.64,48628.7,256776.14,NPR
2026-01-06,ACC0000003948,449140.74,93338.59,58803.07,483676.26,NPR
2026-01-06,ACC0000003949,498275.24,5055.19,78791.44,424538.99,NPR
2026-01-06,ACC0000003950,303835.51,0.0,182322.36,121513.15,NPR
2026-01-06,ACC0000003951,296742.41,17612.32,69497.58,244857.15,NPR
2026-01-06,ACC0000003952,478721.25,10519.84,17852.99,471388.1,NPR
2026-01-06,ACC0000003953,474750.31,0.0,0.0,474750.31,NPR
2026-01-06,ACC0000003954,2045.17,0.0,44171.53,-42126.36,NPR
2026-01-06,ACC0000003955,230857.53,0.0,122004.17,108853.36,NPR
2026-01-06,ACC0000003956,277783.55,16455.11,132651.0,161587.66,NPR
2026-01-06,ACC0000003957,419723.62,693.67,0.0,420417.29,NPR
2026-01-06,ACC0000003958,113127.77,11288.84,32029.03,92387.58,NPR
2026-01-06,ACC0000003959,53284.11,21165.49,47258.45,27191.15,NPR
2026-01-06,ACC0000003960,144385.74,0.0,23246.23,121139.51,NPR
2026-01-06,ACC0000003961,429549.56,64828.56,82370.55,412007.57,NPR
2026-01-06,ACC0000003962,426775.79,0.0,26957.24,399818.55,NPR
2026-01-06,ACC0000003963,221516.7,47127.8,72107.3,196537.2,NPR
2026-01-06,ACC0000003964,122657.12,0.0,1041.16,121615.96,NPR
2026-01-06,ACC0000003965,285292.7,0.0,218344.05,66948.65,NPR
2026-01-06,ACC0000003966,76302.6,0.0,0.0,76302.6,NPR
2026-01-06,ACC0000003967,31617.49,0.0,0.0,31617.49,NPR
2026-01-06,ACC0000003968,492990.9,20759.9,0.0,513750.8,NPR
2026-01-06,ACC0000003969,156262.17,0.0,0.0,156262.17,NPR
2026-01-06,ACC0000003970,55085.63,0.0,0.0,55085.63,NPR
2026-01-06,ACC0000003971,14859.93,73581.03,20196.98,68243.98,NPR
2026-01-06,ACC0000003972,473857.75,0.0,42592.0,431265.75,NPR
2026-01-06,ACC0000003973,465974.4,0.0,95947.99,370026.41,NPR
2026-01-06,ACC0000003974,17923.95,0.0,52283.54,-34359.59,NPR
2026-01-06,ACC0000003975,24073.47,0.0,0.0,24073.47,NPR
2026-01-06,ACC0000003976,381668.75,0.0,3316.93,378351.82,NPR
2026-01-06,ACC0000003977,414713.31,0.0,31340.5,383372.81,NPR
2026-01-06,ACC0000003978,377950.41,0.0,25280.81,352669.6,NPR
2026-01-06,ACC0000003979,172375.95,0.0,0.0,172375.95,NPR
2026-01-06,ACC0000003980,262388.43,45113.12,63797.9,243703.65,NPR
2026-01-06,ACC0000003981,457030.26,0.0,118515.57,338514.69,NPR
2026-01-06,ACC0000003982,495396.88,20941.42,41811.56,474526.74,NPR
2026-01-06,ACC0000003983,83980.76,0.0,32066.71,51914.05,NPR
2026-01-06,ACC0000003984,473294.1,49889.44,15998.62,507184.92,NPR
2026-01-06,ACC0000003985,464706.44,16425.52,155240.34,325891.62,NPR
2026-01-06,ACC0000003986,84761.67,9220.44,0.0,93982.11,NPR
2026-01-06,ACC0000003987,31781.63,0.0,151920.96,-120139.33,NPR
2026-01-06,ACC0000003988,393435.28,140064.26,0.0,533499.54,NPR
2026-01-06,ACC0000003989,348147.35,0.0,46110.62,302036.73,NPR
2026-01-06,ACC0000003990,159606.06,28685.93,6710.63,181581.36,NPR
2026-01-06,ACC0000003991,238912.3,0.0,0.0,238912.3,NPR
2026-01-06,ACC0000003992,384264.62,0.0,0.0,384264.62,NPR
2026-01-06,ACC0000003993,82287.83,60754.61,109104.47,33937.97,NPR
2026-01-06,ACC0000003994,304865.23,22922.95,90277.44,237510.74,NPR
2026-01-06,ACC0000003995,201011.28,0.0,123948.11,77063.17,NPR
2026-01-06,ACC0000003996,415207.42,0.0,56321.72,358885.7,NPR
2026-01-06,ACC0000003997,359755.87,0.0,0.0,359755.87,NPR
2026-01-06,ACC0000003998,296738.57,0.0,59970.48,236768.09,NPR
2026-01-06,ACC0000003999,291792.05,0.0,110495.65,181296.4,NPR
2026-01-06,ACC0000004000,156776.33,40013.43,0.0,196789.76,NPR
2026-01-06,ACC0000004001,4048.31,0.0,36079.0,-32030.69,NPR
2026-01-06,ACC0000004002,178847.62,0.0,72518.64,106328.98,NPR
2026-01-06,ACC0000004003,105259.15,25103.68,0.0,130362.83,NPR
2026-01-06,ACC0000004004,247105.75,39706.12,68789.78,218022.09,NPR
2026-01-06,ACC0000004005,146516.06,0.0,84195.12,62320.94,NPR
2026-01-06,ACC0000004006,239609.29,19666.53,149798.32,109477.5,NPR
2026-01-06,ACC0000004007,482760.37,0.0,95146.85,387613.52,NPR
2026-01-06,ACC0000004008,138237.96,0.0,35731.88,102506.08,NPR
2026-01-06,ACC0000004009,426272.76,0.0,43984.18,382288.58,NPR
2026-01-06,ACC0000004010,319187.2,0.0,0.0,319187.2,NPR
2026-01-06,ACC0000004011,49486.45,13320.46,38587.37,24219.54,NPR
2026-01-06,ACC0000004012,283037.65,0.0,0.0,283037.65,NPR
2026-01-06,ACC0000004013,72501.44,0.0,0.0,72501.44,NPR
2026-01-06,ACC0000004014,401487.53,1975.09,0.0,403462.62,NPR
2026-01-06,ACC0000004015,404422.44,0.0,68407.84,336014.6,NPR
2026-01-06,ACC0000004016,110435.64,46329.47,0.0,156765.11,NPR
2026-01-06,ACC0000004017,406658.15,8463.4,0.0,415121.55,NPR
2026-01-06,ACC0000004018,144694.91,22469.24,78292.82,88871.33,NPR
2026-01-06,ACC0000004019,181074.72,0.0,0.0,181074.72,NPR
2026-01-06,ACC0000004020,456718.74,39572.06,137184.36,359106.44,NPR
2026-01-06,ACC0000004021,198582.57,0.0,65167.2,133415.37,NPR
2026-01-06,ACC0000004022,488461.06,0.0,0.0,488461.06,NPR
2026-01-06,ACC0000004023,208134.96,0.0,70363.73,137771.23,NPR
2026-01-06,ACC0000004024,395480.76,0.0,0.0,395480.76,NPR
2026-01-06,ACC0000004025,6743.33,0.0,70122.62,-63379.29,NPR
2026-01-06,ACC0000004026,161467.66,0.0,97837.65,63630.01,NPR
2026-01-06,ACC0000004027,180319.89,0.0,8649.68,171670.21,NPR
2026-01-06,ACC0000004028,103276.65,0.0,62905.44,40371.21,NPR
2026-01-06,ACC0000004029,287376.32,0.0,9280.91,278095.41,NPR
2026-01-06,ACC0000004030,318054.44,0.0,40716.47,277337.97,NPR
2026-01-06,ACC0000004031,332221.39,0.0,59285.79,272935.6,NPR
2026-01-06,ACC0000004032,80017.03,8705.42,15944.4,72778.05,NPR
2026-01-06,ACC0000004033,1353.53,10438.32,88654.29,-76862.44,NPR
2026-01-06,ACC0000004034,492216.51,46868.7,81311.92,457773.29,NPR
2026-01-06,ACC0000004035,497400.1,19288.46,0.0,516688.56,NPR
2026-01-06,ACC0000004036,390842.39,0.0,40975.43,349866.96,NPR
2026-01-06,ACC0000004037,358172.7,0.0,118115.42,240057.28,NPR
2026-01-06,ACC0000004038,376699.57,0.0,2974.26,373725.31,NPR
2026-01-06,ACC0000004039,210584.54,0.0,45411.24,165173.3,NPR
2026-01-06,ACC0000004040,24827.34,38410.66,21259.2,41978.8,NPR
2026-01-06,ACC0000004041,70846.79,0.0,145949.77,-75102.98,NPR
2026-01-06,ACC0000004042,257621.72,0.0,0.0,257621.72,NPR
2026-01-06,ACC0000004043,364982.39,71028.82,48925.29,387085.92,NPR
2026-01-06,ACC0000004044,248452.81,0.0,81462.13,166990.68,NPR
2026-01-06,ACC0000004045,171006.74,0.0,81482.7,89524.04,NPR
2026-01-06,ACC0000004046,358127.53,0.0,4759.56,353367.97,NPR
2026-01-06,ACC0000004047,367488.27,17056.11,138442.53,246101.85,NPR
2026-01-06,ACC0000004048,464861.98,0.0,92585.09,372276.89,NPR
2026-01-06,ACC0000004049,302909.22,0.0,39770.37,263138.85,NPR
2026-01-06,ACC0000004050,40136.72,0.0,0.0,40136.72,NPR
2026-01-06,ACC0000004051,162841.85,0.0,122220.06,40621.79,NPR
2026-01-06,ACC0000004052,1081.13,35437.69,16652.79,19866.03,NPR
2026-01-06,ACC0000004053,68711.89,48996.06,31483.69,86224.26,NPR
2026-01-06,ACC0000004054,416218.6,80438.86,20836.43,475821.03,NPR
2026-01-06,ACC0000004055,126929.31,0.0,20757.43,106171.88,NPR
2026-01-06,ACC0000004056,161753.37,0.0,37616.94,124136.43,NPR
2026-01-06,ACC0000004057,116878.68,0.0,98168.75,18709.93,NPR
2026-01-06,ACC0000004058,479509.55,0.0,99182.22,380327.33,NPR
2026-01-06,ACC0000004059,115293.88,0.0,84219.59,31074.29,NPR
2026-01-06,ACC0000004060,41393.46,35122.98,0.0,76516.44,NPR
2026-01-06,ACC0000004061,115648.05,0.0,119048.39,-3400.34,NPR
2026-01-06,ACC0000004062,131805.3,0.0,4796.33,127008.97,NPR
2026-01-06,ACC0000004063,230234.59,21985.26,48347.48,203872.37,NPR
2026-01-06,ACC0000004064,258689.73,0.0,106723.21,151966.52,NPR
2026-01-06,ACC0000004065,360775.8,0.0,15557.18,345218.62,NPR
2026-01-06,ACC0000004066,244643.12,0.0,0.0,244643.12,NPR
2026-01-06,ACC0000004067,136246.65,0.0,0.0,136246.65,NPR
2026-01-06,ACC0000004068,220835.58,0.0,46957.72,173877.86,NPR
2026-01-06,ACC0000004069,464176.37,0.0,38032.09,426144.28,NPR
2026-01-06,ACC0000004070,84868.27,0.0,8536.16,76332.11,NPR
2026-01-06,ACC0000004071,408655.15,36923.13,110800.7,334777.58,NPR
2026-01-06,ACC0000004072,107615.84,44128.4,99278.97,52465.27,NPR
2026-01-06,ACC0000004073,443856.3,0.0,0.0,443856.3,NPR
2026-01-06,ACC0000004074,109186.54,3392.49,19706.62,92872.41,NPR
2026-01-06,ACC0000004075,170739.37,0.0,43372.47,127366.9,NPR
2026-01-06,ACC0000004076,186860.07,0.0,111863.96,74996.11,NPR
2026-01-06,ACC0000004077,148929.92,0.0,38417.39,110512.53,NPR
2026-01-06,ACC0000004078,75469.0,0.0,115231.98,-39762.98,NPR
2026-01-06,ACC0000004079,447047.79,0.0,37754.5,409293.29,NPR
2026-01-06,ACC0000004080,155986.82,0.0,0.0,155986.82,NPR
2026-01-06,ACC0000004081,334656.71,0.0,3437.1,331219.61,NPR
2026-01-06,ACC0000004082,184032.74,0.0,0.0,184032.74,NPR
2026-01-06,ACC0000004083,299918.33,0.0,57887.67,242030.66,NPR
2026-01-06,ACC0000004084,59080.17,0.0,0.0,59080.17,NPR
2026-01-06,ACC0000004085,220188.48,0.0,0.0,220188.48,NPR
2026-01-06,ACC0000004086,390887.14,0.0,108204.12,282683.02,NPR
2026-01-06,ACC0000004087,214224.43,0.0,0.0,214224.43,NPR
2026-01-06,ACC0000004088,472020.71,0.0,0.0,472020.71,NPR
2026-01-06,ACC0000004089,193292.93,0.0,20820.63,172472.3,NPR
2026-01-06,ACC0000004090,304939.99,0.0,0.0,304939.99,NPR
2026-01-06,ACC0000004091,483926.32,0.0,94858.55,389067.77,NPR
2026-01-06,ACC0000004092,168042.37,0.0,52448.82,115593.55,NPR
2026-01-06,ACC0000004093,153189.9,0.0,28185.93,125003.97,NPR
2026-01-06,ACC0000004094,234974.85,0.0,71351.88,163622.97,NPR
2026-01-06,ACC0000004095,41502.46,0.0,29662.61,11839.85,NPR
2026-01-06,ACC0000004096,404640.12,0.0,51526.9,353113.22,NPR
2026-01-06,ACC0000004097,272662.01,4970.9,36134.34,241498.57,NPR
2026-01-06,ACC0000004098,478479.89,46254.69,109917.67,414816.91,NPR
2026-01-06,ACC0000004099,126926.12,0.0,30123.69,96802.43,NPR
2026-01-06,ACC0000004100,206671.3,6712.86,24299.15,189085.01,NPR
2026-01-06,ACC0000004101,259601.77,24182.71,21454.37,262330.11,NPR
2026-01-06,ACC0000004102,314231.56,0.0,55226.84,259004.72,NPR
2026-01-06,ACC0000004103,192833.14,43638.02,60644.55,175826.61,NPR
2026-01-06,ACC0000004104,69373.52,0.0,47474.69,21898.83,NPR
2026-01-06,ACC0000004105,435313.74,34643.18,193042.37,276914.55,NPR
2026-01-06,ACC0000004106,80821.29,0.0,187785.74,-106964.45,NPR
2026-01-06,ACC0000004107,36707.56,18621.27,19381.07,35947.76,NPR
2026-01-06,ACC0000004108,67302.95,0.0,0.0,67302.95,NPR
2026-01-06,ACC0000004109,85894.25,0.0,0.0,85894.25,NPR
2026-01-06,ACC0000004110,298487.3,18143.49,120463.05,196167.74,NPR
2026-01-06,ACC0000004111,160659.57,0.0,0.0,160659.57,NPR
2026-01-06,ACC0000004112,404990.0,0.0,58738.78,346251.22,NPR
2026-01-06,ACC0000004113,249152.24,0.0,0.0,249152.24,NPR
2026-01-06,ACC0000004114,68845.86,0.0,10303.91,58541.95,NPR
2026-01-06,ACC0000004115,100037.66,0.0,65137.17,34900.49,NPR
2026-01-06,ACC0000004116,126362.21,2969.05,136205.7,-6874.44,NPR
2026-01-06,ACC0000004117,263527.31,0.0,43913.94,219613.37,NPR
2026-01-06,ACC0000004118,66367.61,41876.43,70851.15,37392.89,NPR
2026-01-06,ACC0000004119,459534.35,0.0,0.0,459534.35,NPR
2026-01-06,ACC0000004120,489772.17,0.0,0.0,489772.17,NPR
2026-01-06,ACC0000004121,113039.9,0.0,0.0,113039.9,NPR
2026-01-06,ACC0000004122,238288.84,41672.45,16010.18,263951.11,NPR
2026-01-06,ACC0000004123,437376.99,0.0,0.0,437376.99,NPR
2026-01-06,ACC0000004124,133273.6,0.0,0.0,133273.6,NPR
2026-01-06,ACC0000004125,38142.86,0.0,0.0,38142.86,NPR
2026-01-06,ACC0000004126,55745.86,0.0,113153.02,-57407.16,NPR
2026-01-06,ACC0000004127,31575.71,42552.21,25010.17,49117.75,NPR
2026-01-06,ACC0000004128,360120.64,46191.99,44647.26,361665.37,NPR
2026-01-06,ACC0000004129,304818.06,77527.48,67974.79,314370.75,NPR
2026-01-06,ACC0000004130,182919.89,0.0,16958.77,165961.12,NPR
2026-01-06,ACC0000004131,369391.4,0.0,55655.4,313736.0,NPR
2026-01-06,ACC0000004132,386971.23,39014.66,78681.38,347304.51,NPR
2026-01-06,ACC0000004133,193221.07,20508.65,0.0,213729.72,NPR
2026-01-06,ACC0000004134,159912.74,0.0,0.0,159912.74,NPR
2026-01-06,ACC0000004135,7489.35,0.0,49047.27,-41557.92,NPR
2026-01-06,ACC0000004136,281319.96,0.0,66977.42,214342.54,NPR
2026-01-06,ACC0000004137,453844.06,0.0,0.0,453844.06,NPR
2026-01-06,ACC0000004138,91068.93,0.0,0.0,91068.93,NPR
2026-01-06,ACC0000004139,210334.57,0.0,54616.81,155717.76,NPR
2026-01-06,ACC0000004140,236817.12,0.0,37584.32,199232.8,NPR
2026-01-06,ACC0000004141,195922.67,48656.8,48144.81,196434.66,NPR
2026-01-06,ACC0000004142,15221.23,0.0,66830.06,-51608.83,NPR
2026-01-06,ACC0000004143,97013.59,0.0,48238.16,48775.43,NPR
2026-01-06,ACC0000004144,221509.64,0.0,90487.23,131022.41,NPR
2026-01-06,ACC0000004145,183313.21,0.0,0.0,183313.21,NPR
2026-01-06,ACC0000004146,210127.65,0.0,97745.43,112382.22,NPR
2026-01-06,ACC0000004147,72752.12,0.0,51414.79,21337.33,NPR
2026-01-06,ACC0000004148,246927.3,0.0,87142.02,159785.28,NPR
2026-01-06,ACC0000004149,341840.71,0.0,52587.81,289252.9,NPR
2026-01-06,ACC0000004150,420477.26,0.0,0.0,420477.26,NPR
2026-01-06,ACC0000004151,268355.83,0.0,57693.03,210662.8,NPR
2026-01-06,ACC0000004152,214640.31,0.0,0.0,214640.31,NPR
2026-01-06,ACC0000004153,112077.44,470.8,28951.12,83597.12,NPR
2026-01-06,ACC0000004154,397404.42,51958.51,144469.48,304893.45,NPR
2026-01-06,ACC0000004155,380456.67,8574.98,129761.32,259270.33,NPR
2026-01-06,ACC0000004156,283570.57,0.0,42589.58,240980.99,NPR
2026-01-06,ACC0000004157,231428.5,0.0,76061.22,155367.28,NPR
2026-01-06,ACC0000004158,479817.25,0.0,0.0,479817.25,NPR
2026-01-06,ACC0000004159,466755.58,0.0,31640.12,435115.46,NPR
2026-01-06,ACC0000004160,184708.16,0.0,73323.12,111385.04,NPR
2026-01-06,ACC0000004161,173904.21,0.0,102161.91,71742.3,NPR
2026-01-06,ACC0000004162,485092.7,9807.29,2960.04,491939.95,NPR
2026-01-06,ACC0000004163,322546.61,0.0,66422.85,256123.76,NPR
2026-01-06,ACC0000004164,495865.14,0.0,0.0,495865.14,NPR
2026-01-06,ACC0000004165,452843.52,0.0,45048.16,407795.36,NPR
2026-01-06,ACC0000004166,8199.84,0.0,89962.44,-81762.6,NPR
2026-01-06,ACC0000004167,487820.37,0.0,46042.11,441778.26,NPR
2026-01-06,ACC0000004168,20128.06,36335.18,0.0,56463.24,NPR
2026-01-06,ACC0000004169,448270.01,0.0,19578.74,428691.27,NPR
2026-01-06,ACC0000004170,425037.26,0.0,0.0,425037.26,NPR
2026-01-06,ACC0000004171,250624.51,0.0,47456.22,203168.29,NPR
2026-01-06,ACC0000004172,50754.96,44158.93,53060.28,41853.61,NPR
2026-01-06,ACC0000004173,437210.12,27472.58,108380.25,356302.45,NPR
2026-01-06,ACC0000004174,374785.82,0.0,14932.12,359853.7,NPR
2026-01-06,ACC0000004175,153486.66,0.0,164137.25,-10650.59,NPR
2026-01-06,ACC0000004176,151580.3,0.0,74688.89,76891.41,NPR
2026-01-06,ACC0000004177,73288.42,0.0,73097.65,190.77,NPR
2026-01-06,ACC0000004178,319578.35,38919.0,19393.93,339103.42,NPR
2026-01-06,ACC0000004179,160257.26,25562.98,88238.13,97582.11,NPR
2026-01-06,ACC0000004180,344730.85,0.0,48095.98,296634.87,NPR
2026-01-06,ACC0000004181,76448.72,0.0,0.0,76448.72,NPR
2026-01-06,ACC0000004182,191987.98,0.0,84870.4,107117.58,NPR
2026-01-06,ACC0000004183,232912.98,37682.71,55307.19,215288.5,NPR
2026-01-06,ACC0000004184,148482.87,0.0,40132.95,108349.92,NPR
2026-01-06,ACC0000004185,247456.99,10141.14,6657.79,250940.34,NPR
2026-01-06,ACC0000004186,62570.64,0.0,99504.16,-36933.52,NPR
2026-01-06,ACC0000004187,91860.0,0.0,0.0,91860.0,NPR
2026-01-06,ACC0000004188,290234.27,0.0,72136.97,218097.3,NPR
2026-01-06,ACC0000004189,457723.88,0.0,93322.61,364401.27,NPR
2026-01-06,ACC0000004190,109094.85,0.0,73772.94,35321.91,NPR
2026-01-06,ACC0000004191,27572.13,0.0,50783.76,-23211.63,NPR
2026-01-06,ACC0000004192,9218.35,0.0,82440.46,-73222.11,NPR
2026-01-06,ACC0000004193,31845.5,39747.08,113142.04,-41549.46,NPR
2026-01-06,ACC0000004194,183137.28,0.0,35500.52,147636.76,NPR
2026-01-06,ACC0000004195,318658.1,0.0,42123.76,276534.34,NPR
2026-01-06,ACC0000004196,314315.61,40249.05,71853.66,282711.0,NPR
2026-01-06,ACC0000004197,418451.25,62998.93,98446.64,383003.54,NPR
2026-01-06,ACC0000004198,460402.75,0.0,107222.56,353180.19,NPR
2026-01-06,ACC0000004199,476180.92,0.0,78480.7,397700.22,NPR
2026-01-06,ACC0000004200,409888.31,0.0,19356.7,390531.61,NPR
2026-01-06,ACC0000004201,58738.08,0.0,0.0,58738.08,NPR
2026-01-06,ACC0000004202,44641.75,28921.6,59100.92,14462.43,NPR
2026-01-06,ACC0000004203,419001.27,0.0,0.0,419001.27,NPR
2026-01-06,ACC0000004204,73490.38,0.0,49197.76,24292.62,NPR
2026-01-06,ACC0000004205,3270.18,49684.82,64571.69,-11616.69,NPR
2026-01-06,ACC0000004206,301647.64,45706.07,17402.53,329951.18,NPR
2026-01-06,ACC0000004207,343201.22,0.0,0.0,343201.22,NPR
2026-01-06,ACC0000004208,157892.34,0.0,40354.52,117537.82,NPR
2026-01-06,ACC0000004209,458794.51,0.0,0.0,458794.51,NPR
2026-01-06,ACC0000004210,402617.29,42724.58,112353.8,332988.07,NPR
2026-01-06,ACC0000004211,458758.51,0.0,46833.84,411924.67,NPR
2026-01-06,ACC0000004212,338964.73,0.0,64794.35,274170.38,NPR
2026-01-06,ACC0000004213,412810.4,0.0,57020.34,355790.06,NPR
2026-01-06,ACC0000004214,91677.64,0.0,24987.5,66690.14,NPR
2026-01-06,ACC0000004215,280230.84,0.0,136105.83,144125.01,NPR
2026-01-06,ACC0000004216,54345.5,0.0,100893.78,-46548.28,NPR
2026-01-06,ACC0000004217,217186.55,0.0,0.0,217186.55,NPR
2026-01-06,ACC0000004218,269707.18,58743.09,40979.0,287471.27,NPR
2026-01-06,ACC0000004219,451466.61,0.0,0.0,451466.61,NPR
2026-01-06,ACC0000004220,427347.37,0.0,0.0,427347.37,NPR
2026-01-06,ACC0000004221,225138.09,0.0,66484.32,158653.77,NPR
2026-01-06,ACC0000004222,273853.66,0.0,36628.16,237225.5,NPR
2026-01-06,ACC0000004223,440349.62,0.0,112038.45,328311.17,NPR
2026-01-06,ACC0000004224,62729.99,0.0,0.0,62729.99,NPR
2026-01-06,ACC0000004225,461797.33,29987.28,0.0,491784.61,NPR
2026-01-06,ACC0000004226,386673.04,0.0,103179.5,283493.54,NPR
2026-01-06,ACC0000004227,14463.72,82463.62,5155.63,91771.71,NPR
2026-01-06,ACC0000004228,139670.93,0.0,0.0,139670.93,NPR
2026-01-06,ACC0000004229,86589.65,0.0,0.0,86589.65,NPR
2026-01-06,ACC0000004230,135445.39,0.0,38420.36,97025.03,NPR
2026-01-06,ACC0000004231,100615.85,0.0,25302.95,75312.9,NPR
2026-01-06,ACC0000004232,440621.35,0.0,46335.76,394285.59,NPR
2026-01-06,ACC0000004233,440206.1,0.0,0.0,440206.1,NPR
2026-01-06,ACC0000004234,342686.34,0.0,0.0,342686.34,NPR
2026-01-06,ACC0000004235,59369.31,0.0,29264.69,30104.62,NPR
2026-01-06,ACC0000004236,466802.03,0.0,106414.48,360387.55,NPR
2026-01-06,ACC0000004237,336148.72,0.0,52362.37,283786.35,NPR
2026-01-06,ACC0000004238,202668.42,0.0,16125.07,186543.35,NPR
2026-01-06,ACC0000004239,152820.07,21412.39,4773.35,169459.11,NPR
2026-01-06,ACC0000004240,79876.57,0.0,0.0,79876.57,NPR
2026-01-06,ACC0000004241,157175.83,0.0,66794.43,90381.4,NPR
2026-01-06,ACC0000004242,417610.53,0.0,96814.36,320796.17,NPR
2026-01-06,ACC0000004243,225083.4,0.0,78740.24,146343.16,NPR
2026-01-06,ACC0000004244,84952.75,0.0,56286.69,28666.06,NPR
2026-01-06,ACC0000004245,221900.63,0.0,169155.97,52744.66,NPR
2026-01-06,ACC0000004246,64492.4,13759.89,36318.55,41933.74,NPR
2026-01-06,ACC0000004247,435641.6,43642.56,60207.89,419076.27,NPR
2026-01-06,ACC0000004248,459517.18,0.0,57789.9,401727.28,NPR
2026-01-06,ACC0000004249,476015.18,0.0,41088.76,434926.42,NPR
2026-01-06,ACC0000004250,178595.32,0.0,0.0,178595.32,NPR
2026-01-06,ACC0000004251,156308.74,33225.88,21725.33,167809.29,NPR
2026-01-06,ACC0000004252,79057.21,0.0,0.0,79057.21,NPR
2026-01-06,ACC0000004253,129081.34,0.0,0.0,129081.34,NPR
2026-01-06,ACC0000004254,217274.74,0.0,0.0,217274.74,NPR
2026-01-06,ACC0000004255,380840.06,14748.96,24081.31,371507.71,NPR
2026-01-06,ACC0000004256,160287.73,0.0,105441.65,54846.08,NPR
2026-01-06,ACC0000004257,236155.95,18788.64,26738.8,228205.79,NPR
2026-01-06,ACC0000004258,220520.65,0.0,28950.08,191570.57,NPR
2026-01-06,ACC0000004259,486091.87,54907.01,62242.15,478756.73,NPR
2026-01-06,ACC0000004260,443231.35,0.0,114555.56,328675.79,NPR
2026-01-06,ACC0000004261,45828.3,0.0,0.0,45828.3,NPR
2026-01-06,ACC0000004262,489119.42,0.0,20179.59,468939.83,NPR
2026-01-06,ACC0000004263,335628.27,0.0,27594.31,308033.96,NPR
2026-01-06,ACC0000004264,462360.43,0.0,7304.44,455055.99,NPR
2026-01-06,ACC0000004265,206139.94,0.0,0.0,206139.94,NPR
2026-01-06,ACC0000004266,136125.48,0.0,114574.29,21551.19,NPR
2026-01-06,ACC0000004267,396084.51,64741.1,168867.73,291957.88,NPR
2026-01-06,ACC0000004268,258929.29,37404.49,82531.03,213802.75,NPR
2026-01-06,ACC0000004269,245132.66,0.0,0.0,245132.66,NPR
2026-01-06,ACC0000004270,497628.36,29008.16,119282.77,407353.75,NPR
2026-01-06,ACC0000004271,337187.1,0.0,0.0,337187.1,NPR
2026-01-06,ACC0000004272,210845.88,21305.24,121495.49,110655.63,NPR
2026-01-06,ACC0000004273,468636.89,76519.95,98360.37,446796.47,NPR
2026-01-06,ACC0000004274,418728.96,0.0,88924.72,329804.24,NPR
2026-01-06,ACC0000004275,304717.65,23754.26,84785.35,243686.56,NPR
2026-01-06,ACC0000004276,244974.29,0.0,169967.82,75006.47,NPR
2026-01-06,ACC0000004277,484671.27,54965.88,93393.55,446243.6,NPR
2026-01-06,ACC0000004278,476227.98,0.0,0.0,476227.98,NPR
2026-01-06,ACC0000004279,198731.06,3615.29,69239.48,133106.87,NPR
2026-01-06,ACC0000004280,152485.23,0.0,86747.88,65737.35,NPR
2026-01-06,ACC0000004281,365372.11,27909.6,68420.15,324861.56,NPR
2026-01-06,ACC0000004282,359934.71,0.0,24069.1,335865.61,NPR
2026-01-06,ACC0000004283,5738.52,0.0,49340.44,-43601.92,NPR
2026-01-06,ACC0000004284,218364.27,46050.05,0.0,264414.32,NPR
2026-01-06,ACC0000004285,306488.59,0.0,25716.52,280772.07,NPR
2026-01-06,ACC0000004286,264601.78,0.0,68905.95,195695.83,NPR
2026-01-06,ACC0000004287,429515.81,13970.65,30968.08,412518.38,NPR
2026-01-06,ACC0000004288,341356.08,0.0,40646.42,300709.66,NPR
2026-01-06,ACC0000004289,445798.13,1095.04,93747.33,353145.84,NPR
2026-01-06,ACC0000004290,335016.71,0.0,129771.11,205245.6,NPR
2026-01-06,ACC0000004291,447587.43,0.0,30108.98,417478.45,NPR
2026-01-06,ACC0000004292,109860.08,0.0,9171.16,100688.92,NPR
2026-01-06,ACC0000004293,164133.96,0.0,23941.54,140192.42,NPR
2026-01-06,ACC0000004294,10776.67,72113.97,31877.04,51013.6,NPR
2026-01-06,ACC0000004295,130024.68,0.0,0.0,130024.68,NPR
2026-01-06,ACC0000004296,357758.78,0.0,118570.96,239187.82,NPR
2026-01-06,ACC0000004297,383860.06,0.0,30736.32,353123.74,NPR
2026-01-06,ACC0000004298,50583.1,0.0,0.0,50583.1,NPR
2026-01-06,ACC0000004299,383569.84,0.0,6212.06,377357.78,NPR
2026-01-06,ACC0000004300,360990.22,6794.1,0.0,367784.32,NPR
2026-01-06,ACC0000004301,39932.52,0.0,81014.64,-41082.12,NPR
2026-01-06,ACC0000004302,488956.97,0.0,81251.66,407705.31,NPR
2026-01-06,ACC0000004303,176268.52,0.0,34014.47,142254.05,NPR
2026-01-06,ACC0000004304,247088.98,0.0,123088.48,124000.5,NPR
2026-01-06,ACC0000004305,344661.38,0.0,81285.82,263375.56,NPR
2026-01-06,ACC0000004306,79068.01,0.0,54419.16,24648.85,NPR
2026-01-06,ACC0000004307,429722.05,0.0,41259.72,388462.33,NPR
2026-01-06,ACC0000004308,186365.58,0.0,93224.12,93141.46,NPR
2026-01-06,ACC0000004309,84637.75,49039.57,126977.69,6699.63,NPR
2026-01-06,ACC0000004310,58182.53,37928.72,27145.66,68965.59,NPR
2026-01-06,ACC0000004311,466317.21,0.0,98376.33,367940.88,NPR
2026-01-06,ACC0000004312,3049.37,0.0,122814.26,-119764.89,NPR
2026-01-06,ACC0000004313,347817.91,0.0,75817.62,272000.29,NPR
2026-01-06,ACC0000004314,190890.98,0.0,10357.0,180533.98,NPR
2026-01-06,ACC0000004315,487048.75,0.0,47977.22,439071.53,NPR
2026-01-06,ACC0000004316,493625.63,0.0,0.0,493625.63,NPR
2026-01-06,ACC0000004317,455801.81,7034.48,89161.9,373674.39,NPR
2026-01-06,ACC0000004318,246827.76,0.0,31036.18,215791.58,NPR
2026-01-06,ACC0000004319,337236.79,0.0,49388.78,287848.01,NPR
2026-01-06,ACC0000004320,213772.72,0.0,0.0,213772.72,NPR
2026-01-06,ACC0000004321,322027.72,0.0,46484.6,275543.12,NPR
2026-01-06,ACC0000004322,84382.68,31220.17,78325.53,37277.32,NPR
2026-01-06,ACC0000004323,271705.69,0.0,5505.83,266199.86,NPR
2026-01-06,ACC0000004324,106176.51,2357.7,144187.11,-35652.9,NPR
2026-01-06,ACC0000004325,165094.23,18378.43,107636.45,75836.21,NPR
2026-01-06,ACC0000004326,109667.0,0.0,9164.58,100502.42,NPR
2026-01-06,ACC0000004327,244051.46,0.0,18179.58,225871.88,NPR
2026-01-06,ACC0000004328,371301.81,0.0,13346.61,357955.2,NPR
2026-01-06,ACC0000004329,217689.86,1684.34,9359.16,210015.04,NPR
2026-01-06,ACC0000004330,335883.87,0.0,0.0,335883.87,NPR
2026-01-06,ACC0000004331,20849.26,42735.33,6983.0,56601.59,NPR
2026-01-06,ACC0000004332,149891.72,70449.64,81094.81,139246.55,NPR
2026-01-06,ACC0000004333,323185.45,0.0,6101.62,317083.83,NPR
2026-01-06,ACC0000004334,149020.04,0.0,29376.74,119643.3,NPR
2026-01-06,ACC0000004335,76252.82,0.0,74788.76,1464.06,NPR
2026-01-06,ACC0000004336,191027.23,0.0,140237.08,50790.15,NPR
2026-01-06,ACC0000004337,37509.16,0.0,4429.5,33079.66,NPR
2026-01-06,ACC0000004338,276220.05,0.0,33422.29,242797.76,NPR
2026-01-06,ACC0000004339,143841.3,4563.55,3389.2,145015.65,NPR
2026-01-06,ACC0000004340,222067.51,0.0,44189.9,177877.61,NPR
2026-01-06,ACC0000004341,341690.83,7249.13,113260.4,235679.56,NPR
2026-01-06,ACC0000004342,8589.0,29708.1,44894.53,-6597.43,NPR
2026-01-06,ACC0000004343,124045.89,47780.05,41414.73,130411.21,NPR
2026-01-06,ACC0000004344,236945.33,5181.26,9229.16,232897.43,NPR
2026-01-06,ACC0000004345,71659.82,41780.88,0.0,113440.7,NPR
2026-01-06,ACC0000004346,237889.44,15396.86,21997.9,231288.4,NPR
2026-01-06,ACC0000004347,187322.63,39709.42,18714.97,208317.08,NPR
2026-01-06,ACC0000004348,148521.67,0.0,65930.79,82590.88,NPR
2026-01-06,ACC0000004349,422601.64,0.0,36087.2,386514.44,NPR
2026-01-06,ACC0000004350,88218.22,56199.24,75168.46,69249.0,NPR
2026-01-06,ACC0000004351,194218.66,10663.52,87223.8,117658.38,NPR
2026-01-06,ACC0000004352,23267.79,0.0,23589.32,-321.53,NPR
2026-01-06,ACC0000004353,229140.38,2351.92,79392.95,152099.35,NPR
2026-01-06,ACC0000004354,493062.42,31275.53,18049.94,506288.01,NPR
2026-01-06,ACC0000004355,167489.69,0.0,32934.24,134555.45,NPR
2026-01-06,ACC0000004356,111531.86,0.0,87951.55,23580.31,NPR
2026-01-06,ACC0000004357,52240.44,0.0,54909.3,-2668.86,NPR
2026-01-06,ACC0000004358,118966.31,18317.46,29044.64,108239.13,NPR
2026-01-06,ACC0000004359,222449.04,25015.43,60094.48,187369.99,NPR
2026-01-06,ACC0000004360,385550.36,0.0,21228.59,364321.77,NPR
2026-01-06,ACC0000004361,15722.01,0.0,0.0,15722.01,NPR
2026-01-06,ACC0000004362,65816.94,0.0,86047.97,-20231.03,NPR
2026-01-06,ACC0000004363,27976.07,0.0,50913.67,-22937.6,NPR
2026-01-06,ACC0000004364,163248.11,0.0,61549.62,101698.49,NPR
2026-01-06,ACC0000004365,331082.7,0.0,0.0,331082.7,NPR
2026-01-06,ACC0000004366,52610.35,0.0,122875.77,-70265.42,NPR
2026-01-06,ACC0000004367,156393.52,0.0,26496.16,129897.36,NPR
2026-01-06,ACC0000004368,323254.37,0.0,0.0,323254.37,NPR
2026-01-06,ACC0000004369,341554.36,0.0,54439.18,287115.18,NPR
2026-01-06,ACC0000004370,59372.66,0.0,42986.63,16386.03,NPR
2026-01-06,ACC0000004371,104519.43,0.0,195224.78,-90705.35,NPR
2026-01-06,ACC0000004372,308900.54,0.0,22927.34,285973.2,NPR
2026-01-06,ACC0000004373,104457.5,0.0,6287.95,98169.55,NPR
2026-01-06,ACC0000004374,112930.03,0.0,26473.39,86456.64,NPR
2026-01-06,ACC0000004375,313298.81,0.0,0.0,313298.81,NPR
2026-01-06,ACC0000004376,77768.65,13651.29,77546.06,13873.88,NPR
2026-01-06,ACC0000004377,266511.01,0.0,28937.15,237573.86,NPR
2026-01-06,ACC0000004378,300477.87,0.0,92525.23,207952.64,NPR
2026-01-06,ACC0000004379,321585.23,88379.13,122437.86,287526.5,NPR
2026-01-06,ACC0000004380,433837.53,0.0,73829.07,360008.46,NPR
2026-01-06,ACC0000004381,125208.21,30104.92,99130.73,56182.4,NPR
2026-01-06,ACC0000004382,341533.53,0.0,0.0,341533.53,NPR
2026-01-06,ACC0000004383,107648.05,0.0,51492.85,56155.2,NPR
2026-01-06,ACC0000004384,280935.86,0.0,38277.65,242658.21,NPR
2026-01-06,ACC0000004385,347105.48,18373.87,95511.07,269968.28,NPR
2026-01-06,ACC0000004386,199221.31,0.0,12690.79,186530.52,NPR
2026-01-06,ACC0000004387,161360.26,12618.79,0.0,173979.05,NPR
2026-01-06,ACC0000004388,15223.89,0.0,30761.09,-15537.2,NPR
2026-01-06,ACC0000004389,283577.66,0.0,0.0,283577.66,NPR
2026-01-06,ACC0000004390,176253.98,337.68,18169.9,158421.76,NPR
2026-01-06,ACC0000004391,27193.94,0.0,84135.95,-56942.01,NPR
2026-01-06,ACC0000004392,497852.5,29274.78,164.04,526963.24,NPR
2026-01-06,ACC0000004393,416998.34,0.0,47870.58,369127.76,NPR
2026-01-06,ACC0000004394,177076.09,54324.52,38560.96,192839.65,NPR
2026-01-06,ACC0000004395,383655.07,14048.65,73738.15,323965.57,NPR
2026-01-06,ACC0000004396,154627.17,0.0,27168.41,127458.76,NPR
2026-01-06,ACC0000004397,343159.64,0.0,20393.26,322766.38,NPR
2026-01-06,ACC0000004398,197813.55,0.0,29835.03,167978.52,NPR
2026-01-06,ACC0000004399,471469.6,0.0,20603.19,450866.41,NPR
2026-01-06,ACC0000004400,495014.81,0.0,0.0,495014.81,NPR
2026-01-06,ACC0000004401,23885.58,0.0,34605.93,-10720.35,NPR
2026-01-06,ACC0000004402,84796.83,0.0,155549.75,-70752.92,NPR
2026-01-06,ACC0000004403,430081.85,0.0,28421.33,401660.52,NPR
2026-01-06,ACC0000004404,400017.7,22749.41,123145.97,299621.14,NPR
2026-01-06,ACC0000004405,31585.02,49693.79,7789.88,73488.93,NPR
2026-01-06,ACC0000004406,211774.51,22346.01,27735.11,206385.41,NPR
2026-01-06,ACC0000004407,163967.27,0.0,0.0,163967.27,NPR
2026-01-06,ACC0000004408,290920.68,33943.55,30854.71,294009.52,NPR
2026-01-06,ACC0000004409,440721.37,64206.76,34698.12,470230.01,NPR
2026-01-06,ACC0000004410,71995.8,0.0,42101.91,29893.89,NPR
2026-01-06,ACC0000004411,362260.46,0.0,86067.45,276193.01,NPR
2026-01-06,ACC0000004412,74094.52,5148.51,15863.5,63379.53,NPR
2026-01-06,ACC0000004413,85781.26,45233.05,15100.12,115914.19,NPR
2026-01-06,ACC0000004414,249349.25,0.0,62383.83,186965.42,NPR
2026-01-06,ACC0000004415,422995.01,0.0,50663.21,372331.8,NPR
2026-01-06,ACC0000004416,181538.71,0.0,0.0,181538.71,NPR
2026-01-06,ACC0000004417,323964.17,0.0,745.57,323218.6,NPR
2026-01-06,ACC0000004418,482467.62,0.0,0.0,482467.62,NPR
2026-01-06,ACC0000004419,18453.07,9302.31,89269.01,-61513.63,NPR
2026-01-06,ACC0000004420,463092.53,0.0,46001.14,417091.39,NPR
2026-01-06,ACC0000004421,359612.78,0.0,57020.11,302592.67,NPR
2026-01-06,ACC0000004422,97453.76,0.0,0.0,97453.76,NPR
2026-01-06,ACC0000004423,215198.46,0.0,0.0,215198.46,NPR
2026-01-06,ACC0000004424,315139.76,0.0,20985.67,294154.09,NPR
2026-01-06,ACC0000004425,458719.17,18516.56,55957.91,421277.82,NPR
2026-01-06,ACC0000004426,141739.21,0.0,92570.64,49168.57,NPR
2026-01-06,ACC0000004427,257084.32,0.0,95806.9,161277.42,NPR
2026-01-06,ACC0000004428,269300.07,0.0,0.0,269300.07,NPR
2026-01-06,ACC0000004429,371746.99,0.0,23870.67,347876.32,NPR
2026-01-06,ACC0000004430,209408.31,0.0,124990.17,84418.14,NPR
2026-01-06,ACC0000004431,129695.85,0.0,123949.85,5746.0,NPR
2026-01-06,ACC0000004432,210489.12,0.0,0.0,210489.12,NPR
2026-01-06,ACC0000004433,80324.89,30862.62,134754.04,-23566.53,NPR
2026-01-06,ACC0000004434,224032.17,61258.3,0.0,285290.47,NPR
2026-01-06,ACC0000004435,379821.74,0.0,0.0,379821.74,NPR
2026-01-06,ACC0000004436,418765.49,20203.34,77902.77,361066.06,NPR
2026-01-06,ACC0000004437,17220.46,89220.91,0.0,106441.37,NPR
2026-01-06,ACC0000004438,133474.34,6735.6,0.0,140209.94,NPR
2026-01-06,ACC0000004439,124304.05,0.0,0.0,124304.05,NPR
2026-01-06,ACC0000004440,320853.25,0.0,86161.24,234692.01,NPR
2026-01-06,ACC0000004441,273094.05,0.0,0.0,273094.05,NPR
2026-01-06,ACC0000004442,302094.9,0.0,0.0,302094.9,NPR
2026-01-06,ACC0000004443,323296.11,0.0,45212.47,278083.64,NPR
2026-01-06,ACC0000004444,393205.78,0.0,0.0,393205.78,NPR
2026-01-06,ACC0000004445,255115.36,60864.68,0.0,315980.04,NPR
2026-01-06,ACC0000004446,456935.15,0.0,38005.46,418929.69,NPR
2026-01-06,ACC0000004447,5689.08,0.0,37529.8,-31840.72,NPR
2026-01-06,ACC0000004448,375155.32,0.0,47553.25,327602.07,NPR
2026-01-06,ACC0000004449,333784.68,0.0,37205.61,296579.07,NPR
2026-01-06,ACC0000004450,288245.82,0.0,42374.14,245871.68,NPR
2026-01-06,ACC0000004451,18961.31,0.0,67636.65,-48675.34,NPR
2026-01-06,ACC0000004452,426309.01,35552.52,13625.23,448236.3,NPR
2026-01-06,ACC0000004453,278552.94,25252.24,16377.15,287428.03,NPR
2026-01-06,ACC0000004454,440880.72,0.0,88742.83,352137.89,NPR
2026-01-06,ACC0000004455,393697.13,0.0,68829.82,324867.31,NPR
2026-01-06,ACC0000004456,32983.02,0.0,0.0,32983.02,NPR
2026-01-06,ACC0000004457,75339.3,0.0,40705.02,34634.28,NPR
2026-01-06,ACC0000004458,305753.36,0.0,70031.87,235721.49,NPR
2026-01-06,ACC0000004459,162485.83,0.0,33563.61,128922.22,NPR
2026-01-06,ACC0000004460,272435.38,5163.35,46273.95,231324.78,NPR
2026-01-06,ACC0000004461,257731.99,7449.74,0.0,265181.73,NPR
2026-01-06,ACC0000004462,132192.16,0.0,58425.27,73766.89,NPR
2026-01-06,ACC0000004463,267846.25,0.0,66326.66,201519.59,NPR
2026-01-06,ACC0000004464,21524.48,0.0,17384.95,4139.53,NPR
2026-01-06,ACC0000004465,284939.51,0.0,1701.75,283237.76,NPR
2026-01-06,ACC0000004466,435589.82,0.0,0.0,435589.82,NPR
2026-01-06,ACC0000004467,289434.41,26465.98,59013.09,256887.3,NPR
2026-01-06,ACC0000004468,464858.52,24617.31,74385.19,415090.64,NPR
2026-01-06,ACC0000004469,423020.99,0.0,75088.07,347932.92,NPR
2026-01-06,ACC0000004470,188973.66,47919.55,34577.05,202316.16,NPR
2026-01-06,ACC0000004471,242629.54,0.0,48812.65,193816.89,NPR
2026-01-06,ACC0000004472,389028.86,0.0,1525.69,387503.17,NPR
2026-01-06,ACC0000004473,72014.94,0.0,0.0,72014.94,NPR
2026-01-06,ACC0000004474,100269.69,0.0,0.0,100269.69,NPR
2026-01-06,ACC0000004475,390216.25,23086.54,55407.0,357895.79,NPR
2026-01-06,ACC0000004476,208943.22,15135.1,84242.2,139836.12,NPR
2026-01-06,ACC0000004477,27217.09,49672.84,4132.28,72757.65,NPR
2026-01-06,ACC0000004478,465798.69,28071.42,33875.61,459994.5,NPR
2026-01-06,ACC0000004479,6493.39,0.0,52250.82,-45757.43,NPR
2026-01-06,ACC0000004480,268126.12,0.0,94403.71,173722.41,NPR
2026-01-06,ACC0000004481,27416.97,0.0,25760.52,1656.45,NPR
2026-01-06,ACC0000004482,240473.42,0.0,73860.54,166612.88,NPR
2026-01-06,ACC0000004483,460527.91,0.0,10442.09,450085.82,NPR
2026-01-06,ACC0000004484,368345.06,23212.69,0.0,391557.75,NPR
2026-01-06,ACC0000004485,382448.08,0.0,42558.69,339889.39,NPR
2026-01-06,ACC0000004486,300988.32,0.0,39509.84,261478.48,NPR
2026-01-06,ACC0000004487,39720.75,0.0,57886.68,-18165.93,NPR
2026-01-06,ACC0000004488,412270.54,0.0,0.0,412270.54,NPR
2026-01-06,ACC0000004489,168291.26,25299.51,70647.31,122943.46,NPR
2026-01-06,ACC0000004490,110029.99,0.0,32979.78,77050.21,NPR
2026-01-06,ACC0000004491,110486.33,0.0,27540.17,82946.16,NPR
2026-01-06,ACC0000004492,220469.99,0.0,125933.5,94536.49,NPR
2026-01-06,ACC0000004493,390182.9,0.0,15423.27,374759.63,NPR
2026-01-06,ACC0000004494,230730.7,0.0,81476.7,149254.0,NPR
2026-01-06,ACC0000004495,213436.01,19417.15,32317.74,200535.42,NPR
2026-01-06,ACC0000004496,419311.99,0.0,31433.12,387878.87,NPR
2026-01-06,ACC0000004497,437887.92,0.0,0.0,437887.92,NPR
2026-01-06,ACC0000004498,188173.27,0.0,4242.63,183930.64,NPR
2026-01-06,ACC0000004499,476715.07,0.0,34794.1,441920.97,NPR
2026-01-06,ACC0000004500,273808.21,0.0,47480.32,226327.89,NPR
2026-01-06,ACC0000004501,27812.1,21492.26,10744.65,38559.71,NPR
2026-01-06,ACC0000004502,194814.57,33533.85,2434.65,225913.77,NPR
2026-01-06,ACC0000004503,357386.45,0.0,31131.69,326254.76,NPR
2026-01-06,ACC0000004504,249642.14,45049.06,18916.25,275774.95,NPR
2026-01-06,ACC0000004505,182251.11,0.0,0.0,182251.11,NPR
2026-01-06,ACC0000004506,116974.04,0.0,16293.13,100680.91,NPR
2026-01-06,ACC0000004507,202546.0,0.0,97998.96,104547.04,NPR
2026-01-06,ACC0000004508,373347.7,0.0,54146.98,319200.72,NPR
2026-01-06,ACC0000004509,350919.1,80769.85,69339.82,362349.13,NPR
2026-01-06,ACC0000004510,384850.42,0.0,16510.46,368339.96,NPR
2026-01-06,ACC0000004511,321688.68,49172.68,0.0,370861.36,NPR
2026-01-06,ACC0000004512,393891.47,0.0,77926.65,315964.82,NPR
2026-01-06,ACC0000004513,230053.56,0.0,177325.14,52728.42,NPR
2026-01-06,ACC0000004514,125159.53,0.0,39115.29,86044.24,NPR
2026-01-06,ACC0000004515,451397.92,0.0,73792.44,377605.48,NPR
2026-01-06,ACC0000004516,84454.33,0.0,129901.52,-45447.19,NPR
2026-01-06,ACC0000004517,38961.7,0.0,34813.3,4148.4,NPR
2026-01-06,ACC0000004518,274564.69,0.0,184180.52,90384.17,NPR
2026-01-06,ACC0000004519,190949.16,0.0,58021.95,132927.21,NPR
2026-01-06,ACC0000004520,346432.03,41372.11,0.0,387804.14,NPR
2026-01-06,ACC0000004521,379374.22,21784.54,37968.69,363190.07,NPR
2026-01-06,ACC0000004522,178139.01,0.0,93864.99,84274.02,NPR
2026-01-06,ACC0000004523,85408.7,14662.03,0.0,100070.73,NPR
2026-01-06,ACC0000004524,93395.48,0.0,170567.53,-77172.05,NPR
2026-01-06,ACC0000004525,91517.93,45386.75,0.0,136904.68,NPR
2026-01-06,ACC0000004526,453662.75,0.0,41928.31,411734.44,NPR
2026-01-06,ACC0000004527,262188.25,0.0,7631.44,254556.81,NPR
2026-01-06,ACC0000004528,314096.48,15045.11,11002.95,318138.64,NPR
2026-01-06,ACC0000004529,176944.1,86755.95,110725.74,152974.31,NPR
2026-01-06,ACC0000004530,462081.7,0.0,0.0,462081.7,NPR
2026-01-06,ACC0000004531,215636.12,37044.2,5789.43,246890.89,NPR
2026-01-06,ACC0000004532,339134.22,0.0,0.0,339134.22,NPR
2026-01-06,ACC0000004533,255505.03,26955.45,126730.91,155729.57,NPR
2026-01-06,ACC0000004534,382801.75,8214.58,36318.27,354698.06,NPR
2026-01-06,ACC0000004535,336884.2,0.0,81235.54,255648.66,NPR
2026-01-06,ACC0000004536,136643.67,48576.92,95804.49,89416.1,NPR
2026-01-06,ACC0000004537,89937.92,0.0,50427.02,39510.9,NPR
2026-01-06,ACC0000004538,382364.43,5568.75,27853.47,360079.71,NPR
2026-01-06,ACC0000004539,409498.61,44777.01,0.0,454275.62,NPR
2026-01-06,ACC0000004540,498200.27,0.0,96580.31,401619.96,NPR
2026-01-06,ACC0000004541,242305.63,0.0,0.0,242305.63,NPR
2026-01-06,ACC0000004542,166308.47,11482.7,79038.63,98752.54,NPR
2026-01-06,ACC0000004543,394541.69,46300.58,27797.7,413044.57,NPR
2026-01-06,ACC0000004544,286596.33,13007.55,43913.34,255690.54,NPR
2026-01-06,ACC0000004545,104709.84,0.0,0.0,104709.84,NPR
2026-01-06,ACC0000004546,228181.95,0.0,49700.7,178481.25,NPR
2026-01-06,ACC0000004547,459672.34,9370.14,75010.19,394032.29,NPR
2026-01-06,ACC0000004548,484780.05,17822.93,7674.82,494928.16,NPR
2026-01-06,ACC0000004549,98233.32,0.0,37456.57,60776.75,NPR
2026-01-06,ACC0000004550,27055.34,0.0,0.0,27055.34,NPR
2026-01-06,ACC0000004551,24825.45,0.0,35083.44,-10257.99,NPR
2026-01-06,ACC0000004552,16694.77,0.0,19832.2,-3137.43,NPR
2026-01-06,ACC0000004553,124043.59,33863.13,49270.57,108636.15,NPR
2026-01-06,ACC0000004554,303118.53,51021.72,52433.73,301706.52,NPR
2026-01-06,ACC0000004555,342007.09,0.0,76002.94,266004.15,NPR
2026-01-06,ACC0000004556,223103.2,0.0,76772.1,146331.1,NPR
2026-01-06,ACC0000004557,370212.0,46903.42,35034.54,382080.88,NPR
2026-01-06,ACC0000004558,369804.79,0.0,86767.31,283037.48,NPR
2026-01-06,ACC0000004559,304347.01,69009.93,27662.09,345694.85,NPR
2026-01-06,ACC0000004560,172329.92,0.0,39481.7,132848.22,NPR
2026-01-06,ACC0000004561,283791.15,0.0,33657.55,250133.6,NPR
2026-01-06,ACC0000004562,204126.32,42786.53,11188.45,235724.4,NPR
2026-01-06,ACC0000004563,338809.62,13955.99,39939.0,312826.61,NPR
2026-01-06,ACC0000004564,345142.49,26842.8,0.0,371985.29,NPR
2026-01-06,ACC0000004565,85885.43,0.0,85083.29,802.14,NPR
2026-01-06,ACC0000004566,285627.03,0.0,51184.76,234442.27,NPR
2026-01-06,ACC0000004567,445955.0,0.0,15359.05,430595.95,NPR
2026-01-06,ACC0000004568,43961.77,0.0,26909.41,17052.36,NPR
2026-01-06,ACC0000004569,404485.41,0.0,246284.37,158201.04,NPR
2026-01-06,ACC0000004570,140512.35,39086.43,0.0,179598.78,NPR
2026-01-06,ACC0000004571,73972.61,0.0,12610.24,61362.37,NPR
2026-01-06,ACC0000004572,481908.79,0.0,0.0,481908.79,NPR
2026-01-06,ACC0000004573,113341.83,0.0,90562.65,22779.18,NPR
2026-01-06,ACC0000004574,136473.46,51436.8,16739.62,171170.64,NPR
2026-01-06,ACC0000004575,356549.91,43873.22,55163.87,345259.26,NPR
2026-01-06,ACC0000004576,331135.96,0.0,83703.43,247432.53,NPR
2026-01-06,ACC0000004577,369841.61,0.0,0.0,369841.61,NPR
2026-01-06,ACC0000004578,320361.0,0.0,14315.36,306045.64,NPR
2026-01-06,ACC0000004579,209900.06,0.0,4324.17,205575.89,NPR
2026-01-06,ACC0000004580,103663.76,0.0,0.0,103663.76,NPR
2026-01-06,ACC0000004581,440985.46,11905.8,19858.54,433032.72,NPR
2026-01-06,ACC0000004582,241185.43,0.0,0.0,241185.43,NPR
2026-01-06,ACC0000004583,51672.61,12310.4,137072.86,-73089.85,NPR
2026-01-06,ACC0000004584,176734.1,11440.85,46848.99,141325.96,NPR
2026-01-06,ACC0000004585,321775.27,62418.94,81352.69,302841.52,NPR
2026-01-06,ACC0000004586,365934.59,37612.13,127038.45,276508.27,NPR
2026-01-06,ACC0000004587,93205.34,54322.82,67519.15,80009.01,NPR
2026-01-06,ACC0000004588,270609.9,0.0,76297.79,194312.11,NPR
2026-01-06,ACC0000004589,371663.12,0.0,31795.94,339867.18,NPR
2026-01-06,ACC0000004590,146109.74,0.0,712.87,145396.87,NPR
2026-01-06,ACC0000004591,222824.92,0.0,39746.62,183078.3,NPR
2026-01-06,ACC0000004592,152261.85,0.0,0.0,152261.85,NPR
2026-01-06,ACC0000004593,79581.4,30372.0,84574.31,25379.09,NPR
2026-01-06,ACC0000004594,79584.44,31436.63,80879.32,30141.75,NPR
2026-01-06,ACC0000004595,84275.67,0.0,78198.37,6077.3,NPR
2026-01-06,ACC0000004596,443433.51,0.0,22368.34,421065.17,NPR
2026-01-06,ACC0000004597,131924.13,0.0,56994.64,74929.49,NPR
2026-01-06,ACC0000004598,27182.43,32653.59,104613.35,-44777.33,NPR
2026-01-06,ACC0000004599,138478.69,0.0,13875.2,124603.49,NPR
2026-01-06,ACC0000004600,32000.69,13019.38,134443.22,-89423.15,NPR
2026-01-06,ACC0000004601,20811.73,25451.0,94732.84,-48470.11,NPR
2026-01-06,ACC0000004602,224872.02,1507.41,46449.82,179929.61,NPR
2026-01-06,ACC0000004603,102470.79,0.0,0.0,102470.79,NPR
2026-01-06,ACC0000004604,375866.17,3299.6,30278.63,348887.14,NPR
2026-01-06,ACC0000004605,366648.51,0.0,51828.75,314819.76,NPR
2026-01-06,ACC0000004606,395651.63,0.0,33810.16,361841.47,NPR
2026-01-06,ACC0000004607,265716.55,0.0,0.0,265716.55,NPR
2026-01-06,ACC0000004608,329803.25,0.0,58525.7,271277.55,NPR
2026-01-06,ACC0000004609,248141.7,0.0,49246.28,198895.42,NPR
2026-01-06,ACC0000004610,246203.05,0.0,124508.94,121694.11,NPR
2026-01-06,ACC0000004611,70063.81,17306.9,64513.94,22856.77,NPR
2026-01-06,ACC0000004612,415853.45,0.0,0.0,415853.45,NPR
2026-01-06,ACC0000004613,71135.93,0.0,58748.5,12387.43,NPR
2026-01-06,ACC0000004614,262815.21,0.0,99598.55,163216.66,NPR
2026-01-06,ACC0000004615,288578.61,11958.48,0.0,300537.09,NPR
2026-01-06,ACC0000004616,229606.02,0.0,41162.72,188443.3,NPR
2026-01-06,ACC0000004617,155799.07,0.0,83138.55,72660.52,NPR
2026-01-06,ACC0000004618,446082.58,102318.1,100305.94,448094.74,NPR
2026-01-06,ACC0000004619,417839.68,0.0,18644.0,399195.68,NPR
2026-01-06,ACC0000004620,91965.67,32146.74,23738.6,100373.81,NPR
2026-01-06,ACC0000004621,53134.86,0.0,83705.05,-30570.19,NPR
2026-01-06,ACC0000004622,329928.44,0.0,195607.89,134320.55,NPR
2026-01-06,ACC0000004623,133422.82,0.0,0.0,133422.82,NPR
2026-01-06,ACC0000004624,37533.42,0.0,26199.59,11333.83,NPR
2026-01-06,ACC0000004625,366299.08,0.0,38830.59,327468.49,NPR
2026-01-06,ACC0000004626,443071.35,0.0,0.0,443071.35,NPR
2026-01-06,ACC0000004627,35756.48,0.0,0.0,35756.48,NPR
2026-01-06,ACC0000004628,430312.18,4389.39,46607.44,388094.13,NPR
2026-01-06,ACC0000004629,117576.77,0.0,4441.42,113135.35,NPR
2026-01-06,ACC0000004630,259360.17,0.0,47576.7,211783.47,NPR
2026-01-06,ACC0000004631,163607.1,0.0,36407.47,127199.63,NPR
2026-01-06,ACC0000004632,368623.75,6869.07,0.0,375492.82,NPR
2026-01-06,ACC0000004633,485286.73,0.0,46025.34,439261.39,NPR
2026-01-06,ACC0000004634,422045.11,0.0,0.0,422045.11,NPR
2026-01-06,ACC0000004635,244262.39,0.0,11333.53,232928.86,NPR
2026-01-06,ACC0000004636,494053.91,60382.39,47304.24,507132.06,NPR
2026-01-06,ACC0000004637,377315.14,25393.01,89656.06,313052.09,NPR
2026-01-06,ACC0000004638,36399.07,44581.65,0.0,80980.72,NPR
2026-01-06,ACC0000004639,442359.97,43946.47,45693.24,440613.2,NPR
2026-01-06,ACC0000004640,66565.55,0.0,0.0,66565.55,NPR
2026-01-06,ACC0000004641,359681.97,11193.5,24722.57,346152.9,NPR
2026-01-06,ACC0000004642,284393.01,0.0,81509.61,202883.4,NPR
2026-01-06,ACC0000004643,197779.84,0.0,60666.87,137112.97,NPR
2026-01-06,ACC0000004644,288031.51,0.0,29382.28,258649.23,NPR
2026-01-06,ACC0000004645,6346.75,0.0,57343.55,-50996.8,NPR
2026-01-06,ACC0000004646,295536.06,0.0,65686.36,229849.7,NPR
2026-01-06,ACC0000004647,80393.08,38950.15,57826.04,61517.19,NPR
2026-01-06,ACC0000004648,252691.59,11921.56,47863.72,216749.43,NPR
2026-01-06,ACC0000004649,147285.62,0.0,0.0,147285.62,NPR
2026-01-06,ACC0000004650,277607.56,38720.62,92361.73,223966.45,NPR
2026-01-06,ACC0000004651,475312.92,22036.11,80395.2,416953.83,NPR
2026-01-06,ACC0000004652,382376.28,0.0,102251.27,280125.01,NPR
2026-01-06,ACC0000004653,136123.69,16888.81,0.0,153012.5,NPR
2026-01-06,ACC0000004654,189502.26,0.0,39158.69,150343.57,NPR
2026-01-06,ACC0000004655,473770.63,0.0,64705.07,409065.56,NPR
2026-01-06,ACC0000004656,497249.32,0.0,149979.0,347270.32,NPR
2026-01-06,ACC0000004657,412061.56,0.0,5977.0,406084.56,NPR
2026-01-06,ACC0000004658,220485.09,0.0,47458.16,173026.93,NPR
2026-01-06,ACC0000004659,19748.3,0.0,0.0,19748.3,NPR
2026-01-06,ACC0000004660,412903.73,0.0,30763.85,382139.88,NPR
2026-01-06,ACC0000004661,131423.01,133744.25,4643.52,260523.74,NPR
2026-01-06,ACC0000004662,3232.54,0.0,20496.92,-17264.38,NPR
2026-01-06,ACC0000004663,168540.9,46578.16,38450.56,176668.5,NPR
2026-01-06,ACC0000004664,421492.18,0.0,51328.46,370163.72,NPR
2026-01-06,ACC0000004665,72802.82,0.0,0.0,72802.82,NPR
2026-01-06,ACC0000004666,452560.29,0.0,69416.66,383143.63,NPR
2026-01-06,ACC0000004667,442803.36,0.0,0.0,442803.36,NPR
2026-01-06,ACC0000004668,462215.46,0.0,42110.6,420104.86,NPR
2026-01-06,ACC0000004669,230943.69,47521.54,29951.27,248513.96,NPR
2026-01-06,ACC0000004670,108060.21,0.0,67300.97,40759.24,NPR
2026-01-06,ACC0000004671,35595.76,40657.12,53780.46,22472.42,NPR
2026-01-06,ACC0000004672,295064.59,0.0,98492.43,196572.16,NPR
2026-01-06,ACC0000004673,11899.49,0.0,0.0,11899.49,NPR
2026-01-06,ACC0000004674,385037.31,44691.79,3571.25,426157.85,NPR
2026-01-06,ACC0000004675,337420.46,0.0,59320.64,278099.82,NPR
2026-01-06,ACC0000004676,380250.73,0.0,52691.59,327559.14,NPR
2026-01-06,ACC0000004677,401921.59,0.0,37898.22,364023.37,NPR
2026-01-06,ACC0000004678,310087.61,6711.37,96318.72,220480.26,NPR
2026-01-06,ACC0000004679,335227.04,0.0,0.0,335227.04,NPR
2026-01-06,ACC0000004680,487527.16,0.0,87514.38,400012.78,NPR
2026-01-06,ACC0000004681,197833.39,0.0,0.0,197833.39,NPR
2026-01-06,ACC0000004682,17849.78,0.0,18371.13,-521.35,NPR
2026-01-06,ACC0000004683,167029.96,0.0,70785.93,96244.03,NPR
2026-01-06,ACC0000004684,92480.84,0.0,64727.58,27753.26,NPR
2026-01-06,ACC0000004685,20452.74,0.0,0.0,20452.74,NPR
2026-01-06,ACC0000004686,197424.85,28452.88,84048.73,141829.0,NPR
2026-01-06,ACC0000004687,150193.24,0.0,27400.24,122793.0,NPR
2026-01-06,ACC0000004688,147834.48,10676.26,0.0,158510.74,NPR
2026-01-06,ACC0000004689,429194.39,44975.51,513.06,473656.84,NPR
2026-01-06,ACC0000004690,367953.9,0.0,53580.14,314373.76,NPR
2026-01-06,ACC0000004691,301070.38,0.0,53253.64,247816.74,NPR
2026-01-06,ACC0000004692,91196.6,0.0,8300.22,82896.38,NPR
2026-01-06,ACC0000004693,398190.16,0.0,0.0,398190.16,NPR
2026-01-06,ACC0000004694,483869.11,43276.98,58016.15,469129.94,NPR
2026-01-06,ACC0000004695,71828.8,0.0,28424.06,43404.74,NPR
2026-01-06,ACC0000004696,130217.98,67338.08,76478.79,121077.27,NPR
2026-01-06,ACC0000004697,70116.21,0.0,71173.44,-1057.23,NPR
2026-01-06,ACC0000004698,390624.89,0.0,54171.71,336453.18,NPR
2026-01-06,ACC0000004699,448761.19,0.0,40499.67,408261.52,NPR
2026-01-06,ACC0000004700,315590.36,0.0,30532.65,285057.71,NPR
2026-01-06,ACC0000004701,266616.89,0.0,187711.34,78905.55,NPR
2026-01-06,ACC0000004702,115796.67,0.0,76146.51,39650.16,NPR
2026-01-06,ACC0000004703,120996.83,0.0,28832.37,92164.46,NPR
2026-01-06,ACC0000004704,326705.96,49022.48,16393.36,359335.08,NPR
2026-01-06,ACC0000004705,262536.88,15383.62,22375.39,255545.11,NPR
2026-01-06,ACC0000004706,126423.65,4966.58,73090.16,58300.07,NPR
2026-01-06,ACC0000004707,366346.01,0.0,0.0,366346.01,NPR
2026-01-06,ACC0000004708,140684.9,0.0,0.0,140684.9,NPR
2026-01-06,ACC0000004709,343039.7,0.0,0.0,343039.7,NPR
2026-01-06,ACC0000004710,103072.58,0.0,153338.77,-50266.19,NPR
2026-01-06,ACC0000004711,240127.65,0.0,43417.39,196710.26,NPR
2026-01-06,ACC0000004712,46630.54,48973.27,40660.89,54942.92,NPR
2026-01-06,ACC0000004713,389297.51,0.0,100793.71,288503.8,NPR
2026-01-06,ACC0000004714,443732.87,0.0,101041.65,342691.22,NPR
2026-01-06,ACC0000004715,66930.12,0.0,0.0,66930.12,NPR
2026-01-06,ACC0000004716,202474.33,25385.06,52703.58,175155.81,NPR
2026-01-06,ACC0000004717,253142.14,42997.39,54566.14,241573.39,NPR
2026-01-06,ACC0000004718,32402.94,0.0,33606.37,-1203.43,NPR
2026-01-06,ACC0000004719,50811.39,0.0,0.0,50811.39,NPR
2026-01-06,ACC0000004720,158241.36,0.0,54023.71,104217.65,NPR
2026-01-06,ACC0000004721,158707.63,13649.6,121924.66,50432.57,NPR
2026-01-06,ACC0000004722,115493.61,0.0,42667.87,72825.74,NPR
2026-01-06,ACC0000004723,41273.86,0.0,71668.36,-30394.5,NPR
2026-01-06,ACC0000004724,163816.35,0.0,51453.61,112362.74,NPR
2026-01-06,ACC0000004725,324723.76,0.0,0.0,324723.76,NPR
2026-01-06,ACC0000004726,42809.49,0.0,0.0,42809.49,NPR
2026-01-06,ACC0000004727,382995.65,0.0,0.0,382995.65,NPR
2026-01-06,ACC0000004728,357868.22,41310.64,98531.11,300647.75,NPR
2026-01-06,ACC0000004729,485983.89,11595.19,38533.1,459045.98,NPR
2026-01-06,ACC0000004730,434057.89,0.0,48449.04,385608.85,NPR
2026-01-06,ACC0000004731,468818.31,0.0,24566.83,444251.48,NPR
2026-01-06,ACC0000004732,211799.0,27591.36,22163.31,217227.05,NPR
2026-01-06,ACC0000004733,66399.35,0.0,0.0,66399.35,NPR
2026-01-06,ACC0000004734,176885.53,0.0,55115.15,121770.38,NPR
2026-01-06,ACC0000004735,365772.9,0.0,35007.68,330765.22,NPR
2026-01-06,ACC0000004736,205678.18,0.0,79277.95,126400.23,NPR
2026-01-06,ACC0000004737,285279.09,33308.77,0.0,318587.86,NPR
2026-01-06,ACC0000004738,489847.22,10116.56,0.0,499963.78,NPR
2026-01-06,ACC0000004739,237732.1,38672.61,41846.69,234558.02,NPR
2026-01-06,ACC0000004740,453867.85,18431.95,176972.57,295327.23,NPR
2026-01-06,ACC0000004741,132520.32,31929.04,59030.24,105419.12,NPR
2026-01-06,ACC0000004742,497044.12,0.0,36840.01,460204.11,NPR
2026-01-06,ACC0000004743,10677.58,0.0,30653.37,-19975.79,NPR
2026-01-06,ACC0000004744,41498.24,0.0,79080.48,-37582.24,NPR
2026-01-06,ACC0000004745,251608.19,12202.05,21300.87,242509.37,NPR
2026-01-06,ACC0000004746,301463.97,0.0,59682.63,241781.34,NPR
2026-01-06,ACC0000004747,27352.87,0.0,79542.0,-52189.13,NPR
2026-01-06,ACC0000004748,128575.58,32752.36,38942.31,122385.63,NPR
2026-01-06,ACC0000004749,73549.06,0.0,0.0,73549.06,NPR
2026-01-06,ACC0000004750,5796.8,0.0,0.0,5796.8,NPR
2026-01-06,ACC0000004751,458536.44,0.0,7413.99,451122.45,NPR
2026-01-06,ACC0000004752,35616.58,11500.53,43665.56,3451.55,NPR
2026-01-06,ACC0000004753,147120.58,0.0,39683.17,107437.41,NPR
2026-01-06,ACC0000004754,27971.95,11891.52,21894.09,17969.38,NPR
2026-01-06,ACC0000004755,43516.08,0.0,0.0,43516.08,NPR
2026-01-06,ACC0000004756,424862.79,36490.35,2113.57,459239.57,NPR
2026-01-06,ACC0000004757,47863.69,84663.83,43174.15,89353.37,NPR
2026-01-06,ACC0000004758,429280.7,90797.51,22702.5,497375.71,NPR
2026-01-06,ACC0000004759,204879.84,68627.17,70528.59,202978.42,NPR
2026-01-06,ACC0000004760,343507.3,6715.85,48837.41,301385.74,NPR
2026-01-06,ACC0000004761,109190.96,0.0,68559.88,40631.08,NPR
2026-01-06,ACC0000004762,409241.95,6749.0,0.0,415990.95,NPR
2026-01-06,ACC0000004763,423882.68,0.0,142078.58,281804.1,NPR
2026-01-06,ACC0000004764,277229.98,0.0,44818.36,232411.62,NPR
2026-01-06,ACC0000004765,252212.6,72368.15,144907.93,179672.82,NPR
2026-01-06,ACC0000004766,192875.18,0.0,0.0,192875.18,NPR
2026-01-06,ACC0000004767,325191.2,17445.83,48486.51,294150.52,NPR
2026-01-06,ACC0000004768,409293.91,0.0,87067.77,322226.14,NPR
2026-01-06,ACC0000004769,446120.03,20334.26,55796.16,410658.13,NPR
2026-01-06,ACC0000004770,342009.49,46269.58,46623.3,341655.77,NPR
2026-01-06,ACC0000004771,495951.37,0.0,0.0,495951.37,NPR
2026-01-06,ACC0000004772,385750.44,22872.7,149295.76,259327.38,NPR
2026-01-06,ACC0000004773,466348.1,0.0,0.0,466348.1,NPR
2026-01-06,ACC0000004774,302156.55,42448.81,49860.38,294744.98,NPR
2026-01-06,ACC0000004775,79535.26,27604.12,108929.45,-1790.07,NPR
2026-01-06,ACC0000004776,430191.36,0.0,83253.35,346938.01,NPR
2026-01-06,ACC0000004777,249217.43,0.0,18354.08,230863.35,NPR
2026-01-06,ACC0000004778,240749.74,0.0,0.0,240749.74,NPR
2026-01-06,ACC0000004779,404847.49,0.0,99948.25,304899.24,NPR
2026-01-06,ACC0000004780,369951.26,0.0,0.0,369951.26,NPR
2026-01-06,ACC0000004781,2409.04,0.0,84109.26,-81700.22,NPR
2026-01-06,ACC0000004782,395790.55,0.0,0.0,395790.55,NPR
2026-01-06,ACC0000004783,128670.14,0.0,62959.36,65710.78,NPR
2026-01-06,ACC0000004784,399244.15,24371.83,0.0,423615.98,NPR
2026-01-06,ACC0000004785,328137.99,46173.33,0.0,374311.32,NPR
2026-01-06,ACC0000004786,197121.92,17376.06,39771.92,174726.06,NPR
2026-01-06,ACC0000004787,71552.4,19653.73,22952.92,68253.21,NPR
2026-01-06,ACC0000004788,139162.78,0.0,0.0,139162.78,NPR
2026-01-06,ACC0000004789,476933.47,44410.48,35534.42,485809.53,NPR
2026-01-06,ACC0000004790,133173.09,0.0,78204.6,54968.49,NPR
2026-01-06,ACC0000004791,77759.76,43345.04,131373.55,-10268.75,NPR
2026-01-06,ACC0000004792,312972.61,0.0,78651.97,234320.64,NPR
2026-01-06,ACC0000004793,227950.58,0.0,0.0,227950.58,NPR
2026-01-06,ACC0000004794,244784.94,17377.72,57881.12,204281.54,NPR
2026-01-06,ACC0000004795,242148.54,11195.11,8374.89,244968.76,NPR
2026-01-06,ACC0000004796,299640.9,0.0,0.0,299640.9,NPR
2026-01-06,ACC0000004797,265222.89,0.0,77885.6,187337.29,NPR
2026-01-06,ACC0000004798,100714.28,0.0,70653.37,30060.91,NPR
2026-01-06,ACC0000004799,122622.64,49281.99,0.0,171904.63,NPR
2026-01-06,ACC0000004800,91549.25,0.0,41139.1,50410.15,NPR
2026-01-06,ACC0000004801,332204.46,1344.84,32367.42,301181.88,NPR
2026-01-06,ACC0000004802,298240.13,0.0,0.0,298240.13,NPR
2026-01-06,ACC0000004803,396034.35,105843.28,23136.31,478741.32,NPR
2026-01-06,ACC0000004804,252347.92,0.0,160286.01,92061.91,NPR
2026-01-06,ACC0000004805,449638.15,0.0,79932.36,369705.79,NPR
2026-01-06,ACC0000004806,71503.68,0.0,16355.13,55148.55,NPR
2026-01-06,ACC0000004807,489249.02,44986.75,99801.7,434434.07,NPR
2026-01-06,ACC0000004808,202119.73,666.31,30517.84,172268.2,NPR
2026-01-06,ACC0000004809,336658.55,0.0,67059.87,269598.68,NPR
2026-01-06,ACC0000004810,289139.69,40999.87,118046.88,212092.68,NPR
2026-01-06,ACC0000004811,146956.86,0.0,6891.67,140065.19,NPR
2026-01-06,ACC0000004812,272621.83,0.0,35621.29,237000.54,NPR
2026-01-06,ACC0000004813,283851.71,0.0,48219.99,235631.72,NPR
2026-01-06,ACC0000004814,141708.97,39763.43,85356.63,96115.77,NPR
2026-01-06,ACC0000004815,92836.33,38707.33,0.0,131543.66,NPR
2026-01-06,ACC0000004816,340742.31,0.0,0.0,340742.31,NPR
2026-01-06,ACC0000004817,67051.65,0.0,47081.23,19970.42,NPR
2026-01-06,ACC0000004818,83424.3,0.0,82477.59,946.71,NPR
2026-01-06,ACC0000004819,34518.62,25867.93,93474.76,-33088.21,NPR
2026-01-06,ACC0000004820,98293.91,0.0,36922.88,61371.03,NPR
2026-01-06,ACC0000004821,125115.55,0.0,1726.72,123388.83,NPR
2026-01-06,ACC0000004822,259175.53,0.0,7831.96,251343.57,NPR
2026-01-06,ACC0000004823,336757.61,0.0,18318.55,318439.06,NPR
2026-01-06,ACC0000004824,105290.22,0.0,6710.25,98579.97,NPR
2026-01-06,ACC0000004825,496456.88,3517.26,31223.67,468750.47,NPR
2026-01-06,ACC0000004826,411147.16,37552.94,89291.34,359408.76,NPR
2026-01-06,ACC0000004827,462137.15,6795.44,39942.93,428989.66,NPR
2026-01-06,ACC0000004828,386400.99,0.0,98797.46,287603.53,NPR
2026-01-06,ACC0000004829,397038.12,0.0,37629.42,359408.7,NPR
2026-01-06,ACC0000004830,137927.56,0.0,0.0,137927.56,NPR
2026-01-06,ACC0000004831,33562.11,25936.17,173714.64,-114216.36,NPR
2026-01-06,ACC0000004832,295462.35,0.0,1485.16,293977.19,NPR
2026-01-06,ACC0000004833,305015.0,22325.0,43129.87,284210.13,NPR
2026-01-06,ACC0000004834,111866.59,44810.8,129862.93,26814.46,NPR
2026-01-06,ACC0000004835,188189.38,0.0,60584.99,127604.39,NPR
2026-01-06,ACC0000004836,432373.71,0.0,126137.1,306236.61,NPR
2026-01-06,ACC0000004837,313682.54,42333.58,20418.96,335597.16,NPR
2026-01-06,ACC0000004838,463141.29,0.0,134066.36,329074.93,NPR
2026-01-06,ACC0000004839,237841.82,10038.14,64302.91,183577.05,NPR
2026-01-06,ACC0000004840,475972.18,35528.68,77870.05,433630.81,NPR
2026-01-06,ACC0000004841,213523.21,0.0,40743.88,172779.33,NPR
2026-01-06,ACC0000004842,240999.76,47297.85,930.68,287366.93,NPR
2026-01-06,ACC0000004843,273095.63,0.0,132678.98,140416.65,NPR
2026-01-06,ACC0000004844,385093.18,43775.23,4966.81,423901.6,NPR
2026-01-06,ACC0000004845,253824.42,0.0,0.0,253824.42,NPR
2026-01-06,ACC0000004846,21425.72,0.0,15739.35,5686.37,NPR
2026-01-06,ACC0000004847,140979.92,0.0,16351.12,124628.8,NPR
2026-01-06,ACC0000004848,151434.03,32242.28,10875.01,172801.3,NPR
2026-01-06,ACC0000004849,145427.23,0.0,55824.19,89603.04,NPR
2026-01-06,ACC0000004850,154213.51,0.0,182676.1,-28462.59,NPR
2026-01-06,ACC0000004851,267918.45,0.0,30446.83,237471.62,NPR
2026-01-06,ACC0000004852,125214.16,0.0,27165.84,98048.32,NPR
2026-01-06,ACC0000004853,79141.36,0.0,0.0,79141.36,NPR
2026-01-06,ACC0000004854,104639.7,0.0,81108.67,23531.03,NPR
2026-01-06,ACC0000004855,134666.27,0.0,11403.85,123262.42,NPR
2026-01-06,ACC0000004856,164497.78,0.0,39894.21,124603.57,NPR
2026-01-06,ACC0000004857,285260.14,0.0,30637.74,254622.4,NPR
2026-01-06,ACC0000004858,420664.11,49123.22,40438.25,429349.08,NPR
2026-01-06,ACC0000004859,112921.52,0.0,36906.06,76015.46,NPR
2026-01-06,ACC0000004860,497659.04,33068.01,58495.74,472231.31,NPR
2026-01-06,ACC0000004861,17986.85,0.0,0.0,17986.85,NPR
2026-01-06,ACC0000004862,214969.19,0.0,38718.34,176250.85,NPR
2026-01-06,ACC0000004863,333388.42,0.0,57084.57,276303.85,NPR
2026-01-06,ACC0000004864,175434.28,0.0,122853.05,52581.23,NPR
2026-01-06,ACC0000004865,117154.84,1021.08,0.0,118175.92,NPR
2026-01-06,ACC0000004866,161514.34,38649.37,55874.33,144289.38,NPR
2026-01-06,ACC0000004867,471439.72,90143.56,34400.29,527182.99,NPR
2026-01-06,ACC0000004868,417680.3,62634.53,19041.99,461272.84,NPR
2026-01-06,ACC0000004869,223354.51,0.0,163226.28,60128.23,NPR
2026-01-06,ACC0000004870,464756.67,0.0,23338.94,441417.73,NPR
2026-01-06,ACC0000004871,133773.9,7319.41,0.0,141093.31,NPR
2026-01-06,ACC0000004872,104065.19,0.0,0.0,104065.19,NPR
2026-01-06,ACC0000004873,230405.36,0.0,27377.07,203028.29,NPR
2026-01-06,ACC0000004874,82305.75,0.0,0.0,82305.75,NPR
2026-01-06,ACC0000004875,178318.12,0.0,86046.74,92271.38,NPR
2026-01-06,ACC0000004876,412030.62,21660.33,84654.29,349036.66,NPR
2026-01-06,ACC0000004877,377801.97,0.0,31987.59,345814.38,NPR
2026-01-06,ACC0000004878,497134.49,19859.23,146422.27,370571.45,NPR
2026-01-06,ACC0000004879,312309.24,0.0,33954.62,278354.62,NPR
2026-01-06,ACC0000004880,445961.44,0.0,66203.94,379757.5,NPR
2026-01-06,ACC0000004881,485589.53,0.0,32958.46,452631.07,NPR
2026-01-06,ACC0000004882,442399.01,0.0,0.0,442399.01,NPR
2026-01-06,ACC0000004883,2626.19,45476.34,18075.61,30026.92,NPR
2026-01-06,ACC0000004884,89182.33,0.0,79767.42,9414.91,NPR
2026-01-06,ACC0000004885,327586.49,0.0,129407.16,198179.33,NPR
2026-01-06,ACC0000004886,458688.99,46816.68,59062.25,446443.42,NPR
2026-01-06,ACC0000004887,190144.12,0.0,995.21,189148.91,NPR
2026-01-06,ACC0000004888,352782.8,48848.39,32585.28,369045.91,NPR
2026-01-06,ACC0000004889,333796.27,78601.84,57873.73,354524.38,NPR
2026-01-06,ACC0000004890,267139.69,0.0,0.0,267139.69,NPR
2026-01-06,ACC0000004891,71317.39,0.0,0.0,71317.39,NPR
2026-01-06,ACC0000004892,485361.99,0.0,32362.65,452999.34,NPR
2026-01-06,ACC0000004893,216672.45,0.0,42359.0,174313.45,NPR
2026-01-06,ACC0000004894,43878.13,0.0,0.0,43878.13,NPR
2026-01-06,ACC0000004895,166426.22,0.0,35674.07,130752.15,NPR
2026-01-06,ACC0000004896,15249.85,0.0,0.0,15249.85,NPR
2026-01-06,ACC0000004897,200895.06,43347.58,130026.7,114215.94,NPR
2026-01-06,ACC0000004898,414463.27,33620.43,13552.4,434531.3,NPR
2026-01-06,ACC0000004899,265856.92,9096.07,29295.21,245657.78,NPR
2026-01-06,ACC0000004900,300899.52,32909.68,941.73,332867.47,NPR
2026-01-06,ACC0000004901,409279.51,0.0,0.0,409279.51,NPR
2026-01-06,ACC0000004902,432366.27,0.0,0.0,432366.27,NPR
2026-01-06,ACC0000004903,192746.66,38731.56,23157.35,208320.87,NPR
2026-01-06,ACC0000004904,333022.83,0.0,37028.21,295994.62,NPR
2026-01-06,ACC0000004905,179453.54,0.0,0.0,179453.54,NPR
2026-01-06,ACC0000004906,185847.99,40401.38,145952.57,80296.8,NPR
2026-01-06,ACC0000004907,183008.48,0.0,9786.8,173221.68,NPR
2026-01-06,ACC0000004908,134017.79,0.0,80955.57,53062.22,NPR
2026-01-06,ACC0000004909,41624.96,55534.54,80258.27,16901.23,NPR
2026-01-06,ACC0000004910,155461.25,16115.87,15981.48,155595.64,NPR
2026-01-06,ACC0000004911,326527.65,0.0,95492.83,231034.82,NPR
2026-01-06,ACC0000004912,130747.19,0.0,22016.59,108730.6,NPR
2026-01-06,ACC0000004913,482669.34,0.0,66908.74,415760.6,NPR
2026-01-06,ACC0000004914,59682.06,0.0,0.0,59682.06,NPR
2026-01-06,ACC0000004915,426425.33,0.0,66653.0,359772.33,NPR
2026-01-06,ACC0000004916,444158.27,0.0,67524.68,376633.59,NPR
2026-01-06,ACC0000004917,170290.36,2248.86,76401.22,96138.0,NPR
2026-01-06,ACC0000004918,62114.94,10770.25,53265.5,19619.69,NPR
2026-01-06,ACC0000004919,420578.56,0.0,59456.57,361121.99,NPR
2026-01-06,ACC0000004920,52460.99,17160.78,133280.95,-63659.18,NPR
2026-01-06,ACC0000004921,436489.0,0.0,0.0,436489.0,NPR
2026-01-06,ACC0000004922,214695.78,16020.47,101682.57,129033.68,NPR
2026-01-06,ACC0000004923,193164.33,0.0,0.0,193164.33,NPR
2026-01-06,ACC0000004924,48086.6,46693.97,40725.71,54054.86,NPR
2026-01-06,ACC0000004925,390112.0,49495.22,96574.93,343032.29,NPR
2026-01-06,ACC0000004926,416638.32,47197.56,147821.89,316013.99,NPR
2026-01-06,ACC0000004927,287012.31,0.0,151696.16,135316.15,NPR
2026-01-06,ACC0000004928,456872.25,10462.42,15506.12,451828.55,NPR
2026-01-06,ACC0000004929,59648.27,23292.97,98097.68,-15156.44,NPR
2026-01-06,ACC0000004930,260867.4,0.0,27537.67,233329.73,NPR
2026-01-06,ACC0000004931,457880.95,0.0,84941.35,372939.6,NPR
2026-01-06,ACC0000004932,326019.87,0.0,19049.14,306970.73,NPR
2026-01-06,ACC0000004933,341634.03,39316.57,0.0,380950.6,NPR
2026-01-06,ACC0000004934,290072.67,0.0,0.0,290072.67,NPR
2026-01-06,ACC0000004935,412150.69,0.0,56294.09,355856.6,NPR
2026-01-06,ACC0000004936,404577.43,89047.08,14896.42,478728.09,NPR
2026-01-06,ACC0000004937,18293.0,11872.97,56375.87,-26209.9,NPR
2026-01-06,ACC0000004938,197228.63,0.0,0.0,197228.63,NPR
2026-01-06,ACC0000004939,337083.16,0.0,32654.01,304429.15,NPR
2026-01-06,ACC0000004940,127705.65,0.0,0.0,127705.65,NPR
2026-01-06,ACC0000004941,432303.63,0.0,34708.44,397595.19,NPR
2026-01-06,ACC0000004942,65583.88,0.0,0.0,65583.88,NPR
2026-01-06,ACC0000004943,49375.09,0.0,66933.9,-17558.81,NPR
2026-01-06,ACC0000004944,87442.62,0.0,141719.08,-54276.46,NPR
2026-01-06,ACC0000004945,226940.48,47194.82,0.0,274135.3,NPR
2026-01-06,ACC0000004946,138345.23,45236.2,110951.71,72629.72,NPR
2026-01-06,ACC0000004947,123082.48,0.0,49647.48,73435.0,NPR
2026-01-06,ACC0000004948,246247.44,0.0,48706.28,197541.16,NPR
2026-01-06,ACC0000004949,496615.08,0.0,0.0,496615.08,NPR
2026-01-06,ACC0000004950,299254.37,0.0,9804.28,289450.09,NPR
2026-01-06,ACC0000004951,236970.8,0.0,37015.7,199955.1,NPR
2026-01-06,ACC0000004952,471072.36,0.0,55444.1,415628.26,NPR
2026-01-06,ACC0000004953,19966.1,28444.14,0.0,48410.24,NPR
2026-01-06,ACC0000004954,455525.33,25215.62,165238.61,315502.34,NPR
2026-01-06,ACC0000004955,133197.94,0.0,6519.72,126678.22,NPR
2026-01-06,ACC0000004956,46367.18,0.0,0.0,46367.18,NPR
2026-01-06,ACC0000004957,486913.51,0.0,88016.42,398897.09,NPR
2026-01-06,ACC0000004958,216984.24,25565.24,80722.61,161826.87,NPR
2026-01-06,ACC0000004959,201051.68,0.0,111121.16,89930.52,NPR
2026-01-06,ACC0000004960,383341.88,0.0,8188.43,375153.45,NPR
2026-01-06,ACC0000004961,347104.42,77676.47,22173.94,402606.95,NPR
2026-01-06,ACC0000004962,181174.89,0.0,0.0,181174.89,NPR
2026-01-06,ACC0000004963,473998.35,0.0,46966.39,427031.96,NPR
2026-01-06,ACC0000004964,244888.08,3028.65,54379.61,193537.12,NPR
2026-01-06,ACC0000004965,398999.54,21619.36,67482.87,353136.03,NPR
2026-01-06,ACC0000004966,179706.77,27746.59,42728.93,164724.43,NPR
2026-01-06,ACC0000004967,483555.83,63525.3,43910.84,503170.29,NPR
2026-01-06,ACC0000004968,262715.06,0.0,0.0,262715.06,NPR
2026-01-06,ACC0000004969,201735.91,0.0,77532.0,124203.91,NPR
2026-01-06,ACC0000004970,190743.39,0.0,146291.39,44452.0,NPR
2026-01-06,ACC0000004971,358202.48,32196.91,35299.67,355099.72,NPR
2026-01-06,ACC0000004972,473906.17,0.0,0.0,473906.17,NPR
2026-01-06,ACC0000004973,341077.09,8482.29,31676.48,317882.9,NPR
2026-01-06,ACC0000004974,169869.14,0.0,0.0,169869.14,NPR
2026-01-06,ACC0000004975,371612.54,0.0,0.0,371612.54,NPR
2026-01-06,ACC0000004976,445490.09,0.0,14698.39,430791.7,NPR
2026-01-06,ACC0000004977,424130.79,0.0,0.0,424130.79,NPR
2026-01-06,ACC0000004978,338397.89,0.0,0.0,338397.89,NPR
2026-01-06,ACC0000004979,320592.23,0.0,97660.6,222931.63,NPR
2026-01-06,ACC0000004980,331523.69,17712.67,78318.01,270918.35,NPR
2026-01-06,ACC0000004981,480391.4,0.0,0.0,480391.4,NPR
2026-01-06,ACC0000004982,79554.35,0.0,0.0,79554.35,NPR
2026-01-06,ACC0000004983,291245.56,25094.23,62791.0,253548.79,NPR
2026-01-06,ACC0000004984,81471.18,13850.99,53507.08,41815.09,NPR
2026-01-06,ACC0000004985,208878.14,0.0,33334.81,175543.33,NPR
2026-01-06,ACC0000004986,301081.71,0.0,0.0,301081.71,NPR
2026-01-06,ACC0000004987,222545.07,0.0,20641.51,201903.56,NPR
2026-01-06,ACC0000004988,56602.11,0.0,32684.4,23917.71,NPR
2026-01-06,ACC0000004989,147729.85,0.0,0.0,147729.85,NPR
2026-01-06,ACC0000004990,120315.12,0.0,87170.53,33144.59,NPR
2026-01-06,ACC0000004991,380798.85,0.0,131611.78,249187.07,NPR
2026-01-06,ACC0000004992,154049.77,0.0,18104.65,135945.12,NPR
2026-01-06,ACC0000004993,176319.77,0.0,42584.4,133735.37,NPR
2026-01-06,ACC0000004994,310416.72,0.0,85630.33,224786.39,NPR
2026-01-06,ACC0000004995,311006.97,9505.69,92676.23,227836.43,NPR
2026-01-06,ACC0000004996,289584.18,53662.91,36634.43,306612.66,NPR
2026-01-06,ACC0000004997,449507.11,5333.2,157078.79,297761.52,NPR
2026-01-06,ACC0000004998,399590.41,0.0,194841.53,204748.88,NPR
2026-01-06,ACC0000004999,229727.92,0.0,0.0,229727.92,NPR
2026-01-06,ACC0000005000,25749.8,0.0,0.0,25749.8,NPR
2026-01-06,ACC0000005001,123869.82,12879.32,26854.17,109894.97,NPR
2026-01-06,ACC0000005002,50680.82,48473.88,60734.28,38420.42,NPR
2026-01-06,ACC0000005003,290348.62,0.0,0.0,290348.62,NPR
2026-01-06,ACC0000005004,459390.24,0.0,0.0,459390.24,NPR
2026-01-06,ACC0000005005,204003.25,20875.25,0.0,224878.5,NPR
2026-01-06,ACC0000005006,75351.22,0.0,0.0,75351.22,NPR
2026-01-06,ACC0000005007,77730.66,31498.0,88367.65,20861.01,NPR
2026-01-06,ACC0000005008,269168.58,0.0,56836.46,212332.12,NPR
2026-01-06,ACC0000005009,221069.95,71004.93,105815.35,186259.53,NPR
2026-01-06,ACC0000005010,313777.67,0.0,12759.32,301018.35,NPR
2026-01-06,ACC0000005011,414714.16,0.0,15734.57,398979.59,NPR
2026-01-06,ACC0000005012,58559.02,0.0,82039.43,-23480.41,NPR
2026-01-06,ACC0000005013,17364.08,19564.43,64263.59,-27335.08,NPR
2026-01-06,ACC0000005014,6493.03,0.0,0.0,6493.03,NPR
2026-01-06,ACC0000005015,370870.1,0.0,81315.2,289554.9,NPR
2026-01-06,ACC0000005016,224474.48,0.0,63400.0,161074.48,NPR
2026-01-06,ACC0000005017,455049.29,0.0,39791.92,415257.37,NPR
2026-01-06,ACC0000005018,213891.44,35270.21,0.0,249161.65,NPR
2026-01-06,ACC0000005019,453912.61,0.0,58945.63,394966.98,NPR
2026-01-06,ACC0000005020,168856.51,59835.05,17677.24,211014.32,NPR
2026-01-06,ACC0000005021,185945.27,0.0,0.0,185945.27,NPR
2026-01-06,ACC0000005022,424084.47,22999.37,103459.14,343624.7,NPR
2026-01-06,ACC0000005023,61492.84,59865.66,0.0,121358.5,NPR
2026-01-06,ACC0000005024,447899.3,0.0,65662.25,382237.05,NPR
2026-01-06,ACC0000005025,331947.29,68984.29,68126.71,332804.87,NPR
2026-01-06,ACC0000005026,280498.91,26790.87,17351.99,289937.79,NPR
2026-01-06,ACC0000005027,399575.63,0.0,52924.19,346651.44,NPR
2026-01-06,ACC0000005028,285824.28,47007.67,58366.21,274465.74,NPR
2026-01-06,ACC0000005029,454268.63,48054.94,0.0,502323.57,NPR
2026-01-06,ACC0000005030,330225.48,0.0,19875.51,310349.97,NPR
2026-01-06,ACC0000005031,307529.93,0.0,96685.03,210844.9,NPR
2026-01-06,ACC0000005032,473143.38,121127.34,64983.45,529287.27,NPR
2026-01-06,ACC0000005033,288694.34,0.0,16071.18,272623.16,NPR
2026-01-06,ACC0000005034,5847.68,71671.9,93403.03,-15883.45,NPR
2026-01-06,ACC0000005035,378413.47,20679.48,15382.74,383710.21,NPR
2026-01-06,ACC0000005036,329280.98,0.0,35151.77,294129.21,NPR
2026-01-06,ACC0000005037,85780.85,0.0,103566.52,-17785.67,NPR
2026-01-06,ACC0000005038,473437.74,32611.58,29878.89,476170.43,NPR
2026-01-06,ACC0000005039,455329.33,33648.17,96167.88,392809.62,NPR
2026-01-06,ACC0000005040,107314.5,0.0,0.0,107314.5,NPR
2026-01-06,ACC0000005041,481249.05,0.0,67216.11,414032.94,NPR
2026-01-06,ACC0000005042,59410.17,0.0,0.0,59410.17,NPR
2026-01-06,ACC0000005043,73948.92,0.0,0.0,73948.92,NPR
2026-01-06,ACC0000005044,284743.75,0.0,33774.77,250968.98,NPR
2026-01-06,ACC0000005045,343020.82,0.0,0.0,343020.82,NPR
2026-01-06,ACC0000005046,237775.15,0.0,0.0,237775.15,NPR
2026-01-06,ACC0000005047,91184.4,72903.61,2296.68,161791.33,NPR
2026-01-06,ACC0000005048,119066.37,2286.79,100249.47,21103.69,NPR
2026-01-06,ACC0000005049,435271.24,43814.6,27372.73,451713.11,NPR
2026-01-06,ACC0000005050,59735.55,46583.2,23565.63,82753.12,NPR
2026-01-06,ACC0000005051,386808.66,4194.79,70483.45,320520.0,NPR
2026-01-06,ACC0000005052,287063.86,17660.69,37143.49,267581.06,NPR
2026-01-06,ACC0000005053,56555.88,0.0,61719.84,-5163.96,NPR
2026-01-06,ACC0000005054,29405.87,48535.83,35311.82,42629.88,NPR
2026-01-06,ACC0000005055,109695.55,32863.22,80514.91,62043.86,NPR
2026-01-06,ACC0000005056,457541.88,7265.35,140695.22,324112.01,NPR
2026-01-06,ACC0000005057,427277.48,0.0,0.0,427277.48,NPR
2026-01-06,ACC0000005058,88508.2,0.0,29059.73,59448.47,NPR
2026-01-06,ACC0000005059,47004.44,0.0,0.0,47004.44,NPR
2026-01-06,ACC0000005060,239948.87,45200.01,61898.65,223250.23,NPR
2026-01-06,ACC0000005061,157365.45,0.0,30665.65,126699.8,NPR
2026-01-06,ACC0000005062,294561.79,0.0,0.0,294561.79,NPR
2026-01-06,ACC0000005063,416506.98,0.0,39811.37,376695.61,NPR
2026-01-06,ACC0000005064,190673.25,6593.17,70866.7,126399.72,NPR
2026-01-06,ACC0000005065,245311.6,16385.63,113043.97,148653.26,NPR
2026-01-06,ACC0000005066,103116.71,45161.73,74737.15,73541.29,NPR
2026-01-06,ACC0000005067,475423.77,0.0,0.0,475423.77,NPR
2026-01-06,ACC0000005068,230240.51,0.0,0.0,230240.51,NPR
2026-01-06,ACC0000005069,117926.71,26983.66,96529.03,48381.34,NPR
2026-01-06,ACC0000005070,150549.42,0.0,58120.34,92429.08,NPR
2026-01-06,ACC0000005071,270526.62,31690.77,88241.66,213975.73,NPR
2026-01-06,ACC0000005072,451591.49,0.0,0.0,451591.49,NPR
2026-01-06,ACC0000005073,280689.62,0.0,0.0,280689.62,NPR
2026-01-06,ACC0000005074,494976.11,0.0,147785.47,347190.64,NPR
2026-01-06,ACC0000005075,494186.4,29253.77,102227.35,421212.82,NPR
2026-01-06,ACC0000005076,344385.52,26940.12,44921.15,326404.49,NPR
2026-01-06,ACC0000005077,184291.77,534.74,38922.5,145904.01,NPR
2026-01-06,ACC0000005078,254612.14,0.0,34695.71,219916.43,NPR
2026-01-06,ACC0000005079,247221.79,0.0,84054.45,163167.34,NPR
2026-01-06,ACC0000005080,184306.0,0.0,0.0,184306.0,NPR
2026-01-06,ACC0000005081,254403.42,0.0,83044.88,171358.54,NPR
2026-01-06,ACC0000005082,109074.69,38678.18,73354.83,74398.04,NPR
2026-01-06,ACC0000005083,322704.66,0.0,43266.22,279438.44,NPR
2026-01-06,ACC0000005084,320555.77,0.0,0.0,320555.77,NPR
2026-01-06,ACC0000005085,235591.99,0.0,43677.57,191914.42,NPR
2026-01-06,ACC0000005086,442670.17,0.0,74171.95,368498.22,NPR
2026-01-06,ACC0000005087,303977.16,2810.98,73152.71,233635.43,NPR
2026-01-06,ACC0000005088,360347.62,0.0,0.0,360347.62,NPR
2026-01-06,ACC0000005089,479710.67,0.0,127727.03,351983.64,NPR
2026-01-06,ACC0000005090,383000.19,0.0,48746.66,334253.53,NPR
2026-01-06,ACC0000005091,478557.08,0.0,33911.57,444645.51,NPR
2026-01-06,ACC0000005092,124042.96,86802.18,8454.78,202390.36,NPR
2026-01-06,ACC0000005093,87232.48,32889.14,130166.88,-10045.26,NPR
2026-01-06,ACC0000005094,139493.29,0.0,75770.18,63723.11,NPR
2026-01-06,ACC0000005095,341756.71,0.0,77971.89,263784.82,NPR
2026-01-06,ACC0000005096,5893.28,41820.03,58179.05,-10465.74,NPR
2026-01-06,ACC0000005097,211239.63,0.0,41578.98,169660.65,NPR
2026-01-06,ACC0000005098,38230.28,0.0,54299.56,-16069.28,NPR
2026-01-06,ACC0000005099,230021.84,0.0,4875.93,225145.91,NPR
2026-01-06,ACC0000005100,190035.45,73253.17,8236.76,255051.86,NPR
2026-01-06,ACC0000005101,207240.94,0.0,3350.51,203890.43,NPR
2026-01-06,ACC0000005102,194043.16,0.0,144627.33,49415.83,NPR
2026-01-06,ACC0000005103,360237.85,0.0,56326.93,303910.92,NPR
2026-01-06,ACC0000005104,468321.29,0.0,52011.0,416310.29,NPR
2026-01-06,ACC0000005105,470571.0,0.0,0.0,470571.0,NPR
2026-01-06,ACC0000005106,97675.94,0.0,27549.8,70126.14,NPR
2026-01-06,ACC0000005107,20529.84,0.0,56618.96,-36089.12,NPR
2026-01-06,ACC0000005108,443782.75,0.0,78648.48,365134.27,NPR
2026-01-06,ACC0000005109,479185.78,51437.8,87649.23,442974.35,NPR
2026-01-06,ACC0000005110,108907.7,0.0,0.0,108907.7,NPR
2026-01-06,ACC0000005111,397142.93,0.0,0.0,397142.93,NPR
2026-01-06,ACC0000005112,431005.81,0.0,0.0,431005.81,NPR
2026-01-06,ACC0000005113,92095.68,0.0,107897.25,-15801.57,NPR
2026-01-06,ACC0000005114,343855.3,0.0,33875.42,309979.88,NPR
2026-01-06,ACC0000005115,456289.19,0.0,45337.1,410952.09,NPR
2026-01-06,ACC0000005116,432442.67,0.0,41294.49,391148.18,NPR
2026-01-06,ACC0000005117,64694.93,36682.37,94821.75,6555.55,NPR
2026-01-06,ACC0000005118,192564.52,0.0,44167.14,148397.38,NPR
2026-01-06,ACC0000005119,146938.74,0.0,12550.55,134388.19,NPR
2026-01-06,ACC0000005120,311073.0,34323.73,0.0,345396.73,NPR
2026-01-06,ACC0000005121,52124.33,0.0,84103.25,-31978.92,NPR
2026-01-06,ACC0000005122,94894.66,0.0,21363.69,73530.97,NPR
2026-01-06,ACC0000005123,449829.48,0.0,0.0,449829.48,NPR
2026-01-06,ACC0000005124,145677.78,0.0,116333.89,29343.89,NPR
2026-01-06,ACC0000005125,477397.38,0.0,135843.3,341554.08,NPR
2026-01-06,ACC0000005126,73551.21,0.0,113004.44,-39453.23,NPR
2026-01-06,ACC0000005127,136357.4,65417.69,65456.96,136318.13,NPR
2026-01-06,ACC0000005128,55940.4,10222.78,41981.67,24181.51,NPR
2026-01-06,ACC0000005129,445721.38,0.0,69481.96,376239.42,NPR
2026-01-06,ACC0000005130,114259.02,13045.55,0.0,127304.57,NPR
2026-01-06,ACC0000005131,190519.18,0.0,57108.65,133410.53,NPR
2026-01-06,ACC0000005132,241692.37,0.0,121281.44,120410.93,NPR
2026-01-06,ACC0000005133,149626.11,7346.76,77568.45,79404.42,NPR
2026-01-06,ACC0000005134,98822.39,0.0,0.0,98822.39,NPR
2026-01-06,ACC0000005135,355444.79,0.0,0.0,355444.79,NPR
2026-01-06,ACC0000005136,354807.57,0.0,70296.57,284511.0,NPR
2026-01-06,ACC0000005137,134466.66,9349.04,3591.38,140224.32,NPR
2026-01-06,ACC0000005138,141021.04,0.0,0.0,141021.04,NPR
2026-01-06,ACC0000005139,61082.19,15024.77,36061.0,40045.96,NPR
2026-01-06,ACC0000005140,185037.05,0.0,0.0,185037.05,NPR
2026-01-06,ACC0000005141,486005.06,0.0,46216.83,439788.23,NPR
2026-01-06,ACC0000005142,332823.73,30425.64,9621.73,353627.64,NPR
2026-01-06,ACC0000005143,34457.76,0.0,73975.21,-39517.45,NPR
2026-01-06,ACC0000005144,101339.16,0.0,82507.76,18831.4,NPR
2026-01-06,ACC0000005145,235869.5,0.0,4326.48,231543.02,NPR
2026-01-06,ACC0000005146,483862.62,0.0,28883.23,454979.39,NPR
2026-01-06,ACC0000005147,56780.78,28007.37,85895.98,-1107.83,NPR
2026-01-06,ACC0000005148,69482.61,0.0,0.0,69482.61,NPR
2026-01-06,ACC0000005149,341337.11,0.0,19259.24,322077.87,NPR
2026-01-06,ACC0000005150,45257.68,0.0,0.0,45257.68,NPR
2026-01-06,ACC0000005151,117220.89,41940.96,8307.9,150853.95,NPR
2026-01-06,ACC0000005152,320365.86,0.0,86156.56,234209.3,NPR
2026-01-06,ACC0000005153,114976.62,0.0,0.0,114976.62,NPR
2026-01-06,ACC0000005154,395894.23,0.0,75832.74,320061.49,NPR
2026-01-06,ACC0000005155,53244.41,0.0,34749.19,18495.22,NPR
2026-01-06,ACC0000005156,396407.09,11480.72,24467.89,383419.92,NPR
2026-01-06,ACC0000005157,114091.15,3668.72,0.0,117759.87,NPR
2026-01-06,ACC0000005158,120777.59,0.0,0.0,120777.59,NPR
2026-01-06,ACC0000005159,460081.41,0.0,143168.12,316913.29,NPR
2026-01-06,ACC0000005160,359507.48,0.0,112583.17,246924.31,NPR
2026-01-06,ACC0000005161,391733.39,0.0,37252.15,354481.24,NPR
2026-01-06,ACC0000005162,475897.58,0.0,109783.66,366113.92,NPR
2026-01-06,ACC0000005163,65367.96,0.0,77452.36,-12084.4,NPR
2026-01-06,ACC0000005164,333849.52,66477.43,18529.91,381797.04,NPR
2026-01-06,ACC0000005165,84322.7,0.0,47001.08,37321.62,NPR
2026-01-06,ACC0000005166,314734.24,0.0,68335.04,246399.2,NPR
2026-01-06,ACC0000005167,110635.75,77306.38,39037.9,148904.23,NPR
2026-01-06,ACC0000005168,261018.49,0.0,55605.1,205413.39,NPR
2026-01-06,ACC0000005169,332878.19,70330.71,54706.79,348502.11,NPR
2026-01-06,ACC0000005170,206893.46,10486.26,90681.71,126698.01,NPR
2026-01-06,ACC0000005171,275356.67,0.0,0.0,275356.67,NPR
2026-01-06,ACC0000005172,393300.94,0.0,0.0,393300.94,NPR
2026-01-06,ACC0000005173,334118.15,0.0,0.0,334118.15,NPR
2026-01-06,ACC0000005174,391204.37,0.0,45542.32,345662.05,NPR
2026-01-06,ACC0000005175,383654.48,0.0,0.0,383654.48,NPR
2026-01-06,ACC0000005176,389170.69,0.0,0.0,389170.69,NPR
2026-01-06,ACC0000005177,159293.65,0.0,91233.41,68060.24,NPR
2026-01-06,ACC0000005178,82101.13,46964.02,5031.32,124033.83,NPR
2026-01-06,ACC0000005179,304925.82,27381.76,61673.22,270634.36,NPR
2026-01-06,ACC0000005180,319351.09,29107.72,38527.63,309931.18,NPR
2026-01-06,ACC0000005181,26087.93,0.0,92683.91,-66595.98,NPR
2026-01-06,ACC0000005182,390030.8,32878.39,72237.2,350671.99,NPR
2026-01-06,ACC0000005183,253429.67,54288.53,15973.18,291745.02,NPR
2026-01-06,ACC0000005184,136464.63,11490.5,44424.19,103530.94,NPR
2026-01-06,ACC0000005185,268940.72,41234.62,0.0,310175.34,NPR
2026-01-06,ACC0000005186,252609.71,0.0,640.46,251969.25,NPR
2026-01-06,ACC0000005187,254779.99,0.0,0.0,254779.99,NPR
2026-01-06,ACC0000005188,59251.23,0.0,106866.96,-47615.73,NPR
2026-01-06,ACC0000005189,24901.99,0.0,8609.56,16292.43,NPR
2026-01-06,ACC0000005190,365551.76,21534.5,0.0,387086.26,NPR
2026-01-06,ACC0000005191,411593.12,0.0,0.0,411593.12,NPR
2026-01-06,ACC0000005192,444918.14,6020.37,11884.81,439053.7,NPR
2026-01-06,ACC0000005193,15328.24,0.0,78911.16,-63582.92,NPR
2026-01-06,ACC0000005194,69733.5,0.0,33822.46,35911.04,NPR
2026-01-06,ACC0000005195,457134.27,10844.07,0.0,467978.34,NPR
2026-01-06,ACC0000005196,254408.97,0.0,55438.7,198970.27,NPR
2026-01-06,ACC0000005197,181123.07,0.0,79836.12,101286.95,NPR
2026-01-06,ACC0000005198,266421.88,5334.64,122548.86,149207.66,NPR
2026-01-06,ACC0000005199,224469.94,0.0,35366.87,189103.07,NPR
2026-01-06,ACC0000005200,409260.62,7097.54,72637.25,343720.91,NPR
2026-01-06,ACC0000005201,352041.39,43945.35,66590.92,329395.82,NPR
2026-01-06,ACC0000005202,486046.3,0.0,121195.39,364850.91,NPR
2026-01-06,ACC0000005203,395819.38,0.0,148381.24,247438.14,NPR
2026-01-06,ACC0000005204,163927.44,20994.45,36098.47,148823.42,NPR
2026-01-06,ACC0000005205,62001.58,37928.71,36415.95,63514.34,NPR
2026-01-06,ACC0000005206,381263.94,0.0,87172.6,294091.34,NPR
2026-01-06,ACC0000005207,149102.39,45761.35,0.0,194863.74,NPR
2026-01-06,ACC0000005208,474988.47,0.0,0.0,474988.47,NPR
2026-01-06,ACC0000005209,423671.96,0.0,18658.69,405013.27,NPR
2026-01-06,ACC0000005210,2631.93,0.0,36444.63,-33812.7,NPR
2026-01-06,ACC0000005211,11874.58,0.0,0.0,11874.58,NPR
2026-01-06,ACC0000005212,115487.59,40709.65,60416.06,95781.18,NPR
2026-01-06,ACC0000005213,479842.37,0.0,160607.79,319234.58,NPR
2026-01-06,ACC0000005214,434506.93,0.0,116204.42,318302.51,NPR
2026-01-06,ACC0000005215,470196.21,0.0,82946.07,387250.14,NPR
2026-01-06,ACC0000005216,471034.26,0.0,0.0,471034.26,NPR
2026-01-06,ACC0000005217,261612.26,0.0,0.0,261612.26,NPR
2026-01-06,ACC0000005218,188373.2,0.0,113022.43,75350.77,NPR
2026-01-06,ACC0000005219,27724.17,0.0,0.0,27724.17,NPR
2026-01-06,ACC0000005220,409140.94,0.0,51461.32,357679.62,NPR
2026-01-06,ACC0000005221,488776.78,0.0,20182.38,468594.4,NPR
2026-01-06,ACC0000005222,467126.16,0.0,46179.58,420946.58,NPR
2026-01-06,ACC0000005223,235097.88,43261.8,64699.52,213660.16,NPR
2026-01-06,ACC0000005224,438018.45,37555.9,59373.32,416201.03,NPR
2026-01-06,ACC0000005225,235026.42,0.0,27531.76,207494.66,NPR
2026-01-06,ACC0000005226,189193.15,33495.87,41239.62,181449.4,NPR
2026-01-06,ACC0000005227,167480.92,0.0,121470.9,46010.02,NPR
2026-01-06,ACC0000005228,37072.18,0.0,0.0,37072.18,NPR
2026-01-06,ACC0000005229,181019.44,32604.02,129927.42,83696.04,NPR
2026-01-06,ACC0000005230,81475.53,29988.23,77708.39,33755.37,NPR
2026-01-06,ACC0000005231,469408.35,0.0,0.0,469408.35,NPR
2026-01-06,ACC0000005232,420108.57,46039.51,95917.48,370230.6,NPR
2026-01-06,ACC0000005233,409336.25,43100.75,42982.29,409454.71,NPR
2026-01-06,ACC0000005234,244093.68,0.0,41955.18,202138.5,NPR
2026-01-06,ACC0000005235,129768.44,0.0,57774.1,71994.34,NPR
2026-01-06,ACC0000005236,197586.15,0.0,88189.14,109397.01,NPR
2026-01-06,ACC0000005237,107454.24,0.0,25494.05,81960.19,NPR
2026-01-06,ACC0000005238,428191.93,0.0,0.0,428191.93,NPR
2026-01-06,ACC0000005239,487272.81,21608.64,129214.38,379667.07,NPR
2026-01-06,ACC0000005240,205758.55,0.0,46323.49,159435.06,NPR
2026-01-06,ACC0000005241,273292.12,11898.68,35558.94,249631.86,NPR
2026-01-06,ACC0000005242,329228.07,1492.93,73299.01,257421.99,NPR
2026-01-06,ACC0000005243,498097.48,0.0,173543.37,324554.11,NPR
2026-01-06,ACC0000005244,185824.34,0.0,29623.3,156201.04,NPR
2026-01-06,ACC0000005245,21479.59,5833.18,73044.1,-45731.33,NPR
2026-01-06,ACC0000005246,171914.03,11328.98,67493.78,115749.23,NPR
2026-01-06,ACC0000005247,134254.84,0.0,56424.13,77830.71,NPR
2026-01-06,ACC0000005248,199608.95,0.0,25729.1,173879.85,NPR
2026-01-06,ACC0000005249,315842.24,0.0,25937.01,289905.23,NPR
2026-01-06,ACC0000005250,123355.3,0.0,0.0,123355.3,NPR
2026-01-06,ACC0000005251,443536.48,8028.1,42800.74,408763.84,NPR
2026-01-06,ACC0000005252,485572.4,0.0,78256.38,407316.02,NPR
2026-01-06,ACC0000005253,139557.68,0.0,0.0,139557.68,NPR
2026-01-06,ACC0000005254,431188.73,0.0,0.0,431188.73,NPR
2026-01-06,ACC0000005255,468917.14,0.0,0.0,468917.14,NPR
2026-01-06,ACC0000005256,244094.4,0.0,39494.46,204599.94,NPR
2026-01-06,ACC0000005257,330268.24,8197.66,595.5,337870.4,NPR
2026-01-06,ACC0000005258,154944.55,47371.95,36652.09,165664.41,NPR
2026-01-06,ACC0000005259,192295.64,0.0,0.0,192295.64,NPR
2026-01-06,ACC0000005260,224662.27,0.0,0.0,224662.27,NPR
2026-01-06,ACC0000005261,341245.54,0.0,25648.48,315597.06,NPR
2026-01-06,ACC0000005262,347101.42,0.0,90152.87,256948.55,NPR
2026-01-06,ACC0000005263,108739.01,16041.25,23369.08,101411.18,NPR
2026-01-06,ACC0000005264,161530.31,0.0,0.0,161530.31,NPR
2026-01-06,ACC0000005265,48598.78,0.0,27410.23,21188.55,NPR
2026-01-06,ACC0000005266,243504.72,0.0,31739.38,211765.34,NPR
2026-01-06,ACC0000005267,351719.49,68791.44,16513.02,403997.91,NPR
2026-01-06,ACC0000005268,240438.97,0.0,80671.38,159767.59,NPR
2026-01-06,ACC0000005269,284170.21,0.0,0.0,284170.21,NPR
2026-01-06,ACC0000005270,31795.15,32723.22,40954.61,23563.76,NPR
2026-01-06,ACC0000005271,33561.36,0.0,61241.9,-27680.54,NPR
2026-01-06,ACC0000005272,151976.96,0.0,32244.62,119732.34,NPR
2026-01-06,ACC0000005273,265461.26,4762.68,45943.6,224280.34,NPR
2026-01-06,ACC0000005274,31122.99,0.0,0.0,31122.99,NPR
2026-01-06,ACC0000005275,70283.26,23114.35,0.0,93397.61,NPR
2026-01-06,ACC0000005276,118942.09,0.0,74915.03,44027.06,NPR
2026-01-06,ACC0000005277,242859.1,0.0,0.0,242859.1,NPR
2026-01-06,ACC0000005278,27072.56,0.0,138803.06,-111730.5,NPR
2026-01-06,ACC0000005279,478752.24,0.0,59954.28,418797.96,NPR
2026-01-06,ACC0000005280,18650.12,0.0,0.0,18650.12,NPR
2026-01-06,ACC0000005281,248554.39,0.0,46843.27,201711.12,NPR
2026-01-06,ACC0000005282,44158.8,0.0,79163.85,-35005.05,NPR
2026-01-06,ACC0000005283,488727.87,4823.95,65725.74,427826.08,NPR
2026-01-06,ACC0000005284,379455.71,0.0,36123.07,343332.64,NPR
2026-01-06,ACC0000005285,154082.32,8048.67,44481.61,117649.38,NPR
2026-01-06,ACC0000005286,427684.59,0.0,0.0,427684.59,NPR
2026-01-06,ACC0000005287,478158.02,0.0,16982.52,461175.5,NPR
2026-01-06,ACC0000005288,495550.4,12234.3,0.0,507784.7,NPR
2026-01-06,ACC0000005289,382121.17,0.0,0.0,382121.17,NPR
2026-01-06,ACC0000005290,10982.97,65625.01,60460.19,16147.79,NPR
2026-01-06,ACC0000005291,267827.75,0.0,66079.35,201748.4,NPR
2026-01-06,ACC0000005292,186940.94,0.0,0.0,186940.94,NPR
2026-01-06,ACC0000005293,415451.74,0.0,0.0,415451.74,NPR
2026-01-06,ACC0000005294,196995.76,0.0,26277.05,170718.71,NPR
2026-01-06,ACC0000005295,5590.09,46760.62,47032.07,5318.64,NPR
2026-01-06,ACC0000005296,275314.13,0.0,23578.81,251735.32,NPR
2026-01-06,ACC0000005297,219592.5,31970.36,0.0,251562.86,NPR
2026-01-06,ACC0000005298,91118.12,72059.57,47917.63,115260.06,NPR
2026-01-06,ACC0000005299,336145.08,0.0,68449.52,267695.56,NPR
2026-01-06,ACC0000005300,22096.4,0.0,86774.71,-64678.31,NPR
2026-01-06,ACC0000005301,409072.54,0.0,88177.39,320895.15,NPR
2026-01-06,ACC0000005302,466094.47,0.0,88053.69,378040.78,NPR
2026-01-06,ACC0000005303,483798.01,38609.71,66969.25,455438.47,NPR
2026-01-06,ACC0000005304,171641.23,0.0,65353.55,106287.68,NPR
2026-01-06,ACC0000005305,203704.33,0.0,0.0,203704.33,NPR
2026-01-06,ACC0000005306,43429.57,0.0,34691.22,8738.35,NPR
2026-01-06,ACC0000005307,103142.31,0.0,109180.39,-6038.08,NPR
2026-01-06,ACC0000005308,149814.14,0.0,81126.53,68687.61,NPR
2026-01-06,ACC0000005309,113799.6,0.0,0.0,113799.6,NPR
2026-01-06,ACC0000005310,311833.04,0.0,212304.19,99528.85,NPR
2026-01-06,ACC0000005311,368763.26,27656.49,142300.35,254119.4,NPR
2026-01-06,ACC0000005312,415013.31,0.0,95567.9,319445.41,NPR
2026-01-06,ACC0000005313,357982.81,0.0,104080.92,253901.89,NPR
2026-01-06,ACC0000005314,54222.78,0.0,45261.91,8960.87,NPR
2026-01-06,ACC0000005315,134890.87,0.0,14154.75,120736.12,NPR
2026-01-06,ACC0000005316,165147.73,29283.74,87111.24,107320.23,NPR
2026-01-06,ACC0000005317,159453.34,34439.62,11123.12,182769.84,NPR
2026-01-06,ACC0000005318,475690.17,0.0,0.0,475690.17,NPR
2026-01-06,ACC0000005319,88122.46,0.0,13481.3,74641.16,NPR
2026-01-06,ACC0000005320,345177.72,0.0,0.0,345177.72,NPR
2026-01-06,ACC0000005321,381628.93,0.0,84949.91,296679.02,NPR
2026-01-06,ACC0000005322,414386.81,0.0,1182.42,413204.39,NPR
2026-01-06,ACC0000005323,327455.59,0.0,0.0,327455.59,NPR
2026-01-06,ACC0000005324,183376.89,35550.57,36401.28,182526.18,NPR
2026-01-06,ACC0000005325,70688.86,0.0,0.0,70688.86,NPR
2026-01-06,ACC0000005326,449423.38,0.0,84275.4,365147.98,NPR
2026-01-06,ACC0000005327,95299.13,0.0,58193.07,37106.06,NPR
2026-01-06,ACC0000005328,447306.64,0.0,0.0,447306.64,NPR
2026-01-06,ACC0000005329,266247.73,0.0,43604.31,222643.42,NPR
2026-01-06,ACC0000005330,227360.17,0.0,42473.13,184887.04,NPR
2026-01-06,ACC0000005331,101685.86,0.0,36123.74,65562.12,NPR
2026-01-06,ACC0000005332,178624.12,0.0,57181.0,121443.12,NPR
2026-01-06,ACC0000005333,423903.39,25693.82,8920.97,440676.24,NPR
2026-01-06,ACC0000005334,70797.64,0.0,150266.6,-79468.96,NPR
2026-01-06,ACC0000005335,162123.78,41228.33,56686.71,146665.4,NPR
2026-01-06,ACC0000005336,485255.21,0.0,40186.47,445068.74,NPR
2026-01-06,ACC0000005337,271672.46,0.0,67033.84,204638.62,NPR
2026-01-06,ACC0000005338,183817.6,37528.66,75510.71,145835.55,NPR
2026-01-06,ACC0000005339,257250.83,0.0,55940.98,201309.85,NPR
2026-01-06,ACC0000005340,336166.46,13306.94,218358.73,131114.67,NPR
2026-01-06,ACC0000005341,130811.24,0.0,116809.25,14001.99,NPR
2026-01-06,ACC0000005342,244827.86,31291.76,17814.1,258305.52,NPR
2026-01-06,ACC0000005343,71031.75,31247.17,1074.23,101204.69,NPR
2026-01-06,ACC0000005344,133906.66,46608.43,14421.21,166093.88,NPR
2026-01-06,ACC0000005345,395331.33,0.0,41872.41,353458.92,NPR
2026-01-06,ACC0000005346,67825.64,0.0,18109.4,49716.24,NPR
2026-01-06,ACC0000005347,107758.85,17844.54,57525.32,68078.07,NPR
2026-01-06,ACC0000005348,57045.64,12619.57,164226.47,-94561.26,NPR
2026-01-06,ACC0000005349,51910.62,0.0,0.0,51910.62,NPR
2026-01-06,ACC0000005350,202347.65,0.0,92797.92,109549.73,NPR
2026-01-06,ACC0000005351,448294.54,0.0,73708.02,374586.52,NPR
2026-01-06,ACC0000005352,321583.63,0.0,0.0,321583.63,NPR
2026-01-06,ACC0000005353,194210.68,0.0,27983.76,166226.92,NPR
2026-01-06,ACC0000005354,192268.27,0.0,0.0,192268.27,NPR
2026-01-06,ACC0000005355,78542.86,0.0,55839.54,22703.32,NPR
2026-01-06,ACC0000005356,363882.13,0.0,0.0,363882.13,NPR
2026-01-06,ACC0000005357,169153.67,0.0,78188.21,90965.46,NPR
2026-01-06,ACC0000005358,496321.01,0.0,84864.64,411456.37,NPR
2026-01-06,ACC0000005359,165593.65,0.0,48229.88,117363.77,NPR
2026-01-06,ACC0000005360,454828.05,0.0,0.0,454828.05,NPR
2026-01-06,ACC0000005361,233395.24,0.0,0.0,233395.24,NPR
2026-01-06,ACC0000005362,441618.11,24893.87,45678.13,420833.85,NPR
2026-01-06,ACC0000005363,130027.28,32791.7,46891.8,115927.18,NPR
2026-01-06,ACC0000005364,370677.11,13580.68,16966.21,367291.58,NPR
2026-01-06,ACC0000005365,249509.88,0.0,27755.76,221754.12,NPR
2026-01-06,ACC0000005366,229363.29,0.0,54099.37,175263.92,NPR
2026-01-06,ACC0000005367,291392.73,0.0,36565.57,254827.16,NPR
2026-01-06,ACC0000005368,35647.35,0.0,46351.58,-10704.23,NPR
2026-01-06,ACC0000005369,57240.78,0.0,0.0,57240.78,NPR
2026-01-06,ACC0000005370,459300.98,0.0,0.0,459300.98,NPR
2026-01-06,ACC0000005371,115338.04,75927.31,29378.59,161886.76,NPR
2026-01-06,ACC0000005372,34283.39,0.0,0.0,34283.39,NPR
2026-01-06,ACC0000005373,437753.57,0.0,64967.03,372786.54,NPR
2026-01-06,ACC0000005374,436275.46,44980.36,66142.24,415113.58,NPR
2026-01-06,ACC0000005375,308921.8,0.0,40615.12,268306.68,NPR
2026-01-06,ACC0000005376,285870.78,0.0,116969.68,168901.1,NPR
2026-01-06,ACC0000005377,311701.59,7867.77,30013.71,289555.65,NPR
2026-01-06,ACC0000005378,197885.38,77139.17,13627.65,261396.9,NPR
2026-01-06,ACC0000005379,9902.98,0.0,110232.39,-100329.41,NPR
2026-01-06,ACC0000005380,404665.63,25751.23,7079.95,423336.91,NPR
2026-01-06,ACC0000005381,347239.97,0.0,0.0,347239.97,NPR
2026-01-06,ACC0000005382,104811.3,19278.16,126349.59,-2260.13,NPR
2026-01-06,ACC0000005383,376123.08,0.0,73830.01,302293.07,NPR
2026-01-06,ACC0000005384,480038.61,43582.06,49148.32,474472.35,NPR
2026-01-06,ACC0000005385,494813.56,0.0,25868.77,468944.79,NPR
2026-01-06,ACC0000005386,451475.46,0.0,18788.95,432686.51,NPR
2026-01-06,ACC0000005387,31174.56,0.0,114137.06,-82962.5,NPR
2026-01-06,ACC0000005388,301331.15,0.0,0.0,301331.15,NPR
2026-01-06,ACC0000005389,483107.69,0.0,90550.53,392557.16,NPR
2026-01-06,ACC0000005390,188262.37,0.0,0.0,188262.37,NPR
2026-01-06,ACC0000005391,251127.25,74625.76,45080.43,280672.58,NPR
2026-01-06,ACC0000005392,464231.73,44076.97,28397.25,479911.45,NPR
2026-01-06,ACC0000005393,226969.06,0.0,42042.26,184926.8,NPR
2026-01-06,ACC0000005394,34840.1,259.99,58255.93,-23155.84,NPR
2026-01-06,ACC0000005395,99470.54,0.0,120947.46,-21476.92,NPR
2026-01-06,ACC0000005396,286846.62,4822.98,0.0,291669.6,NPR
2026-01-06,ACC0000005397,340513.23,0.0,43658.66,296854.57,NPR
2026-01-06,ACC0000005398,265479.17,0.0,48969.59,216509.58,NPR
2026-01-06,ACC0000005399,142416.49,0.0,113007.37,29409.12,NPR
2026-01-06,ACC0000005400,103435.89,0.0,29715.02,73720.87,NPR
2026-01-06,ACC0000005401,113947.15,0.0,29127.2,84819.95,NPR
2026-01-06,ACC0000005402,376983.05,0.0,130050.94,246932.11,NPR
2026-01-06,ACC0000005403,11879.69,35268.06,12751.13,34396.62,NPR
2026-01-06,ACC0000005404,6558.2,0.0,39059.66,-32501.46,NPR
2026-01-06,ACC0000005405,157684.06,0.0,15516.92,142167.14,NPR
2026-01-06,ACC0000005406,354501.98,0.0,47100.18,307401.8,NPR
2026-01-06,ACC0000005407,271018.78,0.0,0.0,271018.78,NPR
2026-01-06,ACC0000005408,492548.91,64901.97,86734.11,470716.77,NPR
2026-01-06,ACC0000005409,139742.56,0.0,8991.61,130750.95,NPR
2026-01-06,ACC0000005410,337272.55,0.0,51097.46,286175.09,NPR
2026-01-06,ACC0000005411,12115.46,11829.91,70685.07,-46739.7,NPR
2026-01-06,ACC0000005412,255010.25,0.0,0.0,255010.25,NPR
2026-01-06,ACC0000005413,424776.06,15366.66,19157.0,420985.72,NPR
2026-01-06,ACC0000005414,57221.89,0.0,69981.95,-12760.06,NPR
2026-01-06,ACC0000005415,57030.58,13820.85,20387.5,50463.93,NPR
2026-01-06,ACC0000005416,197952.57,0.0,49909.19,148043.38,NPR
2026-01-06,ACC0000005417,204178.84,0.0,38078.07,166100.77,NPR
2026-01-06,ACC0000005418,40920.36,0.0,0.0,40920.36,NPR
2026-01-06,ACC0000005419,29555.82,0.0,51526.54,-21970.72,NPR
2026-01-06,ACC0000005420,53418.94,0.0,116449.53,-63030.59,NPR
2026-01-06,ACC0000005421,432856.76,0.0,38328.82,394527.94,NPR
2026-01-06,ACC0000005422,193577.45,69.03,42854.56,150791.92,NPR
2026-01-06,ACC0000005423,478022.84,33141.73,127096.04,384068.53,NPR
2026-01-06,ACC0000005424,212001.16,62544.42,107764.46,166781.12,NPR
2026-01-06,ACC0000005425,373648.71,0.0,61659.9,311988.81,NPR
2026-01-06,ACC0000005426,435387.39,0.0,105487.49,329899.9,NPR
2026-01-06,ACC0000005427,72870.17,0.0,0.0,72870.17,NPR
2026-01-06,ACC0000005428,302868.95,0.0,0.0,302868.95,NPR
2026-01-06,ACC0000005429,297241.64,0.0,38560.23,258681.41,NPR
2026-01-06,ACC0000005430,296628.17,9237.53,4364.85,301500.85,NPR
2026-01-06,ACC0000005431,387532.35,0.0,45806.26,341726.09,NPR
2026-01-06,ACC0000005432,191130.56,0.0,43019.31,148111.25,NPR
2026-01-06,ACC0000005433,336070.72,0.0,77267.1,258803.62,NPR
2026-01-06,ACC0000005434,226436.77,0.0,28854.23,197582.54,NPR
2026-01-06,ACC0000005435,186133.48,71814.75,42627.48,215320.75,NPR
2026-01-06,ACC0000005436,187282.64,0.0,0.0,187282.64,NPR
2026-01-06,ACC0000005437,359634.22,6718.69,36486.28,329866.63,NPR
2026-01-06,ACC0000005438,492115.96,0.0,40719.33,451396.63,NPR
2026-01-06,ACC0000005439,80294.34,0.0,0.0,80294.34,NPR
2026-01-06,ACC0000005440,260668.28,0.0,0.0,260668.28,NPR
2026-01-06,ACC0000005441,124682.89,0.0,87863.12,36819.77,NPR
2026-01-06,ACC0000005442,475588.67,0.0,56994.36,418594.31,NPR
2026-01-06,ACC0000005443,439713.43,0.0,0.0,439713.43,NPR
2026-01-06,ACC0000005444,448627.76,0.0,34464.19,414163.57,NPR
2026-01-06,ACC0000005445,441880.91,0.0,0.0,441880.91,NPR
2026-01-06,ACC0000005446,429364.04,0.0,54599.76,374764.28,NPR
2026-01-06,ACC0000005447,93837.45,0.0,98063.87,-4226.42,NPR
2026-01-06,ACC0000005448,133912.84,0.0,51566.36,82346.48,NPR
2026-01-06,ACC0000005449,43577.12,0.0,19035.97,24541.15,NPR
2026-01-06,ACC0000005450,174015.94,83824.8,0.0,257840.74,NPR
2026-01-06,ACC0000005451,453565.59,0.0,114918.66,338646.93,NPR
2026-01-06,ACC0000005452,265279.85,25620.3,121070.0,169830.15,NPR
2026-01-06,ACC0000005453,171174.44,28427.35,15167.36,184434.43,NPR
2026-01-06,ACC0000005454,253497.73,0.0,101103.22,152394.51,NPR
2026-01-06,ACC0000005455,51601.97,14138.89,41005.96,24734.9,NPR
2026-01-06,ACC0000005456,260328.05,23465.93,117520.09,166273.89,NPR
2026-01-06,ACC0000005457,346567.37,0.0,82197.22,264370.15,NPR
2026-01-06,ACC0000005458,74559.86,0.0,0.0,74559.86,NPR
2026-01-06,ACC0000005459,408483.78,0.0,48439.66,360044.12,NPR
2026-01-06,ACC0000005460,372812.77,2261.33,172088.29,202985.81,NPR
2026-01-06,ACC0000005461,174544.85,73056.02,72262.41,175338.46,NPR
2026-01-06,ACC0000005462,85632.61,18864.74,65160.12,39337.23,NPR
2026-01-06,ACC0000005463,66373.17,0.0,0.0,66373.17,NPR
2026-01-06,ACC0000005464,266787.62,0.0,111447.82,155339.8,NPR
2026-01-06,ACC0000005465,406160.32,46801.27,37259.09,415702.5,NPR
2026-01-06,ACC0000005466,254738.16,0.0,27536.64,227201.52,NPR
2026-01-06,ACC0000005467,172548.76,0.0,89713.88,82834.88,NPR
2026-01-06,ACC0000005468,242672.54,0.0,80272.88,162399.66,NPR
2026-01-06,ACC0000005469,456203.91,0.0,47271.32,408932.59,NPR
2026-01-06,ACC0000005470,425704.12,47559.72,22981.11,450282.73,NPR
2026-01-06,ACC0000005471,298927.26,0.0,0.0,298927.26,NPR
2026-01-06,ACC0000005472,147727.79,0.0,156790.79,-9063.0,NPR
2026-01-06,ACC0000005473,182962.33,0.0,45032.51,137929.82,NPR
2026-01-06,ACC0000005474,90028.99,0.0,0.0,90028.99,NPR
2026-01-06,ACC0000005475,20597.65,0.0,26126.61,-5528.96,NPR
2026-01-06,ACC0000005476,474097.46,0.0,0.0,474097.46,NPR
2026-01-06,ACC0000005477,14981.12,13864.57,93877.9,-65032.21,NPR
2026-01-06,ACC0000005478,286105.05,0.0,0.0,286105.05,NPR
2026-01-06,ACC0000005479,133134.77,0.0,0.0,133134.77,NPR
2026-01-06,ACC0000005480,254613.98,0.0,54607.28,200006.7,NPR
2026-01-06,ACC0000005481,195496.28,49371.61,47158.96,197708.93,NPR
2026-01-06,ACC0000005482,303155.31,75810.12,81209.4,297756.03,NPR
2026-01-06,ACC0000005483,11427.74,0.0,55926.26,-44498.52,NPR
2026-01-06,ACC0000005484,90230.4,0.0,66929.77,23300.63,NPR
2026-01-06,ACC0000005485,127613.43,0.0,85261.55,42351.88,NPR
2026-01-06,ACC0000005486,455000.94,39481.28,81223.8,413258.42,NPR
2026-01-06,ACC0000005487,380331.62,0.0,71091.1,309240.52,NPR
2026-01-06,ACC0000005488,2326.04,0.0,0.0,2326.04,NPR
2026-01-06,ACC0000005489,421893.23,0.0,89653.52,332239.71,NPR
2026-01-06,ACC0000005490,166594.66,72169.58,60147.58,178616.66,NPR
2026-01-06,ACC0000005491,119276.68,0.0,114376.68,4900.0,NPR
2026-01-06,ACC0000005492,215602.15,0.0,0.0,215602.15,NPR
2026-01-06,ACC0000005493,479338.65,43625.72,82614.65,440349.72,NPR
2026-01-06,ACC0000005494,18289.08,0.0,176867.86,-158578.78,NPR
2026-01-06,ACC0000005495,336277.07,0.0,85077.1,251199.97,NPR
2026-01-06,ACC0000005496,123349.8,26901.56,143472.78,6778.58,NPR
2026-01-06,ACC0000005497,218017.72,0.0,40149.22,177868.5,NPR
2026-01-06,ACC0000005498,104784.28,0.0,0.0,104784.28,NPR
2026-01-06,ACC0000005499,436334.82,0.0,98549.02,337785.8,NPR
2026-01-06,ACC0000005500,145893.24,0.0,73483.09,72410.15,NPR
2026-01-06,ACC0000005501,435231.91,0.0,43142.15,392089.76,NPR
2026-01-06,ACC0000005502,246989.68,0.0,41715.53,205274.15,NPR
2026-01-06,ACC0000005503,70306.01,11068.79,50836.43,30538.37,NPR
2026-01-06,ACC0000005504,294772.57,9013.62,33223.58,270562.61,NPR
2026-01-06,ACC0000005505,69280.53,0.0,55155.2,14125.33,NPR
2026-01-06,ACC0000005506,227238.04,26617.1,6459.66,247395.48,NPR
2026-01-06,ACC0000005507,294197.36,0.0,49054.17,245143.19,NPR
2026-01-06,ACC0000005508,266975.39,0.0,110700.79,156274.6,NPR
2026-01-06,ACC0000005509,154814.63,0.0,21339.84,133474.79,NPR
2026-01-06,ACC0000005510,452873.2,0.0,0.0,452873.2,NPR
2026-01-06,ACC0000005511,185737.55,0.0,0.0,185737.55,NPR
2026-01-06,ACC0000005512,282719.23,0.0,0.0,282719.23,NPR
2026-01-06,ACC0000005513,400159.46,0.0,89055.14,311104.32,NPR
2026-01-06,ACC0000005514,174589.9,16444.83,35974.17,155060.56,NPR
2026-01-06,ACC0000005515,75034.32,0.0,87701.43,-12667.11,NPR
2026-01-06,ACC0000005516,247166.94,40113.83,61551.02,225729.75,NPR
2026-01-06,ACC0000005517,450476.87,42648.91,32236.02,460889.76,NPR
2026-01-06,ACC0000005518,249158.51,0.0,39937.96,209220.55,NPR
2026-01-06,ACC0000005519,214221.51,30112.52,114163.97,130170.06,NPR
2026-01-06,ACC0000005520,108534.48,0.0,21545.72,86988.76,NPR
2026-01-06,ACC0000005521,427558.48,0.0,48639.18,378919.3,NPR
2026-01-06,ACC0000005522,94381.09,0.0,46001.27,48379.82,NPR
2026-01-06,ACC0000005523,354814.78,16561.11,96188.23,275187.66,NPR
2026-01-06,ACC0000005524,117177.06,37052.66,52807.01,101422.71,NPR
2026-01-06,ACC0000005525,481745.85,0.0,55512.21,426233.64,NPR
2026-01-06,ACC0000005526,390343.25,0.0,0.0,390343.25,NPR
2026-01-06,ACC0000005527,190966.52,0.0,60818.16,130148.36,NPR
2026-01-06,ACC0000005528,217857.5,0.0,0.0,217857.5,NPR
2026-01-06,ACC0000005529,116158.65,0.0,0.0,116158.65,NPR
2026-01-06,ACC0000005530,265810.71,20387.16,0.0,286197.87,NPR
2026-01-06,ACC0000005531,47381.03,1851.32,101559.64,-52327.29,NPR
2026-01-06,ACC0000005532,422053.63,49544.53,7090.03,464508.13,NPR
2026-01-06,ACC0000005533,315346.44,0.0,124376.16,190970.28,NPR
2026-01-06,ACC0000005534,79247.41,0.0,19557.52,59689.89,NPR
2026-01-06,ACC0000005535,121281.73,0.0,0.0,121281.73,NPR
2026-01-06,ACC0000005536,30352.73,34475.65,66725.59,-1897.21,NPR
2026-01-06,ACC0000005537,299619.26,0.0,26158.91,273460.35,NPR
2026-01-06,ACC0000005538,147476.86,0.0,23782.34,123694.52,NPR
2026-01-06,ACC0000005539,437835.15,10171.64,0.0,448006.79,NPR
2026-01-06,ACC0000005540,44200.11,0.0,0.0,44200.11,NPR
2026-01-06,ACC0000005541,109408.62,0.0,160233.14,-50824.52,NPR
2026-01-06,ACC0000005542,496138.76,28086.94,30557.26,493668.44,NPR
2026-01-06,ACC0000005543,210894.2,48646.96,42596.33,216944.83,NPR
2026-01-06,ACC0000005544,251338.89,34599.49,0.0,285938.38,NPR
2026-01-06,ACC0000005545,67993.51,0.0,0.0,67993.51,NPR
2026-01-06,ACC0000005546,101100.11,44672.27,167717.07,-21944.69,NPR
2026-01-06,ACC0000005547,26389.59,0.0,78168.86,-51779.27,NPR
2026-01-06,ACC0000005548,58690.61,0.0,95877.89,-37187.28,NPR
2026-01-06,ACC0000005549,160748.72,24592.99,44308.37,141033.34,NPR
2026-01-06,ACC0000005550,34617.34,0.0,46089.24,-11471.9,NPR
2026-01-06,ACC0000005551,491058.81,0.0,56060.67,434998.14,NPR
2026-01-06,ACC0000005552,365719.69,25744.88,90880.99,300583.58,NPR
2026-01-06,ACC0000005553,387272.51,0.0,0.0,387272.51,NPR
2026-01-06,ACC0000005554,319090.16,0.0,0.0,319090.16,NPR
2026-01-06,ACC0000005555,208989.46,0.0,72687.15,136302.31,NPR
2026-01-06,ACC0000005556,352298.38,0.0,0.0,352298.38,NPR
2026-01-06,ACC0000005557,15464.75,38721.06,99416.35,-45230.54,NPR
2026-01-06,ACC0000005558,436815.33,0.0,78873.07,357942.26,NPR
2026-01-06,ACC0000005559,22754.05,0.0,75195.27,-52441.22,NPR
2026-01-06,ACC0000005560,237314.95,0.0,54717.9,182597.05,NPR
2026-01-06,ACC0000005561,189548.05,0.0,19048.87,170499.18,NPR
2026-01-06,ACC0000005562,276346.69,0.0,0.0,276346.69,NPR
2026-01-06,ACC0000005563,423075.26,0.0,48013.91,375061.35,NPR
2026-01-06,ACC0000005564,152479.9,0.0,59108.08,93371.82,NPR
2026-01-06,ACC0000005565,407274.72,0.0,107047.29,300227.43,NPR
2026-01-06,ACC0000005566,238325.96,0.0,63222.86,175103.1,NPR
2026-01-06,ACC0000005567,19782.06,63943.73,16473.09,67252.7,NPR
2026-01-06,ACC0000005568,35888.2,0.0,80273.62,-44385.42,NPR
2026-01-06,ACC0000005569,79876.9,6808.92,106690.78,-20004.96,NPR
2026-01-06,ACC0000005570,411741.47,0.0,0.0,411741.47,NPR
2026-01-06,ACC0000005571,393065.04,23974.08,84266.25,332772.87,NPR
2026-01-06,ACC0000005572,472031.46,0.0,0.0,472031.46,NPR
2026-01-06,ACC0000005573,139195.22,0.0,0.0,139195.22,NPR
2026-01-06,ACC0000005574,344782.43,0.0,44622.48,300159.95,NPR
2026-01-06,ACC0000005575,83824.71,25780.2,0.0,109604.91,NPR
2026-01-06,ACC0000005576,451290.95,0.0,62332.23,388958.72,NPR
2026-01-06,ACC0000005577,7952.11,13709.21,59366.09,-37704.77,NPR
2026-01-06,ACC0000005578,174752.06,0.0,27603.75,147148.31,NPR
2026-01-06,ACC0000005579,218361.07,22325.04,35350.87,205335.24,NPR
2026-01-06,ACC0000005580,477588.76,0.0,0.0,477588.76,NPR
2026-01-06,ACC0000005581,52659.2,32999.06,0.0,85658.26,NPR
2026-01-06,ACC0000005582,208878.61,0.0,13615.25,195263.36,NPR
2026-01-06,ACC0000005583,359747.26,0.0,0.0,359747.26,NPR
2026-01-06,ACC0000005584,47686.28,0.0,105844.79,-58158.51,NPR
2026-01-06,ACC0000005585,151241.64,0.0,129110.26,22131.38,NPR
2026-01-06,ACC0000005586,494150.27,0.0,0.0,494150.27,NPR
2026-01-06,ACC0000005587,453479.39,14818.75,152712.83,315585.31,NPR
2026-01-06,ACC0000005588,303389.62,0.0,46113.61,257276.01,NPR
2026-01-06,ACC0000005589,374944.8,0.0,0.0,374944.8,NPR
2026-01-06,ACC0000005590,456764.77,0.0,39606.84,417157.93,NPR
2026-01-06,ACC0000005591,379085.35,0.0,148763.27,230322.08,NPR
2026-01-06,ACC0000005592,149669.85,0.0,19161.0,130508.85,NPR
2026-01-06,ACC0000005593,122584.06,0.0,29969.98,92614.08,NPR
2026-01-06,ACC0000005594,145448.15,0.0,0.0,145448.15,NPR
2026-01-06,ACC0000005595,199061.66,0.0,27371.39,171690.27,NPR
2026-01-06,ACC0000005596,204519.75,0.0,49863.72,154656.03,NPR
2026-01-06,ACC0000005597,96787.67,0.0,54969.83,41817.84,NPR
2026-01-06,ACC0000005598,429802.51,37134.57,55543.17,411393.91,NPR
2026-01-06,ACC0000005599,431962.03,0.0,104048.55,327913.48,NPR
2026-01-06,ACC0000005600,435251.4,0.0,77255.74,357995.66,NPR
2026-01-06,ACC0000005601,380456.53,0.0,35256.63,345199.9,NPR
2026-01-06,ACC0000005602,108146.59,25108.5,29977.62,103277.47,NPR
2026-01-06,ACC0000005603,407596.29,38847.34,7930.92,438512.71,NPR
2026-01-06,ACC0000005604,135518.54,0.0,36874.57,98643.97,NPR
2026-01-06,ACC0000005605,364060.47,12019.98,56749.94,319330.51,NPR
2026-01-06,ACC0000005606,168616.24,30617.02,96874.8,102358.46,NPR
2026-01-06,ACC0000005607,115144.05,0.0,0.0,115144.05,NPR
2026-01-06,ACC0000005608,204452.28,0.0,4487.56,199964.72,NPR
2026-01-06,ACC0000005609,346104.9,37859.3,0.0,383964.2,NPR
2026-01-06,ACC0000005610,432240.46,18016.6,29325.38,420931.68,NPR
2026-01-06,ACC0000005611,338650.01,0.0,23240.27,315409.74,NPR
2026-01-06,ACC0000005612,39984.69,0.0,0.0,39984.69,NPR
2026-01-06,ACC0000005613,371532.71,19157.82,75330.05,315360.48,NPR
2026-01-06,ACC0000005614,377316.3,21902.01,35848.2,363370.11,NPR
2026-01-06,ACC0000005615,231578.71,0.0,14398.39,217180.32,NPR
2026-01-06,ACC0000005616,156700.61,0.0,12293.36,144407.25,NPR
2026-01-06,ACC0000005617,64753.88,0.0,39961.36,24792.52,NPR
2026-01-06,ACC0000005618,475827.92,615.55,67298.84,409144.63,NPR
2026-01-06,ACC0000005619,2431.92,446.78,39125.93,-36247.23,NPR
2026-01-06,ACC0000005620,428933.57,0.0,149238.39,279695.18,NPR
2026-01-06,ACC0000005621,307367.95,23311.85,0.0,330679.8,NPR
2026-01-06,ACC0000005622,305194.94,0.0,0.0,305194.94,NPR
2026-01-06,ACC0000005623,136828.89,53338.91,0.0,190167.8,NPR
2026-01-06,ACC0000005624,289243.54,19819.66,7380.8,301682.4,NPR
2026-01-06,ACC0000005625,124271.5,0.0,136741.51,-12470.01,NPR
2026-01-06,ACC0000005626,213240.86,0.0,116028.76,97212.1,NPR
2026-01-06,ACC0000005627,168325.26,0.0,39529.04,128796.22,NPR
2026-01-06,ACC0000005628,268781.8,60559.29,67384.69,261956.4,NPR
2026-01-06,ACC0000005629,476113.72,0.0,47678.05,428435.67,NPR
2026-01-06,ACC0000005630,381343.5,0.0,162520.27,218823.23,NPR
2026-01-06,ACC0000005631,232690.69,0.0,6077.74,226612.95,NPR
2026-01-06,ACC0000005632,365380.46,0.0,149154.91,216225.55,NPR
2026-01-06,ACC0000005633,268040.17,0.0,10825.8,257214.37,NPR
2026-01-06,ACC0000005634,390089.97,23400.43,37127.64,376362.76,NPR
2026-01-06,ACC0000005635,357932.76,0.0,0.0,357932.76,NPR
2026-01-06,ACC0000005636,280867.13,40068.97,0.0,320936.1,NPR
2026-01-06,ACC0000005637,28045.52,0.0,56365.04,-28319.52,NPR
2026-01-06,ACC0000005638,52838.84,37316.02,113856.53,-23701.67,NPR
2026-01-06,ACC0000005639,372744.69,0.0,26350.57,346394.12,NPR
2026-01-06,ACC0000005640,363741.19,0.0,44062.12,319679.07,NPR
2026-01-06,ACC0000005641,52288.46,0.0,64608.95,-12320.49,NPR
2026-01-06,ACC0000005642,366348.24,0.0,17158.49,349189.75,NPR
2026-01-06,ACC0000005643,130383.18,33471.59,119672.26,44182.51,NPR
2026-01-06,ACC0000005644,358060.66,0.0,48110.5,309950.16,NPR
2026-01-06,ACC0000005645,63141.43,0.0,7877.3,55264.13,NPR
2026-01-06,ACC0000005646,484090.5,0.0,0.0,484090.5,NPR
2026-01-06,ACC0000005647,98030.13,79293.24,70523.6,106799.77,NPR
2026-01-06,ACC0000005648,312522.57,0.0,14325.77,298196.8,NPR
2026-01-06,ACC0000005649,327780.06,41639.16,46374.94,323044.28,NPR
2026-01-06,ACC0000005650,171203.55,0.0,23091.0,148112.55,NPR
2026-01-06,ACC0000005651,330634.07,0.0,74035.47,256598.6,NPR
2026-01-06,ACC0000005652,88948.82,0.0,11132.8,77816.02,NPR
2026-01-06,ACC0000005653,201477.12,0.0,28410.1,173067.02,NPR
2026-01-06,ACC0000005654,118941.61,95782.53,14039.14,200685.0,NPR
2026-01-06,ACC0000005655,82431.76,0.0,80625.17,1806.59,NPR
2026-01-06,ACC0000005656,82908.43,14429.75,21454.9,75883.28,NPR
2026-01-06,ACC0000005657,408877.89,30456.49,110331.42,329002.96,NPR
2026-01-06,ACC0000005658,93264.25,5329.99,68256.3,30337.94,NPR
2026-01-06,ACC0000005659,266670.26,10755.44,148911.17,128514.53,NPR
2026-01-06,ACC0000005660,399260.01,0.0,174664.51,224595.5,NPR
2026-01-06,ACC0000005661,211544.12,3546.99,87314.42,127776.69,NPR
2026-01-06,ACC0000005662,38441.66,38651.85,61429.04,15664.47,NPR
2026-01-06,ACC0000005663,206748.68,0.0,102841.67,103907.01,NPR
2026-01-06,ACC0000005664,380915.15,0.0,0.0,380915.15,NPR
2026-01-06,ACC0000005665,458954.84,38154.5,147566.41,349542.93,NPR
2026-01-06,ACC0000005666,497512.5,0.0,0.0,497512.5,NPR
2026-01-06,ACC0000005667,163195.13,0.0,37154.47,126040.66,NPR
2026-01-06,ACC0000005668,26372.42,0.0,0.0,26372.42,NPR
2026-01-06,ACC0000005669,451281.04,0.0,0.0,451281.04,NPR
2026-01-06,ACC0000005670,150003.91,0.0,80732.64,69271.27,NPR
2026-01-06,ACC0000005671,237418.01,32952.71,72233.13,198137.59,NPR
2026-01-06,ACC0000005672,337390.63,0.0,65244.55,272146.08,NPR
2026-01-06,ACC0000005673,103552.63,0.0,54886.66,48665.97,NPR
2026-01-06,ACC0000005674,195388.93,17298.82,72101.44,140586.31,NPR
2026-01-06,ACC0000005675,146006.01,0.0,91241.37,54764.64,NPR
2026-01-06,ACC0000005676,472392.78,34521.67,90888.06,416026.39,NPR
2026-01-06,ACC0000005677,355970.89,0.0,114164.25,241806.64,NPR
2026-01-06,ACC0000005678,322389.62,0.0,0.0,322389.62,NPR
2026-01-06,ACC0000005679,150591.83,0.0,0.0,150591.83,NPR
2026-01-06,ACC0000005680,271651.48,0.0,0.0,271651.48,NPR
2026-01-06,ACC0000005681,476260.07,0.0,0.0,476260.07,NPR
2026-01-06,ACC0000005682,6129.4,19674.52,47507.69,-21703.77,NPR
2026-01-06,ACC0000005683,210355.5,0.0,27559.59,182795.91,NPR
2026-01-06,ACC0000005684,300162.89,21957.5,11781.63,310338.76,NPR
2026-01-06,ACC0000005685,465739.32,13741.68,0.0,479481.0,NPR
2026-01-06,ACC0000005686,326884.29,37420.97,85397.04,278908.22,NPR
2026-01-06,ACC0000005687,336582.22,34885.88,113830.82,257637.28,NPR
2026-01-06,ACC0000005688,432450.87,0.0,179632.39,252818.48,NPR
2026-01-06,ACC0000005689,44948.65,0.0,65792.14,-20843.49,NPR
2026-01-06,ACC0000005690,260704.58,0.0,41667.02,219037.56,NPR
2026-01-06,ACC0000005691,462314.98,3026.48,85836.33,379505.13,NPR
2026-01-06,ACC0000005692,304881.8,26462.64,73757.61,257586.83,NPR
2026-01-06,ACC0000005693,407973.7,44235.59,24696.71,427512.58,NPR
2026-01-06,ACC0000005694,162184.22,78455.36,75931.96,164707.62,NPR
2026-01-06,ACC0000005695,100651.67,0.0,0.0,100651.67,NPR
2026-01-06,ACC0000005696,132571.21,31926.5,35474.43,129023.28,NPR
2026-01-06,ACC0000005697,71912.83,38764.69,35711.56,74965.96,NPR
2026-01-06,ACC0000005698,131963.67,0.0,70633.65,61330.02,NPR
2026-01-06,ACC0000005699,493846.61,13697.82,31655.76,475888.67,NPR
2026-01-06,ACC0000005700,15184.06,0.0,117395.87,-102211.81,NPR
2026-01-06,ACC0000005701,44743.65,0.0,59026.11,-14282.46,NPR
2026-01-06,ACC0000005702,100483.14,0.0,52491.96,47991.18,NPR
2026-01-06,ACC0000005703,415883.24,0.0,0.0,415883.24,NPR
2026-01-06,ACC0000005704,424191.52,24846.91,44915.92,404122.51,NPR
2026-01-06,ACC0000005705,201235.64,0.0,38973.35,162262.29,NPR
2026-01-06,ACC0000005706,476090.78,0.0,71145.62,404945.16,NPR
2026-01-06,ACC0000005707,225653.35,0.0,32684.7,192968.65,NPR
2026-01-06,ACC0000005708,29376.88,0.0,55336.36,-25959.48,NPR
2026-01-06,ACC0000005709,495740.09,18110.7,85970.89,427879.9,NPR
2026-01-06,ACC0000005710,178166.49,0.0,45458.78,132707.71,NPR
2026-01-06,ACC0000005711,481583.61,0.0,0.0,481583.61,NPR
2026-01-06,ACC0000005712,39781.96,0.0,74161.64,-34379.68,NPR
2026-01-06,ACC0000005713,63524.07,0.0,2005.93,61518.14,NPR
2026-01-06,ACC0000005714,407414.91,0.0,164319.68,243095.23,NPR
2026-01-06,ACC0000005715,461135.28,0.0,23673.27,437462.01,NPR
2026-01-06,ACC0000005716,221419.2,0.0,82360.62,139058.58,NPR
2026-01-06,ACC0000005717,269761.98,0.0,38682.25,231079.73,NPR
2026-01-06,ACC0000005718,365222.04,62135.1,0.0,427357.14,NPR
2026-01-06,ACC0000005719,78266.63,0.0,64776.49,13490.14,NPR
2026-01-06,ACC0000005720,364801.56,0.0,19339.22,345462.34,NPR
2026-01-06,ACC0000005721,90647.43,0.0,34493.66,56153.77,NPR
2026-01-06,ACC0000005722,432717.4,0.0,0.0,432717.4,NPR
2026-01-06,ACC0000005723,223255.87,0.0,0.0,223255.87,NPR
2026-01-06,ACC0000005724,198973.81,13447.93,42228.13,170193.61,NPR
2026-01-06,ACC0000005725,2263.75,41935.8,72276.9,-28077.35,NPR
2026-01-06,ACC0000005726,266010.22,0.0,28201.89,237808.33,NPR
2026-01-06,ACC0000005727,266593.86,0.0,111753.6,154840.26,NPR
2026-01-06,ACC0000005728,454843.37,0.0,0.0,454843.37,NPR
2026-01-06,ACC0000005729,428135.79,38755.79,33287.47,433604.11,NPR
2026-01-06,ACC0000005730,129752.96,0.0,72296.39,57456.57,NPR
2026-01-06,ACC0000005731,283963.53,0.0,42937.9,241025.63,NPR
2026-01-06,ACC0000005732,296677.69,0.0,0.0,296677.69,NPR
2026-01-06,ACC0000005733,400030.39,0.0,147606.17,252424.22,NPR
2026-01-06,ACC0000005734,138738.07,19068.24,2331.85,155474.46,NPR
2026-01-06,ACC0000005735,335671.05,0.0,0.0,335671.05,NPR
2026-01-06,ACC0000005736,373695.52,14793.53,124165.92,264323.13,NPR
2026-01-06,ACC0000005737,1588.35,40873.8,99374.77,-56912.62,NPR
2026-01-06,ACC0000005738,441541.31,0.0,54608.57,386932.74,NPR
2026-01-06,ACC0000005739,482544.62,73745.52,0.0,556290.14,NPR
2026-01-06,ACC0000005740,95090.36,36435.14,11052.78,120472.72,NPR
2026-01-06,ACC0000005741,440902.51,40533.77,71286.69,410149.59,NPR
2026-01-06,ACC0000005742,301501.76,0.0,36743.08,264758.68,NPR
2026-01-06,ACC0000005743,384194.63,0.0,0.0,384194.63,NPR
2026-01-06,ACC0000005744,25181.18,0.0,9498.28,15682.9,NPR
2026-01-06,ACC0000005745,116394.04,0.0,25832.26,90561.78,NPR
2026-01-06,ACC0000005746,113228.99,45199.08,23808.74,134619.33,NPR
2026-01-06,ACC0000005747,447406.8,0.0,15411.42,431995.38,NPR
2026-01-06,ACC0000005748,58752.25,70416.67,33349.68,95819.24,NPR
2026-01-06,ACC0000005749,313142.06,49833.43,42366.31,320609.18,NPR
2026-01-06,ACC0000005750,128299.19,30615.14,26177.5,132736.83,NPR
2026-01-06,ACC0000005751,487780.17,0.0,41607.6,446172.57,NPR
2026-01-06,ACC0000005752,327911.44,0.0,69662.4,258249.04,NPR
2026-01-06,ACC0000005753,288387.21,0.0,0.0,288387.21,NPR
2026-01-06,ACC0000005754,447649.96,29082.81,65198.84,411533.93,NPR
2026-01-06,ACC0000005755,364516.25,35985.91,24925.27,375576.89,NPR
2026-01-06,ACC0000005756,68569.51,5947.94,43310.46,31206.99,NPR
2026-01-06,ACC0000005757,83332.83,0.0,63083.87,20248.96,NPR
2026-01-06,ACC0000005758,77935.34,0.0,11020.4,66914.94,NPR
2026-01-06,ACC0000005759,116653.83,0.0,42198.55,74455.28,NPR
2026-01-06,ACC0000005760,274087.77,41037.81,0.0,315125.58,NPR
2026-01-06,ACC0000005761,280821.96,38616.65,89866.86,229571.75,NPR
2026-01-06,ACC0000005762,270225.57,0.0,51997.62,218227.95,NPR
2026-01-06,ACC0000005763,295552.55,0.0,75307.5,220245.05,NPR
2026-01-06,ACC0000005764,447269.33,0.0,73752.01,373517.32,NPR
2026-01-06,ACC0000005765,326802.7,0.0,54586.85,272215.85,NPR
2026-01-06,ACC0000005766,488120.75,13647.93,32133.96,469634.72,NPR
2026-01-06,ACC0000005767,397779.02,0.0,91893.06,305885.96,NPR
2026-01-06,ACC0000005768,286587.29,0.0,29938.15,256649.14,NPR
2026-01-06,ACC0000005769,58960.06,0.0,138726.2,-79766.14,NPR
2026-01-06,ACC0000005770,95188.93,12221.89,51611.36,55799.46,NPR
2026-01-06,ACC0000005771,181834.33,0.0,48646.46,133187.87,NPR
2026-01-06,ACC0000005772,1363.72,0.0,45772.05,-44408.33,NPR
2026-01-06,ACC0000005773,431056.01,41773.53,12968.4,459861.14,NPR
2026-01-06,ACC0000005774,312270.36,0.0,118132.21,194138.15,NPR
2026-01-06,ACC0000005775,256291.38,0.0,95368.76,160922.62,NPR
2026-01-06,ACC0000005776,457573.45,10680.07,171982.88,296270.64,NPR
2026-01-06,ACC0000005777,87826.3,0.0,0.0,87826.3,NPR
2026-01-06,ACC0000005778,333199.64,67246.7,58518.25,341928.09,NPR
2026-01-06,ACC0000005779,492438.66,39216.91,43952.92,487702.65,NPR
2026-01-06,ACC0000005780,340499.3,0.0,0.0,340499.3,NPR
2026-01-06,ACC0000005781,160909.19,21982.72,11891.72,171000.19,NPR
2026-01-06,ACC0000005782,25372.09,0.0,141912.21,-116540.12,NPR
2026-01-06,ACC0000005783,49622.67,11620.44,40114.45,21128.66,NPR
2026-01-06,ACC0000005784,303788.68,47187.66,58834.8,292141.54,NPR
2026-01-06,ACC0000005785,415873.67,0.0,3189.23,412684.44,NPR
2026-01-06,ACC0000005786,60147.71,19097.3,80079.89,-834.88,NPR
2026-01-06,ACC0000005787,125931.8,1950.42,69757.24,58124.98,NPR
2026-01-06,ACC0000005788,120812.02,47102.04,47676.6,120237.46,NPR
2026-01-06,ACC0000005789,276505.04,0.0,0.0,276505.04,NPR
2026-01-06,ACC0000005790,469836.22,0.0,8530.75,461305.47,NPR
2026-01-06,ACC0000005791,440818.51,0.0,54990.73,385827.78,NPR
2026-01-06,ACC0000005792,233646.69,32975.06,6546.92,260074.83,NPR
2026-01-06,ACC0000005793,267515.01,0.0,92508.96,175006.05,NPR
2026-01-06,ACC0000005794,491334.68,15824.77,28788.76,478370.69,NPR
2026-01-06,ACC0000005795,231092.69,30473.94,12201.0,249365.63,NPR
2026-01-06,ACC0000005796,202412.79,0.0,0.0,202412.79,NPR
2026-01-06,ACC0000005797,392412.42,0.0,65835.78,326576.64,NPR
2026-01-06,ACC0000005798,200978.72,62498.43,48828.18,214648.97,NPR
2026-01-06,ACC0000005799,454317.12,0.0,0.0,454317.12,NPR
2026-01-06,ACC0000005800,142206.32,0.0,33088.11,109118.21,NPR
2026-01-06,ACC0000005801,42266.59,48300.73,29816.34,60750.98,NPR
2026-01-06,ACC0000005802,367830.33,0.0,0.0,367830.33,NPR
2026-01-06,ACC0000005803,269034.54,0.0,78695.95,190338.59,NPR
2026-01-06,ACC0000005804,122111.41,0.0,0.0,122111.41,NPR
2026-01-06,ACC0000005805,418361.8,19660.98,3642.18,434380.6,NPR
2026-01-06,ACC0000005806,175325.0,57409.49,37608.38,195126.11,NPR
2026-01-06,ACC0000005807,445038.91,0.0,61257.37,383781.54,NPR
2026-01-06,ACC0000005808,63999.78,0.0,65775.59,-1775.81,NPR
2026-01-06,ACC0000005809,38929.55,30545.81,84478.12,-15002.76,NPR
2026-01-06,ACC0000005810,225385.1,0.0,47952.3,177432.8,NPR
2026-01-06,ACC0000005811,125923.53,0.0,102888.7,23034.83,NPR
2026-01-06,ACC0000005812,300163.39,21294.41,39691.32,281766.48,NPR
2026-01-06,ACC0000005813,224111.31,0.0,64182.03,159929.28,NPR
2026-01-06,ACC0000005814,26608.58,39414.03,63443.4,2579.21,NPR
2026-01-06,ACC0000005815,103883.62,0.0,14253.44,89630.18,NPR
2026-01-06,ACC0000005816,302053.56,2774.85,87257.04,217571.37,NPR
2026-01-06,ACC0000005817,465681.15,38780.4,78737.28,425724.27,NPR
2026-01-06,ACC0000005818,46637.3,80017.61,64637.52,62017.39,NPR
2026-01-06,ACC0000005819,55344.55,0.0,71280.62,-15936.07,NPR
2026-01-06,ACC0000005820,446590.75,0.0,70945.74,375645.01,NPR
2026-01-06,ACC0000005821,28194.38,0.0,0.0,28194.38,NPR
2026-01-06,ACC0000005822,369626.08,0.0,23380.76,346245.32,NPR
2026-01-06,ACC0000005823,1967.74,0.0,0.0,1967.74,NPR
2026-01-06,ACC0000005824,453126.43,0.0,117414.01,335712.42,NPR
2026-01-06,ACC0000005825,145495.67,90082.11,77452.47,158125.31,NPR
2026-01-06,ACC0000005826,50910.16,0.0,0.0,50910.16,NPR
2026-01-06,ACC0000005827,161229.29,51049.15,43703.93,168574.51,NPR
2026-01-06,ACC0000005828,468828.82,8723.83,82179.59,395373.06,NPR
2026-01-06,ACC0000005829,476985.3,0.0,42419.66,434565.64,NPR
2026-01-06,ACC0000005830,80492.91,0.0,88454.29,-7961.38,NPR
2026-01-06,ACC0000005831,118069.2,0.0,69275.59,48793.61,NPR
2026-01-06,ACC0000005832,201928.08,0.0,0.0,201928.08,NPR
2026-01-06,ACC0000005833,222423.67,45495.12,7725.63,260193.16,NPR
2026-01-06,ACC0000005834,384255.48,0.0,119633.43,264622.05,NPR
2026-01-06,ACC0000005835,220114.1,0.0,0.0,220114.1,NPR
2026-01-06,ACC0000005836,479230.72,5676.39,96838.42,388068.69,NPR
2026-01-06,ACC0000005837,166447.27,0.0,126376.81,40070.46,NPR
2026-01-06,ACC0000005838,313353.34,17643.26,2120.67,328875.93,NPR
2026-01-06,ACC0000005839,288732.53,0.0,0.0,288732.53,NPR
2026-01-06,ACC0000005840,342045.06,30683.0,0.0,372728.06,NPR
2026-01-06,ACC0000005841,320864.94,0.0,31177.31,289687.63,NPR
2026-01-06,ACC0000005842,350251.87,0.0,3768.68,346483.19,NPR
2026-01-06,ACC0000005843,275379.53,0.0,0.0,275379.53,NPR
2026-01-06,ACC0000005844,157543.36,0.0,8029.0,149514.36,NPR
2026-01-06,ACC0000005845,207082.92,128914.19,60735.23,275261.88,NPR
2026-01-06,ACC0000005846,280691.48,0.0,0.0,280691.48,NPR
2026-01-06,ACC0000005847,219598.49,49804.56,24981.04,244422.01,NPR
2026-01-06,ACC0000005848,142980.2,0.0,0.0,142980.2,NPR
2026-01-06,ACC0000005849,192091.53,0.0,0.0,192091.53,NPR
2026-01-06,ACC0000005850,123278.52,0.0,0.0,123278.52,NPR
2026-01-06,ACC0000005851,342756.23,0.0,35564.93,307191.3,NPR
2026-01-06,ACC0000005852,287617.65,0.0,0.0,287617.65,NPR
2026-01-06,ACC0000005853,403263.85,49465.67,59851.35,392878.17,NPR
2026-01-06,ACC0000005854,90896.91,0.0,31747.25,59149.66,NPR
2026-01-06,ACC0000005855,365290.77,0.0,0.0,365290.77,NPR
2026-01-06,ACC0000005856,92695.04,0.0,0.0,92695.04,NPR
2026-01-06,ACC0000005857,305161.78,42131.37,50363.51,296929.64,NPR
2026-01-06,ACC0000005858,107430.19,0.0,97306.92,10123.27,NPR
2026-01-06,ACC0000005859,250441.7,17742.16,35201.33,232982.53,NPR
2026-01-06,ACC0000005860,37059.07,0.0,42766.35,-5707.28,NPR
2026-01-06,ACC0000005861,6525.66,23145.95,62300.84,-32629.23,NPR
2026-01-06,ACC0000005862,166440.0,9465.77,33849.15,142056.62,NPR
2026-01-06,ACC0000005863,477280.48,15314.72,41411.89,451183.31,NPR
2026-01-06,ACC0000005864,52504.64,47196.83,45568.24,54133.23,NPR
2026-01-06,ACC0000005865,470446.77,0.0,0.0,470446.77,NPR
2026-01-06,ACC0000005866,433589.03,0.0,43078.57,390510.46,NPR
2026-01-06,ACC0000005867,422227.36,0.0,75060.9,347166.46,NPR
2026-01-06,ACC0000005868,215686.55,54750.52,75916.91,194520.16,NPR
2026-01-06,ACC0000005869,419319.43,26728.69,32401.3,413646.82,NPR
2026-01-06,ACC0000005870,331379.24,0.0,0.0,331379.24,NPR
2026-01-06,ACC0000005871,377408.23,0.0,0.0,377408.23,NPR
2026-01-06,ACC0000005872,218223.23,0.0,50348.86,167874.37,NPR
2026-01-06,ACC0000005873,327805.15,0.0,146720.19,181084.96,NPR
2026-01-06,ACC0000005874,443221.62,0.0,78533.43,364688.19,NPR
2026-01-06,ACC0000005875,147201.79,0.0,72565.49,74636.3,NPR
2026-01-06,ACC0000005876,389390.3,0.0,0.0,389390.3,NPR
2026-01-06,ACC0000005877,284045.23,0.0,0.0,284045.23,NPR
2026-01-06,ACC0000005878,439719.2,0.0,3440.83,436278.37,NPR
2026-01-06,ACC0000005879,282366.28,0.0,0.0,282366.28,NPR
2026-01-06,ACC0000005880,336988.64,0.0,63818.87,273169.77,NPR
2026-01-06,ACC0000005881,479239.51,0.0,56512.99,422726.52,NPR
2026-01-06,ACC0000005882,403662.85,0.0,0.0,403662.85,NPR
2026-01-06,ACC0000005883,298163.75,0.0,0.0,298163.75,NPR
2026-01-06,ACC0000005884,58623.48,0.0,0.0,58623.48,NPR
2026-01-06,ACC0000005885,307351.24,44813.96,127869.2,224296.0,NPR
2026-01-06,ACC0000005886,301892.1,34090.02,25823.62,310158.5,NPR
2026-01-06,ACC0000005887,306260.74,20429.03,32280.97,294408.8,NPR
2026-01-06,ACC0000005888,31515.19,2341.05,17820.31,16035.93,NPR
2026-01-06,ACC0000005889,422427.41,22547.36,57946.53,387028.24,NPR
2026-01-06,ACC0000005890,24522.66,6171.94,32937.72,-2243.12,NPR
2026-01-06,ACC0000005891,402591.96,0.0,47368.92,355223.04,NPR
2026-01-06,ACC0000005892,289757.5,0.0,0.0,289757.5,NPR
2026-01-06,ACC0000005893,111334.41,0.0,0.0,111334.41,NPR
2026-01-06,ACC0000005894,472213.3,0.0,52850.05,419363.25,NPR
2026-01-06,ACC0000005895,333694.89,0.0,60797.64,272897.25,NPR
2026-01-06,ACC0000005896,152973.04,0.0,53118.54,99854.5,NPR
2026-01-06,ACC0000005897,188438.3,0.0,25028.45,163409.85,NPR
2026-01-06,ACC0000005898,486816.61,0.0,14504.44,472312.17,NPR
2026-01-06,ACC0000005899,9970.36,0.0,43639.62,-33669.26,NPR
2026-01-06,ACC0000005900,76328.47,0.0,0.0,76328.47,NPR
2026-01-06,ACC0000005901,144631.39,0.0,45901.71,98729.68,NPR
2026-01-06,ACC0000005902,349963.21,0.0,0.0,349963.21,NPR
2026-01-06,ACC0000005903,247169.41,0.0,0.0,247169.41,NPR
2026-01-06,ACC0000005904,376985.19,0.0,0.0,376985.19,NPR
2026-01-06,ACC0000005905,295875.21,0.0,0.0,295875.21,NPR
2026-01-06,ACC0000005906,170075.47,0.0,24881.46,145194.01,NPR
2026-01-06,ACC0000005907,486029.21,0.0,89972.2,396057.01,NPR
2026-01-06,ACC0000005908,152399.2,0.0,50379.0,102020.2,NPR
2026-01-06,ACC0000005909,226227.66,0.0,73888.47,152339.19,NPR
2026-01-06,ACC0000005910,434600.29,0.0,104944.79,329655.5,NPR
2026-01-06,ACC0000005911,65744.46,0.0,17263.71,48480.75,NPR
2026-01-06,ACC0000005912,14588.1,2603.9,0.0,17192.0,NPR
2026-01-06,ACC0000005913,281985.8,11784.36,0.0,293770.16,NPR
2026-01-06,ACC0000005914,141245.09,0.0,40617.19,100627.9,NPR
2026-01-06,ACC0000005915,5980.37,0.0,21662.47,-15682.1,NPR
2026-01-06,ACC0000005916,84991.92,29391.94,87998.79,26385.07,NPR
2026-01-06,ACC0000005917,187790.31,26556.53,55294.95,159051.89,NPR
2026-01-06,ACC0000005918,398917.1,0.0,0.0,398917.1,NPR
2026-01-06,ACC0000005919,257028.12,0.0,0.0,257028.12,NPR
2026-01-06,ACC0000005920,389840.48,46577.72,0.0,436418.2,NPR
2026-01-06,ACC0000005921,26982.39,45792.9,26865.81,45909.48,NPR
2026-01-06,ACC0000005922,447165.93,0.0,65943.44,381222.49,NPR
2026-01-06,ACC0000005923,49358.82,9162.21,82092.39,-23571.36,NPR
2026-01-06,ACC0000005924,226472.15,0.0,81204.42,145267.73,NPR
2026-01-06,ACC0000005925,174397.17,18424.62,28349.97,164471.82,NPR
2026-01-06,ACC0000005926,269322.88,56827.64,144750.59,181399.93,NPR
2026-01-06,ACC0000005927,113272.38,0.0,118610.87,-5338.49,NPR
2026-01-06,ACC0000005928,495109.23,73930.12,55857.36,513181.99,NPR
2026-01-06,ACC0000005929,21176.43,0.0,0.0,21176.43,NPR
2026-01-06,ACC0000005930,3201.19,0.0,44912.55,-41711.36,NPR
2026-01-06,ACC0000005931,388195.83,0.0,6991.43,381204.4,NPR
2026-01-06,ACC0000005932,22098.74,0.0,139448.07,-117349.33,NPR
2026-01-06,ACC0000005933,497608.26,0.0,112948.4,384659.86,NPR
2026-01-06,ACC0000005934,352519.67,0.0,0.0,352519.67,NPR
2026-01-06,ACC0000005935,212351.93,0.0,122937.73,89414.2,NPR
2026-01-06,ACC0000005936,358173.62,3114.88,28346.79,332941.71,NPR
2026-01-06,ACC0000005937,365117.76,0.0,0.0,365117.76,NPR
2026-01-06,ACC0000005938,324110.72,0.0,0.0,324110.72,NPR
2026-01-06,ACC0000005939,98766.47,0.0,107321.34,-8554.87,NPR
2026-01-06,ACC0000005940,342118.94,43455.53,8063.37,377511.1,NPR
2026-01-06,ACC0000005941,49027.42,0.0,108488.97,-59461.55,NPR
2026-01-06,ACC0000005942,232483.31,0.0,17264.02,215219.29,NPR
2026-01-06,ACC0000005943,87479.25,44386.48,0.0,131865.73,NPR
2026-01-06,ACC0000005944,100073.23,0.0,919.72,99153.51,NPR
2026-01-06,ACC0000005945,267027.47,26995.48,117454.96,176567.99,NPR
2026-01-06,ACC0000005946,105988.65,0.0,0.0,105988.65,NPR
2026-01-06,ACC0000005947,6519.65,0.0,72471.86,-65952.21,NPR
2026-01-06,ACC0000005948,239142.94,22336.58,99457.86,162021.66,NPR
2026-01-06,ACC0000005949,173104.05,23609.61,44928.91,151784.75,NPR
2026-01-06,ACC0000005950,397747.14,24450.47,62228.14,359969.47,NPR
2026-01-06,ACC0000005951,335971.27,0.0,0.0,335971.27,NPR
2026-01-06,ACC0000005952,166074.09,6734.31,0.0,172808.4,NPR
2026-01-06,ACC0000005953,178259.53,0.0,34382.34,143877.19,NPR
2026-01-06,ACC0000005954,201578.25,0.0,12110.71,189467.54,NPR
2026-01-06,ACC0000005955,72501.77,0.0,48205.42,24296.35,NPR
2026-01-06,ACC0000005956,271026.04,0.0,0.0,271026.04,NPR
2026-01-06,ACC0000005957,27878.25,45094.82,52638.5,20334.57,NPR
2026-01-06,ACC0000005958,109962.15,0.0,42067.59,67894.56,NPR
2026-01-06,ACC0000005959,56433.13,0.0,20676.44,35756.69,NPR
2026-01-06,ACC0000005960,467048.96,0.0,42267.41,424781.55,NPR
2026-01-06,ACC0000005961,322428.72,0.0,0.0,322428.72,NPR
2026-01-06,ACC0000005962,76823.08,836.41,33362.91,44296.58,NPR
2026-01-06,ACC0000005963,331742.22,22997.4,105290.86,249448.76,NPR
2026-01-06,ACC0000005964,222074.48,68611.89,141842.41,148843.96,NPR
2026-01-06,ACC0000005965,74523.78,0.0,13074.58,61449.2,NPR
2026-01-06,ACC0000005966,454200.65,0.0,13622.14,440578.51,NPR
2026-01-06,ACC0000005967,219296.21,34017.32,81724.36,171589.17,NPR
2026-01-06,ACC0000005968,407230.86,0.0,124411.98,282818.88,NPR
2026-01-06,ACC0000005969,381912.2,712.33,56787.15,325837.38,NPR
2026-01-06,ACC0000005970,430200.6,22118.82,59506.16,392813.26,NPR
2026-01-06,ACC0000005971,330665.44,0.0,40747.13,289918.31,NPR
2026-01-06,ACC0000005972,391990.49,0.0,0.0,391990.49,NPR
2026-01-06,ACC0000005973,221251.27,61390.03,36068.2,246573.1,NPR
2026-01-06,ACC0000005974,115351.76,0.0,151696.22,-36344.46,NPR
2026-01-06,ACC0000005975,172374.51,26626.22,6517.13,192483.6,NPR
2026-01-06,ACC0000005976,316480.88,18440.66,47218.21,287703.33,NPR
2026-01-06,ACC0000005977,163170.21,46784.63,86743.31,123211.53,NPR
2026-01-06,ACC0000005978,175273.78,0.0,11720.12,163553.66,NPR
2026-01-06,ACC0000005979,272867.32,0.0,31371.37,241495.95,NPR
2026-01-06,ACC0000005980,227911.46,21143.34,0.0,249054.8,NPR
2026-01-06,ACC0000005981,82922.45,0.0,106113.17,-23190.72,NPR
2026-01-06,ACC0000005982,260987.89,24127.95,103539.7,181576.14,NPR
2026-01-06,ACC0000005983,336521.16,0.0,58274.53,278246.63,NPR
2026-01-06,ACC0000005984,288658.05,42454.79,0.0,331112.84,NPR
2026-01-06,ACC0000005985,125470.58,0.0,46575.32,78895.26,NPR
2026-01-06,ACC0000005986,304757.01,0.0,34509.65,270247.36,NPR
2026-01-06,ACC0000005987,247186.3,6225.46,108925.55,144486.21,NPR
2026-01-06,ACC0000005988,184595.99,0.0,0.0,184595.99,NPR
2026-01-06,ACC0000005989,328156.19,0.0,25770.57,302385.62,NPR
2026-01-06,ACC0000005990,331421.95,0.0,54315.96,277105.99,NPR
2026-01-06,ACC0000005991,438586.13,0.0,0.0,438586.13,NPR
2026-01-06,ACC0000005992,310877.74,0.0,24579.02,286298.72,NPR
2026-01-06,ACC0000005993,407247.54,79711.86,34946.62,452012.78,NPR
2026-01-06,ACC0000005994,223704.61,0.0,10529.82,213174.79,NPR
2026-01-06,ACC0000005995,53048.25,40563.18,98771.89,-5160.46,NPR
2026-01-06,ACC0000005996,303865.47,31299.21,0.0,335164.68,NPR
2026-01-06,ACC0000005997,254795.06,0.0,168266.69,86528.37,NPR
2026-01-06,ACC0000005998,98682.92,49710.77,0.0,148393.69,NPR
2026-01-06,ACC0000005999,372550.2,14655.95,12446.35,374759.8,NPR
2026-01-06,ACC0000006000,117325.3,28875.18,119749.44,26451.04,NPR
2026-01-06,ACC0000006001,494884.45,0.0,8696.61,486187.84,NPR
2026-01-06,ACC0000006002,467678.14,43438.66,0.0,511116.8,NPR
2026-01-06,ACC0000006003,352861.89,0.0,0.0,352861.89,NPR
2026-01-06,ACC0000006004,100410.99,46091.31,63004.14,83498.16,NPR
2026-01-06,ACC0000006005,51416.73,0.0,0.0,51416.73,NPR
2026-01-06,ACC0000006006,456999.24,0.0,0.0,456999.24,NPR
2026-01-06,ACC0000006007,232471.54,18939.27,13957.51,237453.3,NPR
2026-01-06,ACC0000006008,141870.67,0.0,113621.14,28249.53,NPR
2026-01-06,ACC0000006009,484039.25,57099.18,97336.97,443801.46,NPR
2026-01-06,ACC0000006010,19207.04,0.0,49195.38,-29988.34,NPR
2026-01-06,ACC0000006011,104898.24,0.0,33620.67,71277.57,NPR
2026-01-06,ACC0000006012,489416.86,0.0,43990.68,445426.18,NPR
2026-01-06,ACC0000006013,267112.3,0.0,64049.44,203062.86,NPR
2026-01-06,ACC0000006014,9173.46,0.0,0.0,9173.46,NPR
2026-01-06,ACC0000006015,284589.07,0.0,0.0,284589.07,NPR
2026-01-06,ACC0000006016,343692.33,0.0,97470.54,246221.79,NPR
2026-01-06,ACC0000006017,420394.01,0.0,46460.94,373933.07,NPR
2026-01-06,ACC0000006018,295294.83,0.0,0.0,295294.83,NPR
2026-01-06,ACC0000006019,315451.4,0.0,12854.32,302597.08,NPR
2026-01-06,ACC0000006020,163964.48,0.0,0.0,163964.48,NPR
2026-01-06,ACC0000006021,241096.81,0.0,39043.77,202053.04,NPR
2026-01-06,ACC0000006022,219374.14,0.0,41485.19,177888.95,NPR
2026-01-06,ACC0000006023,291540.78,0.0,38452.87,253087.91,NPR
2026-01-06,ACC0000006024,161144.93,0.0,63178.49,97966.44,NPR
2026-01-06,ACC0000006025,185068.83,32041.98,13634.4,203476.41,NPR
2026-01-06,ACC0000006026,353180.2,0.0,76575.49,276604.71,NPR
2026-01-06,ACC0000006027,216291.55,0.0,0.0,216291.55,NPR
2026-01-06,ACC0000006028,197983.4,0.0,0.0,197983.4,NPR
2026-01-06,ACC0000006029,422564.83,49154.75,25054.33,446665.25,NPR
2026-01-06,ACC0000006030,186936.55,3014.51,32859.39,157091.67,NPR
2026-01-06,ACC0000006031,287836.48,0.0,72409.17,215427.31,NPR
2026-01-06,ACC0000006032,252924.96,37372.45,48341.56,241955.85,NPR
2026-01-06,ACC0000006033,98547.93,0.0,13388.63,85159.3,NPR
2026-01-06,ACC0000006034,409639.63,0.0,139679.68,269959.95,NPR
2026-01-06,ACC0000006035,140778.95,36439.73,16495.34,160723.34,NPR
2026-01-06,ACC0000006036,138055.6,0.0,0.0,138055.6,NPR
2026-01-06,ACC0000006037,22284.75,0.0,71803.91,-49519.16,NPR
2026-01-06,ACC0000006038,343610.11,0.0,79183.94,264426.17,NPR
2026-01-06,ACC0000006039,406214.25,0.0,0.0,406214.25,NPR
2026-01-06,ACC0000006040,246531.4,0.0,0.0,246531.4,NPR
2026-01-06,ACC0000006041,401336.71,0.0,0.0,401336.71,NPR
2026-01-06,ACC0000006042,419410.88,0.0,0.0,419410.88,NPR
2026-01-06,ACC0000006043,186146.37,0.0,0.0,186146.37,NPR
2026-01-06,ACC0000006044,334342.08,0.0,0.0,334342.08,NPR
2026-01-06,ACC0000006045,411972.53,21135.82,4958.13,428150.22,NPR
2026-01-06,ACC0000006046,328261.91,0.0,52313.1,275948.81,NPR
2026-01-06,ACC0000006047,238553.99,24924.35,0.0,263478.34,NPR
2026-01-06,ACC0000006048,37524.3,0.0,55204.19,-17679.89,NPR
2026-01-06,ACC0000006049,341542.01,0.0,62134.79,279407.22,NPR
2026-01-06,ACC0000006050,474969.64,0.0,37233.22,437736.42,NPR
2026-01-06,ACC0000006051,178707.55,22498.24,58363.43,142842.36,NPR
2026-01-06,ACC0000006052,308733.06,0.0,8019.35,300713.71,NPR
2026-01-06,ACC0000006053,306909.84,0.0,44629.84,262280.0,NPR
2026-01-06,ACC0000006054,494214.14,40660.23,13507.26,521367.11,NPR
2026-01-06,ACC0000006055,43316.98,0.0,35478.98,7838.0,NPR
2026-01-06,ACC0000006056,319256.44,28433.01,74264.74,273424.71,NPR
2026-01-06,ACC0000006057,246766.03,96390.19,79123.57,264032.65,NPR
2026-01-06,ACC0000006058,103482.42,0.0,67422.43,36059.99,NPR
2026-01-06,ACC0000006059,473583.85,20879.91,74345.46,420118.3,NPR
2026-01-06,ACC0000006060,105047.46,41773.33,12681.01,134139.78,NPR
2026-01-06,ACC0000006061,172382.71,5909.56,23088.51,155203.76,NPR
2026-01-06,ACC0000006062,230195.65,45296.64,15780.89,259711.4,NPR
2026-01-06,ACC0000006063,361891.42,0.0,78437.35,283454.07,NPR
2026-01-06,ACC0000006064,425319.64,31041.14,38296.17,418064.61,NPR
2026-01-06,ACC0000006065,106084.92,0.0,0.0,106084.92,NPR
2026-01-06,ACC0000006066,464135.59,22271.33,77311.22,409095.7,NPR
2026-01-06,ACC0000006067,113346.31,0.0,0.0,113346.31,NPR
2026-01-06,ACC0000006068,25496.68,0.0,106864.86,-81368.18,NPR
2026-01-06,ACC0000006069,58892.3,0.0,0.0,58892.3,NPR
2026-01-06,ACC0000006070,108532.99,0.0,0.0,108532.99,NPR
2026-01-06,ACC0000006071,233025.63,57856.99,138461.82,152420.8,NPR
2026-01-06,ACC0000006072,421862.53,0.0,0.0,421862.53,NPR
2026-01-06,ACC0000006073,285680.1,0.0,29925.77,255754.33,NPR
2026-01-06,ACC0000006074,30818.09,414.73,33626.29,-2393.47,NPR
2026-01-06,ACC0000006075,232254.39,49472.5,203633.79,78093.1,NPR
2026-01-06,ACC0000006076,344650.62,0.0,89433.76,255216.86,NPR
2026-01-06,ACC0000006077,26953.25,0.0,94818.9,-67865.65,NPR
2026-01-06,ACC0000006078,346017.96,0.0,46942.15,299075.81,NPR
2026-01-06,ACC0000006079,67534.96,45444.19,57047.36,55931.79,NPR
2026-01-06,ACC0000006080,117532.31,0.0,146620.84,-29088.53,NPR
2026-01-06,ACC0000006081,25450.71,5031.73,74433.71,-43951.27,NPR
2026-01-06,ACC0000006082,167378.75,38036.97,37720.74,167694.98,NPR
2026-01-06,ACC0000006083,55012.85,0.0,76020.59,-21007.74,NPR
2026-01-06,ACC0000006084,140833.87,0.0,0.0,140833.87,NPR
2026-01-06,ACC0000006085,327781.7,0.0,133010.23,194771.47,NPR
2026-01-06,ACC0000006086,75776.06,84082.31,84186.98,75671.39,NPR
2026-01-06,ACC0000006087,457217.4,0.0,0.0,457217.4,NPR
2026-01-06,ACC0000006088,291907.06,5824.2,125981.26,171750.0,NPR
2026-01-06,ACC0000006089,81107.64,0.0,39121.98,41985.66,NPR
2026-01-06,ACC0000006090,97854.04,0.0,0.0,97854.04,NPR
2026-01-06,ACC0000006091,434160.82,0.0,19221.77,414939.05,NPR
2026-01-06,ACC0000006092,7194.37,0.0,0.0,7194.37,NPR
2026-01-06,ACC0000006093,223354.1,0.0,0.0,223354.1,NPR
2026-01-06,ACC0000006094,69574.42,0.0,129883.2,-60308.78,NPR
2026-01-06,ACC0000006095,360678.36,39704.79,68334.4,332048.75,NPR
2026-01-06,ACC0000006096,21274.94,0.0,44728.22,-23453.28,NPR
2026-01-06,ACC0000006097,273184.72,53392.18,28814.56,297762.34,NPR
2026-01-06,ACC0000006098,258034.82,0.0,37399.24,220635.58,NPR
2026-01-06,ACC0000006099,257263.97,0.0,0.0,257263.97,NPR
2026-01-06,ACC0000006100,474683.08,5580.01,0.0,480263.09,NPR
2026-01-06,ACC0000006101,101272.09,0.0,46623.5,54648.59,NPR
2026-01-06,ACC0000006102,239900.63,7428.8,0.0,247329.43,NPR
2026-01-06,ACC0000006103,177396.15,7211.1,11131.12,173476.13,NPR
2026-01-06,ACC0000006104,30653.65,0.0,0.0,30653.65,NPR
2026-01-06,ACC0000006105,24498.73,47354.85,42192.97,29660.61,NPR
2026-01-06,ACC0000006106,250892.6,26707.76,27770.34,249830.02,NPR
2026-01-06,ACC0000006107,106469.59,0.0,125431.12,-18961.53,NPR
2026-01-06,ACC0000006108,329750.74,0.0,8226.71,321524.03,NPR
2026-01-06,ACC0000006109,102242.93,0.0,205001.21,-102758.28,NPR
2026-01-06,ACC0000006110,373774.55,0.0,0.0,373774.55,NPR
2026-01-06,ACC0000006111,30030.54,0.0,17285.05,12745.49,NPR
2026-01-06,ACC0000006112,90197.92,0.0,39997.73,50200.19,NPR
2026-01-06,ACC0000006113,192772.75,34546.2,121003.39,106315.56,NPR
2026-01-06,ACC0000006114,180349.84,0.0,0.0,180349.84,NPR
2026-01-06,ACC0000006115,381831.73,0.0,144034.77,237796.96,NPR
2026-01-06,ACC0000006116,146286.5,0.0,20328.56,125957.94,NPR
2026-01-06,ACC0000006117,132438.14,0.0,90385.88,42052.26,NPR
2026-01-06,ACC0000006118,142462.85,0.0,73406.94,69055.91,NPR
2026-01-06,ACC0000006119,190778.65,52853.07,54271.13,189360.59,NPR
2026-01-06,ACC0000006120,334397.57,0.0,46001.14,288396.43,NPR
2026-01-06,ACC0000006121,322417.2,0.0,0.0,322417.2,NPR
2026-01-06,ACC0000006122,427267.61,4028.37,10216.74,421079.24,NPR
2026-01-06,ACC0000006123,363534.13,40917.69,154648.57,249803.25,NPR
2026-01-06,ACC0000006124,236827.3,0.0,47687.94,189139.36,NPR
2026-01-06,ACC0000006125,256050.54,32945.13,74411.41,214584.26,NPR
2026-01-06,ACC0000006126,458043.3,0.0,0.0,458043.3,NPR
2026-01-06,ACC0000006127,445975.08,45044.47,0.0,491019.55,NPR
2026-01-06,ACC0000006128,54738.54,53657.51,13643.54,94752.51,NPR
2026-01-06,ACC0000006129,229256.39,0.0,26885.51,202370.88,NPR
2026-01-06,ACC0000006130,213713.9,0.0,0.0,213713.9,NPR
2026-01-06,ACC0000006131,255922.06,0.0,62736.95,193185.11,NPR
2026-01-06,ACC0000006132,194006.57,0.0,6089.04,187917.53,NPR
2026-01-06,ACC0000006133,377756.61,29700.7,38984.39,368472.92,NPR
2026-01-06,ACC0000006134,350191.33,98781.03,35175.78,413796.58,NPR
2026-01-06,ACC0000006135,206180.44,27158.21,40788.18,192550.47,NPR
2026-01-06,ACC0000006136,30479.37,0.0,65128.19,-34648.82,NPR
2026-01-06,ACC0000006137,119399.41,0.0,67169.73,52229.68,NPR
2026-01-06,ACC0000006138,304043.03,27837.15,61236.53,270643.65,NPR
2026-01-06,ACC0000006139,191353.41,0.0,0.0,191353.41,NPR
2026-01-06,ACC0000006140,335316.16,0.0,83263.95,252052.21,NPR
2026-01-06,ACC0000006141,282430.26,0.0,82582.7,199847.56,NPR
2026-01-06,ACC0000006142,60074.96,19872.94,42634.3,37313.6,NPR
2026-01-06,ACC0000006143,166089.86,0.0,43150.6,122939.26,NPR
2026-01-06,ACC0000006144,113319.47,0.0,70111.08,43208.39,NPR
2026-01-06,ACC0000006145,397371.91,0.0,31414.53,365957.38,NPR
2026-01-06,ACC0000006146,358742.9,0.0,20356.19,338386.71,NPR
2026-01-06,ACC0000006147,111041.98,0.0,0.0,111041.98,NPR
2026-01-06,ACC0000006148,11685.1,0.0,0.0,11685.1,NPR
2026-01-06,ACC0000006149,72464.14,37335.48,32961.61,76838.01,NPR
2026-01-06,ACC0000006150,69808.42,0.0,75190.68,-5382.26,NPR
2026-01-06,ACC0000006151,186927.41,0.0,47538.08,139389.33,NPR
2026-01-06,ACC0000006152,95011.81,0.0,0.0,95011.81,NPR
2026-01-06,ACC0000006153,78702.63,0.0,41589.96,37112.67,NPR
2026-01-06,ACC0000006154,315634.38,0.0,36292.17,279342.21,NPR
2026-01-06,ACC0000006155,418156.03,0.0,0.0,418156.03,NPR
2026-01-06,ACC0000006156,444818.79,65770.34,63786.12,446803.01,NPR
2026-01-06,ACC0000006157,410222.08,20489.38,19732.47,410978.99,NPR
2026-01-06,ACC0000006158,190546.58,0.0,20129.34,170417.24,NPR
2026-01-06,ACC0000006159,234222.53,0.0,69053.75,165168.78,NPR
2026-01-06,ACC0000006160,263872.03,0.0,0.0,263872.03,NPR
2026-01-06,ACC0000006161,434981.97,22471.15,40087.54,417365.58,NPR
2026-01-06,ACC0000006162,71988.26,33281.19,71170.96,34098.49,NPR
2026-01-06,ACC0000006163,128123.94,39081.99,21013.37,146192.56,NPR
2026-01-06,ACC0000006164,494136.72,0.0,95711.51,398425.21,NPR
2026-01-06,ACC0000006165,315517.89,130018.51,101861.1,343675.3,NPR
2026-01-06,ACC0000006166,485961.82,105795.92,47073.62,544684.12,NPR
2026-01-06,ACC0000006167,32863.39,31431.82,98735.54,-34440.33,NPR
2026-01-06,ACC0000006168,327107.51,65066.97,27732.99,364441.49,NPR
2026-01-06,ACC0000006169,238078.85,0.0,52573.26,185505.59,NPR
2026-01-06,ACC0000006170,110870.59,0.0,35246.25,75624.34,NPR
2026-01-06,ACC0000006171,340185.61,0.0,0.0,340185.61,NPR
2026-01-06,ACC0000006172,147409.77,12876.74,18729.25,141557.26,NPR
2026-01-06,ACC0000006173,113418.38,20245.16,139919.86,-6256.32,NPR
2026-01-06,ACC0000006174,275055.19,0.0,0.0,275055.19,NPR
2026-01-06,ACC0000006175,18673.39,0.0,85915.04,-67241.65,NPR
2026-01-06,ACC0000006176,84177.63,13426.77,119651.64,-22047.24,NPR
2026-01-06,ACC0000006177,267022.42,42708.08,22500.61,287229.89,NPR
2026-01-06,ACC0000006178,223132.79,0.0,76522.76,146610.03,NPR
2026-01-06,ACC0000006179,54132.19,0.0,83483.52,-29351.33,NPR
2026-01-06,ACC0000006180,161337.7,0.0,14838.74,146498.96,NPR
2026-01-06,ACC0000006181,38539.7,20011.55,0.0,58551.25,NPR
2026-01-06,ACC0000006182,47590.12,0.0,69179.01,-21588.89,NPR
2026-01-06,ACC0000006183,336915.05,61812.71,0.0,398727.76,NPR
2026-01-06,ACC0000006184,110861.95,0.0,5812.31,105049.64,NPR
2026-01-06,ACC0000006185,108014.62,5813.57,100225.9,13602.29,NPR
2026-01-06,ACC0000006186,91283.09,0.0,0.0,91283.09,NPR
2026-01-06,ACC0000006187,214431.45,0.0,41414.52,173016.93,NPR
2026-01-06,ACC0000006188,1827.97,0.0,0.0,1827.97,NPR
2026-01-06,ACC0000006189,336282.97,64281.04,82854.72,317709.29,NPR
2026-01-06,ACC0000006190,21559.56,0.0,0.0,21559.56,NPR
2026-01-06,ACC0000006191,402776.02,0.0,0.0,402776.02,NPR
2026-01-06,ACC0000006192,395875.72,0.0,71335.76,324539.96,NPR
2026-01-06,ACC0000006193,204712.0,0.0,17347.71,187364.29,NPR
2026-01-06,ACC0000006194,409217.15,27185.17,43224.54,393177.78,NPR
2026-01-06,ACC0000006195,320900.79,25777.46,0.0,346678.25,NPR
2026-01-06,ACC0000006196,345141.87,0.0,13487.65,331654.22,NPR
2026-01-06,ACC0000006197,427727.4,0.0,0.0,427727.4,NPR
2026-01-06,ACC0000006198,376098.38,0.0,0.0,376098.38,NPR
2026-01-06,ACC0000006199,50581.98,0.0,37123.36,13458.62,NPR
2026-01-06,ACC0000006200,101119.74,0.0,45626.7,55493.04,NPR
2026-01-06,ACC0000006201,474858.44,41364.59,118192.28,398030.75,NPR
2026-01-06,ACC0000006202,228283.8,0.0,0.0,228283.8,NPR
2026-01-06,ACC0000006203,247011.29,0.0,85809.06,161202.23,NPR
2026-01-06,ACC0000006204,284545.27,0.0,49522.06,235023.21,NPR
2026-01-06,ACC0000006205,58722.77,15612.33,132562.88,-58227.78,NPR
2026-01-06,ACC0000006206,95958.51,0.0,25983.38,69975.13,NPR
2026-01-06,ACC0000006207,468793.72,0.0,127410.34,341383.38,NPR
2026-01-06,ACC0000006208,362879.31,14950.6,197451.26,180378.65,NPR
2026-01-06,ACC0000006209,52203.11,0.0,0.0,52203.11,NPR
2026-01-06,ACC0000006210,444484.38,70296.26,48598.39,466182.25,NPR
2026-01-06,ACC0000006211,489842.14,0.0,116989.69,372852.45,NPR
2026-01-06,ACC0000006212,33314.26,0.0,0.0,33314.26,NPR
2026-01-06,ACC0000006213,178874.54,0.0,0.0,178874.54,NPR
2026-01-06,ACC0000006214,268376.46,6914.29,51880.42,223410.33,NPR
2026-01-06,ACC0000006215,121776.38,31924.11,0.0,153700.49,NPR
2026-01-06,ACC0000006216,178120.69,11419.57,20671.1,168869.16,NPR
2026-01-06,ACC0000006217,390014.16,0.0,3495.58,386518.58,NPR
2026-01-06,ACC0000006218,464658.17,0.0,0.0,464658.17,NPR
2026-01-06,ACC0000006219,489634.73,26670.86,73986.32,442319.27,NPR
2026-01-06,ACC0000006220,426263.81,0.0,86058.95,340204.86,NPR
2026-01-06,ACC0000006221,459677.91,0.0,0.0,459677.91,NPR
2026-01-06,ACC0000006222,341362.05,0.0,113389.47,227972.58,NPR
2026-01-06,ACC0000006223,93622.93,0.0,95004.03,-1381.1,NPR
2026-01-06,ACC0000006224,188602.96,0.0,26424.81,162178.15,NPR
2026-01-06,ACC0000006225,373489.5,31621.44,29206.46,375904.48,NPR
2026-01-06,ACC0000006226,319017.62,0.0,48639.06,270378.56,NPR
2026-01-06,ACC0000006227,237648.69,0.0,44672.34,192976.35,NPR
2026-01-06,ACC0000006228,308664.21,0.0,68107.55,240556.66,NPR
2026-01-06,ACC0000006229,462794.87,4249.16,28319.02,438725.01,NPR
2026-01-06,ACC0000006230,140847.26,0.0,32644.15,108203.11,NPR
2026-01-06,ACC0000006231,303385.19,0.0,53637.36,249747.83,NPR
2026-01-06,ACC0000006232,237108.23,0.0,0.0,237108.23,NPR
2026-01-06,ACC0000006233,168427.71,31415.65,92678.51,107164.85,NPR
2026-01-06,ACC0000006234,487903.28,0.0,44856.85,443046.43,NPR
2026-01-06,ACC0000006235,343186.95,0.0,18550.7,324636.25,NPR
2026-01-06,ACC0000006236,288393.4,25329.25,31773.38,281949.27,NPR
2026-01-06,ACC0000006237,195537.05,0.0,151048.89,44488.16,NPR
2026-01-06,ACC0000006238,133766.15,0.0,0.0,133766.15,NPR
2026-01-06,ACC0000006239,224256.02,0.0,56857.11,167398.91,NPR
2026-01-06,ACC0000006240,287899.6,0.0,118076.37,169823.23,NPR
2026-01-06,ACC0000006241,486971.15,0.0,0.0,486971.15,NPR
2026-01-06,ACC0000006242,190280.81,0.0,5553.38,184727.43,NPR
2026-01-06,ACC0000006243,434236.86,0.0,127806.38,306430.48,NPR
2026-01-06,ACC0000006244,454829.41,0.0,0.0,454829.41,NPR
2026-01-06,ACC0000006245,457709.46,0.0,89417.46,368292.0,NPR
2026-01-06,ACC0000006246,174357.91,60010.44,59770.74,174597.61,NPR
2026-01-06,ACC0000006247,279559.59,42660.04,51690.84,270528.79,NPR
2026-01-06,ACC0000006248,54576.07,0.0,0.0,54576.07,NPR
2026-01-06,ACC0000006249,441943.09,0.0,45737.58,396205.51,NPR
2026-01-06,ACC0000006250,431531.52,40916.41,160407.93,312040.0,NPR
2026-01-06,ACC0000006251,227854.07,0.0,77933.89,149920.18,NPR
2026-01-06,ACC0000006252,194303.41,0.0,30061.56,164241.85,NPR
2026-01-06,ACC0000006253,478158.59,84444.2,28915.64,533687.15,NPR
2026-01-06,ACC0000006254,65453.29,0.0,0.0,65453.29,NPR
2026-01-06,ACC0000006255,277620.85,27742.87,59280.6,246083.12,NPR
2026-01-06,ACC0000006256,475556.24,0.0,43921.75,431634.49,NPR
2026-01-06,ACC0000006257,231645.29,0.0,0.0,231645.29,NPR
2026-01-06,ACC0000006258,383169.83,0.0,0.0,383169.83,NPR
2026-01-06,ACC0000006259,159772.25,6441.61,50199.16,116014.7,NPR
2026-01-06,ACC0000006260,127986.18,0.0,56596.56,71389.62,NPR
2026-01-06,ACC0000006261,4443.24,0.0,108110.15,-103666.91,NPR
2026-01-06,ACC0000006262,387457.51,0.0,0.0,387457.51,NPR
2026-01-06,ACC0000006263,416437.49,0.0,47938.14,368499.35,NPR
2026-01-06,ACC0000006264,55361.2,0.0,55530.17,-168.97,NPR
2026-01-06,ACC0000006265,98735.75,0.0,72194.48,26541.27,NPR
2026-01-06,ACC0000006266,281207.0,0.0,0.0,281207.0,NPR
2026-01-06,ACC0000006267,478463.34,0.0,0.0,478463.34,NPR
2026-01-06,ACC0000006268,327874.94,14228.89,119583.35,222520.48,NPR
2026-01-06,ACC0000006269,9187.9,0.0,88200.55,-79012.65,NPR
2026-01-06,ACC0000006270,162723.3,3124.21,105739.36,60108.15,NPR
2026-01-06,ACC0000006271,461322.09,0.0,58357.43,402964.66,NPR
2026-01-06,ACC0000006272,214594.67,67637.65,0.0,282232.32,NPR
2026-01-06,ACC0000006273,56734.01,15651.49,73778.16,-1392.66,NPR
2026-01-06,ACC0000006274,37953.7,0.0,35714.67,2239.03,NPR
2026-01-06,ACC0000006275,293981.67,0.0,70845.76,223135.91,NPR
2026-01-06,ACC0000006276,231713.81,37208.54,53650.16,215272.19,NPR
2026-01-06,ACC0000006277,248836.27,12557.61,93419.53,167974.35,NPR
2026-01-06,ACC0000006278,488032.2,23421.08,87985.93,423467.35,NPR
2026-01-06,ACC0000006279,411606.19,91574.23,58741.04,444439.38,NPR
2026-01-06,ACC0000006280,419921.28,0.0,30813.98,389107.3,NPR
2026-01-06,ACC0000006281,82118.85,0.0,108533.32,-26414.47,NPR
2026-01-06,ACC0000006282,115846.01,39414.3,81039.43,74220.88,NPR
2026-01-06,ACC0000006283,6182.88,30741.25,25679.11,11245.02,NPR
2026-01-06,ACC0000006284,377333.4,10928.23,24551.15,363710.48,NPR
2026-01-06,ACC0000006285,93422.11,0.0,22088.91,71333.2,NPR
2026-01-06,ACC0000006286,77598.06,0.0,0.0,77598.06,NPR
2026-01-06,ACC0000006287,287077.42,0.0,0.0,287077.42,NPR
2026-01-06,ACC0000006288,43806.46,0.0,149743.41,-105936.95,NPR
2026-01-06,ACC0000006289,429784.02,6904.28,0.0,436688.3,NPR
2026-01-06,ACC0000006290,355639.14,0.0,92006.57,263632.57,NPR
2026-01-06,ACC0000006291,492058.3,57256.05,0.0,549314.35,NPR
2026-01-06,ACC0000006292,152118.74,47573.98,27623.57,172069.15,NPR
2026-01-06,ACC0000006293,156585.17,0.0,0.0,156585.17,NPR
2026-01-06,ACC0000006294,450901.33,0.0,92401.05,358500.28,NPR
2026-01-06,ACC0000006295,359666.2,0.0,46473.57,313192.63,NPR
2026-01-06,ACC0000006296,100408.03,0.0,0.0,100408.03,NPR
2026-01-06,ACC0000006297,12359.23,0.0,168313.18,-155953.95,NPR
2026-01-06,ACC0000006298,480626.96,0.0,28197.6,452429.36,NPR
2026-01-06,ACC0000006299,1704.15,0.0,49132.24,-47428.09,NPR
2026-01-06,ACC0000006300,276924.57,104346.05,124559.2,256711.42,NPR
2026-01-06,ACC0000006301,102361.78,35618.59,137766.26,214.11,NPR
2026-01-06,ACC0000006302,99480.27,0.0,44819.81,54660.46,NPR
2026-01-06,ACC0000006303,105562.68,0.0,33761.95,71800.73,NPR
2026-01-06,ACC0000006304,251152.53,0.0,0.0,251152.53,NPR
2026-01-06,ACC0000006305,358979.99,0.0,88871.18,270108.81,NPR
2026-01-06,ACC0000006306,52975.67,0.0,86329.61,-33353.94,NPR
2026-01-06,ACC0000006307,154547.88,0.0,130283.34,24264.54,NPR
2026-01-06,ACC0000006308,360305.74,1495.08,0.0,361800.82,NPR
2026-01-06,ACC0000006309,285589.82,0.0,113194.73,172395.09,NPR
2026-01-06,ACC0000006310,451168.84,0.0,0.0,451168.84,NPR
2026-01-06,ACC0000006311,386438.46,3065.15,46780.26,342723.35,NPR
2026-01-06,ACC0000006312,406341.46,0.0,90995.5,315345.96,NPR
2026-01-06,ACC0000006313,313583.78,0.0,0.0,313583.78,NPR
2026-01-06,ACC0000006314,101007.28,0.0,0.0,101007.28,NPR
2026-01-06,ACC0000006315,39918.09,0.0,0.0,39918.09,NPR
2026-01-06,ACC0000006316,454165.94,49674.66,23010.29,480830.31,NPR
2026-01-06,ACC0000006317,97230.28,5309.25,0.0,102539.53,NPR
2026-01-06,ACC0000006318,271801.71,0.0,58294.85,213506.86,NPR
2026-01-06,ACC0000006319,196736.38,32020.8,76435.99,152321.19,NPR
2026-01-06,ACC0000006320,492931.67,1493.73,49415.03,445010.37,NPR
2026-01-06,ACC0000006321,119390.04,5003.12,17019.09,107374.07,NPR
2026-01-06,ACC0000006322,345076.04,0.0,99545.02,245531.02,NPR
2026-01-06,ACC0000006323,421274.29,0.0,47525.68,373748.61,NPR
2026-01-06,ACC0000006324,479280.41,38938.42,37581.22,480637.61,NPR
2026-01-06,ACC0000006325,102620.67,0.0,61820.37,40800.3,NPR
2026-01-06,ACC0000006326,468391.51,0.0,23751.77,444639.74,NPR
2026-01-06,ACC0000006327,95063.26,0.0,75353.9,19709.36,NPR
2026-01-06,ACC0000006328,98790.98,0.0,53001.36,45789.62,NPR
2026-01-06,ACC0000006329,218079.56,0.0,0.0,218079.56,NPR
2026-01-06,ACC0000006330,339721.82,0.0,0.0,339721.82,NPR
2026-01-06,ACC0000006331,334983.52,0.0,85084.98,249898.54,NPR
2026-01-06,ACC0000006332,187517.92,0.0,49884.66,137633.26,NPR
2026-01-06,ACC0000006333,444596.4,0.0,15328.06,429268.34,NPR
2026-01-06,ACC0000006334,70702.22,0.0,74158.43,-3456.21,NPR
2026-01-06,ACC0000006335,48545.79,0.0,0.0,48545.79,NPR
2026-01-06,ACC0000006336,19447.32,0.0,0.0,19447.32,NPR
2026-01-06,ACC0000006337,185875.77,0.0,0.0,185875.77,NPR
2026-01-06,ACC0000006338,184467.09,45597.84,90702.04,139362.89,NPR
2026-01-06,ACC0000006339,102439.17,0.0,39149.58,63289.59,NPR
2026-01-06,ACC0000006340,161384.67,43958.29,158733.74,46609.22,NPR
2026-01-06,ACC0000006341,122272.02,0.0,50948.06,71323.96,NPR
2026-01-06,ACC0000006342,24228.14,566.31,95934.68,-71140.23,NPR
2026-01-06,ACC0000006343,28704.78,14547.71,56748.22,-13495.73,NPR
2026-01-06,ACC0000006344,71298.26,0.0,47338.3,23959.96,NPR
2026-01-06,ACC0000006345,438599.68,0.0,37085.46,401514.22,NPR
2026-01-06,ACC0000006346,36342.48,28377.65,95883.79,-31163.66,NPR
2026-01-06,ACC0000006347,230816.95,0.0,105115.67,125701.28,NPR
2026-01-06,ACC0000006348,43181.88,0.0,70616.46,-27434.58,NPR
2026-01-06,ACC0000006349,2689.0,0.0,101941.92,-99252.92,NPR
2026-01-06,ACC0000006350,273863.81,0.0,75570.36,198293.45,NPR
2026-01-06,ACC0000006351,495943.29,0.0,0.0,495943.29,NPR
2026-01-06,ACC0000006352,55096.08,26052.55,83384.17,-2235.54,NPR
2026-01-06,ACC0000006353,360343.75,40226.49,5630.64,394939.6,NPR
2026-01-06,ACC0000006354,350472.13,0.0,72383.17,278088.96,NPR
2026-01-06,ACC0000006355,148151.69,0.0,0.0,148151.69,NPR
2026-01-06,ACC0000006356,466680.47,49360.53,71500.52,444540.48,NPR
2026-01-06,ACC0000006357,413218.92,2703.14,75195.1,340726.96,NPR
2026-01-06,ACC0000006358,351048.37,0.0,96076.55,254971.82,NPR
2026-01-06,ACC0000006359,9729.81,0.0,20818.53,-11088.72,NPR
2026-01-06,ACC0000006360,360841.93,0.0,105686.38,255155.55,NPR
2026-01-06,ACC0000006361,352097.16,0.0,112755.98,239341.18,NPR
2026-01-06,ACC0000006362,470817.05,0.0,28977.8,441839.25,NPR
2026-01-06,ACC0000006363,365867.8,0.0,0.0,365867.8,NPR
2026-01-06,ACC0000006364,199220.37,0.0,76686.66,122533.71,NPR
2026-01-06,ACC0000006365,494840.16,13724.19,184176.32,324388.03,NPR
2026-01-06,ACC0000006366,207045.62,6213.05,40417.77,172840.9,NPR
2026-01-06,ACC0000006367,110240.16,0.0,290220.87,-179980.71,NPR
2026-01-06,ACC0000006368,492496.37,0.0,24445.72,468050.65,NPR
2026-01-06,ACC0000006369,186548.8,44587.17,59810.79,171325.18,NPR
2026-01-06,ACC0000006370,115691.08,43759.6,0.0,159450.68,NPR
2026-01-06,ACC0000006371,315079.04,0.0,59831.75,255247.29,NPR
2026-01-06,ACC0000006372,88085.9,52642.44,0.0,140728.34,NPR
2026-01-06,ACC0000006373,65425.47,0.0,141529.88,-76104.41,NPR
2026-01-06,ACC0000006374,193616.73,0.0,0.0,193616.73,NPR
2026-01-06,ACC0000006375,206622.81,0.0,44388.28,162234.53,NPR
2026-01-06,ACC0000006376,371493.74,0.0,0.0,371493.74,NPR
2026-01-06,ACC0000006377,389756.03,0.0,0.0,389756.03,NPR
2026-01-06,ACC0000006378,13757.33,0.0,11085.8,2671.53,NPR
2026-01-06,ACC0000006379,187875.73,38947.95,75764.2,151059.48,NPR
2026-01-06,ACC0000006380,383577.29,8958.93,109068.61,283467.61,NPR
2026-01-06,ACC0000006381,476766.79,46669.51,44092.52,479343.78,NPR
2026-01-06,ACC0000006382,16564.91,15933.26,75486.13,-42987.96,NPR
2026-01-06,ACC0000006383,425306.35,0.0,31758.57,393547.78,NPR
2026-01-06,ACC0000006384,479021.67,0.0,0.0,479021.67,NPR
2026-01-06,ACC0000006385,395020.73,44386.45,77434.63,361972.55,NPR
2026-01-06,ACC0000006386,325115.7,0.0,93345.1,231770.6,NPR
2026-01-06,ACC0000006387,391559.58,0.0,71289.82,320269.76,NPR
2026-01-06,ACC0000006388,431466.38,30248.57,83017.3,378697.65,NPR
2026-01-06,ACC0000006389,105728.89,48920.97,83211.12,71438.74,NPR
2026-01-06,ACC0000006390,289711.05,0.0,61329.6,228381.45,NPR
2026-01-06,ACC0000006391,313374.09,12153.61,56500.98,269026.72,NPR
2026-01-06,ACC0000006392,252854.75,0.0,0.0,252854.75,NPR
2026-01-06,ACC0000006393,368604.83,0.0,0.0,368604.83,NPR
2026-01-06,ACC0000006394,470488.39,0.0,59298.17,411190.22,NPR
2026-01-06,ACC0000006395,247956.78,0.0,35846.08,212110.7,NPR
2026-01-06,ACC0000006396,101378.12,0.0,46736.88,54641.24,NPR
2026-01-06,ACC0000006397,221994.06,19231.68,0.0,241225.74,NPR
2026-01-06,ACC0000006398,342666.67,0.0,0.0,342666.67,NPR
2026-01-06,ACC0000006399,283628.88,14890.02,83826.82,214692.08,NPR
2026-01-06,ACC0000006400,216770.64,0.0,82111.61,134659.03,NPR
2026-01-06,ACC0000006401,279322.99,0.0,0.0,279322.99,NPR
2026-01-06,ACC0000006402,134436.73,14262.79,39688.9,109010.62,NPR
2026-01-06,ACC0000006403,152946.04,4766.82,46060.89,111651.97,NPR
2026-01-06,ACC0000006404,162605.72,0.0,43519.5,119086.22,NPR
2026-01-06,ACC0000006405,484443.7,20217.04,0.0,504660.74,NPR
2026-01-06,ACC0000006406,28838.83,43703.78,87670.56,-15127.95,NPR
2026-01-06,ACC0000006407,22651.29,1156.09,27830.82,-4023.44,NPR
2026-01-06,ACC0000006408,84571.06,0.0,33747.94,50823.12,NPR
2026-01-06,ACC0000006409,223766.23,0.0,78294.37,145471.86,NPR
2026-01-06,ACC0000006410,96340.54,26720.59,10218.49,112842.64,NPR
2026-01-06,ACC0000006411,186475.8,0.0,0.0,186475.8,NPR
2026-01-06,ACC0000006412,445721.66,0.0,44310.78,401410.88,NPR
2026-01-06,ACC0000006413,143379.12,0.0,37186.79,106192.33,NPR
2026-01-06,ACC0000006414,472461.63,0.0,92984.91,379476.72,NPR
2026-01-06,ACC0000006415,431577.45,0.0,41745.44,389832.01,NPR
2026-01-06,ACC0000006416,132037.89,0.0,12122.9,119914.99,NPR
2026-01-06,ACC0000006417,349248.87,0.0,70516.07,278732.8,NPR
2026-01-06,ACC0000006418,98881.05,0.0,40511.56,58369.49,NPR
2026-01-06,ACC0000006419,457159.83,0.0,0.0,457159.83,NPR
2026-01-06,ACC0000006420,331450.44,0.0,0.0,331450.44,NPR
2026-01-06,ACC0000006421,187748.09,0.0,18154.82,169593.27,NPR
2026-01-06,ACC0000006422,431198.93,0.0,13441.48,417757.45,NPR
2026-01-06,ACC0000006423,424628.08,0.0,47134.94,377493.14,NPR
2026-01-06,ACC0000006424,446306.44,33176.05,0.0,479482.49,NPR
2026-01-06,ACC0000006425,224860.37,0.0,116450.53,108409.84,NPR
2026-01-06,ACC0000006426,282840.27,47208.17,53757.06,276291.38,NPR
2026-01-06,ACC0000006427,188168.51,0.0,51692.04,136476.47,NPR
2026-01-06,ACC0000006428,352225.43,0.0,91234.57,260990.86,NPR
2026-01-06,ACC0000006429,162027.8,31689.48,25858.97,167858.31,NPR
2026-01-06,ACC0000006430,453123.84,12811.33,0.0,465935.17,NPR
2026-01-06,ACC0000006431,171139.62,0.0,0.0,171139.62,NPR
2026-01-06,ACC0000006432,459047.25,0.0,0.0,459047.25,NPR
2026-01-06,ACC0000006433,184630.1,4240.76,0.0,188870.86,NPR
2026-01-06,ACC0000006434,399605.41,0.0,65470.72,334134.69,NPR
2026-01-06,ACC0000006435,188001.55,11625.35,56062.01,143564.89,NPR
2026-01-06,ACC0000006436,258904.58,29606.33,62604.66,225906.25,NPR
2026-01-06,ACC0000006437,375802.91,16738.08,50956.58,341584.41,NPR
2026-01-06,ACC0000006438,68578.04,3802.52,25074.42,47306.14,NPR
2026-01-06,ACC0000006439,290376.26,0.0,40066.92,250309.34,NPR
2026-01-06,ACC0000006440,214827.51,0.0,63979.57,150847.94,NPR
2026-01-06,ACC0000006441,161735.3,0.0,32390.03,129345.27,NPR
2026-01-06,ACC0000006442,449336.26,6552.46,33450.59,422438.13,NPR
2026-01-06,ACC0000006443,224376.99,16915.72,120818.32,120474.39,NPR
2026-01-06,ACC0000006444,484371.07,0.0,81488.86,402882.21,NPR
2026-01-06,ACC0000006445,291609.97,0.0,43708.52,247901.45,NPR
2026-01-06,ACC0000006446,366354.29,0.0,81721.82,284632.47,NPR
2026-01-06,ACC0000006447,35158.12,0.0,0.0,35158.12,NPR
2026-01-06,ACC0000006448,300644.95,28833.64,143907.47,185571.12,NPR
2026-01-06,ACC0000006449,251582.74,3531.23,128736.18,126377.79,NPR
2026-01-06,ACC0000006450,279778.53,40019.08,22551.05,297246.56,NPR
2026-01-06,ACC0000006451,104158.92,0.0,0.0,104158.92,NPR
2026-01-06,ACC0000006452,491268.96,0.0,0.0,491268.96,NPR
2026-01-06,ACC0000006453,194110.21,0.0,0.0,194110.21,NPR
2026-01-06,ACC0000006454,42770.56,32925.35,84016.7,-8320.79,NPR
2026-01-06,ACC0000006455,78372.15,0.0,0.0,78372.15,NPR
2026-01-06,ACC0000006456,1751.75,0.0,11487.01,-9735.26,NPR
2026-01-06,ACC0000006457,334400.33,0.0,20170.1,314230.23,NPR
2026-01-06,ACC0000006458,2778.38,9418.14,114942.48,-102745.96,NPR
2026-01-06,ACC0000006459,309679.59,0.0,71193.37,238486.22,NPR
2026-01-06,ACC0000006460,258126.18,46868.48,61473.83,243520.83,NPR
2026-01-06,ACC0000006461,129729.2,0.0,90736.34,38992.86,NPR
2026-01-06,ACC0000006462,169032.19,83607.98,129456.83,123183.34,NPR
2026-01-06,ACC0000006463,440141.14,10507.01,84318.73,366329.42,NPR
2026-01-06,ACC0000006464,108330.35,0.0,4286.71,104043.64,NPR
2026-01-06,ACC0000006465,189607.37,40994.96,22524.99,208077.34,NPR
2026-01-06,ACC0000006466,298395.38,0.0,15393.29,283002.09,NPR
2026-01-06,ACC0000006467,436591.09,0.0,133394.52,303196.57,NPR
2026-01-06,ACC0000006468,274902.89,0.0,120735.73,154167.16,NPR
2026-01-06,ACC0000006469,37528.17,20317.99,55301.61,2544.55,NPR
2026-01-06,ACC0000006470,149105.36,18358.55,92659.65,74804.26,NPR
2026-01-06,ACC0000006471,105536.48,44861.82,73761.35,76636.95,NPR
2026-01-06,ACC0000006472,259537.88,0.0,14805.03,244732.85,NPR
2026-01-06,ACC0000006473,216530.62,0.0,93417.93,123112.69,NPR
2026-01-06,ACC0000006474,319242.68,19699.88,138849.57,200092.99,NPR
2026-01-06,ACC0000006475,384105.02,9518.56,28320.78,365302.8,NPR
2026-01-06,ACC0000006476,397927.51,0.0,51054.4,346873.11,NPR
2026-01-06,ACC0000006477,145559.22,0.0,27283.62,118275.6,NPR
2026-01-06,ACC0000006478,279800.89,0.0,39175.17,240625.72,NPR
2026-01-06,ACC0000006479,473154.16,902.84,12238.45,461818.55,NPR
2026-01-06,ACC0000006480,359199.67,0.0,8993.93,350205.74,NPR
2026-01-06,ACC0000006481,361845.31,45300.59,24779.69,382366.21,NPR
2026-01-06,ACC0000006482,331544.4,45448.19,0.0,376992.59,NPR
2026-01-06,ACC0000006483,496834.91,0.0,68959.35,427875.56,NPR
2026-01-06,ACC0000006484,330444.42,0.0,0.0,330444.42,NPR
2026-01-06,ACC0000006485,183045.4,15211.09,50678.72,147577.77,NPR
2026-01-06,ACC0000006486,209791.97,29356.43,85253.12,153895.28,NPR
2026-01-06,ACC0000006487,254648.4,29099.0,70471.86,213275.54,NPR
2026-01-06,ACC0000006488,377115.19,0.0,43901.71,333213.48,NPR
2026-01-06,ACC0000006489,82591.83,0.0,26626.35,55965.48,NPR
2026-01-06,ACC0000006490,71945.51,0.0,0.0,71945.51,NPR
2026-01-06,ACC0000006491,381368.42,0.0,0.0,381368.42,NPR
2026-01-06,ACC0000006492,139447.02,0.0,44218.17,95228.85,NPR
2026-01-06,ACC0000006493,316603.97,18252.44,72759.34,262097.07,NPR
2026-01-06,ACC0000006494,392316.58,0.0,38525.36,353791.22,NPR
2026-01-06,ACC0000006495,412404.33,0.0,0.0,412404.33,NPR
2026-01-06,ACC0000006496,484640.46,25289.36,82855.86,427073.96,NPR
2026-01-06,ACC0000006497,439644.68,0.0,9065.99,430578.69,NPR
2026-01-06,ACC0000006498,431318.05,0.0,0.0,431318.05,NPR
2026-01-06,ACC0000006499,277730.38,0.0,80888.35,196842.03,NPR
2026-01-06,ACC0000006500,7654.13,4644.19,64668.04,-52369.72,NPR
2026-01-06,ACC0000006501,10746.31,0.0,47589.94,-36843.63,NPR
2026-01-06,ACC0000006502,10791.8,11416.55,152938.57,-130730.22,NPR
2026-01-06,ACC0000006503,436609.63,14774.43,70303.05,381081.01,NPR
2026-01-06,ACC0000006504,250544.42,0.0,96692.29,153852.13,NPR
2026-01-06,ACC0000006505,374436.04,0.0,0.0,374436.04,NPR
2026-01-06,ACC0000006506,9541.29,16123.43,45475.12,-19810.4,NPR
2026-01-06,ACC0000006507,360071.44,16111.21,35722.79,340459.86,NPR
2026-01-06,ACC0000006508,405416.44,0.0,0.0,405416.44,NPR
2026-01-06,ACC0000006509,418116.5,97998.79,22630.92,493484.37,NPR
2026-01-06,ACC0000006510,492173.24,31145.02,51061.79,472256.47,NPR
2026-01-06,ACC0000006511,362421.25,0.0,0.0,362421.25,NPR
2026-01-06,ACC0000006512,176221.47,6284.78,84759.35,97746.9,NPR
2026-01-06,ACC0000006513,69277.54,0.0,52173.47,17104.07,NPR
2026-01-06,ACC0000006514,482223.74,0.0,41138.53,441085.21,NPR
2026-01-06,ACC0000006515,245718.51,5269.67,64904.68,186083.5,NPR
2026-01-06,ACC0000006516,344468.6,0.0,39291.29,305177.31,NPR
2026-01-06,ACC0000006517,14209.61,0.0,68553.16,-54343.55,NPR
2026-01-06,ACC0000006518,471122.59,0.0,41944.56,429178.03,NPR
2026-01-06,ACC0000006519,403040.54,40542.94,140741.21,302842.27,NPR
2026-01-06,ACC0000006520,476805.89,7381.22,12370.15,471816.96,NPR
2026-01-06,ACC0000006521,211098.23,0.0,0.0,211098.23,NPR
2026-01-06,ACC0000006522,198013.22,13457.18,19405.68,192064.72,NPR
2026-01-06,ACC0000006523,389168.9,19023.57,35932.95,372259.52,NPR
2026-01-06,ACC0000006524,273421.02,0.0,46518.71,226902.31,NPR
2026-01-06,ACC0000006525,4317.64,24182.88,108654.16,-80153.64,NPR
2026-01-06,ACC0000006526,120774.94,0.0,48226.57,72548.37,NPR
2026-01-06,ACC0000006527,165601.9,0.0,79645.78,85956.12,NPR
2026-01-06,ACC0000006528,455870.2,0.0,0.0,455870.2,NPR
2026-01-06,ACC0000006529,117376.94,0.0,0.0,117376.94,NPR
2026-01-06,ACC0000006530,326158.61,0.0,0.0,326158.61,NPR
2026-01-06,ACC0000006531,230680.28,0.0,27441.19,203239.09,NPR
2026-01-06,ACC0000006532,183573.97,0.0,24037.38,159536.59,NPR
2026-01-06,ACC0000006533,105209.4,0.0,140250.15,-35040.75,NPR
2026-01-06,ACC0000006534,406782.76,4926.21,33330.99,378377.98,NPR
2026-01-06,ACC0000006535,51373.84,0.0,46388.7,4985.14,NPR
2026-01-06,ACC0000006536,485861.23,4279.78,6202.93,483938.08,NPR
2026-01-06,ACC0000006537,16248.66,0.0,0.0,16248.66,NPR
2026-01-06,ACC0000006538,176236.22,16031.61,45045.81,147222.02,NPR
2026-01-06,ACC0000006539,310727.47,21594.06,0.0,332321.53,NPR
2026-01-06,ACC0000006540,190440.65,0.0,12921.61,177519.04,NPR
2026-01-06,ACC0000006541,316117.12,0.0,35909.34,280207.78,NPR
2026-01-06,ACC0000006542,270724.97,0.0,0.0,270724.97,NPR
2026-01-06,ACC0000006543,98279.11,6854.3,68111.5,37021.91,NPR
2026-01-06,ACC0000006544,432354.07,7219.02,0.0,439573.09,NPR
2026-01-06,ACC0000006545,494348.27,89318.73,26029.71,557637.29,NPR
2026-01-06,ACC0000006546,60681.11,0.0,17716.68,42964.43,NPR
2026-01-06,ACC0000006547,390904.37,0.0,88500.54,302403.83,NPR
2026-01-06,ACC0000006548,81341.93,0.0,69756.78,11585.15,NPR
2026-01-06,ACC0000006549,40773.86,0.0,0.0,40773.86,NPR
2026-01-06,ACC0000006550,339913.43,0.0,69096.18,270817.25,NPR
2026-01-06,ACC0000006551,65097.87,0.0,76731.9,-11634.03,NPR
2026-01-06,ACC0000006552,271875.65,0.0,0.0,271875.65,NPR
2026-01-06,ACC0000006553,225130.08,0.0,65993.87,159136.21,NPR
2026-01-06,ACC0000006554,449104.61,0.0,27160.91,421943.7,NPR
2026-01-06,ACC0000006555,443724.42,0.0,98231.47,345492.95,NPR
2026-01-06,ACC0000006556,243972.57,33431.24,5308.21,272095.6,NPR
2026-01-06,ACC0000006557,32759.88,43448.54,41331.83,34876.59,NPR
2026-01-06,ACC0000006558,487683.2,0.0,0.0,487683.2,NPR
2026-01-06,ACC0000006559,320625.71,0.0,81805.23,238820.48,NPR
2026-01-06,ACC0000006560,332055.18,32961.89,56025.97,308991.1,NPR
2026-01-06,ACC0000006561,167069.07,0.0,52176.05,114893.02,NPR
2026-01-06,ACC0000006562,432678.2,0.0,32634.04,400044.16,NPR
2026-01-06,ACC0000006563,352497.86,22670.56,85116.34,290052.08,NPR
2026-01-06,ACC0000006564,487764.09,32636.4,2256.83,518143.66,NPR
2026-01-06,ACC0000006565,426977.36,0.0,56515.45,370461.91,NPR
2026-01-06,ACC0000006566,448484.51,41791.91,62439.9,427836.52,NPR
2026-01-06,ACC0000006567,485651.68,0.0,0.0,485651.68,NPR
2026-01-06,ACC0000006568,462876.34,0.0,0.0,462876.34,NPR
2026-01-06,ACC0000006569,305954.91,49362.62,47474.41,307843.12,NPR
2026-01-06,ACC0000006570,272376.06,12736.95,95325.92,189787.09,NPR
2026-01-06,ACC0000006571,312354.87,13753.66,9221.4,316887.13,NPR
2026-01-06,ACC0000006572,261233.06,34315.91,4761.07,290787.9,NPR
2026-01-06,ACC0000006573,15906.78,16589.04,72110.34,-39614.52,NPR
2026-01-06,ACC0000006574,325956.44,2507.33,0.0,328463.77,NPR
2026-01-06,ACC0000006575,378195.9,22561.96,44435.68,356322.18,NPR
2026-01-06,ACC0000006576,191722.72,0.0,46379.85,145342.87,NPR
2026-01-06,ACC0000006577,335364.01,47413.16,67991.54,314785.63,NPR
2026-01-06,ACC0000006578,43747.64,34481.84,33992.71,44236.77,NPR
2026-01-06,ACC0000006579,329536.62,0.0,107745.47,221791.15,NPR
2026-01-06,ACC0000006580,292037.43,26394.92,58056.35,260376.0,NPR
2026-01-06,ACC0000006581,270802.95,0.0,43283.83,227519.12,NPR
2026-01-06,ACC0000006582,252256.58,0.0,0.0,252256.58,NPR
2026-01-06,ACC0000006583,181493.59,0.0,79271.66,102221.93,NPR
2026-01-06,ACC0000006584,256387.88,0.0,35400.08,220987.8,NPR
2026-01-06,ACC0000006585,234498.9,42739.03,31324.07,245913.86,NPR
2026-01-06,ACC0000006586,402240.79,0.0,45564.42,356676.37,NPR
2026-01-06,ACC0000006587,485405.63,28898.88,182535.77,331768.74,NPR
2026-01-06,ACC0000006588,412541.85,14008.0,53940.35,372609.5,NPR
2026-01-06,ACC0000006589,122894.92,0.0,39050.1,83844.82,NPR
2026-01-06,ACC0000006590,223234.03,0.0,0.0,223234.03,NPR
2026-01-06,ACC0000006591,453197.86,0.0,0.0,453197.86,NPR
2026-01-06,ACC0000006592,48964.19,0.0,11481.7,37482.49,NPR
2026-01-06,ACC0000006593,358491.08,0.0,74059.28,284431.8,NPR
2026-01-06,ACC0000006594,57281.42,0.0,39089.79,18191.63,NPR
2026-01-06,ACC0000006595,452911.38,0.0,0.0,452911.38,NPR
2026-01-06,ACC0000006596,324322.31,0.0,0.0,324322.31,NPR
2026-01-06,ACC0000006597,91398.57,0.0,0.0,91398.57,NPR
2026-01-06,ACC0000006598,343287.69,0.0,36806.75,306480.94,NPR
2026-01-06,ACC0000006599,224526.47,43544.52,38742.06,229328.93,NPR
2026-01-06,ACC0000006600,94449.95,27263.95,50202.15,71511.75,NPR
2026-01-06,ACC0000006601,397726.59,34600.37,86998.32,345328.64,NPR
2026-01-06,ACC0000006602,33238.88,0.0,89903.45,-56664.57,NPR
2026-01-06,ACC0000006603,280510.73,1949.23,67503.27,214956.69,NPR
2026-01-06,ACC0000006604,364412.44,36755.39,73368.6,327799.23,NPR
2026-01-06,ACC0000006605,454854.01,30561.5,18601.67,466813.84,NPR
2026-01-06,ACC0000006606,372134.13,7913.09,56379.76,323667.46,NPR
2026-01-06,ACC0000006607,320476.94,37558.52,54240.07,303795.39,NPR
2026-01-06,ACC0000006608,37369.22,0.0,0.0,37369.22,NPR
2026-01-06,ACC0000006609,65052.66,0.0,48010.15,17042.51,NPR
2026-01-06,ACC0000006610,129512.52,127439.65,0.0,256952.17,NPR
2026-01-06,ACC0000006611,61481.71,0.0,124178.38,-62696.67,NPR
2026-01-06,ACC0000006612,322245.92,0.0,14321.19,307924.73,NPR
2026-01-06,ACC0000006613,110443.54,0.0,44480.72,65962.82,NPR
2026-01-06,ACC0000006614,348368.42,0.0,0.0,348368.42,NPR
2026-01-06,ACC0000006615,247052.34,20886.69,19306.52,248632.51,NPR
2026-01-06,ACC0000006616,363885.24,0.0,77850.37,286034.87,NPR
2026-01-06,ACC0000006617,495269.23,32567.36,115105.67,412730.92,NPR
2026-01-06,ACC0000006618,369566.03,0.0,0.0,369566.03,NPR
2026-01-06,ACC0000006619,172034.96,0.0,51558.9,120476.06,NPR
2026-01-06,ACC0000006620,361040.94,0.0,30886.08,330154.86,NPR
2026-01-06,ACC0000006621,30142.86,33812.24,47361.2,16593.9,NPR
2026-01-06,ACC0000006622,1919.3,3753.83,78113.08,-72439.95,NPR
2026-01-06,ACC0000006623,463587.04,7216.82,73432.03,397371.83,NPR
2026-01-06,ACC0000006624,122671.1,11191.61,36790.37,97072.34,NPR
2026-01-06,ACC0000006625,161632.14,15141.76,72027.9,104746.0,NPR
2026-01-06,ACC0000006626,212918.46,0.0,69585.8,143332.66,NPR
2026-01-06,ACC0000006627,156052.27,0.0,30572.58,125479.69,NPR
2026-01-06,ACC0000006628,434561.43,85182.52,55562.95,464181.0,NPR
2026-01-06,ACC0000006629,98281.76,0.0,44145.93,54135.83,NPR
2026-01-06,ACC0000006630,13887.84,0.0,195217.44,-181329.6,NPR
2026-01-06,ACC0000006631,277300.19,28747.36,53109.46,252938.09,NPR
2026-01-06,ACC0000006632,319033.56,46945.24,80479.15,285499.65,NPR
2026-01-06,ACC0000006633,206455.34,0.0,92284.86,114170.48,NPR
2026-01-06,ACC0000006634,209909.68,0.0,53459.11,156450.57,NPR
2026-01-06,ACC0000006635,384946.48,0.0,153940.89,231005.59,NPR
2026-01-06,ACC0000006636,364250.77,14933.82,118056.2,261128.39,NPR
2026-01-06,ACC0000006637,462218.44,23220.04,11917.75,473520.73,NPR
2026-01-06,ACC0000006638,90022.31,12387.72,33876.31,68533.72,NPR
2026-01-06,ACC0000006639,397753.78,0.0,0.0,397753.78,NPR
2026-01-06,ACC0000006640,115813.17,40218.12,30089.73,125941.56,NPR
2026-01-06,ACC0000006641,131273.17,0.0,0.0,131273.17,NPR
2026-01-06,ACC0000006642,454399.96,0.0,0.0,454399.96,NPR
2026-01-06,ACC0000006643,271962.68,13178.33,52543.48,232597.53,NPR
2026-01-06,ACC0000006644,334334.79,38251.51,88980.93,283605.37,NPR
2026-01-06,ACC0000006645,397881.39,0.0,0.0,397881.39,NPR
2026-01-06,ACC0000006646,493204.59,0.0,0.0,493204.59,NPR
2026-01-06,ACC0000006647,394018.66,0.0,0.0,394018.66,NPR
2026-01-06,ACC0000006648,274442.2,0.0,69373.39,205068.81,NPR
2026-01-06,ACC0000006649,157139.21,0.0,16257.21,140882.0,NPR
2026-01-06,ACC0000006650,131075.6,30423.08,51667.14,109831.54,NPR
2026-01-06,ACC0000006651,384849.94,0.0,0.0,384849.94,NPR
2026-01-06,ACC0000006652,284094.11,0.0,93105.23,190988.88,NPR
2026-01-06,ACC0000006653,423302.99,60983.6,59902.13,424384.46,NPR
2026-01-06,ACC0000006654,205415.55,0.0,86577.61,118837.94,NPR
2026-01-06,ACC0000006655,390352.75,0.0,22064.56,368288.19,NPR
2026-01-06,ACC0000006656,259356.48,49116.16,112046.44,196426.2,NPR
2026-01-06,ACC0000006657,427417.65,0.0,0.0,427417.65,NPR
2026-01-06,ACC0000006658,472534.87,0.0,0.0,472534.87,NPR
2026-01-06,ACC0000006659,250996.3,40728.34,0.0,291724.64,NPR
2026-01-06,ACC0000006660,71193.84,0.0,0.0,71193.84,NPR
2026-01-06,ACC0000006661,415930.73,19817.44,0.0,435748.17,NPR
2026-01-06,ACC0000006662,361672.46,40725.7,0.0,402398.16,NPR
2026-01-06,ACC0000006663,284745.76,0.0,0.0,284745.76,NPR
2026-01-06,ACC0000006664,186304.84,0.0,84997.7,101307.14,NPR
2026-01-06,ACC0000006665,443022.47,0.0,14621.37,428401.1,NPR
2026-01-06,ACC0000006666,94111.99,32384.11,59528.06,66968.04,NPR
2026-01-06,ACC0000006667,321525.12,39458.03,8731.91,352251.24,NPR
2026-01-06,ACC0000006668,84600.51,18742.3,38552.03,64790.78,NPR
2026-01-06,ACC0000006669,264054.99,0.0,12296.99,251758.0,NPR
2026-01-06,ACC0000006670,69033.85,0.0,104680.64,-35646.79,NPR
2026-01-06,ACC0000006671,183032.38,0.0,0.0,183032.38,NPR
2026-01-06,ACC0000006672,266990.36,0.0,0.0,266990.36,NPR
2026-01-06,ACC0000006673,93714.84,0.0,0.0,93714.84,NPR
2026-01-06,ACC0000006674,355784.5,21755.78,91653.75,285886.53,NPR
2026-01-06,ACC0000006675,111101.64,0.0,0.0,111101.64,NPR
2026-01-06,ACC0000006676,329857.09,0.0,47851.9,282005.19,NPR
2026-01-06,ACC0000006677,316812.42,2180.13,109124.92,209867.63,NPR
2026-01-06,ACC0000006678,189106.51,0.0,0.0,189106.51,NPR
2026-01-06,ACC0000006679,135342.93,44413.25,50847.62,128908.56,NPR
2026-01-06,ACC0000006680,43482.22,33311.2,0.0,76793.42,NPR
2026-01-06,ACC0000006681,39180.67,0.0,109756.44,-70575.77,NPR
2026-01-06,ACC0000006682,184442.21,34738.96,60701.69,158479.48,NPR
2026-01-06,ACC0000006683,328956.6,4092.06,70816.86,262231.8,NPR
2026-01-06,ACC0000006684,76240.2,0.0,42505.7,33734.5,NPR
2026-01-06,ACC0000006685,297834.86,0.0,0.0,297834.86,NPR
2026-01-06,ACC0000006686,178390.44,0.0,0.0,178390.44,NPR
2026-01-06,ACC0000006687,65925.99,0.0,118031.79,-52105.8,NPR
2026-01-06,ACC0000006688,295472.88,0.0,106516.4,188956.48,NPR
2026-01-06,ACC0000006689,190908.38,0.0,45955.63,144952.75,NPR
2026-01-06,ACC0000006690,377426.42,0.0,0.0,377426.42,NPR
2026-01-06,ACC0000006691,406237.83,0.0,34109.18,372128.65,NPR
2026-01-06,ACC0000006692,177128.26,0.0,99520.19,77608.07,NPR
2026-01-06,ACC0000006693,413972.76,0.0,82358.53,331614.23,NPR
2026-01-06,ACC0000006694,248321.22,0.0,12937.88,235383.34,NPR
2026-01-06,ACC0000006695,256537.03,9210.79,0.0,265747.82,NPR
2026-01-06,ACC0000006696,381058.43,0.0,30358.07,350700.36,NPR
2026-01-06,ACC0000006697,451305.05,0.0,49101.7,402203.35,NPR
2026-01-06,ACC0000006698,336570.65,12491.15,104754.44,244307.36,NPR
2026-01-06,ACC0000006699,221917.47,42359.93,152278.79,111998.61,NPR
2026-01-06,ACC0000006700,137285.42,0.0,100903.42,36382.0,NPR
2026-01-06,ACC0000006701,327234.65,0.0,48927.73,278306.92,NPR
2026-01-06,ACC0000006702,88524.92,14437.57,18187.59,84774.9,NPR
2026-01-06,ACC0000006703,407172.22,0.0,43176.57,363995.65,NPR
2026-01-06,ACC0000006704,459664.37,0.0,0.0,459664.37,NPR
2026-01-06,ACC0000006705,52467.94,0.0,0.0,52467.94,NPR
2026-01-06,ACC0000006706,240868.0,15238.83,46559.06,209547.77,NPR
2026-01-06,ACC0000006707,178614.77,160.57,18492.34,160283.0,NPR
2026-01-06,ACC0000006708,101789.75,74017.7,69679.1,106128.35,NPR
2026-01-06,ACC0000006709,432628.86,0.0,47981.17,384647.69,NPR
2026-01-06,ACC0000006710,298197.23,1238.56,94389.42,205046.37,NPR
2026-01-06,ACC0000006711,169101.21,90607.65,21030.6,238678.26,NPR
2026-01-06,ACC0000006712,217056.72,31358.94,0.0,248415.66,NPR
2026-01-06,ACC0000006713,48356.39,0.0,0.0,48356.39,NPR
2026-01-06,ACC0000006714,140657.85,0.0,0.0,140657.85,NPR
2026-01-06,ACC0000006715,456474.68,36643.64,71283.03,421835.29,NPR
2026-01-06,ACC0000006716,323499.25,0.0,54314.05,269185.2,NPR
2026-01-06,ACC0000006717,150144.45,12658.22,45591.67,117211.0,NPR
2026-01-06,ACC0000006718,296023.61,0.0,104131.33,191892.28,NPR
2026-01-06,ACC0000006719,149335.23,0.0,0.0,149335.23,NPR
2026-01-06,ACC0000006720,12081.18,92372.63,80784.59,23669.22,NPR
2026-01-06,ACC0000006721,126619.56,0.0,0.0,126619.56,NPR
2026-01-06,ACC0000006722,461675.62,0.0,95614.39,366061.23,NPR
2026-01-06,ACC0000006723,197994.37,0.0,58919.5,139074.87,NPR
2026-01-06,ACC0000006724,330519.14,0.0,0.0,330519.14,NPR
2026-01-06,ACC0000006725,55334.31,48538.42,0.0,103872.73,NPR
2026-01-06,ACC0000006726,89326.02,41629.37,3876.39,127079.0,NPR
2026-01-06,ACC0000006727,62339.88,0.0,30380.93,31958.95,NPR
2026-01-06,ACC0000006728,116179.96,0.0,83705.2,32474.76,NPR
2026-01-06,ACC0000006729,471304.3,0.0,0.0,471304.3,NPR
2026-01-06,ACC0000006730,140823.21,29891.22,3198.48,167515.95,NPR
2026-01-06,ACC0000006731,224558.34,0.0,81981.8,142576.54,NPR
2026-01-06,ACC0000006732,67715.25,81801.31,0.0,149516.56,NPR
2026-01-06,ACC0000006733,174315.27,0.0,3623.92,170691.35,NPR
2026-01-06,ACC0000006734,316635.49,0.0,47199.56,269435.93,NPR
2026-01-06,ACC0000006735,46446.55,0.0,0.0,46446.55,NPR
2026-01-06,ACC0000006736,137504.01,41711.35,29999.31,149216.05,NPR
2026-01-06,ACC0000006737,30377.81,58372.13,76881.88,11868.06,NPR
2026-01-06,ACC0000006738,377084.34,0.0,48302.51,328781.83,NPR
2026-01-06,ACC0000006739,148527.4,47001.66,33411.75,162117.31,NPR
2026-01-06,ACC0000006740,214854.17,43811.93,53018.1,205648.0,NPR
2026-01-06,ACC0000006741,360860.28,37770.87,148388.32,250242.83,NPR
2026-01-06,ACC0000006742,447161.97,45.55,68297.7,378909.82,NPR
2026-01-06,ACC0000006743,341608.46,0.0,64859.4,276749.06,NPR
2026-01-06,ACC0000006744,145993.77,9621.27,29942.23,125672.81,NPR
2026-01-06,ACC0000006745,445510.14,18286.21,139181.14,324615.21,NPR
2026-01-06,ACC0000006746,79167.96,0.0,40096.83,39071.13,NPR
2026-01-06,ACC0000006747,203261.48,0.0,0.0,203261.48,NPR
2026-01-06,ACC0000006748,373886.13,46331.93,25052.07,395165.99,NPR
2026-01-06,ACC0000006749,35414.24,0.0,5831.11,29583.13,NPR
2026-01-06,ACC0000006750,167122.29,0.0,27501.14,139621.15,NPR
2026-01-06,ACC0000006751,446523.34,23554.99,0.0,470078.33,NPR
2026-01-06,ACC0000006752,303791.25,0.0,0.0,303791.25,NPR
2026-01-06,ACC0000006753,186449.28,38795.01,31758.91,193485.38,NPR
2026-01-06,ACC0000006754,149257.88,33343.89,0.0,182601.77,NPR
2026-01-06,ACC0000006755,485196.22,0.0,15419.72,469776.5,NPR
2026-01-06,ACC0000006756,236309.56,0.0,201617.43,34692.13,NPR
2026-01-06,ACC0000006757,22924.91,0.0,43524.67,-20599.76,NPR
2026-01-06,ACC0000006758,362976.3,0.0,0.0,362976.3,NPR
2026-01-06,ACC0000006759,88512.26,0.0,88579.22,-66.96,NPR
2026-01-06,ACC0000006760,463168.7,1779.29,15052.9,449895.09,NPR
2026-01-06,ACC0000006761,174161.92,0.0,94659.52,79502.4,NPR
2026-01-06,ACC0000006762,280299.7,0.0,0.0,280299.7,NPR
2026-01-06,ACC0000006763,497868.71,0.0,0.0,497868.71,NPR
2026-01-06,ACC0000006764,17656.25,20839.04,88015.9,-49520.61,NPR
2026-01-06,ACC0000006765,27413.0,0.0,0.0,27413.0,NPR
2026-01-06,ACC0000006766,417043.82,48767.72,33552.9,432258.64,NPR
2026-01-06,ACC0000006767,398350.14,0.0,125201.9,273148.24,NPR
2026-01-06,ACC0000006768,419166.6,0.0,157696.61,261469.99,NPR
2026-01-06,ACC0000006769,351144.69,43895.13,33572.51,361467.31,NPR
2026-01-06,ACC0000006770,149200.28,394.66,29043.06,120551.88,NPR
2026-01-06,ACC0000006771,284013.32,0.0,0.0,284013.32,NPR
2026-01-06,ACC0000006772,192497.38,13647.29,2128.19,204016.48,NPR
2026-01-06,ACC0000006773,493746.13,0.0,66692.04,427054.09,NPR
2026-01-06,ACC0000006774,479989.01,83879.05,110101.17,453766.89,NPR
2026-01-06,ACC0000006775,105460.22,0.0,35401.26,70058.96,NPR
2026-01-06,ACC0000006776,82417.64,0.0,0.0,82417.64,NPR
2026-01-06,ACC0000006777,497670.2,0.0,0.0,497670.2,NPR
2026-01-06,ACC0000006778,64161.45,0.0,1349.95,62811.5,NPR
2026-01-06,ACC0000006779,473182.41,0.0,92152.24,381030.17,NPR
2026-01-06,ACC0000006780,59482.67,0.0,0.0,59482.67,NPR
2026-01-06,ACC0000006781,192901.59,0.0,65524.45,127377.14,NPR
2026-01-06,ACC0000006782,285820.97,0.0,0.0,285820.97,NPR
2026-01-06,ACC0000006783,450451.74,0.0,90991.25,359460.49,NPR
2026-01-06,ACC0000006784,100728.33,0.0,3171.05,97557.28,NPR
2026-01-06,ACC0000006785,411077.94,1869.59,87399.08,325548.45,NPR
2026-01-06,ACC0000006786,180404.24,0.0,74707.02,105697.22,NPR
2026-01-06,ACC0000006787,186467.86,20542.76,0.0,207010.62,NPR
2026-01-06,ACC0000006788,348252.6,0.0,98075.44,250177.16,NPR
2026-01-06,ACC0000006789,106636.07,0.0,47716.33,58919.74,NPR
2026-01-06,ACC0000006790,69891.19,0.0,0.0,69891.19,NPR
2026-01-06,ACC0000006791,161694.28,6571.58,0.0,168265.86,NPR
2026-01-06,ACC0000006792,117218.48,0.0,90300.41,26918.07,NPR
2026-01-06,ACC0000006793,312073.85,0.0,89862.93,222210.92,NPR
2026-01-06,ACC0000006794,71739.6,67134.67,35836.55,103037.72,NPR
2026-01-06,ACC0000006795,305276.68,24994.53,91457.9,238813.31,NPR
2026-01-06,ACC0000006796,119229.28,29681.12,115545.98,33364.42,NPR
2026-01-06,ACC0000006797,37411.0,0.0,89423.41,-52012.41,NPR
2026-01-06,ACC0000006798,205102.93,41981.68,82499.74,164584.87,NPR
2026-01-06,ACC0000006799,320346.94,7770.43,7612.56,320504.81,NPR
2026-01-06,ACC0000006800,221354.14,0.0,0.0,221354.14,NPR
2026-01-06,ACC0000006801,381698.82,15685.7,65865.55,331518.97,NPR
2026-01-06,ACC0000006802,108489.6,0.0,87640.08,20849.52,NPR
2026-01-06,ACC0000006803,110479.39,0.0,0.0,110479.39,NPR
2026-01-06,ACC0000006804,87553.22,0.0,42226.9,45326.32,NPR
2026-01-06,ACC0000006805,443485.41,0.0,173685.92,269799.49,NPR
2026-01-06,ACC0000006806,230639.02,50750.62,39866.5,241523.14,NPR
2026-01-06,ACC0000006807,26905.19,41815.95,66746.86,1974.28,NPR
2026-01-06,ACC0000006808,366389.87,43056.4,60722.31,348723.96,NPR
2026-01-06,ACC0000006809,283286.36,28751.28,15347.02,296690.62,NPR
2026-01-06,ACC0000006810,362883.05,0.0,35256.34,327626.71,NPR
2026-01-06,ACC0000006811,48705.17,36449.71,28231.95,56922.93,NPR
2026-01-06,ACC0000006812,387180.47,0.0,0.0,387180.47,NPR
2026-01-06,ACC0000006813,439368.78,0.0,34781.86,404586.92,NPR
2026-01-06,ACC0000006814,266079.26,0.0,1215.36,264863.9,NPR
2026-01-06,ACC0000006815,384105.47,0.0,22912.15,361193.32,NPR
2026-01-06,ACC0000006816,495280.85,41395.56,62488.51,474187.9,NPR
2026-01-06,ACC0000006817,390140.85,46906.23,0.0,437047.08,NPR
2026-01-06,ACC0000006818,408965.43,0.0,46319.26,362646.17,NPR
2026-01-06,ACC0000006819,458589.09,0.0,87737.43,370851.66,NPR
2026-01-06,ACC0000006820,342977.26,20122.61,45903.13,317196.74,NPR
2026-01-06,ACC0000006821,254661.55,21923.3,48769.43,227815.42,NPR
2026-01-06,ACC0000006822,358880.24,57260.74,64852.97,351288.01,NPR
2026-01-06,ACC0000006823,241144.52,0.0,16524.05,224620.47,NPR
2026-01-06,ACC0000006824,487758.76,0.0,0.0,487758.76,NPR
2026-01-06,ACC0000006825,146555.68,18544.95,12195.57,152905.06,NPR
2026-01-06,ACC0000006826,492051.08,0.0,35173.7,456877.38,NPR
2026-01-06,ACC0000006827,329120.02,0.0,0.0,329120.02,NPR
2026-01-06,ACC0000006828,459153.24,41401.06,60536.7,440017.6,NPR
2026-01-06,ACC0000006829,345900.53,0.0,0.0,345900.53,NPR
2026-01-06,ACC0000006830,290042.52,33294.43,28459.03,294877.92,NPR
2026-01-06,ACC0000006831,418326.29,0.0,0.0,418326.29,NPR
2026-01-06,ACC0000006832,261731.98,33836.13,29275.79,266292.32,NPR
2026-01-06,ACC0000006833,18726.59,0.0,43294.57,-24567.98,NPR
2026-01-06,ACC0000006834,125580.44,39883.39,92295.22,73168.61,NPR
2026-01-06,ACC0000006835,310907.56,21417.63,9200.67,323124.52,NPR
2026-01-06,ACC0000006836,348872.33,24130.51,90339.25,282663.59,NPR
2026-01-06,ACC0000006837,45356.45,0.0,0.0,45356.45,NPR
2026-01-06,ACC0000006838,303278.83,32830.89,27170.28,308939.44,NPR
2026-01-06,ACC0000006839,52570.59,39173.03,35301.22,56442.4,NPR
2026-01-06,ACC0000006840,9719.55,0.0,0.0,9719.55,NPR
2026-01-06,ACC0000006841,112078.05,14372.34,10892.7,115557.69,NPR
2026-01-06,ACC0000006842,233833.46,0.0,37322.7,196510.76,NPR
2026-01-06,ACC0000006843,205973.83,0.0,13665.57,192308.26,NPR
2026-01-06,ACC0000006844,317250.85,0.0,50472.35,266778.5,NPR
2026-01-06,ACC0000006845,445128.49,4268.34,7386.38,442010.45,NPR
2026-01-06,ACC0000006846,447210.02,0.0,0.0,447210.02,NPR
2026-01-06,ACC0000006847,479016.91,37778.56,117885.07,398910.4,NPR
2026-01-06,ACC0000006848,297823.69,0.0,0.0,297823.69,NPR
2026-01-06,ACC0000006849,197983.5,0.0,71539.39,126444.11,NPR
2026-01-06,ACC0000006850,95964.32,42885.4,55760.13,83089.59,NPR
2026-01-06,ACC0000006851,15520.96,14020.84,75582.41,-46040.61,NPR
2026-01-06,ACC0000006852,498313.8,47289.54,218829.36,326773.98,NPR
2026-01-06,ACC0000006853,461949.44,19754.1,66817.64,414885.9,NPR
2026-01-06,ACC0000006854,139522.57,0.0,90507.71,49014.86,NPR
2026-01-06,ACC0000006855,189901.77,13372.06,45272.79,158001.04,NPR
2026-01-06,ACC0000006856,283473.76,41954.33,137844.28,187583.81,NPR
2026-01-06,ACC0000006857,60339.15,0.0,10075.98,50263.17,NPR
2026-01-06,ACC0000006858,492761.13,0.0,0.0,492761.13,NPR
2026-01-06,ACC0000006859,73865.65,18125.35,70953.44,21037.56,NPR
2026-01-06,ACC0000006860,165978.55,0.0,58691.81,107286.74,NPR
2026-01-06,ACC0000006861,113666.05,62571.59,185879.24,-9641.6,NPR
2026-01-06,ACC0000006862,423976.28,47814.39,9643.96,462146.71,NPR
2026-01-06,ACC0000006863,356325.78,29679.57,14955.38,371049.97,NPR
2026-01-06,ACC0000006864,144550.81,0.0,21361.97,123188.84,NPR
2026-01-06,ACC0000006865,341306.25,47695.31,27447.05,361554.51,NPR
2026-01-06,ACC0000006866,306318.24,47527.63,0.0,353845.87,NPR
2026-01-06,ACC0000006867,315098.04,0.0,74748.55,240349.49,NPR
2026-01-06,ACC0000006868,442781.5,0.0,0.0,442781.5,NPR
2026-01-06,ACC0000006869,8590.54,0.0,64551.99,-55961.45,NPR
2026-01-06,ACC0000006870,77415.59,0.0,54081.15,23334.44,NPR
2026-01-06,ACC0000006871,440969.16,46291.82,51861.16,435399.82,NPR
2026-01-06,ACC0000006872,348385.96,0.0,75565.77,272820.19,NPR
2026-01-06,ACC0000006873,186705.78,15326.15,72847.49,129184.44,NPR
2026-01-06,ACC0000006874,255436.4,32065.44,8898.78,278603.06,NPR
2026-01-06,ACC0000006875,221800.87,0.0,86458.35,135342.52,NPR
2026-01-06,ACC0000006876,158436.9,0.0,47240.06,111196.84,NPR
2026-01-06,ACC0000006877,374398.89,0.0,73423.55,300975.34,NPR
2026-01-06,ACC0000006878,363789.78,82042.23,36143.92,409688.09,NPR
2026-01-06,ACC0000006879,75590.03,42243.52,0.0,117833.55,NPR
2026-01-06,ACC0000006880,161856.63,52607.59,54669.1,159795.12,NPR
2026-01-06,ACC0000006881,44656.4,14634.27,22660.55,36630.12,NPR
2026-01-06,ACC0000006882,81163.25,0.0,0.0,81163.25,NPR
2026-01-06,ACC0000006883,364511.08,0.0,0.0,364511.08,NPR
2026-01-06,ACC0000006884,338787.24,0.0,46337.25,292449.99,NPR
2026-01-06,ACC0000006885,121100.29,0.0,0.0,121100.29,NPR
2026-01-06,ACC0000006886,392546.6,0.0,0.0,392546.6,NPR
2026-01-06,ACC0000006887,21175.85,0.0,0.0,21175.85,NPR
2026-01-06,ACC0000006888,286635.32,34.15,50285.95,236383.52,NPR
2026-01-06,ACC0000006889,194437.65,0.0,0.0,194437.65,NPR
2026-01-06,ACC0000006890,394218.19,0.0,34767.29,359450.9,NPR
2026-01-06,ACC0000006891,480970.57,0.0,119099.51,361871.06,NPR
2026-01-06,ACC0000006892,53758.22,0.0,0.0,53758.22,NPR
2026-01-06,ACC0000006893,308844.16,0.0,72725.55,236118.61,NPR
2026-01-06,ACC0000006894,351142.05,0.0,47484.63,303657.42,NPR
2026-01-06,ACC0000006895,128713.21,29615.64,49862.47,108466.38,NPR
2026-01-06,ACC0000006896,247419.49,18396.81,62220.52,203595.78,NPR
2026-01-06,ACC0000006897,304529.95,14538.96,66962.07,252106.84,NPR
2026-01-06,ACC0000006898,359686.28,42061.64,37503.74,364244.18,NPR
2026-01-06,ACC0000006899,8932.87,0.0,41330.38,-32397.51,NPR
2026-01-06,ACC0000006900,1161.79,1652.17,74463.73,-71649.77,NPR
2026-01-06,ACC0000006901,73272.68,0.0,94616.96,-21344.28,NPR
2026-01-06,ACC0000006902,302100.68,0.0,0.0,302100.68,NPR
2026-01-06,ACC0000006903,68806.45,0.0,49694.87,19111.58,NPR
2026-01-06,ACC0000006904,455957.62,35729.26,0.0,491686.88,NPR
2026-01-06,ACC0000006905,210321.76,3519.87,0.0,213841.63,NPR
2026-01-06,ACC0000006906,372936.43,0.0,0.0,372936.43,NPR
2026-01-06,ACC0000006907,325346.91,26941.8,20415.42,331873.29,NPR
2026-01-06,ACC0000006908,25336.5,0.0,0.0,25336.5,NPR
2026-01-06,ACC0000006909,309502.81,0.0,64719.07,244783.74,NPR
2026-01-06,ACC0000006910,212540.28,59546.3,98522.38,173564.2,NPR
2026-01-06,ACC0000006911,350296.2,0.0,33156.32,317139.88,NPR
2026-01-06,ACC0000006912,20309.75,0.0,30655.36,-10345.61,NPR
2026-01-06,ACC0000006913,375535.18,0.0,66148.73,309386.45,NPR
2026-01-06,ACC0000006914,24510.44,0.0,20452.79,4057.65,NPR
2026-01-06,ACC0000006915,353024.18,24890.08,87216.23,290698.03,NPR
2026-01-06,ACC0000006916,235524.71,4516.55,59629.12,180412.14,NPR
2026-01-06,ACC0000006917,4723.42,96253.52,4558.44,96418.5,NPR
2026-01-06,ACC0000006918,268041.68,34713.99,168822.78,133932.89,NPR
2026-01-06,ACC0000006919,486901.6,0.0,94449.57,392452.03,NPR
2026-01-06,ACC0000006920,351545.44,0.0,5918.22,345627.22,NPR
2026-01-06,ACC0000006921,418202.04,0.0,31978.84,386223.2,NPR
2026-01-06,ACC0000006922,372366.87,0.0,36176.11,336190.76,NPR
2026-01-06,ACC0000006923,187970.78,0.0,0.0,187970.78,NPR
2026-01-06,ACC0000006924,44351.12,0.0,115751.81,-71400.69,NPR
2026-01-06,ACC0000006925,343060.94,36647.99,40252.45,339456.48,NPR
2026-01-06,ACC0000006926,456578.9,58435.39,131323.8,383690.49,NPR
2026-01-06,ACC0000006927,230817.36,0.0,114491.59,116325.77,NPR
2026-01-06,ACC0000006928,42706.93,0.0,62282.89,-19575.96,NPR
2026-01-06,ACC0000006929,305869.84,0.0,39163.09,266706.75,NPR
2026-01-06,ACC0000006930,214161.86,49977.43,21622.71,242516.58,NPR
2026-01-06,ACC0000006931,364956.59,0.0,0.0,364956.59,NPR
2026-01-06,ACC0000006932,406284.05,53015.63,0.0,459299.68,NPR
2026-01-06,ACC0000006933,131139.67,0.0,46173.61,84966.06,NPR
2026-01-06,ACC0000006934,190842.33,0.0,0.0,190842.33,NPR
2026-01-06,ACC0000006935,283518.71,17686.26,6529.35,294675.62,NPR
2026-01-06,ACC0000006936,179079.27,30098.0,0.0,209177.27,NPR
2026-01-06,ACC0000006937,158840.28,0.0,0.0,158840.28,NPR
2026-01-06,ACC0000006938,281856.18,12848.23,45430.2,249274.21,NPR
2026-01-06,ACC0000006939,321058.94,0.0,40780.7,280278.24,NPR
2026-01-06,ACC0000006940,22129.28,0.0,38655.81,-16526.53,NPR
2026-01-06,ACC0000006941,395693.22,0.0,60844.21,334849.01,NPR
2026-01-06,ACC0000006942,274517.97,23098.03,49630.22,247985.78,NPR
2026-01-06,ACC0000006943,70805.4,0.0,32818.72,37986.68,NPR
2026-01-06,ACC0000006944,231011.39,0.0,0.0,231011.39,NPR
2026-01-06,ACC0000006945,3055.57,16910.14,0.0,19965.71,NPR
2026-01-06,ACC0000006946,438712.03,0.0,8685.53,430026.5,NPR
2026-01-06,ACC0000006947,2158.82,27083.04,119894.63,-90652.77,NPR
2026-01-06,ACC0000006948,100036.62,35004.78,42943.42,92097.98,NPR
2026-01-06,ACC0000006949,438253.17,0.0,87908.66,350344.51,NPR
2026-01-06,ACC0000006950,342521.72,51864.77,37206.1,357180.39,NPR
2026-01-06,ACC0000006951,242137.67,29222.64,51746.26,219614.05,NPR
2026-01-06,ACC0000006952,232383.19,38228.25,15370.99,255240.45,NPR
2026-01-06,ACC0000006953,143335.86,27255.1,44997.88,125593.08,NPR
2026-01-06,ACC0000006954,191667.08,0.0,44347.86,147319.22,NPR
2026-01-06,ACC0000006955,86216.1,43562.32,46414.67,83363.75,NPR
2026-01-06,ACC0000006956,359701.36,0.0,0.0,359701.36,NPR
2026-01-06,ACC0000006957,405162.6,0.0,0.0,405162.6,NPR
2026-01-06,ACC0000006958,464716.63,33786.07,11373.35,487129.35,NPR
2026-01-06,ACC0000006959,112668.17,32396.9,40976.56,104088.51,NPR
2026-01-06,ACC0000006960,162255.09,0.0,0.0,162255.09,NPR
2026-01-06,ACC0000006961,16977.86,0.0,0.0,16977.86,NPR
2026-01-06,ACC0000006962,193833.36,0.0,0.0,193833.36,NPR
2026-01-06,ACC0000006963,256835.9,0.0,47393.06,209442.84,NPR
2026-01-06,ACC0000006964,106441.08,0.0,47030.45,59410.63,NPR
2026-01-06,ACC0000006965,457642.85,0.0,121349.57,336293.28,NPR
2026-01-06,ACC0000006966,474805.93,0.0,0.0,474805.93,NPR
2026-01-06,ACC0000006967,340030.52,0.0,63870.61,276159.91,NPR
2026-01-06,ACC0000006968,85626.26,0.0,0.0,85626.26,NPR
2026-01-06,ACC0000006969,266954.1,0.0,68492.36,198461.74,NPR
2026-01-06,ACC0000006970,176219.57,0.0,54923.03,121296.54,NPR
2026-01-06,ACC0000006971,160237.16,0.0,68296.27,91940.89,NPR
2026-01-06,ACC0000006972,199930.82,0.0,0.0,199930.82,NPR
2026-01-06,ACC0000006973,222256.86,0.0,70327.2,151929.66,NPR
2026-01-06,ACC0000006974,132939.08,31152.92,78329.96,85762.04,NPR
2026-01-06,ACC0000006975,334908.54,0.0,11863.26,323045.28,NPR
2026-01-06,ACC0000006976,492543.17,75361.25,21050.4,546854.02,NPR
2026-01-06,ACC0000006977,215398.45,0.0,0.0,215398.45,NPR
2026-01-06,ACC0000006978,460117.12,40077.17,8989.97,491204.32,NPR
2026-01-06,ACC0000006979,310299.53,0.0,124504.03,185795.5,NPR
2026-01-06,ACC0000006980,397424.23,0.0,17255.34,380168.89,NPR
2026-01-06,ACC0000006981,331775.33,0.0,0.0,331775.33,NPR
2026-01-06,ACC0000006982,375027.98,74254.48,62908.59,386373.87,NPR
2026-01-06,ACC0000006983,395315.4,43109.88,74523.5,363901.78,NPR
2026-01-06,ACC0000006984,235202.05,0.0,56355.05,178847.0,NPR
2026-01-06,ACC0000006985,315686.8,0.0,24611.08,291075.72,NPR
2026-01-06,ACC0000006986,277210.25,69327.7,58111.53,288426.42,NPR
2026-01-06,ACC0000006987,63602.96,6750.1,0.0,70353.06,NPR
2026-01-06,ACC0000006988,38982.55,14020.38,54713.42,-1710.49,NPR
2026-01-06,ACC0000006989,261978.82,0.0,0.0,261978.82,NPR
2026-01-06,ACC0000006990,10283.17,0.0,0.0,10283.17,NPR
2026-01-06,ACC0000006991,221832.28,11369.7,72765.13,160436.85,NPR
2026-01-06,ACC0000006992,62270.98,65496.3,47660.43,80106.85,NPR
2026-01-06,ACC0000006993,324881.1,38151.29,36091.41,326940.98,NPR
2026-01-06,ACC0000006994,373662.8,0.0,67707.38,305955.42,NPR
2026-01-06,ACC0000006995,320562.16,0.0,0.0,320562.16,NPR
2026-01-06,ACC0000006996,123896.44,0.0,103311.11,20585.33,NPR
2026-01-06,ACC0000006997,226928.96,3606.66,134405.77,96129.85,NPR
2026-01-06,ACC0000006998,283910.15,0.0,80801.53,203108.62,NPR
2026-01-06,ACC0000006999,68294.1,0.0,35624.79,32669.31,NPR
2026-01-06,ACC0000007000,409262.24,2118.97,34822.08,376559.13,NPR
2026-01-06,ACC0000007001,165392.35,0.0,62766.23,102626.12,NPR
2026-01-06,ACC0000007002,406251.75,0.0,0.0,406251.75,NPR
2026-01-06,ACC0000007003,134517.97,0.0,44006.14,90511.83,NPR
2026-01-06,ACC0000007004,206597.04,4615.47,16702.61,194509.9,NPR
2026-01-06,ACC0000007005,370795.47,0.0,0.0,370795.47,NPR
2026-01-06,ACC0000007006,218942.22,0.0,39023.93,179918.29,NPR
2026-01-06,ACC0000007007,149090.65,0.0,0.0,149090.65,NPR
2026-01-06,ACC0000007008,381534.39,0.0,0.0,381534.39,NPR
2026-01-06,ACC0000007009,463202.5,34619.7,62626.05,435196.15,NPR
2026-01-06,ACC0000007010,486690.63,3591.34,82666.42,407615.55,NPR
2026-01-06,ACC0000007011,118100.47,0.0,10857.07,107243.4,NPR
2026-01-06,ACC0000007012,62921.42,4462.84,49936.33,17447.93,NPR
2026-01-06,ACC0000007013,32060.52,0.0,0.0,32060.52,NPR
2026-01-06,ACC0000007014,148542.22,0.0,52310.93,96231.29,NPR
2026-01-06,ACC0000007015,235571.66,22874.4,83445.32,175000.74,NPR
2026-01-06,ACC0000007016,251996.54,0.0,63807.63,188188.91,NPR
2026-01-06,ACC0000007017,72491.21,0.0,0.0,72491.21,NPR
2026-01-06,ACC0000007018,323422.11,0.0,0.0,323422.11,NPR
2026-01-06,ACC0000007019,70192.35,28647.6,0.0,98839.95,NPR
2026-01-06,ACC0000007020,40620.12,0.0,0.0,40620.12,NPR
2026-01-06,ACC0000007021,357193.58,0.0,47944.23,309249.35,NPR
2026-01-06,ACC0000007022,178027.17,23549.53,91678.17,109898.53,NPR
2026-01-06,ACC0000007023,296905.79,43120.99,0.0,340026.78,NPR
2026-01-06,ACC0000007024,9334.06,44556.28,22132.59,31757.75,NPR
2026-01-06,ACC0000007025,267950.11,0.0,0.0,267950.11,NPR
2026-01-06,ACC0000007026,422544.96,37814.08,141452.1,318906.94,NPR
2026-01-06,ACC0000007027,452018.01,15011.27,49489.57,417539.71,NPR
2026-01-06,ACC0000007028,56874.12,0.0,66631.15,-9757.03,NPR
2026-01-06,ACC0000007029,111308.2,0.0,41708.25,69599.95,NPR
2026-01-06,ACC0000007030,356225.94,0.0,14575.04,341650.9,NPR
2026-01-06,ACC0000007031,353347.14,0.0,193805.21,159541.93,NPR
2026-01-06,ACC0000007032,24391.74,0.0,25514.25,-1122.51,NPR
2026-01-06,ACC0000007033,444396.69,0.0,24839.8,419556.89,NPR
2026-01-06,ACC0000007034,289482.29,3500.89,68898.59,224084.59,NPR
2026-01-06,ACC0000007035,202949.43,12473.01,70486.1,144936.34,NPR
2026-01-06,ACC0000007036,343905.49,0.0,104439.03,239466.46,NPR
2026-01-06,ACC0000007037,432417.69,0.0,0.0,432417.69,NPR
2026-01-06,ACC0000007038,237738.52,72285.26,0.0,310023.78,NPR
2026-01-06,ACC0000007039,91720.42,11289.07,4337.34,98672.15,NPR
2026-01-06,ACC0000007040,341148.94,0.0,33086.67,308062.27,NPR
2026-01-06,ACC0000007041,145215.41,24543.41,9573.05,160185.77,NPR
2026-01-06,ACC0000007042,249316.79,38751.2,52265.33,235802.66,NPR
2026-01-06,ACC0000007043,69397.48,0.0,59741.82,9655.66,NPR
2026-01-06,ACC0000007044,206856.66,0.0,88281.23,118575.43,NPR
2026-01-06,ACC0000007045,474521.52,34820.47,189429.04,319912.95,NPR
2026-01-06,ACC0000007046,156784.85,0.0,31820.43,124964.42,NPR
2026-01-06,ACC0000007047,248809.85,2910.15,32434.68,219285.32,NPR
2026-01-06,ACC0000007048,83928.38,0.0,136821.57,-52893.19,NPR
2026-01-06,ACC0000007049,2410.15,0.0,113784.69,-111374.54,NPR
2026-01-06,ACC0000007050,251876.95,33776.85,0.0,285653.8,NPR
2026-01-06,ACC0000007051,412455.13,0.0,84441.84,328013.29,NPR
2026-01-06,ACC0000007052,360658.32,0.0,0.0,360658.32,NPR
2026-01-06,ACC0000007053,67325.02,0.0,56215.92,11109.1,NPR
2026-01-06,ACC0000007054,424627.91,0.0,91483.29,333144.62,NPR
2026-01-06,ACC0000007055,128739.05,0.0,0.0,128739.05,NPR
2026-01-06,ACC0000007056,207917.93,0.0,35745.49,172172.44,NPR
2026-01-06,ACC0000007057,417217.13,14515.25,93298.28,338434.1,NPR
2026-01-06,ACC0000007058,441441.92,44906.62,23982.63,462365.91,NPR
2026-01-06,ACC0000007059,95096.68,0.0,78074.19,17022.49,NPR
2026-01-06,ACC0000007060,184187.63,0.0,76370.81,107816.82,NPR
2026-01-06,ACC0000007061,123691.99,0.0,39008.49,84683.5,NPR
2026-01-06,ACC0000007062,107526.72,0.0,32314.55,75212.17,NPR
2026-01-06,ACC0000007063,269945.15,0.0,40785.79,229159.36,NPR
2026-01-06,ACC0000007064,313712.46,0.0,0.0,313712.46,NPR
2026-01-06,ACC0000007065,437992.01,0.0,58494.16,379497.85,NPR
2026-01-06,ACC0000007066,342122.21,27103.01,39753.43,329471.79,NPR
2026-01-06,ACC0000007067,345133.01,48745.31,0.0,393878.32,NPR
2026-01-06,ACC0000007068,30477.67,0.0,0.0,30477.67,NPR
2026-01-06,ACC0000007069,305225.51,19142.75,58418.33,265949.93,NPR
2026-01-06,ACC0000007070,276581.12,0.0,27680.36,248900.76,NPR
2026-01-06,ACC0000007071,108438.7,52091.86,143051.46,17479.1,NPR
2026-01-06,ACC0000007072,410221.66,8820.14,0.0,419041.8,NPR
2026-01-06,ACC0000007073,24355.46,0.0,0.0,24355.46,NPR
2026-01-06,ACC0000007074,391996.63,0.0,93672.23,298324.4,NPR
2026-01-06,ACC0000007075,201117.52,0.0,25151.95,175965.57,NPR
2026-01-06,ACC0000007076,74475.37,66139.93,73480.41,67134.89,NPR
2026-01-06,ACC0000007077,363083.39,0.0,0.0,363083.39,NPR
2026-01-06,ACC0000007078,441344.85,0.0,5414.81,435930.04,NPR
2026-01-06,ACC0000007079,358808.91,0.0,17974.09,340834.82,NPR
2026-01-06,ACC0000007080,226590.02,24092.82,40888.05,209794.79,NPR
2026-01-06,ACC0000007081,19581.71,25231.5,45848.55,-1035.34,NPR
2026-01-06,ACC0000007082,190896.69,35565.08,40109.95,186351.82,NPR
2026-01-06,ACC0000007083,388496.13,0.0,0.0,388496.13,NPR
2026-01-06,ACC0000007084,56291.91,24654.84,67536.97,13409.78,NPR
2026-01-06,ACC0000007085,415175.32,0.0,3655.95,411519.37,NPR
2026-01-06,ACC0000007086,300041.06,0.0,1113.76,298927.3,NPR
2026-01-06,ACC0000007087,172808.35,0.0,69318.93,103489.42,NPR
2026-01-06,ACC0000007088,343728.71,43589.38,43076.41,344241.68,NPR
2026-01-06,ACC0000007089,175153.03,0.0,117485.87,57667.16,NPR
2026-01-06,ACC0000007090,162329.9,17328.65,17528.41,162130.14,NPR
2026-01-06,ACC0000007091,444844.85,28395.72,12347.97,460892.6,NPR
2026-01-06,ACC0000007092,159164.57,0.0,50466.83,108697.74,NPR
2026-01-06,ACC0000007093,111421.32,0.0,46369.28,65052.04,NPR
2026-01-06,ACC0000007094,352779.75,14411.41,57428.11,309763.05,NPR
2026-01-06,ACC0000007095,310073.29,0.0,0.0,310073.29,NPR
2026-01-06,ACC0000007096,192996.65,36902.01,36554.38,193344.28,NPR
2026-01-06,ACC0000007097,40258.68,0.0,5193.49,35065.19,NPR
2026-01-06,ACC0000007098,421912.22,0.0,64283.59,357628.63,NPR
2026-01-06,ACC0000007099,178944.15,0.0,5344.62,173599.53,NPR
2026-01-06,ACC0000007100,178146.49,0.0,78743.09,99403.4,NPR
2026-01-06,ACC0000007101,83764.96,0.0,0.0,83764.96,NPR
2026-01-06,ACC0000007102,490301.24,0.0,74966.72,415334.52,NPR
2026-01-06,ACC0000007103,416140.73,0.0,9635.4,406505.33,NPR
2026-01-06,ACC0000007104,105428.67,0.0,85653.21,19775.46,NPR
2026-01-06,ACC0000007105,45269.69,0.0,20770.71,24498.98,NPR
2026-01-06,ACC0000007106,198088.64,15930.6,0.0,214019.24,NPR
2026-01-06,ACC0000007107,349167.47,33380.37,29307.68,353240.16,NPR
2026-01-06,ACC0000007108,403696.99,0.0,40817.9,362879.09,NPR
2026-01-06,ACC0000007109,97996.72,0.0,0.0,97996.72,NPR
2026-01-06,ACC0000007110,133133.92,41193.51,130864.22,43463.21,NPR
2026-01-06,ACC0000007111,313027.8,0.0,0.0,313027.8,NPR
2026-01-06,ACC0000007112,235435.0,0.0,76551.02,158883.98,NPR
2026-01-06,ACC0000007113,121674.45,7200.26,5449.19,123425.52,NPR
2026-01-06,ACC0000007114,66791.68,0.0,156812.01,-90020.33,NPR
2026-01-06,ACC0000007115,110602.16,0.0,79460.82,31141.34,NPR
2026-01-06,ACC0000007116,371281.81,0.0,41895.37,329386.44,NPR
2026-01-06,ACC0000007117,358730.38,0.0,42771.57,315958.81,NPR
2026-01-06,ACC0000007118,351350.44,0.0,19380.95,331969.49,NPR
2026-01-06,ACC0000007119,426435.76,0.0,0.0,426435.76,NPR
2026-01-06,ACC0000007120,91630.87,0.0,53705.11,37925.76,NPR
2026-01-06,ACC0000007121,124252.65,21636.0,118761.6,27127.05,NPR
2026-01-06,ACC0000007122,113012.83,0.0,93599.17,19413.66,NPR
2026-01-06,ACC0000007123,487642.23,28521.46,18690.02,497473.67,NPR
2026-01-06,ACC0000007124,497731.0,0.0,0.0,497731.0,NPR
2026-01-06,ACC0000007125,303954.48,0.0,0.0,303954.48,NPR
2026-01-06,ACC0000007126,250082.72,16308.23,22610.62,243780.33,NPR
2026-01-06,ACC0000007127,371708.5,0.0,0.0,371708.5,NPR
2026-01-06,ACC0000007128,218573.01,37450.38,57043.85,198979.54,NPR
2026-01-06,ACC0000007129,491388.55,7457.83,2828.76,496017.62,NPR
2026-01-06,ACC0000007130,168541.2,11251.88,28135.2,151657.88,NPR
2026-01-06,ACC0000007131,443611.97,0.0,48345.89,395266.08,NPR
2026-01-06,ACC0000007132,201724.62,0.0,11530.08,190194.54,NPR
2026-01-06,ACC0000007133,8717.74,0.0,67331.07,-58613.33,NPR
2026-01-06,ACC0000007134,493451.2,0.0,41711.34,451739.86,NPR
2026-01-06,ACC0000007135,369628.57,0.0,0.0,369628.57,NPR
2026-01-06,ACC0000007136,156446.32,0.0,0.0,156446.32,NPR
2026-01-06,ACC0000007137,459020.6,114477.26,88176.85,485321.01,NPR
2026-01-06,ACC0000007138,393470.17,0.0,0.0,393470.17,NPR
2026-01-06,ACC0000007139,67094.8,0.0,0.0,67094.8,NPR
2026-01-06,ACC0000007140,372075.05,0.0,34859.94,337215.11,NPR
2026-01-06,ACC0000007141,323916.29,0.0,61642.48,262273.81,NPR
2026-01-06,ACC0000007142,94368.31,0.0,0.0,94368.31,NPR
2026-01-06,ACC0000007143,339682.37,10403.59,8773.22,341312.74,NPR
2026-01-06,ACC0000007144,409566.62,27710.02,21123.23,416153.41,NPR
2026-01-06,ACC0000007145,336312.44,0.0,47384.47,288927.97,NPR
2026-01-06,ACC0000007146,69451.54,0.0,0.0,69451.54,NPR
2026-01-06,ACC0000007147,397691.35,0.0,41160.55,356530.8,NPR
2026-01-06,ACC0000007148,265636.74,0.0,0.0,265636.74,NPR
2026-01-06,ACC0000007149,114726.84,0.0,0.0,114726.84,NPR
2026-01-06,ACC0000007150,118960.84,22188.78,122112.92,19036.7,NPR
2026-01-06,ACC0000007151,445221.98,0.0,0.0,445221.98,NPR
2026-01-06,ACC0000007152,75784.92,0.0,0.0,75784.92,NPR
2026-01-06,ACC0000007153,118707.67,0.0,0.0,118707.67,NPR
2026-01-06,ACC0000007154,280500.69,27893.85,7552.3,300842.24,NPR
2026-01-06,ACC0000007155,220079.95,39412.71,63594.12,195898.54,NPR
2026-01-06,ACC0000007156,307946.03,4653.35,28820.67,283778.71,NPR
2026-01-06,ACC0000007157,55997.36,0.0,64933.04,-8935.68,NPR
2026-01-06,ACC0000007158,377785.36,0.0,41245.11,336540.25,NPR
2026-01-06,ACC0000007159,466554.94,0.0,0.0,466554.94,NPR
2026-01-06,ACC0000007160,242624.42,0.0,0.0,242624.42,NPR
2026-01-06,ACC0000007161,398567.65,0.0,5725.0,392842.65,NPR
2026-01-06,ACC0000007162,182319.81,0.0,0.0,182319.81,NPR
2026-01-06,ACC0000007163,378145.57,41811.44,62376.47,357580.54,NPR
2026-01-06,ACC0000007164,413805.4,0.0,0.0,413805.4,NPR
2026-01-06,ACC0000007165,244734.83,0.0,0.0,244734.83,NPR
2026-01-06,ACC0000007166,257850.02,29545.58,100944.84,186450.76,NPR
2026-01-06,ACC0000007167,355044.63,0.0,0.0,355044.63,NPR
2026-01-06,ACC0000007168,6007.94,0.0,65793.24,-59785.3,NPR
2026-01-06,ACC0000007169,211885.27,0.0,25812.85,186072.42,NPR
2026-01-06,ACC0000007170,446918.22,0.0,51354.04,395564.18,NPR
2026-01-06,ACC0000007171,20823.83,0.0,36344.8,-15520.97,NPR
2026-01-06,ACC0000007172,273130.67,0.0,0.0,273130.67,NPR
2026-01-06,ACC0000007173,156710.34,6609.8,0.0,163320.14,NPR
2026-01-06,ACC0000007174,168883.93,0.0,19016.75,149867.18,NPR
2026-01-06,ACC0000007175,410936.0,39718.52,52667.85,397986.67,NPR
2026-01-06,ACC0000007176,77342.86,60874.19,41404.93,96812.12,NPR
2026-01-06,ACC0000007177,47512.5,0.0,24903.86,22608.64,NPR
2026-01-06,ACC0000007178,246153.36,1843.01,179319.56,68676.81,NPR
2026-01-06,ACC0000007179,97772.65,0.0,0.0,97772.65,NPR
2026-01-06,ACC0000007180,128069.75,0.0,81221.54,46848.21,NPR
2026-01-06,ACC0000007181,380883.03,0.0,32139.6,348743.43,NPR
2026-01-06,ACC0000007182,425031.95,0.0,50813.13,374218.82,NPR
2026-01-06,ACC0000007183,164772.62,39129.36,95621.67,108280.31,NPR
2026-01-06,ACC0000007184,154448.38,0.0,0.0,154448.38,NPR
2026-01-06,ACC0000007185,498087.66,0.0,36302.63,461785.03,NPR
2026-01-06,ACC0000007186,286147.01,0.0,38087.99,248059.02,NPR
2026-01-06,ACC0000007187,315176.56,0.0,0.0,315176.56,NPR
2026-01-06,ACC0000007188,117354.2,0.0,134742.87,-17388.67,NPR
2026-01-06,ACC0000007189,168321.6,0.0,56369.13,111952.47,NPR
2026-01-06,ACC0000007190,212041.61,0.0,15374.18,196667.43,NPR
2026-01-06,ACC0000007191,181000.42,6537.19,52945.22,134592.39,NPR
2026-01-06,ACC0000007192,496934.1,10405.02,66124.8,441214.32,NPR
2026-01-06,ACC0000007193,12914.89,0.0,0.0,12914.89,NPR
2026-01-06,ACC0000007194,201188.43,30381.87,14378.96,217191.34,NPR
2026-01-06,ACC0000007195,236190.74,0.0,0.0,236190.74,NPR
2026-01-06,ACC0000007196,301318.8,0.0,0.0,301318.8,NPR
2026-01-06,ACC0000007197,192035.87,46492.05,45225.86,193302.06,NPR
2026-01-06,ACC0000007198,2124.76,0.0,0.0,2124.76,NPR
2026-01-06,ACC0000007199,248323.78,0.0,37704.99,210618.79,NPR
2026-01-06,ACC0000007200,275961.38,0.0,20313.27,255648.11,NPR
2026-01-06,ACC0000007201,440438.55,0.0,64933.31,375505.24,NPR
2026-01-06,ACC0000007202,475663.39,0.0,115718.0,359945.39,NPR
2026-01-06,ACC0000007203,115829.41,0.0,35524.49,80304.92,NPR
2026-01-06,ACC0000007204,123200.53,0.0,32134.07,91066.46,NPR
2026-01-06,ACC0000007205,329061.64,0.0,0.0,329061.64,NPR
2026-01-06,ACC0000007206,176244.98,0.0,51469.74,124775.24,NPR
2026-01-06,ACC0000007207,69461.54,0.0,0.0,69461.54,NPR
2026-01-06,ACC0000007208,12589.07,15568.37,20720.03,7437.41,NPR
2026-01-06,ACC0000007209,86069.46,0.0,103409.15,-17339.69,NPR
2026-01-06,ACC0000007210,18023.29,0.0,70801.3,-52778.01,NPR
2026-01-06,ACC0000007211,113846.79,5608.13,33954.97,85499.95,NPR
2026-01-06,ACC0000007212,18963.36,0.0,46691.06,-27727.7,NPR
2026-01-06,ACC0000007213,111409.06,0.0,0.0,111409.06,NPR
2026-01-06,ACC0000007214,50133.44,44345.26,36139.11,58339.59,NPR
2026-01-06,ACC0000007215,84123.25,37982.37,93151.83,28953.79,NPR
2026-01-06,ACC0000007216,112185.92,0.0,132077.02,-19891.1,NPR
2026-01-06,ACC0000007217,441374.92,0.0,81566.96,359807.96,NPR
2026-01-06,ACC0000007218,324752.99,0.0,0.0,324752.99,NPR
2026-01-06,ACC0000007219,435321.16,0.0,37172.95,398148.21,NPR
2026-01-06,ACC0000007220,351107.68,0.0,89450.22,261657.46,NPR
2026-01-06,ACC0000007221,200912.72,0.0,29416.93,171495.79,NPR
2026-01-06,ACC0000007222,115181.73,0.0,84158.23,31023.5,NPR
2026-01-06,ACC0000007223,42967.33,0.0,16376.04,26591.29,NPR
2026-01-06,ACC0000007224,137208.89,39665.61,44997.91,131876.59,NPR
2026-01-06,ACC0000007225,468802.27,47740.15,119639.03,396903.39,NPR
2026-01-06,ACC0000007226,431687.8,0.0,20455.57,411232.23,NPR
2026-01-06,ACC0000007227,239975.24,30600.9,13375.29,257200.85,NPR
2026-01-06,ACC0000007228,378961.52,66235.29,30135.67,415061.14,NPR
2026-01-06,ACC0000007229,84544.84,44275.8,28086.98,100733.66,NPR
2026-01-06,ACC0000007230,136774.1,22130.02,46374.47,112529.65,NPR
2026-01-06,ACC0000007231,52570.22,0.0,25432.78,27137.44,NPR
2026-01-06,ACC0000007232,392834.42,0.0,0.0,392834.42,NPR
2026-01-06,ACC0000007233,117981.95,0.0,71063.03,46918.92,NPR
2026-01-06,ACC0000007234,467043.14,43678.73,52145.81,458576.06,NPR
2026-01-06,ACC0000007235,106518.67,24077.26,63781.51,66814.42,NPR
2026-01-06,ACC0000007236,48047.06,0.0,16177.44,31869.62,NPR
2026-01-06,ACC0000007237,145616.01,0.0,38594.44,107021.57,NPR
2026-01-06,ACC0000007238,4781.3,0.0,33243.89,-28462.59,NPR
2026-01-06,ACC0000007239,73158.77,0.0,53426.7,19732.07,NPR
2026-01-06,ACC0000007240,252727.97,0.0,0.0,252727.97,NPR
2026-01-06,ACC0000007241,15053.47,0.0,102938.33,-87884.86,NPR
2026-01-06,ACC0000007242,105062.96,0.0,0.0,105062.96,NPR
2026-01-06,ACC0000007243,395729.59,45679.12,35114.41,406294.3,NPR
2026-01-06,ACC0000007244,327983.09,0.0,0.0,327983.09,NPR
2026-01-06,ACC0000007245,134300.27,0.0,146693.02,-12392.75,NPR
2026-01-06,ACC0000007246,244116.58,0.0,0.0,244116.58,NPR
2026-01-06,ACC0000007247,436883.8,0.0,16040.63,420843.17,NPR
2026-01-06,ACC0000007248,334582.33,10093.53,85527.47,259148.39,NPR
2026-01-06,ACC0000007249,134432.63,65057.67,13358.34,186131.96,NPR
2026-01-06,ACC0000007250,478616.44,4847.89,82646.35,400817.98,NPR
2026-01-06,ACC0000007251,98258.71,0.0,48095.76,50162.95,NPR
2026-01-06,ACC0000007252,73002.95,35287.25,0.0,108290.2,NPR
2026-01-06,ACC0000007253,467928.25,45668.64,21429.8,492167.09,NPR
2026-01-06,ACC0000007254,369607.4,38582.83,44420.29,363769.94,NPR
2026-01-06,ACC0000007255,191344.56,44364.58,16313.65,219395.49,NPR
2026-01-06,ACC0000007256,203191.56,0.0,0.0,203191.56,NPR
2026-01-06,ACC0000007257,69238.46,42443.73,95328.43,16353.76,NPR
2026-01-06,ACC0000007258,295196.08,24154.01,64201.28,255148.81,NPR
2026-01-06,ACC0000007259,56550.12,0.0,76812.43,-20262.31,NPR
2026-01-06,ACC0000007260,183686.26,0.0,48196.07,135490.19,NPR
2026-01-06,ACC0000007261,174724.09,0.0,57521.34,117202.75,NPR
2026-01-06,ACC0000007262,164887.31,0.0,74665.19,90222.12,NPR
2026-01-06,ACC0000007263,339077.36,32142.62,30747.01,340472.97,NPR
2026-01-06,ACC0000007264,446420.22,0.0,6801.57,439618.65,NPR
2026-01-06,ACC0000007265,272298.06,0.0,113526.6,158771.46,NPR
2026-01-06,ACC0000007266,378390.09,0.0,18792.36,359597.73,NPR
2026-01-06,ACC0000007267,268496.82,0.0,43443.94,225052.88,NPR
2026-01-06,ACC0000007268,293229.2,0.0,24078.72,269150.48,NPR
2026-01-06,ACC0000007269,69736.29,0.0,49550.54,20185.75,NPR
2026-01-06,ACC0000007270,26364.96,0.0,39080.52,-12715.56,NPR
2026-01-06,ACC0000007271,371774.08,17600.35,53178.39,336196.04,NPR
2026-01-06,ACC0000007272,176405.94,0.0,57326.3,119079.64,NPR
2026-01-06,ACC0000007273,306888.46,0.0,27497.59,279390.87,NPR
2026-01-06,ACC0000007274,26453.42,43892.91,19877.74,50468.59,NPR
2026-01-06,ACC0000007275,391871.01,0.0,39203.26,352667.75,NPR
2026-01-06,ACC0000007276,363579.94,0.0,0.0,363579.94,NPR
2026-01-06,ACC0000007277,426620.61,23807.86,75925.93,374502.54,NPR
2026-01-06,ACC0000007278,198817.42,0.0,116855.49,81961.93,NPR
2026-01-06,ACC0000007279,438274.46,0.0,30592.86,407681.6,NPR
2026-01-06,ACC0000007280,48695.86,0.0,32248.03,16447.83,NPR
2026-01-06,ACC0000007281,79001.81,26069.34,28696.36,76374.79,NPR
2026-01-06,ACC0000007282,445925.39,25871.24,0.0,471796.63,NPR
2026-01-06,ACC0000007283,452254.84,0.0,46450.64,405804.2,NPR
2026-01-06,ACC0000007284,114258.14,0.0,93694.04,20564.1,NPR
2026-01-06,ACC0000007285,117860.01,48818.53,21833.86,144844.68,NPR
2026-01-06,ACC0000007286,97016.37,0.0,70257.37,26759.0,NPR
2026-01-06,ACC0000007287,271175.31,10848.75,40014.71,242009.35,NPR
2026-01-06,ACC0000007288,311277.16,58350.04,4921.26,364705.94,NPR
2026-01-06,ACC0000007289,48870.84,0.0,22516.8,26354.04,NPR
2026-01-06,ACC0000007290,317202.21,0.0,55146.5,262055.71,NPR
2026-01-06,ACC0000007291,123579.29,20824.72,69915.27,74488.74,NPR
2026-01-06,ACC0000007292,295508.36,0.0,0.0,295508.36,NPR
2026-01-06,ACC0000007293,467983.84,0.0,124288.05,343695.79,NPR
2026-01-06,ACC0000007294,84509.3,0.0,14544.41,69964.89,NPR
2026-01-06,ACC0000007295,326367.03,0.0,39183.88,287183.15,NPR
2026-01-06,ACC0000007296,484101.57,16746.92,17968.02,482880.47,NPR
2026-01-06,ACC0000007297,452354.46,0.0,0.0,452354.46,NPR
2026-01-06,ACC0000007298,193062.13,0.0,13653.03,179409.1,NPR
2026-01-06,ACC0000007299,294623.82,0.0,0.0,294623.82,NPR
2026-01-06,ACC0000007300,7220.5,0.0,0.0,7220.5,NPR
2026-01-06,ACC0000007301,171988.69,0.0,0.0,171988.69,NPR
2026-01-06,ACC0000007302,145403.36,0.0,34561.05,110842.31,NPR
2026-01-06,ACC0000007303,68655.9,0.0,0.0,68655.9,NPR
2026-01-06,ACC0000007304,59280.37,30954.04,17604.09,72630.32,NPR
2026-01-06,ACC0000007305,59856.57,0.0,1012.0,58844.57,NPR
2026-01-06,ACC0000007306,146161.86,43787.36,20956.34,168992.88,NPR
2026-01-06,ACC0000007307,282705.94,0.0,69122.71,213583.23,NPR
2026-01-06,ACC0000007308,382454.71,0.0,86928.84,295525.87,NPR
2026-01-06,ACC0000007309,394714.53,0.0,0.0,394714.53,NPR
2026-01-06,ACC0000007310,292344.87,0.0,85406.59,206938.28,NPR
2026-01-06,ACC0000007311,114295.56,1170.59,121087.87,-5621.72,NPR
2026-01-06,ACC0000007312,18760.86,0.0,81951.88,-63191.02,NPR
2026-01-06,ACC0000007313,162964.04,43042.64,17266.17,188740.51,NPR
2026-01-06,ACC0000007314,276823.74,9132.14,25690.78,260265.1,NPR
2026-01-06,ACC0000007315,11580.92,0.0,9825.5,1755.42,NPR
2026-01-06,ACC0000007316,160664.6,0.0,0.0,160664.6,NPR
2026-01-06,ACC0000007317,123079.86,0.0,56585.33,66494.53,NPR
2026-01-06,ACC0000007318,83384.63,0.0,46848.37,36536.26,NPR
2026-01-06,ACC0000007319,293180.89,0.0,68410.1,224770.79,NPR
2026-01-06,ACC0000007320,18437.08,0.0,106796.63,-88359.55,NPR
2026-01-06,ACC0000007321,439640.4,0.0,63346.72,376293.68,NPR
2026-01-06,ACC0000007322,495957.48,0.0,91951.99,404005.49,NPR
2026-01-06,ACC0000007323,448267.45,0.0,0.0,448267.45,NPR
2026-01-06,ACC0000007324,78857.49,0.0,0.0,78857.49,NPR
2026-01-06,ACC0000007325,92738.62,23056.56,101506.83,14288.35,NPR
2026-01-06,ACC0000007326,450227.18,0.0,49265.98,400961.2,NPR
2026-01-06,ACC0000007327,284956.96,0.0,81594.44,203362.52,NPR
2026-01-06,ACC0000007328,6952.99,0.0,1064.24,5888.75,NPR
2026-01-06,ACC0000007329,264880.14,0.0,28009.09,236871.05,NPR
2026-01-06,ACC0000007330,243023.39,0.0,0.0,243023.39,NPR
2026-01-06,ACC0000007331,325371.07,33621.6,118639.79,240352.88,NPR
2026-01-06,ACC0000007332,263070.67,0.0,97304.86,165765.81,NPR
2026-01-06,ACC0000007333,249587.12,0.0,37116.65,212470.47,NPR
2026-01-06,ACC0000007334,484393.29,0.0,46464.66,437928.63,NPR
2026-01-06,ACC0000007335,408568.98,0.0,53972.89,354596.09,NPR
2026-01-06,ACC0000007336,184376.56,0.0,0.0,184376.56,NPR
2026-01-06,ACC0000007337,432967.65,29664.33,19807.89,442824.09,NPR
2026-01-06,ACC0000007338,120804.9,0.0,0.0,120804.9,NPR
2026-01-06,ACC0000007339,303496.95,0.0,0.0,303496.95,NPR
2026-01-06,ACC0000007340,180121.06,0.0,0.0,180121.06,NPR
2026-01-06,ACC0000007341,62128.5,39378.1,0.0,101506.6,NPR
2026-01-06,ACC0000007342,70475.1,12644.14,37615.35,45503.89,NPR
2026-01-06,ACC0000007343,203238.11,0.0,94417.09,108821.02,NPR
2026-01-06,ACC0000007344,401978.74,0.0,0.0,401978.74,NPR
2026-01-06,ACC0000007345,256691.1,0.0,26840.41,229850.69,NPR
2026-01-06,ACC0000007346,297488.49,15578.01,100519.32,212547.18,NPR
2026-01-06,ACC0000007347,369158.84,0.0,77666.99,291491.85,NPR
2026-01-06,ACC0000007348,411836.13,45047.26,39020.48,417862.91,NPR
2026-01-06,ACC0000007349,9748.12,59983.57,26289.6,43442.09,NPR
2026-01-06,ACC0000007350,431539.1,0.0,17517.92,414021.18,NPR
2026-01-06,ACC0000007351,333880.98,0.0,89718.72,244162.26,NPR
2026-01-06,ACC0000007352,94599.09,0.0,50500.77,44098.32,NPR
2026-01-06,ACC0000007353,219071.16,33194.75,0.0,252265.91,NPR
2026-01-06,ACC0000007354,467783.45,0.0,0.0,467783.45,NPR
2026-01-06,ACC0000007355,233394.16,0.0,62457.11,170937.05,NPR
2026-01-06,ACC0000007356,414099.88,41370.09,45806.37,409663.6,NPR
2026-01-06,ACC0000007357,212976.13,68176.07,37802.19,243350.01,NPR
2026-01-06,ACC0000007358,353537.99,0.0,55235.0,298302.99,NPR
2026-01-06,ACC0000007359,158770.24,0.0,79259.78,79510.46,NPR
2026-01-06,ACC0000007360,290151.78,9599.09,8257.46,291493.41,NPR
2026-01-06,ACC0000007361,191724.25,0.0,154492.71,37231.54,NPR
2026-01-06,ACC0000007362,274270.79,0.0,144799.03,129471.76,NPR
2026-01-06,ACC0000007363,148938.74,0.0,0.0,148938.74,NPR
2026-01-06,ACC0000007364,458148.14,31752.19,137002.24,352898.09,NPR
2026-01-06,ACC0000007365,435249.76,0.0,18828.71,416421.05,NPR
2026-01-06,ACC0000007366,77389.84,23688.58,64114.65,36963.77,NPR
2026-01-06,ACC0000007367,101254.17,23008.56,46990.09,77272.64,NPR
2026-01-06,ACC0000007368,330723.75,0.0,108952.73,221771.02,NPR
2026-01-06,ACC0000007369,116865.56,32054.95,73527.14,75393.37,NPR
2026-01-06,ACC0000007370,486022.91,0.0,0.0,486022.91,NPR
2026-01-06,ACC0000007371,73400.4,0.0,56344.8,17055.6,NPR
2026-01-06,ACC0000007372,39664.03,0.0,0.0,39664.03,NPR
2026-01-06,ACC0000007373,80026.86,0.0,76615.7,3411.16,NPR
2026-01-06,ACC0000007374,471009.01,61337.39,62390.66,469955.74,NPR
2026-01-06,ACC0000007375,119818.29,34037.39,49276.55,104579.13,NPR
2026-01-06,ACC0000007376,466266.36,0.0,0.0,466266.36,NPR
2026-01-06,ACC0000007377,301198.22,0.0,91777.05,209421.17,NPR
2026-01-06,ACC0000007378,14811.42,0.0,23771.79,-8960.37,NPR
2026-01-06,ACC0000007379,355875.2,0.0,0.0,355875.2,NPR
2026-01-06,ACC0000007380,438739.0,37637.78,21276.74,455100.04,NPR
2026-01-06,ACC0000007381,146584.98,0.0,34443.97,112141.01,NPR
2026-01-06,ACC0000007382,122174.01,0.0,0.0,122174.01,NPR
2026-01-06,ACC0000007383,263120.75,0.0,36408.71,226712.04,NPR
2026-01-06,ACC0000007384,171140.63,1822.65,102516.08,70447.2,NPR
2026-01-06,ACC0000007385,320994.08,0.0,46222.83,274771.25,NPR
2026-01-06,ACC0000007386,284250.27,42292.82,0.0,326543.09,NPR
2026-01-06,ACC0000007387,100728.67,0.0,0.0,100728.67,NPR
2026-01-06,ACC0000007388,476145.34,18760.92,36970.99,457935.27,NPR
2026-01-06,ACC0000007389,181637.44,32260.15,97387.87,116509.72,NPR
2026-01-06,ACC0000007390,163714.82,73693.54,0.0,237408.36,NPR
2026-01-06,ACC0000007391,153225.21,7167.62,0.0,160392.83,NPR
2026-01-06,ACC0000007392,433219.48,17455.94,54347.81,396327.61,NPR
2026-01-06,ACC0000007393,463887.31,0.0,163114.14,300773.17,NPR
2026-01-06,ACC0000007394,472829.55,0.0,22418.45,450411.1,NPR
2026-01-06,ACC0000007395,6449.21,0.0,92778.42,-86329.21,NPR
2026-01-06,ACC0000007396,431309.52,0.0,14547.34,416762.18,NPR
2026-01-06,ACC0000007397,380027.62,50608.69,71911.81,358724.5,NPR
2026-01-06,ACC0000007398,297972.16,0.0,32888.37,265083.79,NPR
2026-01-06,ACC0000007399,35483.99,0.0,138858.42,-103374.43,NPR
2026-01-06,ACC0000007400,457286.61,30636.53,10793.33,477129.81,NPR
2026-01-06,ACC0000007401,41619.25,8447.56,51403.12,-1336.31,NPR
2026-01-06,ACC0000007402,275119.97,0.0,19105.93,256014.04,NPR
2026-01-06,ACC0000007403,238803.32,0.0,66721.84,172081.48,NPR
2026-01-06,ACC0000007404,239668.24,105850.39,77830.35,267688.28,NPR
2026-01-06,ACC0000007405,305148.14,0.0,134382.46,170765.68,NPR
2026-01-06,ACC0000007406,295702.07,38431.45,45906.29,288227.23,NPR
2026-01-06,ACC0000007407,358011.23,0.0,1980.77,356030.46,NPR
2026-01-06,ACC0000007408,368599.44,0.0,72674.17,295925.27,NPR
2026-01-06,ACC0000007409,426252.45,0.0,0.0,426252.45,NPR
2026-01-06,ACC0000007410,498423.78,0.0,150741.42,347682.36,NPR
2026-01-06,ACC0000007411,84910.08,0.0,0.0,84910.08,NPR
2026-01-06,ACC0000007412,180029.94,0.0,0.0,180029.94,NPR
2026-01-06,ACC0000007413,174087.98,49758.94,12663.06,211183.86,NPR
2026-01-06,ACC0000007414,407260.98,0.0,2639.43,404621.55,NPR
2026-01-06,ACC0000007415,254883.89,0.0,26984.1,227899.79,NPR
2026-01-06,ACC0000007416,469489.47,78978.67,77260.56,471207.58,NPR
2026-01-06,ACC0000007417,42235.85,0.0,33106.82,9129.03,NPR
2026-01-06,ACC0000007418,395171.81,0.0,0.0,395171.81,NPR
2026-01-06,ACC0000007419,374206.38,0.0,90061.75,284144.63,NPR
2026-01-06,ACC0000007420,39389.09,0.0,135350.69,-95961.6,NPR
2026-01-06,ACC0000007421,324349.41,26145.84,71882.92,278612.33,NPR
2026-01-06,ACC0000007422,82604.01,0.0,79520.01,3084.0,NPR
2026-01-06,ACC0000007423,169320.95,0.0,12981.7,156339.25,NPR
2026-01-06,ACC0000007424,308643.25,49876.81,0.0,358520.06,NPR
2026-01-06,ACC0000007425,83344.78,0.0,28083.4,55261.38,NPR
2026-01-06,ACC0000007426,8428.57,48410.14,41206.48,15632.23,NPR
2026-01-06,ACC0000007427,190634.03,0.0,27372.78,163261.25,NPR
2026-01-06,ACC0000007428,337724.98,0.0,60585.13,277139.85,NPR
2026-01-06,ACC0000007429,491331.09,0.0,0.0,491331.09,NPR
2026-01-06,ACC0000007430,428643.69,31934.31,52243.43,408334.57,NPR
2026-01-06,ACC0000007431,477713.9,0.0,22271.32,455442.58,NPR
2026-01-06,ACC0000007432,298329.7,10445.16,0.0,308774.86,NPR
2026-01-06,ACC0000007433,87954.09,0.0,75325.86,12628.23,NPR
2026-01-06,ACC0000007434,150663.67,0.0,0.0,150663.67,NPR
2026-01-06,ACC0000007435,314217.79,49361.99,74753.64,288826.14,NPR
2026-01-06,ACC0000007436,203340.54,9846.05,94267.26,118919.33,NPR
2026-01-06,ACC0000007437,298427.99,0.0,118798.96,179629.03,NPR
2026-01-06,ACC0000007438,416556.91,0.0,0.0,416556.91,NPR
2026-01-06,ACC0000007439,154123.4,38682.57,1857.45,190948.52,NPR
2026-01-06,ACC0000007440,61529.84,0.0,75801.26,-14271.42,NPR
2026-01-06,ACC0000007441,405366.58,38366.39,31643.15,412089.82,NPR
2026-01-06,ACC0000007442,298211.09,29611.94,46251.12,281571.91,NPR
2026-01-06,ACC0000007443,170112.2,19416.9,142451.76,47077.34,NPR
2026-01-06,ACC0000007444,388489.63,0.0,0.0,388489.63,NPR
2026-01-06,ACC0000007445,407272.59,0.0,0.0,407272.59,NPR
2026-01-06,ACC0000007446,486644.03,0.0,0.0,486644.03,NPR
2026-01-06,ACC0000007447,159209.79,52915.13,77273.1,134851.82,NPR
2026-01-06,ACC0000007448,129477.59,2705.47,37615.35,94567.71,NPR
2026-01-06,ACC0000007449,216006.6,0.0,16263.22,199743.38,NPR
2026-01-06,ACC0000007450,232349.03,0.0,95862.73,136486.3,NPR
2026-01-06,ACC0000007451,30766.96,34771.95,81207.08,-15668.17,NPR
2026-01-06,ACC0000007452,117310.12,0.0,0.0,117310.12,NPR
2026-01-06,ACC0000007453,320443.13,0.0,55602.54,264840.59,NPR
2026-01-06,ACC0000007454,15381.15,0.0,0.0,15381.15,NPR
2026-01-06,ACC0000007455,461738.74,38848.98,24557.2,476030.52,NPR
2026-01-06,ACC0000007456,90641.37,0.0,0.0,90641.37,NPR
2026-01-06,ACC0000007457,210788.4,0.0,18947.25,191841.15,NPR
2026-01-06,ACC0000007458,427364.25,0.0,47412.2,379952.05,NPR
2026-01-06,ACC0000007459,376798.4,0.0,0.0,376798.4,NPR
2026-01-06,ACC0000007460,266121.27,0.0,75807.1,190314.17,NPR
2026-01-06,ACC0000007461,52801.76,0.0,47418.34,5383.42,NPR
2026-01-06,ACC0000007462,343983.74,0.0,0.0,343983.74,NPR
2026-01-06,ACC0000007463,261360.14,0.0,44330.1,217030.04,NPR
2026-01-06,ACC0000007464,137417.23,0.0,0.0,137417.23,NPR
2026-01-06,ACC0000007465,366375.05,0.0,0.0,366375.05,NPR
2026-01-06,ACC0000007466,443914.74,0.0,0.0,443914.74,NPR
2026-01-06,ACC0000007467,137609.49,0.0,0.0,137609.49,NPR
2026-01-06,ACC0000007468,268500.04,0.0,65920.29,202579.75,NPR
2026-01-06,ACC0000007469,227757.61,44356.77,90029.59,182084.79,NPR
2026-01-06,ACC0000007470,397877.11,0.0,27853.28,370023.83,NPR
2026-01-06,ACC0000007471,417997.32,0.0,45901.08,372096.24,NPR
2026-01-06,ACC0000007472,330730.13,57914.15,1837.73,386806.55,NPR
2026-01-06,ACC0000007473,314531.95,45311.48,126880.1,232963.33,NPR
2026-01-06,ACC0000007474,370744.17,35866.99,91220.78,315390.38,NPR
2026-01-06,ACC0000007475,26516.47,0.0,0.0,26516.47,NPR
2026-01-06,ACC0000007476,57001.96,0.0,51932.91,5069.05,NPR
2026-01-06,ACC0000007477,12726.14,0.0,0.0,12726.14,NPR
2026-01-06,ACC0000007478,144615.18,0.0,172332.1,-27716.92,NPR
2026-01-06,ACC0000007479,306899.65,0.0,0.0,306899.65,NPR
2026-01-06,ACC0000007480,113886.6,67516.32,0.0,181402.92,NPR
2026-01-06,ACC0000007481,92924.18,0.0,67318.74,25605.44,NPR
2026-01-06,ACC0000007482,458823.04,0.0,95969.5,362853.54,NPR
2026-01-06,ACC0000007483,119497.03,0.0,0.0,119497.03,NPR
2026-01-06,ACC0000007484,23255.48,0.0,44989.82,-21734.34,NPR
2026-01-06,ACC0000007485,282272.88,47014.62,0.0,329287.5,NPR
2026-01-06,ACC0000007486,294277.1,31360.75,72802.17,252835.68,NPR
2026-01-06,ACC0000007487,108793.33,0.0,0.0,108793.33,NPR
2026-01-06,ACC0000007488,59333.75,0.0,0.0,59333.75,NPR
2026-01-06,ACC0000007489,467176.31,48306.58,47383.24,468099.65,NPR
2026-01-06,ACC0000007490,160021.66,64854.83,63185.1,161691.39,NPR
2026-01-06,ACC0000007491,74795.67,2024.13,57862.12,18957.68,NPR
2026-01-06,ACC0000007492,243765.45,29420.05,134304.8,138880.7,NPR
2026-01-06,ACC0000007493,214568.95,0.0,57966.14,156602.81,NPR
2026-01-06,ACC0000007494,305122.46,18387.99,104309.45,219201.0,NPR
2026-01-06,ACC0000007495,1425.41,0.0,42993.74,-41568.33,NPR
2026-01-06,ACC0000007496,304995.74,0.0,0.0,304995.74,NPR
2026-01-06,ACC0000007497,415448.76,0.0,0.0,415448.76,NPR
2026-01-06,ACC0000007498,98200.09,0.0,0.0,98200.09,NPR
2026-01-06,ACC0000007499,259040.74,0.0,55450.29,203590.45,NPR
2026-01-06,ACC0000007500,112303.18,21755.51,0.0,134058.69,NPR
2026-01-06,ACC0000007501,254653.16,0.0,36837.64,217815.52,NPR
2026-01-06,ACC0000007502,231773.75,0.0,0.0,231773.75,NPR
2026-01-06,ACC0000007503,68948.09,0.0,75430.59,-6482.5,NPR
2026-01-06,ACC0000007504,229859.16,57565.83,122358.22,165066.77,NPR
2026-01-06,ACC0000007505,494800.9,39715.51,0.0,534516.41,NPR
2026-01-06,ACC0000007506,18980.84,0.0,47499.96,-28519.12,NPR
2026-01-06,ACC0000007507,299494.45,0.0,39528.03,259966.42,NPR
2026-01-06,ACC0000007508,44679.21,33676.95,96397.25,-18041.09,NPR
2026-01-06,ACC0000007509,41239.81,42114.72,83281.81,72.72,NPR
2026-01-06,ACC0000007510,208323.05,0.0,67332.79,140990.26,NPR
2026-01-06,ACC0000007511,96551.97,0.0,0.0,96551.97,NPR
2026-01-06,ACC0000007512,92238.67,0.0,111646.64,-19407.97,NPR
2026-01-06,ACC0000007513,216605.69,2179.13,114028.44,104756.38,NPR
2026-01-06,ACC0000007514,342851.9,10014.68,45910.39,306956.19,NPR
2026-01-06,ACC0000007515,184324.89,27073.6,79835.59,131562.9,NPR
2026-01-06,ACC0000007516,237208.69,0.0,57450.27,179758.42,NPR
2026-01-06,ACC0000007517,263479.26,0.0,25431.41,238047.85,NPR
2026-01-06,ACC0000007518,440258.52,0.0,34352.61,405905.91,NPR
2026-01-06,ACC0000007519,71507.62,75898.71,10277.59,137128.74,NPR
2026-01-06,ACC0000007520,138291.06,0.0,96153.86,42137.2,NPR
2026-01-06,ACC0000007521,412181.85,0.0,0.0,412181.85,NPR
2026-01-06,ACC0000007522,190606.45,0.0,181753.05,8853.4,NPR
2026-01-06,ACC0000007523,45520.74,84058.35,824.76,128754.33,NPR
2026-01-06,ACC0000007524,100785.12,12032.89,40679.76,72138.25,NPR
2026-01-06,ACC0000007525,70298.77,0.0,0.0,70298.77,NPR
2026-01-06,ACC0000007526,470169.0,0.0,99019.27,371149.73,NPR
2026-01-06,ACC0000007527,218310.15,0.0,35246.17,183063.98,NPR
2026-01-06,ACC0000007528,168677.66,0.0,0.0,168677.66,NPR
2026-01-06,ACC0000007529,492024.32,0.0,2964.85,489059.47,NPR
2026-01-06,ACC0000007530,237758.92,0.0,96718.26,141040.66,NPR
2026-01-06,ACC0000007531,485478.58,66063.08,46168.55,505373.11,NPR
2026-01-06,ACC0000007532,381389.78,14353.27,90020.99,305722.06,NPR
2026-01-06,ACC0000007533,225785.73,0.0,26405.14,199380.59,NPR
2026-01-06,ACC0000007534,499096.99,0.0,50803.68,448293.31,NPR
2026-01-06,ACC0000007535,254552.6,17432.71,0.0,271985.31,NPR
2026-01-06,ACC0000007536,75822.04,0.0,0.0,75822.04,NPR
2026-01-06,ACC0000007537,161981.16,0.0,2427.97,159553.19,NPR
2026-01-06,ACC0000007538,101108.8,30021.43,32769.84,98360.39,NPR
2026-01-06,ACC0000007539,497389.52,10245.67,23177.77,484457.42,NPR
2026-01-06,ACC0000007540,392357.74,0.0,38613.29,353744.45,NPR
2026-01-06,ACC0000007541,226792.86,0.0,36809.57,189983.29,NPR
2026-01-06,ACC0000007542,378826.51,30074.8,36992.5,371908.81,NPR
2026-01-06,ACC0000007543,37011.47,0.0,75208.97,-38197.5,NPR
2026-01-06,ACC0000007544,465459.9,38775.93,44555.47,459680.36,NPR
2026-01-06,ACC0000007545,463938.27,0.0,0.0,463938.27,NPR
2026-01-06,ACC0000007546,428002.66,39735.87,68447.85,399290.68,NPR
2026-01-06,ACC0000007547,340078.97,0.0,43504.96,296574.01,NPR
2026-01-06,ACC0000007548,384205.64,0.0,110272.53,273933.11,NPR
2026-01-06,ACC0000007549,402490.4,0.0,43915.9,358574.5,NPR
2026-01-06,ACC0000007550,143905.48,0.0,0.0,143905.48,NPR
2026-01-06,ACC0000007551,262847.96,0.0,0.0,262847.96,NPR
2026-01-06,ACC0000007552,338828.74,0.0,87285.08,251543.66,NPR
2026-01-06,ACC0000007553,426627.65,0.0,10156.64,416471.01,NPR
2026-01-06,ACC0000007554,125552.5,6932.08,0.0,132484.58,NPR
2026-01-06,ACC0000007555,164539.65,0.0,42183.14,122356.51,NPR
2026-01-06,ACC0000007556,280613.58,9977.88,0.0,290591.46,NPR
2026-01-06,ACC0000007557,413852.16,0.0,38903.92,374948.24,NPR
2026-01-06,ACC0000007558,475433.74,0.0,56654.13,418779.61,NPR
2026-01-06,ACC0000007559,356881.66,0.0,64279.96,292601.7,NPR
2026-01-06,ACC0000007560,163648.42,0.0,57307.76,106340.66,NPR
2026-01-06,ACC0000007561,314090.27,0.0,0.0,314090.27,NPR
2026-01-06,ACC0000007562,492584.13,0.0,0.0,492584.13,NPR
2026-01-06,ACC0000007563,296116.37,0.0,0.0,296116.37,NPR
2026-01-06,ACC0000007564,411829.62,0.0,48487.24,363342.38,NPR
2026-01-06,ACC0000007565,251788.19,0.0,1515.61,250272.58,NPR
2026-01-06,ACC0000007566,102034.35,0.0,13117.3,88917.05,NPR
2026-01-06,ACC0000007567,185392.21,0.0,0.0,185392.21,NPR
2026-01-06,ACC0000007568,297058.94,45178.39,136148.21,206089.12,NPR
2026-01-06,ACC0000007569,368495.65,0.0,15308.11,353187.54,NPR
2026-01-06,ACC0000007570,311588.42,73965.83,56037.99,329516.26,NPR
2026-01-06,ACC0000007571,228504.51,0.0,155008.15,73496.36,NPR
2026-01-06,ACC0000007572,316437.62,27878.51,44808.41,299507.72,NPR
2026-01-06,ACC0000007573,367566.33,0.0,80411.01,287155.32,NPR
2026-01-06,ACC0000007574,169386.69,45671.72,26867.7,188190.71,NPR
2026-01-06,ACC0000007575,180616.05,0.0,0.0,180616.05,NPR
2026-01-06,ACC0000007576,77638.43,0.0,0.0,77638.43,NPR
2026-01-06,ACC0000007577,359014.03,0.0,18448.5,340565.53,NPR
2026-01-06,ACC0000007578,93497.39,0.0,0.0,93497.39,NPR
2026-01-06,ACC0000007579,319417.49,49442.47,987.36,367872.6,NPR
2026-01-06,ACC0000007580,432302.78,0.0,7950.21,424352.57,NPR
2026-01-06,ACC0000007581,129832.76,0.0,0.0,129832.76,NPR
2026-01-06,ACC0000007582,228642.0,69131.58,39173.49,258600.09,NPR
2026-01-06,ACC0000007583,492420.17,0.0,112138.94,380281.23,NPR
2026-01-06,ACC0000007584,269681.4,0.0,71893.78,197787.62,NPR
2026-01-06,ACC0000007585,72478.71,0.0,160748.9,-88270.19,NPR
2026-01-06,ACC0000007586,45565.33,42082.53,116660.63,-29012.77,NPR
2026-01-06,ACC0000007587,188197.64,63897.32,30282.74,221812.22,NPR
2026-01-06,ACC0000007588,75383.98,0.0,50112.7,25271.28,NPR
2026-01-06,ACC0000007589,103736.16,0.0,44994.76,58741.4,NPR
2026-01-06,ACC0000007590,146367.17,0.0,2344.59,144022.58,NPR
2026-01-06,ACC0000007591,36141.91,42812.21,46026.06,32928.06,NPR
2026-01-06,ACC0000007592,208953.94,49373.25,32446.57,225880.62,NPR
2026-01-06,ACC0000007593,106232.93,0.0,88025.67,18207.26,NPR
2026-01-06,ACC0000007594,149758.06,0.0,30133.27,119624.79,NPR
2026-01-06,ACC0000007595,46633.14,78399.6,0.0,125032.74,NPR
2026-01-06,ACC0000007596,486214.6,39828.87,35801.38,490242.09,NPR
2026-01-06,ACC0000007597,195936.85,0.0,0.0,195936.85,NPR
2026-01-06,ACC0000007598,449245.38,0.0,41634.04,407611.34,NPR
2026-01-06,ACC0000007599,76580.32,4490.78,0.0,81071.1,NPR
2026-01-06,ACC0000007600,385972.11,0.0,15839.31,370132.8,NPR
2026-01-06,ACC0000007601,281263.41,4148.36,34744.26,250667.51,NPR
2026-01-06,ACC0000007602,382597.25,0.0,56504.94,326092.31,NPR
2026-01-06,ACC0000007603,31621.87,0.0,14724.65,16897.22,NPR
2026-01-06,ACC0000007604,342791.96,0.0,49800.46,292991.5,NPR
2026-01-06,ACC0000007605,26329.08,0.0,115903.31,-89574.23,NPR
2026-01-06,ACC0000007606,249988.44,84981.24,7837.9,327131.78,NPR
2026-01-06,ACC0000007607,135774.05,0.0,89950.5,45823.55,NPR
2026-01-06,ACC0000007608,184059.21,0.0,101942.97,82116.24,NPR
2026-01-06,ACC0000007609,179212.36,0.0,84274.83,94937.53,NPR
2026-01-06,ACC0000007610,110870.89,0.0,47864.68,63006.21,NPR
2026-01-06,ACC0000007611,445423.34,0.0,18867.38,426555.96,NPR
2026-01-06,ACC0000007612,418657.71,29362.51,46004.88,402015.34,NPR
2026-01-06,ACC0000007613,239554.18,0.0,165994.04,73560.14,NPR
2026-01-06,ACC0000007614,49290.4,0.0,51838.19,-2547.79,NPR
2026-01-06,ACC0000007615,399083.01,0.0,17297.0,381786.01,NPR
2026-01-06,ACC0000007616,108466.09,0.0,58693.56,49772.53,NPR
2026-01-06,ACC0000007617,287132.26,0.0,37773.37,249358.89,NPR
2026-01-06,ACC0000007618,457929.1,71228.96,27504.44,501653.62,NPR
2026-01-06,ACC0000007619,436686.66,0.0,6418.41,430268.25,NPR
2026-01-06,ACC0000007620,9994.5,22562.79,159744.33,-127187.04,NPR
2026-01-06,ACC0000007621,350463.69,0.0,21886.25,328577.44,NPR
2026-01-06,ACC0000007622,419974.44,47349.61,8624.33,458699.72,NPR
2026-01-06,ACC0000007623,184974.81,9359.9,59470.8,134863.91,NPR
2026-01-06,ACC0000007624,206407.35,0.0,16340.0,190067.35,NPR
2026-01-06,ACC0000007625,350466.16,0.0,70573.03,279893.13,NPR
2026-01-06,ACC0000007626,151450.04,0.0,110803.98,40646.06,NPR
2026-01-06,ACC0000007627,231418.77,0.0,57481.89,173936.88,NPR
2026-01-06,ACC0000007628,121534.24,0.0,61988.1,59546.14,NPR
2026-01-06,ACC0000007629,258880.83,37983.6,5749.26,291115.17,NPR
2026-01-06,ACC0000007630,177088.79,0.0,34848.46,142240.33,NPR
2026-01-06,ACC0000007631,390162.58,0.0,45801.32,344361.26,NPR
2026-01-06,ACC0000007632,201808.43,0.0,27206.74,174601.69,NPR
2026-01-06,ACC0000007633,374909.78,48452.23,0.0,423362.01,NPR
2026-01-06,ACC0000007634,204524.79,75371.18,83972.95,195923.02,NPR
2026-01-06,ACC0000007635,450320.5,0.0,0.0,450320.5,NPR
2026-01-06,ACC0000007636,459880.85,35157.47,104006.33,391031.99,NPR
2026-01-06,ACC0000007637,375143.0,0.0,13800.28,361342.72,NPR
2026-01-06,ACC0000007638,63267.43,1979.8,66821.28,-1574.05,NPR
2026-01-06,ACC0000007639,412583.01,79655.87,44164.42,448074.46,NPR
2026-01-06,ACC0000007640,21896.13,572.31,14987.15,7481.29,NPR
2026-01-06,ACC0000007641,84435.99,0.0,59180.71,25255.28,NPR
2026-01-06,ACC0000007642,188377.85,31911.98,39005.83,181284.0,NPR
2026-01-06,ACC0000007643,444446.64,0.0,82884.63,361562.01,NPR
2026-01-06,ACC0000007644,24438.64,0.0,0.0,24438.64,NPR
2026-01-06,ACC0000007645,362053.04,0.0,0.0,362053.04,NPR
2026-01-06,ACC0000007646,23568.19,19789.36,0.0,43357.55,NPR
2026-01-06,ACC0000007647,353729.12,0.0,186253.02,167476.1,NPR
2026-01-06,ACC0000007648,286075.28,21143.52,125821.15,181397.65,NPR
2026-01-06,ACC0000007649,291249.9,0.0,47228.27,244021.63,NPR
2026-01-06,ACC0000007650,148289.58,0.0,144468.08,3821.5,NPR
2026-01-06,ACC0000007651,69510.84,0.0,51721.52,17789.32,NPR
2026-01-06,ACC0000007652,293595.01,47053.75,8475.48,332173.28,NPR
2026-01-06,ACC0000007653,62266.31,1126.9,96160.02,-32766.81,NPR
2026-01-06,ACC0000007654,270830.72,29870.42,92094.73,208606.41,NPR
2026-01-06,ACC0000007655,138708.1,0.0,0.0,138708.1,NPR
2026-01-06,ACC0000007656,362528.01,0.0,55470.54,307057.47,NPR
2026-01-06,ACC0000007657,377850.76,13539.02,99780.77,291609.01,NPR
2026-01-06,ACC0000007658,274794.63,0.0,30621.38,244173.25,NPR
2026-01-06,ACC0000007659,184145.6,0.0,29919.7,154225.9,NPR
2026-01-06,ACC0000007660,477895.7,0.0,136409.85,341485.85,NPR
2026-01-06,ACC0000007661,408255.38,0.0,87031.08,321224.3,NPR
2026-01-06,ACC0000007662,17233.89,25475.98,111475.42,-68765.55,NPR
2026-01-06,ACC0000007663,146746.65,0.0,0.0,146746.65,NPR
2026-01-06,ACC0000007664,100514.75,36855.04,38601.59,98768.2,NPR
2026-01-06,ACC0000007665,290289.39,0.0,24207.63,266081.76,NPR
2026-01-06,ACC0000007666,199134.07,8253.08,64702.51,142684.64,NPR
2026-01-06,ACC0000007667,221811.02,13734.47,51707.11,183838.38,NPR
2026-01-06,ACC0000007668,3679.08,0.0,0.0,3679.08,NPR
2026-01-06,ACC0000007669,298898.58,0.0,0.0,298898.58,NPR
2026-01-06,ACC0000007670,354198.5,34286.56,45127.54,343357.52,NPR
2026-01-06,ACC0000007671,437147.66,84679.66,76219.39,445607.93,NPR
2026-01-06,ACC0000007672,127019.93,45334.23,15059.37,157294.79,NPR
2026-01-06,ACC0000007673,344506.97,0.0,7929.14,336577.83,NPR
2026-01-06,ACC0000007674,195780.87,46916.82,56594.53,186103.16,NPR
2026-01-06,ACC0000007675,240631.84,0.0,49565.54,191066.3,NPR
2026-01-06,ACC0000007676,321917.66,0.0,0.0,321917.66,NPR
2026-01-06,ACC0000007677,149953.03,29471.37,0.0,179424.4,NPR
2026-01-06,ACC0000007678,106403.27,0.0,4452.59,101950.68,NPR
2026-01-06,ACC0000007679,246259.8,0.0,0.0,246259.8,NPR
2026-01-06,ACC0000007680,288115.79,0.0,35366.18,252749.61,NPR
2026-01-06,ACC0000007681,342933.86,14842.83,117294.3,240482.39,NPR
2026-01-06,ACC0000007682,143303.27,0.0,0.0,143303.27,NPR
2026-01-06,ACC0000007683,464608.18,0.0,63859.87,400748.31,NPR
2026-01-06,ACC0000007684,329378.11,18504.95,130553.59,217329.47,NPR
2026-01-06,ACC0000007685,255301.4,0.0,2098.67,253202.73,NPR
2026-01-06,ACC0000007686,420422.19,43891.7,18997.09,445316.8,NPR
2026-01-06,ACC0000007687,147098.54,39337.34,114786.27,71649.61,NPR
2026-01-06,ACC0000007688,459852.21,79360.76,42975.75,496237.22,NPR
2026-01-06,ACC0000007689,201471.42,75684.05,81866.03,195289.44,NPR
2026-01-06,ACC0000007690,170424.98,0.0,63075.77,107349.21,NPR
2026-01-06,ACC0000007691,28407.45,36665.13,135356.79,-70284.21,NPR
2026-01-06,ACC0000007692,125821.29,0.0,98176.32,27644.97,NPR
2026-01-06,ACC0000007693,215977.51,0.0,96109.06,119868.45,NPR
2026-01-06,ACC0000007694,111850.99,20238.65,65085.86,67003.78,NPR
2026-01-06,ACC0000007695,96763.45,47637.59,0.0,144401.04,NPR
2026-01-06,ACC0000007696,264363.69,0.0,0.0,264363.69,NPR
2026-01-06,ACC0000007697,482993.6,0.0,141490.09,341503.51,NPR
2026-01-06,ACC0000007698,65059.66,0.0,0.0,65059.66,NPR
2026-01-06,ACC0000007699,258331.79,0.0,63226.4,195105.39,NPR
2026-01-06,ACC0000007700,359466.59,0.0,62440.37,297026.22,NPR
2026-01-06,ACC0000007701,458368.44,13477.64,10755.85,461090.23,NPR
2026-01-06,ACC0000007702,161936.29,0.0,34435.28,127501.01,NPR
2026-01-06,ACC0000007703,494671.94,0.0,42970.91,451701.03,NPR
2026-01-06,ACC0000007704,345802.2,0.0,83975.27,261826.93,NPR
2026-01-06,ACC0000007705,170847.92,59900.96,104298.48,126450.4,NPR
2026-01-06,ACC0000007706,297203.5,57411.92,9070.33,345545.09,NPR
2026-01-06,ACC0000007707,319333.06,79795.04,0.0,399128.1,NPR
2026-01-06,ACC0000007708,341451.1,33087.23,17708.21,356830.12,NPR
2026-01-06,ACC0000007709,396526.54,0.0,40812.55,355713.99,NPR
2026-01-06,ACC0000007710,210118.87,0.0,59869.07,150249.8,NPR
2026-01-06,ACC0000007711,268454.28,35379.87,101906.29,201927.86,NPR
2026-01-06,ACC0000007712,448210.3,0.0,0.0,448210.3,NPR
2026-01-06,ACC0000007713,442478.27,0.0,80541.28,361936.99,NPR
2026-01-06,ACC0000007714,64310.49,49598.35,48798.66,65110.18,NPR
2026-01-06,ACC0000007715,158104.05,0.0,87560.86,70543.19,NPR
2026-01-06,ACC0000007716,82124.78,24502.64,39318.61,67308.81,NPR
2026-01-06,ACC0000007717,323375.61,0.0,42362.24,281013.37,NPR
2026-01-06,ACC0000007718,160727.3,0.0,34592.88,126134.42,NPR
2026-01-06,ACC0000007719,59437.59,0.0,38721.98,20715.61,NPR
2026-01-06,ACC0000007720,23319.41,0.0,0.0,23319.41,NPR
2026-01-06,ACC0000007721,266196.64,17518.5,0.0,283715.14,NPR
2026-01-06,ACC0000007722,25400.3,0.0,96149.31,-70749.01,NPR
2026-01-06,ACC0000007723,378537.27,0.0,81326.24,297211.03,NPR
2026-01-06,ACC0000007724,489717.94,0.0,0.0,489717.94,NPR
2026-01-06,ACC0000007725,87185.79,0.0,181675.43,-94489.64,NPR
2026-01-06,ACC0000007726,233264.1,0.0,72242.06,161022.04,NPR
2026-01-06,ACC0000007727,428667.22,0.0,40662.4,388004.82,NPR
2026-01-06,ACC0000007728,138743.61,0.0,42134.41,96609.2,NPR
2026-01-06,ACC0000007729,421292.91,39781.97,99311.59,361763.29,NPR
2026-01-06,ACC0000007730,168691.33,6713.27,46297.76,129106.84,NPR
2026-01-06,ACC0000007731,146145.87,0.0,92664.9,53480.97,NPR
2026-01-06,ACC0000007732,144513.89,0.0,0.0,144513.89,NPR
2026-01-06,ACC0000007733,136249.86,21871.29,0.0,158121.15,NPR
2026-01-06,ACC0000007734,272887.23,0.0,0.0,272887.23,NPR
2026-01-06,ACC0000007735,492511.29,5506.16,17634.4,480383.05,NPR
2026-01-06,ACC0000007736,286731.35,0.0,0.0,286731.35,NPR
2026-01-06,ACC0000007737,328190.4,9572.44,25477.66,312285.18,NPR
2026-01-06,ACC0000007738,88053.94,0.0,45623.63,42430.31,NPR
2026-01-06,ACC0000007739,81554.88,0.0,80329.03,1225.85,NPR
2026-01-06,ACC0000007740,484942.14,30540.53,42816.87,472665.8,NPR
2026-01-06,ACC0000007741,22820.1,0.0,0.0,22820.1,NPR
2026-01-06,ACC0000007742,187734.3,4685.11,53271.24,139148.17,NPR
2026-01-06,ACC0000007743,356553.31,23151.23,70974.68,308729.86,NPR
2026-01-06,ACC0000007744,249103.37,12127.94,98763.2,162468.11,NPR
2026-01-06,ACC0000007745,85750.36,62035.22,72975.32,74810.26,NPR
2026-01-06,ACC0000007746,343175.93,12517.5,45219.62,310473.81,NPR
2026-01-06,ACC0000007747,1950.65,48071.31,8133.67,41888.29,NPR
2026-01-06,ACC0000007748,4068.85,0.0,102612.84,-98543.99,NPR
2026-01-06,ACC0000007749,176475.25,20250.91,83435.07,113291.09,NPR
2026-01-06,ACC0000007750,318285.25,0.0,0.0,318285.25,NPR
2026-01-06,ACC0000007751,120865.93,34124.93,0.0,154990.86,NPR
2026-01-06,ACC0000007752,30265.45,0.0,25701.63,4563.82,NPR
2026-01-06,ACC0000007753,48802.82,0.0,0.0,48802.82,NPR
2026-01-06,ACC0000007754,234977.43,0.0,98537.65,136439.78,NPR
2026-01-06,ACC0000007755,223115.11,0.0,180161.92,42953.19,NPR
2026-01-06,ACC0000007756,420972.06,0.0,24790.85,396181.21,NPR
2026-01-06,ACC0000007757,461505.9,0.0,160025.65,301480.25,NPR
2026-01-06,ACC0000007758,285379.89,0.0,45894.98,239484.91,NPR
2026-01-06,ACC0000007759,113755.58,25622.47,46074.91,93303.14,NPR
2026-01-06,ACC0000007760,221068.23,20453.68,44225.34,197296.57,NPR
2026-01-06,ACC0000007761,178657.95,3586.02,0.0,182243.97,NPR
2026-01-06,ACC0000007762,305552.47,0.0,157189.51,148362.96,NPR
2026-01-06,ACC0000007763,100845.73,0.0,135451.52,-34605.79,NPR
2026-01-06,ACC0000007764,89860.27,0.0,84997.01,4863.26,NPR
2026-01-06,ACC0000007765,172156.58,0.0,35542.0,136614.58,NPR
2026-01-06,ACC0000007766,384608.48,44375.81,52614.57,376369.72,NPR
2026-01-06,ACC0000007767,373813.83,0.0,162469.88,211343.95,NPR
2026-01-06,ACC0000007768,420107.09,0.0,0.0,420107.09,NPR
2026-01-06,ACC0000007769,74134.13,8764.28,40402.0,42496.41,NPR
2026-01-06,ACC0000007770,313759.25,8822.8,84289.15,238292.9,NPR
2026-01-06,ACC0000007771,163738.57,0.0,26291.97,137446.6,NPR
2026-01-06,ACC0000007772,473329.69,0.0,0.0,473329.69,NPR
2026-01-06,ACC0000007773,326246.35,33239.91,0.0,359486.26,NPR
2026-01-06,ACC0000007774,376368.64,13787.74,43325.05,346831.33,NPR
2026-01-06,ACC0000007775,215636.42,0.0,0.0,215636.42,NPR
2026-01-06,ACC0000007776,271957.01,0.0,58566.84,213390.17,NPR
2026-01-06,ACC0000007777,416978.1,0.0,16218.04,400760.06,NPR
2026-01-06,ACC0000007778,334992.46,0.0,75568.01,259424.45,NPR
2026-01-06,ACC0000007779,120772.25,60177.74,25548.76,155401.23,NPR
2026-01-06,ACC0000007780,109473.43,0.0,82529.94,26943.49,NPR
2026-01-06,ACC0000007781,185000.54,0.0,17839.95,167160.59,NPR
2026-01-06,ACC0000007782,155478.42,0.0,15314.37,140164.05,NPR
2026-01-06,ACC0000007783,417040.28,0.0,0.0,417040.28,NPR
2026-01-06,ACC0000007784,134290.46,0.0,90987.21,43303.25,NPR
2026-01-06,ACC0000007785,180712.94,65076.06,56899.16,188889.84,NPR
2026-01-06,ACC0000007786,100053.79,0.0,0.0,100053.79,NPR
2026-01-06,ACC0000007787,481660.77,14357.19,86620.53,409397.43,NPR
2026-01-06,ACC0000007788,35452.3,0.0,18093.61,17358.69,NPR
2026-01-06,ACC0000007789,415306.78,49259.53,148759.92,315806.39,NPR
2026-01-06,ACC0000007790,380511.88,88708.3,48270.61,420949.57,NPR
2026-01-06,ACC0000007791,275290.42,21932.0,41203.73,256018.69,NPR
2026-01-06,ACC0000007792,498345.88,0.0,48238.28,450107.6,NPR
2026-01-06,ACC0000007793,56255.56,13294.95,10188.2,59362.31,NPR
2026-01-06,ACC0000007794,12251.55,0.0,33153.02,-20901.47,NPR
2026-01-06,ACC0000007795,253207.55,45720.28,66920.59,232007.24,NPR
2026-01-06,ACC0000007796,282625.03,0.0,0.0,282625.03,NPR
2026-01-06,ACC0000007797,418467.54,0.0,4129.95,414337.59,NPR
2026-01-06,ACC0000007798,135641.07,0.0,0.0,135641.07,NPR
2026-01-06,ACC0000007799,132673.53,0.0,54797.72,77875.81,NPR
2026-01-06,ACC0000007800,355401.03,0.0,0.0,355401.03,NPR
2026-01-06,ACC0000007801,351257.62,23967.76,89477.58,285747.8,NPR
2026-01-06,ACC0000007802,488288.49,0.0,6206.85,482081.64,NPR
2026-01-06,ACC0000007803,74765.02,0.0,0.0,74765.02,NPR
2026-01-06,ACC0000007804,61406.06,87781.49,8716.9,140470.65,NPR
2026-01-06,ACC0000007805,348748.95,0.0,75847.88,272901.07,NPR
2026-01-06,ACC0000007806,73981.08,20119.55,102387.12,-8286.49,NPR
2026-01-06,ACC0000007807,130076.13,0.0,23121.49,106954.64,NPR
2026-01-06,ACC0000007808,33524.57,0.0,11724.46,21800.11,NPR
2026-01-06,ACC0000007809,66610.83,0.0,44723.32,21887.51,NPR
2026-01-06,ACC0000007810,28825.47,0.0,0.0,28825.47,NPR
2026-01-06,ACC0000007811,418758.15,9184.63,48652.21,379290.57,NPR
2026-01-06,ACC0000007812,11531.64,0.0,58278.36,-46746.72,NPR
2026-01-06,ACC0000007813,157439.36,0.0,11404.66,146034.7,NPR
2026-01-06,ACC0000007814,96531.03,0.0,40341.56,56189.47,NPR
2026-01-06,ACC0000007815,369677.11,0.0,0.0,369677.11,NPR
2026-01-06,ACC0000007816,275200.39,20698.09,44942.71,250955.77,NPR
2026-01-06,ACC0000007817,26928.81,69523.44,104620.31,-8168.06,NPR
2026-01-06,ACC0000007818,66782.24,0.0,88035.51,-21253.27,NPR
2026-01-06,ACC0000007819,464784.39,0.0,53782.9,411001.49,NPR
2026-01-06,ACC0000007820,26471.25,33604.13,32590.49,27484.89,NPR
2026-01-06,ACC0000007821,223056.54,0.0,70010.76,153045.78,NPR
2026-01-06,ACC0000007822,290352.46,0.0,89938.35,200414.11,NPR
2026-01-06,ACC0000007823,10217.98,0.0,68580.27,-58362.29,NPR
2026-01-06,ACC0000007824,111144.3,39831.35,0.0,150975.65,NPR
2026-01-06,ACC0000007825,165986.67,0.0,19356.72,146629.95,NPR
2026-01-06,ACC0000007826,17164.98,0.0,0.0,17164.98,NPR
2026-01-06,ACC0000007827,399685.56,19348.29,43062.47,375971.38,NPR
2026-01-06,ACC0000007828,250253.27,0.0,68916.58,181336.69,NPR
2026-01-06,ACC0000007829,61647.65,0.0,34829.99,26817.66,NPR
2026-01-06,ACC0000007830,208364.69,11875.38,138054.35,82185.72,NPR
2026-01-06,ACC0000007831,7336.99,0.0,0.0,7336.99,NPR
2026-01-06,ACC0000007832,418790.47,0.0,19210.77,399579.7,NPR
2026-01-06,ACC0000007833,194962.26,11198.76,170809.92,35351.1,NPR
2026-01-06,ACC0000007834,76525.93,0.0,21272.81,55253.12,NPR
2026-01-06,ACC0000007835,299029.73,3309.46,80265.56,222073.63,NPR
2026-01-06,ACC0000007836,151021.82,25906.78,113588.74,63339.86,NPR
2026-01-06,ACC0000007837,447459.27,22630.27,78988.17,391101.37,NPR
2026-01-06,ACC0000007838,284286.71,0.0,41067.35,243219.36,NPR
2026-01-06,ACC0000007839,491335.72,3787.65,99453.32,395670.05,NPR
2026-01-06,ACC0000007840,127744.14,0.0,0.0,127744.14,NPR
2026-01-06,ACC0000007841,183174.04,0.0,61305.66,121868.38,NPR
2026-01-06,ACC0000007842,171148.49,22741.4,46730.66,147159.23,NPR
2026-01-06,ACC0000007843,151117.24,0.0,25632.1,125485.14,NPR
2026-01-06,ACC0000007844,132209.64,0.0,151486.0,-19276.36,NPR
2026-01-06,ACC0000007845,172353.03,0.0,0.0,172353.03,NPR
2026-01-06,ACC0000007846,207488.25,0.0,29433.24,178055.01,NPR
2026-01-06,ACC0000007847,13818.33,32600.22,52723.54,-6304.99,NPR
2026-01-06,ACC0000007848,244905.07,22262.0,112431.07,154736.0,NPR
2026-01-06,ACC0000007849,11435.1,0.0,12956.82,-1521.72,NPR
2026-01-06,ACC0000007850,163117.97,27031.56,31694.17,158455.36,NPR
2026-01-06,ACC0000007851,235997.35,43678.4,15961.05,263714.7,NPR
2026-01-06,ACC0000007852,304948.74,0.0,94321.33,210627.41,NPR
2026-01-06,ACC0000007853,191527.97,0.0,57775.28,133752.69,NPR
2026-01-06,ACC0000007854,39136.31,27085.02,74943.21,-8721.88,NPR
2026-01-06,ACC0000007855,295607.58,0.0,0.0,295607.58,NPR
2026-01-06,ACC0000007856,324081.97,0.0,88315.3,235766.67,NPR
2026-01-06,ACC0000007857,300502.15,40966.01,100852.12,240616.04,NPR
2026-01-06,ACC0000007858,483091.51,84872.64,48469.49,519494.66,NPR
2026-01-06,ACC0000007859,9365.17,0.0,0.0,9365.17,NPR
2026-01-06,ACC0000007860,164765.98,20195.68,27649.43,157312.23,NPR
2026-01-06,ACC0000007861,241741.04,0.0,0.0,241741.04,NPR
2026-01-06,ACC0000007862,242751.1,0.0,213685.77,29065.33,NPR
2026-01-06,ACC0000007863,180680.15,0.0,34941.45,145738.7,NPR
2026-01-06,ACC0000007864,240416.84,53865.63,30883.76,263398.71,NPR
2026-01-06,ACC0000007865,316165.99,3543.66,0.0,319709.65,NPR
2026-01-06,ACC0000007866,24612.05,0.0,30839.45,-6227.4,NPR
2026-01-06,ACC0000007867,276875.9,49821.31,45346.24,281350.97,NPR
2026-01-06,ACC0000007868,39474.21,0.0,56274.05,-16799.84,NPR
2026-01-06,ACC0000007869,384643.48,33076.03,0.0,417719.51,NPR
2026-01-06,ACC0000007870,246966.58,0.0,111941.87,135024.71,NPR
2026-01-06,ACC0000007871,234274.12,0.0,45980.45,188293.67,NPR
2026-01-06,ACC0000007872,52798.51,0.0,0.0,52798.51,NPR
2026-01-06,ACC0000007873,65050.47,0.0,5875.36,59175.11,NPR
2026-01-06,ACC0000007874,161142.29,5250.99,59861.13,106532.15,NPR
2026-01-06,ACC0000007875,359563.1,0.0,104453.09,255110.01,NPR
2026-01-06,ACC0000007876,223169.37,0.0,0.0,223169.37,NPR
2026-01-06,ACC0000007877,202402.33,47753.43,25113.03,225042.73,NPR
2026-01-06,ACC0000007878,213070.28,0.0,95775.35,117294.93,NPR
2026-01-06,ACC0000007879,315893.89,0.0,79691.71,236202.18,NPR
2026-01-06,ACC0000007880,210719.95,0.0,0.0,210719.95,NPR
2026-01-06,ACC0000007881,48794.28,11850.01,166200.23,-105555.94,NPR
2026-01-06,ACC0000007882,92578.4,0.0,0.0,92578.4,NPR
2026-01-06,ACC0000007883,206866.04,0.0,44337.57,162528.47,NPR
2026-01-06,ACC0000007884,26656.57,8449.35,173082.53,-137976.61,NPR
2026-01-06,ACC0000007885,410590.53,0.0,106756.9,303833.63,NPR
2026-01-06,ACC0000007886,172630.43,0.0,59433.14,113197.29,NPR
2026-01-06,ACC0000007887,160293.91,0.0,0.0,160293.91,NPR
2026-01-06,ACC0000007888,376993.33,0.0,0.0,376993.33,NPR
2026-01-06,ACC0000007889,492088.0,14407.92,46495.7,460000.22,NPR
2026-01-06,ACC0000007890,472671.73,40880.85,13486.74,500065.84,NPR
2026-01-06,ACC0000007891,59958.74,0.0,27626.18,32332.56,NPR
2026-01-06,ACC0000007892,411231.6,0.0,38198.21,373033.39,NPR
2026-01-06,ACC0000007893,59852.14,0.0,0.0,59852.14,NPR
2026-01-06,ACC0000007894,68886.97,0.0,22910.26,45976.71,NPR
2026-01-06,ACC0000007895,435677.85,21444.45,70264.53,386857.77,NPR
2026-01-06,ACC0000007896,485542.89,0.0,76651.78,408891.11,NPR
2026-01-06,ACC0000007897,375472.9,0.0,0.0,375472.9,NPR
2026-01-06,ACC0000007898,45322.75,0.0,45692.62,-369.87,NPR
2026-01-06,ACC0000007899,414871.34,0.0,0.0,414871.34,NPR
2026-01-06,ACC0000007900,349616.36,0.0,108223.16,241393.2,NPR
2026-01-06,ACC0000007901,165465.16,2319.13,83160.25,84624.04,NPR
2026-01-06,ACC0000007902,410454.6,24768.51,40083.84,395139.27,NPR
2026-01-06,ACC0000007903,324359.77,0.0,29771.72,294588.05,NPR
2026-01-06,ACC0000007904,224211.59,0.0,103054.49,121157.1,NPR
2026-01-06,ACC0000007905,189158.85,26356.9,54028.79,161486.96,NPR
2026-01-06,ACC0000007906,41597.2,0.0,32051.73,9545.47,NPR
2026-01-06,ACC0000007907,8540.15,0.0,87090.64,-78550.49,NPR
2026-01-06,ACC0000007908,274542.83,0.0,135427.97,139114.86,NPR
2026-01-06,ACC0000007909,138241.85,24943.42,65289.16,97896.11,NPR
2026-01-06,ACC0000007910,444710.33,0.0,27074.88,417635.45,NPR
2026-01-06,ACC0000007911,96085.55,0.0,34962.57,61122.98,NPR
2026-01-06,ACC0000007912,24900.37,12728.1,67669.72,-30041.25,NPR
2026-01-06,ACC0000007913,353077.21,40693.03,0.0,393770.24,NPR
2026-01-06,ACC0000007914,441225.53,0.0,66579.77,374645.76,NPR
2026-01-06,ACC0000007915,431070.97,0.0,99063.48,332007.49,NPR
2026-01-06,ACC0000007916,111597.4,0.0,0.0,111597.4,NPR
2026-01-06,ACC0000007917,162535.27,0.0,18422.15,144113.12,NPR
2026-01-06,ACC0000007918,373701.16,0.0,182229.4,191471.76,NPR
2026-01-06,ACC0000007919,470231.31,0.0,65837.17,404394.14,NPR
2026-01-06,ACC0000007920,220163.33,67001.13,23236.09,263928.37,NPR
2026-01-06,ACC0000007921,468111.46,0.0,65355.51,402755.95,NPR
2026-01-06,ACC0000007922,302133.55,25403.96,12936.44,314601.07,NPR
2026-01-06,ACC0000007923,437430.59,3065.27,88137.35,352358.51,NPR
2026-01-06,ACC0000007924,425865.05,0.0,84562.97,341302.08,NPR
2026-01-06,ACC0000007925,416670.47,0.0,48344.21,368326.26,NPR
2026-01-06,ACC0000007926,160320.35,0.0,0.0,160320.35,NPR
2026-01-06,ACC0000007927,241232.82,0.0,0.0,241232.82,NPR
2026-01-06,ACC0000007928,345923.66,23092.95,117434.76,251581.85,NPR
2026-01-06,ACC0000007929,245213.44,0.0,0.0,245213.44,NPR
2026-01-06,ACC0000007930,261348.31,22500.76,69056.82,214792.25,NPR
2026-01-06,ACC0000007931,185567.44,74527.9,24813.22,235282.12,NPR
2026-01-06,ACC0000007932,198226.62,0.0,20401.82,177824.8,NPR
2026-01-06,ACC0000007933,414378.12,33560.7,63514.66,384424.16,NPR
2026-01-06,ACC0000007934,123274.59,0.0,36855.38,86419.21,NPR
2026-01-06,ACC0000007935,443164.19,8403.95,163080.3,288487.84,NPR
2026-01-06,ACC0000007936,354944.01,0.0,112312.23,242631.78,NPR
2026-01-06,ACC0000007937,171311.35,0.0,0.0,171311.35,NPR
2026-01-06,ACC0000007938,241438.19,117600.53,33991.59,325047.13,NPR
2026-01-06,ACC0000007939,430940.77,0.0,19373.1,411567.67,NPR
2026-01-06,ACC0000007940,217065.26,0.0,85988.07,131077.19,NPR
2026-01-06,ACC0000007941,30205.23,0.0,0.0,30205.23,NPR
2026-01-06,ACC0000007942,172287.34,0.0,107600.79,64686.55,NPR
2026-01-06,ACC0000007943,17722.07,0.0,60743.98,-43021.91,NPR
2026-01-06,ACC0000007944,235228.69,0.0,0.0,235228.69,NPR
2026-01-06,ACC0000007945,488521.77,38558.72,57418.89,469661.6,NPR
2026-01-06,ACC0000007946,127128.97,59313.29,50856.28,135585.98,NPR
2026-01-06,ACC0000007947,354966.93,0.0,35374.2,319592.73,NPR
2026-01-06,ACC0000007948,261080.06,0.0,12875.45,248204.61,NPR
2026-01-06,ACC0000007949,111544.41,0.0,0.0,111544.41,NPR
2026-01-06,ACC0000007950,7390.87,0.0,33692.84,-26301.97,NPR
2026-01-06,ACC0000007951,117413.41,0.0,5374.55,112038.86,NPR
2026-01-06,ACC0000007952,358774.53,0.0,107510.71,251263.82,NPR
2026-01-06,ACC0000007953,177492.57,5429.23,37475.81,145445.99,NPR
2026-01-06,ACC0000007954,227223.11,0.0,49690.46,177532.65,NPR
2026-01-06,ACC0000007955,145889.27,0.0,0.0,145889.27,NPR
2026-01-06,ACC0000007956,94651.22,26290.67,100775.54,20166.35,NPR
2026-01-06,ACC0000007957,86850.76,0.0,97098.65,-10247.89,NPR
2026-01-06,ACC0000007958,328679.29,0.0,66602.98,262076.31,NPR
2026-01-06,ACC0000007959,4837.3,0.0,0.0,4837.3,NPR
2026-01-06,ACC0000007960,416453.9,0.0,6282.23,410171.67,NPR
2026-01-06,ACC0000007961,373598.41,0.0,44330.46,329267.95,NPR
2026-01-06,ACC0000007962,332869.6,0.0,0.0,332869.6,NPR
2026-01-06,ACC0000007963,489146.73,0.0,84293.05,404853.68,NPR
2026-01-06,ACC0000007964,186229.31,8175.04,17577.43,176826.92,NPR
2026-01-06,ACC0000007965,88902.98,21835.04,67721.82,43016.2,NPR
2026-01-06,ACC0000007966,71596.48,0.0,0.0,71596.48,NPR
2026-01-06,ACC0000007967,304858.36,0.0,124103.59,180754.77,NPR
2026-01-06,ACC0000007968,268473.38,0.0,40322.66,228150.72,NPR
2026-01-06,ACC0000007969,200195.28,0.0,66371.88,133823.4,NPR
2026-01-06,ACC0000007970,300301.21,0.0,62888.81,237412.4,NPR
2026-01-06,ACC0000007971,216950.26,0.0,83861.5,133088.76,NPR
2026-01-06,ACC0000007972,365632.42,35057.52,37065.49,363624.45,NPR
2026-01-06,ACC0000007973,308606.56,0.0,110391.47,198215.09,NPR
2026-01-06,ACC0000007974,158461.41,0.0,89665.23,68796.18,NPR
2026-01-06,ACC0000007975,194261.5,1216.64,37154.76,158323.38,NPR
2026-01-06,ACC0000007976,264002.22,0.0,51893.29,212108.93,NPR
2026-01-06,ACC0000007977,238190.31,0.0,0.0,238190.31,NPR
2026-01-06,ACC0000007978,33082.87,45557.65,40397.53,38242.99,NPR
2026-01-06,ACC0000007979,358421.99,59285.65,57319.77,360387.87,NPR
2026-01-06,ACC0000007980,466078.38,0.0,64161.42,401916.96,NPR
2026-01-06,ACC0000007981,133081.26,3027.73,53051.94,83057.05,NPR
2026-01-06,ACC0000007982,99875.77,31311.91,84627.84,46559.84,NPR
2026-01-06,ACC0000007983,90533.69,23851.62,0.0,114385.31,NPR
2026-01-06,ACC0000007984,25781.33,0.0,0.0,25781.33,NPR
2026-01-06,ACC0000007985,331109.4,0.0,62869.13,268240.27,NPR
2026-01-06,ACC0000007986,190349.98,32403.17,0.0,222753.15,NPR
2026-01-06,ACC0000007987,275622.22,0.0,2258.31,273363.91,NPR
2026-01-06,ACC0000007988,402168.55,0.0,0.0,402168.55,NPR
2026-01-06,ACC0000007989,185757.61,0.0,41707.49,144050.12,NPR
2026-01-06,ACC0000007990,61062.47,0.0,0.0,61062.47,NPR
2026-01-06,ACC0000007991,164864.96,2070.44,15382.46,151552.94,NPR
2026-01-06,ACC0000007992,252618.51,0.0,3549.07,249069.44,NPR
2026-01-06,ACC0000007993,274201.85,0.0,25078.26,249123.59,NPR
2026-01-06,ACC0000007994,53134.96,0.0,6387.97,46746.99,NPR
2026-01-06,ACC0000007995,81862.55,29215.23,64077.53,47000.25,NPR
2026-01-06,ACC0000007996,231443.64,0.0,71446.19,159997.45,NPR
2026-01-06,ACC0000007997,68850.51,41692.8,30287.94,80255.37,NPR
2026-01-06,ACC0000007998,4032.63,0.0,31225.39,-27192.76,NPR
2026-01-06,ACC0000007999,8845.18,30885.3,0.0,39730.48,NPR
2026-01-06,ACC0000008000,307297.69,34336.33,12250.7,329383.32,NPR
