balance_date,account_id,opening_balance,credit_total,debit_total,closing_balance,currency
2026-01-01,ACC0000000001,292584.94,0.0,76515.72,216069.22,NPR
2026-01-01,ACC0000000002,357623.57,0.0,66491.89,291131.68,NPR
2026-01-01,ACC0000000003,140719.48,0.0,3504.67,137214.81,NPR
2026-01-01,ACC0000000004,397313.95,0.0,46669.41,350644.54,NPR
2026-01-01,ACC0000000005,345010.31,6233.66,22562.85,328681.12,NPR
2026-01-01,ACC0000000006,5885.81,21395.3,4671.67,22609.44,NPR
2026-01-01,ACC0000000007,283893.14,0.0,55838.44,228054.7,NPR
2026-01-01,ACC0000000008,229500.45,59409.14,29170.32,259739.27,NPR
2026-01-01,ACC0000000009,157742.08,0.0,0.0,157742.08,NPR
2026-01-01,ACC0000000010,490616.56,0.0,0.0,490616.56,NPR
2026-01-01,ACC0000000011,161176.56,0.0,0.0,161176.56,NPR
2026-01-01,ACC0000000012,160895.57,0.0,82283.59,78611.98,NPR
2026-01-01,ACC0000000013,433161.11,0.0,27367.32,405793.79,NPR
2026-01-01,ACC0000000014,404109.88,0.0,45703.57,358406.31,NPR
2026-01-01,ACC0000000015,414217.07,0.0,0.0,414217.07,NPR
2026-01-01,ACC0000000016,109913.79,0.0,15821.14,94092.65,NPR
2026-01-01,ACC0000000017,441487.04,0.0,66045.8,375441.24,NPR
2026-01-01,ACC0000000018,119347.44,0.0,0.0,119347.44,NPR
2026-01-01,ACC0000000019,94083.0,0.0,101941.85,-7858.85,NPR
2026-01-01,ACC0000000020,105065.92,0.0,44043.19,61022.73,NPR
2026-01-01,ACC0000000021,47325.96,0.0,77875.57,-30549.61,NPR
2026-01-01,ACC0000000022,83335.96,46018.87,48375.51,80979.32,NPR
2026-01-01,ACC0000000023,356205.82,0.0,56597.98,299607.84,NPR
2026-01-01,ACC0000000024,487579.51,64652.24,0.0,552231.75,NPR
2026-01-01,ACC0000000025,75528.05,0.0,87255.0,-11726.95,NPR
2026-01-01,ACC0000000026,139290.83,33416.5,26526.26,146181.07,NPR
2026-01-01,ACC0000000027,100020.69,0.0,31988.07,68032.62,NPR
2026-01-01,ACC0000000028,10330.45,0.0,8996.49,1333.96,NPR
2026-01-01,ACC0000000029,293697.82,71025.0,5417.46,359305.36,NPR
2026-01-01,ACC0000000030,6396.48,0.0,0.0,6396.48,NPR
2026-01-01,ACC0000000031,451171.32,0.0,45538.85,405632.47,NPR
2026-01-01,ACC0000000032,427797.55,0.0,78038.26,349759.29,NPR
2026-01-01,ACC0000000033,415986.21,9184.13,81047.82,344122.52,NPR
2026-01-01,ACC0000000034,348454.5,0.0,0.0,348454.5,NPR
2026-01-01,ACC0000000035,138290.35,0.0,102672.64,35617.71,NPR
2026-01-01,ACC0000000036,248468.38,0.0,20099.75,228368.63,NPR
2026-01-01,ACC0000000037,357147.46,0.0,46188.82,310958.64,NPR
2026-01-01,ACC0000000038,348561.69,0.0,19789.49,328772.2,NPR
2026-01-01,ACC0000000039,14261.54,0.0,53265.92,-39004.38,NPR
2026-01-01,ACC0000000040,296525.98,0.0,37051.44,259474.54,NPR
2026-01-01,ACC0000000041,285018.29,0.0,11613.78,273404.51,NPR
2026-01-01,ACC0000000042,111726.85,0.0,0.0,111726.85,NPR
2026-01-01,ACC0000000043,495326.45,43469.89,46487.12,492309.22,NPR
2026-01-01,ACC0000000044,51610.54,33006.66,68034.91,16582.29,NPR
2026-01-01,ACC0000000045,246928.55,0.0,28883.75,218044.8,NPR
2026-01-01,ACC0000000046,497046.75,0.0,0.0,497046.75,NPR
2026-01-01,ACC0000000047,433127.42,44280.17,0.0,477407.59,NPR
2026-01-01,ACC0000000048,314207.04,33598.1,87136.11,260669.03,NPR
2026-01-01,ACC0000000049,231905.14,0.0,0.0,231905.14,NPR
2026-01-01,ACC0000000050,410084.76,0.0,2303.55,407781.21,NPR
2026-01-01,ACC0000000051,202185.19,0.0,6731.01,195454.18,NPR
2026-01-01,ACC0000000052,383011.86,0.0,48268.81,334743.05,NPR
2026-01-01,ACC0000000053,131512.41,0.0,21510.92,110001.49,NPR
2026-01-01,ACC0000000054,161643.39,0.0,0.0,161643.39,NPR
2026-01-01,ACC0000000055,345284.66,0.0,39892.51,305392.15,NPR
2026-01-01,ACC0000000056,410448.96,0.0,0.0,410448.96,NPR
2026-01-01,ACC0000000057,357616.94,43996.16,81618.68,319994.42,NPR
2026-01-01,ACC0000000058,296488.54,0.0,0.0,296488.54,NPR
2026-01-01,ACC0000000059,231324.15,0.0,75723.71,155600.44,NPR
2026-01-01,ACC0000000060,102701.36,25845.73,10512.5,118034.59,NPR
2026-01-01,ACC0000000061,11996.78,21198.76,0.0,33195.54,NPR
2026-01-01,ACC0000000062,16196.35,27163.71,0.0,43360.06,NPR
2026-01-01,ACC0000000063,497083.54,15850.41,0.0,512933.95,NPR
2026-01-01,ACC0000000064,195525.71,113023.98,97485.06,211064.63,NPR
2026-01-01,ACC0000000065,176277.59,27601.64,181335.72,22543.51,NPR
2026-01-01,ACC0000000066,349574.14,0.0,78254.73,271319.41,NPR
2026-01-01,ACC0000000067,28028.39,0.0,83715.92,-55687.53,NPR
2026-01-01,ACC0000000068,251243.48,13330.98,44830.9,219743.56,NPR
2026-01-01,ACC0000000069,170801.09,0.0,32204.69,138596.4,NPR
2026-01-01,ACC0000000070,289587.13,0.0,0.0,289587.13,NPR
2026-01-01,ACC0000000071,126189.88,0.0,0.0,126189.88,NPR
2026-01-01,ACC0000000072,359822.13,0.0,38647.41,321174.72,NPR
2026-01-01,ACC0000000073,239764.31,43101.63,24969.9,257896.04,NPR
2026-01-01,ACC0000000074,346468.44,0.0,50965.21,295503.23,NPR
2026-01-01,ACC0000000075,340703.82,0.0,46885.54,293818.28,NPR
2026-01-01,ACC0000000076,412655.15,69684.73,30794.2,451545.68,NPR
2026-01-01,ACC0000000077,186760.27,0.0,6092.88,180667.39,NPR
2026-01-01,ACC0000000078,263204.16,0.0,81018.3,182185.86,NPR
2026-01-01,ACC0000000079,205236.85,0.0,44592.16,160644.69,NPR
2026-01-01,ACC0000000080,247405.34,91051.57,47984.45,290472.46,NPR
2026-01-01,ACC0000000081,463720.16,0.0,117760.85,345959.31,NPR
2026-01-01,ACC0000000082,267968.68,0.0,53670.3,214298.38,NPR
2026-01-01,ACC0000000083,15830.4,0.0,164299.29,-148468.89,NPR
2026-01-01,ACC0000000084,88875.72,25861.32,0.0,114737.04,NPR
2026-01-01,ACC0000000085,409857.59,0.0,66047.65,343809.94,NPR
2026-01-01,ACC0000000086,383471.14,0.0,0.0,383471.14,NPR
2026-01-01,ACC0000000087,77921.86,77811.91,5759.03,149974.74,NPR
2026-01-01,ACC0000000088,308358.0,0.0,7008.04,301349.96,NPR
2026-01-01,ACC0000000089,199482.8,0.0,0.0,199482.8,NPR
2026-01-01,ACC0000000090,496387.38,31649.69,42052.74,485984.33,NPR
2026-01-01,ACC0000000091,111209.59,0.0,0.0,111209.59,NPR
2026-01-01,ACC0000000092,223154.76,41754.37,29280.09,235629.04,NPR
2026-01-01,ACC0000000093,194433.01,0.0,73339.1,121093.91,NPR
2026-01-01,ACC0000000094,418226.1,23340.29,80340.32,361226.07,NPR
2026-01-01,ACC0000000095,379044.35,21398.07,65405.53,335036.89,NPR
2026-01-01,ACC0000000096,107037.07,23226.12,47242.76,83020.43,NPR
2026-01-01,ACC0000000097,220378.23,0.0,0.0,220378.23,NPR
2026-01-01,ACC0000000098,212653.69,0.0,0.0,212653.69,NPR
2026-01-01,ACC0000000099,456704.5,0.0,28608.3,428096.2,NPR
2026-01-01,ACC0000000100,77185.75,34692.19,94200.2,17677.74,NPR
2026-01-01,ACC0000000101,335398.94,35924.58,124991.28,246332.24,NPR
2026-01-01,ACC0000000102,295351.74,0.0,71719.99,223631.75,NPR
2026-01-01,ACC0000000103,1066.39,0.0,1956.55,-890.16,NPR
2026-01-01,ACC0000000104,218333.89,0.0,67757.65,150576.24,NPR
2026-01-01,ACC0000000105,48614.3,12767.53,105433.83,-44052.0,NPR
2026-01-01,ACC0000000106,244519.79,0.0,17821.79,226698.0,NPR
2026-01-01,ACC0000000107,225880.96,0.0,0.0,225880.96,NPR
2026-01-01,ACC0000000108,117197.21,0.0,0.0,117197.21,NPR
2026-01-01,ACC0000000109,49220.13,0.0,0.0,49220.13,NPR
2026-01-01,ACC0000000110,104528.94,12687.46,227604.97,-110388.57,NPR
2026-01-01,ACC0000000111,330237.41,38524.39,0.0,368761.8,NPR
2026-01-01,ACC0000000112,211795.66,0.0,73902.7,137892.96,NPR
2026-01-01,ACC0000000113,318076.37,0.0,30387.68,287688.69,NPR
2026-01-01,ACC0000000114,142058.05,34545.52,68203.47,108400.1,NPR
2026-01-01,ACC0000000115,151444.78,48310.66,9979.34,189776.1,NPR
2026-01-01,ACC0000000116,314231.63,0.0,47643.6,266588.03,NPR
2026-01-01,ACC0000000117,457269.17,46149.05,121769.15,381649.07,NPR
2026-01-01,ACC0000000118,440913.12,0.0,150591.0,290322.12,NPR
2026-01-01,ACC0000000119,466977.43,47801.68,0.0,514779.11,NPR
2026-01-01,ACC0000000120,98289.78,0.0,32469.51,65820.27,NPR
2026-01-01,ACC0000000121,298658.26,22478.75,58158.38,262978.63,NPR
2026-01-01,ACC0000000122,196539.67,0.0,6527.72,190011.95,NPR
2026-01-01,ACC0000000123,405761.39,0.0,0.0,405761.39,NPR
2026-01-01,ACC0000000124,247949.85,37347.85,64463.47,220834.23,NPR
2026-01-01,ACC0000000125,181622.03,0.0,55911.66,125710.37,NPR
2026-01-01,ACC0000000126,293217.72,5318.11,29349.83,269186.0,NPR
2026-01-01,ACC0000000127,280324.63,0.0,0.0,280324.63,NPR
2026-01-01,ACC0000000128,198220.92,19795.62,12325.46,205691.08,NPR
2026-01-01,ACC0000000129,249676.71,0.0,0.0,249676.71,NPR
2026-01-01,ACC0000000130,487384.62,0.0,47114.11,440270.51,NPR
2026-01-01,ACC0000000131,401480.34,0.0,19462.52,382017.82,NPR
2026-01-01,ACC0000000132,9029.82,46355.75,35624.24,19761.33,NPR
2026-01-01,ACC0000000133,268467.72,0.0,34081.35,234386.37,NPR
2026-01-01,ACC0000000134,328115.82,0.0,0.0,328115.82,NPR
2026-01-01,ACC0000000135,195888.42,0.0,44234.9,151653.52,NPR
2026-01-01,ACC0000000136,189007.94,0.0,53361.32,135646.62,NPR
2026-01-01,ACC0000000137,267186.51,85029.91,28640.09,323576.33,NPR
2026-01-01,ACC0000000138,87517.58,0.0,86044.24,1473.34,NPR
2026-01-01,ACC0000000139,386949.0,50454.47,31518.16,405885.31,NPR
2026-01-01,ACC0000000140,438328.18,0.0,935.44,437392.74,NPR
2026-01-01,ACC0000000141,335150.55,0.0,102770.91,232379.64,NPR
2026-01-01,ACC0000000142,378884.23,0.0,32550.17,346334.06,NPR
2026-01-01,ACC0000000143,139367.9,0.0,72738.08,66629.82,NPR
2026-01-01,ACC0000000144,135388.79,0.0,0.0,135388.79,NPR
2026-01-01,ACC0000000145,108086.14,4974.95,73121.66,39939.43,NPR
2026-01-01,ACC0000000146,220925.22,0.0,52016.66,168908.56,NPR
2026-01-01,ACC0000000147,274186.61,0.0,0.0,274186.61,NPR
2026-01-01,ACC0000000148,51684.73,45379.38,71979.11,25085.0,NPR
2026-01-01,ACC0000000149,66093.32,0.0,83817.03,-17723.71,NPR
2026-01-01,ACC0000000150,365303.52,0.0,107541.39,257762.13,NPR
2026-01-01,ACC0000000151,209383.61,0.0,0.0,209383.61,NPR
2026-01-01,ACC0000000152,347069.22,0.0,62995.86,284073.36,NPR
2026-01-01,ACC0000000153,206781.06,0.0,23036.85,183744.21,NPR
2026-01-01,ACC0000000154,56805.56,0.0,0.0,56805.56,NPR
2026-01-01,ACC0000000155,162540.08,12458.47,1763.85,173234.7,NPR
2026-01-01,ACC0000000156,350291.69,0.0,0.0,350291.69,NPR
2026-01-01,ACC0000000157,174512.18,0.0,20266.29,154245.89,NPR
2026-01-01,ACC0000000158,12287.25,0.0,0.0,12287.25,NPR
2026-01-01,ACC0000000159,106877.17,0.0,21428.89,85448.28,NPR
2026-01-01,ACC0000000160,28372.2,0.0,33065.07,-4692.87,NPR
2026-01-01,ACC0000000161,402481.11,0.0,34422.32,368058.79,NPR
2026-01-01,ACC0000000162,188271.24,0.0,83092.98,105178.26,NPR
2026-01-01,ACC0000000163,440185.2,48361.54,10110.44,478436.3,NPR
2026-01-01,ACC0000000164,470651.05,0.0,67824.94,402826.11,NPR
2026-01-01,ACC0000000165,250764.99,0.0,0.0,250764.99,NPR
2026-01-01,ACC0000000166,55748.99,0.0,99588.37,-43839.38,NPR
2026-01-01,ACC0000000167,33536.14,0.0,177383.31,-143847.17,NPR
2026-01-01,ACC0000000168,96701.55,0.0,102087.2,-5385.65,NPR
2026-01-01,ACC0000000169,89575.96,0.0,0.0,89575.96,NPR
2026-01-01,ACC0000000170,371220.17,0.0,68235.28,302984.89,NPR
2026-01-01,ACC0000000171,335488.59,0.0,0.0,335488.59,NPR
2026-01-01,ACC0000000172,115994.04,0.0,0.0,115994.04,NPR
2026-01-01,ACC0000000173,341499.86,47359.61,78332.23,310527.24,NPR
2026-01-01,ACC0000000174,225510.65,0.0,45493.64,180017.01,NPR
2026-01-01,ACC0000000175,181331.72,0.0,40050.37,141281.35,NPR
2026-01-01,ACC0000000176,384091.91,0.0,0.0,384091.91,NPR
2026-01-01,ACC0000000177,53238.51,0.0,105880.21,-52641.7,NPR
2026-01-01,ACC0000000178,316976.88,0.0,23240.75,293736.13,NPR
2026-01-01,ACC0000000179,222597.26,1197.71,0.0,223794.97,NPR
2026-01-01,ACC0000000180,44682.3,13921.35,70295.89,-11692.24,NPR
2026-01-01,ACC0000000181,191033.4,0.0,28802.71,162230.69,NPR
2026-01-01,ACC0000000182,446820.42,0.0,45916.16,400904.26,NPR
2026-01-01,ACC0000000183,415878.55,0.0,14762.08,401116.47,NPR
2026-01-01,ACC0000000184,380571.84,0.0,50363.1,330208.74,NPR
2026-01-01,ACC0000000185,161777.57,0.0,0.0,161777.57,NPR
2026-01-01,ACC0000000186,28033.82,0.0,142745.35,-114711.53,NPR
2026-01-01,ACC0000000187,26322.56,0.0,193938.45,-167615.89,NPR
2026-01-01,ACC0000000188,49524.52,21704.14,44035.0,27193.66,NPR
2026-01-01,ACC0000000189,278806.98,0.0,0.0,278806.98,NPR
2026-01-01,ACC0000000190,29992.9,0.0,0.0,29992.9,NPR
2026-01-01,ACC0000000191,315095.16,0.0,0.0,315095.16,NPR
2026-01-01,ACC0000000192,489169.89,4416.0,94224.32,399361.57,NPR
2026-01-01,ACC0000000193,196664.11,23645.18,126692.1,93617.19,NPR
2026-01-01,ACC0000000194,118970.99,0.0,157504.73,-38533.74,NPR
2026-01-01,ACC0000000195,309854.06,29597.98,25073.08,314378.96,NPR
2026-01-01,ACC0000000196,131599.8,31543.8,66892.18,96251.42,NPR
2026-01-01,ACC0000000197,179807.9,66501.79,3586.75,242722.94,NPR
2026-01-01,ACC0000000198,159689.9,37170.95,48507.54,148353.31,NPR
2026-01-01,ACC0000000199,68989.8,0.0,48390.22,20599.58,NPR
2026-01-01,ACC0000000200,71232.46,0.0,26239.82,44992.64,NPR
2026-01-01,ACC0000000201,90925.62,0.0,85392.8,5532.82,NPR
2026-01-01,ACC0000000202,8213.33,35518.93,123647.08,-79914.82,NPR
2026-01-01,ACC0000000203,439526.3,0.0,83272.62,356253.68,NPR
2026-01-01,ACC0000000204,428257.43,0.0,0.0,428257.43,NPR
2026-01-01,ACC0000000205,70069.01,0.0,0.0,70069.01,NPR
2026-01-01,ACC0000000206,320007.02,0.0,55028.69,264978.33,NPR
2026-01-01,ACC0000000207,403522.85,48389.34,0.0,451912.19,NPR
2026-01-01,ACC0000000208,206888.97,0.0,8614.61,198274.36,NPR
2026-01-01,ACC0000000209,332572.68,0.0,0.0,332572.68,NPR
2026-01-01,ACC0000000210,247683.15,40601.04,57154.2,231129.99,NPR
2026-01-01,ACC0000000211,200417.07,0.0,61932.33,138484.74,NPR
2026-01-01,ACC0000000212,469235.62,0.0,0.0,469235.62,NPR
2026-01-01,ACC0000000213,205311.07,61767.92,50292.75,216786.24,NPR
2026-01-01,ACC0000000214,38673.54,0.0,93210.68,-54537.14,NPR
2026-01-01,ACC0000000215,104773.64,5926.62,170767.61,-60067.35,NPR
2026-01-01,ACC0000000216,295477.45,0.0,0.0,295477.45,NPR
2026-01-01,ACC0000000217,249641.02,0.0,60766.14,188874.88,NPR
2026-01-01,ACC0000000218,137321.57,0.0,0.0,137321.57,NPR
2026-01-01,ACC0000000219,34637.49,34486.63,85864.69,-16740.57,NPR
2026-01-01,ACC0000000220,33251.48,12391.26,55106.65,-9463.91,NPR
2026-01-01,ACC0000000221,322047.82,0.0,0.0,322047.82,NPR
2026-01-01,ACC0000000222,26169.14,4958.0,34297.25,-3170.11,NPR
2026-01-01,ACC0000000223,296158.42,0.0,0.0,296158.42,NPR
2026-01-01,ACC0000000224,282031.88,0.0,61092.6,220939.28,NPR
2026-01-01,ACC0000000225,245479.51,0.0,42224.37,203255.14,NPR
2026-01-01,ACC0000000226,191548.39,0.0,64844.26,126704.13,NPR
2026-01-01,ACC0000000227,144671.55,0.0,60506.07,84165.48,NPR
2026-01-01,ACC0000000228,319481.86,0.0,17174.5,302307.36,NPR
2026-01-01,ACC0000000229,487757.16,48263.38,17185.93,518834.61,NPR
2026-01-01,ACC0000000230,40472.26,0.0,49993.33,-9521.07,NPR
2026-01-01,ACC0000000231,273081.28,0.0,63097.74,209983.54,NPR
2026-01-01,ACC0000000232,389388.29,43857.56,43889.27,389356.58,NPR
2026-01-01,ACC0000000233,144822.48,0.0,79590.71,65231.77,NPR
2026-01-01,ACC0000000234,273023.74,41296.55,39566.73,274753.56,NPR
2026-01-01,ACC0000000235,214842.33,0.0,5310.85,209531.48,NPR
2026-01-01,ACC0000000236,196192.91,0.0,0.0,196192.91,NPR
2026-01-01,ACC0000000237,105153.89,0.0,55272.5,49881.39,NPR
2026-01-01,ACC0000000238,317289.7,0.0,130176.03,187113.67,NPR
2026-01-01,ACC0000000239,71339.13,0.0,37532.66,33806.47,NPR
2026-01-01,ACC0000000240,473052.04,0.0,42720.66,430331.38,NPR
2026-01-01,ACC0000000241,367791.54,0.0,1744.57,366046.97,NPR
2026-01-01,ACC0000000242,107216.19,0.0,46146.5,61069.69,NPR
2026-01-01,ACC0000000243,76975.6,31312.62,47574.29,60713.93,NPR
2026-01-01,ACC0000000244,392685.01,0.0,53081.43,339603.58,NPR
2026-01-01,ACC0000000245,491404.08,0.0,47535.23,443868.85,NPR
2026-01-01,ACC0000000246,79862.94,17618.68,12789.79,84691.83,NPR
2026-01-01,ACC0000000247,217298.81,0.0,51017.68,166281.13,NPR
2026-01-01,ACC0000000248,158950.4,0.0,47015.99,111934.41,NPR
2026-01-01,ACC0000000249,341100.31,0.0,194809.52,146290.79,NPR
2026-01-01,ACC0000000250,178753.41,0.0,36473.2,142280.21,NPR
2026-01-01,ACC0000000251,183630.92,0.0,0.0,183630.92,NPR
2026-01-01,ACC0000000252,41209.16,0.0,30093.34,11115.82,NPR
2026-01-01,ACC0000000253,148928.86,15648.82,155237.27,9340.41,NPR
2026-01-01,ACC0000000254,134729.64,0.0,42685.22,92044.42,NPR
2026-01-01,ACC0000000255,161241.94,0.0,121402.66,39839.28,NPR
2026-01-01,ACC0000000256,50992.87,39115.28,74870.94,15237.21,NPR
2026-01-01,ACC0000000257,330549.9,3405.02,33635.76,300319.16,NPR
2026-01-01,ACC0000000258,55727.14,24668.93,28245.03,52151.04,NPR
2026-01-01,ACC0000000259,162873.88,24802.33,59037.33,128638.88,NPR
2026-01-01,ACC0000000260,45980.32,37635.04,33133.76,50481.6,NPR
2026-01-01,ACC0000000261,172519.41,26126.81,31113.79,167532.43,NPR
2026-01-01,ACC0000000262,420645.52,0.0,0.0,420645.52,NPR
2026-01-01,ACC0000000263,415319.6,0.0,82610.58,332709.02,NPR
2026-01-01,ACC0000000264,181091.42,6787.3,12287.42,175591.3,NPR
2026-01-01,ACC0000000265,482639.37,0.0,23755.44,458883.93,NPR
2026-01-01,ACC0000000266,251845.38,19888.31,154066.72,117666.97,NPR
2026-01-01,ACC0000000267,310432.06,16501.26,19876.68,307056.64,NPR
2026-01-01,ACC0000000268,345523.7,0.0,0.0,345523.7,NPR
2026-01-01,ACC0000000269,105381.33,0.0,0.0,105381.33,NPR
2026-01-01,ACC0000000270,218042.56,0.0,0.0,218042.56,NPR
2026-01-01,ACC0000000271,187162.44,0.0,85487.86,101674.58,NPR
2026-01-01,ACC0000000272,61214.08,0.0,51481.83,9732.25,NPR
2026-01-01,ACC0000000273,215456.5,0.0,0.0,215456.5,NPR
2026-01-01,ACC0000000274,443057.88,0.0,54472.01,388585.87,NPR
2026-01-01,ACC0000000275,262106.58,0.0,48121.28,213985.3,NPR
2026-01-01,ACC0000000276,79992.45,0.0,0.0,79992.45,NPR
2026-01-01,ACC0000000277,295417.37,104854.01,42255.78,358015.6,NPR
2026-01-01,ACC0000000278,138721.0,65771.53,4100.63,200391.9,NPR
2026-01-01,ACC0000000279,138915.47,25133.37,42480.67,121568.17,NPR
2026-01-01,ACC0000000280,444647.91,0.0,18325.85,426322.06,NPR
2026-01-01,ACC0000000281,156135.98,0.0,45975.57,110160.41,NPR
2026-01-01,ACC0000000282,483193.68,0.0,2350.16,480843.52,NPR
2026-01-01,ACC0000000283,107396.78,0.0,52916.94,54479.84,NPR
2026-01-01,ACC0000000284,150610.36,0.0,60900.96,89709.4,NPR
2026-01-01,ACC0000000285,253748.53,0.0,22471.69,231276.84,NPR
2026-01-01,ACC0000000286,453276.67,0.0,52426.32,400850.35,NPR
2026-01-01,ACC0000000287,53161.91,40240.89,104843.23,-11440.43,NPR
2026-01-01,ACC0000000288,205865.8,42582.63,54546.05,193902.38,NPR
2026-01-01,ACC0000000289,172488.89,0.0,29083.05,143405.84,NPR
2026-01-01,ACC0000000290,80808.48,13637.66,90482.69,3963.45,NPR
2026-01-01,ACC0000000291,275755.87,0.0,70540.37,205215.5,NPR
2026-01-01,ACC0000000292,103388.24,0.0,124377.38,-20989.14,NPR
2026-01-01,ACC0000000293,449974.06,8337.76,46396.68,411915.14,NPR
2026-01-01,ACC0000000294,147699.68,0.0,0.0,147699.68,NPR
2026-01-01,ACC0000000295,287967.68,0.0,0.0,287967.68,NPR
2026-01-01,ACC0000000296,389133.09,45810.38,104178.28,330765.19,NPR
2026-01-01,ACC0000000297,186006.57,0.0,74302.44,111704.13,NPR
2026-01-01,ACC0000000298,438000.48,37659.31,0.0,475659.79,NPR
2026-01-01,ACC0000000299,305278.47,10127.04,9742.57,305662.94,NPR
2026-01-01,ACC0000000300,205588.09,0.0,36476.71,169111.38,NPR
2026-01-01,ACC0000000301,303960.8,73708.62,0.0,377669.42,NPR
2026-01-01,ACC0000000302,484120.45,0.0,61116.17,423004.28,NPR
2026-01-01,ACC0000000303,248919.26,75756.21,36780.03,287895.44,NPR
2026-01-01,ACC0000000304,384252.3,0.0,0.0,384252.3,NPR
2026-01-01,ACC0000000305,121864.34,0.0,0.0,121864.34,NPR
2026-01-01,ACC0000000306,205912.31,0.0,88496.59,117415.72,NPR
2026-01-01,ACC0000000307,453452.93,0.0,65866.63,387586.3,NPR
2026-01-01,ACC0000000308,460199.54,0.0,14025.35,446174.19,NPR
2026-01-01,ACC0000000309,496006.47,0.0,19713.42,476293.05,NPR
2026-01-01,ACC0000000310,50633.06,49051.06,77927.49,21756.63,NPR
2026-01-01,ACC0000000311,451559.1,0.0,92022.77,359536.33,NPR
2026-01-01,ACC0000000312,449190.3,10096.19,77445.46,381841.03,NPR
2026-01-01,ACC0000000313,240360.54,0.0,0.0,240360.54,NPR
2026-01-01,ACC0000000314,242810.97,43972.61,24963.09,261820.49,NPR
2026-01-01,ACC0000000315,497474.34,0.0,36358.21,461116.13,NPR
2026-01-01,ACC0000000316,488672.2,21468.63,78470.5,431670.33,NPR
2026-01-01,ACC0000000317,225267.57,45861.3,124193.62,146935.25,NPR
2026-01-01,ACC0000000318,279375.78,10131.31,0.0,289507.09,NPR
2026-01-01,ACC0000000319,106146.64,0.0,155694.93,-49548.29,NPR
2026-01-01,ACC0000000320,311627.62,0.0,18936.21,292691.41,NPR
2026-01-01,ACC0000000321,100524.16,0.0,0.0,100524.16,NPR
2026-01-01,ACC0000000322,328137.71,40969.25,59923.9,309183.06,NPR
2026-01-01,ACC0000000323,213712.52,0.0,26465.41,187247.11,NPR
2026-01-01,ACC0000000324,10827.52,39979.63,67485.04,-16677.89,NPR
2026-01-01,ACC0000000325,356925.36,0.0,0.0,356925.36,NPR
2026-01-01,ACC0000000326,322540.45,0.0,50790.83,271749.62,NPR
2026-01-01,ACC0000000327,486892.35,34412.29,0.0,521304.64,NPR
2026-01-01,ACC0000000328,199621.68,50076.79,92704.39,156994.08,NPR
2026-01-01,ACC0000000329,190827.13,0.0,48934.81,141892.32,NPR
2026-01-01,ACC0000000330,156798.46,0.0,8708.18,148090.28,NPR
2026-01-01,ACC0000000331,144287.95,22703.22,41395.87,125595.3,NPR
2026-01-01,ACC0000000332,20989.54,49540.33,172641.83,-102111.96,NPR
2026-01-01,ACC0000000333,302150.45,0.0,141139.04,161011.41,NPR
2026-01-01,ACC0000000334,468140.79,68044.97,0.0,536185.76,NPR
2026-01-01,ACC0000000335,278018.08,51497.94,74678.24,254837.78,NPR
2026-01-01,ACC0000000336,10974.31,0.0,15301.41,-4327.1,NPR
2026-01-01,ACC0000000337,29170.36,0.0,45144.44,-15974.08,NPR
2026-01-01,ACC0000000338,118288.77,12413.23,147486.52,-16784.52,NPR
2026-01-01,ACC0000000339,233021.07,27633.59,53970.24,206684.42,NPR
2026-01-01,ACC0000000340,470113.99,0.0,20164.36,449949.63,NPR
2026-01-01,ACC0000000341,67159.54,0.0,72764.64,-5605.1,NPR
2026-01-01,ACC0000000342,285937.67,0.0,0.0,285937.67,NPR
2026-01-01,ACC0000000343,177578.97,0.0,55450.72,122128.25,NPR
2026-01-01,ACC0000000344,41960.96,16211.7,22012.66,36160.0,NPR
2026-01-01,ACC0000000345,49104.58,0.0,0.0,49104.58,NPR
2026-01-01,ACC0000000346,497351.98,29159.5,37305.97,489205.51,NPR
2026-01-01,ACC0000000347,234785.6,8201.66,0.0,242987.26,NPR
2026-01-01,ACC0000000348,3130.08,29968.32,67753.78,-34655.38,NPR
2026-01-01,ACC0000000349,22049.21,12958.89,21543.37,13464.73,NPR
2026-01-01,ACC0000000350,478910.77,0.0,76704.11,402206.66,NPR
2026-01-01,ACC0000000351,167375.24,0.0,59790.13,107585.11,NPR
2026-01-01,ACC0000000352,400149.87,0.0,0.0,400149.87,NPR
2026-01-01,ACC0000000353,96149.03,49080.84,0.0,145229.87,NPR
2026-01-01,ACC0000000354,180602.91,43950.57,64819.59,159733.89,NPR
2026-01-01,ACC0000000355,325406.39,40941.71,83201.91,283146.19,NPR
2026-01-01,ACC0000000356,457348.03,13818.64,30363.86,440802.81,NPR
2026-01-01,ACC0000000357,373520.7,0.0,0.0,373520.7,NPR
2026-01-01,ACC0000000358,166809.93,0.0,52428.61,114381.32,NPR
2026-01-01,ACC0000000359,3890.02,0.0,1368.49,2521.53,NPR
2026-01-01,ACC0000000360,301985.5,0.0,105330.12,196655.38,NPR
2026-01-01,ACC0000000361,88143.58,32554.99,1076.93,119621.64,NPR
2026-01-01,ACC0000000362,484738.29,23027.93,5906.22,501860.0,NPR
2026-01-01,ACC0000000363,104256.83,2896.02,46004.18,61148.67,NPR
2026-01-01,ACC0000000364,143871.48,0.0,44687.73,99183.75,NPR
2026-01-01,ACC0000000365,74566.1,6525.09,53066.62,28024.57,NPR
2026-01-01,ACC0000000366,244788.1,33933.39,0.0,278721.49,NPR
2026-01-01,ACC0000000367,16676.36,10754.76,74379.77,-46948.65,NPR
2026-01-01,ACC0000000368,476771.82,0.0,74782.08,401989.74,NPR
2026-01-01,ACC0000000369,470701.09,28610.38,35400.37,463911.1,NPR
2026-01-01,ACC0000000370,360414.45,6042.32,0.0,366456.77,NPR
2026-01-01,ACC0000000371,128831.23,12964.43,24851.28,116944.38,NPR
2026-01-01,ACC0000000372,220501.47,9768.49,33147.47,197122.49,NPR
2026-01-01,ACC0000000373,268512.31,0.0,67543.12,200969.19,NPR
2026-01-01,ACC0000000374,217695.91,0.0,23487.6,194208.31,NPR
2026-01-01,ACC0000000375,214816.09,20587.59,0.0,235403.68,NPR
2026-01-01,ACC0000000376,259121.83,0.0,0.0,259121.83,NPR
2026-01-01,ACC0000000377,400632.73,24445.71,45934.97,379143.47,NPR
2026-01-01,ACC0000000378,30538.18,20319.99,57816.83,-6958.66,NPR
2026-01-01,ACC0000000379,62434.22,0.0,151848.15,-89413.93,NPR
2026-01-01,ACC0000000380,341852.71,0.0,75069.06,266783.65,NPR
2026-01-01,ACC0000000381,277062.4,47282.64,107086.45,217258.59,NPR
2026-01-01,ACC0000000382,485304.28,0.0,40878.52,444425.76,NPR
2026-01-01,ACC0000000383,111769.93,12527.83,0.0,124297.76,NPR
2026-01-01,ACC0000000384,96887.94,0.0,0.0,96887.94,NPR
2026-01-01,ACC0000000385,329432.57,24148.28,80660.03,272920.82,NPR
2026-01-01,ACC0000000386,387364.75,0.0,43589.88,343774.87,NPR
2026-01-01,ACC0000000387,318752.29,36836.29,49091.12,306497.46,NPR
2026-01-01,ACC0000000388,321731.77,0.0,73439.03,248292.74,NPR
2026-01-01,ACC0000000389,84162.47,0.0,83699.21,463.26,NPR
2026-01-01,ACC0000000390,121219.66,0.0,119846.56,1373.1,NPR
2026-01-01,ACC0000000391,27605.13,0.0,0.0,27605.13,NPR
2026-01-01,ACC0000000392,46157.91,7705.05,11518.89,42344.07,NPR
2026-01-01,ACC0000000393,76920.47,56565.53,61118.82,72367.18,NPR
2026-01-01,ACC0000000394,467164.74,0.0,0.0,467164.74,NPR
2026-01-01,ACC0000000395,97570.2,41251.05,165433.51,-26612.26,NPR
2026-01-01,ACC0000000396,455321.82,0.0,50663.2,404658.62,NPR
2026-01-01,ACC0000000397,392859.64,1884.64,5634.44,389109.84,NPR
2026-01-01,ACC0000000398,207931.29,0.0,0.0,207931.29,NPR
2026-01-01,ACC0000000399,418358.61,0.0,26599.53,391759.08,NPR
2026-01-01,ACC0000000400,353202.71,0.0,28787.47,324415.24,NPR
2026-01-01,ACC0000000401,334064.38,0.0,0.0,334064.38,NPR
2026-01-01,ACC0000000402,365623.41,2191.24,74974.56,292840.09,NPR
2026-01-01,ACC0000000403,373674.97,0.0,0.0,373674.97,NPR
2026-01-01,ACC0000000404,267959.0,35135.37,97627.7,205466.67,NPR
2026-01-01,ACC0000000405,435638.35,28268.19,49745.13,414161.41,NPR
2026-01-01,ACC0000000406,221144.13,38488.77,62246.75,197386.15,NPR
2026-01-01,ACC0000000407,74151.21,0.0,0.0,74151.21,NPR
2026-01-01,ACC0000000408,210531.71,0.0,59144.17,151387.54,NPR
2026-01-01,ACC0000000409,135943.05,0.0,0.0,135943.05,NPR
2026-01-01,ACC0000000410,416388.4,0.0,0.0,416388.4,NPR
2026-01-01,ACC0000000411,95783.49,0.0,91609.2,4174.29,NPR
2026-01-01,ACC0000000412,406764.1,28099.57,24613.46,410250.21,NPR
2026-01-01,ACC0000000413,361762.83,36114.3,44603.66,353273.47,NPR
2026-01-01,ACC0000000414,156614.78,0.0,67899.84,88714.94,NPR
2026-01-01,ACC0000000415,30251.68,0.0,102266.03,-72014.35,NPR
2026-01-01,ACC0000000416,42573.52,0.0,56706.47,-14132.95,NPR
2026-01-01,ACC0000000417,282850.48,0.0,0.0,282850.48,NPR
2026-01-01,ACC0000000418,426612.72,4803.4,36043.78,395372.34,NPR
2026-01-01,ACC0000000419,227349.15,0.0,87551.04,139798.11,NPR
2026-01-01,ACC0000000420,445074.12,0.0,0.0,445074.12,NPR
2026-01-01,ACC0000000421,208643.0,0.0,0.0,208643.0,NPR
2026-01-01,ACC0000000422,257626.83,0.0,0.0,257626.83,NPR
2026-01-01,ACC0000000423,42753.9,35454.4,34590.59,43617.71,NPR
2026-01-01,ACC0000000424,113021.46,48350.8,79491.52,81880.74,NPR
2026-01-01,ACC0000000425,227054.1,0.0,90327.32,136726.78,NPR
2026-01-01,ACC0000000426,214494.48,0.0,5796.99,208697.49,NPR
2026-01-01,ACC0000000427,199123.66,0.0,0.0,199123.66,NPR
2026-01-01,ACC0000000428,355593.44,0.0,78615.76,276977.68,NPR
2026-01-01,ACC0000000429,68298.65,0.0,0.0,68298.65,NPR
2026-01-01,ACC0000000430,242032.2,0.0,44140.61,197891.59,NPR
2026-01-01,ACC0000000431,273038.82,0.0,14108.85,258929.97,NPR
2026-01-01,ACC0000000432,330318.9,0.0,37431.54,292887.36,NPR
2026-01-01,ACC0000000433,175805.01,0.0,74604.15,101200.86,NPR
2026-01-01,ACC0000000434,138072.96,0.0,99184.74,38888.22,NPR
2026-01-01,ACC0000000435,237425.78,76195.02,134747.56,178873.24,NPR
2026-01-01,ACC0000000436,94740.63,0.0,35274.19,59466.44,NPR
2026-01-01,ACC0000000437,347706.46,19749.22,0.0,367455.68,NPR
2026-01-01,ACC0000000438,374680.61,0.0,34289.51,340391.1,NPR
2026-01-01,ACC0000000439,122694.87,4468.91,111088.92,16074.86,NPR
2026-01-01,ACC0000000440,317651.53,0.0,56501.19,261150.34,NPR
2026-01-01,ACC0000000441,239306.64,0.0,34336.1,204970.54,NPR
2026-01-01,ACC0000000442,121046.12,0.0,62974.31,58071.81,NPR
2026-01-01,ACC0000000443,119141.54,0.0,30229.67,88911.87,NPR
2026-01-01,ACC0000000444,419805.55,0.0,82959.12,336846.43,NPR
2026-01-01,ACC0000000445,45075.53,0.0,43138.3,1937.23,NPR
2026-01-01,ACC0000000446,359984.9,0.0,95167.81,264817.09,NPR
2026-01-01,ACC0000000447,105807.26,0.0,0.0,105807.26,NPR
2026-01-01,ACC0000000448,139120.31,24178.46,9713.87,153584.9,NPR
2026-01-01,ACC0000000449,104340.44,21678.19,91768.07,34250.56,NPR
2026-01-01,ACC0000000450,469575.17,34879.23,26019.24,478435.16,NPR
2026-01-01,ACC0000000451,219859.46,0.0,0.0,219859.46,NPR
2026-01-01,ACC0000000452,222788.59,7213.97,25993.73,204008.83,NPR
2026-01-01,ACC0000000453,327691.13,0.0,0.0,327691.13,NPR
2026-01-01,ACC0000000454,299953.1,49638.94,18500.98,331091.06,NPR
2026-01-01,ACC0000000455,373825.21,0.0,56053.38,317771.83,NPR
2026-01-01,ACC0000000456,180981.85,0.0,123896.68,57085.17,NPR
2026-01-01,ACC0000000457,138834.46,0.0,169603.51,-30769.05,NPR
2026-01-01,ACC0000000458,486768.84,0.0,120767.19,366001.65,NPR
2026-01-01,ACC0000000459,291688.02,11696.24,142648.97,160735.29,NPR
2026-01-01,ACC0000000460,476053.0,0.0,0.0,476053.0,NPR
2026-01-01,ACC0000000461,456171.55,0.0,35392.34,420779.21,NPR
2026-01-01,ACC0000000462,101576.32,33638.52,67620.22,67594.62,NPR
2026-01-01,ACC0000000463,475537.73,0.0,47354.81,428182.92,NPR
2026-01-01,ACC0000000464,129454.45,0.0,0.0,129454.45,NPR
2026-01-01,ACC0000000465,117993.87,1457.08,45755.77,73695.18,NPR
2026-01-01,ACC0000000466,302064.67,48429.27,96486.86,254007.08,NPR
2026-01-01,ACC0000000467,244654.14,0.0,95211.05,149443.09,NPR
2026-01-01,ACC0000000468,401256.76,0.0,70656.68,330600.08,NPR
2026-01-01,ACC0000000469,270110.81,0.0,87648.15,182462.66,NPR
2026-01-01,ACC0000000470,67620.51,24708.64,110065.66,-17736.51,NPR
2026-01-01,ACC0000000471,19739.5,0.0,100698.99,-80959.49,NPR
2026-01-01,ACC0000000472,171440.3,0.0,162294.33,9145.97,NPR
2026-01-01,ACC0000000473,468675.68,0.0,23798.02,444877.66,NPR
2026-01-01,ACC0000000474,144950.02,0.0,36216.97,108733.05,NPR
2026-01-01,ACC0000000475,273115.88,0.0,0.0,273115.88,NPR
2026-01-01,ACC0000000476,27776.55,0.0,103356.56,-75580.01,NPR
2026-01-01,ACC0000000477,449748.17,47386.8,97377.52,399757.45,NPR
2026-01-01,ACC0000000478,405553.05,0.0,23813.79,381739.26,NPR
2026-01-01,ACC0000000479,259291.2,0.0,73017.65,186273.55,NPR
2026-01-01,ACC0000000480,376168.45,0.0,20325.97,355842.48,NPR
2026-01-01,ACC0000000481,157761.15,38394.73,10688.92,185466.96,NPR
2026-01-01,ACC0000000482,7390.19,0.0,0.0,7390.19,NPR
2026-01-01,ACC0000000483,203639.67,0.0,23504.59,180135.08,NPR
2026-01-01,ACC0000000484,317914.3,0.0,88355.74,229558.56,NPR
2026-01-01,ACC0000000485,388558.67,0.0,73233.74,315324.93,NPR
2026-01-01,ACC0000000486,79372.78,16058.66,0.0,95431.44,NPR
2026-01-01,ACC0000000487,275818.76,0.0,1312.65,274506.11,NPR
2026-01-01,ACC0000000488,259460.82,0.0,0.0,259460.82,NPR
2026-01-01,ACC0000000489,414881.89,0.0,65587.61,349294.28,NPR
2026-01-01,ACC0000000490,285995.72,0.0,37964.54,248031.18,NPR
2026-01-01,ACC0000000491,98934.16,0.0,85328.92,13605.24,NPR
2026-01-01,ACC0000000492,324761.17,0.0,0.0,324761.17,NPR
2026-01-01,ACC0000000493,310730.8,0.0,83975.41,226755.39,NPR
2026-01-01,ACC0000000494,403879.35,0.0,82315.44,321563.91,NPR
2026-01-01,ACC0000000495,391814.62,0.0,22541.06,369273.56,NPR
2026-01-01,ACC0000000496,421233.65,27823.25,5106.59,443950.31,NPR
2026-01-01,ACC0000000497,177002.79,0.0,63920.27,113082.52,NPR
2026-01-01,ACC0000000498,269607.91,47784.26,107235.33,210156.84,NPR
2026-01-01,ACC0000000499,248916.45,0.0,78174.28,170742.17,NPR
2026-01-01,ACC0000000500,151624.93,27002.81,59140.38,119487.36,NPR
2026-01-01,ACC0000000501,102583.73,26241.89,0.0,128825.62,NPR
2026-01-01,ACC0000000502,209902.29,0.0,0.0,209902.29,NPR
2026-01-01,ACC0000000503,248213.87,0.0,76232.73,171981.14,NPR
2026-01-01,ACC0000000504,300359.46,0.0,0.0,300359.46,NPR
2026-01-01,ACC0000000505,341248.13,0.0,25034.1,316214.03,NPR
2026-01-01,ACC0000000506,447349.71,0.0,39014.24,408335.47,NPR
2026-01-01,ACC0000000507,476002.51,0.0,56112.72,419889.79,NPR
2026-01-01,ACC0000000508,452368.2,46720.82,51754.73,447334.29,NPR
2026-01-01,ACC0000000509,359680.14,926.65,41248.97,319357.82,NPR
2026-01-01,ACC0000000510,359183.98,42306.62,45511.76,355978.84,NPR
2026-01-01,ACC0000000511,20375.94,0.0,0.0,20375.94,NPR
2026-01-01,ACC0000000512,55840.63,0.0,0.0,55840.63,NPR
2026-01-01,ACC0000000513,20744.67,41129.76,41712.03,20162.4,NPR
2026-01-01,ACC0000000514,356706.71,0.0,0.0,356706.71,NPR
2026-01-01,ACC0000000515,154152.78,0.0,16173.75,137979.03,NPR
2026-01-01,ACC0000000516,183670.55,5121.32,26455.4,162336.47,NPR
2026-01-01,ACC0000000517,119385.79,21259.2,55929.67,84715.32,NPR
2026-01-01,ACC0000000518,295160.73,0.0,0.0,295160.73,NPR
2026-01-01,ACC0000000519,438362.51,0.0,0.0,438362.51,NPR
2026-01-01,ACC0000000520,107979.53,0.0,33730.78,74248.75,NPR
2026-01-01,ACC0000000521,431515.42,0.0,84296.45,347218.97,NPR
2026-01-01,ACC0000000522,56217.93,62712.65,48729.28,70201.3,NPR
2026-01-01,ACC0000000523,330569.09,21087.79,0.0,351656.88,NPR
2026-01-01,ACC0000000524,349518.91,0.0,122202.59,227316.32,NPR
2026-01-01,ACC0000000525,35440.54,12605.63,0.0,48046.17,NPR
2026-01-01,ACC0000000526,475727.28,0.0,40288.03,435439.25,NPR
2026-01-01,ACC0000000527,470335.53,0.0,20345.15,449990.38,NPR
2026-01-01,ACC0000000528,69096.74,0.0,0.0,69096.74,NPR
2026-01-01,ACC0000000529,404112.34,93035.79,19088.33,478059.8,NPR
2026-01-01,ACC0000000530,195331.73,0.0,8810.59,186521.14,NPR
2026-01-01,ACC0000000531,58134.68,17773.05,80020.69,-4112.96,NPR
2026-01-01,ACC0000000532,19917.58,0.0,26420.46,-6502.88,NPR
2026-01-01,ACC0000000533,324401.27,4448.75,35984.79,292865.23,NPR
2026-01-01,ACC0000000534,209970.36,0.0,0.0,209970.36,NPR
2026-01-01,ACC0000000535,256249.78,0.0,16108.34,240141.44,NPR
2026-01-01,ACC0000000536,30687.43,0.0,0.0,30687.43,NPR
2026-01-01,ACC0000000537,206151.24,22231.78,34588.22,193794.8,NPR
2026-01-01,ACC0000000538,131042.41,0.0,162795.93,-31753.52,NPR
2026-01-01,ACC0000000539,223227.03,27391.28,15301.56,235316.75,NPR
2026-01-01,ACC0000000540,269522.87,33924.49,0.0,303447.36,NPR
2026-01-01,ACC0000000541,161814.82,0.0,0.0,161814.82,NPR
2026-01-01,ACC0000000542,287248.46,0.0,98618.67,188629.79,NPR
2026-01-01,ACC0000000543,286114.2,0.0,0.0,286114.2,NPR
2026-01-01,ACC0000000544,482396.14,0.0,0.0,482396.14,NPR
2026-01-01,ACC0000000545,441132.06,0.0,0.0,441132.06,NPR
2026-01-01,ACC0000000546,481394.39,30015.9,80667.26,430743.03,NPR
2026-01-01,ACC0000000547,31922.24,28703.17,74691.91,-14066.5,NPR
2026-01-01,ACC0000000548,478941.02,0.0,38278.75,440662.27,NPR
2026-01-01,ACC0000000549,116928.32,0.0,51772.9,65155.42,NPR
2026-01-01,ACC0000000550,198168.95,0.0,67149.6,131019.35,NPR
2026-01-01,ACC0000000551,120366.57,0.0,60277.85,60088.72,NPR
2026-01-01,ACC0000000552,171615.52,33183.76,26814.14,177985.14,NPR
2026-01-01,ACC0000000553,416553.31,0.0,122598.35,293954.96,NPR
2026-01-01,ACC0000000554,492432.31,0.0,156310.6,336121.71,NPR
2026-01-01,ACC0000000555,190713.02,25121.12,11213.24,204620.9,NPR
2026-01-01,ACC0000000556,485242.06,5100.11,94600.15,395742.02,NPR
2026-01-01,ACC0000000557,320205.14,0.0,53980.13,266225.01,NPR
2026-01-01,ACC0000000558,308738.83,0.0,118761.3,189977.53,NPR
2026-01-01,ACC0000000559,140276.43,0.0,0.0,140276.43,NPR
2026-01-01,ACC0000000560,38300.58,0.0,41047.41,-2746.83,NPR
2026-01-01,ACC0000000561,312130.3,16567.25,33600.85,295096.7,NPR
2026-01-01,ACC0000000562,13897.2,0.0,55491.59,-41594.39,NPR
2026-01-01,ACC0000000563,145984.41,0.0,102.91,145881.5,NPR
2026-01-01,ACC0000000564,221676.17,10145.87,193061.91,38760.13,NPR
2026-01-01,ACC0000000565,479792.15,0.0,0.0,479792.15,NPR
2026-01-01,ACC0000000566,323424.3,0.0,41881.19,281543.11,NPR
2026-01-01,ACC0000000567,389806.4,0.0,0.0,389806.4,NPR
2026-01-01,ACC0000000568,192134.94,0.0,4083.07,188051.87,NPR
2026-01-01,ACC0000000569,428665.37,10143.24,59213.04,379595.57,NPR
2026-01-01,ACC0000000570,12670.57,25020.49,0.0,37691.06,NPR
2026-01-01,ACC0000000571,164763.19,22523.42,45795.03,141491.58,NPR
2026-01-01,ACC0000000572,209708.4,0.0,44093.23,165615.17,NPR
2026-01-01,ACC0000000573,379915.86,51726.29,20103.04,411539.11,NPR
2026-01-01,ACC0000000574,280677.53,0.0,2152.77,278524.76,NPR
2026-01-01,ACC0000000575,394010.17,41707.03,93283.06,342434.14,NPR
2026-01-01,ACC0000000576,70069.46,0.0,17472.43,52597.03,NPR
2026-01-01,ACC0000000577,71353.08,0.0,25288.08,46065.0,NPR
2026-01-01,ACC0000000578,406442.21,0.0,94043.48,312398.73,NPR
2026-01-01,ACC0000000579,62099.25,0.0,55661.42,6437.83,NPR
2026-01-01,ACC0000000580,394625.07,0.0,0.0,394625.07,NPR
2026-01-01,ACC0000000581,478023.09,0.0,0.0,478023.09,NPR
2026-01-01,ACC0000000582,178212.68,21548.94,38488.39,161273.23,NPR
2026-01-01,ACC0000000583,51515.83,29025.57,45563.41,34977.99,NPR
2026-01-01,ACC0000000584,323738.58,8227.03,56857.78,275107.83,NPR
2026-01-01,ACC0000000585,129030.7,3867.55,137804.13,-4905.88,NPR
2026-01-01,ACC0000000586,48462.24,0.0,32351.33,16110.91,NPR
2026-01-01,ACC0000000587,431820.82,31591.31,0.0,463412.13,NPR
2026-01-01,ACC0000000588,469161.95,67662.0,67504.19,469319.76,NPR
2026-01-01,ACC0000000589,388152.51,17737.43,102697.3,303192.64,NPR
2026-01-01,ACC0000000590,2745.2,39611.62,46885.94,-4529.12,NPR
2026-01-01,ACC0000000591,152839.81,0.0,75428.81,77411.0,NPR
2026-01-01,ACC0000000592,338371.47,0.0,88012.37,250359.1,NPR
2026-01-01,ACC0000000593,196445.65,81753.49,45283.6,232915.54,NPR
2026-01-01,ACC0000000594,461991.56,0.0,0.0,461991.56,NPR
2026-01-01,ACC0000000595,327439.9,0.0,0.0,327439.9,NPR
2026-01-01,ACC0000000596,175632.35,0.0,49607.11,126025.24,NPR
2026-01-01,ACC0000000597,79719.19,0.0,41722.97,37996.22,NPR
2026-01-01,ACC0000000598,431693.4,0.0,40775.56,390917.84,NPR
2026-01-01,ACC0000000599,154721.61,0.0,81112.09,73609.52,NPR
2026-01-01,ACC0000000600,82229.93,0.0,85066.88,-2836.95,NPR
2026-01-01,ACC0000000601,70389.17,0.0,105079.49,-34690.32,NPR
2026-01-01,ACC0000000602,489779.41,20688.34,88150.39,422317.36,NPR
2026-01-01,ACC0000000603,281745.24,1324.18,178973.05,104096.37,NPR
2026-01-01,ACC0000000604,95908.54,0.0,56893.36,39015.18,NPR
2026-01-01,ACC0000000605,403760.39,28854.44,54593.12,378021.71,NPR
2026-01-01,ACC0000000606,408113.92,206.34,43363.95,364956.31,NPR
2026-01-01,ACC0000000607,230682.87,22663.01,62468.27,190877.61,NPR
2026-01-01,ACC0000000608,160823.57,11449.4,33133.44,139139.53,NPR
2026-01-01,ACC0000000609,209303.07,31513.93,65244.25,175572.75,NPR
2026-01-01,ACC0000000610,205355.85,42604.16,121417.3,126542.71,NPR
2026-01-01,ACC0000000611,331969.37,35002.92,67911.01,299061.28,NPR
2026-01-01,ACC0000000612,60059.02,0.0,90385.29,-30326.27,NPR
2026-01-01,ACC0000000613,472882.73,0.0,110909.59,361973.14,NPR
2026-01-01,ACC0000000614,316045.47,0.0,48000.17,268045.3,NPR
2026-01-01,ACC0000000615,67718.45,0.0,0.0,67718.45,NPR
2026-01-01,ACC0000000616,107167.37,0.0,104102.7,3064.67,NPR
2026-01-01,ACC0000000617,403708.72,0.0,45355.25,358353.47,NPR
2026-01-01,ACC0000000618,122731.22,28602.23,58527.4,92806.05,NPR
2026-01-01,ACC0000000619,393394.49,0.0,149032.16,244362.33,NPR
2026-01-01,ACC0000000620,103522.45,0.0,0.0,103522.45,NPR
2026-01-01,ACC0000000621,346209.86,0.0,0.0,346209.86,NPR
2026-01-01,ACC0000000622,252269.71,0.0,32399.88,219869.83,NPR
2026-01-01,ACC0000000623,58403.48,0.0,27264.71,31138.77,NPR
2026-01-01,ACC0000000624,97236.63,0.0,49236.55,48000.08,NPR
2026-01-01,ACC0000000625,239014.86,0.0,0.0,239014.86,NPR
2026-01-01,ACC0000000626,69198.08,0.0,108047.8,-38849.72,NPR
2026-01-01,ACC0000000627,380344.63,49634.12,0.0,429978.75,NPR
2026-01-01,ACC0000000628,371933.19,0.0,48052.07,323881.12,NPR
2026-01-01,ACC0000000629,299099.25,0.0,39179.5,259919.75,NPR
2026-01-01,ACC0000000630,302832.59,0.0,0.0,302832.59,NPR
2026-01-01,ACC0000000631,451980.72,0.0,0.0,451980.72,NPR
2026-01-01,ACC0000000632,265400.36,12696.35,103823.15,174273.56,NPR
2026-01-01,ACC0000000633,429500.72,0.0,45501.04,383999.68,NPR
2026-01-01,ACC0000000634,331084.3,0.0,118561.88,212522.42,NPR
2026-01-01,ACC0000000635,87153.52,0.0,0.0,87153.52,NPR
2026-01-01,ACC0000000636,391336.37,23801.2,87427.07,327710.5,NPR
2026-01-01,ACC0000000637,17122.98,0.0,31879.93,-14756.95,NPR
2026-01-01,ACC0000000638,236580.61,0.0,6405.46,230175.15,NPR
2026-01-01,ACC0000000639,328122.24,0.0,113264.91,214857.33,NPR
2026-01-01,ACC0000000640,314515.72,0.0,0.0,314515.72,NPR
2026-01-01,ACC0000000641,454004.82,0.0,86796.25,367208.57,NPR
2026-01-01,ACC0000000642,366849.55,0.0,72330.8,294518.75,NPR
2026-01-01,ACC0000000643,296573.0,0.0,0.0,296573.0,NPR
2026-01-01,ACC0000000644,148216.06,0.0,38587.24,109628.82,NPR
2026-01-01,ACC0000000645,112461.36,0.0,38443.65,74017.71,NPR
2026-01-01,ACC0000000646,125390.48,0.0,0.0,125390.48,NPR
2026-01-01,ACC0000000647,255132.37,0.0,0.0,255132.37,NPR
2026-01-01,ACC0000000648,191145.89,0.0,0.0,191145.89,NPR
2026-01-01,ACC0000000649,310160.98,0.0,73732.47,236428.51,NPR
2026-01-01,ACC0000000650,259640.27,43805.21,7293.28,296152.2,NPR
2026-01-01,ACC0000000651,446508.57,0.0,35800.84,410707.73,NPR
2026-01-01,ACC0000000652,66732.65,0.0,0.0,66732.65,NPR
2026-01-01,ACC0000000653,199567.52,0.0,22486.6,177080.92,NPR
2026-01-01,ACC0000000654,363338.91,10441.99,24883.8,348897.1,NPR
2026-01-01,ACC0000000655,91393.88,0.0,0.0,91393.88,NPR
2026-01-01,ACC0000000656,14197.15,0.0,75560.76,-61363.61,NPR
2026-01-01,ACC0000000657,351890.83,0.0,0.0,351890.83,NPR
2026-01-01,ACC0000000658,235368.18,30034.16,33233.99,232168.35,NPR
2026-01-01,ACC0000000659,449205.27,0.0,12812.85,436392.42,NPR
2026-01-01,ACC0000000660,102384.37,32361.87,101693.89,33052.35,NPR
2026-01-01,ACC0000000661,133587.12,71186.76,44552.52,160221.36,NPR
2026-01-01,ACC0000000662,58816.29,12353.85,117572.1,-46401.96,NPR
2026-01-01,ACC0000000663,449991.59,0.0,84908.03,365083.56,NPR
2026-01-01,ACC0000000664,31240.79,0.0,109638.72,-78397.93,NPR
2026-01-01,ACC0000000665,481878.1,0.0,0.0,481878.1,NPR
2026-01-01,ACC0000000666,337946.02,2377.03,34445.77,305877.28,NPR
2026-01-01,ACC0000000667,77884.31,0.0,0.0,77884.31,NPR
2026-01-01,ACC0000000668,95598.24,39298.06,18010.21,116886.09,NPR
2026-01-01,ACC0000000669,387177.65,0.0,0.0,387177.65,NPR
2026-01-01,ACC0000000670,335680.35,49590.77,119184.71,266086.41,NPR
2026-01-01,ACC0000000671,460492.71,0.0,101675.35,358817.36,NPR
2026-01-01,ACC0000000672,472499.08,0.0,56135.78,416363.3,NPR
2026-01-01,ACC0000000673,371359.06,7275.3,114623.24,264011.12,NPR
2026-01-01,ACC0000000674,25374.13,45882.7,28320.89,42935.94,NPR
2026-01-01,ACC0000000675,328541.63,0.0,60290.17,268251.46,NPR
2026-01-01,ACC0000000676,428976.36,24152.41,0.0,453128.77,NPR
2026-01-01,ACC0000000677,140885.66,0.0,39667.74,101217.92,NPR
2026-01-01,ACC0000000678,99830.59,0.0,0.0,99830.59,NPR
2026-01-01,ACC0000000679,61399.02,0.0,2804.35,58594.67,NPR
2026-01-01,ACC0000000680,185621.26,0.0,48363.14,137258.12,NPR
2026-01-01,ACC0000000681,59955.76,0.0,45833.51,14122.25,NPR
2026-01-01,ACC0000000682,276280.46,0.0,0.0,276280.46,NPR
2026-01-01,ACC0000000683,277810.76,0.0,86770.09,191040.67,NPR
2026-01-01,ACC0000000684,301056.02,33933.44,195679.08,139310.38,NPR
2026-01-01,ACC0000000685,72717.99,0.0,0.0,72717.99,NPR
2026-01-01,ACC0000000686,354427.46,0.0,0.0,354427.46,NPR
2026-01-01,ACC0000000687,280875.24,0.0,100176.0,180699.24,NPR
2026-01-01,ACC0000000688,70090.48,0.0,33253.02,36837.46,NPR
2026-01-01,ACC0000000689,334697.09,0.0,41544.82,293152.27,NPR
2026-01-01,ACC0000000690,86784.99,44918.74,23870.54,107833.19,NPR
2026-01-01,ACC0000000691,25058.2,40656.04,0.0,65714.24,NPR
2026-01-01,ACC0000000692,483409.04,0.0,106598.29,376810.75,NPR
2026-01-01,ACC0000000693,48193.2,0.0,77230.06,-29036.86,NPR
2026-01-01,ACC0000000694,325246.01,0.0,0.0,325246.01,NPR
2026-01-01,ACC0000000695,10190.46,0.0,107249.4,-97058.94,NPR
2026-01-01,ACC0000000696,80557.64,6151.34,53301.14,33407.84,NPR
2026-01-01,ACC0000000697,115280.19,0.0,47402.03,67878.16,NPR
2026-01-01,ACC0000000698,171680.48,0.0,27602.07,144078.41,NPR
2026-01-01,ACC0000000699,253840.61,0.0,0.0,253840.61,NPR
2026-01-01,ACC0000000700,4873.86,17978.36,74518.0,-51665.78,NPR
2026-01-01,ACC0000000701,480582.42,0.0,0.0,480582.42,NPR
2026-01-01,ACC0000000702,198828.64,0.0,53646.71,145181.93,NPR
2026-01-01,ACC0000000703,337055.1,0.0,183012.07,154043.03,NPR
2026-01-01,ACC0000000704,216128.11,0.0,122061.93,94066.18,NPR
2026-01-01,ACC0000000705,106883.74,0.0,123046.51,-16162.77,NPR
2026-01-01,ACC0000000706,342550.45,0.0,0.0,342550.45,NPR
2026-01-01,ACC0000000707,420129.76,0.0,108128.64,312001.12,NPR
2026-01-01,ACC0000000708,27283.23,0.0,0.0,27283.23,NPR
2026-01-01,ACC0000000709,390436.54,29670.34,0.0,420106.88,NPR
2026-01-01,ACC0000000710,355349.07,0.0,71799.84,283549.23,NPR
2026-01-01,ACC0000000711,424067.66,0.0,58572.41,365495.25,NPR
2026-01-01,ACC0000000712,426402.68,0.0,15884.79,410517.89,NPR
2026-01-01,ACC0000000713,77930.57,0.0,55717.47,22213.1,NPR
2026-01-01,ACC0000000714,378298.75,0.0,0.0,378298.75,NPR
2026-01-01,ACC0000000715,486596.9,0.0,0.0,486596.9,NPR
2026-01-01,ACC0000000716,60855.77,10351.71,106527.87,-35320.39,NPR
2026-01-01,ACC0000000717,269125.08,0.0,71698.73,197426.35,NPR
2026-01-01,ACC0000000718,424546.04,0.0,80203.63,344342.41,NPR
2026-01-01,ACC0000000719,181454.5,0.0,0.0,181454.5,NPR
2026-01-01,ACC0000000720,498436.13,0.0,0.0,498436.13,NPR
2026-01-01,ACC0000000721,300768.7,21476.27,0.0,322244.97,NPR
2026-01-01,ACC0000000722,18888.28,0.0,0.0,18888.28,NPR
2026-01-01,ACC0000000723,257107.72,0.0,0.0,257107.72,NPR
2026-01-01,ACC0000000724,371805.83,35364.93,78003.4,329167.36,NPR
2026-01-01,ACC0000000725,296983.41,57476.71,133394.41,221065.71,NPR
2026-01-01,ACC0000000726,221380.88,44684.18,84723.39,181341.67,NPR
2026-01-01,ACC0000000727,480048.44,34076.54,67434.67,446690.31,NPR
2026-01-01,ACC0000000728,44981.05,0.0,104245.32,-59264.27,NPR
2026-01-01,ACC0000000729,183415.23,0.0,0.0,183415.23,NPR
2026-01-01,ACC0000000730,105210.04,107841.54,130644.98,82406.6,NPR
2026-01-01,ACC0000000731,355246.77,3854.09,0.0,359100.86,NPR
2026-01-01,ACC0000000732,484062.07,0.0,0.0,484062.07,NPR
2026-01-01,ACC0000000733,211210.47,0.0,5346.4,205864.07,NPR
2026-01-01,ACC0000000734,478886.6,45733.94,6715.05,517905.49,NPR
2026-01-01,ACC0000000735,28265.17,32691.28,11599.04,49357.41,NPR
2026-01-01,ACC0000000736,53380.09,0.0,4584.23,48795.86,NPR
2026-01-01,ACC0000000737,322242.37,0.0,23066.11,299176.26,NPR
2026-01-01,ACC0000000738,68556.98,0.0,45193.9,23363.08,NPR
2026-01-01,ACC0000000739,495759.63,0.0,5334.44,490425.19,NPR
2026-01-01,ACC0000000740,418478.69,0.0,212891.75,205586.94,NPR
2026-01-01,ACC0000000741,344019.73,47143.42,176131.15,215032.0,NPR
2026-01-01,ACC0000000742,496907.45,0.0,68920.36,427987.09,NPR
2026-01-01,ACC0000000743,269331.41,0.0,30114.86,239216.55,NPR
2026-01-01,ACC0000000744,190434.08,0.0,9880.7,180553.38,NPR
2026-01-01,ACC0000000745,127908.46,22580.85,54637.64,95851.67,NPR
2026-01-01,ACC0000000746,179594.89,0.0,0.0,179594.89,NPR
2026-01-01,ACC0000000747,126156.11,0.0,5223.96,120932.15,NPR
2026-01-01,ACC0000000748,219225.49,0.0,52706.02,166519.47,NPR
2026-01-01,ACC0000000749,499919.81,0.0,23504.01,476415.8,NPR
2026-01-01,ACC0000000750,307948.96,0.0,143149.06,164799.9,NPR
2026-01-01,ACC0000000751,421941.75,0.0,35113.64,386828.11,NPR
2026-01-01,ACC0000000752,45747.09,78839.14,59533.91,65052.32,NPR
2026-01-01,ACC0000000753,437182.58,0.0,44913.64,392268.94,NPR
2026-01-01,ACC0000000754,155613.01,0.0,62494.47,93118.54,NPR
2026-01-01,ACC0000000755,433638.43,48548.23,44463.59,437723.07,NPR
2026-01-01,ACC0000000756,99081.4,0.0,40596.29,58485.11,NPR
2026-01-01,ACC0000000757,120839.42,0.0,3494.99,117344.43,NPR
2026-01-01,ACC0000000758,411642.32,0.0,0.0,411642.32,NPR
2026-01-01,ACC0000000759,270495.22,38884.36,55982.33,253397.25,NPR
2026-01-01,ACC0000000760,105607.45,0.0,25346.57,80260.88,NPR
2026-01-01,ACC0000000761,351983.62,28096.34,40919.75,339160.21,NPR
2026-01-01,ACC0000000762,214200.33,0.0,0.0,214200.33,NPR
2026-01-01,ACC0000000763,113193.84,0.0,79157.86,34035.98,NPR
2026-01-01,ACC0000000764,201665.32,41348.07,15385.36,227628.03,NPR
2026-01-01,ACC0000000765,241766.99,7505.03,38360.9,210911.12,NPR
2026-01-01,ACC0000000766,486829.55,0.0,0.0,486829.55,NPR
2026-01-01,ACC0000000767,202938.39,0.0,26380.02,176558.37,NPR
2026-01-01,ACC0000000768,127359.12,0.0,2161.51,125197.61,NPR
2026-01-01,ACC0000000769,252479.08,42907.54,58563.77,236822.85,NPR
2026-01-01,ACC0000000770,161414.39,0.0,0.0,161414.39,NPR
2026-01-01,ACC0000000771,23968.14,0.0,174987.22,-151019.08,NPR
2026-01-01,ACC0000000772,420992.01,35201.86,49151.13,407042.74,NPR
2026-01-01,ACC0000000773,343815.34,0.0,9018.43,334796.91,NPR
2026-01-01,ACC0000000774,475105.44,32553.59,20496.98,487162.05,NPR
2026-01-01,ACC0000000775,348047.19,0.0,22067.63,325979.56,NPR
2026-01-01,ACC0000000776,399387.31,0.0,67182.11,332205.2,NPR
2026-01-01,ACC0000000777,263997.56,9431.19,40126.68,233302.07,NPR
2026-01-01,ACC0000000778,395657.55,0.0,41105.14,354552.41,NPR
2026-01-01,ACC0000000779,348915.36,0.0,113967.22,234948.14,NPR
2026-01-01,ACC0000000780,493043.46,0.0,99252.69,393790.77,NPR
2026-01-01,ACC0000000781,335445.31,52433.46,25301.27,362577.5,NPR
2026-01-01,ACC0000000782,77271.79,0.0,127075.26,-49803.47,NPR
2026-01-01,ACC0000000783,131988.38,24746.25,106276.98,50457.65,NPR
2026-01-01,ACC0000000784,430020.05,73212.9,47513.45,455719.5,NPR
2026-01-01,ACC0000000785,219068.39,44879.21,66560.72,197386.88,NPR
2026-01-01,ACC0000000786,93539.26,0.0,134978.39,-41439.13,NPR
2026-01-01,ACC0000000787,135238.16,45891.46,49427.1,131702.52,NPR
2026-01-01,ACC0000000788,312941.86,0.0,10112.78,302829.08,NPR
2026-01-01,ACC0000000789,323993.31,0.0,93528.79,230464.52,NPR
2026-01-01,ACC0000000790,47226.54,49695.37,69638.69,27283.22,NPR
2026-01-01,ACC0000000791,209225.97,4045.94,90985.57,122286.34,NPR
2026-01-01,ACC0000000792,378591.0,45728.41,15904.24,408415.17,NPR
2026-01-01,ACC0000000793,462999.25,0.0,20492.6,442506.65,NPR
2026-01-01,ACC0000000794,21942.85,41153.62,78726.5,-15630.03,NPR
2026-01-01,ACC0000000795,97452.36,0.0,49669.69,47782.67,NPR
2026-01-01,ACC0000000796,4279.3,0.0,0.0,4279.3,NPR
2026-01-01,ACC0000000797,342994.5,20793.15,46852.04,316935.61,NPR
2026-01-01,ACC0000000798,54271.97,15257.95,73701.35,-4171.43,NPR
2026-01-01,ACC0000000799,141193.12,38200.12,94699.59,84693.65,NPR
2026-01-01,ACC0000000800,377958.7,19930.85,40763.13,357126.42,NPR
2026-01-01,ACC0000000801,360643.49,0.0,0.0,360643.49,NPR
2026-01-01,ACC0000000802,230516.16,0.0,46650.66,183865.5,NPR
2026-01-01,ACC0000000803,19648.55,7975.42,0.0,27623.97,NPR
2026-01-01,ACC0000000804,160930.45,0.0,112899.57,48030.88,NPR
2026-01-01,ACC0000000805,220441.44,13613.89,37795.69,196259.64,NPR
2026-01-01,ACC0000000806,31656.92,49784.12,9198.19,72242.85,NPR
2026-01-01,ACC0000000807,6201.4,0.0,65126.48,-58925.08,NPR
2026-01-01,ACC0000000808,484943.35,0.0,142259.37,342683.98,NPR
2026-01-01,ACC0000000809,36262.89,0.0,106913.05,-70650.16,NPR
2026-01-01,ACC0000000810,267166.89,2129.62,6171.17,263125.34,NPR
2026-01-01,ACC0000000811,331215.1,16222.42,57187.26,290250.26,NPR
2026-01-01,ACC0000000812,181005.52,0.0,34276.68,146728.84,NPR
2026-01-01,ACC0000000813,416955.78,39507.9,18599.83,437863.85,NPR
2026-01-01,ACC0000000814,452316.51,0.0,25661.13,426655.38,NPR
2026-01-01,ACC0000000815,185265.09,0.0,62936.61,122328.48,NPR
2026-01-01,ACC0000000816,337362.11,31952.84,30626.39,338688.56,NPR
2026-01-01,ACC0000000817,446074.39,0.0,134175.08,311899.31,NPR
2026-01-01,ACC0000000818,465993.09,0.0,0.0,465993.09,NPR
2026-01-01,ACC0000000819,398300.2,0.0,0.0,398300.2,NPR
2026-01-01,ACC0000000820,38388.69,4245.29,24441.79,18192.19,NPR
2026-01-01,ACC0000000821,415887.64,0.0,88124.72,327762.92,NPR
2026-01-01,ACC0000000822,351407.41,0.0,108538.27,242869.14,NPR
2026-01-01,ACC0000000823,128663.91,0.0,92077.61,36586.3,NPR
2026-01-01,ACC0000000824,327510.33,41485.29,0.0,368995.62,NPR
2026-01-01,ACC0000000825,495297.57,0.0,0.0,495297.57,NPR
2026-01-01,ACC0000000826,22220.76,42006.46,11176.49,53050.73,NPR
2026-01-01,ACC0000000827,400611.48,35647.93,32309.34,403950.07,NPR
2026-01-01,ACC0000000828,473284.19,64315.22,13662.96,523936.45,NPR
2026-01-01,ACC0000000829,232745.18,35883.47,0.0,268628.65,NPR
2026-01-01,ACC0000000830,13290.52,19267.39,99168.52,-66610.61,NPR
2026-01-01,ACC0000000831,126037.7,0.0,47636.28,78401.42,NPR
2026-01-01,ACC0000000832,204359.96,0.0,3163.94,201196.02,NPR
2026-01-01,ACC0000000833,230572.53,7756.74,57934.78,180394.49,NPR
2026-01-01,ACC0000000834,190184.79,0.0,58373.64,131811.15,NPR
2026-01-01,ACC0000000835,246797.73,0.0,0.0,246797.73,NPR
2026-01-01,ACC0000000836,92963.03,0.0,79746.05,13216.98,NPR
2026-01-01,ACC0000000837,229177.8,17540.49,59053.28,187665.01,NPR
2026-01-01,ACC0000000838,280877.23,16652.96,150613.05,146917.14,NPR
2026-01-01,ACC0000000839,271798.74,0.0,0.0,271798.74,NPR
2026-01-01,ACC0000000840,360762.78,0.0,22323.49,338439.29,NPR
2026-01-01,ACC0000000841,459794.13,0.0,82189.64,377604.49,NPR
2026-01-01,ACC0000000842,356429.02,24621.47,46802.47,334248.02,NPR
2026-01-01,ACC0000000843,124318.65,0.0,0.0,124318.65,NPR
2026-01-01,ACC0000000844,330773.05,0.0,62935.94,267837.11,NPR
2026-01-01,ACC0000000845,170610.0,0.0,0.0,170610.0,NPR
2026-01-01,ACC0000000846,117808.5,31130.34,97585.78,51353.06,NPR
2026-01-01,ACC0000000847,443464.29,0.0,90543.99,352920.3,NPR
2026-01-01,ACC0000000848,291482.49,0.0,13133.13,278349.36,NPR
2026-01-01,ACC0000000849,87265.5,0.0,222107.14,-134841.64,NPR
2026-01-01,ACC0000000850,319525.4,0.0,67452.15,252073.25,NPR
2026-01-01,ACC0000000851,345299.09,31722.74,6453.15,370568.68,NPR
2026-01-01,ACC0000000852,180332.34,40927.91,77460.55,143799.7,NPR
2026-01-01,ACC0000000853,460535.33,43067.68,4506.44,499096.57,NPR
2026-01-01,ACC0000000854,344461.68,0.0,0.0,344461.68,NPR
2026-01-01,ACC0000000855,248841.6,0.0,41389.73,207451.87,NPR
2026-01-01,ACC0000000856,270490.82,0.0,0.0,270490.82,NPR
2026-01-01,ACC0000000857,120564.75,29209.31,14602.09,135171.97,NPR
2026-01-01,ACC0000000858,376328.31,0.0,12458.11,363870.2,NPR
2026-01-01,ACC0000000859,295541.9,6569.83,41703.19,260408.54,NPR
2026-01-01,ACC0000000860,470511.31,0.0,52701.55,417809.76,NPR
2026-01-01,ACC0000000861,463240.49,29792.96,38880.82,454152.63,NPR
2026-01-01,ACC0000000862,214462.63,0.0,107555.41,106907.22,NPR
2026-01-01,ACC0000000863,161598.45,35063.8,13830.94,182831.31,NPR
2026-01-01,ACC0000000864,421119.27,41968.67,121857.44,341230.5,NPR
2026-01-01,ACC0000000865,169248.48,0.0,45122.95,124125.53,NPR
2026-01-01,ACC0000000866,137255.53,14134.44,70902.66,80487.31,NPR
2026-01-01,ACC0000000867,370242.7,0.0,0.0,370242.7,NPR
2026-01-01,ACC0000000868,125790.04,0.0,46582.57,79207.47,NPR
2026-01-01,ACC0000000869,62711.29,0.0,45427.87,17283.42,NPR
2026-01-01,ACC0000000870,65024.65,0.0,0.0,65024.65,NPR
2026-01-01,ACC0000000871,30484.34,49691.3,4934.46,75241.18,NPR
2026-01-01,ACC0000000872,86257.44,37877.81,61718.58,62416.67,NPR
2026-01-01,ACC0000000873,248520.7,0.0,0.0,248520.7,NPR
2026-01-01,ACC0000000874,73385.06,3890.41,17767.31,59508.16,NPR
2026-01-01,ACC0000000875,260736.58,0.0,0.0,260736.58,NPR
2026-01-01,ACC0000000876,424150.26,0.0,53483.15,370667.11,NPR
2026-01-01,ACC0000000877,163236.89,14082.35,91067.33,86251.91,NPR
2026-01-01,ACC0000000878,187129.63,63769.75,123768.33,127131.05,NPR
2026-01-01,ACC0000000879,380107.36,0.0,36154.42,343952.94,NPR
2026-01-01,ACC0000000880,403505.78,0.0,24005.79,379499.99,NPR
2026-01-01,ACC0000000881,50083.79,0.0,11181.81,38901.98,NPR
2026-01-01,ACC0000000882,288296.6,0.0,0.0,288296.6,NPR
2026-01-01,ACC0000000883,251312.89,0.0,0.0,251312.89,NPR
2026-01-01,ACC0000000884,15223.85,0.0,0.0,15223.85,NPR
2026-01-01,ACC0000000885,151222.68,0.0,0.0,151222.68,NPR
2026-01-01,ACC0000000886,231969.05,47360.16,38474.36,240854.85,NPR
2026-01-01,ACC0000000887,84716.44,0.0,13928.28,70788.16,NPR
2026-01-01,ACC0000000888,249601.18,0.0,0.0,249601.18,NPR
2026-01-01,ACC0000000889,113837.26,0.0,0.0,113837.26,NPR
2026-01-01,ACC0000000890,343637.1,0.0,0.0,343637.1,NPR
2026-01-01,ACC0000000891,251541.03,0.0,28877.37,222663.66,NPR
2026-01-01,ACC0000000892,1748.06,0.0,37036.97,-35288.91,NPR
2026-01-01,ACC0000000893,260142.65,0.0,13574.64,246568.01,NPR
2026-01-01,ACC0000000894,300233.86,0.0,23935.64,276298.22,NPR
2026-01-01,ACC0000000895,107817.06,0.0,22357.14,85459.92,NPR
2026-01-01,ACC0000000896,5934.15,0.0,17194.17,-11260.02,NPR
2026-01-01,ACC0000000897,46985.41,0.0,0.0,46985.41,NPR
2026-01-01,ACC0000000898,402426.97,33816.56,76351.32,359892.21,NPR
2026-01-01,ACC0000000899,8767.12,70177.34,489.93,78454.53,NPR
2026-01-01,ACC0000000900,27334.25,27091.85,53116.19,1309.91,NPR
2026-01-01,ACC0000000901,453473.56,0.0,69983.29,383490.27,NPR
2026-01-01,ACC0000000902,18867.63,0.0,35944.66,-17077.03,NPR
2026-01-01,ACC0000000903,8704.37,0.0,118680.05,-109975.68,NPR
2026-01-01,ACC0000000904,25533.76,0.0,98845.86,-73312.1,NPR
2026-01-01,ACC0000000905,73662.02,15444.86,0.0,89106.88,NPR
2026-01-01,ACC0000000906,81710.27,0.0,133716.84,-52006.57,NPR
2026-01-01,ACC0000000907,481601.07,45806.29,69495.55,457911.81,NPR
2026-01-01,ACC0000000908,162371.03,0.0,0.0,162371.03,NPR
2026-01-01,ACC0000000909,44781.83,9588.9,93063.32,-38692.59,NPR
2026-01-01,ACC0000000910,376437.59,0.0,0.0,376437.59,NPR
2026-01-01,ACC0000000911,126753.87,30421.22,55282.22,101892.87,NPR
2026-01-01,ACC0000000912,277944.23,23352.42,111426.18,189870.47,NPR
2026-01-01,ACC0000000913,306969.85,0.0,30710.46,276259.39,NPR
2026-01-01,ACC0000000914,445910.47,0.0,41967.19,403943.28,NPR
2026-01-01,ACC0000000915,31397.38,0.0,46187.52,-14790.14,NPR
2026-01-01,ACC0000000916,150650.08,57699.97,106545.26,101804.79,NPR
2026-01-01,ACC0000000917,451673.78,0.0,91059.74,360614.04,NPR
2026-01-01,ACC0000000918,358054.54,0.0,88072.0,269982.54,NPR
2026-01-01,ACC0000000919,85587.31,0.0,41819.87,43767.44,NPR
2026-01-01,ACC0000000920,410361.62,0.0,142646.39,267715.23,NPR
2026-01-01,ACC0000000921,57750.62,0.0,13849.08,43901.54,NPR
2026-01-01,ACC0000000922,143622.7,28326.12,32932.7,139016.12,NPR
2026-01-01,ACC0000000923,327925.51,0.0,111422.51,216503.0,NPR
2026-01-01,ACC0000000924,499863.32,19156.41,5108.75,513910.98,NPR
2026-01-01,ACC0000000925,10352.21,0.0,0.0,10352.21,NPR
2026-01-01,ACC0000000926,231563.99,7796.77,60318.22,179042.54,NPR
2026-01-01,ACC0000000927,170795.78,27670.65,24981.24,173485.19,NPR
2026-01-01,ACC0000000928,434757.38,0.0,58745.57,376011.81,NPR
2026-01-01,ACC0000000929,409909.35,0.0,85889.14,324020.21,NPR
2026-01-01,ACC0000000930,433672.07,0.0,0.0,433672.07,NPR
2026-01-01,ACC0000000931,487612.51,0.0,0.0,487612.51,NPR
2026-01-01,ACC0000000932,258355.67,0.0,68090.67,190265.0,NPR
2026-01-01,ACC0000000933,378252.78,0.0,0.0,378252.78,NPR
2026-01-01,ACC0000000934,293343.43,3214.74,56805.33,239752.84,NPR
2026-01-01,ACC0000000935,428908.01,0.0,71309.45,357598.56,NPR
2026-01-01,ACC0000000936,253660.81,0.0,130350.77,123310.04,NPR
2026-01-01,ACC0000000937,59001.65,0.0,0.0,59001.65,NPR
2026-01-01,ACC0000000938,177882.18,8182.65,48300.91,137763.92,NPR
2026-01-01,ACC0000000939,369680.69,10874.17,48183.88,332370.98,NPR
2026-01-01,ACC0000000940,70478.98,0.0,86219.36,-15740.38,NPR
2026-01-01,ACC0000000941,194433.51,0.0,0.0,194433.51,NPR
2026-01-01,ACC0000000942,54872.51,0.0,51401.03,3471.48,NPR
2026-01-01,ACC0000000943,445968.69,15361.06,43033.57,418296.18,NPR
2026-01-01,ACC0000000944,214127.39,28348.49,112791.12,129684.76,NPR
2026-01-01,ACC0000000945,10550.5,0.0,0.0,10550.5,NPR
2026-01-01,ACC0000000946,38673.66,0.0,27508.59,11165.07,NPR
2026-01-01,ACC0000000947,452346.36,0.0,46380.33,405966.03,NPR
2026-01-01,ACC0000000948,152739.27,0.0,71472.37,81266.9,NPR
2026-01-01,ACC0000000949,360843.6,3303.85,36792.31,327355.14,NPR
2026-01-01,ACC0000000950,357364.35,0.0,0.0,357364.35,NPR
2026-01-01,ACC0000000951,422357.56,0.0,29776.71,392580.85,NPR
2026-01-01,ACC0000000952,333764.89,0.0,74602.23,259162.66,NPR
2026-01-01,ACC0000000953,369851.11,0.0,20498.47,349352.64,NPR
2026-01-01,ACC0000000954,81846.88,0.0,123901.29,-42054.41,NPR
2026-01-01,ACC0000000955,411491.74,0.0,127313.36,284178.38,NPR
2026-01-01,ACC0000000956,459489.89,0.0,104087.09,355402.8,NPR
2026-01-01,ACC0000000957,224762.59,0.0,20211.69,204550.9,NPR
2026-01-01,ACC0000000958,30075.25,17432.75,132584.35,-85076.35,NPR
2026-01-01,ACC0000000959,432382.55,0.0,3970.97,428411.58,NPR
2026-01-01,ACC0000000960,362322.21,0.0,47812.1,314510.11,NPR
2026-01-01,ACC0000000961,315517.35,0.0,66407.82,249109.53,NPR
2026-01-01,ACC0000000962,450195.44,30838.55,0.0,481033.99,NPR
2026-01-01,ACC0000000963,16268.08,39510.86,50907.23,4871.71,NPR
2026-01-01,ACC0000000964,74529.17,0.0,0.0,74529.17,NPR
2026-01-01,ACC0000000965,38591.76,0.0,0.0,38591.76,NPR
2026-01-01,ACC0000000966,108300.82,0.0,49110.65,59190.17,NPR
2026-01-01,ACC0000000967,213940.28,0.0,41750.89,172189.39,NPR
2026-01-01,ACC0000000968,199441.39,0.0,241597.8,-42156.41,NPR
2026-01-01,ACC0000000969,328029.64,0.0,0.0,328029.64,NPR
2026-01-01,ACC0000000970,469904.74,42469.8,110595.48,401779.06,NPR
2026-01-01,ACC0000000971,363987.69,0.0,57696.12,306291.57,NPR
2026-01-01,ACC0000000972,158836.72,49779.67,37099.23,171517.16,NPR
2026-01-01,ACC0000000973,178886.88,44996.78,7076.19,216807.47,NPR
2026-01-01,ACC0000000974,250257.83,85026.69,86507.63,248776.89,NPR
2026-01-01,ACC0000000975,250233.56,41961.8,101631.64,190563.72,NPR
2026-01-01,ACC0000000976,29024.08,0.0,67048.44,-38024.36,NPR
2026-01-01,ACC0000000977,350443.26,0.0,39782.29,310660.97,NPR
2026-01-01,ACC0000000978,323211.79,0.0,0.0,323211.79,NPR
2026-01-01,ACC0000000979,101931.33,0.0,0.0,101931.33,NPR
2026-01-01,ACC0000000980,312332.65,0.0,0.0,312332.65,NPR
2026-01-01,ACC0000000981,188027.16,0.0,29914.21,158112.95,NPR
2026-01-01,ACC0000000982,329883.2,0.0,0.0,329883.2,NPR
2026-01-01,ACC0000000983,223608.92,0.0,6362.24,217246.68,NPR
2026-01-01,ACC0000000984,158077.45,0.0,19170.08,138907.37,NPR
2026-01-01,ACC0000000985,310206.15,788.67,7317.78,303677.04,NPR
2026-01-01,ACC0000000986,158267.69,0.0,216.37,158051.32,NPR
2026-01-01,ACC0000000987,454357.5,0.0,28487.99,425869.51,NPR
2026-01-01,ACC0000000988,294946.84,14847.58,31075.83,278718.59,NPR
2026-01-01,ACC0000000989,30384.79,0.0,21016.38,9368.41,NPR
2026-01-01,ACC0000000990,383278.87,0.0,71254.28,312024.59,NPR
2026-01-01,ACC0000000991,147612.49,14082.21,95139.89,66554.81,NPR
2026-01-01,ACC0000000992,199588.98,0.0,0.0,199588.98,NPR
2026-01-01,ACC0000000993,37917.79,0.0,0.0,37917.79,NPR
2026-01-01,ACC0000000994,467927.43,0.0,18871.54,449055.89,NPR
2026-01-01,ACC0000000995,125714.77,0.0,0.0,125714.77,NPR
2026-01-01,ACC0000000996,29489.45,0.0,0.0,29489.45,NPR
2026-01-01,ACC0000000997,194831.52,15587.04,60196.34,150222.22,NPR
2026-01-01,ACC0000000998,307226.58,0.0,94275.32,212951.26,NPR
2026-01-01,ACC0000000999,222154.34,14697.68,77885.08,158966.94,NPR
2026-01-01,ACC0000001000,365448.6,0.0,0.0,365448.6,NPR
2026-01-01,ACC0000001001,118939.66,0.0,16350.84,102588.82,NPR
2026-01-01,ACC0000001002,386717.5,15112.78,26798.87,375031.41,NPR
2026-01-01,ACC0000001003,438136.88,0.0,0.0,438136.88,NPR
2026-01-01,ACC0000001004,370324.17,41270.7,0.0,411594.87,NPR
2026-01-01,ACC0000001005,366054.14,0.0,26482.8,339571.34,NPR
2026-01-01,ACC0000001006,123195.56,0.0,42318.83,80876.73,NPR
2026-01-01,ACC0000001007,430291.42,49695.06,39384.07,440602.41,NPR
2026-01-01,ACC0000001008,347903.79,0.0,0.0,347903.79,NPR
2026-01-01,ACC0000001009,87435.26,0.0,112614.11,-25178.85,NPR
2026-01-01,ACC0000001010,399981.19,0.0,138548.21,261432.98,NPR
2026-01-01,ACC0000001011,108108.24,0.0,4756.27,103351.97,NPR
2026-01-01,ACC0000001012,178666.04,18720.32,64619.91,132766.45,NPR
2026-01-01,ACC0000001013,329450.96,49433.49,84657.75,294226.7,NPR
2026-01-01,ACC0000001014,98432.53,0.0,0.0,98432.53,NPR
2026-01-01,ACC0000001015,188679.43,0.0,0.0,188679.43,NPR
2026-01-01,ACC0000001016,414575.73,0.0,0.0,414575.73,NPR
2026-01-01,ACC0000001017,363497.57,0.0,11960.67,351536.9,NPR
2026-01-01,ACC0000001018,148963.7,14065.94,165621.55,-2591.91,NPR
2026-01-01,ACC0000001019,284888.24,0.0,0.0,284888.24,NPR
2026-01-01,ACC0000001020,205493.26,66893.33,0.0,272386.59,NPR
2026-01-01,ACC0000001021,167154.7,0.0,67837.56,99317.14,NPR
2026-01-01,ACC0000001022,296995.92,49527.0,18863.46,327659.46,NPR
2026-01-01,ACC0000001023,126865.34,29699.26,29943.34,126621.26,NPR
2026-01-01,ACC0000001024,158575.53,0.0,52338.09,106237.44,NPR
2026-01-01,ACC0000001025,91011.01,0.0,77350.68,13660.33,NPR
2026-01-01,ACC0000001026,239072.91,27283.19,72169.86,194186.24,NPR
2026-01-01,ACC0000001027,378003.0,0.0,0.0,378003.0,NPR
2026-01-01,ACC0000001028,236674.95,5681.31,0.0,242356.26,NPR
2026-01-01,ACC0000001029,265219.73,0.0,73940.32,191279.41,NPR
2026-01-01,ACC0000001030,498582.36,0.0,67635.12,430947.24,NPR
2026-01-01,ACC0000001031,210351.25,49085.23,148445.93,110990.55,NPR
2026-01-01,ACC0000001032,26396.19,39729.46,43392.73,22732.92,NPR
2026-01-01,ACC0000001033,429234.41,0.0,5485.22,423749.19,NPR
2026-01-01,ACC0000001034,318704.64,0.0,0.0,318704.64,NPR
2026-01-01,ACC0000001035,273503.9,0.0,0.0,273503.9,NPR
2026-01-01,ACC0000001036,431285.39,0.0,26912.7,404372.69,NPR
2026-01-01,ACC0000001037,406264.71,0.0,20462.28,385802.43,NPR
2026-01-01,ACC0000001038,154018.47,41355.3,47615.61,147758.16,NPR
2026-01-01,ACC0000001039,88190.6,0.0,4833.21,83357.39,NPR
2026-01-01,ACC0000001040,429980.45,0.0,65653.09,364327.36,NPR
2026-01-01,ACC0000001041,406119.23,49264.72,99613.69,355770.26,NPR
2026-01-01,ACC0000001042,205604.78,0.0,44152.15,161452.63,NPR
2026-01-01,ACC0000001043,425943.21,0.0,0.0,425943.21,NPR
2026-01-01,ACC0000001044,342073.82,27028.11,50442.54,318659.39,NPR
2026-01-01,ACC0000001045,80298.2,0.0,93698.16,-13399.96,NPR
2026-01-01,ACC0000001046,49397.5,0.0,18510.16,30887.34,NPR
2026-01-01,ACC0000001047,58082.5,6330.04,111785.04,-47372.5,NPR
2026-01-01,ACC0000001048,1287.01,0.0,67617.07,-66330.06,NPR
2026-01-01,ACC0000001049,397951.46,49870.05,92805.98,355015.53,NPR
2026-01-01,ACC0000001050,181287.83,0.0,67316.86,113970.97,NPR
2026-01-01,ACC0000001051,456420.16,0.0,93828.12,362592.04,NPR
2026-01-01,ACC0000001052,152899.86,0.0,76175.19,76724.67,NPR
2026-01-01,ACC0000001053,422728.65,0.0,49014.13,373714.52,NPR
2026-01-01,ACC0000001054,241779.38,72332.16,0.0,314111.54,NPR
2026-01-01,ACC0000001055,370162.81,11415.78,74752.71,306825.88,NPR
2026-01-01,ACC0000001056,459783.26,0.0,38211.79,421571.47,NPR
2026-01-01,ACC0000001057,367345.08,0.0,39208.96,328136.12,NPR
2026-01-01,ACC0000001058,465987.79,0.0,217196.96,248790.83,NPR
2026-01-01,ACC0000001059,268134.42,9152.79,87978.84,189308.37,NPR
2026-01-01,ACC0000001060,219951.52,0.0,0.0,219951.52,NPR
2026-01-01,ACC0000001061,448018.16,0.0,75406.61,372611.55,NPR
2026-01-01,ACC0000001062,66226.49,0.0,0.0,66226.49,NPR
2026-01-01,ACC0000001063,171847.0,0.0,107486.73,64360.27,NPR
2026-01-01,ACC0000001064,435758.86,0.0,157441.63,278317.23,NPR
2026-01-01,ACC0000001065,301530.86,25525.56,0.0,327056.42,NPR
2026-01-01,ACC0000001066,319985.17,0.0,0.0,319985.17,NPR
2026-01-01,ACC0000001067,241957.72,0.0,31138.03,210819.69,NPR
2026-01-01,ACC0000001068,386002.45,5096.9,20012.66,371086.69,NPR
2026-01-01,ACC0000001069,66841.34,0.0,39975.41,26865.93,NPR
2026-01-01,ACC0000001070,348974.07,6621.28,100653.74,254941.61,NPR
2026-01-01,ACC0000001071,92939.81,0.0,0.0,92939.81,NPR
2026-01-01,ACC0000001072,192255.19,39491.35,99961.14,131785.4,NPR
2026-01-01,ACC0000001073,33454.09,0.0,68619.73,-35165.64,NPR
2026-01-01,ACC0000001074,383574.68,0.0,62775.63,320799.05,NPR
2026-01-01,ACC0000001075,386925.21,0.0,0.0,386925.21,NPR
2026-01-01,ACC0000001076,355298.4,0.0,0.0,355298.4,NPR
2026-01-01,ACC0000001077,363549.69,0.0,185762.58,177787.11,NPR
2026-01-01,ACC0000001078,259018.33,0.0,0.0,259018.33,NPR
2026-01-01,ACC0000001079,344945.96,0.0,94559.64,250386.32,NPR
2026-01-01,ACC0000001080,3844.21,0.0,29922.2,-26077.99,NPR
2026-01-01,ACC0000001081,483033.27,37791.07,16474.62,504349.72,NPR
2026-01-01,ACC0000001082,479718.26,40604.99,76978.76,443344.49,NPR
2026-01-01,ACC0000001083,310079.43,869.14,71576.55,239372.02,NPR
2026-01-01,ACC0000001084,49070.12,0.0,113643.76,-64573.64,NPR
2026-01-01,ACC0000001085,277623.76,0.0,81633.81,195989.95,NPR
2026-01-01,ACC0000001086,254686.01,0.0,79789.55,174896.46,NPR
2026-01-01,ACC0000001087,465654.14,46404.12,22584.62,489473.64,NPR
2026-01-01,ACC0000001088,208713.83,0.0,64096.53,144617.3,NPR
2026-01-01,ACC0000001089,498638.87,0.0,82001.28,416637.59,NPR
2026-01-01,ACC0000001090,298755.47,0.0,0.0,298755.47,NPR
2026-01-01,ACC0000001091,122464.09,0.0,0.0,122464.09,NPR
2026-01-01,ACC0000001092,16870.74,0.0,46898.97,-30028.23,NPR
2026-01-01,ACC0000001093,252099.92,0.0,0.0,252099.92,NPR
2026-01-01,ACC0000001094,112223.22,0.0,26934.08,85289.14,NPR
2026-01-01,ACC0000001095,47586.99,623.59,11744.96,36465.62,NPR
2026-01-01,ACC0000001096,383899.15,0.0,0.0,383899.15,NPR
2026-01-01,ACC0000001097,292872.6,49200.48,34397.31,307675.77,NPR
2026-01-01,ACC0000001098,270319.3,26005.16,0.0,296324.46,NPR
2026-01-01,ACC0000001099,371970.71,0.0,0.0,371970.71,NPR
2026-01-01,ACC0000001100,27349.03,16129.1,86042.34,-42564.21,NPR
2026-01-01,ACC0000001101,125219.61,47079.56,51259.14,121040.03,NPR
2026-01-01,ACC0000001102,243648.27,0.0,0.0,243648.27,NPR
2026-01-01,ACC0000001103,148825.44,0.0,18329.1,130496.34,NPR
2026-01-01,ACC0000001104,324762.43,0.0,930.44,323831.99,NPR
2026-01-01,ACC0000001105,170925.12,0.0,33389.47,137535.65,NPR
2026-01-01,ACC0000001106,5733.82,29114.18,57741.05,-22893.05,NPR
2026-01-01,ACC0000001107,352741.18,28394.9,89279.83,291856.25,NPR
2026-01-01,ACC0000001108,264781.7,0.0,47308.24,217473.46,NPR
2026-01-01,ACC0000001109,240822.32,0.0,73651.2,167171.12,NPR
2026-01-01,ACC0000001110,58709.29,0.0,0.0,58709.29,NPR
2026-01-01,ACC0000001111,172110.1,0.0,123298.65,48811.45,NPR
2026-01-01,ACC0000001112,31857.66,15460.21,8418.16,38899.71,NPR
2026-01-01,ACC0000001113,340486.73,0.0,0.0,340486.73,NPR
2026-01-01,ACC0000001114,268872.89,0.0,66619.05,202253.84,NPR
2026-01-01,ACC0000001115,488474.56,0.0,46659.42,441815.14,NPR
2026-01-01,ACC0000001116,127666.22,0.0,38643.79,89022.43,NPR
2026-01-01,ACC0000001117,52197.48,0.0,42869.18,9328.3,NPR
2026-01-01,ACC0000001118,358044.42,0.0,94366.01,263678.41,NPR
2026-01-01,ACC0000001119,104399.86,0.0,15269.55,89130.31,NPR
2026-01-01,ACC0000001120,436255.71,17766.05,81798.41,372223.35,NPR
2026-01-01,ACC0000001121,405494.38,0.0,90553.43,314940.95,NPR
2026-01-01,ACC0000001122,90195.93,0.0,11608.68,78587.25,NPR
2026-01-01,ACC0000001123,453423.96,0.0,40317.96,413106.0,NPR
2026-01-01,ACC0000001124,430489.09,0.0,0.0,430489.09,NPR
2026-01-01,ACC0000001125,459817.07,0.0,0.0,459817.07,NPR
2026-01-01,ACC0000001126,16185.51,0.0,0.0,16185.51,NPR
2026-01-01,ACC0000001127,237697.7,0.0,25787.25,211910.45,NPR
2026-01-01,ACC0000001128,355085.13,67388.57,30937.37,391536.33,NPR
2026-01-01,ACC0000001129,473474.46,0.0,170851.33,302623.13,NPR
2026-01-01,ACC0000001130,3069.3,7753.35,27209.15,-16386.5,NPR
2026-01-01,ACC0000001131,24666.2,43297.62,124926.98,-56963.16,NPR
2026-01-01,ACC0000001132,376677.6,0.0,30879.81,345797.79,NPR
2026-01-01,ACC0000001133,117910.57,0.0,64822.93,53087.64,NPR
2026-01-01,ACC0000001134,120808.64,17978.85,2464.44,136323.05,NPR
2026-01-01,ACC0000001135,432968.01,0.0,173558.2,259409.81,NPR
2026-01-01,ACC0000001136,282374.46,47149.53,48930.25,280593.74,NPR
2026-01-01,ACC0000001137,435396.46,16065.66,52781.9,398680.22,NPR
2026-01-01,ACC0000001138,338425.21,12148.87,87227.36,263346.72,NPR
2026-01-01,ACC0000001139,274778.04,0.0,66960.78,207817.26,NPR
2026-01-01,ACC0000001140,257500.76,0.0,26742.54,230758.22,NPR
2026-01-01,ACC0000001141,141121.0,0.0,0.0,141121.0,NPR
2026-01-01,ACC0000001142,32009.34,0.0,4517.36,27491.98,NPR
2026-01-01,ACC0000001143,462171.59,32664.78,38260.83,456575.54,NPR
2026-01-01,ACC0000001144,47435.61,0.0,16927.31,30508.3,NPR
2026-01-01,ACC0000001145,64618.58,0.0,1639.18,62979.4,NPR
2026-01-01,ACC0000001146,375308.5,0.0,61393.98,313914.52,NPR
2026-01-01,ACC0000001147,308037.84,32057.63,42151.28,297944.19,NPR
2026-01-01,ACC0000001148,71707.26,0.0,0.0,71707.26,NPR
2026-01-01,ACC0000001149,143677.97,10220.21,20945.37,132952.81,NPR
2026-01-01,ACC0000001150,84735.07,15816.14,41055.78,59495.43,NPR
2026-01-01,ACC0000001151,290008.04,0.0,0.0,290008.04,NPR
2026-01-01,ACC0000001152,59116.41,0.0,0.0,59116.41,NPR
2026-01-01,ACC0000001153,285478.68,0.0,75363.53,210115.15,NPR
2026-01-01,ACC0000001154,261847.38,17536.26,38640.44,240743.2,NPR
2026-01-01,ACC0000001155,338473.98,0.0,66487.71,271986.27,NPR
2026-01-01,ACC0000001156,73838.01,28452.51,95345.79,6944.73,NPR
2026-01-01,ACC0000001157,29126.16,0.0,2312.11,26814.05,NPR
2026-01-01,ACC0000001158,304673.12,0.0,115631.11,189042.01,NPR
2026-01-01,ACC0000001159,257827.26,32560.89,6918.66,283469.49,NPR
2026-01-01,ACC0000001160,138366.16,0.0,48654.2,89711.96,NPR
2026-01-01,ACC0000001161,425444.84,0.0,13179.52,412265.32,NPR
2026-01-01,ACC0000001162,377695.19,0.0,0.0,377695.19,NPR
2026-01-01,ACC0000001163,213747.95,0.0,106802.38,106945.57,NPR
2026-01-01,ACC0000001164,265301.57,328.21,66162.5,199467.28,NPR
2026-01-01,ACC0000001165,64190.52,15898.76,116065.16,-35975.88,NPR
2026-01-01,ACC0000001166,358581.0,0.0,47922.9,310658.1,NPR
2026-01-01,ACC0000001167,86035.79,0.0,206121.96,-120086.17,NPR
2026-01-01,ACC0000001168,486839.81,0.0,37446.07,449393.74,NPR
2026-01-01,ACC0000001169,154913.05,10915.68,84115.38,81713.35,NPR
2026-01-01,ACC0000001170,243405.51,11709.07,63041.06,192073.52,NPR
2026-01-01,ACC0000001171,198792.86,2600.71,68858.7,132534.87,NPR
2026-01-01,ACC0000001172,162020.61,0.0,60998.41,101022.2,NPR
2026-01-01,ACC0000001173,474290.03,37311.95,114338.12,397263.86,NPR
2026-01-01,ACC0000001174,229986.65,0.0,46880.3,183106.35,NPR
2026-01-01,ACC0000001175,70557.93,0.0,36626.71,33931.22,NPR
2026-01-01,ACC0000001176,203345.19,43008.31,34354.79,211998.71,NPR
2026-01-01,ACC0000001177,20675.75,0.0,114821.31,-94145.56,NPR
2026-01-01,ACC0000001178,380126.73,0.0,39383.4,340743.33,NPR
2026-01-01,ACC0000001179,49087.18,47002.64,11260.39,84829.43,NPR
2026-01-01,ACC0000001180,351079.66,8163.65,62780.15,296463.16,NPR
2026-01-01,ACC0000001181,264716.98,0.0,30692.27,234024.71,NPR
2026-01-01,ACC0000001182,281508.53,28180.36,0.0,309688.89,NPR
2026-01-01,ACC0000001183,283501.35,0.0,20226.82,263274.53,NPR
2026-01-01,ACC0000001184,2287.7,0.0,0.0,2287.7,NPR
2026-01-01,ACC0000001185,497103.38,0.0,118757.76,378345.62,NPR
2026-01-01,ACC0000001186,495402.8,0.0,33493.38,461909.42,NPR
2026-01-01,ACC0000001187,228483.74,0.0,0.0,228483.74,NPR
2026-01-01,ACC0000001188,67372.04,0.0,0.0,67372.04,NPR
2026-01-01,ACC0000001189,113318.75,18466.8,86979.64,44805.91,NPR
2026-01-01,ACC0000001190,262868.77,0.0,89438.15,173430.62,NPR
2026-01-01,ACC0000001191,340098.44,41272.83,81521.44,299849.83,NPR
2026-01-01,ACC0000001192,324402.19,19052.1,64883.34,278570.95,NPR
2026-01-01,ACC0000001193,464326.27,2312.05,5053.83,461584.49,NPR
2026-01-01,ACC0000001194,468928.41,0.0,63794.94,405133.47,NPR
2026-01-01,ACC0000001195,7739.28,47159.56,4570.55,50328.29,NPR
2026-01-01,ACC0000001196,172698.87,18288.81,89756.19,101231.49,NPR
2026-01-01,ACC0000001197,461915.53,0.0,0.0,461915.53,NPR
2026-01-01,ACC0000001198,278723.01,44788.57,177457.37,146054.21,NPR
2026-01-01,ACC0000001199,480595.53,0.0,0.0,480595.53,NPR
2026-01-01,ACC0000001200,166754.21,0.0,110378.94,56375.27,NPR
2026-01-01,ACC0000001201,420722.86,0.0,43993.95,376728.91,NPR
2026-01-01,ACC0000001202,250863.06,0.0,14683.99,236179.07,NPR
2026-01-01,ACC0000001203,36281.19,0.0,0.0,36281.19,NPR
2026-01-01,ACC0000001204,453707.5,0.0,50215.71,403491.79,NPR
2026-01-01,ACC0000001205,151544.25,0.0,0.0,151544.25,NPR
2026-01-01,ACC0000001206,440147.06,43343.38,24367.29,459123.15,NPR
2026-01-01,ACC0000001207,5753.72,0.0,26273.58,-20519.86,NPR
2026-01-01,ACC0000001208,192758.21,39798.96,97324.34,135232.83,NPR
2026-01-01,ACC0000001209,188920.3,0.0,63035.58,125884.72,NPR
2026-01-01,ACC0000001210,132728.28,0.0,8555.59,124172.69,NPR
2026-01-01,ACC0000001211,232988.43,21439.7,20812.26,233615.87,NPR
2026-01-01,ACC0000001212,353507.94,42932.47,87890.64,308549.77,NPR
2026-01-01,ACC0000001213,374972.39,0.0,0.0,374972.39,NPR
2026-01-01,ACC0000001214,93477.95,28160.46,35433.13,86205.28,NPR
2026-01-01,ACC0000001215,360916.5,0.0,109460.11,251456.39,NPR
2026-01-01,ACC0000001216,189281.34,36273.75,95444.31,130110.78,NPR
2026-01-01,ACC0000001217,420144.58,0.0,55581.14,364563.44,NPR
2026-01-01,ACC0000001218,383425.82,0.0,8020.41,375405.41,NPR
2026-01-01,ACC0000001219,121975.81,0.0,4920.58,117055.23,NPR
2026-01-01,ACC0000001220,143486.91,1839.65,26322.91,119003.65,NPR
2026-01-01,ACC0000001221,126209.21,0.0,81928.6,44280.61,NPR
2026-01-01,ACC0000001222,59870.05,17883.67,115954.97,-38201.25,NPR
2026-01-01,ACC0000001223,460774.62,35097.88,120275.06,375597.44,NPR
2026-01-01,ACC0000001224,154450.49,0.0,46157.63,108292.86,NPR
2026-01-01,ACC0000001225,222154.27,0.0,0.0,222154.27,NPR
2026-01-01,ACC0000001226,103273.2,0.0,0.0,103273.2,NPR
2026-01-01,ACC0000001227,22454.44,31870.02,7604.65,46719.81,NPR
2026-01-01,ACC0000001228,107436.98,0.0,0.0,107436.98,NPR
2026-01-01,ACC0000001229,476662.95,20341.36,100454.04,396550.27,NPR
2026-01-01,ACC0000001230,300469.52,27315.92,18482.13,309303.31,NPR
2026-01-01,ACC0000001231,475706.11,49981.29,91843.39,433844.01,NPR
2026-01-01,ACC0000001232,82345.34,10638.72,31490.71,61493.35,NPR
2026-01-01,ACC0000001233,73342.29,58366.63,0.0,131708.92,NPR
2026-01-01,ACC0000001234,89286.44,0.0,0.0,89286.44,NPR
2026-01-01,ACC0000001235,38736.25,0.0,98277.4,-59541.15,NPR
2026-01-01,ACC0000001236,480912.58,0.0,0.0,480912.58,NPR
2026-01-01,ACC0000001237,362092.86,17156.24,48385.06,330864.04,NPR
2026-01-01,ACC0000001238,32753.1,0.0,17169.61,15583.49,NPR
2026-01-01,ACC0000001239,402427.11,32735.51,0.0,435162.62,NPR
2026-01-01,ACC0000001240,326740.44,35106.32,92232.91,269613.85,NPR
2026-01-01,ACC0000001241,248759.31,0.0,31360.99,217398.32,NPR
2026-01-01,ACC0000001242,315906.46,0.0,0.0,315906.46,NPR
2026-01-01,ACC0000001243,132774.83,33219.96,111968.74,54026.05,NPR
2026-01-01,ACC0000001244,471402.81,0.0,39645.55,431757.26,NPR
2026-01-01,ACC0000001245,116019.54,19613.7,59685.71,75947.53,NPR
2026-01-01,ACC0000001246,194581.31,0.0,27748.41,166832.9,NPR
2026-01-01,ACC0000001247,112960.95,8170.47,72233.52,48897.9,NPR
2026-01-01,ACC0000001248,86460.75,0.0,0.0,86460.75,NPR
2026-01-01,ACC0000001249,313952.26,38488.82,79297.57,273143.51,NPR
2026-01-01,ACC0000001250,413987.39,87107.25,72004.0,429090.64,NPR
2026-01-01,ACC0000001251,74204.04,20785.58,77097.53,17892.09,NPR
2026-01-01,ACC0000001252,4862.08,0.0,0.0,4862.08,NPR
2026-01-01,ACC0000001253,65059.28,29014.89,55121.84,38952.33,NPR
2026-01-01,ACC0000001254,312203.4,0.0,0.0,312203.4,NPR
2026-01-01,ACC0000001255,38754.16,0.0,18758.97,19995.19,NPR
2026-01-01,ACC0000001256,306918.37,18131.19,45975.01,279074.55,NPR
2026-01-01,ACC0000001257,434405.67,0.0,65536.37,368869.3,NPR
2026-01-01,ACC0000001258,261502.48,0.0,64221.5,197280.98,NPR
2026-01-01,ACC0000001259,341172.39,0.0,66154.91,275017.48,NPR
2026-01-01,ACC0000001260,6446.94,49595.53,0.0,56042.47,NPR
2026-01-01,ACC0000001261,437552.71,10821.54,42896.93,405477.32,NPR
2026-01-01,ACC0000001262,68496.45,0.0,45730.06,22766.39,NPR
2026-01-01,ACC0000001263,419291.76,0.0,34765.99,384525.77,NPR
2026-01-01,ACC0000001264,95119.86,0.0,51173.95,43945.91,NPR
2026-01-01,ACC0000001265,5987.73,0.0,25952.84,-19965.11,NPR
2026-01-01,ACC0000001266,215378.64,45727.42,71377.6,189728.46,NPR
2026-01-01,ACC0000001267,40291.05,71528.06,58821.76,52997.35,NPR
2026-01-01,ACC0000001268,412021.26,0.0,97351.27,314669.99,NPR
2026-01-01,ACC0000001269,228485.83,36008.58,47647.63,216846.78,NPR
2026-01-01,ACC0000001270,305139.37,0.0,109734.3,195405.07,NPR
2026-01-01,ACC0000001271,121484.76,35768.69,0.0,157253.45,NPR
2026-01-01,ACC0000001272,293261.21,13918.83,29751.29,277428.75,NPR
2026-01-01,ACC0000001273,160113.11,27171.25,89639.14,97645.22,NPR
2026-01-01,ACC0000001274,362720.08,49754.67,0.0,412474.75,NPR
2026-01-01,ACC0000001275,480714.63,0.0,141468.5,339246.13,NPR
2026-01-01,ACC0000001276,65628.36,53731.34,0.0,119359.7,NPR
2026-01-01,ACC0000001277,458147.23,77072.13,26409.0,508810.36,NPR
2026-01-01,ACC0000001278,118160.29,0.0,44548.58,73611.71,NPR
2026-01-01,ACC0000001279,418573.1,0.0,17650.36,400922.74,NPR
2026-01-01,ACC0000001280,308307.39,38629.39,0.0,346936.78,NPR
2026-01-01,ACC0000001281,127006.39,0.0,34902.26,92104.13,NPR
2026-01-01,ACC0000001282,69018.31,0.0,19304.54,49713.77,NPR
2026-01-01,ACC0000001283,473111.97,0.0,36072.46,437039.51,NPR
2026-01-01,ACC0000001284,97335.63,0.0,0.0,97335.63,NPR
2026-01-01,ACC0000001285,10701.81,0.0,0.0,10701.81,NPR
2026-01-01,ACC0000001286,100756.2,0.0,44561.57,56194.63,NPR
2026-01-01,ACC0000001287,275433.88,0.0,46110.89,229322.99,NPR
2026-01-01,ACC0000001288,251486.15,0.0,113381.98,138104.17,NPR
2026-01-01,ACC0000001289,152787.83,0.0,462.96,152324.87,NPR
2026-01-01,ACC0000001290,150925.03,7509.5,28789.08,129645.45,NPR
2026-01-01,ACC0000001291,339420.8,0.0,26465.04,312955.76,NPR
2026-01-01,ACC0000001292,390761.44,35188.06,13594.45,412355.05,NPR
2026-01-01,ACC0000001293,269787.15,23981.79,50970.18,242798.76,NPR
2026-01-01,ACC0000001294,454485.86,0.0,0.0,454485.86,NPR
2026-01-01,ACC0000001295,36255.95,0.0,49768.28,-13512.33,NPR
2026-01-01,ACC0000001296,263811.59,27912.08,35593.84,256129.83,NPR
2026-01-01,ACC0000001297,258594.36,0.0,38123.55,220470.81,NPR
2026-01-01,ACC0000001298,332530.75,36595.36,0.0,369126.11,NPR
2026-01-01,ACC0000001299,471919.97,26831.16,23989.75,474761.38,NPR
2026-01-01,ACC0000001300,282451.37,0.0,243631.44,38819.93,NPR
2026-01-01,ACC0000001301,360461.25,0.0,27844.17,332617.08,NPR
2026-01-01,ACC0000001302,124159.9,51169.89,74544.6,100785.19,NPR
2026-01-01,ACC0000001303,480520.97,0.0,8791.84,471729.13,NPR
2026-01-01,ACC0000001304,377211.83,0.0,66884.65,310327.18,NPR
2026-01-01,ACC0000001305,190708.29,0.0,0.0,190708.29,NPR
2026-01-01,ACC0000001306,181615.52,9936.98,47112.93,144439.57,NPR
2026-01-01,ACC0000001307,29775.1,24226.21,33976.23,20025.08,NPR
2026-01-01,ACC0000001308,438112.26,0.0,86602.77,351509.49,NPR
2026-01-01,ACC0000001309,224442.2,0.0,96078.55,128363.65,NPR
2026-01-01,ACC0000001310,107555.47,0.0,49361.45,58194.02,NPR
2026-01-01,ACC0000001311,60338.63,0.0,37177.46,23161.17,NPR
2026-01-01,ACC0000001312,268979.45,0.0,0.0,268979.45,NPR
2026-01-01,ACC0000001313,6347.61,69745.55,0.0,76093.16,NPR
2026-01-01,ACC0000001314,348140.23,0.0,42638.44,305501.79,NPR
2026-01-01,ACC0000001315,121662.06,16137.7,5246.89,132552.87,NPR
2026-01-01,ACC0000001316,268114.9,0.0,73102.51,195012.39,NPR
2026-01-01,ACC0000001317,332989.35,0.0,0.0,332989.35,NPR
2026-01-01,ACC0000001318,130485.84,0.0,155343.74,-24857.9,NPR
2026-01-01,ACC0000001319,246278.4,17262.2,19136.19,244404.41,NPR
2026-01-01,ACC0000001320,446257.18,0.0,8591.74,437665.44,NPR
2026-01-01,ACC0000001321,427446.87,0.0,19781.76,407665.11,NPR
2026-01-01,ACC0000001322,245381.4,0.0,0.0,245381.4,NPR
2026-01-01,ACC0000001323,107731.03,0.0,24322.35,83408.68,NPR
2026-01-01,ACC0000001324,391984.38,0.0,123702.94,268281.44,NPR
2026-01-01,ACC0000001325,452031.31,1850.99,94251.57,359630.73,NPR
2026-01-01,ACC0000001326,199042.71,2679.27,84280.93,117441.05,NPR
2026-01-01,ACC0000001327,497021.6,0.0,77596.41,419425.19,NPR
2026-01-01,ACC0000001328,358840.95,6535.75,16187.87,349188.83,NPR
2026-01-01,ACC0000001329,420550.73,0.0,58323.48,362227.25,NPR
2026-01-01,ACC0000001330,222299.36,74984.39,55351.73,241932.02,NPR
2026-01-01,ACC0000001331,477489.55,0.0,46236.01,431253.54,NPR
2026-01-01,ACC0000001332,115272.02,5013.19,38951.49,81333.72,NPR
2026-01-01,ACC0000001333,268334.41,0.0,62401.12,205933.29,NPR
2026-01-01,ACC0000001334,480963.18,15030.18,48967.22,447026.14,NPR
2026-01-01,ACC0000001335,88496.0,34434.13,90998.65,31931.48,NPR
2026-01-01,ACC0000001336,265445.81,0.0,89080.93,176364.88,NPR
2026-01-01,ACC0000001337,240422.19,29871.24,51773.16,218520.27,NPR
2026-01-01,ACC0000001338,271561.88,0.0,48316.86,223245.02,NPR
2026-01-01,ACC0000001339,349948.52,0.0,28502.76,321445.76,NPR
2026-01-01,ACC0000001340,361203.2,33387.58,9239.12,385351.66,NPR
2026-01-01,ACC0000001341,334628.18,0.0,92201.02,242427.16,NPR
2026-01-01,ACC0000001342,39533.82,0.0,20593.65,18940.17,NPR
2026-01-01,ACC0000001343,156606.89,0.0,0.0,156606.89,NPR
2026-01-01,ACC0000001344,138827.82,0.0,0.0,138827.82,NPR
2026-01-01,ACC0000001345,391759.48,45276.99,92267.76,344768.71,NPR
2026-01-01,ACC0000001346,289358.66,0.0,45743.1,243615.56,NPR
2026-01-01,ACC0000001347,291194.15,45616.32,61255.99,275554.48,NPR
2026-01-01,ACC0000001348,78907.12,61025.18,17682.62,122249.68,NPR
2026-01-01,ACC0000001349,447158.68,0.0,130711.09,316447.59,NPR
2026-01-01,ACC0000001350,132782.89,48965.78,39261.54,142487.13,NPR
2026-01-01,ACC0000001351,384608.27,0.0,0.0,384608.27,NPR
2026-01-01,ACC0000001352,69150.21,0.0,6673.04,62477.17,NPR
2026-01-01,ACC0000001353,146221.76,0.0,11417.55,134804.21,NPR
2026-01-01,ACC0000001354,311824.61,0.0,48832.95,262991.66,NPR
2026-01-01,ACC0000001355,387107.31,38573.22,0.0,425680.53,NPR
2026-01-01,ACC0000001356,165949.76,0.0,49071.17,116878.59,NPR
2026-01-01,ACC0000001357,356884.46,42137.76,88847.06,310175.16,NPR
2026-01-01,ACC0000001358,361899.92,7778.46,98383.8,271294.58,NPR
2026-01-01,ACC0000001359,341665.85,0.0,125630.47,216035.38,NPR
2026-01-01,ACC0000001360,88235.03,0.0,34526.18,53708.85,NPR
2026-01-01,ACC0000001361,165897.25,0.0,0.0,165897.25,NPR
2026-01-01,ACC0000001362,227796.59,5026.17,50714.7,182108.06,NPR
2026-01-01,ACC0000001363,108180.9,7968.76,36302.54,79847.12,NPR
2026-01-01,ACC0000001364,149495.92,0.0,15455.85,134040.07,NPR
2026-01-01,ACC0000001365,362395.69,114057.28,44688.45,431764.52,NPR
2026-01-01,ACC0000001366,156687.98,0.0,96474.54,60213.44,NPR
2026-01-01,ACC0000001367,471008.93,0.0,0.0,471008.93,NPR
2026-01-01,ACC0000001368,360266.12,60802.22,57111.96,363956.38,NPR
2026-01-01,ACC0000001369,363162.9,26052.73,37250.97,351964.66,NPR
2026-01-01,ACC0000001370,304244.56,0.0,24934.05,279310.51,NPR
2026-01-01,ACC0000001371,214370.26,0.0,99572.41,114797.85,NPR
2026-01-01,ACC0000001372,125527.87,0.0,49924.2,75603.67,NPR
2026-01-01,ACC0000001373,235612.75,0.0,0.0,235612.75,NPR
2026-01-01,ACC0000001374,111671.71,2064.7,44387.22,69349.19,NPR
2026-01-01,ACC0000001375,419884.08,0.0,44335.79,375548.29,NPR
2026-01-01,ACC0000001376,254164.32,0.0,2196.29,251968.03,NPR
2026-01-01,ACC0000001377,165029.62,7677.34,77878.51,94828.45,NPR
2026-01-01,ACC0000001378,378022.4,0.0,0.0,378022.4,NPR
2026-01-01,ACC0000001379,444436.12,0.0,65354.87,379081.25,NPR
2026-01-01,ACC0000001380,301059.52,103533.43,27008.76,377584.19,NPR
2026-01-01,ACC0000001381,396309.77,0.0,2773.7,393536.07,NPR
2026-01-01,ACC0000001382,50786.12,0.0,0.0,50786.12,NPR
2026-01-01,ACC0000001383,498233.31,0.0,0.0,498233.31,NPR
2026-01-01,ACC0000001384,438131.81,0.0,89043.42,349088.39,NPR
2026-01-01,ACC0000001385,420382.18,30420.76,80734.03,370068.91,NPR
2026-01-01,ACC0000001386,438248.86,32556.0,43742.42,427062.44,NPR
2026-01-01,ACC0000001387,8349.51,0.0,31741.63,-23392.12,NPR
2026-01-01,ACC0000001388,272423.09,0.0,0.0,272423.09,NPR
2026-01-01,ACC0000001389,453564.85,0.0,49792.7,403772.15,NPR
2026-01-01,ACC0000001390,119110.73,0.0,102807.59,16303.14,NPR
2026-01-01,ACC0000001391,258220.31,0.0,0.0,258220.31,NPR
2026-01-01,ACC0000001392,171663.08,0.0,0.0,171663.08,NPR
2026-01-01,ACC0000001393,142091.91,0.0,0.0,142091.91,NPR
2026-01-01,ACC0000001394,50250.63,0.0,0.0,50250.63,NPR
2026-01-01,ACC0000001395,384270.47,0.0,49682.77,334587.7,NPR
2026-01-01,ACC0000001396,332914.12,0.0,0.0,332914.12,NPR
2026-01-01,ACC0000001397,489569.08,0.0,0.0,489569.08,NPR
2026-01-01,ACC0000001398,72258.88,0.0,0.0,72258.88,NPR
2026-01-01,ACC0000001399,465252.13,18858.03,44912.43,439197.73,NPR
2026-01-01,ACC0000001400,113517.69,0.0,0.0,113517.69,NPR
2026-01-01,ACC0000001401,203714.3,62530.76,166529.92,99715.14,NPR
2026-01-01,ACC0000001402,237623.24,0.0,0.0,237623.24,NPR
2026-01-01,ACC0000001403,131757.27,0.0,0.0,131757.27,NPR
2026-01-01,ACC0000001404,379812.38,0.0,98553.97,281258.41,NPR
2026-01-01,ACC0000001405,468661.99,0.0,200386.79,268275.2,NPR
2026-01-01,ACC0000001406,396717.27,0.0,0.0,396717.27,NPR
2026-01-01,ACC0000001407,247168.16,0.0,43497.67,203670.49,NPR
2026-01-01,ACC0000001408,137859.49,0.0,85332.58,52526.91,NPR
2026-01-01,ACC0000001409,396905.13,0.0,41919.02,354986.11,NPR
2026-01-01,ACC0000001410,233497.75,38102.0,40096.46,231503.29,NPR
2026-01-01,ACC0000001411,423030.89,0.0,30908.37,392122.52,NPR
2026-01-01,ACC0000001412,211020.65,65701.58,0.0,276722.23,NPR
2026-01-01,ACC0000001413,227730.81,44663.93,111934.0,160460.74,NPR
2026-01-01,ACC0000001414,424651.59,0.0,0.0,424651.59,NPR
2026-01-01,ACC0000001415,331586.17,13496.76,38088.52,306994.41,NPR
2026-01-01,ACC0000001416,347420.43,0.0,22417.92,325002.51,NPR
2026-01-01,ACC0000001417,152408.46,0.0,68682.88,83725.58,NPR
2026-01-01,ACC0000001418,320178.95,27858.77,42846.19,305191.53,NPR
2026-01-01,ACC0000001419,424622.18,0.0,119378.52,305243.66,NPR
2026-01-01,ACC0000001420,194207.65,0.0,126578.28,67629.37,NPR
2026-01-01,ACC0000001421,5196.03,0.0,166332.75,-161136.72,NPR
2026-01-01,ACC0000001422,97206.85,0.0,49243.48,47963.37,NPR
2026-01-01,ACC0000001423,365635.7,0.0,0.0,365635.7,NPR
2026-01-01,ACC0000001424,147696.91,0.0,34725.78,112971.13,NPR
2026-01-01,ACC0000001425,141705.64,0.0,92021.97,49683.67,NPR
2026-01-01,ACC0000001426,26069.4,43786.67,0.0,69856.07,NPR
2026-01-01,ACC0000001427,33415.58,23093.85,8330.27,48179.16,NPR
2026-01-01,ACC0000001428,228187.18,48432.12,91440.51,185178.79,NPR
2026-01-01,ACC0000001429,390654.54,44954.22,27040.15,408568.61,NPR
2026-01-01,ACC0000001430,47525.99,45351.27,120235.47,-27358.21,NPR
2026-01-01,ACC0000001431,91586.97,0.0,30954.15,60632.82,NPR
2026-01-01,ACC0000001432,498239.94,0.0,0.0,498239.94,NPR
2026-01-01,ACC0000001433,34383.44,0.0,22791.41,11592.03,NPR
2026-01-01,ACC0000001434,186373.39,0.0,168078.21,18295.18,NPR
2026-01-01,ACC0000001435,30961.47,0.0,0.0,30961.47,NPR
2026-01-01,ACC0000001436,38299.16,0.0,39787.35,-1488.19,NPR
2026-01-01,ACC0000001437,163842.23,39345.05,60602.52,142584.76,NPR
2026-01-01,ACC0000001438,60444.21,56106.93,0.0,116551.14,NPR
2026-01-01,ACC0000001439,60646.65,0.0,6327.25,54319.4,NPR
2026-01-01,ACC0000001440,12663.84,11599.48,29731.05,-5467.73,NPR
2026-01-01,ACC0000001441,196336.1,0.0,103697.49,92638.61,NPR
2026-01-01,ACC0000001442,493201.18,0.0,0.0,493201.18,NPR
2026-01-01,ACC0000001443,348127.63,133440.63,44311.04,437257.22,NPR
2026-01-01,ACC0000001444,390670.33,0.0,0.0,390670.33,NPR
2026-01-01,ACC0000001445,44400.78,15773.59,40723.39,19450.98,NPR
2026-01-01,ACC0000001446,343530.1,0.0,69762.57,273767.53,NPR
2026-01-01,ACC0000001447,276335.02,0.0,50602.39,225732.63,NPR
2026-01-01,ACC0000001448,7667.07,25583.32,92394.61,-59144.22,NPR
2026-01-01,ACC0000001449,471795.98,48760.21,9183.95,511372.24,NPR
2026-01-01,ACC0000001450,421259.38,0.0,83687.55,337571.83,NPR
2026-01-01,ACC0000001451,285073.04,0.0,0.0,285073.04,NPR
2026-01-01,ACC0000001452,494575.31,0.0,0.0,494575.31,NPR
2026-01-01,ACC0000001453,55865.79,39775.33,43568.76,52072.36,NPR
2026-01-01,ACC0000001454,261898.09,0.0,0.0,261898.09,NPR
2026-01-01,ACC0000001455,465323.09,0.0,1466.61,463856.48,NPR
2026-01-01,ACC0000001456,432111.67,0.0,33169.08,398942.59,NPR
2026-01-01,ACC0000001457,100276.71,11918.86,43135.78,69059.79,NPR
2026-01-01,ACC0000001458,296037.62,10093.93,74874.46,231257.09,NPR
2026-01-01,ACC0000001459,301277.82,0.0,38614.94,262662.88,NPR
2026-01-01,ACC0000001460,135616.98,0.0,0.0,135616.98,NPR
2026-01-01,ACC0000001461,371938.26,0.0,2464.47,369473.79,NPR
2026-01-01,ACC0000001462,466925.86,83243.31,8289.32,541879.85,NPR
2026-01-01,ACC0000001463,52152.38,0.0,0.0,52152.38,NPR
2026-01-01,ACC0000001464,373513.86,0.0,0.0,373513.86,NPR
2026-01-01,ACC0000001465,128405.76,5474.98,144363.2,-10482.46,NPR
2026-01-01,ACC0000001466,119963.16,26292.37,127276.14,18979.39,NPR
2026-01-01,ACC0000001467,495284.68,0.0,0.0,495284.68,NPR
2026-01-01,ACC0000001468,58625.79,31474.97,3735.75,86365.01,NPR
2026-01-01,ACC0000001469,5330.89,0.0,9868.54,-4537.65,NPR
2026-01-01,ACC0000001470,167233.28,32846.33,91794.77,108284.84,NPR
2026-01-01,ACC0000001471,498360.73,0.0,0.0,498360.73,NPR
2026-01-01,ACC0000001472,298960.62,15048.31,121296.97,192711.96,NPR
2026-01-01,ACC0000001473,461522.62,0.0,64802.67,396719.95,NPR
2026-01-01,ACC0000001474,53736.19,0.0,35331.74,18404.45,NPR
2026-01-01,ACC0000001475,496588.24,0.0,38641.19,457947.05,NPR
2026-01-01,ACC0000001476,423007.89,0.0,107778.72,315229.17,NPR
2026-01-01,ACC0000001477,410395.46,0.0,62012.87,348382.59,NPR
2026-01-01,ACC0000001478,184521.34,0.0,0.0,184521.34,NPR
2026-01-01,ACC0000001479,47217.15,0.0,1854.17,45362.98,NPR
2026-01-01,ACC0000001480,227391.33,0.0,45134.0,182257.33,NPR
2026-01-01,ACC0000001481,445309.54,0.0,163829.32,281480.22,NPR
2026-01-01,ACC0000001482,328454.53,21011.17,203047.16,146418.54,NPR
2026-01-01,ACC0000001483,413257.17,34565.89,24525.98,423297.08,NPR
2026-01-01,ACC0000001484,164630.56,0.0,0.0,164630.56,NPR
2026-01-01,ACC0000001485,148740.34,0.0,0.0,148740.34,NPR
2026-01-01,ACC0000001486,215186.59,11589.23,83565.04,143210.78,NPR
2026-01-01,ACC0000001487,121254.06,40841.08,9489.64,152605.5,NPR
2026-01-01,ACC0000001488,97504.05,0.0,58585.53,38918.52,NPR
2026-01-01,ACC0000001489,470091.61,31725.51,87871.0,413946.12,NPR
2026-01-01,ACC0000001490,320920.94,0.0,0.0,320920.94,NPR
2026-01-01,ACC0000001491,426310.67,0.0,0.0,426310.67,NPR
2026-01-01,ACC0000001492,395378.89,37972.66,47253.41,386098.14,NPR
2026-01-01,ACC0000001493,297190.25,0.0,0.0,297190.25,NPR
2026-01-01,ACC0000001494,113448.08,0.0,0.0,113448.08,NPR
2026-01-01,ACC0000001495,59914.1,0.0,129502.41,-69588.31,NPR
2026-01-01,ACC0000001496,60649.81,0.0,0.0,60649.81,NPR
2026-01-01,ACC0000001497,389632.19,19814.62,81053.31,328393.5,NPR
2026-01-01,ACC0000001498,102845.6,22620.92,31746.07,93720.45,NPR
2026-01-01,ACC0000001499,355983.36,15670.13,62490.02,309163.47,NPR
2026-01-01,ACC0000001500,108311.75,0.0,0.0,108311.75,NPR
2026-01-01,ACC0000001501,73722.95,43933.66,148023.47,-30366.86,NPR
2026-01-01,ACC0000001502,452433.14,0.0,58404.11,394029.03,NPR
2026-01-01,ACC0000001503,297492.06,0.0,23564.83,273927.23,NPR
2026-01-01,ACC0000001504,13423.66,0.0,91626.38,-78202.72,NPR
2026-01-01,ACC0000001505,414520.82,107461.45,7568.82,514413.45,NPR
2026-01-01,ACC0000001506,14102.94,0.0,7048.55,7054.39,NPR
2026-01-01,ACC0000001507,85855.6,0.0,0.0,85855.6,NPR
2026-01-01,ACC0000001508,134049.46,45091.32,93971.05,85169.73,NPR
2026-01-01,ACC0000001509,53443.37,0.0,0.0,53443.37,NPR
2026-01-01,ACC0000001510,90798.79,19384.31,99965.26,10217.84,NPR
2026-01-01,ACC0000001511,295947.98,0.0,47700.06,248247.92,NPR
2026-01-01,ACC0000001512,160134.78,34148.22,81376.27,112906.73,NPR
2026-01-01,ACC0000001513,109411.23,0.0,29212.17,80199.06,NPR
2026-01-01,ACC0000001514,56422.95,0.0,13608.09,42814.86,NPR
2026-01-01,ACC0000001515,449852.32,0.0,0.0,449852.32,NPR
2026-01-01,ACC0000001516,173919.74,0.0,0.0,173919.74,NPR
2026-01-01,ACC0000001517,24934.31,8375.61,134258.44,-100948.52,NPR
2026-01-01,ACC0000001518,113385.97,44321.81,953.4,156754.38,NPR
2026-01-01,ACC0000001519,348929.59,0.0,48775.31,300154.28,NPR
2026-01-01,ACC0000001520,193888.42,41658.63,6119.35,229427.7,NPR
2026-01-01,ACC0000001521,320867.9,0.0,88658.89,232209.01,NPR
2026-01-01,ACC0000001522,317435.17,0.0,55373.7,262061.47,NPR
2026-01-01,ACC0000001523,384675.59,80171.46,26889.52,437957.53,NPR
2026-01-01,ACC0000001524,484374.1,8961.4,59078.37,434257.13,NPR
2026-01-01,ACC0000001525,239487.42,0.0,103969.79,135517.63,NPR
2026-01-01,ACC0000001526,345510.59,0.0,75748.19,269762.4,NPR
2026-01-01,ACC0000001527,83256.53,0.0,19886.13,63370.4,NPR
2026-01-01,ACC0000001528,314890.1,49189.93,41141.55,322938.48,NPR
2026-01-01,ACC0000001529,476882.41,0.0,52260.48,424621.93,NPR
2026-01-01,ACC0000001530,78659.55,41923.07,76867.84,43714.78,NPR
2026-01-01,ACC0000001531,415502.74,18938.98,46099.7,388342.02,NPR
2026-01-01,ACC0000001532,374600.63,0.0,39276.11,335324.52,NPR
2026-01-01,ACC0000001533,297369.64,0.0,53207.69,244161.95,NPR
2026-01-01,ACC0000001534,110447.56,45570.2,17622.3,138395.46,NPR
2026-01-01,ACC0000001535,46023.33,34285.17,60286.49,20022.01,NPR
2026-01-01,ACC0000001536,90344.1,0.0,3074.61,87269.49,NPR
2026-01-01,ACC0000001537,318606.98,18614.85,25824.88,311396.95,NPR
2026-01-01,ACC0000001538,379012.04,41230.55,70057.99,350184.6,NPR
2026-01-01,ACC0000001539,276710.77,0.0,97288.94,179421.83,NPR
2026-01-01,ACC0000001540,423717.23,0.0,56965.09,366752.14,NPR
2026-01-01,ACC0000001541,479789.53,0.0,24886.75,454902.78,NPR
2026-01-01,ACC0000001542,180080.94,33881.44,66104.87,147857.51,NPR
2026-01-01,ACC0000001543,363615.22,0.0,43479.51,320135.71,NPR
2026-01-01,ACC0000001544,329085.19,0.0,10182.59,318902.6,NPR
2026-01-01,ACC0000001545,468863.94,64919.52,92038.51,441744.95,NPR
2026-01-01,ACC0000001546,313106.04,0.0,0.0,313106.04,NPR
2026-01-01,ACC0000001547,436657.53,61521.01,38787.32,459391.22,NPR
2026-01-01,ACC0000001548,302158.14,0.0,23139.92,279018.22,NPR
2026-01-01,ACC0000001549,474577.89,0.0,70070.77,404507.12,NPR
2026-01-01,ACC0000001550,409169.19,0.0,16572.48,392596.71,NPR
2026-01-01,ACC0000001551,403922.96,45453.51,76220.71,373155.76,NPR
2026-01-01,ACC0000001552,334978.26,0.0,47027.07,287951.19,NPR
2026-01-01,ACC0000001553,102514.84,0.0,6909.49,95605.35,NPR
2026-01-01,ACC0000001554,339974.22,0.0,0.0,339974.22,NPR
2026-01-01,ACC0000001555,488666.4,0.0,37247.23,451419.17,NPR
2026-01-01,ACC0000001556,288747.86,0.0,22793.92,265953.94,NPR
2026-01-01,ACC0000001557,414518.92,0.0,0.0,414518.92,NPR
2026-01-01,ACC0000001558,53198.61,20143.33,34037.25,39304.69,NPR
2026-01-01,ACC0000001559,280593.59,13989.22,0.0,294582.81,NPR
2026-01-01,ACC0000001560,367218.79,17165.76,40520.67,343863.88,NPR
2026-01-01,ACC0000001561,196590.58,0.0,45893.77,150696.81,NPR
2026-01-01,ACC0000001562,405185.46,0.0,35346.27,369839.19,NPR
2026-01-01,ACC0000001563,435286.22,0.0,39821.21,395465.01,NPR
2026-01-01,ACC0000001564,291572.12,48085.43,42336.96,297320.59,NPR
2026-01-01,ACC0000001565,156777.99,0.0,8668.68,148109.31,NPR
2026-01-01,ACC0000001566,333943.05,0.0,27293.64,306649.41,NPR
2026-01-01,ACC0000001567,383307.22,0.0,45102.64,338204.58,NPR
2026-01-01,ACC0000001568,377876.32,0.0,0.0,377876.32,NPR
2026-01-01,ACC0000001569,407523.22,0.0,81549.96,325973.26,NPR
2026-01-01,ACC0000001570,394536.36,0.0,899.4,393636.96,NPR
2026-01-01,ACC0000001571,14383.43,0.0,83538.35,-69154.92,NPR
2026-01-01,ACC0000001572,399230.12,0.0,25317.15,373912.97,NPR
2026-01-01,ACC0000001573,226842.86,21636.4,89157.28,159321.98,NPR
2026-01-01,ACC0000001574,373039.2,28881.59,38199.24,363721.55,NPR
2026-01-01,ACC0000001575,339423.55,58790.84,55967.7,342246.69,NPR
2026-01-01,ACC0000001576,39888.19,0.0,21262.82,18625.37,NPR
2026-01-01,ACC0000001577,180998.3,0.0,55016.53,125981.77,NPR
2026-01-01,ACC0000001578,125834.57,0.0,0.0,125834.57,NPR
2026-01-01,ACC0000001579,443483.34,51392.4,0.0,494875.74,NPR
2026-01-01,ACC0000001580,362710.53,0.0,66259.88,296450.65,NPR
2026-01-01,ACC0000001581,287866.28,40987.88,14652.05,314202.11,NPR
2026-01-01,ACC0000001582,413014.38,0.0,112096.41,300917.97,NPR
2026-01-01,ACC0000001583,340085.09,0.0,0.0,340085.09,NPR
2026-01-01,ACC0000001584,292510.42,18742.92,0.0,311253.34,NPR
2026-01-01,ACC0000001585,107766.49,37328.58,63715.91,81379.16,NPR
2026-01-01,ACC0000001586,331652.96,0.0,22825.52,308827.44,NPR
2026-01-01,ACC0000001587,165787.61,0.0,94281.11,71506.5,NPR
2026-01-01,ACC0000001588,421517.8,0.0,0.0,421517.8,NPR
2026-01-01,ACC0000001589,398084.44,0.0,0.0,398084.44,NPR
2026-01-01,ACC0000001590,349216.83,13391.24,63189.0,299419.07,NPR
2026-01-01,ACC0000001591,438476.41,0.0,100262.09,338214.32,NPR
2026-01-01,ACC0000001592,265479.33,22437.04,18995.98,268920.39,NPR
2026-01-01,ACC0000001593,280258.67,0.0,105856.42,174402.25,NPR
2026-01-01,ACC0000001594,9188.7,0.0,57823.02,-48634.32,NPR
2026-01-01,ACC0000001595,489514.13,41920.01,22875.53,508558.61,NPR
2026-01-01,ACC0000001596,286757.87,46274.13,35222.13,297809.87,NPR
2026-01-01,ACC0000001597,300757.81,5932.75,204921.09,101769.47,NPR
2026-01-01,ACC0000001598,161075.23,0.0,0.0,161075.23,NPR
2026-01-01,ACC0000001599,457916.96,0.0,38254.36,419662.6,NPR
2026-01-01,ACC0000001600,205019.05,0.0,0.0,205019.05,NPR
2026-01-01,ACC0000001601,493844.57,26009.57,85829.78,434024.36,NPR
2026-01-01,ACC0000001602,18376.04,0.0,23865.2,-5489.16,NPR
2026-01-01,ACC0000001603,351133.95,0.0,79499.66,271634.29,NPR
2026-01-01,ACC0000001604,309385.55,37880.25,70506.76,276759.04,NPR
2026-01-01,ACC0000001605,232656.39,0.0,14706.15,217950.24,NPR
2026-01-01,ACC0000001606,13994.96,14904.4,0.0,28899.36,NPR
2026-01-01,ACC0000001607,498000.26,13767.79,28417.65,483350.4,NPR
2026-01-01,ACC0000001608,483161.01,0.0,0.0,483161.01,NPR
2026-01-01,ACC0000001609,200956.87,35501.77,0.0,236458.64,NPR
2026-01-01,ACC0000001610,459316.04,0.0,13272.75,446043.29,NPR
2026-01-01,ACC0000001611,222574.25,0.0,11697.05,210877.2,NPR
2026-01-01,ACC0000001612,47355.51,0.0,0.0,47355.51,NPR
2026-01-01,ACC0000001613,490989.68,0.0,2750.2,488239.48,NPR
2026-01-01,ACC0000001614,192615.06,0.0,108833.2,83781.86,NPR
2026-01-01,ACC0000001615,166367.66,45101.17,72377.18,139091.65,NPR
2026-01-01,ACC0000001616,98920.87,0.0,56138.28,42782.59,NPR
2026-01-01,ACC0000001617,53493.65,30190.84,102756.67,-19072.18,NPR
2026-01-01,ACC0000001618,170203.47,0.0,0.0,170203.47,NPR
2026-01-01,ACC0000001619,372736.89,0.0,49060.45,323676.44,NPR
2026-01-01,ACC0000001620,387491.99,0.0,71663.4,315828.59,NPR
2026-01-01,ACC0000001621,187021.55,0.0,0.0,187021.55,NPR
2026-01-01,ACC0000001622,320592.91,30331.16,0.0,350924.07,NPR
2026-01-01,ACC0000001623,431181.35,0.0,46039.59,385141.76,NPR
2026-01-01,ACC0000001624,170906.08,30427.05,50965.56,150367.57,NPR
2026-01-01,ACC0000001625,494128.78,0.0,0.0,494128.78,NPR
2026-01-01,ACC0000001626,241368.8,0.0,75844.76,165524.04,NPR
2026-01-01,ACC0000001627,138113.34,0.0,54389.53,83723.81,NPR
2026-01-01,ACC0000001628,105153.67,28683.24,0.0,133836.91,NPR
2026-01-01,ACC0000001629,12748.5,0.0,19739.35,-6990.85,NPR
2026-01-01,ACC0000001630,364149.87,0.0,44726.67,319423.2,NPR
2026-01-01,ACC0000001631,67604.96,0.0,26711.95,40893.01,NPR
2026-01-01,ACC0000001632,21946.39,0.0,103556.39,-81610.0,NPR
2026-01-01,ACC0000001633,121617.44,0.0,65154.34,56463.1,NPR
2026-01-01,ACC0000001634,86271.96,0.0,0.0,86271.96,NPR
2026-01-01,ACC0000001635,278051.12,0.0,13453.08,264598.04,NPR
2026-01-01,ACC0000001636,32863.74,0.0,77058.91,-44195.17,NPR
2026-01-01,ACC0000001637,484392.11,75657.45,33480.92,526568.64,NPR
2026-01-01,ACC0000001638,102445.08,20598.94,9537.56,113506.46,NPR
2026-01-01,ACC0000001639,102125.59,93572.88,18780.79,176917.68,NPR
2026-01-01,ACC0000001640,370794.82,0.0,0.0,370794.82,NPR
2026-01-01,ACC0000001641,392989.07,0.0,78133.95,314855.12,NPR
2026-01-01,ACC0000001642,113941.14,0.0,56461.42,57479.72,NPR
2026-01-01,ACC0000001643,19020.68,0.0,3522.58,15498.1,NPR
2026-01-01,ACC0000001644,479925.25,0.0,87702.11,392223.14,NPR
2026-01-01,ACC0000001645,112692.43,0.0,80898.59,31793.84,NPR
2026-01-01,ACC0000001646,137974.27,20483.99,23499.24,134959.02,NPR
2026-01-01,ACC0000001647,236222.19,0.0,63758.29,172463.9,NPR
2026-01-01,ACC0000001648,161690.15,0.0,0.0,161690.15,NPR
2026-01-01,ACC0000001649,299182.84,1396.97,37699.22,262880.59,NPR
2026-01-01,ACC0000001650,276753.51,0.0,60689.54,216063.97,NPR
2026-01-01,ACC0000001651,73234.97,0.0,42706.89,30528.08,NPR
2026-01-01,ACC0000001652,422623.15,0.0,64524.62,358098.53,NPR
2026-01-01,ACC0000001653,128898.64,0.0,103094.42,25804.22,NPR
2026-01-01,ACC0000001654,99399.4,0.0,0.0,99399.4,NPR
2026-01-01,ACC0000001655,202746.53,33603.86,32924.8,203425.59,NPR
2026-01-01,ACC0000001656,414293.17,25251.8,47462.87,392082.1,NPR
2026-01-01,ACC0000001657,69239.85,578.31,49837.09,19981.07,NPR
2026-01-01,ACC0000001658,189392.59,30771.34,57403.9,162760.03,NPR
2026-01-01,ACC0000001659,418688.9,0.0,101141.19,317547.71,NPR
2026-01-01,ACC0000001660,300426.25,1700.11,22880.51,279245.85,NPR
2026-01-01,ACC0000001661,320935.53,0.0,32573.83,288361.7,NPR
2026-01-01,ACC0000001662,361227.17,0.0,75909.64,285317.53,NPR
2026-01-01,ACC0000001663,223035.29,0.0,45241.12,177794.17,NPR
2026-01-01,ACC0000001664,164601.82,0.0,65273.83,99327.99,NPR
2026-01-01,ACC0000001665,240074.3,27687.85,49298.0,218464.15,NPR
2026-01-01,ACC0000001666,319329.43,43518.26,120945.87,241901.82,NPR
2026-01-01,ACC0000001667,277296.87,8183.0,0.0,285479.87,NPR
2026-01-01,ACC0000001668,158491.58,83727.08,53590.3,188628.36,NPR
2026-01-01,ACC0000001669,144269.08,0.0,0.0,144269.08,NPR
2026-01-01,ACC0000001670,393052.59,44637.25,0.0,437689.84,NPR
2026-01-01,ACC0000001671,270143.42,38603.65,39475.31,269271.76,NPR
2026-01-01,ACC0000001672,399583.93,0.0,0.0,399583.93,NPR
2026-01-01,ACC0000001673,106046.45,24515.57,24487.38,106074.64,NPR
2026-01-01,ACC0000001674,335936.62,0.0,0.0,335936.62,NPR
2026-01-01,ACC0000001675,457286.63,0.0,126305.56,330981.07,NPR
2026-01-01,ACC0000001676,177594.69,0.0,36136.78,141457.91,NPR
2026-01-01,ACC0000001677,427352.36,42443.49,7459.83,462336.02,NPR
2026-01-01,ACC0000001678,81305.61,0.0,25067.64,56237.97,NPR
2026-01-01,ACC0000001679,368694.25,0.0,0.0,368694.25,NPR
2026-01-01,ACC0000001680,240475.59,22646.53,10450.37,252671.75,NPR
2026-01-01,ACC0000001681,356033.52,0.0,18423.91,337609.61,NPR
2026-01-01,ACC0000001682,374172.19,0.0,26057.5,348114.69,NPR
2026-01-01,ACC0000001683,291226.64,0.0,99901.87,191324.77,NPR
2026-01-01,ACC0000001684,370155.53,0.0,26901.31,343254.22,NPR
2026-01-01,ACC0000001685,275797.58,0.0,0.0,275797.58,NPR
2026-01-01,ACC0000001686,381481.22,8325.38,75252.9,314553.7,NPR
2026-01-01,ACC0000001687,31873.64,0.0,94942.12,-63068.48,NPR
2026-01-01,ACC0000001688,383205.04,21494.58,519.8,404179.82,NPR
2026-01-01,ACC0000001689,457070.2,0.0,52250.64,404819.56,NPR
2026-01-01,ACC0000001690,133943.25,0.0,0.0,133943.25,NPR
2026-01-01,ACC0000001691,376052.85,0.0,74619.56,301433.29,NPR
2026-01-01,ACC0000001692,90893.1,0.0,21116.31,69776.79,NPR
2026-01-01,ACC0000001693,360593.45,0.0,59086.06,301507.39,NPR
2026-01-01,ACC0000001694,116121.18,0.0,34850.99,81270.19,NPR
2026-01-01,ACC0000001695,279357.53,25242.36,0.0,304599.89,NPR
2026-01-01,ACC0000001696,499523.18,0.0,0.0,499523.18,NPR
2026-01-01,ACC0000001697,445692.33,32610.34,29578.58,448724.09,NPR
2026-01-01,ACC0000001698,428673.9,62182.51,0.0,490856.41,NPR
2026-01-01,ACC0000001699,145358.71,7875.13,69089.22,84144.62,NPR
2026-01-01,ACC0000001700,366960.38,0.0,46022.43,320937.95,NPR
2026-01-01,ACC0000001701,389542.45,32795.86,94779.6,327558.71,NPR
2026-01-01,ACC0000001702,53926.54,0.0,44134.14,9792.4,NPR
2026-01-01,ACC0000001703,90272.34,0.0,26952.71,63319.63,NPR
2026-01-01,ACC0000001704,284249.19,0.0,20644.36,263604.83,NPR
2026-01-01,ACC0000001705,427037.71,0.0,108796.13,318241.58,NPR
2026-01-01,ACC0000001706,157059.61,20540.97,192112.65,-14512.07,NPR
2026-01-01,ACC0000001707,315366.37,0.0,0.0,315366.37,NPR
2026-01-01,ACC0000001708,89518.78,0.0,0.0,89518.78,NPR
2026-01-01,ACC0000001709,151590.18,0.0,0.0,151590.18,NPR
2026-01-01,ACC0000001710,346294.9,34936.95,159361.88,221869.97,NPR
2026-01-01,ACC0000001711,12258.29,23391.81,69655.49,-34005.39,NPR
2026-01-01,ACC0000001712,36182.53,0.0,72498.09,-36315.56,NPR
2026-01-01,ACC0000001713,127868.14,0.0,85889.53,41978.61,NPR
2026-01-01,ACC0000001714,491255.15,18216.77,21355.91,488116.01,NPR
2026-01-01,ACC0000001715,177580.02,0.0,56196.46,121383.56,NPR
2026-01-01,ACC0000001716,205352.74,9929.2,8122.93,207159.01,NPR
2026-01-01,ACC0000001717,131596.03,43301.79,0.0,174897.82,NPR
2026-01-01,ACC0000001718,144158.32,0.0,46947.74,97210.58,NPR
2026-01-01,ACC0000001719,315820.94,51751.66,37695.32,329877.28,NPR
2026-01-01,ACC0000001720,422639.68,0.0,9783.37,412856.31,NPR
2026-01-01,ACC0000001721,375996.69,0.0,69449.04,306547.65,NPR
2026-01-01,ACC0000001722,397912.41,0.0,0.0,397912.41,NPR
2026-01-01,ACC0000001723,198928.83,21583.07,148764.75,71747.15,NPR
2026-01-01,ACC0000001724,87100.68,0.0,85223.06,1877.62,NPR
2026-01-01,ACC0000001725,8810.32,0.0,130674.37,-121864.05,NPR
2026-01-01,ACC0000001726,16660.61,0.0,34359.83,-17699.22,NPR
2026-01-01,ACC0000001727,465407.04,0.0,44825.98,420581.06,NPR
2026-01-01,ACC0000001728,306044.25,13303.82,167080.11,152267.96,NPR
2026-01-01,ACC0000001729,4628.46,0.0,1758.71,2869.75,NPR
2026-01-01,ACC0000001730,67684.48,17946.53,14263.2,71367.81,NPR
2026-01-01,ACC0000001731,161993.55,0.0,0.0,161993.55,NPR
2026-01-01,ACC0000001732,483316.89,26649.34,113118.59,396847.64,NPR
2026-01-01,ACC0000001733,266205.96,35161.12,130334.92,171032.16,NPR
2026-01-01,ACC0000001734,41166.72,0.0,68320.76,-27154.04,NPR
2026-01-01,ACC0000001735,477413.5,57676.8,11644.16,523446.14,NPR
2026-01-01,ACC0000001736,185172.08,0.0,57459.31,127712.77,NPR
2026-01-01,ACC0000001737,301665.08,0.0,0.0,301665.08,NPR
2026-01-01,ACC0000001738,109924.53,0.0,1170.33,108754.2,NPR
2026-01-01,ACC0000001739,209446.73,0.0,79577.33,129869.4,NPR
2026-01-01,ACC0000001740,4123.34,17584.53,184343.55,-162635.68,NPR
2026-01-01,ACC0000001741,94025.36,0.0,3463.92,90561.44,NPR
2026-01-01,ACC0000001742,21534.21,2226.75,0.0,23760.96,NPR
2026-01-01,ACC0000001743,310362.08,28025.7,58468.3,279919.48,NPR
2026-01-01,ACC0000001744,384966.54,0.0,631.38,384335.16,NPR
2026-01-01,ACC0000001745,111030.76,49481.78,23326.89,137185.65,NPR
2026-01-01,ACC0000001746,75075.1,0.0,50952.72,24122.38,NPR
2026-01-01,ACC0000001747,26837.59,8246.63,28303.86,6780.36,NPR
2026-01-01,ACC0000001748,15681.94,0.0,76745.09,-61063.15,NPR
2026-01-01,ACC0000001749,175455.88,0.0,0.0,175455.88,NPR
2026-01-01,ACC0000001750,483921.8,43658.47,40600.15,486980.12,NPR
2026-01-01,ACC0000001751,437574.96,0.0,30557.59,407017.37,NPR
2026-01-01,ACC0000001752,290124.76,28402.77,48370.93,270156.6,NPR
2026-01-01,ACC0000001753,460323.66,64811.5,120839.02,404296.14,NPR
2026-01-01,ACC0000001754,45869.52,0.0,0.0,45869.52,NPR
2026-01-01,ACC0000001755,48969.42,47686.58,0.0,96656.0,NPR
2026-01-01,ACC0000001756,174725.38,0.0,20642.38,154083.0,NPR
2026-01-01,ACC0000001757,140654.55,37169.37,31181.82,146642.1,NPR
2026-01-01,ACC0000001758,251726.54,0.0,33678.99,218047.55,NPR
2026-01-01,ACC0000001759,382003.61,0.0,8696.04,373307.57,NPR
2026-01-01,ACC0000001760,9425.04,0.0,107866.83,-98441.79,NPR
2026-01-01,ACC0000001761,297930.92,71921.29,15093.18,354759.03,NPR
2026-01-01,ACC0000001762,4370.4,13075.85,0.0,17446.25,NPR
2026-01-01,ACC0000001763,305293.64,0.0,0.0,305293.64,NPR
2026-01-01,ACC0000001764,407839.89,0.0,7437.71,400402.18,NPR
2026-01-01,ACC0000001765,268996.39,18039.26,0.0,287035.65,NPR
2026-01-01,ACC0000001766,423293.68,0.0,45813.17,377480.51,NPR
2026-01-01,ACC0000001767,78846.37,69738.89,0.0,148585.26,NPR
2026-01-01,ACC0000001768,370251.02,33044.78,80018.05,323277.75,NPR
2026-01-01,ACC0000001769,44375.09,0.0,0.0,44375.09,NPR
2026-01-01,ACC0000001770,489805.15,36706.58,66579.72,459932.01,NPR
2026-01-01,ACC0000001771,154539.67,35831.75,165266.95,25104.47,NPR
2026-01-01,ACC0000001772,272357.82,30646.78,46818.52,256186.08,NPR
2026-01-01,ACC0000001773,99775.86,18725.48,33167.74,85333.6,NPR
2026-01-01,ACC0000001774,262146.53,0.0,52247.61,209898.92,NPR
2026-01-01,ACC0000001775,99084.25,0.0,38235.8,60848.45,NPR
2026-01-01,ACC0000001776,322320.95,0.0,34424.0,287896.95,NPR
2026-01-01,ACC0000001777,317092.22,0.0,106777.67,210314.55,NPR
2026-01-01,ACC0000001778,380755.89,0.0,116784.49,263971.4,NPR
2026-01-01,ACC0000001779,254363.92,0.0,0.0,254363.92,NPR
2026-01-01,ACC0000001780,73823.7,35642.42,6531.53,102934.59,NPR
2026-01-01,ACC0000001781,384009.32,9309.93,85982.26,307336.99,NPR
2026-01-01,ACC0000001782,234972.19,0.0,74822.77,160149.42,NPR
2026-01-01,ACC0000001783,427923.66,9553.43,108459.47,329017.62,NPR
2026-01-01,ACC0000001784,225233.81,59384.5,48738.85,235879.46,NPR
2026-01-01,ACC0000001785,338749.81,0.0,12895.52,325854.29,NPR
2026-01-01,ACC0000001786,301237.29,0.0,78421.83,222815.46,NPR
2026-01-01,ACC0000001787,327161.16,0.0,35362.28,291798.88,NPR
2026-01-01,ACC0000001788,230631.41,0.0,65703.74,164927.67,NPR
2026-01-01,ACC0000001789,73778.09,0.0,46803.24,26974.85,NPR
2026-01-01,ACC0000001790,468743.0,39037.39,7628.35,500152.04,NPR
2026-01-01,ACC0000001791,308687.32,44434.71,74704.77,278417.26,NPR
2026-01-01,ACC0000001792,357858.67,8416.35,0.0,366275.02,NPR
2026-01-01,ACC0000001793,254196.44,40866.37,88231.5,206831.31,NPR
2026-01-01,ACC0000001794,289142.7,0.0,8830.87,280311.83,NPR
2026-01-01,ACC0000001795,294588.53,0.0,16760.25,277828.28,NPR
2026-01-01,ACC0000001796,125306.15,0.0,90799.55,34506.6,NPR
2026-01-01,ACC0000001797,473051.89,0.0,0.0,473051.89,NPR
2026-01-01,ACC0000001798,25848.22,40584.82,32608.11,33824.93,NPR
2026-01-01,ACC0000001799,71434.13,7517.79,9653.86,69298.06,NPR
2026-01-01,ACC0000001800,200210.49,0.0,105383.34,94827.15,NPR
2026-01-01,ACC0000001801,85214.52,26560.79,0.0,111775.31,NPR
2026-01-01,ACC0000001802,123758.71,17148.99,0.0,140907.7,NPR
2026-01-01,ACC0000001803,58471.12,2370.41,52468.76,8372.77,NPR
2026-01-01,ACC0000001804,365691.73,0.0,173314.33,192377.4,NPR
2026-01-01,ACC0000001805,40500.67,14100.45,51192.05,3409.07,NPR
2026-01-01,ACC0000001806,39027.04,0.0,18648.79,20378.25,NPR
2026-01-01,ACC0000001807,233289.0,8385.76,0.0,241674.76,NPR
2026-01-01,ACC0000001808,47853.28,0.0,0.0,47853.28,NPR
2026-01-01,ACC0000001809,359273.95,0.0,41731.56,317542.39,NPR
2026-01-01,ACC0000001810,416147.83,44530.62,41364.71,419313.74,NPR
2026-01-01,ACC0000001811,208388.0,0.0,0.0,208388.0,NPR
2026-01-01,ACC0000001812,328421.59,0.0,117197.05,211224.54,NPR
2026-01-01,ACC0000001813,162676.67,67198.32,72906.08,156968.91,NPR
2026-01-01,ACC0000001814,46314.51,30468.06,15281.85,61500.72,NPR
2026-01-01,ACC0000001815,152059.26,47821.89,0.0,199881.15,NPR
2026-01-01,ACC0000001816,19346.01,0.0,19376.18,-30.17,NPR
2026-01-01,ACC0000001817,310976.27,34859.86,79315.43,266520.7,NPR
2026-01-01,ACC0000001818,426345.38,3258.86,0.0,429604.24,NPR
2026-01-01,ACC0000001819,23861.01,0.0,98174.95,-74313.94,NPR
2026-01-01,ACC0000001820,165979.08,0.0,48705.85,117273.23,NPR
2026-01-01,ACC0000001821,421669.33,38956.03,33182.32,427443.04,NPR
2026-01-01,ACC0000001822,10198.39,0.0,36739.57,-26541.18,NPR
2026-01-01,ACC0000001823,79323.72,0.0,45001.3,34322.42,NPR
2026-01-01,ACC0000001824,317415.82,0.0,110074.23,207341.59,NPR
2026-01-01,ACC0000001825,468406.91,0.0,0.0,468406.91,NPR
2026-01-01,ACC0000001826,422870.41,0.0,0.0,422870.41,NPR
2026-01-01,ACC0000001827,294402.23,16691.09,57749.57,253343.75,NPR
2026-01-01,ACC0000001828,102631.9,0.0,0.0,102631.9,NPR
2026-01-01,ACC0000001829,428757.87,0.0,51052.88,377704.99,NPR
2026-01-01,ACC0000001830,271112.89,0.0,29434.83,241678.06,NPR
2026-01-01,ACC0000001831,38668.36,32133.03,14549.13,56252.26,NPR
2026-01-01,ACC0000001832,399995.11,0.0,0.0,399995.11,NPR
2026-01-01,ACC0000001833,452831.31,0.0,721.81,452109.5,NPR
2026-01-01,ACC0000001834,326915.81,6182.0,22280.12,310817.69,NPR
2026-01-01,ACC0000001835,140139.92,23338.02,8715.68,154762.26,NPR
2026-01-01,ACC0000001836,66838.98,5662.86,62225.63,10276.21,NPR
2026-01-01,ACC0000001837,312760.28,0.0,113162.56,199597.72,NPR
2026-01-01,ACC0000001838,181836.41,19259.82,91043.8,110052.43,NPR
2026-01-01,ACC0000001839,38478.03,30170.31,26815.91,41832.43,NPR
2026-01-01,ACC0000001840,498110.84,20177.94,0.0,518288.78,NPR
2026-01-01,ACC0000001841,110840.41,0.0,34105.24,76735.17,NPR
2026-01-01,ACC0000001842,75841.4,48559.05,49569.23,74831.22,NPR
2026-01-01,ACC0000001843,334328.58,0.0,40118.91,294209.67,NPR
2026-01-01,ACC0000001844,14792.87,0.0,0.0,14792.87,NPR
2026-01-01,ACC0000001845,243632.0,0.0,62614.16,181017.84,NPR
2026-01-01,ACC0000001846,259410.43,0.0,11227.28,248183.15,NPR
2026-01-01,ACC0000001847,124268.1,2002.33,0.0,126270.43,NPR
2026-01-01,ACC0000001848,202093.34,0.0,10921.42,191171.92,NPR
2026-01-01,ACC0000001849,95569.69,0.0,46325.91,49243.78,NPR
2026-01-01,ACC0000001850,245076.46,0.0,0.0,245076.46,NPR
2026-01-01,ACC0000001851,7487.05,0.0,0.0,7487.05,NPR
2026-01-01,ACC0000001852,137199.91,27961.28,70661.08,94500.11,NPR
2026-01-01,ACC0000001853,143943.33,6699.0,17869.74,132772.59,NPR
2026-01-01,ACC0000001854,395702.49,0.0,20535.88,375166.61,NPR
2026-01-01,ACC0000001855,427717.56,0.0,15464.48,412253.08,NPR
2026-01-01,ACC0000001856,80020.82,854.84,41072.1,39803.56,NPR
2026-01-01,ACC0000001857,290953.82,0.0,78497.07,212456.75,NPR
2026-01-01,ACC0000001858,181485.95,0.0,0.0,181485.95,NPR
2026-01-01,ACC0000001859,319604.9,67537.51,34220.57,352921.84,NPR
2026-01-01,ACC0000001860,481976.46,0.0,0.0,481976.46,NPR
2026-01-01,ACC0000001861,480282.04,0.0,128155.97,352126.07,NPR
2026-01-01,ACC0000001862,400214.46,0.0,21445.02,378769.44,NPR
2026-01-01,ACC0000001863,46901.9,0.0,53377.33,-6475.43,NPR
2026-01-01,ACC0000001864,130164.97,0.0,73968.4,56196.57,NPR
2026-01-01,ACC0000001865,179182.63,11529.8,73751.1,116961.33,NPR
2026-01-01,ACC0000001866,191595.05,0.0,23803.25,167791.8,NPR
2026-01-01,ACC0000001867,318410.44,0.0,21107.5,297302.94,NPR
2026-01-01,ACC0000001868,226524.49,86668.85,1846.29,311347.05,NPR
2026-01-01,ACC0000001869,30314.11,36871.12,0.0,67185.23,NPR
2026-01-01,ACC0000001870,321302.69,25860.26,42880.0,304282.95,NPR
2026-01-01,ACC0000001871,426885.46,0.0,65230.01,361655.45,NPR
2026-01-01,ACC0000001872,345627.05,0.0,0.0,345627.05,NPR
2026-01-01,ACC0000001873,455152.66,0.0,105843.23,349309.43,NPR
2026-01-01,ACC0000001874,341318.64,1245.52,41631.1,300933.06,NPR
2026-01-01,ACC0000001875,15263.1,0.0,78504.84,-63241.74,NPR
2026-01-01,ACC0000001876,278342.42,0.0,158366.75,119975.67,NPR
2026-01-01,ACC0000001877,219064.31,0.0,67238.44,151825.87,NPR
2026-01-01,ACC0000001878,488246.29,39237.63,48627.23,478856.69,NPR
2026-01-01,ACC0000001879,134428.1,0.0,71870.09,62558.01,NPR
2026-01-01,ACC0000001880,328757.28,0.0,122314.45,206442.83,NPR
2026-01-01,ACC0000001881,102838.09,0.0,43656.44,59181.65,NPR
2026-01-01,ACC0000001882,370148.2,0.0,13490.44,356657.76,NPR
2026-01-01,ACC0000001883,94680.96,74471.0,67722.73,101429.23,NPR
2026-01-01,ACC0000001884,223551.52,73354.88,44952.86,251953.54,NPR
2026-01-01,ACC0000001885,360485.53,0.0,0.0,360485.53,NPR
2026-01-01,ACC0000001886,106023.21,0.0,0.0,106023.21,NPR
2026-01-01,ACC0000001887,152111.77,50741.1,60171.96,142680.91,NPR
2026-01-01,ACC0000001888,65925.77,0.0,77157.6,-11231.83,NPR
2026-01-01,ACC0000001889,138684.05,0.0,26589.16,112094.89,NPR
2026-01-01,ACC0000001890,331345.53,1569.91,47483.9,285431.54,NPR
2026-01-01,ACC0000001891,428529.73,0.0,0.0,428529.73,NPR
2026-01-01,ACC0000001892,78516.25,0.0,69911.73,8604.52,NPR
2026-01-01,ACC0000001893,437377.17,0.0,37389.2,399987.97,NPR
2026-01-01,ACC0000001894,484698.58,0.0,127183.09,357515.49,NPR
2026-01-01,ACC0000001895,254900.86,46535.13,111350.04,190085.95,NPR
2026-01-01,ACC0000001896,5598.44,1507.77,47422.48,-40316.27,NPR
2026-01-01,ACC0000001897,313707.43,0.0,145005.88,168701.55,NPR
2026-01-01,ACC0000001898,336081.15,2673.86,0.0,338755.01,NPR
2026-01-01,ACC0000001899,215248.17,0.0,0.0,215248.17,NPR
2026-01-01,ACC0000001900,415877.54,0.0,79495.85,336381.69,NPR
2026-01-01,ACC0000001901,180817.03,0.0,0.0,180817.03,NPR
2026-01-01,ACC0000001902,440610.76,651.5,92388.99,348873.27,NPR
2026-01-01,ACC0000001903,338939.46,15848.8,3713.9,351074.36,NPR
2026-01-01,ACC0000001904,490379.98,0.0,0.0,490379.98,NPR
2026-01-01,ACC0000001905,172469.96,27983.98,40408.87,160045.07,NPR
2026-01-01,ACC0000001906,32436.98,0.0,29964.01,2472.97,NPR
2026-01-01,ACC0000001907,34102.07,0.0,14826.06,19276.01,NPR
2026-01-01,ACC0000001908,44438.65,41475.11,147600.49,-61686.73,NPR
2026-01-01,ACC0000001909,44332.92,30476.04,61468.25,13340.71,NPR
2026-01-01,ACC0000001910,202782.91,10097.59,79376.66,133503.84,NPR
2026-01-01,ACC0000001911,243303.98,0.0,0.0,243303.98,NPR
2026-01-01,ACC0000001912,315346.86,70187.39,37019.98,348514.27,NPR
2026-01-01,ACC0000001913,105664.3,0.0,95755.06,9909.24,NPR
2026-01-01,ACC0000001914,129873.27,34172.16,77241.72,86803.71,NPR
2026-01-01,ACC0000001915,3636.17,0.0,0.0,3636.17,NPR
2026-01-01,ACC0000001916,27024.57,86622.13,172382.48,-58735.78,NPR
2026-01-01,ACC0000001917,42476.84,0.0,56214.65,-13737.81,NPR
2026-01-01,ACC0000001918,292427.24,0.0,22408.46,270018.78,NPR
2026-01-01,ACC0000001919,279686.52,0.0,18031.88,261654.64,NPR
2026-01-01,ACC0000001920,98738.32,0.0,4566.44,94171.88,NPR
2026-01-01,ACC0000001921,290286.47,0.0,40961.48,249324.99,NPR
2026-01-01,ACC0000001922,322688.87,0.0,41224.51,281464.36,NPR
2026-01-01,ACC0000001923,126907.49,0.0,56140.81,70766.68,NPR
2026-01-01,ACC0000001924,354046.39,0.0,78026.41,276019.98,NPR
2026-01-01,ACC0000001925,269898.65,0.0,64815.61,205083.04,NPR
2026-01-01,ACC0000001926,448633.45,0.0,34779.32,413854.13,NPR
2026-01-01,ACC0000001927,427366.28,0.0,0.0,427366.28,NPR
2026-01-01,ACC0000001928,238515.09,0.0,23034.9,215480.19,NPR
2026-01-01,ACC0000001929,152860.88,0.0,20491.94,132368.94,NPR
2026-01-01,ACC0000001930,184771.79,0.0,74178.98,110592.81,NPR
2026-01-01,ACC0000001931,123966.03,27405.53,83558.19,67813.37,NPR
2026-01-01,ACC0000001932,71628.85,0.0,33000.18,38628.67,NPR
2026-01-01,ACC0000001933,191155.55,0.0,138347.44,52808.11,NPR
2026-01-01,ACC0000001934,220369.42,2270.72,35899.38,186740.76,NPR
2026-01-01,ACC0000001935,407652.18,0.0,5938.65,401713.53,NPR
2026-01-01,ACC0000001936,85347.32,0.0,32259.42,53087.9,NPR
2026-01-01,ACC0000001937,140799.26,48183.98,0.0,188983.24,NPR
2026-01-01,ACC0000001938,335379.95,0.0,0.0,335379.95,NPR
2026-01-01,ACC0000001939,466825.72,0.0,102733.1,364092.62,NPR
2026-01-01,ACC0000001940,305508.21,0.0,44683.33,260824.88,NPR
2026-01-01,ACC0000001941,17636.64,0.0,0.0,17636.64,NPR
2026-01-01,ACC0000001942,81435.02,0.0,65633.56,15801.46,NPR
2026-01-01,ACC0000001943,316955.2,0.0,60848.77,256106.43,NPR
2026-01-01,ACC0000001944,365770.29,0.0,23687.94,342082.35,NPR
2026-01-01,ACC0000001945,493428.91,0.0,27811.42,465617.49,NPR
2026-01-01,ACC0000001946,478794.09,0.0,67362.44,411431.65,NPR
2026-01-01,ACC0000001947,274973.84,38031.04,61299.22,251705.66,NPR
2026-01-01,ACC0000001948,413937.81,35578.97,18673.13,430843.65,NPR
2026-01-01,ACC0000001949,306985.24,0.0,0.0,306985.24,NPR
2026-01-01,ACC0000001950,329785.87,0.0,88536.22,241249.65,NPR
2026-01-01,ACC0000001951,310330.93,26807.5,57210.67,279927.76,NPR
2026-01-01,ACC0000001952,143243.05,22943.82,64948.93,101237.94,NPR
2026-01-01,ACC0000001953,290306.23,9535.25,30192.91,269648.57,NPR
2026-01-01,ACC0000001954,150105.63,0.0,158776.53,-8670.9,NPR
2026-01-01,ACC0000001955,221159.94,0.0,0.0,221159.94,NPR
2026-01-01,ACC0000001956,282318.55,0.0,0.0,282318.55,NPR
2026-01-01,ACC0000001957,94916.57,0.0,49981.51,44935.06,NPR
2026-01-01,ACC0000001958,17252.84,7202.52,44139.6,-19684.24,NPR
2026-01-01,ACC0000001959,251658.0,0.0,110001.15,141656.85,NPR
2026-01-01,ACC0000001960,220104.56,44038.3,39005.86,225137.0,NPR
2026-01-01,ACC0000001961,324004.35,0.0,100926.6,223077.75,NPR
2026-01-01,ACC0000001962,94111.04,0.0,62478.28,31632.76,NPR
2026-01-01,ACC0000001963,388126.45,0.0,0.0,388126.45,NPR
2026-01-01,ACC0000001964,276169.61,442.64,120468.33,156143.92,NPR
2026-01-01,ACC0000001965,94672.27,0.0,0.0,94672.27,NPR
2026-01-01,ACC0000001966,478073.21,57163.77,0.0,535236.98,NPR
2026-01-01,ACC0000001967,228255.39,87610.49,3588.27,312277.61,NPR
2026-01-01,ACC0000001968,260992.94,16428.55,87276.93,190144.56,NPR
2026-01-01,ACC0000001969,85877.58,0.0,76403.86,9473.72,NPR
2026-01-01,ACC0000001970,27483.32,22166.16,39477.08,10172.4,NPR
2026-01-01,ACC0000001971,363289.8,0.0,34985.73,328304.07,NPR
2026-01-01,ACC0000001972,455941.96,0.0,53679.92,402262.04,NPR
2026-01-01,ACC0000001973,491713.43,0.0,136200.87,355512.56,NPR
2026-01-01,ACC0000001974,200694.8,0.0,34809.6,165885.2,NPR
2026-01-01,ACC0000001975,243785.48,12533.92,38658.27,217661.13,NPR
2026-01-01,ACC0000001976,467877.95,0.0,4393.88,463484.07,NPR
2026-01-01,ACC0000001977,6879.66,0.0,52949.61,-46069.95,NPR
2026-01-01,ACC0000001978,292182.66,17787.71,0.0,309970.37,NPR
2026-01-01,ACC0000001979,381224.65,0.0,21469.87,359754.78,NPR
2026-01-01,ACC0000001980,373296.27,41050.35,93226.5,321120.12,NPR
2026-01-01,ACC0000001981,458114.54,0.0,32455.32,425659.22,NPR
2026-01-01,ACC0000001982,348185.34,21538.75,44859.31,324864.78,NPR
2026-01-01,ACC0000001983,143196.8,0.0,27752.05,115444.75,NPR
2026-01-01,ACC0000001984,328317.44,0.0,0.0,328317.44,NPR
2026-01-01,ACC0000001985,172172.83,0.0,112547.96,59624.87,NPR
2026-01-01,ACC0000001986,484211.08,30653.46,64513.67,450350.87,NPR
2026-01-01,ACC0000001987,34995.97,0.0,207054.82,-172058.85,NPR
2026-01-01,ACC0000001988,59075.08,0.0,0.0,59075.08,NPR
2026-01-01,ACC0000001989,360898.14,29650.0,41669.1,348879.04,NPR
2026-01-01,ACC0000001990,111863.45,0.0,0.0,111863.45,NPR
2026-01-01,ACC0000001991,120323.83,16453.21,37928.73,98848.31,NPR
2026-01-01,ACC0000001992,161802.29,29646.83,104005.34,87443.78,NPR
2026-01-01,ACC0000001993,341629.19,0.0,0.0,341629.19,NPR
2026-01-01,ACC0000001994,353739.16,0.0,45747.72,307991.44,NPR
2026-01-01,ACC0000001995,377034.2,0.0,0.0,377034.2,NPR
2026-01-01,ACC0000001996,415821.41,0.0,3856.59,411964.82,NPR
2026-01-01,ACC0000001997,18514.09,33412.81,90233.92,-38307.02,NPR
2026-01-01,ACC0000001998,421768.53,2056.19,19563.18,404261.54,NPR
2026-01-01,ACC0000001999,126572.68,0.0,182.21,126390.47,NPR
2026-01-01,ACC0000002000,33906.45,0.0,0.0,33906.45,NPR
2026-01-01,ACC0000002001,229263.94,0.0,31684.25,197579.69,NPR
2026-01-01,ACC0000002002,268690.31,0.0,0.0,268690.31,NPR
2026-01-01,ACC0000002003,313054.42,0.0,0.0,313054.42,NPR
2026-01-01,ACC0000002004,450359.34,0.0,61867.86,388491.48,NPR
2026-01-01,ACC0000002005,172206.67,27592.47,20619.41,179179.73,NPR
2026-01-01,ACC0000002006,172686.68,20201.79,114100.49,78787.98,NPR
2026-01-01,ACC0000002007,264482.17,0.0,0.0,264482.17,NPR
2026-01-01,ACC0000002008,284502.74,12227.72,82776.53,213953.93,NPR
2026-01-01,ACC0000002009,408677.75,0.0,28981.45,379696.3,NPR
2026-01-01,ACC0000002010,172583.39,40576.52,81296.21,131863.7,NPR
2026-01-01,ACC0000002011,150095.63,0.0,64250.91,85844.72,NPR
2026-01-01,ACC0000002012,214585.48,41782.9,8052.36,248316.02,NPR
2026-01-01,ACC0000002013,301873.15,0.0,0.0,301873.15,NPR
2026-01-01,ACC0000002014,425011.9,0.0,0.0,425011.9,NPR
2026-01-01,ACC0000002015,209321.81,36422.97,45604.43,200140.35,NPR
2026-01-01,ACC0000002016,128617.02,36809.71,74001.38,91425.35,NPR
2026-01-01,ACC0000002017,79594.12,44925.01,86193.64,38325.49,NPR
2026-01-01,ACC0000002018,463101.11,33855.4,25624.24,471332.27,NPR
2026-01-01,ACC0000002019,128433.31,0.0,0.0,128433.31,NPR
2026-01-01,ACC0000002020,332153.38,0.0,83387.45,248765.93,NPR
2026-01-01,ACC0000002021,314685.57,0.0,92541.96,222143.61,NPR
2026-01-01,ACC0000002022,477375.3,0.0,46732.51,430642.79,NPR
2026-01-01,ACC0000002023,170455.94,44602.43,0.0,215058.37,NPR
2026-01-01,ACC0000002024,258451.24,0.0,52538.63,205912.61,NPR
2026-01-01,ACC0000002025,37708.57,35519.85,11330.36,61898.06,NPR
2026-01-01,ACC0000002026,245311.45,0.0,0.0,245311.45,NPR
2026-01-01,ACC0000002027,429868.62,43153.81,57857.32,415165.11,NPR
2026-01-01,ACC0000002028,223607.46,0.0,0.0,223607.46,NPR
2026-01-01,ACC0000002029,236286.2,0.0,0.0,236286.2,NPR
2026-01-01,ACC0000002030,169075.51,53123.29,37931.24,184267.56,NPR
2026-01-01,ACC0000002031,377267.14,0.0,0.0,377267.14,NPR
2026-01-01,ACC0000002032,415322.71,27800.4,76878.3,366244.81,NPR
2026-01-01,ACC0000002033,194644.74,0.0,0.0,194644.74,NPR
2026-01-01,ACC0000002034,226984.07,0.0,61380.38,165603.69,NPR
2026-01-01,ACC0000002035,79163.64,0.0,46292.76,32870.88,NPR
2026-01-01,ACC0000002036,48351.17,48265.88,80188.91,16428.14,NPR
2026-01-01,ACC0000002037,482404.38,4225.42,39766.66,446863.14,NPR
2026-01-01,ACC0000002038,384526.32,0.0,0.0,384526.32,NPR
2026-01-01,ACC0000002039,79939.45,0.0,128915.48,-48976.03,NPR
2026-01-01,ACC0000002040,497343.96,0.0,0.0,497343.96,NPR
2026-01-01,ACC0000002041,31603.5,43843.61,1264.81,74182.3,NPR
2026-01-01,ACC0000002042,438393.95,0.0,0.0,438393.95,NPR
2026-01-01,ACC0000002043,69565.69,106111.5,24130.63,151546.56,NPR
2026-01-01,ACC0000002044,155538.94,36603.38,55073.51,137068.81,NPR
2026-01-01,ACC0000002045,198776.35,11737.4,70483.6,140030.15,NPR
2026-01-01,ACC0000002046,49529.76,0.0,47144.78,2384.98,NPR
2026-01-01,ACC0000002047,377791.89,0.0,46756.13,331035.76,NPR
2026-01-01,ACC0000002048,372623.34,0.0,53651.97,318971.37,NPR
2026-01-01,ACC0000002049,75763.69,0.0,61500.34,14263.35,NPR
2026-01-01,ACC0000002050,243490.0,0.0,40762.87,202727.13,NPR
2026-01-01,ACC0000002051,401042.3,37460.13,43605.65,394896.78,NPR
2026-01-01,ACC0000002052,116367.77,26843.48,91916.95,51294.3,NPR
2026-01-01,ACC0000002053,299743.94,0.0,0.0,299743.94,NPR
2026-01-01,ACC0000002054,224140.52,0.0,0.0,224140.52,NPR
2026-01-01,ACC0000002055,327215.06,0.0,0.0,327215.06,NPR
2026-01-01,ACC0000002056,458290.94,0.0,68972.35,389318.59,NPR
2026-01-01,ACC0000002057,403508.13,13398.42,46205.66,370700.89,NPR
2026-01-01,ACC0000002058,128824.57,0.0,142819.15,-13994.58,NPR
2026-01-01,ACC0000002059,406468.46,71741.55,79771.51,398438.5,NPR
2026-01-01,ACC0000002060,240990.52,18928.98,8559.95,251359.55,NPR
2026-01-01,ACC0000002061,30745.76,0.0,0.0,30745.76,NPR
2026-01-01,ACC0000002062,377229.47,47897.5,1197.86,423929.11,NPR
2026-01-01,ACC0000002063,379943.4,0.0,118496.05,261447.35,NPR
2026-01-01,ACC0000002064,360234.75,42862.9,87641.95,315455.7,NPR
2026-01-01,ACC0000002065,246567.35,0.0,55750.53,190816.82,NPR
2026-01-01,ACC0000002066,115701.37,0.0,62562.3,53139.07,NPR
2026-01-01,ACC0000002067,310015.7,34455.13,51803.25,292667.58,NPR
2026-01-01,ACC0000002068,59206.84,0.0,183315.98,-124109.14,NPR
2026-01-01,ACC0000002069,115366.93,6656.63,49003.05,73020.51,NPR
2026-01-01,ACC0000002070,444099.63,44616.5,86113.54,402602.59,NPR
2026-01-01,ACC0000002071,337056.59,0.0,88198.36,248858.23,NPR
2026-01-01,ACC0000002072,307630.72,0.0,25204.86,282425.86,NPR
2026-01-01,ACC0000002073,317400.22,78521.02,0.0,395921.24,NPR
2026-01-01,ACC0000002074,126751.4,21198.62,13725.82,134224.2,NPR
2026-01-01,ACC0000002075,20249.7,10699.08,52329.43,-21380.65,NPR
2026-01-01,ACC0000002076,417685.58,0.0,50152.21,367533.37,NPR
2026-01-01,ACC0000002077,165549.82,0.0,52391.26,113158.56,NPR
2026-01-01,ACC0000002078,350503.78,0.0,54252.89,296250.89,NPR
2026-01-01,ACC0000002079,254358.87,0.0,131876.68,122482.19,NPR
2026-01-01,ACC0000002080,489772.71,0.0,221637.15,268135.56,NPR
2026-01-01,ACC0000002081,424846.38,2620.04,45224.27,382242.15,NPR
2026-01-01,ACC0000002082,344686.05,0.0,59280.63,285405.42,NPR
2026-01-01,ACC0000002083,132320.04,3191.76,92219.12,43292.68,NPR
2026-01-01,ACC0000002084,24964.43,2727.68,33474.13,-5782.02,NPR
2026-01-01,ACC0000002085,249144.74,28883.87,95465.82,182562.79,NPR
2026-01-01,ACC0000002086,368947.96,5407.43,0.0,374355.39,NPR
2026-01-01,ACC0000002087,475077.45,0.0,85241.39,389836.06,NPR
2026-01-01,ACC0000002088,97492.36,39545.96,116924.69,20113.63,NPR
2026-01-01,ACC0000002089,293181.69,18823.88,0.0,312005.57,NPR
2026-01-01,ACC0000002090,286513.72,22066.33,21965.88,286614.17,NPR
2026-01-01,ACC0000002091,429798.65,0.0,38206.13,391592.52,NPR
2026-01-01,ACC0000002092,194651.48,0.0,70268.59,124382.89,NPR
2026-01-01,ACC0000002093,69100.13,0.0,88393.01,-19292.88,NPR
2026-01-01,ACC0000002094,122981.67,16198.19,53922.14,85257.72,NPR
2026-01-01,ACC0000002095,229669.87,0.0,27848.13,201821.74,NPR
2026-01-01,ACC0000002096,324122.73,118.11,0.0,324240.84,NPR
2026-01-01,ACC0000002097,428397.43,0.0,0.0,428397.43,NPR
2026-01-01,ACC0000002098,238078.0,0.0,0.0,238078.0,NPR
2026-01-01,ACC0000002099,37634.2,0.0,13589.07,24045.13,NPR
2026-01-01,ACC0000002100,210420.7,0.0,13577.49,196843.21,NPR
2026-01-01,ACC0000002101,486773.27,0.0,73829.22,412944.05,NPR
2026-01-01,ACC0000002102,244237.42,0.0,58097.93,186139.49,NPR
2026-01-01,ACC0000002103,123032.6,43756.88,54683.57,112105.91,NPR
2026-01-01,ACC0000002104,164895.8,0.0,51739.18,113156.62,NPR
2026-01-01,ACC0000002105,408575.49,0.0,27295.36,381280.13,NPR
2026-01-01,ACC0000002106,207728.12,0.0,26579.23,181148.89,NPR
2026-01-01,ACC0000002107,310779.07,28543.1,31266.32,308055.85,NPR
2026-01-01,ACC0000002108,220666.76,48500.94,0.0,269167.7,NPR
2026-01-01,ACC0000002109,339556.79,0.0,0.0,339556.79,NPR
2026-01-01,ACC0000002110,448477.08,26760.42,92655.07,382582.43,NPR
2026-01-01,ACC0000002111,152814.13,0.0,17476.21,135337.92,NPR
2026-01-01,ACC0000002112,7874.62,0.0,50339.09,-42464.47,NPR
2026-01-01,ACC0000002113,119765.65,47769.82,50665.19,116870.28,NPR
2026-01-01,ACC0000002114,375037.31,0.0,0.0,375037.31,NPR
2026-01-01,ACC0000002115,218737.29,0.0,0.0,218737.29,NPR
2026-01-01,ACC0000002116,11821.18,0.0,67210.37,-55389.19,NPR
2026-01-01,ACC0000002117,263649.66,0.0,60424.26,203225.4,NPR
2026-01-01,ACC0000002118,29911.38,0.0,40533.99,-10622.61,NPR
2026-01-01,ACC0000002119,334978.57,2493.69,8620.28,328851.98,NPR
2026-01-01,ACC0000002120,490245.05,0.0,64885.12,425359.93,NPR
2026-01-01,ACC0000002121,229330.8,29422.85,86631.24,172122.41,NPR
2026-01-01,ACC0000002122,97133.37,0.0,119139.31,-22005.94,NPR
2026-01-01,ACC0000002123,220645.42,0.0,85707.32,134938.1,NPR
2026-01-01,ACC0000002124,249857.8,0.0,42474.15,207383.65,NPR
2026-01-01,ACC0000002125,37818.28,0.0,0.0,37818.28,NPR
2026-01-01,ACC0000002126,377918.04,68206.83,46436.23,399688.64,NPR
2026-01-01,ACC0000002127,331748.19,19607.64,104346.48,247009.35,NPR
2026-01-01,ACC0000002128,302717.55,0.0,18083.23,284634.32,NPR
2026-01-01,ACC0000002129,483017.21,0.0,140116.36,342900.85,NPR
2026-01-01,ACC0000002130,155003.96,71238.44,122214.63,104027.77,NPR
2026-01-01,ACC0000002131,153740.75,0.0,15954.28,137786.47,NPR
2026-01-01,ACC0000002132,213050.57,0.0,0.0,213050.57,NPR
2026-01-01,ACC0000002133,295760.33,0.0,0.0,295760.33,NPR
2026-01-01,ACC0000002134,319362.01,0.0,0.0,319362.01,NPR
2026-01-01,ACC0000002135,442599.04,0.0,1306.17,441292.87,NPR
2026-01-01,ACC0000002136,445489.7,5970.79,108362.15,343098.34,NPR
2026-01-01,ACC0000002137,401039.16,0.0,68882.46,332156.7,NPR
2026-01-01,ACC0000002138,331584.04,0.0,23214.37,308369.67,NPR
2026-01-01,ACC0000002139,230363.31,69513.19,23606.09,276270.41,NPR
2026-01-01,ACC0000002140,418362.55,49761.3,0.0,468123.85,NPR
2026-01-01,ACC0000002141,85041.8,37834.28,45010.52,77865.56,NPR
2026-01-01,ACC0000002142,108962.14,63637.95,57241.02,115359.07,NPR
2026-01-01,ACC0000002143,271505.13,15709.59,14543.25,272671.47,NPR
2026-01-01,ACC0000002144,144038.38,35517.5,61506.84,118049.04,NPR
2026-01-01,ACC0000002145,379354.74,43999.74,73743.86,349610.62,NPR
2026-01-01,ACC0000002146,61088.61,36338.65,14868.95,82558.31,NPR
2026-01-01,ACC0000002147,107471.26,0.0,0.0,107471.26,NPR
2026-01-01,ACC0000002148,147746.12,0.0,359.04,147387.08,NPR
2026-01-01,ACC0000002149,31776.74,48040.6,8969.88,70847.46,NPR
2026-01-01,ACC0000002150,445478.93,0.0,0.0,445478.93,NPR
2026-01-01,ACC0000002151,372225.94,48203.2,47129.11,373300.03,NPR
2026-01-01,ACC0000002152,164184.01,0.0,84723.56,79460.45,NPR
2026-01-01,ACC0000002153,32656.78,0.0,66011.12,-33354.34,NPR
2026-01-01,ACC0000002154,274301.97,51668.15,41863.18,284106.94,NPR
2026-01-01,ACC0000002155,430149.51,10257.2,118271.41,322135.3,NPR
2026-01-01,ACC0000002156,422370.2,0.0,47167.21,375202.99,NPR
2026-01-01,ACC0000002157,415486.49,0.0,130969.97,284516.52,NPR
2026-01-01,ACC0000002158,264445.65,0.0,0.0,264445.65,NPR
2026-01-01,ACC0000002159,403266.83,0.0,0.0,403266.83,NPR
2026-01-01,ACC0000002160,325473.01,0.0,30688.08,294784.93,NPR
2026-01-01,ACC0000002161,428281.58,0.0,0.0,428281.58,NPR
2026-01-01,ACC0000002162,453956.2,0.0,17470.8,436485.4,NPR
2026-01-01,ACC0000002163,448534.73,0.0,0.0,448534.73,NPR
2026-01-01,ACC0000002164,208236.4,0.0,22962.69,185273.71,NPR
2026-01-01,ACC0000002165,146754.88,0.0,126806.76,19948.12,NPR
2026-01-01,ACC0000002166,359647.91,48551.74,10216.71,397982.94,NPR
2026-01-01,ACC0000002167,284305.17,17583.84,153827.2,148061.81,NPR
2026-01-01,ACC0000002168,219899.21,9815.34,0.0,229714.55,NPR
2026-01-01,ACC0000002169,386051.12,49807.31,75636.47,360221.96,NPR
2026-01-01,ACC0000002170,460577.54,0.0,33407.82,427169.72,NPR
2026-01-01,ACC0000002171,262182.77,0.0,145787.05,116395.72,NPR
2026-01-01,ACC0000002172,18435.15,0.0,16915.79,1519.36,NPR
2026-01-01,ACC0000002173,323024.77,0.0,0.0,323024.77,NPR
2026-01-01,ACC0000002174,391376.43,34063.88,18073.22,407367.09,NPR
2026-01-01,ACC0000002175,105357.93,47400.99,92091.13,60667.79,NPR
2026-01-01,ACC0000002176,328532.59,36093.2,65376.46,299249.33,NPR
2026-01-01,ACC0000002177,497459.82,0.0,19357.65,478102.17,NPR
2026-01-01,ACC0000002178,489602.79,0.0,100223.56,389379.23,NPR
2026-01-01,ACC0000002179,495096.82,0.0,117460.59,377636.23,NPR
2026-01-01,ACC0000002180,319011.42,0.0,0.0,319011.42,NPR
2026-01-01,ACC0000002181,99252.72,0.0,23727.34,75525.38,NPR
2026-01-01,ACC0000002182,293119.12,60121.08,2657.28,350582.92,NPR
2026-01-01,ACC0000002183,251321.98,0.0,55870.75,195451.23,NPR
2026-01-01,ACC0000002184,224158.7,0.0,80386.56,143772.14,NPR
2026-01-01,ACC0000002185,8331.98,0.0,0.0,8331.98,NPR
2026-01-01,ACC0000002186,199980.87,12609.56,88332.36,124258.07,NPR
2026-01-01,ACC0000002187,338871.38,13037.49,31122.55,320786.32,NPR
2026-01-01,ACC0000002188,429370.81,0.0,88510.85,340859.96,NPR
2026-01-01,ACC0000002189,148798.41,65483.25,0.0,214281.66,NPR
2026-01-01,ACC0000002190,483563.58,40828.23,42074.33,482317.48,NPR
2026-01-01,ACC0000002191,18863.39,0.0,67114.44,-48251.05,NPR
2026-01-01,ACC0000002192,423711.87,0.0,27992.13,395719.74,NPR
2026-01-01,ACC0000002193,82332.56,98083.67,60696.54,119719.69,NPR
2026-01-01,ACC0000002194,212304.83,0.0,0.0,212304.83,NPR
2026-01-01,ACC0000002195,359466.56,12242.68,9608.89,362100.35,NPR
2026-01-01,ACC0000002196,62867.92,41537.53,41648.25,62757.2,NPR
2026-01-01,ACC0000002197,377105.14,0.0,42595.19,334509.95,NPR
2026-01-01,ACC0000002198,25136.06,0.0,76978.94,-51842.88,NPR
2026-01-01,ACC0000002199,492471.38,0.0,82241.5,410229.88,NPR
2026-01-01,ACC0000002200,99705.87,0.0,0.0,99705.87,NPR
2026-01-01,ACC0000002201,35720.71,0.0,44599.96,-8879.25,NPR
2026-01-01,ACC0000002202,380214.75,0.0,57534.27,322680.48,NPR
2026-01-01,ACC0000002203,353568.8,0.0,62318.9,291249.9,NPR
2026-01-01,ACC0000002204,436106.29,47476.08,54505.83,429076.54,NPR
2026-01-01,ACC0000002205,167494.32,23533.73,82560.47,108467.58,NPR
2026-01-01,ACC0000002206,62041.68,0.0,93855.84,-31814.16,NPR
2026-01-01,ACC0000002207,142935.64,0.0,61974.4,80961.24,NPR
2026-01-01,ACC0000002208,238022.54,0.0,84017.62,154004.92,NPR
2026-01-01,ACC0000002209,36914.05,0.0,0.0,36914.05,NPR
2026-01-01,ACC0000002210,206146.7,0.0,109467.75,96678.95,NPR
2026-01-01,ACC0000002211,65148.42,0.0,42763.65,22384.77,NPR
2026-01-01,ACC0000002212,333592.13,15975.02,116991.12,232576.03,NPR
2026-01-01,ACC0000002213,308806.39,0.0,5259.45,303546.94,NPR
2026-01-01,ACC0000002214,337231.15,35469.46,114761.33,257939.28,NPR
2026-01-01,ACC0000002215,94709.43,0.0,22944.83,71764.6,NPR
2026-01-01,ACC0000002216,458929.67,0.0,0.0,458929.67,NPR
2026-01-01,ACC0000002217,172003.26,0.0,82520.45,89482.81,NPR
2026-01-01,ACC0000002218,480415.11,49036.13,18454.43,510996.81,NPR
2026-01-01,ACC0000002219,423046.87,0.0,0.0,423046.87,NPR
2026-01-01,ACC0000002220,324765.16,0.0,139409.68,185355.48,NPR
2026-01-01,ACC0000002221,63746.62,38385.29,74604.09,27527.82,NPR
2026-01-01,ACC0000002222,195417.11,0.0,123938.16,71478.95,NPR
2026-01-01,ACC0000002223,103375.28,0.0,14066.51,89308.77,NPR
2026-01-01,ACC0000002224,224551.48,58201.53,24750.09,258002.92,NPR
2026-01-01,ACC0000002225,370664.2,0.0,113574.63,257089.57,NPR
2026-01-01,ACC0000002226,197294.13,0.0,0.0,197294.13,NPR
2026-01-01,ACC0000002227,106133.55,0.0,27979.39,78154.16,NPR
2026-01-01,ACC0000002228,2763.11,0.0,45365.11,-42602.0,NPR
2026-01-01,ACC0000002229,167777.11,107731.74,106492.02,169016.83,NPR
2026-01-01,ACC0000002230,79417.54,0.0,152765.64,-73348.1,NPR
2026-01-01,ACC0000002231,314319.46,0.0,90531.82,223787.64,NPR
2026-01-01,ACC0000002232,392988.68,0.0,68894.97,324093.71,NPR
2026-01-01,ACC0000002233,146251.31,0.0,28780.92,117470.39,NPR
2026-01-01,ACC0000002234,114138.33,0.0,1576.17,112562.16,NPR
2026-01-01,ACC0000002235,85353.97,0.0,11575.5,73778.47,NPR
2026-01-01,ACC0000002236,173608.03,0.0,61728.96,111879.07,NPR
2026-01-01,ACC0000002237,190876.75,0.0,36019.08,154857.67,NPR
2026-01-01,ACC0000002238,447678.94,0.0,126041.77,321637.17,NPR
2026-01-01,ACC0000002239,107940.4,0.0,0.0,107940.4,NPR
2026-01-01,ACC0000002240,287166.42,0.0,50668.49,236497.93,NPR
2026-01-01,ACC0000002241,79038.16,18604.95,76169.73,21473.38,NPR
2026-01-01,ACC0000002242,471186.12,0.0,4852.94,466333.18,NPR
2026-01-01,ACC0000002243,83423.99,10498.58,50761.82,43160.75,NPR
2026-01-01,ACC0000002244,40987.31,64089.12,37362.35,67714.08,NPR
2026-01-01,ACC0000002245,394114.81,0.0,31129.66,362985.15,NPR
2026-01-01,ACC0000002246,183231.49,8079.62,19112.2,172198.91,NPR
2026-01-01,ACC0000002247,64002.88,0.0,79460.86,-15457.98,NPR
2026-01-01,ACC0000002248,237440.19,49316.26,35610.82,251145.63,NPR
2026-01-01,ACC0000002249,372350.17,0.0,74774.92,297575.25,NPR
2026-01-01,ACC0000002250,377020.21,48762.36,109611.27,316171.3,NPR
2026-01-01,ACC0000002251,44427.77,0.0,53886.12,-9458.35,NPR
2026-01-01,ACC0000002252,191665.23,0.0,0.0,191665.23,NPR
2026-01-01,ACC0000002253,241262.67,47520.36,73693.21,215089.82,NPR
2026-01-01,ACC0000002254,293873.45,0.0,0.0,293873.45,NPR
2026-01-01,ACC0000002255,421531.53,0.0,0.0,421531.53,NPR
2026-01-01,ACC0000002256,251198.79,33090.42,77589.31,206699.9,NPR
2026-01-01,ACC0000002257,178024.37,0.0,38375.09,139649.28,NPR
2026-01-01,ACC0000002258,358062.26,3530.77,82812.71,278780.32,NPR
2026-01-01,ACC0000002259,86723.7,12594.9,43958.62,55359.98,NPR
2026-01-01,ACC0000002260,96856.64,0.0,0.0,96856.64,NPR
2026-01-01,ACC0000002261,25660.59,41440.46,71786.84,-4685.79,NPR
2026-01-01,ACC0000002262,463948.11,49518.68,73208.43,440258.36,NPR
2026-01-01,ACC0000002263,290470.99,0.0,44336.02,246134.97,NPR
2026-01-01,ACC0000002264,184067.31,0.0,139824.64,44242.67,NPR
2026-01-01,ACC0000002265,43054.69,38217.72,0.0,81272.41,NPR
2026-01-01,ACC0000002266,80663.44,0.0,0.0,80663.44,NPR
2026-01-01,ACC0000002267,41487.04,16344.28,26436.5,31394.82,NPR
2026-01-01,ACC0000002268,115621.83,0.0,44782.36,70839.47,NPR
2026-01-01,ACC0000002269,124253.99,0.0,34128.65,90125.34,NPR
2026-01-01,ACC0000002270,380264.4,0.0,0.0,380264.4,NPR
2026-01-01,ACC0000002271,380293.83,20779.25,25642.62,375430.46,NPR
2026-01-01,ACC0000002272,186250.05,0.0,0.0,186250.05,NPR
2026-01-01,ACC0000002273,304144.45,8063.17,0.0,312207.62,NPR
2026-01-01,ACC0000002274,126412.92,0.0,80172.86,46240.06,NPR
2026-01-01,ACC0000002275,16496.8,3516.04,47919.33,-27906.49,NPR
2026-01-01,ACC0000002276,318471.43,0.0,0.0,318471.43,NPR
2026-01-01,ACC0000002277,261773.77,31728.07,83340.15,210161.69,NPR
2026-01-01,ACC0000002278,113812.97,2721.22,5032.65,111501.54,NPR
2026-01-01,ACC0000002279,301018.51,47309.9,49070.32,299258.09,NPR
2026-01-01,ACC0000002280,370085.4,0.0,30288.73,339796.67,NPR
2026-01-01,ACC0000002281,378420.72,21876.42,0.0,400297.14,NPR
2026-01-01,ACC0000002282,404593.41,0.0,84231.29,320362.12,NPR
2026-01-01,ACC0000002283,489275.07,0.0,59595.52,429679.55,NPR
2026-01-01,ACC0000002284,209648.7,0.0,1738.14,207910.56,NPR
2026-01-01,ACC0000002285,437719.86,0.0,0.0,437719.86,NPR
2026-01-01,ACC0000002286,180127.12,0.0,0.0,180127.12,NPR
2026-01-01,ACC0000002287,440795.12,47108.95,0.0,487904.07,NPR
2026-01-01,ACC0000002288,75605.53,0.0,0.0,75605.53,NPR
2026-01-01,ACC0000002289,278324.03,0.0,0.0,278324.03,NPR
2026-01-01,ACC0000002290,53827.54,0.0,87297.75,-33470.21,NPR
2026-01-01,ACC0000002291,70627.82,0.0,114299.19,-43671.37,NPR
2026-01-01,ACC0000002292,309134.14,0.0,30294.35,278839.79,NPR
2026-01-01,ACC0000002293,73153.76,37265.94,0.0,110419.7,NPR
2026-01-01,ACC0000002294,458935.86,22533.84,18993.48,462476.22,NPR
2026-01-01,ACC0000002295,218784.67,0.0,0.0,218784.67,NPR
2026-01-01,ACC0000002296,119059.44,0.0,59615.37,59444.07,NPR
2026-01-01,ACC0000002297,406971.85,0.0,48518.12,358453.73,NPR
2026-01-01,ACC0000002298,284405.37,5571.04,27479.69,262496.72,NPR
2026-01-01,ACC0000002299,197531.26,0.0,62700.48,134830.78,NPR
2026-01-01,ACC0000002300,296684.66,0.0,0.0,296684.66,NPR
2026-01-01,ACC0000002301,294538.38,0.0,0.0,294538.38,NPR
2026-01-01,ACC0000002302,207805.31,72486.23,10316.06,269975.48,NPR
2026-01-01,ACC0000002303,194127.84,0.0,46015.29,148112.55,NPR
2026-01-01,ACC0000002304,235653.11,0.0,0.0,235653.11,NPR
2026-01-01,ACC0000002305,345683.74,0.0,49097.19,296586.55,NPR
2026-01-01,ACC0000002306,302741.6,13412.63,23538.99,292615.24,NPR
2026-01-01,ACC0000002307,151330.17,0.0,36697.31,114632.86,NPR
2026-01-01,ACC0000002308,250585.52,30783.84,61120.88,220248.48,NPR
2026-01-01,ACC0000002309,33566.29,0.0,0.0,33566.29,NPR
2026-01-01,ACC0000002310,13821.44,0.0,136028.72,-122207.28,NPR
2026-01-01,ACC0000002311,131800.94,66908.83,37648.74,161061.03,NPR
2026-01-01,ACC0000002312,43172.21,0.0,37527.23,5644.98,NPR
2026-01-01,ACC0000002313,463987.42,0.0,0.0,463987.42,NPR
2026-01-01,ACC0000002314,372596.9,11393.16,92610.37,291379.69,NPR
2026-01-01,ACC0000002315,474383.7,34815.83,0.0,509199.53,NPR
2026-01-01,ACC0000002316,278543.44,48264.91,0.0,326808.35,NPR
2026-01-01,ACC0000002317,181680.86,0.0,53836.76,127844.1,NPR
2026-01-01,ACC0000002318,88390.63,0.0,0.0,88390.63,NPR
2026-01-01,ACC0000002319,34163.09,129754.1,95073.18,68844.01,NPR
2026-01-01,ACC0000002320,20561.15,0.0,16718.88,3842.27,NPR
2026-01-01,ACC0000002321,8811.78,40435.3,0.0,49247.08,NPR
2026-01-01,ACC0000002322,462576.04,36590.32,64809.8,434356.56,NPR
2026-01-01,ACC0000002323,126133.24,47366.05,0.0,173499.29,NPR
2026-01-01,ACC0000002324,490789.47,0.0,0.0,490789.47,NPR
2026-01-01,ACC0000002325,436236.45,0.0,44141.97,392094.48,NPR
2026-01-01,ACC0000002326,139881.56,0.0,0.0,139881.56,NPR
2026-01-01,ACC0000002327,128528.61,21837.12,58152.97,92212.76,NPR
2026-01-01,ACC0000002328,432732.03,0.0,77065.5,355666.53,NPR
2026-01-01,ACC0000002329,17620.42,47455.28,114994.02,-49918.32,NPR
2026-01-01,ACC0000002330,196045.66,36041.47,25555.94,206531.19,NPR
2026-01-01,ACC0000002331,416936.44,0.0,184835.04,232101.4,NPR
2026-01-01,ACC0000002332,394790.89,0.0,71635.37,323155.52,NPR
2026-01-01,ACC0000002333,482014.95,8701.34,110048.61,380667.68,NPR
2026-01-01,ACC0000002334,97242.51,10252.46,0.0,107494.97,NPR
2026-01-01,ACC0000002335,360153.21,0.0,0.0,360153.21,NPR
2026-01-01,ACC0000002336,104316.27,0.0,19579.11,84737.16,NPR
2026-01-01,ACC0000002337,231083.43,0.0,30234.1,200849.33,NPR
2026-01-01,ACC0000002338,113130.78,0.0,35395.16,77735.62,NPR
2026-01-01,ACC0000002339,216750.35,20728.17,15685.03,221793.49,NPR
2026-01-01,ACC0000002340,434987.48,0.0,0.0,434987.48,NPR
2026-01-01,ACC0000002341,302233.96,39430.08,38102.87,303561.17,NPR
2026-01-01,ACC0000002342,463777.25,0.0,10829.88,452947.37,NPR
2026-01-01,ACC0000002343,192835.28,47026.6,81846.39,158015.49,NPR
2026-01-01,ACC0000002344,16661.52,0.0,56778.22,-40116.7,NPR
2026-01-01,ACC0000002345,184672.32,0.0,47179.63,137492.69,NPR
2026-01-01,ACC0000002346,219125.0,0.0,39739.86,179385.14,NPR
2026-01-01,ACC0000002347,85904.67,0.0,55261.38,30643.29,NPR
2026-01-01,ACC0000002348,142023.32,0.0,77691.83,64331.49,NPR
2026-01-01,ACC0000002349,74465.16,2570.06,54725.61,22309.61,NPR
2026-01-01,ACC0000002350,298743.26,0.0,718.89,298024.37,NPR
2026-01-01,ACC0000002351,312225.74,0.0,91290.3,220935.44,NPR
2026-01-01,ACC0000002352,472232.08,59550.73,46447.82,485334.99,NPR
2026-01-01,ACC0000002353,156971.06,12587.07,48032.32,121525.81,NPR
2026-01-01,ACC0000002354,228958.02,14524.91,14197.42,229285.51,NPR
2026-01-01,ACC0000002355,381381.95,16599.39,116689.6,281291.74,NPR
2026-01-01,ACC0000002356,169402.39,0.0,0.0,169402.39,NPR
2026-01-01,ACC0000002357,239844.9,0.0,32966.02,206878.88,NPR
2026-01-01,ACC0000002358,448337.4,0.0,37980.92,410356.48,NPR
2026-01-01,ACC0000002359,282371.97,41070.07,54706.63,268735.41,NPR
2026-01-01,ACC0000002360,207206.63,0.0,65683.72,141522.91,NPR
2026-01-01,ACC0000002361,155926.28,0.0,0.0,155926.28,NPR
2026-01-01,ACC0000002362,166336.86,0.0,43916.25,122420.61,NPR
2026-01-01,ACC0000002363,283674.3,0.0,76846.9,206827.4,NPR
2026-01-01,ACC0000002364,266153.16,38368.3,7140.19,297381.27,NPR
2026-01-01,ACC0000002365,291032.5,22393.9,65193.15,248233.25,NPR
2026-01-01,ACC0000002366,493905.48,16546.09,109621.17,400830.4,NPR
2026-01-01,ACC0000002367,38964.89,0.0,0.0,38964.89,NPR
2026-01-01,ACC0000002368,261694.93,0.0,0.0,261694.93,NPR
2026-01-01,ACC0000002369,253164.81,0.0,37402.13,215762.68,NPR
2026-01-01,ACC0000002370,426529.24,0.0,0.0,426529.24,NPR
2026-01-01,ACC0000002371,478692.03,49960.26,37296.55,491355.74,NPR
2026-01-01,ACC0000002372,213064.4,0.0,0.0,213064.4,NPR
2026-01-01,ACC0000002373,196880.53,25193.14,44839.82,177233.85,NPR
2026-01-01,ACC0000002374,197532.6,0.0,0.0,197532.6,NPR
2026-01-01,ACC0000002375,8003.37,0.0,54265.56,-46262.19,NPR
2026-01-01,ACC0000002376,301666.47,2463.32,138060.7,166069.09,NPR
2026-01-01,ACC0000002377,410366.6,0.0,66416.85,343949.75,NPR
2026-01-01,ACC0000002378,467582.85,0.0,0.0,467582.85,NPR
2026-01-01,ACC0000002379,2159.0,0.0,126640.72,-124481.72,NPR
2026-01-01,ACC0000002380,349359.01,0.0,0.0,349359.01,NPR
2026-01-01,ACC0000002381,6131.85,18443.71,90140.68,-65565.12,NPR
2026-01-01,ACC0000002382,182099.69,96840.81,123327.68,155612.82,NPR
2026-01-01,ACC0000002383,448728.36,0.0,0.0,448728.36,NPR
2026-01-01,ACC0000002384,275501.99,4554.23,134781.15,145275.07,NPR
2026-01-01,ACC0000002385,18488.62,0.0,102148.38,-83659.76,NPR
2026-01-01,ACC0000002386,442543.91,30701.14,81752.62,391492.43,NPR
2026-01-01,ACC0000002387,87020.33,0.0,15947.02,71073.31,NPR
2026-01-01,ACC0000002388,85037.28,0.0,98626.32,-13589.04,NPR
2026-01-01,ACC0000002389,474399.22,0.0,0.0,474399.22,NPR
2026-01-01,ACC0000002390,107981.08,2626.18,86282.28,24324.98,NPR
2026-01-01,ACC0000002391,450697.79,0.0,0.0,450697.79,NPR
2026-01-01,ACC0000002392,250704.84,46101.9,33707.11,263099.63,NPR
2026-01-01,ACC0000002393,59459.65,8907.37,83279.58,-14912.56,NPR
2026-01-01,ACC0000002394,457157.56,0.0,0.0,457157.56,NPR
2026-01-01,ACC0000002395,65841.91,10361.29,5347.34,70855.86,NPR
2026-01-01,ACC0000002396,138854.36,0.0,15180.88,123673.48,NPR
2026-01-01,ACC0000002397,80943.93,0.0,64409.1,16534.83,NPR
2026-01-01,ACC0000002398,455537.04,0.0,0.0,455537.04,NPR
2026-01-01,ACC0000002399,473423.75,0.0,79282.05,394141.7,NPR
2026-01-01,ACC0000002400,351186.73,57706.94,65914.46,342979.21,NPR
2026-01-01,ACC0000002401,4792.64,0.0,50854.82,-46062.18,NPR
2026-01-01,ACC0000002402,275559.2,36981.95,79381.17,233159.98,NPR
2026-01-01,ACC0000002403,421842.31,0.0,0.0,421842.31,NPR
2026-01-01,ACC0000002404,199160.31,0.0,46770.76,152389.55,NPR
2026-01-01,ACC0000002405,307204.94,0.0,40856.81,266348.13,NPR
2026-01-01,ACC0000002406,59598.55,0.0,54707.79,4890.76,NPR
2026-01-01,ACC0000002407,139133.62,0.0,0.0,139133.62,NPR
2026-01-01,ACC0000002408,411691.79,31175.58,27015.98,415851.39,NPR
2026-01-01,ACC0000002409,16314.4,0.0,141663.0,-125348.6,NPR
2026-01-01,ACC0000002410,86811.88,7039.85,58360.47,35491.26,NPR
2026-01-01,ACC0000002411,302333.08,0.0,61527.16,240805.92,NPR
2026-01-01,ACC0000002412,53693.17,27378.92,45555.88,35516.21,NPR
2026-01-01,ACC0000002413,246768.71,39578.36,0.0,286347.07,NPR
2026-01-01,ACC0000002414,292663.21,28727.35,58118.59,263271.97,NPR
2026-01-01,ACC0000002415,265686.45,0.0,63135.21,202551.24,NPR
2026-01-01,ACC0000002416,225480.39,0.0,25950.86,199529.53,NPR
2026-01-01,ACC0000002417,179952.55,0.0,0.0,179952.55,NPR
2026-01-01,ACC0000002418,445137.61,0.0,104821.01,340316.6,NPR
2026-01-01,ACC0000002419,17132.14,0.0,67329.53,-50197.39,NPR
2026-01-01,ACC0000002420,148765.46,30330.31,42681.14,136414.63,NPR
2026-01-01,ACC0000002421,301222.24,44645.83,19078.54,326789.53,NPR
2026-01-01,ACC0000002422,55183.88,0.0,66713.46,-11529.58,NPR
2026-01-01,ACC0000002423,78637.01,0.0,37057.25,41579.76,NPR
2026-01-01,ACC0000002424,159195.44,0.0,77603.17,81592.27,NPR
2026-01-01,ACC0000002425,417257.57,0.0,31937.48,385320.09,NPR
2026-01-01,ACC0000002426,304930.22,0.0,33387.16,271543.06,NPR
2026-01-01,ACC0000002427,454003.8,0.0,108994.57,345009.23,NPR
2026-01-01,ACC0000002428,333609.06,0.0,0.0,333609.06,NPR
2026-01-01,ACC0000002429,484264.11,0.0,0.0,484264.11,NPR
2026-01-01,ACC0000002430,478009.72,48497.02,49753.9,476752.84,NPR
2026-01-01,ACC0000002431,1007.45,0.0,0.0,1007.45,NPR
2026-01-01,ACC0000002432,488887.13,0.0,94123.59,394763.54,NPR
2026-01-01,ACC0000002433,442125.63,0.0,0.0,442125.63,NPR
2026-01-01,ACC0000002434,159328.83,53462.14,87550.19,125240.78,NPR
2026-01-01,ACC0000002435,7802.35,34484.31,47920.47,-5633.81,NPR
2026-01-01,ACC0000002436,80373.35,0.0,96779.5,-16406.15,NPR
2026-01-01,ACC0000002437,336014.21,0.0,15642.19,320372.02,NPR
2026-01-01,ACC0000002438,165046.51,0.0,0.0,165046.51,NPR
2026-01-01,ACC0000002439,238595.63,75220.9,43409.14,270407.39,NPR
2026-01-01,ACC0000002440,403784.53,0.0,0.0,403784.53,NPR
2026-01-01,ACC0000002441,114203.53,17091.23,25654.13,105640.63,NPR
2026-01-01,ACC0000002442,220196.45,0.0,37059.53,183136.92,NPR
2026-01-01,ACC0000002443,340986.5,0.0,102723.37,238263.13,NPR
2026-01-01,ACC0000002444,243702.11,0.0,112540.97,131161.14,NPR
2026-01-01,ACC0000002445,257204.73,0.0,0.0,257204.73,NPR
2026-01-01,ACC0000002446,416985.29,40136.25,168715.45,288406.09,NPR
2026-01-01,ACC0000002447,205609.93,0.0,0.0,205609.93,NPR
2026-01-01,ACC0000002448,310424.03,0.0,0.0,310424.03,NPR
2026-01-01,ACC0000002449,52673.22,0.0,121356.39,-68683.17,NPR
2026-01-01,ACC0000002450,314870.89,20264.13,54824.62,280310.4,NPR
2026-01-01,ACC0000002451,99437.13,0.0,0.0,99437.13,NPR
2026-01-01,ACC0000002452,81737.1,0.0,124640.48,-42903.38,NPR
2026-01-01,ACC0000002453,446763.95,0.0,216965.65,229798.3,NPR
2026-01-01,ACC0000002454,320238.58,30685.99,55071.68,295852.89,NPR
2026-01-01,ACC0000002455,499735.91,0.0,0.0,499735.91,NPR
2026-01-01,ACC0000002456,166836.56,29068.51,0.0,195905.07,NPR
2026-01-01,ACC0000002457,174047.77,21942.27,64484.4,131505.64,NPR
2026-01-01,ACC0000002458,385386.57,0.0,1976.99,383409.58,NPR
2026-01-01,ACC0000002459,378539.58,0.0,88991.95,289547.63,NPR
2026-01-01,ACC0000002460,232948.93,10661.14,0.0,243610.07,NPR
2026-01-01,ACC0000002461,344694.64,0.0,29060.94,315633.7,NPR
2026-01-01,ACC0000002462,247903.84,0.0,114738.47,133165.37,NPR
2026-01-01,ACC0000002463,10033.11,21510.4,27259.86,4283.65,NPR
2026-01-01,ACC0000002464,76182.6,0.0,69593.01,6589.59,NPR
2026-01-01,ACC0000002465,39153.21,0.0,18584.53,20568.68,NPR
2026-01-01,ACC0000002466,146870.6,0.0,147283.57,-412.97,NPR
2026-01-01,ACC0000002467,154666.27,27563.19,117383.03,64846.43,NPR
2026-01-01,ACC0000002468,49908.73,0.0,0.0,49908.73,NPR
2026-01-01,ACC0000002469,30549.48,7657.13,0.0,38206.61,NPR
2026-01-01,ACC0000002470,178315.99,0.0,45718.04,132597.95,NPR
2026-01-01,ACC0000002471,414662.32,0.0,116629.32,298033.0,NPR
2026-01-01,ACC0000002472,44635.9,0.0,122179.02,-77543.12,NPR
2026-01-01,ACC0000002473,466982.2,21872.09,10543.81,478310.48,NPR
2026-01-01,ACC0000002474,368761.88,0.0,34290.39,334471.49,NPR
2026-01-01,ACC0000002475,136454.73,0.0,4359.39,132095.34,NPR
2026-01-01,ACC0000002476,50526.33,0.0,89044.66,-38518.33,NPR
2026-01-01,ACC0000002477,447890.68,26851.75,74190.07,400552.36,NPR
2026-01-01,ACC0000002478,402916.62,0.0,123322.05,279594.57,NPR
2026-01-01,ACC0000002479,489463.94,0.0,0.0,489463.94,NPR
2026-01-01,ACC0000002480,38027.45,0.0,0.0,38027.45,NPR
2026-01-01,ACC0000002481,320469.97,0.0,132649.2,187820.77,NPR
2026-01-01,ACC0000002482,107023.65,0.0,103880.54,3143.11,NPR
2026-01-01,ACC0000002483,26284.93,4653.23,108759.42,-77821.26,NPR
2026-01-01,ACC0000002484,241090.82,0.0,32538.62,208552.2,NPR
2026-01-01,ACC0000002485,21436.22,0.0,0.0,21436.22,NPR
2026-01-01,ACC0000002486,385494.21,86040.89,44171.77,427363.33,NPR
2026-01-01,ACC0000002487,379666.87,0.0,26388.32,353278.55,NPR
2026-01-01,ACC0000002488,262599.55,0.0,63647.24,198952.31,NPR
2026-01-01,ACC0000002489,414324.06,0.0,0.0,414324.06,NPR
2026-01-01,ACC0000002490,455430.16,0.0,0.0,455430.16,NPR
2026-01-01,ACC0000002491,157722.4,0.0,84624.34,73098.06,NPR
2026-01-01,ACC0000002492,201755.18,0.0,131633.82,70121.36,NPR
2026-01-01,ACC0000002493,194855.84,47551.88,15914.33,226493.39,NPR
2026-01-01,ACC0000002494,236531.57,0.0,44369.83,192161.74,NPR
2026-01-01,ACC0000002495,68293.8,0.0,16118.66,52175.14,NPR
2026-01-01,ACC0000002496,116555.61,23005.83,8348.08,131213.36,NPR
2026-01-01,ACC0000002497,371783.19,40375.19,33360.64,378797.74,NPR
2026-01-01,ACC0000002498,435545.94,0.0,56315.65,379230.29,NPR
2026-01-01,ACC0000002499,352552.29,36781.59,90158.43,299175.45,NPR
2026-01-01,ACC0000002500,170593.88,0.0,39157.09,131436.79,NPR
2026-01-01,ACC0000002501,358803.27,0.0,59537.11,299266.16,NPR
2026-01-01,ACC0000002502,243460.28,5606.23,22510.15,226556.36,NPR
2026-01-01,ACC0000002503,29667.62,0.0,74656.14,-44988.52,NPR
2026-01-01,ACC0000002504,185025.86,0.0,45276.38,139749.48,NPR
2026-01-01,ACC0000002505,92089.2,0.0,38500.5,53588.7,NPR
2026-01-01,ACC0000002506,295128.17,0.0,71941.64,223186.53,NPR
2026-01-01,ACC0000002507,42572.94,0.0,0.0,42572.94,NPR
2026-01-01,ACC0000002508,342697.89,0.0,108531.32,234166.57,NPR
2026-01-01,ACC0000002509,158199.17,35364.78,18077.37,175486.58,NPR
2026-01-01,ACC0000002510,374940.84,0.0,91108.72,283832.12,NPR
2026-01-01,ACC0000002511,311557.33,0.0,0.0,311557.33,NPR
2026-01-01,ACC0000002512,232080.9,0.0,0.0,232080.9,NPR
2026-01-01,ACC0000002513,94259.69,0.0,103173.58,-8913.89,NPR
2026-01-01,ACC0000002514,359041.76,0.0,51848.48,307193.28,NPR
2026-01-01,ACC0000002515,74316.29,0.0,20244.17,54072.12,NPR
2026-01-01,ACC0000002516,264097.26,0.0,0.0,264097.26,NPR
2026-01-01,ACC0000002517,82469.75,2027.69,10674.04,73823.4,NPR
2026-01-01,ACC0000002518,351073.98,0.0,0.0,351073.98,NPR
2026-01-01,ACC0000002519,236790.09,8012.17,71572.36,173229.9,NPR
2026-01-01,ACC0000002520,256489.75,0.0,19259.44,237230.31,NPR
2026-01-01,ACC0000002521,486107.19,0.0,107441.01,378666.18,NPR
2026-01-01,ACC0000002522,317006.42,0.0,0.0,317006.42,NPR
2026-01-01,ACC0000002523,355101.98,15126.33,0.0,370228.31,NPR
2026-01-01,ACC0000002524,305722.48,0.0,0.0,305722.48,NPR
2026-01-01,ACC0000002525,450707.24,41521.44,0.0,492228.68,NPR
2026-01-01,ACC0000002526,443230.44,0.0,0.0,443230.44,NPR
2026-01-01,ACC0000002527,53129.53,0.0,22734.52,30395.01,NPR
2026-01-01,ACC0000002528,240352.79,0.0,8427.31,231925.48,NPR
2026-01-01,ACC0000002529,13215.16,148.91,40606.38,-27242.31,NPR
2026-01-01,ACC0000002530,104677.41,0.0,0.0,104677.41,NPR
2026-01-01,ACC0000002531,162208.72,0.0,0.0,162208.72,NPR
2026-01-01,ACC0000002532,189787.26,0.0,38868.45,150918.81,NPR
2026-01-01,ACC0000002533,329587.86,16090.73,0.0,345678.59,NPR
2026-01-01,ACC0000002534,262868.19,0.0,37280.6,225587.59,NPR
2026-01-01,ACC0000002535,20994.21,0.0,99545.89,-78551.68,NPR
2026-01-01,ACC0000002536,357581.36,0.0,9519.97,348061.39,NPR
2026-01-01,ACC0000002537,390796.08,0.0,39877.41,350918.67,NPR
2026-01-01,ACC0000002538,296676.09,39918.83,95943.9,240651.02,NPR
2026-01-01,ACC0000002539,66091.35,0.0,131920.54,-65829.19,NPR
2026-01-01,ACC0000002540,362830.07,0.0,0.0,362830.07,NPR
2026-01-01,ACC0000002541,15079.91,0.0,0.0,15079.91,NPR
2026-01-01,ACC0000002542,33592.4,0.0,0.0,33592.4,NPR
2026-01-01,ACC0000002543,409915.83,32560.61,81786.93,360689.51,NPR
2026-01-01,ACC0000002544,360028.1,0.0,72941.38,287086.72,NPR
2026-01-01,ACC0000002545,331270.54,0.0,47897.63,283372.91,NPR
2026-01-01,ACC0000002546,54051.05,0.0,0.0,54051.05,NPR
2026-01-01,ACC0000002547,253438.62,17481.79,33780.1,237140.31,NPR
2026-01-01,ACC0000002548,193578.78,0.0,0.0,193578.78,NPR
2026-01-01,ACC0000002549,60629.16,46401.62,54640.17,52390.61,NPR
2026-01-01,ACC0000002550,32333.32,0.0,0.0,32333.32,NPR
2026-01-01,ACC0000002551,385494.31,53172.25,33439.02,405227.54,NPR
2026-01-01,ACC0000002552,386364.91,41942.28,45301.4,383005.79,NPR
2026-01-01,ACC0000002553,313592.08,0.0,89294.36,224297.72,NPR
2026-01-01,ACC0000002554,56832.94,31479.65,0.0,88312.59,NPR
2026-01-01,ACC0000002555,78380.72,46780.35,71443.81,53717.26,NPR
2026-01-01,ACC0000002556,309369.69,0.0,6511.48,302858.21,NPR
2026-01-01,ACC0000002557,364468.84,0.0,0.0,364468.84,NPR
2026-01-01,ACC0000002558,108505.34,0.0,0.0,108505.34,NPR
2026-01-01,ACC0000002559,340621.06,29960.08,99617.01,270964.13,NPR
2026-01-01,ACC0000002560,6418.18,0.0,42008.82,-35590.64,NPR
2026-01-01,ACC0000002561,211943.99,0.0,14828.21,197115.78,NPR
2026-01-01,ACC0000002562,408882.28,0.0,108025.83,300856.45,NPR
2026-01-01,ACC0000002563,10545.08,32619.54,47052.91,-3888.29,NPR
2026-01-01,ACC0000002564,18530.25,0.0,29672.57,-11142.32,NPR
2026-01-01,ACC0000002565,225988.97,0.0,29006.36,196982.61,NPR
2026-01-01,ACC0000002566,356063.32,0.0,4791.92,351271.4,NPR
2026-01-01,ACC0000002567,286809.22,47764.51,29866.41,304707.32,NPR
2026-01-01,ACC0000002568,196467.34,22585.09,10985.84,208066.59,NPR
2026-01-01,ACC0000002569,480361.93,0.0,54508.67,425853.26,NPR
2026-01-01,ACC0000002570,7680.05,0.0,9124.19,-1444.14,NPR
2026-01-01,ACC0000002571,314712.59,0.0,16356.95,298355.64,NPR
2026-01-01,ACC0000002572,329410.74,60613.8,12800.26,377224.28,NPR
2026-01-01,ACC0000002573,264414.69,41509.59,0.0,305924.28,NPR
2026-01-01,ACC0000002574,343654.71,42092.65,103193.46,282553.9,NPR
2026-01-01,ACC0000002575,484649.34,0.0,104385.73,380263.61,NPR
2026-01-01,ACC0000002576,31035.49,36876.27,44406.22,23505.54,NPR
2026-01-01,ACC0000002577,270108.16,0.0,91253.5,178854.66,NPR
2026-01-01,ACC0000002578,36593.26,89108.35,27290.61,98411.0,NPR
2026-01-01,ACC0000002579,424136.15,0.0,66657.22,357478.93,NPR
2026-01-01,ACC0000002580,186438.69,0.0,15578.25,170860.44,NPR
2026-01-01,ACC0000002581,145530.9,0.0,0.0,145530.9,NPR
2026-01-01,ACC0000002582,266299.87,0.0,22477.68,243822.19,NPR
2026-01-01,ACC0000002583,8019.14,30372.23,50438.47,-12047.1,NPR
2026-01-01,ACC0000002584,465070.61,0.0,18497.92,446572.69,NPR
2026-01-01,ACC0000002585,229880.38,0.0,27142.35,202738.03,NPR
2026-01-01,ACC0000002586,16682.21,0.0,25471.89,-8789.68,NPR
2026-01-01,ACC0000002587,210394.83,0.0,48461.31,161933.52,NPR
2026-01-01,ACC0000002588,160085.1,59787.61,19273.62,200599.09,NPR
2026-01-01,ACC0000002589,267022.81,8995.79,0.0,276018.6,NPR
2026-01-01,ACC0000002590,394066.93,20679.74,65546.76,349199.91,NPR
2026-01-01,ACC0000002591,153067.57,0.0,30205.18,122862.39,NPR
2026-01-01,ACC0000002592,444586.98,0.0,68069.23,376517.75,NPR
2026-01-01,ACC0000002593,126845.82,0.0,12079.19,114766.63,NPR
2026-01-01,ACC0000002594,140976.87,0.0,48833.85,92143.02,NPR
2026-01-01,ACC0000002595,20976.34,0.0,8418.82,12557.52,NPR
2026-01-01,ACC0000002596,295690.37,69299.19,54452.41,310537.15,NPR
2026-01-01,ACC0000002597,176358.99,62618.01,74715.88,164261.12,NPR
2026-01-01,ACC0000002598,354612.59,0.0,91383.61,263228.98,NPR
2026-01-01,ACC0000002599,293408.14,5976.44,55602.32,243782.26,NPR
2026-01-01,ACC0000002600,97449.35,5842.38,65249.47,38042.26,NPR
2026-01-01,ACC0000002601,42320.23,0.0,26695.92,15624.31,NPR
2026-01-01,ACC0000002602,354991.49,16948.0,83662.47,288277.02,NPR
2026-01-01,ACC0000002603,413493.36,37055.84,33726.99,416822.21,NPR
2026-01-01,ACC0000002604,20009.51,47488.3,0.0,67497.81,NPR
2026-01-01,ACC0000002605,386375.16,0.0,72447.43,313927.73,NPR
2026-01-01,ACC0000002606,125302.58,0.0,0.0,125302.58,NPR
2026-01-01,ACC0000002607,392188.3,0.0,22923.89,369264.41,NPR
2026-01-01,ACC0000002608,344602.56,39263.73,43133.91,340732.38,NPR
2026-01-01,ACC0000002609,188727.67,0.0,53627.65,135100.02,NPR
2026-01-01,ACC0000002610,131590.19,0.0,17651.94,113938.25,NPR
2026-01-01,ACC0000002611,337139.07,0.0,43683.6,293455.47,NPR
2026-01-01,ACC0000002612,401088.04,0.0,59552.82,341535.22,NPR
2026-01-01,ACC0000002613,435257.57,38584.68,42284.24,431558.01,NPR
2026-01-01,ACC0000002614,373758.1,49467.01,15049.28,408175.83,NPR
2026-01-01,ACC0000002615,454106.5,0.0,54874.26,399232.24,NPR
2026-01-01,ACC0000002616,174424.18,0.0,23829.31,150594.87,NPR
2026-01-01,ACC0000002617,43052.19,0.0,54785.09,-11732.9,NPR
2026-01-01,ACC0000002618,87803.49,0.0,0.0,87803.49,NPR
2026-01-01,ACC0000002619,277090.41,32024.27,67047.98,242066.7,NPR
2026-01-01,ACC0000002620,277272.94,0.0,24359.46,252913.48,NPR
2026-01-01,ACC0000002621,222448.59,22465.39,55556.8,189357.18,NPR
2026-01-01,ACC0000002622,201605.04,3516.56,26198.64,178922.96,NPR
2026-01-01,ACC0000002623,167341.9,52578.67,9159.18,210761.39,NPR
2026-01-01,ACC0000002624,348504.83,0.0,20755.62,327749.21,NPR
2026-01-01,ACC0000002625,419936.9,40046.85,50168.17,409815.58,NPR
2026-01-01,ACC0000002626,55535.26,23065.36,27586.03,51014.59,NPR
2026-01-01,ACC0000002627,60283.93,0.0,0.0,60283.93,NPR
2026-01-01,ACC0000002628,379606.97,0.0,92043.25,287563.72,NPR
2026-01-01,ACC0000002629,365703.56,0.0,18357.58,347345.98,NPR
2026-01-01,ACC0000002630,46123.29,29345.48,45040.2,30428.57,NPR
2026-01-01,ACC0000002631,333743.63,0.0,36436.06,297307.57,NPR
2026-01-01,ACC0000002632,122089.01,0.0,1552.28,120536.73,NPR
2026-01-01,ACC0000002633,85988.41,0.0,0.0,85988.41,NPR
2026-01-01,ACC0000002634,110267.99,0.0,74177.89,36090.1,NPR
2026-01-01,ACC0000002635,391264.83,40539.56,0.0,431804.39,NPR
2026-01-01,ACC0000002636,44562.52,30065.23,26321.7,48306.05,NPR
2026-01-01,ACC0000002637,423083.29,0.0,95904.84,327178.45,NPR
2026-01-01,ACC0000002638,182849.47,0.0,95552.03,87297.44,NPR
2026-01-01,ACC0000002639,36770.12,0.0,126673.0,-89902.88,NPR
2026-01-01,ACC0000002640,140355.5,0.0,29776.79,110578.71,NPR
2026-01-01,ACC0000002641,424554.21,23267.35,0.0,447821.56,NPR
2026-01-01,ACC0000002642,278474.54,0.0,0.0,278474.54,NPR
2026-01-01,ACC0000002643,123328.55,0.0,78899.37,44429.18,NPR
2026-01-01,ACC0000002644,52600.0,16051.75,46617.7,22034.05,NPR
2026-01-01,ACC0000002645,271379.96,38762.21,15184.95,294957.22,NPR
2026-01-01,ACC0000002646,285325.73,29365.64,1210.72,313480.65,NPR
2026-01-01,ACC0000002647,304691.75,0.0,4113.58,300578.17,NPR
2026-01-01,ACC0000002648,409799.2,0.0,0.0,409799.2,NPR
2026-01-01,ACC0000002649,343515.84,0.0,76230.48,267285.36,NPR
2026-01-01,ACC0000002650,104918.96,22305.07,0.0,127224.03,NPR
2026-01-01,ACC0000002651,258996.73,0.0,121244.96,137751.77,NPR
2026-01-01,ACC0000002652,78926.53,31103.79,26411.71,83618.61,NPR
2026-01-01,ACC0000002653,43130.91,0.0,61328.84,-18197.93,NPR
2026-01-01,ACC0000002654,467640.94,0.0,11886.85,455754.09,NPR
2026-01-01,ACC0000002655,212325.11,0.0,126876.84,85448.27,NPR
2026-01-01,ACC0000002656,366794.63,0.0,0.0,366794.63,NPR
2026-01-01,ACC0000002657,360869.69,81745.02,7885.99,434728.72,NPR
2026-01-01,ACC0000002658,318954.69,15537.38,117321.72,217170.35,NPR
2026-01-01,ACC0000002659,78117.41,0.0,86492.25,-8374.84,NPR
2026-01-01,ACC0000002660,63138.43,10446.31,36531.04,37053.7,NPR
2026-01-01,ACC0000002661,319209.86,0.0,44800.68,274409.18,NPR
2026-01-01,ACC0000002662,343720.51,0.0,40337.65,303382.86,NPR
2026-01-01,ACC0000002663,478523.27,31146.37,91096.37,418573.27,NPR
2026-01-01,ACC0000002664,271382.77,0.0,122037.0,149345.77,NPR
2026-01-01,ACC0000002665,322302.79,2921.54,7319.05,317905.28,NPR
2026-01-01,ACC0000002666,90092.0,0.0,15826.52,74265.48,NPR
2026-01-01,ACC0000002667,95275.55,47653.27,70300.25,72628.57,NPR
2026-01-01,ACC0000002668,288020.96,0.0,136453.96,151567.0,NPR
2026-01-01,ACC0000002669,381052.12,12363.23,112890.79,280524.56,NPR
2026-01-01,ACC0000002670,362617.46,0.0,0.0,362617.46,NPR
2026-01-01,ACC0000002671,417406.6,47405.52,52246.03,412566.09,NPR
2026-01-01,ACC0000002672,344586.05,21570.58,57737.39,308419.24,NPR
2026-01-01,ACC0000002673,25129.01,27701.03,74083.65,-21253.61,NPR
2026-01-01,ACC0000002674,46819.17,27301.99,27420.54,46700.62,NPR
2026-01-01,ACC0000002675,158312.61,0.0,0.0,158312.61,NPR
2026-01-01,ACC0000002676,164427.27,21171.67,74405.95,111192.99,NPR
2026-01-01,ACC0000002677,427189.07,0.0,0.0,427189.07,NPR
2026-01-01,ACC0000002678,309772.65,1445.47,76490.24,234727.88,NPR
2026-01-01,ACC0000002679,218300.51,0.0,0.0,218300.51,NPR
2026-01-01,ACC0000002680,319600.28,0.0,29772.68,289827.6,NPR
2026-01-01,ACC0000002681,290092.61,13817.91,0.0,303910.52,NPR
2026-01-01,ACC0000002682,387518.89,44208.53,42200.91,389526.51,NPR
2026-01-01,ACC0000002683,96767.4,0.0,25947.14,70820.26,NPR
2026-01-01,ACC0000002684,366540.46,0.0,15265.13,351275.33,NPR
2026-01-01,ACC0000002685,95523.95,0.0,13295.53,82228.42,NPR
2026-01-01,ACC0000002686,99360.82,13452.04,15474.15,97338.71,NPR
2026-01-01,ACC0000002687,132368.59,0.0,58671.25,73697.34,NPR
2026-01-01,ACC0000002688,484202.56,31823.54,8324.62,507701.48,NPR
2026-01-01,ACC0000002689,246337.38,1924.34,83490.71,164771.01,NPR
2026-01-01,ACC0000002690,440377.48,2007.09,63272.61,379111.96,NPR
2026-01-01,ACC0000002691,334821.19,0.0,0.0,334821.19,NPR
2026-01-01,ACC0000002692,297891.34,0.0,0.0,297891.34,NPR
2026-01-01,ACC0000002693,297234.8,39391.7,59281.85,277344.65,NPR
2026-01-01,ACC0000002694,416889.62,41576.43,39412.12,419053.93,NPR
2026-01-01,ACC0000002695,360044.87,43725.36,43969.26,359800.97,NPR
2026-01-01,ACC0000002696,292196.88,0.0,0.0,292196.88,NPR
2026-01-01,ACC0000002697,16453.26,0.0,0.0,16453.26,NPR
2026-01-01,ACC0000002698,489067.74,11504.41,0.0,500572.15,NPR
2026-01-01,ACC0000002699,449174.58,82058.69,40392.8,490840.47,NPR
2026-01-01,ACC0000002700,228966.96,47024.05,11753.25,264237.76,NPR
2026-01-01,ACC0000002701,203925.31,58933.36,31208.4,231650.27,NPR
2026-01-01,ACC0000002702,349569.29,0.0,0.0,349569.29,NPR
2026-01-01,ACC0000002703,117653.66,0.0,169269.57,-51615.91,NPR
2026-01-01,ACC0000002704,203308.88,0.0,38948.38,164360.5,NPR
2026-01-01,ACC0000002705,354285.47,0.0,80078.71,274206.76,NPR
2026-01-01,ACC0000002706,252517.48,0.0,18811.31,233706.17,NPR
2026-01-01,ACC0000002707,99362.86,0.0,46206.65,53156.21,NPR
2026-01-01,ACC0000002708,395996.23,0.0,0.0,395996.23,NPR
2026-01-01,ACC0000002709,262881.78,0.0,0.0,262881.78,NPR
2026-01-01,ACC0000002710,477336.72,0.0,0.0,477336.72,NPR
2026-01-01,ACC0000002711,367340.07,43211.29,0.0,410551.36,NPR
2026-01-01,ACC0000002712,414511.87,0.0,33850.51,380661.36,NPR
2026-01-01,ACC0000002713,324917.41,32139.29,51786.28,305270.42,NPR
2026-01-01,ACC0000002714,471340.91,0.0,0.0,471340.91,NPR
2026-01-01,ACC0000002715,143442.93,0.0,22600.41,120842.52,NPR
2026-01-01,ACC0000002716,272550.53,36498.24,16571.83,292476.94,NPR
2026-01-01,ACC0000002717,234459.86,0.0,97891.22,136568.64,NPR
2026-01-01,ACC0000002718,475390.4,41481.55,19269.36,497602.59,NPR
2026-01-01,ACC0000002719,253505.16,0.0,44084.42,209420.74,NPR
2026-01-01,ACC0000002720,215240.25,31873.09,36197.6,210915.74,NPR
2026-01-01,ACC0000002721,331726.96,38308.5,0.0,370035.46,NPR
2026-01-01,ACC0000002722,430514.48,14976.68,181838.77,263652.39,NPR
2026-01-01,ACC0000002723,86749.53,0.0,0.0,86749.53,NPR
2026-01-01,ACC0000002724,485914.42,20907.21,106976.38,399845.25,NPR
2026-01-01,ACC0000002725,12511.74,37854.68,0.0,50366.42,NPR
2026-01-01,ACC0000002726,129650.08,0.0,0.0,129650.08,NPR
2026-01-01,ACC0000002727,233048.41,44058.73,95034.8,182072.34,NPR
2026-01-01,ACC0000002728,16155.9,57493.44,49309.44,24339.9,NPR
2026-01-01,ACC0000002729,111797.79,0.0,9420.95,102376.84,NPR
2026-01-01,ACC0000002730,163296.54,0.0,0.0,163296.54,NPR
2026-01-01,ACC0000002731,197948.09,23617.23,32244.17,189321.15,NPR
2026-01-01,ACC0000002732,155039.15,33916.03,57137.91,131817.27,NPR
2026-01-01,ACC0000002733,174014.57,0.0,72134.61,101879.96,NPR
2026-01-01,ACC0000002734,170977.87,23874.69,41405.93,153446.63,NPR
2026-01-01,ACC0000002735,130564.27,17749.32,5730.12,142583.47,NPR
2026-01-01,ACC0000002736,39410.56,2823.16,53359.1,-11125.38,NPR
2026-01-01,ACC0000002737,265520.14,0.0,65189.48,200330.66,NPR
2026-01-01,ACC0000002738,41648.92,0.0,13897.02,27751.9,NPR
2026-01-01,ACC0000002739,90416.41,29789.58,48622.28,71583.71,NPR
2026-01-01,ACC0000002740,368647.33,0.0,65747.98,302899.35,NPR
2026-01-01,ACC0000002741,491617.03,0.0,49952.15,441664.88,NPR
2026-01-01,ACC0000002742,101474.43,25336.58,0.0,126811.01,NPR
2026-01-01,ACC0000002743,385330.63,0.0,0.0,385330.63,NPR
2026-01-01,ACC0000002744,225005.24,0.0,0.0,225005.24,NPR
2026-01-01,ACC0000002745,27489.74,49230.49,0.0,76720.23,NPR
2026-01-01,ACC0000002746,439755.29,0.0,4721.24,435034.05,NPR
2026-01-01,ACC0000002747,186857.16,0.0,16637.28,170219.88,NPR
2026-01-01,ACC0000002748,118118.42,0.0,56867.74,61250.68,NPR
2026-01-01,ACC0000002749,191247.95,33502.59,73694.45,151056.09,NPR
2026-01-01,ACC0000002750,123614.34,0.0,10156.8,113457.54,NPR
2026-01-01,ACC0000002751,67797.88,0.0,55158.55,12639.33,NPR
2026-01-01,ACC0000002752,434632.68,0.0,0.0,434632.68,NPR
2026-01-01,ACC0000002753,111746.51,0.0,29346.36,82400.15,NPR
2026-01-01,ACC0000002754,265226.55,0.0,70075.34,195151.21,NPR
2026-01-01,ACC0000002755,17033.13,25807.99,124265.59,-81424.47,NPR
2026-01-01,ACC0000002756,110824.7,0.0,95849.76,14974.94,NPR
2026-01-01,ACC0000002757,109709.84,0.0,117128.5,-7418.66,NPR
2026-01-01,ACC0000002758,470315.58,0.0,0.0,470315.58,NPR
2026-01-01,ACC0000002759,118601.57,24456.71,76132.73,66925.55,NPR
2026-01-01,ACC0000002760,247991.5,0.0,88986.33,159005.17,NPR
2026-01-01,ACC0000002761,460408.54,0.0,64838.68,395569.86,NPR
2026-01-01,ACC0000002762,497040.01,0.0,14273.39,482766.62,NPR
2026-01-01,ACC0000002763,110880.35,35172.88,70967.2,75086.03,NPR
2026-01-01,ACC0000002764,274552.04,9250.34,49371.23,234431.15,NPR
2026-01-01,ACC0000002765,206339.12,0.0,0.0,206339.12,NPR
2026-01-01,ACC0000002766,187850.01,26084.76,36702.86,177231.91,NPR
2026-01-01,ACC0000002767,355683.57,36215.17,100700.02,291198.72,NPR
2026-01-01,ACC0000002768,305624.49,10295.19,48741.39,267178.29,NPR
2026-01-01,ACC0000002769,140821.69,0.0,0.0,140821.69,NPR
2026-01-01,ACC0000002770,419829.77,48990.57,852.92,467967.42,NPR
2026-01-01,ACC0000002771,241890.77,0.0,0.0,241890.77,NPR
2026-01-01,ACC0000002772,267084.76,0.0,0.0,267084.76,NPR
2026-01-01,ACC0000002773,420282.14,0.0,77969.87,342312.27,NPR
2026-01-01,ACC0000002774,153392.7,0.0,44861.9,108530.8,NPR
2026-01-01,ACC0000002775,123244.47,27589.67,58116.84,92717.3,NPR
2026-01-01,ACC0000002776,35650.29,0.0,29098.7,6551.59,NPR
2026-01-01,ACC0000002777,1616.28,0.0,162175.65,-160559.37,NPR
2026-01-01,ACC0000002778,309853.18,0.0,29178.08,280675.1,NPR
2026-01-01,ACC0000002779,316940.3,75815.58,27694.54,365061.34,NPR
2026-01-01,ACC0000002780,460579.57,0.0,7522.82,453056.75,NPR
2026-01-01,ACC0000002781,355156.68,0.0,194.13,354962.55,NPR
2026-01-01,ACC0000002782,383467.56,0.0,12726.3,370741.26,NPR
2026-01-01,ACC0000002783,270984.73,36651.1,57713.1,249922.73,NPR
2026-01-01,ACC0000002784,241211.03,0.0,0.0,241211.03,NPR
2026-01-01,ACC0000002785,92189.67,0.0,0.0,92189.67,NPR
2026-01-01,ACC0000002786,200747.4,0.0,59097.46,141649.94,NPR
2026-01-01,ACC0000002787,141409.1,0.0,143168.11,-1759.01,NPR
2026-01-01,ACC0000002788,166290.98,0.0,0.0,166290.98,NPR
2026-01-01,ACC0000002789,127646.63,13302.67,19953.95,120995.35,NPR
2026-01-01,ACC0000002790,339656.05,32723.09,0.0,372379.14,NPR
2026-01-01,ACC0000002791,235411.1,0.0,47321.51,188089.59,NPR
2026-01-01,ACC0000002792,395359.65,15130.85,32687.35,377803.15,NPR
2026-01-01,ACC0000002793,416638.97,0.0,48147.38,368491.59,NPR
2026-01-01,ACC0000002794,7209.54,1074.95,53191.17,-44906.68,NPR
2026-01-01,ACC0000002795,241238.3,0.0,79276.17,161962.13,NPR
2026-01-01,ACC0000002796,460334.93,0.0,28802.72,431532.21,NPR
2026-01-01,ACC0000002797,30698.58,0.0,138781.32,-108082.74,NPR
2026-01-01,ACC0000002798,369563.42,0.0,48150.85,321412.57,NPR
2026-01-01,ACC0000002799,174728.38,0.0,31598.33,143130.05,NPR
2026-01-01,ACC0000002800,127577.69,0.0,0.0,127577.69,NPR
2026-01-01,ACC0000002801,266949.69,41690.0,38805.89,269833.8,NPR
2026-01-01,ACC0000002802,81946.51,0.0,1899.42,80047.09,NPR
2026-01-01,ACC0000002803,349538.46,0.0,0.0,349538.46,NPR
2026-01-01,ACC0000002804,50200.09,0.0,0.0,50200.09,NPR
2026-01-01,ACC0000002805,320042.01,0.0,0.0,320042.01,NPR
2026-01-01,ACC0000002806,439635.63,0.0,38877.91,400757.72,NPR
2026-01-01,ACC0000002807,105871.53,0.0,57255.09,48616.44,NPR
2026-01-01,ACC0000002808,102325.44,50091.14,43897.49,108519.09,NPR
2026-01-01,ACC0000002809,464960.08,44152.68,0.0,509112.76,NPR
2026-01-01,ACC0000002810,272913.37,41813.24,0.0,314726.61,NPR
2026-01-01,ACC0000002811,263949.7,0.0,0.0,263949.7,NPR
2026-01-01,ACC0000002812,21698.86,13340.81,133921.43,-98881.76,NPR
2026-01-01,ACC0000002813,265379.91,0.0,112613.89,152766.02,NPR
2026-01-01,ACC0000002814,320859.41,111855.39,27064.15,405650.65,NPR
2026-01-01,ACC0000002815,263787.73,6440.42,84834.69,185393.46,NPR
2026-01-01,ACC0000002816,272054.75,0.0,37190.31,234864.44,NPR
2026-01-01,ACC0000002817,304479.73,0.0,18771.41,285708.32,NPR
2026-01-01,ACC0000002818,119323.51,59744.01,9664.56,169402.96,NPR
2026-01-01,ACC0000002819,60218.23,0.0,55061.16,5157.07,NPR
2026-01-01,ACC0000002820,144749.28,14027.16,45782.49,112993.95,NPR
2026-01-01,ACC0000002821,324186.37,0.0,0.0,324186.37,NPR
2026-01-01,ACC0000002822,344984.83,0.0,0.0,344984.83,NPR
2026-01-01,ACC0000002823,313316.33,56.28,0.0,313372.61,NPR
2026-01-01,ACC0000002824,362998.9,0.0,70301.35,292697.55,NPR
2026-01-01,ACC0000002825,223507.88,29400.77,101570.73,151337.92,NPR
2026-01-01,ACC0000002826,12143.58,0.0,36045.98,-23902.4,NPR
2026-01-01,ACC0000002827,331393.99,0.0,123728.59,207665.4,NPR
2026-01-01,ACC0000002828,191935.95,37212.72,42515.54,186633.13,NPR
2026-01-01,ACC0000002829,81911.8,0.0,0.0,81911.8,NPR
2026-01-01,ACC0000002830,130086.56,116797.74,96610.17,150274.13,NPR
2026-01-01,ACC0000002831,216348.8,0.0,118641.6,97707.2,NPR
2026-01-01,ACC0000002832,305109.61,0.0,63802.7,241306.91,NPR
2026-01-01,ACC0000002833,394903.39,0.0,55831.92,339071.47,NPR
2026-01-01,ACC0000002834,370205.16,0.0,82374.99,287830.17,NPR
2026-01-01,ACC0000002835,448071.73,17109.57,64082.91,401098.39,NPR
2026-01-01,ACC0000002836,107967.67,0.0,0.0,107967.67,NPR
2026-01-01,ACC0000002837,347738.61,0.0,0.0,347738.61,NPR
2026-01-01,ACC0000002838,113653.65,0.0,0.0,113653.65,NPR
2026-01-01,ACC0000002839,164820.35,0.0,41604.75,123215.6,NPR
2026-01-01,ACC0000002840,148935.69,45521.74,82039.72,112417.71,NPR
2026-01-01,ACC0000002841,266184.18,24243.4,54971.48,235456.1,NPR
2026-01-01,ACC0000002842,297930.93,0.0,9820.01,288110.92,NPR
2026-01-01,ACC0000002843,105425.82,0.0,40947.93,64477.89,NPR
2026-01-01,ACC0000002844,273769.96,0.0,214058.85,59711.11,NPR
2026-01-01,ACC0000002845,37832.99,0.0,19985.12,17847.87,NPR
2026-01-01,ACC0000002846,1552.15,0.0,48560.77,-47008.62,NPR
2026-01-01,ACC0000002847,239570.27,30438.38,13138.48,256870.17,NPR
2026-01-01,ACC0000002848,109458.11,2374.67,47616.66,64216.12,NPR
2026-01-01,ACC0000002849,285816.5,0.0,88035.84,197780.66,NPR
2026-01-01,ACC0000002850,497203.58,42875.72,43201.91,496877.39,NPR
2026-01-01,ACC0000002851,418873.7,0.0,0.0,418873.7,NPR
2026-01-01,ACC0000002852,208779.49,0.0,46966.88,161812.61,NPR
2026-01-01,ACC0000002853,353547.93,4657.63,97157.33,261048.23,NPR
2026-01-01,ACC0000002854,253542.16,0.0,0.0,253542.16,NPR
2026-01-01,ACC0000002855,443467.24,24934.59,41629.84,426771.99,NPR
2026-01-01,ACC0000002856,323167.44,0.0,47558.99,275608.45,NPR
2026-01-01,ACC0000002857,187730.13,0.0,23058.71,164671.42,NPR
2026-01-01,ACC0000002858,141382.61,49404.07,15627.93,175158.75,NPR
2026-01-01,ACC0000002859,142487.45,0.0,0.0,142487.45,NPR
2026-01-01,ACC0000002860,398743.54,0.0,76735.46,322008.08,NPR
2026-01-01,ACC0000002861,218987.96,0.0,0.0,218987.96,NPR
2026-01-01,ACC0000002862,120157.47,0.0,24790.5,95366.97,NPR
2026-01-01,ACC0000002863,269354.54,0.0,51091.66,218262.88,NPR
2026-01-01,ACC0000002864,346753.92,0.0,67612.49,279141.43,NPR
2026-01-01,ACC0000002865,127809.9,0.0,69299.3,58510.6,NPR
2026-01-01,ACC0000002866,292991.99,12427.89,27506.22,277913.66,NPR
2026-01-01,ACC0000002867,286219.32,0.0,0.0,286219.32,NPR
2026-01-01,ACC0000002868,96678.23,8311.63,0.0,104989.86,NPR
2026-01-01,ACC0000002869,73870.6,65882.64,0.0,139753.24,NPR
2026-01-01,ACC0000002870,431494.6,0.0,0.0,431494.6,NPR
2026-01-01,ACC0000002871,277123.44,0.0,0.0,277123.44,NPR
2026-01-01,ACC0000002872,254143.45,0.0,0.0,254143.45,NPR
2026-01-01,ACC0000002873,481416.49,31466.91,71985.23,440898.17,NPR
2026-01-01,ACC0000002874,464239.96,0.0,44859.67,419380.29,NPR
2026-01-01,ACC0000002875,405186.77,0.0,127902.69,277284.08,NPR
2026-01-01,ACC0000002876,76474.51,0.0,11811.75,64662.76,NPR
2026-01-01,ACC0000002877,387834.6,62150.21,15188.94,434795.87,NPR
2026-01-01,ACC0000002878,37784.58,41809.14,27432.19,52161.53,NPR
2026-01-01,ACC0000002879,21023.78,0.0,11507.82,9515.96,NPR
2026-01-01,ACC0000002880,106659.43,0.0,0.0,106659.43,NPR
2026-01-01,ACC0000002881,312266.78,2724.36,7075.09,307916.05,NPR
2026-01-01,ACC0000002882,493885.17,2877.2,25368.08,471394.29,NPR
2026-01-01,ACC0000002883,321474.13,106950.07,70949.97,357474.23,NPR
2026-01-01,ACC0000002884,228370.08,0.0,34249.32,194120.76,NPR
2026-01-01,ACC0000002885,418711.2,17470.23,89973.74,346207.69,NPR
2026-01-01,ACC0000002886,468619.91,0.0,29028.06,439591.85,NPR
2026-01-01,ACC0000002887,244682.22,0.0,101629.02,143053.2,NPR
2026-01-01,ACC0000002888,95497.81,0.0,42408.44,53089.37,NPR
2026-01-01,ACC0000002889,43864.05,0.0,24554.24,19309.81,NPR
2026-01-01,ACC0000002890,305855.11,0.0,48608.97,257246.14,NPR
2026-01-01,ACC0000002891,370389.11,0.0,48651.11,321738.0,NPR
2026-01-01,ACC0000002892,450649.67,0.0,22332.02,428317.65,NPR
2026-01-01,ACC0000002893,448401.42,0.0,0.0,448401.42,NPR
2026-01-01,ACC0000002894,494961.72,0.0,243988.46,250973.26,NPR
2026-01-01,ACC0000002895,119535.53,27788.3,77453.83,69870.0,NPR
2026-01-01,ACC0000002896,325446.71,28490.3,46380.48,307556.53,NPR
2026-01-01,ACC0000002897,160803.78,0.0,42711.17,118092.61,NPR
2026-01-01,ACC0000002898,214077.5,0.0,0.0,214077.5,NPR
2026-01-01,ACC0000002899,133987.55,0.0,51703.52,82284.03,NPR
2026-01-01,ACC0000002900,258469.89,70814.9,84691.49,244593.3,NPR
2026-01-01,ACC0000002901,459095.82,0.0,0.0,459095.82,NPR
2026-01-01,ACC0000002902,42873.1,43430.31,50286.28,36017.13,NPR
2026-01-01,ACC0000002903,256468.59,0.0,0.0,256468.59,NPR
2026-01-01,ACC0000002904,170731.04,0.0,51054.84,119676.2,NPR
2026-01-01,ACC0000002905,46804.9,7195.63,71563.38,-17562.85,NPR
2026-01-01,ACC0000002906,457896.88,0.0,114709.43,343187.45,NPR
2026-01-01,ACC0000002907,285897.56,0.0,74462.43,211435.13,NPR
2026-01-01,ACC0000002908,16230.91,0.0,0.0,16230.91,NPR
2026-01-01,ACC0000002909,38829.57,0.0,103417.54,-64587.97,NPR
2026-01-01,ACC0000002910,32334.25,0.0,63842.92,-31508.67,NPR
2026-01-01,ACC0000002911,355350.44,0.0,0.0,355350.44,NPR
2026-01-01,ACC0000002912,360731.08,19960.06,7348.88,373342.26,NPR
2026-01-01,ACC0000002913,122842.87,0.0,316529.2,-193686.33,NPR
2026-01-01,ACC0000002914,76516.52,18365.29,51126.81,43755.0,NPR
2026-01-01,ACC0000002915,114471.1,37185.65,23624.2,128032.55,NPR
2026-01-01,ACC0000002916,366836.22,23090.81,104839.87,285087.16,NPR
2026-01-01,ACC0000002917,390882.6,0.0,0.0,390882.6,NPR
2026-01-01,ACC0000002918,45916.38,24746.87,126241.47,-55578.22,NPR
2026-01-01,ACC0000002919,33356.51,0.0,27966.53,5389.98,NPR
2026-01-01,ACC0000002920,418792.95,0.0,56959.94,361833.01,NPR
2026-01-01,ACC0000002921,202682.89,14187.13,107773.77,109096.25,NPR
2026-01-01,ACC0000002922,332664.28,0.0,70274.64,262389.64,NPR
2026-01-01,ACC0000002923,82293.47,0.0,42130.86,40162.61,NPR
2026-01-01,ACC0000002924,368173.44,0.0,0.0,368173.44,NPR
2026-01-01,ACC0000002925,93001.2,0.0,60677.28,32323.92,NPR
2026-01-01,ACC0000002926,355265.6,0.0,32599.48,322666.12,NPR
2026-01-01,ACC0000002927,281373.9,17191.25,108911.75,189653.4,NPR
2026-01-01,ACC0000002928,131535.63,0.0,47473.94,84061.69,NPR
2026-01-01,ACC0000002929,489088.17,0.0,28669.72,460418.45,NPR
2026-01-01,ACC0000002930,29159.9,11494.5,59691.44,-19037.04,NPR
2026-01-01,ACC0000002931,411583.56,0.0,47211.31,364372.25,NPR
2026-01-01,ACC0000002932,400890.32,4847.77,151984.92,253753.17,NPR
2026-01-01,ACC0000002933,239228.73,46796.71,0.0,286025.44,NPR
2026-01-01,ACC0000002934,480195.36,0.0,20624.87,459570.49,NPR
2026-01-01,ACC0000002935,499050.55,0.0,0.0,499050.55,NPR
2026-01-01,ACC0000002936,23574.12,0.0,28175.76,-4601.64,NPR
2026-01-01,ACC0000002937,256948.57,0.0,0.0,256948.57,NPR
2026-01-01,ACC0000002938,23715.98,0.0,39953.88,-16237.9,NPR
2026-01-01,ACC0000002939,321758.55,0.0,0.0,321758.55,NPR
2026-01-01,ACC0000002940,418621.97,0.0,53985.21,364636.76,NPR
2026-01-01,ACC0000002941,60711.9,0.0,116523.8,-55811.9,NPR
2026-01-01,ACC0000002942,127508.27,0.0,93331.58,34176.69,NPR
2026-01-01,ACC0000002943,391204.92,0.0,0.0,391204.92,NPR
2026-01-01,ACC0000002944,139476.04,0.0,49386.93,90089.11,NPR
2026-01-01,ACC0000002945,99447.97,0.0,40876.06,58571.91,NPR
2026-01-01,ACC0000002946,255377.95,22245.27,0.0,277623.22,NPR
2026-01-01,ACC0000002947,185676.87,0.0,70920.67,114756.2,NPR
2026-01-01,ACC0000002948,46547.62,26790.62,80409.83,-7071.59,NPR
2026-01-01,ACC0000002949,105341.84,0.0,50501.81,54840.03,NPR
2026-01-01,ACC0000002950,226224.58,40511.25,38897.6,227838.23,NPR
2026-01-01,ACC0000002951,333675.78,8046.99,141522.09,200200.68,NPR
2026-01-01,ACC0000002952,49894.31,0.0,50553.55,-659.24,NPR
2026-01-01,ACC0000002953,291869.9,6560.57,84505.98,213924.49,NPR
2026-01-01,ACC0000002954,220109.14,46901.11,3500.11,263510.14,NPR
2026-01-01,ACC0000002955,286837.31,14513.34,0.0,301350.65,NPR
2026-01-01,ACC0000002956,16307.49,0.0,130359.34,-114051.85,NPR
2026-01-01,ACC0000002957,268552.98,0.0,63608.49,204944.49,NPR
2026-01-01,ACC0000002958,211063.46,0.0,39999.38,171064.08,NPR
2026-01-01,ACC0000002959,226657.33,0.0,6632.75,220024.58,NPR
2026-01-01,ACC0000002960,81071.65,0.0,0.0,81071.65,NPR
2026-01-01,ACC0000002961,290729.27,41489.3,72335.85,259882.72,NPR
2026-01-01,ACC0000002962,117423.55,0.0,52756.9,64666.65,NPR
2026-01-01,ACC0000002963,121402.35,0.0,34985.4,86416.95,NPR
2026-01-01,ACC0000002964,155233.88,41146.73,53270.61,143110.0,NPR
2026-01-01,ACC0000002965,369844.01,0.0,94050.75,275793.26,NPR
2026-01-01,ACC0000002966,43548.22,8586.17,22447.41,29686.98,NPR
2026-01-01,ACC0000002967,494359.15,25983.17,75825.04,444517.28,NPR
2026-01-01,ACC0000002968,473236.14,0.0,86503.66,386732.48,NPR
2026-01-01,ACC0000002969,483878.92,0.0,28021.53,455857.39,NPR
2026-01-01,ACC0000002970,413227.96,0.0,55156.16,358071.8,NPR
2026-01-01,ACC0000002971,415573.27,19661.67,90214.2,345020.74,NPR
2026-01-01,ACC0000002972,146949.4,45772.11,0.0,192721.51,NPR
2026-01-01,ACC0000002973,43277.04,0.0,0.0,43277.04,NPR
2026-01-01,ACC0000002974,101212.01,0.0,0.0,101212.01,NPR
2026-01-01,ACC0000002975,243724.75,0.0,133896.28,109828.47,NPR
2026-01-01,ACC0000002976,102490.23,22044.14,71844.15,52690.22,NPR
2026-01-01,ACC0000002977,460176.59,0.0,6911.3,453265.29,NPR
2026-01-01,ACC0000002978,199637.54,43622.89,49536.16,193724.27,NPR
2026-01-01,ACC0000002979,66589.45,0.0,33523.52,33065.93,NPR
2026-01-01,ACC0000002980,168757.51,23913.02,17196.48,175474.05,NPR
2026-01-01,ACC0000002981,381955.48,0.0,0.0,381955.48,NPR
2026-01-01,ACC0000002982,261497.94,0.0,0.0,261497.94,NPR
2026-01-01,ACC0000002983,63215.2,27766.39,41156.53,49825.06,NPR
2026-01-01,ACC0000002984,381704.43,0.0,9176.46,372527.97,NPR
2026-01-01,ACC0000002985,167955.76,0.0,0.0,167955.76,NPR
2026-01-01,ACC0000002986,332851.95,6364.3,34504.11,304712.14,NPR
2026-01-01,ACC0000002987,441881.47,0.0,38601.5,403279.97,NPR
2026-01-01,ACC0000002988,354804.87,0.0,50136.9,304667.97,NPR
2026-01-01,ACC0000002989,2908.17,0.0,0.0,2908.17,NPR
2026-01-01,ACC0000002990,28662.7,0.0,0.0,28662.7,NPR
2026-01-01,ACC0000002991,353669.85,30299.95,0.0,383969.8,NPR
2026-01-01,ACC0000002992,265173.67,0.0,47185.89,217987.78,NPR
2026-01-01,ACC0000002993,77623.26,41924.27,9003.41,110544.12,NPR
2026-01-01,ACC0000002994,92784.04,3468.32,0.0,96252.36,NPR
2026-01-01,ACC0000002995,396114.98,0.0,37944.0,358170.98,NPR
2026-01-01,ACC0000002996,204871.22,0.0,39149.8,165721.42,NPR
2026-01-01,ACC0000002997,252964.57,18336.69,73334.43,197966.83,NPR
2026-01-01,ACC0000002998,435851.67,0.0,0.0,435851.67,NPR
2026-01-01,ACC0000002999,282577.02,39458.13,113656.47,208378.68,NPR
2026-01-01,ACC0000003000,63593.65,6016.77,42880.17,26730.25,NPR
2026-01-01,ACC0000003001,370359.55,0.0,33880.32,336479.23,NPR
2026-01-01,ACC0000003002,147906.71,32917.07,7326.63,173497.15,NPR
2026-01-01,ACC0000003003,105747.45,0.0,0.0,105747.45,NPR
2026-01-01,ACC0000003004,390292.94,0.0,44256.66,346036.28,NPR
2026-01-01,ACC0000003005,175380.83,19305.3,14932.38,179753.75,NPR
2026-01-01,ACC0000003006,365694.25,0.0,38915.11,326779.14,NPR
2026-01-01,ACC0000003007,250970.78,30087.4,102356.96,178701.22,NPR
2026-01-01,ACC0000003008,159260.61,11475.6,19166.17,151570.04,NPR
2026-01-01,ACC0000003009,252971.68,32068.89,73876.25,211164.32,NPR
2026-01-01,ACC0000003010,288327.68,0.0,55774.92,232552.76,NPR
2026-01-01,ACC0000003011,439214.32,39497.86,15461.47,463250.71,NPR
2026-01-01,ACC0000003012,182927.46,0.0,48760.59,134166.87,NPR
2026-01-01,ACC0000003013,133325.02,0.0,0.0,133325.02,NPR
2026-01-01,ACC0000003014,489445.57,20506.2,109706.6,400245.17,NPR
2026-01-01,ACC0000003015,358039.36,0.0,0.0,358039.36,NPR
2026-01-01,ACC0000003016,269339.92,0.0,15878.69,253461.23,NPR
2026-01-01,ACC0000003017,93107.35,0.0,0.0,93107.35,NPR
2026-01-01,ACC0000003018,395610.72,0.0,87484.78,308125.94,NPR
2026-01-01,ACC0000003019,120568.43,0.0,101445.99,19122.44,NPR
2026-01-01,ACC0000003020,483464.94,0.0,115196.25,368268.69,NPR
2026-01-01,ACC0000003021,18390.75,18727.46,96598.17,-59479.96,NPR
2026-01-01,ACC0000003022,393847.62,0.0,0.0,393847.62,NPR
2026-01-01,ACC0000003023,174948.74,0.0,0.0,174948.74,NPR
2026-01-01,ACC0000003024,175434.11,0.0,0.0,175434.11,NPR
2026-01-01,ACC0000003025,466606.25,0.0,14451.12,452155.13,NPR
2026-01-01,ACC0000003026,50506.0,0.0,28649.62,21856.38,NPR
2026-01-01,ACC0000003027,12019.87,0.0,19044.67,-7024.8,NPR
2026-01-01,ACC0000003028,476725.12,0.0,0.0,476725.12,NPR
2026-01-01,ACC0000003029,9941.84,0.0,7855.12,2086.72,NPR
2026-01-01,ACC0000003030,163363.17,0.0,31642.13,131721.04,NPR
2026-01-01,ACC0000003031,344367.81,0.0,0.0,344367.81,NPR
2026-01-01,ACC0000003032,130906.45,46469.3,106098.19,71277.56,NPR
2026-01-01,ACC0000003033,290654.06,12112.76,21290.87,281475.95,NPR
2026-01-01,ACC0000003034,136281.01,0.0,0.0,136281.01,NPR
2026-01-01,ACC0000003035,472425.38,30107.9,3450.94,499082.34,NPR
2026-01-01,ACC0000003036,263905.89,28681.0,46053.82,246533.07,NPR
2026-01-01,ACC0000003037,234685.83,0.0,84219.93,150465.9,NPR
2026-01-01,ACC0000003038,223054.37,0.0,171771.26,51283.11,NPR
2026-01-01,ACC0000003039,358605.82,6616.18,81841.04,283380.96,NPR
2026-01-01,ACC0000003040,5881.82,0.0,0.0,5881.82,NPR
2026-01-01,ACC0000003041,313931.74,0.0,79123.27,234808.47,NPR
2026-01-01,ACC0000003042,72579.74,0.0,0.0,72579.74,NPR
2026-01-01,ACC0000003043,174982.19,0.0,75759.48,99222.71,NPR
2026-01-01,ACC0000003044,337214.16,0.0,34480.14,302734.02,NPR
2026-01-01,ACC0000003045,307994.9,24318.31,0.0,332313.21,NPR
2026-01-01,ACC0000003046,272427.22,0.0,0.0,272427.22,NPR
2026-01-01,ACC0000003047,209712.79,0.0,0.0,209712.79,NPR
2026-01-01,ACC0000003048,250436.35,0.0,45628.01,204808.34,NPR
2026-01-01,ACC0000003049,381027.81,0.0,25300.22,355727.59,NPR
2026-01-01,ACC0000003050,199664.27,0.0,0.0,199664.27,NPR
2026-01-01,ACC0000003051,82716.03,0.0,114857.19,-32141.16,NPR
2026-01-01,ACC0000003052,309719.83,0.0,11899.9,297819.93,NPR
2026-01-01,ACC0000003053,149113.63,0.0,59252.66,89860.97,NPR
2026-01-01,ACC0000003054,459346.62,0.0,79363.2,379983.42,NPR
2026-01-01,ACC0000003055,206044.99,37601.81,0.0,243646.8,NPR
2026-01-01,ACC0000003056,113775.39,0.0,91539.47,22235.92,NPR
2026-01-01,ACC0000003057,42080.33,0.0,0.0,42080.33,NPR
2026-01-01,ACC0000003058,399557.52,0.0,104031.85,295525.67,NPR
2026-01-01,ACC0000003059,284924.69,0.0,0.0,284924.69,NPR
2026-01-01,ACC0000003060,79312.68,0.0,0.0,79312.68,NPR
2026-01-01,ACC0000003061,337735.62,3439.6,49169.22,292006.0,NPR
2026-01-01,ACC0000003062,141211.03,2474.75,28296.55,115389.23,NPR
2026-01-01,ACC0000003063,470099.86,97593.97,42226.55,525467.28,NPR
2026-01-01,ACC0000003064,364572.89,0.0,235869.51,128703.38,NPR
2026-01-01,ACC0000003065,459037.7,43596.26,50664.84,451969.12,NPR
2026-01-01,ACC0000003066,212277.04,19999.32,0.0,232276.36,NPR
2026-01-01,ACC0000003067,116196.53,23700.27,1772.84,138123.96,NPR
2026-01-01,ACC0000003068,376872.11,0.0,134330.32,242541.79,NPR
2026-01-01,ACC0000003069,215632.23,0.0,97895.15,117737.08,NPR
2026-01-01,ACC0000003070,199915.43,0.0,17494.14,182421.29,NPR
2026-01-01,ACC0000003071,452049.52,0.0,75059.25,376990.27,NPR
2026-01-01,ACC0000003072,204843.37,0.0,91171.81,113671.56,NPR
2026-01-01,ACC0000003073,297622.95,0.0,0.0,297622.95,NPR
2026-01-01,ACC0000003074,302330.48,40250.0,4476.29,338104.19,NPR
2026-01-01,ACC0000003075,47687.42,0.0,0.0,47687.42,NPR
2026-01-01,ACC0000003076,136043.74,0.0,0.0,136043.74,NPR
2026-01-01,ACC0000003077,423814.47,0.0,61727.98,362086.49,NPR
2026-01-01,ACC0000003078,445374.36,0.0,133411.31,311963.05,NPR
2026-01-01,ACC0000003079,437269.23,0.0,22377.13,414892.1,NPR
2026-01-01,ACC0000003080,444347.26,0.0,58817.2,385530.06,NPR
2026-01-01,ACC0000003081,273358.04,0.0,135771.36,137586.68,NPR
2026-01-01,ACC0000003082,32007.93,0.0,55325.96,-23318.03,NPR
2026-01-01,ACC0000003083,418326.78,0.0,31282.91,387043.87,NPR
2026-01-01,ACC0000003084,171317.96,15093.43,49664.73,136746.66,NPR
2026-01-01,ACC0000003085,286830.22,23882.78,38956.12,271756.88,NPR
2026-01-01,ACC0000003086,151749.49,13959.31,7102.79,158606.01,NPR
2026-01-01,ACC0000003087,498521.4,27081.81,12589.58,513013.63,NPR
2026-01-01,ACC0000003088,348779.15,0.0,17925.01,330854.14,NPR
2026-01-01,ACC0000003089,397932.57,22024.16,107520.83,312435.9,NPR
2026-01-01,ACC0000003090,243310.72,0.0,20722.08,222588.64,NPR
2026-01-01,ACC0000003091,338175.99,0.0,79266.16,258909.83,NPR
2026-01-01,ACC0000003092,315917.32,0.0,81026.13,234891.19,NPR
2026-01-01,ACC0000003093,413049.35,48753.72,60742.99,401060.08,NPR
2026-01-01,ACC0000003094,407314.96,47367.16,194204.95,260477.17,NPR
2026-01-01,ACC0000003095,165113.1,0.0,0.0,165113.1,NPR
2026-01-01,ACC0000003096,392666.68,0.0,194152.8,198513.88,NPR
2026-01-01,ACC0000003097,403600.81,0.0,48664.41,354936.4,NPR
2026-01-01,ACC0000003098,5542.18,40544.14,52177.81,-6091.49,NPR
2026-01-01,ACC0000003099,127090.96,0.0,187126.53,-60035.57,NPR
2026-01-01,ACC0000003100,57246.64,42776.7,66721.83,33301.51,NPR
2026-01-01,ACC0000003101,209594.51,4623.95,58211.88,156006.58,NPR
2026-01-01,ACC0000003102,396943.74,4662.28,20072.18,381533.84,NPR
2026-01-01,ACC0000003103,483404.47,46930.48,74645.76,455689.19,NPR
2026-01-01,ACC0000003104,449659.6,0.0,54006.22,395653.38,NPR
2026-01-01,ACC0000003105,211997.0,0.0,63319.95,148677.05,NPR
2026-01-01,ACC0000003106,34992.87,19908.34,38615.07,16286.14,NPR
2026-01-01,ACC0000003107,113485.03,0.0,0.0,113485.03,NPR
2026-01-01,ACC0000003108,346040.24,76199.13,55364.06,366875.31,NPR
2026-01-01,ACC0000003109,61348.24,0.0,60134.78,1213.46,NPR
2026-01-01,ACC0000003110,450141.25,0.0,0.0,450141.25,NPR
2026-01-01,ACC0000003111,254184.75,0.0,45141.43,209043.32,NPR
2026-01-01,ACC0000003112,142507.88,0.0,0.0,142507.88,NPR
2026-01-01,ACC0000003113,301401.79,79216.75,70499.4,310119.14,NPR
2026-01-01,ACC0000003114,431589.79,0.0,135964.53,295625.26,NPR
2026-01-01,ACC0000003115,11978.37,0.0,17918.19,-5939.82,NPR
2026-01-01,ACC0000003116,254654.21,878.73,128306.84,127226.1,NPR
2026-01-01,ACC0000003117,129492.23,0.0,0.0,129492.23,NPR
2026-01-01,ACC0000003118,87868.86,27182.5,25743.27,89308.09,NPR
2026-01-01,ACC0000003119,255322.52,0.0,42177.27,213145.25,NPR
2026-01-01,ACC0000003120,493931.05,20068.79,0.0,513999.84,NPR
2026-01-01,ACC0000003121,88500.63,0.0,160975.24,-72474.61,NPR
2026-01-01,ACC0000003122,68294.62,0.0,17218.94,51075.68,NPR
2026-01-01,ACC0000003123,127442.52,0.0,50645.94,76796.58,NPR
2026-01-01,ACC0000003124,279414.95,0.0,45226.91,234188.04,NPR
2026-01-01,ACC0000003125,297888.61,2186.0,89101.35,210973.26,NPR
2026-01-01,ACC0000003126,165106.66,0.0,89969.53,75137.13,NPR
2026-01-01,ACC0000003127,272720.71,0.0,19715.84,253004.87,NPR
2026-01-01,ACC0000003128,107083.81,0.0,0.0,107083.81,NPR
2026-01-01,ACC0000003129,266840.02,0.0,131137.53,135702.49,NPR
2026-01-01,ACC0000003130,145378.33,15883.73,74187.83,87074.23,NPR
2026-01-01,ACC0000003131,427871.41,0.0,54108.85,373762.56,NPR
2026-01-01,ACC0000003132,294240.11,0.0,75592.01,218648.1,NPR
2026-01-01,ACC0000003133,476233.77,0.0,33403.73,442830.04,NPR
2026-01-01,ACC0000003134,160700.67,15096.67,48558.05,127239.29,NPR
2026-01-01,ACC0000003135,355338.08,0.0,0.0,355338.08,NPR
2026-01-01,ACC0000003136,234879.67,0.0,41489.07,193390.6,NPR
2026-01-01,ACC0000003137,163053.67,30534.53,0.0,193588.2,NPR
2026-01-01,ACC0000003138,57157.97,0.0,49665.52,7492.45,NPR
2026-01-01,ACC0000003139,305189.18,38950.49,39351.36,304788.31,NPR
2026-01-01,ACC0000003140,162304.22,17957.22,4942.28,175319.16,NPR
2026-01-01,ACC0000003141,131446.29,0.0,54666.95,76779.34,NPR
2026-01-01,ACC0000003142,202162.64,0.0,0.0,202162.64,NPR
2026-01-01,ACC0000003143,83607.28,0.0,0.0,83607.28,NPR
2026-01-01,ACC0000003144,178047.61,39116.74,87807.73,129356.62,NPR
2026-01-01,ACC0000003145,409342.74,35921.24,0.0,445263.98,NPR
2026-01-01,ACC0000003146,222536.78,0.0,30233.95,192302.83,NPR
2026-01-01,ACC0000003147,435792.18,0.0,34681.18,401111.0,NPR
2026-01-01,ACC0000003148,235273.33,24234.23,68380.69,191126.87,NPR
2026-01-01,ACC0000003149,69538.59,7740.32,35496.08,41782.83,NPR
2026-01-01,ACC0000003150,288793.58,0.0,0.0,288793.58,NPR
2026-01-01,ACC0000003151,156508.69,32669.89,47776.17,141402.41,NPR
2026-01-01,ACC0000003152,252234.27,209.63,32832.38,219611.52,NPR
2026-01-01,ACC0000003153,105115.07,0.0,10550.96,94564.11,NPR
2026-01-01,ACC0000003154,291435.54,0.0,18715.9,272719.64,NPR
2026-01-01,ACC0000003155,309838.48,533.79,48163.38,262208.89,NPR
2026-01-01,ACC0000003156,285603.42,0.0,154690.54,130912.88,NPR
2026-01-01,ACC0000003157,338678.61,0.0,48897.89,289780.72,NPR
2026-01-01,ACC0000003158,231358.2,0.0,0.0,231358.2,NPR
2026-01-01,ACC0000003159,411589.65,34786.47,103402.5,342973.62,NPR
2026-01-01,ACC0000003160,170654.96,0.0,31995.72,138659.24,NPR
2026-01-01,ACC0000003161,260138.3,0.0,46761.79,213376.51,NPR
2026-01-01,ACC0000003162,91111.91,0.0,0.0,91111.91,NPR
2026-01-01,ACC0000003163,280094.73,0.0,18310.92,261783.81,NPR
2026-01-01,ACC0000003164,360588.69,0.0,4027.49,356561.2,NPR
2026-01-01,ACC0000003165,5570.62,0.0,42852.06,-37281.44,NPR
2026-01-01,ACC0000003166,338913.89,39504.12,15525.64,362892.37,NPR
2026-01-01,ACC0000003167,43031.21,0.0,0.0,43031.21,NPR
2026-01-01,ACC0000003168,309851.42,0.0,7949.43,301901.99,NPR
2026-01-01,ACC0000003169,194227.24,0.0,155715.79,38511.45,NPR
2026-01-01,ACC0000003170,5075.4,0.0,48245.53,-43170.13,NPR
2026-01-01,ACC0000003171,429600.59,10751.89,177756.4,262596.08,NPR
2026-01-01,ACC0000003172,52067.54,0.0,126499.97,-74432.43,NPR
2026-01-01,ACC0000003173,454126.49,0.0,44914.85,409211.64,NPR
2026-01-01,ACC0000003174,311387.36,15772.47,84809.01,242350.82,NPR
2026-01-01,ACC0000003175,38486.56,51557.2,150731.64,-60687.88,NPR
2026-01-01,ACC0000003176,362120.31,0.0,45768.9,316351.41,NPR
2026-01-01,ACC0000003177,413068.45,0.0,17755.28,395313.17,NPR
2026-01-01,ACC0000003178,206774.87,0.0,9540.66,197234.21,NPR
2026-01-01,ACC0000003179,294382.51,0.0,40384.94,253997.57,NPR
2026-01-01,ACC0000003180,277188.34,0.0,0.0,277188.34,NPR
2026-01-01,ACC0000003181,422050.33,0.0,0.0,422050.33,NPR
2026-01-01,ACC0000003182,268639.53,0.0,0.0,268639.53,NPR
2026-01-01,ACC0000003183,237668.86,68891.21,20084.81,286475.26,NPR
2026-01-01,ACC0000003184,261254.64,0.0,17973.5,243281.14,NPR
2026-01-01,ACC0000003185,485488.64,29826.68,71133.97,444181.35,NPR
2026-01-01,ACC0000003186,232228.9,31320.79,69060.76,194488.93,NPR
2026-01-01,ACC0000003187,347307.0,0.0,33114.96,314192.04,NPR
2026-01-01,ACC0000003188,3864.36,0.0,43918.84,-40054.48,NPR
2026-01-01,ACC0000003189,37238.91,0.0,0.0,37238.91,NPR
2026-01-01,ACC0000003190,14120.88,0.0,15582.32,-1461.44,NPR
2026-01-01,ACC0000003191,83725.19,0.0,24640.08,59085.11,NPR
2026-01-01,ACC0000003192,401838.5,0.0,60220.0,341618.5,NPR
2026-01-01,ACC0000003193,113601.92,0.0,9654.51,103947.41,NPR
2026-01-01,ACC0000003194,243467.2,45905.31,103175.22,186197.29,NPR
2026-01-01,ACC0000003195,462087.78,40852.96,102804.23,400136.51,NPR
2026-01-01,ACC0000003196,367275.18,0.0,81732.64,285542.54,NPR
2026-01-01,ACC0000003197,356072.43,0.0,0.0,356072.43,NPR
2026-01-01,ACC0000003198,350821.4,2298.41,46060.43,307059.38,NPR
2026-01-01,ACC0000003199,443435.72,63803.66,37780.59,469458.79,NPR
2026-01-01,ACC0000003200,470935.0,0.0,82004.39,388930.61,NPR
2026-01-01,ACC0000003201,266981.0,34477.48,9131.11,292327.37,NPR
2026-01-01,ACC0000003202,18580.21,0.0,21532.92,-2952.71,NPR
2026-01-01,ACC0000003203,373566.85,13379.36,0.0,386946.21,NPR
2026-01-01,ACC0000003204,163634.43,2383.07,51071.03,114946.47,NPR
2026-01-01,ACC0000003205,366690.32,0.0,64513.1,302177.22,NPR
2026-01-01,ACC0000003206,64903.86,0.0,55934.67,8969.19,NPR
2026-01-01,ACC0000003207,234768.15,0.0,34078.5,200689.65,NPR
2026-01-01,ACC0000003208,31593.5,0.0,7750.95,23842.55,NPR
2026-01-01,ACC0000003209,275305.06,0.0,62116.86,213188.2,NPR
2026-01-01,ACC0000003210,75169.03,416.21,59564.16,16021.08,NPR
2026-01-01,ACC0000003211,389737.57,0.0,78337.43,311400.14,NPR
2026-01-01,ACC0000003212,343298.67,0.0,49017.84,294280.83,NPR
2026-01-01,ACC0000003213,242589.42,29648.89,0.0,272238.31,NPR
2026-01-01,ACC0000003214,41757.08,43805.5,98936.3,-13373.72,NPR
2026-01-01,ACC0000003215,423109.03,0.0,32637.87,390471.16,NPR
2026-01-01,ACC0000003216,239392.37,6978.54,135277.2,111093.71,NPR
2026-01-01,ACC0000003217,262736.01,0.0,62320.54,200415.47,NPR
2026-01-01,ACC0000003218,206631.59,0.0,173943.54,32688.05,NPR
2026-01-01,ACC0000003219,305701.79,16660.51,65480.51,256881.79,NPR
2026-01-01,ACC0000003220,102427.45,17391.86,103168.69,16650.62,NPR
2026-01-01,ACC0000003221,168829.0,51872.27,37909.34,182791.93,NPR
2026-01-01,ACC0000003222,431696.36,30335.78,0.0,462032.14,NPR
2026-01-01,ACC0000003223,423757.09,0.0,64394.63,359362.46,NPR
2026-01-01,ACC0000003224,411360.38,0.0,38031.16,373329.22,NPR
2026-01-01,ACC0000003225,440029.65,13013.51,0.0,453043.16,NPR
2026-01-01,ACC0000003226,233850.26,0.0,9113.11,224737.15,NPR
2026-01-01,ACC0000003227,288248.95,45784.33,66154.67,267878.61,NPR
2026-01-01,ACC0000003228,195482.44,49606.27,95425.19,149663.52,NPR
2026-01-01,ACC0000003229,31520.43,9137.22,62351.76,-21694.11,NPR
2026-01-01,ACC0000003230,310460.76,63752.76,47073.91,327139.61,NPR
2026-01-01,ACC0000003231,344639.81,4549.06,0.0,349188.87,NPR
2026-01-01,ACC0000003232,61746.89,0.0,62262.49,-515.6,NPR
2026-01-01,ACC0000003233,344326.21,0.0,3451.08,340875.13,NPR
2026-01-01,ACC0000003234,338177.81,0.0,0.0,338177.81,NPR
2026-01-01,ACC0000003235,65553.55,0.0,0.0,65553.55,NPR
2026-01-01,ACC0000003236,256864.21,0.0,64414.46,192449.75,NPR
2026-01-01,ACC0000003237,124615.2,70132.05,0.0,194747.25,NPR
2026-01-01,ACC0000003238,306527.19,0.0,25363.05,281164.14,NPR
2026-01-01,ACC0000003239,282781.59,0.0,86320.85,196460.74,NPR
2026-01-01,ACC0000003240,435567.67,74414.22,67408.56,442573.33,NPR
2026-01-01,ACC0000003241,49298.3,0.0,0.0,49298.3,NPR
2026-01-01,ACC0000003242,346112.39,10166.03,76665.03,279613.39,NPR
2026-01-01,ACC0000003243,484686.66,20458.42,34874.91,470270.17,NPR
2026-01-01,ACC0000003244,181911.98,35478.65,59133.26,158257.37,NPR
2026-01-01,ACC0000003245,86576.67,0.0,14556.64,72020.03,NPR
2026-01-01,ACC0000003246,69808.21,28837.74,43883.25,54762.7,NPR
2026-01-01,ACC0000003247,80751.87,45107.73,100004.23,25855.37,NPR
2026-01-01,ACC0000003248,391402.21,7240.78,950.27,397692.72,NPR
2026-01-01,ACC0000003249,208857.65,0.0,36754.01,172103.64,NPR
2026-01-01,ACC0000003250,446473.62,7482.81,15690.79,438265.64,NPR
2026-01-01,ACC0000003251,20634.56,38537.46,116859.52,-57687.5,NPR
2026-01-01,ACC0000003252,443932.45,0.0,14895.21,429037.24,NPR
2026-01-01,ACC0000003253,336585.37,74673.49,12265.41,398993.45,NPR
2026-01-01,ACC0000003254,303386.7,0.0,124690.34,178696.36,NPR
2026-01-01,ACC0000003255,272306.44,15538.44,36485.36,251359.52,NPR
2026-01-01,ACC0000003256,36915.35,0.0,75408.28,-38492.93,NPR
2026-01-01,ACC0000003257,497423.71,49542.89,43696.56,503270.04,NPR
2026-01-01,ACC0000003258,58663.5,23376.88,89314.24,-7273.86,NPR
2026-01-01,ACC0000003259,305988.9,20974.83,13974.56,312989.17,NPR
2026-01-01,ACC0000003260,75964.43,0.0,68087.1,7877.33,NPR
2026-01-01,ACC0000003261,45608.11,46004.47,89491.0,2121.58,NPR
2026-01-01,ACC0000003262,107451.15,0.0,25128.21,82322.94,NPR
2026-01-01,ACC0000003263,153247.41,34233.19,21878.08,165602.52,NPR
2026-01-01,ACC0000003264,205400.16,0.0,0.0,205400.16,NPR
2026-01-01,ACC0000003265,30643.28,22920.34,47813.62,5750.0,NPR
2026-01-01,ACC0000003266,133589.05,36473.16,6312.89,163749.32,NPR
2026-01-01,ACC0000003267,124244.47,0.0,160551.27,-36306.8,NPR
2026-01-01,ACC0000003268,296415.49,9146.35,42215.23,263346.61,NPR
2026-01-01,ACC0000003269,116264.88,47961.25,0.0,164226.13,NPR
2026-01-01,ACC0000003270,425971.79,0.0,49207.11,376764.68,NPR
2026-01-01,ACC0000003271,360318.18,42840.61,65770.95,337387.84,NPR
2026-01-01,ACC0000003272,16065.69,0.0,60997.33,-44931.64,NPR
2026-01-01,ACC0000003273,134184.0,0.0,59569.38,74614.62,NPR
2026-01-01,ACC0000003274,435336.58,14397.19,49424.79,400308.98,NPR
2026-01-01,ACC0000003275,174592.1,12250.77,14611.7,172231.17,NPR
2026-01-01,ACC0000003276,424268.7,42169.14,27329.12,439108.72,NPR
2026-01-01,ACC0000003277,154261.78,0.0,44809.8,109451.98,NPR
2026-01-01,ACC0000003278,96342.21,23935.9,48950.74,71327.37,NPR
2026-01-01,ACC0000003279,118422.31,0.0,23993.68,94428.63,NPR
2026-01-01,ACC0000003280,291173.08,0.0,0.0,291173.08,NPR
2026-01-01,ACC0000003281,7911.47,38986.03,61402.63,-14505.13,NPR
2026-01-01,ACC0000003282,493036.7,0.0,29419.15,463617.55,NPR
2026-01-01,ACC0000003283,470390.89,0.0,42339.69,428051.2,NPR
2026-01-01,ACC0000003284,424709.99,0.0,0.0,424709.99,NPR
2026-01-01,ACC0000003285,139341.74,0.0,0.0,139341.74,NPR
2026-01-01,ACC0000003286,359981.56,38206.47,78131.64,320056.39,NPR
2026-01-01,ACC0000003287,452616.73,17105.49,16084.97,453637.25,NPR
2026-01-01,ACC0000003288,216556.06,0.0,26080.85,190475.21,NPR
2026-01-01,ACC0000003289,246850.32,0.0,0.0,246850.32,NPR
2026-01-01,ACC0000003290,368503.84,0.0,31036.11,337467.73,NPR
2026-01-01,ACC0000003291,28378.38,58983.0,37113.18,50248.2,NPR
2026-01-01,ACC0000003292,306235.07,0.0,74615.73,231619.34,NPR
2026-01-01,ACC0000003293,292703.29,0.0,55177.02,237526.27,NPR
2026-01-01,ACC0000003294,245282.19,36105.62,0.0,281387.81,NPR
2026-01-01,ACC0000003295,219848.24,1795.83,91624.9,130019.17,NPR
2026-01-01,ACC0000003296,8633.6,0.0,40147.29,-31513.69,NPR
2026-01-01,ACC0000003297,30434.74,17023.76,0.0,47458.5,NPR
2026-01-01,ACC0000003298,122543.8,0.0,17116.19,105427.61,NPR
2026-01-01,ACC0000003299,499469.96,0.0,0.0,499469.96,NPR
2026-01-01,ACC0000003300,65985.36,0.0,40663.91,25321.45,NPR
2026-01-01,ACC0000003301,489943.82,84626.35,91026.13,483544.04,NPR
2026-01-01,ACC0000003302,289728.12,0.0,16654.98,273073.14,NPR
2026-01-01,ACC0000003303,117817.51,4493.06,85560.23,36750.34,NPR
2026-01-01,ACC0000003304,473169.93,0.0,0.0,473169.93,NPR
2026-01-01,ACC0000003305,33156.02,57922.6,90684.95,393.67,NPR
2026-01-01,ACC0000003306,111877.5,0.0,75496.26,36381.24,NPR
2026-01-01,ACC0000003307,264744.7,0.0,46022.46,218722.24,NPR
2026-01-01,ACC0000003308,471211.72,57883.6,57225.75,471869.57,NPR
2026-01-01,ACC0000003309,443281.1,23016.19,37060.4,429236.89,NPR
2026-01-01,ACC0000003310,48556.33,0.0,3730.17,44826.16,NPR
2026-01-01,ACC0000003311,205930.64,12847.22,8693.92,210083.94,NPR
2026-01-01,ACC0000003312,260205.54,0.0,43362.34,216843.2,NPR
2026-01-01,ACC0000003313,145037.87,0.0,71837.31,73200.56,NPR
2026-01-01,ACC0000003314,143846.72,0.0,112859.15,30987.57,NPR
2026-01-01,ACC0000003315,435134.65,0.0,58425.36,376709.29,NPR
2026-01-01,ACC0000003316,113583.01,0.0,0.0,113583.01,NPR
2026-01-01,ACC0000003317,309957.49,16235.83,0.0,326193.32,NPR
2026-01-01,ACC0000003318,436763.83,41034.09,39281.05,438516.87,NPR
2026-01-01,ACC0000003319,393726.37,44831.01,141807.88,296749.5,NPR
2026-01-01,ACC0000003320,478148.49,90953.64,82279.86,486822.27,NPR
2026-01-01,ACC0000003321,318518.12,0.0,61704.5,256813.62,NPR
2026-01-01,ACC0000003322,284926.97,59523.25,82603.76,261846.46,NPR
2026-01-01,ACC0000003323,72684.47,0.0,0.0,72684.47,NPR
2026-01-01,ACC0000003324,388701.46,5802.56,46340.55,348163.47,NPR
2026-01-01,ACC0000003325,340079.58,0.0,0.0,340079.58,NPR
2026-01-01,ACC0000003326,477933.05,0.0,0.0,477933.05,NPR
2026-01-01,ACC0000003327,471704.61,23719.15,29425.14,465998.62,NPR
2026-01-01,ACC0000003328,353893.49,27486.78,30281.65,351098.62,NPR
2026-01-01,ACC0000003329,476505.43,0.0,1660.42,474845.01,NPR
2026-01-01,ACC0000003330,327800.16,0.0,10844.26,316955.9,NPR
2026-01-01,ACC0000003331,286570.05,82472.9,76572.19,292470.76,NPR
2026-01-01,ACC0000003332,386220.93,0.0,0.0,386220.93,NPR
2026-01-01,ACC0000003333,460466.53,0.0,0.0,460466.53,NPR
2026-01-01,ACC0000003334,224129.69,0.0,78800.49,145329.2,NPR
2026-01-01,ACC0000003335,38863.46,310.56,329.65,38844.37,NPR
2026-01-01,ACC0000003336,436435.72,0.0,43076.35,393359.37,NPR
2026-01-01,ACC0000003337,443123.18,0.0,81012.74,362110.44,NPR
2026-01-01,ACC0000003338,254922.2,0.0,62692.19,192230.01,NPR
2026-01-01,ACC0000003339,200803.43,0.0,19557.67,181245.76,NPR
2026-01-01,ACC0000003340,310516.29,0.0,161583.3,148932.99,NPR
2026-01-01,ACC0000003341,475645.35,15661.09,84118.16,407188.28,NPR
2026-01-01,ACC0000003342,418449.23,0.0,96395.72,322053.51,NPR
2026-01-01,ACC0000003343,272044.57,0.0,0.0,272044.57,NPR
2026-01-01,ACC0000003344,467705.79,0.0,0.0,467705.79,NPR
2026-01-01,ACC0000003345,149351.04,29644.98,70289.98,108706.04,NPR
2026-01-01,ACC0000003346,320503.81,0.0,36346.59,284157.22,NPR
2026-01-01,ACC0000003347,271673.98,83110.64,14540.09,340244.53,NPR
2026-01-01,ACC0000003348,410974.23,0.0,8637.32,402336.91,NPR
2026-01-01,ACC0000003349,480351.44,0.0,0.0,480351.44,NPR
2026-01-01,ACC0000003350,247711.78,0.0,132013.59,115698.19,NPR
2026-01-01,ACC0000003351,381867.56,0.0,87445.85,294421.71,NPR
2026-01-01,ACC0000003352,267209.19,0.0,0.0,267209.19,NPR
2026-01-01,ACC0000003353,139115.74,0.0,0.0,139115.74,NPR
2026-01-01,ACC0000003354,345141.91,9265.76,100991.92,253415.75,NPR
2026-01-01,ACC0000003355,107075.22,8389.06,71537.32,43926.96,NPR
2026-01-01,ACC0000003356,271065.21,0.0,0.0,271065.21,NPR
2026-01-01,ACC0000003357,423939.67,76339.67,120003.15,380276.19,NPR
2026-01-01,ACC0000003358,459793.91,15942.97,15115.67,460621.21,NPR
2026-01-01,ACC0000003359,413468.23,0.0,0.0,413468.23,NPR
2026-01-01,ACC0000003360,163875.59,0.0,36272.57,127603.02,NPR
2026-01-01,ACC0000003361,299213.23,800.58,0.0,300013.81,NPR
2026-01-01,ACC0000003362,248857.23,0.0,24663.73,224193.5,NPR
2026-01-01,ACC0000003363,240917.5,0.0,159048.78,81868.72,NPR
2026-01-01,ACC0000003364,375888.86,43278.66,23047.21,396120.31,NPR
2026-01-01,ACC0000003365,479572.91,0.0,35409.43,444163.48,NPR
2026-01-01,ACC0000003366,103010.97,0.0,150657.06,-47646.09,NPR
2026-01-01,ACC0000003367,303473.7,0.0,0.0,303473.7,NPR
2026-01-01,ACC0000003368,125801.91,32868.89,17232.29,141438.51,NPR
2026-01-01,ACC0000003369,168883.09,0.0,50517.32,118365.77,NPR
2026-01-01,ACC0000003370,253900.15,0.0,0.0,253900.15,NPR
2026-01-01,ACC0000003371,405576.61,38052.75,41507.41,402121.95,NPR
2026-01-01,ACC0000003372,19756.59,0.0,70949.55,-51192.96,NPR
2026-01-01,ACC0000003373,376926.72,0.0,0.0,376926.72,NPR
2026-01-01,ACC0000003374,346774.22,0.0,2406.08,344368.14,NPR
2026-01-01,ACC0000003375,38797.94,8511.39,0.0,47309.33,NPR
2026-01-01,ACC0000003376,161257.24,83141.97,0.0,244399.21,NPR
2026-01-01,ACC0000003377,210277.99,9518.06,0.0,219796.05,NPR
2026-01-01,ACC0000003378,170013.09,0.0,69923.44,100089.65,NPR
2026-01-01,ACC0000003379,279358.65,26641.77,25716.88,280283.54,NPR
2026-01-01,ACC0000003380,335582.97,19332.55,77293.93,277621.59,NPR
2026-01-01,ACC0000003381,153295.48,41156.14,58223.58,136228.04,NPR
2026-01-01,ACC0000003382,151181.99,0.0,21325.88,129856.11,NPR
2026-01-01,ACC0000003383,287458.68,0.0,100439.67,187019.01,NPR
2026-01-01,ACC0000003384,55161.7,0.0,74790.94,-19629.24,NPR
2026-01-01,ACC0000003385,374036.74,0.0,6734.21,367302.53,NPR
2026-01-01,ACC0000003386,202171.28,0.0,46114.05,156057.23,NPR
2026-01-01,ACC0000003387,70038.72,0.0,12335.33,57703.39,NPR
2026-01-01,ACC0000003388,311807.6,0.0,69359.91,242447.69,NPR
2026-01-01,ACC0000003389,408252.4,0.0,0.0,408252.4,NPR
2026-01-01,ACC0000003390,95305.9,0.0,48629.87,46676.03,NPR
2026-01-01,ACC0000003391,105621.09,0.0,18383.99,87237.1,NPR
2026-01-01,ACC0000003392,248148.15,0.0,34.83,248113.32,NPR
2026-01-01,ACC0000003393,174474.91,0.0,90663.29,83811.62,NPR
2026-01-01,ACC0000003394,383894.12,0.0,0.0,383894.12,NPR
2026-01-01,ACC0000003395,194460.66,0.0,35697.27,158763.39,NPR
2026-01-01,ACC0000003396,414056.03,0.0,1595.68,412460.35,NPR
2026-01-01,ACC0000003397,85634.09,49548.99,71713.5,63469.58,NPR
2026-01-01,ACC0000003398,80067.46,0.0,63296.85,16770.61,NPR
2026-01-01,ACC0000003399,125672.45,6784.42,0.0,132456.87,NPR
2026-01-01,ACC0000003400,20178.02,0.0,39368.53,-19190.51,NPR
2026-01-01,ACC0000003401,63332.33,34447.43,20388.77,77390.99,NPR
2026-01-01,ACC0000003402,441146.69,0.0,60265.33,380881.36,NPR
2026-01-01,ACC0000003403,226913.99,0.0,198975.37,27938.62,NPR
2026-01-01,ACC0000003404,105463.48,0.0,0.0,105463.48,NPR
2026-01-01,ACC0000003405,40511.94,0.0,0.0,40511.94,NPR
2026-01-01,ACC0000003406,307945.21,0.0,0.0,307945.21,NPR
2026-01-01,ACC0000003407,288178.92,0.0,87130.66,201048.26,NPR
2026-01-01,ACC0000003408,182945.31,28770.08,117888.99,93826.4,NPR
2026-01-01,ACC0000003409,336421.34,42356.88,23539.1,355239.12,NPR
2026-01-01,ACC0000003410,465173.32,0.0,0.0,465173.32,NPR
2026-01-01,ACC0000003411,314433.84,0.0,22743.85,291689.99,NPR
2026-01-01,ACC0000003412,42327.93,33807.94,60955.0,15180.87,NPR
2026-01-01,ACC0000003413,57105.27,0.0,31387.95,25717.32,NPR
2026-01-01,ACC0000003414,383909.97,0.0,136656.36,247253.61,NPR
2026-01-01,ACC0000003415,223100.53,0.0,50130.26,172970.27,NPR
2026-01-01,ACC0000003416,274872.6,0.0,0.0,274872.6,NPR
2026-01-01,ACC0000003417,466870.73,14274.68,70127.06,411018.35,NPR
2026-01-01,ACC0000003418,31531.65,0.0,0.0,31531.65,NPR
2026-01-01,ACC0000003419,70269.31,0.0,44666.93,25602.38,NPR
2026-01-01,ACC0000003420,434226.26,16426.52,96789.56,353863.22,NPR
2026-01-01,ACC0000003421,369632.05,41546.33,5844.37,405334.01,NPR
2026-01-01,ACC0000003422,240293.89,0.0,54418.8,185875.09,NPR
2026-01-01,ACC0000003423,392809.24,44784.89,41076.92,396517.21,NPR
2026-01-01,ACC0000003424,260343.19,14705.75,42876.67,232172.27,NPR
2026-01-01,ACC0000003425,120595.53,0.0,60261.48,60334.05,NPR
2026-01-01,ACC0000003426,34950.17,29518.4,208497.47,-144028.9,NPR
2026-01-01,ACC0000003427,222225.42,0.0,68312.14,153913.28,NPR
2026-01-01,ACC0000003428,333926.91,0.0,153809.85,180117.06,NPR
2026-01-01,ACC0000003429,495249.43,0.0,110115.52,385133.91,NPR
2026-01-01,ACC0000003430,87874.03,0.0,47493.8,40380.23,NPR
2026-01-01,ACC0000003431,405548.58,0.0,0.0,405548.58,NPR
2026-01-01,ACC0000003432,402379.95,0.0,38293.98,364085.97,NPR
2026-01-01,ACC0000003433,313870.86,0.0,0.0,313870.86,NPR
2026-01-01,ACC0000003434,14669.78,38616.64,2898.52,50387.9,NPR
2026-01-01,ACC0000003435,128506.21,47629.14,0.0,176135.35,NPR
2026-01-01,ACC0000003436,486351.78,75045.58,92140.92,469256.44,NPR
2026-01-01,ACC0000003437,69166.34,31784.4,129300.74,-28350.0,NPR
2026-01-01,ACC0000003438,50610.26,0.0,0.0,50610.26,NPR
2026-01-01,ACC0000003439,195550.47,0.0,133269.81,62280.66,NPR
2026-01-01,ACC0000003440,171671.11,0.0,0.0,171671.11,NPR
2026-01-01,ACC0000003441,447761.58,0.0,97469.7,350291.88,NPR
2026-01-01,ACC0000003442,266699.53,0.0,0.0,266699.53,NPR
2026-01-01,ACC0000003443,235003.08,91037.39,49926.17,276114.3,NPR
2026-01-01,ACC0000003444,380013.8,21991.4,21633.14,380372.06,NPR
2026-01-01,ACC0000003445,335153.14,0.0,0.0,335153.14,NPR
2026-01-01,ACC0000003446,424530.65,16023.75,81286.34,359268.06,NPR
2026-01-01,ACC0000003447,32417.22,0.0,113325.87,-80908.65,NPR
2026-01-01,ACC0000003448,215824.87,0.0,0.0,215824.87,NPR
2026-01-01,ACC0000003449,455839.88,463.89,85953.89,370349.88,NPR
2026-01-01,ACC0000003450,371790.82,39231.82,45285.68,365736.96,NPR
2026-01-01,ACC0000003451,198018.44,0.0,56576.92,141441.52,NPR
2026-01-01,ACC0000003452,292256.99,0.0,0.0,292256.99,NPR
2026-01-01,ACC0000003453,450186.53,19519.55,0.0,469706.08,NPR
2026-01-01,ACC0000003454,134043.03,16318.91,35375.15,114986.79,NPR
2026-01-01,ACC0000003455,390674.08,0.0,0.0,390674.08,NPR
2026-01-01,ACC0000003456,278139.54,0.0,17843.53,260296.01,NPR
2026-01-01,ACC0000003457,358534.95,0.0,33793.42,324741.53,NPR
2026-01-01,ACC0000003458,127908.03,0.0,150121.56,-22213.53,NPR
2026-01-01,ACC0000003459,387251.67,0.0,77019.63,310232.04,NPR
2026-01-01,ACC0000003460,50542.66,0.0,31915.93,18626.73,NPR
2026-01-01,ACC0000003461,171694.21,11832.3,9425.6,174100.91,NPR
2026-01-01,ACC0000003462,37022.74,0.0,48492.85,-11470.11,NPR
2026-01-01,ACC0000003463,236554.34,0.0,0.0,236554.34,NPR
2026-01-01,ACC0000003464,464298.59,0.0,0.0,464298.59,NPR
2026-01-01,ACC0000003465,53607.23,0.0,88686.86,-35079.63,NPR
2026-01-01,ACC0000003466,425257.84,0.0,7888.43,417369.41,NPR
2026-01-01,ACC0000003467,451601.51,0.0,0.0,451601.51,NPR
2026-01-01,ACC0000003468,1917.5,10194.56,29156.3,-17044.24,NPR
2026-01-01,ACC0000003469,347974.71,7000.7,7303.27,347672.14,NPR
2026-01-01,ACC0000003470,47653.99,0.0,79517.94,-31863.95,NPR
2026-01-01,ACC0000003471,357934.63,26350.67,87181.6,297103.7,NPR
2026-01-01,ACC0000003472,130077.75,0.0,54526.27,75551.48,NPR
2026-01-01,ACC0000003473,438547.38,0.0,9437.26,429110.12,NPR
2026-01-01,ACC0000003474,408781.41,0.0,48651.09,360130.32,NPR
2026-01-01,ACC0000003475,154900.79,26378.69,20338.69,160940.79,NPR
2026-01-01,ACC0000003476,193318.71,0.0,11950.6,181368.11,NPR
2026-01-01,ACC0000003477,462361.9,5069.07,57000.21,410430.76,NPR
2026-01-01,ACC0000003478,113836.74,0.0,61045.07,52791.67,NPR
2026-01-01,ACC0000003479,349689.99,0.0,0.0,349689.99,NPR
2026-01-01,ACC0000003480,75769.47,0.0,51539.28,24230.19,NPR
2026-01-01,ACC0000003481,88292.0,0.0,0.0,88292.0,NPR
2026-01-01,ACC0000003482,311268.35,2398.39,6422.22,307244.52,NPR
2026-01-01,ACC0000003483,129426.38,1852.16,28563.05,102715.49,NPR
2026-01-01,ACC0000003484,235782.48,42462.31,177172.5,101072.29,NPR
2026-01-01,ACC0000003485,29313.46,0.0,58047.6,-28734.14,NPR
2026-01-01,ACC0000003486,12281.7,0.0,34236.31,-21954.61,NPR
2026-01-01,ACC0000003487,318824.36,0.0,92812.41,226011.95,NPR
2026-01-01,ACC0000003488,361518.6,0.0,87351.77,274166.83,NPR
2026-01-01,ACC0000003489,86884.17,0.0,0.0,86884.17,NPR
2026-01-01,ACC0000003490,75432.24,0.0,0.0,75432.24,NPR
2026-01-01,ACC0000003491,473368.41,22499.44,74633.0,421234.85,NPR
2026-01-01,ACC0000003492,195426.52,0.0,34069.71,161356.81,NPR
2026-01-01,ACC0000003493,398319.88,0.0,31943.85,366376.03,NPR
2026-01-01,ACC0000003494,59647.34,0.0,38222.6,21424.74,NPR
2026-01-01,ACC0000003495,93778.26,0.0,75754.87,18023.39,NPR
2026-01-01,ACC0000003496,127566.8,46873.42,24094.11,150346.11,NPR
2026-01-01,ACC0000003497,326352.2,0.0,23545.26,302806.94,NPR
2026-01-01,ACC0000003498,267216.92,46837.33,11494.0,302560.25,NPR
2026-01-01,ACC0000003499,217762.34,0.0,68960.7,148801.64,NPR
2026-01-01,ACC0000003500,432872.87,0.0,0.0,432872.87,NPR
2026-01-01,ACC0000003501,307987.84,0.0,0.0,307987.84,NPR
2026-01-01,ACC0000003502,488631.61,0.0,60738.14,427893.47,NPR
2026-01-01,ACC0000003503,155866.31,0.0,72454.8,83411.51,NPR
2026-01-01,ACC0000003504,352237.8,0.0,0.0,352237.8,NPR
2026-01-01,ACC0000003505,128337.5,43199.45,84880.26,86656.69,NPR
2026-01-01,ACC0000003506,182639.08,0.0,11985.29,170653.79,NPR
2026-01-01,ACC0000003507,293646.59,21745.99,60283.44,255109.14,NPR
2026-01-01,ACC0000003508,483014.56,13006.44,48080.97,447940.03,NPR
2026-01-01,ACC0000003509,312554.04,43047.45,106330.66,249270.83,NPR
2026-01-01,ACC0000003510,5620.33,47784.64,62321.01,-8916.04,NPR
2026-01-01,ACC0000003511,237843.53,0.0,65493.75,172349.78,NPR
2026-01-01,ACC0000003512,412761.15,0.0,61362.3,351398.85,NPR
2026-01-01,ACC0000003513,277360.4,0.0,3712.97,273647.43,NPR
2026-01-01,ACC0000003514,409668.44,0.0,58425.67,351242.77,NPR
2026-01-01,ACC0000003515,378555.93,0.0,106000.19,272555.74,NPR
2026-01-01,ACC0000003516,204390.57,43597.3,18542.57,229445.3,NPR
2026-01-01,ACC0000003517,233004.86,0.0,47711.0,185293.86,NPR
2026-01-01,ACC0000003518,25991.93,0.0,46338.54,-20346.61,NPR
2026-01-01,ACC0000003519,51998.44,0.0,0.0,51998.44,NPR
2026-01-01,ACC0000003520,75108.5,10115.92,6884.64,78339.78,NPR
2026-01-01,ACC0000003521,41406.1,0.0,36784.01,4622.09,NPR
2026-01-01,ACC0000003522,237300.39,25621.05,14328.53,248592.91,NPR
2026-01-01,ACC0000003523,41990.43,10544.59,11276.54,41258.48,NPR
2026-01-01,ACC0000003524,439788.12,0.0,51183.31,388604.81,NPR
2026-01-01,ACC0000003525,69037.17,0.0,105919.2,-36882.03,NPR
2026-01-01,ACC0000003526,424186.48,0.0,106471.51,317714.97,NPR
2026-01-01,ACC0000003527,76448.13,0.0,0.0,76448.13,NPR
2026-01-01,ACC0000003528,489958.65,45938.23,108037.63,427859.25,NPR
2026-01-01,ACC0000003529,183770.96,0.0,0.0,183770.96,NPR
2026-01-01,ACC0000003530,391376.04,33923.4,52028.97,373270.47,NPR
2026-01-01,ACC0000003531,361672.92,3963.27,68115.26,297520.93,NPR
2026-01-01,ACC0000003532,54393.52,0.0,0.0,54393.52,NPR
2026-01-01,ACC0000003533,363644.1,0.0,41162.48,322481.62,NPR
2026-01-01,ACC0000003534,413245.06,0.0,48181.25,365063.81,NPR
2026-01-01,ACC0000003535,475184.37,70507.74,13267.84,532424.27,NPR
2026-01-01,ACC0000003536,417387.25,0.0,28163.03,389224.22,NPR
2026-01-01,ACC0000003537,337866.98,0.0,76454.92,261412.06,NPR
2026-01-01,ACC0000003538,444454.88,0.0,85806.27,358648.61,NPR
2026-01-01,ACC0000003539,291224.74,0.0,78375.02,212849.72,NPR
2026-01-01,ACC0000003540,322836.61,0.0,42704.12,280132.49,NPR
2026-01-01,ACC0000003541,286760.56,53818.72,21341.26,319238.02,NPR
2026-01-01,ACC0000003542,13018.38,15538.38,57530.63,-28973.87,NPR
2026-01-01,ACC0000003543,302478.75,19765.44,0.0,322244.19,NPR
2026-01-01,ACC0000003544,463853.17,26653.38,16804.59,473701.96,NPR
2026-01-01,ACC0000003545,168245.2,0.0,6577.48,161667.72,NPR
2026-01-01,ACC0000003546,375081.91,0.0,43089.69,331992.22,NPR
2026-01-01,ACC0000003547,467644.61,0.0,32787.08,434857.53,NPR
2026-01-01,ACC0000003548,403337.52,0.0,0.0,403337.52,NPR
2026-01-01,ACC0000003549,269603.68,48049.79,0.0,317653.47,NPR
2026-01-01,ACC0000003550,352675.18,34373.98,52304.8,334744.36,NPR
2026-01-01,ACC0000003551,76103.06,0.0,23589.71,52513.35,NPR
2026-01-01,ACC0000003552,497592.23,0.0,112003.57,385588.66,NPR
2026-01-01,ACC0000003553,401728.17,26678.81,63907.48,364499.5,NPR
2026-01-01,ACC0000003554,387355.92,0.0,0.0,387355.92,NPR
2026-01-01,ACC0000003555,445514.88,0.0,92818.55,352696.33,NPR
2026-01-01,ACC0000003556,440325.99,0.0,99634.61,340691.38,NPR
2026-01-01,ACC0000003557,339209.31,10252.62,67573.52,281888.41,NPR
2026-01-01,ACC0000003558,132999.49,0.0,85301.43,47698.06,NPR
2026-01-01,ACC0000003559,86643.91,8032.16,87978.23,6697.84,NPR
2026-01-01,ACC0000003560,327323.61,10212.81,590.35,336946.07,NPR
2026-01-01,ACC0000003561,493463.57,46783.09,52304.09,487942.57,NPR
2026-01-01,ACC0000003562,419761.26,0.0,0.0,419761.26,NPR
2026-01-01,ACC0000003563,374106.41,0.0,59845.56,314260.85,NPR
2026-01-01,ACC0000003564,420562.34,13498.72,19020.73,415040.33,NPR
2026-01-01,ACC0000003565,259783.41,0.0,70175.09,189608.32,NPR
2026-01-01,ACC0000003566,383123.99,0.0,74687.83,308436.16,NPR
2026-01-01,ACC0000003567,6356.23,0.0,35728.34,-29372.11,NPR
2026-01-01,ACC0000003568,347908.03,0.0,76872.28,271035.75,NPR
2026-01-01,ACC0000003569,164498.97,0.0,0.0,164498.97,NPR
2026-01-01,ACC0000003570,227247.52,0.0,39912.66,187334.86,NPR
2026-01-01,ACC0000003571,173075.36,0.0,1414.07,171661.29,NPR
2026-01-01,ACC0000003572,126892.51,0.0,128039.84,-1147.33,NPR
2026-01-01,ACC0000003573,91720.31,0.0,0.0,91720.31,NPR
2026-01-01,ACC0000003574,78948.81,0.0,56412.03,22536.78,NPR
2026-01-01,ACC0000003575,153058.4,0.0,0.0,153058.4,NPR
2026-01-01,ACC0000003576,399079.81,0.0,43657.08,355422.73,NPR
2026-01-01,ACC0000003577,393355.31,0.0,0.0,393355.31,NPR
2026-01-01,ACC0000003578,409139.19,0.0,23813.44,385325.75,NPR
2026-01-01,ACC0000003579,65324.24,0.0,86252.21,-20927.97,NPR
2026-01-01,ACC0000003580,275694.42,0.0,98644.63,177049.79,NPR
2026-01-01,ACC0000003581,4799.46,0.0,152704.03,-147904.57,NPR
2026-01-01,ACC0000003582,349604.07,0.0,50167.1,299436.97,NPR
2026-01-01,ACC0000003583,226679.18,0.0,0.0,226679.18,NPR
2026-01-01,ACC0000003584,332351.44,0.0,0.0,332351.44,NPR
2026-01-01,ACC0000003585,232912.82,0.0,37169.19,195743.63,NPR
2026-01-01,ACC0000003586,181289.46,0.0,4317.44,176972.02,NPR
2026-01-01,ACC0000003587,184616.2,21874.47,0.0,206490.67,NPR
2026-01-01,ACC0000003588,443220.64,43694.67,28970.11,457945.2,NPR
2026-01-01,ACC0000003589,280549.9,78223.29,64957.87,293815.32,NPR
2026-01-01,ACC0000003590,425244.6,0.0,74714.97,350529.63,NPR
2026-01-01,ACC0000003591,47163.92,0.0,90935.95,-43772.03,NPR
2026-01-01,ACC0000003592,109086.39,0.0,67661.12,41425.27,NPR
2026-01-01,ACC0000003593,123866.99,701.16,75137.54,49430.61,NPR
2026-01-01,ACC0000003594,450534.52,0.0,49281.75,401252.77,NPR
2026-01-01,ACC0000003595,37081.86,0.0,63279.37,-26197.51,NPR
2026-01-01,ACC0000003596,238233.91,0.0,0.0,238233.91,NPR
2026-01-01,ACC0000003597,94670.33,93136.5,95041.58,92765.25,NPR
2026-01-01,ACC0000003598,182708.43,0.0,2172.07,180536.36,NPR
2026-01-01,ACC0000003599,211149.44,32211.01,25131.66,218228.79,NPR
2026-01-01,ACC0000003600,154408.78,0.0,30386.78,124022.0,NPR
2026-01-01,ACC0000003601,430664.7,0.0,121510.18,309154.52,NPR
2026-01-01,ACC0000003602,247162.34,35987.16,30634.65,252514.85,NPR
2026-01-01,ACC0000003603,363371.34,25397.56,72172.55,316596.35,NPR
2026-01-01,ACC0000003604,183006.63,0.0,21059.55,161947.08,NPR
2026-01-01,ACC0000003605,390565.4,39281.54,7765.3,422081.64,NPR
2026-01-01,ACC0000003606,243040.22,20469.13,153558.58,109950.77,NPR
2026-01-01,ACC0000003607,235023.0,25263.94,19893.81,240393.13,NPR
2026-01-01,ACC0000003608,73839.79,0.0,124798.12,-50958.33,NPR
2026-01-01,ACC0000003609,471359.84,0.0,96660.12,374699.72,NPR
2026-01-01,ACC0000003610,184419.33,0.0,38043.14,146376.19,NPR
2026-01-01,ACC0000003611,153192.53,0.0,63191.04,90001.49,NPR
2026-01-01,ACC0000003612,481656.18,0.0,57978.82,423677.36,NPR
2026-01-01,ACC0000003613,248671.51,32551.04,83866.83,197355.72,NPR
2026-01-01,ACC0000003614,51533.53,0.0,0.0,51533.53,NPR
2026-01-01,ACC0000003615,237992.96,0.0,65123.88,172869.08,NPR
2026-01-01,ACC0000003616,141461.32,826.69,120315.78,21972.23,NPR
2026-01-01,ACC0000003617,155551.04,4962.16,55416.34,105096.86,NPR
2026-01-01,ACC0000003618,365980.09,0.0,0.0,365980.09,NPR
2026-01-01,ACC0000003619,105557.61,0.0,38359.3,67198.31,NPR
2026-01-01,ACC0000003620,225416.27,40914.33,4246.73,262083.87,NPR
2026-01-01,ACC0000003621,104909.73,0.0,0.0,104909.73,NPR
2026-01-01,ACC0000003622,474466.75,0.0,24214.77,450251.98,NPR
2026-01-01,ACC0000003623,229047.6,0.0,117258.06,111789.54,NPR
2026-01-01,ACC0000003624,68124.55,5586.13,0.0,73710.68,NPR
2026-01-01,ACC0000003625,227167.54,0.0,0.0,227167.54,NPR
2026-01-01,ACC0000003626,410815.74,0.0,39674.45,371141.29,NPR
2026-01-01,ACC0000003627,344079.42,18307.34,0.0,362386.76,NPR
2026-01-01,ACC0000003628,239027.08,0.0,42146.05,196881.03,NPR
2026-01-01,ACC0000003629,151156.54,30447.08,0.0,181603.62,NPR
2026-01-01,ACC0000003630,426113.1,98244.09,174749.15,349608.04,NPR
2026-01-01,ACC0000003631,216173.43,0.0,0.0,216173.43,NPR
2026-01-01,ACC0000003632,478642.51,0.0,31016.59,447625.92,NPR
2026-01-01,ACC0000003633,192034.44,0.0,0.0,192034.44,NPR
2026-01-01,ACC0000003634,379246.9,0.0,69664.09,309582.81,NPR
2026-01-01,ACC0000003635,340885.86,3167.55,40859.52,303193.89,NPR
2026-01-01,ACC0000003636,410116.0,0.0,909.73,409206.27,NPR
2026-01-01,ACC0000003637,426871.77,0.0,0.0,426871.77,NPR
2026-01-01,ACC0000003638,389608.73,13518.81,100812.73,302314.81,NPR
2026-01-01,ACC0000003639,367077.32,0.0,83862.64,283214.68,NPR
2026-01-01,ACC0000003640,380704.57,11729.84,41649.96,350784.45,NPR
2026-01-01,ACC0000003641,142923.25,0.0,0.0,142923.25,NPR
2026-01-01,ACC0000003642,170111.11,0.0,954.82,169156.29,NPR
2026-01-01,ACC0000003643,72896.66,0.0,102022.78,-29126.12,NPR
2026-01-01,ACC0000003644,153290.46,0.0,0.0,153290.46,NPR
2026-01-01,ACC0000003645,289157.8,29572.19,75918.48,242811.51,NPR
2026-01-01,ACC0000003646,51072.73,0.0,72249.44,-21176.71,NPR
2026-01-01,ACC0000003647,208145.37,0.0,0.0,208145.37,NPR
2026-01-01,ACC0000003648,199543.3,0.0,25973.27,173570.03,NPR
2026-01-01,ACC0000003649,101850.37,0.0,62062.88,39787.49,NPR
2026-01-01,ACC0000003650,302454.59,43304.9,74660.45,271099.04,NPR
2026-01-01,ACC0000003651,229187.23,0.0,0.0,229187.23,NPR
2026-01-01,ACC0000003652,118604.72,0.0,0.0,118604.72,NPR
2026-01-01,ACC0000003653,412055.2,0.0,69995.2,342060.0,NPR
2026-01-01,ACC0000003654,338889.99,0.0,69307.71,269582.28,NPR
2026-01-01,ACC0000003655,360903.85,0.0,72850.31,288053.54,NPR
2026-01-01,ACC0000003656,78784.57,44443.18,81524.36,41703.39,NPR
2026-01-01,ACC0000003657,189607.93,0.0,60568.82,129039.11,NPR
2026-01-01,ACC0000003658,307881.01,28192.63,20294.59,315779.05,NPR
2026-01-01,ACC0000003659,203701.79,40746.72,78362.73,166085.78,NPR
2026-01-01,ACC0000003660,27152.54,45756.66,0.0,72909.2,NPR
2026-01-01,ACC0000003661,371152.93,0.0,100794.38,270358.55,NPR
2026-01-01,ACC0000003662,24645.06,0.0,75781.76,-51136.7,NPR
2026-01-01,ACC0000003663,397853.09,2189.63,0.0,400042.72,NPR
2026-01-01,ACC0000003664,133805.23,0.0,51429.04,82376.19,NPR
2026-01-01,ACC0000003665,94796.16,0.0,67231.03,27565.13,NPR
2026-01-01,ACC0000003666,384782.41,37559.43,69374.93,352966.91,NPR
2026-01-01,ACC0000003667,140116.98,35871.4,89232.75,86755.63,NPR
2026-01-01,ACC0000003668,158305.48,19363.61,553.18,177115.91,NPR
2026-01-01,ACC0000003669,292559.8,3164.46,0.0,295724.26,NPR
2026-01-01,ACC0000003670,457359.37,11377.68,54942.08,413794.97,NPR
2026-01-01,ACC0000003671,336214.54,48609.89,32243.86,352580.57,NPR
2026-01-01,ACC0000003672,302204.72,0.0,11863.18,290341.54,NPR
2026-01-01,ACC0000003673,12056.02,0.0,26559.54,-14503.52,NPR
2026-01-01,ACC0000003674,247756.86,0.0,95353.45,152403.41,NPR
2026-01-01,ACC0000003675,402684.75,0.0,0.0,402684.75,NPR
2026-01-01,ACC0000003676,418473.54,0.0,84093.44,334380.1,NPR
2026-01-01,ACC0000003677,462590.59,0.0,49121.61,413468.98,NPR
2026-01-01,ACC0000003678,269895.34,0.0,105085.79,164809.55,NPR
2026-01-01,ACC0000003679,23681.53,0.0,37437.89,-13756.36,NPR
2026-01-01,ACC0000003680,198580.74,0.0,26439.53,172141.21,NPR
2026-01-01,ACC0000003681,470798.45,0.0,31366.69,439431.76,NPR
2026-01-01,ACC0000003682,472065.38,0.0,29294.6,442770.78,NPR
2026-01-01,ACC0000003683,6198.37,0.0,44759.83,-38561.46,NPR
2026-01-01,ACC0000003684,144368.95,0.0,27372.72,116996.23,NPR
2026-01-01,ACC0000003685,319914.14,0.0,0.0,319914.14,NPR
2026-01-01,ACC0000003686,302477.67,0.0,36110.2,266367.47,NPR
2026-01-01,ACC0000003687,432886.5,32024.82,21309.1,443602.22,NPR
2026-01-01,ACC0000003688,297105.19,0.0,2470.63,294634.56,NPR
2026-01-01,ACC0000003689,23154.16,0.0,11527.69,11626.47,NPR
2026-01-01,ACC0000003690,298263.59,0.0,22159.19,276104.4,NPR
2026-01-01,ACC0000003691,50507.47,0.0,2682.92,47824.55,NPR
2026-01-01,ACC0000003692,74985.22,0.0,0.0,74985.22,NPR
2026-01-01,ACC0000003693,308878.09,31436.52,18663.34,321651.27,NPR
2026-01-01,ACC0000003694,494946.22,44480.91,98905.86,440521.27,NPR
2026-01-01,ACC0000003695,373968.33,0.0,0.0,373968.33,NPR
2026-01-01,ACC0000003696,72265.28,0.0,0.0,72265.28,NPR
2026-01-01,ACC0000003697,80610.09,0.0,78097.67,2512.42,NPR
2026-01-01,ACC0000003698,40653.69,72136.87,25050.41,87740.15,NPR
2026-01-01,ACC0000003699,393852.85,64897.88,20489.45,438261.28,NPR
2026-01-01,ACC0000003700,318678.24,0.0,82832.96,235845.28,NPR
2026-01-01,ACC0000003701,326591.33,51605.81,49531.99,328665.15,NPR
2026-01-01,ACC0000003702,101489.47,0.0,53988.65,47500.82,NPR
2026-01-01,ACC0000003703,217210.39,0.0,49910.55,167299.84,NPR
2026-01-01,ACC0000003704,164281.17,63333.62,14463.54,213151.25,NPR
2026-01-01,ACC0000003705,108406.02,0.0,56926.62,51479.4,NPR
2026-01-01,ACC0000003706,248011.93,0.0,0.0,248011.93,NPR
2026-01-01,ACC0000003707,264301.31,0.0,0.0,264301.31,NPR
2026-01-01,ACC0000003708,129046.83,0.0,46931.31,82115.52,NPR
2026-01-01,ACC0000003709,485630.36,0.0,59398.4,426231.96,NPR
2026-01-01,ACC0000003710,7486.93,0.0,79750.55,-72263.62,NPR
2026-01-01,ACC0000003711,481129.72,48247.05,156617.15,372759.62,NPR
2026-01-01,ACC0000003712,372430.77,0.0,97257.72,275173.05,NPR
2026-01-01,ACC0000003713,358835.59,16875.6,6868.11,368843.08,NPR
2026-01-01,ACC0000003714,215751.81,0.0,170178.08,45573.73,NPR
2026-01-01,ACC0000003715,92697.59,0.0,56744.76,35952.83,NPR
2026-01-01,ACC0000003716,206464.41,0.0,28598.2,177866.21,NPR
2026-01-01,ACC0000003717,61089.11,0.0,48115.24,12973.87,NPR
2026-01-01,ACC0000003718,479705.78,82669.02,0.0,562374.8,NPR
2026-01-01,ACC0000003719,480250.9,0.0,94890.02,385360.88,NPR
2026-01-01,ACC0000003720,357509.92,0.0,113720.9,243789.02,NPR
2026-01-01,ACC0000003721,470138.93,0.0,157457.07,312681.86,NPR
2026-01-01,ACC0000003722,307158.16,0.0,75468.67,231689.49,NPR
2026-01-01,ACC0000003723,98488.34,0.0,12309.02,86179.32,NPR
2026-01-01,ACC0000003724,483619.5,0.0,7341.93,476277.57,NPR
2026-01-01,ACC0000003725,408445.93,0.0,21346.43,387099.5,NPR
2026-01-01,ACC0000003726,17916.59,13484.09,102185.57,-70784.89,NPR
2026-01-01,ACC0000003727,129969.38,0.0,49113.6,80855.78,NPR
2026-01-01,ACC0000003728,113568.28,38166.3,90102.92,61631.66,NPR
2026-01-01,ACC0000003729,429656.46,0.0,73503.29,356153.17,NPR
2026-01-01,ACC0000003730,369199.94,43747.62,80547.44,332400.12,NPR
2026-01-01,ACC0000003731,447947.91,0.0,97492.21,350455.7,NPR
2026-01-01,ACC0000003732,67186.89,0.0,41672.41,25514.48,NPR
2026-01-01,ACC0000003733,342275.66,39416.91,10165.05,371527.52,NPR
2026-01-01,ACC0000003734,355547.03,0.0,0.0,355547.03,NPR
2026-01-01,ACC0000003735,427820.52,18167.81,58568.79,387419.54,NPR
2026-01-01,ACC0000003736,403251.39,25718.9,4860.71,424109.58,NPR
2026-01-01,ACC0000003737,69169.67,0.0,0.0,69169.67,NPR
2026-01-01,ACC0000003738,180605.09,0.0,38378.62,142226.47,NPR
2026-01-01,ACC0000003739,169781.26,5927.33,6205.72,169502.87,NPR
2026-01-01,ACC0000003740,178908.34,0.0,10367.21,168541.13,NPR
2026-01-01,ACC0000003741,124547.04,25204.45,20863.18,128888.31,NPR
2026-01-01,ACC0000003742,399622.74,35027.49,56274.62,378375.61,NPR
2026-01-01,ACC0000003743,141635.52,0.0,0.0,141635.52,NPR
2026-01-01,ACC0000003744,56406.12,0.0,67336.5,-10930.38,NPR
2026-01-01,ACC0000003745,488836.81,0.0,0.0,488836.81,NPR
2026-01-01,ACC0000003746,180088.65,0.0,32215.18,147873.47,NPR
2026-01-01,ACC0000003747,383082.06,0.0,37606.7,345475.36,NPR
2026-01-01,ACC0000003748,156565.03,26598.86,49235.92,133927.97,NPR
2026-01-01,ACC0000003749,390476.37,0.0,70920.58,319555.79,NPR
2026-01-01,ACC0000003750,335232.22,26691.18,57199.87,304723.53,NPR
2026-01-01,ACC0000003751,402291.69,0.0,238980.93,163310.76,NPR
2026-01-01,ACC0000003752,1244.67,0.0,54004.31,-52759.64,NPR
2026-01-01,ACC0000003753,65339.85,0.0,0.0,65339.85,NPR
2026-01-01,ACC0000003754,444816.86,0.0,43438.03,401378.83,NPR
2026-01-01,ACC0000003755,72728.04,0.0,35497.33,37230.71,NPR
2026-01-01,ACC0000003756,494097.1,0.0,93789.43,400307.67,NPR
2026-01-01,ACC0000003757,247420.89,0.0,41059.3,206361.59,NPR
2026-01-01,ACC0000003758,41258.24,0.0,0.0,41258.24,NPR
2026-01-01,ACC0000003759,93713.94,0.0,0.0,93713.94,NPR
2026-01-01,ACC0000003760,252608.71,0.0,0.0,252608.71,NPR
2026-01-01,ACC0000003761,456744.92,0.0,33284.67,423460.25,NPR
2026-01-01,ACC0000003762,480537.36,107415.11,0.0,587952.47,NPR
2026-01-01,ACC0000003763,248147.23,0.0,44654.73,203492.5,NPR
2026-01-01,ACC0000003764,250780.56,0.0,25168.47,225612.09,NPR
2026-01-01,ACC0000003765,488377.8,7669.75,44430.7,451616.85,NPR
2026-01-01,ACC0000003766,457188.39,10432.42,93397.78,374223.03,NPR
2026-01-01,ACC0000003767,157344.48,4739.58,0.0,162084.06,NPR
2026-01-01,ACC0000003768,293757.09,0.0,28725.22,265031.87,NPR
2026-01-01,ACC0000003769,109106.57,0.0,0.0,109106.57,NPR
2026-01-01,ACC0000003770,239053.72,0.0,155106.52,83947.2,NPR
2026-01-01,ACC0000003771,89044.45,0.0,0.0,89044.45,NPR
2026-01-01,ACC0000003772,354289.78,0.0,35479.52,318810.26,NPR
2026-01-01,ACC0000003773,201414.3,0.0,0.0,201414.3,NPR
2026-01-01,ACC0000003774,126144.07,0.0,22629.69,103514.38,NPR
2026-01-01,ACC0000003775,295057.56,0.0,38710.3,256347.26,NPR
2026-01-01,ACC0000003776,246106.63,0.0,12688.04,233418.59,NPR
2026-01-01,ACC0000003777,405396.01,0.0,81445.96,323950.05,NPR
2026-01-01,ACC0000003778,485287.78,0.0,46186.87,439100.91,NPR
2026-01-01,ACC0000003779,460126.76,0.0,0.0,460126.76,NPR
2026-01-01,ACC0000003780,337546.01,0.0,73317.15,264228.86,NPR
2026-01-01,ACC0000003781,340291.19,0.0,86221.07,254070.12,NPR
2026-01-01,ACC0000003782,262468.41,0.0,92031.61,170436.8,NPR
2026-01-01,ACC0000003783,246000.01,0.0,34191.53,211808.48,NPR
2026-01-01,ACC0000003784,157573.66,0.0,0.0,157573.66,NPR
2026-01-01,ACC0000003785,163778.43,0.0,0.0,163778.43,NPR
2026-01-01,ACC0000003786,454561.44,0.0,0.0,454561.44,NPR
2026-01-01,ACC0000003787,243209.14,6718.18,121356.99,128570.33,NPR
2026-01-01,ACC0000003788,179204.68,48175.44,91635.1,135745.02,NPR
2026-01-01,ACC0000003789,305234.04,0.0,0.0,305234.04,NPR
2026-01-01,ACC0000003790,364360.2,0.0,78750.88,285609.32,NPR
2026-01-01,ACC0000003791,475782.76,0.0,40021.85,435760.91,NPR
2026-01-01,ACC0000003792,123375.28,89863.53,59502.98,153735.83,NPR
2026-01-01,ACC0000003793,455350.34,7458.64,19691.14,443117.84,NPR
2026-01-01,ACC0000003794,265294.75,0.0,22424.96,242869.79,NPR
2026-01-01,ACC0000003795,481129.76,0.0,16829.41,464300.35,NPR
2026-01-01,ACC0000003796,117342.46,0.0,41236.97,76105.49,NPR
2026-01-01,ACC0000003797,339529.38,0.0,63895.25,275634.13,NPR
2026-01-01,ACC0000003798,186261.37,32090.0,90425.79,127925.58,NPR
2026-01-01,ACC0000003799,160675.39,0.0,43387.98,117287.41,NPR
2026-01-01,ACC0000003800,143780.88,50540.31,34336.11,159985.08,NPR
2026-01-01,ACC0000003801,36611.26,0.0,67825.55,-31214.29,NPR
2026-01-01,ACC0000003802,339993.84,7808.14,42260.55,305541.43,NPR
2026-01-01,ACC0000003803,127467.76,48756.49,0.0,176224.25,NPR
2026-01-01,ACC0000003804,357346.85,0.0,0.0,357346.85,NPR
2026-01-01,ACC0000003805,371090.88,0.0,3916.84,367174.04,NPR
2026-01-01,ACC0000003806,474586.04,0.0,151904.34,322681.7,NPR
2026-01-01,ACC0000003807,428940.47,0.0,54782.55,374157.92,NPR
2026-01-01,ACC0000003808,464407.05,59640.97,156871.23,367176.79,NPR
2026-01-01,ACC0000003809,411124.23,7710.66,116946.31,301888.58,NPR
2026-01-01,ACC0000003810,38981.59,0.0,39275.73,-294.14,NPR
2026-01-01,ACC0000003811,105626.37,0.0,139457.89,-33831.52,NPR
2026-01-01,ACC0000003812,252124.16,0.0,0.0,252124.16,NPR
2026-01-01,ACC0000003813,268518.58,31559.1,61592.88,238484.8,NPR
2026-01-01,ACC0000003814,250298.9,0.0,109195.76,141103.14,NPR
2026-01-01,ACC0000003815,369728.64,0.0,93620.61,276108.03,NPR
2026-01-01,ACC0000003816,443005.45,45993.47,49892.14,439106.78,NPR
2026-01-01,ACC0000003817,459969.41,0.0,0.0,459969.41,NPR
2026-01-01,ACC0000003818,180141.99,0.0,50425.3,129716.69,NPR
2026-01-01,ACC0000003819,483512.63,0.0,13989.04,469523.59,NPR
2026-01-01,ACC0000003820,337690.35,0.0,80857.0,256833.35,NPR
2026-01-01,ACC0000003821,124461.07,0.0,0.0,124461.07,NPR
2026-01-01,ACC0000003822,238667.96,43471.88,0.0,282139.84,NPR
2026-01-01,ACC0000003823,287707.09,35559.35,47250.83,276015.61,NPR
2026-01-01,ACC0000003824,178756.46,0.0,0.0,178756.46,NPR
2026-01-01,ACC0000003825,100497.66,0.0,0.0,100497.66,NPR
2026-01-01,ACC0000003826,103874.87,0.0,0.0,103874.87,NPR
2026-01-01,ACC0000003827,404863.05,0.0,0.0,404863.05,NPR
2026-01-01,ACC0000003828,483465.79,0.0,0.0,483465.79,NPR
2026-01-01,ACC0000003829,399532.85,0.0,0.0,399532.85,NPR
2026-01-01,ACC0000003830,319566.46,0.0,0.0,319566.46,NPR
2026-01-01,ACC0000003831,337442.89,0.0,15806.26,321636.63,NPR
2026-01-01,ACC0000003832,281559.98,0.0,43775.38,237784.6,NPR
2026-01-01,ACC0000003833,293486.02,26593.59,0.0,320079.61,NPR
2026-01-01,ACC0000003834,234336.16,0.0,68093.25,166242.91,NPR
2026-01-01,ACC0000003835,257917.26,29510.64,0.0,287427.9,NPR
2026-01-01,ACC0000003836,98875.24,53567.41,17513.44,134929.21,NPR
2026-01-01,ACC0000003837,332063.25,0.0,0.0,332063.25,NPR
2026-01-01,ACC0000003838,153228.38,0.0,0.0,153228.38,NPR
2026-01-01,ACC0000003839,446417.49,0.0,0.0,446417.49,NPR
2026-01-01,ACC0000003840,241795.41,0.0,85736.63,156058.78,NPR
2026-01-01,ACC0000003841,345337.97,0.0,85091.59,260246.38,NPR
2026-01-01,ACC0000003842,58409.29,30160.46,21131.88,67437.87,NPR
2026-01-01,ACC0000003843,475664.63,0.0,0.0,475664.63,NPR
2026-01-01,ACC0000003844,471712.83,33573.28,29702.65,475583.46,NPR
2026-01-01,ACC0000003845,462165.66,22856.72,111033.39,373988.99,NPR
2026-01-01,ACC0000003846,391727.17,0.0,52618.32,339108.85,NPR
2026-01-01,ACC0000003847,38799.07,0.0,85974.9,-47175.83,NPR
2026-01-01,ACC0000003848,62981.78,0.0,0.0,62981.78,NPR
2026-01-01,ACC0000003849,10475.41,45838.47,81397.05,-25083.17,NPR
2026-01-01,ACC0000003850,455429.52,0.0,50856.28,404573.24,NPR
2026-01-01,ACC0000003851,168814.31,43371.41,37085.81,175099.91,NPR
2026-01-01,ACC0000003852,6956.12,0.0,45069.63,-38113.51,NPR
2026-01-01,ACC0000003853,230231.9,0.0,62982.15,167249.75,NPR
2026-01-01,ACC0000003854,73821.4,32521.56,98927.17,7415.79,NPR
2026-01-01,ACC0000003855,496248.62,0.0,55338.88,440909.74,NPR
2026-01-01,ACC0000003856,380429.89,0.0,9390.7,371039.19,NPR
2026-01-01,ACC0000003857,287434.45,0.0,0.0,287434.45,NPR
2026-01-01,ACC0000003858,259797.72,0.0,0.0,259797.72,NPR
2026-01-01,ACC0000003859,272112.32,0.0,10417.57,261694.75,NPR
2026-01-01,ACC0000003860,295033.09,0.0,3569.26,291463.83,NPR
2026-01-01,ACC0000003861,136020.28,0.0,15884.36,120135.92,NPR
2026-01-01,ACC0000003862,261547.78,0.0,35652.31,225895.47,NPR
2026-01-01,ACC0000003863,429490.72,0.0,0.0,429490.72,NPR
2026-01-01,ACC0000003864,361842.89,0.0,70036.39,291806.5,NPR
2026-01-01,ACC0000003865,317352.44,17428.6,172728.75,162052.29,NPR
2026-01-01,ACC0000003866,395195.6,15556.85,56520.43,354232.02,NPR
2026-01-01,ACC0000003867,368595.56,36316.24,70450.42,334461.38,NPR
2026-01-01,ACC0000003868,120573.66,0.0,94407.22,26166.44,NPR
2026-01-01,ACC0000003869,178640.53,3758.14,33122.19,149276.48,NPR
2026-01-01,ACC0000003870,352085.18,30870.49,36564.64,346391.03,NPR
2026-01-01,ACC0000003871,133025.88,0.0,119291.94,13733.94,NPR
2026-01-01,ACC0000003872,473545.93,48848.9,25255.46,497139.37,NPR
2026-01-01,ACC0000003873,476808.93,0.0,14883.63,461925.3,NPR
2026-01-01,ACC0000003874,65955.95,0.0,45728.14,20227.81,NPR
2026-01-01,ACC0000003875,57487.42,0.0,107402.35,-49914.93,NPR
2026-01-01,ACC0000003876,192587.22,84139.88,35765.37,240961.73,NPR
2026-01-01,ACC0000003877,265311.61,17097.06,164508.35,117900.32,NPR
2026-01-01,ACC0000003878,125936.85,0.0,135275.9,-9339.05,NPR
2026-01-01,ACC0000003879,394405.93,0.0,0.0,394405.93,NPR
2026-01-01,ACC0000003880,431599.95,0.0,9204.24,422395.71,NPR
2026-01-01,ACC0000003881,450819.37,0.0,68208.41,382610.96,NPR
2026-01-01,ACC0000003882,204541.85,0.0,0.0,204541.85,NPR
2026-01-01,ACC0000003883,260417.29,11048.2,20566.95,250898.54,NPR
2026-01-01,ACC0000003884,313612.27,0.0,0.0,313612.27,NPR
2026-01-01,ACC0000003885,165178.59,0.0,12025.93,153152.66,NPR
2026-01-01,ACC0000003886,192191.39,0.0,0.0,192191.39,NPR
2026-01-01,ACC0000003887,249932.97,972.0,77657.12,173247.85,NPR
2026-01-01,ACC0000003888,359625.34,0.0,37138.04,322487.3,NPR
2026-01-01,ACC0000003889,325055.26,0.0,57417.63,267637.63,NPR
2026-01-01,ACC0000003890,243549.34,0.0,140612.65,102936.69,NPR
2026-01-01,ACC0000003891,93075.0,37381.62,0.0,130456.62,NPR
2026-01-01,ACC0000003892,231254.66,44379.42,49141.21,226492.87,NPR
2026-01-01,ACC0000003893,187063.99,0.0,0.0,187063.99,NPR
2026-01-01,ACC0000003894,257415.31,0.0,0.0,257415.31,NPR
2026-01-01,ACC0000003895,45316.53,0.0,62210.15,-16893.62,NPR
2026-01-01,ACC0000003896,428618.18,7931.25,0.0,436549.43,NPR
2026-01-01,ACC0000003897,156447.79,0.0,0.0,156447.79,NPR
2026-01-01,ACC0000003898,48238.68,0.0,38433.4,9805.28,NPR
2026-01-01,ACC0000003899,469294.09,64425.4,72996.79,460722.7,NPR
2026-01-01,ACC0000003900,45835.28,41217.73,59972.4,27080.61,NPR
2026-01-01,ACC0000003901,359406.13,0.0,92356.65,267049.48,NPR
2026-01-01,ACC0000003902,347893.04,12501.8,66237.89,294156.95,NPR
2026-01-01,ACC0000003903,121800.14,0.0,0.0,121800.14,NPR
2026-01-01,ACC0000003904,210564.68,12978.61,28782.06,194761.23,NPR
2026-01-01,ACC0000003905,464987.11,46468.95,73841.73,437614.33,NPR
2026-01-01,ACC0000003906,353595.24,68703.96,49946.88,372352.32,NPR
2026-01-01,ACC0000003907,148760.51,0.0,47749.62,101010.89,NPR
2026-01-01,ACC0000003908,285150.18,0.0,68177.31,216972.87,NPR
2026-01-01,ACC0000003909,322585.17,9234.7,49914.36,281905.51,NPR
2026-01-01,ACC0000003910,482102.97,0.0,72015.94,410087.03,NPR
2026-01-01,ACC0000003911,97771.28,4045.95,0.0,101817.23,NPR
2026-01-01,ACC0000003912,107730.39,0.0,0.0,107730.39,NPR
2026-01-01,ACC0000003913,232485.95,22854.88,23923.39,231417.44,NPR
2026-01-01,ACC0000003914,372551.63,15834.85,84094.62,304291.86,NPR
2026-01-01,ACC0000003915,147636.62,0.0,112185.65,35450.97,NPR
2026-01-01,ACC0000003916,281992.77,0.0,16342.75,265650.02,NPR
2026-01-01,ACC0000003917,428321.94,0.0,0.0,428321.94,NPR
2026-01-01,ACC0000003918,189923.88,4469.79,23439.47,170954.2,NPR
2026-01-01,ACC0000003919,3598.1,19396.91,0.0,22995.01,NPR
2026-01-01,ACC0000003920,67148.5,0.0,53985.67,13162.83,NPR
2026-01-01,ACC0000003921,157208.08,0.0,0.0,157208.08,NPR
2026-01-01,ACC0000003922,302250.77,0.0,52749.71,249501.06,NPR
2026-01-01,ACC0000003923,123389.01,0.0,38173.64,85215.37,NPR
2026-01-01,ACC0000003924,316704.61,14315.41,26382.63,304637.39,NPR
2026-01-01,ACC0000003925,82971.64,0.0,0.0,82971.64,NPR
2026-01-01,ACC0000003926,339128.12,42456.06,48885.18,332699.0,NPR
2026-01-01,ACC0000003927,142482.54,0.0,53198.93,89283.61,NPR
2026-01-01,ACC0000003928,450882.38,38915.34,63073.86,426723.86,NPR
2026-01-01,ACC0000003929,459084.59,0.0,0.0,459084.59,NPR
2026-01-01,ACC0000003930,118275.19,14383.98,86682.63,45976.54,NPR
2026-01-01,ACC0000003931,352248.2,32069.45,80173.57,304144.08,NPR
2026-01-01,ACC0000003932,90314.15,0.0,49745.9,40568.25,NPR
2026-01-01,ACC0000003933,84550.41,11851.26,28560.16,67841.51,NPR
2026-01-01,ACC0000003934,88855.62,0.0,0.0,88855.62,NPR
2026-01-01,ACC0000003935,137200.27,0.0,0.0,137200.27,NPR
2026-01-01,ACC0000003936,88034.68,0.0,70948.7,17085.98,NPR
2026-01-01,ACC0000003937,203785.6,47850.94,27117.04,224519.5,NPR
2026-01-01,ACC0000003938,9493.11,23680.14,88777.19,-55603.94,NPR
2026-01-01,ACC0000003939,69742.69,49494.06,80182.27,39054.48,NPR
2026-01-01,ACC0000003940,427207.82,10916.45,89083.24,349041.03,NPR
2026-01-01,ACC0000003941,322295.79,25873.06,19984.8,328184.05,NPR
2026-01-01,ACC0000003942,388622.39,0.0,30082.22,358540.17,NPR
2026-01-01,ACC0000003943,72209.67,0.0,38958.25,33251.42,NPR
2026-01-01,ACC0000003944,413888.98,0.0,0.0,413888.98,NPR
2026-01-01,ACC0000003945,64793.63,15786.92,96538.95,-15958.4,NPR
2026-01-01,ACC0000003946,201883.85,0.0,2995.23,198888.62,NPR
2026-01-01,ACC0000003947,378744.19,50794.18,49162.06,380376.31,NPR
2026-01-01,ACC0000003948,387075.62,0.0,77305.63,309769.99,NPR
2026-01-01,ACC0000003949,408799.97,0.0,93078.16,315721.81,NPR
2026-01-01,ACC0000003950,226299.55,0.0,122552.36,103747.19,NPR
2026-01-01,ACC0000003951,96563.36,17732.07,10126.39,104169.04,NPR
2026-01-01,ACC0000003952,146823.88,0.0,0.0,146823.88,NPR
2026-01-01,ACC0000003953,117918.02,68532.17,73719.2,112730.99,NPR
2026-01-01,ACC0000003954,111600.67,0.0,34486.93,77113.74,NPR
2026-01-01,ACC0000003955,473143.12,11327.79,5677.17,478793.74,NPR
2026-01-01,ACC0000003956,479330.41,0.0,64422.7,414907.71,NPR
2026-01-01,ACC0000003957,281657.57,0.0,30073.56,251584.01,NPR
2026-01-01,ACC0000003958,264176.87,30286.78,31692.89,262770.76,NPR
2026-01-01,ACC0000003959,190742.47,14409.33,6344.86,198806.94,NPR
2026-01-01,ACC0000003960,497362.45,0.0,123055.07,374307.38,NPR
2026-01-01,ACC0000003961,6724.17,0.0,77232.06,-70507.89,NPR
2026-01-01,ACC0000003962,147047.99,0.0,76864.82,70183.17,NPR
2026-01-01,ACC0000003963,46391.0,22776.47,52151.56,17015.91,NPR
2026-01-01,ACC0000003964,426098.26,0.0,29411.7,396686.56,NPR
2026-01-01,ACC0000003965,163747.17,0.0,64392.04,99355.13,NPR
2026-01-01,ACC0000003966,276422.86,0.0,10850.78,265572.08,NPR
2026-01-01,ACC0000003967,287335.56,0.0,0.0,287335.56,NPR
2026-01-01,ACC0000003968,297833.58,0.0,18917.53,278916.05,NPR
2026-01-01,ACC0000003969,29445.97,0.0,0.0,29445.97,NPR
2026-01-01,ACC0000003970,448304.33,0.0,0.0,448304.33,NPR
2026-01-01,ACC0000003971,177189.67,6218.83,132827.28,50581.22,NPR
2026-01-01,ACC0000003972,242856.3,0.0,18704.0,224152.3,NPR
2026-01-01,ACC0000003973,477206.08,0.0,31862.67,445343.41,NPR
2026-01-01,ACC0000003974,82122.35,0.0,165077.53,-82955.18,NPR
2026-01-01,ACC0000003975,108676.16,0.0,0.0,108676.16,NPR
2026-01-01,ACC0000003976,182409.59,0.0,0.0,182409.59,NPR
2026-01-01,ACC0000003977,152900.39,0.0,83229.13,69671.26,NPR
2026-01-01,ACC0000003978,485148.7,43299.82,49832.37,478616.15,NPR
2026-01-01,ACC0000003979,360864.38,0.0,0.0,360864.38,NPR
2026-01-01,ACC0000003980,487749.75,0.0,9239.04,478510.71,NPR
2026-01-01,ACC0000003981,225504.78,0.0,130091.99,95412.79,NPR
2026-01-01,ACC0000003982,192853.31,0.0,0.0,192853.31,NPR
2026-01-01,ACC0000003983,43700.53,0.0,17053.44,26647.09,NPR
2026-01-01,ACC0000003984,339953.68,36290.38,32714.27,343529.79,NPR
2026-01-01,ACC0000003985,194835.69,0.0,24893.71,169941.98,NPR
2026-01-01,ACC0000003986,128592.73,114.02,82403.18,46303.57,NPR
2026-01-01,ACC0000003987,45826.1,29017.92,52564.77,22279.25,NPR
2026-01-01,ACC0000003988,326314.87,30567.87,56498.9,300383.84,NPR
2026-01-01,ACC0000003989,483323.7,39294.76,66229.82,456388.64,NPR
2026-01-01,ACC0000003990,328440.04,21165.1,44451.82,305153.32,NPR
2026-01-01,ACC0000003991,282913.03,0.0,48871.59,234041.44,NPR
2026-01-01,ACC0000003992,467121.58,0.0,0.0,467121.58,NPR
2026-01-01,ACC0000003993,322016.75,0.0,16088.78,305927.97,NPR
2026-01-01,ACC0000003994,354470.32,4022.81,31394.2,327098.93,NPR
2026-01-01,ACC0000003995,440740.77,0.0,23034.83,417705.94,NPR
2026-01-01,ACC0000003996,76735.47,0.0,18437.48,58297.99,NPR
2026-01-01,ACC0000003997,491634.61,0.0,0.0,491634.61,NPR
2026-01-01,ACC0000003998,277600.0,0.0,2841.47,274758.53,NPR
2026-01-01,ACC0000003999,4356.75,0.0,69305.66,-64948.91,NPR
2026-01-01,ACC0000004000,45900.69,16719.63,33834.66,28785.66,NPR
2026-01-01,ACC0000004001,230188.02,0.0,36542.47,193645.55,NPR
2026-01-01,ACC0000004002,226122.36,0.0,57733.34,168389.02,NPR
2026-01-01,ACC0000004003,295298.53,4017.57,7500.39,291815.71,NPR
2026-01-01,ACC0000004004,310642.9,32771.05,23278.57,320135.38,NPR
2026-01-01,ACC0000004005,61864.67,0.0,105489.38,-43624.71,NPR
2026-01-01,ACC0000004006,116040.75,60062.83,1338.33,174765.25,NPR
2026-01-01,ACC0000004007,359083.26,0.0,36256.77,322826.49,NPR
2026-01-01,ACC0000004008,366998.99,0.0,74031.01,292967.98,NPR
2026-01-01,ACC0000004009,461369.29,29140.48,31431.2,459078.57,NPR
2026-01-01,ACC0000004010,62265.1,0.0,0.0,62265.1,NPR
2026-01-01,ACC0000004011,93918.26,0.0,0.0,93918.26,NPR
2026-01-01,ACC0000004012,122256.59,41464.28,39905.77,123815.1,NPR
2026-01-01,ACC0000004013,300060.24,0.0,0.0,300060.24,NPR
2026-01-01,ACC0000004014,332554.14,0.0,32910.44,299643.7,NPR
2026-01-01,ACC0000004015,484169.0,68163.62,54122.69,498209.93,NPR
2026-01-01,ACC0000004016,123770.9,15291.05,131487.24,7574.71,NPR
2026-01-01,ACC0000004017,341639.83,0.0,70338.4,271301.43,NPR
2026-01-01,ACC0000004018,149295.18,0.0,134701.89,14593.29,NPR
2026-01-01,ACC0000004019,213321.49,0.0,0.0,213321.49,NPR
2026-01-01,ACC0000004020,310259.06,26799.04,0.0,337058.1,NPR
2026-01-01,ACC0000004021,134357.02,29757.55,28579.29,135535.28,NPR
2026-01-01,ACC0000004022,256189.84,0.0,0.0,256189.84,NPR
2026-01-01,ACC0000004023,111234.99,13626.02,71190.32,53670.69,NPR
2026-01-01,ACC0000004024,379760.96,0.0,0.0,379760.96,NPR
2026-01-01,ACC0000004025,111544.77,49250.85,0.0,160795.62,NPR
2026-01-01,ACC0000004026,209139.1,38190.83,41478.85,205851.08,NPR
2026-01-01,ACC0000004027,389728.4,0.0,76986.83,312741.57,NPR
2026-01-01,ACC0000004028,393402.75,7137.61,18015.65,382524.71,NPR
2026-01-01,ACC0000004029,322802.38,0.0,27648.08,295154.3,NPR
2026-01-01,ACC0000004030,199612.29,0.0,7850.12,191762.17,NPR
2026-01-01,ACC0000004031,329259.0,27886.87,88043.01,269102.86,NPR
2026-01-01,ACC0000004032,407068.04,0.0,58582.56,348485.48,NPR
2026-01-01,ACC0000004033,368653.1,4299.38,38746.85,334205.63,NPR
2026-01-01,ACC0000004034,482264.97,1028.36,71132.82,412160.51,NPR
2026-01-01,ACC0000004035,148053.24,0.0,92704.42,55348.82,NPR
2026-01-01,ACC0000004036,118083.38,0.0,79280.42,38802.96,NPR
2026-01-01,ACC0000004037,346254.57,0.0,41991.09,304263.48,NPR
2026-01-01,ACC0000004038,333689.82,0.0,6367.59,327322.23,NPR
2026-01-01,ACC0000004039,215993.53,9151.78,71581.98,153563.33,NPR
2026-01-01,ACC0000004040,241118.46,97468.06,99165.26,239421.26,NPR
2026-01-01,ACC0000004041,342848.14,240.09,37412.26,305675.97,NPR
2026-01-01,ACC0000004042,212375.62,0.0,0.0,212375.62,NPR
2026-01-01,ACC0000004043,244345.0,0.0,37744.76,206600.24,NPR
2026-01-01,ACC0000004044,445164.95,16301.56,49087.27,412379.24,NPR
2026-01-01,ACC0000004045,319471.59,0.0,69489.6,249981.99,NPR
2026-01-01,ACC0000004046,35848.92,0.0,0.0,35848.92,NPR
2026-01-01,ACC0000004047,490430.14,2132.09,115222.65,377339.58,NPR
2026-01-01,ACC0000004048,107959.0,0.0,42745.78,65213.22,NPR
2026-01-01,ACC0000004049,68666.06,0.0,32789.07,35876.99,NPR
2026-01-01,ACC0000004050,197949.72,0.0,0.0,197949.72,NPR
2026-01-01,ACC0000004051,460580.23,0.0,5440.81,455139.42,NPR
2026-01-01,ACC0000004052,47217.76,22252.64,97919.19,-28448.79,NPR
2026-01-01,ACC0000004053,142146.66,0.0,39324.13,102822.53,NPR
2026-01-01,ACC0000004054,60363.78,0.0,133563.5,-73199.72,NPR
2026-01-01,ACC0000004055,46401.21,0.0,0.0,46401.21,NPR
2026-01-01,ACC0000004056,233103.07,0.0,31716.79,201386.28,NPR
2026-01-01,ACC0000004057,171838.16,0.0,0.0,171838.16,NPR
2026-01-01,ACC0000004058,80564.81,0.0,105219.54,-24654.73,NPR
2026-01-01,ACC0000004059,425838.08,0.0,49018.2,376819.88,NPR
2026-01-01,ACC0000004060,33887.91,0.0,30030.23,3857.68,NPR
2026-01-01,ACC0000004061,97867.93,0.0,37510.72,60357.21,NPR
2026-01-01,ACC0000004062,174585.59,0.0,38806.94,135778.65,NPR
2026-01-01,ACC0000004063,139559.74,10925.64,122130.64,28354.74,NPR
2026-01-01,ACC0000004064,405035.19,0.0,117155.12,287880.07,NPR
2026-01-01,ACC0000004065,64185.55,0.0,23736.08,40449.47,NPR
2026-01-01,ACC0000004066,170731.41,0.0,0.0,170731.41,NPR
2026-01-01,ACC0000004067,109558.16,0.0,20253.81,89304.35,NPR
2026-01-01,ACC0000004068,340205.68,0.0,31100.83,309104.85,NPR
2026-01-01,ACC0000004069,446012.97,0.0,183195.8,262817.17,NPR
2026-01-01,ACC0000004070,46091.25,44286.4,0.0,90377.65,NPR
2026-01-01,ACC0000004071,121001.72,0.0,7831.5,113170.22,NPR
2026-01-01,ACC0000004072,96461.45,37322.36,41478.06,92305.75,NPR
2026-01-01,ACC0000004073,391831.5,0.0,585.18,391246.32,NPR
2026-01-01,ACC0000004074,382799.37,24032.14,56205.75,350625.76,NPR
2026-01-01,ACC0000004075,385366.42,0.0,0.0,385366.42,NPR
2026-01-01,ACC0000004076,172737.47,66750.03,0.0,239487.5,NPR
2026-01-01,ACC0000004077,111223.26,0.0,0.0,111223.26,NPR
2026-01-01,ACC0000004078,278832.31,0.0,53601.29,225231.02,NPR
2026-01-01,ACC0000004079,386731.1,35981.77,53302.86,369410.01,NPR
2026-01-01,ACC0000004080,300606.87,0.0,0.0,300606.87,NPR
2026-01-01,ACC0000004081,490834.75,0.0,73573.38,417261.37,NPR
2026-01-01,ACC0000004082,481589.34,0.0,0.0,481589.34,NPR
2026-01-01,ACC0000004083,213941.41,0.0,62226.37,151715.04,NPR
2026-01-01,ACC0000004084,486451.54,0.0,37449.17,449002.37,NPR
2026-01-01,ACC0000004085,278942.77,0.0,0.0,278942.77,NPR
2026-01-01,ACC0000004086,234404.16,0.0,67781.39,166622.77,NPR
2026-01-01,ACC0000004087,435658.57,0.0,0.0,435658.57,NPR
2026-01-01,ACC0000004088,136050.28,0.0,0.0,136050.28,NPR
2026-01-01,ACC0000004089,430999.09,45178.38,96103.29,380074.18,NPR
2026-01-01,ACC0000004090,19580.33,0.0,0.0,19580.33,NPR
2026-01-01,ACC0000004091,335975.73,44930.15,79261.26,301644.62,NPR
2026-01-01,ACC0000004092,423022.79,57354.38,183293.87,297083.3,NPR
2026-01-01,ACC0000004093,437561.08,44253.73,92226.97,389587.84,NPR
2026-01-01,ACC0000004094,310316.02,36359.65,0.0,346675.67,NPR
2026-01-01,ACC0000004095,493836.85,11985.86,36451.43,469371.28,NPR
2026-01-01,ACC0000004096,345623.24,0.0,101214.7,244408.54,NPR
2026-01-01,ACC0000004097,483586.46,0.0,0.0,483586.46,NPR
2026-01-01,ACC0000004098,194131.74,43413.65,49375.5,188169.89,NPR
2026-01-01,ACC0000004099,326257.93,0.0,0.0,326257.93,NPR
2026-01-01,ACC0000004100,327774.67,0.0,27324.24,300450.43,NPR
2026-01-01,ACC0000004101,226686.61,0.0,64854.08,161832.53,NPR
2026-01-01,ACC0000004102,174091.19,5946.99,13808.47,166229.71,NPR
2026-01-01,ACC0000004103,435996.47,10030.34,48374.26,397652.55,NPR
2026-01-01,ACC0000004104,333500.72,0.0,74162.69,259338.03,NPR
2026-01-01,ACC0000004105,453505.0,16251.19,100686.56,369069.63,NPR
2026-01-01,ACC0000004106,477356.86,0.0,80435.02,396921.84,NPR
2026-01-01,ACC0000004107,461215.39,15789.62,31485.87,445519.14,NPR
2026-01-01,ACC0000004108,427052.89,0.0,0.0,427052.89,NPR
2026-01-01,ACC0000004109,150469.14,0.0,0.0,150469.14,NPR
2026-01-01,ACC0000004110,405102.38,25735.07,82411.63,348425.82,NPR
2026-01-01,ACC0000004111,43281.89,0.0,0.0,43281.89,NPR
2026-01-01,ACC0000004112,444963.99,34959.71,87831.0,392092.7,NPR
2026-01-01,ACC0000004113,227904.28,0.0,0.0,227904.28,NPR
2026-01-01,ACC0000004114,146023.48,25371.2,16773.0,154621.68,NPR
2026-01-01,ACC0000004115,398583.55,0.0,65254.74,333328.81,NPR
2026-01-01,ACC0000004116,103803.29,0.0,28955.38,74847.91,NPR
2026-01-01,ACC0000004117,423278.62,0.0,111972.76,311305.86,NPR
2026-01-01,ACC0000004118,235715.03,0.0,48073.26,187641.77,NPR
2026-01-01,ACC0000004119,455839.02,0.0,78356.31,377482.71,NPR
2026-01-01,ACC0000004120,407047.42,35706.4,119391.69,323362.13,NPR
2026-01-01,ACC0000004121,344664.37,0.0,0.0,344664.37,NPR
2026-01-01,ACC0000004122,440871.67,50057.11,0.0,490928.78,NPR
2026-01-01,ACC0000004123,186258.0,0.0,0.0,186258.0,NPR
2026-01-01,ACC0000004124,316827.1,0.0,0.0,316827.1,NPR
2026-01-01,ACC0000004125,51467.68,0.0,0.0,51467.68,NPR
2026-01-01,ACC0000004126,113351.25,0.0,25603.47,87747.78,NPR
2026-01-01,ACC0000004127,100591.35,0.0,0.0,100591.35,NPR
2026-01-01,ACC0000004128,138103.14,23126.93,124263.8,36966.27,NPR
2026-01-01,ACC0000004129,368463.86,0.0,837.26,367626.6,NPR
2026-01-01,ACC0000004130,8651.2,0.0,83567.74,-74916.54,NPR
2026-01-01,ACC0000004131,22396.51,0.0,52340.58,-29944.07,NPR
2026-01-01,ACC0000004132,144372.64,0.0,8834.88,135537.76,NPR
2026-01-01,ACC0000004133,453851.02,0.0,157252.03,296598.99,NPR
2026-01-01,ACC0000004134,470575.66,0.0,0.0,470575.66,NPR
2026-01-01,ACC0000004135,244875.96,43695.69,90683.07,197888.58,NPR
2026-01-01,ACC0000004136,256971.93,33193.0,124371.41,165793.52,NPR
2026-01-01,ACC0000004137,305810.56,0.0,0.0,305810.56,NPR
2026-01-01,ACC0000004138,241240.3,0.0,0.0,241240.3,NPR
2026-01-01,ACC0000004139,258434.37,0.0,37229.01,221205.36,NPR
2026-01-01,ACC0000004140,482189.07,0.0,54780.58,427408.49,NPR
2026-01-01,ACC0000004141,356120.18,5843.31,65279.23,296684.26,NPR
2026-01-01,ACC0000004142,74642.38,4508.0,1934.74,77215.64,NPR
2026-01-01,ACC0000004143,450514.74,0.0,0.0,450514.74,NPR
2026-01-01,ACC0000004144,3723.61,0.0,124588.39,-120864.78,NPR
2026-01-01,ACC0000004145,288459.78,0.0,0.0,288459.78,NPR
2026-01-01,ACC0000004146,115377.63,0.0,85472.01,29905.62,NPR
2026-01-01,ACC0000004147,132707.54,41428.11,24857.96,149277.69,NPR
2026-01-01,ACC0000004148,309515.42,41728.98,132202.65,219041.75,NPR
2026-01-01,ACC0000004149,467357.31,0.0,80497.73,386859.58,NPR
2026-01-01,ACC0000004150,27543.62,0.0,0.0,27543.62,NPR
2026-01-01,ACC0000004151,125455.81,0.0,17350.16,108105.65,NPR
2026-01-01,ACC0000004152,26381.02,0.0,0.0,26381.02,NPR
2026-01-01,ACC0000004153,414581.49,0.0,1555.5,413025.99,NPR
2026-01-01,ACC0000004154,403874.01,4338.2,39887.44,368324.77,NPR
2026-01-01,ACC0000004155,402765.46,0.0,0.0,402765.46,NPR
2026-01-01,ACC0000004156,7134.38,47586.03,86371.68,-31651.27,NPR
2026-01-01,ACC0000004157,177024.47,0.0,73441.79,103582.68,NPR
2026-01-01,ACC0000004158,353566.19,0.0,0.0,353566.19,NPR
2026-01-01,ACC0000004159,161140.63,0.0,148090.97,13049.66,NPR
2026-01-01,ACC0000004160,94998.59,0.0,136243.4,-41244.81,NPR
2026-01-01,ACC0000004161,116979.38,49170.1,21139.41,145010.07,NPR
2026-01-01,ACC0000004162,384665.04,0.0,0.0,384665.04,NPR
2026-01-01,ACC0000004163,456385.02,11308.44,31616.37,436077.09,NPR
2026-01-01,ACC0000004164,122862.93,0.0,0.0,122862.93,NPR
2026-01-01,ACC0000004165,203406.52,0.0,64306.82,139099.7,NPR
2026-01-01,ACC0000004166,374496.45,19107.76,80099.88,313504.33,NPR
2026-01-01,ACC0000004167,175373.85,0.0,28972.08,146401.77,NPR
2026-01-01,ACC0000004168,240588.24,0.0,42107.96,198480.28,NPR
2026-01-01,ACC0000004169,493122.48,0.0,29551.59,463570.89,NPR
2026-01-01,ACC0000004170,270731.41,3968.26,20954.32,253745.35,NPR
2026-01-01,ACC0000004171,236158.14,22378.76,74369.9,184167.0,NPR
2026-01-01,ACC0000004172,274218.75,0.0,1677.88,272540.87,NPR
2026-01-01,ACC0000004173,55135.49,44038.85,17309.01,81865.33,NPR
2026-01-01,ACC0000004174,6552.55,12678.67,102465.02,-83233.8,NPR
2026-01-01,ACC0000004175,323397.58,0.0,108837.46,214560.12,NPR
2026-01-01,ACC0000004176,210830.68,0.0,76657.0,134173.68,NPR
2026-01-01,ACC0000004177,485446.8,0.0,68757.64,416689.16,NPR
2026-01-01,ACC0000004178,339023.58,18179.14,46829.57,310373.15,NPR
2026-01-01,ACC0000004179,152702.78,26438.44,53111.15,126030.07,NPR
2026-01-01,ACC0000004180,457200.44,0.0,110094.27,347106.17,NPR
2026-01-01,ACC0000004181,283266.24,0.0,0.0,283266.24,NPR
2026-01-01,ACC0000004182,108084.78,0.0,24717.63,83367.15,NPR
2026-01-01,ACC0000004183,305355.39,0.0,30842.13,274513.26,NPR
2026-01-01,ACC0000004184,186239.54,0.0,49614.64,136624.9,NPR
2026-01-01,ACC0000004185,290459.02,41145.0,90844.16,240759.86,NPR
2026-01-01,ACC0000004186,317565.9,0.0,58931.82,258634.08,NPR
2026-01-01,ACC0000004187,430639.86,0.0,0.0,430639.86,NPR
2026-01-01,ACC0000004188,24602.02,0.0,104268.5,-79666.48,NPR
2026-01-01,ACC0000004189,370952.05,22708.8,52847.27,340813.58,NPR
2026-01-01,ACC0000004190,201334.81,20021.28,74252.49,147103.6,NPR
2026-01-01,ACC0000004191,424775.46,8229.13,61426.79,371577.8,NPR
2026-01-01,ACC0000004192,424722.55,14242.14,49444.34,389520.35,NPR
2026-01-01,ACC0000004193,469643.13,44005.56,26148.55,487500.14,NPR
2026-01-01,ACC0000004194,285104.67,45464.15,25257.34,305311.48,NPR
2026-01-01,ACC0000004195,341392.57,0.0,36406.01,304986.56,NPR
2026-01-01,ACC0000004196,415413.86,0.0,95512.13,319901.73,NPR
2026-01-01,ACC0000004197,179496.24,7182.03,70385.32,116292.95,NPR
2026-01-01,ACC0000004198,253563.72,8808.17,34917.8,227454.09,NPR
2026-01-01,ACC0000004199,413100.8,29703.86,0.0,442804.66,NPR
2026-01-01,ACC0000004200,150787.38,0.0,74020.39,76766.99,NPR
2026-01-01,ACC0000004201,23414.38,0.0,0.0,23414.38,NPR
2026-01-01,ACC0000004202,456115.84,0.0,89333.21,366782.63,NPR
2026-01-01,ACC0000004203,246022.23,0.0,0.0,246022.23,NPR
2026-01-01,ACC0000004204,288750.8,0.0,0.0,288750.8,NPR
2026-01-01,ACC0000004205,450405.25,16358.26,14096.14,452667.37,NPR
2026-01-01,ACC0000004206,134020.21,0.0,26843.16,107177.05,NPR
2026-01-01,ACC0000004207,282126.93,0.0,0.0,282126.93,NPR
2026-01-01,ACC0000004208,23243.55,0.0,36423.58,-13180.03,NPR
2026-01-01,ACC0000004209,106314.17,0.0,29383.07,76931.1,NPR
2026-01-01,ACC0000004210,450602.58,0.0,196631.25,253971.33,NPR
2026-01-01,ACC0000004211,491909.9,0.0,80102.31,411807.59,NPR
2026-01-01,ACC0000004212,265768.34,0.0,22686.87,243081.47,NPR
2026-01-01,ACC0000004213,484443.77,0.0,0.0,484443.77,NPR
2026-01-01,ACC0000004214,156698.3,0.0,10847.69,145850.61,NPR
2026-01-01,ACC0000004215,102086.78,34620.66,111375.11,25332.33,NPR
2026-01-01,ACC0000004216,158736.75,48716.75,0.0,207453.5,NPR
2026-01-01,ACC0000004217,204589.47,0.0,60575.06,144014.41,NPR
2026-01-01,ACC0000004218,227653.76,47977.3,67023.08,208607.98,NPR
2026-01-01,ACC0000004219,90367.49,0.0,0.0,90367.49,NPR
2026-01-01,ACC0000004220,218296.66,0.0,0.0,218296.66,NPR
2026-01-01,ACC0000004221,316951.28,37261.29,138347.74,215864.83,NPR
2026-01-01,ACC0000004222,191362.12,0.0,81822.81,109539.31,NPR
2026-01-01,ACC0000004223,395017.89,5996.98,130676.87,270338.0,NPR
2026-01-01,ACC0000004224,395112.88,50080.32,42387.76,402805.44,NPR
2026-01-01,ACC0000004225,161400.66,0.0,47142.44,114258.22,NPR
2026-01-01,ACC0000004226,141984.74,45695.31,62830.51,124849.54,NPR
2026-01-01,ACC0000004227,456273.96,0.0,35864.84,420409.12,NPR
2026-01-01,ACC0000004228,421676.69,45454.5,26779.05,440352.14,NPR
2026-01-01,ACC0000004229,128792.74,0.0,0.0,128792.74,NPR
2026-01-01,ACC0000004230,256852.12,0.0,181905.42,74946.7,NPR
2026-01-01,ACC0000004231,346480.5,0.0,27090.14,319390.36,NPR
2026-01-01,ACC0000004232,245928.55,0.0,61866.78,184061.77,NPR
2026-01-01,ACC0000004233,70870.01,0.0,0.0,70870.01,NPR
2026-01-01,ACC0000004234,257450.93,19846.09,49552.8,227744.22,NPR
2026-01-01,ACC0000004235,140177.36,0.0,58710.41,81466.95,NPR
2026-01-01,ACC0000004236,342996.87,0.0,79588.22,263408.65,NPR
2026-01-01,ACC0000004237,221151.55,0.0,36986.11,184165.44,NPR
2026-01-01,ACC0000004238,77584.14,0.0,119921.54,-42337.4,NPR
2026-01-01,ACC0000004239,308927.16,0.0,714.61,308212.55,NPR
2026-01-01,ACC0000004240,493707.4,0.0,28072.48,465634.92,NPR
2026-01-01,ACC0000004241,381512.54,38390.22,43054.2,376848.56,NPR
2026-01-01,ACC0000004242,426042.15,0.0,80613.21,345428.94,NPR
2026-01-01,ACC0000004243,89032.5,43967.52,0.0,133000.02,NPR
2026-01-01,ACC0000004244,123959.11,43648.38,42876.64,124730.85,NPR
2026-01-01,ACC0000004245,135695.15,0.0,111814.66,23880.49,NPR
2026-01-01,ACC0000004246,470601.63,0.0,41712.24,428889.39,NPR
2026-01-01,ACC0000004247,9123.78,0.0,76064.37,-66940.59,NPR
2026-01-01,ACC0000004248,241060.72,0.0,24611.63,216449.09,NPR
2026-01-01,ACC0000004249,322701.82,0.0,4696.76,318005.06,NPR
2026-01-01,ACC0000004250,246566.45,0.0,0.0,246566.45,NPR
2026-01-01,ACC0000004251,245071.89,0.0,42452.74,202619.15,NPR
2026-01-01,ACC0000004252,85451.65,0.0,0.0,85451.65,NPR
2026-01-01,ACC0000004253,496170.45,0.0,11443.44,484727.01,NPR
2026-01-01,ACC0000004254,225122.47,0.0,0.0,225122.47,NPR
2026-01-01,ACC0000004255,168609.85,0.0,45655.89,122953.96,NPR
2026-01-01,ACC0000004256,349256.27,0.0,0.0,349256.27,NPR
2026-01-01,ACC0000004257,462888.56,0.0,12916.31,449972.25,NPR
2026-01-01,ACC0000004258,372307.0,0.0,24467.96,347839.04,NPR
2026-01-01,ACC0000004259,358187.02,0.0,59438.72,298748.3,NPR
2026-01-01,ACC0000004260,273153.75,31046.05,68670.74,235529.06,NPR
2026-01-01,ACC0000004261,483223.62,0.0,0.0,483223.62,NPR
2026-01-01,ACC0000004262,44798.75,0.0,74820.35,-30021.6,NPR
2026-01-01,ACC0000004263,249674.07,22091.0,58806.26,212958.81,NPR
2026-01-01,ACC0000004264,347912.66,76577.45,33346.2,391143.91,NPR
2026-01-01,ACC0000004265,339049.91,0.0,0.0,339049.91,NPR
2026-01-01,ACC0000004266,371502.4,0.0,43574.35,327928.05,NPR
2026-01-01,ACC0000004267,96429.62,0.0,192555.6,-96125.98,NPR
2026-01-01,ACC0000004268,59835.8,38091.33,62405.71,35521.42,NPR
2026-01-01,ACC0000004269,214098.57,0.0,58099.24,155999.33,NPR
2026-01-01,ACC0000004270,130831.63,0.0,92033.41,38798.22,NPR
2026-01-01,ACC0000004271,135273.67,0.0,0.0,135273.67,NPR
2026-01-01,ACC0000004272,316924.56,0.0,32276.63,284647.93,NPR
2026-01-01,ACC0000004273,158736.71,0.0,150577.66,8159.05,NPR
2026-01-01,ACC0000004274,100641.63,62926.45,16476.56,147091.52,NPR
2026-01-01,ACC0000004275,217974.48,36006.6,44497.74,209483.34,NPR
2026-01-01,ACC0000004276,232141.07,0.0,0.0,232141.07,NPR
2026-01-01,ACC0000004277,408543.66,0.0,68006.45,340537.21,NPR
2026-01-01,ACC0000004278,135765.42,0.0,72006.16,63759.26,NPR
2026-01-01,ACC0000004279,330895.48,0.0,125795.93,205099.55,NPR
2026-01-01,ACC0000004280,154478.39,0.0,3674.87,150803.52,NPR
2026-01-01,ACC0000004281,314663.95,0.0,83133.15,231530.8,NPR
2026-01-01,ACC0000004282,253129.29,0.0,103462.67,149666.62,NPR
2026-01-01,ACC0000004283,327240.8,39813.2,66998.16,300055.84,NPR
2026-01-01,ACC0000004284,328221.16,38340.8,35533.87,331028.09,NPR
2026-01-01,ACC0000004285,454158.93,26850.08,18186.8,462822.21,NPR
2026-01-01,ACC0000004286,193749.19,27360.87,92370.44,128739.62,NPR
2026-01-01,ACC0000004287,178909.36,0.0,68022.13,110887.23,NPR
2026-01-01,ACC0000004288,471333.18,19263.38,44074.93,446521.63,NPR
2026-01-01,ACC0000004289,24748.18,0.0,53074.19,-28326.01,NPR
2026-01-01,ACC0000004290,151404.61,10479.62,76284.11,85600.12,NPR
2026-01-01,ACC0000004291,136170.18,0.0,54216.33,81953.85,NPR
2026-01-01,ACC0000004292,321927.52,13219.5,81788.8,253358.22,NPR
2026-01-01,ACC0000004293,376546.8,37248.08,19203.73,394591.15,NPR
2026-01-01,ACC0000004294,397177.41,30537.34,0.0,427714.75,NPR
2026-01-01,ACC0000004295,93935.97,25194.99,15859.18,103271.78,NPR
2026-01-01,ACC0000004296,189939.8,0.0,10673.24,179266.56,NPR
2026-01-01,ACC0000004297,187924.51,3150.85,0.0,191075.36,NPR
2026-01-01,ACC0000004298,31684.15,45170.48,90311.42,-13456.79,NPR
2026-01-01,ACC0000004299,335309.49,31880.05,18429.15,348760.39,NPR
2026-01-01,ACC0000004300,60355.76,0.0,70771.8,-10416.04,NPR
2026-01-01,ACC0000004301,194694.81,0.0,106800.06,87894.75,NPR
2026-01-01,ACC0000004302,437486.61,5794.57,35947.32,407333.86,NPR
2026-01-01,ACC0000004303,29374.57,0.0,49357.11,-19982.54,NPR
2026-01-01,ACC0000004304,318255.69,0.0,47967.19,270288.5,NPR
2026-01-01,ACC0000004305,214360.89,0.0,68191.33,146169.56,NPR
2026-01-01,ACC0000004306,402744.61,20909.88,39490.88,384163.61,NPR
2026-01-01,ACC0000004307,186175.06,0.0,62215.63,123959.43,NPR
2026-01-01,ACC0000004308,154969.21,0.0,58350.51,96618.7,NPR
2026-01-01,ACC0000004309,161200.48,0.0,152122.34,9078.14,NPR
2026-01-01,ACC0000004310,158480.51,0.0,0.0,158480.51,NPR
2026-01-01,ACC0000004311,160969.69,0.0,22279.01,138690.68,NPR
2026-01-01,ACC0000004312,372957.88,0.0,51248.82,321709.06,NPR
2026-01-01,ACC0000004313,445136.08,49580.82,49652.78,445064.12,NPR
2026-01-01,ACC0000004314,91783.76,0.0,45996.79,45786.97,NPR
2026-01-01,ACC0000004315,247880.03,0.0,12516.24,235363.79,NPR
2026-01-01,ACC0000004316,124234.32,0.0,0.0,124234.32,NPR
2026-01-01,ACC0000004317,79902.62,0.0,53482.85,26419.77,NPR
2026-01-01,ACC0000004318,326721.69,0.0,0.0,326721.69,NPR
2026-01-01,ACC0000004319,249161.59,47315.97,100821.78,195655.78,NPR
2026-01-01,ACC0000004320,144524.96,0.0,0.0,144524.96,NPR
2026-01-01,ACC0000004321,351589.46,0.0,76115.29,275474.17,NPR
2026-01-01,ACC0000004322,403656.6,0.0,60315.85,343340.75,NPR
2026-01-01,ACC0000004323,6494.02,44944.83,102231.95,-50793.1,NPR
2026-01-01,ACC0000004324,184869.72,0.0,95166.65,89703.07,NPR
2026-01-01,ACC0000004325,389685.64,25904.41,0.0,415590.05,NPR
2026-01-01,ACC0000004326,92793.59,0.0,78031.0,14762.59,NPR
2026-01-01,ACC0000004327,332794.2,0.0,12968.19,319826.01,NPR
2026-01-01,ACC0000004328,446075.21,0.0,57733.85,388341.36,NPR
2026-01-01,ACC0000004329,424595.03,15361.12,50883.82,389072.33,NPR
2026-01-01,ACC0000004330,247936.4,8025.43,23010.87,232950.96,NPR
2026-01-01,ACC0000004331,345048.39,0.0,7942.8,337105.59,NPR
2026-01-01,ACC0000004332,72230.27,46233.23,148667.74,-30204.24,NPR
2026-01-01,ACC0000004333,206154.52,0.0,0.0,206154.52,NPR
2026-01-01,ACC0000004334,113598.81,0.0,102339.46,11259.35,NPR
2026-01-01,ACC0000004335,499140.64,1951.74,24705.53,476386.85,NPR
2026-01-01,ACC0000004336,348073.25,34249.57,66573.35,315749.47,NPR
2026-01-01,ACC0000004337,154510.59,0.0,8890.67,145619.92,NPR
2026-01-01,ACC0000004338,15164.58,0.0,39002.3,-23837.72,NPR
2026-01-01,ACC0000004339,71107.92,0.0,59438.96,11668.96,NPR
2026-01-01,ACC0000004340,11264.19,24250.16,32579.22,2935.13,NPR
2026-01-01,ACC0000004341,129253.57,0.0,4702.68,124550.89,NPR
2026-01-01,ACC0000004342,183986.5,0.0,42426.18,141560.32,NPR
2026-01-01,ACC0000004343,459190.76,0.0,46919.6,412271.16,NPR
2026-01-01,ACC0000004344,360043.15,0.0,26310.5,333732.65,NPR
2026-01-01,ACC0000004345,268066.75,0.0,20032.54,248034.21,NPR
2026-01-01,ACC0000004346,355933.06,49204.72,108316.54,296821.24,NPR
2026-01-01,ACC0000004347,338202.9,0.0,0.0,338202.9,NPR
2026-01-01,ACC0000004348,245019.91,52867.22,51472.3,246414.83,NPR
2026-01-01,ACC0000004349,319083.15,44668.05,74709.48,289041.72,NPR
2026-01-01,ACC0000004350,77457.56,0.0,85651.44,-8193.88,NPR
2026-01-01,ACC0000004351,344302.98,0.0,132730.08,211572.9,NPR
2026-01-01,ACC0000004352,116526.72,0.0,48402.41,68124.31,NPR
2026-01-01,ACC0000004353,37563.29,44856.75,44660.9,37759.14,NPR
2026-01-01,ACC0000004354,115510.46,0.0,43397.02,72113.44,NPR
2026-01-01,ACC0000004355,316375.03,1981.62,48057.71,270298.94,NPR
2026-01-01,ACC0000004356,147623.78,8455.41,138183.8,17895.39,NPR
2026-01-01,ACC0000004357,161468.51,43973.59,25323.35,180118.75,NPR
2026-01-01,ACC0000004358,261244.97,60974.88,88280.43,233939.42,NPR
2026-01-01,ACC0000004359,2147.16,0.0,90665.48,-88518.32,NPR
2026-01-01,ACC0000004360,99904.94,0.0,0.0,99904.94,NPR
2026-01-01,ACC0000004361,393456.07,0.0,0.0,393456.07,NPR
2026-01-01,ACC0000004362,377213.21,0.0,14724.55,362488.66,NPR
2026-01-01,ACC0000004363,489304.38,0.0,86343.74,402960.64,NPR
2026-01-01,ACC0000004364,137477.88,0.0,12840.5,124637.38,NPR
2026-01-01,ACC0000004365,307428.31,0.0,0.0,307428.31,NPR
2026-01-01,ACC0000004366,165384.66,0.0,0.0,165384.66,NPR
2026-01-01,ACC0000004367,28637.7,0.0,46391.11,-17753.41,NPR
2026-01-01,ACC0000004368,157883.61,36739.06,38903.44,155719.23,NPR
2026-01-01,ACC0000004369,101460.66,47604.18,96983.74,52081.1,NPR
2026-01-01,ACC0000004370,390481.99,0.0,83281.29,307200.7,NPR
2026-01-01,ACC0000004371,191875.98,0.0,66472.93,125403.05,NPR
2026-01-01,ACC0000004372,280505.67,0.0,59517.44,220988.23,NPR
2026-01-01,ACC0000004373,256410.72,4647.64,60777.45,200280.91,NPR
2026-01-01,ACC0000004374,499549.01,0.0,35382.41,464166.6,NPR
2026-01-01,ACC0000004375,385683.67,21841.57,17866.15,389659.09,NPR
2026-01-01,ACC0000004376,448446.04,0.0,79008.08,369437.96,NPR
2026-01-01,ACC0000004377,411446.43,0.0,139782.16,271664.27,NPR
2026-01-01,ACC0000004378,476106.31,0.0,4085.56,472020.75,NPR
2026-01-01,ACC0000004379,116398.24,0.0,49992.06,66406.18,NPR
2026-01-01,ACC0000004380,261595.18,0.0,41588.8,220006.38,NPR
2026-01-01,ACC0000004381,497668.85,0.0,0.0,497668.85,NPR
2026-01-01,ACC0000004382,372669.68,0.0,12687.45,359982.23,NPR
2026-01-01,ACC0000004383,23355.43,24864.57,0.0,48220.0,NPR
2026-01-01,ACC0000004384,61304.48,0.0,66026.46,-4721.98,NPR
2026-01-01,ACC0000004385,469960.71,83884.46,37238.74,516606.43,NPR
2026-01-01,ACC0000004386,398704.61,8953.92,10690.73,396967.8,NPR
2026-01-01,ACC0000004387,20330.07,53402.53,82411.1,-8678.5,NPR
2026-01-01,ACC0000004388,139416.62,8049.14,33998.78,113466.98,NPR
2026-01-01,ACC0000004389,342081.84,75143.63,42800.1,374425.37,NPR
2026-01-01,ACC0000004390,405427.67,34434.98,55003.85,384858.8,NPR
2026-01-01,ACC0000004391,390335.28,6119.56,0.0,396454.84,NPR
2026-01-01,ACC0000004392,440322.77,21488.87,15778.26,446033.38,NPR
2026-01-01,ACC0000004393,230899.57,0.0,31027.81,199871.76,NPR
2026-01-01,ACC0000004394,121875.29,0.0,36803.11,85072.18,NPR
2026-01-01,ACC0000004395,240650.63,0.0,113599.04,127051.59,NPR
2026-01-01,ACC0000004396,450050.66,0.0,0.0,450050.66,NPR
2026-01-01,ACC0000004397,246131.59,0.0,34647.85,211483.74,NPR
2026-01-01,ACC0000004398,100641.08,0.0,0.0,100641.08,NPR
2026-01-01,ACC0000004399,460954.4,32885.82,40732.13,453108.09,NPR
2026-01-01,ACC0000004400,228307.04,0.0,0.0,228307.04,NPR
2026-01-01,ACC0000004401,114000.22,18637.97,94300.77,38337.42,NPR
2026-01-01,ACC0000004402,271232.74,0.0,45668.31,225564.43,NPR
2026-01-01,ACC0000004403,212184.33,0.0,57501.45,154682.88,NPR
2026-01-01,ACC0000004404,173967.6,40641.73,5876.64,208732.69,NPR
2026-01-01,ACC0000004405,193189.82,34387.44,121487.74,106089.52,NPR
2026-01-01,ACC0000004406,421232.63,0.0,120677.58,300555.05,NPR
2026-01-01,ACC0000004407,453761.79,0.0,0.0,453761.79,NPR
2026-01-01,ACC0000004408,372062.12,0.0,20329.78,351732.34,NPR
2026-01-01,ACC0000004409,470020.02,0.0,44261.42,425758.6,NPR
2026-01-01,ACC0000004410,415788.97,3382.11,37185.09,381985.99,NPR
2026-01-01,ACC0000004411,216210.62,120528.15,69862.5,266876.27,NPR
2026-01-01,ACC0000004412,65334.8,0.0,0.0,65334.8,NPR
2026-01-01,ACC0000004413,168361.23,16542.62,0.0,184903.85,NPR
2026-01-01,ACC0000004414,193338.58,43747.56,8674.54,228411.6,NPR
2026-01-01,ACC0000004415,445606.15,0.0,116428.29,329177.86,NPR
2026-01-01,ACC0000004416,392213.91,0.0,0.0,392213.91,NPR
2026-01-01,ACC0000004417,79618.92,12831.9,58097.93,34352.89,NPR
2026-01-01,ACC0000004418,96107.99,0.0,0.0,96107.99,NPR
2026-01-01,ACC0000004419,190906.0,21910.53,10578.05,202238.48,NPR
2026-01-01,ACC0000004420,323016.44,0.0,37438.12,285578.32,NPR
2026-01-01,ACC0000004421,492578.58,0.0,0.0,492578.58,NPR
2026-01-01,ACC0000004422,109174.84,8834.04,77148.11,40860.77,NPR
2026-01-01,ACC0000004423,33849.66,0.0,0.0,33849.66,NPR
2026-01-01,ACC0000004424,92802.6,10774.84,73060.13,30517.31,NPR
2026-01-01,ACC0000004425,310087.35,0.0,30170.52,279916.83,NPR
2026-01-01,ACC0000004426,401742.9,43017.51,48469.54,396290.87,NPR
2026-01-01,ACC0000004427,358569.52,20760.05,0.0,379329.57,NPR
2026-01-01,ACC0000004428,5110.97,37053.94,32537.25,9627.66,NPR
2026-01-01,ACC0000004429,78664.68,0.0,75738.98,2925.7,NPR
2026-01-01,ACC0000004430,120543.68,0.0,47913.38,72630.3,NPR
2026-01-01,ACC0000004431,321927.83,12669.07,25977.77,308619.13,NPR
2026-01-01,ACC0000004432,324435.61,2514.11,52663.07,274286.65,NPR
2026-01-01,ACC0000004433,210094.92,0.0,0.0,210094.92,NPR
2026-01-01,ACC0000004434,375857.19,0.0,5791.46,370065.73,NPR
2026-01-01,ACC0000004435,138817.97,0.0,0.0,138817.97,NPR
2026-01-01,ACC0000004436,9336.86,0.0,43136.83,-33799.97,NPR
2026-01-01,ACC0000004437,436688.98,76118.04,42362.24,470444.78,NPR
2026-01-01,ACC0000004438,458440.62,41455.49,32196.39,467699.72,NPR
2026-01-01,ACC0000004439,176337.33,0.0,0.0,176337.33,NPR
2026-01-01,ACC0000004440,346762.11,19967.67,184121.13,182608.65,NPR
2026-01-01,ACC0000004441,252398.61,0.0,0.0,252398.61,NPR
2026-01-01,ACC0000004442,203557.05,0.0,72948.29,130608.76,NPR
2026-01-01,ACC0000004443,383667.42,0.0,49041.51,334625.91,NPR
2026-01-01,ACC0000004444,443698.07,0.0,0.0,443698.07,NPR
2026-01-01,ACC0000004445,433584.71,35264.26,0.0,468848.97,NPR
2026-01-01,ACC0000004446,439900.62,0.0,134195.01,305705.61,NPR
2026-01-01,ACC0000004447,438936.55,0.0,120885.29,318051.26,NPR
2026-01-01,ACC0000004448,263533.94,3822.41,28002.54,239353.81,NPR
2026-01-01,ACC0000004449,332730.88,24302.04,28256.05,328776.87,NPR
2026-01-01,ACC0000004450,244957.38,39533.67,10054.5,274436.55,NPR
2026-01-01,ACC0000004451,117797.14,0.0,63418.19,54378.95,NPR
2026-01-01,ACC0000004452,310903.11,5738.86,91036.84,225605.13,NPR
2026-01-01,ACC0000004453,477092.11,0.0,59290.17,417801.94,NPR
2026-01-01,ACC0000004454,24899.27,37552.87,60866.73,1585.41,NPR
2026-01-01,ACC0000004455,363417.11,0.0,3373.92,360043.19,NPR
2026-01-01,ACC0000004456,455623.06,46307.2,11956.65,489973.61,NPR
2026-01-01,ACC0000004457,452721.95,0.0,57470.63,395251.32,NPR
2026-01-01,ACC0000004458,357178.74,0.0,47533.35,309645.39,NPR
2026-01-01,ACC0000004459,59155.11,45620.21,152287.98,-47512.66,NPR
2026-01-01,ACC0000004460,245537.91,0.0,0.0,245537.91,NPR
2026-01-01,ACC0000004461,93218.58,11669.15,0.0,104887.73,NPR
2026-01-01,ACC0000004462,40619.91,14808.03,110882.9,-55454.96,NPR
2026-01-01,ACC0000004463,99670.36,0.0,85075.15,14595.21,NPR
2026-01-01,ACC0000004464,211915.25,0.0,0.0,211915.25,NPR
2026-01-01,ACC0000004465,84230.37,10753.69,69015.68,25968.38,NPR
2026-01-01,ACC0000004466,463010.14,0.0,0.0,463010.14,NPR
2026-01-01,ACC0000004467,140135.27,0.0,111924.38,28210.89,NPR
2026-01-01,ACC0000004468,260820.68,0.0,48923.22,211897.46,NPR
2026-01-01,ACC0000004469,386445.41,0.0,70915.64,315529.77,NPR
2026-01-01,ACC0000004470,393062.19,0.0,45862.54,347199.65,NPR
2026-01-01,ACC0000004471,141732.1,0.0,0.0,141732.1,NPR
2026-01-01,ACC0000004472,428239.55,0.0,0.0,428239.55,NPR
2026-01-01,ACC0000004473,82169.32,19867.65,0.0,102036.97,NPR
2026-01-01,ACC0000004474,191580.23,0.0,0.0,191580.23,NPR
2026-01-01,ACC0000004475,301952.51,0.0,29203.4,272749.11,NPR
2026-01-01,ACC0000004476,225590.08,5028.58,0.0,230618.66,NPR
2026-01-01,ACC0000004477,58820.1,46739.45,108646.44,-3086.89,NPR
2026-01-01,ACC0000004478,78665.0,0.0,0.0,78665.0,NPR
2026-01-01,ACC0000004479,335691.32,0.0,66644.77,269046.55,NPR
2026-01-01,ACC0000004480,446770.86,24955.66,49393.53,422332.99,NPR
2026-01-01,ACC0000004481,359122.64,0.0,105753.82,253368.82,NPR
2026-01-01,ACC0000004482,362601.37,0.0,10554.2,352047.17,NPR
2026-01-01,ACC0000004483,28469.91,7490.63,98853.41,-62892.87,NPR
2026-01-01,ACC0000004484,217563.06,0.0,50842.67,166720.39,NPR
2026-01-01,ACC0000004485,181039.86,49165.24,131546.24,98658.86,NPR
2026-01-01,ACC0000004486,191216.75,0.0,35550.47,155666.28,NPR
2026-01-01,ACC0000004487,93413.28,0.0,49021.34,44391.94,NPR
2026-01-01,ACC0000004488,220028.81,0.0,0.0,220028.81,NPR
2026-01-01,ACC0000004489,215213.88,0.0,14049.22,201164.66,NPR
2026-01-01,ACC0000004490,366592.63,9710.33,113768.6,262534.36,NPR
2026-01-01,ACC0000004491,17041.78,45382.3,44297.85,18126.23,NPR
2026-01-01,ACC0000004492,24891.97,0.0,42636.08,-17744.11,NPR
2026-01-01,ACC0000004493,266351.75,30890.53,0.0,297242.28,NPR
2026-01-01,ACC0000004494,375900.99,48932.0,34490.06,390342.93,NPR
2026-01-01,ACC0000004495,153491.1,0.0,29397.65,124093.45,NPR
2026-01-01,ACC0000004496,214465.62,24032.32,51068.36,187429.58,NPR
2026-01-01,ACC0000004497,287373.22,0.0,110325.64,177047.58,NPR
2026-01-01,ACC0000004498,436129.37,0.0,17541.66,418587.71,NPR
2026-01-01,ACC0000004499,103849.49,0.0,44761.25,59088.24,NPR
2026-01-01,ACC0000004500,151246.13,14497.47,9238.55,156505.05,NPR
2026-01-01,ACC0000004501,478965.25,0.0,22311.35,456653.9,NPR
2026-01-01,ACC0000004502,163030.08,37091.1,17056.01,183065.17,NPR
2026-01-01,ACC0000004503,447053.55,0.0,48918.95,398134.6,NPR
2026-01-01,ACC0000004504,407693.46,0.0,86849.82,320843.64,NPR
2026-01-01,ACC0000004505,475291.51,0.0,0.0,475291.51,NPR
2026-01-01,ACC0000004506,372733.42,0.0,48536.03,324197.39,NPR
2026-01-01,ACC0000004507,67002.3,30491.27,0.0,97493.57,NPR
2026-01-01,ACC0000004508,81066.86,9341.21,82020.98,8387.09,NPR
2026-01-01,ACC0000004509,177883.79,0.0,46089.25,131794.54,NPR
2026-01-01,ACC0000004510,117153.45,2995.56,0.0,120149.01,NPR
2026-01-01,ACC0000004511,156130.19,0.0,25565.81,130564.38,NPR
2026-01-01,ACC0000004512,192664.11,36677.47,22420.2,206921.38,NPR
2026-01-01,ACC0000004513,344496.74,0.0,16091.34,328405.4,NPR
2026-01-01,ACC0000004514,362819.4,0.0,14799.14,348020.26,NPR
2026-01-01,ACC0000004515,116098.78,22187.4,60692.38,77593.8,NPR
2026-01-01,ACC0000004516,464222.16,0.0,13060.54,451161.62,NPR
2026-01-01,ACC0000004517,345944.75,0.0,57843.23,288101.52,NPR
2026-01-01,ACC0000004518,161502.46,0.0,49645.8,111856.66,NPR
2026-01-01,ACC0000004519,237571.92,50687.45,3790.66,284468.71,NPR
2026-01-01,ACC0000004520,301159.97,26334.32,71411.32,256082.97,NPR
2026-01-01,ACC0000004521,90630.88,40469.28,20425.57,110674.59,NPR
2026-01-01,ACC0000004522,99515.46,0.0,94931.11,4584.35,NPR
2026-01-01,ACC0000004523,36857.11,0.0,75773.09,-38915.98,NPR
2026-01-01,ACC0000004524,50364.17,0.0,26683.5,23680.67,NPR
2026-01-01,ACC0000004525,109139.06,44211.07,5466.01,147884.12,NPR
2026-01-01,ACC0000004526,65825.47,30734.28,64492.41,32067.34,NPR
2026-01-01,ACC0000004527,376447.33,0.0,30469.69,345977.64,NPR
2026-01-01,ACC0000004528,454584.48,1127.22,50103.73,405607.97,NPR
2026-01-01,ACC0000004529,237784.45,0.0,0.0,237784.45,NPR
2026-01-01,ACC0000004530,159797.47,0.0,0.0,159797.47,NPR
2026-01-01,ACC0000004531,366660.05,0.0,0.0,366660.05,NPR
2026-01-01,ACC0000004532,414474.61,0.0,0.0,414474.61,NPR
2026-01-01,ACC0000004533,150848.72,0.0,46309.19,104539.53,NPR
2026-01-01,ACC0000004534,340935.07,35642.77,0.0,376577.84,NPR
2026-01-01,ACC0000004535,340520.26,0.0,72488.16,268032.1,NPR
2026-01-01,ACC0000004536,324053.48,0.0,5712.2,318341.28,NPR
2026-01-01,ACC0000004537,122423.53,4428.95,48904.89,77947.59,NPR
2026-01-01,ACC0000004538,368463.12,0.0,0.0,368463.12,NPR
2026-01-01,ACC0000004539,13302.92,40700.36,62001.7,-7998.42,NPR
2026-01-01,ACC0000004540,486854.07,0.0,56139.38,430714.69,NPR
2026-01-01,ACC0000004541,448012.52,0.0,0.0,448012.52,NPR
2026-01-01,ACC0000004542,218350.87,0.0,58232.75,160118.12,NPR
2026-01-01,ACC0000004543,465929.62,0.0,623.6,465306.02,NPR
2026-01-01,ACC0000004544,488249.2,0.0,83607.11,404642.09,NPR
2026-01-01,ACC0000004545,228455.19,0.0,0.0,228455.19,NPR
2026-01-01,ACC0000004546,389837.77,0.0,90426.8,299410.97,NPR
2026-01-01,ACC0000004547,335727.74,33467.01,124552.47,244642.28,NPR
2026-01-01,ACC0000004548,263941.85,24989.96,0.0,288931.81,NPR
2026-01-01,ACC0000004549,392173.49,0.0,30452.42,361721.07,NPR
2026-01-01,ACC0000004550,148206.96,0.0,0.0,148206.96,NPR
2026-01-01,ACC0000004551,142563.74,0.0,36047.11,106516.63,NPR
2026-01-01,ACC0000004552,379134.41,39990.45,41141.33,377983.53,NPR
2026-01-01,ACC0000004553,84119.07,30236.86,67617.11,46738.82,NPR
2026-01-01,ACC0000004554,194698.99,23218.74,46934.92,170982.81,NPR
2026-01-01,ACC0000004555,211187.31,0.0,83038.36,128148.95,NPR
2026-01-01,ACC0000004556,106922.99,0.0,65969.54,40953.45,NPR
2026-01-01,ACC0000004557,109952.58,36097.64,12032.67,134017.55,NPR
2026-01-01,ACC0000004558,416682.54,0.0,12074.97,404607.57,NPR
2026-01-01,ACC0000004559,5044.88,0.0,0.0,5044.88,NPR
2026-01-01,ACC0000004560,260476.39,0.0,31872.66,228603.73,NPR
2026-01-01,ACC0000004561,341626.72,0.0,109321.5,232305.22,NPR
2026-01-01,ACC0000004562,206097.1,6455.38,17670.69,194881.79,NPR
2026-01-01,ACC0000004563,136566.04,2116.06,33701.3,104980.8,NPR
2026-01-01,ACC0000004564,125413.35,13169.97,155040.61,-16457.29,NPR
2026-01-01,ACC0000004565,157925.55,16268.49,34090.28,140103.76,NPR
2026-01-01,ACC0000004566,103635.5,0.0,0.0,103635.5,NPR
2026-01-01,ACC0000004567,175189.92,0.0,5734.01,169455.91,NPR
2026-01-01,ACC0000004568,226752.48,0.0,89246.21,137506.27,NPR
2026-01-01,ACC0000004569,261011.91,34380.5,36450.9,258941.51,NPR
2026-01-01,ACC0000004570,196189.07,0.0,95334.57,100854.5,NPR
2026-01-01,ACC0000004571,306518.07,0.0,24656.73,281861.34,NPR
2026-01-01,ACC0000004572,74303.11,0.0,0.0,74303.11,NPR
2026-01-01,ACC0000004573,497284.98,0.0,12719.76,484565.22,NPR
2026-01-01,ACC0000004574,342709.59,0.0,137907.3,204802.29,NPR
2026-01-01,ACC0000004575,439892.34,0.0,108201.86,331690.48,NPR
2026-01-01,ACC0000004576,57569.04,45984.26,28138.19,75415.11,NPR
2026-01-01,ACC0000004577,355786.78,0.0,25688.62,330098.16,NPR
2026-01-01,ACC0000004578,251567.49,0.0,55838.74,195728.75,NPR
2026-01-01,ACC0000004579,139698.53,0.0,23981.28,115717.25,NPR
2026-01-01,ACC0000004580,469129.58,15778.95,97390.23,387518.3,NPR
2026-01-01,ACC0000004581,39805.37,0.0,138083.67,-98278.3,NPR
2026-01-01,ACC0000004582,301277.48,0.0,0.0,301277.48,NPR
2026-01-01,ACC0000004583,75437.18,0.0,20344.82,55092.36,NPR
2026-01-01,ACC0000004584,453968.87,0.0,59881.31,394087.56,NPR
2026-01-01,ACC0000004585,360066.5,0.0,0.0,360066.5,NPR
2026-01-01,ACC0000004586,258731.4,0.0,29253.64,229477.76,NPR
2026-01-01,ACC0000004587,412669.76,0.0,0.0,412669.76,NPR
2026-01-01,ACC0000004588,383342.17,0.0,0.0,383342.17,NPR
2026-01-01,ACC0000004589,97288.84,0.0,33122.02,64166.82,NPR
2026-01-01,ACC0000004590,218108.25,0.0,64433.7,153674.55,NPR
2026-01-01,ACC0000004591,444967.47,27935.37,124962.48,347940.36,NPR
2026-01-01,ACC0000004592,466035.39,0.0,0.0,466035.39,NPR
2026-01-01,ACC0000004593,31374.8,0.0,43693.65,-12318.85,NPR
2026-01-01,ACC0000004594,459626.3,48032.17,88118.31,419540.16,NPR
2026-01-01,ACC0000004595,444557.44,0.0,68881.56,375675.88,NPR
2026-01-01,ACC0000004596,277382.16,10109.03,9873.85,277617.34,NPR
2026-01-01,ACC0000004597,466602.4,2760.37,75399.29,393963.48,NPR
2026-01-01,ACC0000004598,148006.56,0.0,62166.93,85839.63,NPR
2026-01-01,ACC0000004599,148900.09,0.0,85987.87,62912.22,NPR
2026-01-01,ACC0000004600,207832.79,30106.03,0.0,237938.82,NPR
2026-01-01,ACC0000004601,246356.58,0.0,73842.1,172514.48,NPR
2026-01-01,ACC0000004602,155179.44,8916.48,94967.87,69128.05,NPR
2026-01-01,ACC0000004603,419089.55,0.0,0.0,419089.55,NPR
2026-01-01,ACC0000004604,478330.76,0.0,18202.77,460127.99,NPR
2026-01-01,ACC0000004605,299383.52,33694.12,0.0,333077.64,NPR
2026-01-01,ACC0000004606,243120.62,46963.28,39287.96,250795.94,NPR
2026-01-01,ACC0000004607,451767.82,0.0,0.0,451767.82,NPR
2026-01-01,ACC0000004608,101416.98,41399.53,114034.2,28782.31,NPR
2026-01-01,ACC0000004609,477734.5,47894.73,20187.68,505441.55,NPR
2026-01-01,ACC0000004610,429298.89,37031.71,85890.8,380439.8,NPR
2026-01-01,ACC0000004611,127107.38,48556.04,12487.3,163176.12,NPR
2026-01-01,ACC0000004612,485024.05,0.0,51647.29,433376.76,NPR
2026-01-01,ACC0000004613,167283.7,0.0,32659.64,134624.06,NPR
2026-01-01,ACC0000004614,39135.98,0.0,49384.07,-10248.09,NPR
2026-01-01,ACC0000004615,173506.47,0.0,44041.25,129465.22,NPR
2026-01-01,ACC0000004616,194637.06,0.0,1566.86,193070.2,NPR
2026-01-01,ACC0000004617,331970.9,36415.07,171517.22,196868.75,NPR
2026-01-01,ACC0000004618,131714.23,0.0,35281.17,96433.06,NPR
2026-01-01,ACC0000004619,415152.84,35664.34,5462.09,445355.09,NPR
2026-01-01,ACC0000004620,88425.72,26123.52,0.0,114549.24,NPR
2026-01-01,ACC0000004621,386417.84,0.0,40586.76,345831.08,NPR
2026-01-01,ACC0000004622,474926.07,0.0,156724.73,318201.34,NPR
2026-01-01,ACC0000004623,52276.2,0.0,0.0,52276.2,NPR
2026-01-01,ACC0000004624,411557.98,0.0,84748.74,326809.24,NPR
2026-01-01,ACC0000004625,259075.05,0.0,44875.92,214199.13,NPR
2026-01-01,ACC0000004626,311870.44,43921.55,19322.41,336469.58,NPR
2026-01-01,ACC0000004627,107883.06,119753.04,50111.14,177524.96,NPR
2026-01-01,ACC0000004628,208568.5,26097.31,33896.85,200768.96,NPR
2026-01-01,ACC0000004629,409921.66,0.0,32644.56,377277.1,NPR
2026-01-01,ACC0000004630,84667.1,0.0,21943.87,62723.23,NPR
2026-01-01,ACC0000004631,162760.25,24435.37,62314.03,124881.59,NPR
2026-01-01,ACC0000004632,372719.15,14271.84,80597.87,306393.12,NPR
2026-01-01,ACC0000004633,292640.48,0.0,0.0,292640.48,NPR
2026-01-01,ACC0000004634,441356.06,0.0,0.0,441356.06,NPR
2026-01-01,ACC0000004635,400897.02,0.0,40505.14,360391.88,NPR
2026-01-01,ACC0000004636,292626.6,0.0,73524.97,219101.63,NPR
2026-01-01,ACC0000004637,76986.58,5095.34,17043.57,65038.35,NPR
2026-01-01,ACC0000004638,462456.85,0.0,31614.09,430842.76,NPR
2026-01-01,ACC0000004639,113869.12,34037.17,84645.98,63260.31,NPR
2026-01-01,ACC0000004640,37127.03,0.0,0.0,37127.03,NPR
2026-01-01,ACC0000004641,56061.61,0.0,49826.46,6235.15,NPR
2026-01-01,ACC0000004642,18482.6,0.0,75321.5,-56838.9,NPR
2026-01-01,ACC0000004643,196213.29,0.0,35904.83,160308.46,NPR
2026-01-01,ACC0000004644,241438.44,0.0,89275.87,152162.57,NPR
2026-01-01,ACC0000004645,190873.11,0.0,47714.63,143158.48,NPR
2026-01-01,ACC0000004646,110415.76,0.0,0.0,110415.76,NPR
2026-01-01,ACC0000004647,267857.42,0.0,7576.19,260281.23,NPR
2026-01-01,ACC0000004648,185790.5,36473.09,1455.13,220808.46,NPR
2026-01-01,ACC0000004649,326870.17,0.0,0.0,326870.17,NPR
2026-01-01,ACC0000004650,253132.76,0.0,36225.4,216907.36,NPR
2026-01-01,ACC0000004651,402289.52,32395.02,4749.86,429934.68,NPR
2026-01-01,ACC0000004652,254311.74,0.0,109634.41,144677.33,NPR
2026-01-01,ACC0000004653,415352.62,42294.99,54581.63,403065.98,NPR
2026-01-01,ACC0000004654,395155.01,0.0,36181.05,358973.96,NPR
2026-01-01,ACC0000004655,211070.3,0.0,73475.72,137594.58,NPR
2026-01-01,ACC0000004656,468276.32,21246.89,48609.1,440914.11,NPR
2026-01-01,ACC0000004657,131556.43,27851.13,124810.03,34597.53,NPR
2026-01-01,ACC0000004658,354823.08,0.0,0.0,354823.08,NPR
2026-01-01,ACC0000004659,64053.92,0.0,21321.59,42732.33,NPR
2026-01-01,ACC0000004660,125463.38,0.0,88468.35,36995.03,NPR
2026-01-01,ACC0000004661,269122.41,48030.47,33651.43,283501.45,NPR
2026-01-01,ACC0000004662,191862.34,0.0,75514.08,116348.26,NPR
2026-01-01,ACC0000004663,345004.18,0.0,41271.92,303732.26,NPR
2026-01-01,ACC0000004664,133794.47,0.0,55288.43,78506.04,NPR
2026-01-01,ACC0000004665,337222.78,0.0,0.0,337222.78,NPR
2026-01-01,ACC0000004666,42656.03,10040.87,25071.01,27625.89,NPR
2026-01-01,ACC0000004667,14042.93,0.0,0.0,14042.93,NPR
2026-01-01,ACC0000004668,448867.41,0.0,58757.05,390110.36,NPR
2026-01-01,ACC0000004669,77115.8,7100.47,0.0,84216.27,NPR
2026-01-01,ACC0000004670,55312.36,69556.03,110344.73,14523.66,NPR
2026-01-01,ACC0000004671,60665.8,21540.27,87543.01,-5336.94,NPR
2026-01-01,ACC0000004672,429708.09,0.0,19359.1,410348.99,NPR
2026-01-01,ACC0000004673,345509.95,0.0,0.0,345509.95,NPR
2026-01-01,ACC0000004674,229704.39,12131.1,20464.52,221370.97,NPR
2026-01-01,ACC0000004675,278759.79,61362.63,47352.92,292769.5,NPR
2026-01-01,ACC0000004676,311255.11,38288.42,41413.78,308129.75,NPR
2026-01-01,ACC0000004677,372340.04,23146.68,97297.89,298188.83,NPR
2026-01-01,ACC0000004678,20329.91,7531.26,42037.28,-14176.11,NPR
2026-01-01,ACC0000004679,12831.44,0.0,0.0,12831.44,NPR
2026-01-01,ACC0000004680,152834.76,22359.63,63078.1,112116.29,NPR
2026-01-01,ACC0000004681,211686.48,0.0,0.0,211686.48,NPR
2026-01-01,ACC0000004682,112686.04,0.0,183863.27,-71177.23,NPR
2026-01-01,ACC0000004683,438210.26,0.0,23163.86,415046.4,NPR
2026-01-01,ACC0000004684,263918.59,34493.99,75723.98,222688.6,NPR
2026-01-01,ACC0000004685,336024.86,0.0,0.0,336024.86,NPR
2026-01-01,ACC0000004686,476609.81,0.0,135737.81,340872.0,NPR
2026-01-01,ACC0000004687,294473.92,0.0,133405.05,161068.87,NPR
2026-01-01,ACC0000004688,352105.2,0.0,36172.95,315932.25,NPR
2026-01-01,ACC0000004689,280542.86,5827.85,90457.65,195913.06,NPR
2026-01-01,ACC0000004690,123952.07,0.0,49619.72,74332.35,NPR
2026-01-01,ACC0000004691,417619.12,9757.0,82288.01,345088.11,NPR
2026-01-01,ACC0000004692,113429.59,0.0,56855.82,56573.77,NPR
2026-01-01,ACC0000004693,108194.06,0.0,0.0,108194.06,NPR
2026-01-01,ACC0000004694,16288.03,22713.72,97372.34,-58370.59,NPR
2026-01-01,ACC0000004695,396533.3,0.0,63828.72,332704.58,NPR
2026-01-01,ACC0000004696,355433.82,0.0,65060.69,290373.13,NPR
2026-01-01,ACC0000004697,460569.04,62221.26,29950.84,492839.46,NPR
2026-01-01,ACC0000004698,359171.65,39078.23,0.0,398249.88,NPR
2026-01-01,ACC0000004699,383441.27,0.0,68839.46,314601.81,NPR
2026-01-01,ACC0000004700,3037.16,17113.44,47488.32,-27337.72,NPR
2026-01-01,ACC0000004701,474989.4,0.0,71835.53,403153.87,NPR
2026-01-01,ACC0000004702,394742.53,0.0,81583.58,313158.95,NPR
2026-01-01,ACC0000004703,61045.73,0.0,46579.78,14465.95,NPR
2026-01-01,ACC0000004704,35232.05,0.0,74616.41,-39384.36,NPR
2026-01-01,ACC0000004705,248792.61,0.0,0.0,248792.61,NPR
2026-01-01,ACC0000004706,440708.41,0.0,76647.4,364061.01,NPR
2026-01-01,ACC0000004707,28438.53,0.0,45389.02,-16950.49,NPR
2026-01-01,ACC0000004708,420255.29,0.0,0.0,420255.29,NPR
2026-01-01,ACC0000004709,263014.58,0.0,0.0,263014.58,NPR
2026-01-01,ACC0000004710,186576.91,45738.23,106663.67,125651.47,NPR
2026-01-01,ACC0000004711,136271.5,636.09,46612.53,90295.06,NPR
2026-01-01,ACC0000004712,125194.7,46832.46,0.0,172027.16,NPR
2026-01-01,ACC0000004713,229056.95,41423.29,0.0,270480.24,NPR
2026-01-01,ACC0000004714,456611.71,0.0,38698.38,417913.33,NPR
2026-01-01,ACC0000004715,5776.6,0.0,0.0,5776.6,NPR
2026-01-01,ACC0000004716,135981.94,0.0,94840.25,41141.69,NPR
2026-01-01,ACC0000004717,351782.12,0.0,0.0,351782.12,NPR
2026-01-01,ACC0000004718,474597.97,0.0,31220.02,443377.95,NPR
2026-01-01,ACC0000004719,122977.91,0.0,0.0,122977.91,NPR
2026-01-01,ACC0000004720,84706.33,46901.77,58586.74,73021.36,NPR
2026-01-01,ACC0000004721,33466.5,0.0,14498.22,18968.28,NPR
2026-01-01,ACC0000004722,20560.57,0.0,27454.82,-6894.25,NPR
2026-01-01,ACC0000004723,374259.77,0.0,70413.86,303845.91,NPR
2026-01-01,ACC0000004724,75955.9,30726.82,150650.27,-43967.55,NPR
2026-01-01,ACC0000004725,194993.06,0.0,0.0,194993.06,NPR
2026-01-01,ACC0000004726,251068.11,23794.41,44583.63,230278.89,NPR
2026-01-01,ACC0000004727,319672.9,27218.38,97729.16,249162.12,NPR
2026-01-01,ACC0000004728,198709.88,0.0,0.0,198709.88,NPR
2026-01-01,ACC0000004729,95993.09,0.0,53293.24,42699.85,NPR
2026-01-01,ACC0000004730,37570.47,0.0,66337.28,-28766.81,NPR
2026-01-01,ACC0000004731,42273.99,22118.05,88618.51,-24226.47,NPR
2026-01-01,ACC0000004732,222396.56,0.0,73129.85,149266.71,NPR
2026-01-01,ACC0000004733,129198.58,0.0,0.0,129198.58,NPR
2026-01-01,ACC0000004734,48567.31,0.0,44131.03,4436.28,NPR
2026-01-01,ACC0000004735,116057.1,0.0,39283.56,76773.54,NPR
2026-01-01,ACC0000004736,132982.53,19503.74,93329.49,59156.78,NPR
2026-01-01,ACC0000004737,387989.97,31972.46,0.0,419962.43,NPR
2026-01-01,ACC0000004738,329571.95,42662.62,54820.5,317414.07,NPR
2026-01-01,ACC0000004739,476645.1,0.0,38027.24,438617.86,NPR
2026-01-01,ACC0000004740,458844.92,58896.57,46581.2,471160.29,NPR
2026-01-01,ACC0000004741,293058.99,49394.83,81425.72,261028.1,NPR
2026-01-01,ACC0000004742,171352.25,0.0,5871.67,165480.58,NPR
2026-01-01,ACC0000004743,436682.75,0.0,91506.65,345176.1,NPR
2026-01-01,ACC0000004744,26823.87,0.0,40187.99,-13364.12,NPR
2026-01-01,ACC0000004745,261551.81,2411.38,59818.65,204144.54,NPR
2026-01-01,ACC0000004746,487269.93,0.0,85030.51,402239.42,NPR
2026-01-01,ACC0000004747,328162.14,0.0,128007.09,200155.05,NPR
2026-01-01,ACC0000004748,268673.62,34114.59,58909.94,243878.27,NPR
2026-01-01,ACC0000004749,480974.13,0.0,0.0,480974.13,NPR
2026-01-01,ACC0000004750,374616.98,83302.24,1505.76,456413.46,NPR
2026-01-01,ACC0000004751,353401.96,0.0,63964.33,289437.63,NPR
2026-01-01,ACC0000004752,238934.69,0.0,22963.77,215970.92,NPR
2026-01-01,ACC0000004753,435889.46,0.0,37449.29,398440.17,NPR
2026-01-01,ACC0000004754,278084.17,48865.24,60393.38,266556.03,NPR
2026-01-01,ACC0000004755,126350.06,0.0,14809.17,111540.89,NPR
2026-01-01,ACC0000004756,107362.14,0.0,37296.67,70065.47,NPR
2026-01-01,ACC0000004757,439411.25,21412.41,26887.79,433935.87,NPR
2026-01-01,ACC0000004758,331412.24,22182.11,55126.67,298467.68,NPR
2026-01-01,ACC0000004759,391176.4,0.0,35494.37,355682.03,NPR
2026-01-01,ACC0000004760,228284.37,0.0,47224.47,181059.9,NPR
2026-01-01,ACC0000004761,488701.85,0.0,63907.85,424794.0,NPR
2026-01-01,ACC0000004762,43548.86,0.0,58564.53,-15015.67,NPR
2026-01-01,ACC0000004763,181190.72,0.0,170670.08,10520.64,NPR
2026-01-01,ACC0000004764,238484.31,0.0,128386.67,110097.64,NPR
2026-01-01,ACC0000004765,39296.58,37100.41,48156.19,28240.8,NPR
2026-01-01,ACC0000004766,142655.21,0.0,120644.41,22010.8,NPR
2026-01-01,ACC0000004767,61931.25,43699.21,88644.3,16986.16,NPR
2026-01-01,ACC0000004768,212339.97,0.0,29469.65,182870.32,NPR
2026-01-01,ACC0000004769,243917.76,0.0,1815.17,242102.59,NPR
2026-01-01,ACC0000004770,460333.03,0.0,28058.56,432274.47,NPR
2026-01-01,ACC0000004771,396680.08,0.0,0.0,396680.08,NPR
2026-01-01,ACC0000004772,102691.82,0.0,45615.12,57076.7,NPR
2026-01-01,ACC0000004773,18611.56,0.0,0.0,18611.56,NPR
2026-01-01,ACC0000004774,333346.04,0.0,107522.02,225824.02,NPR
2026-01-01,ACC0000004775,403680.43,0.0,0.0,403680.43,NPR
2026-01-01,ACC0000004776,42138.32,20809.72,75308.64,-12360.6,NPR
2026-01-01,ACC0000004777,134971.78,0.0,42198.07,92773.71,NPR
2026-01-01,ACC0000004778,348921.55,0.0,0.0,348921.55,NPR
2026-01-01,ACC0000004779,51018.59,0.0,23912.12,27106.47,NPR
2026-01-01,ACC0000004780,3900.79,0.0,0.0,3900.79,NPR
2026-01-01,ACC0000004781,197451.61,0.0,89781.52,107670.09,NPR
2026-01-01,ACC0000004782,215302.96,0.0,0.0,215302.96,NPR
2026-01-01,ACC0000004783,202369.8,0.0,66014.23,136355.57,NPR
2026-01-01,ACC0000004784,281850.93,0.0,29846.36,252004.57,NPR
2026-01-01,ACC0000004785,256610.28,0.0,62153.2,194457.08,NPR
2026-01-01,ACC0000004786,278424.67,0.0,104431.33,173993.34,NPR
2026-01-01,ACC0000004787,291009.11,21163.22,94696.96,217475.37,NPR
2026-01-01,ACC0000004788,9600.69,0.0,0.0,9600.69,NPR
2026-01-01,ACC0000004789,356478.8,53453.54,96203.34,313729.0,NPR
2026-01-01,ACC0000004790,354409.66,0.0,27245.21,327164.45,NPR
2026-01-01,ACC0000004791,281201.19,10640.42,58447.0,233394.61,NPR
2026-01-01,ACC0000004792,248811.41,0.0,21444.64,227366.77,NPR
2026-01-01,ACC0000004793,281353.45,0.0,20619.86,260733.59,NPR
2026-01-01,ACC0000004794,1201.06,0.0,55881.08,-54680.02,NPR
2026-01-01,ACC0000004795,311902.38,0.0,71478.59,240423.79,NPR
2026-01-01,ACC0000004796,185433.93,0.0,96923.94,88509.99,NPR
2026-01-01,ACC0000004797,286132.18,0.0,11880.39,274251.79,NPR
2026-01-01,ACC0000004798,291086.7,0.0,70126.22,220960.48,NPR
2026-01-01,ACC0000004799,333553.1,0.0,136995.79,196557.31,NPR
2026-01-01,ACC0000004800,291846.95,0.0,43093.58,248753.37,NPR
2026-01-01,ACC0000004801,455650.4,0.0,88040.33,367610.07,NPR
2026-01-01,ACC0000004802,292207.66,0.0,0.0,292207.66,NPR
2026-01-01,ACC0000004803,38604.74,0.0,78935.24,-40330.5,NPR
2026-01-01,ACC0000004804,288375.38,0.0,35651.64,252723.74,NPR
2026-01-01,ACC0000004805,365827.95,0.0,0.0,365827.95,NPR
2026-01-01,ACC0000004806,96332.63,36810.06,32996.83,100145.86,NPR
2026-01-01,ACC0000004807,58917.69,16010.83,0.0,74928.52,NPR
2026-01-01,ACC0000004808,67863.35,69878.56,36014.45,101727.46,NPR
2026-01-01,ACC0000004809,460253.22,0.0,27313.72,432939.5,NPR
2026-01-01,ACC0000004810,187684.08,42373.26,15472.59,214584.75,NPR
2026-01-01,ACC0000004811,154301.67,0.0,12745.47,141556.2,NPR
2026-01-01,ACC0000004812,456230.73,10281.24,41287.2,425224.77,NPR
2026-01-01,ACC0000004813,409955.1,0.0,122756.66,287198.44,NPR
2026-01-01,ACC0000004814,257271.27,0.0,0.0,257271.27,NPR
2026-01-01,ACC0000004815,311569.55,48652.1,20828.51,339393.14,NPR
2026-01-01,ACC0000004816,209614.04,0.0,0.0,209614.04,NPR
2026-01-01,ACC0000004817,346135.91,31710.36,17733.68,360112.59,NPR
2026-01-01,ACC0000004818,373592.48,44118.57,65993.47,351717.58,NPR
2026-01-01,ACC0000004819,26560.96,0.0,49762.24,-23201.28,NPR
2026-01-01,ACC0000004820,426844.29,20254.86,134728.81,312370.34,NPR
2026-01-01,ACC0000004821,18563.4,0.0,0.0,18563.4,NPR
2026-01-01,ACC0000004822,14248.85,34217.11,0.0,48465.96,NPR
2026-01-01,ACC0000004823,370207.92,17393.25,0.0,387601.17,NPR
2026-01-01,ACC0000004824,229404.3,0.0,0.0,229404.3,NPR
2026-01-01,ACC0000004825,230560.65,55953.55,67032.84,219481.36,NPR
2026-01-01,ACC0000004826,383847.42,0.0,43447.9,340399.52,NPR
2026-01-01,ACC0000004827,369620.27,13378.03,29033.14,353965.16,NPR
2026-01-01,ACC0000004828,28325.8,0.0,0.0,28325.8,NPR
2026-01-01,ACC0000004829,410410.14,0.0,40970.21,369439.93,NPR
2026-01-01,ACC0000004830,135689.46,0.0,89045.46,46644.0,NPR
2026-01-01,ACC0000004831,119812.0,0.0,89130.62,30681.38,NPR
2026-01-01,ACC0000004832,127599.67,33621.37,5218.55,156002.49,NPR
2026-01-01,ACC0000004833,25930.8,0.0,47739.36,-21808.56,NPR
2026-01-01,ACC0000004834,427895.75,6325.96,48442.77,385778.94,NPR
2026-01-01,ACC0000004835,321182.21,0.0,63397.84,257784.37,NPR
2026-01-01,ACC0000004836,208735.01,0.0,12348.31,196386.7,NPR
2026-01-01,ACC0000004837,133660.86,63361.03,26664.71,170357.18,NPR
2026-01-01,ACC0000004838,18971.95,0.0,50573.19,-31601.24,NPR
2026-01-01,ACC0000004839,143715.63,0.0,115058.02,28657.61,NPR
2026-01-01,ACC0000004840,109421.88,27681.92,29582.3,107521.5,NPR
2026-01-01,ACC0000004841,59122.72,38591.41,50152.27,47561.86,NPR
2026-01-01,ACC0000004842,395440.77,27273.28,52222.03,370492.02,NPR
2026-01-01,ACC0000004843,129977.32,46721.21,93329.24,83369.29,NPR
2026-01-01,ACC0000004844,63358.75,0.0,57691.42,5667.33,NPR
2026-01-01,ACC0000004845,176770.55,0.0,0.0,176770.55,NPR
2026-01-01,ACC0000004846,336348.76,0.0,5702.18,330646.58,NPR
2026-01-01,ACC0000004847,158493.87,0.0,61925.28,96568.59,NPR
2026-01-01,ACC0000004848,127577.8,20397.09,53360.22,94614.67,NPR
2026-01-01,ACC0000004849,186560.83,0.0,28298.58,158262.25,NPR
2026-01-01,ACC0000004850,131851.7,0.0,121637.84,10213.86,NPR
2026-01-01,ACC0000004851,338364.93,12397.85,971.18,349791.6,NPR
2026-01-01,ACC0000004852,229583.72,0.0,73059.77,156523.95,NPR
2026-01-01,ACC0000004853,340120.81,0.0,0.0,340120.81,NPR
2026-01-01,ACC0000004854,388676.97,16316.12,25112.57,379880.52,NPR
2026-01-01,ACC0000004855,489065.97,10605.48,82815.74,416855.71,NPR
2026-01-01,ACC0000004856,258040.36,0.0,116463.66,141576.7,NPR
2026-01-01,ACC0000004857,492495.34,0.0,45081.91,447413.43,NPR
2026-01-01,ACC0000004858,138414.81,0.0,97297.84,41116.97,NPR
2026-01-01,ACC0000004859,197590.7,0.0,9868.45,187722.25,NPR
2026-01-01,ACC0000004860,237539.16,0.0,49499.56,188039.6,NPR
2026-01-01,ACC0000004861,294999.82,0.0,0.0,294999.82,NPR
2026-01-01,ACC0000004862,121163.21,0.0,31379.12,89784.09,NPR
2026-01-01,ACC0000004863,336425.76,18065.74,0.0,354491.5,NPR
2026-01-01,ACC0000004864,391885.16,0.0,88154.74,303730.42,NPR
2026-01-01,ACC0000004865,151246.25,0.0,0.0,151246.25,NPR
2026-01-01,ACC0000004866,96348.02,42946.07,5733.99,133560.1,NPR
2026-01-01,ACC0000004867,297401.14,61346.46,13543.21,345204.39,NPR
2026-01-01,ACC0000004868,316579.79,4810.47,123521.79,197868.47,NPR
2026-01-01,ACC0000004869,125330.3,0.0,28182.56,97147.74,NPR
2026-01-01,ACC0000004870,224205.91,0.0,49772.93,174432.98,NPR
2026-01-01,ACC0000004871,332641.8,0.0,127159.75,205482.05,NPR
2026-01-01,ACC0000004872,28782.74,0.0,0.0,28782.74,NPR
2026-01-01,ACC0000004873,130912.49,0.0,40046.17,90866.32,NPR
2026-01-01,ACC0000004874,256956.54,0.0,0.0,256956.54,NPR
2026-01-01,ACC0000004875,460484.78,6520.17,31162.75,435842.2,NPR
2026-01-01,ACC0000004876,250303.04,0.0,35730.35,214572.69,NPR
2026-01-01,ACC0000004877,425587.17,27084.25,29145.28,423526.14,NPR
2026-01-01,ACC0000004878,452497.87,0.0,63973.4,388524.47,NPR
2026-01-01,ACC0000004879,367095.8,0.0,83194.06,283901.74,NPR
2026-01-01,ACC0000004880,441092.3,0.0,30018.07,411074.23,NPR
2026-01-01,ACC0000004881,85075.35,27341.71,47023.22,65393.84,NPR
2026-01-01,ACC0000004882,262534.04,0.0,0.0,262534.04,NPR
2026-01-01,ACC0000004883,51376.87,23180.57,0.0,74557.44,NPR
2026-01-01,ACC0000004884,112482.15,0.0,43298.46,69183.69,NPR
2026-01-01,ACC0000004885,44620.39,2891.66,53328.54,-5816.49,NPR
2026-01-01,ACC0000004886,399323.45,0.0,79127.37,320196.08,NPR
2026-01-01,ACC0000004887,477812.72,33793.32,0.0,511606.04,NPR
2026-01-01,ACC0000004888,469130.14,69198.96,0.0,538329.1,NPR
2026-01-01,ACC0000004889,270270.84,0.0,13200.15,257070.69,NPR
2026-01-01,ACC0000004890,489691.66,0.0,0.0,489691.66,NPR
2026-01-01,ACC0000004891,133816.02,0.0,0.0,133816.02,NPR
2026-01-01,ACC0000004892,64780.67,34292.93,134229.43,-35155.83,NPR
2026-01-01,ACC0000004893,141630.39,0.0,45019.09,96611.3,NPR
2026-01-01,ACC0000004894,214248.05,0.0,0.0,214248.05,NPR
2026-01-01,ACC0000004895,197273.86,0.0,29022.18,168251.68,NPR
2026-01-01,ACC0000004896,230087.78,0.0,0.0,230087.78,NPR
2026-01-01,ACC0000004897,282876.38,0.0,102831.95,180044.43,NPR
2026-01-01,ACC0000004898,368934.8,0.0,99635.51,269299.29,NPR
2026-01-01,ACC0000004899,74489.12,19135.51,39866.13,53758.5,NPR
2026-01-01,ACC0000004900,366093.4,0.0,58570.58,307522.82,NPR
2026-01-01,ACC0000004901,75057.59,0.0,78386.33,-3328.74,NPR
2026-01-01,ACC0000004902,71367.87,0.0,0.0,71367.87,NPR
2026-01-01,ACC0000004903,148253.14,45812.78,55588.35,138477.57,NPR
2026-01-01,ACC0000004904,78333.72,13298.88,48433.95,43198.65,NPR
2026-01-01,ACC0000004905,225540.5,0.0,0.0,225540.5,NPR
2026-01-01,ACC0000004906,233029.99,0.0,48496.75,184533.24,NPR
2026-01-01,ACC0000004907,231009.05,0.0,74642.78,156366.27,NPR
2026-01-01,ACC0000004908,272039.15,24078.65,43911.64,252206.16,NPR
2026-01-01,ACC0000004909,87649.52,46154.58,26824.91,106979.19,NPR
2026-01-01,ACC0000004910,271898.84,0.0,45647.23,226251.61,NPR
2026-01-01,ACC0000004911,292612.5,31943.01,17421.32,307134.19,NPR
2026-01-01,ACC0000004912,442472.18,15943.98,30025.07,428391.09,NPR
2026-01-01,ACC0000004913,490426.06,0.0,0.0,490426.06,NPR
2026-01-01,ACC0000004914,352654.91,0.0,0.0,352654.91,NPR
2026-01-01,ACC0000004915,197618.63,0.0,53066.35,144552.28,NPR
2026-01-01,ACC0000004916,76274.13,0.0,113389.63,-37115.5,NPR
2026-01-01,ACC0000004917,171371.91,44164.88,129900.11,85636.68,NPR
2026-01-01,ACC0000004918,405900.58,0.0,21967.72,383932.86,NPR
2026-01-01,ACC0000004919,460761.26,49270.31,87406.22,422625.35,NPR
2026-01-01,ACC0000004920,55359.07,15164.65,137791.43,-67267.71,NPR
2026-01-01,ACC0000004921,411250.29,37589.49,62575.26,386264.52,NPR
2026-01-01,ACC0000004922,413264.67,0.0,32323.51,380941.16,NPR
2026-01-01,ACC0000004923,194687.1,0.0,0.0,194687.1,NPR
2026-01-01,ACC0000004924,263177.51,0.0,70761.92,192415.59,NPR
2026-01-01,ACC0000004925,322705.96,0.0,98818.42,223887.54,NPR
2026-01-01,ACC0000004926,205461.13,18321.85,45798.84,177984.14,NPR
2026-01-01,ACC0000004927,471479.86,0.0,14292.49,457187.37,NPR
2026-01-01,ACC0000004928,155491.89,15009.85,39007.99,131493.75,NPR
2026-01-01,ACC0000004929,448964.31,0.0,31167.35,417796.96,NPR
2026-01-01,ACC0000004930,423514.49,6678.1,86253.4,343939.19,NPR
2026-01-01,ACC0000004931,144502.11,0.0,145584.47,-1082.36,NPR
2026-01-01,ACC0000004932,80068.22,0.0,44719.25,35348.97,NPR
2026-01-01,ACC0000004933,202682.67,0.0,0.0,202682.67,NPR
2026-01-01,ACC0000004934,223809.24,0.0,105744.0,118065.24,NPR
2026-01-01,ACC0000004935,433373.57,28600.61,25472.07,436502.11,NPR
2026-01-01,ACC0000004936,428191.67,0.0,65802.21,362389.46,NPR
2026-01-01,ACC0000004937,51784.37,0.0,46469.92,5314.45,NPR
2026-01-01,ACC0000004938,360502.14,0.0,0.0,360502.14,NPR
2026-01-01,ACC0000004939,198268.6,3506.88,28508.8,173266.68,NPR
2026-01-01,ACC0000004940,114267.78,0.0,0.0,114267.78,NPR
2026-01-01,ACC0000004941,129778.81,27140.69,19352.63,137566.87,NPR
2026-01-01,ACC0000004942,15486.05,0.0,0.0,15486.05,NPR
2026-01-01,ACC0000004943,479274.34,12065.49,18629.23,472710.6,NPR
2026-01-01,ACC0000004944,36421.34,0.0,123666.99,-87245.65,NPR
2026-01-01,ACC0000004945,96422.93,0.0,44844.68,51578.25,NPR
2026-01-01,ACC0000004946,307201.66,22533.33,0.0,329734.99,NPR
2026-01-01,ACC0000004947,99967.1,0.0,5133.83,94833.27,NPR
2026-01-01,ACC0000004948,373536.18,0.0,98680.49,274855.69,NPR
2026-01-01,ACC0000004949,42697.66,0.0,9158.89,33538.77,NPR
2026-01-01,ACC0000004950,26640.74,0.0,43208.33,-16567.59,NPR
2026-01-01,ACC0000004951,404128.7,18917.87,29689.49,393357.08,NPR
2026-01-01,ACC0000004952,130721.37,10177.06,9774.52,131123.91,NPR
2026-01-01,ACC0000004953,284023.14,25599.34,79775.19,229847.29,NPR
2026-01-01,ACC0000004954,146855.45,58178.02,84939.65,120093.82,NPR
2026-01-01,ACC0000004955,177466.69,25460.51,21367.0,181560.2,NPR
2026-01-01,ACC0000004956,477608.15,0.0,0.0,477608.15,NPR
2026-01-01,ACC0000004957,87368.23,0.0,62468.25,24899.98,NPR
2026-01-01,ACC0000004958,457218.47,0.0,41718.43,415500.04,NPR
2026-01-01,ACC0000004959,259607.21,0.0,44151.08,215456.13,NPR
2026-01-01,ACC0000004960,201833.94,29429.79,31106.71,200157.02,NPR
2026-01-01,ACC0000004961,262821.78,0.0,24979.07,237842.71,NPR
2026-01-01,ACC0000004962,350657.76,0.0,83121.76,267536.0,NPR
2026-01-01,ACC0000004963,398438.95,0.0,50400.44,348038.51,NPR
2026-01-01,ACC0000004964,286672.23,0.0,103069.73,183602.5,NPR
2026-01-01,ACC0000004965,137316.3,0.0,77415.27,59901.03,NPR
2026-01-01,ACC0000004966,171979.64,119517.97,98606.16,192891.45,NPR
2026-01-01,ACC0000004967,330789.68,23665.46,17829.93,336625.21,NPR
2026-01-01,ACC0000004968,160564.28,0.0,0.0,160564.28,NPR
2026-01-01,ACC0000004969,117724.2,4875.84,76686.62,45913.42,NPR
2026-01-01,ACC0000004970,74638.4,0.0,48609.43,26028.97,NPR
2026-01-01,ACC0000004971,310009.88,0.0,35362.38,274647.5,NPR
2026-01-01,ACC0000004972,313502.54,0.0,0.0,313502.54,NPR
2026-01-01,ACC0000004973,41110.0,45435.26,81446.91,5098.35,NPR
2026-01-01,ACC0000004974,476147.41,0.0,0.0,476147.41,NPR
2026-01-01,ACC0000004975,21480.17,71237.77,65548.7,27169.24,NPR
2026-01-01,ACC0000004976,406010.71,0.0,9181.49,396829.22,NPR
2026-01-01,ACC0000004977,184884.51,0.0,0.0,184884.51,NPR
2026-01-01,ACC0000004978,317501.82,0.0,110223.44,207278.38,NPR
2026-01-01,ACC0000004979,119861.47,0.0,11951.7,107909.77,NPR
2026-01-01,ACC0000004980,213134.8,0.0,79213.99,133920.81,NPR
2026-01-01,ACC0000004981,171956.06,43369.29,91405.7,123919.65,NPR
2026-01-01,ACC0000004982,233525.55,21695.11,68383.17,186837.49,NPR
2026-01-01,ACC0000004983,336732.16,0.0,65199.69,271532.47,NPR
2026-01-01,ACC0000004984,103153.04,0.0,44932.69,58220.35,NPR
2026-01-01,ACC0000004985,26145.92,19589.01,71019.26,-25284.33,NPR
2026-01-01,ACC0000004986,364469.61,0.0,0.0,364469.61,NPR
2026-01-01,ACC0000004987,328738.35,0.0,38975.51,289762.84,NPR
2026-01-01,ACC0000004988,147336.05,60013.79,0.0,207349.84,NPR
2026-01-01,ACC0000004989,78901.71,24921.57,47704.19,56119.09,NPR
2026-01-01,ACC0000004990,86410.81,0.0,139852.67,-53441.86,NPR
2026-01-01,ACC0000004991,136281.4,0.0,0.0,136281.4,NPR
2026-01-01,ACC0000004992,158367.41,20688.04,64477.15,114578.3,NPR
2026-01-01,ACC0000004993,465215.66,0.0,51106.36,414109.3,NPR
2026-01-01,ACC0000004994,458068.58,9583.06,27482.92,440168.72,NPR
2026-01-01,ACC0000004995,433239.29,1718.21,0.0,434957.5,NPR
2026-01-01,ACC0000004996,404952.72,37963.41,59062.05,383854.08,NPR
2026-01-01,ACC0000004997,86027.17,46601.79,12659.0,119969.96,NPR
2026-01-01,ACC0000004998,467985.2,0.0,81958.48,386026.72,NPR
2026-01-01,ACC0000004999,362605.54,0.0,0.0,362605.54,NPR
2026-01-01,ACC0000005000,304182.45,0.0,0.0,304182.45,NPR
2026-01-01,ACC0000005001,371098.29,0.0,44185.91,326912.38,NPR
2026-01-01,ACC0000005002,261938.68,0.0,66808.02,195130.66,NPR
2026-01-01,ACC0000005003,328726.55,75607.15,0.0,404333.7,NPR
2026-01-01,ACC0000005004,48266.69,0.0,73174.28,-24907.59,NPR
2026-01-01,ACC0000005005,386544.67,0.0,63408.54,323136.13,NPR
2026-01-01,ACC0000005006,407837.55,0.0,0.0,407837.55,NPR
2026-01-01,ACC0000005007,486179.26,46051.61,74585.27,457645.6,NPR
2026-01-01,ACC0000005008,141667.66,0.0,46005.94,95661.72,NPR
2026-01-01,ACC0000005009,371494.84,0.0,112527.44,258967.4,NPR
2026-01-01,ACC0000005010,5499.69,42993.51,32889.44,15603.76,NPR
2026-01-01,ACC0000005011,128631.9,30653.05,47876.4,111408.55,NPR
2026-01-01,ACC0000005012,480142.9,0.0,77226.97,402915.93,NPR
2026-01-01,ACC0000005013,207528.1,0.0,62777.49,144750.61,NPR
2026-01-01,ACC0000005014,416749.89,0.0,0.0,416749.89,NPR
2026-01-01,ACC0000005015,204216.27,3278.77,31149.92,176345.12,NPR
2026-01-01,ACC0000005016,176074.88,0.0,2947.28,173127.6,NPR
2026-01-01,ACC0000005017,55400.03,0.0,848.23,54551.8,NPR
2026-01-01,ACC0000005018,65629.61,0.0,59616.91,6012.7,NPR
2026-01-01,ACC0000005019,318773.52,0.0,42564.06,276209.46,NPR
2026-01-01,ACC0000005020,397484.51,43800.54,7624.87,433660.18,NPR
2026-01-01,ACC0000005021,245780.87,0.0,0.0,245780.87,NPR
2026-01-01,ACC0000005022,89374.0,0.0,69284.57,20089.43,NPR
2026-01-01,ACC0000005023,379288.95,0.0,12934.21,366354.74,NPR
2026-01-01,ACC0000005024,301964.24,0.0,34221.04,267743.2,NPR
2026-01-01,ACC0000005025,154095.19,0.0,60138.35,93956.84,NPR
2026-01-01,ACC0000005026,343601.22,0.0,104576.02,239025.2,NPR
2026-01-01,ACC0000005027,54461.08,0.0,70175.29,-15714.21,NPR
2026-01-01,ACC0000005028,399642.32,0.0,18129.74,381512.58,NPR
2026-01-01,ACC0000005029,62566.78,0.0,136500.28,-73933.5,NPR
2026-01-01,ACC0000005030,450460.49,44717.65,0.0,495178.14,NPR
2026-01-01,ACC0000005031,109569.63,0.0,0.0,109569.63,NPR
2026-01-01,ACC0000005032,89371.62,46249.03,23077.82,112542.83,NPR
2026-01-01,ACC0000005033,17002.59,0.0,0.0,17002.59,NPR
2026-01-01,ACC0000005034,447032.59,44812.14,31425.38,460419.35,NPR
2026-01-01,ACC0000005035,102252.71,7727.68,127501.88,-17521.49,NPR
2026-01-01,ACC0000005036,437519.05,0.0,43820.74,393698.31,NPR
2026-01-01,ACC0000005037,428848.04,1255.44,13708.86,416394.62,NPR
2026-01-01,ACC0000005038,243126.6,0.0,102957.61,140168.99,NPR
2026-01-01,ACC0000005039,101358.13,0.0,49946.82,51411.31,NPR
2026-01-01,ACC0000005040,205716.0,0.0,0.0,205716.0,NPR
2026-01-01,ACC0000005041,300849.52,0.0,64356.56,236492.96,NPR
2026-01-01,ACC0000005042,398755.06,0.0,71776.48,326978.58,NPR
2026-01-01,ACC0000005043,262005.49,0.0,0.0,262005.49,NPR
2026-01-01,ACC0000005044,144950.7,0.0,62539.79,82410.91,NPR
2026-01-01,ACC0000005045,285443.96,0.0,0.0,285443.96,NPR
2026-01-01,ACC0000005046,10373.62,0.0,27276.92,-16903.3,NPR
2026-01-01,ACC0000005047,468589.03,26574.86,17315.56,477848.33,NPR
2026-01-01,ACC0000005048,265320.51,0.0,54658.34,210662.17,NPR
2026-01-01,ACC0000005049,22338.83,0.0,101977.91,-79639.08,NPR
2026-01-01,ACC0000005050,424142.32,43273.88,72604.19,394812.01,NPR
2026-01-01,ACC0000005051,213436.69,0.0,109101.92,104334.77,NPR
2026-01-01,ACC0000005052,24971.49,4565.56,70198.1,-40661.05,NPR
2026-01-01,ACC0000005053,305890.08,0.0,35164.0,270726.08,NPR
2026-01-01,ACC0000005054,221448.31,67006.7,2075.26,286379.75,NPR
2026-01-01,ACC0000005055,488740.29,82795.85,36191.23,535344.91,NPR
2026-01-01,ACC0000005056,389786.63,41724.75,38700.68,392810.7,NPR
2026-01-01,ACC0000005057,310698.53,0.0,0.0,310698.53,NPR
2026-01-01,ACC0000005058,230034.43,0.0,37028.99,193005.44,NPR
2026-01-01,ACC0000005059,256257.74,0.0,0.0,256257.74,NPR
2026-01-01,ACC0000005060,257215.34,16406.46,88779.22,184842.58,NPR
2026-01-01,ACC0000005061,151527.23,0.0,72495.58,79031.65,NPR
2026-01-01,ACC0000005062,281422.25,0.0,0.0,281422.25,NPR
2026-01-01,ACC0000005063,230480.27,17124.09,26798.33,220806.03,NPR
2026-01-01,ACC0000005064,438691.77,0.0,15481.19,423210.58,NPR
2026-01-01,ACC0000005065,347651.07,0.0,148562.87,199088.2,NPR
2026-01-01,ACC0000005066,439895.58,15105.21,54358.9,400641.89,NPR
2026-01-01,ACC0000005067,262307.81,44747.96,0.0,307055.77,NPR
2026-01-01,ACC0000005068,228628.71,0.0,0.0,228628.71,NPR
2026-01-01,ACC0000005069,390010.2,0.0,31184.08,358826.12,NPR
2026-01-01,ACC0000005070,132328.08,0.0,33178.02,99150.06,NPR
2026-01-01,ACC0000005071,86681.44,0.0,106176.81,-19495.37,NPR
2026-01-01,ACC0000005072,403986.21,0.0,0.0,403986.21,NPR
2026-01-01,ACC0000005073,313669.8,0.0,16172.35,297497.45,NPR
2026-01-01,ACC0000005074,346405.12,18362.56,61427.73,303339.95,NPR
2026-01-01,ACC0000005075,238637.48,22301.54,51452.41,209486.61,NPR
2026-01-01,ACC0000005076,208889.67,0.0,5676.34,203213.33,NPR
2026-01-01,ACC0000005077,7657.87,11830.58,86084.99,-66596.54,NPR
2026-01-01,ACC0000005078,5575.62,0.0,60434.31,-54858.69,NPR
2026-01-01,ACC0000005079,331944.55,20277.6,23845.26,328376.89,NPR
2026-01-01,ACC0000005080,368940.96,51682.34,42396.97,378226.33,NPR
2026-01-01,ACC0000005081,208653.78,0.0,25860.77,182793.01,NPR
2026-01-01,ACC0000005082,445148.22,0.0,68356.43,376791.79,NPR
2026-01-01,ACC0000005083,263439.11,0.0,57760.76,205678.35,NPR
2026-01-01,ACC0000005084,79410.56,0.0,0.0,79410.56,NPR
2026-01-01,ACC0000005085,313493.27,28417.95,4038.57,337872.65,NPR
2026-01-01,ACC0000005086,43506.17,0.0,0.0,43506.17,NPR
2026-01-01,ACC0000005087,281061.06,0.0,3802.43,277258.63,NPR
2026-01-01,ACC0000005088,360100.49,0.0,0.0,360100.49,NPR
2026-01-01,ACC0000005089,412854.87,0.0,156786.77,256068.1,NPR
2026-01-01,ACC0000005090,439088.83,46951.36,40187.05,445853.14,NPR
2026-01-01,ACC0000005091,76038.42,0.0,23267.02,52771.4,NPR
2026-01-01,ACC0000005092,262053.87,0.0,0.0,262053.87,NPR
2026-01-01,ACC0000005093,115968.48,11690.18,90446.96,37211.7,NPR
2026-01-01,ACC0000005094,189757.19,0.0,69898.26,119858.93,NPR
2026-01-01,ACC0000005095,469334.55,72158.03,74738.07,466754.51,NPR
2026-01-01,ACC0000005096,475657.94,9384.33,73650.92,411391.35,NPR
2026-01-01,ACC0000005097,82884.77,22916.14,26835.32,78965.59,NPR
2026-01-01,ACC0000005098,139291.03,14795.02,72292.2,81793.85,NPR
2026-01-01,ACC0000005099,406443.04,22325.23,0.0,428768.27,NPR
2026-01-01,ACC0000005100,451053.21,36207.48,53651.25,433609.44,NPR
2026-01-01,ACC0000005101,202949.89,11410.38,86170.95,128189.32,NPR
2026-01-01,ACC0000005102,182830.31,38381.05,0.0,221211.36,NPR
2026-01-01,ACC0000005103,347475.94,0.0,0.0,347475.94,NPR
2026-01-01,ACC0000005104,260894.82,57683.2,45498.22,273079.8,NPR
2026-01-01,ACC0000005105,24160.45,0.0,0.0,24160.45,NPR
2026-01-01,ACC0000005106,464606.65,39281.76,0.0,503888.41,NPR
2026-01-01,ACC0000005107,214730.98,0.0,46940.85,167790.13,NPR
2026-01-01,ACC0000005108,73024.7,43396.88,22209.51,94212.07,NPR
2026-01-01,ACC0000005109,270305.76,0.0,14151.71,256154.05,NPR
2026-01-01,ACC0000005110,46760.89,0.0,0.0,46760.89,NPR
2026-01-01,ACC0000005111,79723.99,0.0,0.0,79723.99,NPR
2026-01-01,ACC0000005112,412177.24,0.0,0.0,412177.24,NPR
2026-01-01,ACC0000005113,424019.1,14562.11,21625.88,416955.33,NPR
2026-01-01,ACC0000005114,21518.6,0.0,51370.67,-29852.07,NPR
2026-01-01,ACC0000005115,447230.8,0.0,0.0,447230.8,NPR
2026-01-01,ACC0000005116,67395.94,11489.84,69286.51,9599.27,NPR
2026-01-01,ACC0000005117,23151.7,0.0,166464.47,-143312.77,NPR
2026-01-01,ACC0000005118,233212.69,18262.13,72444.49,179030.33,NPR
2026-01-01,ACC0000005119,389225.54,0.0,13741.08,375484.46,NPR
2026-01-01,ACC0000005120,431127.51,27594.16,47778.4,410943.27,NPR
2026-01-01,ACC0000005121,407086.68,0.0,11567.91,395518.77,NPR
2026-01-01,ACC0000005122,220838.38,30413.46,15413.45,235838.39,NPR
2026-01-01,ACC0000005123,149760.02,0.0,0.0,149760.02,NPR
2026-01-01,ACC0000005124,302395.75,0.0,29757.15,272638.6,NPR
2026-01-01,ACC0000005125,226364.71,0.0,43949.2,182415.51,NPR
2026-01-01,ACC0000005126,272075.58,0.0,150348.43,121727.15,NPR
2026-01-01,ACC0000005127,497104.98,0.0,44130.55,452974.43,NPR
2026-01-01,ACC0000005128,198183.17,2003.98,55720.96,144466.19,NPR
2026-01-01,ACC0000005129,287865.0,0.0,164239.69,123625.31,NPR
2026-01-01,ACC0000005130,136306.55,0.0,0.0,136306.55,NPR
2026-01-01,ACC0000005131,425505.52,42706.22,10196.66,458015.08,NPR
2026-01-01,ACC0000005132,231634.66,0.0,0.0,231634.66,NPR
2026-01-01,ACC0000005133,326727.85,5552.9,94122.51,238158.24,NPR
2026-01-01,ACC0000005134,393491.11,0.0,0.0,393491.11,NPR
2026-01-01,ACC0000005135,193336.3,0.0,0.0,193336.3,NPR
2026-01-01,ACC0000005136,498124.66,0.0,32023.44,466101.22,NPR
2026-01-01,ACC0000005137,275892.9,0.0,50183.04,225709.86,NPR
2026-01-01,ACC0000005138,333747.45,0.0,0.0,333747.45,NPR
2026-01-01,ACC0000005139,482270.92,0.0,13380.45,468890.47,NPR
2026-01-01,ACC0000005140,476347.08,0.0,0.0,476347.08,NPR
2026-01-01,ACC0000005141,441628.64,0.0,44836.77,396791.87,NPR
2026-01-01,ACC0000005142,406404.76,10525.44,166745.37,250184.83,NPR
2026-01-01,ACC0000005143,27590.85,0.0,0.0,27590.85,NPR
2026-01-01,ACC0000005144,367546.21,0.0,98484.09,269062.12,NPR
2026-01-01,ACC0000005145,339921.94,4496.08,36246.2,308171.82,NPR
2026-01-01,ACC0000005146,285108.83,0.0,83763.14,201345.69,NPR
2026-01-01,ACC0000005147,151361.48,0.0,48204.24,103157.24,NPR
2026-01-01,ACC0000005148,289302.16,0.0,0.0,289302.16,NPR
2026-01-01,ACC0000005149,465219.53,0.0,36466.83,428752.7,NPR
2026-01-01,ACC0000005150,128080.69,0.0,0.0,128080.69,NPR
2026-01-01,ACC0000005151,159509.31,0.0,107061.11,52448.2,NPR
2026-01-01,ACC0000005152,286522.27,16638.45,89054.54,214106.18,NPR
2026-01-01,ACC0000005153,40895.34,0.0,46844.57,-5949.23,NPR
2026-01-01,ACC0000005154,101903.08,0.0,55165.05,46738.03,NPR
2026-01-01,ACC0000005155,334810.53,0.0,0.0,334810.53,NPR
2026-01-01,ACC0000005156,407603.88,43574.77,0.0,451178.65,NPR
2026-01-01,ACC0000005157,353843.62,33533.8,60301.73,327075.69,NPR
2026-01-01,ACC0000005158,293993.9,32067.09,39875.43,286185.56,NPR
2026-01-01,ACC0000005159,100583.09,0.0,0.0,100583.09,NPR
2026-01-01,ACC0000005160,459014.01,0.0,82072.31,376941.7,NPR
2026-01-01,ACC0000005161,334156.99,2532.39,105066.11,231623.27,NPR
2026-01-01,ACC0000005162,33040.11,38707.16,39887.55,31859.72,NPR
2026-01-01,ACC0000005163,409413.45,7314.68,95794.66,320933.47,NPR
2026-01-01,ACC0000005164,491653.32,0.0,25404.28,466249.04,NPR
2026-01-01,ACC0000005165,302816.52,0.0,20906.03,281910.49,NPR
2026-01-01,ACC0000005166,489018.66,0.0,146662.3,342356.36,NPR
2026-01-01,ACC0000005167,408304.43,0.0,1044.42,407260.01,NPR
2026-01-01,ACC0000005168,435123.8,0.0,90700.77,344423.03,NPR
2026-01-01,ACC0000005169,241884.37,0.0,83725.77,158158.6,NPR
2026-01-01,ACC0000005170,353171.34,28139.57,0.0,381310.91,NPR
2026-01-01,ACC0000005171,33236.94,0.0,68963.17,-35726.23,NPR
2026-01-01,ACC0000005172,382527.82,29310.83,0.0,411838.65,NPR
2026-01-01,ACC0000005173,247535.08,73133.26,0.0,320668.34,NPR
2026-01-01,ACC0000005174,157697.85,0.0,53506.11,104191.74,NPR
2026-01-01,ACC0000005175,104091.99,0.0,0.0,104091.99,NPR
2026-01-01,ACC0000005176,334883.17,0.0,0.0,334883.17,NPR
2026-01-01,ACC0000005177,232587.97,532.87,0.0,233120.84,NPR
2026-01-01,ACC0000005178,264608.55,0.0,38644.09,225964.46,NPR
2026-01-01,ACC0000005179,471394.21,0.0,0.0,471394.21,NPR
2026-01-01,ACC0000005180,381897.42,0.0,10326.5,371570.92,NPR
2026-01-01,ACC0000005181,317279.19,0.0,77710.76,239568.43,NPR
2026-01-01,ACC0000005182,27161.74,0.0,48248.97,-21087.23,NPR
2026-01-01,ACC0000005183,333085.95,0.0,0.0,333085.95,NPR
2026-01-01,ACC0000005184,106265.08,0.0,45248.31,61016.77,NPR
2026-01-01,ACC0000005185,85935.44,17891.33,28642.35,75184.42,NPR
2026-01-01,ACC0000005186,95551.32,0.0,88039.77,7511.55,NPR
2026-01-01,ACC0000005187,409978.05,70508.75,38866.43,441620.37,NPR
2026-01-01,ACC0000005188,358138.33,0.0,46000.57,312137.76,NPR
2026-01-01,ACC0000005189,51692.81,0.0,18100.21,33592.6,NPR
2026-01-01,ACC0000005190,427882.98,22597.63,60983.96,389496.65,NPR
2026-01-01,ACC0000005191,395738.9,0.0,0.0,395738.9,NPR
2026-01-01,ACC0000005192,35636.12,0.0,0.0,35636.12,NPR
2026-01-01,ACC0000005193,283736.91,0.0,3842.84,279894.07,NPR
2026-01-01,ACC0000005194,345124.71,0.0,83439.72,261684.99,NPR
2026-01-01,ACC0000005195,215848.33,0.0,26623.93,189224.4,NPR
2026-01-01,ACC0000005196,273373.25,20611.45,85565.62,208419.08,NPR
2026-01-01,ACC0000005197,417300.6,0.0,24927.51,392373.09,NPR
2026-01-01,ACC0000005198,28436.97,1527.98,142563.22,-112598.27,NPR
2026-01-01,ACC0000005199,395478.27,0.0,20073.73,375404.54,NPR
2026-01-01,ACC0000005200,415003.59,0.0,48888.61,366114.98,NPR
2026-01-01,ACC0000005201,280433.77,43281.21,0.0,323714.98,NPR
2026-01-01,ACC0000005202,179122.82,0.0,27778.67,151344.15,NPR
2026-01-01,ACC0000005203,218707.07,0.0,0.0,218707.07,NPR
2026-01-01,ACC0000005204,421142.99,0.0,31859.67,389283.32,NPR
2026-01-01,ACC0000005205,2666.68,0.0,67569.22,-64902.54,NPR
2026-01-01,ACC0000005206,119199.18,0.0,10281.38,108917.8,NPR
2026-01-01,ACC0000005207,407065.27,0.0,89058.97,318006.3,NPR
2026-01-01,ACC0000005208,320793.36,0.0,0.0,320793.36,NPR
2026-01-01,ACC0000005209,210481.76,24098.42,103647.99,130932.19,NPR
2026-01-01,ACC0000005210,454860.94,0.0,37635.42,417225.52,NPR
2026-01-01,ACC0000005211,249425.38,0.0,0.0,249425.38,NPR
2026-01-01,ACC0000005212,455863.81,0.0,35027.58,420836.23,NPR
2026-01-01,ACC0000005213,33310.19,0.0,8262.15,25048.04,NPR
2026-01-01,ACC0000005214,197197.96,0.0,77973.39,119224.57,NPR
2026-01-01,ACC0000005215,226077.11,56419.44,18628.83,263867.72,NPR
2026-01-01,ACC0000005216,109573.02,0.0,0.0,109573.02,NPR
2026-01-01,ACC0000005217,373376.05,0.0,3882.06,369493.99,NPR
2026-01-01,ACC0000005218,496450.48,0.0,13161.75,483288.73,NPR
2026-01-01,ACC0000005219,315549.76,0.0,0.0,315549.76,NPR
2026-01-01,ACC0000005220,416512.9,83807.8,27739.11,472581.59,NPR
2026-01-01,ACC0000005221,157185.02,0.0,30650.67,126534.35,NPR
2026-01-01,ACC0000005222,17105.01,0.0,88451.12,-71346.11,NPR
2026-01-01,ACC0000005223,211815.03,0.0,27507.87,184307.16,NPR
2026-01-01,ACC0000005224,258912.14,0.0,127314.07,131598.07,NPR
2026-01-01,ACC0000005225,458575.39,0.0,3095.05,455480.34,NPR
2026-01-01,ACC0000005226,251447.29,48758.56,83017.71,217188.14,NPR
2026-01-01,ACC0000005227,171657.48,0.0,23484.82,148172.66,NPR
2026-01-01,ACC0000005228,189349.16,33590.75,135066.61,87873.3,NPR
2026-01-01,ACC0000005229,284148.01,36584.46,16759.48,303972.99,NPR
2026-01-01,ACC0000005230,28684.48,4570.47,159475.89,-126220.94,NPR
2026-01-01,ACC0000005231,203659.9,0.0,46817.02,156842.88,NPR
2026-01-01,ACC0000005232,207662.3,0.0,97487.03,110175.27,NPR
2026-01-01,ACC0000005233,381300.37,0.0,34218.48,347081.89,NPR
2026-01-01,ACC0000005234,222922.67,15031.84,14127.39,223827.12,NPR
2026-01-01,ACC0000005235,25358.45,0.0,61297.36,-35938.91,NPR
2026-01-01,ACC0000005236,281172.99,34429.46,50131.16,265471.29,NPR
2026-01-01,ACC0000005237,155885.29,49912.02,28581.52,177215.79,NPR
2026-01-01,ACC0000005238,102528.48,0.0,82883.82,19644.66,NPR
2026-01-01,ACC0000005239,16135.95,0.0,53051.97,-36916.02,NPR
2026-01-01,ACC0000005240,291850.98,0.0,36070.41,255780.57,NPR
2026-01-01,ACC0000005241,299620.8,25326.49,63372.3,261574.99,NPR
2026-01-01,ACC0000005242,17414.06,0.0,52120.67,-34706.61,NPR
2026-01-01,ACC0000005243,44795.66,19352.11,63984.23,163.54,NPR
2026-01-01,ACC0000005244,310739.79,0.0,84215.97,226523.82,NPR
2026-01-01,ACC0000005245,52931.96,0.0,90917.81,-37985.85,NPR
2026-01-01,ACC0000005246,369544.31,0.0,96234.27,273310.04,NPR
2026-01-01,ACC0000005247,476074.17,0.0,16824.37,459249.8,NPR
2026-01-01,ACC0000005248,182461.77,0.0,90385.88,92075.89,NPR
2026-01-01,ACC0000005249,18200.96,8712.88,36248.32,-9334.48,NPR
2026-01-01,ACC0000005250,156590.0,0.0,0.0,156590.0,NPR
2026-01-01,ACC0000005251,253769.33,21682.88,61125.93,214326.28,NPR
2026-01-01,ACC0000005252,307299.54,30467.1,82832.89,254933.75,NPR
2026-01-01,ACC0000005253,277982.94,0.0,0.0,277982.94,NPR
2026-01-01,ACC0000005254,440956.41,0.0,0.0,440956.41,NPR
2026-01-01,ACC0000005255,335718.8,0.0,0.0,335718.8,NPR
2026-01-01,ACC0000005256,106034.97,0.0,67184.19,38850.78,NPR
2026-01-01,ACC0000005257,380676.06,0.0,40178.25,340497.81,NPR
2026-01-01,ACC0000005258,483409.12,7193.07,123285.43,367316.76,NPR
2026-01-01,ACC0000005259,106858.55,0.0,1692.42,105166.13,NPR
2026-01-01,ACC0000005260,484354.81,0.0,47154.1,437200.71,NPR
2026-01-01,ACC0000005261,200182.99,0.0,0.0,200182.99,NPR
2026-01-01,ACC0000005262,485078.14,3890.34,13084.68,475883.8,NPR
2026-01-01,ACC0000005263,70054.65,29724.92,81163.41,18616.16,NPR
2026-01-01,ACC0000005264,480626.39,0.0,43136.47,437489.92,NPR
2026-01-01,ACC0000005265,251771.49,37750.43,78686.73,210835.19,NPR
2026-01-01,ACC0000005266,496019.35,0.0,51815.21,444204.14,NPR
2026-01-01,ACC0000005267,280625.5,20291.77,24477.02,276440.25,NPR
2026-01-01,ACC0000005268,236868.06,0.0,95452.3,141415.76,NPR
2026-01-01,ACC0000005269,351429.31,0.0,98254.38,253174.93,NPR
2026-01-01,ACC0000005270,461405.07,25782.51,133073.29,354114.29,NPR
2026-01-01,ACC0000005271,11569.81,0.0,102937.4,-91367.59,NPR
2026-01-01,ACC0000005272,334080.63,0.0,16158.19,317922.44,NPR
2026-01-01,ACC0000005273,254718.85,47444.28,103466.77,198696.36,NPR
2026-01-01,ACC0000005274,209142.76,15722.88,24846.74,200018.9,NPR
2026-01-01,ACC0000005275,437158.84,41175.73,48373.17,429961.4,NPR
2026-01-01,ACC0000005276,495856.03,0.0,71134.75,424721.28,NPR
2026-01-01,ACC0000005277,77093.41,0.0,0.0,77093.41,NPR
2026-01-01,ACC0000005278,346472.97,0.0,32052.78,314420.19,NPR
2026-01-01,ACC0000005279,11301.71,131882.13,78058.39,65125.45,NPR
2026-01-01,ACC0000005280,82954.22,0.0,0.0,82954.22,NPR
2026-01-01,ACC0000005281,34897.15,43104.4,85401.6,-7400.05,NPR
2026-01-01,ACC0000005282,182377.01,0.0,19934.41,162442.6,NPR
2026-01-01,ACC0000005283,191151.71,61844.37,20702.92,232293.16,NPR
2026-01-01,ACC0000005284,281826.62,0.0,0.0,281826.62,NPR
2026-01-01,ACC0000005285,367566.74,1659.83,127034.7,242191.87,NPR
2026-01-01,ACC0000005286,317118.58,0.0,0.0,317118.58,NPR
2026-01-01,ACC0000005287,19069.46,0.0,66234.77,-47165.31,NPR
2026-01-01,ACC0000005288,432770.54,33558.69,33443.94,432885.29,NPR
2026-01-01,ACC0000005289,131671.55,0.0,27253.7,104417.85,NPR
2026-01-01,ACC0000005290,14886.73,0.0,63642.04,-48755.31,NPR
2026-01-01,ACC0000005291,106418.39,75477.9,66972.24,114924.05,NPR
2026-01-01,ACC0000005292,50671.26,0.0,0.0,50671.26,NPR
2026-01-01,ACC0000005293,380187.42,37967.33,48652.64,369502.11,NPR
2026-01-01,ACC0000005294,229797.04,0.0,35223.67,194573.37,NPR
2026-01-01,ACC0000005295,83480.67,2684.57,113232.11,-27066.87,NPR
2026-01-01,ACC0000005296,126530.0,51701.96,0.0,178231.96,NPR
2026-01-01,ACC0000005297,449618.33,0.0,65992.2,383626.13,NPR
2026-01-01,ACC0000005298,51340.79,35393.55,25443.2,61291.14,NPR
2026-01-01,ACC0000005299,326841.96,0.0,87900.59,238941.37,NPR
2026-01-01,ACC0000005300,86843.0,0.0,63375.12,23467.88,NPR
2026-01-01,ACC0000005301,3190.91,0.0,0.0,3190.91,NPR
2026-01-01,ACC0000005302,179640.77,0.0,75989.36,103651.41,NPR
2026-01-01,ACC0000005303,68223.71,37993.91,24007.04,82210.58,NPR
2026-01-01,ACC0000005304,415371.35,0.0,0.0,415371.35,NPR
2026-01-01,ACC0000005305,203080.52,0.0,0.0,203080.52,NPR
2026-01-01,ACC0000005306,360071.23,0.0,36518.99,323552.24,NPR
2026-01-01,ACC0000005307,241007.98,0.0,43785.01,197222.97,NPR
2026-01-01,ACC0000005308,13485.1,0.0,40345.02,-26859.92,NPR
2026-01-01,ACC0000005309,246056.74,0.0,0.0,246056.74,NPR
2026-01-01,ACC0000005310,75338.32,0.0,89373.25,-14034.93,NPR
2026-01-01,ACC0000005311,438239.56,41096.79,0.0,479336.35,NPR
2026-01-01,ACC0000005312,163757.3,0.0,0.0,163757.3,NPR
2026-01-01,ACC0000005313,402874.32,0.0,7815.32,395059.0,NPR
2026-01-01,ACC0000005314,445835.34,0.0,20359.77,425475.57,NPR
2026-01-01,ACC0000005315,255285.16,0.0,0.0,255285.16,NPR
2026-01-01,ACC0000005316,304646.94,4462.94,63824.12,245285.76,NPR
2026-01-01,ACC0000005317,70942.45,0.0,0.0,70942.45,NPR
2026-01-01,ACC0000005318,323483.56,0.0,0.0,323483.56,NPR
2026-01-01,ACC0000005319,340947.66,0.0,58744.78,282202.88,NPR
2026-01-01,ACC0000005320,258498.16,0.0,0.0,258498.16,NPR
2026-01-01,ACC0000005321,373702.29,0.0,119865.04,253837.25,NPR
2026-01-01,ACC0000005322,262267.19,37668.3,49820.05,250115.44,NPR
2026-01-01,ACC0000005323,332516.75,0.0,0.0,332516.75,NPR
2026-01-01,ACC0000005324,7856.74,0.0,125794.17,-117937.43,NPR
2026-01-01,ACC0000005325,126415.52,0.0,0.0,126415.52,NPR
2026-01-01,ACC0000005326,391717.19,1915.53,80819.98,312812.74,NPR
2026-01-01,ACC0000005327,395160.35,0.0,84428.41,310731.94,NPR
2026-01-01,ACC0000005328,184378.74,0.0,0.0,184378.74,NPR
2026-01-01,ACC0000005329,480834.21,0.0,27663.08,453171.13,NPR
2026-01-01,ACC0000005330,296177.02,92275.67,55881.95,332570.74,NPR
2026-01-01,ACC0000005331,467393.17,0.0,45579.37,421813.8,NPR
2026-01-01,ACC0000005332,188826.58,0.0,82629.56,106197.02,NPR
2026-01-01,ACC0000005333,409127.3,0.0,48115.76,361011.54,NPR
2026-01-01,ACC0000005334,84646.93,2442.13,48802.15,38286.91,NPR
2026-01-01,ACC0000005335,316119.82,39575.78,48627.33,307068.27,NPR
2026-01-01,ACC0000005336,249467.66,0.0,23573.83,225893.83,NPR
2026-01-01,ACC0000005337,120791.61,46868.46,57682.96,109977.11,NPR
2026-01-01,ACC0000005338,446371.85,0.0,97079.72,349292.13,NPR
2026-01-01,ACC0000005339,345733.76,82708.49,0.0,428442.25,NPR
2026-01-01,ACC0000005340,372260.86,0.0,87071.48,285189.38,NPR
2026-01-01,ACC0000005341,491879.68,8750.2,96475.78,404154.1,NPR
2026-01-01,ACC0000005342,296479.74,45109.2,43249.77,298339.17,NPR
2026-01-01,ACC0000005343,435821.02,15417.79,11454.8,439784.01,NPR
2026-01-01,ACC0000005344,171185.24,15102.56,17360.95,168926.85,NPR
2026-01-01,ACC0000005345,140170.62,0.0,28075.02,112095.6,NPR
2026-01-01,ACC0000005346,68658.94,5286.37,26991.27,46954.04,NPR
2026-01-01,ACC0000005347,296117.38,20789.88,39083.94,277823.32,NPR
2026-01-01,ACC0000005348,171359.98,0.0,0.0,171359.98,NPR
2026-01-01,ACC0000005349,11085.35,0.0,0.0,11085.35,NPR
2026-01-01,ACC0000005350,366094.92,15369.93,39463.78,342001.07,NPR
2026-01-01,ACC0000005351,158552.61,0.0,5772.55,152780.06,NPR
2026-01-01,ACC0000005352,281139.12,0.0,0.0,281139.12,NPR
2026-01-01,ACC0000005353,210427.55,0.0,52878.15,157549.4,NPR
2026-01-01,ACC0000005354,473811.09,0.0,0.0,473811.09,NPR
2026-01-01,ACC0000005355,497077.01,19082.52,38319.08,477840.45,NPR
2026-01-01,ACC0000005356,51148.65,0.0,62985.15,-11836.5,NPR
2026-01-01,ACC0000005357,484789.77,0.0,44746.97,440042.8,NPR
2026-01-01,ACC0000005358,256953.95,42867.46,75639.27,224182.14,NPR
2026-01-01,ACC0000005359,35088.16,0.0,115070.29,-79982.13,NPR
2026-01-01,ACC0000005360,296512.55,0.0,0.0,296512.55,NPR
2026-01-01,ACC0000005361,157658.19,36729.7,28746.59,165641.3,NPR
2026-01-01,ACC0000005362,476988.09,0.0,130248.66,346739.43,NPR
2026-01-01,ACC0000005363,218773.28,1166.81,83505.83,136434.26,NPR
2026-01-01,ACC0000005364,470030.38,8648.74,106780.96,371898.16,NPR
2026-01-01,ACC0000005365,396149.46,0.0,76139.64,320009.82,NPR
2026-01-01,ACC0000005366,160127.75,0.0,13265.69,146862.06,NPR
2026-01-01,ACC0000005367,283383.45,37876.16,57079.22,264180.39,NPR
2026-01-01,ACC0000005368,132120.88,3432.53,66619.09,68934.32,NPR
2026-01-01,ACC0000005369,119761.78,0.0,0.0,119761.78,NPR
2026-01-01,ACC0000005370,430292.84,0.0,47106.51,383186.33,NPR
2026-01-01,ACC0000005371,389812.43,0.0,32317.6,357494.83,NPR
2026-01-01,ACC0000005372,333078.5,0.0,0.0,333078.5,NPR
2026-01-01,ACC0000005373,149015.18,0.0,82099.63,66915.55,NPR
2026-01-01,ACC0000005374,118844.87,0.0,41890.98,76953.89,NPR
2026-01-01,ACC0000005375,148929.23,0.0,70694.84,78234.39,NPR
2026-01-01,ACC0000005376,235967.6,48245.35,0.0,284212.95,NPR
2026-01-01,ACC0000005377,331495.98,49086.5,104111.81,276470.67,NPR
2026-01-01,ACC0000005378,149454.41,0.0,21138.46,128315.95,NPR
2026-01-01,ACC0000005379,197970.94,0.0,46782.35,151188.59,NPR
2026-01-01,ACC0000005380,288276.66,52134.59,15684.69,324726.56,NPR
2026-01-01,ACC0000005381,455475.03,0.0,0.0,455475.03,NPR
2026-01-01,ACC0000005382,295535.92,0.0,40920.05,254615.87,NPR
2026-01-01,ACC0000005383,386219.53,21070.12,21146.83,386142.82,NPR
2026-01-01,ACC0000005384,409331.0,6119.56,13517.2,401933.36,NPR
2026-01-01,ACC0000005385,66053.16,0.0,0.0,66053.16,NPR
2026-01-01,ACC0000005386,130057.62,0.0,52031.78,78025.84,NPR
2026-01-01,ACC0000005387,191174.92,0.0,46809.67,144365.25,NPR
2026-01-01,ACC0000005388,274648.23,0.0,64123.87,210524.36,NPR
2026-01-01,ACC0000005389,298640.57,0.0,66652.83,231987.74,NPR
2026-01-01,ACC0000005390,40473.52,30079.73,135681.45,-65128.2,NPR
2026-01-01,ACC0000005391,238838.48,0.0,66824.54,172013.94,NPR
2026-01-01,ACC0000005392,268315.62,0.0,37198.15,231117.47,NPR
2026-01-01,ACC0000005393,180388.49,0.0,22691.18,157697.31,NPR
2026-01-01,ACC0000005394,165436.0,13461.28,31544.06,147353.22,NPR
2026-01-01,ACC0000005395,235458.94,38717.74,80957.76,193218.92,NPR
2026-01-01,ACC0000005396,120840.09,0.0,70727.13,50112.96,NPR
2026-01-01,ACC0000005397,51788.55,1697.03,0.0,53485.58,NPR
2026-01-01,ACC0000005398,155463.37,0.0,15690.38,139772.99,NPR
2026-01-01,ACC0000005399,145989.17,0.0,85836.38,60152.79,NPR
2026-01-01,ACC0000005400,32074.24,37490.48,53863.26,15701.46,NPR
2026-01-01,ACC0000005401,284348.47,0.0,48156.83,236191.64,NPR
2026-01-01,ACC0000005402,409454.18,0.0,155368.59,254085.59,NPR
2026-01-01,ACC0000005403,122902.14,0.0,27008.82,95893.32,NPR
2026-01-01,ACC0000005404,38266.54,0.0,2916.95,35349.59,NPR
2026-01-01,ACC0000005405,215348.21,0.0,18396.75,196951.46,NPR
2026-01-01,ACC0000005406,97279.1,20050.68,70997.28,46332.5,NPR
2026-01-01,ACC0000005407,400339.44,33822.38,27899.12,406262.7,NPR
2026-01-01,ACC0000005408,462431.76,0.0,11790.17,450641.59,NPR
2026-01-01,ACC0000005409,361630.72,0.0,95493.84,266136.88,NPR
2026-01-01,ACC0000005410,369876.06,16894.24,40236.5,346533.8,NPR
2026-01-01,ACC0000005411,141201.37,0.0,54013.15,87188.22,NPR
2026-01-01,ACC0000005412,295546.66,47532.11,6823.91,336254.86,NPR
2026-01-01,ACC0000005413,498407.39,0.0,86524.57,411882.82,NPR
2026-01-01,ACC0000005414,284601.63,0.0,55234.07,229367.56,NPR
2026-01-01,ACC0000005415,7828.66,26596.55,93731.44,-59306.23,NPR
2026-01-01,ACC0000005416,482188.66,113348.47,30311.99,565225.14,NPR
2026-01-01,ACC0000005417,306816.82,0.0,0.0,306816.82,NPR
2026-01-01,ACC0000005418,43835.48,37913.13,57703.03,24045.58,NPR
2026-01-01,ACC0000005419,448394.55,0.0,66080.91,382313.64,NPR
2026-01-01,ACC0000005420,362493.35,17909.28,51116.38,329286.25,NPR
2026-01-01,ACC0000005421,38524.3,0.0,31722.94,6801.36,NPR
2026-01-01,ACC0000005422,460348.0,0.0,60553.04,399794.96,NPR
2026-01-01,ACC0000005423,366203.12,0.0,27109.48,339093.64,NPR
2026-01-01,ACC0000005424,454891.91,0.0,55009.55,399882.36,NPR
2026-01-01,ACC0000005425,226199.74,0.0,63414.5,162785.24,NPR
2026-01-01,ACC0000005426,11453.37,0.0,57625.51,-46172.14,NPR
2026-01-01,ACC0000005427,163351.92,0.0,16871.29,146480.63,NPR
2026-01-01,ACC0000005428,36036.48,0.0,0.0,36036.48,NPR
2026-01-01,ACC0000005429,192601.23,0.0,99436.28,93164.95,NPR
2026-01-01,ACC0000005430,58224.54,17261.5,93886.15,-18400.11,NPR
2026-01-01,ACC0000005431,299979.19,16513.02,49271.92,267220.29,NPR
2026-01-01,ACC0000005432,317343.59,0.0,59005.27,258338.32,NPR
2026-01-01,ACC0000005433,187018.32,0.0,0.0,187018.32,NPR
2026-01-01,ACC0000005434,414693.52,21709.64,198078.87,238324.29,NPR
2026-01-01,ACC0000005435,139332.89,6525.63,0.0,145858.52,NPR
2026-01-01,ACC0000005436,469638.08,0.0,0.0,469638.08,NPR
2026-01-01,ACC0000005437,373971.82,0.0,151041.2,222930.62,NPR
2026-01-01,ACC0000005438,107737.99,32463.45,70177.72,70023.72,NPR
2026-01-01,ACC0000005439,245216.62,0.0,0.0,245216.62,NPR
2026-01-01,ACC0000005440,24277.8,0.0,107662.08,-83384.28,NPR
2026-01-01,ACC0000005441,418020.3,0.0,31451.81,386568.49,NPR
2026-01-01,ACC0000005442,494717.81,892.02,40342.82,455267.01,NPR
2026-01-01,ACC0000005443,469031.96,0.0,0.0,469031.96,NPR
2026-01-01,ACC0000005444,237930.03,0.0,42893.08,195036.95,NPR
2026-01-01,ACC0000005445,19589.0,0.0,0.0,19589.0,NPR
2026-01-01,ACC0000005446,222107.21,0.0,257126.56,-35019.35,NPR
2026-01-01,ACC0000005447,418817.77,0.0,183034.88,235782.89,NPR
2026-01-01,ACC0000005448,258199.49,12369.11,23572.65,246995.95,NPR
2026-01-01,ACC0000005449,450262.92,0.0,0.0,450262.92,NPR
2026-01-01,ACC0000005450,219653.1,0.0,126957.09,92696.01,NPR
2026-01-01,ACC0000005451,177271.74,0.0,0.0,177271.74,NPR
2026-01-01,ACC0000005452,477610.26,0.0,21306.52,456303.74,NPR
2026-01-01,ACC0000005453,421983.46,19793.41,106836.36,334940.51,NPR
2026-01-01,ACC0000005454,169768.91,0.0,103676.49,66092.42,NPR
2026-01-01,ACC0000005455,44449.28,0.0,0.0,44449.28,NPR
2026-01-01,ACC0000005456,334243.84,45834.95,43895.97,336182.82,NPR
2026-01-01,ACC0000005457,29672.78,13010.85,32138.09,10545.54,NPR
2026-01-01,ACC0000005458,90386.74,0.0,0.0,90386.74,NPR
2026-01-01,ACC0000005459,351411.69,0.0,84430.16,266981.53,NPR
2026-01-01,ACC0000005460,474577.6,19291.56,48435.97,445433.19,NPR
2026-01-01,ACC0000005461,498789.36,0.0,111840.89,386948.47,NPR
2026-01-01,ACC0000005462,373747.02,49197.54,128872.41,294072.15,NPR
2026-01-01,ACC0000005463,358143.57,0.0,0.0,358143.57,NPR
2026-01-01,ACC0000005464,301138.22,0.0,32796.88,268341.34,NPR
2026-01-01,ACC0000005465,496681.7,4112.23,37213.66,463580.27,NPR
2026-01-01,ACC0000005466,381411.76,0.0,105556.43,275855.33,NPR
2026-01-01,ACC0000005467,194367.08,14049.66,55968.0,152448.74,NPR
2026-01-01,ACC0000005468,45933.28,0.0,98206.47,-52273.19,NPR
2026-01-01,ACC0000005469,277950.37,0.0,79667.97,198282.4,NPR
2026-01-01,ACC0000005470,368032.53,0.0,66404.82,301627.71,NPR
2026-01-01,ACC0000005471,419265.71,0.0,0.0,419265.71,NPR
2026-01-01,ACC0000005472,446788.56,0.0,25086.15,421702.41,NPR
2026-01-01,ACC0000005473,216524.44,0.0,41363.97,175160.47,NPR
2026-01-01,ACC0000005474,310853.73,0.0,122612.9,188240.83,NPR
2026-01-01,ACC0000005475,22056.97,0.0,116378.24,-94321.27,NPR
2026-01-01,ACC0000005476,93883.6,0.0,0.0,93883.6,NPR
2026-01-01,ACC0000005477,333002.58,0.0,107701.31,225301.27,NPR
2026-01-01,ACC0000005478,89772.93,0.0,0.0,89772.93,NPR
2026-01-01,ACC0000005479,143406.16,0.0,0.0,143406.16,NPR
2026-01-01,ACC0000005480,46694.91,10394.33,102530.97,-45441.73,NPR
2026-01-01,ACC0000005481,118291.64,0.0,0.0,118291.64,NPR
2026-01-01,ACC0000005482,216921.86,11890.52,54975.44,173836.94,NPR
2026-01-01,ACC0000005483,361877.36,0.0,41291.65,320585.71,NPR
2026-01-01,ACC0000005484,79397.97,0.0,126563.89,-47165.92,NPR
2026-01-01,ACC0000005485,205099.3,0.0,43453.66,161645.64,NPR
2026-01-01,ACC0000005486,142574.56,45690.28,96096.18,92168.66,NPR
2026-01-01,ACC0000005487,443120.79,0.0,31331.53,411789.26,NPR
2026-01-01,ACC0000005488,251058.93,0.0,0.0,251058.93,NPR
2026-01-01,ACC0000005489,77256.68,0.0,78206.4,-949.72,NPR
2026-01-01,ACC0000005490,443065.42,0.0,0.0,443065.42,NPR
2026-01-01,ACC0000005491,16552.65,0.0,69567.33,-53014.68,NPR
2026-01-01,ACC0000005492,345755.61,0.0,0.0,345755.61,NPR
2026-01-01,ACC0000005493,311963.76,0.0,21549.17,290414.59,NPR
2026-01-01,ACC0000005494,442883.5,0.0,14225.84,428657.66,NPR
2026-01-01,ACC0000005495,187736.68,0.0,44506.24,143230.44,NPR
2026-01-01,ACC0000005496,111992.57,0.0,93477.47,18515.1,NPR
2026-01-01,ACC0000005497,426059.64,40342.53,44020.36,422381.81,NPR
2026-01-01,ACC0000005498,441421.21,0.0,0.0,441421.21,NPR
2026-01-01,ACC0000005499,295166.63,0.0,64076.2,231090.43,NPR
2026-01-01,ACC0000005500,225485.61,0.0,15035.78,210449.83,NPR
2026-01-01,ACC0000005501,214915.87,35825.28,68536.28,182204.87,NPR
2026-01-01,ACC0000005502,306727.01,0.0,0.0,306727.01,NPR
2026-01-01,ACC0000005503,113140.27,0.0,16853.52,96286.75,NPR
2026-01-01,ACC0000005504,250736.84,0.0,60785.1,189951.74,NPR
2026-01-01,ACC0000005505,64768.18,27490.97,7905.97,84353.18,NPR
2026-01-01,ACC0000005506,21205.88,40202.61,138580.56,-77172.07,NPR
2026-01-01,ACC0000005507,217335.79,0.0,45461.94,171873.85,NPR
2026-01-01,ACC0000005508,157483.6,0.0,56952.04,100531.56,NPR
2026-01-01,ACC0000005509,137572.67,28858.51,30276.53,136154.65,NPR
2026-01-01,ACC0000005510,413724.04,0.0,13501.12,400222.92,NPR
2026-01-01,ACC0000005511,9140.33,69922.75,0.0,79063.08,NPR
2026-01-01,ACC0000005512,414396.48,9745.18,0.0,424141.66,NPR
2026-01-01,ACC0000005513,263340.07,0.0,15825.8,247514.27,NPR
2026-01-01,ACC0000005514,264329.99,29357.7,31866.54,261821.15,NPR
2026-01-01,ACC0000005515,113558.84,70901.25,128227.17,56232.92,NPR
2026-01-01,ACC0000005516,283702.8,0.0,101938.49,181764.31,NPR
2026-01-01,ACC0000005517,486323.11,0.0,73253.27,413069.84,NPR
2026-01-01,ACC0000005518,434589.07,0.0,97338.39,337250.68,NPR
2026-01-01,ACC0000005519,418362.33,49886.56,29474.55,438774.34,NPR
2026-01-01,ACC0000005520,349283.06,14566.64,25359.97,338489.73,NPR
2026-01-01,ACC0000005521,7767.35,0.0,0.0,7767.35,NPR
2026-01-01,ACC0000005522,374313.77,30133.0,10003.67,394443.1,NPR
2026-01-01,ACC0000005523,171976.56,0.0,81377.66,90598.9,NPR
2026-01-01,ACC0000005524,375416.76,0.0,78554.17,296862.59,NPR
2026-01-01,ACC0000005525,155237.83,0.0,29959.81,125278.02,NPR
2026-01-01,ACC0000005526,118331.82,13092.9,0.0,131424.72,NPR
2026-01-01,ACC0000005527,82133.08,0.0,0.0,82133.08,NPR
2026-01-01,ACC0000005528,53267.27,0.0,0.0,53267.27,NPR
2026-01-01,ACC0000005529,182028.66,0.0,0.0,182028.66,NPR
2026-01-01,ACC0000005530,79618.24,0.0,192945.59,-113327.35,NPR
2026-01-01,ACC0000005531,43820.51,0.0,81260.79,-37440.28,NPR
2026-01-01,ACC0000005532,399954.47,0.0,0.0,399954.47,NPR
2026-01-01,ACC0000005533,195972.47,7092.75,5532.56,197532.66,NPR
2026-01-01,ACC0000005534,64507.01,0.0,76966.18,-12459.17,NPR
2026-01-01,ACC0000005535,463756.02,0.0,0.0,463756.02,NPR
2026-01-01,ACC0000005536,174539.79,0.0,44681.66,129858.13,NPR
2026-01-01,ACC0000005537,175267.97,57833.72,58213.22,174888.47,NPR
2026-01-01,ACC0000005538,427799.21,0.0,40292.48,387506.73,NPR
2026-01-01,ACC0000005539,228345.77,0.0,121534.28,106811.49,NPR
2026-01-01,ACC0000005540,399247.01,0.0,0.0,399247.01,NPR
2026-01-01,ACC0000005541,9030.94,7795.83,22808.67,-5981.9,NPR
2026-01-01,ACC0000005542,138943.11,0.0,0.0,138943.11,NPR
2026-01-01,ACC0000005543,488810.08,10422.7,9067.29,490165.49,NPR
2026-01-01,ACC0000005544,205858.45,47219.44,0.0,253077.89,NPR
2026-01-01,ACC0000005545,392335.22,0.0,0.0,392335.22,NPR
2026-01-01,ACC0000005546,393263.9,8410.49,65093.97,336580.42,NPR
2026-01-01,ACC0000005547,141392.82,0.0,19851.23,121541.59,NPR
2026-01-01,ACC0000005548,28152.79,0.0,69770.47,-41617.68,NPR
2026-01-01,ACC0000005549,392125.08,32427.52,81916.72,342635.88,NPR
2026-01-01,ACC0000005550,108356.19,0.0,0.0,108356.19,NPR
2026-01-01,ACC0000005551,448385.01,45218.81,20416.52,473187.3,NPR
2026-01-01,ACC0000005552,436375.09,33413.6,76243.95,393544.74,NPR
2026-01-01,ACC0000005553,184450.63,0.0,0.0,184450.63,NPR
2026-01-01,ACC0000005554,96869.23,0.0,0.0,96869.23,NPR
2026-01-01,ACC0000005555,186727.01,34035.82,90763.29,129999.54,NPR
2026-01-01,ACC0000005556,49991.37,0.0,0.0,49991.37,NPR
2026-01-01,ACC0000005557,246176.81,59572.84,17655.71,288093.94,NPR
2026-01-01,ACC0000005558,496674.26,0.0,111032.16,385642.1,NPR
2026-01-01,ACC0000005559,36026.9,44205.96,31919.16,48313.7,NPR
2026-01-01,ACC0000005560,62113.15,0.0,0.0,62113.15,NPR
2026-01-01,ACC0000005561,231795.28,0.0,75568.14,156227.14,NPR
2026-01-01,ACC0000005562,257511.96,0.0,86365.04,171146.92,NPR
2026-01-01,ACC0000005563,442868.62,30905.82,47930.05,425844.39,NPR
2026-01-01,ACC0000005564,473279.15,0.0,101088.1,372191.05,NPR
2026-01-01,ACC0000005565,166086.26,37225.28,116843.17,86468.37,NPR
2026-01-01,ACC0000005566,115237.04,17846.32,53313.23,79770.13,NPR
2026-01-01,ACC0000005567,136292.0,24480.29,26380.53,134391.76,NPR
2026-01-01,ACC0000005568,364377.64,8961.72,68689.66,304649.7,NPR
2026-01-01,ACC0000005569,489548.19,0.0,105599.19,383949.0,NPR
2026-01-01,ACC0000005570,97207.13,0.0,0.0,97207.13,NPR
2026-01-01,ACC0000005571,102333.28,0.0,98067.49,4265.79,NPR
2026-01-01,ACC0000005572,343474.41,0.0,0.0,343474.41,NPR
2026-01-01,ACC0000005573,357950.65,0.0,0.0,357950.65,NPR
2026-01-01,ACC0000005574,461874.66,0.0,87379.91,374494.75,NPR
2026-01-01,ACC0000005575,88599.6,0.0,48253.03,40346.57,NPR
2026-01-01,ACC0000005576,90611.96,0.0,101745.18,-11133.22,NPR
2026-01-01,ACC0000005577,340961.58,53792.53,160631.58,234122.53,NPR
2026-01-01,ACC0000005578,297345.54,0.0,65683.15,231662.39,NPR
2026-01-01,ACC0000005579,377891.95,0.0,23647.81,354244.14,NPR
2026-01-01,ACC0000005580,92958.47,0.0,0.0,92958.47,NPR
2026-01-01,ACC0000005581,292178.92,37323.66,26902.63,302599.95,NPR
2026-01-01,ACC0000005582,432326.21,12370.01,26496.55,418199.67,NPR
2026-01-01,ACC0000005583,453730.8,0.0,0.0,453730.8,NPR
2026-01-01,ACC0000005584,486022.86,0.0,0.0,486022.86,NPR
2026-01-01,ACC0000005585,163986.69,13904.67,78992.08,98899.28,NPR
2026-01-01,ACC0000005586,356882.41,0.0,0.0,356882.41,NPR
2026-01-01,ACC0000005587,155042.5,0.0,65174.0,89868.5,NPR
2026-01-01,ACC0000005588,453268.87,0.0,0.0,453268.87,NPR
2026-01-01,ACC0000005589,362608.8,0.0,0.0,362608.8,NPR
2026-01-01,ACC0000005590,424802.36,0.0,78534.83,346267.53,NPR
2026-01-01,ACC0000005591,144379.99,0.0,0.0,144379.99,NPR
2026-01-01,ACC0000005592,83178.39,0.0,75674.47,7503.92,NPR
2026-01-01,ACC0000005593,148022.49,36267.78,81524.14,102766.13,NPR
2026-01-01,ACC0000005594,465013.9,0.0,151845.08,313168.82,NPR
2026-01-01,ACC0000005595,396518.72,4866.27,63281.22,338103.77,NPR
2026-01-01,ACC0000005596,9258.62,0.0,32425.99,-23167.37,NPR
2026-01-01,ACC0000005597,465443.79,0.0,74849.45,390594.34,NPR
2026-01-01,ACC0000005598,256046.74,48786.27,47984.97,256848.04,NPR
2026-01-01,ACC0000005599,251581.52,38810.87,3384.15,287008.24,NPR
2026-01-01,ACC0000005600,241557.91,33231.27,13234.93,261554.25,NPR
2026-01-01,ACC0000005601,125265.74,47711.16,84145.32,88831.58,NPR
2026-01-01,ACC0000005602,130227.72,25723.04,14150.18,141800.58,NPR
2026-01-01,ACC0000005603,212956.96,46640.37,18876.37,240720.96,NPR
2026-01-01,ACC0000005604,430606.84,22300.95,114228.48,338679.31,NPR
2026-01-01,ACC0000005605,320275.59,0.0,35110.43,285165.16,NPR
2026-01-01,ACC0000005606,488624.16,0.0,0.0,488624.16,NPR
2026-01-01,ACC0000005607,236155.7,0.0,0.0,236155.7,NPR
2026-01-01,ACC0000005608,159128.78,25813.5,24791.02,160151.26,NPR
2026-01-01,ACC0000005609,103118.69,0.0,37116.88,66001.81,NPR
2026-01-01,ACC0000005610,472458.84,0.0,122769.28,349689.56,NPR
2026-01-01,ACC0000005611,89513.17,0.0,25914.98,63598.19,NPR
2026-01-01,ACC0000005612,169365.41,0.0,96597.39,72768.02,NPR
2026-01-01,ACC0000005613,356749.63,46324.98,24518.5,378556.11,NPR
2026-01-01,ACC0000005614,112873.25,0.0,90683.38,22189.87,NPR
2026-01-01,ACC0000005615,111663.39,0.0,56498.12,55165.27,NPR
2026-01-01,ACC0000005616,228957.8,14390.96,10345.25,233003.51,NPR
2026-01-01,ACC0000005617,17833.21,37490.42,27332.36,27991.27,NPR
2026-01-01,ACC0000005618,281242.43,602.76,100896.18,180949.01,NPR
2026-01-01,ACC0000005619,60815.11,0.0,0.0,60815.11,NPR
2026-01-01,ACC0000005620,397845.12,98071.09,32974.51,462941.7,NPR
2026-01-01,ACC0000005621,212426.95,0.0,12165.46,200261.49,NPR
2026-01-01,ACC0000005622,304084.09,0.0,0.0,304084.09,NPR
2026-01-01,ACC0000005623,259276.0,23669.3,163977.83,118967.47,NPR
2026-01-01,ACC0000005624,57167.52,15542.01,46503.2,26206.33,NPR
2026-01-01,ACC0000005625,488010.15,83850.26,61035.7,510824.71,NPR
2026-01-01,ACC0000005626,151792.15,0.0,82656.99,69135.16,NPR
2026-01-01,ACC0000005627,168213.71,0.0,131319.07,36894.64,NPR
2026-01-01,ACC0000005628,410297.06,11892.67,49572.12,372617.61,NPR
2026-01-01,ACC0000005629,436631.64,0.0,18617.18,418014.46,NPR
2026-01-01,ACC0000005630,444717.44,22429.11,100039.2,367107.35,NPR
2026-01-01,ACC0000005631,343852.37,34583.32,46093.25,332342.44,NPR
2026-01-01,ACC0000005632,112946.4,5536.98,70355.66,48127.72,NPR
2026-01-01,ACC0000005633,468080.31,0.0,48120.44,419959.87,NPR
2026-01-01,ACC0000005634,169210.57,38775.78,23813.16,184173.19,NPR
2026-01-01,ACC0000005635,483383.59,0.0,0.0,483383.59,NPR
2026-01-01,ACC0000005636,465588.84,3829.44,0.0,469418.28,NPR
2026-01-01,ACC0000005637,288861.48,0.0,28529.57,260331.91,NPR
2026-01-01,ACC0000005638,239162.74,0.0,31635.9,207526.84,NPR
2026-01-01,ACC0000005639,483918.38,21426.46,2508.89,502835.95,NPR
2026-01-01,ACC0000005640,244972.48,48696.3,18907.33,274761.45,NPR
2026-01-01,ACC0000005641,240508.84,79646.26,42060.8,278094.3,NPR
2026-01-01,ACC0000005642,359155.72,0.0,48962.3,310193.42,NPR
2026-01-01,ACC0000005643,343899.01,7772.07,64975.08,286696.0,NPR
2026-01-01,ACC0000005644,103337.67,0.0,30455.16,72882.51,NPR
2026-01-01,ACC0000005645,109222.84,0.0,72888.28,36334.56,NPR
2026-01-01,ACC0000005646,314136.23,0.0,0.0,314136.23,NPR
2026-01-01,ACC0000005647,72458.66,0.0,58501.02,13957.64,NPR
2026-01-01,ACC0000005648,335414.16,42248.74,27100.91,350561.99,NPR
2026-01-01,ACC0000005649,89373.07,24260.16,169760.58,-56127.35,NPR
2026-01-01,ACC0000005650,463833.17,1874.56,106511.21,359196.52,NPR
2026-01-01,ACC0000005651,113075.82,0.0,0.0,113075.82,NPR
2026-01-01,ACC0000005652,35715.97,0.0,0.0,35715.97,NPR
2026-01-01,ACC0000005653,166703.36,0.0,142371.37,24331.99,NPR
2026-01-01,ACC0000005654,332136.52,0.0,80996.93,251139.59,NPR
2026-01-01,ACC0000005655,431195.84,49197.67,135166.87,345226.64,NPR
2026-01-01,ACC0000005656,42030.82,0.0,0.0,42030.82,NPR
2026-01-01,ACC0000005657,144318.25,0.0,70493.24,73825.01,NPR
2026-01-01,ACC0000005658,478891.67,27348.36,15690.37,490549.66,NPR
2026-01-01,ACC0000005659,282998.65,11108.73,74803.09,219304.29,NPR
2026-01-01,ACC0000005660,231167.1,0.0,9548.52,221618.58,NPR
2026-01-01,ACC0000005661,276307.97,0.0,0.0,276307.97,NPR
2026-01-01,ACC0000005662,493110.48,0.0,48971.93,444138.55,NPR
2026-01-01,ACC0000005663,320633.32,14249.23,14842.02,320040.53,NPR
2026-01-01,ACC0000005664,192632.26,0.0,0.0,192632.26,NPR
2026-01-01,ACC0000005665,114731.55,45443.91,0.0,160175.46,NPR
2026-01-01,ACC0000005666,461578.73,0.0,0.0,461578.73,NPR
2026-01-01,ACC0000005667,34656.98,19951.94,125916.6,-71307.68,NPR
2026-01-01,ACC0000005668,233359.49,0.0,60984.08,172375.41,NPR
2026-01-01,ACC0000005669,450215.57,0.0,0.0,450215.57,NPR
2026-01-01,ACC0000005670,437131.27,0.0,91387.59,345743.68,NPR
2026-01-01,ACC0000005671,473665.07,0.0,49954.95,423710.12,NPR
2026-01-01,ACC0000005672,238339.19,45013.28,65036.71,218315.76,NPR
2026-01-01,ACC0000005673,246508.92,0.0,0.0,246508.92,NPR
2026-01-01,ACC0000005674,330107.25,0.0,71458.84,258648.41,NPR
2026-01-01,ACC0000005675,254317.71,71895.93,52774.03,273439.61,NPR
2026-01-01,ACC0000005676,5110.55,0.0,80882.22,-75771.67,NPR
2026-01-01,ACC0000005677,168314.99,14376.77,68673.09,114018.67,NPR
2026-01-01,ACC0000005678,337452.65,0.0,0.0,337452.65,NPR
2026-01-01,ACC0000005679,414780.3,0.0,79684.21,335096.09,NPR
2026-01-01,ACC0000005680,178935.1,0.0,0.0,178935.1,NPR
2026-01-01,ACC0000005681,241939.16,0.0,0.0,241939.16,NPR
2026-01-01,ACC0000005682,232343.55,44017.25,0.0,276360.8,NPR
2026-01-01,ACC0000005683,146834.5,0.0,8283.28,138551.22,NPR
2026-01-01,ACC0000005684,141747.22,0.0,29983.67,111763.55,NPR
2026-01-01,ACC0000005685,165338.24,0.0,17558.91,147779.33,NPR
2026-01-01,ACC0000005686,171774.84,0.0,71917.66,99857.18,NPR
2026-01-01,ACC0000005687,337698.83,0.0,0.0,337698.83,NPR
2026-01-01,ACC0000005688,345397.39,36727.09,55173.39,326951.09,NPR
2026-01-01,ACC0000005689,290451.52,0.0,130067.74,160383.78,NPR
2026-01-01,ACC0000005690,492042.4,20700.69,55092.29,457650.8,NPR
2026-01-01,ACC0000005691,30741.61,47968.83,52589.39,26121.05,NPR
2026-01-01,ACC0000005692,56569.1,0.0,0.0,56569.1,NPR
2026-01-01,ACC0000005693,130000.85,0.0,56579.29,73421.56,NPR
2026-01-01,ACC0000005694,214320.63,47021.79,80426.5,180915.92,NPR
2026-01-01,ACC0000005695,53057.85,0.0,0.0,53057.85,NPR
2026-01-01,ACC0000005696,146499.14,45914.88,50053.97,142360.05,NPR
2026-01-01,ACC0000005697,32153.92,0.0,5659.94,26493.98,NPR
2026-01-01,ACC0000005698,219875.9,44852.72,12661.96,252066.66,NPR
2026-01-01,ACC0000005699,18990.64,0.0,79735.4,-60744.76,NPR
2026-01-01,ACC0000005700,77771.65,0.0,51076.74,26694.91,NPR
2026-01-01,ACC0000005701,146647.35,30526.97,8760.66,168413.66,NPR
2026-01-01,ACC0000005702,389232.99,40809.4,27741.34,402301.05,NPR
2026-01-01,ACC0000005703,77556.58,0.0,0.0,77556.58,NPR
2026-01-01,ACC0000005704,400648.8,65355.74,69556.68,396447.86,NPR
2026-01-01,ACC0000005705,109441.63,0.0,11940.9,97500.73,NPR
2026-01-01,ACC0000005706,267431.56,0.0,15710.87,251720.69,NPR
2026-01-01,ACC0000005707,497287.02,0.0,124650.62,372636.4,NPR
2026-01-01,ACC0000005708,335921.45,49351.27,2430.3,382842.42,NPR
2026-01-01,ACC0000005709,177437.93,0.0,0.0,177437.93,NPR
2026-01-01,ACC0000005710,249286.53,0.0,37949.0,211337.53,NPR
2026-01-01,ACC0000005711,251635.98,0.0,0.0,251635.98,NPR
2026-01-01,ACC0000005712,383378.17,0.0,71270.36,312107.81,NPR
2026-01-01,ACC0000005713,259066.49,19840.19,78126.46,200780.22,NPR
2026-01-01,ACC0000005714,107482.76,0.0,122956.51,-15473.75,NPR
2026-01-01,ACC0000005715,268205.74,0.0,59969.09,208236.65,NPR
2026-01-01,ACC0000005716,350894.93,53826.83,43601.76,361120.0,NPR
2026-01-01,ACC0000005717,463995.05,26988.47,29892.17,461091.35,NPR
2026-01-01,ACC0000005718,76615.11,0.0,11094.94,65520.17,NPR
2026-01-01,ACC0000005719,61404.31,0.0,76957.49,-15553.18,NPR
2026-01-01,ACC0000005720,332304.84,0.0,25453.0,306851.84,NPR
2026-01-01,ACC0000005721,407313.58,35612.13,31521.92,411403.79,NPR
2026-01-01,ACC0000005722,190696.48,0.0,0.0,190696.48,NPR
2026-01-01,ACC0000005723,255853.93,0.0,0.0,255853.93,NPR
2026-01-01,ACC0000005724,42873.86,0.0,73468.2,-30594.34,NPR
2026-01-01,ACC0000005725,488103.88,0.0,34153.48,453950.4,NPR
2026-01-01,ACC0000005726,171297.4,0.0,45840.89,125456.51,NPR
2026-01-01,ACC0000005727,487083.4,12445.73,31468.41,468060.72,NPR
2026-01-01,ACC0000005728,363442.5,0.0,12894.96,350547.54,NPR
2026-01-01,ACC0000005729,130823.42,0.0,46019.59,84803.83,NPR
2026-01-01,ACC0000005730,320989.8,88465.8,71452.15,338003.45,NPR
2026-01-01,ACC0000005731,459923.65,21400.37,54453.36,426870.66,NPR
2026-01-01,ACC0000005732,13330.73,0.0,0.0,13330.73,NPR
2026-01-01,ACC0000005733,347022.1,0.0,63758.99,283263.11,NPR
2026-01-01,ACC0000005734,259965.08,59923.76,159542.02,160346.82,NPR
2026-01-01,ACC0000005735,499416.82,0.0,81185.37,418231.45,NPR
2026-01-01,ACC0000005736,431555.24,18318.49,0.0,449873.73,NPR
2026-01-01,ACC0000005737,135413.66,28809.41,19030.72,145192.35,NPR
2026-01-01,ACC0000005738,292161.12,44914.92,0.0,337076.04,NPR
2026-01-01,ACC0000005739,322456.32,0.0,46958.25,275498.07,NPR
2026-01-01,ACC0000005740,461336.3,7125.87,24687.08,443775.09,NPR
2026-01-01,ACC0000005741,155658.81,0.0,48499.96,107158.85,NPR
2026-01-01,ACC0000005742,201557.77,23536.39,64696.53,160397.63,NPR
2026-01-01,ACC0000005743,86713.41,0.0,0.0,86713.41,NPR
2026-01-01,ACC0000005744,4967.98,0.0,38492.27,-33524.29,NPR
2026-01-01,ACC0000005745,151902.26,0.0,9539.38,142362.88,NPR
2026-01-01,ACC0000005746,396454.95,19036.97,0.0,415491.92,NPR
2026-01-01,ACC0000005747,437620.01,5189.17,14614.49,428194.69,NPR
2026-01-01,ACC0000005748,355515.58,12625.07,0.0,368140.65,NPR
2026-01-01,ACC0000005749,275132.91,31886.17,38531.02,268488.06,NPR
2026-01-01,ACC0000005750,410175.12,32121.36,106941.62,335354.86,NPR
2026-01-01,ACC0000005751,423387.37,48181.43,42375.52,429193.28,NPR
2026-01-01,ACC0000005752,65294.43,0.0,99337.5,-34043.07,NPR
2026-01-01,ACC0000005753,76354.6,0.0,0.0,76354.6,NPR
2026-01-01,ACC0000005754,228893.34,59031.64,17905.92,270019.06,NPR
2026-01-01,ACC0000005755,392401.95,0.0,2844.68,389557.27,NPR
2026-01-01,ACC0000005756,347856.13,45791.85,25638.67,368009.31,NPR
2026-01-01,ACC0000005757,39336.87,0.0,68882.28,-29545.41,NPR
2026-01-01,ACC0000005758,69725.84,0.0,132554.94,-62829.1,NPR
2026-01-01,ACC0000005759,132159.6,0.0,112505.48,19654.12,NPR
2026-01-01,ACC0000005760,127712.93,0.0,132977.84,-5264.91,NPR
2026-01-01,ACC0000005761,444561.97,59488.46,73106.87,430943.56,NPR
2026-01-01,ACC0000005762,475991.09,45201.37,0.0,521192.46,NPR
2026-01-01,ACC0000005763,336913.48,0.0,119834.67,217078.81,NPR
2026-01-01,ACC0000005764,223500.6,13722.45,79411.91,157811.14,NPR
2026-01-01,ACC0000005765,147388.1,82434.52,36052.0,193770.62,NPR
2026-01-01,ACC0000005766,74371.31,0.0,0.0,74371.31,NPR
2026-01-01,ACC0000005767,221765.12,8818.6,101630.37,128953.35,NPR
2026-01-01,ACC0000005768,275811.74,0.0,78775.78,197035.96,NPR
2026-01-01,ACC0000005769,152522.48,53802.59,45344.82,160980.25,NPR
2026-01-01,ACC0000005770,186461.93,0.0,138008.03,48453.9,NPR
2026-01-01,ACC0000005771,26304.02,0.0,0.0,26304.02,NPR
2026-01-01,ACC0000005772,398078.4,7406.65,18159.48,387325.57,NPR
2026-01-01,ACC0000005773,137781.4,0.0,19868.4,117913.0,NPR
2026-01-01,ACC0000005774,154782.86,0.0,27775.06,127007.8,NPR
2026-01-01,ACC0000005775,279074.63,0.0,61984.56,217090.07,NPR
2026-01-01,ACC0000005776,390584.69,25613.7,83685.77,332512.62,NPR
2026-01-01,ACC0000005777,92118.98,0.0,0.0,92118.98,NPR
2026-01-01,ACC0000005778,153803.88,19098.14,74293.87,98608.15,NPR
2026-01-01,ACC0000005779,60422.41,0.0,62677.82,-2255.41,NPR
2026-01-01,ACC0000005780,218941.73,0.0,0.0,218941.73,NPR
2026-01-01,ACC0000005781,197248.05,0.0,13698.68,183549.37,NPR
2026-01-01,ACC0000005782,171561.34,0.0,22971.67,148589.67,NPR
2026-01-01,ACC0000005783,409394.67,0.0,0.0,409394.67,NPR
2026-01-01,ACC0000005784,432891.06,0.0,44609.09,388281.97,NPR
2026-01-01,ACC0000005785,140288.4,0.0,43823.82,96464.58,NPR
2026-01-01,ACC0000005786,316257.11,7165.74,20781.98,302640.87,NPR
2026-01-01,ACC0000005787,56656.89,0.0,59535.28,-2878.39,NPR
2026-01-01,ACC0000005788,58399.69,41203.57,69632.16,29971.1,NPR
2026-01-01,ACC0000005789,243916.81,0.0,40355.86,203560.95,NPR
2026-01-01,ACC0000005790,7292.03,0.0,142055.09,-134763.06,NPR
2026-01-01,ACC0000005791,173463.32,0.0,104147.17,69316.15,NPR
2026-01-01,ACC0000005792,292663.27,38735.04,5445.22,325953.09,NPR
2026-01-01,ACC0000005793,115305.66,56355.09,0.0,171660.75,NPR
2026-01-01,ACC0000005794,316793.36,0.0,89618.73,227174.63,NPR
2026-01-01,ACC0000005795,64087.51,0.0,27525.21,36562.3,NPR
2026-01-01,ACC0000005796,449405.62,0.0,0.0,449405.62,NPR
2026-01-01,ACC0000005797,244947.09,14527.61,79487.74,179986.96,NPR
2026-01-01,ACC0000005798,191828.81,22093.73,30740.74,183181.8,NPR
2026-01-01,ACC0000005799,238652.39,0.0,0.0,238652.39,NPR
2026-01-01,ACC0000005800,104877.26,11262.05,34791.61,81347.7,NPR
2026-01-01,ACC0000005801,109996.85,35548.47,69879.43,75665.89,NPR
2026-01-01,ACC0000005802,468983.28,0.0,0.0,468983.28,NPR
2026-01-01,ACC0000005803,293916.02,0.0,25133.57,268782.45,NPR
2026-01-01,ACC0000005804,113312.51,0.0,0.0,113312.51,NPR
2026-01-01,ACC0000005805,256795.31,0.0,58015.2,198780.11,NPR
2026-01-01,ACC0000005806,411831.98,0.0,158387.16,253444.82,NPR
2026-01-01,ACC0000005807,278269.56,0.0,44743.35,233526.21,NPR
2026-01-01,ACC0000005808,474361.6,0.0,81360.15,393001.45,NPR
2026-01-01,ACC0000005809,99689.11,0.0,54020.3,45668.81,NPR
2026-01-01,ACC0000005810,133501.1,0.0,0.0,133501.1,NPR
2026-01-01,ACC0000005811,273161.31,0.0,150147.88,123013.43,NPR
2026-01-01,ACC0000005812,243452.71,0.0,43759.71,199693.0,NPR
2026-01-01,ACC0000005813,166131.49,0.0,0.0,166131.49,NPR
2026-01-01,ACC0000005814,75008.71,4319.72,28031.37,51297.06,NPR
2026-01-01,ACC0000005815,324310.7,0.0,0.0,324310.7,NPR
2026-01-01,ACC0000005816,210315.66,39051.27,32890.12,216476.81,NPR
2026-01-01,ACC0000005817,427551.91,18055.25,109011.2,336595.96,NPR
2026-01-01,ACC0000005818,254211.4,0.0,30424.77,223786.63,NPR
2026-01-01,ACC0000005819,5335.3,48230.72,24590.06,28975.96,NPR
2026-01-01,ACC0000005820,272998.84,0.0,94170.87,178827.97,NPR
2026-01-01,ACC0000005821,11954.18,0.0,135181.49,-123227.31,NPR
2026-01-01,ACC0000005822,37268.48,35938.74,33322.69,39884.53,NPR
2026-01-01,ACC0000005823,212303.23,30501.37,65368.34,177436.26,NPR
2026-01-01,ACC0000005824,221475.99,0.0,18672.79,202803.2,NPR
2026-01-01,ACC0000005825,182369.85,0.0,63909.44,118460.41,NPR
2026-01-01,ACC0000005826,449746.86,0.0,0.0,449746.86,NPR
2026-01-01,ACC0000005827,99405.93,0.0,45180.97,54224.96,NPR
2026-01-01,ACC0000005828,140015.47,5699.25,16279.23,129435.49,NPR
2026-01-01,ACC0000005829,229545.54,0.0,76451.74,153093.8,NPR
2026-01-01,ACC0000005830,499921.81,4211.92,97226.82,406906.91,NPR
2026-01-01,ACC0000005831,442537.66,44502.86,64411.89,422628.63,NPR
2026-01-01,ACC0000005832,235181.3,0.0,0.0,235181.3,NPR
2026-01-01,ACC0000005833,426377.05,30379.97,62705.63,394051.39,NPR
2026-01-01,ACC0000005834,344566.97,0.0,56990.19,287576.78,NPR
2026-01-01,ACC0000005835,94557.26,0.0,0.0,94557.26,NPR
2026-01-01,ACC0000005836,221775.5,0.0,51587.37,170188.13,NPR
2026-01-01,ACC0000005837,245079.82,0.0,45884.38,199195.44,NPR
2026-01-01,ACC0000005838,209778.29,24613.88,29209.69,205182.48,NPR
2026-01-01,ACC0000005839,118552.4,0.0,0.0,118552.4,NPR
2026-01-01,ACC0000005840,181896.89,0.0,0.0,181896.89,NPR
2026-01-01,ACC0000005841,497735.65,21771.37,122659.12,396847.9,NPR
2026-01-01,ACC0000005842,56767.51,12168.98,69501.35,-564.86,NPR
2026-01-01,ACC0000005843,46289.53,0.0,24736.6,21552.93,NPR
2026-01-01,ACC0000005844,358834.32,0.0,98600.37,260233.95,NPR
2026-01-01,ACC0000005845,30291.12,0.0,67063.38,-36772.26,NPR
2026-01-01,ACC0000005846,21381.51,0.0,0.0,21381.51,NPR
2026-01-01,ACC0000005847,60450.17,0.0,58591.22,1858.95,NPR
2026-01-01,ACC0000005848,81978.63,0.0,131578.35,-49599.72,NPR
2026-01-01,ACC0000005849,384588.39,0.0,0.0,384588.39,NPR
2026-01-01,ACC0000005850,459691.1,0.0,0.0,459691.1,NPR
2026-01-01,ACC0000005851,448569.73,0.0,8965.62,439604.11,NPR
2026-01-01,ACC0000005852,255445.41,0.0,0.0,255445.41,NPR
2026-01-01,ACC0000005853,37159.66,0.0,87953.72,-50794.06,NPR
2026-01-01,ACC0000005854,136656.55,0.0,71286.94,65369.61,NPR
2026-01-01,ACC0000005855,376306.77,0.0,0.0,376306.77,NPR
2026-01-01,ACC0000005856,316591.78,590.41,3646.57,313535.62,NPR
2026-01-01,ACC0000005857,388334.28,23852.39,27101.87,385084.8,NPR
2026-01-01,ACC0000005858,233197.29,18638.47,13808.03,238027.73,NPR
2026-01-01,ACC0000005859,10463.83,6655.31,30749.61,-13630.47,NPR
2026-01-01,ACC0000005860,292717.77,0.0,16033.83,276683.94,NPR
2026-01-01,ACC0000005861,229786.93,0.0,39032.05,190754.88,NPR
2026-01-01,ACC0000005862,389521.03,24599.29,77481.48,336638.84,NPR
2026-01-01,ACC0000005863,175419.57,35509.7,81724.35,129204.92,NPR
2026-01-01,ACC0000005864,157265.38,0.0,67437.23,89828.15,NPR
2026-01-01,ACC0000005865,448749.87,0.0,12916.36,435833.51,NPR
2026-01-01,ACC0000005866,2461.45,0.0,51676.92,-49215.47,NPR
2026-01-01,ACC0000005867,319151.29,45382.31,64796.77,299736.83,NPR
2026-01-01,ACC0000005868,282947.12,28355.6,51566.18,259736.54,NPR
2026-01-01,ACC0000005869,222290.58,38246.57,43167.01,217370.14,NPR
2026-01-01,ACC0000005870,116485.91,0.0,0.0,116485.91,NPR
2026-01-01,ACC0000005871,49197.28,0.0,0.0,49197.28,NPR
2026-01-01,ACC0000005872,64153.5,26065.13,80677.28,9541.35,NPR
2026-01-01,ACC0000005873,195294.27,47232.0,47536.04,194990.23,NPR
2026-01-01,ACC0000005874,354543.61,0.0,146406.2,208137.41,NPR
2026-01-01,ACC0000005875,461014.08,0.0,0.0,461014.08,NPR
2026-01-01,ACC0000005876,175159.85,0.0,0.0,175159.85,NPR
2026-01-01,ACC0000005877,341178.37,0.0,0.0,341178.37,NPR
2026-01-01,ACC0000005878,124306.32,0.0,28436.98,95869.34,NPR
2026-01-01,ACC0000005879,265000.83,0.0,0.0,265000.83,NPR
2026-01-01,ACC0000005880,29217.17,0.0,0.0,29217.17,NPR
2026-01-01,ACC0000005881,83343.83,0.0,28000.85,55342.98,NPR
2026-01-01,ACC0000005882,233437.81,0.0,0.0,233437.81,NPR
2026-01-01,ACC0000005883,138157.53,26596.41,64973.58,99780.36,NPR
2026-01-01,ACC0000005884,440353.76,0.0,0.0,440353.76,NPR
2026-01-01,ACC0000005885,310289.62,21687.4,66008.64,265968.38,NPR
2026-01-01,ACC0000005886,274215.4,0.0,21688.46,252526.94,NPR
2026-01-01,ACC0000005887,402934.65,9655.21,37372.44,375217.42,NPR
2026-01-01,ACC0000005888,345635.59,12206.31,29615.14,328226.76,NPR
2026-01-01,ACC0000005889,291855.81,0.0,11261.69,280594.12,NPR
2026-01-01,ACC0000005890,124102.59,15673.65,12097.7,127678.54,NPR
2026-01-01,ACC0000005891,180863.62,0.0,120021.6,60842.02,NPR
2026-01-01,ACC0000005892,315922.56,42610.01,0.0,358532.57,NPR
2026-01-01,ACC0000005893,69971.35,0.0,0.0,69971.35,NPR
2026-01-01,ACC0000005894,376477.15,0.0,67834.05,308643.1,NPR
2026-01-01,ACC0000005895,188443.52,0.0,67995.94,120447.58,NPR
2026-01-01,ACC0000005896,111173.78,12596.34,70131.53,53638.59,NPR
2026-01-01,ACC0000005897,468104.11,0.0,61646.66,406457.45,NPR
2026-01-01,ACC0000005898,236964.24,6511.39,63627.12,179848.51,NPR
2026-01-01,ACC0000005899,344849.19,0.0,73379.78,271469.41,NPR
2026-01-01,ACC0000005900,491573.68,0.0,0.0,491573.68,NPR
2026-01-01,ACC0000005901,155280.6,0.0,48052.11,107228.49,NPR
2026-01-01,ACC0000005902,62496.82,0.0,0.0,62496.82,NPR
2026-01-01,ACC0000005903,54303.07,0.0,0.0,54303.07,NPR
2026-01-01,ACC0000005904,113930.67,0.0,52560.87,61369.8,NPR
2026-01-01,ACC0000005905,5734.71,0.0,0.0,5734.71,NPR
2026-01-01,ACC0000005906,360985.34,40985.46,42001.11,359969.69,NPR
2026-01-01,ACC0000005907,375118.42,39491.34,80864.58,333745.18,NPR
2026-01-01,ACC0000005908,329450.49,32391.58,45506.79,316335.28,NPR
2026-01-01,ACC0000005909,24692.39,0.0,43018.91,-18326.52,NPR
2026-01-01,ACC0000005910,92556.1,0.0,0.0,92556.1,NPR
2026-01-01,ACC0000005911,466511.31,0.0,49856.7,416654.61,NPR
2026-01-01,ACC0000005912,409719.36,43299.27,108895.1,344123.53,NPR
2026-01-01,ACC0000005913,204748.94,25628.43,23075.01,207302.36,NPR
2026-01-01,ACC0000005914,208171.59,0.0,74076.97,134094.62,NPR
2026-01-01,ACC0000005915,366891.53,0.0,13805.57,353085.96,NPR
2026-01-01,ACC0000005916,56173.66,28167.67,108991.98,-24650.65,NPR
2026-01-01,ACC0000005917,162815.06,37896.2,34591.87,166119.39,NPR
2026-01-01,ACC0000005918,82053.46,0.0,107503.73,-25450.27,NPR
2026-01-01,ACC0000005919,214707.67,0.0,0.0,214707.67,NPR
2026-01-01,ACC0000005920,253128.18,0.0,18439.55,234688.63,NPR
2026-01-01,ACC0000005921,338143.03,0.0,0.0,338143.03,NPR
2026-01-01,ACC0000005922,389366.22,36531.52,0.0,425897.74,NPR
2026-01-01,ACC0000005923,365630.87,0.0,76366.95,289263.92,NPR
2026-01-01,ACC0000005924,181726.94,30545.16,0.0,212272.1,NPR
2026-01-01,ACC0000005925,419939.15,0.0,148190.13,271749.02,NPR
2026-01-01,ACC0000005926,282146.79,0.0,0.0,282146.79,NPR
2026-01-01,ACC0000005927,67559.52,63430.38,62185.53,68804.37,NPR
2026-01-01,ACC0000005928,12842.6,128868.66,39515.42,102195.84,NPR
2026-01-01,ACC0000005929,426483.75,0.0,0.0,426483.75,NPR
2026-01-01,ACC0000005930,477756.96,0.0,40945.24,436811.72,NPR
2026-01-01,ACC0000005931,271709.83,0.0,78534.67,193175.16,NPR
2026-01-01,ACC0000005932,284063.14,0.0,193790.0,90273.14,NPR
2026-01-01,ACC0000005933,474922.32,3234.45,30523.18,447633.59,NPR
2026-01-01,ACC0000005934,148963.17,0.0,0.0,148963.17,NPR
2026-01-01,ACC0000005935,180235.18,11880.98,91501.37,100614.79,NPR
2026-01-01,ACC0000005936,162499.22,19692.19,33383.11,148808.3,NPR
2026-01-01,ACC0000005937,437082.59,0.0,0.0,437082.59,NPR
2026-01-01,ACC0000005938,231404.5,40451.73,6335.51,265520.72,NPR
2026-01-01,ACC0000005939,385774.99,69999.26,0.0,455774.25,NPR
2026-01-01,ACC0000005940,312189.46,37093.52,30101.94,319181.04,NPR
2026-01-01,ACC0000005941,406622.18,0.0,127429.67,279192.51,NPR
2026-01-01,ACC0000005942,199079.76,38592.45,80012.35,157659.86,NPR
2026-01-01,ACC0000005943,56521.96,33270.21,0.0,89792.17,NPR
2026-01-01,ACC0000005944,360826.82,0.0,103553.91,257272.91,NPR
2026-01-01,ACC0000005945,80430.53,0.0,0.0,80430.53,NPR
2026-01-01,ACC0000005946,390325.07,0.0,0.0,390325.07,NPR
2026-01-01,ACC0000005947,147141.97,0.0,44024.75,103117.22,NPR
2026-01-01,ACC0000005948,329974.45,19942.87,30700.04,319217.28,NPR
2026-01-01,ACC0000005949,251919.89,0.0,42850.89,209069.0,NPR
2026-01-01,ACC0000005950,52657.82,0.0,92418.09,-39760.27,NPR
2026-01-01,ACC0000005951,73801.17,0.0,0.0,73801.17,NPR
2026-01-01,ACC0000005952,155429.05,0.0,142384.8,13044.25,NPR
2026-01-01,ACC0000005953,80549.21,0.0,165785.32,-85236.11,NPR
2026-01-01,ACC0000005954,251698.35,0.0,50463.9,201234.45,NPR
2026-01-01,ACC0000005955,165931.47,0.0,149260.81,16670.66,NPR
2026-01-01,ACC0000005956,354722.23,0.0,0.0,354722.23,NPR
2026-01-01,ACC0000005957,27074.85,0.0,69374.28,-42299.43,NPR
2026-01-01,ACC0000005958,412745.86,31890.72,59387.6,385248.98,NPR
2026-01-01,ACC0000005959,259574.2,0.0,11416.07,248158.13,NPR
2026-01-01,ACC0000005960,326207.7,0.0,0.0,326207.7,NPR
2026-01-01,ACC0000005961,291452.39,10669.61,14421.88,287700.12,NPR
2026-01-01,ACC0000005962,188279.22,42433.07,30147.22,200565.07,NPR
2026-01-01,ACC0000005963,259070.19,0.0,5090.85,253979.34,NPR
2026-01-01,ACC0000005964,25980.59,0.0,44230.95,-18250.36,NPR
2026-01-01,ACC0000005965,276667.71,0.0,8922.1,267745.61,NPR
2026-01-01,ACC0000005966,235061.39,33120.45,13916.48,254265.36,NPR
2026-01-01,ACC0000005967,261698.86,0.0,53188.73,208510.13,NPR
2026-01-01,ACC0000005968,271839.52,0.0,18133.58,253705.94,NPR
2026-01-01,ACC0000005969,226755.45,0.0,19574.16,207181.29,NPR
2026-01-01,ACC0000005970,454373.02,0.0,28637.86,425735.16,NPR
2026-01-01,ACC0000005971,67149.02,0.0,28379.97,38769.05,NPR
2026-01-01,ACC0000005972,233185.75,0.0,0.0,233185.75,NPR
2026-01-01,ACC0000005973,264170.08,77231.01,37823.46,303577.63,NPR
2026-01-01,ACC0000005974,388019.23,29956.45,42794.49,375181.19,NPR
2026-01-01,ACC0000005975,475966.19,6793.45,47869.93,434889.71,NPR
2026-01-01,ACC0000005976,301373.36,42284.75,125690.97,217967.14,NPR
2026-01-01,ACC0000005977,496687.64,0.0,20981.86,475705.78,NPR
2026-01-01,ACC0000005978,208862.03,0.0,93193.41,115668.62,NPR
2026-01-01,ACC0000005979,365019.82,0.0,0.0,365019.82,NPR
2026-01-01,ACC0000005980,330210.6,12420.71,0.0,342631.31,NPR
2026-01-01,ACC0000005981,161410.51,0.0,81625.07,79785.44,NPR
2026-01-01,ACC0000005982,174833.89,0.0,107485.74,67348.15,NPR
2026-01-01,ACC0000005983,284846.93,0.0,55093.54,229753.39,NPR
2026-01-01,ACC0000005984,149048.16,0.0,43689.5,105358.66,NPR
2026-01-01,ACC0000005985,475351.56,6703.91,14556.95,467498.52,NPR
2026-01-01,ACC0000005986,116328.38,0.0,27990.57,88337.81,NPR
2026-01-01,ACC0000005987,218375.38,0.0,38330.45,180044.93,NPR
2026-01-01,ACC0000005988,413106.67,0.0,0.0,413106.67,NPR
2026-01-01,ACC0000005989,251595.64,0.0,70704.96,180890.68,NPR
2026-01-01,ACC0000005990,33958.07,46633.56,44908.07,35683.56,NPR
2026-01-01,ACC0000005991,21422.24,40337.59,108683.84,-46924.01,NPR
2026-01-01,ACC0000005992,377869.86,0.0,56899.79,320970.07,NPR
2026-01-01,ACC0000005993,116972.25,0.0,62356.61,54615.64,NPR
2026-01-01,ACC0000005994,394491.23,0.0,77759.61,316731.62,NPR
2026-01-01,ACC0000005995,263092.13,0.0,33690.62,229401.51,NPR
2026-01-01,ACC0000005996,198461.37,31866.8,28596.06,201732.11,NPR
2026-01-01,ACC0000005997,20399.25,0.0,30273.82,-9874.57,NPR
2026-01-01,ACC0000005998,328064.54,11100.17,38694.99,300469.72,NPR
2026-01-01,ACC0000005999,137396.42,0.0,0.0,137396.42,NPR
2026-01-01,ACC0000006000,379126.98,0.0,76042.79,303084.19,NPR
2026-01-01,ACC0000006001,19849.68,0.0,84420.43,-64570.75,NPR
2026-01-01,ACC0000006002,212640.4,47159.5,19630.44,240169.46,NPR
2026-01-01,ACC0000006003,452963.54,0.0,0.0,452963.54,NPR
2026-01-01,ACC0000006004,420963.32,0.0,30260.83,390702.49,NPR
2026-01-01,ACC0000006005,91465.61,0.0,21777.08,69688.53,NPR
2026-01-01,ACC0000006006,192092.05,0.0,0.0,192092.05,NPR
2026-01-01,ACC0000006007,42815.16,0.0,72015.43,-29200.27,NPR
2026-01-01,ACC0000006008,349178.86,48527.98,45870.2,351836.64,NPR
2026-01-01,ACC0000006009,439913.13,0.0,6085.82,433827.31,NPR
2026-01-01,ACC0000006010,106983.0,0.0,122539.74,-15556.74,NPR
2026-01-01,ACC0000006011,435889.26,0.0,43356.36,392532.9,NPR
2026-01-01,ACC0000006012,457404.55,0.0,0.0,457404.55,NPR
2026-01-01,ACC0000006013,197300.49,0.0,53985.93,143314.56,NPR
2026-01-01,ACC0000006014,403216.81,0.0,0.0,403216.81,NPR
2026-01-01,ACC0000006015,360800.89,0.0,0.0,360800.89,NPR
2026-01-01,ACC0000006016,207322.63,0.0,3677.55,203645.08,NPR
2026-01-01,ACC0000006017,145983.33,25315.13,112322.51,58975.95,NPR
2026-01-01,ACC0000006018,178664.71,0.0,0.0,178664.71,NPR
2026-01-01,ACC0000006019,17856.3,13440.97,0.0,31297.27,NPR
2026-01-01,ACC0000006020,148421.63,0.0,0.0,148421.63,NPR
2026-01-01,ACC0000006021,313216.16,25067.17,58604.88,279678.45,NPR
2026-01-01,ACC0000006022,116535.6,33950.14,2569.97,147915.77,NPR
2026-01-01,ACC0000006023,259366.59,0.0,0.0,259366.59,NPR
2026-01-01,ACC0000006024,481720.48,0.0,104367.85,377352.63,NPR
2026-01-01,ACC0000006025,368114.5,41742.67,13733.89,396123.28,NPR
2026-01-01,ACC0000006026,157721.93,6480.76,18970.2,145232.49,NPR
2026-01-01,ACC0000006027,354822.1,0.0,0.0,354822.1,NPR
2026-01-01,ACC0000006028,439756.82,0.0,0.0,439756.82,NPR
2026-01-01,ACC0000006029,296354.77,46989.43,43629.6,299714.6,NPR
2026-01-01,ACC0000006030,117644.0,0.0,72658.68,44985.32,NPR
2026-01-01,ACC0000006031,236645.34,0.0,55212.91,181432.43,NPR
2026-01-01,ACC0000006032,253055.14,6042.58,89857.09,169240.63,NPR
2026-01-01,ACC0000006033,428637.7,24780.14,64541.83,388876.01,NPR
2026-01-01,ACC0000006034,397392.07,28050.16,10038.3,415403.93,NPR
2026-01-01,ACC0000006035,288966.68,0.0,44123.75,244842.93,NPR
2026-01-01,ACC0000006036,70133.73,0.0,0.0,70133.73,NPR
2026-01-01,ACC0000006037,301229.04,0.0,98138.72,203090.32,NPR
2026-01-01,ACC0000006038,295521.32,19763.61,108110.24,207174.69,NPR
2026-01-01,ACC0000006039,436309.57,0.0,64030.95,372278.62,NPR
2026-01-01,ACC0000006040,173111.55,22180.73,52478.52,142813.76,NPR
2026-01-01,ACC0000006041,100850.01,0.0,0.0,100850.01,NPR
2026-01-01,ACC0000006042,203253.02,0.0,0.0,203253.02,NPR
2026-01-01,ACC0000006043,312297.98,16876.8,48677.31,280497.47,NPR
2026-01-01,ACC0000006044,13741.67,0.0,0.0,13741.67,NPR
2026-01-01,ACC0000006045,231973.22,0.0,35961.22,196012.0,NPR
2026-01-01,ACC0000006046,37886.58,0.0,109850.45,-71963.87,NPR
2026-01-01,ACC0000006047,331790.55,0.0,42356.95,289433.6,NPR
2026-01-01,ACC0000006048,104599.86,0.0,0.0,104599.86,NPR
2026-01-01,ACC0000006049,445648.67,0.0,10390.92,435257.75,NPR
2026-01-01,ACC0000006050,322290.73,27553.02,73708.55,276135.2,NPR
2026-01-01,ACC0000006051,292645.69,27857.49,0.0,320503.18,NPR
2026-01-01,ACC0000006052,395143.19,0.0,9998.17,385145.02,NPR
2026-01-01,ACC0000006053,7036.11,58096.2,72518.74,-7386.43,NPR
2026-01-01,ACC0000006054,37498.49,48811.34,21040.76,65269.07,NPR
2026-01-01,ACC0000006055,153660.8,27734.51,7651.97,173743.34,NPR
2026-01-01,ACC0000006056,498552.59,0.0,31436.32,467116.27,NPR
2026-01-01,ACC0000006057,90156.4,0.0,81933.47,8222.93,NPR
2026-01-01,ACC0000006058,229137.94,0.0,55230.37,173907.57,NPR
2026-01-01,ACC0000006059,174151.24,32000.38,0.0,206151.62,NPR
2026-01-01,ACC0000006060,386633.4,0.0,73894.95,312738.45,NPR
2026-01-01,ACC0000006061,321104.85,0.0,42089.18,279015.67,NPR
2026-01-01,ACC0000006062,473369.0,0.0,59941.93,413427.07,NPR
2026-01-01,ACC0000006063,108718.78,41690.11,45926.97,104481.92,NPR
2026-01-01,ACC0000006064,143252.98,0.0,10881.98,132371.0,NPR
2026-01-01,ACC0000006065,467189.9,0.0,0.0,467189.9,NPR
2026-01-01,ACC0000006066,9575.79,5765.89,44112.96,-28771.28,NPR
2026-01-01,ACC0000006067,363716.48,0.0,0.0,363716.48,NPR
2026-01-01,ACC0000006068,422408.53,0.0,99105.52,323303.01,NPR
2026-01-01,ACC0000006069,498589.68,0.0,0.0,498589.68,NPR
2026-01-01,ACC0000006070,78924.2,0.0,48102.25,30821.95,NPR
2026-01-01,ACC0000006071,137586.05,0.0,969.19,136616.86,NPR
2026-01-01,ACC0000006072,344168.24,0.0,0.0,344168.24,NPR
2026-01-01,ACC0000006073,87821.89,45614.76,70419.52,63017.13,NPR
2026-01-01,ACC0000006074,332251.31,32951.22,94547.35,270655.18,NPR
2026-01-01,ACC0000006075,435342.4,30112.88,105234.81,360220.47,NPR
2026-01-01,ACC0000006076,402419.9,0.0,47564.92,354854.98,NPR
2026-01-01,ACC0000006077,418150.69,0.0,35404.76,382745.93,NPR
2026-01-01,ACC0000006078,232383.01,126929.7,0.0,359312.71,NPR
2026-01-01,ACC0000006079,375123.18,0.0,90144.08,284979.1,NPR
2026-01-01,ACC0000006080,243413.09,0.0,80440.84,162972.25,NPR
2026-01-01,ACC0000006081,205809.02,43201.46,147115.52,101894.96,NPR
2026-01-01,ACC0000006082,388569.76,0.0,3988.35,384581.41,NPR
2026-01-01,ACC0000006083,41680.51,0.0,89809.8,-48129.29,NPR
2026-01-01,ACC0000006084,268906.92,0.0,0.0,268906.92,NPR
2026-01-01,ACC0000006085,431756.63,0.0,6897.09,424859.54,NPR
2026-01-01,ACC0000006086,450797.98,0.0,51662.57,399135.41,NPR
2026-01-01,ACC0000006087,54014.98,0.0,0.0,54014.98,NPR
2026-01-01,ACC0000006088,478671.47,0.0,111560.98,367110.49,NPR
2026-01-01,ACC0000006089,19071.35,0.0,85542.18,-66470.83,NPR
2026-01-01,ACC0000006090,406296.84,0.0,111933.05,294363.79,NPR
2026-01-01,ACC0000006091,484190.21,5354.29,11949.83,477594.67,NPR
2026-01-01,ACC0000006092,74755.43,0.0,34441.0,40314.43,NPR
2026-01-01,ACC0000006093,11567.95,18328.1,84538.68,-54642.63,NPR
2026-01-01,ACC0000006094,24920.04,15563.27,75174.45,-34691.14,NPR
2026-01-01,ACC0000006095,106252.92,0.0,17590.54,88662.38,NPR
2026-01-01,ACC0000006096,69926.7,0.0,7887.7,62039.0,NPR
2026-01-01,ACC0000006097,457064.76,0.0,86332.08,370732.68,NPR
2026-01-01,ACC0000006098,224050.5,30930.35,24353.46,230627.39,NPR
2026-01-01,ACC0000006099,464053.42,0.0,0.0,464053.42,NPR
2026-01-01,ACC0000006100,487628.42,0.0,90981.54,396646.88,NPR
2026-01-01,ACC0000006101,492213.84,8781.45,15853.17,485142.12,NPR
2026-01-01,ACC0000006102,292422.49,16728.02,92492.52,216657.99,NPR
2026-01-01,ACC0000006103,62085.57,0.0,21236.18,40849.39,NPR
2026-01-01,ACC0000006104,275104.21,0.0,0.0,275104.21,NPR
2026-01-01,ACC0000006105,19979.78,0.0,14540.06,5439.72,NPR
2026-01-01,ACC0000006106,337178.14,0.0,79177.36,258000.78,NPR
2026-01-01,ACC0000006107,344472.07,36274.97,0.0,380747.04,NPR
2026-01-01,ACC0000006108,132222.33,0.0,10678.46,121543.87,NPR
2026-01-01,ACC0000006109,376593.17,0.0,134406.3,242186.87,NPR
2026-01-01,ACC0000006110,498237.96,0.0,0.0,498237.96,NPR
2026-01-01,ACC0000006111,100494.49,42825.77,45245.06,98075.2,NPR
2026-01-01,ACC0000006112,120289.04,0.0,19165.33,101123.71,NPR
2026-01-01,ACC0000006113,220875.04,17952.86,15685.98,223141.92,NPR
2026-01-01,ACC0000006114,237018.45,0.0,0.0,237018.45,NPR
2026-01-01,ACC0000006115,169520.96,56839.64,78900.0,147460.6,NPR
2026-01-01,ACC0000006116,447601.31,44414.01,11582.34,480432.98,NPR
2026-01-01,ACC0000006117,21857.55,0.0,50665.17,-28807.62,NPR
2026-01-01,ACC0000006118,334856.67,15253.96,9989.7,340120.93,NPR
2026-01-01,ACC0000006119,282770.4,0.0,58936.66,223833.74,NPR
2026-01-01,ACC0000006120,467588.24,28672.51,96024.06,400236.69,NPR
2026-01-01,ACC0000006121,498883.25,0.0,0.0,498883.25,NPR
2026-01-01,ACC0000006122,456522.8,0.0,39926.92,416595.88,NPR
2026-01-01,ACC0000006123,244551.52,39979.68,33176.68,251354.52,NPR
2026-01-01,ACC0000006124,423225.39,0.0,12334.57,410890.82,NPR
2026-01-01,ACC0000006125,384665.27,15264.31,51476.11,348453.47,NPR
2026-01-01,ACC0000006126,485932.32,0.0,0.0,485932.32,NPR
2026-01-01,ACC0000006127,152136.26,17248.71,20848.4,148536.57,NPR
2026-01-01,ACC0000006128,292411.72,0.0,85060.11,207351.61,NPR
2026-01-01,ACC0000006129,142849.65,32784.34,0.0,175633.99,NPR
2026-01-01,ACC0000006130,199307.24,0.0,88321.66,110985.58,NPR
2026-01-01,ACC0000006131,51295.8,23862.36,128467.13,-53308.97,NPR
2026-01-01,ACC0000006132,386972.69,45803.02,74160.65,358615.06,NPR
2026-01-01,ACC0000006133,301518.21,34481.4,34756.23,301243.38,NPR
2026-01-01,ACC0000006134,461105.07,0.0,0.0,461105.07,NPR
2026-01-01,ACC0000006135,155335.23,41016.12,79652.91,116698.44,NPR
2026-01-01,ACC0000006136,221015.66,0.0,28140.89,192874.77,NPR
2026-01-01,ACC0000006137,374237.91,5296.27,41990.81,337543.37,NPR
2026-01-01,ACC0000006138,334612.87,144905.59,36427.56,443090.9,NPR
2026-01-01,ACC0000006139,203253.3,0.0,0.0,203253.3,NPR
2026-01-01,ACC0000006140,12817.08,26418.7,13564.43,25671.35,NPR
2026-01-01,ACC0000006141,2178.49,0.0,11062.13,-8883.64,NPR
2026-01-01,ACC0000006142,75188.61,0.0,54170.55,21018.06,NPR
2026-01-01,ACC0000006143,442803.77,0.0,34368.17,408435.6,NPR
2026-01-01,ACC0000006144,130387.37,0.0,11736.07,118651.3,NPR
2026-01-01,ACC0000006145,246174.81,0.0,0.0,246174.81,NPR
2026-01-01,ACC0000006146,266692.18,0.0,121570.51,145121.67,NPR
2026-01-01,ACC0000006147,229749.07,0.0,0.0,229749.07,NPR
2026-01-01,ACC0000006148,393961.03,0.0,0.0,393961.03,NPR
2026-01-01,ACC0000006149,97746.78,9426.4,20291.06,86882.12,NPR
2026-01-01,ACC0000006150,480198.14,21418.64,44666.31,456950.47,NPR
2026-01-01,ACC0000006151,231782.83,0.0,0.0,231782.83,NPR
2026-01-01,ACC0000006152,361030.38,0.0,0.0,361030.38,NPR
2026-01-01,ACC0000006153,432891.5,14729.29,7465.79,440155.0,NPR
2026-01-01,ACC0000006154,17729.9,0.0,27760.36,-10030.46,NPR
2026-01-01,ACC0000006155,423803.83,0.0,0.0,423803.83,NPR
2026-01-01,ACC0000006156,353831.37,0.0,67334.4,286496.97,NPR
2026-01-01,ACC0000006157,125858.47,0.0,84836.55,41021.92,NPR
2026-01-01,ACC0000006158,344381.72,0.0,23847.16,320534.56,NPR
2026-01-01,ACC0000006159,285956.56,0.0,79109.83,206846.73,NPR
2026-01-01,ACC0000006160,308667.81,0.0,0.0,308667.81,NPR
2026-01-01,ACC0000006161,45556.6,76373.44,108738.46,13191.58,NPR
2026-01-01,ACC0000006162,497095.13,71741.5,0.0,568836.63,NPR
2026-01-01,ACC0000006163,281321.44,0.0,34236.72,247084.72,NPR
2026-01-01,ACC0000006164,323859.84,0.0,84068.9,239790.94,NPR
2026-01-01,ACC0000006165,324003.54,0.0,5462.05,318541.49,NPR
2026-01-01,ACC0000006166,305177.66,0.0,18341.16,286836.5,NPR
2026-01-01,ACC0000006167,200089.36,0.0,29215.07,170874.29,NPR
2026-01-01,ACC0000006168,481368.09,39977.99,65267.07,456079.01,NPR
2026-01-01,ACC0000006169,485873.01,0.0,69520.01,416353.0,NPR
2026-01-01,ACC0000006170,419880.49,7457.68,37932.89,389405.28,NPR
2026-01-01,ACC0000006171,226188.33,0.0,0.0,226188.33,NPR
2026-01-01,ACC0000006172,479410.33,28253.41,0.0,507663.74,NPR
2026-01-01,ACC0000006173,283745.7,6674.0,44191.26,246228.44,NPR
2026-01-01,ACC0000006174,283292.09,27871.53,0.0,311163.62,NPR
2026-01-01,ACC0000006175,264789.01,0.0,23980.73,240808.28,NPR
2026-01-01,ACC0000006176,290098.37,0.0,22217.23,267881.14,NPR
2026-01-01,ACC0000006177,367675.49,16562.0,70074.33,314163.16,NPR
2026-01-01,ACC0000006178,142635.15,62286.93,0.0,204922.08,NPR
2026-01-01,ACC0000006179,273118.46,0.0,31956.67,241161.79,NPR
2026-01-01,ACC0000006180,32068.13,35145.95,43787.58,23426.5,NPR
2026-01-01,ACC0000006181,129666.12,32972.5,15843.92,146794.7,NPR
2026-01-01,ACC0000006182,257041.3,0.0,48012.88,209028.42,NPR
2026-01-01,ACC0000006183,490101.15,0.0,28021.4,462079.75,NPR
2026-01-01,ACC0000006184,183488.1,9869.4,56083.96,137273.54,NPR
2026-01-01,ACC0000006185,129372.87,0.0,16987.14,112385.73,NPR
2026-01-01,ACC0000006186,202462.6,0.0,0.0,202462.6,NPR
2026-01-01,ACC0000006187,468775.5,41732.57,76612.95,433895.12,NPR
2026-01-01,ACC0000006188,434130.49,0.0,0.0,434130.49,NPR
2026-01-01,ACC0000006189,306926.17,46272.24,93373.55,259824.86,NPR
2026-01-01,ACC0000006190,383636.92,0.0,0.0,383636.92,NPR
2026-01-01,ACC0000006191,460540.84,59854.57,56756.88,463638.53,NPR
2026-01-01,ACC0000006192,472280.36,0.0,43820.31,428460.05,NPR
2026-01-01,ACC0000006193,46935.82,29766.96,24090.86,52611.92,NPR
2026-01-01,ACC0000006194,307169.92,0.0,59072.9,248097.02,NPR
2026-01-01,ACC0000006195,30600.81,16341.92,41843.03,5099.7,NPR
2026-01-01,ACC0000006196,7846.89,12835.61,42901.28,-22218.78,NPR
2026-01-01,ACC0000006197,306617.28,0.0,0.0,306617.28,NPR
2026-01-01,ACC0000006198,315697.22,0.0,21387.43,294309.79,NPR
2026-01-01,ACC0000006199,108078.08,0.0,48578.9,59499.18,NPR
2026-01-01,ACC0000006200,282349.77,35929.41,34718.55,283560.63,NPR
2026-01-01,ACC0000006201,406544.17,7490.61,32039.33,381995.45,NPR
2026-01-01,ACC0000006202,33269.41,19268.23,1947.8,50589.84,NPR
2026-01-01,ACC0000006203,167384.68,22114.54,42486.14,147013.08,NPR
2026-01-01,ACC0000006204,425041.15,37547.64,93315.37,369273.42,NPR
2026-01-01,ACC0000006205,445374.38,67649.37,118719.49,394304.26,NPR
2026-01-01,ACC0000006206,218996.93,0.0,0.0,218996.93,NPR
2026-01-01,ACC0000006207,130978.73,0.0,71237.24,59741.49,NPR
2026-01-01,ACC0000006208,168016.18,0.0,2297.7,165718.48,NPR
2026-01-01,ACC0000006209,50901.5,0.0,43265.59,7635.91,NPR
2026-01-01,ACC0000006210,172452.05,0.0,13212.33,159239.72,NPR
2026-01-01,ACC0000006211,483416.74,0.0,47643.65,435773.09,NPR
2026-01-01,ACC0000006212,446930.77,0.0,0.0,446930.77,NPR
2026-01-01,ACC0000006213,312488.87,0.0,0.0,312488.87,NPR
2026-01-01,ACC0000006214,87055.5,0.0,32324.22,54731.28,NPR
2026-01-01,ACC0000006215,282791.64,0.0,24356.96,258434.68,NPR
2026-01-01,ACC0000006216,44663.68,0.0,30514.85,14148.83,NPR
2026-01-01,ACC0000006217,73999.38,0.0,69150.45,4848.93,NPR
2026-01-01,ACC0000006218,276733.52,0.0,0.0,276733.52,NPR
2026-01-01,ACC0000006219,153793.78,0.0,42024.14,111769.64,NPR
2026-01-01,ACC0000006220,11462.36,0.0,127917.48,-116455.12,NPR
2026-01-01,ACC0000006221,145163.48,0.0,0.0,145163.48,NPR
2026-01-01,ACC0000006222,239058.93,0.0,92549.54,146509.39,NPR
2026-01-01,ACC0000006223,213015.24,0.0,26139.19,186876.05,NPR
2026-01-01,ACC0000006224,217443.81,0.0,43889.48,173554.33,NPR
2026-01-01,ACC0000006225,204688.26,34719.01,47111.38,192295.89,NPR
2026-01-01,ACC0000006226,361597.12,0.0,15489.83,346107.29,NPR
2026-01-01,ACC0000006227,456696.26,0.0,70899.2,385797.06,NPR
2026-01-01,ACC0000006228,260246.57,47312.04,5019.11,302539.5,NPR
2026-01-01,ACC0000006229,126146.31,12280.04,0.0,138426.35,NPR
2026-01-01,ACC0000006230,145143.72,347.38,100225.3,45265.8,NPR
2026-01-01,ACC0000006231,265517.5,0.0,81127.49,184390.01,NPR
2026-01-01,ACC0000006232,439106.32,0.0,0.0,439106.32,NPR
2026-01-01,ACC0000006233,416907.02,35230.58,90125.03,362012.57,NPR
2026-01-01,ACC0000006234,303007.33,0.0,106058.72,196948.61,NPR
2026-01-01,ACC0000006235,432785.82,44485.25,64610.6,412660.47,NPR
2026-01-01,ACC0000006236,371674.08,0.0,49474.96,322199.12,NPR
2026-01-01,ACC0000006237,324166.28,0.0,0.0,324166.28,NPR
2026-01-01,ACC0000006238,317009.45,0.0,0.0,317009.45,NPR
2026-01-01,ACC0000006239,137720.81,18727.51,0.0,156448.32,NPR
2026-01-01,ACC0000006240,343672.67,11926.97,32006.83,323592.81,NPR
2026-01-01,ACC0000006241,443508.31,0.0,95243.06,348265.25,NPR
2026-01-01,ACC0000006242,367871.46,63613.13,62915.34,368569.25,NPR
2026-01-01,ACC0000006243,331570.24,0.0,33865.54,297704.7,NPR
2026-01-01,ACC0000006244,491600.22,0.0,101074.07,390526.15,NPR
2026-01-01,ACC0000006245,277078.22,0.0,0.0,277078.22,NPR
2026-01-01,ACC0000006246,66995.25,0.0,43020.58,23974.67,NPR
2026-01-01,ACC0000006247,391158.13,0.0,108367.24,282790.89,NPR
2026-01-01,ACC0000006248,457387.81,0.0,0.0,457387.81,NPR
2026-01-01,ACC0000006249,61696.7,0.0,0.0,61696.7,NPR
2026-01-01,ACC0000006250,300620.13,58255.57,0.0,358875.7,NPR
2026-01-01,ACC0000006251,176982.2,23583.44,105321.72,95243.92,NPR
2026-01-01,ACC0000006252,220551.77,0.0,102827.58,117724.19,NPR
2026-01-01,ACC0000006253,266662.02,0.0,0.0,266662.02,NPR
2026-01-01,ACC0000006254,336812.73,0.0,0.0,336812.73,NPR
2026-01-01,ACC0000006255,45610.1,0.0,116846.8,-71236.7,NPR
2026-01-01,ACC0000006256,385899.67,0.0,0.0,385899.67,NPR
2026-01-01,ACC0000006257,449082.23,0.0,0.0,449082.23,NPR
2026-01-01,ACC0000006258,32306.05,0.0,0.0,32306.05,NPR
2026-01-01,ACC0000006259,26907.96,0.0,42668.4,-15760.44,NPR
2026-01-01,ACC0000006260,89505.12,0.0,20783.44,68721.68,NPR
2026-01-01,ACC0000006261,425311.25,0.0,84006.69,341304.56,NPR
2026-01-01,ACC0000006262,59402.78,27747.58,41592.47,45557.89,NPR
2026-01-01,ACC0000006263,255970.94,0.0,0.0,255970.94,NPR
2026-01-01,ACC0000006264,469098.95,0.0,38327.71,430771.24,NPR
2026-01-01,ACC0000006265,128275.3,0.0,29711.2,98564.1,NPR
2026-01-01,ACC0000006266,218196.47,0.0,0.0,218196.47,NPR
2026-01-01,ACC0000006267,28209.09,0.0,0.0,28209.09,NPR
2026-01-01,ACC0000006268,318591.12,0.0,44225.95,274365.17,NPR
2026-01-01,ACC0000006269,183017.47,0.0,82407.72,100609.75,NPR
2026-01-01,ACC0000006270,375884.14,0.0,24842.81,351041.33,NPR
2026-01-01,ACC0000006271,234149.93,0.0,0.0,234149.93,NPR
2026-01-01,ACC0000006272,345552.57,44361.86,55139.71,334774.72,NPR
2026-01-01,ACC0000006273,189515.65,0.0,115982.57,73533.08,NPR
2026-01-01,ACC0000006274,239811.46,0.0,14460.62,225350.84,NPR
2026-01-01,ACC0000006275,78830.38,0.0,17224.34,61606.04,NPR
2026-01-01,ACC0000006276,78672.45,0.0,10509.98,68162.47,NPR
2026-01-01,ACC0000006277,465632.91,0.0,122427.63,343205.28,NPR
2026-01-01,ACC0000006278,327389.89,54282.84,46212.48,335460.25,NPR
2026-01-01,ACC0000006279,122013.27,0.0,53298.52,68714.75,NPR
2026-01-01,ACC0000006280,152129.17,0.0,77980.12,74149.05,NPR
2026-01-01,ACC0000006281,13203.42,38935.61,47283.37,4855.66,NPR
2026-01-01,ACC0000006282,282675.46,0.0,44860.65,237814.81,NPR
2026-01-01,ACC0000006283,453067.05,87378.88,152651.67,387794.26,NPR
2026-01-01,ACC0000006284,412054.59,32302.63,109367.42,334989.8,NPR
2026-01-01,ACC0000006285,8737.8,21823.33,79379.6,-48818.47,NPR
2026-01-01,ACC0000006286,166423.92,0.0,86756.8,79667.12,NPR
2026-01-01,ACC0000006287,166773.76,0.0,0.0,166773.76,NPR
2026-01-01,ACC0000006288,37651.54,20469.56,0.0,58121.1,NPR
2026-01-01,ACC0000006289,248955.76,0.0,4009.48,244946.28,NPR
2026-01-01,ACC0000006290,386241.53,0.0,5395.59,380845.94,NPR
2026-01-01,ACC0000006291,22775.42,0.0,113975.18,-91199.76,NPR
2026-01-01,ACC0000006292,342243.21,5197.15,66642.39,280797.97,NPR
2026-01-01,ACC0000006293,363940.64,0.0,0.0,363940.64,NPR
2026-01-01,ACC0000006294,270974.26,0.0,102720.24,168254.02,NPR
2026-01-01,ACC0000006295,196600.45,39545.55,86295.62,149850.38,NPR
2026-01-01,ACC0000006296,230615.74,0.0,0.0,230615.74,NPR
2026-01-01,ACC0000006297,235603.9,0.0,83987.0,151616.9,NPR
2026-01-01,ACC0000006298,364359.94,43938.69,5328.19,402970.44,NPR
2026-01-01,ACC0000006299,483727.64,0.0,108744.8,374982.84,NPR
2026-01-01,ACC0000006300,296438.05,4153.92,37320.59,263271.38,NPR
2026-01-01,ACC0000006301,392087.83,9775.44,19618.44,382244.83,NPR
2026-01-01,ACC0000006302,403999.34,0.0,6007.32,397992.02,NPR
2026-01-01,ACC0000006303,437943.72,0.0,67412.81,370530.91,NPR
2026-01-01,ACC0000006304,381584.36,0.0,66030.52,315553.84,NPR
2026-01-01,ACC0000006305,426823.67,0.0,23466.34,403357.33,NPR
2026-01-01,ACC0000006306,134473.78,0.0,54272.73,80201.05,NPR
2026-01-01,ACC0000006307,421349.56,0.0,0.0,421349.56,NPR
2026-01-01,ACC0000006308,281657.01,0.0,22915.05,258741.96,NPR
2026-01-01,ACC0000006309,162421.75,0.0,35928.03,126493.72,NPR
2026-01-01,ACC0000006310,352595.7,0.0,0.0,352595.7,NPR
2026-01-01,ACC0000006311,446072.45,0.0,0.0,446072.45,NPR
2026-01-01,ACC0000006312,273832.39,0.0,41059.49,232772.9,NPR
2026-01-01,ACC0000006313,50335.89,0.0,0.0,50335.89,NPR
2026-01-01,ACC0000006314,242197.9,0.0,0.0,242197.9,NPR
2026-01-01,ACC0000006315,274549.76,75536.9,7996.36,342090.3,NPR
2026-01-01,ACC0000006316,15089.89,39187.82,83673.1,-29395.39,NPR
2026-01-01,ACC0000006317,11014.39,0.0,0.0,11014.39,NPR
2026-01-01,ACC0000006318,30174.41,0.0,102006.63,-71832.22,NPR
2026-01-01,ACC0000006319,113176.9,0.0,23539.49,89637.41,NPR
2026-01-01,ACC0000006320,307171.54,0.0,123668.91,183502.63,NPR
2026-01-01,ACC0000006321,224950.47,0.0,15573.24,209377.23,NPR
2026-01-01,ACC0000006322,256013.18,43888.23,37632.79,262268.62,NPR
2026-01-01,ACC0000006323,240660.96,0.0,48097.94,192563.02,NPR
2026-01-01,ACC0000006324,277541.45,0.0,69487.07,208054.38,NPR
2026-01-01,ACC0000006325,381388.85,0.0,64285.23,317103.62,NPR
2026-01-01,ACC0000006326,481278.9,0.0,120347.9,360931.0,NPR
2026-01-01,ACC0000006327,105183.56,0.0,60365.71,44817.85,NPR
2026-01-01,ACC0000006328,461742.68,0.0,103262.49,358480.19,NPR
2026-01-01,ACC0000006329,318237.79,15751.79,83818.85,250170.73,NPR
2026-01-01,ACC0000006330,224347.54,0.0,0.0,224347.54,NPR
2026-01-01,ACC0000006331,67246.41,0.0,10837.58,56408.83,NPR
2026-01-01,ACC0000006332,469549.97,0.0,42626.84,426923.13,NPR
2026-01-01,ACC0000006333,243476.58,0.0,59467.68,184008.9,NPR
2026-01-01,ACC0000006334,188815.46,0.0,88343.1,100472.36,NPR
2026-01-01,ACC0000006335,303890.66,0.0,0.0,303890.66,NPR
2026-01-01,ACC0000006336,246605.96,0.0,0.0,246605.96,NPR
2026-01-01,ACC0000006337,485881.36,0.0,0.0,485881.36,NPR
2026-01-01,ACC0000006338,490733.17,10804.21,57798.31,443739.07,NPR
2026-01-01,ACC0000006339,352719.29,35768.03,0.0,388487.32,NPR
2026-01-01,ACC0000006340,184298.02,1639.19,49524.91,136412.3,NPR
2026-01-01,ACC0000006341,462234.9,21013.78,50117.19,433131.49,NPR
2026-01-01,ACC0000006342,39626.5,48283.68,47398.58,40511.6,NPR
2026-01-01,ACC0000006343,182764.03,32815.59,91801.86,123777.76,NPR
2026-01-01,ACC0000006344,312815.4,31251.7,52218.74,291848.36,NPR
2026-01-01,ACC0000006345,138244.09,0.0,68150.37,70093.72,NPR
2026-01-01,ACC0000006346,276458.02,19353.82,83688.43,212123.41,NPR
2026-01-01,ACC0000006347,134803.32,41163.7,0.0,175967.02,NPR
2026-01-01,ACC0000006348,127737.43,0.0,37759.7,89977.73,NPR
2026-01-01,ACC0000006349,3032.09,5580.56,151296.09,-142683.44,NPR
2026-01-01,ACC0000006350,445326.79,0.0,15738.22,429588.57,NPR
2026-01-01,ACC0000006351,405749.26,42372.47,67581.83,380539.9,NPR
2026-01-01,ACC0000006352,256100.81,0.0,38896.41,217204.4,NPR
2026-01-01,ACC0000006353,185192.85,0.0,112386.86,72805.99,NPR
2026-01-01,ACC0000006354,133873.24,13816.94,7321.27,140368.91,NPR
2026-01-01,ACC0000006355,251563.22,0.0,57695.41,193867.81,NPR
2026-01-01,ACC0000006356,37100.35,50330.78,43204.58,44226.55,NPR
2026-01-01,ACC0000006357,482125.25,63003.55,56505.0,488623.8,NPR
2026-01-01,ACC0000006358,384799.75,0.0,3897.39,380902.36,NPR
2026-01-01,ACC0000006359,365743.15,44817.18,0.0,410560.33,NPR
2026-01-01,ACC0000006360,472870.56,0.0,35192.95,437677.61,NPR
2026-01-01,ACC0000006361,406923.55,0.0,58640.99,348282.56,NPR
2026-01-01,ACC0000006362,160166.74,11763.93,101128.56,70802.11,NPR
2026-01-01,ACC0000006363,396151.39,0.0,0.0,396151.39,NPR
2026-01-01,ACC0000006364,197666.71,0.0,0.0,197666.71,NPR
2026-01-01,ACC0000006365,86897.22,16915.6,11115.97,92696.85,NPR
2026-01-01,ACC0000006366,375626.52,90204.89,5927.96,459903.45,NPR
2026-01-01,ACC0000006367,42732.33,0.0,77802.81,-35070.48,NPR
2026-01-01,ACC0000006368,79950.35,0.0,66037.94,13912.41,NPR
2026-01-01,ACC0000006369,480074.47,0.0,61047.52,419026.95,NPR
2026-01-01,ACC0000006370,473217.13,0.0,0.0,473217.13,NPR
2026-01-01,ACC0000006371,434795.65,0.0,49832.98,384962.67,NPR
2026-01-01,ACC0000006372,202718.88,45281.07,391.47,247608.48,NPR
2026-01-01,ACC0000006373,246396.56,0.0,76088.79,170307.77,NPR
2026-01-01,ACC0000006374,299790.32,0.0,0.0,299790.32,NPR
2026-01-01,ACC0000006375,171516.94,8885.55,0.0,180402.49,NPR
2026-01-01,ACC0000006376,10009.67,0.0,0.0,10009.67,NPR
2026-01-01,ACC0000006377,236820.33,24725.6,49275.41,212270.52,NPR
2026-01-01,ACC0000006378,69005.09,31555.63,17532.1,83028.62,NPR
2026-01-01,ACC0000006379,104931.3,0.0,7359.04,97572.26,NPR
2026-01-01,ACC0000006380,149826.19,0.0,60235.93,89590.26,NPR
2026-01-01,ACC0000006381,379362.09,0.0,74675.44,304686.65,NPR
2026-01-01,ACC0000006382,337293.49,0.0,45561.1,291732.39,NPR
2026-01-01,ACC0000006383,494543.3,0.0,87879.16,406664.14,NPR
2026-01-01,ACC0000006384,213285.19,0.0,20857.72,192427.47,NPR
2026-01-01,ACC0000006385,252348.49,0.0,48324.09,204024.4,NPR
2026-01-01,ACC0000006386,497001.09,3078.6,81.38,499998.31,NPR
2026-01-01,ACC0000006387,191519.52,10628.23,171037.25,31110.5,NPR
2026-01-01,ACC0000006388,21955.19,691.32,2514.74,20131.77,NPR
2026-01-01,ACC0000006389,99759.96,27011.59,7409.7,119361.85,NPR
2026-01-01,ACC0000006390,334537.15,19038.13,143599.83,209975.45,NPR
2026-01-01,ACC0000006391,249984.47,29516.72,49086.84,230414.35,NPR
2026-01-01,ACC0000006392,54399.72,16885.59,13354.16,57931.15,NPR
2026-01-01,ACC0000006393,466483.91,0.0,0.0,466483.91,NPR
2026-01-01,ACC0000006394,152442.08,15697.66,68269.04,99870.7,NPR
2026-01-01,ACC0000006395,154078.78,23487.68,38666.07,138900.39,NPR
2026-01-01,ACC0000006396,100382.15,0.0,89358.55,11023.6,NPR
2026-01-01,ACC0000006397,229870.77,44303.63,8787.39,265387.01,NPR
2026-01-01,ACC0000006398,263947.46,0.0,0.0,263947.46,NPR
2026-01-01,ACC0000006399,231120.59,0.0,48993.81,182126.78,NPR
2026-01-01,ACC0000006400,495431.96,2213.89,49319.8,448326.05,NPR
2026-01-01,ACC0000006401,428426.64,0.0,0.0,428426.64,NPR
2026-01-01,ACC0000006402,435989.82,0.0,59632.53,376357.29,NPR
2026-01-01,ACC0000006403,296321.58,23952.26,93817.58,226456.26,NPR
2026-01-01,ACC0000006404,179927.12,46841.63,37159.85,189608.9,NPR
2026-01-01,ACC0000006405,173562.91,0.0,0.0,173562.91,NPR
2026-01-01,ACC0000006406,321177.25,0.0,0.0,321177.25,NPR
2026-01-01,ACC0000006407,410697.39,20668.87,49686.04,381680.22,NPR
2026-01-01,ACC0000006408,31344.76,11434.37,40271.0,2508.13,NPR
2026-01-01,ACC0000006409,111301.57,73460.91,46541.29,138221.19,NPR
2026-01-01,ACC0000006410,95776.59,62999.09,21959.3,136816.38,NPR
2026-01-01,ACC0000006411,349250.12,0.0,34866.36,314383.76,NPR
2026-01-01,ACC0000006412,121498.11,44988.11,30451.56,136034.66,NPR
2026-01-01,ACC0000006413,262111.08,42133.25,43260.71,260983.62,NPR
2026-01-01,ACC0000006414,346529.28,0.0,25174.6,321354.68,NPR
2026-01-01,ACC0000006415,492644.89,24342.63,99855.01,417132.51,NPR
2026-01-01,ACC0000006416,269767.25,34019.03,167550.48,136235.8,NPR
2026-01-01,ACC0000006417,399657.37,0.0,7704.91,391952.46,NPR
2026-01-01,ACC0000006418,177149.01,13556.07,38132.54,152572.54,NPR
2026-01-01,ACC0000006419,396308.19,0.0,0.0,396308.19,NPR
2026-01-01,ACC0000006420,355369.23,0.0,0.0,355369.23,NPR
2026-01-01,ACC0000006421,425314.47,0.0,25660.88,399653.59,NPR
2026-01-01,ACC0000006422,421152.05,0.0,0.0,421152.05,NPR
2026-01-01,ACC0000006423,499858.89,48580.43,109046.61,439392.71,NPR
2026-01-01,ACC0000006424,193790.25,0.0,92562.72,101227.53,NPR
2026-01-01,ACC0000006425,16112.97,0.0,117241.15,-101128.18,NPR
2026-01-01,ACC0000006426,47606.65,16700.92,47780.26,16527.31,NPR
2026-01-01,ACC0000006427,158985.34,48585.0,11791.5,195778.84,NPR
2026-01-01,ACC0000006428,60584.98,0.0,0.0,60584.98,NPR
2026-01-01,ACC0000006429,498950.7,0.0,47310.49,451640.21,NPR
2026-01-01,ACC0000006430,257523.32,4491.39,61163.35,200851.36,NPR
2026-01-01,ACC0000006431,56018.53,0.0,0.0,56018.53,NPR
2026-01-01,ACC0000006432,140155.1,0.0,0.0,140155.1,NPR
2026-01-01,ACC0000006433,482081.01,0.0,40988.8,441092.21,NPR
2026-01-01,ACC0000006434,421326.99,28152.78,4092.26,445387.51,NPR
2026-01-01,ACC0000006435,204458.13,9044.95,41632.04,171871.04,NPR
2026-01-01,ACC0000006436,499253.17,0.0,0.0,499253.17,NPR
2026-01-01,ACC0000006437,88112.56,0.0,30313.59,57798.97,NPR
2026-01-01,ACC0000006438,457821.13,0.0,0.0,457821.13,NPR
2026-01-01,ACC0000006439,478271.05,0.0,88897.93,389373.12,NPR
2026-01-01,ACC0000006440,51013.08,32819.58,104970.55,-21137.89,NPR
2026-01-01,ACC0000006441,125535.25,35193.28,41489.46,119239.07,NPR
2026-01-01,ACC0000006442,433083.44,0.0,38471.42,394612.02,NPR
2026-01-01,ACC0000006443,409441.71,3707.9,56958.34,356191.27,NPR
2026-01-01,ACC0000006444,105893.29,0.0,27850.39,78042.9,NPR
2026-01-01,ACC0000006445,183158.36,0.0,84061.8,99096.56,NPR
2026-01-01,ACC0000006446,294217.64,0.0,80092.43,214125.21,NPR
2026-01-01,ACC0000006447,4479.91,0.0,0.0,4479.91,NPR
2026-01-01,ACC0000006448,218074.71,0.0,150864.4,67210.31,NPR
2026-01-01,ACC0000006449,39349.7,0.0,0.0,39349.7,NPR
2026-01-01,ACC0000006450,67388.72,0.0,64484.26,2904.46,NPR
2026-01-01,ACC0000006451,234552.13,0.0,0.0,234552.13,NPR
2026-01-01,ACC0000006452,465763.68,0.0,0.0,465763.68,NPR
2026-01-01,ACC0000006453,303660.09,0.0,0.0,303660.09,NPR
2026-01-01,ACC0000006454,335715.04,0.0,29816.19,305898.85,NPR
2026-01-01,ACC0000006455,181660.16,0.0,66288.49,115371.67,NPR
2026-01-01,ACC0000006456,381263.47,27276.08,46139.68,362399.87,NPR
2026-01-01,ACC0000006457,308553.95,46680.57,125248.94,229985.58,NPR
2026-01-01,ACC0000006458,223752.64,9681.52,50925.53,182508.63,NPR
2026-01-01,ACC0000006459,341171.37,44169.97,129709.65,255631.69,NPR
2026-01-01,ACC0000006460,369338.32,29782.11,39077.94,360042.49,NPR
2026-01-01,ACC0000006461,186518.93,0.0,27452.41,159066.52,NPR
2026-01-01,ACC0000006462,313161.2,54045.94,0.0,367207.14,NPR
2026-01-01,ACC0000006463,233161.77,0.0,155152.74,78009.03,NPR
2026-01-01,ACC0000006464,302478.03,0.0,41917.93,260560.1,NPR
2026-01-01,ACC0000006465,462298.35,0.0,0.0,462298.35,NPR
2026-01-01,ACC0000006466,489163.74,0.0,44169.03,444994.71,NPR
2026-01-01,ACC0000006467,442561.66,0.0,22239.42,420322.24,NPR
2026-01-01,ACC0000006468,260277.07,40722.32,0.0,300999.39,NPR
2026-01-01,ACC0000006469,274374.59,0.0,18308.61,256065.98,NPR
2026-01-01,ACC0000006470,266730.82,0.0,52944.7,213786.12,NPR
2026-01-01,ACC0000006471,293082.87,43369.04,0.0,336451.91,NPR
2026-01-01,ACC0000006472,22940.92,13235.12,16847.88,19328.16,NPR
2026-01-01,ACC0000006473,464629.05,0.0,0.0,464629.05,NPR
2026-01-01,ACC0000006474,401755.06,0.0,54608.51,347146.55,NPR
2026-01-01,ACC0000006475,340896.53,43056.96,60105.43,323848.06,NPR
2026-01-01,ACC0000006476,121414.27,0.0,32561.81,88852.46,NPR
2026-01-01,ACC0000006477,138444.28,0.0,0.0,138444.28,NPR
2026-01-01,ACC0000006478,406304.51,0.0,14520.11,391784.4,NPR
2026-01-01,ACC0000006479,51973.52,10988.5,0.0,62962.02,NPR
2026-01-01,ACC0000006480,262432.71,20677.97,12716.9,270393.78,NPR
2026-01-01,ACC0000006481,118589.51,0.0,101627.3,16962.21,NPR
2026-01-01,ACC0000006482,228660.63,39051.35,49118.24,218593.74,NPR
2026-01-01,ACC0000006483,395963.25,0.0,15040.09,380923.16,NPR
2026-01-01,ACC0000006484,84906.98,0.0,0.0,84906.98,NPR
2026-01-01,ACC0000006485,403738.11,47767.8,38457.87,413048.04,NPR
2026-01-01,ACC0000006486,278556.06,10895.69,0.0,289451.75,NPR
2026-01-01,ACC0000006487,197807.27,9336.84,10882.23,196261.88,NPR
2026-01-01,ACC0000006488,353911.39,20668.58,42370.55,332209.42,NPR
2026-01-01,ACC0000006489,498660.48,23809.46,15484.47,506985.47,NPR
2026-01-01,ACC0000006490,396014.51,0.0,0.0,396014.51,NPR
2026-01-01,ACC0000006491,109721.86,20895.1,74411.66,56205.3,NPR
2026-01-01,ACC0000006492,270312.35,0.0,37938.19,232374.16,NPR
2026-01-01,ACC0000006493,24525.17,56629.76,70584.89,10570.04,NPR
2026-01-01,ACC0000006494,381950.43,0.0,124939.33,257011.1,NPR
2026-01-01,ACC0000006495,452421.13,0.0,0.0,452421.13,NPR
2026-01-01,ACC0000006496,496243.87,23634.46,9244.09,510634.24,NPR
2026-01-01,ACC0000006497,269740.31,30036.5,32564.24,267212.57,NPR
2026-01-01,ACC0000006498,92329.77,0.0,0.0,92329.77,NPR
2026-01-01,ACC0000006499,210263.83,0.0,102880.2,107383.63,NPR
2026-01-01,ACC0000006500,97097.19,0.0,57090.93,40006.26,NPR
2026-01-01,ACC0000006501,414354.62,0.0,27696.07,386658.55,NPR
2026-01-01,ACC0000006502,333956.17,0.0,48427.64,285528.53,NPR
2026-01-01,ACC0000006503,347919.21,0.0,0.0,347919.21,NPR
2026-01-01,ACC0000006504,12854.69,0.0,35662.56,-22807.87,NPR
2026-01-01,ACC0000006505,11798.39,0.0,0.0,11798.39,NPR
2026-01-01,ACC0000006506,208032.89,0.0,39613.75,168419.14,NPR
2026-01-01,ACC0000006507,197628.45,44776.38,60388.71,182016.12,NPR
2026-01-01,ACC0000006508,195203.39,0.0,0.0,195203.39,NPR
2026-01-01,ACC0000006509,238712.07,0.0,43022.84,195689.23,NPR
2026-01-01,ACC0000006510,54344.83,0.0,0.0,54344.83,NPR
2026-01-01,ACC0000006511,148703.97,0.0,0.0,148703.97,NPR
2026-01-01,ACC0000006512,413408.54,20712.39,32184.02,401936.91,NPR
2026-01-01,ACC0000006513,176098.52,0.0,37017.98,139080.54,NPR
2026-01-01,ACC0000006514,198684.77,0.0,5528.59,193156.18,NPR
2026-01-01,ACC0000006515,479699.77,0.0,68510.91,411188.86,NPR
2026-01-01,ACC0000006516,411680.26,0.0,14345.51,397334.75,NPR
2026-01-01,ACC0000006517,145154.28,0.0,33252.51,111901.77,NPR
2026-01-01,ACC0000006518,142308.25,0.0,38577.02,103731.23,NPR
2026-01-01,ACC0000006519,469004.5,0.0,37619.47,431385.03,NPR
2026-01-01,ACC0000006520,407650.13,0.0,14863.15,392786.98,NPR
2026-01-01,ACC0000006521,250805.92,0.0,0.0,250805.92,NPR
2026-01-01,ACC0000006522,114011.27,0.0,75862.72,38148.55,NPR
2026-01-01,ACC0000006523,499298.58,0.0,23184.76,476113.82,NPR
2026-01-01,ACC0000006524,151297.22,0.0,75006.62,76290.6,NPR
2026-01-01,ACC0000006525,185318.13,0.0,42184.56,143133.57,NPR
2026-01-01,ACC0000006526,173211.54,0.0,49780.38,123431.16,NPR
2026-01-01,ACC0000006527,281738.38,0.0,15428.51,266309.87,NPR
2026-01-01,ACC0000006528,345766.45,0.0,0.0,345766.45,NPR
2026-01-01,ACC0000006529,127684.8,26465.56,0.0,154150.36,NPR
2026-01-01,ACC0000006530,249326.26,0.0,0.0,249326.26,NPR
2026-01-01,ACC0000006531,334201.0,0.0,20083.05,314117.95,NPR
2026-01-01,ACC0000006532,199648.72,0.0,29188.77,170459.95,NPR
2026-01-01,ACC0000006533,256687.35,0.0,89339.44,167347.91,NPR
2026-01-01,ACC0000006534,449215.77,0.0,17836.2,431379.57,NPR
2026-01-01,ACC0000006535,322721.43,11178.61,65248.74,268651.3,NPR
2026-01-01,ACC0000006536,28919.68,0.0,39955.49,-11035.81,NPR
2026-01-01,ACC0000006537,422528.53,0.0,0.0,422528.53,NPR
2026-01-01,ACC0000006538,405441.27,38103.15,60005.37,383539.05,NPR
2026-01-01,ACC0000006539,494761.74,0.0,60672.56,434089.18,NPR
2026-01-01,ACC0000006540,499375.91,0.0,34925.46,464450.45,NPR
2026-01-01,ACC0000006541,143405.0,26884.0,62285.21,108003.79,NPR
2026-01-01,ACC0000006542,222150.05,0.0,0.0,222150.05,NPR
2026-01-01,ACC0000006543,83227.97,0.0,81699.77,1528.2,NPR
2026-01-01,ACC0000006544,123666.12,39154.6,27384.03,135436.69,NPR
2026-01-01,ACC0000006545,131935.87,0.0,103926.78,28009.09,NPR
2026-01-01,ACC0000006546,128464.92,0.0,116355.77,12109.15,NPR
2026-01-01,ACC0000006547,121064.77,0.0,106278.71,14786.06,NPR
2026-01-01,ACC0000006548,55946.57,0.0,0.0,55946.57,NPR
2026-01-01,ACC0000006549,238807.68,0.0,0.0,238807.68,NPR
2026-01-01,ACC0000006550,409264.51,0.0,0.0,409264.51,NPR
2026-01-01,ACC0000006551,281386.42,0.0,39202.57,242183.85,NPR
2026-01-01,ACC0000006552,99278.8,5101.31,83875.31,20504.8,NPR
2026-01-01,ACC0000006553,252614.66,0.0,2675.3,249939.36,NPR
2026-01-01,ACC0000006554,345893.07,43739.14,124071.41,265560.8,NPR
2026-01-01,ACC0000006555,370098.79,0.0,23922.37,346176.42,NPR
2026-01-01,ACC0000006556,176448.5,19059.46,48513.69,146994.27,NPR
2026-01-01,ACC0000006557,451938.55,0.0,146249.57,305688.98,NPR
2026-01-01,ACC0000006558,72270.4,0.0,0.0,72270.4,NPR
2026-01-01,ACC0000006559,52086.12,0.0,0.0,52086.12,NPR
2026-01-01,ACC0000006560,373101.58,4519.44,79433.39,298187.63,NPR
2026-01-01,ACC0000006561,455324.78,0.0,0.0,455324.78,NPR
2026-01-01,ACC0000006562,347681.63,0.0,74982.79,272698.84,NPR
2026-01-01,ACC0000006563,87257.98,0.0,7965.42,79292.56,NPR
2026-01-01,ACC0000006564,178192.79,66147.84,20059.74,224280.89,NPR
2026-01-01,ACC0000006565,4814.59,0.0,16125.91,-11311.32,NPR
2026-01-01,ACC0000006566,89298.91,45269.48,88276.27,46292.12,NPR
2026-01-01,ACC0000006567,44134.47,25988.45,32303.99,37818.93,NPR
2026-01-01,ACC0000006568,245509.98,0.0,0.0,245509.98,NPR
2026-01-01,ACC0000006569,28070.83,0.0,68082.47,-40011.64,NPR
2026-01-01,ACC0000006570,283961.39,0.0,57664.65,226296.74,NPR
2026-01-01,ACC0000006571,12935.11,85658.12,43443.69,55149.54,NPR
2026-01-01,ACC0000006572,131884.63,0.0,106541.58,25343.05,NPR
2026-01-01,ACC0000006573,365015.76,0.0,45469.5,319546.26,NPR
2026-01-01,ACC0000006574,300743.5,0.0,46647.52,254095.98,NPR
2026-01-01,ACC0000006575,100240.28,2577.39,64501.69,38315.98,NPR
2026-01-01,ACC0000006576,61222.11,2592.57,84404.93,-20590.25,NPR
2026-01-01,ACC0000006577,121478.41,11771.55,7898.55,125351.41,NPR
2026-01-01,ACC0000006578,370135.72,0.0,19007.59,351128.13,NPR
2026-01-01,ACC0000006579,259278.24,0.0,15828.89,243449.35,NPR
2026-01-01,ACC0000006580,355273.87,0.0,62094.75,293179.12,NPR
2026-01-01,ACC0000006581,421557.96,22119.31,0.0,443677.27,NPR
2026-01-01,ACC0000006582,150032.99,0.0,0.0,150032.99,NPR
2026-01-01,ACC0000006583,74274.58,0.0,176389.48,-102114.9,NPR
2026-01-01,ACC0000006584,485715.4,28063.91,73980.67,439798.64,NPR
2026-01-01,ACC0000006585,417155.65,3129.76,47405.79,372879.62,NPR
2026-01-01,ACC0000006586,356770.66,0.0,31302.45,325468.21,NPR
2026-01-01,ACC0000006587,367004.15,45568.66,164034.63,248538.18,NPR
2026-01-01,ACC0000006588,2450.76,0.0,87143.23,-84692.47,NPR
2026-01-01,ACC0000006589,268621.1,43834.72,25489.89,286965.93,NPR
2026-01-01,ACC0000006590,70003.33,0.0,0.0,70003.33,NPR
2026-01-01,ACC0000006591,322386.47,0.0,0.0,322386.47,NPR
2026-01-01,ACC0000006592,338498.48,0.0,126484.32,212014.16,NPR
2026-01-01,ACC0000006593,78568.44,43487.51,20877.03,101178.92,NPR
2026-01-01,ACC0000006594,48069.15,0.0,123173.7,-75104.55,NPR
2026-01-01,ACC0000006595,418173.37,0.0,21975.01,396198.36,NPR
2026-01-01,ACC0000006596,379472.55,27455.32,65797.47,341130.4,NPR
2026-01-01,ACC0000006597,8616.32,0.0,0.0,8616.32,NPR
2026-01-01,ACC0000006598,246304.43,11621.97,37430.04,220496.36,NPR
2026-01-01,ACC0000006599,445608.98,37193.26,36989.07,445813.17,NPR
2026-01-01,ACC0000006600,169970.32,0.0,21396.59,148573.73,NPR
2026-01-01,ACC0000006601,254491.8,50109.93,18885.63,285716.1,NPR
2026-01-01,ACC0000006602,87678.3,0.0,68009.55,19668.75,NPR
2026-01-01,ACC0000006603,125504.4,0.0,41202.71,84301.69,NPR
2026-01-01,ACC0000006604,349211.68,0.0,61937.74,287273.94,NPR
2026-01-01,ACC0000006605,29990.51,0.0,150939.16,-120948.65,NPR
2026-01-01,ACC0000006606,264847.46,0.0,155770.59,109076.87,NPR
2026-01-01,ACC0000006607,285866.51,2884.76,82216.18,206535.09,NPR
2026-01-01,ACC0000006608,392735.17,0.0,0.0,392735.17,NPR
2026-01-01,ACC0000006609,167265.46,6124.82,33020.13,140370.15,NPR
2026-01-01,ACC0000006610,242233.88,0.0,0.0,242233.88,NPR
2026-01-01,ACC0000006611,302729.02,38066.53,39809.83,300985.72,NPR
2026-01-01,ACC0000006612,283285.99,0.0,0.0,283285.99,NPR
2026-01-01,ACC0000006613,167767.79,0.0,1419.13,166348.66,NPR
2026-01-01,ACC0000006614,132477.97,0.0,0.0,132477.97,NPR
2026-01-01,ACC0000006615,465731.42,18560.49,106338.21,377953.7,NPR
2026-01-01,ACC0000006616,86558.82,30989.1,17793.7,99754.22,NPR
2026-01-01,ACC0000006617,368108.91,0.0,105355.89,262753.02,NPR
2026-01-01,ACC0000006618,387435.08,0.0,0.0,387435.08,NPR
2026-01-01,ACC0000006619,152481.33,11176.51,67363.0,96294.84,NPR
2026-01-01,ACC0000006620,164457.71,46241.56,50811.24,159888.03,NPR
2026-01-01,ACC0000006621,232944.96,0.0,0.0,232944.96,NPR
2026-01-01,ACC0000006622,366273.06,44797.52,16335.5,394735.08,NPR
2026-01-01,ACC0000006623,334679.17,0.0,135899.73,198779.44,NPR
2026-01-01,ACC0000006624,333772.96,0.0,4420.7,329352.26,NPR
2026-01-01,ACC0000006625,75280.6,22703.48,168010.41,-70026.33,NPR
2026-01-01,ACC0000006626,388540.38,0.0,80957.66,307582.72,NPR
2026-01-01,ACC0000006627,334603.71,0.0,42378.98,292224.73,NPR
2026-01-01,ACC0000006628,103103.86,1217.07,9155.9,95165.03,NPR
2026-01-01,ACC0000006629,58404.99,0.0,131652.41,-73247.42,NPR
2026-01-01,ACC0000006630,190166.6,0.0,16156.95,174009.65,NPR
2026-01-01,ACC0000006631,347747.79,27908.51,91105.96,284550.34,NPR
2026-01-01,ACC0000006632,307262.52,0.0,29174.97,278087.55,NPR
2026-01-01,ACC0000006633,191688.13,0.0,22050.94,169637.19,NPR
2026-01-01,ACC0000006634,443299.24,32501.95,0.0,475801.19,NPR
2026-01-01,ACC0000006635,21058.71,0.0,49140.9,-28082.19,NPR
2026-01-01,ACC0000006636,205237.18,26454.34,0.0,231691.52,NPR
2026-01-01,ACC0000006637,112879.38,41604.0,54867.61,99615.77,NPR
2026-01-01,ACC0000006638,180670.58,59746.86,79018.09,161399.35,NPR
2026-01-01,ACC0000006639,369445.41,0.0,0.0,369445.41,NPR
2026-01-01,ACC0000006640,259181.51,49740.55,64412.99,244509.07,NPR
2026-01-01,ACC0000006641,158027.78,0.0,0.0,158027.78,NPR
2026-01-01,ACC0000006642,407900.8,0.0,0.0,407900.8,NPR
2026-01-01,ACC0000006643,483593.98,22806.71,72053.94,434346.75,NPR
2026-01-01,ACC0000006644,272806.99,0.0,48531.63,224275.36,NPR
2026-01-01,ACC0000006645,315921.94,0.0,0.0,315921.94,NPR
2026-01-01,ACC0000006646,28147.04,0.0,0.0,28147.04,NPR
2026-01-01,ACC0000006647,133702.98,0.0,0.0,133702.98,NPR
2026-01-01,ACC0000006648,91843.51,0.0,16962.79,74880.72,NPR
2026-01-01,ACC0000006649,293739.04,0.0,0.0,293739.04,NPR
2026-01-01,ACC0000006650,343810.93,66679.23,180044.42,230445.74,NPR
2026-01-01,ACC0000006651,361193.02,0.0,0.0,361193.02,NPR
2026-01-01,ACC0000006652,155651.39,3382.16,50693.25,108340.3,NPR
2026-01-01,ACC0000006653,48384.91,17474.76,30129.22,35730.45,NPR
2026-01-01,ACC0000006654,424087.89,94638.42,36212.95,482513.36,NPR
2026-01-01,ACC0000006655,119057.02,0.0,45371.68,73685.34,NPR
2026-01-01,ACC0000006656,435630.41,0.0,65918.07,369712.34,NPR
2026-01-01,ACC0000006657,397219.69,16846.18,34068.29,379997.58,NPR
2026-01-01,ACC0000006658,13225.25,16806.52,101195.98,-71164.21,NPR
2026-01-01,ACC0000006659,190550.13,61636.4,47316.59,204869.94,NPR
2026-01-01,ACC0000006660,338122.44,0.0,0.0,338122.44,NPR
2026-01-01,ACC0000006661,432682.67,0.0,3535.65,429147.02,NPR
2026-01-01,ACC0000006662,369181.28,656.76,6328.89,363509.15,NPR
2026-01-01,ACC0000006663,143188.88,0.0,81529.71,61659.17,NPR
2026-01-01,ACC0000006664,234790.85,2084.46,0.0,236875.31,NPR
2026-01-01,ACC0000006665,351581.91,51976.13,28412.77,375145.27,NPR
2026-01-01,ACC0000006666,4828.13,0.0,31273.03,-26444.9,NPR
2026-01-01,ACC0000006667,343350.91,23374.31,92144.74,274580.48,NPR
2026-01-01,ACC0000006668,496818.08,0.0,0.0,496818.08,NPR
2026-01-01,ACC0000006669,426428.43,47950.49,22911.69,451467.23,NPR
2026-01-01,ACC0000006670,198492.62,0.0,50855.07,147637.55,NPR
2026-01-01,ACC0000006671,445430.44,0.0,0.0,445430.44,NPR
2026-01-01,ACC0000006672,331483.09,607.56,68392.77,263697.88,NPR
2026-01-01,ACC0000006673,47291.94,0.0,68300.78,-21008.84,NPR
2026-01-01,ACC0000006674,153766.39,0.0,15576.36,138190.03,NPR
2026-01-01,ACC0000006675,50389.14,0.0,0.0,50389.14,NPR
2026-01-01,ACC0000006676,20488.93,0.0,24027.34,-3538.41,NPR
2026-01-01,ACC0000006677,149784.93,0.0,0.0,149784.93,NPR
2026-01-01,ACC0000006678,63567.51,0.0,0.0,63567.51,NPR
2026-01-01,ACC0000006679,20478.96,0.0,3957.7,16521.26,NPR
2026-01-01,ACC0000006680,343730.19,61117.92,46604.18,358243.93,NPR
2026-01-01,ACC0000006681,59538.21,9729.11,67195.34,2071.98,NPR
2026-01-01,ACC0000006682,87784.74,0.0,13003.52,74781.22,NPR
2026-01-01,ACC0000006683,346002.84,0.0,32718.01,313284.83,NPR
2026-01-01,ACC0000006684,112834.41,6465.12,60012.79,59286.74,NPR
2026-01-01,ACC0000006685,50287.75,42042.04,48154.43,44175.36,NPR
2026-01-01,ACC0000006686,167996.52,0.0,11495.04,156501.48,NPR
2026-01-01,ACC0000006687,98300.01,0.0,49417.75,48882.26,NPR
2026-01-01,ACC0000006688,478345.76,0.0,152637.11,325708.65,NPR
2026-01-01,ACC0000006689,451353.3,0.0,28413.99,422939.31,NPR
2026-01-01,ACC0000006690,159918.26,0.0,0.0,159918.26,NPR
2026-01-01,ACC0000006691,223868.19,0.0,11586.49,212281.7,NPR
2026-01-01,ACC0000006692,489656.87,0.0,102358.32,387298.55,NPR
2026-01-01,ACC0000006693,216671.65,23380.84,16857.85,223194.64,NPR
2026-01-01,ACC0000006694,83339.2,0.0,7050.13,76289.07,NPR
2026-01-01,ACC0000006695,419516.47,0.0,105346.72,314169.75,NPR
2026-01-01,ACC0000006696,362824.77,33863.22,41371.21,355316.78,NPR
2026-01-01,ACC0000006697,99404.41,0.0,35709.45,63694.96,NPR
2026-01-01,ACC0000006698,282370.99,0.0,57692.56,224678.43,NPR
2026-01-01,ACC0000006699,22205.41,27015.33,0.0,49220.74,NPR
2026-01-01,ACC0000006700,41297.24,27388.05,158780.88,-90095.59,NPR
2026-01-01,ACC0000006701,216950.25,0.0,94091.52,122858.73,NPR
2026-01-01,ACC0000006702,2473.54,38697.44,50957.75,-9786.77,NPR
2026-01-01,ACC0000006703,316780.43,30465.07,0.0,347245.5,NPR
2026-01-01,ACC0000006704,118280.77,34186.67,81674.26,70793.18,NPR
2026-01-01,ACC0000006705,165855.23,0.0,0.0,165855.23,NPR
2026-01-01,ACC0000006706,400102.82,9575.76,70417.84,339260.74,NPR
2026-01-01,ACC0000006707,446628.4,29679.82,63069.63,413238.59,NPR
2026-01-01,ACC0000006708,452289.22,0.0,67078.87,385210.35,NPR
2026-01-01,ACC0000006709,220002.86,0.0,8680.73,211322.13,NPR
2026-01-01,ACC0000006710,393318.28,21613.13,0.0,414931.41,NPR
2026-01-01,ACC0000006711,307254.97,0.0,30449.91,276805.06,NPR
2026-01-01,ACC0000006712,142282.22,15020.39,31794.2,125508.41,NPR
2026-01-01,ACC0000006713,135624.73,0.0,0.0,135624.73,NPR
2026-01-01,ACC0000006714,356803.61,0.0,89321.93,267481.68,NPR
2026-01-01,ACC0000006715,159989.01,0.0,0.0,159989.01,NPR
2026-01-01,ACC0000006716,474031.66,48092.24,23685.88,498438.02,NPR
2026-01-01,ACC0000006717,111914.16,0.0,62022.71,49891.45,NPR
2026-01-01,ACC0000006718,81275.71,0.0,146891.15,-65615.44,NPR
2026-01-01,ACC0000006719,217767.92,0.0,0.0,217767.92,NPR
2026-01-01,ACC0000006720,130072.15,0.0,17825.22,112246.93,NPR
2026-01-01,ACC0000006721,174773.68,0.0,0.0,174773.68,NPR
2026-01-01,ACC0000006722,278954.81,0.0,56785.7,222169.11,NPR
2026-01-01,ACC0000006723,238428.45,0.0,90605.72,147822.73,NPR
2026-01-01,ACC0000006724,369913.59,0.0,0.0,369913.59,NPR
2026-01-01,ACC0000006725,54793.1,0.0,0.0,54793.1,NPR
2026-01-01,ACC0000006726,123212.48,0.0,116027.85,7184.63,NPR
2026-01-01,ACC0000006727,324888.36,0.0,21197.53,303690.83,NPR
2026-01-01,ACC0000006728,155373.5,0.0,32545.39,122828.11,NPR
2026-01-01,ACC0000006729,103245.64,0.0,0.0,103245.64,NPR
2026-01-01,ACC0000006730,340380.87,66409.33,0.0,406790.2,NPR
2026-01-01,ACC0000006731,77982.21,31390.21,37414.49,71957.93,NPR
2026-01-01,ACC0000006732,447929.17,22602.93,110993.7,359538.4,NPR
2026-01-01,ACC0000006733,222963.28,43985.63,64310.12,202638.79,NPR
2026-01-01,ACC0000006734,34805.83,35916.09,74439.31,-3717.39,NPR
2026-01-01,ACC0000006735,135414.7,0.0,0.0,135414.7,NPR
2026-01-01,ACC0000006736,226076.32,0.0,50347.11,175729.21,NPR
2026-01-01,ACC0000006737,9711.07,0.0,0.0,9711.07,NPR
2026-01-01,ACC0000006738,458856.73,0.0,0.0,458856.73,NPR
2026-01-01,ACC0000006739,51087.57,0.0,44324.17,6763.4,NPR
2026-01-01,ACC0000006740,132102.99,92593.89,52822.28,171874.6,NPR
2026-01-01,ACC0000006741,211541.51,0.0,0.0,211541.51,NPR
2026-01-01,ACC0000006742,145351.64,0.0,0.0,145351.64,NPR
2026-01-01,ACC0000006743,9301.05,0.0,37941.91,-28640.86,NPR
2026-01-01,ACC0000006744,82678.51,8296.27,65857.71,25117.07,NPR
2026-01-01,ACC0000006745,358106.27,0.0,52861.77,305244.5,NPR
2026-01-01,ACC0000006746,284682.5,23264.19,43182.17,264764.52,NPR
2026-01-01,ACC0000006747,337274.4,0.0,61057.07,276217.33,NPR
2026-01-01,ACC0000006748,249484.6,0.0,26956.81,222527.79,NPR
2026-01-01,ACC0000006749,268358.72,0.0,46595.21,221763.51,NPR
2026-01-01,ACC0000006750,87601.82,0.0,16329.13,71272.69,NPR
2026-01-01,ACC0000006751,108798.08,25382.2,99446.57,34733.71,NPR
2026-01-01,ACC0000006752,475583.75,0.0,0.0,475583.75,NPR
2026-01-01,ACC0000006753,96261.79,34718.37,0.0,130980.16,NPR
2026-01-01,ACC0000006754,410109.82,0.0,0.0,410109.82,NPR
2026-01-01,ACC0000006755,337108.87,41584.05,77598.06,301094.86,NPR
2026-01-01,ACC0000006756,273962.27,0.0,87047.62,186914.65,NPR
2026-01-01,ACC0000006757,228578.73,0.0,72902.32,155676.41,NPR
2026-01-01,ACC0000006758,499485.53,0.0,0.0,499485.53,NPR
2026-01-01,ACC0000006759,264629.77,0.0,0.0,264629.77,NPR
2026-01-01,ACC0000006760,255257.27,0.0,65556.69,189700.58,NPR
2026-01-01,ACC0000006761,103146.0,38750.54,101404.34,40492.2,NPR
2026-01-01,ACC0000006762,71858.99,26896.23,93766.68,4988.54,NPR
2026-01-01,ACC0000006763,367337.01,0.0,0.0,367337.01,NPR
2026-01-01,ACC0000006764,233183.99,0.0,47327.02,185856.97,NPR
2026-01-01,ACC0000006765,312013.61,0.0,0.0,312013.61,NPR
2026-01-01,ACC0000006766,279017.01,15975.61,0.0,294992.62,NPR
2026-01-01,ACC0000006767,217646.55,0.0,34269.3,183377.25,NPR
2026-01-01,ACC0000006768,269167.33,0.0,35559.48,233607.85,NPR
2026-01-01,ACC0000006769,477526.48,49311.91,12334.73,514503.66,NPR
2026-01-01,ACC0000006770,343530.55,0.0,18599.33,324931.22,NPR
2026-01-01,ACC0000006771,375470.51,0.0,0.0,375470.51,NPR
2026-01-01,ACC0000006772,213734.3,0.0,51546.41,162187.89,NPR
2026-01-01,ACC0000006773,89714.39,42425.08,75067.45,57072.02,NPR
2026-01-01,ACC0000006774,398219.37,0.0,97470.3,300749.07,NPR
2026-01-01,ACC0000006775,374869.58,0.0,48986.05,325883.53,NPR
2026-01-01,ACC0000006776,164379.82,0.0,68153.17,96226.65,NPR
2026-01-01,ACC0000006777,21968.5,0.0,0.0,21968.5,NPR
2026-01-01,ACC0000006778,380622.47,13383.81,90005.27,304001.01,NPR
2026-01-01,ACC0000006779,264625.67,21009.67,5152.26,280483.08,NPR
2026-01-01,ACC0000006780,72274.09,0.0,0.0,72274.09,NPR
2026-01-01,ACC0000006781,124424.61,29517.92,0.0,153942.53,NPR
2026-01-01,ACC0000006782,398083.41,0.0,0.0,398083.41,NPR
2026-01-01,ACC0000006783,326929.12,0.0,97661.38,229267.74,NPR
2026-01-01,ACC0000006784,328759.13,47099.54,71951.14,303907.53,NPR
2026-01-01,ACC0000006785,363049.44,0.0,71781.09,291268.35,NPR
2026-01-01,ACC0000006786,99061.01,0.0,116234.68,-17173.67,NPR
2026-01-01,ACC0000006787,96122.35,49944.47,90127.31,55939.51,NPR
2026-01-01,ACC0000006788,268624.55,0.0,28140.48,240484.07,NPR
2026-01-01,ACC0000006789,272512.99,0.0,92485.58,180027.41,NPR
2026-01-01,ACC0000006790,272402.25,0.0,0.0,272402.25,NPR
2026-01-01,ACC0000006791,66806.18,12317.85,67664.67,11459.36,NPR
2026-01-01,ACC0000006792,384112.76,0.0,0.0,384112.76,NPR
2026-01-01,ACC0000006793,335349.5,47562.54,58942.57,323969.47,NPR
2026-01-01,ACC0000006794,488363.1,0.0,0.0,488363.1,NPR
2026-01-01,ACC0000006795,383289.96,11007.33,0.0,394297.29,NPR
2026-01-01,ACC0000006796,348822.86,0.0,68405.54,280417.32,NPR
2026-01-01,ACC0000006797,483980.65,0.0,82284.08,401696.57,NPR
2026-01-01,ACC0000006798,60249.82,43939.68,0.0,104189.5,NPR
2026-01-01,ACC0000006799,488033.6,27235.64,72313.7,442955.54,NPR
2026-01-01,ACC0000006800,183014.3,0.0,0.0,183014.3,NPR
2026-01-01,ACC0000006801,428940.05,0.0,106890.08,322049.97,NPR
2026-01-01,ACC0000006802,322891.13,0.0,33518.57,289372.56,NPR
2026-01-01,ACC0000006803,491490.62,0.0,0.0,491490.62,NPR
2026-01-01,ACC0000006804,252571.11,15582.49,143225.51,124928.09,NPR
2026-01-01,ACC0000006805,13387.59,0.0,152603.43,-139215.84,NPR
2026-01-01,ACC0000006806,304168.84,66441.77,91594.48,279016.13,NPR
2026-01-01,ACC0000006807,388193.24,0.0,34835.86,353357.38,NPR
2026-01-01,ACC0000006808,72667.04,0.0,46600.2,26066.84,NPR
2026-01-01,ACC0000006809,67511.03,28435.03,32112.59,63833.47,NPR
2026-01-01,ACC0000006810,112493.7,33645.48,17152.19,128986.99,NPR
2026-01-01,ACC0000006811,182125.4,0.0,37357.94,144767.46,NPR
2026-01-01,ACC0000006812,454945.26,0.0,0.0,454945.26,NPR
2026-01-01,ACC0000006813,61794.26,47048.81,96927.31,11915.76,NPR
2026-01-01,ACC0000006814,344081.24,0.0,67762.4,276318.84,NPR
2026-01-01,ACC0000006815,467000.05,9326.12,90885.78,385440.39,NPR
2026-01-01,ACC0000006816,130595.52,0.0,45448.52,85147.0,NPR
2026-01-01,ACC0000006817,185857.17,13339.19,144049.43,55146.93,NPR
2026-01-01,ACC0000006818,15712.19,0.0,125228.67,-109516.48,NPR
2026-01-01,ACC0000006819,454486.63,10094.36,61320.48,403260.51,NPR
2026-01-01,ACC0000006820,437593.52,0.0,0.0,437593.52,NPR
2026-01-01,ACC0000006821,206824.59,0.0,0.0,206824.59,NPR
2026-01-01,ACC0000006822,10951.1,27366.38,32897.27,5420.21,NPR
2026-01-01,ACC0000006823,235561.6,0.0,127619.44,107942.16,NPR
2026-01-01,ACC0000006824,410645.84,26254.48,9768.82,427131.5,NPR
2026-01-01,ACC0000006825,4905.75,23220.07,102379.28,-74253.46,NPR
2026-01-01,ACC0000006826,359311.92,0.0,58318.0,300993.92,NPR
2026-01-01,ACC0000006827,100998.17,0.0,0.0,100998.17,NPR
2026-01-01,ACC0000006828,474324.59,0.0,118144.25,356180.34,NPR
2026-01-01,ACC0000006829,73257.27,0.0,0.0,73257.27,NPR
2026-01-01,ACC0000006830,105297.27,16294.46,38803.91,82787.82,NPR
2026-01-01,ACC0000006831,135756.2,25875.22,0.0,161631.42,NPR
2026-01-01,ACC0000006832,331765.48,0.0,55927.91,275837.57,NPR
2026-01-01,ACC0000006833,416621.32,48959.83,15610.89,449970.26,NPR
2026-01-01,ACC0000006834,33877.54,0.0,34143.66,-266.12,NPR
2026-01-01,ACC0000006835,239296.51,49541.82,27043.35,261794.98,NPR
2026-01-01,ACC0000006836,47977.04,8590.61,0.0,56567.65,NPR
2026-01-01,ACC0000006837,196210.25,0.0,0.0,196210.25,NPR
2026-01-01,ACC0000006838,368699.81,0.0,101765.36,266934.45,NPR
2026-01-01,ACC0000006839,296917.87,59083.36,55392.85,300608.38,NPR
2026-01-01,ACC0000006840,223665.66,23967.62,72318.43,175314.85,NPR
2026-01-01,ACC0000006841,218450.51,25744.93,40882.07,203313.37,NPR
2026-01-01,ACC0000006842,427180.33,0.0,104976.01,322204.32,NPR
2026-01-01,ACC0000006843,91187.71,0.0,0.0,91187.71,NPR
2026-01-01,ACC0000006844,237807.17,0.0,49854.39,187952.78,NPR
2026-01-01,ACC0000006845,457178.44,0.0,9166.04,448012.4,NPR
2026-01-01,ACC0000006846,422018.14,0.0,0.0,422018.14,NPR
2026-01-01,ACC0000006847,284217.13,0.0,16812.33,267404.8,NPR
2026-01-01,ACC0000006848,408640.81,0.0,0.0,408640.81,NPR
2026-01-01,ACC0000006849,84211.6,9248.22,975.45,92484.37,NPR
2026-01-01,ACC0000006850,186862.69,0.0,27675.48,159187.21,NPR
2026-01-01,ACC0000006851,261711.45,0.0,12126.39,249585.06,NPR
2026-01-01,ACC0000006852,451261.13,79709.57,20928.65,510042.05,NPR
2026-01-01,ACC0000006853,11630.15,0.0,0.0,11630.15,NPR
2026-01-01,ACC0000006854,230490.41,23578.92,33911.78,220157.55,NPR
2026-01-01,ACC0000006855,392092.83,0.0,58014.0,334078.83,NPR
2026-01-01,ACC0000006856,489729.99,0.0,55075.22,434654.77,NPR
2026-01-01,ACC0000006857,156872.47,0.0,46680.43,110192.04,NPR
2026-01-01,ACC0000006858,147634.37,46678.03,33898.05,160414.35,NPR
2026-01-01,ACC0000006859,336367.67,0.0,44232.63,292135.04,NPR
2026-01-01,ACC0000006860,337450.97,0.0,9581.1,327869.87,NPR
2026-01-01,ACC0000006861,499370.09,0.0,0.0,499370.09,NPR
2026-01-01,ACC0000006862,340933.17,0.0,48054.85,292878.32,NPR
2026-01-01,ACC0000006863,181773.38,42268.27,37301.16,186740.49,NPR
2026-01-01,ACC0000006864,405875.26,0.0,98615.66,307259.6,NPR
2026-01-01,ACC0000006865,61837.27,58595.98,54197.37,66235.88,NPR
2026-01-01,ACC0000006866,406090.34,18537.14,22040.81,402586.67,NPR
2026-01-01,ACC0000006867,52642.16,0.0,18490.0,34152.16,NPR
2026-01-01,ACC0000006868,371272.8,0.0,0.0,371272.8,NPR
2026-01-01,ACC0000006869,154069.54,0.0,69111.49,84958.05,NPR
2026-01-01,ACC0000006870,264615.54,0.0,172660.3,91955.24,NPR
2026-01-01,ACC0000006871,364632.81,0.0,32051.29,332581.52,NPR
2026-01-01,ACC0000006872,139597.86,19998.47,32765.77,126830.56,NPR
2026-01-01,ACC0000006873,365047.4,0.0,0.0,365047.4,NPR
2026-01-01,ACC0000006874,117962.0,0.0,0.0,117962.0,NPR
2026-01-01,ACC0000006875,231225.76,13098.19,75522.05,168801.9,NPR
2026-01-01,ACC0000006876,401507.29,0.0,102790.24,298717.05,NPR
2026-01-01,ACC0000006877,499873.0,0.0,24990.12,474882.88,NPR
2026-01-01,ACC0000006878,296248.75,0.0,0.0,296248.75,NPR
2026-01-01,ACC0000006879,461206.72,0.0,42707.96,418498.76,NPR
2026-01-01,ACC0000006880,171837.47,44960.72,25001.35,191796.84,NPR
2026-01-01,ACC0000006881,280525.59,32011.1,14002.42,298534.27,NPR
2026-01-01,ACC0000006882,387974.23,0.0,0.0,387974.23,NPR
2026-01-01,ACC0000006883,451472.97,13727.33,21429.62,443770.68,NPR
2026-01-01,ACC0000006884,358893.64,0.0,6832.14,352061.5,NPR
2026-01-01,ACC0000006885,189606.8,0.0,0.0,189606.8,NPR
2026-01-01,ACC0000006886,117065.47,0.0,0.0,117065.47,NPR
2026-01-01,ACC0000006887,419252.06,0.0,0.0,419252.06,NPR
2026-01-01,ACC0000006888,70782.68,21311.18,51619.45,40474.41,NPR
2026-01-01,ACC0000006889,307984.32,0.0,0.0,307984.32,NPR
2026-01-01,ACC0000006890,31824.62,0.0,50208.74,-18384.12,NPR
2026-01-01,ACC0000006891,175690.98,0.0,47382.29,128308.69,NPR
2026-01-01,ACC0000006892,492529.01,0.0,0.0,492529.01,NPR
2026-01-01,ACC0000006893,420466.29,47215.07,83633.31,384048.05,NPR
2026-01-01,ACC0000006894,485136.83,0.0,66728.57,418408.26,NPR
2026-01-01,ACC0000006895,400707.13,48045.01,41122.31,407629.83,NPR
2026-01-01,ACC0000006896,184202.46,51192.05,19386.0,216008.51,NPR
2026-01-01,ACC0000006897,64853.52,0.0,96188.66,-31335.14,NPR
2026-01-01,ACC0000006898,186684.59,0.0,52515.78,134168.81,NPR
2026-01-01,ACC0000006899,57008.54,0.0,138672.72,-81664.18,NPR
2026-01-01,ACC0000006900,27477.96,0.0,147570.27,-120092.31,NPR
2026-01-01,ACC0000006901,319656.87,21320.92,54399.07,286578.72,NPR
2026-01-01,ACC0000006902,310946.59,0.0,0.0,310946.59,NPR
2026-01-01,ACC0000006903,49720.96,45526.14,36889.24,58357.86,NPR
2026-01-01,ACC0000006904,181527.06,0.0,0.0,181527.06,NPR
2026-01-01,ACC0000006905,224089.67,0.0,40524.88,183564.79,NPR
2026-01-01,ACC0000006906,26616.43,0.0,49913.88,-23297.45,NPR
2026-01-01,ACC0000006907,254993.63,38603.06,25264.29,268332.4,NPR
2026-01-01,ACC0000006908,216905.47,6746.29,73156.76,150495.0,NPR
2026-01-01,ACC0000006909,337318.82,18262.69,56508.12,299073.39,NPR
2026-01-01,ACC0000006910,14791.98,0.0,43312.3,-28520.32,NPR
2026-01-01,ACC0000006911,49174.92,0.0,103300.93,-54126.01,NPR
2026-01-01,ACC0000006912,300335.27,0.0,33943.72,266391.55,NPR
2026-01-01,ACC0000006913,26050.78,32447.83,104580.2,-46081.59,NPR
2026-01-01,ACC0000006914,477599.58,5102.88,80986.57,401715.89,NPR
2026-01-01,ACC0000006915,364159.03,42619.35,35961.15,370817.23,NPR
2026-01-01,ACC0000006916,426199.59,0.0,64385.78,361813.81,NPR
2026-01-01,ACC0000006917,347787.5,0.0,155624.72,192162.78,NPR
2026-01-01,ACC0000006918,173429.76,0.0,0.0,173429.76,NPR
2026-01-01,ACC0000006919,13076.63,10463.26,0.0,23539.89,NPR
2026-01-01,ACC0000006920,32445.16,46754.51,9991.92,69207.75,NPR
2026-01-01,ACC0000006921,205183.02,0.0,117300.3,87882.72,NPR
2026-01-01,ACC0000006922,31437.25,61419.97,74257.19,18600.03,NPR
2026-01-01,ACC0000006923,399135.13,0.0,0.0,399135.13,NPR
2026-01-01,ACC0000006924,20057.73,64688.83,23175.0,61571.56,NPR
2026-01-01,ACC0000006925,330497.5,32164.31,0.0,362661.81,NPR
2026-01-01,ACC0000006926,429714.36,19159.7,111302.59,337571.47,NPR
2026-01-01,ACC0000006927,77539.58,0.0,104250.68,-26711.1,NPR
2026-01-01,ACC0000006928,30830.66,0.0,45357.24,-14526.58,NPR
2026-01-01,ACC0000006929,260986.58,35069.85,90556.15,205500.28,NPR
2026-01-01,ACC0000006930,241651.14,44125.84,0.0,285776.98,NPR
2026-01-01,ACC0000006931,384179.85,0.0,0.0,384179.85,NPR
2026-01-01,ACC0000006932,33112.55,0.0,17125.28,15987.27,NPR
2026-01-01,ACC0000006933,356586.98,0.0,7883.81,348703.17,NPR
2026-01-01,ACC0000006934,482770.24,0.0,0.0,482770.24,NPR
2026-01-01,ACC0000006935,419390.9,65871.75,80444.94,404817.71,NPR
2026-01-01,ACC0000006936,321569.96,96011.49,0.0,417581.45,NPR
2026-01-01,ACC0000006937,176608.42,0.0,0.0,176608.42,NPR
2026-01-01,ACC0000006938,198119.87,38973.91,1137.27,235956.51,NPR
2026-01-01,ACC0000006939,155135.06,0.0,116867.43,38267.63,NPR
2026-01-01,ACC0000006940,328179.58,76371.41,67966.41,336584.58,NPR
2026-01-01,ACC0000006941,354849.44,32274.83,99778.4,287345.87,NPR
2026-01-01,ACC0000006942,30923.49,0.0,28515.63,2407.86,NPR
2026-01-01,ACC0000006943,164048.65,0.0,38454.31,125594.34,NPR
2026-01-01,ACC0000006944,401480.55,0.0,0.0,401480.55,NPR
2026-01-01,ACC0000006945,135174.23,0.0,67210.57,67963.66,NPR
2026-01-01,ACC0000006946,119244.04,35323.37,113333.28,41234.13,NPR
2026-01-01,ACC0000006947,320078.54,30919.35,118722.09,232275.8,NPR
2026-01-01,ACC0000006948,445568.1,35017.1,81190.27,399394.93,NPR
2026-01-01,ACC0000006949,484334.72,0.0,51937.6,432397.12,NPR
2026-01-01,ACC0000006950,262542.0,2101.46,0.0,264643.46,NPR
2026-01-01,ACC0000006951,398288.47,0.0,0.0,398288.47,NPR
2026-01-01,ACC0000006952,243205.15,0.0,54915.94,188289.21,NPR
2026-01-01,ACC0000006953,254857.72,0.0,0.0,254857.72,NPR
2026-01-01,ACC0000006954,10246.95,32907.46,0.0,43154.41,NPR
2026-01-01,ACC0000006955,174097.07,0.0,10648.86,163448.21,NPR
2026-01-01,ACC0000006956,217005.75,0.0,0.0,217005.75,NPR
2026-01-01,ACC0000006957,45826.04,0.0,0.0,45826.04,NPR
2026-01-01,ACC0000006958,425305.44,0.0,40330.63,384974.81,NPR
2026-01-01,ACC0000006959,332686.13,0.0,34125.1,298561.03,NPR
2026-01-01,ACC0000006960,252035.55,0.0,0.0,252035.55,NPR
2026-01-01,ACC0000006961,288134.75,183.37,0.0,288318.12,NPR
2026-01-01,ACC0000006962,313859.4,28110.78,86161.38,255808.8,NPR
2026-01-01,ACC0000006963,113145.01,45470.69,96063.02,62552.68,NPR
2026-01-01,ACC0000006964,7211.65,25468.08,0.0,32679.73,NPR
2026-01-01,ACC0000006965,23968.0,17288.62,18451.24,22805.38,NPR
2026-01-01,ACC0000006966,113044.57,20014.58,106166.05,26893.1,NPR
2026-01-01,ACC0000006967,182662.5,0.0,29218.34,153444.16,NPR
2026-01-01,ACC0000006968,75312.19,0.0,59717.88,15594.31,NPR
2026-01-01,ACC0000006969,47471.37,23661.65,84673.61,-13540.59,NPR
2026-01-01,ACC0000006970,27985.95,0.0,52695.42,-24709.47,NPR
2026-01-01,ACC0000006971,95677.77,0.0,74935.27,20742.5,NPR
2026-01-01,ACC0000006972,246174.47,0.0,0.0,246174.47,NPR
2026-01-01,ACC0000006973,59996.7,27738.54,16498.46,71236.78,NPR
2026-01-01,ACC0000006974,111874.35,0.0,49933.78,61940.57,NPR
2026-01-01,ACC0000006975,371015.59,18139.72,0.0,389155.31,NPR
2026-01-01,ACC0000006976,422783.49,5059.27,72485.75,355357.01,NPR
2026-01-01,ACC0000006977,478713.48,0.0,0.0,478713.48,NPR
2026-01-01,ACC0000006978,488019.15,0.0,68032.84,419986.31,NPR
2026-01-01,ACC0000006979,404525.06,6417.48,0.0,410942.54,NPR
2026-01-01,ACC0000006980,184445.27,22389.21,0.0,206834.48,NPR
2026-01-01,ACC0000006981,73640.15,0.0,0.0,73640.15,NPR
2026-01-01,ACC0000006982,479593.28,18701.1,108469.85,389824.53,NPR
2026-01-01,ACC0000006983,316865.31,0.0,62001.64,254863.67,NPR
2026-01-01,ACC0000006984,404440.37,0.0,9220.02,395220.35,NPR
2026-01-01,ACC0000006985,294931.96,0.0,20470.34,274461.62,NPR
2026-01-01,ACC0000006986,412205.1,0.0,74166.91,338038.19,NPR
2026-01-01,ACC0000006987,461425.45,35205.58,21629.53,475001.5,NPR
2026-01-01,ACC0000006988,303413.51,0.0,0.0,303413.51,NPR
2026-01-01,ACC0000006989,70682.37,0.0,0.0,70682.37,NPR
2026-01-01,ACC0000006990,377944.72,0.0,0.0,377944.72,NPR
2026-01-01,ACC0000006991,163761.04,18331.13,113657.66,68434.51,NPR
2026-01-01,ACC0000006992,164779.42,0.0,33185.24,131594.18,NPR
2026-01-01,ACC0000006993,444017.46,0.0,67221.73,376795.73,NPR
2026-01-01,ACC0000006994,112630.23,0.0,0.0,112630.23,NPR
2026-01-01,ACC0000006995,365747.85,0.0,6677.09,359070.76,NPR
2026-01-01,ACC0000006996,141821.8,0.0,40218.55,101603.25,NPR
2026-01-01,ACC0000006997,436066.07,0.0,14263.03,421803.04,NPR
2026-01-01,ACC0000006998,68976.87,46988.12,29575.17,86389.82,NPR
2026-01-01,ACC0000006999,353778.49,12024.97,86719.77,279083.69,NPR
2026-01-01,ACC0000007000,74205.02,0.0,21097.71,53107.31,NPR
2026-01-01,ACC0000007001,116002.57,0.0,102388.39,13614.18,NPR
2026-01-01,ACC0000007002,118819.26,0.0,0.0,118819.26,NPR
2026-01-01,ACC0000007003,425507.98,0.0,34746.63,390761.35,NPR
2026-01-01,ACC0000007004,129638.74,12810.78,184346.95,-41897.43,NPR
2026-01-01,ACC0000007005,49001.88,0.0,0.0,49001.88,NPR
2026-01-01,ACC0000007006,139407.93,0.0,31373.53,108034.4,NPR
2026-01-01,ACC0000007007,105843.47,0.0,0.0,105843.47,NPR
2026-01-01,ACC0000007008,9774.18,0.0,0.0,9774.18,NPR
2026-01-01,ACC0000007009,384411.71,15102.28,44817.07,354696.92,NPR
2026-01-01,ACC0000007010,482500.61,11638.2,132037.93,362100.88,NPR
2026-01-01,ACC0000007011,61708.38,40702.86,0.0,102411.24,NPR
2026-01-01,ACC0000007012,100293.7,0.0,57170.58,43123.12,NPR
2026-01-01,ACC0000007013,385179.1,0.0,0.0,385179.1,NPR
2026-01-01,ACC0000007014,23937.93,34131.22,134360.61,-76291.46,NPR
2026-01-01,ACC0000007015,29833.46,0.0,24522.8,5310.66,NPR
2026-01-01,ACC0000007016,70691.48,0.0,63820.81,6870.67,NPR
2026-01-01,ACC0000007017,33712.92,0.0,0.0,33712.92,NPR
2026-01-01,ACC0000007018,386702.85,0.0,0.0,386702.85,NPR
2026-01-01,ACC0000007019,239075.13,0.0,31594.9,207480.23,NPR
2026-01-01,ACC0000007020,26529.39,0.0,0.0,26529.39,NPR
2026-01-01,ACC0000007021,444085.43,47465.3,41951.87,449598.86,NPR
2026-01-01,ACC0000007022,411571.87,5975.38,61777.37,355769.88,NPR
2026-01-01,ACC0000007023,73896.63,17493.11,87114.28,4275.46,NPR
2026-01-01,ACC0000007024,332077.69,0.0,116739.97,215337.72,NPR
2026-01-01,ACC0000007025,58266.33,0.0,0.0,58266.33,NPR
2026-01-01,ACC0000007026,247984.66,0.0,0.0,247984.66,NPR
2026-01-01,ACC0000007027,318633.11,41662.17,22529.0,337766.28,NPR
2026-01-01,ACC0000007028,484499.89,0.0,31673.78,452826.11,NPR
2026-01-01,ACC0000007029,275466.51,27818.41,43272.78,260012.14,NPR
2026-01-01,ACC0000007030,148695.74,47295.27,50523.82,145467.19,NPR
2026-01-01,ACC0000007031,217911.32,0.0,32975.77,184935.55,NPR
2026-01-01,ACC0000007032,423935.05,0.0,5663.58,418271.47,NPR
2026-01-01,ACC0000007033,199938.16,0.0,0.0,199938.16,NPR
2026-01-01,ACC0000007034,267429.93,103623.93,7360.25,363693.61,NPR
2026-01-01,ACC0000007035,478787.63,49786.13,40829.55,487744.21,NPR
2026-01-01,ACC0000007036,493765.6,0.0,15205.5,478560.1,NPR
2026-01-01,ACC0000007037,257733.02,0.0,0.0,257733.02,NPR
2026-01-01,ACC0000007038,318492.02,0.0,37591.51,280900.51,NPR
2026-01-01,ACC0000007039,487348.1,0.0,2477.87,484870.23,NPR
2026-01-01,ACC0000007040,291050.33,9904.08,37592.95,263361.46,NPR
2026-01-01,ACC0000007041,482730.75,6215.37,96169.55,392776.57,NPR
2026-01-01,ACC0000007042,301547.85,0.0,75801.74,225746.11,NPR
2026-01-01,ACC0000007043,111373.5,0.0,79505.43,31868.07,NPR
2026-01-01,ACC0000007044,61904.58,0.0,27054.33,34850.25,NPR
2026-01-01,ACC0000007045,461146.12,37289.0,24103.86,474331.26,NPR
2026-01-01,ACC0000007046,415947.98,0.0,31789.94,384158.04,NPR
2026-01-01,ACC0000007047,308356.86,32013.17,47002.29,293367.74,NPR
2026-01-01,ACC0000007048,214660.56,0.0,56464.88,158195.68,NPR
2026-01-01,ACC0000007049,255094.09,0.0,41598.17,213495.92,NPR
2026-01-01,ACC0000007050,372741.52,0.0,122333.13,250408.39,NPR
2026-01-01,ACC0000007051,56489.3,33021.34,70703.85,18806.79,NPR
2026-01-01,ACC0000007052,138621.61,0.0,0.0,138621.61,NPR
2026-01-01,ACC0000007053,459097.47,0.0,88430.48,370666.99,NPR
2026-01-01,ACC0000007054,5970.88,33321.58,0.0,39292.46,NPR
2026-01-01,ACC0000007055,315306.34,0.0,0.0,315306.34,NPR
2026-01-01,ACC0000007056,468560.98,27178.99,45525.28,450214.69,NPR
2026-01-01,ACC0000007057,261064.73,38786.0,78005.71,221845.02,NPR
2026-01-01,ACC0000007058,48106.05,0.0,56429.25,-8323.2,NPR
2026-01-01,ACC0000007059,286717.33,103005.88,72300.66,317422.55,NPR
2026-01-01,ACC0000007060,225258.23,0.0,25076.77,200181.46,NPR
2026-01-01,ACC0000007061,31646.56,40515.01,74220.44,-2058.87,NPR
2026-01-01,ACC0000007062,107548.71,0.0,0.0,107548.71,NPR
2026-01-01,ACC0000007063,124282.18,13686.63,57655.09,80313.72,NPR
2026-01-01,ACC0000007064,493280.74,0.0,84309.13,408971.61,NPR
2026-01-01,ACC0000007065,293035.03,0.0,62992.63,230042.4,NPR
2026-01-01,ACC0000007066,342130.38,0.0,17291.79,324838.59,NPR
2026-01-01,ACC0000007067,346363.99,35557.29,2112.36,379808.92,NPR
2026-01-01,ACC0000007068,121186.31,0.0,0.0,121186.31,NPR
2026-01-01,ACC0000007069,180120.7,0.0,46142.49,133978.21,NPR
2026-01-01,ACC0000007070,419039.96,13965.19,47239.67,385765.48,NPR
2026-01-01,ACC0000007071,497116.78,0.0,41424.22,455692.56,NPR
2026-01-01,ACC0000007072,234416.07,0.0,0.0,234416.07,NPR
2026-01-01,ACC0000007073,162657.38,0.0,0.0,162657.38,NPR
2026-01-01,ACC0000007074,483798.1,20481.01,61534.05,442745.06,NPR
2026-01-01,ACC0000007075,239329.07,9122.18,105191.49,143259.76,NPR
2026-01-01,ACC0000007076,162904.9,0.0,20324.64,142580.26,NPR
2026-01-01,ACC0000007077,412261.63,0.0,0.0,412261.63,NPR
2026-01-01,ACC0000007078,330646.86,38483.04,60896.95,308232.95,NPR
2026-01-01,ACC0000007079,426198.88,0.0,66466.18,359732.7,NPR
2026-01-01,ACC0000007080,385163.01,10546.0,26145.6,369563.41,NPR
2026-01-01,ACC0000007081,12313.44,20835.14,64547.4,-31398.82,NPR
2026-01-01,ACC0000007082,496491.86,0.0,0.0,496491.86,NPR
2026-01-01,ACC0000007083,64093.8,0.0,0.0,64093.8,NPR
2026-01-01,ACC0000007084,354793.0,0.0,77715.34,277077.66,NPR
2026-01-01,ACC0000007085,213578.08,0.0,80440.7,133137.38,NPR
2026-01-01,ACC0000007086,424677.68,0.0,24116.8,400560.88,NPR
2026-01-01,ACC0000007087,48662.49,0.0,28026.68,20635.81,NPR
2026-01-01,ACC0000007088,335432.51,0.0,29913.04,305519.47,NPR
2026-01-01,ACC0000007089,218800.8,0.0,28268.5,190532.3,NPR
2026-01-01,ACC0000007090,470957.73,0.0,83544.13,387413.6,NPR
2026-01-01,ACC0000007091,396382.94,0.0,0.0,396382.94,NPR
2026-01-01,ACC0000007092,75852.38,28095.67,0.0,103948.05,NPR
2026-01-01,ACC0000007093,326554.31,11880.65,75444.51,262990.45,NPR
2026-01-01,ACC0000007094,416483.47,27794.19,23646.04,420631.62,NPR
2026-01-01,ACC0000007095,416753.21,0.0,0.0,416753.21,NPR
2026-01-01,ACC0000007096,372320.57,0.0,88653.16,283667.41,NPR
2026-01-01,ACC0000007097,498816.69,2460.23,89144.27,412132.65,NPR
2026-01-01,ACC0000007098,141969.82,0.0,40332.12,101637.7,NPR
2026-01-01,ACC0000007099,462382.14,0.0,0.0,462382.14,NPR
2026-01-01,ACC0000007100,220926.67,29487.85,38099.16,212315.36,NPR
2026-01-01,ACC0000007101,456428.0,0.0,0.0,456428.0,NPR
2026-01-01,ACC0000007102,430666.17,0.0,30813.6,399852.57,NPR
2026-01-01,ACC0000007103,459446.56,26953.78,167122.44,319277.9,NPR
2026-01-01,ACC0000007104,54821.18,0.0,0.0,54821.18,NPR
2026-01-01,ACC0000007105,414236.8,0.0,95014.42,319222.38,NPR
2026-01-01,ACC0000007106,298202.9,91060.57,10278.74,378984.73,NPR
2026-01-01,ACC0000007107,471673.14,43033.31,76807.09,437899.36,NPR
2026-01-01,ACC0000007108,344201.2,0.0,19455.7,324745.5,NPR
2026-01-01,ACC0000007109,68573.09,30675.12,22689.54,76558.67,NPR
2026-01-01,ACC0000007110,263031.35,32379.95,95153.96,200257.34,NPR
2026-01-01,ACC0000007111,253789.27,0.0,0.0,253789.27,NPR
2026-01-01,ACC0000007112,256048.58,1272.76,0.0,257321.34,NPR
2026-01-01,ACC0000007113,393121.26,0.0,47939.35,345181.91,NPR
2026-01-01,ACC0000007114,114744.73,0.0,11152.86,103591.87,NPR
2026-01-01,ACC0000007115,311634.45,0.0,0.0,311634.45,NPR
2026-01-01,ACC0000007116,10792.76,0.0,6770.21,4022.55,NPR
2026-01-01,ACC0000007117,46185.94,0.0,58309.25,-12123.31,NPR
2026-01-01,ACC0000007118,381796.49,28475.3,84707.72,325564.07,NPR
2026-01-01,ACC0000007119,378521.98,0.0,0.0,378521.98,NPR
2026-01-01,ACC0000007120,168601.91,48057.51,67751.28,148908.14,NPR
2026-01-01,ACC0000007121,380057.16,20287.86,38425.9,361919.12,NPR
2026-01-01,ACC0000007122,287411.62,35524.97,87934.23,235002.36,NPR
2026-01-01,ACC0000007123,448808.31,0.0,44884.2,403924.11,NPR
2026-01-01,ACC0000007124,390407.73,0.0,0.0,390407.73,NPR
2026-01-01,ACC0000007125,336469.49,0.0,0.0,336469.49,NPR
2026-01-01,ACC0000007126,267118.08,0.0,81933.36,185184.72,NPR
2026-01-01,ACC0000007127,228118.74,0.0,0.0,228118.74,NPR
2026-01-01,ACC0000007128,426931.96,0.0,35644.73,391287.23,NPR
2026-01-01,ACC0000007129,223477.27,0.0,21158.93,202318.34,NPR
2026-01-01,ACC0000007130,290357.85,0.0,27116.7,263241.15,NPR
2026-01-01,ACC0000007131,297334.08,53615.04,66018.71,284930.41,NPR
2026-01-01,ACC0000007132,130399.1,0.0,76398.0,54001.1,NPR
2026-01-01,ACC0000007133,427248.38,0.0,42142.29,385106.09,NPR
2026-01-01,ACC0000007134,447923.98,10627.58,27586.34,430965.22,NPR
2026-01-01,ACC0000007135,218439.95,0.0,0.0,218439.95,NPR
2026-01-01,ACC0000007136,225527.98,0.0,0.0,225527.98,NPR
2026-01-01,ACC0000007137,442279.53,0.0,74746.61,367532.92,NPR
2026-01-01,ACC0000007138,453971.02,0.0,0.0,453971.02,NPR
2026-01-01,ACC0000007139,236774.36,0.0,0.0,236774.36,NPR
2026-01-01,ACC0000007140,135833.08,0.0,18299.26,117533.82,NPR
2026-01-01,ACC0000007141,427078.6,0.0,79729.52,347349.08,NPR
2026-01-01,ACC0000007142,409149.0,40547.73,59562.17,390134.56,NPR
2026-01-01,ACC0000007143,220660.34,33026.01,68362.91,185323.44,NPR
2026-01-01,ACC0000007144,367170.85,24216.04,112011.75,279375.14,NPR
2026-01-01,ACC0000007145,164437.55,8657.51,76304.28,96790.78,NPR
2026-01-01,ACC0000007146,271604.94,0.0,52574.61,219030.33,NPR
2026-01-01,ACC0000007147,103850.29,0.0,45803.49,58046.8,NPR
2026-01-01,ACC0000007148,162005.0,0.0,0.0,162005.0,NPR
2026-01-01,ACC0000007149,246762.47,0.0,0.0,246762.47,NPR
2026-01-01,ACC0000007150,216645.31,0.0,68306.94,148338.37,NPR
2026-01-01,ACC0000007151,332345.94,0.0,0.0,332345.94,NPR
2026-01-01,ACC0000007152,481948.73,0.0,0.0,481948.73,NPR
2026-01-01,ACC0000007153,108864.06,35220.07,14628.32,129455.81,NPR
2026-01-01,ACC0000007154,293524.54,0.0,32403.79,261120.75,NPR
2026-01-01,ACC0000007155,36381.47,0.0,122113.73,-85732.26,NPR
2026-01-01,ACC0000007156,153243.31,0.0,0.0,153243.31,NPR
2026-01-01,ACC0000007157,47831.26,0.0,11505.15,36326.11,NPR
2026-01-01,ACC0000007158,37848.09,0.0,18378.24,19469.85,NPR
2026-01-01,ACC0000007159,145272.89,0.0,0.0,145272.89,NPR
2026-01-01,ACC0000007160,201828.65,0.0,0.0,201828.65,NPR
2026-01-01,ACC0000007161,315332.45,0.0,107774.46,207557.99,NPR
2026-01-01,ACC0000007162,437194.48,0.0,0.0,437194.48,NPR
2026-01-01,ACC0000007163,192082.86,0.0,33552.11,158530.75,NPR
2026-01-01,ACC0000007164,91138.07,0.0,0.0,91138.07,NPR
2026-01-01,ACC0000007165,141675.13,0.0,50186.39,91488.74,NPR
2026-01-01,ACC0000007166,473111.78,0.0,27497.83,445613.95,NPR
2026-01-01,ACC0000007167,455568.49,0.0,0.0,455568.49,NPR
2026-01-01,ACC0000007168,494121.81,0.0,6188.93,487932.88,NPR
2026-01-01,ACC0000007169,184222.93,0.0,99443.39,84779.54,NPR
2026-01-01,ACC0000007170,423852.44,0.0,35365.01,388487.43,NPR
2026-01-01,ACC0000007171,73441.72,0.0,150571.23,-77129.51,NPR
2026-01-01,ACC0000007172,65122.01,0.0,35244.99,29877.02,NPR
2026-01-01,ACC0000007173,105033.86,2254.95,44881.87,62406.94,NPR
2026-01-01,ACC0000007174,482208.23,21220.97,86837.72,416591.48,NPR
2026-01-01,ACC0000007175,92271.0,0.0,27383.35,64887.65,NPR
2026-01-01,ACC0000007176,179844.71,0.0,34720.39,145124.32,NPR
2026-01-01,ACC0000007177,361876.19,0.0,3205.69,358670.5,NPR
2026-01-01,ACC0000007178,111177.27,0.0,70996.46,40180.81,NPR
2026-01-01,ACC0000007179,343118.46,50286.44,35369.63,358035.27,NPR
2026-01-01,ACC0000007180,177103.82,18583.44,12706.68,182980.58,NPR
2026-01-01,ACC0000007181,340605.93,0.0,16247.91,324358.02,NPR
2026-01-01,ACC0000007182,303469.75,0.0,194329.94,109139.81,NPR
2026-01-01,ACC0000007183,236900.48,0.0,11206.0,225694.48,NPR
2026-01-01,ACC0000007184,188866.16,0.0,0.0,188866.16,NPR
2026-01-01,ACC0000007185,378916.89,41251.24,106006.95,314161.18,NPR
2026-01-01,ACC0000007186,292475.69,0.0,103208.45,189267.24,NPR
2026-01-01,ACC0000007187,476233.01,0.0,0.0,476233.01,NPR
2026-01-01,ACC0000007188,98074.05,41575.75,32215.97,107433.83,NPR
2026-01-01,ACC0000007189,224894.15,0.0,122106.21,102787.94,NPR
2026-01-01,ACC0000007190,333864.69,0.0,39552.8,294311.89,NPR
2026-01-01,ACC0000007191,77492.86,0.0,51183.1,26309.76,NPR
2026-01-01,ACC0000007192,81187.34,0.0,33410.8,47776.54,NPR
2026-01-01,ACC0000007193,89844.94,0.0,0.0,89844.94,NPR
2026-01-01,ACC0000007194,382092.91,79261.22,50660.57,410693.56,NPR
2026-01-01,ACC0000007195,340233.27,0.0,0.0,340233.27,NPR
2026-01-01,ACC0000007196,351943.88,0.0,0.0,351943.88,NPR
2026-01-01,ACC0000007197,292259.0,28255.97,79383.49,241131.48,NPR
2026-01-01,ACC0000007198,130389.12,0.0,0.0,130389.12,NPR
2026-01-01,ACC0000007199,371843.17,0.0,6530.71,365312.46,NPR
2026-01-01,ACC0000007200,469894.25,44955.8,63187.89,451662.16,NPR
2026-01-01,ACC0000007201,126526.27,0.0,26835.06,99691.21,NPR
2026-01-01,ACC0000007202,137801.13,697.94,55670.28,82828.79,NPR
2026-01-01,ACC0000007203,481804.87,0.0,49237.84,432567.03,NPR
2026-01-01,ACC0000007204,321819.58,32321.2,20092.83,334047.95,NPR
2026-01-01,ACC0000007205,15688.57,0.0,0.0,15688.57,NPR
2026-01-01,ACC0000007206,386307.89,0.0,81477.15,304830.74,NPR
2026-01-01,ACC0000007207,120226.65,0.0,0.0,120226.65,NPR
2026-01-01,ACC0000007208,125642.0,0.0,307.73,125334.27,NPR
2026-01-01,ACC0000007209,170805.44,0.0,32958.0,137847.44,NPR
2026-01-01,ACC0000007210,417775.14,0.0,36861.72,380913.42,NPR
2026-01-01,ACC0000007211,319454.43,37140.06,50322.29,306272.2,NPR
2026-01-01,ACC0000007212,352174.15,41022.19,0.0,393196.34,NPR
2026-01-01,ACC0000007213,46130.59,0.0,25547.81,20582.78,NPR
2026-01-01,ACC0000007214,166142.98,0.0,77624.85,88518.13,NPR
2026-01-01,ACC0000007215,117192.56,0.0,58549.39,58643.17,NPR
2026-01-01,ACC0000007216,238549.1,47587.26,15316.83,270819.53,NPR
2026-01-01,ACC0000007217,159219.21,0.0,106842.36,52376.85,NPR
2026-01-01,ACC0000007218,360578.45,0.0,0.0,360578.45,NPR
2026-01-01,ACC0000007219,472973.59,0.0,7977.36,464996.23,NPR
2026-01-01,ACC0000007220,92793.55,0.0,62231.43,30562.12,NPR
2026-01-01,ACC0000007221,260120.36,0.0,0.0,260120.36,NPR
2026-01-01,ACC0000007222,411361.36,0.0,97843.02,313518.34,NPR
2026-01-01,ACC0000007223,459258.77,0.0,61315.5,397943.27,NPR
2026-01-01,ACC0000007224,61861.08,19922.28,100318.0,-18534.64,NPR
2026-01-01,ACC0000007225,129014.6,0.0,45433.36,83581.24,NPR
2026-01-01,ACC0000007226,437291.17,41836.6,37666.72,441461.05,NPR
2026-01-01,ACC0000007227,407649.3,0.0,29703.48,377945.82,NPR
2026-01-01,ACC0000007228,167928.51,21683.2,83301.44,106310.27,NPR
2026-01-01,ACC0000007229,46405.44,57796.07,46956.55,57244.96,NPR
2026-01-01,ACC0000007230,340698.49,0.0,65399.82,275298.67,NPR
2026-01-01,ACC0000007231,53954.13,0.0,37451.23,16502.9,NPR
2026-01-01,ACC0000007232,185938.53,0.0,0.0,185938.53,NPR
2026-01-01,ACC0000007233,57374.1,9532.88,28604.82,38302.16,NPR
2026-01-01,ACC0000007234,413606.06,0.0,0.0,413606.06,NPR
2026-01-01,ACC0000007235,409219.16,0.0,69435.31,339783.85,NPR
2026-01-01,ACC0000007236,370641.6,1095.2,124868.03,246868.77,NPR
2026-01-01,ACC0000007237,27757.89,0.0,17302.36,10455.53,NPR
2026-01-01,ACC0000007238,173237.83,0.0,7064.78,166173.05,NPR
2026-01-01,ACC0000007239,103830.9,46187.21,149314.71,703.4,NPR
2026-01-01,ACC0000007240,343328.66,0.0,0.0,343328.66,NPR
2026-01-01,ACC0000007241,235668.49,38095.25,90891.0,182872.74,NPR
2026-01-01,ACC0000007242,342164.94,0.0,54518.26,287646.68,NPR
2026-01-01,ACC0000007243,230389.48,0.0,49669.47,180720.01,NPR
2026-01-01,ACC0000007244,209578.43,0.0,0.0,209578.43,NPR
2026-01-01,ACC0000007245,467907.64,46302.43,70220.86,443989.21,NPR
2026-01-01,ACC0000007246,185655.27,28610.97,100041.78,114224.46,NPR
2026-01-01,ACC0000007247,36716.46,0.0,377.88,36338.58,NPR
2026-01-01,ACC0000007248,383152.27,0.0,44598.98,338553.29,NPR
2026-01-01,ACC0000007249,215116.63,0.0,70639.45,144477.18,NPR
2026-01-01,ACC0000007250,84360.71,0.0,21890.05,62470.66,NPR
2026-01-01,ACC0000007251,246949.49,18184.91,11004.88,254129.52,NPR
2026-01-01,ACC0000007252,309579.52,0.0,130671.48,178908.04,NPR
2026-01-01,ACC0000007253,66509.47,0.0,61643.66,4865.81,NPR
2026-01-01,ACC0000007254,479644.92,0.0,151724.04,327920.88,NPR
2026-01-01,ACC0000007255,405034.51,0.0,106184.63,298849.88,NPR
2026-01-01,ACC0000007256,122721.24,0.0,169958.03,-47236.79,NPR
2026-01-01,ACC0000007257,108706.38,38661.96,21405.97,125962.37,NPR
2026-01-01,ACC0000007258,192971.14,13737.91,78780.66,127928.39,NPR
2026-01-01,ACC0000007259,124851.26,0.0,49142.25,75709.01,NPR
2026-01-01,ACC0000007260,220521.65,39482.71,35860.67,224143.69,NPR
2026-01-01,ACC0000007261,76773.72,0.0,0.0,76773.72,NPR
2026-01-01,ACC0000007262,262699.37,12057.29,141258.98,133497.68,NPR
2026-01-01,ACC0000007263,219710.44,45756.38,74004.73,191462.09,NPR
2026-01-01,ACC0000007264,293053.12,29354.25,4251.52,318155.85,NPR
2026-01-01,ACC0000007265,230387.54,0.0,55221.62,175165.92,NPR
2026-01-01,ACC0000007266,215634.69,8295.19,64438.69,159491.19,NPR
2026-01-01,ACC0000007267,323852.85,5476.45,20012.19,309317.11,NPR
2026-01-01,ACC0000007268,444832.8,49542.17,43466.59,450908.38,NPR
2026-01-01,ACC0000007269,238973.96,0.0,41906.99,197066.97,NPR
2026-01-01,ACC0000007270,50150.34,0.0,12070.6,38079.74,NPR
2026-01-01,ACC0000007271,245972.1,0.0,37839.5,208132.6,NPR
2026-01-01,ACC0000007272,158657.71,63267.19,137915.57,84009.33,NPR
2026-01-01,ACC0000007273,465019.74,0.0,29761.84,435257.9,NPR
2026-01-01,ACC0000007274,331382.89,0.0,154684.79,176698.1,NPR
2026-01-01,ACC0000007275,62791.37,0.0,44609.72,18181.65,NPR
2026-01-01,ACC0000007276,83203.48,0.0,39542.45,43661.03,NPR
2026-01-01,ACC0000007277,345128.6,0.0,114206.83,230921.77,NPR
2026-01-01,ACC0000007278,356727.98,0.0,105699.16,251028.82,NPR
2026-01-01,ACC0000007279,128362.78,7720.77,38873.43,97210.12,NPR
2026-01-01,ACC0000007280,114162.35,0.0,9197.59,104964.76,NPR
2026-01-01,ACC0000007281,169894.18,0.0,35500.1,134394.08,NPR
2026-01-01,ACC0000007282,258100.76,0.0,24405.77,233694.99,NPR
2026-01-01,ACC0000007283,160580.48,0.0,3605.74,156974.74,NPR
2026-01-01,ACC0000007284,273107.42,64314.16,0.0,337421.58,NPR
2026-01-01,ACC0000007285,127722.9,26787.31,29280.19,125230.02,NPR
2026-01-01,ACC0000007286,260235.36,28711.5,134138.96,154807.9,NPR
2026-01-01,ACC0000007287,369657.23,0.0,45252.31,324404.92,NPR
2026-01-01,ACC0000007288,229516.26,58552.49,0.0,288068.75,NPR
2026-01-01,ACC0000007289,59148.8,0.0,82675.24,-23526.44,NPR
2026-01-01,ACC0000007290,317463.58,0.0,0.0,317463.58,NPR
2026-01-01,ACC0000007291,281983.24,0.0,13450.05,268533.19,NPR
2026-01-01,ACC0000007292,323298.72,0.0,39187.94,284110.78,NPR
2026-01-01,ACC0000007293,31579.98,0.0,32622.82,-1042.84,NPR
2026-01-01,ACC0000007294,12202.22,0.0,25750.82,-13548.6,NPR
2026-01-01,ACC0000007295,485079.76,17418.52,0.0,502498.28,NPR
2026-01-01,ACC0000007296,176477.15,0.0,73554.85,102922.3,NPR
2026-01-01,ACC0000007297,442930.43,0.0,10964.83,431965.6,NPR
2026-01-01,ACC0000007298,260900.11,23458.77,0.0,284358.88,NPR
2026-01-01,ACC0000007299,356178.74,0.0,105225.66,250953.08,NPR
2026-01-01,ACC0000007300,256672.92,0.0,29798.12,226874.8,NPR
2026-01-01,ACC0000007301,395377.28,0.0,0.0,395377.28,NPR
2026-01-01,ACC0000007302,152617.08,8782.03,69509.24,91889.87,NPR
2026-01-01,ACC0000007303,292808.01,0.0,77231.72,215576.29,NPR
2026-01-01,ACC0000007304,239890.29,0.0,43132.55,196757.74,NPR
2026-01-01,ACC0000007305,285825.2,35956.8,153160.46,168621.54,NPR
2026-01-01,ACC0000007306,359038.82,0.0,76316.32,282722.5,NPR
2026-01-01,ACC0000007307,283511.59,29374.35,0.0,312885.94,NPR
2026-01-01,ACC0000007308,362541.51,30816.29,117669.23,275688.57,NPR
2026-01-01,ACC0000007309,201346.0,0.0,119265.77,82080.23,NPR
2026-01-01,ACC0000007310,469120.83,16856.98,73788.68,412189.13,NPR
2026-01-01,ACC0000007311,436460.57,58361.45,0.0,494822.02,NPR
2026-01-01,ACC0000007312,53772.5,94723.73,56241.01,92255.22,NPR
2026-01-01,ACC0000007313,256154.05,0.0,73031.27,183122.78,NPR
2026-01-01,ACC0000007314,445625.72,0.0,78599.51,367026.21,NPR
2026-01-01,ACC0000007315,377823.16,28635.36,107254.11,299204.41,NPR
2026-01-01,ACC0000007316,138326.66,0.0,87263.72,51062.94,NPR
2026-01-01,ACC0000007317,200179.39,15924.37,0.0,216103.76,NPR
2026-01-01,ACC0000007318,213405.51,0.0,264184.49,-50778.98,NPR
2026-01-01,ACC0000007319,146755.35,0.0,43852.6,102902.75,NPR
2026-01-01,ACC0000007320,399230.3,0.0,23971.89,375258.41,NPR
2026-01-01,ACC0000007321,224982.69,0.0,0.0,224982.69,NPR
2026-01-01,ACC0000007322,250140.12,0.0,28555.03,221585.09,NPR
2026-01-01,ACC0000007323,393415.72,0.0,0.0,393415.72,NPR
2026-01-01,ACC0000007324,252083.01,0.0,0.0,252083.01,NPR
2026-01-01,ACC0000007325,275805.14,0.0,116763.74,159041.4,NPR
2026-01-01,ACC0000007326,150131.46,0.0,54597.4,95534.06,NPR
2026-01-01,ACC0000007327,215097.83,58722.81,28388.31,245432.33,NPR
2026-01-01,ACC0000007328,221737.76,0.0,3831.75,217906.01,NPR
2026-01-01,ACC0000007329,429660.85,0.0,46922.13,382738.72,NPR
2026-01-01,ACC0000007330,385964.48,0.0,0.0,385964.48,NPR
2026-01-01,ACC0000007331,432623.37,26207.96,0.0,458831.33,NPR
2026-01-01,ACC0000007332,131579.36,2765.21,20727.73,113616.84,NPR
2026-01-01,ACC0000007333,165805.06,0.0,48027.69,117777.37,NPR
2026-01-01,ACC0000007334,438585.29,8242.14,177158.68,269668.75,NPR
2026-01-01,ACC0000007335,128632.83,59783.09,86429.99,101985.93,NPR
2026-01-01,ACC0000007336,489014.4,0.0,0.0,489014.4,NPR
2026-01-01,ACC0000007337,26137.27,0.0,12990.32,13146.95,NPR
2026-01-01,ACC0000007338,56205.43,0.0,0.0,56205.43,NPR
2026-01-01,ACC0000007339,97515.39,0.0,0.0,97515.39,NPR
2026-01-01,ACC0000007340,231039.15,0.0,0.0,231039.15,NPR
2026-01-01,ACC0000007341,138172.9,0.0,28251.16,109921.74,NPR
2026-01-01,ACC0000007342,274624.11,0.0,24073.36,250550.75,NPR
2026-01-01,ACC0000007343,286660.83,28895.55,81194.06,234362.32,NPR
2026-01-01,ACC0000007344,406122.6,0.0,0.0,406122.6,NPR
2026-01-01,ACC0000007345,31305.25,27855.1,0.0,59160.35,NPR
2026-01-01,ACC0000007346,276102.66,0.0,86070.05,190032.61,NPR
2026-01-01,ACC0000007347,466759.45,4747.1,42022.41,429484.14,NPR
2026-01-01,ACC0000007348,22963.51,1540.48,6642.37,17861.62,NPR
2026-01-01,ACC0000007349,8681.23,34594.38,71576.19,-28300.58,NPR
2026-01-01,ACC0000007350,145480.31,0.0,9712.35,135767.96,NPR
2026-01-01,ACC0000007351,327083.2,30614.76,197189.36,160508.6,NPR
2026-01-01,ACC0000007352,68927.51,0.0,43669.68,25257.83,NPR
2026-01-01,ACC0000007353,72696.46,24096.89,48362.17,48431.18,NPR
2026-01-01,ACC0000007354,433107.63,48308.05,49436.8,431978.88,NPR
2026-01-01,ACC0000007355,43255.4,0.0,10887.32,32368.08,NPR
2026-01-01,ACC0000007356,384235.14,0.0,78891.48,305343.66,NPR
2026-01-01,ACC0000007357,16037.46,0.0,40288.31,-24250.85,NPR
2026-01-01,ACC0000007358,44753.68,38476.92,41175.39,42055.21,NPR
2026-01-01,ACC0000007359,347412.6,50456.08,0.0,397868.68,NPR
2026-01-01,ACC0000007360,152626.5,0.0,41414.55,111211.95,NPR
2026-01-01,ACC0000007361,35982.39,0.0,0.0,35982.39,NPR
2026-01-01,ACC0000007362,380311.53,0.0,0.0,380311.53,NPR
2026-01-01,ACC0000007363,16328.02,0.0,0.0,16328.02,NPR
2026-01-01,ACC0000007364,332239.66,33398.21,56471.82,309166.05,NPR
2026-01-01,ACC0000007365,460823.51,0.0,49950.1,410873.41,NPR
2026-01-01,ACC0000007366,157292.4,0.0,0.0,157292.4,NPR
2026-01-01,ACC0000007367,16679.93,0.0,208873.74,-192193.81,NPR
2026-01-01,ACC0000007368,241085.38,25852.93,84220.31,182718.0,NPR
2026-01-01,ACC0000007369,165325.46,44034.46,87569.87,121790.05,NPR
2026-01-01,ACC0000007370,338366.49,0.0,0.0,338366.49,NPR
2026-01-01,ACC0000007371,305838.53,0.0,57362.17,248476.36,NPR
2026-01-01,ACC0000007372,478258.82,0.0,0.0,478258.82,NPR
2026-01-01,ACC0000007373,421737.95,0.0,51265.98,370471.97,NPR
2026-01-01,ACC0000007374,493698.01,0.0,36607.34,457090.67,NPR
2026-01-01,ACC0000007375,52871.64,18113.99,43493.08,27492.55,NPR
2026-01-01,ACC0000007376,371122.0,0.0,0.0,371122.0,NPR
2026-01-01,ACC0000007377,474066.67,47967.8,70818.54,451215.93,NPR
2026-01-01,ACC0000007378,252166.29,5878.67,95445.1,162599.86,NPR
2026-01-01,ACC0000007379,207164.65,51727.16,104298.9,154592.91,NPR
2026-01-01,ACC0000007380,294853.14,0.0,0.0,294853.14,NPR
2026-01-01,ACC0000007381,353919.62,0.0,0.0,353919.62,NPR
2026-01-01,ACC0000007382,265442.98,0.0,0.0,265442.98,NPR
2026-01-01,ACC0000007383,45833.49,40414.85,45732.58,40515.76,NPR
2026-01-01,ACC0000007384,478408.03,0.0,141132.03,337276.0,NPR
2026-01-01,ACC0000007385,133240.24,32974.46,39727.78,126486.92,NPR
2026-01-01,ACC0000007386,174416.79,2359.37,47233.8,129542.36,NPR
2026-01-01,ACC0000007387,389045.16,0.0,0.0,389045.16,NPR
2026-01-01,ACC0000007388,453947.98,0.0,12225.81,441722.17,NPR
2026-01-01,ACC0000007389,350072.96,7614.47,24317.55,333369.88,NPR
2026-01-01,ACC0000007390,246234.95,0.0,97097.72,149137.23,NPR
2026-01-01,ACC0000007391,130159.54,37349.91,131866.2,35643.25,NPR
2026-01-01,ACC0000007392,493645.68,32845.5,146719.41,379771.77,NPR
2026-01-01,ACC0000007393,131230.54,0.0,0.0,131230.54,NPR
2026-01-01,ACC0000007394,413541.4,22680.2,36314.93,399906.67,NPR
2026-01-01,ACC0000007395,486670.94,18323.49,0.0,504994.43,NPR
2026-01-01,ACC0000007396,142180.33,0.0,32479.83,109700.5,NPR
2026-01-01,ACC0000007397,299765.8,0.0,22622.04,277143.76,NPR
2026-01-01,ACC0000007398,462014.64,0.0,59629.6,402385.04,NPR
2026-01-01,ACC0000007399,18039.76,0.0,70327.31,-52287.55,NPR
2026-01-01,ACC0000007400,18113.73,0.0,65541.86,-47428.13,NPR
2026-01-01,ACC0000007401,482866.1,0.0,94538.33,388327.77,NPR
2026-01-01,ACC0000007402,48426.55,0.0,102023.31,-53596.76,NPR
2026-01-01,ACC0000007403,310614.23,0.0,29486.4,281127.83,NPR
2026-01-01,ACC0000007404,154874.91,0.0,50753.16,104121.75,NPR
2026-01-01,ACC0000007405,255571.83,0.0,12352.65,243219.18,NPR
2026-01-01,ACC0000007406,443513.81,59971.59,64893.04,438592.36,NPR
2026-01-01,ACC0000007407,313997.54,3171.62,135132.32,182036.84,NPR
2026-01-01,ACC0000007408,92678.52,0.0,56067.52,36611.0,NPR
2026-01-01,ACC0000007409,64216.94,0.0,0.0,64216.94,NPR
2026-01-01,ACC0000007410,476659.99,0.0,60094.51,416565.48,NPR
2026-01-01,ACC0000007411,89855.12,0.0,0.0,89855.12,NPR
2026-01-01,ACC0000007412,247994.69,0.0,34565.48,213429.21,NPR
2026-01-01,ACC0000007413,36918.6,0.0,25781.09,11137.51,NPR
2026-01-01,ACC0000007414,20528.51,0.0,20222.36,306.15,NPR
2026-01-01,ACC0000007415,298218.98,0.0,13600.33,284618.65,NPR
2026-01-01,ACC0000007416,219262.79,51544.74,77635.67,193171.86,NPR
2026-01-01,ACC0000007417,284719.95,22681.67,27951.46,279450.16,NPR
2026-01-01,ACC0000007418,15998.01,41351.68,192298.28,-134948.59,NPR
2026-01-01,ACC0000007419,90090.68,37879.54,94652.49,33317.73,NPR
2026-01-01,ACC0000007420,173127.04,0.0,38907.68,134219.36,NPR
2026-01-01,ACC0000007421,252697.61,0.0,5372.41,247325.2,NPR
2026-01-01,ACC0000007422,171336.95,0.0,50256.53,121080.42,NPR
2026-01-01,ACC0000007423,152946.63,0.0,0.0,152946.63,NPR
2026-01-01,ACC0000007424,263500.25,0.0,0.0,263500.25,NPR
2026-01-01,ACC0000007425,469938.78,56117.09,22587.73,503468.14,NPR
2026-01-01,ACC0000007426,203097.37,19634.43,92976.81,129754.99,NPR
2026-01-01,ACC0000007427,357088.94,0.0,90048.86,267040.08,NPR
2026-01-01,ACC0000007428,296582.56,6571.25,44504.42,258649.39,NPR
2026-01-01,ACC0000007429,36688.16,0.0,0.0,36688.16,NPR
2026-01-01,ACC0000007430,42482.56,691.69,13051.55,30122.7,NPR
2026-01-01,ACC0000007431,247534.96,47370.43,10275.87,284629.52,NPR
2026-01-01,ACC0000007432,177183.98,34415.45,111000.68,100598.75,NPR
2026-01-01,ACC0000007433,29370.54,57374.29,61041.34,25703.49,NPR
2026-01-01,ACC0000007434,268107.09,0.0,0.0,268107.09,NPR
2026-01-01,ACC0000007435,419792.76,49052.35,0.0,468845.11,NPR
2026-01-01,ACC0000007436,362358.42,0.0,34167.98,328190.44,NPR
2026-01-01,ACC0000007437,298671.56,27153.29,15607.56,310217.29,NPR
2026-01-01,ACC0000007438,351261.13,0.0,0.0,351261.13,NPR
2026-01-01,ACC0000007439,21863.81,0.0,0.0,21863.81,NPR
2026-01-01,ACC0000007440,309395.44,0.0,57257.8,252137.64,NPR
2026-01-01,ACC0000007441,130502.23,0.0,12095.07,118407.16,NPR
2026-01-01,ACC0000007442,178652.96,0.0,151076.84,27576.12,NPR
2026-01-01,ACC0000007443,302871.74,15153.27,55817.15,262207.86,NPR
2026-01-01,ACC0000007444,75234.91,0.0,0.0,75234.91,NPR
2026-01-01,ACC0000007445,484268.65,0.0,82043.24,402225.41,NPR
2026-01-01,ACC0000007446,127601.1,0.0,0.0,127601.1,NPR
2026-01-01,ACC0000007447,82054.41,38646.28,22970.24,97730.45,NPR
2026-01-01,ACC0000007448,438940.35,0.0,32642.54,406297.81,NPR
2026-01-01,ACC0000007449,65502.51,63608.6,53243.77,75867.34,NPR
2026-01-01,ACC0000007450,446625.72,41570.92,45371.78,442824.86,NPR
2026-01-01,ACC0000007451,244914.07,61706.57,164510.86,142109.78,NPR
2026-01-01,ACC0000007452,102531.96,22407.43,71974.56,52964.83,NPR
2026-01-01,ACC0000007453,481435.3,94858.48,38452.71,537841.07,NPR
2026-01-01,ACC0000007454,191497.04,0.0,0.0,191497.04,NPR
2026-01-01,ACC0000007455,190441.39,0.0,13625.09,176816.3,NPR
2026-01-01,ACC0000007456,360070.7,0.0,0.0,360070.7,NPR
2026-01-01,ACC0000007457,252933.57,0.0,18913.03,234020.54,NPR
2026-01-01,ACC0000007458,399313.59,18447.09,88828.93,328931.75,NPR
2026-01-01,ACC0000007459,494740.67,11897.23,42505.5,464132.4,NPR
2026-01-01,ACC0000007460,328058.21,34965.81,23127.18,339896.84,NPR
2026-01-01,ACC0000007461,381016.23,0.0,62809.25,318206.98,NPR
2026-01-01,ACC0000007462,63896.45,18285.68,0.0,82182.13,NPR
2026-01-01,ACC0000007463,385520.56,36948.87,39180.62,383288.81,NPR
2026-01-01,ACC0000007464,176040.02,49154.92,56522.93,168672.01,NPR
2026-01-01,ACC0000007465,184409.56,0.0,0.0,184409.56,NPR
2026-01-01,ACC0000007466,497338.91,0.0,0.0,497338.91,NPR
2026-01-01,ACC0000007467,169973.68,0.0,0.0,169973.68,NPR
2026-01-01,ACC0000007468,100014.37,10396.11,13381.01,97029.47,NPR
2026-01-01,ACC0000007469,212833.97,0.0,0.0,212833.97,NPR
2026-01-01,ACC0000007470,292917.78,0.0,49486.24,243431.54,NPR
2026-01-01,ACC0000007471,351352.85,0.0,0.0,351352.85,NPR
2026-01-01,ACC0000007472,316086.76,37706.02,41733.2,312059.58,NPR
2026-01-01,ACC0000007473,273775.46,46771.03,41647.1,278899.39,NPR
2026-01-01,ACC0000007474,5283.84,0.0,0.0,5283.84,NPR
2026-01-01,ACC0000007475,110060.02,0.0,0.0,110060.02,NPR
2026-01-01,ACC0000007476,333544.3,0.0,31123.12,302421.18,NPR
2026-01-01,ACC0000007477,463913.39,0.0,0.0,463913.39,NPR
2026-01-01,ACC0000007478,120008.37,34034.96,60284.35,93758.98,NPR
2026-01-01,ACC0000007479,90875.58,12645.53,124471.99,-20950.88,NPR
2026-01-01,ACC0000007480,152334.35,0.0,40015.32,112319.03,NPR
2026-01-01,ACC0000007481,450543.82,0.0,72262.89,378280.93,NPR
2026-01-01,ACC0000007482,113756.32,45625.44,33617.1,125764.66,NPR
2026-01-01,ACC0000007483,420256.86,0.0,106912.93,313343.93,NPR
2026-01-01,ACC0000007484,271803.66,0.0,72374.45,199429.21,NPR
2026-01-01,ACC0000007485,404478.77,0.0,109506.66,294972.11,NPR
2026-01-01,ACC0000007486,236732.59,8786.27,105352.4,140166.46,NPR
2026-01-01,ACC0000007487,37256.75,0.0,0.0,37256.75,NPR
2026-01-01,ACC0000007488,47722.04,0.0,0.0,47722.04,NPR
2026-01-01,ACC0000007489,463881.99,0.0,114814.18,349067.81,NPR
2026-01-01,ACC0000007490,86796.47,0.0,73671.63,13124.84,NPR
2026-01-01,ACC0000007491,235615.65,0.0,20513.84,215101.81,NPR
2026-01-01,ACC0000007492,347307.3,0.0,128400.17,218907.13,NPR
2026-01-01,ACC0000007493,197247.68,0.0,28538.68,168709.0,NPR
2026-01-01,ACC0000007494,381300.63,14688.87,70555.42,325434.08,NPR
2026-01-01,ACC0000007495,256236.29,0.0,141185.41,115050.88,NPR
2026-01-01,ACC0000007496,119243.55,0.0,7141.81,112101.74,NPR
2026-01-01,ACC0000007497,182564.14,0.0,0.0,182564.14,NPR
2026-01-01,ACC0000007498,275074.75,0.0,0.0,275074.75,NPR
2026-01-01,ACC0000007499,261468.48,0.0,9765.48,251703.0,NPR
2026-01-01,ACC0000007500,40273.95,0.0,0.0,40273.95,NPR
2026-01-01,ACC0000007501,98267.55,25215.98,183236.96,-59753.43,NPR
2026-01-01,ACC0000007502,122693.67,0.0,0.0,122693.67,NPR
2026-01-01,ACC0000007503,176435.66,27133.79,68642.53,134926.92,NPR
2026-01-01,ACC0000007504,284486.19,87316.17,55249.37,316552.99,NPR
2026-01-01,ACC0000007505,211539.14,0.0,82730.73,128808.41,NPR
2026-01-01,ACC0000007506,80882.05,0.0,0.0,80882.05,NPR
2026-01-01,ACC0000007507,406176.36,45758.99,169063.88,282871.47,NPR
2026-01-01,ACC0000007508,113118.33,34120.43,12248.59,134990.17,NPR
2026-01-01,ACC0000007509,171722.46,0.0,34962.03,136760.43,NPR
2026-01-01,ACC0000007510,92702.92,0.0,88781.45,3921.47,NPR
2026-01-01,ACC0000007511,201256.58,0.0,54694.81,146561.77,NPR
2026-01-01,ACC0000007512,7425.42,3635.9,108637.59,-97576.27,NPR
2026-01-01,ACC0000007513,43133.99,0.0,26700.36,16433.63,NPR
2026-01-01,ACC0000007514,389359.23,0.0,71068.13,318291.1,NPR
2026-01-01,ACC0000007515,119867.89,34847.89,63838.03,90877.75,NPR
2026-01-01,ACC0000007516,130458.79,0.0,0.0,130458.79,NPR
2026-01-01,ACC0000007517,286857.62,0.0,49004.03,237853.59,NPR
2026-01-01,ACC0000007518,318498.63,0.0,43940.01,274558.62,NPR
2026-01-01,ACC0000007519,425473.14,10398.85,56280.06,379591.93,NPR
2026-01-01,ACC0000007520,498149.84,0.0,108798.27,389351.57,NPR
2026-01-01,ACC0000007521,304670.07,0.0,0.0,304670.07,NPR
2026-01-01,ACC0000007522,371590.35,25895.34,56951.65,340534.04,NPR
2026-01-01,ACC0000007523,90912.59,41908.4,77128.31,55692.68,NPR
2026-01-01,ACC0000007524,322490.9,7779.86,51758.59,278512.17,NPR
2026-01-01,ACC0000007525,100575.21,0.0,0.0,100575.21,NPR
2026-01-01,ACC0000007526,428447.14,43672.0,68050.67,404068.47,NPR
2026-01-01,ACC0000007527,161392.37,0.0,101340.33,60052.04,NPR
2026-01-01,ACC0000007528,256501.16,0.0,0.0,256501.16,NPR
2026-01-01,ACC0000007529,41655.75,0.0,0.0,41655.75,NPR
2026-01-01,ACC0000007530,386590.0,21564.53,48106.11,360048.42,NPR
2026-01-01,ACC0000007531,151944.25,0.0,60669.14,91275.11,NPR
2026-01-01,ACC0000007532,56006.73,0.0,60170.36,-4163.63,NPR
2026-01-01,ACC0000007533,442096.37,26399.92,59060.9,409435.39,NPR
2026-01-01,ACC0000007534,97556.54,0.0,79815.58,17740.96,NPR
2026-01-01,ACC0000007535,78820.63,0.0,0.0,78820.63,NPR
2026-01-01,ACC0000007536,258343.18,0.0,0.0,258343.18,NPR
2026-01-01,ACC0000007537,455519.78,0.0,0.0,455519.78,NPR
2026-01-01,ACC0000007538,7395.39,49192.8,45385.33,11202.86,NPR
2026-01-01,ACC0000007539,289108.59,93968.75,37721.22,345356.12,NPR
2026-01-01,ACC0000007540,241779.5,108409.21,93528.96,256659.75,NPR
2026-01-01,ACC0000007541,338548.44,43909.74,45433.14,337025.04,NPR
2026-01-01,ACC0000007542,231421.6,0.0,27559.33,203862.27,NPR
2026-01-01,ACC0000007543,441173.49,0.0,77090.06,364083.43,NPR
2026-01-01,ACC0000007544,42892.13,29210.11,31459.45,40642.79,NPR
2026-01-01,ACC0000007545,208026.44,0.0,0.0,208026.44,NPR
2026-01-01,ACC0000007546,97854.35,0.0,68343.1,29511.25,NPR
2026-01-01,ACC0000007547,168352.21,0.0,111823.57,56528.64,NPR
2026-01-01,ACC0000007548,201523.49,0.0,34817.59,166705.9,NPR
2026-01-01,ACC0000007549,407964.82,0.0,0.0,407964.82,NPR
2026-01-01,ACC0000007550,186950.16,0.0,0.0,186950.16,NPR
2026-01-01,ACC0000007551,156137.26,0.0,7489.35,148647.91,NPR
2026-01-01,ACC0000007552,290313.74,0.0,50135.84,240177.9,NPR
2026-01-01,ACC0000007553,350893.42,0.0,87894.49,262998.93,NPR
2026-01-01,ACC0000007554,75869.88,29108.82,57901.42,47077.28,NPR
2026-01-01,ACC0000007555,431555.8,0.0,48394.5,383161.3,NPR
2026-01-01,ACC0000007556,481044.56,23801.64,17011.45,487834.75,NPR
2026-01-01,ACC0000007557,141475.65,0.0,50725.84,90749.81,NPR
2026-01-01,ACC0000007558,399946.54,0.0,62934.09,337012.45,NPR
2026-01-01,ACC0000007559,109968.96,0.0,39010.95,70958.01,NPR
2026-01-01,ACC0000007560,174369.06,53098.59,92102.0,135365.65,NPR
2026-01-01,ACC0000007561,360132.08,0.0,0.0,360132.08,NPR
2026-01-01,ACC0000007562,137371.43,0.0,0.0,137371.43,NPR
2026-01-01,ACC0000007563,268052.33,0.0,94064.77,173987.56,NPR
2026-01-01,ACC0000007564,5247.44,0.0,85017.58,-79770.14,NPR
2026-01-01,ACC0000007565,248678.59,0.0,84407.29,164271.3,NPR
2026-01-01,ACC0000007566,191136.3,11802.18,44303.03,158635.45,NPR
2026-01-01,ACC0000007567,422473.41,0.0,0.0,422473.41,NPR
2026-01-01,ACC0000007568,277595.6,0.0,11133.99,266461.61,NPR
2026-01-01,ACC0000007569,8888.24,27972.59,70741.03,-33880.2,NPR
2026-01-01,ACC0000007570,166116.7,23066.75,0.0,189183.45,NPR
2026-01-01,ACC0000007571,188552.01,0.0,60071.04,128480.97,NPR
2026-01-01,ACC0000007572,477865.44,37110.43,94070.68,420905.19,NPR
2026-01-01,ACC0000007573,250695.76,0.0,159119.5,91576.26,NPR
2026-01-01,ACC0000007574,361016.52,0.0,12344.55,348671.97,NPR
2026-01-01,ACC0000007575,334987.04,0.0,0.0,334987.04,NPR
2026-01-01,ACC0000007576,20581.88,0.0,0.0,20581.88,NPR
2026-01-01,ACC0000007577,18048.62,0.0,79333.89,-61285.27,NPR
2026-01-01,ACC0000007578,421301.33,0.0,0.0,421301.33,NPR
2026-01-01,ACC0000007579,153658.71,41538.55,121882.05,73315.21,NPR
2026-01-01,ACC0000007580,414348.71,54458.26,48837.14,419969.83,NPR
2026-01-01,ACC0000007581,495732.23,0.0,24331.06,471401.17,NPR
2026-01-01,ACC0000007582,276930.62,56757.97,45757.64,287930.95,NPR
2026-01-01,ACC0000007583,279549.22,0.0,79950.07,199599.15,NPR
2026-01-01,ACC0000007584,486454.38,0.0,39446.64,447007.74,NPR
2026-01-01,ACC0000007585,373505.89,0.0,0.0,373505.89,NPR
2026-01-01,ACC0000007586,420120.15,40205.72,43724.44,416601.43,NPR
2026-01-01,ACC0000007587,344516.49,0.0,29638.35,314878.14,NPR
2026-01-01,ACC0000007588,192489.76,109655.11,44931.68,257213.19,NPR
2026-01-01,ACC0000007589,112023.55,0.0,112466.09,-442.54,NPR
2026-01-01,ACC0000007590,222209.04,0.0,39104.96,183104.08,NPR
2026-01-01,ACC0000007591,284184.54,0.0,58350.06,225834.48,NPR
2026-01-01,ACC0000007592,298328.76,0.0,98369.51,199959.25,NPR
2026-01-01,ACC0000007593,158919.35,0.0,24551.79,134367.56,NPR
2026-01-01,ACC0000007594,174161.08,74224.18,121456.08,126929.18,NPR
2026-01-01,ACC0000007595,369065.59,0.0,72478.8,296586.79,NPR
2026-01-01,ACC0000007596,314152.32,0.0,69043.09,245109.23,NPR
2026-01-01,ACC0000007597,313594.91,80820.7,146091.89,248323.72,NPR
2026-01-01,ACC0000007598,18929.9,0.0,22589.95,-3660.05,NPR
2026-01-01,ACC0000007599,347605.02,0.0,48194.51,299410.51,NPR
2026-01-01,ACC0000007600,45629.24,60379.38,66662.52,39346.1,NPR
2026-01-01,ACC0000007601,125789.35,17990.46,49518.57,94261.24,NPR
2026-01-01,ACC0000007602,297052.96,19261.64,33372.81,282941.79,NPR
2026-01-01,ACC0000007603,340767.34,0.0,29040.6,311726.74,NPR
2026-01-01,ACC0000007604,213205.41,0.0,18972.7,194232.71,NPR
2026-01-01,ACC0000007605,159896.2,0.0,66200.99,93695.21,NPR
2026-01-01,ACC0000007606,498769.81,0.0,0.0,498769.81,NPR
2026-01-01,ACC0000007607,50212.69,12932.81,51181.96,11963.54,NPR
2026-01-01,ACC0000007608,449420.04,15841.29,85479.88,379781.45,NPR
2026-01-01,ACC0000007609,224992.64,0.0,0.0,224992.64,NPR
2026-01-01,ACC0000007610,304464.57,0.0,57276.88,247187.69,NPR
2026-01-01,ACC0000007611,339348.68,16775.95,77170.41,278954.22,NPR
2026-01-01,ACC0000007612,128440.06,0.0,27091.37,101348.69,NPR
2026-01-01,ACC0000007613,121277.4,0.0,74555.71,46721.69,NPR
2026-01-01,ACC0000007614,367799.99,0.0,66905.9,300894.09,NPR
2026-01-01,ACC0000007615,442065.38,47680.03,63117.95,426627.46,NPR
2026-01-01,ACC0000007616,477692.82,0.0,14222.41,463470.41,NPR
2026-01-01,ACC0000007617,311635.83,46718.4,37304.17,321050.06,NPR
2026-01-01,ACC0000007618,48578.78,37385.96,0.0,85964.74,NPR
2026-01-01,ACC0000007619,35196.13,0.0,138371.67,-103175.54,NPR
2026-01-01,ACC0000007620,283459.2,0.0,0.0,283459.2,NPR
2026-01-01,ACC0000007621,316920.09,3120.91,22183.05,297857.95,NPR
2026-01-01,ACC0000007622,444486.36,33012.17,32207.13,445291.4,NPR
2026-01-01,ACC0000007623,273827.56,14490.24,47940.17,240377.63,NPR
2026-01-01,ACC0000007624,322241.73,0.0,10779.13,311462.6,NPR
2026-01-01,ACC0000007625,323596.35,0.0,57583.1,266013.25,NPR
2026-01-01,ACC0000007626,318590.64,82154.49,0.0,400745.13,NPR
2026-01-01,ACC0000007627,275120.3,0.0,56788.48,218331.82,NPR
2026-01-01,ACC0000007628,210840.63,33556.72,81205.25,163192.1,NPR
2026-01-01,ACC0000007629,266470.95,0.0,85296.27,181174.68,NPR
2026-01-01,ACC0000007630,486942.89,48175.12,18567.4,516550.61,NPR
2026-01-01,ACC0000007631,235281.73,0.0,27776.45,207505.28,NPR
2026-01-01,ACC0000007632,346954.27,0.0,120210.6,226743.67,NPR
2026-01-01,ACC0000007633,369488.94,0.0,65005.18,304483.76,NPR
2026-01-01,ACC0000007634,77973.52,35088.12,114697.94,-1636.3,NPR
2026-01-01,ACC0000007635,18508.37,0.0,0.0,18508.37,NPR
2026-01-01,ACC0000007636,286082.11,23157.63,64913.13,244326.61,NPR
2026-01-01,ACC0000007637,396914.46,81328.56,151594.85,326648.17,NPR
2026-01-01,ACC0000007638,102703.13,0.0,83615.63,19087.5,NPR
2026-01-01,ACC0000007639,420557.88,35108.14,50493.31,405172.71,NPR
2026-01-01,ACC0000007640,52089.35,29339.42,83210.82,-1782.05,NPR
2026-01-01,ACC0000007641,100157.41,40575.97,29206.04,111527.34,NPR
2026-01-01,ACC0000007642,99869.49,44232.33,0.0,144101.82,NPR
2026-01-01,ACC0000007643,48682.1,1877.15,92294.43,-41735.18,NPR
2026-01-01,ACC0000007644,353270.47,20720.29,74049.02,299941.74,NPR
2026-01-01,ACC0000007645,156526.59,0.0,37652.29,118874.3,NPR
2026-01-01,ACC0000007646,123613.0,63820.96,0.0,187433.96,NPR
2026-01-01,ACC0000007647,14724.81,0.0,197650.67,-182925.86,NPR
2026-01-01,ACC0000007648,318763.32,24248.64,26927.48,316084.48,NPR
2026-01-01,ACC0000007649,343453.11,0.0,172131.84,171321.27,NPR
2026-01-01,ACC0000007650,235969.21,0.0,6476.08,229493.13,NPR
2026-01-01,ACC0000007651,264294.44,29209.81,42244.61,251259.64,NPR
2026-01-01,ACC0000007652,394763.61,0.0,91655.07,303108.54,NPR
2026-01-01,ACC0000007653,334047.82,0.0,99969.71,234078.11,NPR
2026-01-01,ACC0000007654,268894.96,0.0,68634.72,200260.24,NPR
2026-01-01,ACC0000007655,156905.3,0.0,0.0,156905.3,NPR
2026-01-01,ACC0000007656,401855.38,0.0,59652.91,342202.47,NPR
2026-01-01,ACC0000007657,154407.78,55424.3,93243.06,116589.02,NPR
2026-01-01,ACC0000007658,472370.17,11415.85,45168.16,438617.86,NPR
2026-01-01,ACC0000007659,302075.69,47434.43,81918.51,267591.61,NPR
2026-01-01,ACC0000007660,447506.4,43373.12,52758.3,438121.22,NPR
2026-01-01,ACC0000007661,430043.33,33408.13,0.0,463451.46,NPR
2026-01-01,ACC0000007662,183481.43,0.0,48793.88,134687.55,NPR
2026-01-01,ACC0000007663,15561.85,0.0,0.0,15561.85,NPR
2026-01-01,ACC0000007664,64730.5,73193.05,84461.75,53461.8,NPR
2026-01-01,ACC0000007665,136712.46,0.0,18061.57,118650.89,NPR
2026-01-01,ACC0000007666,384989.86,0.0,63021.56,321968.3,NPR
2026-01-01,ACC0000007667,222097.98,0.0,10503.47,211594.51,NPR
2026-01-01,ACC0000007668,233322.06,0.0,0.0,233322.06,NPR
2026-01-01,ACC0000007669,195145.17,0.0,34582.06,160563.11,NPR
2026-01-01,ACC0000007670,127233.92,8055.76,185400.27,-50110.59,NPR
2026-01-01,ACC0000007671,429536.82,0.0,68840.2,360696.62,NPR
2026-01-01,ACC0000007672,134546.37,0.0,103741.02,30805.35,NPR
2026-01-01,ACC0000007673,245761.22,29904.07,101151.27,174514.02,NPR
2026-01-01,ACC0000007674,84990.75,0.0,100333.29,-15342.54,NPR
2026-01-01,ACC0000007675,276493.16,0.0,3973.72,272519.44,NPR
2026-01-01,ACC0000007676,143939.66,0.0,0.0,143939.66,NPR
2026-01-01,ACC0000007677,203121.14,20092.42,24569.15,198644.41,NPR
2026-01-01,ACC0000007678,335730.42,43876.78,79467.63,300139.57,NPR
2026-01-01,ACC0000007679,463113.08,0.0,0.0,463113.08,NPR
2026-01-01,ACC0000007680,299054.93,0.0,25714.96,273339.97,NPR
2026-01-01,ACC0000007681,349811.17,0.0,116119.07,233692.1,NPR
2026-01-01,ACC0000007682,436488.43,0.0,69686.15,366802.28,NPR
2026-01-01,ACC0000007683,303704.2,0.0,72696.59,231007.61,NPR
2026-01-01,ACC0000007684,32644.48,0.0,40987.37,-8342.89,NPR
2026-01-01,ACC0000007685,48808.59,41184.18,95319.32,-5326.55,NPR
2026-01-01,ACC0000007686,458748.56,34627.48,137052.96,356323.08,NPR
2026-01-01,ACC0000007687,495193.05,0.0,131208.82,363984.23,NPR
2026-01-01,ACC0000007688,492771.31,51876.42,31590.12,513057.61,NPR
2026-01-01,ACC0000007689,323481.89,67080.75,82555.18,308007.46,NPR
2026-01-01,ACC0000007690,408289.55,0.0,0.0,408289.55,NPR
2026-01-01,ACC0000007691,33754.08,0.0,122878.85,-89124.77,NPR
2026-01-01,ACC0000007692,465280.43,70771.35,34903.29,501148.49,NPR
2026-01-01,ACC0000007693,176439.06,0.0,0.0,176439.06,NPR
2026-01-01,ACC0000007694,22583.04,0.0,44927.87,-22344.83,NPR
2026-01-01,ACC0000007695,117710.76,0.0,0.0,117710.76,NPR
2026-01-01,ACC0000007696,472694.33,0.0,0.0,472694.33,NPR
2026-01-01,ACC0000007697,284750.23,43654.65,0.0,328404.88,NPR
2026-01-01,ACC0000007698,409369.24,0.0,0.0,409369.24,NPR
2026-01-01,ACC0000007699,227715.33,0.0,130449.78,97265.55,NPR
2026-01-01,ACC0000007700,107986.72,0.0,88719.2,19267.52,NPR
2026-01-01,ACC0000007701,464370.66,0.0,120572.3,343798.36,NPR
2026-01-01,ACC0000007702,61226.01,0.0,87151.76,-25925.75,NPR
2026-01-01,ACC0000007703,60882.01,57424.3,170194.33,-51888.02,NPR
2026-01-01,ACC0000007704,307744.85,0.0,6632.54,301112.31,NPR
2026-01-01,ACC0000007705,264228.59,0.0,11006.8,253221.79,NPR
2026-01-01,ACC0000007706,183287.01,0.0,354.75,182932.26,NPR
2026-01-01,ACC0000007707,443505.44,0.0,29276.89,414228.55,NPR
2026-01-01,ACC0000007708,80504.23,0.0,0.0,80504.23,NPR
2026-01-01,ACC0000007709,133805.66,42762.66,31839.31,144729.01,NPR
2026-01-01,ACC0000007710,422639.17,0.0,18196.07,404443.1,NPR
2026-01-01,ACC0000007711,126055.56,0.0,0.0,126055.56,NPR
2026-01-01,ACC0000007712,79252.45,0.0,0.0,79252.45,NPR
2026-01-01,ACC0000007713,464315.12,0.0,1245.31,463069.81,NPR
2026-01-01,ACC0000007714,2386.7,0.0,24705.0,-22318.3,NPR
2026-01-01,ACC0000007715,250479.73,15990.63,44796.69,221673.67,NPR
2026-01-01,ACC0000007716,5807.95,0.0,152191.56,-146383.61,NPR
2026-01-01,ACC0000007717,269569.14,0.0,87858.88,181710.26,NPR
2026-01-01,ACC0000007718,264228.23,40913.26,73904.98,231236.51,NPR
2026-01-01,ACC0000007719,159789.93,0.0,16681.36,143108.57,NPR
2026-01-01,ACC0000007720,156460.9,0.0,40767.11,115693.79,NPR
2026-01-01,ACC0000007721,408331.08,0.0,0.0,408331.08,NPR
2026-01-01,ACC0000007722,312051.02,31984.88,43510.91,300524.99,NPR
2026-01-01,ACC0000007723,52340.52,0.0,75382.84,-23042.32,NPR
2026-01-01,ACC0000007724,81865.52,0.0,0.0,81865.52,NPR
2026-01-01,ACC0000007725,192371.47,93004.8,53169.39,232206.88,NPR
2026-01-01,ACC0000007726,450688.5,41927.1,0.0,492615.6,NPR
2026-01-01,ACC0000007727,493149.22,16854.62,7986.34,502017.5,NPR
2026-01-01,ACC0000007728,351479.98,0.0,58203.98,293276.0,NPR
2026-01-01,ACC0000007729,282113.31,6943.58,150160.14,138896.75,NPR
2026-01-01,ACC0000007730,316298.23,0.0,34105.73,282192.5,NPR
2026-01-01,ACC0000007731,346198.56,0.0,24293.94,321904.62,NPR
2026-01-01,ACC0000007732,456371.07,0.0,0.0,456371.07,NPR
2026-01-01,ACC0000007733,186369.09,52477.61,0.0,238846.7,NPR
2026-01-01,ACC0000007734,130228.18,0.0,0.0,130228.18,NPR
2026-01-01,ACC0000007735,337767.76,0.0,91818.53,245949.23,NPR
2026-01-01,ACC0000007736,48124.06,0.0,143248.59,-95124.53,NPR
2026-01-01,ACC0000007737,80636.06,0.0,0.0,80636.06,NPR
2026-01-01,ACC0000007738,127203.89,0.0,42119.4,85084.49,NPR
2026-01-01,ACC0000007739,300932.96,0.0,14438.44,286494.52,NPR
2026-01-01,ACC0000007740,432769.38,32579.54,3010.85,462338.07,NPR
2026-01-01,ACC0000007741,369215.12,19278.71,19606.95,368886.88,NPR
2026-01-01,ACC0000007742,285174.37,0.0,124834.35,160340.02,NPR
2026-01-01,ACC0000007743,60630.71,0.0,16928.0,43702.71,NPR
2026-01-01,ACC0000007744,412601.2,0.0,39754.91,372846.29,NPR
2026-01-01,ACC0000007745,76077.92,24897.61,65976.64,34998.89,NPR
2026-01-01,ACC0000007746,56242.74,40735.62,65964.11,31014.25,NPR
2026-01-01,ACC0000007747,2656.38,0.0,44421.92,-41765.54,NPR
2026-01-01,ACC0000007748,226633.1,28801.31,40684.05,214750.36,NPR
2026-01-01,ACC0000007749,125729.89,0.0,69624.59,56105.3,NPR
2026-01-01,ACC0000007750,75634.51,39259.75,0.0,114894.26,NPR
2026-01-01,ACC0000007751,445972.89,0.0,60126.04,385846.85,NPR
2026-01-01,ACC0000007752,303562.14,37898.72,163600.62,177860.24,NPR
2026-01-01,ACC0000007753,461507.02,39723.59,41998.3,459232.31,NPR
2026-01-01,ACC0000007754,248215.76,0.0,53205.27,195010.49,NPR
2026-01-01,ACC0000007755,281448.2,0.0,46042.49,235405.71,NPR
2026-01-01,ACC0000007756,161232.22,0.0,10939.0,150293.22,NPR
2026-01-01,ACC0000007757,442573.97,0.0,69770.69,372803.28,NPR
2026-01-01,ACC0000007758,289876.82,28378.38,119552.48,198702.72,NPR
2026-01-01,ACC0000007759,387656.78,0.0,22338.01,365318.77,NPR
2026-01-01,ACC0000007760,106399.1,43302.71,52418.76,97283.05,NPR
2026-01-01,ACC0000007761,434508.09,0.0,0.0,434508.09,NPR
2026-01-01,ACC0000007762,472191.14,0.0,61029.11,411162.03,NPR
2026-01-01,ACC0000007763,308702.68,0.0,24702.62,284000.06,NPR
2026-01-01,ACC0000007764,20590.68,48016.8,113042.45,-44434.97,NPR
2026-01-01,ACC0000007765,346294.31,20048.38,3285.13,363057.56,NPR
2026-01-01,ACC0000007766,271027.34,0.0,40758.6,230268.74,NPR
2026-01-01,ACC0000007767,492907.12,29339.75,57854.44,464392.43,NPR
2026-01-01,ACC0000007768,168598.5,0.0,44300.58,124297.92,NPR
2026-01-01,ACC0000007769,334086.49,0.0,0.0,334086.49,NPR
2026-01-01,ACC0000007770,175643.99,49070.04,92568.85,132145.18,NPR
2026-01-01,ACC0000007771,412720.51,94574.71,82031.88,425263.34,NPR
2026-01-01,ACC0000007772,346010.31,9384.78,36099.7,319295.39,NPR
2026-01-01,ACC0000007773,64946.82,0.0,35178.3,29768.52,NPR
2026-01-01,ACC0000007774,14470.38,9769.4,28749.2,-4509.42,NPR
2026-01-01,ACC0000007775,207296.83,0.0,0.0,207296.83,NPR
2026-01-01,ACC0000007776,278390.89,0.0,0.0,278390.89,NPR
2026-01-01,ACC0000007777,137360.41,0.0,127037.3,10323.11,NPR
2026-01-01,ACC0000007778,25837.72,0.0,0.0,25837.72,NPR
2026-01-01,ACC0000007779,201074.46,9971.64,105892.49,105153.61,NPR
2026-01-01,ACC0000007780,282538.77,0.0,45067.31,237471.46,NPR
2026-01-01,ACC0000007781,142004.74,8868.55,12007.69,138865.6,NPR
2026-01-01,ACC0000007782,493980.93,0.0,0.0,493980.93,NPR
2026-01-01,ACC0000007783,128349.56,0.0,0.0,128349.56,NPR
2026-01-01,ACC0000007784,223941.55,0.0,74683.49,149258.06,NPR
2026-01-01,ACC0000007785,32560.21,0.0,1965.36,30594.85,NPR
2026-01-01,ACC0000007786,209423.82,0.0,0.0,209423.82,NPR
2026-01-01,ACC0000007787,490784.52,0.0,11836.42,478948.1,NPR
2026-01-01,ACC0000007788,93580.16,0.0,0.0,93580.16,NPR
2026-01-01,ACC0000007789,160363.04,0.0,52346.42,108016.62,NPR
2026-01-01,ACC0000007790,117170.15,0.0,98548.87,18621.28,NPR
2026-01-01,ACC0000007791,102056.3,11141.17,37233.98,75963.49,NPR
2026-01-01,ACC0000007792,43505.01,0.0,84245.01,-40740.0,NPR
2026-01-01,ACC0000007793,374913.7,31366.58,42453.39,363826.89,NPR
2026-01-01,ACC0000007794,369953.12,0.0,25352.55,344600.57,NPR
2026-01-01,ACC0000007795,483012.93,0.0,59302.04,423710.89,NPR
2026-01-01,ACC0000007796,121873.45,0.0,0.0,121873.45,NPR
2026-01-01,ACC0000007797,368394.49,0.0,73315.76,295078.73,NPR
2026-01-01,ACC0000007798,398084.15,0.0,0.0,398084.15,NPR
2026-01-01,ACC0000007799,334730.37,0.0,74236.94,260493.43,NPR
2026-01-01,ACC0000007800,453040.72,0.0,0.0,453040.72,NPR
2026-01-01,ACC0000007801,166667.1,0.0,71069.72,95597.38,NPR
2026-01-01,ACC0000007802,40178.03,0.0,21046.19,19131.84,NPR
2026-01-01,ACC0000007803,45334.48,0.0,0.0,45334.48,NPR
2026-01-01,ACC0000007804,12922.26,37778.53,0.0,50700.79,NPR
2026-01-01,ACC0000007805,335000.27,42011.83,22362.96,354649.14,NPR
2026-01-01,ACC0000007806,155068.54,37249.47,48267.44,144050.57,NPR
2026-01-01,ACC0000007807,81028.0,0.0,0.0,81028.0,NPR
2026-01-01,ACC0000007808,210903.83,22343.16,73257.58,159989.41,NPR
2026-01-01,ACC0000007809,83935.14,0.0,77240.0,6695.14,NPR
2026-01-01,ACC0000007810,294619.1,37426.4,101826.21,230219.29,NPR
2026-01-01,ACC0000007811,18970.06,23876.39,33533.41,9313.04,NPR
2026-01-01,ACC0000007812,104187.42,0.0,0.0,104187.42,NPR
2026-01-01,ACC0000007813,105188.78,0.0,5303.9,99884.88,NPR
2026-01-01,ACC0000007814,49864.91,0.0,31769.92,18094.99,NPR
2026-01-01,ACC0000007815,65196.1,0.0,58289.91,6906.19,NPR
2026-01-01,ACC0000007816,277075.75,0.0,23096.19,253979.56,NPR
2026-01-01,ACC0000007817,26606.7,0.0,63978.66,-37371.96,NPR
2026-01-01,ACC0000007818,353552.6,22894.49,63481.5,312965.59,NPR
2026-01-01,ACC0000007819,167945.06,0.0,28630.27,139314.79,NPR
2026-01-01,ACC0000007820,22173.78,0.0,17689.83,4483.95,NPR
2026-01-01,ACC0000007821,138780.26,0.0,33473.85,105306.41,NPR
2026-01-01,ACC0000007822,197334.63,12361.91,0.0,209696.54,NPR
2026-01-01,ACC0000007823,399720.44,30113.65,46921.51,382912.58,NPR
2026-01-01,ACC0000007824,353708.95,0.0,12675.96,341032.99,NPR
2026-01-01,ACC0000007825,259336.24,0.0,0.0,259336.24,NPR
2026-01-01,ACC0000007826,34983.38,0.0,0.0,34983.38,NPR
2026-01-01,ACC0000007827,270984.18,0.0,91786.65,179197.53,NPR
2026-01-01,ACC0000007828,414073.46,7368.73,37032.07,384410.12,NPR
2026-01-01,ACC0000007829,281602.76,0.0,55776.49,225826.27,NPR
2026-01-01,ACC0000007830,14198.15,0.0,86169.49,-71971.34,NPR
2026-01-01,ACC0000007831,299751.98,0.0,0.0,299751.98,NPR
2026-01-01,ACC0000007832,216309.08,0.0,8906.2,207402.88,NPR
2026-01-01,ACC0000007833,232978.44,0.0,7025.8,225952.64,NPR
2026-01-01,ACC0000007834,492017.91,85572.78,0.0,577590.69,NPR
2026-01-01,ACC0000007835,472401.11,0.0,36030.99,436370.12,NPR
2026-01-01,ACC0000007836,100898.52,0.0,0.0,100898.52,NPR
2026-01-01,ACC0000007837,313295.91,0.0,45404.26,267891.65,NPR
2026-01-01,ACC0000007838,346650.92,7917.46,37622.48,316945.9,NPR
2026-01-01,ACC0000007839,109604.27,0.0,110971.28,-1367.01,NPR
2026-01-01,ACC0000007840,342737.93,0.0,0.0,342737.93,NPR
2026-01-01,ACC0000007841,488450.28,47702.43,44664.96,491487.75,NPR
2026-01-01,ACC0000007842,53426.01,0.0,0.0,53426.01,NPR
2026-01-01,ACC0000007843,309553.09,0.0,93936.79,215616.3,NPR
2026-01-01,ACC0000007844,64611.73,44540.77,0.0,109152.5,NPR
2026-01-01,ACC0000007845,498352.94,0.0,0.0,498352.94,NPR
2026-01-01,ACC0000007846,449686.24,0.0,81515.99,368170.25,NPR
2026-01-01,ACC0000007847,346283.6,0.0,24951.77,321331.83,NPR
2026-01-01,ACC0000007848,298755.94,0.0,45757.67,252998.27,NPR
2026-01-01,ACC0000007849,399339.07,53258.59,104799.93,347797.73,NPR
2026-01-01,ACC0000007850,11275.52,0.0,0.0,11275.52,NPR
2026-01-01,ACC0000007851,53839.58,0.0,14874.48,38965.1,NPR
2026-01-01,ACC0000007852,298187.86,0.0,42319.87,255867.99,NPR
2026-01-01,ACC0000007853,486676.23,0.0,49637.84,437038.39,NPR
2026-01-01,ACC0000007854,316029.81,0.0,149929.79,166100.02,NPR
2026-01-01,ACC0000007855,325219.85,0.0,64825.41,260394.44,NPR
2026-01-01,ACC0000007856,33981.03,0.0,75074.42,-41093.39,NPR
2026-01-01,ACC0000007857,63831.87,0.0,22800.46,41031.41,NPR
2026-01-01,ACC0000007858,73639.73,0.0,40071.06,33568.67,NPR
2026-01-01,ACC0000007859,332526.56,0.0,0.0,332526.56,NPR
2026-01-01,ACC0000007860,47183.0,3757.89,128632.41,-77691.52,NPR
2026-01-01,ACC0000007861,33070.02,0.0,144369.55,-111299.53,NPR
2026-01-01,ACC0000007862,444171.77,10802.72,15702.98,439271.51,NPR
2026-01-01,ACC0000007863,167410.57,0.0,42322.97,125087.6,NPR
2026-01-01,ACC0000007864,315052.92,0.0,140645.1,174407.82,NPR
2026-01-01,ACC0000007865,241085.79,0.0,68857.33,172228.46,NPR
2026-01-01,ACC0000007866,331851.44,0.0,102680.4,229171.04,NPR
2026-01-01,ACC0000007867,258283.76,0.0,52121.01,206162.75,NPR
2026-01-01,ACC0000007868,281684.91,0.0,43179.8,238505.11,NPR
2026-01-01,ACC0000007869,298615.07,0.0,65834.34,232780.73,NPR
2026-01-01,ACC0000007870,178131.04,0.0,80078.83,98052.21,NPR
2026-01-01,ACC0000007871,408347.94,0.0,6084.13,402263.81,NPR
2026-01-01,ACC0000007872,226486.7,0.0,37697.18,188789.52,NPR
2026-01-01,ACC0000007873,225261.77,0.0,179639.01,45622.76,NPR
2026-01-01,ACC0000007874,233641.94,0.0,79144.42,154497.52,NPR
2026-01-01,ACC0000007875,347828.1,0.0,78717.94,269110.16,NPR
2026-01-01,ACC0000007876,136036.63,0.0,0.0,136036.63,NPR
2026-01-01,ACC0000007877,91042.09,32914.7,82014.94,41941.85,NPR
2026-01-01,ACC0000007878,448477.55,41297.78,28621.13,461154.2,NPR
2026-01-01,ACC0000007879,284373.52,0.0,75290.84,209082.68,NPR
2026-01-01,ACC0000007880,33884.69,0.0,0.0,33884.69,NPR
2026-01-01,ACC0000007881,8149.84,0.0,74944.48,-66794.64,NPR
2026-01-01,ACC0000007882,105994.37,0.0,0.0,105994.37,NPR
2026-01-01,ACC0000007883,96109.65,0.0,142893.72,-46784.07,NPR
2026-01-01,ACC0000007884,115856.6,0.0,93783.77,22072.83,NPR
2026-01-01,ACC0000007885,165928.43,0.0,31464.05,134464.38,NPR
2026-01-01,ACC0000007886,216666.93,26093.23,63026.46,179733.7,NPR
2026-01-01,ACC0000007887,154358.54,22492.53,7290.18,169560.89,NPR
2026-01-01,ACC0000007888,197344.15,0.0,0.0,197344.15,NPR
2026-01-01,ACC0000007889,467664.46,17726.38,61992.34,423398.5,NPR
2026-01-01,ACC0000007890,492353.08,42573.8,10439.85,524487.03,NPR
2026-01-01,ACC0000007891,99309.84,14215.57,10511.43,103013.98,NPR
2026-01-01,ACC0000007892,364721.32,20091.4,60546.32,324266.4,NPR
2026-01-01,ACC0000007893,171789.48,0.0,0.0,171789.48,NPR
2026-01-01,ACC0000007894,395590.74,71877.05,89293.67,378174.12,NPR
2026-01-01,ACC0000007895,279627.51,31359.22,23630.61,287356.12,NPR
2026-01-01,ACC0000007896,55507.76,45936.28,0.0,101444.04,NPR
2026-01-01,ACC0000007897,148448.05,0.0,0.0,148448.05,NPR
2026-01-01,ACC0000007898,245111.46,36283.14,11209.08,270185.52,NPR
2026-01-01,ACC0000007899,272495.25,29933.12,20122.75,282305.62,NPR
2026-01-01,ACC0000007900,489055.6,5757.99,27635.86,467177.73,NPR
2026-01-01,ACC0000007901,387803.92,44631.94,32129.83,400306.03,NPR
2026-01-01,ACC0000007902,480817.04,0.0,0.0,480817.04,NPR
2026-01-01,ACC0000007903,286697.87,17924.71,0.0,304622.58,NPR
2026-01-01,ACC0000007904,439288.72,0.0,6400.75,432887.97,NPR
2026-01-01,ACC0000007905,62601.18,42095.73,46744.28,57952.63,NPR
2026-01-01,ACC0000007906,399591.73,0.0,69406.41,330185.32,NPR
2026-01-01,ACC0000007907,272972.23,0.0,37470.63,235501.6,NPR
2026-01-01,ACC0000007908,368915.66,17136.46,59171.92,326880.2,NPR
2026-01-01,ACC0000007909,415666.22,15335.27,51968.8,379032.69,NPR
2026-01-01,ACC0000007910,5672.52,0.0,40361.1,-34688.58,NPR
2026-01-01,ACC0000007911,31868.51,3814.83,69762.92,-34079.58,NPR
2026-01-01,ACC0000007912,258018.82,39297.51,45063.48,252252.85,NPR
2026-01-01,ACC0000007913,100601.29,0.0,37766.79,62834.5,NPR
2026-01-01,ACC0000007914,133483.39,0.0,137667.65,-4184.26,NPR
2026-01-01,ACC0000007915,403710.84,47433.73,23672.93,427471.64,NPR
2026-01-01,ACC0000007916,357684.68,0.0,0.0,357684.68,NPR
2026-01-01,ACC0000007917,340732.94,55871.48,103857.46,292746.96,NPR
2026-01-01,ACC0000007918,418525.43,0.0,54782.49,363742.94,NPR
2026-01-01,ACC0000007919,481824.02,0.0,63994.4,417829.62,NPR
2026-01-01,ACC0000007920,91549.88,0.0,78017.13,13532.75,NPR
2026-01-01,ACC0000007921,18184.47,0.0,107843.21,-89658.74,NPR
2026-01-01,ACC0000007922,483062.79,88124.07,77838.35,493348.51,NPR
2026-01-01,ACC0000007923,338524.18,0.0,8481.88,330042.3,NPR
2026-01-01,ACC0000007924,276418.21,0.0,172539.64,103878.57,NPR
2026-01-01,ACC0000007925,63095.95,0.0,31903.87,31192.08,NPR
2026-01-01,ACC0000007926,13183.64,0.0,66398.89,-53215.25,NPR
2026-01-01,ACC0000007927,258240.06,0.0,45080.05,213160.01,NPR
2026-01-01,ACC0000007928,362495.71,0.0,66748.44,295747.27,NPR
2026-01-01,ACC0000007929,137739.59,0.0,0.0,137739.59,NPR
2026-01-01,ACC0000007930,183950.51,86004.46,3117.06,266837.91,NPR
2026-01-01,ACC0000007931,319183.8,39956.69,30153.23,328987.26,NPR
2026-01-01,ACC0000007932,1151.36,0.0,70377.72,-69226.36,NPR
2026-01-01,ACC0000007933,26491.15,36405.31,38126.31,24770.15,NPR
2026-01-01,ACC0000007934,13509.43,19468.59,9089.16,23888.86,NPR
2026-01-01,ACC0000007935,36806.34,45981.9,49787.5,33000.74,NPR
2026-01-01,ACC0000007936,231857.28,0.0,76107.35,155749.93,NPR
2026-01-01,ACC0000007937,377525.79,0.0,0.0,377525.79,NPR
2026-01-01,ACC0000007938,19908.42,0.0,39330.31,-19421.89,NPR
2026-01-01,ACC0000007939,364859.1,36931.44,53112.68,348677.86,NPR
2026-01-01,ACC0000007940,72277.36,0.0,42248.18,30029.18,NPR
2026-01-01,ACC0000007941,239282.62,36225.79,73648.62,201859.79,NPR
2026-01-01,ACC0000007942,130194.66,0.0,33522.36,96672.3,NPR
2026-01-01,ACC0000007943,479261.89,0.0,88217.38,391044.51,NPR
2026-01-01,ACC0000007944,1529.05,26938.72,87088.37,-58620.6,NPR
2026-01-01,ACC0000007945,403576.63,40948.0,0.0,444524.63,NPR
2026-01-01,ACC0000007946,260126.88,0.0,63465.88,196661.0,NPR
2026-01-01,ACC0000007947,73328.58,48253.5,14507.37,107074.71,NPR
2026-01-01,ACC0000007948,288021.51,40087.68,56185.42,271923.77,NPR
2026-01-01,ACC0000007949,414345.22,0.0,0.0,414345.22,NPR
2026-01-01,ACC0000007950,26431.96,0.0,21780.0,4651.96,NPR
2026-01-01,ACC0000007951,400432.92,0.0,56275.26,344157.66,NPR
2026-01-01,ACC0000007952,255476.22,0.0,43239.12,212237.1,NPR
2026-01-01,ACC0000007953,62673.46,0.0,104669.31,-41995.85,NPR
2026-01-01,ACC0000007954,2018.22,0.0,5452.5,-3434.28,NPR
2026-01-01,ACC0000007955,358722.4,44804.72,97615.42,305911.7,NPR
2026-01-01,ACC0000007956,458092.71,8159.11,40417.25,425834.57,NPR
2026-01-01,ACC0000007957,134893.91,0.0,97188.14,37705.77,NPR
2026-01-01,ACC0000007958,299064.52,0.0,84489.13,214575.39,NPR
2026-01-01,ACC0000007959,464269.51,0.0,0.0,464269.51,NPR
2026-01-01,ACC0000007960,260551.36,7616.27,74289.17,193878.46,NPR
2026-01-01,ACC0000007961,153441.72,44229.75,52563.49,145107.98,NPR
2026-01-01,ACC0000007962,479856.18,0.0,0.0,479856.18,NPR
2026-01-01,ACC0000007963,249200.38,0.0,41297.53,207902.85,NPR
2026-01-01,ACC0000007964,483225.59,0.0,49844.23,433381.36,NPR
2026-01-01,ACC0000007965,344192.81,12774.3,39101.81,317865.3,NPR
2026-01-01,ACC0000007966,389165.57,0.0,0.0,389165.57,NPR
2026-01-01,ACC0000007967,280777.13,9313.37,131384.51,158705.99,NPR
2026-01-01,ACC0000007968,245640.42,0.0,38806.96,206833.46,NPR
2026-01-01,ACC0000007969,296594.79,13676.74,123389.86,186881.67,NPR
2026-01-01,ACC0000007970,398458.84,0.0,172233.24,226225.6,NPR
2026-01-01,ACC0000007971,121764.22,0.0,57296.5,64467.72,NPR
2026-01-01,ACC0000007972,319789.13,0.0,27488.89,292300.24,NPR
2026-01-01,ACC0000007973,327355.07,0.0,58323.32,269031.75,NPR
2026-01-01,ACC0000007974,37651.18,0.0,8961.4,28689.78,NPR
2026-01-01,ACC0000007975,373400.5,0.0,129643.98,243756.52,NPR
2026-01-01,ACC0000007976,33784.83,0.0,86552.43,-52767.6,NPR
2026-01-01,ACC0000007977,456771.09,0.0,91264.84,365506.25,NPR
2026-01-01,ACC0000007978,250433.95,0.0,43666.77,206767.18,NPR
2026-01-01,ACC0000007979,444564.36,0.0,13433.19,431131.17,NPR
2026-01-01,ACC0000007980,384706.09,0.0,9151.81,375554.28,NPR
2026-01-01,ACC0000007981,414234.43,0.0,67901.68,346332.75,NPR
2026-01-01,ACC0000007982,69498.67,0.0,2363.25,67135.42,NPR
2026-01-01,ACC0000007983,234080.08,0.0,119720.01,114360.07,NPR
2026-01-01,ACC0000007984,279671.16,0.0,0.0,279671.16,NPR
2026-01-01,ACC0000007985,498164.72,0.0,123642.17,374522.55,NPR
2026-01-01,ACC0000007986,299492.97,0.0,25930.22,273562.75,NPR
2026-01-01,ACC0000007987,11037.44,14805.84,116704.39,-90861.11,NPR
2026-01-01,ACC0000007988,294707.79,0.0,37740.49,256967.3,NPR
2026-01-01,ACC0000007989,21523.22,33830.77,21439.3,33914.69,NPR
2026-01-01,ACC0000007990,444967.31,0.0,0.0,444967.31,NPR
2026-01-01,ACC0000007991,250600.42,47945.81,58867.97,239678.26,NPR
2026-01-01,ACC0000007992,175093.65,40568.81,23804.84,191857.62,NPR
2026-01-01,ACC0000007993,279215.58,45411.71,42052.45,282574.84,NPR
2026-01-01,ACC0000007994,207009.09,31318.75,0.0,238327.84,NPR
2026-01-01,ACC0000007995,322232.08,0.0,44452.52,277779.56,NPR
2026-01-01,ACC0000007996,229668.97,0.0,49919.89,179749.08,NPR
2026-01-01,ACC0000007997,111913.22,94253.8,92065.72,114101.3,NPR
2026-01-01,ACC0000007998,105949.26,50035.33,75786.16,80198.43,NPR
2026-01-01,ACC0000007999,197193.87,0.0,7871.66,189322.21,NPR
2026-01-01,ACC0000008000,377628.14,0.0,35916.53,341711.61,NPR
