balance_date,account_id,opening_balance,credit_total,debit_total,closing_balance,currency
2026-01-21,ACC0000000001,400975.47,47442.76,17835.12,430583.11,NPR
2026-01-21,ACC0000000002,260306.08,0.0,54189.27,206116.81,NPR
2026-01-21,ACC0000000003,317339.96,44526.52,38833.61,323032.87,NPR
2026-01-21,ACC0000000004,138186.51,0.0,88844.15,49342.36,NPR
2026-01-21,ACC0000000005,177979.86,0.0,25484.43,152495.43,NPR
2026-01-21,ACC0000000006,358557.63,17124.53,70896.8,304785.36,NPR
2026-01-21,ACC0000000007,204585.65,0.0,32222.11,172363.54,NPR
2026-01-21,ACC0000000008,75773.43,0.0,44360.23,31413.2,NPR
2026-01-21,ACC0000000009,3982.83,0.0,0.0,3982.83,NPR
2026-01-21,ACC0000000010,154139.6,0.0,0.0,154139.6,NPR
2026-01-21,ACC0000000011,213016.08,0.0,0.0,213016.08,NPR
2026-01-21,ACC0000000012,437526.02,0.0,16645.85,420880.17,NPR
2026-01-21,ACC0000000013,31467.31,18047.37,103047.37,-53532.69,NPR
2026-01-21,ACC0000000014,136821.81,0.0,35922.15,100899.66,NPR
2026-01-21,ACC0000000015,163738.83,0.0,47337.71,116401.12,NPR
2026-01-21,ACC0000000016,205023.32,0.0,0.0,205023.32,NPR
2026-01-21,ACC0000000017,162677.88,43119.84,91431.37,114366.35,NPR
2026-01-21,ACC0000000018,30215.1,0.0,69770.5,-39555.4,NPR
2026-01-21,ACC0000000019,435515.4,0.0,67793.28,367722.12,NPR
2026-01-21,ACC0000000020,434083.07,26585.59,104019.27,356649.39,NPR
2026-01-21,ACC0000000021,17651.45,0.0,49025.58,-31374.13,NPR
2026-01-21,ACC0000000022,194049.53,0.0,40162.73,153886.8,NPR
2026-01-21,ACC0000000023,193911.85,36666.11,44837.1,185740.86,NPR
2026-01-21,ACC0000000024,481464.3,0.0,13744.46,467719.84,NPR
2026-01-21,ACC0000000025,422384.0,0.0,47288.54,375095.46,NPR
2026-01-21,ACC0000000026,418842.67,34019.71,33272.34,419590.04,NPR
2026-01-21,ACC0000000027,484295.39,16611.62,68523.49,432383.52,NPR
2026-01-21,ACC0000000028,366544.45,46516.04,0.0,413060.49,NPR
2026-01-21,ACC0000000029,455945.97,28873.78,3631.31,481188.44,NPR
2026-01-21,ACC0000000030,34817.49,0.0,109052.83,-74235.34,NPR
2026-01-21,ACC0000000031,499927.53,57251.08,33517.57,523661.04,NPR
2026-01-21,ACC0000000032,250714.25,0.0,21650.28,229063.97,NPR
2026-01-21,ACC0000000033,103897.28,0.0,34637.55,69259.73,NPR
2026-01-21,ACC0000000034,412437.05,0.0,4338.35,408098.7,NPR
2026-01-21,ACC0000000035,269374.77,0.0,59952.72,209422.05,NPR
2026-01-21,ACC0000000036,149423.72,16001.37,110784.57,54640.52,NPR
2026-01-21,ACC0000000037,29701.7,11492.08,41284.6,-90.82,NPR
2026-01-21,ACC0000000038,48234.91,76456.97,7039.82,117652.06,NPR
2026-01-21,ACC0000000039,462679.61,0.0,67312.22,395367.39,NPR
2026-01-21,ACC0000000040,391297.63,0.0,65275.57,326022.06,NPR
2026-01-21,ACC0000000041,407030.98,0.0,7197.47,399833.51,NPR
2026-01-21,ACC0000000042,63207.66,1514.39,91405.77,-26683.72,NPR
2026-01-21,ACC0000000043,147565.21,53687.24,40117.85,161134.6,NPR
2026-01-21,ACC0000000044,76773.72,15654.62,26317.56,66110.78,NPR
2026-01-21,ACC0000000045,152930.83,0.0,87188.0,65742.83,NPR
2026-01-21,ACC0000000046,352288.27,0.0,0.0,352288.27,NPR
2026-01-21,ACC0000000047,476228.89,0.0,0.0,476228.89,NPR
2026-01-21,ACC0000000048,185508.65,0.0,71295.87,114212.78,NPR
2026-01-21,ACC0000000049,422734.97,0.0,0.0,422734.97,NPR
2026-01-21,ACC0000000050,330277.75,0.0,71692.08,258585.67,NPR
2026-01-21,ACC0000000051,122952.61,0.0,37716.62,85235.99,NPR
2026-01-21,ACC0000000052,466025.08,0.0,107528.94,358496.14,NPR
2026-01-21,ACC0000000053,7561.81,48838.04,43446.13,12953.72,NPR
2026-01-21,ACC0000000054,245486.1,0.0,0.0,245486.1,NPR
2026-01-21,ACC0000000055,253743.19,0.0,60196.77,193546.42,NPR
2026-01-21,ACC0000000056,473917.22,0.0,0.0,473917.22,NPR
2026-01-21,ACC0000000057,340075.99,4912.54,54914.78,290073.75,NPR
2026-01-21,ACC0000000058,423097.61,4139.52,0.0,427237.13,NPR
2026-01-21,ACC0000000059,116762.8,28745.14,90345.27,55162.67,NPR
2026-01-21,ACC0000000060,441377.47,19508.91,109722.61,351163.77,NPR
2026-01-21,ACC0000000061,409831.28,0.0,89827.89,320003.39,NPR
2026-01-21,ACC0000000062,288086.69,0.0,52267.13,235819.56,NPR
2026-01-21,ACC0000000063,442096.26,0.0,62083.87,380012.39,NPR
2026-01-21,ACC0000000064,76158.16,0.0,49134.55,27023.61,NPR
2026-01-21,ACC0000000065,266288.81,0.0,16492.94,249795.87,NPR
2026-01-21,ACC0000000066,271845.66,47635.0,46163.69,273316.97,NPR
2026-01-21,ACC0000000067,146433.37,0.0,6259.74,140173.63,NPR
2026-01-21,ACC0000000068,288313.06,0.0,122404.55,165908.51,NPR
2026-01-21,ACC0000000069,249734.26,0.0,84499.28,165234.98,NPR
2026-01-21,ACC0000000070,311502.17,0.0,69709.72,241792.45,NPR
2026-01-21,ACC0000000071,121753.6,0.0,0.0,121753.6,NPR
2026-01-21,ACC0000000072,161692.63,0.0,94694.55,66998.08,NPR
2026-01-21,ACC0000000073,359369.12,0.0,1619.31,357749.81,NPR
2026-01-21,ACC0000000074,148508.43,0.0,51752.81,96755.62,NPR
2026-01-21,ACC0000000075,389563.17,0.0,18494.35,371068.82,NPR
2026-01-21,ACC0000000076,5570.03,0.0,20572.09,-15002.06,NPR
2026-01-21,ACC0000000077,137469.87,0.0,50920.05,86549.82,NPR
2026-01-21,ACC0000000078,5550.88,0.0,73994.48,-68443.6,NPR
2026-01-21,ACC0000000079,290472.47,3359.42,44849.85,248982.04,NPR
2026-01-21,ACC0000000080,393161.88,0.0,54483.04,338678.84,NPR
2026-01-21,ACC0000000081,22841.63,4350.43,87413.11,-60221.05,NPR
2026-01-21,ACC0000000082,240130.18,0.0,71737.85,168392.33,NPR
2026-01-21,ACC0000000083,456420.3,0.0,76240.37,380179.93,NPR
2026-01-21,ACC0000000084,164179.94,0.0,47112.0,117067.94,NPR
2026-01-21,ACC0000000085,29874.03,38675.91,0.0,68549.94,NPR
2026-01-21,ACC0000000086,348160.07,0.0,0.0,348160.07,NPR
2026-01-21,ACC0000000087,262062.37,0.0,77791.93,184270.44,NPR
2026-01-21,ACC0000000088,89383.19,0.0,42757.84,46625.35,NPR
2026-01-21,ACC0000000089,63005.14,0.0,0.0,63005.14,NPR
2026-01-21,ACC0000000090,360046.82,42985.05,119494.63,283537.24,NPR
2026-01-21,ACC0000000091,412149.89,40745.27,104120.29,348774.87,NPR
2026-01-21,ACC0000000092,142528.32,0.0,117003.04,25525.28,NPR
2026-01-21,ACC0000000093,175224.71,0.0,10997.14,164227.57,NPR
2026-01-21,ACC0000000094,269419.22,38163.43,39526.25,268056.4,NPR
2026-01-21,ACC0000000095,212681.37,49561.27,59240.62,203002.02,NPR
2026-01-21,ACC0000000096,174717.13,0.0,107532.83,67184.3,NPR
2026-01-21,ACC0000000097,300072.96,0.0,0.0,300072.96,NPR
2026-01-21,ACC0000000098,164563.86,0.0,106618.38,57945.48,NPR
2026-01-21,ACC0000000099,375638.93,0.0,56532.53,319106.4,NPR
2026-01-21,ACC0000000100,125654.82,0.0,31664.47,93990.35,NPR
2026-01-21,ACC0000000101,213405.63,6585.62,76422.51,143568.74,NPR
2026-01-21,ACC0000000102,109319.52,0.0,20328.12,88991.4,NPR
2026-01-21,ACC0000000103,410570.04,10162.71,86686.29,334046.46,NPR
2026-01-21,ACC0000000104,307247.19,260.33,83878.28,223629.24,NPR
2026-01-21,ACC0000000105,158525.57,14279.74,37784.14,135021.17,NPR
2026-01-21,ACC0000000106,350203.68,0.0,68447.05,281756.63,NPR
2026-01-21,ACC0000000107,104377.62,0.0,0.0,104377.62,NPR
2026-01-21,ACC0000000108,492027.1,0.0,47038.49,444988.61,NPR
2026-01-21,ACC0000000109,408615.17,0.0,0.0,408615.17,NPR
2026-01-21,ACC0000000110,165520.3,1795.31,107590.22,59725.39,NPR
2026-01-21,ACC0000000111,440602.48,0.0,34822.52,405779.96,NPR
2026-01-21,ACC0000000112,412833.98,4606.05,64141.06,353298.97,NPR
2026-01-21,ACC0000000113,376994.0,0.0,49332.02,327661.98,NPR
2026-01-21,ACC0000000114,103679.11,0.0,49627.91,54051.2,NPR
2026-01-21,ACC0000000115,55504.46,0.0,30902.01,24602.45,NPR
2026-01-21,ACC0000000116,150597.21,0.0,112305.04,38292.17,NPR
2026-01-21,ACC0000000117,128491.29,48069.63,129402.95,47157.97,NPR
2026-01-21,ACC0000000118,160857.14,44637.4,60014.6,145479.94,NPR
2026-01-21,ACC0000000119,470157.64,38144.17,0.0,508301.81,NPR
2026-01-21,ACC0000000120,60790.31,59128.13,39302.77,80615.67,NPR
2026-01-21,ACC0000000121,358956.41,0.0,27259.75,331696.66,NPR
2026-01-21,ACC0000000122,401337.01,0.0,133026.77,268310.24,NPR
2026-01-21,ACC0000000123,218072.08,29367.4,48188.19,199251.29,NPR
2026-01-21,ACC0000000124,46987.55,4734.19,72512.11,-20790.37,NPR
2026-01-21,ACC0000000125,182586.88,31103.72,0.0,213690.6,NPR
2026-01-21,ACC0000000126,347561.62,0.0,15956.46,331605.16,NPR
2026-01-21,ACC0000000127,149207.67,0.0,0.0,149207.67,NPR
2026-01-21,ACC0000000128,261366.22,0.0,84036.32,177329.9,NPR
2026-01-21,ACC0000000129,261376.93,0.0,0.0,261376.93,NPR
2026-01-21,ACC0000000130,115934.27,42160.23,17085.33,141009.17,NPR
2026-01-21,ACC0000000131,386921.42,43184.42,97049.44,333056.4,NPR
2026-01-21,ACC0000000132,441675.85,0.0,20156.66,421519.19,NPR
2026-01-21,ACC0000000133,494743.41,0.0,7891.53,486851.88,NPR
2026-01-21,ACC0000000134,32987.06,0.0,0.0,32987.06,NPR
2026-01-21,ACC0000000135,59685.62,57502.56,23833.46,93354.72,NPR
2026-01-21,ACC0000000136,135865.0,92460.2,123197.98,105127.22,NPR
2026-01-21,ACC0000000137,423909.05,0.0,21968.48,401940.57,NPR
2026-01-21,ACC0000000138,405969.61,0.0,63876.44,342093.17,NPR
2026-01-21,ACC0000000139,244048.23,0.0,89567.27,154480.96,NPR
2026-01-21,ACC0000000140,209943.3,0.0,81863.13,128080.17,NPR
2026-01-21,ACC0000000141,410018.21,0.0,92958.31,317059.9,NPR
2026-01-21,ACC0000000142,25582.86,3817.5,66791.49,-37391.13,NPR
2026-01-21,ACC0000000143,123579.35,0.0,127384.13,-3804.78,NPR
2026-01-21,ACC0000000144,159411.8,18334.47,35534.49,142211.78,NPR
2026-01-21,ACC0000000145,43328.68,0.0,64492.0,-21163.32,NPR
2026-01-21,ACC0000000146,450272.01,7786.85,74439.22,383619.64,NPR
2026-01-21,ACC0000000147,135783.61,0.0,0.0,135783.61,NPR
2026-01-21,ACC0000000148,357373.71,0.0,59376.62,297997.09,NPR
2026-01-21,ACC0000000149,5165.88,0.0,195339.02,-190173.14,NPR
2026-01-21,ACC0000000150,189792.32,68006.77,7415.53,250383.56,NPR
2026-01-21,ACC0000000151,24094.96,0.0,0.0,24094.96,NPR
2026-01-21,ACC0000000152,365420.61,0.0,70922.22,294498.39,NPR
2026-01-21,ACC0000000153,144694.81,0.0,54812.18,89882.63,NPR
2026-01-21,ACC0000000154,375290.45,47662.78,67167.51,355785.72,NPR
2026-01-21,ACC0000000155,222467.94,6429.23,103572.13,125325.04,NPR
2026-01-21,ACC0000000156,78898.58,0.0,0.0,78898.58,NPR
2026-01-21,ACC0000000157,412389.27,30207.95,36588.91,406008.31,NPR
2026-01-21,ACC0000000158,221297.86,0.0,0.0,221297.86,NPR
2026-01-21,ACC0000000159,124831.38,0.0,98397.55,26433.83,NPR
2026-01-21,ACC0000000160,464602.49,41031.99,72004.02,433630.46,NPR
2026-01-21,ACC0000000161,353685.26,0.0,0.0,353685.26,NPR
2026-01-21,ACC0000000162,166436.06,0.0,35073.84,131362.22,NPR
2026-01-21,ACC0000000163,444909.52,26171.24,34654.4,436426.36,NPR
2026-01-21,ACC0000000164,230375.15,35167.14,40516.83,225025.46,NPR
2026-01-21,ACC0000000165,85551.0,0.0,32960.05,52590.95,NPR
2026-01-21,ACC0000000166,113731.67,47865.53,95671.94,65925.26,NPR
2026-01-21,ACC0000000167,96402.38,3910.67,32848.84,67464.21,NPR
2026-01-21,ACC0000000168,13312.67,1338.79,17543.46,-2892.0,NPR
2026-01-21,ACC0000000169,143633.67,0.0,0.0,143633.67,NPR
2026-01-21,ACC0000000170,393534.05,0.0,170561.99,222972.06,NPR
2026-01-21,ACC0000000171,77413.61,15846.66,64192.2,29068.07,NPR
2026-01-21,ACC0000000172,94512.52,0.0,0.0,94512.52,NPR
2026-01-21,ACC0000000173,343968.41,40138.6,21552.67,362554.34,NPR
2026-01-21,ACC0000000174,54599.99,0.0,0.0,54599.99,NPR
2026-01-21,ACC0000000175,182197.64,0.0,32469.33,149728.31,NPR
2026-01-21,ACC0000000176,323703.1,39853.77,0.0,363556.87,NPR
2026-01-21,ACC0000000177,460018.4,0.0,5768.3,454250.1,NPR
2026-01-21,ACC0000000178,49854.24,0.0,84266.16,-34411.92,NPR
2026-01-21,ACC0000000179,160030.47,0.0,76140.6,83889.87,NPR
2026-01-21,ACC0000000180,194542.42,0.0,90513.51,104028.91,NPR
2026-01-21,ACC0000000181,223793.5,43159.13,59047.49,207905.14,NPR
2026-01-21,ACC0000000182,362058.7,0.0,0.0,362058.7,NPR
2026-01-21,ACC0000000183,476637.55,58062.8,43578.41,491121.94,NPR
2026-01-21,ACC0000000184,86354.18,0.0,148041.61,-61687.43,NPR
2026-01-21,ACC0000000185,425544.84,0.0,0.0,425544.84,NPR
2026-01-21,ACC0000000186,375709.97,84993.74,6884.01,453819.7,NPR
2026-01-21,ACC0000000187,331243.95,4494.19,48575.73,287162.41,NPR
2026-01-21,ACC0000000188,145437.33,0.0,64130.06,81307.27,NPR
2026-01-21,ACC0000000189,494757.5,0.0,0.0,494757.5,NPR
2026-01-21,ACC0000000190,383584.33,44229.4,81475.52,346338.21,NPR
2026-01-21,ACC0000000191,415835.83,0.0,0.0,415835.83,NPR
2026-01-21,ACC0000000192,184496.19,0.0,23134.59,161361.6,NPR
2026-01-21,ACC0000000193,264175.45,0.0,88858.48,175316.97,NPR
2026-01-21,ACC0000000194,93269.61,0.0,103538.09,-10268.48,NPR
2026-01-21,ACC0000000195,318952.18,47140.7,90988.38,275104.5,NPR
2026-01-21,ACC0000000196,420223.31,28512.24,84562.8,364172.75,NPR
2026-01-21,ACC0000000197,296122.22,18293.65,92529.49,221886.38,NPR
2026-01-21,ACC0000000198,83441.8,0.0,72919.38,10522.42,NPR
2026-01-21,ACC0000000199,442384.47,0.0,64543.79,377840.68,NPR
2026-01-21,ACC0000000200,130960.15,93706.83,0.0,224666.98,NPR
2026-01-21,ACC0000000201,335592.13,0.0,23221.19,312370.94,NPR
2026-01-21,ACC0000000202,284610.95,0.0,9480.33,275130.62,NPR
2026-01-21,ACC0000000203,162325.44,0.0,17142.95,145182.49,NPR
2026-01-21,ACC0000000204,221698.25,0.0,0.0,221698.25,NPR
2026-01-21,ACC0000000205,319013.67,0.0,0.0,319013.67,NPR
2026-01-21,ACC0000000206,242915.77,39354.94,50181.4,232089.31,NPR
2026-01-21,ACC0000000207,409621.08,0.0,0.0,409621.08,NPR
2026-01-21,ACC0000000208,121268.45,15389.51,0.0,136657.96,NPR
2026-01-21,ACC0000000209,471730.6,0.0,83561.86,388168.74,NPR
2026-01-21,ACC0000000210,492761.62,17039.45,60431.97,449369.1,NPR
2026-01-21,ACC0000000211,355910.8,35491.16,24749.55,366652.41,NPR
2026-01-21,ACC0000000212,378377.85,0.0,0.0,378377.85,NPR
2026-01-21,ACC0000000213,463844.35,46350.46,21008.11,489186.7,NPR
2026-01-21,ACC0000000214,295451.39,43518.08,93297.77,245671.7,NPR
2026-01-21,ACC0000000215,312395.42,0.0,8805.14,303590.28,NPR
2026-01-21,ACC0000000216,179284.44,0.0,0.0,179284.44,NPR
2026-01-21,ACC0000000217,446694.15,23213.34,29890.71,440016.78,NPR
2026-01-21,ACC0000000218,435536.28,0.0,37405.34,398130.94,NPR
2026-01-21,ACC0000000219,111078.29,0.0,31863.79,79214.5,NPR
2026-01-21,ACC0000000220,471378.55,33131.41,123008.13,381501.83,NPR
2026-01-21,ACC0000000221,39686.64,0.0,0.0,39686.64,NPR
2026-01-21,ACC0000000222,280665.39,0.0,35556.44,245108.95,NPR
2026-01-21,ACC0000000223,21371.4,0.0,0.0,21371.4,NPR
2026-01-21,ACC0000000224,319771.36,6318.7,75813.22,250276.84,NPR
2026-01-21,ACC0000000225,263765.94,71351.16,135096.57,200020.53,NPR
2026-01-21,ACC0000000226,446306.97,31187.85,79697.39,397797.43,NPR
2026-01-21,ACC0000000227,426698.53,9454.47,121128.79,315024.21,NPR
2026-01-21,ACC0000000228,414576.24,0.0,71255.03,343321.21,NPR
2026-01-21,ACC0000000229,430787.56,0.0,65543.26,365244.3,NPR
2026-01-21,ACC0000000230,276204.83,0.0,14695.48,261509.35,NPR
2026-01-21,ACC0000000231,329359.79,0.0,24169.8,305189.99,NPR
2026-01-21,ACC0000000232,141518.95,0.0,34507.68,107011.27,NPR
2026-01-21,ACC0000000233,339507.41,21796.57,0.0,361303.98,NPR
2026-01-21,ACC0000000234,69753.5,0.0,74380.98,-4627.48,NPR
2026-01-21,ACC0000000235,198569.8,0.0,160500.83,38068.97,NPR
2026-01-21,ACC0000000236,328332.96,20234.08,161430.01,187137.03,NPR
2026-01-21,ACC0000000237,138893.6,0.0,30485.19,108408.41,NPR
2026-01-21,ACC0000000238,86120.78,49606.5,0.0,135727.28,NPR
2026-01-21,ACC0000000239,228733.19,76964.2,4392.81,301304.58,NPR
2026-01-21,ACC0000000240,194174.09,2820.18,13771.11,183223.16,NPR
2026-01-21,ACC0000000241,204456.19,0.0,7844.55,196611.64,NPR
2026-01-21,ACC0000000242,243605.87,45069.12,0.0,288674.99,NPR
2026-01-21,ACC0000000243,367314.52,0.0,18385.95,348928.57,NPR
2026-01-21,ACC0000000244,67674.07,0.0,23360.73,44313.34,NPR
2026-01-21,ACC0000000245,210552.25,16984.84,586.33,226950.76,NPR
2026-01-21,ACC0000000246,104494.11,46163.25,64341.85,86315.51,NPR
2026-01-21,ACC0000000247,92215.36,0.0,108578.61,-16363.25,NPR
2026-01-21,ACC0000000248,126775.3,0.0,51888.86,74886.44,NPR
2026-01-21,ACC0000000249,260391.26,0.0,71126.04,189265.22,NPR
2026-01-21,ACC0000000250,282117.53,8585.35,60023.08,230679.8,NPR
2026-01-21,ACC0000000251,281896.08,0.0,0.0,281896.08,NPR
2026-01-21,ACC0000000252,427420.32,47177.87,75336.29,399261.9,NPR
2026-01-21,ACC0000000253,76462.03,0.0,27082.57,49379.46,NPR
2026-01-21,ACC0000000254,266445.21,46062.75,51020.41,261487.55,NPR
2026-01-21,ACC0000000255,287595.85,0.0,82989.45,204606.4,NPR
2026-01-21,ACC0000000256,52894.47,0.0,74626.13,-21731.66,NPR
2026-01-21,ACC0000000257,463390.93,39844.64,76113.27,427122.3,NPR
2026-01-21,ACC0000000258,88232.84,44137.28,106985.2,25384.92,NPR
2026-01-21,ACC0000000259,74737.11,5705.75,30124.95,50317.91,NPR
2026-01-21,ACC0000000260,258089.86,22571.04,22865.21,257795.69,NPR
2026-01-21,ACC0000000261,418662.53,27109.13,40070.39,405701.27,NPR
2026-01-21,ACC0000000262,31745.39,0.0,0.0,31745.39,NPR
2026-01-21,ACC0000000263,247836.94,26553.76,31821.66,242569.04,NPR
2026-01-21,ACC0000000264,28605.25,0.0,0.0,28605.25,NPR
2026-01-21,ACC0000000265,364973.62,17220.96,11615.97,370578.61,NPR
2026-01-21,ACC0000000266,480866.63,0.0,13965.96,466900.67,NPR
2026-01-21,ACC0000000267,101217.13,42130.95,0.0,143348.08,NPR
2026-01-21,ACC0000000268,250892.21,0.0,0.0,250892.21,NPR
2026-01-21,ACC0000000269,363220.45,0.0,0.0,363220.45,NPR
2026-01-21,ACC0000000270,253129.39,0.0,0.0,253129.39,NPR
2026-01-21,ACC0000000271,172389.2,0.0,36454.05,135935.15,NPR
2026-01-21,ACC0000000272,100727.7,0.0,129483.04,-28755.34,NPR
2026-01-21,ACC0000000273,479327.71,0.0,185163.15,294164.56,NPR
2026-01-21,ACC0000000274,222442.16,0.0,4043.39,218398.77,NPR
2026-01-21,ACC0000000275,176480.1,0.0,25505.25,150974.85,NPR
2026-01-21,ACC0000000276,348069.25,0.0,0.0,348069.25,NPR
2026-01-21,ACC0000000277,347711.93,0.0,97225.88,250486.05,NPR
2026-01-21,ACC0000000278,98582.0,0.0,0.0,98582.0,NPR
2026-01-21,ACC0000000279,404273.67,0.0,92439.29,311834.38,NPR
2026-01-21,ACC0000000280,404291.54,44736.71,13858.27,435169.98,NPR
2026-01-21,ACC0000000281,92773.16,0.0,46803.7,45969.46,NPR
2026-01-21,ACC0000000282,42677.9,0.0,34759.51,7918.39,NPR
2026-01-21,ACC0000000283,170597.13,0.0,33189.2,137407.93,NPR
2026-01-21,ACC0000000284,369291.72,0.0,34349.15,334942.57,NPR
2026-01-21,ACC0000000285,490820.56,0.0,38805.59,452014.97,NPR
2026-01-21,ACC0000000286,82965.31,37261.15,87003.12,33223.34,NPR
2026-01-21,ACC0000000287,407374.72,0.0,62192.92,345181.8,NPR
2026-01-21,ACC0000000288,223398.54,37104.46,21904.29,238598.71,NPR
2026-01-21,ACC0000000289,90443.79,77881.43,5372.45,162952.77,NPR
2026-01-21,ACC0000000290,296531.94,0.0,152252.93,144279.01,NPR
2026-01-21,ACC0000000291,35760.59,0.0,0.0,35760.59,NPR
2026-01-21,ACC0000000292,216621.98,0.0,35646.56,180975.42,NPR
2026-01-21,ACC0000000293,264679.54,0.0,53896.69,210782.85,NPR
2026-01-21,ACC0000000294,281896.22,0.0,0.0,281896.22,NPR
2026-01-21,ACC0000000295,464663.55,0.0,0.0,464663.55,NPR
2026-01-21,ACC0000000296,461276.67,0.0,44398.9,416877.77,NPR
2026-01-21,ACC0000000297,465665.59,2786.67,36715.01,431737.25,NPR
2026-01-21,ACC0000000298,19518.92,0.0,126738.11,-107219.19,NPR
2026-01-21,ACC0000000299,354103.54,0.0,131018.33,223085.21,NPR
2026-01-21,ACC0000000300,417545.26,5454.26,64592.54,358406.98,NPR
2026-01-21,ACC0000000301,418781.14,1087.52,49420.92,370447.74,NPR
2026-01-21,ACC0000000302,186671.09,2862.22,53913.34,135619.97,NPR
2026-01-21,ACC0000000303,343791.35,0.0,76805.25,266986.1,NPR
2026-01-21,ACC0000000304,130565.35,0.0,0.0,130565.35,NPR
2026-01-21,ACC0000000305,337844.39,0.0,0.0,337844.39,NPR
2026-01-21,ACC0000000306,132040.7,0.0,45465.01,86575.69,NPR
2026-01-21,ACC0000000307,8598.49,0.0,34226.02,-25627.53,NPR
2026-01-21,ACC0000000308,212834.88,0.0,36011.55,176823.33,NPR
2026-01-21,ACC0000000309,98100.12,0.0,41946.49,56153.63,NPR
2026-01-21,ACC0000000310,33683.87,0.0,49004.81,-15320.94,NPR
2026-01-21,ACC0000000311,466970.9,49463.09,17008.57,499425.42,NPR
2026-01-21,ACC0000000312,329220.27,0.0,13133.55,316086.72,NPR
2026-01-21,ACC0000000313,254097.48,0.0,0.0,254097.48,NPR
2026-01-21,ACC0000000314,359553.25,0.0,17279.49,342273.76,NPR
2026-01-21,ACC0000000315,458876.27,4566.1,67143.04,396299.33,NPR
2026-01-21,ACC0000000316,327641.27,12164.89,43909.18,295896.98,NPR
2026-01-21,ACC0000000317,392447.22,0.0,3447.74,388999.48,NPR
2026-01-21,ACC0000000318,314648.21,0.0,41386.13,273262.08,NPR
2026-01-21,ACC0000000319,206601.32,0.0,39741.7,166859.62,NPR
2026-01-21,ACC0000000320,76561.27,0.0,9921.7,66639.57,NPR
2026-01-21,ACC0000000321,137411.19,0.0,0.0,137411.19,NPR
2026-01-21,ACC0000000322,93784.96,3223.18,138980.03,-41971.89,NPR
2026-01-21,ACC0000000323,26299.16,0.0,95248.54,-68949.38,NPR
2026-01-21,ACC0000000324,157660.91,0.0,63069.86,94591.05,NPR
2026-01-21,ACC0000000325,323714.66,19572.71,83653.33,259634.04,NPR
2026-01-21,ACC0000000326,9284.1,0.0,104859.93,-95575.83,NPR
2026-01-21,ACC0000000327,258237.73,0.0,46291.9,211945.83,NPR
2026-01-21,ACC0000000328,441268.66,47490.72,91676.62,397082.76,NPR
2026-01-21,ACC0000000329,378474.12,0.0,45478.91,332995.21,NPR
2026-01-21,ACC0000000330,349203.56,64008.3,66219.74,346992.12,NPR
2026-01-21,ACC0000000331,287563.51,0.0,74679.71,212883.8,NPR
2026-01-21,ACC0000000332,198834.43,0.0,39465.69,159368.74,NPR
2026-01-21,ACC0000000333,448876.94,29347.83,87878.22,390346.55,NPR
2026-01-21,ACC0000000334,355383.55,0.0,60766.2,294617.35,NPR
2026-01-21,ACC0000000335,157224.32,0.0,3987.64,153236.68,NPR
2026-01-21,ACC0000000336,236758.42,0.0,0.0,236758.42,NPR
2026-01-21,ACC0000000337,486871.43,24784.46,22628.58,489027.31,NPR
2026-01-21,ACC0000000338,428337.22,0.0,40683.66,387653.56,NPR
2026-01-21,ACC0000000339,27426.35,0.0,11379.67,16046.68,NPR
2026-01-21,ACC0000000340,475238.27,40913.95,13915.29,502236.93,NPR
2026-01-21,ACC0000000341,181627.78,48503.44,31932.19,198199.03,NPR
2026-01-21,ACC0000000342,46851.04,0.0,8198.11,38652.93,NPR
2026-01-21,ACC0000000343,443595.37,55323.67,22676.98,476242.06,NPR
2026-01-21,ACC0000000344,275402.95,63164.66,134071.79,204495.82,NPR
2026-01-21,ACC0000000345,249824.99,0.0,0.0,249824.99,NPR
2026-01-21,ACC0000000346,289304.87,0.0,59323.73,229981.14,NPR
2026-01-21,ACC0000000347,345384.14,0.0,22973.52,322410.62,NPR
2026-01-21,ACC0000000348,131205.4,0.0,6219.58,124985.82,NPR
2026-01-21,ACC0000000349,121585.89,0.0,47671.87,73914.02,NPR
2026-01-21,ACC0000000350,475880.56,0.0,31441.07,444439.49,NPR
2026-01-21,ACC0000000351,154572.06,40132.01,29055.68,165648.39,NPR
2026-01-21,ACC0000000352,189143.48,0.0,0.0,189143.48,NPR
2026-01-21,ACC0000000353,50816.1,15636.38,26067.16,40385.32,NPR
2026-01-21,ACC0000000354,102846.68,0.0,54311.74,48534.94,NPR
2026-01-21,ACC0000000355,273013.01,118327.63,33405.52,357935.12,NPR
2026-01-21,ACC0000000356,295714.85,15168.31,46921.51,263961.65,NPR
2026-01-21,ACC0000000357,105773.18,0.0,41326.78,64446.4,NPR
2026-01-21,ACC0000000358,345688.42,94735.11,74754.95,365668.58,NPR
2026-01-21,ACC0000000359,251589.82,0.0,125681.86,125907.96,NPR
2026-01-21,ACC0000000360,333919.84,49241.6,0.0,383161.44,NPR
2026-01-21,ACC0000000361,432594.97,0.0,0.0,432594.97,NPR
2026-01-21,ACC0000000362,193945.22,0.0,11721.25,182223.97,NPR
2026-01-21,ACC0000000363,399085.52,0.0,76494.12,322591.4,NPR
2026-01-21,ACC0000000364,226565.94,46414.39,128664.39,144315.94,NPR
2026-01-21,ACC0000000365,112761.25,16246.18,50890.85,78116.58,NPR
2026-01-21,ACC0000000366,107587.55,41560.12,1617.0,147530.67,NPR
2026-01-21,ACC0000000367,186735.89,21846.48,43297.04,165285.33,NPR
2026-01-21,ACC0000000368,297952.69,1751.05,128118.56,171585.18,NPR
2026-01-21,ACC0000000369,49042.39,0.0,55193.87,-6151.48,NPR
2026-01-21,ACC0000000370,173018.7,101843.72,46635.23,228227.19,NPR
2026-01-21,ACC0000000371,146382.82,55274.97,72014.17,129643.62,NPR
2026-01-21,ACC0000000372,120637.32,0.0,0.0,120637.32,NPR
2026-01-21,ACC0000000373,302674.48,0.0,0.0,302674.48,NPR
2026-01-21,ACC0000000374,369055.87,0.0,105840.21,263215.66,NPR
2026-01-21,ACC0000000375,193335.44,0.0,0.0,193335.44,NPR
2026-01-21,ACC0000000376,286947.58,47616.2,43388.9,291174.88,NPR
2026-01-21,ACC0000000377,140236.25,0.0,14222.32,126013.93,NPR
2026-01-21,ACC0000000378,326525.45,0.0,120757.9,205767.55,NPR
2026-01-21,ACC0000000379,361947.35,0.0,46412.4,315534.95,NPR
2026-01-21,ACC0000000380,352083.02,0.0,20693.26,331389.76,NPR
2026-01-21,ACC0000000381,246353.88,0.0,41889.64,204464.24,NPR
2026-01-21,ACC0000000382,134754.51,0.0,91374.01,43380.5,NPR
2026-01-21,ACC0000000383,248193.33,0.0,71099.44,177093.89,NPR
2026-01-21,ACC0000000384,415291.8,0.0,0.0,415291.8,NPR
2026-01-21,ACC0000000385,34229.73,0.0,0.0,34229.73,NPR
2026-01-21,ACC0000000386,87393.93,0.0,22408.98,64984.95,NPR
2026-01-21,ACC0000000387,57509.24,0.0,95517.62,-38008.38,NPR
2026-01-21,ACC0000000388,244579.31,0.0,59689.73,184889.58,NPR
2026-01-21,ACC0000000389,58809.42,3051.33,83877.69,-22016.94,NPR
2026-01-21,ACC0000000390,363168.48,0.0,61542.93,301625.55,NPR
2026-01-21,ACC0000000391,180191.13,40843.93,83200.62,137834.44,NPR
2026-01-21,ACC0000000392,461322.89,0.0,35747.19,425575.7,NPR
2026-01-21,ACC0000000393,319509.87,12445.52,43774.72,288180.67,NPR
2026-01-21,ACC0000000394,445827.28,0.0,261886.82,183940.46,NPR
2026-01-21,ACC0000000395,106761.56,0.0,36051.9,70709.66,NPR
2026-01-21,ACC0000000396,216707.67,0.0,0.0,216707.67,NPR
2026-01-21,ACC0000000397,138140.06,45004.16,28238.93,154905.29,NPR
2026-01-21,ACC0000000398,153437.13,0.0,0.0,153437.13,NPR
2026-01-21,ACC0000000399,328886.07,0.0,163191.69,165694.38,NPR
2026-01-21,ACC0000000400,303613.13,47716.34,50397.57,300931.9,NPR
2026-01-21,ACC0000000401,272248.42,0.0,0.0,272248.42,NPR
2026-01-21,ACC0000000402,302055.9,0.0,0.0,302055.9,NPR
2026-01-21,ACC0000000403,275187.42,0.0,0.0,275187.42,NPR
2026-01-21,ACC0000000404,157521.47,0.0,50294.22,107227.25,NPR
2026-01-21,ACC0000000405,351351.36,0.0,98010.24,253341.12,NPR
2026-01-21,ACC0000000406,269565.43,0.0,26106.17,243459.26,NPR
2026-01-21,ACC0000000407,102243.42,61149.08,66368.68,97023.82,NPR
2026-01-21,ACC0000000408,174308.34,76437.86,60084.41,190661.79,NPR
2026-01-21,ACC0000000409,132062.73,0.0,40574.81,91487.92,NPR
2026-01-21,ACC0000000410,24351.47,0.0,36160.41,-11808.94,NPR
2026-01-21,ACC0000000411,273454.07,0.0,0.0,273454.07,NPR
2026-01-21,ACC0000000412,322006.35,0.0,55442.71,266563.64,NPR
2026-01-21,ACC0000000413,257547.16,0.0,0.0,257547.16,NPR
2026-01-21,ACC0000000414,215110.41,0.0,29974.95,185135.46,NPR
2026-01-21,ACC0000000415,444454.13,27350.86,86805.44,384999.55,NPR
2026-01-21,ACC0000000416,193160.99,0.0,78268.48,114892.51,NPR
2026-01-21,ACC0000000417,17222.3,0.0,0.0,17222.3,NPR
2026-01-21,ACC0000000418,418211.42,23287.0,121881.82,319616.6,NPR
2026-01-21,ACC0000000419,369970.29,0.0,0.0,369970.29,NPR
2026-01-21,ACC0000000420,348316.41,0.0,0.0,348316.41,NPR
2026-01-21,ACC0000000421,410487.03,29985.78,12867.76,427605.05,NPR
2026-01-21,ACC0000000422,385189.11,0.0,0.0,385189.11,NPR
2026-01-21,ACC0000000423,79069.81,0.0,139538.99,-60469.18,NPR
2026-01-21,ACC0000000424,34491.04,2087.42,136800.79,-100222.33,NPR
2026-01-21,ACC0000000425,208790.81,6735.31,16699.84,198826.28,NPR
2026-01-21,ACC0000000426,391658.31,23372.02,36742.98,378287.35,NPR
2026-01-21,ACC0000000427,389070.18,0.0,0.0,389070.18,NPR
2026-01-21,ACC0000000428,59568.88,0.0,0.0,59568.88,NPR
2026-01-21,ACC0000000429,15504.46,0.0,0.0,15504.46,NPR
2026-01-21,ACC0000000430,472196.67,0.0,50689.51,421507.16,NPR
2026-01-21,ACC0000000431,60639.77,0.0,65198.61,-4558.84,NPR
2026-01-21,ACC0000000432,495139.59,0.0,46371.21,448768.38,NPR
2026-01-21,ACC0000000433,478618.89,26798.84,24032.8,481384.93,NPR
2026-01-21,ACC0000000434,370058.35,0.0,0.0,370058.35,NPR
2026-01-21,ACC0000000435,36228.61,0.0,36248.87,-20.26,NPR
2026-01-21,ACC0000000436,452122.92,25015.48,105505.68,371632.72,NPR
2026-01-21,ACC0000000437,13937.9,20421.17,136234.56,-101875.49,NPR
2026-01-21,ACC0000000438,412681.36,0.0,59203.58,353477.78,NPR
2026-01-21,ACC0000000439,313176.67,46873.78,80132.3,279918.15,NPR
2026-01-21,ACC0000000440,473248.35,0.0,61987.23,411261.12,NPR
2026-01-21,ACC0000000441,386560.37,0.0,808.93,385751.44,NPR
2026-01-21,ACC0000000442,150133.14,0.0,0.0,150133.14,NPR
2026-01-21,ACC0000000443,302298.43,0.0,16126.66,286171.77,NPR
2026-01-21,ACC0000000444,469031.56,0.0,5698.37,463333.19,NPR
2026-01-21,ACC0000000445,151672.54,0.0,35138.37,116534.17,NPR
2026-01-21,ACC0000000446,483241.58,22179.76,28838.11,476583.23,NPR
2026-01-21,ACC0000000447,11255.49,0.0,0.0,11255.49,NPR
2026-01-21,ACC0000000448,462384.59,36734.16,0.0,499118.75,NPR
2026-01-21,ACC0000000449,271104.64,0.0,45755.11,225349.53,NPR
2026-01-21,ACC0000000450,101656.26,35324.4,58608.79,78371.87,NPR
2026-01-21,ACC0000000451,237901.99,0.0,13467.1,224434.89,NPR
2026-01-21,ACC0000000452,188994.18,2600.43,56382.1,135212.51,NPR
2026-01-21,ACC0000000453,486152.76,0.0,0.0,486152.76,NPR
2026-01-21,ACC0000000454,4515.81,0.0,3961.85,553.96,NPR
2026-01-21,ACC0000000455,188627.56,28765.93,0.0,217393.49,NPR
2026-01-21,ACC0000000456,492667.28,0.0,5558.94,487108.34,NPR
2026-01-21,ACC0000000457,293100.96,0.0,64991.96,228109.0,NPR
2026-01-21,ACC0000000458,97306.41,0.0,49431.35,47875.06,NPR
2026-01-21,ACC0000000459,64897.75,0.0,29817.08,35080.67,NPR
2026-01-21,ACC0000000460,49662.41,0.0,0.0,49662.41,NPR
2026-01-21,ACC0000000461,345113.23,0.0,47589.18,297524.05,NPR
2026-01-21,ACC0000000462,283086.91,0.0,0.0,283086.91,NPR
2026-01-21,ACC0000000463,447282.22,16769.99,25091.94,438960.27,NPR
2026-01-21,ACC0000000464,64898.83,0.0,0.0,64898.83,NPR
2026-01-21,ACC0000000465,350252.8,124339.69,38048.72,436543.77,NPR
2026-01-21,ACC0000000466,233483.98,0.0,97375.34,136108.64,NPR
2026-01-21,ACC0000000467,417872.51,0.0,66328.6,351543.91,NPR
2026-01-21,ACC0000000468,281795.67,39660.18,48467.85,272988.0,NPR
2026-01-21,ACC0000000469,95795.6,0.0,44047.4,51748.2,NPR
2026-01-21,ACC0000000470,310697.45,10536.39,1523.93,319709.91,NPR
2026-01-21,ACC0000000471,103456.41,0.0,90784.17,12672.24,NPR
2026-01-21,ACC0000000472,396075.94,0.0,71477.48,324598.46,NPR
2026-01-21,ACC0000000473,243648.38,71400.3,81832.88,233215.8,NPR
2026-01-21,ACC0000000474,261611.63,0.0,21864.73,239746.9,NPR
2026-01-21,ACC0000000475,464500.31,0.0,11155.37,453344.94,NPR
2026-01-21,ACC0000000476,190629.11,0.0,39560.61,151068.5,NPR
2026-01-21,ACC0000000477,356608.79,0.0,53407.4,303201.39,NPR
2026-01-21,ACC0000000478,307738.82,0.0,31090.13,276648.69,NPR
2026-01-21,ACC0000000479,119392.09,0.0,19124.26,100267.83,NPR
2026-01-21,ACC0000000480,204252.33,32865.0,80696.82,156420.51,NPR
2026-01-21,ACC0000000481,26610.24,0.0,81664.85,-55054.61,NPR
2026-01-21,ACC0000000482,347264.28,0.0,62601.45,284662.83,NPR
2026-01-21,ACC0000000483,441604.63,51777.39,77172.98,416209.04,NPR
2026-01-21,ACC0000000484,26003.54,0.0,0.0,26003.54,NPR
2026-01-21,ACC0000000485,364321.02,0.0,0.0,364321.02,NPR
2026-01-21,ACC0000000486,53168.94,38343.86,124120.04,-32607.24,NPR
2026-01-21,ACC0000000487,447878.06,0.0,28190.75,419687.31,NPR
2026-01-21,ACC0000000488,114264.62,0.0,0.0,114264.62,NPR
2026-01-21,ACC0000000489,368088.4,0.0,83675.21,284413.19,NPR
2026-01-21,ACC0000000490,369181.43,0.0,24048.1,345133.33,NPR
2026-01-21,ACC0000000491,498896.45,0.0,54752.1,444144.35,NPR
2026-01-21,ACC0000000492,291768.8,0.0,0.0,291768.8,NPR
2026-01-21,ACC0000000493,49093.91,21294.44,40567.15,29821.2,NPR
2026-01-21,ACC0000000494,292264.66,0.0,119730.89,172533.77,NPR
2026-01-21,ACC0000000495,313886.63,0.0,69214.6,244672.03,NPR
2026-01-21,ACC0000000496,127498.89,35267.87,16965.2,145801.56,NPR
2026-01-21,ACC0000000497,315539.05,0.0,101342.99,214196.06,NPR
2026-01-21,ACC0000000498,95339.95,45173.77,2444.72,138069.0,NPR
2026-01-21,ACC0000000499,439845.94,0.0,19464.88,420381.06,NPR
2026-01-21,ACC0000000500,277604.34,22911.98,36338.64,264177.68,NPR
2026-01-21,ACC0000000501,83246.84,45297.5,73002.95,55541.39,NPR
2026-01-21,ACC0000000502,326701.42,0.0,3249.14,323452.28,NPR
2026-01-21,ACC0000000503,497333.62,0.0,36816.76,460516.86,NPR
2026-01-21,ACC0000000504,169250.72,0.0,0.0,169250.72,NPR
2026-01-21,ACC0000000505,154506.31,43092.75,43036.03,154563.03,NPR
2026-01-21,ACC0000000506,489050.53,0.0,45480.96,443569.57,NPR
2026-01-21,ACC0000000507,269426.93,46999.84,43071.03,273355.74,NPR
2026-01-21,ACC0000000508,110831.1,502.96,34568.35,76765.71,NPR
2026-01-21,ACC0000000509,345887.44,5866.8,66025.76,285728.48,NPR
2026-01-21,ACC0000000510,487022.05,70624.84,39389.22,518257.67,NPR
2026-01-21,ACC0000000511,341608.54,0.0,0.0,341608.54,NPR
2026-01-21,ACC0000000512,372719.5,0.0,0.0,372719.5,NPR
2026-01-21,ACC0000000513,266599.76,4667.98,0.0,271267.74,NPR
2026-01-21,ACC0000000514,494165.45,86484.54,65434.96,515215.03,NPR
2026-01-21,ACC0000000515,480032.01,0.0,54827.4,425204.61,NPR
2026-01-21,ACC0000000516,384524.16,2281.46,44298.59,342507.03,NPR
2026-01-21,ACC0000000517,468022.83,42573.13,67124.46,443471.5,NPR
2026-01-21,ACC0000000518,445614.19,0.0,18372.42,427241.77,NPR
2026-01-21,ACC0000000519,156386.8,0.0,0.0,156386.8,NPR
2026-01-21,ACC0000000520,478545.67,0.0,84989.32,393556.35,NPR
2026-01-21,ACC0000000521,152263.53,24490.93,92522.81,84231.65,NPR
2026-01-21,ACC0000000522,65717.56,44679.78,110888.57,-491.23,NPR
2026-01-21,ACC0000000523,5285.15,33274.22,0.0,38559.37,NPR
2026-01-21,ACC0000000524,202979.36,0.0,48949.47,154029.89,NPR
2026-01-21,ACC0000000525,340136.86,0.0,76738.77,263398.09,NPR
2026-01-21,ACC0000000526,6772.47,27852.16,84937.19,-50312.56,NPR
2026-01-21,ACC0000000527,254372.17,0.0,48670.35,205701.82,NPR
2026-01-21,ACC0000000528,280232.88,0.0,69583.78,210649.1,NPR
2026-01-21,ACC0000000529,40104.08,59226.71,39996.34,59334.45,NPR
2026-01-21,ACC0000000530,487303.65,0.0,0.0,487303.65,NPR
2026-01-21,ACC0000000531,368915.8,42901.45,94589.95,317227.3,NPR
2026-01-21,ACC0000000532,317402.68,0.0,52501.71,264900.97,NPR
2026-01-21,ACC0000000533,441898.03,0.0,72472.77,369425.26,NPR
2026-01-21,ACC0000000534,326811.68,0.0,0.0,326811.68,NPR
2026-01-21,ACC0000000535,49868.89,0.0,64211.63,-14342.74,NPR
2026-01-21,ACC0000000536,113804.34,0.0,0.0,113804.34,NPR
2026-01-21,ACC0000000537,279255.51,34058.14,36592.01,276721.64,NPR
2026-01-21,ACC0000000538,343621.7,5525.74,35372.99,313774.45,NPR
2026-01-21,ACC0000000539,393086.54,23236.2,20804.17,395518.57,NPR
2026-01-21,ACC0000000540,118447.82,0.0,0.0,118447.82,NPR
2026-01-21,ACC0000000541,394707.08,0.0,28894.27,365812.81,NPR
2026-01-21,ACC0000000542,151785.06,31833.48,8178.66,175439.88,NPR
2026-01-21,ACC0000000543,26416.38,0.0,77346.38,-50930.0,NPR
2026-01-21,ACC0000000544,425614.68,0.0,0.0,425614.68,NPR
2026-01-21,ACC0000000545,216768.8,0.0,23381.27,193387.53,NPR
2026-01-21,ACC0000000546,112327.3,0.0,46193.81,66133.49,NPR
2026-01-21,ACC0000000547,440417.49,14612.02,23096.5,431933.01,NPR
2026-01-21,ACC0000000548,454698.6,0.0,14485.14,440213.46,NPR
2026-01-21,ACC0000000549,18454.55,64749.88,125106.5,-41902.07,NPR
2026-01-21,ACC0000000550,496904.28,0.0,1786.44,495117.84,NPR
2026-01-21,ACC0000000551,358895.63,0.0,0.0,358895.63,NPR
2026-01-21,ACC0000000552,1232.67,0.0,74869.79,-73637.12,NPR
2026-01-21,ACC0000000553,76248.47,30281.86,48355.61,58174.72,NPR
2026-01-21,ACC0000000554,472501.8,7370.28,94165.16,385706.92,NPR
2026-01-21,ACC0000000555,72325.35,2537.31,14505.64,60357.02,NPR
2026-01-21,ACC0000000556,378738.23,0.0,24381.88,354356.35,NPR
2026-01-21,ACC0000000557,240470.16,42017.44,77269.92,205217.68,NPR
2026-01-21,ACC0000000558,276591.39,29258.36,75335.57,230514.18,NPR
2026-01-21,ACC0000000559,328824.81,0.0,0.0,328824.81,NPR
2026-01-21,ACC0000000560,372394.91,0.0,58724.79,313670.12,NPR
2026-01-21,ACC0000000561,103505.19,62621.53,84141.97,81984.75,NPR
2026-01-21,ACC0000000562,338301.36,0.0,140218.03,198083.33,NPR
2026-01-21,ACC0000000563,95623.66,0.0,41626.18,53997.48,NPR
2026-01-21,ACC0000000564,477564.87,0.0,10859.31,466705.56,NPR
2026-01-21,ACC0000000565,94720.67,0.0,53970.78,40749.89,NPR
2026-01-21,ACC0000000566,12050.88,0.0,0.0,12050.88,NPR
2026-01-21,ACC0000000567,59369.08,0.0,0.0,59369.08,NPR
2026-01-21,ACC0000000568,164470.67,13874.94,36904.08,141441.53,NPR
2026-01-21,ACC0000000569,194564.7,52151.86,106794.98,139921.58,NPR
2026-01-21,ACC0000000570,248775.28,0.0,0.0,248775.28,NPR
2026-01-21,ACC0000000571,403412.38,0.0,45244.16,358168.22,NPR
2026-01-21,ACC0000000572,82425.31,0.0,0.0,82425.31,NPR
2026-01-21,ACC0000000573,311985.06,49749.6,0.0,361734.66,NPR
2026-01-21,ACC0000000574,125627.17,0.0,0.0,125627.17,NPR
2026-01-21,ACC0000000575,231828.93,15446.18,46182.77,201092.34,NPR
2026-01-21,ACC0000000576,121058.97,33127.94,15458.59,138728.32,NPR
2026-01-21,ACC0000000577,92581.9,29060.27,0.0,121642.17,NPR
2026-01-21,ACC0000000578,413204.27,0.0,33241.5,379962.77,NPR
2026-01-21,ACC0000000579,105236.31,0.0,0.0,105236.31,NPR
2026-01-21,ACC0000000580,378561.53,26124.15,0.0,404685.68,NPR
2026-01-21,ACC0000000581,192991.76,0.0,0.0,192991.76,NPR
2026-01-21,ACC0000000582,138901.73,0.0,51914.44,86987.29,NPR
2026-01-21,ACC0000000583,452947.25,27328.68,83727.34,396548.59,NPR
2026-01-21,ACC0000000584,254868.65,40468.68,0.0,295337.33,NPR
2026-01-21,ACC0000000585,224272.49,0.0,10821.24,213451.25,NPR
2026-01-21,ACC0000000586,403975.21,0.0,182802.71,221172.5,NPR
2026-01-21,ACC0000000587,373733.25,26393.23,43556.55,356569.93,NPR
2026-01-21,ACC0000000588,35512.01,0.0,231105.12,-195593.11,NPR
2026-01-21,ACC0000000589,362563.13,0.0,42119.77,320443.36,NPR
2026-01-21,ACC0000000590,290245.6,49113.63,55372.91,283986.32,NPR
2026-01-21,ACC0000000591,286911.44,45565.11,83102.05,249374.5,NPR
2026-01-21,ACC0000000592,332215.92,0.0,13109.85,319106.07,NPR
2026-01-21,ACC0000000593,261577.94,0.0,76858.06,184719.88,NPR
2026-01-21,ACC0000000594,73067.7,0.0,0.0,73067.7,NPR
2026-01-21,ACC0000000595,367331.99,0.0,0.0,367331.99,NPR
2026-01-21,ACC0000000596,333873.03,6428.84,0.0,340301.87,NPR
2026-01-21,ACC0000000597,412133.08,0.0,2865.74,409267.34,NPR
2026-01-21,ACC0000000598,46456.93,679.51,52997.29,-5860.85,NPR
2026-01-21,ACC0000000599,439668.49,0.0,68267.59,371400.9,NPR
2026-01-21,ACC0000000600,199558.51,0.0,32625.71,166932.8,NPR
2026-01-21,ACC0000000601,43726.95,0.0,19427.49,24299.46,NPR
2026-01-21,ACC0000000602,15402.85,0.0,122794.31,-107391.46,NPR
2026-01-21,ACC0000000603,180712.05,0.0,66276.95,114435.1,NPR
2026-01-21,ACC0000000604,468059.74,0.0,33064.69,434995.05,NPR
2026-01-21,ACC0000000605,264439.47,0.0,6896.08,257543.39,NPR
2026-01-21,ACC0000000606,470974.23,5320.17,0.0,476294.4,NPR
2026-01-21,ACC0000000607,44538.14,55269.53,21172.59,78635.08,NPR
2026-01-21,ACC0000000608,191400.38,0.0,0.0,191400.38,NPR
2026-01-21,ACC0000000609,73696.78,46310.39,34328.47,85678.7,NPR
2026-01-21,ACC0000000610,291371.63,0.0,15600.7,275770.93,NPR
2026-01-21,ACC0000000611,114452.35,9264.4,52901.96,70814.79,NPR
2026-01-21,ACC0000000612,404662.54,0.0,66969.38,337693.16,NPR
2026-01-21,ACC0000000613,409024.85,0.0,35748.17,373276.68,NPR
2026-01-21,ACC0000000614,36316.79,55807.73,60089.59,32034.93,NPR
2026-01-21,ACC0000000615,480025.3,37066.83,20556.1,496536.03,NPR
2026-01-21,ACC0000000616,280065.87,0.0,131975.83,148090.04,NPR
2026-01-21,ACC0000000617,278792.24,26468.44,127579.26,177681.42,NPR
2026-01-21,ACC0000000618,27538.86,41883.07,33777.18,35644.75,NPR
2026-01-21,ACC0000000619,149072.61,21443.39,72019.99,98496.01,NPR
2026-01-21,ACC0000000620,468666.68,0.0,0.0,468666.68,NPR
2026-01-21,ACC0000000621,224232.61,0.0,0.0,224232.61,NPR
2026-01-21,ACC0000000622,345304.05,0.0,54644.63,290659.42,NPR
2026-01-21,ACC0000000623,213895.38,0.0,41696.53,172198.85,NPR
2026-01-21,ACC0000000624,381056.76,0.0,68275.0,312781.76,NPR
2026-01-21,ACC0000000625,5471.38,0.0,0.0,5471.38,NPR
2026-01-21,ACC0000000626,32603.77,0.0,127297.86,-94694.09,NPR
2026-01-21,ACC0000000627,427515.44,44414.81,105981.59,365948.66,NPR
2026-01-21,ACC0000000628,152662.28,45738.17,39858.92,158541.53,NPR
2026-01-21,ACC0000000629,386865.08,0.0,8613.45,378251.63,NPR
2026-01-21,ACC0000000630,125236.14,0.0,0.0,125236.14,NPR
2026-01-21,ACC0000000631,288738.83,68387.51,65015.17,292111.17,NPR
2026-01-21,ACC0000000632,281561.84,0.0,0.0,281561.84,NPR
2026-01-21,ACC0000000633,423059.93,0.0,52950.72,370109.21,NPR
2026-01-21,ACC0000000634,423182.04,0.0,9217.39,413964.65,NPR
2026-01-21,ACC0000000635,232868.89,49665.62,44118.19,238416.32,NPR
2026-01-21,ACC0000000636,100079.15,1799.52,102258.02,-379.35,NPR
2026-01-21,ACC0000000637,47385.44,31030.64,30909.85,47506.23,NPR
2026-01-21,ACC0000000638,15048.32,0.0,49550.2,-34501.88,NPR
2026-01-21,ACC0000000639,288506.18,0.0,107240.27,181265.91,NPR
2026-01-21,ACC0000000640,304206.21,0.0,0.0,304206.21,NPR
2026-01-21,ACC0000000641,334796.96,0.0,8642.39,326154.57,NPR
2026-01-21,ACC0000000642,362723.69,43548.45,86336.96,319935.18,NPR
2026-01-21,ACC0000000643,388601.17,40832.23,39132.57,390300.83,NPR
2026-01-21,ACC0000000644,25101.7,0.0,96929.82,-71828.12,NPR
2026-01-21,ACC0000000645,333138.74,0.0,9590.49,323548.25,NPR
2026-01-21,ACC0000000646,471264.96,0.0,0.0,471264.96,NPR
2026-01-21,ACC0000000647,184488.63,22648.17,15659.99,191476.81,NPR
2026-01-21,ACC0000000648,174790.22,0.0,0.0,174790.22,NPR
2026-01-21,ACC0000000649,174761.81,0.0,61334.55,113427.26,NPR
2026-01-21,ACC0000000650,4167.74,0.0,13482.41,-9314.67,NPR
2026-01-21,ACC0000000651,116258.84,14416.59,79732.56,50942.87,NPR
2026-01-21,ACC0000000652,12659.11,33208.73,0.0,45867.84,NPR
2026-01-21,ACC0000000653,35034.01,0.0,137722.93,-102688.92,NPR
2026-01-21,ACC0000000654,84304.24,0.0,71848.76,12455.48,NPR
2026-01-21,ACC0000000655,384744.39,0.0,42251.17,342493.22,NPR
2026-01-21,ACC0000000656,440308.86,27991.96,69416.87,398883.95,NPR
2026-01-21,ACC0000000657,402096.45,36915.18,96665.33,342346.3,NPR
2026-01-21,ACC0000000658,225932.16,35438.8,38720.68,222650.28,NPR
2026-01-21,ACC0000000659,172577.03,0.0,0.0,172577.03,NPR
2026-01-21,ACC0000000660,173416.21,16248.84,28192.08,161472.97,NPR
2026-01-21,ACC0000000661,437722.08,49113.87,45341.32,441494.63,NPR
2026-01-21,ACC0000000662,397894.4,0.0,30386.41,367507.99,NPR
2026-01-21,ACC0000000663,195891.6,45827.77,64283.34,177436.03,NPR
2026-01-21,ACC0000000664,143279.86,49768.41,157098.9,35949.37,NPR
2026-01-21,ACC0000000665,19314.97,0.0,0.0,19314.97,NPR
2026-01-21,ACC0000000666,75420.13,0.0,0.0,75420.13,NPR
2026-01-21,ACC0000000667,132005.83,0.0,0.0,132005.83,NPR
2026-01-21,ACC0000000668,51148.01,0.0,131502.37,-80354.36,NPR
2026-01-21,ACC0000000669,457067.5,0.0,72823.71,384243.79,NPR
2026-01-21,ACC0000000670,369650.95,0.0,15197.62,354453.33,NPR
2026-01-21,ACC0000000671,87987.51,0.0,53273.67,34713.84,NPR
2026-01-21,ACC0000000672,478927.12,39433.39,85415.6,432944.91,NPR
2026-01-21,ACC0000000673,234130.19,0.0,0.0,234130.19,NPR
2026-01-21,ACC0000000674,381567.74,47141.37,118488.01,310221.1,NPR
2026-01-21,ACC0000000675,391690.28,8084.34,48274.75,351499.87,NPR
2026-01-21,ACC0000000676,167264.3,7494.12,79959.3,94799.12,NPR
2026-01-21,ACC0000000677,246622.98,49666.87,37563.34,258726.51,NPR
2026-01-21,ACC0000000678,483594.74,0.0,0.0,483594.74,NPR
2026-01-21,ACC0000000679,214188.15,0.0,0.0,214188.15,NPR
2026-01-21,ACC0000000680,145408.39,6323.83,5197.36,146534.86,NPR
2026-01-21,ACC0000000681,208060.0,0.0,25802.51,182257.49,NPR
2026-01-21,ACC0000000682,470171.63,32035.61,0.0,502207.24,NPR
2026-01-21,ACC0000000683,356367.18,0.0,22817.72,333549.46,NPR
2026-01-21,ACC0000000684,154325.55,67797.0,84678.11,137444.44,NPR
2026-01-21,ACC0000000685,304813.14,49073.18,24371.35,329514.97,NPR
2026-01-21,ACC0000000686,89799.78,15005.95,39369.19,65436.54,NPR
2026-01-21,ACC0000000687,172538.15,0.0,15382.85,157155.3,NPR
2026-01-21,ACC0000000688,367426.62,0.0,0.0,367426.62,NPR
2026-01-21,ACC0000000689,171763.37,0.0,46701.15,125062.22,NPR
2026-01-21,ACC0000000690,153095.57,0.0,0.0,153095.57,NPR
2026-01-21,ACC0000000691,288023.19,0.0,15257.75,272765.44,NPR
2026-01-21,ACC0000000692,70922.34,0.0,56063.68,14858.66,NPR
2026-01-21,ACC0000000693,71235.58,60571.2,15739.71,116067.07,NPR
2026-01-21,ACC0000000694,271333.02,0.0,66748.67,204584.35,NPR
2026-01-21,ACC0000000695,325806.56,0.0,32065.3,293741.26,NPR
2026-01-21,ACC0000000696,434578.0,0.0,13942.4,420635.6,NPR
2026-01-21,ACC0000000697,19604.17,0.0,45891.5,-26287.33,NPR
2026-01-21,ACC0000000698,22937.39,42685.68,16657.36,48965.71,NPR
2026-01-21,ACC0000000699,461344.41,0.0,0.0,461344.41,NPR
2026-01-21,ACC0000000700,410875.23,0.0,134778.59,276096.64,NPR
2026-01-21,ACC0000000701,90476.48,0.0,13431.39,77045.09,NPR
2026-01-21,ACC0000000702,275946.74,24280.53,78352.04,221875.23,NPR
2026-01-21,ACC0000000703,2744.93,0.0,144243.48,-141498.55,NPR
2026-01-21,ACC0000000704,165311.73,0.0,111633.62,53678.11,NPR
2026-01-21,ACC0000000705,155796.32,0.0,36052.06,119744.26,NPR
2026-01-21,ACC0000000706,168142.67,0.0,0.0,168142.67,NPR
2026-01-21,ACC0000000707,35723.0,7540.76,28541.84,14721.92,NPR
2026-01-21,ACC0000000708,389055.75,0.0,0.0,389055.75,NPR
2026-01-21,ACC0000000709,485398.19,0.0,60573.83,424824.36,NPR
2026-01-21,ACC0000000710,371747.97,0.0,86383.85,285364.12,NPR
2026-01-21,ACC0000000711,10180.73,0.0,97213.43,-87032.7,NPR
2026-01-21,ACC0000000712,208210.04,19721.48,74330.93,153600.59,NPR
2026-01-21,ACC0000000713,148600.08,0.0,0.0,148600.08,NPR
2026-01-21,ACC0000000714,54055.24,0.0,42770.52,11284.72,NPR
2026-01-21,ACC0000000715,251720.46,0.0,0.0,251720.46,NPR
2026-01-21,ACC0000000716,364183.73,0.0,47091.3,317092.43,NPR
2026-01-21,ACC0000000717,8992.38,0.0,79364.11,-70371.73,NPR
2026-01-21,ACC0000000718,492839.04,0.0,82620.25,410218.79,NPR
2026-01-21,ACC0000000719,289047.1,0.0,0.0,289047.1,NPR
2026-01-21,ACC0000000720,78885.24,0.0,0.0,78885.24,NPR
2026-01-21,ACC0000000721,161666.85,36428.63,66713.87,131381.61,NPR
2026-01-21,ACC0000000722,71228.75,0.0,0.0,71228.75,NPR
2026-01-21,ACC0000000723,346965.89,0.0,100970.59,245995.3,NPR
2026-01-21,ACC0000000724,253777.0,7726.65,82738.16,178765.49,NPR
2026-01-21,ACC0000000725,230964.1,0.0,34381.1,196583.0,NPR
2026-01-21,ACC0000000726,118660.9,0.0,112733.06,5927.84,NPR
2026-01-21,ACC0000000727,279799.59,28141.73,0.0,307941.32,NPR
2026-01-21,ACC0000000728,338594.54,27467.73,80057.68,286004.59,NPR
2026-01-21,ACC0000000729,64461.82,91045.96,121862.12,33645.66,NPR
2026-01-21,ACC0000000730,470350.7,0.0,13864.79,456485.91,NPR
2026-01-21,ACC0000000731,216093.97,67297.99,23767.56,259624.4,NPR
2026-01-21,ACC0000000732,167795.1,0.0,0.0,167795.1,NPR
2026-01-21,ACC0000000733,81911.84,8258.48,0.0,90170.32,NPR
2026-01-21,ACC0000000734,194592.26,43379.14,0.0,237971.4,NPR
2026-01-21,ACC0000000735,47636.04,26511.21,98547.41,-24400.16,NPR
2026-01-21,ACC0000000736,76844.99,10087.79,6550.02,80382.76,NPR
2026-01-21,ACC0000000737,24492.5,0.0,51584.3,-27091.8,NPR
2026-01-21,ACC0000000738,21350.98,90249.88,35171.96,76428.9,NPR
2026-01-21,ACC0000000739,307411.74,46865.25,0.0,354276.99,NPR
2026-01-21,ACC0000000740,263863.99,0.0,47069.81,216794.18,NPR
2026-01-21,ACC0000000741,450230.44,0.0,104533.67,345696.77,NPR
2026-01-21,ACC0000000742,149451.11,0.0,45829.7,103621.41,NPR
2026-01-21,ACC0000000743,259834.0,0.0,27080.35,232753.65,NPR
2026-01-21,ACC0000000744,408539.87,53912.43,109509.89,352942.41,NPR
2026-01-21,ACC0000000745,380599.39,7567.44,114104.89,274061.94,NPR
2026-01-21,ACC0000000746,274252.86,0.0,0.0,274252.86,NPR
2026-01-21,ACC0000000747,346630.17,0.0,32712.24,313917.93,NPR
2026-01-21,ACC0000000748,291533.77,43295.3,29972.26,304856.81,NPR
2026-01-21,ACC0000000749,241931.07,42063.49,19188.87,264805.69,NPR
2026-01-21,ACC0000000750,272010.19,0.0,0.0,272010.19,NPR
2026-01-21,ACC0000000751,274412.46,0.0,8104.21,266308.25,NPR
2026-01-21,ACC0000000752,267461.24,1772.02,73382.38,195850.88,NPR
2026-01-21,ACC0000000753,175193.03,0.0,178872.81,-3679.78,NPR
2026-01-21,ACC0000000754,387854.47,0.0,34957.58,352896.89,NPR
2026-01-21,ACC0000000755,451811.72,28969.48,0.0,480781.2,NPR
2026-01-21,ACC0000000756,229980.22,0.0,73276.92,156703.3,NPR
2026-01-21,ACC0000000757,243347.64,0.0,46476.6,196871.04,NPR
2026-01-21,ACC0000000758,99583.59,0.0,0.0,99583.59,NPR
2026-01-21,ACC0000000759,340411.05,26242.42,79688.17,286965.3,NPR
2026-01-21,ACC0000000760,393802.01,0.0,108601.93,285200.08,NPR
2026-01-21,ACC0000000761,144675.2,0.0,28226.99,116448.21,NPR
2026-01-21,ACC0000000762,307549.96,0.0,0.0,307549.96,NPR
2026-01-21,ACC0000000763,457406.43,0.0,74210.62,383195.81,NPR
2026-01-21,ACC0000000764,216211.18,45952.48,91667.24,170496.42,NPR
2026-01-21,ACC0000000765,156233.31,0.0,11810.72,144422.59,NPR
2026-01-21,ACC0000000766,239981.13,0.0,3101.41,236879.72,NPR
2026-01-21,ACC0000000767,220474.22,0.0,0.0,220474.22,NPR
2026-01-21,ACC0000000768,371565.99,0.0,23703.55,347862.44,NPR
2026-01-21,ACC0000000769,209931.29,0.0,41100.09,168831.2,NPR
2026-01-21,ACC0000000770,43564.83,0.0,0.0,43564.83,NPR
2026-01-21,ACC0000000771,486658.0,0.0,84185.82,402472.18,NPR
2026-01-21,ACC0000000772,434928.63,0.0,98706.63,336222.0,NPR
2026-01-21,ACC0000000773,338473.33,0.0,15770.18,322703.15,NPR
2026-01-21,ACC0000000774,185364.51,29324.97,35821.48,178868.0,NPR
2026-01-21,ACC0000000775,374228.3,0.0,214.16,374014.14,NPR
2026-01-21,ACC0000000776,356597.38,0.0,70365.56,286231.82,NPR
2026-01-21,ACC0000000777,32355.83,0.0,162640.74,-130284.91,NPR
2026-01-21,ACC0000000778,149602.33,0.0,52120.06,97482.27,NPR
2026-01-21,ACC0000000779,224470.9,0.0,0.0,224470.9,NPR
2026-01-21,ACC0000000780,355254.75,36896.69,39829.3,352322.14,NPR
2026-01-21,ACC0000000781,212310.29,3145.61,139481.21,75974.69,NPR
2026-01-21,ACC0000000782,112088.12,24194.56,53537.64,82745.04,NPR
2026-01-21,ACC0000000783,31700.91,0.0,15293.31,16407.6,NPR
2026-01-21,ACC0000000784,129625.82,0.0,44255.05,85370.77,NPR
2026-01-21,ACC0000000785,414424.43,36961.27,14524.81,436860.89,NPR
2026-01-21,ACC0000000786,57691.17,0.0,57605.31,85.86,NPR
2026-01-21,ACC0000000787,186583.94,0.0,40670.2,145913.74,NPR
2026-01-21,ACC0000000788,303816.38,0.0,30191.52,273624.86,NPR
2026-01-21,ACC0000000789,292674.36,0.0,148099.13,144575.23,NPR
2026-01-21,ACC0000000790,397223.03,0.0,9019.77,388203.26,NPR
2026-01-21,ACC0000000791,218926.3,0.0,58000.47,160925.83,NPR
2026-01-21,ACC0000000792,379113.11,0.0,93350.89,285762.22,NPR
2026-01-21,ACC0000000793,135312.26,0.0,84842.45,50469.81,NPR
2026-01-21,ACC0000000794,301025.5,25350.96,85211.08,241165.38,NPR
2026-01-21,ACC0000000795,381705.92,0.0,55879.21,325826.71,NPR
2026-01-21,ACC0000000796,204755.61,0.0,0.0,204755.61,NPR
2026-01-21,ACC0000000797,122567.66,52785.78,44488.25,130865.19,NPR
2026-01-21,ACC0000000798,199839.28,0.0,55879.36,143959.92,NPR
2026-01-21,ACC0000000799,455409.98,0.0,136962.95,318447.03,NPR
2026-01-21,ACC0000000800,439660.66,0.0,0.0,439660.66,NPR
2026-01-21,ACC0000000801,203168.63,0.0,0.0,203168.63,NPR
2026-01-21,ACC0000000802,67625.81,0.0,68256.09,-630.28,NPR
2026-01-21,ACC0000000803,174081.17,0.0,48624.84,125456.33,NPR
2026-01-21,ACC0000000804,280023.25,0.0,96361.22,183662.03,NPR
2026-01-21,ACC0000000805,342337.99,18747.23,19698.88,341386.34,NPR
2026-01-21,ACC0000000806,319212.08,16953.63,57976.97,278188.74,NPR
2026-01-21,ACC0000000807,382409.84,0.0,0.0,382409.84,NPR
2026-01-21,ACC0000000808,302242.29,0.0,68450.78,233791.51,NPR
2026-01-21,ACC0000000809,368219.73,0.0,28325.87,339893.86,NPR
2026-01-21,ACC0000000810,214602.24,47288.05,14472.18,247418.11,NPR
2026-01-21,ACC0000000811,6505.42,0.0,79167.32,-72661.9,NPR
2026-01-21,ACC0000000812,168377.37,0.0,51614.02,116763.35,NPR
2026-01-21,ACC0000000813,154663.23,30239.3,18545.44,166357.09,NPR
2026-01-21,ACC0000000814,334040.57,0.0,44664.6,289375.97,NPR
2026-01-21,ACC0000000815,155984.44,0.0,80508.42,75476.02,NPR
2026-01-21,ACC0000000816,477203.46,20136.47,86358.6,410981.33,NPR
2026-01-21,ACC0000000817,54689.18,1893.5,41102.71,15479.97,NPR
2026-01-21,ACC0000000818,126950.28,0.0,0.0,126950.28,NPR
2026-01-21,ACC0000000819,274477.45,41895.82,159369.87,157003.4,NPR
2026-01-21,ACC0000000820,370023.8,0.0,0.0,370023.8,NPR
2026-01-21,ACC0000000821,475955.2,42279.33,15915.15,502319.38,NPR
2026-01-21,ACC0000000822,470642.2,0.0,57048.3,413593.9,NPR
2026-01-21,ACC0000000823,297799.5,0.0,3408.95,294390.55,NPR
2026-01-21,ACC0000000824,349321.79,19757.58,70961.26,298118.11,NPR
2026-01-21,ACC0000000825,492244.03,0.0,0.0,492244.03,NPR
2026-01-21,ACC0000000826,337937.28,0.0,194.38,337742.9,NPR
2026-01-21,ACC0000000827,141551.54,0.0,181776.76,-40225.22,NPR
2026-01-21,ACC0000000828,21014.11,0.0,57252.84,-36238.73,NPR
2026-01-21,ACC0000000829,388287.42,48090.58,45853.61,390524.39,NPR
2026-01-21,ACC0000000830,401556.84,0.0,46547.03,355009.81,NPR
2026-01-21,ACC0000000831,465434.77,38163.09,47790.79,455807.07,NPR
2026-01-21,ACC0000000832,498625.15,17663.44,45762.57,470526.02,NPR
2026-01-21,ACC0000000833,96289.61,0.0,29278.23,67011.38,NPR
2026-01-21,ACC0000000834,120552.06,48981.91,49178.01,120355.96,NPR
2026-01-21,ACC0000000835,307425.16,0.0,0.0,307425.16,NPR
2026-01-21,ACC0000000836,203133.74,0.0,97692.74,105441.0,NPR
2026-01-21,ACC0000000837,169007.85,0.0,71507.6,97500.25,NPR
2026-01-21,ACC0000000838,440796.46,73605.12,0.0,514401.58,NPR
2026-01-21,ACC0000000839,296641.96,0.0,5204.82,291437.14,NPR
2026-01-21,ACC0000000840,24377.2,0.0,37574.84,-13197.64,NPR
2026-01-21,ACC0000000841,172230.08,0.0,106044.82,66185.26,NPR
2026-01-21,ACC0000000842,173350.15,0.0,153690.73,19659.42,NPR
2026-01-21,ACC0000000843,479880.12,0.0,68478.43,411401.69,NPR
2026-01-21,ACC0000000844,397448.24,0.0,0.0,397448.24,NPR
2026-01-21,ACC0000000845,300848.45,0.0,0.0,300848.45,NPR
2026-01-21,ACC0000000846,360361.67,44498.22,72266.8,332593.09,NPR
2026-01-21,ACC0000000847,322405.09,0.0,10010.93,312394.16,NPR
2026-01-21,ACC0000000848,425566.63,17719.72,0.0,443286.35,NPR
2026-01-21,ACC0000000849,356424.46,0.0,55486.34,300938.12,NPR
2026-01-21,ACC0000000850,350420.72,0.0,42123.19,308297.53,NPR
2026-01-21,ACC0000000851,420938.91,13646.59,0.0,434585.5,NPR
2026-01-21,ACC0000000852,276007.52,44296.94,65302.29,255002.17,NPR
2026-01-21,ACC0000000853,360177.01,41050.41,134918.88,266308.54,NPR
2026-01-21,ACC0000000854,121970.81,0.0,10483.38,111487.43,NPR
2026-01-21,ACC0000000855,305431.72,0.0,82202.85,223228.87,NPR
2026-01-21,ACC0000000856,386534.94,22853.45,40099.18,369289.21,NPR
2026-01-21,ACC0000000857,364124.51,24059.21,95987.32,292196.4,NPR
2026-01-21,ACC0000000858,443519.81,0.0,43001.26,400518.55,NPR
2026-01-21,ACC0000000859,43270.34,7269.17,58162.94,-7623.43,NPR
2026-01-21,ACC0000000860,377900.52,0.0,124710.02,253190.5,NPR
2026-01-21,ACC0000000861,446597.83,0.0,114180.79,332417.04,NPR
2026-01-21,ACC0000000862,325101.44,9980.15,96000.01,239081.58,NPR
2026-01-21,ACC0000000863,188199.52,0.0,108942.54,79256.98,NPR
2026-01-21,ACC0000000864,479948.81,17677.7,38902.4,458724.11,NPR
2026-01-21,ACC0000000865,272400.55,0.0,118545.89,153854.66,NPR
2026-01-21,ACC0000000866,71773.87,0.0,14459.77,57314.1,NPR
2026-01-21,ACC0000000867,353653.02,34781.31,17950.49,370483.84,NPR
2026-01-21,ACC0000000868,85876.25,0.0,51855.95,34020.3,NPR
2026-01-21,ACC0000000869,171955.69,37805.9,49193.86,160567.73,NPR
2026-01-21,ACC0000000870,462164.31,0.0,0.0,462164.31,NPR
2026-01-21,ACC0000000871,363253.78,0.0,25720.38,337533.4,NPR
2026-01-21,ACC0000000872,160091.62,28767.33,33675.2,155183.75,NPR
2026-01-21,ACC0000000873,475669.08,0.0,0.0,475669.08,NPR
2026-01-21,ACC0000000874,30503.85,0.0,227695.72,-197191.87,NPR
2026-01-21,ACC0000000875,127859.17,0.0,0.0,127859.17,NPR
2026-01-21,ACC0000000876,100229.43,0.0,29398.17,70831.26,NPR
2026-01-21,ACC0000000877,29877.16,0.0,64252.25,-34375.09,NPR
2026-01-21,ACC0000000878,479741.99,0.0,0.0,479741.99,NPR
2026-01-21,ACC0000000879,126205.38,0.0,41913.41,84291.97,NPR
2026-01-21,ACC0000000880,460900.34,0.0,15042.43,445857.91,NPR
2026-01-21,ACC0000000881,243297.83,0.0,43007.08,200290.75,NPR
2026-01-21,ACC0000000882,463930.99,0.0,46917.15,417013.84,NPR
2026-01-21,ACC0000000883,359833.65,0.0,0.0,359833.65,NPR
2026-01-21,ACC0000000884,450006.83,44873.41,80403.95,414476.29,NPR
2026-01-21,ACC0000000885,105045.57,0.0,0.0,105045.57,NPR
2026-01-21,ACC0000000886,249189.25,0.0,21525.0,227664.25,NPR
2026-01-21,ACC0000000887,242414.08,0.0,81638.45,160775.63,NPR
2026-01-21,ACC0000000888,112892.83,0.0,0.0,112892.83,NPR
2026-01-21,ACC0000000889,336281.87,47378.1,67540.66,316119.31,NPR
2026-01-21,ACC0000000890,113760.65,0.0,0.0,113760.65,NPR
2026-01-21,ACC0000000891,294363.86,28796.72,106144.09,217016.49,NPR
2026-01-21,ACC0000000892,176077.42,0.0,8372.28,167705.14,NPR
2026-01-21,ACC0000000893,10062.61,29940.18,0.0,40002.79,NPR
2026-01-21,ACC0000000894,460318.07,0.0,34530.23,425787.84,NPR
2026-01-21,ACC0000000895,329964.29,0.0,49457.59,280506.7,NPR
2026-01-21,ACC0000000896,122114.91,0.0,0.0,122114.91,NPR
2026-01-21,ACC0000000897,163077.12,0.0,0.0,163077.12,NPR
2026-01-21,ACC0000000898,160783.23,0.0,13016.35,147766.88,NPR
2026-01-21,ACC0000000899,224501.93,12777.43,20182.04,217097.32,NPR
2026-01-21,ACC0000000900,257915.99,0.0,29.84,257886.15,NPR
2026-01-21,ACC0000000901,420569.4,3109.33,0.0,423678.73,NPR
2026-01-21,ACC0000000902,180911.77,0.0,48696.75,132215.02,NPR
2026-01-21,ACC0000000903,276276.82,0.0,25701.55,250575.27,NPR
2026-01-21,ACC0000000904,156199.92,0.0,0.0,156199.92,NPR
2026-01-21,ACC0000000905,337832.96,44216.24,78490.93,303558.27,NPR
2026-01-21,ACC0000000906,81074.5,0.0,0.0,81074.5,NPR
2026-01-21,ACC0000000907,423604.88,51800.13,13647.33,461757.68,NPR
2026-01-21,ACC0000000908,329011.64,44139.7,0.0,373151.34,NPR
2026-01-21,ACC0000000909,229135.36,0.0,45940.52,183194.84,NPR
2026-01-21,ACC0000000910,50011.74,0.0,18556.49,31455.25,NPR
2026-01-21,ACC0000000911,343732.86,0.0,72129.22,271603.64,NPR
2026-01-21,ACC0000000912,138561.21,0.0,42849.78,95711.43,NPR
2026-01-21,ACC0000000913,433832.83,47350.9,17356.4,463827.33,NPR
2026-01-21,ACC0000000914,24496.3,42452.42,16876.55,50072.17,NPR
2026-01-21,ACC0000000915,65558.41,0.0,112010.05,-46451.64,NPR
2026-01-21,ACC0000000916,178237.26,0.0,63526.67,114710.59,NPR
2026-01-21,ACC0000000917,77161.95,860.01,102590.77,-24568.81,NPR
2026-01-21,ACC0000000918,455455.44,0.0,43737.32,411718.12,NPR
2026-01-21,ACC0000000919,439445.44,0.0,49400.28,390045.16,NPR
2026-01-21,ACC0000000920,203655.66,0.0,97840.75,105814.91,NPR
2026-01-21,ACC0000000921,330848.91,31033.77,123141.94,238740.74,NPR
2026-01-21,ACC0000000922,422278.05,0.0,114933.59,307344.46,NPR
2026-01-21,ACC0000000923,87535.07,0.0,0.0,87535.07,NPR
2026-01-21,ACC0000000924,39645.76,0.0,32763.1,6882.66,NPR
2026-01-21,ACC0000000925,486426.0,0.0,0.0,486426.0,NPR
2026-01-21,ACC0000000926,208061.28,0.0,101622.44,106438.84,NPR
2026-01-21,ACC0000000927,117687.61,0.0,0.0,117687.61,NPR
2026-01-21,ACC0000000928,6652.18,58717.35,118986.28,-53616.75,NPR
2026-01-21,ACC0000000929,30350.52,0.0,71399.78,-41049.26,NPR
2026-01-21,ACC0000000930,111030.0,0.0,0.0,111030.0,NPR
2026-01-21,ACC0000000931,249341.42,0.0,41723.75,207617.67,NPR
2026-01-21,ACC0000000932,488462.7,42946.9,112070.03,419339.57,NPR
2026-01-21,ACC0000000933,297853.75,0.0,0.0,297853.75,NPR
2026-01-21,ACC0000000934,232099.08,0.0,84573.46,147525.62,NPR
2026-01-21,ACC0000000935,435818.6,0.0,72893.05,362925.55,NPR
2026-01-21,ACC0000000936,152105.72,4704.2,17212.45,139597.47,NPR
2026-01-21,ACC0000000937,258476.5,0.0,102997.96,155478.54,NPR
2026-01-21,ACC0000000938,252489.43,40986.28,135542.7,157933.01,NPR
2026-01-21,ACC0000000939,260082.26,34714.23,42247.22,252549.27,NPR
2026-01-21,ACC0000000940,431226.12,42070.87,13803.85,459493.14,NPR
2026-01-21,ACC0000000941,491803.1,0.0,0.0,491803.1,NPR
2026-01-21,ACC0000000942,144614.8,0.0,48917.86,95696.94,NPR
2026-01-21,ACC0000000943,48575.64,0.0,58645.29,-10069.65,NPR
2026-01-21,ACC0000000944,238333.44,0.0,55864.4,182469.04,NPR
2026-01-21,ACC0000000945,292842.13,0.0,0.0,292842.13,NPR
2026-01-21,ACC0000000946,414270.43,0.0,60775.5,353494.93,NPR
2026-01-21,ACC0000000947,255127.12,4376.88,29947.22,229556.78,NPR
2026-01-21,ACC0000000948,274394.74,0.0,48544.97,225849.77,NPR
2026-01-21,ACC0000000949,338939.4,0.0,104066.72,234872.68,NPR
2026-01-21,ACC0000000950,197314.94,28733.5,42263.09,183785.35,NPR
2026-01-21,ACC0000000951,209120.48,20180.81,52995.27,176306.02,NPR
2026-01-21,ACC0000000952,471680.72,11215.54,22027.03,460869.23,NPR
2026-01-21,ACC0000000953,382526.11,99368.88,13029.21,468865.78,NPR
2026-01-21,ACC0000000954,485419.94,0.0,122843.19,362576.75,NPR
2026-01-21,ACC0000000955,103989.39,0.0,0.0,103989.39,NPR
2026-01-21,ACC0000000956,421474.76,0.0,76106.05,345368.71,NPR
2026-01-21,ACC0000000957,39885.77,0.0,32729.65,7156.12,NPR
2026-01-21,ACC0000000958,122277.29,11015.79,2189.28,131103.8,NPR
2026-01-21,ACC0000000959,4749.74,0.0,33798.17,-29048.43,NPR
2026-01-21,ACC0000000960,323622.82,0.0,171992.63,151630.19,NPR
2026-01-21,ACC0000000961,405556.73,0.0,35672.66,369884.07,NPR
2026-01-21,ACC0000000962,186649.91,0.0,41637.83,145012.08,NPR
2026-01-21,ACC0000000963,261892.7,0.0,80795.39,181097.31,NPR
2026-01-21,ACC0000000964,175474.37,0.0,0.0,175474.37,NPR
2026-01-21,ACC0000000965,123006.61,53641.95,0.0,176648.56,NPR
2026-01-21,ACC0000000966,167304.53,0.0,58505.67,108798.86,NPR
2026-01-21,ACC0000000967,36064.66,0.0,102245.29,-66180.63,NPR
2026-01-21,ACC0000000968,122090.9,10423.31,26280.33,106233.88,NPR
2026-01-21,ACC0000000969,271042.48,0.0,0.0,271042.48,NPR
2026-01-21,ACC0000000970,91215.41,0.0,0.0,91215.41,NPR
2026-01-21,ACC0000000971,413871.37,0.0,20815.43,393055.94,NPR
2026-01-21,ACC0000000972,426310.86,0.0,41006.01,385304.85,NPR
2026-01-21,ACC0000000973,476649.67,0.0,52292.39,424357.28,NPR
2026-01-21,ACC0000000974,187721.97,0.0,36933.42,150788.55,NPR
2026-01-21,ACC0000000975,451178.79,67495.58,0.0,518674.37,NPR
2026-01-21,ACC0000000976,458303.72,38111.08,67601.03,428813.77,NPR
2026-01-21,ACC0000000977,498970.81,0.0,109502.71,389468.1,NPR
2026-01-21,ACC0000000978,296435.43,0.0,57350.49,239084.94,NPR
2026-01-21,ACC0000000979,59639.5,29196.58,46343.33,42492.75,NPR
2026-01-21,ACC0000000980,114154.32,0.0,26110.88,88043.44,NPR
2026-01-21,ACC0000000981,250210.13,0.0,48971.48,201238.65,NPR
2026-01-21,ACC0000000982,208049.89,0.0,41051.56,166998.33,NPR
2026-01-21,ACC0000000983,171421.1,0.0,0.0,171421.1,NPR
2026-01-21,ACC0000000984,348768.77,13339.72,20911.7,341196.79,NPR
2026-01-21,ACC0000000985,55322.67,686.26,75663.84,-19654.91,NPR
2026-01-21,ACC0000000986,109380.36,24154.11,39990.5,93543.97,NPR
2026-01-21,ACC0000000987,287604.8,0.0,10202.29,277402.51,NPR
2026-01-21,ACC0000000988,89268.85,0.0,50689.62,38579.23,NPR
2026-01-21,ACC0000000989,481534.05,0.0,106493.74,375040.31,NPR
2026-01-21,ACC0000000990,321801.01,49688.12,143620.07,227869.06,NPR
2026-01-21,ACC0000000991,479752.91,0.0,43739.34,436013.57,NPR
2026-01-21,ACC0000000992,216664.03,0.0,150514.44,66149.59,NPR
2026-01-21,ACC0000000993,213918.64,48252.6,72057.71,190113.53,NPR
2026-01-21,ACC0000000994,93903.09,83457.52,20611.05,156749.56,NPR
2026-01-21,ACC0000000995,356855.14,0.0,0.0,356855.14,NPR
2026-01-21,ACC0000000996,61772.04,0.0,0.0,61772.04,NPR
2026-01-21,ACC0000000997,187087.01,0.0,35893.58,151193.43,NPR
2026-01-21,ACC0000000998,372512.25,0.0,33440.4,339071.85,NPR
2026-01-21,ACC0000000999,119813.65,0.0,88872.11,30941.54,NPR
2026-01-21,ACC0000001000,443193.39,0.0,0.0,443193.39,NPR
2026-01-21,ACC0000001001,401847.9,0.0,15019.59,386828.31,NPR
2026-01-21,ACC0000001002,398990.76,0.0,53341.78,345648.98,NPR
2026-01-21,ACC0000001003,370958.39,0.0,0.0,370958.39,NPR
2026-01-21,ACC0000001004,24587.59,62406.34,90434.82,-3440.89,NPR
2026-01-21,ACC0000001005,452591.84,0.0,32852.57,419739.27,NPR
2026-01-21,ACC0000001006,211848.17,0.0,85323.41,126524.76,NPR
2026-01-21,ACC0000001007,230457.02,0.0,15553.39,214903.63,NPR
2026-01-21,ACC0000001008,183359.45,0.0,6703.35,176656.1,NPR
2026-01-21,ACC0000001009,346710.08,33058.83,41804.3,337964.61,NPR
2026-01-21,ACC0000001010,132805.47,52583.11,0.0,185388.58,NPR
2026-01-21,ACC0000001011,94620.5,4009.29,48866.98,49762.81,NPR
2026-01-21,ACC0000001012,460356.13,0.0,0.0,460356.13,NPR
2026-01-21,ACC0000001013,4341.05,0.0,99913.26,-95572.21,NPR
2026-01-21,ACC0000001014,256362.81,0.0,0.0,256362.81,NPR
2026-01-21,ACC0000001015,120636.94,0.0,0.0,120636.94,NPR
2026-01-21,ACC0000001016,1397.87,30635.17,68884.61,-36851.57,NPR
2026-01-21,ACC0000001017,252802.17,0.0,12129.59,240672.58,NPR
2026-01-21,ACC0000001018,367090.56,0.0,18671.67,348418.89,NPR
2026-01-21,ACC0000001019,26814.03,0.0,0.0,26814.03,NPR
2026-01-21,ACC0000001020,398289.77,0.0,0.0,398289.77,NPR
2026-01-21,ACC0000001021,17117.91,0.0,65930.0,-48812.09,NPR
2026-01-21,ACC0000001022,358828.45,0.0,36229.84,322598.61,NPR
2026-01-21,ACC0000001023,273277.13,5424.55,98878.38,179823.3,NPR
2026-01-21,ACC0000001024,343974.8,0.0,21769.72,322205.08,NPR
2026-01-21,ACC0000001025,248049.65,34293.21,0.0,282342.86,NPR
2026-01-21,ACC0000001026,280616.48,0.0,7804.71,272811.77,NPR
2026-01-21,ACC0000001027,144458.67,0.0,0.0,144458.67,NPR
2026-01-21,ACC0000001028,206780.36,39445.32,53585.22,192640.46,NPR
2026-01-21,ACC0000001029,208747.54,0.0,34500.25,174247.29,NPR
2026-01-21,ACC0000001030,265858.24,7206.65,59843.57,213221.32,NPR
2026-01-21,ACC0000001031,19089.58,0.0,29460.18,-10370.6,NPR
2026-01-21,ACC0000001032,299695.36,49492.4,32608.97,316578.79,NPR
2026-01-21,ACC0000001033,373932.49,43771.59,94828.28,322875.8,NPR
2026-01-21,ACC0000001034,376075.55,0.0,0.0,376075.55,NPR
2026-01-21,ACC0000001035,172915.11,0.0,0.0,172915.11,NPR
2026-01-21,ACC0000001036,139592.3,0.0,28022.85,111569.45,NPR
2026-01-21,ACC0000001037,478445.33,43500.42,64909.61,457036.14,NPR
2026-01-21,ACC0000001038,179025.86,23436.59,73466.29,128996.16,NPR
2026-01-21,ACC0000001039,212729.76,10667.26,18356.43,205040.59,NPR
2026-01-21,ACC0000001040,366440.78,0.0,4014.55,362426.23,NPR
2026-01-21,ACC0000001041,142688.9,8930.18,164738.79,-13119.71,NPR
2026-01-21,ACC0000001042,307439.13,0.0,85420.37,222018.76,NPR
2026-01-21,ACC0000001043,137584.48,0.0,0.0,137584.48,NPR
2026-01-21,ACC0000001044,398940.16,9293.92,58786.83,349447.25,NPR
2026-01-21,ACC0000001045,394093.54,45148.91,12595.65,426646.8,NPR
2026-01-21,ACC0000001046,364929.73,0.0,48004.35,316925.38,NPR
2026-01-21,ACC0000001047,114460.71,0.0,26496.41,87964.3,NPR
2026-01-21,ACC0000001048,434039.1,0.0,0.0,434039.1,NPR
2026-01-21,ACC0000001049,170723.27,0.0,88549.56,82173.71,NPR
2026-01-21,ACC0000001050,222371.0,0.0,146620.89,75750.11,NPR
2026-01-21,ACC0000001051,157142.11,0.0,93956.5,63185.61,NPR
2026-01-21,ACC0000001052,250623.33,35499.22,21796.08,264326.47,NPR
2026-01-21,ACC0000001053,359648.77,0.0,14495.22,345153.55,NPR
2026-01-21,ACC0000001054,262958.85,49801.05,81255.63,231504.27,NPR
2026-01-21,ACC0000001055,158246.24,53701.88,0.0,211948.12,NPR
2026-01-21,ACC0000001056,160695.97,26638.12,60072.77,127261.32,NPR
2026-01-21,ACC0000001057,49364.68,0.0,0.0,49364.68,NPR
2026-01-21,ACC0000001058,369408.86,0.0,99106.4,270302.46,NPR
2026-01-21,ACC0000001059,282477.42,0.0,53745.24,228732.18,NPR
2026-01-21,ACC0000001060,496520.27,0.0,66710.11,429810.16,NPR
2026-01-21,ACC0000001061,417702.29,0.0,50978.05,366724.24,NPR
2026-01-21,ACC0000001062,266406.29,0.0,0.0,266406.29,NPR
2026-01-21,ACC0000001063,381675.91,0.0,11385.3,370290.61,NPR
2026-01-21,ACC0000001064,163969.39,0.0,64093.49,99875.9,NPR
2026-01-21,ACC0000001065,339336.36,0.0,0.0,339336.36,NPR
2026-01-21,ACC0000001066,429574.3,0.0,0.0,429574.3,NPR
2026-01-21,ACC0000001067,290830.14,0.0,37251.54,253578.6,NPR
2026-01-21,ACC0000001068,486171.93,0.0,43936.94,442234.99,NPR
2026-01-21,ACC0000001069,287113.68,36998.73,51686.73,272425.68,NPR
2026-01-21,ACC0000001070,477882.36,0.0,3590.45,474291.91,NPR
2026-01-21,ACC0000001071,46179.88,0.0,0.0,46179.88,NPR
2026-01-21,ACC0000001072,348244.02,48669.69,9535.6,387378.11,NPR
2026-01-21,ACC0000001073,264780.93,0.0,120992.29,143788.64,NPR
2026-01-21,ACC0000001074,355892.95,45367.03,23370.02,377889.96,NPR
2026-01-21,ACC0000001075,372446.94,0.0,0.0,372446.94,NPR
2026-01-21,ACC0000001076,308126.27,0.0,0.0,308126.27,NPR
2026-01-21,ACC0000001077,148593.33,29125.44,20076.84,157641.93,NPR
2026-01-21,ACC0000001078,28694.39,0.0,0.0,28694.39,NPR
2026-01-21,ACC0000001079,204517.02,0.0,0.0,204517.02,NPR
2026-01-21,ACC0000001080,72592.96,0.0,34968.75,37624.21,NPR
2026-01-21,ACC0000001081,295416.43,0.0,0.0,295416.43,NPR
2026-01-21,ACC0000001082,177049.53,0.0,61533.62,115515.91,NPR
2026-01-21,ACC0000001083,196992.95,0.0,22088.94,174904.01,NPR
2026-01-21,ACC0000001084,307654.7,0.0,62945.21,244709.49,NPR
2026-01-21,ACC0000001085,321687.18,0.0,96769.54,224917.64,NPR
2026-01-21,ACC0000001086,266089.53,0.0,120402.75,145686.78,NPR
2026-01-21,ACC0000001087,473792.47,0.0,33460.37,440332.1,NPR
2026-01-21,ACC0000001088,497759.08,13833.81,59682.74,451910.15,NPR
2026-01-21,ACC0000001089,7520.65,8693.67,5711.02,10503.3,NPR
2026-01-21,ACC0000001090,97742.86,0.0,177053.63,-79310.77,NPR
2026-01-21,ACC0000001091,424245.88,0.0,0.0,424245.88,NPR
2026-01-21,ACC0000001092,285042.52,0.0,87503.54,197538.98,NPR
2026-01-21,ACC0000001093,169877.95,0.0,94388.0,75489.95,NPR
2026-01-21,ACC0000001094,367305.27,0.0,18717.72,348587.55,NPR
2026-01-21,ACC0000001095,142102.92,37102.8,43115.77,136089.95,NPR
2026-01-21,ACC0000001096,121731.0,0.0,0.0,121731.0,NPR
2026-01-21,ACC0000001097,144880.4,0.0,90529.37,54351.03,NPR
2026-01-21,ACC0000001098,398218.06,0.0,76533.29,321684.77,NPR
2026-01-21,ACC0000001099,459495.73,0.0,56422.54,403073.19,NPR
2026-01-21,ACC0000001100,408753.29,0.0,24636.42,384116.87,NPR
2026-01-21,ACC0000001101,298834.71,77967.12,56612.19,320189.64,NPR
2026-01-21,ACC0000001102,182937.63,0.0,0.0,182937.63,NPR
2026-01-21,ACC0000001103,174811.74,0.0,72009.79,102801.95,NPR
2026-01-21,ACC0000001104,236009.95,45169.88,102995.27,178184.56,NPR
2026-01-21,ACC0000001105,474693.13,24606.1,12207.16,487092.07,NPR
2026-01-21,ACC0000001106,363517.08,0.0,25619.15,337897.93,NPR
2026-01-21,ACC0000001107,138481.69,10298.11,136166.69,12613.11,NPR
2026-01-21,ACC0000001108,168996.02,0.0,197478.91,-28482.89,NPR
2026-01-21,ACC0000001109,447461.05,0.0,42925.19,404535.86,NPR
2026-01-21,ACC0000001110,133482.81,39322.34,171916.76,888.39,NPR
2026-01-21,ACC0000001111,351203.42,21551.39,0.0,372754.81,NPR
2026-01-21,ACC0000001112,155521.82,0.0,188999.91,-33478.09,NPR
2026-01-21,ACC0000001113,126464.82,0.0,0.0,126464.82,NPR
2026-01-21,ACC0000001114,192240.93,0.0,0.0,192240.93,NPR
2026-01-21,ACC0000001115,328776.08,0.0,7573.92,321202.16,NPR
2026-01-21,ACC0000001116,387874.05,10411.79,0.0,398285.84,NPR
2026-01-21,ACC0000001117,182162.91,28672.58,11821.7,199013.79,NPR
2026-01-21,ACC0000001118,286710.86,0.0,0.0,286710.86,NPR
2026-01-21,ACC0000001119,26806.98,39411.49,137736.72,-71518.25,NPR
2026-01-21,ACC0000001120,355717.49,0.0,53627.02,302090.47,NPR
2026-01-21,ACC0000001121,374006.6,0.0,59245.41,314761.19,NPR
2026-01-21,ACC0000001122,138760.45,0.0,103144.53,35615.92,NPR
2026-01-21,ACC0000001123,354759.03,0.0,46705.16,308053.87,NPR
2026-01-21,ACC0000001124,105470.71,0.0,0.0,105470.71,NPR
2026-01-21,ACC0000001125,238217.62,0.0,18224.9,219992.72,NPR
2026-01-21,ACC0000001126,161317.03,0.0,92055.63,69261.4,NPR
2026-01-21,ACC0000001127,221619.82,20581.69,28739.84,213461.67,NPR
2026-01-21,ACC0000001128,433904.68,37719.88,168222.94,303401.62,NPR
2026-01-21,ACC0000001129,436120.92,0.0,115078.32,321042.6,NPR
2026-01-21,ACC0000001130,13724.59,0.0,35938.55,-22213.96,NPR
2026-01-21,ACC0000001131,176249.66,20509.78,0.0,196759.44,NPR
2026-01-21,ACC0000001132,431738.45,0.0,3233.85,428504.6,NPR
2026-01-21,ACC0000001133,284257.68,0.0,65445.31,218812.37,NPR
2026-01-21,ACC0000001134,416292.36,0.0,48347.58,367944.78,NPR
2026-01-21,ACC0000001135,316852.47,28551.64,72679.33,272724.78,NPR
2026-01-21,ACC0000001136,399041.34,0.0,42816.9,356224.44,NPR
2026-01-21,ACC0000001137,222733.31,34289.34,62764.1,194258.55,NPR
2026-01-21,ACC0000001138,257033.26,0.0,99462.93,157570.33,NPR
2026-01-21,ACC0000001139,273929.85,0.0,42348.5,231581.35,NPR
2026-01-21,ACC0000001140,292965.41,40131.41,94581.91,238514.91,NPR
2026-01-21,ACC0000001141,445513.58,11706.84,31655.02,425565.4,NPR
2026-01-21,ACC0000001142,240268.22,0.0,92038.67,148229.55,NPR
2026-01-21,ACC0000001143,346025.11,41564.33,23092.48,364496.96,NPR
2026-01-21,ACC0000001144,121148.47,24626.15,71784.29,73990.33,NPR
2026-01-21,ACC0000001145,436602.73,0.0,0.0,436602.73,NPR
2026-01-21,ACC0000001146,121789.64,7567.74,116366.08,12991.3,NPR
2026-01-21,ACC0000001147,177634.93,0.0,97079.59,80555.34,NPR
2026-01-21,ACC0000001148,425201.1,8447.27,33502.92,400145.45,NPR
2026-01-21,ACC0000001149,403598.51,0.0,35300.2,368298.31,NPR
2026-01-21,ACC0000001150,333694.89,0.0,3029.35,330665.54,NPR
2026-01-21,ACC0000001151,197101.54,0.0,0.0,197101.54,NPR
2026-01-21,ACC0000001152,217967.65,0.0,0.0,217967.65,NPR
2026-01-21,ACC0000001153,435019.33,17736.14,6384.97,446370.5,NPR
2026-01-21,ACC0000001154,275846.33,1243.82,169757.1,107333.05,NPR
2026-01-21,ACC0000001155,442713.27,0.0,68841.07,373872.2,NPR
2026-01-21,ACC0000001156,308137.17,0.0,65484.24,242652.93,NPR
2026-01-21,ACC0000001157,434236.35,0.0,0.0,434236.35,NPR
2026-01-21,ACC0000001158,173282.02,0.0,70461.08,102820.94,NPR
2026-01-21,ACC0000001159,184062.02,49284.06,79287.23,154058.85,NPR
2026-01-21,ACC0000001160,404852.44,0.0,74176.49,330675.95,NPR
2026-01-21,ACC0000001161,178901.22,0.0,89755.69,89145.53,NPR
2026-01-21,ACC0000001162,70500.79,0.0,0.0,70500.79,NPR
2026-01-21,ACC0000001163,208291.26,0.0,55354.94,152936.32,NPR
2026-01-21,ACC0000001164,195879.45,0.0,175970.6,19908.85,NPR
2026-01-21,ACC0000001165,295622.16,0.0,59876.24,235745.92,NPR
2026-01-21,ACC0000001166,381390.11,38194.74,53941.83,365643.02,NPR
2026-01-21,ACC0000001167,463189.04,16519.71,114904.76,364803.99,NPR
2026-01-21,ACC0000001168,107481.6,0.0,0.0,107481.6,NPR
2026-01-21,ACC0000001169,446665.88,35646.33,0.0,482312.21,NPR
2026-01-21,ACC0000001170,246294.42,0.0,43024.29,203270.13,NPR
2026-01-21,ACC0000001171,207826.7,56562.31,14916.19,249472.82,NPR
2026-01-21,ACC0000001172,317232.18,1475.61,185409.39,133298.4,NPR
2026-01-21,ACC0000001173,484058.86,41927.74,178706.59,347280.01,NPR
2026-01-21,ACC0000001174,39271.25,13286.92,52905.37,-347.2,NPR
2026-01-21,ACC0000001175,421222.35,0.0,20043.32,401179.03,NPR
2026-01-21,ACC0000001176,49286.13,0.0,55886.18,-6600.05,NPR
2026-01-21,ACC0000001177,172914.33,0.0,120065.32,52849.01,NPR
2026-01-21,ACC0000001178,12813.28,0.0,0.0,12813.28,NPR
2026-01-21,ACC0000001179,495884.01,0.0,57150.66,438733.35,NPR
2026-01-21,ACC0000001180,252949.57,0.0,72641.89,180307.68,NPR
2026-01-21,ACC0000001181,454707.78,0.0,119161.41,335546.37,NPR
2026-01-21,ACC0000001182,62816.35,1707.97,7616.96,56907.36,NPR
2026-01-21,ACC0000001183,177294.58,0.0,0.0,177294.58,NPR
2026-01-21,ACC0000001184,433714.23,0.0,4658.79,429055.44,NPR
2026-01-21,ACC0000001185,82674.48,35879.89,27571.66,90982.71,NPR
2026-01-21,ACC0000001186,377108.08,0.0,34478.91,342629.17,NPR
2026-01-21,ACC0000001187,233367.49,0.0,34350.98,199016.51,NPR
2026-01-21,ACC0000001188,143774.62,0.0,0.0,143774.62,NPR
2026-01-21,ACC0000001189,168258.76,40208.47,63440.35,145026.88,NPR
2026-01-21,ACC0000001190,48602.58,5236.64,101029.84,-47190.62,NPR
2026-01-21,ACC0000001191,297817.24,0.0,51565.91,246251.33,NPR
2026-01-21,ACC0000001192,105017.2,0.0,46480.99,58536.21,NPR
2026-01-21,ACC0000001193,470595.29,0.0,837.89,469757.4,NPR
2026-01-21,ACC0000001194,54480.55,47426.25,96620.32,5286.48,NPR
2026-01-21,ACC0000001195,206031.74,0.0,0.0,206031.74,NPR
2026-01-21,ACC0000001196,348830.1,0.0,69254.48,279575.62,NPR
2026-01-21,ACC0000001197,335760.48,37338.86,44088.73,329010.61,NPR
2026-01-21,ACC0000001198,12010.14,0.0,83795.77,-71785.63,NPR
2026-01-21,ACC0000001199,136844.01,0.0,0.0,136844.01,NPR
2026-01-21,ACC0000001200,59594.7,30043.76,57216.8,32421.66,NPR
2026-01-21,ACC0000001201,68000.37,0.0,88888.65,-20888.28,NPR
2026-01-21,ACC0000001202,407512.41,0.0,58376.44,349135.97,NPR
2026-01-21,ACC0000001203,356268.96,0.0,0.0,356268.96,NPR
2026-01-21,ACC0000001204,171950.63,0.0,0.0,171950.63,NPR
2026-01-21,ACC0000001205,118041.32,0.0,32395.05,85646.27,NPR
2026-01-21,ACC0000001206,110888.85,0.0,94707.06,16181.79,NPR
2026-01-21,ACC0000001207,42081.28,0.0,49731.77,-7650.49,NPR
2026-01-21,ACC0000001208,335784.92,19478.02,83596.91,271666.03,NPR
2026-01-21,ACC0000001209,11307.2,0.0,0.0,11307.2,NPR
2026-01-21,ACC0000001210,212816.0,24267.27,40565.47,196517.8,NPR
2026-01-21,ACC0000001211,293737.91,0.0,2411.73,291326.18,NPR
2026-01-21,ACC0000001212,216709.13,0.0,103306.05,113403.08,NPR
2026-01-21,ACC0000001213,138885.87,0.0,0.0,138885.87,NPR
2026-01-21,ACC0000001214,356333.74,23017.84,20611.38,358740.2,NPR
2026-01-21,ACC0000001215,176646.89,0.0,36782.31,139864.58,NPR
2026-01-21,ACC0000001216,470852.18,50968.67,97266.25,424554.6,NPR
2026-01-21,ACC0000001217,447735.94,0.0,0.0,447735.94,NPR
2026-01-21,ACC0000001218,110871.2,0.0,73963.77,36907.43,NPR
2026-01-21,ACC0000001219,336723.46,0.0,0.0,336723.46,NPR
2026-01-21,ACC0000001220,372067.01,22588.2,14893.88,379761.33,NPR
2026-01-21,ACC0000001221,327966.6,24141.76,0.0,352108.36,NPR
2026-01-21,ACC0000001222,296796.68,0.0,61682.62,235114.06,NPR
2026-01-21,ACC0000001223,439369.78,52857.53,45216.64,447010.67,NPR
2026-01-21,ACC0000001224,385572.05,0.0,24607.22,360964.83,NPR
2026-01-21,ACC0000001225,77782.49,0.0,0.0,77782.49,NPR
2026-01-21,ACC0000001226,423641.64,0.0,86462.45,337179.19,NPR
2026-01-21,ACC0000001227,313659.82,0.0,11660.53,301999.29,NPR
2026-01-21,ACC0000001228,488633.01,0.0,0.0,488633.01,NPR
2026-01-21,ACC0000001229,40787.27,21134.37,132974.61,-71052.97,NPR
2026-01-21,ACC0000001230,449067.88,0.0,0.0,449067.88,NPR
2026-01-21,ACC0000001231,12822.98,42820.38,0.0,55643.36,NPR
2026-01-21,ACC0000001232,36989.51,0.0,127434.67,-90445.16,NPR
2026-01-21,ACC0000001233,324546.88,0.0,115371.4,209175.48,NPR
2026-01-21,ACC0000001234,343998.0,0.0,0.0,343998.0,NPR
2026-01-21,ACC0000001235,90014.63,0.0,0.0,90014.63,NPR
2026-01-21,ACC0000001236,404540.43,0.0,50839.91,353700.52,NPR
2026-01-21,ACC0000001237,42614.88,0.0,146034.05,-103419.17,NPR
2026-01-21,ACC0000001238,253614.58,28941.93,53242.09,229314.42,NPR
2026-01-21,ACC0000001239,85589.64,0.0,31959.79,53629.85,NPR
2026-01-21,ACC0000001240,205671.76,0.0,0.0,205671.76,NPR
2026-01-21,ACC0000001241,32445.07,15048.65,130672.04,-83178.32,NPR
2026-01-21,ACC0000001242,170516.83,0.0,1079.9,169436.93,NPR
2026-01-21,ACC0000001243,498239.45,0.0,0.0,498239.45,NPR
2026-01-21,ACC0000001244,114059.91,0.0,112122.05,1937.86,NPR
2026-01-21,ACC0000001245,336116.81,0.0,24209.17,311907.64,NPR
2026-01-21,ACC0000001246,385396.4,36982.65,15145.17,407233.88,NPR
2026-01-21,ACC0000001247,272122.78,40221.24,80378.14,231965.88,NPR
2026-01-21,ACC0000001248,202938.93,0.0,0.0,202938.93,NPR
2026-01-21,ACC0000001249,486402.33,0.0,36123.26,450279.07,NPR
2026-01-21,ACC0000001250,27894.0,3322.69,84785.76,-53569.07,NPR
2026-01-21,ACC0000001251,300904.18,63854.95,18841.09,345918.04,NPR
2026-01-21,ACC0000001252,411564.5,0.0,0.0,411564.5,NPR
2026-01-21,ACC0000001253,292349.12,0.0,10196.81,282152.31,NPR
2026-01-21,ACC0000001254,133402.65,0.0,0.0,133402.65,NPR
2026-01-21,ACC0000001255,6912.8,11752.7,9488.27,9177.23,NPR
2026-01-21,ACC0000001256,468690.93,2089.29,101546.32,369233.9,NPR
2026-01-21,ACC0000001257,161832.55,0.0,5023.06,156809.49,NPR
2026-01-21,ACC0000001258,81780.84,0.0,64732.34,17048.5,NPR
2026-01-21,ACC0000001259,125118.87,0.0,79023.05,46095.82,NPR
2026-01-21,ACC0000001260,303514.51,0.0,39624.54,263889.97,NPR
2026-01-21,ACC0000001261,54279.94,18668.65,91995.1,-19046.51,NPR
2026-01-21,ACC0000001262,90616.77,47944.8,65165.76,73395.81,NPR
2026-01-21,ACC0000001263,96971.75,0.0,58895.81,38075.94,NPR
2026-01-21,ACC0000001264,489461.0,0.0,32004.58,457456.42,NPR
2026-01-21,ACC0000001265,247167.67,26434.73,0.0,273602.4,NPR
2026-01-21,ACC0000001266,287825.22,13312.17,71886.37,229251.02,NPR
2026-01-21,ACC0000001267,232347.69,26031.52,43128.22,215250.99,NPR
2026-01-21,ACC0000001268,157612.53,0.0,3567.62,154044.91,NPR
2026-01-21,ACC0000001269,415594.17,4771.61,0.0,420365.78,NPR
2026-01-21,ACC0000001270,263834.25,40948.62,0.0,304782.87,NPR
2026-01-21,ACC0000001271,466476.17,29013.69,0.0,495489.86,NPR
2026-01-21,ACC0000001272,304388.91,0.0,41708.66,262680.25,NPR
2026-01-21,ACC0000001273,173885.62,0.0,60398.7,113486.92,NPR
2026-01-21,ACC0000001274,20362.77,15729.77,77799.07,-41706.53,NPR
2026-01-21,ACC0000001275,262854.07,16317.38,53359.36,225812.09,NPR
2026-01-21,ACC0000001276,169848.86,41190.52,0.0,211039.38,NPR
2026-01-21,ACC0000001277,109942.07,0.0,32472.89,77469.18,NPR
2026-01-21,ACC0000001278,215941.2,26128.03,85978.64,156090.59,NPR
2026-01-21,ACC0000001279,286095.47,0.0,34231.61,251863.86,NPR
2026-01-21,ACC0000001280,355650.4,19573.02,20745.99,354477.43,NPR
2026-01-21,ACC0000001281,317668.58,0.0,33163.19,284505.39,NPR
2026-01-21,ACC0000001282,473450.2,42116.18,53305.73,462260.65,NPR
2026-01-21,ACC0000001283,470304.86,18095.11,197007.75,291392.22,NPR
2026-01-21,ACC0000001284,470545.92,44397.75,0.0,514943.67,NPR
2026-01-21,ACC0000001285,412950.65,0.0,0.0,412950.65,NPR
2026-01-21,ACC0000001286,427461.43,0.0,0.0,427461.43,NPR
2026-01-21,ACC0000001287,182422.48,0.0,0.0,182422.48,NPR
2026-01-21,ACC0000001288,10125.98,0.0,20150.59,-10024.61,NPR
2026-01-21,ACC0000001289,495058.18,0.0,60383.32,434674.86,NPR
2026-01-21,ACC0000001290,272617.76,19616.27,5681.27,286552.76,NPR
2026-01-21,ACC0000001291,378860.64,0.0,20808.91,358051.73,NPR
2026-01-21,ACC0000001292,449472.82,18514.61,60866.71,407120.72,NPR
2026-01-21,ACC0000001293,56312.67,0.0,52784.67,3528.0,NPR
2026-01-21,ACC0000001294,380703.32,0.0,0.0,380703.32,NPR
2026-01-21,ACC0000001295,164505.97,17704.09,24052.01,158158.05,NPR
2026-01-21,ACC0000001296,291677.21,0.0,76269.35,215407.86,NPR
2026-01-21,ACC0000001297,475915.29,0.0,67641.64,408273.65,NPR
2026-01-21,ACC0000001298,417662.66,0.0,8987.29,408675.37,NPR
2026-01-21,ACC0000001299,128434.24,0.0,33893.44,94540.8,NPR
2026-01-21,ACC0000001300,292730.91,39286.03,140254.83,191762.11,NPR
2026-01-21,ACC0000001301,379483.27,0.0,0.0,379483.27,NPR
2026-01-21,ACC0000001302,57996.34,0.0,23397.06,34599.28,NPR
2026-01-21,ACC0000001303,464797.21,0.0,105403.13,359394.08,NPR
2026-01-21,ACC0000001304,304447.32,0.0,19112.47,285334.85,NPR
2026-01-21,ACC0000001305,90959.63,0.0,0.0,90959.63,NPR
2026-01-21,ACC0000001306,141960.54,8924.61,48425.45,102459.7,NPR
2026-01-21,ACC0000001307,351052.22,13220.29,145256.46,219016.05,NPR
2026-01-21,ACC0000001308,229910.57,27744.42,43939.73,213715.26,NPR
2026-01-21,ACC0000001309,314300.99,0.0,27611.57,286689.42,NPR
2026-01-21,ACC0000001310,120774.52,24636.68,63467.88,81943.32,NPR
2026-01-21,ACC0000001311,257057.83,1400.07,162218.2,96239.7,NPR
2026-01-21,ACC0000001312,462447.6,0.0,0.0,462447.6,NPR
2026-01-21,ACC0000001313,23923.08,0.0,117740.26,-93817.18,NPR
2026-01-21,ACC0000001314,188642.43,40935.49,46776.07,182801.85,NPR
2026-01-21,ACC0000001315,67007.21,14077.43,0.0,81084.64,NPR
2026-01-21,ACC0000001316,68081.72,0.0,74702.76,-6621.04,NPR
2026-01-21,ACC0000001317,385559.62,81983.69,91888.04,375655.27,NPR
2026-01-21,ACC0000001318,290055.84,0.0,34935.96,255119.88,NPR
2026-01-21,ACC0000001319,477030.69,0.0,26161.07,450869.62,NPR
2026-01-21,ACC0000001320,148553.15,0.0,30159.78,118393.37,NPR
2026-01-21,ACC0000001321,386696.78,34382.45,0.0,421079.23,NPR
2026-01-21,ACC0000001322,78775.87,0.0,0.0,78775.87,NPR
2026-01-21,ACC0000001323,492086.49,0.0,53132.68,438953.81,NPR
2026-01-21,ACC0000001324,247383.82,0.0,80502.88,166880.94,NPR
2026-01-21,ACC0000001325,452368.29,0.0,38795.35,413572.94,NPR
2026-01-21,ACC0000001326,192621.39,42356.77,112573.19,122404.97,NPR
2026-01-21,ACC0000001327,229229.87,0.0,114512.34,114717.53,NPR
2026-01-21,ACC0000001328,255754.55,34050.61,10106.11,279699.05,NPR
2026-01-21,ACC0000001329,350892.03,0.0,20698.98,330193.05,NPR
2026-01-21,ACC0000001330,19375.47,17664.66,17919.55,19120.58,NPR
2026-01-21,ACC0000001331,211642.22,0.0,8163.26,203478.96,NPR
2026-01-21,ACC0000001332,91674.47,0.0,45690.75,45983.72,NPR
2026-01-21,ACC0000001333,95416.38,30011.7,14082.08,111346.0,NPR
2026-01-21,ACC0000001334,453364.25,22421.55,42963.99,432821.81,NPR
2026-01-21,ACC0000001335,43867.85,71777.38,0.0,115645.23,NPR
2026-01-21,ACC0000001336,333975.94,29444.58,13797.19,349623.33,NPR
2026-01-21,ACC0000001337,307098.29,0.0,151021.51,156076.78,NPR
2026-01-21,ACC0000001338,11105.72,20453.92,0.0,31559.64,NPR
2026-01-21,ACC0000001339,422178.45,0.0,68527.7,353650.75,NPR
2026-01-21,ACC0000001340,358167.44,0.0,45403.5,312763.94,NPR
2026-01-21,ACC0000001341,170387.2,0.0,83974.56,86412.64,NPR
2026-01-21,ACC0000001342,223576.74,47474.48,26986.67,244064.55,NPR
2026-01-21,ACC0000001343,418492.2,0.0,0.0,418492.2,NPR
2026-01-21,ACC0000001344,323931.24,99186.1,47072.28,376045.06,NPR
2026-01-21,ACC0000001345,35863.6,0.0,10288.57,25575.03,NPR
2026-01-21,ACC0000001346,380794.7,0.0,83477.36,297317.34,NPR
2026-01-21,ACC0000001347,238837.06,0.0,121256.37,117580.69,NPR
2026-01-21,ACC0000001348,80239.13,16640.31,43743.68,53135.76,NPR
2026-01-21,ACC0000001349,95044.71,10646.46,0.0,105691.17,NPR
2026-01-21,ACC0000001350,117341.89,16551.88,0.0,133893.77,NPR
2026-01-21,ACC0000001351,262240.19,46415.74,44322.43,264333.5,NPR
2026-01-21,ACC0000001352,485245.3,0.0,24010.2,461235.1,NPR
2026-01-21,ACC0000001353,2760.56,0.0,9761.03,-7000.47,NPR
2026-01-21,ACC0000001354,62718.52,0.0,77353.19,-14634.67,NPR
2026-01-21,ACC0000001355,341620.87,75802.51,0.0,417423.38,NPR
2026-01-21,ACC0000001356,172416.15,12049.93,21266.59,163199.49,NPR
2026-01-21,ACC0000001357,318432.06,94429.98,44124.67,368737.37,NPR
2026-01-21,ACC0000001358,158059.69,56235.23,45161.33,169133.59,NPR
2026-01-21,ACC0000001359,474104.28,45327.05,49509.33,469922.0,NPR
2026-01-21,ACC0000001360,44544.68,0.0,0.0,44544.68,NPR
2026-01-21,ACC0000001361,424932.0,0.0,0.0,424932.0,NPR
2026-01-21,ACC0000001362,22894.61,19607.49,85570.24,-43068.14,NPR
2026-01-21,ACC0000001363,276813.62,14377.17,57124.19,234066.6,NPR
2026-01-21,ACC0000001364,108694.15,0.0,88972.82,19721.33,NPR
2026-01-21,ACC0000001365,496852.89,0.0,52916.02,443936.87,NPR
2026-01-21,ACC0000001366,180876.15,0.0,70617.12,110259.03,NPR
2026-01-21,ACC0000001367,150975.76,0.0,0.0,150975.76,NPR
2026-01-21,ACC0000001368,5445.59,846.68,15021.92,-8729.65,NPR
2026-01-21,ACC0000001369,280752.5,0.0,86653.85,194098.65,NPR
2026-01-21,ACC0000001370,487849.75,0.0,24893.82,462955.93,NPR
2026-01-21,ACC0000001371,484050.96,0.0,22381.15,461669.81,NPR
2026-01-21,ACC0000001372,292859.44,0.0,79302.56,213556.88,NPR
2026-01-21,ACC0000001373,385980.1,0.0,0.0,385980.1,NPR
2026-01-21,ACC0000001374,372229.78,0.0,18399.07,353830.71,NPR
2026-01-21,ACC0000001375,453743.59,0.0,19027.02,434716.57,NPR
2026-01-21,ACC0000001376,239392.19,0.0,117721.91,121670.28,NPR
2026-01-21,ACC0000001377,13589.46,0.0,375.99,13213.47,NPR
2026-01-21,ACC0000001378,485784.69,0.0,0.0,485784.69,NPR
2026-01-21,ACC0000001379,427137.54,0.0,1632.28,425505.26,NPR
2026-01-21,ACC0000001380,391778.05,12229.52,15403.25,388604.32,NPR
2026-01-21,ACC0000001381,35641.93,54288.76,46233.46,43697.23,NPR
2026-01-21,ACC0000001382,222496.86,0.0,108368.4,114128.46,NPR
2026-01-21,ACC0000001383,172109.53,0.0,0.0,172109.53,NPR
2026-01-21,ACC0000001384,118447.85,8500.99,42747.92,84200.92,NPR
2026-01-21,ACC0000001385,15278.08,29197.52,0.0,44475.6,NPR
2026-01-21,ACC0000001386,464906.06,0.0,39063.15,425842.91,NPR
2026-01-21,ACC0000001387,382136.39,4990.49,10244.96,376881.92,NPR
2026-01-21,ACC0000001388,281018.36,0.0,0.0,281018.36,NPR
2026-01-21,ACC0000001389,392841.18,0.0,81792.47,311048.71,NPR
2026-01-21,ACC0000001390,298041.49,0.0,10711.3,287330.19,NPR
2026-01-21,ACC0000001391,368824.1,4207.86,31246.88,341785.08,NPR
2026-01-21,ACC0000001392,220512.58,0.0,0.0,220512.58,NPR
2026-01-21,ACC0000001393,134854.79,0.0,0.0,134854.79,NPR
2026-01-21,ACC0000001394,53910.3,0.0,28426.2,25484.1,NPR
2026-01-21,ACC0000001395,263228.61,29323.34,78391.78,214160.17,NPR
2026-01-21,ACC0000001396,425064.21,0.0,0.0,425064.21,NPR
2026-01-21,ACC0000001397,495780.44,0.0,0.0,495780.44,NPR
2026-01-21,ACC0000001398,155105.93,0.0,0.0,155105.93,NPR
2026-01-21,ACC0000001399,173452.98,0.0,36588.55,136864.43,NPR
2026-01-21,ACC0000001400,180149.94,61349.04,0.0,241498.98,NPR
2026-01-21,ACC0000001401,223457.53,0.0,0.0,223457.53,NPR
2026-01-21,ACC0000001402,415217.21,0.0,0.0,415217.21,NPR
2026-01-21,ACC0000001403,381143.17,0.0,0.0,381143.17,NPR
2026-01-21,ACC0000001404,262350.99,0.0,0.0,262350.99,NPR
2026-01-21,ACC0000001405,278079.6,0.0,39029.68,239049.92,NPR
2026-01-21,ACC0000001406,443434.33,79483.09,3842.34,519075.08,NPR
2026-01-21,ACC0000001407,302608.97,34556.03,72840.27,264324.73,NPR
2026-01-21,ACC0000001408,306402.42,28705.17,122545.18,212562.41,NPR
2026-01-21,ACC0000001409,318522.51,0.0,76481.87,242040.64,NPR
2026-01-21,ACC0000001410,335440.02,0.0,175303.94,160136.08,NPR
2026-01-21,ACC0000001411,180056.34,0.0,21875.2,158181.14,NPR
2026-01-21,ACC0000001412,22064.56,43936.46,6604.31,59396.71,NPR
2026-01-21,ACC0000001413,14328.99,0.0,46664.46,-32335.47,NPR
2026-01-21,ACC0000001414,193028.26,0.0,0.0,193028.26,NPR
2026-01-21,ACC0000001415,319547.85,0.0,97244.41,222303.44,NPR
2026-01-21,ACC0000001416,400258.96,0.0,88308.21,311950.75,NPR
2026-01-21,ACC0000001417,97142.88,0.0,47078.77,50064.11,NPR
2026-01-21,ACC0000001418,464948.35,15286.51,140031.63,340203.23,NPR
2026-01-21,ACC0000001419,158171.3,0.0,56839.37,101331.93,NPR
2026-01-21,ACC0000001420,134270.56,33231.07,98910.77,68590.86,NPR
2026-01-21,ACC0000001421,368355.28,38921.49,81436.43,325840.34,NPR
2026-01-21,ACC0000001422,224274.4,34447.15,0.0,258721.55,NPR
2026-01-21,ACC0000001423,405348.53,0.0,0.0,405348.53,NPR
2026-01-21,ACC0000001424,107650.89,0.0,171346.46,-63695.57,NPR
2026-01-21,ACC0000001425,32818.28,0.0,56250.3,-23432.02,NPR
2026-01-21,ACC0000001426,453537.51,0.0,60553.57,392983.94,NPR
2026-01-21,ACC0000001427,478942.53,7161.29,43167.02,442936.8,NPR
2026-01-21,ACC0000001428,454419.4,0.0,113581.85,340837.55,NPR
2026-01-21,ACC0000001429,102098.64,32254.42,55306.66,79046.4,NPR
2026-01-21,ACC0000001430,487971.49,112046.75,66156.6,533861.64,NPR
2026-01-21,ACC0000001431,458639.71,37729.81,42672.91,453696.61,NPR
2026-01-21,ACC0000001432,25263.85,0.0,0.0,25263.85,NPR
2026-01-21,ACC0000001433,273580.63,10632.81,14286.65,269926.79,NPR
2026-01-21,ACC0000001434,66203.6,0.0,14657.64,51545.96,NPR
2026-01-21,ACC0000001435,98692.61,45961.06,64346.72,80306.95,NPR
2026-01-21,ACC0000001436,434111.91,0.0,42744.45,391367.46,NPR
2026-01-21,ACC0000001437,453088.33,14174.06,0.0,467262.39,NPR
2026-01-21,ACC0000001438,273120.41,0.0,69618.58,203501.83,NPR
2026-01-21,ACC0000001439,290978.19,11705.18,0.0,302683.37,NPR
2026-01-21,ACC0000001440,380043.78,23387.0,20545.34,382885.44,NPR
2026-01-21,ACC0000001441,96372.28,0.0,91248.67,5123.61,NPR
2026-01-21,ACC0000001442,131434.77,33585.13,0.0,165019.9,NPR
2026-01-21,ACC0000001443,34330.64,0.0,18732.27,15598.37,NPR
2026-01-21,ACC0000001444,334858.9,0.0,0.0,334858.9,NPR
2026-01-21,ACC0000001445,257242.69,24596.99,31525.22,250314.46,NPR
2026-01-21,ACC0000001446,494816.42,15774.4,50905.23,459685.59,NPR
2026-01-21,ACC0000001447,129851.19,31280.82,45273.77,115858.24,NPR
2026-01-21,ACC0000001448,13728.24,0.0,42463.3,-28735.06,NPR
2026-01-21,ACC0000001449,72285.78,30060.41,64701.15,37645.04,NPR
2026-01-21,ACC0000001450,335751.11,34373.62,22845.2,347279.53,NPR
2026-01-21,ACC0000001451,219380.23,0.0,0.0,219380.23,NPR
2026-01-21,ACC0000001452,489449.08,0.0,0.0,489449.08,NPR
2026-01-21,ACC0000001453,479855.9,0.0,103690.43,376165.47,NPR
2026-01-21,ACC0000001454,129154.73,0.0,0.0,129154.73,NPR
2026-01-21,ACC0000001455,250988.0,0.0,69078.77,181909.23,NPR
2026-01-21,ACC0000001456,222372.4,0.0,0.0,222372.4,NPR
2026-01-21,ACC0000001457,417675.98,0.0,38054.6,379621.38,NPR
2026-01-21,ACC0000001458,367777.78,0.0,103437.25,264340.53,NPR
2026-01-21,ACC0000001459,147626.51,16341.22,26288.06,137679.67,NPR
2026-01-21,ACC0000001460,164164.22,11755.97,87136.52,88783.67,NPR
2026-01-21,ACC0000001461,458917.8,0.0,72142.11,386775.69,NPR
2026-01-21,ACC0000001462,127652.72,0.0,42364.24,85288.48,NPR
2026-01-21,ACC0000001463,393321.07,0.0,0.0,393321.07,NPR
2026-01-21,ACC0000001464,306323.51,0.0,0.0,306323.51,NPR
2026-01-21,ACC0000001465,14037.57,0.0,43654.75,-29617.18,NPR
2026-01-21,ACC0000001466,125669.31,6797.29,52941.99,79524.61,NPR
2026-01-21,ACC0000001467,448805.32,0.0,0.0,448805.32,NPR
2026-01-21,ACC0000001468,388016.9,0.0,30413.57,357603.33,NPR
2026-01-21,ACC0000001469,18987.09,39302.36,122839.6,-64550.15,NPR
2026-01-21,ACC0000001470,338823.25,26943.32,16545.11,349221.46,NPR
2026-01-21,ACC0000001471,86565.07,0.0,0.0,86565.07,NPR
2026-01-21,ACC0000001472,110852.71,35970.75,108108.31,38715.15,NPR
2026-01-21,ACC0000001473,44230.21,0.0,87795.89,-43565.68,NPR
2026-01-21,ACC0000001474,314646.66,0.0,141916.47,172730.19,NPR
2026-01-21,ACC0000001475,430899.05,7087.18,70683.04,367303.19,NPR
2026-01-21,ACC0000001476,107776.98,0.0,40662.53,67114.45,NPR
2026-01-21,ACC0000001477,491883.91,43264.97,123713.29,411435.59,NPR
2026-01-21,ACC0000001478,139405.25,0.0,14997.61,124407.64,NPR
2026-01-21,ACC0000001479,68106.7,0.0,44738.72,23367.98,NPR
2026-01-21,ACC0000001480,83011.57,0.0,41233.67,41777.9,NPR
2026-01-21,ACC0000001481,195162.53,0.0,44728.72,150433.81,NPR
2026-01-21,ACC0000001482,470543.66,0.0,59584.96,410958.7,NPR
2026-01-21,ACC0000001483,190099.94,0.0,45246.14,144853.8,NPR
2026-01-21,ACC0000001484,273719.89,0.0,0.0,273719.89,NPR
2026-01-21,ACC0000001485,407138.66,0.0,40973.46,366165.2,NPR
2026-01-21,ACC0000001486,111088.94,44358.65,59335.29,96112.3,NPR
2026-01-21,ACC0000001487,314563.48,17428.88,49298.83,282693.53,NPR
2026-01-21,ACC0000001488,453075.16,0.0,16996.83,436078.33,NPR
2026-01-21,ACC0000001489,244957.64,22153.48,52921.91,214189.21,NPR
2026-01-21,ACC0000001490,211211.95,0.0,0.0,211211.95,NPR
2026-01-21,ACC0000001491,154601.46,13085.16,54360.67,113325.95,NPR
2026-01-21,ACC0000001492,205491.67,0.0,64839.36,140652.31,NPR
2026-01-21,ACC0000001493,463539.27,0.0,0.0,463539.27,NPR
2026-01-21,ACC0000001494,21582.52,46705.05,14420.27,53867.3,NPR
2026-01-21,ACC0000001495,9226.49,46578.45,129824.22,-74019.28,NPR
2026-01-21,ACC0000001496,381376.83,0.0,0.0,381376.83,NPR
2026-01-21,ACC0000001497,440255.9,0.0,42206.05,398049.85,NPR
2026-01-21,ACC0000001498,386398.93,0.0,58940.65,327458.28,NPR
2026-01-21,ACC0000001499,491618.32,0.0,43514.15,448104.17,NPR
2026-01-21,ACC0000001500,212437.26,0.0,0.0,212437.26,NPR
2026-01-21,ACC0000001501,354813.35,0.0,61911.64,292901.71,NPR
2026-01-21,ACC0000001502,164477.64,0.0,13677.1,150800.54,NPR
2026-01-21,ACC0000001503,329631.09,0.0,133910.84,195720.25,NPR
2026-01-21,ACC0000001504,382505.71,3238.48,70431.5,315312.69,NPR
2026-01-21,ACC0000001505,153246.76,0.0,0.0,153246.76,NPR
2026-01-21,ACC0000001506,482205.35,0.0,110514.9,371690.45,NPR
2026-01-21,ACC0000001507,449590.27,0.0,0.0,449590.27,NPR
2026-01-21,ACC0000001508,326640.43,9724.19,66551.85,269812.77,NPR
2026-01-21,ACC0000001509,156214.43,0.0,0.0,156214.43,NPR
2026-01-21,ACC0000001510,197311.68,0.0,62388.25,134923.43,NPR
2026-01-21,ACC0000001511,47176.51,0.0,31798.64,15377.87,NPR
2026-01-21,ACC0000001512,26045.1,0.0,76194.5,-50149.4,NPR
2026-01-21,ACC0000001513,206784.01,947.08,14861.21,192869.88,NPR
2026-01-21,ACC0000001514,445460.88,23118.44,0.0,468579.32,NPR
2026-01-21,ACC0000001515,425865.48,27377.7,7970.32,445272.86,NPR
2026-01-21,ACC0000001516,298692.75,0.0,0.0,298692.75,NPR
2026-01-21,ACC0000001517,245695.47,74144.62,55833.42,264006.67,NPR
2026-01-21,ACC0000001518,62279.2,0.0,0.0,62279.2,NPR
2026-01-21,ACC0000001519,238947.7,0.0,57467.27,181480.43,NPR
2026-01-21,ACC0000001520,301468.06,15695.14,53412.88,263750.32,NPR
2026-01-21,ACC0000001521,403962.05,0.0,60230.12,343731.93,NPR
2026-01-21,ACC0000001522,293615.76,0.0,39822.41,253793.35,NPR
2026-01-21,ACC0000001523,479999.86,0.0,0.0,479999.86,NPR
2026-01-21,ACC0000001524,393510.68,0.0,68082.66,325428.02,NPR
2026-01-21,ACC0000001525,59893.64,0.0,71744.4,-11850.76,NPR
2026-01-21,ACC0000001526,338389.06,0.0,100344.9,238044.16,NPR
2026-01-21,ACC0000001527,13054.06,0.0,24219.0,-11164.94,NPR
2026-01-21,ACC0000001528,40946.94,0.0,20696.97,20249.97,NPR
2026-01-21,ACC0000001529,171981.08,72723.6,11382.08,233322.6,NPR
2026-01-21,ACC0000001530,223741.22,79538.41,38523.9,264755.73,NPR
2026-01-21,ACC0000001531,397884.88,0.0,62726.92,335157.96,NPR
2026-01-21,ACC0000001532,85467.96,9369.11,31686.35,63150.72,NPR
2026-01-21,ACC0000001533,215120.05,0.0,203112.65,12007.4,NPR
2026-01-21,ACC0000001534,385491.36,0.0,16154.13,369337.23,NPR
2026-01-21,ACC0000001535,374461.29,0.0,20971.23,353490.06,NPR
2026-01-21,ACC0000001536,36958.42,38729.84,0.0,75688.26,NPR
2026-01-21,ACC0000001537,17548.79,0.0,76155.99,-58607.2,NPR
2026-01-21,ACC0000001538,181426.55,0.0,25405.01,156021.54,NPR
2026-01-21,ACC0000001539,28247.06,0.0,49085.68,-20838.62,NPR
2026-01-21,ACC0000001540,1801.09,0.0,0.0,1801.09,NPR
2026-01-21,ACC0000001541,321295.72,4378.21,0.0,325673.93,NPR
2026-01-21,ACC0000001542,73883.3,52154.64,0.0,126037.94,NPR
2026-01-21,ACC0000001543,136362.59,11573.1,51902.99,96032.7,NPR
2026-01-21,ACC0000001544,97370.54,0.0,70354.63,27015.91,NPR
2026-01-21,ACC0000001545,428006.99,3885.02,123490.81,308401.2,NPR
2026-01-21,ACC0000001546,135546.91,0.0,0.0,135546.91,NPR
2026-01-21,ACC0000001547,484637.23,0.0,82358.29,402278.94,NPR
2026-01-21,ACC0000001548,29986.67,18906.7,48614.54,278.83,NPR
2026-01-21,ACC0000001549,57287.3,0.0,73699.75,-16412.45,NPR
2026-01-21,ACC0000001550,30335.39,0.0,31943.41,-1608.02,NPR
2026-01-21,ACC0000001551,454298.06,0.0,186461.76,267836.3,NPR
2026-01-21,ACC0000001552,216444.55,28561.18,66222.48,178783.25,NPR
2026-01-21,ACC0000001553,321127.05,0.0,82603.0,238524.05,NPR
2026-01-21,ACC0000001554,451558.46,0.0,0.0,451558.46,NPR
2026-01-21,ACC0000001555,228113.13,47434.53,83062.37,192485.29,NPR
2026-01-21,ACC0000001556,76397.15,47576.44,82916.13,41057.46,NPR
2026-01-21,ACC0000001557,120848.93,0.0,0.0,120848.93,NPR
2026-01-21,ACC0000001558,108540.39,0.0,32716.9,75823.49,NPR
2026-01-21,ACC0000001559,2878.72,30217.1,12040.06,21055.76,NPR
2026-01-21,ACC0000001560,484921.54,0.0,20702.85,464218.69,NPR
2026-01-21,ACC0000001561,156919.58,30575.61,31231.03,156264.16,NPR
2026-01-21,ACC0000001562,187464.55,64762.83,46502.1,205725.28,NPR
2026-01-21,ACC0000001563,240019.79,0.0,0.0,240019.79,NPR
2026-01-21,ACC0000001564,225264.66,56048.61,42155.15,239158.12,NPR
2026-01-21,ACC0000001565,141966.38,26235.82,27542.08,140660.12,NPR
2026-01-21,ACC0000001566,373243.7,21530.64,62944.33,331830.01,NPR
2026-01-21,ACC0000001567,152925.13,0.0,27689.83,125235.3,NPR
2026-01-21,ACC0000001568,104598.86,0.0,0.0,104598.86,NPR
2026-01-21,ACC0000001569,202168.92,60510.44,12682.09,249997.27,NPR
2026-01-21,ACC0000001570,78774.52,0.0,65902.16,12872.36,NPR
2026-01-21,ACC0000001571,403251.66,9094.87,94820.64,317525.89,NPR
2026-01-21,ACC0000001572,226834.18,28156.42,0.0,254990.6,NPR
2026-01-21,ACC0000001573,119086.96,31256.29,0.0,150343.25,NPR
2026-01-21,ACC0000001574,54000.64,14156.65,72569.94,-4412.65,NPR
2026-01-21,ACC0000001575,154221.04,0.0,93326.33,60894.71,NPR
2026-01-21,ACC0000001576,180687.43,0.0,0.0,180687.43,NPR
2026-01-21,ACC0000001577,391261.35,0.0,77616.99,313644.36,NPR
2026-01-21,ACC0000001578,493489.87,0.0,0.0,493489.87,NPR
2026-01-21,ACC0000001579,331642.11,45120.53,0.0,376762.64,NPR
2026-01-21,ACC0000001580,491632.27,0.0,14840.18,476792.09,NPR
2026-01-21,ACC0000001581,487462.35,0.0,50723.58,436738.77,NPR
2026-01-21,ACC0000001582,89868.29,15752.3,79595.99,26024.6,NPR
2026-01-21,ACC0000001583,454668.78,0.0,0.0,454668.78,NPR
2026-01-21,ACC0000001584,100364.44,0.0,61562.63,38801.81,NPR
2026-01-21,ACC0000001585,23269.1,0.0,31682.75,-8413.65,NPR
2026-01-21,ACC0000001586,446045.31,0.0,83891.33,362153.98,NPR
2026-01-21,ACC0000001587,391372.12,0.0,0.0,391372.12,NPR
2026-01-21,ACC0000001588,312724.9,0.0,0.0,312724.9,NPR
2026-01-21,ACC0000001589,138708.48,0.0,0.0,138708.48,NPR
2026-01-21,ACC0000001590,250142.5,0.0,0.0,250142.5,NPR
2026-01-21,ACC0000001591,219041.61,0.0,53401.29,165640.32,NPR
2026-01-21,ACC0000001592,389603.38,0.0,26532.5,363070.88,NPR
2026-01-21,ACC0000001593,37328.28,0.0,35646.13,1682.15,NPR
2026-01-21,ACC0000001594,302338.49,0.0,1316.03,301022.46,NPR
2026-01-21,ACC0000001595,194056.91,0.0,49155.6,144901.31,NPR
2026-01-21,ACC0000001596,457324.39,0.0,0.0,457324.39,NPR
2026-01-21,ACC0000001597,239602.05,0.0,39156.81,200445.24,NPR
2026-01-21,ACC0000001598,362769.15,0.0,0.0,362769.15,NPR
2026-01-21,ACC0000001599,334444.99,0.0,95743.76,238701.23,NPR
2026-01-21,ACC0000001600,407819.54,0.0,0.0,407819.54,NPR
2026-01-21,ACC0000001601,2989.78,0.0,100348.34,-97358.56,NPR
2026-01-21,ACC0000001602,227340.25,229.79,71505.96,156064.08,NPR
2026-01-21,ACC0000001603,60858.38,0.0,0.0,60858.38,NPR
2026-01-21,ACC0000001604,96293.31,0.0,34663.37,61629.94,NPR
2026-01-21,ACC0000001605,129807.2,49663.85,26920.32,152550.73,NPR
2026-01-21,ACC0000001606,279699.39,0.0,54196.55,225502.84,NPR
2026-01-21,ACC0000001607,338821.9,0.0,46823.47,291998.43,NPR
2026-01-21,ACC0000001608,218729.12,34848.64,100978.35,152599.41,NPR
2026-01-21,ACC0000001609,388811.0,0.0,59827.25,328983.75,NPR
2026-01-21,ACC0000001610,432696.35,0.0,58530.88,374165.47,NPR
2026-01-21,ACC0000001611,142473.27,42587.72,50417.69,134643.3,NPR
2026-01-21,ACC0000001612,199203.73,0.0,0.0,199203.73,NPR
2026-01-21,ACC0000001613,455689.42,21751.42,0.0,477440.84,NPR
2026-01-21,ACC0000001614,52663.57,74811.01,65602.75,61871.83,NPR
2026-01-21,ACC0000001615,319071.46,0.0,0.0,319071.46,NPR
2026-01-21,ACC0000001616,214864.84,0.0,18627.77,196237.07,NPR
2026-01-21,ACC0000001617,430740.08,0.0,33499.83,397240.25,NPR
2026-01-21,ACC0000001618,310219.86,0.0,0.0,310219.86,NPR
2026-01-21,ACC0000001619,101522.16,0.0,0.0,101522.16,NPR
2026-01-21,ACC0000001620,366168.34,41918.54,77285.8,330801.08,NPR
2026-01-21,ACC0000001621,376523.51,0.0,0.0,376523.51,NPR
2026-01-21,ACC0000001622,110422.79,0.0,70709.1,39713.69,NPR
2026-01-21,ACC0000001623,476127.91,8546.52,51288.44,433385.99,NPR
2026-01-21,ACC0000001624,82099.67,37010.26,111454.3,7655.63,NPR
2026-01-21,ACC0000001625,443352.01,0.0,0.0,443352.01,NPR
2026-01-21,ACC0000001626,274215.72,39692.94,72300.24,241608.42,NPR
2026-01-21,ACC0000001627,246605.32,0.0,139948.13,106657.19,NPR
2026-01-21,ACC0000001628,224880.46,0.0,171071.02,53809.44,NPR
2026-01-21,ACC0000001629,308351.44,0.0,12383.95,295967.49,NPR
2026-01-21,ACC0000001630,138632.26,30116.96,9192.52,159556.7,NPR
2026-01-21,ACC0000001631,41170.99,12998.98,45050.42,9119.55,NPR
2026-01-21,ACC0000001632,57037.69,30662.55,50071.53,37628.71,NPR
2026-01-21,ACC0000001633,158766.31,16208.22,202906.62,-27932.09,NPR
2026-01-21,ACC0000001634,49310.95,0.0,0.0,49310.95,NPR
2026-01-21,ACC0000001635,276787.12,0.0,87813.99,188973.13,NPR
2026-01-21,ACC0000001636,450639.51,0.0,2477.92,448161.59,NPR
2026-01-21,ACC0000001637,104330.17,25701.05,64318.25,65712.97,NPR
2026-01-21,ACC0000001638,108372.84,6847.51,0.0,115220.35,NPR
2026-01-21,ACC0000001639,431622.34,1421.08,68358.64,364684.78,NPR
2026-01-21,ACC0000001640,459671.07,0.0,109506.45,350164.62,NPR
2026-01-21,ACC0000001641,486359.89,9168.61,57373.69,438154.81,NPR
2026-01-21,ACC0000001642,199124.04,0.0,2468.89,196655.15,NPR
2026-01-21,ACC0000001643,376081.8,35092.26,38866.89,372307.17,NPR
2026-01-21,ACC0000001644,59592.73,0.0,67410.11,-7817.38,NPR
2026-01-21,ACC0000001645,166498.46,21292.38,22325.96,165464.88,NPR
2026-01-21,ACC0000001646,427616.04,0.0,34327.82,393288.22,NPR
2026-01-21,ACC0000001647,69525.91,61364.24,107919.75,22970.4,NPR
2026-01-21,ACC0000001648,495459.88,0.0,0.0,495459.88,NPR
2026-01-21,ACC0000001649,50366.03,16896.95,0.0,67262.98,NPR
2026-01-21,ACC0000001650,431004.09,0.0,2140.85,428863.24,NPR
2026-01-21,ACC0000001651,180061.05,17843.14,0.0,197904.19,NPR
2026-01-21,ACC0000001652,476618.34,0.0,83791.65,392826.69,NPR
2026-01-21,ACC0000001653,153849.49,40533.76,65221.53,129161.72,NPR
2026-01-21,ACC0000001654,224426.51,0.0,0.0,224426.51,NPR
2026-01-21,ACC0000001655,304559.87,0.0,60619.06,243940.81,NPR
2026-01-21,ACC0000001656,334248.16,0.0,38592.52,295655.64,NPR
2026-01-21,ACC0000001657,330856.93,0.0,73469.98,257386.95,NPR
2026-01-21,ACC0000001658,435732.08,34394.12,20825.47,449300.73,NPR
2026-01-21,ACC0000001659,69275.0,9031.15,41467.65,36838.5,NPR
2026-01-21,ACC0000001660,438102.88,33391.73,90506.81,380987.8,NPR
2026-01-21,ACC0000001661,5353.39,0.0,9013.62,-3660.23,NPR
2026-01-21,ACC0000001662,439656.74,49057.48,95606.64,393107.58,NPR
2026-01-21,ACC0000001663,299050.13,0.0,23490.36,275559.77,NPR
2026-01-21,ACC0000001664,206338.25,0.0,58831.4,147506.85,NPR
2026-01-21,ACC0000001665,151717.41,0.0,102233.73,49483.68,NPR
2026-01-21,ACC0000001666,98817.32,33776.1,0.0,132593.42,NPR
2026-01-21,ACC0000001667,274213.22,76027.02,39396.78,310843.46,NPR
2026-01-21,ACC0000001668,392925.28,0.0,14158.54,378766.74,NPR
2026-01-21,ACC0000001669,351275.3,0.0,0.0,351275.3,NPR
2026-01-21,ACC0000001670,488447.84,22231.23,46305.3,464373.77,NPR
2026-01-21,ACC0000001671,325989.63,0.0,93564.94,232424.69,NPR
2026-01-21,ACC0000001672,343441.42,0.0,0.0,343441.42,NPR
2026-01-21,ACC0000001673,52038.51,40355.5,65476.92,26917.09,NPR
2026-01-21,ACC0000001674,147027.86,0.0,0.0,147027.86,NPR
2026-01-21,ACC0000001675,214090.8,28080.61,0.0,242171.41,NPR
2026-01-21,ACC0000001676,195718.73,22410.44,100799.74,117329.43,NPR
2026-01-21,ACC0000001677,132892.47,0.0,64895.72,67996.75,NPR
2026-01-21,ACC0000001678,62547.56,7465.67,51245.77,18767.46,NPR
2026-01-21,ACC0000001679,51640.47,0.0,0.0,51640.47,NPR
2026-01-21,ACC0000001680,132092.15,0.0,98420.9,33671.25,NPR
2026-01-21,ACC0000001681,77507.29,0.0,20847.13,56660.16,NPR
2026-01-21,ACC0000001682,460031.42,0.0,43554.21,416477.21,NPR
2026-01-21,ACC0000001683,58459.56,0.0,127137.45,-68677.89,NPR
2026-01-21,ACC0000001684,243652.13,0.0,0.0,243652.13,NPR
2026-01-21,ACC0000001685,196310.77,0.0,0.0,196310.77,NPR
2026-01-21,ACC0000001686,350006.83,0.0,79903.73,270103.1,NPR
2026-01-21,ACC0000001687,82467.42,2241.09,36070.79,48637.72,NPR
2026-01-21,ACC0000001688,482527.34,0.0,39985.23,442542.11,NPR
2026-01-21,ACC0000001689,85144.49,0.0,0.0,85144.49,NPR
2026-01-21,ACC0000001690,231954.2,2261.68,10224.72,223991.16,NPR
2026-01-21,ACC0000001691,492199.18,0.0,77845.2,414353.98,NPR
2026-01-21,ACC0000001692,268397.89,0.0,91253.22,177144.67,NPR
2026-01-21,ACC0000001693,440719.06,0.0,14864.87,425854.19,NPR
2026-01-21,ACC0000001694,55597.46,0.0,36570.79,19026.67,NPR
2026-01-21,ACC0000001695,55121.53,0.0,36995.11,18126.42,NPR
2026-01-21,ACC0000001696,255394.06,0.0,0.0,255394.06,NPR
2026-01-21,ACC0000001697,411381.13,56662.81,0.0,468043.94,NPR
2026-01-21,ACC0000001698,495102.04,7698.11,0.0,502800.15,NPR
2026-01-21,ACC0000001699,321203.72,47660.45,11760.2,357103.97,NPR
2026-01-21,ACC0000001700,349013.89,0.0,34548.81,314465.08,NPR
2026-01-21,ACC0000001701,241363.12,0.0,0.0,241363.12,NPR
2026-01-21,ACC0000001702,272402.17,81256.66,93335.77,260323.06,NPR
2026-01-21,ACC0000001703,380507.71,0.0,111530.36,268977.35,NPR
2026-01-21,ACC0000001704,249256.2,0.0,33100.12,216156.08,NPR
2026-01-21,ACC0000001705,164587.41,60753.24,9169.9,216170.75,NPR
2026-01-21,ACC0000001706,9443.03,3246.28,16892.1,-4202.79,NPR
2026-01-21,ACC0000001707,445747.48,43458.62,9691.67,479514.43,NPR
2026-01-21,ACC0000001708,407035.02,26788.26,0.0,433823.28,NPR
2026-01-21,ACC0000001709,106305.28,0.0,0.0,106305.28,NPR
2026-01-21,ACC0000001710,108615.74,6130.51,37684.49,77061.76,NPR
2026-01-21,ACC0000001711,94300.6,0.0,49260.64,45039.96,NPR
2026-01-21,ACC0000001712,387396.75,0.0,0.0,387396.75,NPR
2026-01-21,ACC0000001713,252870.98,0.0,138472.15,114398.83,NPR
2026-01-21,ACC0000001714,107917.88,29514.88,122696.51,14736.25,NPR
2026-01-21,ACC0000001715,396908.49,66289.92,0.0,463198.41,NPR
2026-01-21,ACC0000001716,295724.69,0.0,53237.69,242487.0,NPR
2026-01-21,ACC0000001717,24483.46,8724.74,0.0,33208.2,NPR
2026-01-21,ACC0000001718,151156.52,0.0,0.0,151156.52,NPR
2026-01-21,ACC0000001719,366432.36,56219.98,44292.65,378359.69,NPR
2026-01-21,ACC0000001720,313826.64,0.0,15777.23,298049.41,NPR
2026-01-21,ACC0000001721,342856.65,0.0,0.0,342856.65,NPR
2026-01-21,ACC0000001722,49225.95,0.0,0.0,49225.95,NPR
2026-01-21,ACC0000001723,431729.12,0.0,34762.85,396966.27,NPR
2026-01-21,ACC0000001724,183358.25,21577.77,0.0,204936.02,NPR
2026-01-21,ACC0000001725,138326.48,0.0,92931.0,45395.48,NPR
2026-01-21,ACC0000001726,1764.55,40437.37,80627.91,-38425.99,NPR
2026-01-21,ACC0000001727,42412.93,0.0,29458.49,12954.44,NPR
2026-01-21,ACC0000001728,426456.08,0.0,3892.35,422563.73,NPR
2026-01-21,ACC0000001729,332109.83,10768.63,73103.11,269775.35,NPR
2026-01-21,ACC0000001730,243127.92,10097.45,94890.27,158335.1,NPR
2026-01-21,ACC0000001731,14840.35,46251.64,4614.53,56477.46,NPR
2026-01-21,ACC0000001732,336833.46,15846.55,114427.48,238252.53,NPR
2026-01-21,ACC0000001733,118707.93,0.0,72644.16,46063.77,NPR
2026-01-21,ACC0000001734,52429.17,0.0,62124.38,-9695.21,NPR
2026-01-21,ACC0000001735,338204.45,0.0,173518.82,164685.63,NPR
2026-01-21,ACC0000001736,36014.64,0.0,40836.95,-4822.31,NPR
2026-01-21,ACC0000001737,298677.01,0.0,0.0,298677.01,NPR
2026-01-21,ACC0000001738,411079.8,0.0,47802.39,363277.41,NPR
2026-01-21,ACC0000001739,121820.19,0.0,44975.49,76844.7,NPR
2026-01-21,ACC0000001740,39511.35,0.0,33487.78,6023.57,NPR
2026-01-21,ACC0000001741,213343.48,0.0,77919.35,135424.13,NPR
2026-01-21,ACC0000001742,209707.15,22898.06,142028.86,90576.35,NPR
2026-01-21,ACC0000001743,158771.64,0.0,82170.95,76600.69,NPR
2026-01-21,ACC0000001744,192800.42,30488.19,6602.6,216686.01,NPR
2026-01-21,ACC0000001745,175823.45,0.0,13318.54,162504.91,NPR
2026-01-21,ACC0000001746,44602.19,0.0,29540.28,15061.91,NPR
2026-01-21,ACC0000001747,190318.19,0.0,9964.12,180354.07,NPR
2026-01-21,ACC0000001748,354026.01,6347.06,42373.63,317999.44,NPR
2026-01-21,ACC0000001749,50333.7,0.0,44780.34,5553.36,NPR
2026-01-21,ACC0000001750,401030.34,0.0,138374.59,262655.75,NPR
2026-01-21,ACC0000001751,19429.91,0.0,57750.27,-38320.36,NPR
2026-01-21,ACC0000001752,100003.75,0.0,85088.69,14915.06,NPR
2026-01-21,ACC0000001753,125390.27,6170.37,0.0,131560.64,NPR
2026-01-21,ACC0000001754,444534.63,0.0,0.0,444534.63,NPR
2026-01-21,ACC0000001755,236166.63,0.0,16223.17,219943.46,NPR
2026-01-21,ACC0000001756,480177.71,48232.61,41179.6,487230.72,NPR
2026-01-21,ACC0000001757,116654.49,0.0,17514.46,99140.03,NPR
2026-01-21,ACC0000001758,135441.62,36339.83,0.0,171781.45,NPR
2026-01-21,ACC0000001759,289361.47,0.0,9327.47,280034.0,NPR
2026-01-21,ACC0000001760,291837.49,0.0,37866.28,253971.21,NPR
2026-01-21,ACC0000001761,358775.04,36857.52,0.0,395632.56,NPR
2026-01-21,ACC0000001762,321746.83,1069.93,73144.4,249672.36,NPR
2026-01-21,ACC0000001763,9231.79,0.0,0.0,9231.79,NPR
2026-01-21,ACC0000001764,210135.21,37952.51,42805.71,205282.01,NPR
2026-01-21,ACC0000001765,61201.89,0.0,94257.4,-33055.51,NPR
2026-01-21,ACC0000001766,229011.17,0.0,153385.47,75625.7,NPR
2026-01-21,ACC0000001767,88471.95,0.0,26187.05,62284.9,NPR
2026-01-21,ACC0000001768,323481.89,0.0,40089.5,283392.39,NPR
2026-01-21,ACC0000001769,17921.6,0.0,0.0,17921.6,NPR
2026-01-21,ACC0000001770,106899.83,60652.47,33221.35,134330.95,NPR
2026-01-21,ACC0000001771,209414.17,0.0,42173.09,167241.08,NPR
2026-01-21,ACC0000001772,377228.12,20539.92,46236.27,351531.77,NPR
2026-01-21,ACC0000001773,352287.76,0.0,119293.27,232994.49,NPR
2026-01-21,ACC0000001774,26859.59,19409.01,12853.03,33415.57,NPR
2026-01-21,ACC0000001775,443680.72,0.0,15794.01,427886.71,NPR
2026-01-21,ACC0000001776,490783.07,0.0,28697.97,462085.1,NPR
2026-01-21,ACC0000001777,169555.95,0.0,85775.6,83780.35,NPR
2026-01-21,ACC0000001778,30193.78,0.0,42870.21,-12676.43,NPR
2026-01-21,ACC0000001779,434503.23,0.0,0.0,434503.23,NPR
2026-01-21,ACC0000001780,281455.16,0.0,184011.07,97444.09,NPR
2026-01-21,ACC0000001781,86925.3,6274.87,19999.05,73201.12,NPR
2026-01-21,ACC0000001782,172149.36,0.0,104691.14,67458.22,NPR
2026-01-21,ACC0000001783,122241.4,0.0,87093.77,35147.63,NPR
2026-01-21,ACC0000001784,99772.11,0.0,3545.8,96226.31,NPR
2026-01-21,ACC0000001785,193690.15,0.0,29642.44,164047.71,NPR
2026-01-21,ACC0000001786,57720.55,0.0,79473.57,-21753.02,NPR
2026-01-21,ACC0000001787,228383.76,0.0,29099.12,199284.64,NPR
2026-01-21,ACC0000001788,248977.1,0.0,60124.55,188852.55,NPR
2026-01-21,ACC0000001789,33099.8,36779.82,64478.4,5401.22,NPR
2026-01-21,ACC0000001790,398259.53,23010.93,12980.47,408289.99,NPR
2026-01-21,ACC0000001791,239083.31,0.0,48270.02,190813.29,NPR
2026-01-21,ACC0000001792,482661.91,10671.88,3812.76,489521.03,NPR
2026-01-21,ACC0000001793,480200.93,0.0,17713.28,462487.65,NPR
2026-01-21,ACC0000001794,109375.0,61945.29,30935.3,140384.99,NPR
2026-01-21,ACC0000001795,346942.28,0.0,45495.66,301446.62,NPR
2026-01-21,ACC0000001796,371314.2,14923.56,8832.58,377405.18,NPR
2026-01-21,ACC0000001797,111297.42,0.0,0.0,111297.42,NPR
2026-01-21,ACC0000001798,395715.98,0.0,48316.48,347399.5,NPR
2026-01-21,ACC0000001799,416344.3,0.0,0.0,416344.3,NPR
2026-01-21,ACC0000001800,22825.14,0.0,73966.43,-51141.29,NPR
2026-01-21,ACC0000001801,243387.23,0.0,21968.11,221419.12,NPR
2026-01-21,ACC0000001802,66433.64,0.0,47798.44,18635.2,NPR
2026-01-21,ACC0000001803,349643.51,16394.06,114717.79,251319.78,NPR
2026-01-21,ACC0000001804,195625.76,0.0,11686.02,183939.74,NPR
2026-01-21,ACC0000001805,292545.62,48646.69,104145.14,237047.17,NPR
2026-01-21,ACC0000001806,319687.36,0.0,61202.27,258485.09,NPR
2026-01-21,ACC0000001807,393950.6,47368.32,147434.21,293884.71,NPR
2026-01-21,ACC0000001808,349829.29,0.0,0.0,349829.29,NPR
2026-01-21,ACC0000001809,447461.22,3453.87,87668.57,363246.52,NPR
2026-01-21,ACC0000001810,311741.0,37765.36,78798.73,270707.63,NPR
2026-01-21,ACC0000001811,246949.68,8242.91,1859.31,253333.28,NPR
2026-01-21,ACC0000001812,116539.07,0.0,80683.07,35856.0,NPR
2026-01-21,ACC0000001813,350382.27,0.0,63369.61,287012.66,NPR
2026-01-21,ACC0000001814,413744.75,0.0,45371.64,368373.11,NPR
2026-01-21,ACC0000001815,37065.33,0.0,117693.63,-80628.3,NPR
2026-01-21,ACC0000001816,280717.28,69444.19,5826.8,344334.67,NPR
2026-01-21,ACC0000001817,408488.09,0.0,92698.3,315789.79,NPR
2026-01-21,ACC0000001818,4153.01,0.0,85198.64,-81045.63,NPR
2026-01-21,ACC0000001819,122747.5,0.0,112950.14,9797.36,NPR
2026-01-21,ACC0000001820,102336.61,0.0,42007.03,60329.58,NPR
2026-01-21,ACC0000001821,209968.44,0.0,26794.89,183173.55,NPR
2026-01-21,ACC0000001822,178322.5,17494.66,108888.29,86928.87,NPR
2026-01-21,ACC0000001823,180284.08,0.0,0.0,180284.08,NPR
2026-01-21,ACC0000001824,380211.52,0.0,47400.91,332810.61,NPR
2026-01-21,ACC0000001825,14927.74,0.0,0.0,14927.74,NPR
2026-01-21,ACC0000001826,93860.2,0.0,0.0,93860.2,NPR
2026-01-21,ACC0000001827,61950.07,0.0,0.0,61950.07,NPR
2026-01-21,ACC0000001828,384731.77,41362.76,0.0,426094.53,NPR
2026-01-21,ACC0000001829,121547.02,0.0,61699.42,59847.6,NPR
2026-01-21,ACC0000001830,193543.76,0.0,146243.37,47300.39,NPR
2026-01-21,ACC0000001831,437417.9,0.0,0.0,437417.9,NPR
2026-01-21,ACC0000001832,310204.4,0.0,0.0,310204.4,NPR
2026-01-21,ACC0000001833,330746.1,39210.98,47017.16,322939.92,NPR
2026-01-21,ACC0000001834,470939.22,1935.71,49315.46,423559.47,NPR
2026-01-21,ACC0000001835,58095.72,36933.6,117961.41,-22932.09,NPR
2026-01-21,ACC0000001836,133211.73,0.0,67747.93,65463.8,NPR
2026-01-21,ACC0000001837,481951.36,0.0,0.0,481951.36,NPR
2026-01-21,ACC0000001838,87648.76,5746.08,0.0,93394.84,NPR
2026-01-21,ACC0000001839,95970.32,8056.93,0.0,104027.25,NPR
2026-01-21,ACC0000001840,15959.81,0.0,18715.76,-2755.95,NPR
2026-01-21,ACC0000001841,349941.7,888.19,77097.93,273731.96,NPR
2026-01-21,ACC0000001842,21745.86,0.0,0.0,21745.86,NPR
2026-01-21,ACC0000001843,392852.78,0.0,65782.31,327070.47,NPR
2026-01-21,ACC0000001844,392815.96,0.0,0.0,392815.96,NPR
2026-01-21,ACC0000001845,245712.49,0.0,3470.38,242242.11,NPR
2026-01-21,ACC0000001846,482496.91,0.0,46346.07,436150.84,NPR
2026-01-21,ACC0000001847,270366.82,40255.08,32448.5,278173.4,NPR
2026-01-21,ACC0000001848,309002.0,0.0,68274.26,240727.74,NPR
2026-01-21,ACC0000001849,79569.05,32583.28,130396.25,-18243.92,NPR
2026-01-21,ACC0000001850,187977.53,0.0,0.0,187977.53,NPR
2026-01-21,ACC0000001851,391643.85,0.0,0.0,391643.85,NPR
2026-01-21,ACC0000001852,483573.66,0.0,101012.35,382561.31,NPR
2026-01-21,ACC0000001853,299139.82,0.0,32896.65,266243.17,NPR
2026-01-21,ACC0000001854,83153.11,0.0,31525.92,51627.19,NPR
2026-01-21,ACC0000001855,217618.32,14486.29,121971.43,110133.18,NPR
2026-01-21,ACC0000001856,153202.62,23228.43,18223.82,158207.23,NPR
2026-01-21,ACC0000001857,7822.98,0.0,95725.24,-87902.26,NPR
2026-01-21,ACC0000001858,65172.98,0.0,0.0,65172.98,NPR
2026-01-21,ACC0000001859,454337.8,33160.76,61235.98,426262.58,NPR
2026-01-21,ACC0000001860,226554.55,0.0,0.0,226554.55,NPR
2026-01-21,ACC0000001861,412700.97,62075.0,13321.6,461454.37,NPR
2026-01-21,ACC0000001862,231003.13,0.0,143658.96,87344.17,NPR
2026-01-21,ACC0000001863,162462.55,46319.13,28471.73,180309.95,NPR
2026-01-21,ACC0000001864,77605.35,22539.9,2976.4,97168.85,NPR
2026-01-21,ACC0000001865,320395.24,0.0,0.0,320395.24,NPR
2026-01-21,ACC0000001866,131216.57,0.0,51059.45,80157.12,NPR
2026-01-21,ACC0000001867,66646.79,0.0,5846.02,60800.77,NPR
2026-01-21,ACC0000001868,22892.5,48038.92,20300.69,50630.73,NPR
2026-01-21,ACC0000001869,114254.09,15315.71,91666.45,37903.35,NPR
2026-01-21,ACC0000001870,369391.06,60904.95,137902.83,292393.18,NPR
2026-01-21,ACC0000001871,456030.5,0.0,142735.25,313295.25,NPR
2026-01-21,ACC0000001872,310312.91,0.0,7511.88,302801.03,NPR
2026-01-21,ACC0000001873,426102.52,96549.43,39164.36,483487.59,NPR
2026-01-21,ACC0000001874,452104.21,0.0,101884.33,350219.88,NPR
2026-01-21,ACC0000001875,220029.02,0.0,94663.09,125365.93,NPR
2026-01-21,ACC0000001876,79930.02,40799.03,29272.1,91456.95,NPR
2026-01-21,ACC0000001877,229789.68,0.0,4842.42,224947.26,NPR
2026-01-21,ACC0000001878,300098.09,16073.41,65911.14,250260.36,NPR
2026-01-21,ACC0000001879,377178.03,0.0,12497.01,364681.02,NPR
2026-01-21,ACC0000001880,42063.34,0.0,4073.33,37990.01,NPR
2026-01-21,ACC0000001881,15222.66,0.0,61920.86,-46698.2,NPR
2026-01-21,ACC0000001882,449509.73,0.0,39225.71,410284.02,NPR
2026-01-21,ACC0000001883,312132.57,0.0,5947.34,306185.23,NPR
2026-01-21,ACC0000001884,32440.3,16018.71,80193.48,-31734.47,NPR
2026-01-21,ACC0000001885,19486.6,0.0,0.0,19486.6,NPR
2026-01-21,ACC0000001886,126229.84,0.0,0.0,126229.84,NPR
2026-01-21,ACC0000001887,11978.44,0.0,21463.27,-9484.83,NPR
2026-01-21,ACC0000001888,96291.84,0.0,115145.86,-18854.02,NPR
2026-01-21,ACC0000001889,241449.96,18353.3,93254.12,166549.14,NPR
2026-01-21,ACC0000001890,404143.12,0.0,68988.52,335154.6,NPR
2026-01-21,ACC0000001891,66338.49,0.0,0.0,66338.49,NPR
2026-01-21,ACC0000001892,139990.44,28357.05,30100.4,138247.09,NPR
2026-01-21,ACC0000001893,413800.26,30517.03,66210.17,378107.12,NPR
2026-01-21,ACC0000001894,55470.78,7587.19,27898.12,35159.85,NPR
2026-01-21,ACC0000001895,111122.18,3410.04,12240.53,102291.69,NPR
2026-01-21,ACC0000001896,244749.69,0.0,23732.59,221017.1,NPR
2026-01-21,ACC0000001897,205368.4,66887.26,42867.89,229387.77,NPR
2026-01-21,ACC0000001898,435010.44,10934.75,59911.27,386033.92,NPR
2026-01-21,ACC0000001899,40451.95,62737.51,20460.14,82729.32,NPR
2026-01-21,ACC0000001900,147184.61,0.0,42812.89,104371.72,NPR
2026-01-21,ACC0000001901,41035.89,0.0,15450.24,25585.65,NPR
2026-01-21,ACC0000001902,224039.65,14864.41,23353.72,215550.34,NPR
2026-01-21,ACC0000001903,369223.82,5850.43,30821.89,344252.36,NPR
2026-01-21,ACC0000001904,132497.49,37734.22,8858.0,161373.71,NPR
2026-01-21,ACC0000001905,420787.68,58075.65,36036.75,442826.58,NPR
2026-01-21,ACC0000001906,42892.57,11171.21,38478.43,15585.35,NPR
2026-01-21,ACC0000001907,275847.08,0.0,33125.27,242721.81,NPR
2026-01-21,ACC0000001908,123460.4,0.0,105948.4,17512.0,NPR
2026-01-21,ACC0000001909,92741.72,21088.63,72457.07,41373.28,NPR
2026-01-21,ACC0000001910,125494.67,0.0,31194.49,94300.18,NPR
2026-01-21,ACC0000001911,302772.65,0.0,22293.21,280479.44,NPR
2026-01-21,ACC0000001912,398791.5,73936.56,98630.43,374097.63,NPR
2026-01-21,ACC0000001913,201870.3,99.58,74315.52,127654.36,NPR
2026-01-21,ACC0000001914,304446.46,0.0,0.0,304446.46,NPR
2026-01-21,ACC0000001915,392162.11,0.0,0.0,392162.11,NPR
2026-01-21,ACC0000001916,432839.27,0.0,0.0,432839.27,NPR
2026-01-21,ACC0000001917,104461.47,15424.04,6653.81,113231.7,NPR
2026-01-21,ACC0000001918,420136.91,46357.62,21779.37,444715.16,NPR
2026-01-21,ACC0000001919,112446.73,0.0,100715.65,11731.08,NPR
2026-01-21,ACC0000001920,461432.32,0.0,22233.35,439198.97,NPR
2026-01-21,ACC0000001921,149402.22,0.0,63117.31,86284.91,NPR
2026-01-21,ACC0000001922,434954.46,0.0,27055.97,407898.49,NPR
2026-01-21,ACC0000001923,241377.97,0.0,37722.12,203655.85,NPR
2026-01-21,ACC0000001924,113064.91,7114.88,70811.24,49368.55,NPR
2026-01-21,ACC0000001925,414783.02,610.53,50647.86,364745.69,NPR
2026-01-21,ACC0000001926,90938.48,0.0,70619.51,20318.97,NPR
2026-01-21,ACC0000001927,264734.88,0.0,29437.94,235296.94,NPR
2026-01-21,ACC0000001928,328543.04,0.0,0.0,328543.04,NPR
2026-01-21,ACC0000001929,379988.59,37005.36,60026.74,356967.21,NPR
2026-01-21,ACC0000001930,52542.52,0.0,26365.08,26177.44,NPR
2026-01-21,ACC0000001931,200974.7,29030.11,39547.34,190457.47,NPR
2026-01-21,ACC0000001932,473118.95,0.0,28531.92,444587.03,NPR
2026-01-21,ACC0000001933,63686.91,77774.61,80916.54,60544.98,NPR
2026-01-21,ACC0000001934,16768.33,0.0,78044.67,-61276.34,NPR
2026-01-21,ACC0000001935,354196.27,0.0,40283.72,313912.55,NPR
2026-01-21,ACC0000001936,460693.14,10784.13,62478.1,408999.17,NPR
2026-01-21,ACC0000001937,132085.5,0.0,48277.46,83808.04,NPR
2026-01-21,ACC0000001938,153570.78,0.0,0.0,153570.78,NPR
2026-01-21,ACC0000001939,356100.6,15713.02,226834.4,144979.22,NPR
2026-01-21,ACC0000001940,383426.63,0.0,3838.21,379588.42,NPR
2026-01-21,ACC0000001941,474547.83,0.0,499.48,474048.35,NPR
2026-01-21,ACC0000001942,409739.1,89660.55,0.0,499399.65,NPR
2026-01-21,ACC0000001943,165834.79,0.0,74679.04,91155.75,NPR
2026-01-21,ACC0000001944,228812.17,0.0,83680.15,145132.02,NPR
2026-01-21,ACC0000001945,179309.61,0.0,32113.7,147195.91,NPR
2026-01-21,ACC0000001946,443949.33,0.0,79990.21,363959.12,NPR
2026-01-21,ACC0000001947,268743.84,9451.45,39222.97,238972.32,NPR
2026-01-21,ACC0000001948,432978.35,6014.39,159904.15,279088.59,NPR
2026-01-21,ACC0000001949,409316.87,0.0,0.0,409316.87,NPR
2026-01-21,ACC0000001950,398696.81,0.0,31778.46,366918.35,NPR
2026-01-21,ACC0000001951,279849.34,0.0,127730.92,152118.42,NPR
2026-01-21,ACC0000001952,327851.53,34716.57,44517.58,318050.52,NPR
2026-01-21,ACC0000001953,359416.96,0.0,17036.31,342380.65,NPR
2026-01-21,ACC0000001954,234282.28,0.0,30176.68,204105.6,NPR
2026-01-21,ACC0000001955,148540.9,0.0,0.0,148540.9,NPR
2026-01-21,ACC0000001956,261594.94,0.0,0.0,261594.94,NPR
2026-01-21,ACC0000001957,194210.91,8668.18,33378.76,169500.33,NPR
2026-01-21,ACC0000001958,380570.87,23004.16,16025.51,387549.52,NPR
2026-01-21,ACC0000001959,381111.21,0.0,87029.64,294081.57,NPR
2026-01-21,ACC0000001960,123810.2,31476.48,17168.38,138118.3,NPR
2026-01-21,ACC0000001961,2899.03,13078.69,44644.79,-28667.07,NPR
2026-01-21,ACC0000001962,224750.92,0.0,20574.77,204176.15,NPR
2026-01-21,ACC0000001963,378259.93,0.0,0.0,378259.93,NPR
2026-01-21,ACC0000001964,137551.47,0.0,99192.68,38358.79,NPR
2026-01-21,ACC0000001965,141345.96,0.0,0.0,141345.96,NPR
2026-01-21,ACC0000001966,72460.52,42010.51,80914.05,33556.98,NPR
2026-01-21,ACC0000001967,148470.41,0.0,28090.86,120379.55,NPR
2026-01-21,ACC0000001968,481073.59,2762.6,0.0,483836.19,NPR
2026-01-21,ACC0000001969,17506.69,26087.72,0.0,43594.41,NPR
2026-01-21,ACC0000001970,431726.04,42418.02,74927.26,399216.8,NPR
2026-01-21,ACC0000001971,481680.85,29524.33,40267.0,470938.18,NPR
2026-01-21,ACC0000001972,372157.36,35771.75,54067.34,353861.77,NPR
2026-01-21,ACC0000001973,55253.45,0.0,19782.34,35471.11,NPR
2026-01-21,ACC0000001974,376278.21,48546.32,45187.46,379637.07,NPR
2026-01-21,ACC0000001975,236611.19,36100.91,47164.69,225547.41,NPR
2026-01-21,ACC0000001976,97965.92,0.0,35631.8,62334.12,NPR
2026-01-21,ACC0000001977,418448.55,0.0,10665.32,407783.23,NPR
2026-01-21,ACC0000001978,150455.37,0.0,100582.95,49872.42,NPR
2026-01-21,ACC0000001979,281965.93,8903.5,57634.78,233234.65,NPR
2026-01-21,ACC0000001980,483073.83,49581.59,0.0,532655.42,NPR
2026-01-21,ACC0000001981,376570.81,48686.89,47150.03,378107.67,NPR
2026-01-21,ACC0000001982,334457.32,0.0,17828.15,316629.17,NPR
2026-01-21,ACC0000001983,243283.03,0.0,106504.59,136778.44,NPR
2026-01-21,ACC0000001984,233534.32,0.0,0.0,233534.32,NPR
2026-01-21,ACC0000001985,313079.43,0.0,83838.42,229241.01,NPR
2026-01-21,ACC0000001986,383101.7,19572.97,175389.08,227285.59,NPR
2026-01-21,ACC0000001987,165954.88,0.0,121408.53,44546.35,NPR
2026-01-21,ACC0000001988,497106.57,0.0,0.0,497106.57,NPR
2026-01-21,ACC0000001989,84465.64,9202.58,46661.99,47006.23,NPR
2026-01-21,ACC0000001990,441690.61,0.0,0.0,441690.61,NPR
2026-01-21,ACC0000001991,177263.8,24342.27,40458.64,161147.43,NPR
2026-01-21,ACC0000001992,358868.02,45246.27,47826.81,356287.48,NPR
2026-01-21,ACC0000001993,340056.63,0.0,0.0,340056.63,NPR
2026-01-21,ACC0000001994,438652.16,0.0,73647.75,365004.41,NPR
2026-01-21,ACC0000001995,141707.2,0.0,0.0,141707.2,NPR
2026-01-21,ACC0000001996,13861.79,0.0,0.0,13861.79,NPR
2026-01-21,ACC0000001997,2304.52,0.0,140729.52,-138425.0,NPR
2026-01-21,ACC0000001998,36104.23,15197.87,61377.71,-10075.61,NPR
2026-01-21,ACC0000001999,233668.57,43125.28,96122.63,180671.22,NPR
2026-01-21,ACC0000002000,217433.44,5635.03,19183.03,203885.44,NPR
2026-01-21,ACC0000002001,417483.47,0.0,197211.79,220271.68,NPR
2026-01-21,ACC0000002002,191010.85,0.0,0.0,191010.85,NPR
2026-01-21,ACC0000002003,52029.85,0.0,0.0,52029.85,NPR
2026-01-21,ACC0000002004,69352.36,0.0,36106.88,33245.48,NPR
2026-01-21,ACC0000002005,328958.2,0.0,28838.11,300120.09,NPR
2026-01-21,ACC0000002006,272723.27,0.0,57599.36,215123.91,NPR
2026-01-21,ACC0000002007,34233.7,0.0,0.0,34233.7,NPR
2026-01-21,ACC0000002008,346600.82,0.0,30260.58,316340.24,NPR
2026-01-21,ACC0000002009,309466.52,0.0,12043.7,297422.82,NPR
2026-01-21,ACC0000002010,275557.08,0.0,178383.25,97173.83,NPR
2026-01-21,ACC0000002011,182672.54,2873.54,37347.83,148198.25,NPR
2026-01-21,ACC0000002012,389016.43,28749.98,61552.81,356213.6,NPR
2026-01-21,ACC0000002013,243407.19,3585.12,37570.02,209422.29,NPR
2026-01-21,ACC0000002014,219981.02,4449.99,0.0,224431.01,NPR
2026-01-21,ACC0000002015,163950.92,37659.1,37755.04,163854.98,NPR
2026-01-21,ACC0000002016,342461.82,29709.01,24.64,372146.19,NPR
2026-01-21,ACC0000002017,257052.21,0.0,0.0,257052.21,NPR
2026-01-21,ACC0000002018,26587.14,0.0,50419.66,-23832.52,NPR
2026-01-21,ACC0000002019,498808.36,74773.49,84160.63,489421.22,NPR
2026-01-21,ACC0000002020,198875.65,0.0,141203.94,57671.71,NPR
2026-01-21,ACC0000002021,316491.79,74616.28,59004.3,332103.77,NPR
2026-01-21,ACC0000002022,281312.11,12680.47,14922.71,279069.87,NPR
2026-01-21,ACC0000002023,243105.12,29891.77,101953.69,171043.2,NPR
2026-01-21,ACC0000002024,187267.97,0.0,25672.48,161595.49,NPR
2026-01-21,ACC0000002025,251525.32,70030.34,170053.12,151502.54,NPR
2026-01-21,ACC0000002026,50295.88,0.0,0.0,50295.88,NPR
2026-01-21,ACC0000002027,84039.21,0.0,95395.94,-11356.73,NPR
2026-01-21,ACC0000002028,49647.34,1350.27,70005.22,-19007.61,NPR
2026-01-21,ACC0000002029,237483.79,0.0,0.0,237483.79,NPR
2026-01-21,ACC0000002030,356373.55,0.0,84173.4,272200.15,NPR
2026-01-21,ACC0000002031,72283.52,0.0,0.0,72283.52,NPR
2026-01-21,ACC0000002032,104415.31,0.0,75697.94,28717.37,NPR
2026-01-21,ACC0000002033,10747.08,0.0,93517.27,-82770.19,NPR
2026-01-21,ACC0000002034,205825.44,0.0,30526.72,175298.72,NPR
2026-01-21,ACC0000002035,213308.5,0.0,62214.22,151094.28,NPR
2026-01-21,ACC0000002036,238787.7,0.0,36036.94,202750.76,NPR
2026-01-21,ACC0000002037,461944.35,0.0,33502.31,428442.04,NPR
2026-01-21,ACC0000002038,461716.19,17188.26,41555.7,437348.75,NPR
2026-01-21,ACC0000002039,56375.57,0.0,78584.35,-22208.78,NPR
2026-01-21,ACC0000002040,226165.45,0.0,0.0,226165.45,NPR
2026-01-21,ACC0000002041,26297.5,30985.67,19100.84,38182.33,NPR
2026-01-21,ACC0000002042,293450.34,0.0,0.0,293450.34,NPR
2026-01-21,ACC0000002043,480431.96,0.0,33197.48,447234.48,NPR
2026-01-21,ACC0000002044,124396.14,0.0,41017.43,83378.71,NPR
2026-01-21,ACC0000002045,185640.54,16736.35,106385.46,95991.43,NPR
2026-01-21,ACC0000002046,390450.87,0.0,59040.42,331410.45,NPR
2026-01-21,ACC0000002047,262235.45,0.0,48253.83,213981.62,NPR
2026-01-21,ACC0000002048,267310.17,0.0,24802.03,242508.14,NPR
2026-01-21,ACC0000002049,439780.58,120355.11,80497.2,479638.49,NPR
2026-01-21,ACC0000002050,105175.73,48861.89,89131.79,64905.83,NPR
2026-01-21,ACC0000002051,320627.19,0.0,49951.46,270675.73,NPR
2026-01-21,ACC0000002052,83450.58,0.0,0.0,83450.58,NPR
2026-01-21,ACC0000002053,427027.23,14156.3,31949.05,409234.48,NPR
2026-01-21,ACC0000002054,246041.47,0.0,0.0,246041.47,NPR
2026-01-21,ACC0000002055,316995.59,2220.36,73638.59,245577.36,NPR
2026-01-21,ACC0000002056,353578.13,5585.3,101019.75,258143.68,NPR
2026-01-21,ACC0000002057,252851.28,34538.22,0.0,287389.5,NPR
2026-01-21,ACC0000002058,483287.54,0.0,43421.72,439865.82,NPR
2026-01-21,ACC0000002059,486421.34,0.0,27340.66,459080.68,NPR
2026-01-21,ACC0000002060,228331.9,0.0,83100.88,145231.02,NPR
2026-01-21,ACC0000002061,5566.68,0.0,0.0,5566.68,NPR
2026-01-21,ACC0000002062,354197.42,0.0,41682.22,312515.2,NPR
2026-01-21,ACC0000002063,400437.17,43587.71,45735.14,398289.74,NPR
2026-01-21,ACC0000002064,405865.84,39057.5,166366.57,278556.77,NPR
2026-01-21,ACC0000002065,412119.24,0.0,71473.5,340645.74,NPR
2026-01-21,ACC0000002066,355230.97,0.0,70216.77,285014.2,NPR
2026-01-21,ACC0000002067,478994.62,0.0,16028.36,462966.26,NPR
2026-01-21,ACC0000002068,481743.46,0.0,161022.51,320720.95,NPR
2026-01-21,ACC0000002069,438122.1,11334.61,11315.5,438141.21,NPR
2026-01-21,ACC0000002070,147062.38,0.0,70708.46,76353.92,NPR
2026-01-21,ACC0000002071,300276.48,0.0,0.0,300276.48,NPR
2026-01-21,ACC0000002072,174202.06,44134.11,162787.78,55548.39,NPR
2026-01-21,ACC0000002073,421005.18,0.0,53196.28,367808.9,NPR
2026-01-21,ACC0000002074,401835.31,38300.44,140647.0,299488.75,NPR
2026-01-21,ACC0000002075,250383.46,0.0,35969.16,214414.3,NPR
2026-01-21,ACC0000002076,225214.27,16619.18,0.0,241833.45,NPR
2026-01-21,ACC0000002077,332975.26,0.0,0.0,332975.26,NPR
2026-01-21,ACC0000002078,394858.71,0.0,94578.18,300280.53,NPR
2026-01-21,ACC0000002079,249697.66,0.0,8952.89,240744.77,NPR
2026-01-21,ACC0000002080,445757.17,32735.49,59780.96,418711.7,NPR
2026-01-21,ACC0000002081,416764.41,0.0,5632.95,411131.46,NPR
2026-01-21,ACC0000002082,497333.53,47350.27,43217.49,501466.31,NPR
2026-01-21,ACC0000002083,3997.36,0.0,6879.43,-2882.07,NPR
2026-01-21,ACC0000002084,221960.93,0.0,40526.19,181434.74,NPR
2026-01-21,ACC0000002085,164323.96,0.0,48104.81,116219.15,NPR
2026-01-21,ACC0000002086,96299.29,17851.92,43904.44,70246.77,NPR
2026-01-21,ACC0000002087,235233.9,0.0,183061.12,52172.78,NPR
2026-01-21,ACC0000002088,416102.22,0.0,0.0,416102.22,NPR
2026-01-21,ACC0000002089,108781.18,0.0,41472.84,67308.34,NPR
2026-01-21,ACC0000002090,58252.21,0.0,28530.74,29721.47,NPR
2026-01-21,ACC0000002091,57423.14,0.0,134219.91,-76796.77,NPR
2026-01-21,ACC0000002092,266057.06,26930.96,20736.48,272251.54,NPR
2026-01-21,ACC0000002093,319352.39,0.0,0.0,319352.39,NPR
2026-01-21,ACC0000002094,305872.93,24839.97,0.0,330712.9,NPR
2026-01-21,ACC0000002095,84903.35,0.0,77303.07,7600.28,NPR
2026-01-21,ACC0000002096,286586.76,0.0,32865.6,253721.16,NPR
2026-01-21,ACC0000002097,492212.29,0.0,0.0,492212.29,NPR
2026-01-21,ACC0000002098,280124.47,0.0,0.0,280124.47,NPR
2026-01-21,ACC0000002099,400075.04,0.0,94085.43,305989.61,NPR
2026-01-21,ACC0000002100,470719.82,39024.45,0.0,509744.27,NPR
2026-01-21,ACC0000002101,230586.48,0.0,86506.87,144079.61,NPR
2026-01-21,ACC0000002102,247549.89,28453.11,77064.84,198938.16,NPR
2026-01-21,ACC0000002103,174262.4,0.0,89889.8,84372.6,NPR
2026-01-21,ACC0000002104,476851.05,0.0,31942.3,444908.75,NPR
2026-01-21,ACC0000002105,395982.62,0.0,43061.01,352921.61,NPR
2026-01-21,ACC0000002106,416253.54,0.0,10845.88,405407.66,NPR
2026-01-21,ACC0000002107,227832.27,0.0,0.0,227832.27,NPR
2026-01-21,ACC0000002108,243145.7,36594.41,52927.0,226813.11,NPR
2026-01-21,ACC0000002109,270426.15,0.0,0.0,270426.15,NPR
2026-01-21,ACC0000002110,351302.45,27342.32,56645.79,321998.98,NPR
2026-01-21,ACC0000002111,232696.1,31010.37,43396.14,220310.33,NPR
2026-01-21,ACC0000002112,468974.47,30529.39,31145.4,468358.46,NPR
2026-01-21,ACC0000002113,279494.48,46357.92,490.64,325361.76,NPR
2026-01-21,ACC0000002114,295158.25,0.0,0.0,295158.25,NPR
2026-01-21,ACC0000002115,217173.93,0.0,0.0,217173.93,NPR
2026-01-21,ACC0000002116,296501.21,27895.81,75090.34,249306.68,NPR
2026-01-21,ACC0000002117,317108.03,0.0,471.28,316636.75,NPR
2026-01-21,ACC0000002118,336675.63,0.0,28885.95,307789.68,NPR
2026-01-21,ACC0000002119,92511.58,48842.24,2118.95,139234.87,NPR
2026-01-21,ACC0000002120,372903.86,0.0,76421.71,296482.15,NPR
2026-01-21,ACC0000002121,215897.21,10395.61,50130.56,176162.26,NPR
2026-01-21,ACC0000002122,375699.03,0.0,58486.39,317212.64,NPR
2026-01-21,ACC0000002123,164291.15,29793.71,603.93,193480.93,NPR
2026-01-21,ACC0000002124,398952.26,0.0,13452.03,385500.23,NPR
2026-01-21,ACC0000002125,300564.91,0.0,0.0,300564.91,NPR
2026-01-21,ACC0000002126,491456.9,0.0,26124.77,465332.13,NPR
2026-01-21,ACC0000002127,315576.73,3208.35,39096.16,279688.92,NPR
2026-01-21,ACC0000002128,231738.84,0.0,57325.47,174413.37,NPR
2026-01-21,ACC0000002129,111914.81,0.0,70750.71,41164.1,NPR
2026-01-21,ACC0000002130,140679.1,0.0,0.0,140679.1,NPR
2026-01-21,ACC0000002131,91839.46,10688.83,59948.98,42579.31,NPR
2026-01-21,ACC0000002132,368971.69,0.0,90878.54,278093.15,NPR
2026-01-21,ACC0000002133,307997.93,0.0,0.0,307997.93,NPR
2026-01-21,ACC0000002134,156503.43,0.0,0.0,156503.43,NPR
2026-01-21,ACC0000002135,295120.31,0.0,23408.01,271712.3,NPR
2026-01-21,ACC0000002136,486142.49,0.0,24468.56,461673.93,NPR
2026-01-21,ACC0000002137,43115.57,20779.81,115294.26,-51398.88,NPR
2026-01-21,ACC0000002138,288817.17,0.0,5173.41,283643.76,NPR
2026-01-21,ACC0000002139,343547.34,49716.62,9414.59,383849.37,NPR
2026-01-21,ACC0000002140,166412.1,0.0,72338.68,94073.42,NPR
2026-01-21,ACC0000002141,196159.71,0.0,0.0,196159.71,NPR
2026-01-21,ACC0000002142,297083.77,70447.83,14597.69,352933.91,NPR
2026-01-21,ACC0000002143,107123.23,40201.79,44045.33,103279.69,NPR
2026-01-21,ACC0000002144,212320.56,0.0,34840.2,177480.36,NPR
2026-01-21,ACC0000002145,179963.98,27654.62,37626.53,169992.07,NPR
2026-01-21,ACC0000002146,260306.42,40485.3,15977.4,284814.32,NPR
2026-01-21,ACC0000002147,139451.65,0.0,0.0,139451.65,NPR
2026-01-21,ACC0000002148,231924.69,13657.65,0.0,245582.34,NPR
2026-01-21,ACC0000002149,460511.07,0.0,134721.57,325789.5,NPR
2026-01-21,ACC0000002150,117459.18,0.0,0.0,117459.18,NPR
2026-01-21,ACC0000002151,143735.18,0.0,48081.33,95653.85,NPR
2026-01-21,ACC0000002152,186306.14,24110.85,31268.58,179148.41,NPR
2026-01-21,ACC0000002153,421807.36,0.0,10576.55,411230.81,NPR
2026-01-21,ACC0000002154,412322.46,0.0,39853.07,372469.39,NPR
2026-01-21,ACC0000002155,271861.32,0.0,90243.16,181618.16,NPR
2026-01-21,ACC0000002156,64539.21,0.0,105299.59,-40760.38,NPR
2026-01-21,ACC0000002157,22164.31,0.0,0.0,22164.31,NPR
2026-01-21,ACC0000002158,50216.8,0.0,27673.76,22543.04,NPR
2026-01-21,ACC0000002159,11462.49,0.0,0.0,11462.49,NPR
2026-01-21,ACC0000002160,159950.15,0.0,24493.67,135456.48,NPR
2026-01-21,ACC0000002161,350646.89,0.0,0.0,350646.89,NPR
2026-01-21,ACC0000002162,372391.96,7824.72,101099.63,279117.05,NPR
2026-01-21,ACC0000002163,251064.56,28555.89,0.0,279620.45,NPR
2026-01-21,ACC0000002164,27165.37,32315.47,70697.82,-11216.98,NPR
2026-01-21,ACC0000002165,476377.14,0.0,6400.35,469976.79,NPR
2026-01-21,ACC0000002166,325168.99,20461.74,0.0,345630.73,NPR
2026-01-21,ACC0000002167,9384.48,0.0,20670.64,-11286.16,NPR
2026-01-21,ACC0000002168,177679.76,22754.61,26226.59,174207.78,NPR
2026-01-21,ACC0000002169,399180.88,0.0,29540.24,369640.64,NPR
2026-01-21,ACC0000002170,393717.21,22000.98,62964.74,352753.45,NPR
2026-01-21,ACC0000002171,134668.54,0.0,92137.59,42530.95,NPR
2026-01-21,ACC0000002172,304561.15,33194.6,39008.77,298746.98,NPR
2026-01-21,ACC0000002173,262914.85,0.0,0.0,262914.85,NPR
2026-01-21,ACC0000002174,329513.25,76691.48,79186.7,327018.03,NPR
2026-01-21,ACC0000002175,362902.93,426.66,53811.14,309518.45,NPR
2026-01-21,ACC0000002176,173645.93,40804.41,40802.08,173648.26,NPR
2026-01-21,ACC0000002177,484823.25,0.0,48557.14,436266.11,NPR
2026-01-21,ACC0000002178,68315.38,0.0,55488.87,12826.51,NPR
2026-01-21,ACC0000002179,284511.6,0.0,19823.94,264687.66,NPR
2026-01-21,ACC0000002180,71869.92,0.0,0.0,71869.92,NPR
2026-01-21,ACC0000002181,270295.59,0.0,103366.62,166928.97,NPR
2026-01-21,ACC0000002182,257413.07,0.0,42464.55,214948.52,NPR
2026-01-21,ACC0000002183,146838.87,10476.65,142700.73,14614.79,NPR
2026-01-21,ACC0000002184,224388.38,0.0,199591.47,24796.91,NPR
2026-01-21,ACC0000002185,148194.18,0.0,0.0,148194.18,NPR
2026-01-21,ACC0000002186,478067.45,47062.49,0.0,525129.94,NPR
2026-01-21,ACC0000002187,308692.26,0.0,105875.36,202816.9,NPR
2026-01-21,ACC0000002188,285566.78,0.0,33748.29,251818.49,NPR
2026-01-21,ACC0000002189,493453.94,5882.65,17541.46,481795.13,NPR
2026-01-21,ACC0000002190,205563.15,31301.47,35248.5,201616.12,NPR
2026-01-21,ACC0000002191,157608.69,0.0,54507.06,103101.63,NPR
2026-01-21,ACC0000002192,479317.49,0.0,96864.98,382452.51,NPR
2026-01-21,ACC0000002193,28323.31,0.0,54019.25,-25695.94,NPR
2026-01-21,ACC0000002194,275458.61,0.0,0.0,275458.61,NPR
2026-01-21,ACC0000002195,182806.99,0.0,7768.72,175038.27,NPR
2026-01-21,ACC0000002196,428205.56,0.0,4672.56,423533.0,NPR
2026-01-21,ACC0000002197,385846.57,40347.4,41996.15,384197.82,NPR
2026-01-21,ACC0000002198,473193.46,0.0,13022.75,460170.71,NPR
2026-01-21,ACC0000002199,488148.99,0.0,72420.52,415728.47,NPR
2026-01-21,ACC0000002200,277726.52,0.0,0.0,277726.52,NPR
2026-01-21,ACC0000002201,131517.74,0.0,0.0,131517.74,NPR
2026-01-21,ACC0000002202,164942.32,0.0,89105.55,75836.77,NPR
2026-01-21,ACC0000002203,175876.99,0.0,0.0,175876.99,NPR
2026-01-21,ACC0000002204,21278.39,0.0,58731.37,-37452.98,NPR
2026-01-21,ACC0000002205,329634.1,0.0,0.0,329634.1,NPR
2026-01-21,ACC0000002206,244673.13,0.0,84927.12,159746.01,NPR
2026-01-21,ACC0000002207,335024.5,0.0,150516.8,184507.7,NPR
2026-01-21,ACC0000002208,226238.87,69318.56,49573.98,245983.45,NPR
2026-01-21,ACC0000002209,215452.69,44384.26,6637.22,253199.73,NPR
2026-01-21,ACC0000002210,397946.37,12622.88,2339.89,408229.36,NPR
2026-01-21,ACC0000002211,197167.21,1736.1,41987.24,156916.07,NPR
2026-01-21,ACC0000002212,272694.31,0.0,0.0,272694.31,NPR
2026-01-21,ACC0000002213,263070.46,0.0,29252.75,233817.71,NPR
2026-01-21,ACC0000002214,358605.32,0.0,35842.45,322762.87,NPR
2026-01-21,ACC0000002215,167859.02,81960.35,112094.67,137724.7,NPR
2026-01-21,ACC0000002216,104620.44,0.0,0.0,104620.44,NPR
2026-01-21,ACC0000002217,329743.88,0.0,0.0,329743.88,NPR
2026-01-21,ACC0000002218,235279.65,0.0,32210.21,203069.44,NPR
2026-01-21,ACC0000002219,254946.17,0.0,0.0,254946.17,NPR
2026-01-21,ACC0000002220,477757.76,42901.32,59096.31,461562.77,NPR
2026-01-21,ACC0000002221,185502.96,24535.03,52622.49,157415.5,NPR
2026-01-21,ACC0000002222,169672.93,0.0,134208.68,35464.25,NPR
2026-01-21,ACC0000002223,380508.63,0.0,33839.96,346668.67,NPR
2026-01-21,ACC0000002224,237082.11,61163.05,55244.34,243000.82,NPR
2026-01-21,ACC0000002225,131998.98,0.0,48654.66,83344.32,NPR
2026-01-21,ACC0000002226,482388.87,43154.67,96953.19,428590.35,NPR
2026-01-21,ACC0000002227,294717.35,38975.72,0.0,333693.07,NPR
2026-01-21,ACC0000002228,8080.41,37239.2,50130.59,-4810.98,NPR
2026-01-21,ACC0000002229,216445.68,0.0,0.0,216445.68,NPR
2026-01-21,ACC0000002230,307440.19,0.0,64421.13,243019.06,NPR
2026-01-21,ACC0000002231,471583.46,0.0,19840.32,451743.14,NPR
2026-01-21,ACC0000002232,216493.07,39514.96,24373.94,231634.09,NPR
2026-01-21,ACC0000002233,86769.06,28643.86,40482.29,74930.63,NPR
2026-01-21,ACC0000002234,407245.44,0.0,38109.96,369135.48,NPR
2026-01-21,ACC0000002235,120708.53,0.0,111915.47,8793.06,NPR
2026-01-21,ACC0000002236,224434.88,0.0,35557.29,188877.59,NPR
2026-01-21,ACC0000002237,41700.53,0.0,119358.74,-77658.21,NPR
2026-01-21,ACC0000002238,77971.93,0.0,75811.63,2160.3,NPR
2026-01-21,ACC0000002239,34711.86,29663.23,25877.86,38497.23,NPR
2026-01-21,ACC0000002240,113797.79,15097.87,20874.38,108021.28,NPR
2026-01-21,ACC0000002241,68720.85,0.0,21182.33,47538.52,NPR
2026-01-21,ACC0000002242,91039.41,0.0,35745.7,55293.71,NPR
2026-01-21,ACC0000002243,145236.01,0.0,35435.43,109800.58,NPR
2026-01-21,ACC0000002244,262182.01,0.0,58428.4,203753.61,NPR
2026-01-21,ACC0000002245,296092.47,10072.02,26381.01,279783.48,NPR
2026-01-21,ACC0000002246,494392.81,44366.63,42480.3,496279.14,NPR
2026-01-21,ACC0000002247,479010.62,0.0,0.0,479010.62,NPR
2026-01-21,ACC0000002248,38556.04,0.0,54651.8,-16095.76,NPR
2026-01-21,ACC0000002249,473329.75,0.0,2310.47,471019.28,NPR
2026-01-21,ACC0000002250,438294.21,0.0,5885.41,432408.8,NPR
2026-01-21,ACC0000002251,40018.4,0.0,0.0,40018.4,NPR
2026-01-21,ACC0000002252,358259.43,0.0,12534.63,345724.8,NPR
2026-01-21,ACC0000002253,317181.05,23376.05,46971.95,293585.15,NPR
2026-01-21,ACC0000002254,123940.03,0.0,0.0,123940.03,NPR
2026-01-21,ACC0000002255,485570.12,0.0,0.0,485570.12,NPR
2026-01-21,ACC0000002256,30876.63,0.0,14254.51,16622.12,NPR
2026-01-21,ACC0000002257,210102.22,32453.82,68856.0,173700.04,NPR
2026-01-21,ACC0000002258,412005.52,0.0,24790.46,387215.06,NPR
2026-01-21,ACC0000002259,228314.72,14049.6,41414.6,200949.72,NPR
2026-01-21,ACC0000002260,7544.38,0.0,725.07,6819.31,NPR
2026-01-21,ACC0000002261,245467.75,5572.54,32783.34,218256.95,NPR
2026-01-21,ACC0000002262,370879.12,21265.23,47112.11,345032.24,NPR
2026-01-21,ACC0000002263,490563.72,35990.24,33897.07,492656.89,NPR
2026-01-21,ACC0000002264,220230.98,0.0,65482.2,154748.78,NPR
2026-01-21,ACC0000002265,491960.86,0.0,82754.51,409206.35,NPR
2026-01-21,ACC0000002266,197301.88,0.0,0.0,197301.88,NPR
2026-01-21,ACC0000002267,470614.9,0.0,158347.57,312267.33,NPR
2026-01-21,ACC0000002268,208514.24,0.0,18298.93,190215.31,NPR
2026-01-21,ACC0000002269,419127.34,42383.16,0.0,461510.5,NPR
2026-01-21,ACC0000002270,486246.94,0.0,0.0,486246.94,NPR
2026-01-21,ACC0000002271,211700.43,0.0,44758.33,166942.1,NPR
2026-01-21,ACC0000002272,386474.04,0.0,0.0,386474.04,NPR
2026-01-21,ACC0000002273,212688.47,0.0,88063.87,124624.6,NPR
2026-01-21,ACC0000002274,47318.82,8855.23,41291.94,14882.11,NPR
2026-01-21,ACC0000002275,325704.88,77939.61,33271.18,370373.31,NPR
2026-01-21,ACC0000002276,303230.53,0.0,0.0,303230.53,NPR
2026-01-21,ACC0000002277,438374.75,21420.95,30442.31,429353.39,NPR
2026-01-21,ACC0000002278,239135.85,12430.38,83642.5,167923.73,NPR
2026-01-21,ACC0000002279,264667.29,0.0,25845.31,238821.98,NPR
2026-01-21,ACC0000002280,158808.23,0.0,41482.88,117325.35,NPR
2026-01-21,ACC0000002281,372273.49,0.0,81556.95,290716.54,NPR
2026-01-21,ACC0000002282,220547.66,25324.76,185358.57,60513.85,NPR
2026-01-21,ACC0000002283,219098.61,31813.39,71168.51,179743.49,NPR
2026-01-21,ACC0000002284,377853.82,30987.42,86714.35,322126.89,NPR
2026-01-21,ACC0000002285,373303.74,0.0,0.0,373303.74,NPR
2026-01-21,ACC0000002286,219138.32,86593.65,151521.08,154210.89,NPR
2026-01-21,ACC0000002287,495903.16,3383.8,16971.79,482315.17,NPR
2026-01-21,ACC0000002288,267844.57,0.0,0.0,267844.57,NPR
2026-01-21,ACC0000002289,312588.72,44603.49,42517.98,314674.23,NPR
2026-01-21,ACC0000002290,178877.91,14023.56,12519.56,180381.91,NPR
2026-01-21,ACC0000002291,367155.3,0.0,7095.62,360059.68,NPR
2026-01-21,ACC0000002292,309981.26,0.0,47783.66,262197.6,NPR
2026-01-21,ACC0000002293,178853.01,0.0,80183.89,98669.12,NPR
2026-01-21,ACC0000002294,104913.47,81645.31,0.0,186558.78,NPR
2026-01-21,ACC0000002295,42374.32,0.0,55531.36,-13157.04,NPR
2026-01-21,ACC0000002296,30888.39,0.0,125766.49,-94878.1,NPR
2026-01-21,ACC0000002297,206438.03,0.0,35679.73,170758.3,NPR
2026-01-21,ACC0000002298,438153.84,26388.96,86911.07,377631.73,NPR
2026-01-21,ACC0000002299,149947.51,6207.09,59311.98,96842.62,NPR
2026-01-21,ACC0000002300,432835.4,15925.89,27490.66,421270.63,NPR
2026-01-21,ACC0000002301,190970.5,0.0,0.0,190970.5,NPR
2026-01-21,ACC0000002302,159163.47,0.0,0.0,159163.47,NPR
2026-01-21,ACC0000002303,166531.21,0.0,30054.95,136476.26,NPR
2026-01-21,ACC0000002304,192862.57,23095.79,0.0,215958.36,NPR
2026-01-21,ACC0000002305,295888.87,36829.94,155197.61,177521.2,NPR
2026-01-21,ACC0000002306,229564.65,11155.96,103777.48,136943.13,NPR
2026-01-21,ACC0000002307,264140.26,0.0,69.02,264071.24,NPR
2026-01-21,ACC0000002308,159049.6,32662.02,5484.78,186226.84,NPR
2026-01-21,ACC0000002309,208481.82,0.0,0.0,208481.82,NPR
2026-01-21,ACC0000002310,138657.83,0.0,33867.86,104789.97,NPR
2026-01-21,ACC0000002311,459741.37,0.0,23120.66,436620.71,NPR
2026-01-21,ACC0000002312,444666.13,0.0,82788.53,361877.6,NPR
2026-01-21,ACC0000002313,158603.89,0.0,0.0,158603.89,NPR
2026-01-21,ACC0000002314,304024.97,38290.43,42794.49,299520.91,NPR
2026-01-21,ACC0000002315,393074.03,0.0,0.0,393074.03,NPR
2026-01-21,ACC0000002316,376170.16,743.2,16890.43,360022.93,NPR
2026-01-21,ACC0000002317,485527.34,0.0,24542.0,460985.34,NPR
2026-01-21,ACC0000002318,486350.9,0.0,0.0,486350.9,NPR
2026-01-21,ACC0000002319,458446.55,31217.08,0.0,489663.63,NPR
2026-01-21,ACC0000002320,315550.56,39191.68,13694.14,341048.1,NPR
2026-01-21,ACC0000002321,206305.61,24901.46,0.0,231207.07,NPR
2026-01-21,ACC0000002322,420681.29,0.0,34076.13,386605.16,NPR
2026-01-21,ACC0000002323,68416.4,0.0,43557.27,24859.13,NPR
2026-01-21,ACC0000002324,401769.96,0.0,0.0,401769.96,NPR
2026-01-21,ACC0000002325,97047.88,0.0,67684.08,29363.8,NPR
2026-01-21,ACC0000002326,184949.26,0.0,0.0,184949.26,NPR
2026-01-21,ACC0000002327,129684.21,0.0,95474.36,34209.85,NPR
2026-01-21,ACC0000002328,453945.87,9707.23,3977.32,459675.78,NPR
2026-01-21,ACC0000002329,112750.14,0.0,77804.04,34946.1,NPR
2026-01-21,ACC0000002330,221533.26,38182.94,30637.62,229078.58,NPR
2026-01-21,ACC0000002331,145524.54,0.0,8483.0,137041.54,NPR
2026-01-21,ACC0000002332,298931.58,0.0,0.0,298931.58,NPR
2026-01-21,ACC0000002333,40467.0,6079.45,0.0,46546.45,NPR
2026-01-21,ACC0000002334,351215.54,0.0,52462.08,298753.46,NPR
2026-01-21,ACC0000002335,82863.38,0.0,46971.0,35892.38,NPR
2026-01-21,ACC0000002336,213181.92,0.0,6333.65,206848.27,NPR
2026-01-21,ACC0000002337,318484.97,0.0,90383.11,228101.86,NPR
2026-01-21,ACC0000002338,266846.75,35477.25,35848.81,266475.19,NPR
2026-01-21,ACC0000002339,387089.98,0.0,13145.85,373944.13,NPR
2026-01-21,ACC0000002340,225447.76,57991.2,87151.16,196287.8,NPR
2026-01-21,ACC0000002341,58723.79,16577.52,99054.06,-23752.75,NPR
2026-01-21,ACC0000002342,481999.74,0.0,40074.5,441925.24,NPR
2026-01-21,ACC0000002343,298219.5,0.0,38613.76,259605.74,NPR
2026-01-21,ACC0000002344,16020.55,18242.02,107459.46,-73196.89,NPR
2026-01-21,ACC0000002345,255233.62,22665.02,47767.39,230131.25,NPR
2026-01-21,ACC0000002346,147420.65,29825.18,116264.64,60981.19,NPR
2026-01-21,ACC0000002347,9235.23,64370.43,88288.71,-14683.05,NPR
2026-01-21,ACC0000002348,430526.03,24266.04,68882.76,385909.31,NPR
2026-01-21,ACC0000002349,460558.74,0.0,44958.43,415600.31,NPR
2026-01-21,ACC0000002350,341598.34,25732.36,10245.25,357085.45,NPR
2026-01-21,ACC0000002351,248103.58,0.0,66639.96,181463.62,NPR
2026-01-21,ACC0000002352,320488.15,0.0,44235.79,276252.36,NPR
2026-01-21,ACC0000002353,133243.49,0.0,27477.72,105765.77,NPR
2026-01-21,ACC0000002354,462924.15,0.0,70243.85,392680.3,NPR
2026-01-21,ACC0000002355,411261.63,0.0,50323.35,360938.28,NPR
2026-01-21,ACC0000002356,149829.36,0.0,0.0,149829.36,NPR
2026-01-21,ACC0000002357,420183.12,0.0,148281.52,271901.6,NPR
2026-01-21,ACC0000002358,372617.51,0.0,39332.77,333284.74,NPR
2026-01-21,ACC0000002359,196554.91,0.0,62955.75,133599.16,NPR
2026-01-21,ACC0000002360,270125.0,0.0,9437.48,260687.52,NPR
2026-01-21,ACC0000002361,170026.21,16690.41,25052.4,161664.22,NPR
2026-01-21,ACC0000002362,357921.02,17890.31,63372.7,312438.63,NPR
2026-01-21,ACC0000002363,244512.38,44726.0,75830.79,213407.59,NPR
2026-01-21,ACC0000002364,139960.98,0.0,0.0,139960.98,NPR
2026-01-21,ACC0000002365,327220.6,0.0,45637.25,281583.35,NPR
2026-01-21,ACC0000002366,175653.74,6095.98,9123.15,172626.57,NPR
2026-01-21,ACC0000002367,305245.42,0.0,0.0,305245.42,NPR
2026-01-21,ACC0000002368,146266.27,40911.59,68352.59,118825.27,NPR
2026-01-21,ACC0000002369,358307.16,46976.67,14657.24,390626.59,NPR
2026-01-21,ACC0000002370,8313.25,0.0,0.0,8313.25,NPR
2026-01-21,ACC0000002371,124747.18,0.0,74419.25,50327.93,NPR
2026-01-21,ACC0000002372,421833.69,0.0,0.0,421833.69,NPR
2026-01-21,ACC0000002373,335955.67,0.0,6874.22,329081.45,NPR
2026-01-21,ACC0000002374,445033.29,0.0,46911.37,398121.92,NPR
2026-01-21,ACC0000002375,237493.23,32634.64,8430.5,261697.37,NPR
2026-01-21,ACC0000002376,300070.74,0.0,1965.97,298104.77,NPR
2026-01-21,ACC0000002377,408807.63,0.0,93047.49,315760.14,NPR
2026-01-21,ACC0000002378,396292.33,0.0,79234.44,317057.89,NPR
2026-01-21,ACC0000002379,26204.13,1622.69,24941.8,2885.02,NPR
2026-01-21,ACC0000002380,263096.21,0.0,0.0,263096.21,NPR
2026-01-21,ACC0000002381,244579.27,0.0,38006.78,206572.49,NPR
2026-01-21,ACC0000002382,89639.09,0.0,113208.54,-23569.45,NPR
2026-01-21,ACC0000002383,395719.07,0.0,0.0,395719.07,NPR
2026-01-21,ACC0000002384,94981.31,0.0,43511.06,51470.25,NPR
2026-01-21,ACC0000002385,144839.13,0.0,74089.62,70749.51,NPR
2026-01-21,ACC0000002386,446841.12,0.0,35289.14,411551.98,NPR
2026-01-21,ACC0000002387,441019.99,0.0,0.0,441019.99,NPR
2026-01-21,ACC0000002388,463165.93,0.0,8032.79,455133.14,NPR
2026-01-21,ACC0000002389,62072.29,0.0,0.0,62072.29,NPR
2026-01-21,ACC0000002390,310298.73,0.0,0.0,310298.73,NPR
2026-01-21,ACC0000002391,273291.79,0.0,0.0,273291.79,NPR
2026-01-21,ACC0000002392,438850.68,0.0,49004.06,389846.62,NPR
2026-01-21,ACC0000002393,323766.77,0.0,71925.2,251841.57,NPR
2026-01-21,ACC0000002394,248816.77,0.0,0.0,248816.77,NPR
2026-01-21,ACC0000002395,172562.64,0.0,81594.14,90968.5,NPR
2026-01-21,ACC0000002396,362331.87,0.0,2631.0,359700.87,NPR
2026-01-21,ACC0000002397,371718.65,0.0,33602.31,338116.34,NPR
2026-01-21,ACC0000002398,35210.57,0.0,0.0,35210.57,NPR
2026-01-21,ACC0000002399,155964.42,0.0,32382.63,123581.79,NPR
2026-01-21,ACC0000002400,230457.96,19330.34,18152.94,231635.36,NPR
2026-01-21,ACC0000002401,271485.59,10196.3,0.0,281681.89,NPR
2026-01-21,ACC0000002402,47511.06,0.0,33652.56,13858.5,NPR
2026-01-21,ACC0000002403,303371.47,0.0,0.0,303371.47,NPR
2026-01-21,ACC0000002404,476989.14,0.0,62203.86,414785.28,NPR
2026-01-21,ACC0000002405,318769.21,0.0,42782.12,275987.09,NPR
2026-01-21,ACC0000002406,280184.68,32447.48,0.0,312632.16,NPR
2026-01-21,ACC0000002407,357564.62,0.0,0.0,357564.62,NPR
2026-01-21,ACC0000002408,412325.11,47448.66,35448.7,424325.07,NPR
2026-01-21,ACC0000002409,409941.01,0.0,11219.85,398721.16,NPR
2026-01-21,ACC0000002410,68169.15,0.0,32163.99,36005.16,NPR
2026-01-21,ACC0000002411,207360.72,0.0,0.0,207360.72,NPR
2026-01-21,ACC0000002412,496384.36,0.0,5771.9,490612.46,NPR
2026-01-21,ACC0000002413,415860.3,49750.48,104935.04,360675.74,NPR
2026-01-21,ACC0000002414,307078.95,0.0,0.0,307078.95,NPR
2026-01-21,ACC0000002415,256848.53,0.0,47823.66,209024.87,NPR
2026-01-21,ACC0000002416,61397.43,0.0,63940.35,-2542.92,NPR
2026-01-21,ACC0000002417,64329.79,0.0,0.0,64329.79,NPR
2026-01-21,ACC0000002418,379754.65,0.0,77497.0,302257.65,NPR
2026-01-21,ACC0000002419,399947.71,0.0,0.0,399947.71,NPR
2026-01-21,ACC0000002420,382385.8,58025.68,8455.38,431956.1,NPR
2026-01-21,ACC0000002421,125592.96,2207.16,70281.5,57518.62,NPR
2026-01-21,ACC0000002422,217392.41,0.0,50550.09,166842.32,NPR
2026-01-21,ACC0000002423,458429.94,0.0,0.0,458429.94,NPR
2026-01-21,ACC0000002424,262889.11,0.0,114884.96,148004.15,NPR
2026-01-21,ACC0000002425,405363.24,0.0,72042.66,333320.58,NPR
2026-01-21,ACC0000002426,319245.88,28826.84,69007.04,279065.68,NPR
2026-01-21,ACC0000002427,443714.71,87389.23,132967.02,398136.92,NPR
2026-01-21,ACC0000002428,60499.35,0.0,28092.27,32407.08,NPR
2026-01-21,ACC0000002429,437267.63,0.0,0.0,437267.63,NPR
2026-01-21,ACC0000002430,364436.29,19924.59,141803.77,242557.11,NPR
2026-01-21,ACC0000002431,136802.7,0.0,0.0,136802.7,NPR
2026-01-21,ACC0000002432,106227.61,0.0,84803.48,21424.13,NPR
2026-01-21,ACC0000002433,49321.05,0.0,0.0,49321.05,NPR
2026-01-21,ACC0000002434,120255.74,43148.26,54290.76,109113.24,NPR
2026-01-21,ACC0000002435,347622.48,0.0,0.0,347622.48,NPR
2026-01-21,ACC0000002436,14644.93,30033.46,6758.98,37919.41,NPR
2026-01-21,ACC0000002437,44018.51,0.0,7344.48,36674.03,NPR
2026-01-21,ACC0000002438,374228.7,0.0,0.0,374228.7,NPR
2026-01-21,ACC0000002439,464442.63,26899.28,229695.15,261646.76,NPR
2026-01-21,ACC0000002440,151910.87,53649.99,17891.16,187669.7,NPR
2026-01-21,ACC0000002441,407648.13,47315.82,0.0,454963.95,NPR
2026-01-21,ACC0000002442,23575.62,30430.85,178758.03,-124751.56,NPR
2026-01-21,ACC0000002443,291843.16,0.0,34029.3,257813.86,NPR
2026-01-21,ACC0000002444,15934.4,22035.09,0.0,37969.49,NPR
2026-01-21,ACC0000002445,472266.09,0.0,0.0,472266.09,NPR
2026-01-21,ACC0000002446,108968.93,11472.06,21735.52,98705.47,NPR
2026-01-21,ACC0000002447,250062.56,0.0,0.0,250062.56,NPR
2026-01-21,ACC0000002448,247600.13,0.0,0.0,247600.13,NPR
2026-01-21,ACC0000002449,282629.81,0.0,62484.87,220144.94,NPR
2026-01-21,ACC0000002450,69848.0,23938.79,104439.99,-10653.2,NPR
2026-01-21,ACC0000002451,40531.07,66208.17,34055.02,72684.22,NPR
2026-01-21,ACC0000002452,146402.76,9827.07,36425.17,119804.66,NPR
2026-01-21,ACC0000002453,88406.56,0.0,41019.67,47386.89,NPR
2026-01-21,ACC0000002454,5149.97,0.0,8003.99,-2854.02,NPR
2026-01-21,ACC0000002455,289981.28,0.0,0.0,289981.28,NPR
2026-01-21,ACC0000002456,185394.91,10509.71,48927.21,146977.41,NPR
2026-01-21,ACC0000002457,324515.08,0.0,59566.04,264949.04,NPR
2026-01-21,ACC0000002458,493851.91,0.0,160176.43,333675.48,NPR
2026-01-21,ACC0000002459,184306.91,7992.29,23009.23,169289.97,NPR
2026-01-21,ACC0000002460,195193.13,31799.71,138635.33,88357.51,NPR
2026-01-21,ACC0000002461,15855.92,14902.0,101791.15,-71033.23,NPR
2026-01-21,ACC0000002462,183477.04,19650.38,0.0,203127.42,NPR
2026-01-21,ACC0000002463,213154.6,8989.94,25227.82,196916.72,NPR
2026-01-21,ACC0000002464,281491.92,37217.53,0.0,318709.45,NPR
2026-01-21,ACC0000002465,376640.47,38206.78,109117.77,305729.48,NPR
2026-01-21,ACC0000002466,128060.51,69901.83,0.0,197962.34,NPR
2026-01-21,ACC0000002467,384509.93,13488.24,73396.39,324601.78,NPR
2026-01-21,ACC0000002468,125822.9,0.0,36985.11,88837.79,NPR
2026-01-21,ACC0000002469,131040.47,19128.18,105138.27,45030.38,NPR
2026-01-21,ACC0000002470,132160.96,0.0,1954.02,130206.94,NPR
2026-01-21,ACC0000002471,460780.47,0.0,38483.38,422297.09,NPR
2026-01-21,ACC0000002472,223186.47,0.0,0.0,223186.47,NPR
2026-01-21,ACC0000002473,263188.91,0.0,14180.98,249007.93,NPR
2026-01-21,ACC0000002474,265334.53,0.0,0.0,265334.53,NPR
2026-01-21,ACC0000002475,131969.48,0.0,43518.34,88451.14,NPR
2026-01-21,ACC0000002476,281248.24,0.0,25948.47,255299.77,NPR
2026-01-21,ACC0000002477,257674.46,22118.67,75080.56,204712.57,NPR
2026-01-21,ACC0000002478,367026.89,44955.64,17023.5,394959.03,NPR
2026-01-21,ACC0000002479,416756.56,0.0,0.0,416756.56,NPR
2026-01-21,ACC0000002480,238846.37,3629.96,66350.15,176126.18,NPR
2026-01-21,ACC0000002481,125533.83,0.0,175348.34,-49814.51,NPR
2026-01-21,ACC0000002482,374370.26,0.0,153586.86,220783.4,NPR
2026-01-21,ACC0000002483,290684.68,0.0,15551.54,275133.14,NPR
2026-01-21,ACC0000002484,129103.3,0.0,52286.68,76816.62,NPR
2026-01-21,ACC0000002485,224259.74,0.0,0.0,224259.74,NPR
2026-01-21,ACC0000002486,143851.66,0.0,34633.01,109218.65,NPR
2026-01-21,ACC0000002487,228858.46,0.0,70954.31,157904.15,NPR
2026-01-21,ACC0000002488,181698.2,14528.74,0.0,196226.94,NPR
2026-01-21,ACC0000002489,433588.15,48966.12,26822.56,455731.71,NPR
2026-01-21,ACC0000002490,5743.49,0.0,0.0,5743.49,NPR
2026-01-21,ACC0000002491,84865.37,13655.31,0.0,98520.68,NPR
2026-01-21,ACC0000002492,2279.43,33725.29,2638.23,33366.49,NPR
2026-01-21,ACC0000002493,5975.92,7159.29,0.0,13135.21,NPR
2026-01-21,ACC0000002494,140818.94,0.0,0.0,140818.94,NPR
2026-01-21,ACC0000002495,230310.38,0.0,97820.29,132490.09,NPR
2026-01-21,ACC0000002496,407748.33,0.0,12597.19,395151.14,NPR
2026-01-21,ACC0000002497,271053.33,6972.28,11569.85,266455.76,NPR
2026-01-21,ACC0000002498,473177.14,0.0,38951.99,434225.15,NPR
2026-01-21,ACC0000002499,404580.38,8973.27,75432.05,338121.6,NPR
2026-01-21,ACC0000002500,223900.21,21906.6,71016.35,174790.46,NPR
2026-01-21,ACC0000002501,316866.91,0.0,27446.28,289420.63,NPR
2026-01-21,ACC0000002502,344683.96,0.0,24768.87,319915.09,NPR
2026-01-21,ACC0000002503,267356.0,0.0,0.0,267356.0,NPR
2026-01-21,ACC0000002504,359841.66,0.0,14564.4,345277.26,NPR
2026-01-21,ACC0000002505,440628.27,12530.58,70005.68,383153.17,NPR
2026-01-21,ACC0000002506,290228.47,40707.16,10295.13,320640.5,NPR
2026-01-21,ACC0000002507,47515.81,0.0,0.0,47515.81,NPR
2026-01-21,ACC0000002508,119590.94,746.43,36910.1,83427.27,NPR
2026-01-21,ACC0000002509,356032.33,0.0,88323.51,267708.82,NPR
2026-01-21,ACC0000002510,346233.71,24516.9,53232.67,317517.94,NPR
2026-01-21,ACC0000002511,188051.2,0.0,71389.3,116661.9,NPR
2026-01-21,ACC0000002512,145966.3,8214.69,99364.2,54816.79,NPR
2026-01-21,ACC0000002513,134407.24,0.0,27948.98,106458.26,NPR
2026-01-21,ACC0000002514,129969.17,0.0,101730.22,28238.95,NPR
2026-01-21,ACC0000002515,354723.56,0.0,1633.78,353089.78,NPR
2026-01-21,ACC0000002516,210256.92,0.0,0.0,210256.92,NPR
2026-01-21,ACC0000002517,330926.95,0.0,11577.02,319349.93,NPR
2026-01-21,ACC0000002518,43632.77,0.0,0.0,43632.77,NPR
2026-01-21,ACC0000002519,293396.46,0.0,24332.18,269064.28,NPR
2026-01-21,ACC0000002520,334347.49,26749.97,12519.51,348577.95,NPR
2026-01-21,ACC0000002521,434873.46,70395.29,26587.41,478681.34,NPR
2026-01-21,ACC0000002522,105758.31,0.0,0.0,105758.31,NPR
2026-01-21,ACC0000002523,114229.46,34548.96,26495.78,122282.64,NPR
2026-01-21,ACC0000002524,228009.61,56870.39,33608.15,251271.85,NPR
2026-01-21,ACC0000002525,239142.95,0.0,34605.94,204537.01,NPR
2026-01-21,ACC0000002526,262251.49,0.0,0.0,262251.49,NPR
2026-01-21,ACC0000002527,218437.58,0.0,67123.66,151313.92,NPR
2026-01-21,ACC0000002528,379056.81,0.0,32604.91,346451.9,NPR
2026-01-21,ACC0000002529,46343.59,44075.48,0.0,90419.07,NPR
2026-01-21,ACC0000002530,112532.06,0.0,0.0,112532.06,NPR
2026-01-21,ACC0000002531,143364.42,3577.34,0.0,146941.76,NPR
2026-01-21,ACC0000002532,293840.31,0.0,16026.02,277814.29,NPR
2026-01-21,ACC0000002533,330730.99,0.0,10898.45,319832.54,NPR
2026-01-21,ACC0000002534,402148.13,47172.66,5655.99,443664.8,NPR
2026-01-21,ACC0000002535,142903.57,0.0,54517.5,88386.07,NPR
2026-01-21,ACC0000002536,473679.66,0.0,121668.35,352011.31,NPR
2026-01-21,ACC0000002537,415140.74,0.0,97602.59,317538.15,NPR
2026-01-21,ACC0000002538,354386.76,0.0,92558.23,261828.53,NPR
2026-01-21,ACC0000002539,275216.81,0.0,27731.98,247484.83,NPR
2026-01-21,ACC0000002540,398278.11,32833.36,113427.14,317684.33,NPR
2026-01-21,ACC0000002541,326778.26,17916.0,0.0,344694.26,NPR
2026-01-21,ACC0000002542,168428.83,0.0,0.0,168428.83,NPR
2026-01-21,ACC0000002543,378681.16,0.0,57734.92,320946.24,NPR
2026-01-21,ACC0000002544,289572.96,13851.97,83134.48,220290.45,NPR
2026-01-21,ACC0000002545,130417.94,0.0,29559.02,100858.92,NPR
2026-01-21,ACC0000002546,251738.32,25377.07,13091.73,264023.66,NPR
2026-01-21,ACC0000002547,383594.99,0.0,54929.59,328665.4,NPR
2026-01-21,ACC0000002548,376723.42,0.0,0.0,376723.42,NPR
2026-01-21,ACC0000002549,186770.61,104876.82,72658.5,218988.93,NPR
2026-01-21,ACC0000002550,32327.78,0.0,51570.08,-19242.3,NPR
2026-01-21,ACC0000002551,404975.77,0.0,0.0,404975.77,NPR
2026-01-21,ACC0000002552,217516.76,5808.2,75850.79,147474.17,NPR
2026-01-21,ACC0000002553,384043.02,30184.79,60720.74,353507.07,NPR
2026-01-21,ACC0000002554,126119.76,0.0,82149.43,43970.33,NPR
2026-01-21,ACC0000002555,399638.32,34481.83,18302.98,415817.17,NPR
2026-01-21,ACC0000002556,159538.41,0.0,21533.94,138004.47,NPR
2026-01-21,ACC0000002557,58176.73,48727.2,39420.73,67483.2,NPR
2026-01-21,ACC0000002558,385582.59,0.0,45095.01,340487.58,NPR
2026-01-21,ACC0000002559,492465.82,0.0,0.0,492465.82,NPR
2026-01-21,ACC0000002560,62915.75,0.0,127632.08,-64716.33,NPR
2026-01-21,ACC0000002561,395384.0,39063.86,34244.08,400203.78,NPR
2026-01-21,ACC0000002562,38765.55,66633.73,17129.88,88269.4,NPR
2026-01-21,ACC0000002563,199654.12,0.0,29887.58,169766.54,NPR
2026-01-21,ACC0000002564,137573.95,79583.72,40655.29,176502.38,NPR
2026-01-21,ACC0000002565,215672.44,108642.68,44455.51,279859.61,NPR
2026-01-21,ACC0000002566,451898.59,44088.45,39901.0,456086.04,NPR
2026-01-21,ACC0000002567,236883.39,0.0,86698.14,150185.25,NPR
2026-01-21,ACC0000002568,417414.07,13077.45,39565.86,390925.66,NPR
2026-01-21,ACC0000002569,485471.13,1651.16,83855.34,403266.95,NPR
2026-01-21,ACC0000002570,85755.11,0.0,79594.24,6160.87,NPR
2026-01-21,ACC0000002571,449003.49,18802.42,27177.73,440628.18,NPR
2026-01-21,ACC0000002572,338359.47,0.0,29152.58,309206.89,NPR
2026-01-21,ACC0000002573,78061.55,0.0,55064.18,22997.37,NPR
2026-01-21,ACC0000002574,220688.21,0.0,118162.54,102525.67,NPR
2026-01-21,ACC0000002575,346208.58,3399.38,0.0,349607.96,NPR
2026-01-21,ACC0000002576,73200.71,393.21,37330.81,36263.11,NPR
2026-01-21,ACC0000002577,109646.03,44760.4,93650.06,60756.37,NPR
2026-01-21,ACC0000002578,287274.07,0.0,125855.6,161418.47,NPR
2026-01-21,ACC0000002579,239467.01,0.0,0.0,239467.01,NPR
2026-01-21,ACC0000002580,459458.93,0.0,29280.28,430178.65,NPR
2026-01-21,ACC0000002581,301316.8,43194.53,20032.46,324478.87,NPR
2026-01-21,ACC0000002582,493478.05,0.0,17638.35,475839.7,NPR
2026-01-21,ACC0000002583,232455.87,0.0,54043.08,178412.79,NPR
2026-01-21,ACC0000002584,454568.65,0.0,45553.51,409015.14,NPR
2026-01-21,ACC0000002585,321166.99,0.0,38283.38,282883.61,NPR
2026-01-21,ACC0000002586,339502.25,12786.11,50984.8,301303.56,NPR
2026-01-21,ACC0000002587,423132.04,46961.55,5443.38,464650.21,NPR
2026-01-21,ACC0000002588,74739.61,0.0,49386.46,25353.15,NPR
2026-01-21,ACC0000002589,197185.55,0.0,48870.46,148315.09,NPR
2026-01-21,ACC0000002590,112955.49,0.0,97555.63,15399.86,NPR
2026-01-21,ACC0000002591,148430.4,57273.92,0.0,205704.32,NPR
2026-01-21,ACC0000002592,251443.81,0.0,46341.33,205102.48,NPR
2026-01-21,ACC0000002593,148353.3,3362.52,31080.39,120635.43,NPR
2026-01-21,ACC0000002594,87116.32,0.0,70221.21,16895.11,NPR
2026-01-21,ACC0000002595,240933.6,0.0,57688.36,183245.24,NPR
2026-01-21,ACC0000002596,114539.32,12558.28,79239.96,47857.64,NPR
2026-01-21,ACC0000002597,245811.56,0.0,79188.76,166622.8,NPR
2026-01-21,ACC0000002598,318148.35,0.0,7890.02,310258.33,NPR
2026-01-21,ACC0000002599,160773.41,0.0,37385.8,123387.61,NPR
2026-01-21,ACC0000002600,498262.69,15862.38,0.0,514125.07,NPR
2026-01-21,ACC0000002601,201618.56,0.0,0.0,201618.56,NPR
2026-01-21,ACC0000002602,369063.64,0.0,38420.97,330642.67,NPR
2026-01-21,ACC0000002603,146916.37,34222.61,57319.42,123819.56,NPR
2026-01-21,ACC0000002604,331246.53,0.0,35715.12,295531.41,NPR
2026-01-21,ACC0000002605,131410.15,0.0,113709.41,17700.74,NPR
2026-01-21,ACC0000002606,383062.94,0.0,0.0,383062.94,NPR
2026-01-21,ACC0000002607,468031.83,41533.08,135085.14,374479.77,NPR
2026-01-21,ACC0000002608,28064.7,45549.84,105486.73,-31872.19,NPR
2026-01-21,ACC0000002609,327058.91,0.0,20129.21,306929.7,NPR
2026-01-21,ACC0000002610,95978.34,42062.61,140711.79,-2670.84,NPR
2026-01-21,ACC0000002611,269880.45,44918.99,110949.5,203849.94,NPR
2026-01-21,ACC0000002612,305023.45,43585.44,69745.61,278863.28,NPR
2026-01-21,ACC0000002613,479804.36,0.0,72634.05,407170.31,NPR
2026-01-21,ACC0000002614,449455.59,0.0,68132.98,381322.61,NPR
2026-01-21,ACC0000002615,333409.75,0.0,11893.69,321516.06,NPR
2026-01-21,ACC0000002616,151879.86,68143.24,0.0,220023.1,NPR
2026-01-21,ACC0000002617,150996.16,9783.64,2033.64,158746.16,NPR
2026-01-21,ACC0000002618,280154.44,0.0,0.0,280154.44,NPR
2026-01-21,ACC0000002619,444313.45,0.0,30168.68,414144.77,NPR
2026-01-21,ACC0000002620,397026.12,0.0,22555.43,374470.69,NPR
2026-01-21,ACC0000002621,384206.81,90534.38,42588.39,432152.8,NPR
2026-01-21,ACC0000002622,430233.17,0.0,207264.1,222969.07,NPR
2026-01-21,ACC0000002623,151831.21,64626.49,32573.58,183884.12,NPR
2026-01-21,ACC0000002624,426126.46,23504.04,18073.54,431556.96,NPR
2026-01-21,ACC0000002625,107464.82,0.0,51259.14,56205.68,NPR
2026-01-21,ACC0000002626,426510.23,0.0,48265.52,378244.71,NPR
2026-01-21,ACC0000002627,127004.75,0.0,0.0,127004.75,NPR
2026-01-21,ACC0000002628,144260.45,0.0,66727.1,77533.35,NPR
2026-01-21,ACC0000002629,406298.65,0.0,37733.85,368564.8,NPR
2026-01-21,ACC0000002630,380215.37,0.0,11296.49,368918.88,NPR
2026-01-21,ACC0000002631,57664.54,0.0,35057.58,22606.96,NPR
2026-01-21,ACC0000002632,9595.99,16710.9,0.0,26306.89,NPR
2026-01-21,ACC0000002633,439123.33,0.0,0.0,439123.33,NPR
2026-01-21,ACC0000002634,234676.82,0.0,6203.6,228473.22,NPR
2026-01-21,ACC0000002635,130891.55,0.0,126327.05,4564.5,NPR
2026-01-21,ACC0000002636,46516.27,38855.53,38829.8,46542.0,NPR
2026-01-21,ACC0000002637,401002.65,0.0,49920.66,351081.99,NPR
2026-01-21,ACC0000002638,353581.45,0.0,37342.74,316238.71,NPR
2026-01-21,ACC0000002639,283749.87,0.0,52805.67,230944.2,NPR
2026-01-21,ACC0000002640,55845.57,38640.2,0.0,94485.77,NPR
2026-01-21,ACC0000002641,207735.1,0.0,45996.71,161738.39,NPR
2026-01-21,ACC0000002642,110934.55,67660.25,34278.34,144316.46,NPR
2026-01-21,ACC0000002643,192721.99,0.0,31185.1,161536.89,NPR
2026-01-21,ACC0000002644,213351.86,52036.11,81836.54,183551.43,NPR
2026-01-21,ACC0000002645,78070.9,0.0,115215.65,-37144.75,NPR
2026-01-21,ACC0000002646,412645.33,41999.18,0.0,454644.51,NPR
2026-01-21,ACC0000002647,464318.15,0.0,29226.86,435091.29,NPR
2026-01-21,ACC0000002648,272192.15,0.0,0.0,272192.15,NPR
2026-01-21,ACC0000002649,11443.52,0.0,122469.53,-111026.01,NPR
2026-01-21,ACC0000002650,186603.35,48738.13,50492.95,184848.53,NPR
2026-01-21,ACC0000002651,466733.87,0.0,48149.92,418583.95,NPR
2026-01-21,ACC0000002652,74495.25,38186.16,0.0,112681.41,NPR
2026-01-21,ACC0000002653,338573.06,0.0,30610.66,307962.4,NPR
2026-01-21,ACC0000002654,47300.54,3083.58,30225.88,20158.24,NPR
2026-01-21,ACC0000002655,371577.95,0.0,0.0,371577.95,NPR
2026-01-21,ACC0000002656,176598.89,0.0,0.0,176598.89,NPR
2026-01-21,ACC0000002657,356160.61,0.0,48586.97,307573.64,NPR
2026-01-21,ACC0000002658,307036.67,0.0,43105.78,263930.89,NPR
2026-01-21,ACC0000002659,162649.57,15046.47,48267.75,129428.29,NPR
2026-01-21,ACC0000002660,237986.5,1276.36,37147.44,202115.42,NPR
2026-01-21,ACC0000002661,254418.31,0.0,6054.75,248363.56,NPR
2026-01-21,ACC0000002662,207688.23,0.0,51948.2,155740.03,NPR
2026-01-21,ACC0000002663,127907.16,28694.15,82080.04,74521.27,NPR
2026-01-21,ACC0000002664,249773.21,18722.51,51047.75,217447.97,NPR
2026-01-21,ACC0000002665,311654.23,0.0,110736.14,200918.09,NPR
2026-01-21,ACC0000002666,14474.23,17886.86,6528.12,25832.97,NPR
2026-01-21,ACC0000002667,125699.47,0.0,86317.29,39382.18,NPR
2026-01-21,ACC0000002668,443673.21,22113.07,18419.44,447366.84,NPR
2026-01-21,ACC0000002669,107584.23,0.0,57245.53,50338.7,NPR
2026-01-21,ACC0000002670,256797.62,38053.14,169787.97,125062.79,NPR
2026-01-21,ACC0000002671,77520.62,57597.13,39090.04,96027.71,NPR
2026-01-21,ACC0000002672,416640.66,13721.71,38124.46,392237.91,NPR
2026-01-21,ACC0000002673,290900.67,0.0,60309.14,230591.53,NPR
2026-01-21,ACC0000002674,300379.91,0.0,147077.87,153302.04,NPR
2026-01-21,ACC0000002675,152224.81,0.0,0.0,152224.81,NPR
2026-01-21,ACC0000002676,419514.87,42012.81,34170.39,427357.29,NPR
2026-01-21,ACC0000002677,107008.95,0.0,56062.22,50946.73,NPR
2026-01-21,ACC0000002678,387108.79,80007.71,47736.85,419379.65,NPR
2026-01-21,ACC0000002679,227579.81,0.0,0.0,227579.81,NPR
2026-01-21,ACC0000002680,181785.76,8112.99,12947.22,176951.53,NPR
2026-01-21,ACC0000002681,374305.26,0.0,18576.99,355728.27,NPR
2026-01-21,ACC0000002682,224084.8,0.0,7181.54,216903.26,NPR
2026-01-21,ACC0000002683,183054.01,90247.37,68742.26,204559.12,NPR
2026-01-21,ACC0000002684,255784.36,0.0,44814.74,210969.62,NPR
2026-01-21,ACC0000002685,456916.04,0.0,5139.48,451776.56,NPR
2026-01-21,ACC0000002686,6049.26,22480.37,0.0,28529.63,NPR
2026-01-21,ACC0000002687,274810.35,68378.49,49444.55,293744.29,NPR
2026-01-21,ACC0000002688,198987.2,46802.96,21351.06,224439.1,NPR
2026-01-21,ACC0000002689,91937.12,0.0,16380.01,75557.11,NPR
2026-01-21,ACC0000002690,202006.44,19104.72,0.0,221111.16,NPR
2026-01-21,ACC0000002691,312611.0,0.0,84136.79,228474.21,NPR
2026-01-21,ACC0000002692,10534.43,0.0,0.0,10534.43,NPR
2026-01-21,ACC0000002693,426343.01,75746.95,51493.51,450596.45,NPR
2026-01-21,ACC0000002694,128046.38,0.0,36349.64,91696.74,NPR
2026-01-21,ACC0000002695,96138.92,2112.23,41131.13,57120.02,NPR
2026-01-21,ACC0000002696,110946.87,0.0,0.0,110946.87,NPR
2026-01-21,ACC0000002697,393731.04,0.0,25857.92,367873.12,NPR
2026-01-21,ACC0000002698,447937.51,0.0,3536.37,444401.14,NPR
2026-01-21,ACC0000002699,95588.58,19590.2,0.0,115178.78,NPR
2026-01-21,ACC0000002700,245979.05,35050.75,99834.32,181195.48,NPR
2026-01-21,ACC0000002701,249842.47,0.0,26326.84,223515.63,NPR
2026-01-21,ACC0000002702,49235.32,0.0,0.0,49235.32,NPR
2026-01-21,ACC0000002703,277294.51,0.0,6305.29,270989.22,NPR
2026-01-21,ACC0000002704,353169.9,0.0,68579.06,284590.84,NPR
2026-01-21,ACC0000002705,278185.97,0.0,60783.97,217402.0,NPR
2026-01-21,ACC0000002706,153954.76,0.0,22377.37,131577.39,NPR
2026-01-21,ACC0000002707,465833.32,35421.15,42038.11,459216.36,NPR
2026-01-21,ACC0000002708,31801.45,65426.89,75139.54,22088.8,NPR
2026-01-21,ACC0000002709,25259.19,0.0,88995.39,-63736.2,NPR
2026-01-21,ACC0000002710,403709.23,0.0,0.0,403709.23,NPR
2026-01-21,ACC0000002711,300799.0,35270.11,0.0,336069.11,NPR
2026-01-21,ACC0000002712,287750.42,0.0,38846.84,248903.58,NPR
2026-01-21,ACC0000002713,66288.98,0.0,79816.0,-13527.02,NPR
2026-01-21,ACC0000002714,445203.54,0.0,0.0,445203.54,NPR
2026-01-21,ACC0000002715,250468.71,8239.43,35453.04,223255.1,NPR
2026-01-21,ACC0000002716,209500.61,0.0,50580.6,158920.01,NPR
2026-01-21,ACC0000002717,228338.52,0.0,18736.82,209601.7,NPR
2026-01-21,ACC0000002718,255647.74,36215.05,10873.07,280989.72,NPR
2026-01-21,ACC0000002719,80853.7,0.0,47839.9,33013.8,NPR
2026-01-21,ACC0000002720,225398.37,0.0,78033.5,147364.87,NPR
2026-01-21,ACC0000002721,167360.51,0.0,52179.35,115181.16,NPR
2026-01-21,ACC0000002722,423917.7,0.0,77123.5,346794.2,NPR
2026-01-21,ACC0000002723,119508.74,0.0,0.0,119508.74,NPR
2026-01-21,ACC0000002724,219313.26,0.0,0.0,219313.26,NPR
2026-01-21,ACC0000002725,343946.87,0.0,48046.85,295900.02,NPR
2026-01-21,ACC0000002726,247356.59,0.0,0.0,247356.59,NPR
2026-01-21,ACC0000002727,220579.47,24375.97,103579.53,141375.91,NPR
2026-01-21,ACC0000002728,205359.67,1808.11,75777.95,131389.83,NPR
2026-01-21,ACC0000002729,17434.76,12120.29,18477.58,11077.47,NPR
2026-01-21,ACC0000002730,107065.18,0.0,0.0,107065.18,NPR
2026-01-21,ACC0000002731,403519.53,48708.63,121746.5,330481.66,NPR
2026-01-21,ACC0000002732,361535.68,31427.35,44315.07,348647.96,NPR
2026-01-21,ACC0000002733,389587.72,86492.89,68759.85,407320.76,NPR
2026-01-21,ACC0000002734,419377.43,17185.04,119459.89,317102.58,NPR
2026-01-21,ACC0000002735,384457.15,0.0,75116.43,309340.72,NPR
2026-01-21,ACC0000002736,397880.31,0.0,0.0,397880.31,NPR
2026-01-21,ACC0000002737,177669.45,65310.47,71171.82,171808.1,NPR
2026-01-21,ACC0000002738,57322.3,8557.86,109362.8,-43482.64,NPR
2026-01-21,ACC0000002739,331099.74,12705.61,42143.41,301661.94,NPR
2026-01-21,ACC0000002740,172053.58,0.0,93700.88,78352.7,NPR
2026-01-21,ACC0000002741,244756.12,0.0,0.0,244756.12,NPR
2026-01-21,ACC0000002742,127734.63,0.0,165478.67,-37744.04,NPR
2026-01-21,ACC0000002743,326246.93,89407.94,0.0,415654.87,NPR
2026-01-21,ACC0000002744,213900.05,0.0,128872.27,85027.78,NPR
2026-01-21,ACC0000002745,380103.46,0.0,41616.72,338486.74,NPR
2026-01-21,ACC0000002746,249227.4,0.0,25324.9,223902.5,NPR
2026-01-21,ACC0000002747,51982.43,0.0,46176.8,5805.63,NPR
2026-01-21,ACC0000002748,399576.36,0.0,0.0,399576.36,NPR
2026-01-21,ACC0000002749,164004.17,9479.12,44207.46,129275.83,NPR
2026-01-21,ACC0000002750,494195.55,1827.38,99986.0,396036.93,NPR
2026-01-21,ACC0000002751,194710.93,29987.96,92368.21,132330.68,NPR
2026-01-21,ACC0000002752,314397.72,0.0,35367.69,279030.03,NPR
2026-01-21,ACC0000002753,127991.81,0.0,73192.9,54798.91,NPR
2026-01-21,ACC0000002754,112561.15,0.0,131934.8,-19373.65,NPR
2026-01-21,ACC0000002755,33916.67,44311.88,46700.52,31528.03,NPR
2026-01-21,ACC0000002756,299640.34,29896.51,132559.82,196977.03,NPR
2026-01-21,ACC0000002757,182699.29,0.0,36378.53,146320.76,NPR
2026-01-21,ACC0000002758,42587.77,0.0,93247.69,-50659.92,NPR
2026-01-21,ACC0000002759,188119.25,0.0,92840.8,95278.45,NPR
2026-01-21,ACC0000002760,225606.75,0.0,69712.65,155894.1,NPR
2026-01-21,ACC0000002761,224091.04,0.0,0.0,224091.04,NPR
2026-01-21,ACC0000002762,201847.66,0.0,0.0,201847.66,NPR
2026-01-21,ACC0000002763,33781.27,0.0,79620.63,-45839.36,NPR
2026-01-21,ACC0000002764,313951.08,0.0,97898.8,216052.28,NPR
2026-01-21,ACC0000002765,138005.25,0.0,0.0,138005.25,NPR
2026-01-21,ACC0000002766,154652.77,0.0,2535.67,152117.1,NPR
2026-01-21,ACC0000002767,212323.68,0.0,95767.79,116555.89,NPR
2026-01-21,ACC0000002768,293247.34,0.0,35547.1,257700.24,NPR
2026-01-21,ACC0000002769,282779.6,0.0,0.0,282779.6,NPR
2026-01-21,ACC0000002770,290524.22,0.0,0.0,290524.22,NPR
2026-01-21,ACC0000002771,335157.06,0.0,122158.68,212998.38,NPR
2026-01-21,ACC0000002772,98144.15,0.0,0.0,98144.15,NPR
2026-01-21,ACC0000002773,255025.79,0.0,139720.88,115304.91,NPR
2026-01-21,ACC0000002774,213948.96,37543.45,68548.08,182944.33,NPR
2026-01-21,ACC0000002775,310634.55,0.0,66463.75,244170.8,NPR
2026-01-21,ACC0000002776,9500.94,23056.64,18413.54,14144.04,NPR
2026-01-21,ACC0000002777,181316.39,0.0,0.0,181316.39,NPR
2026-01-21,ACC0000002778,221729.35,27743.17,0.0,249472.52,NPR
2026-01-21,ACC0000002779,275218.59,44132.8,46531.73,272819.66,NPR
2026-01-21,ACC0000002780,317057.05,0.0,30636.6,286420.45,NPR
2026-01-21,ACC0000002781,123853.79,0.0,63905.07,59948.72,NPR
2026-01-21,ACC0000002782,233592.69,0.0,141764.5,91828.19,NPR
2026-01-21,ACC0000002783,367086.42,0.0,0.0,367086.42,NPR
2026-01-21,ACC0000002784,435480.12,0.0,0.0,435480.12,NPR
2026-01-21,ACC0000002785,155245.43,6305.96,44634.02,116917.37,NPR
2026-01-21,ACC0000002786,117033.0,0.0,47005.93,70027.07,NPR
2026-01-21,ACC0000002787,444346.52,0.0,60887.74,383458.78,NPR
2026-01-21,ACC0000002788,440543.35,0.0,0.0,440543.35,NPR
2026-01-21,ACC0000002789,446247.29,13221.02,2600.63,456867.68,NPR
2026-01-21,ACC0000002790,76600.58,63812.95,68644.71,71768.82,NPR
2026-01-21,ACC0000002791,380813.04,43487.55,59824.54,364476.05,NPR
2026-01-21,ACC0000002792,417325.27,0.0,59002.17,358323.1,NPR
2026-01-21,ACC0000002793,177207.5,22543.65,35126.19,164624.96,NPR
2026-01-21,ACC0000002794,92734.78,0.0,77633.86,15100.92,NPR
2026-01-21,ACC0000002795,322707.04,0.0,81197.97,241509.07,NPR
2026-01-21,ACC0000002796,44065.23,0.0,0.0,44065.23,NPR
2026-01-21,ACC0000002797,473115.93,0.0,0.0,473115.93,NPR
2026-01-21,ACC0000002798,106291.12,32366.89,41511.42,97146.59,NPR
2026-01-21,ACC0000002799,220362.01,9275.53,95116.92,134520.62,NPR
2026-01-21,ACC0000002800,159032.72,0.0,0.0,159032.72,NPR
2026-01-21,ACC0000002801,226213.41,94082.1,138998.26,181297.25,NPR
2026-01-21,ACC0000002802,75723.64,17935.01,65409.38,28249.27,NPR
2026-01-21,ACC0000002803,28161.55,0.0,15129.36,13032.19,NPR
2026-01-21,ACC0000002804,260919.46,0.0,0.0,260919.46,NPR
2026-01-21,ACC0000002805,351109.79,0.0,0.0,351109.79,NPR
2026-01-21,ACC0000002806,117926.66,0.0,74496.95,43429.71,NPR
2026-01-21,ACC0000002807,301773.12,0.0,1270.16,300502.96,NPR
2026-01-21,ACC0000002808,152208.11,22503.76,4466.1,170245.77,NPR
2026-01-21,ACC0000002809,335242.86,0.0,43854.69,291388.17,NPR
2026-01-21,ACC0000002810,189753.4,0.0,119698.91,70054.49,NPR
2026-01-21,ACC0000002811,273565.27,0.0,0.0,273565.27,NPR
2026-01-21,ACC0000002812,446534.48,20516.05,54384.06,412666.47,NPR
2026-01-21,ACC0000002813,42730.82,0.0,81980.3,-39249.48,NPR
2026-01-21,ACC0000002814,184155.66,74152.1,84174.93,174132.83,NPR
2026-01-21,ACC0000002815,10549.94,0.0,83141.4,-72591.46,NPR
2026-01-21,ACC0000002816,182208.36,0.0,18055.58,164152.78,NPR
2026-01-21,ACC0000002817,173799.15,0.0,57556.38,116242.77,NPR
2026-01-21,ACC0000002818,88737.85,0.0,25070.53,63667.32,NPR
2026-01-21,ACC0000002819,379579.17,55311.33,31244.4,403646.1,NPR
2026-01-21,ACC0000002820,152442.97,0.0,30479.28,121963.69,NPR
2026-01-21,ACC0000002821,159874.87,0.0,0.0,159874.87,NPR
2026-01-21,ACC0000002822,486915.47,0.0,0.0,486915.47,NPR
2026-01-21,ACC0000002823,109703.42,25248.84,106946.23,28006.03,NPR
2026-01-21,ACC0000002824,364743.97,30524.36,32142.63,363125.7,NPR
2026-01-21,ACC0000002825,479198.67,0.0,19361.61,459837.06,NPR
2026-01-21,ACC0000002826,421985.39,0.0,44585.64,377399.75,NPR
2026-01-21,ACC0000002827,475189.89,0.0,34777.82,440412.07,NPR
2026-01-21,ACC0000002828,230248.04,0.0,48512.42,181735.62,NPR
2026-01-21,ACC0000002829,280756.44,0.0,53022.44,227734.0,NPR
2026-01-21,ACC0000002830,484409.73,0.0,62938.56,421471.17,NPR
2026-01-21,ACC0000002831,389969.42,0.0,91587.07,298382.35,NPR
2026-01-21,ACC0000002832,213552.88,0.0,0.0,213552.88,NPR
2026-01-21,ACC0000002833,248967.95,42771.33,114238.0,177501.28,NPR
2026-01-21,ACC0000002834,445159.36,0.0,2393.76,442765.6,NPR
2026-01-21,ACC0000002835,64310.76,0.0,25807.33,38503.43,NPR
2026-01-21,ACC0000002836,60139.0,0.0,42021.85,18117.15,NPR
2026-01-21,ACC0000002837,440336.79,0.0,0.0,440336.79,NPR
2026-01-21,ACC0000002838,50637.84,0.0,0.0,50637.84,NPR
2026-01-21,ACC0000002839,3178.54,60337.6,0.0,63516.14,NPR
2026-01-21,ACC0000002840,456963.04,0.0,95753.04,361210.0,NPR
2026-01-21,ACC0000002841,429284.12,0.0,92621.87,336662.25,NPR
2026-01-21,ACC0000002842,265784.16,0.0,43987.68,221796.48,NPR
2026-01-21,ACC0000002843,145481.15,19460.09,16586.57,148354.67,NPR
2026-01-21,ACC0000002844,307170.08,8694.17,78782.2,237082.05,NPR
2026-01-21,ACC0000002845,13518.81,0.0,14664.19,-1145.38,NPR
2026-01-21,ACC0000002846,378677.11,0.0,31785.94,346891.17,NPR
2026-01-21,ACC0000002847,121021.02,0.0,16159.38,104861.64,NPR
2026-01-21,ACC0000002848,379122.99,0.0,50611.94,328511.05,NPR
2026-01-21,ACC0000002849,442388.93,81073.67,0.0,523462.6,NPR
2026-01-21,ACC0000002850,395809.43,0.0,93678.37,302131.06,NPR
2026-01-21,ACC0000002851,195259.51,0.0,0.0,195259.51,NPR
2026-01-21,ACC0000002852,358528.65,0.0,7163.04,351365.61,NPR
2026-01-21,ACC0000002853,451667.07,0.0,0.0,451667.07,NPR
2026-01-21,ACC0000002854,258733.47,0.0,0.0,258733.47,NPR
2026-01-21,ACC0000002855,103708.32,46187.72,98301.39,51594.65,NPR
2026-01-21,ACC0000002856,44684.16,0.0,14776.7,29907.46,NPR
2026-01-21,ACC0000002857,190384.86,63363.88,37177.63,216571.11,NPR
2026-01-21,ACC0000002858,402657.63,0.0,75687.08,326970.55,NPR
2026-01-21,ACC0000002859,366531.67,0.0,0.0,366531.67,NPR
2026-01-21,ACC0000002860,457980.38,0.0,39601.26,418379.12,NPR
2026-01-21,ACC0000002861,492567.71,0.0,0.0,492567.71,NPR
2026-01-21,ACC0000002862,340556.99,0.0,106076.47,234480.52,NPR
2026-01-21,ACC0000002863,353646.36,58407.8,25853.99,386200.17,NPR
2026-01-21,ACC0000002864,199225.13,0.0,40088.78,159136.35,NPR
2026-01-21,ACC0000002865,70405.1,83183.94,0.0,153589.04,NPR
2026-01-21,ACC0000002866,16458.53,0.0,103800.51,-87341.98,NPR
2026-01-21,ACC0000002867,247365.74,0.0,0.0,247365.74,NPR
2026-01-21,ACC0000002868,371956.35,86980.22,75549.96,383386.61,NPR
2026-01-21,ACC0000002869,464176.94,57687.9,29023.93,492840.91,NPR
2026-01-21,ACC0000002870,85547.16,0.0,0.0,85547.16,NPR
2026-01-21,ACC0000002871,238764.17,0.0,0.0,238764.17,NPR
2026-01-21,ACC0000002872,339510.7,0.0,0.0,339510.7,NPR
2026-01-21,ACC0000002873,338497.66,0.0,46708.21,291789.45,NPR
2026-01-21,ACC0000002874,433919.79,37600.2,0.0,471519.99,NPR
2026-01-21,ACC0000002875,244333.97,0.0,60014.11,184319.86,NPR
2026-01-21,ACC0000002876,488723.82,0.0,74963.8,413760.02,NPR
2026-01-21,ACC0000002877,89521.88,41967.09,35869.56,95619.41,NPR
2026-01-21,ACC0000002878,263504.06,45950.19,94476.23,214978.02,NPR
2026-01-21,ACC0000002879,428373.73,0.0,42873.72,385500.01,NPR
2026-01-21,ACC0000002880,426547.32,0.0,0.0,426547.32,NPR
2026-01-21,ACC0000002881,396578.89,48445.4,41927.37,403096.92,NPR
2026-01-21,ACC0000002882,297363.02,0.0,74238.14,223124.88,NPR
2026-01-21,ACC0000002883,436775.73,53186.21,12690.06,477271.88,NPR
2026-01-21,ACC0000002884,437367.43,91718.47,0.0,529085.9,NPR
2026-01-21,ACC0000002885,402215.88,30834.18,36816.77,396233.29,NPR
2026-01-21,ACC0000002886,138654.87,0.0,0.0,138654.87,NPR
2026-01-21,ACC0000002887,79722.51,0.0,37922.61,41799.9,NPR
2026-01-21,ACC0000002888,441405.5,0.0,35363.08,406042.42,NPR
2026-01-21,ACC0000002889,147094.39,36332.97,30737.66,152689.7,NPR
2026-01-21,ACC0000002890,412780.95,18997.9,82774.17,349004.68,NPR
2026-01-21,ACC0000002891,212895.36,8021.11,132591.14,88325.33,NPR
2026-01-21,ACC0000002892,167923.91,0.0,60121.9,107802.01,NPR
2026-01-21,ACC0000002893,183056.67,0.0,0.0,183056.67,NPR
2026-01-21,ACC0000002894,22713.77,38526.55,55037.78,6202.54,NPR
2026-01-21,ACC0000002895,458355.41,0.0,0.0,458355.41,NPR
2026-01-21,ACC0000002896,428163.11,39405.46,22207.63,445360.94,NPR
2026-01-21,ACC0000002897,445325.15,0.0,7765.46,437559.69,NPR
2026-01-21,ACC0000002898,176525.54,0.0,0.0,176525.54,NPR
2026-01-21,ACC0000002899,399141.54,0.0,17049.0,382092.54,NPR
2026-01-21,ACC0000002900,55716.7,0.0,42277.69,13439.01,NPR
2026-01-21,ACC0000002901,477778.01,0.0,0.0,477778.01,NPR
2026-01-21,ACC0000002902,468922.94,46595.82,93372.04,422146.72,NPR
2026-01-21,ACC0000002903,428716.4,0.0,0.0,428716.4,NPR
2026-01-21,ACC0000002904,360993.41,0.0,22334.92,338658.49,NPR
2026-01-21,ACC0000002905,416472.1,0.0,49265.14,367206.96,NPR
2026-01-21,ACC0000002906,108039.5,45541.67,25393.53,128187.64,NPR
2026-01-21,ACC0000002907,117611.26,0.0,57066.88,60544.38,NPR
2026-01-21,ACC0000002908,71029.78,0.0,0.0,71029.78,NPR
2026-01-21,ACC0000002909,230551.85,7865.95,0.0,238417.8,NPR
2026-01-21,ACC0000002910,367931.85,0.0,48100.82,319831.03,NPR
2026-01-21,ACC0000002911,242979.81,0.0,5704.0,237275.81,NPR
2026-01-21,ACC0000002912,438592.21,33049.61,70312.57,401329.25,NPR
2026-01-21,ACC0000002913,404796.64,0.0,42122.71,362673.93,NPR
2026-01-21,ACC0000002914,2458.2,8881.06,117243.12,-105903.86,NPR
2026-01-21,ACC0000002915,75258.31,23591.32,128969.96,-30120.33,NPR
2026-01-21,ACC0000002916,350823.96,0.0,68723.36,282100.6,NPR
2026-01-21,ACC0000002917,125251.71,0.0,0.0,125251.71,NPR
2026-01-21,ACC0000002918,250205.82,0.0,0.0,250205.82,NPR
2026-01-21,ACC0000002919,79144.91,63021.3,60995.26,81170.95,NPR
2026-01-21,ACC0000002920,498785.55,40289.49,43306.66,495768.38,NPR
2026-01-21,ACC0000002921,281051.37,9059.71,60905.59,229205.49,NPR
2026-01-21,ACC0000002922,431001.6,0.0,28291.92,402709.68,NPR
2026-01-21,ACC0000002923,203645.77,0.0,61352.1,142293.67,NPR
2026-01-21,ACC0000002924,58115.34,0.0,0.0,58115.34,NPR
2026-01-21,ACC0000002925,246309.12,39791.37,22822.56,263277.93,NPR
2026-01-21,ACC0000002926,96838.93,0.0,16177.67,80661.26,NPR
2026-01-21,ACC0000002927,407678.75,22339.98,38577.92,391440.81,NPR
2026-01-21,ACC0000002928,474619.17,0.0,45766.13,428853.04,NPR
2026-01-21,ACC0000002929,381513.36,8918.76,64909.8,325522.32,NPR
2026-01-21,ACC0000002930,42998.9,0.0,41827.09,1171.81,NPR
2026-01-21,ACC0000002931,370291.73,9004.83,0.0,379296.56,NPR
2026-01-21,ACC0000002932,5550.63,0.0,19655.78,-14105.15,NPR
2026-01-21,ACC0000002933,117148.66,29743.91,0.0,146892.57,NPR
2026-01-21,ACC0000002934,81011.11,0.0,32192.76,48818.35,NPR
2026-01-21,ACC0000002935,148407.3,0.0,0.0,148407.3,NPR
2026-01-21,ACC0000002936,435417.52,55471.65,80652.59,410236.58,NPR
2026-01-21,ACC0000002937,94537.22,0.0,0.0,94537.22,NPR
2026-01-21,ACC0000002938,494197.19,73685.42,95170.35,472712.26,NPR
2026-01-21,ACC0000002939,358161.09,0.0,0.0,358161.09,NPR
2026-01-21,ACC0000002940,189645.9,471.77,41756.78,148360.89,NPR
2026-01-21,ACC0000002941,493920.73,1241.32,114598.18,380563.87,NPR
2026-01-21,ACC0000002942,297320.59,21408.22,4346.47,314382.34,NPR
2026-01-21,ACC0000002943,239114.96,0.0,0.0,239114.96,NPR
2026-01-21,ACC0000002944,316974.38,41435.87,102549.99,255860.26,NPR
2026-01-21,ACC0000002945,92265.05,15662.74,52499.25,55428.54,NPR
2026-01-21,ACC0000002946,439084.68,28146.22,77919.41,389311.49,NPR
2026-01-21,ACC0000002947,137574.22,15430.46,57004.36,96000.32,NPR
2026-01-21,ACC0000002948,57515.63,0.0,135764.27,-78248.64,NPR
2026-01-21,ACC0000002949,142255.58,0.0,35901.47,106354.11,NPR
2026-01-21,ACC0000002950,362176.7,0.0,104223.77,257952.93,NPR
2026-01-21,ACC0000002951,155498.95,0.0,76545.7,78953.25,NPR
2026-01-21,ACC0000002952,418760.91,46591.7,48601.3,416751.31,NPR
2026-01-21,ACC0000002953,35421.87,31437.1,60220.43,6638.54,NPR
2026-01-21,ACC0000002954,125174.8,26637.95,84184.72,67628.03,NPR
2026-01-21,ACC0000002955,348487.22,11680.96,0.0,360168.18,NPR
2026-01-21,ACC0000002956,142382.7,0.0,60871.05,81511.65,NPR
2026-01-21,ACC0000002957,475548.8,0.0,162525.05,313023.75,NPR
2026-01-21,ACC0000002958,327993.64,0.0,95225.35,232768.29,NPR
2026-01-21,ACC0000002959,434504.67,0.0,46450.43,388054.24,NPR
2026-01-21,ACC0000002960,360084.39,0.0,0.0,360084.39,NPR
2026-01-21,ACC0000002961,6238.51,2677.45,45497.25,-36581.29,NPR
2026-01-21,ACC0000002962,238419.45,0.0,160122.06,78297.39,NPR
2026-01-21,ACC0000002963,162006.37,0.0,65385.4,96620.97,NPR
2026-01-21,ACC0000002964,99597.45,0.0,49611.05,49986.4,NPR
2026-01-21,ACC0000002965,4693.95,0.0,18761.68,-14067.73,NPR
2026-01-21,ACC0000002966,173480.47,0.0,3684.89,169795.58,NPR
2026-01-21,ACC0000002967,219034.07,0.0,40333.85,178700.22,NPR
2026-01-21,ACC0000002968,481668.26,0.0,20867.91,460800.35,NPR
2026-01-21,ACC0000002969,133664.87,39911.88,103309.83,70266.92,NPR
2026-01-21,ACC0000002970,191966.27,59145.16,0.0,251111.43,NPR
2026-01-21,ACC0000002971,263276.32,35586.1,72825.52,226036.9,NPR
2026-01-21,ACC0000002972,230777.11,0.0,20113.32,210663.79,NPR
2026-01-21,ACC0000002973,26121.45,0.0,0.0,26121.45,NPR
2026-01-21,ACC0000002974,129005.86,0.0,0.0,129005.86,NPR
2026-01-21,ACC0000002975,420984.58,3489.27,44045.49,380428.36,NPR
2026-01-21,ACC0000002976,89870.87,11275.51,123703.78,-22557.4,NPR
2026-01-21,ACC0000002977,304327.08,0.0,42532.66,261794.42,NPR
2026-01-21,ACC0000002978,41741.46,41705.7,55720.47,27726.69,NPR
2026-01-21,ACC0000002979,337877.84,0.0,22634.2,315243.64,NPR
2026-01-21,ACC0000002980,4179.96,0.0,73919.65,-69739.69,NPR
2026-01-21,ACC0000002981,208348.61,0.0,0.0,208348.61,NPR
2026-01-21,ACC0000002982,472626.3,0.0,0.0,472626.3,NPR
2026-01-21,ACC0000002983,72947.31,0.0,47419.16,25528.15,NPR
2026-01-21,ACC0000002984,245333.35,0.0,46086.92,199246.43,NPR
2026-01-21,ACC0000002985,103657.45,0.0,0.0,103657.45,NPR
2026-01-21,ACC0000002986,243788.79,0.0,94238.58,149550.21,NPR
2026-01-21,ACC0000002987,250096.3,22113.4,49033.92,223175.78,NPR
2026-01-21,ACC0000002988,384051.7,0.0,17483.1,366568.6,NPR
2026-01-21,ACC0000002989,349252.88,0.0,137856.6,211396.28,NPR
2026-01-21,ACC0000002990,242984.11,0.0,0.0,242984.11,NPR
2026-01-21,ACC0000002991,365417.01,8481.44,25372.86,348525.59,NPR
2026-01-21,ACC0000002992,116026.14,6177.49,28779.59,93424.04,NPR
2026-01-21,ACC0000002993,298968.31,0.0,42003.26,256965.05,NPR
2026-01-21,ACC0000002994,277279.19,41905.77,34937.34,284247.62,NPR
2026-01-21,ACC0000002995,6612.16,55877.75,47069.67,15420.24,NPR
2026-01-21,ACC0000002996,439265.23,0.0,29822.28,409442.95,NPR
2026-01-21,ACC0000002997,305890.74,0.0,10709.26,295181.48,NPR
2026-01-21,ACC0000002998,6611.13,0.0,0.0,6611.13,NPR
2026-01-21,ACC0000002999,408280.72,0.0,0.0,408280.72,NPR
2026-01-21,ACC0000003000,266439.34,0.0,114071.81,152367.53,NPR
2026-01-21,ACC0000003001,250435.08,0.0,95092.02,155343.06,NPR
2026-01-21,ACC0000003002,124940.47,0.0,75964.65,48975.82,NPR
2026-01-21,ACC0000003003,290879.68,0.0,0.0,290879.68,NPR
2026-01-21,ACC0000003004,58243.95,10511.54,86161.27,-17405.78,NPR
2026-01-21,ACC0000003005,233771.01,27880.35,97037.78,164613.58,NPR
2026-01-21,ACC0000003006,423540.5,0.0,0.0,423540.5,NPR
2026-01-21,ACC0000003007,498562.76,66238.86,38557.66,526243.96,NPR
2026-01-21,ACC0000003008,319830.66,0.0,0.0,319830.66,NPR
2026-01-21,ACC0000003009,382415.57,39886.14,131599.83,290701.88,NPR
2026-01-21,ACC0000003010,465297.71,34899.6,62862.57,437334.74,NPR
2026-01-21,ACC0000003011,53822.39,45275.21,102782.44,-3684.84,NPR
2026-01-21,ACC0000003012,430666.34,0.0,122998.38,307667.96,NPR
2026-01-21,ACC0000003013,282576.11,0.0,8552.59,274023.52,NPR
2026-01-21,ACC0000003014,133220.97,0.0,132482.19,738.78,NPR
2026-01-21,ACC0000003015,144156.15,0.0,0.0,144156.15,NPR
2026-01-21,ACC0000003016,39171.94,36597.14,64690.88,11078.2,NPR
2026-01-21,ACC0000003017,235970.66,0.0,0.0,235970.66,NPR
2026-01-21,ACC0000003018,356165.78,0.0,32656.95,323508.83,NPR
2026-01-21,ACC0000003019,430029.77,37635.24,44638.38,423026.63,NPR
2026-01-21,ACC0000003020,351859.79,0.0,138057.44,213802.35,NPR
2026-01-21,ACC0000003021,391853.38,28580.65,0.0,420434.03,NPR
2026-01-21,ACC0000003022,403193.99,0.0,0.0,403193.99,NPR
2026-01-21,ACC0000003023,204147.17,11512.78,21463.74,194196.21,NPR
2026-01-21,ACC0000003024,204018.05,0.0,0.0,204018.05,NPR
2026-01-21,ACC0000003025,380451.08,22478.57,71199.78,331729.87,NPR
2026-01-21,ACC0000003026,67529.95,0.0,25525.41,42004.54,NPR
2026-01-21,ACC0000003027,457992.24,45693.3,39221.48,464464.06,NPR
2026-01-21,ACC0000003028,58504.28,49930.95,27404.33,81030.9,NPR
2026-01-21,ACC0000003029,298094.71,0.0,199286.72,98807.99,NPR
2026-01-21,ACC0000003030,264972.03,0.0,67772.15,197199.88,NPR
2026-01-21,ACC0000003031,223845.05,0.0,14768.23,209076.82,NPR
2026-01-21,ACC0000003032,452685.88,98671.87,20541.46,530816.29,NPR
2026-01-21,ACC0000003033,471468.16,0.0,0.0,471468.16,NPR
2026-01-21,ACC0000003034,472472.72,0.0,37870.93,434601.79,NPR
2026-01-21,ACC0000003035,457426.84,14483.15,187118.46,284791.53,NPR
2026-01-21,ACC0000003036,322645.92,0.0,50187.39,272458.53,NPR
2026-01-21,ACC0000003037,30601.83,0.0,42623.66,-12021.83,NPR
2026-01-21,ACC0000003038,134385.24,0.0,10752.93,123632.31,NPR
2026-01-21,ACC0000003039,46044.5,23468.24,41855.17,27657.57,NPR
2026-01-21,ACC0000003040,86291.64,0.0,0.0,86291.64,NPR
2026-01-21,ACC0000003041,260847.27,46230.16,106905.7,200171.73,NPR
2026-01-21,ACC0000003042,132376.79,0.0,0.0,132376.79,NPR
2026-01-21,ACC0000003043,225030.27,0.0,32418.64,192611.63,NPR
2026-01-21,ACC0000003044,336960.07,0.0,12495.11,324464.96,NPR
2026-01-21,ACC0000003045,230369.88,0.0,0.0,230369.88,NPR
2026-01-21,ACC0000003046,99288.67,0.0,0.0,99288.67,NPR
2026-01-21,ACC0000003047,162069.41,0.0,0.0,162069.41,NPR
2026-01-21,ACC0000003048,471331.7,0.0,37138.9,434192.8,NPR
2026-01-21,ACC0000003049,390460.48,0.0,61745.92,328714.56,NPR
2026-01-21,ACC0000003050,281866.72,0.0,49298.26,232568.46,NPR
2026-01-21,ACC0000003051,172305.05,0.0,72830.07,99474.98,NPR
2026-01-21,ACC0000003052,339005.18,0.0,6626.88,332378.3,NPR
2026-01-21,ACC0000003053,244623.07,0.0,80071.57,164551.5,NPR
2026-01-21,ACC0000003054,482977.96,0.0,44342.33,438635.63,NPR
2026-01-21,ACC0000003055,109033.05,0.0,60513.98,48519.07,NPR
2026-01-21,ACC0000003056,33155.09,56679.49,1407.5,88427.08,NPR
2026-01-21,ACC0000003057,434827.99,0.0,60102.07,374725.92,NPR
2026-01-21,ACC0000003058,365121.61,21919.24,154597.57,232443.28,NPR
2026-01-21,ACC0000003059,320866.02,0.0,0.0,320866.02,NPR
2026-01-21,ACC0000003060,83580.24,0.0,0.0,83580.24,NPR
2026-01-21,ACC0000003061,460215.93,0.0,61816.66,398399.27,NPR
2026-01-21,ACC0000003062,93792.9,62579.24,0.0,156372.14,NPR
2026-01-21,ACC0000003063,196743.87,30704.1,68284.43,159163.54,NPR
2026-01-21,ACC0000003064,423137.82,0.0,96744.91,326392.91,NPR
2026-01-21,ACC0000003065,155942.41,0.0,28823.24,127119.17,NPR
2026-01-21,ACC0000003066,119227.73,0.0,55638.26,63589.47,NPR
2026-01-21,ACC0000003067,409112.36,1342.91,105690.52,304764.75,NPR
2026-01-21,ACC0000003068,297181.69,0.0,92531.14,204650.55,NPR
2026-01-21,ACC0000003069,428834.64,22696.23,23692.84,427838.03,NPR
2026-01-21,ACC0000003070,20264.24,0.0,49930.66,-29666.42,NPR
2026-01-21,ACC0000003071,438776.48,35517.42,93501.78,380792.12,NPR
2026-01-21,ACC0000003072,265925.77,14978.26,119694.43,161209.6,NPR
2026-01-21,ACC0000003073,441419.16,0.0,0.0,441419.16,NPR
2026-01-21,ACC0000003074,306999.99,18663.84,37297.94,288365.89,NPR
2026-01-21,ACC0000003075,109566.36,0.0,0.0,109566.36,NPR
2026-01-21,ACC0000003076,493350.97,0.0,0.0,493350.97,NPR
2026-01-21,ACC0000003077,96223.16,78589.57,69841.65,104971.08,NPR
2026-01-21,ACC0000003078,89929.54,0.0,10687.78,79241.76,NPR
2026-01-21,ACC0000003079,108083.83,0.0,0.0,108083.83,NPR
2026-01-21,ACC0000003080,364504.83,43197.77,26110.82,381591.78,NPR
2026-01-21,ACC0000003081,340590.43,0.0,38475.43,302115.0,NPR
2026-01-21,ACC0000003082,246664.56,30139.09,8511.7,268291.95,NPR
2026-01-21,ACC0000003083,9982.62,0.0,0.0,9982.62,NPR
2026-01-21,ACC0000003084,430040.85,0.0,14118.38,415922.47,NPR
2026-01-21,ACC0000003085,90238.44,46207.64,112313.03,24133.05,NPR
2026-01-21,ACC0000003086,6120.61,0.0,0.0,6120.61,NPR
2026-01-21,ACC0000003087,399813.78,51024.65,49029.56,401808.87,NPR
2026-01-21,ACC0000003088,41373.93,3624.59,0.0,44998.52,NPR
2026-01-21,ACC0000003089,146652.53,0.0,73600.48,73052.05,NPR
2026-01-21,ACC0000003090,161393.77,0.0,59128.34,102265.43,NPR
2026-01-21,ACC0000003091,284851.67,43378.18,38663.74,289566.11,NPR
2026-01-21,ACC0000003092,20560.68,0.0,105576.55,-85015.87,NPR
2026-01-21,ACC0000003093,28032.37,0.0,7740.43,20291.94,NPR
2026-01-21,ACC0000003094,169432.85,47398.47,125826.69,91004.63,NPR
2026-01-21,ACC0000003095,175340.71,0.0,0.0,175340.71,NPR
2026-01-21,ACC0000003096,136800.72,0.0,0.0,136800.72,NPR
2026-01-21,ACC0000003097,305311.02,0.0,47504.56,257806.46,NPR
2026-01-21,ACC0000003098,113807.99,28950.03,0.0,142758.02,NPR
2026-01-21,ACC0000003099,372369.43,0.0,78617.47,293751.96,NPR
2026-01-21,ACC0000003100,429100.66,41101.35,70571.45,399630.56,NPR
2026-01-21,ACC0000003101,96407.29,11295.89,7075.19,100627.99,NPR
2026-01-21,ACC0000003102,29228.48,38816.13,116632.47,-48587.86,NPR
2026-01-21,ACC0000003103,470893.47,0.0,66105.12,404788.35,NPR
2026-01-21,ACC0000003104,29989.22,46741.39,117228.68,-40498.07,NPR
2026-01-21,ACC0000003105,495619.35,0.0,69391.75,426227.6,NPR
2026-01-21,ACC0000003106,289134.13,0.0,62346.85,226787.28,NPR
2026-01-21,ACC0000003107,492188.1,0.0,0.0,492188.1,NPR
2026-01-21,ACC0000003108,176973.55,45130.45,0.0,222104.0,NPR
2026-01-21,ACC0000003109,362897.93,34522.14,0.0,397420.07,NPR
2026-01-21,ACC0000003110,91224.71,0.0,86276.13,4948.58,NPR
2026-01-21,ACC0000003111,197482.34,37961.13,86738.77,148704.7,NPR
2026-01-21,ACC0000003112,49182.89,0.0,0.0,49182.89,NPR
2026-01-21,ACC0000003113,409554.02,0.0,36308.13,373245.89,NPR
2026-01-21,ACC0000003114,165289.85,0.0,55235.06,110054.79,NPR
2026-01-21,ACC0000003115,492205.16,0.0,77214.15,414991.01,NPR
2026-01-21,ACC0000003116,281779.63,115176.06,52950.09,344005.6,NPR
2026-01-21,ACC0000003117,367849.97,0.0,0.0,367849.97,NPR
2026-01-21,ACC0000003118,59494.7,0.0,41021.84,18472.86,NPR
2026-01-21,ACC0000003119,352840.41,0.0,1858.76,350981.65,NPR
2026-01-21,ACC0000003120,26123.74,0.0,48543.01,-22419.27,NPR
2026-01-21,ACC0000003121,58011.61,0.0,53829.69,4181.92,NPR
2026-01-21,ACC0000003122,251206.61,0.0,100222.17,150984.44,NPR
2026-01-21,ACC0000003123,334725.56,45168.27,43929.32,335964.51,NPR
2026-01-21,ACC0000003124,477169.79,0.0,0.0,477169.79,NPR
2026-01-21,ACC0000003125,434402.99,0.0,58470.48,375932.51,NPR
2026-01-21,ACC0000003126,115113.7,28234.36,37740.37,105607.69,NPR
2026-01-21,ACC0000003127,231679.53,0.0,45182.88,186496.65,NPR
2026-01-21,ACC0000003128,97981.38,0.0,20378.84,77602.54,NPR
2026-01-21,ACC0000003129,63365.75,44032.52,47385.7,60012.57,NPR
2026-01-21,ACC0000003130,295782.81,52365.27,36708.41,311439.67,NPR
2026-01-21,ACC0000003131,484585.52,0.0,49357.64,435227.88,NPR
2026-01-21,ACC0000003132,110167.92,21838.36,146367.38,-14361.1,NPR
2026-01-21,ACC0000003133,122665.65,0.0,91344.5,31321.15,NPR
2026-01-21,ACC0000003134,486827.08,0.0,68.68,486758.4,NPR
2026-01-21,ACC0000003135,417711.34,0.0,0.0,417711.34,NPR
2026-01-21,ACC0000003136,175338.8,44146.05,17016.93,202467.92,NPR
2026-01-21,ACC0000003137,264236.05,0.0,24990.79,239245.26,NPR
2026-01-21,ACC0000003138,256415.49,0.0,69640.8,186774.69,NPR
2026-01-21,ACC0000003139,330596.1,0.0,131159.94,199436.16,NPR
2026-01-21,ACC0000003140,35459.37,0.0,62717.88,-27258.51,NPR
2026-01-21,ACC0000003141,251371.8,55384.67,63099.51,243656.96,NPR
2026-01-21,ACC0000003142,265344.8,0.0,94975.45,170369.35,NPR
2026-01-21,ACC0000003143,201529.18,46301.19,106436.7,141393.67,NPR
2026-01-21,ACC0000003144,401056.27,20671.84,49958.71,371769.4,NPR
2026-01-21,ACC0000003145,163441.96,0.0,42252.65,121189.31,NPR
2026-01-21,ACC0000003146,68459.66,0.0,0.0,68459.66,NPR
2026-01-21,ACC0000003147,26562.04,0.0,32024.02,-5461.98,NPR
2026-01-21,ACC0000003148,479319.71,23029.08,16246.72,486102.07,NPR
2026-01-21,ACC0000003149,336979.93,40280.67,35245.96,342014.64,NPR
2026-01-21,ACC0000003150,233068.47,0.0,0.0,233068.47,NPR
2026-01-21,ACC0000003151,161072.0,0.0,7159.82,153912.18,NPR
2026-01-21,ACC0000003152,176331.39,46602.89,49445.45,173488.83,NPR
2026-01-21,ACC0000003153,415574.5,9573.59,20883.19,404264.9,NPR
2026-01-21,ACC0000003154,183965.24,44789.23,66946.4,161808.07,NPR
2026-01-21,ACC0000003155,332729.41,0.0,131041.99,201687.42,NPR
2026-01-21,ACC0000003156,36668.15,30432.2,9250.28,57850.07,NPR
2026-01-21,ACC0000003157,324094.13,6934.44,51035.75,279992.82,NPR
2026-01-21,ACC0000003158,437055.05,0.0,0.0,437055.05,NPR
2026-01-21,ACC0000003159,137749.0,0.0,102077.16,35671.84,NPR
2026-01-21,ACC0000003160,63720.03,8556.06,69184.81,3091.28,NPR
2026-01-21,ACC0000003161,53859.76,0.0,44129.21,9730.55,NPR
2026-01-21,ACC0000003162,258376.87,0.0,0.0,258376.87,NPR
2026-01-21,ACC0000003163,382588.26,0.0,131300.37,251287.89,NPR
2026-01-21,ACC0000003164,16042.32,0.0,30762.8,-14720.48,NPR
2026-01-21,ACC0000003165,432591.82,23016.27,46823.52,408784.57,NPR
2026-01-21,ACC0000003166,125344.45,0.0,44325.68,81018.77,NPR
2026-01-21,ACC0000003167,412549.7,0.0,0.0,412549.7,NPR
2026-01-21,ACC0000003168,207738.87,35718.72,101277.68,142179.91,NPR
2026-01-21,ACC0000003169,265806.41,0.0,0.0,265806.41,NPR
2026-01-21,ACC0000003170,332948.61,0.0,86830.43,246118.18,NPR
2026-01-21,ACC0000003171,101285.52,0.0,30960.78,70324.74,NPR
2026-01-21,ACC0000003172,445280.96,0.0,70630.8,374650.16,NPR
2026-01-21,ACC0000003173,478505.29,2048.4,59874.77,420678.92,NPR
2026-01-21,ACC0000003174,176988.7,33874.93,40978.74,169884.89,NPR
2026-01-21,ACC0000003175,382712.58,0.0,0.0,382712.58,NPR
2026-01-21,ACC0000003176,481110.05,54645.78,71901.77,463854.06,NPR
2026-01-21,ACC0000003177,364327.48,0.0,16852.64,347474.84,NPR
2026-01-21,ACC0000003178,387313.93,8842.52,63039.88,333116.57,NPR
2026-01-21,ACC0000003179,146572.26,0.0,3827.69,142744.57,NPR
2026-01-21,ACC0000003180,75811.56,0.0,0.0,75811.56,NPR
2026-01-21,ACC0000003181,422503.69,0.0,0.0,422503.69,NPR
2026-01-21,ACC0000003182,45096.05,0.0,0.0,45096.05,NPR
2026-01-21,ACC0000003183,398474.11,49010.52,51415.79,396068.84,NPR
2026-01-21,ACC0000003184,23970.3,0.0,159332.94,-135362.64,NPR
2026-01-21,ACC0000003185,446161.65,33039.46,10293.44,468907.67,NPR
2026-01-21,ACC0000003186,289582.44,0.0,33125.59,256456.85,NPR
2026-01-21,ACC0000003187,214326.42,6684.52,56929.48,164081.46,NPR
2026-01-21,ACC0000003188,376427.87,0.0,131726.5,244701.37,NPR
2026-01-21,ACC0000003189,265674.35,0.0,64896.71,200777.64,NPR
2026-01-21,ACC0000003190,291006.8,47375.57,82930.97,255451.4,NPR
2026-01-21,ACC0000003191,53204.23,32678.73,19969.26,65913.7,NPR
2026-01-21,ACC0000003192,466476.04,16106.75,47334.54,435248.25,NPR
2026-01-21,ACC0000003193,319648.09,33452.38,44984.78,308115.69,NPR
2026-01-21,ACC0000003194,496379.76,0.0,76142.79,420236.97,NPR
2026-01-21,ACC0000003195,171186.81,0.0,47307.56,123879.25,NPR
2026-01-21,ACC0000003196,379608.28,93535.33,2615.8,470527.81,NPR
2026-01-21,ACC0000003197,78810.87,55457.62,91126.71,43141.78,NPR
2026-01-21,ACC0000003198,33310.37,0.0,7470.5,25839.87,NPR
2026-01-21,ACC0000003199,72351.84,38115.63,42442.83,68024.64,NPR
2026-01-21,ACC0000003200,174944.63,0.0,47228.0,127716.63,NPR
2026-01-21,ACC0000003201,440158.71,0.0,58938.22,381220.49,NPR
2026-01-21,ACC0000003202,186821.41,0.0,11306.6,175514.81,NPR
2026-01-21,ACC0000003203,183038.63,2590.88,136904.33,48725.18,NPR
2026-01-21,ACC0000003204,399109.36,0.0,1814.12,397295.24,NPR
2026-01-21,ACC0000003205,73604.87,129569.15,82055.0,121119.02,NPR
2026-01-21,ACC0000003206,256487.67,0.0,14313.74,242173.93,NPR
2026-01-21,ACC0000003207,30271.88,17677.04,31799.6,16149.32,NPR
2026-01-21,ACC0000003208,402239.3,0.0,59876.94,342362.36,NPR
2026-01-21,ACC0000003209,338831.04,1484.81,152363.97,187951.88,NPR
2026-01-21,ACC0000003210,476949.42,0.0,142681.5,334267.92,NPR
2026-01-21,ACC0000003211,251679.4,0.0,17625.04,234054.36,NPR
2026-01-21,ACC0000003212,223140.75,0.0,64644.28,158496.47,NPR
2026-01-21,ACC0000003213,322694.27,22510.74,39882.05,305322.96,NPR
2026-01-21,ACC0000003214,219720.15,0.0,141317.7,78402.45,NPR
2026-01-21,ACC0000003215,62129.58,48788.33,63208.25,47709.66,NPR
2026-01-21,ACC0000003216,58004.53,45569.16,61265.97,42307.72,NPR
2026-01-21,ACC0000003217,107782.02,27198.94,12604.38,122376.58,NPR
2026-01-21,ACC0000003218,308338.22,30519.86,62912.4,275945.68,NPR
2026-01-21,ACC0000003219,166785.15,0.0,23074.89,143710.26,NPR
2026-01-21,ACC0000003220,206264.86,0.0,176392.19,29872.67,NPR
2026-01-21,ACC0000003221,326235.38,0.0,189218.38,137017.0,NPR
2026-01-21,ACC0000003222,54545.86,32122.01,65169.92,21497.95,NPR
2026-01-21,ACC0000003223,449807.81,0.0,18607.18,431200.63,NPR
2026-01-21,ACC0000003224,496742.16,0.0,20544.87,476197.29,NPR
2026-01-21,ACC0000003225,215178.59,33399.65,71446.63,177131.61,NPR
2026-01-21,ACC0000003226,224561.17,35546.24,7457.64,252649.77,NPR
2026-01-21,ACC0000003227,433180.44,38977.97,98163.92,373994.49,NPR
2026-01-21,ACC0000003228,119066.14,1696.38,35749.47,85013.05,NPR
2026-01-21,ACC0000003229,385021.47,0.0,41532.46,343489.01,NPR
2026-01-21,ACC0000003230,26234.57,0.0,83519.26,-57284.69,NPR
2026-01-21,ACC0000003231,459503.06,13017.24,36749.41,435770.89,NPR
2026-01-21,ACC0000003232,482338.1,0.0,106093.51,376244.59,NPR
2026-01-21,ACC0000003233,16374.77,46565.26,83364.66,-20424.63,NPR
2026-01-21,ACC0000003234,463552.34,0.0,0.0,463552.34,NPR
2026-01-21,ACC0000003235,373555.14,0.0,62490.85,311064.29,NPR
2026-01-21,ACC0000003236,176047.49,64074.51,5325.8,234796.2,NPR
2026-01-21,ACC0000003237,75227.39,4203.23,114678.33,-35247.71,NPR
2026-01-21,ACC0000003238,397439.32,0.0,33373.07,364066.25,NPR
2026-01-21,ACC0000003239,427502.96,16148.65,25602.91,418048.7,NPR
2026-01-21,ACC0000003240,48797.65,0.0,13811.26,34986.39,NPR
2026-01-21,ACC0000003241,461839.53,0.0,0.0,461839.53,NPR
2026-01-21,ACC0000003242,326746.04,2792.24,9641.23,319897.05,NPR
2026-01-21,ACC0000003243,429144.87,0.0,43157.25,385987.62,NPR
2026-01-21,ACC0000003244,310784.24,0.0,28399.78,282384.46,NPR
2026-01-21,ACC0000003245,80226.19,35200.21,56825.3,58601.1,NPR
2026-01-21,ACC0000003246,392232.48,0.0,13030.44,379202.04,NPR
2026-01-21,ACC0000003247,499940.3,0.0,59058.33,440881.97,NPR
2026-01-21,ACC0000003248,257441.76,0.0,36727.45,220714.31,NPR
2026-01-21,ACC0000003249,292020.48,0.0,38259.02,253761.46,NPR
2026-01-21,ACC0000003250,41028.85,0.0,10790.48,30238.37,NPR
2026-01-21,ACC0000003251,335299.87,0.0,0.0,335299.87,NPR
2026-01-21,ACC0000003252,8354.0,29812.57,30561.4,7605.17,NPR
2026-01-21,ACC0000003253,355551.22,0.0,82461.41,273089.81,NPR
2026-01-21,ACC0000003254,81070.52,38434.15,29071.72,90432.95,NPR
2026-01-21,ACC0000003255,164385.77,9330.5,46649.39,127066.88,NPR
2026-01-21,ACC0000003256,330840.51,0.0,59357.53,271482.98,NPR
2026-01-21,ACC0000003257,414381.8,10768.34,0.0,425150.14,NPR
2026-01-21,ACC0000003258,78854.67,0.0,56560.43,22294.24,NPR
2026-01-21,ACC0000003259,352752.1,116282.48,9239.59,459794.99,NPR
2026-01-21,ACC0000003260,59759.74,0.0,113656.38,-53896.64,NPR
2026-01-21,ACC0000003261,4828.51,16415.24,63416.67,-42172.92,NPR
2026-01-21,ACC0000003262,321616.59,24374.34,21030.89,324960.04,NPR
2026-01-21,ACC0000003263,153453.98,0.0,62727.15,90726.83,NPR
2026-01-21,ACC0000003264,352615.63,0.0,0.0,352615.63,NPR
2026-01-21,ACC0000003265,314487.1,0.0,90219.37,224267.73,NPR
2026-01-21,ACC0000003266,221810.4,43311.61,30631.23,234490.78,NPR
2026-01-21,ACC0000003267,84987.26,26439.86,71523.48,39903.64,NPR
2026-01-21,ACC0000003268,172223.39,43978.75,53456.36,162745.78,NPR
2026-01-21,ACC0000003269,7697.49,0.0,108521.84,-100824.35,NPR
2026-01-21,ACC0000003270,274144.75,0.0,113461.92,160682.83,NPR
2026-01-21,ACC0000003271,161196.66,0.0,27120.37,134076.29,NPR
2026-01-21,ACC0000003272,473943.96,0.0,46129.67,427814.29,NPR
2026-01-21,ACC0000003273,327367.48,0.0,0.0,327367.48,NPR
2026-01-21,ACC0000003274,325238.55,0.0,89307.01,235931.54,NPR
2026-01-21,ACC0000003275,299286.21,21533.01,77818.19,243001.03,NPR
2026-01-21,ACC0000003276,247147.97,0.0,2588.48,244559.49,NPR
2026-01-21,ACC0000003277,431064.9,0.0,26693.17,404371.73,NPR
2026-01-21,ACC0000003278,308752.53,103258.93,39122.08,372889.38,NPR
2026-01-21,ACC0000003279,381981.17,0.0,0.0,381981.17,NPR
2026-01-21,ACC0000003280,36472.99,10707.75,74211.58,-27030.84,NPR
2026-01-21,ACC0000003281,244399.88,0.0,59092.95,185306.93,NPR
2026-01-21,ACC0000003282,8157.05,0.0,49523.37,-41366.32,NPR
2026-01-21,ACC0000003283,379459.38,27995.73,53530.1,353925.01,NPR
2026-01-21,ACC0000003284,390448.22,0.0,0.0,390448.22,NPR
2026-01-21,ACC0000003285,253983.86,0.0,0.0,253983.86,NPR
2026-01-21,ACC0000003286,254769.39,0.0,17517.43,237251.96,NPR
2026-01-21,ACC0000003287,421031.51,0.0,65717.39,355314.12,NPR
2026-01-21,ACC0000003288,102191.35,0.0,99838.02,2353.33,NPR
2026-01-21,ACC0000003289,64420.38,39236.48,110973.85,-7316.99,NPR
2026-01-21,ACC0000003290,73326.24,0.0,74580.38,-1254.14,NPR
2026-01-21,ACC0000003291,369738.12,32202.68,45813.05,356127.75,NPR
2026-01-21,ACC0000003292,31516.12,21587.07,19407.27,33695.92,NPR
2026-01-21,ACC0000003293,399207.89,0.0,13115.74,386092.15,NPR
2026-01-21,ACC0000003294,189459.88,0.0,77775.42,111684.46,NPR
2026-01-21,ACC0000003295,4832.03,41980.02,66146.63,-19334.58,NPR
2026-01-21,ACC0000003296,47911.81,0.0,11794.02,36117.79,NPR
2026-01-21,ACC0000003297,87010.48,5933.28,0.0,92943.76,NPR
2026-01-21,ACC0000003298,476317.57,0.0,9691.91,466625.66,NPR
2026-01-21,ACC0000003299,299430.4,0.0,0.0,299430.4,NPR
2026-01-21,ACC0000003300,277698.79,0.0,11249.86,266448.93,NPR
2026-01-21,ACC0000003301,456855.79,17787.16,66159.17,408483.78,NPR
2026-01-21,ACC0000003302,188918.04,0.0,8090.13,180827.91,NPR
2026-01-21,ACC0000003303,234201.44,0.0,37231.51,196969.93,NPR
2026-01-21,ACC0000003304,8581.04,11046.28,39814.23,-20186.91,NPR
2026-01-21,ACC0000003305,43789.16,0.0,114692.58,-70903.42,NPR
2026-01-21,ACC0000003306,340802.85,70232.19,0.0,411035.04,NPR
2026-01-21,ACC0000003307,148784.3,0.0,37455.58,111328.72,NPR
2026-01-21,ACC0000003308,420053.66,0.0,102267.08,317786.58,NPR
2026-01-21,ACC0000003309,413394.51,46180.71,20609.56,438965.66,NPR
2026-01-21,ACC0000003310,321366.26,58017.72,30345.73,349038.25,NPR
2026-01-21,ACC0000003311,132948.87,7094.08,24754.9,115288.05,NPR
2026-01-21,ACC0000003312,217084.4,27478.51,68872.21,175690.7,NPR
2026-01-21,ACC0000003313,404004.03,0.0,88981.2,315022.83,NPR
2026-01-21,ACC0000003314,102448.44,0.0,49849.96,52598.48,NPR
2026-01-21,ACC0000003315,213496.63,37950.27,187342.23,64104.67,NPR
2026-01-21,ACC0000003316,1559.48,0.0,73233.91,-71674.43,NPR
2026-01-21,ACC0000003317,462601.34,19638.08,23005.43,459233.99,NPR
2026-01-21,ACC0000003318,306498.66,0.0,19188.86,287309.8,NPR
2026-01-21,ACC0000003319,436596.7,0.0,56439.7,380157.0,NPR
2026-01-21,ACC0000003320,26501.89,0.0,32907.8,-6405.91,NPR
2026-01-21,ACC0000003321,293028.53,33443.04,26082.78,300388.79,NPR
2026-01-21,ACC0000003322,289898.44,12211.21,19383.48,282726.17,NPR
2026-01-21,ACC0000003323,436416.09,0.0,0.0,436416.09,NPR
2026-01-21,ACC0000003324,266388.17,0.0,137435.76,128952.41,NPR
2026-01-21,ACC0000003325,444522.37,0.0,0.0,444522.37,NPR
2026-01-21,ACC0000003326,59494.39,0.0,0.0,59494.39,NPR
2026-01-21,ACC0000003327,413588.89,0.0,31270.64,382318.25,NPR
2026-01-21,ACC0000003328,491229.93,0.0,0.0,491229.93,NPR
2026-01-21,ACC0000003329,134591.25,0.0,52690.39,81900.86,NPR
2026-01-21,ACC0000003330,1841.87,25224.04,43886.65,-16820.74,NPR
2026-01-21,ACC0000003331,483244.62,0.0,64860.18,418384.44,NPR
2026-01-21,ACC0000003332,332130.92,0.0,94110.78,238020.14,NPR
2026-01-21,ACC0000003333,411696.67,19038.78,68580.39,362155.06,NPR
2026-01-21,ACC0000003334,234734.03,0.0,31640.72,203093.31,NPR
2026-01-21,ACC0000003335,65207.49,106050.43,6416.15,164841.77,NPR
2026-01-21,ACC0000003336,428827.39,0.0,112756.44,316070.95,NPR
2026-01-21,ACC0000003337,357328.37,41467.87,17280.42,381515.82,NPR
2026-01-21,ACC0000003338,86082.77,0.0,57715.78,28366.99,NPR
2026-01-21,ACC0000003339,463080.8,0.0,150947.58,312133.22,NPR
2026-01-21,ACC0000003340,83538.94,0.0,181260.63,-97721.69,NPR
2026-01-21,ACC0000003341,340806.12,24948.43,7882.85,357871.7,NPR
2026-01-21,ACC0000003342,231278.68,0.0,70686.91,160591.77,NPR
2026-01-21,ACC0000003343,391655.32,0.0,0.0,391655.32,NPR
2026-01-21,ACC0000003344,225708.63,0.0,0.0,225708.63,NPR
2026-01-21,ACC0000003345,114584.24,40358.39,81274.93,73667.7,NPR
2026-01-21,ACC0000003346,401587.37,0.0,31295.27,370292.1,NPR
2026-01-21,ACC0000003347,1767.27,49661.46,5504.64,45924.09,NPR
2026-01-21,ACC0000003348,55185.32,0.0,115182.75,-59997.43,NPR
2026-01-21,ACC0000003349,188069.53,0.0,0.0,188069.53,NPR
2026-01-21,ACC0000003350,63506.81,0.0,121114.82,-57608.01,NPR
2026-01-21,ACC0000003351,275171.55,0.0,49859.26,225312.29,NPR
2026-01-21,ACC0000003352,33454.31,0.0,13219.88,20234.43,NPR
2026-01-21,ACC0000003353,392958.47,0.0,0.0,392958.47,NPR
2026-01-21,ACC0000003354,16925.72,0.0,41470.61,-24544.89,NPR
2026-01-21,ACC0000003355,496671.64,0.0,39262.09,457409.55,NPR
2026-01-21,ACC0000003356,140446.19,75686.94,14312.24,201820.89,NPR
2026-01-21,ACC0000003357,398212.04,0.0,75382.55,322829.49,NPR
2026-01-21,ACC0000003358,46135.9,8993.8,0.0,55129.7,NPR
2026-01-21,ACC0000003359,13090.04,0.0,0.0,13090.04,NPR
2026-01-21,ACC0000003360,99156.13,88381.75,107959.72,79578.16,NPR
2026-01-21,ACC0000003361,153426.22,0.0,72678.04,80748.18,NPR
2026-01-21,ACC0000003362,447023.55,29760.84,48731.0,428053.39,NPR
2026-01-21,ACC0000003363,282728.87,0.0,53570.77,229158.1,NPR
2026-01-21,ACC0000003364,99885.33,0.0,142100.32,-42214.99,NPR
2026-01-21,ACC0000003365,398310.07,0.0,77637.84,320672.23,NPR
2026-01-21,ACC0000003366,94407.17,0.0,0.0,94407.17,NPR
2026-01-21,ACC0000003367,345503.98,0.0,46594.77,298909.21,NPR
2026-01-21,ACC0000003368,289677.63,20622.76,6698.65,303601.74,NPR
2026-01-21,ACC0000003369,103401.86,0.0,50432.64,52969.22,NPR
2026-01-21,ACC0000003370,35437.58,0.0,0.0,35437.58,NPR
2026-01-21,ACC0000003371,304474.43,41564.23,33432.0,312606.66,NPR
2026-01-21,ACC0000003372,23682.93,3824.66,0.0,27507.59,NPR
2026-01-21,ACC0000003373,93246.93,0.0,0.0,93246.93,NPR
2026-01-21,ACC0000003374,442971.8,0.0,37380.38,405591.42,NPR
2026-01-21,ACC0000003375,406263.11,1339.01,0.0,407602.12,NPR
2026-01-21,ACC0000003376,398882.82,25562.62,19635.24,404810.2,NPR
2026-01-21,ACC0000003377,449793.85,0.0,6067.07,443726.78,NPR
2026-01-21,ACC0000003378,314981.88,10900.27,91373.49,234508.66,NPR
2026-01-21,ACC0000003379,127047.92,0.0,25359.17,101688.75,NPR
2026-01-21,ACC0000003380,325911.02,0.0,84844.88,241066.14,NPR
2026-01-21,ACC0000003381,313226.38,0.0,69480.44,243745.94,NPR
2026-01-21,ACC0000003382,226297.94,27190.94,73569.97,179918.91,NPR
2026-01-21,ACC0000003383,117294.68,0.0,37261.69,80032.99,NPR
2026-01-21,ACC0000003384,379381.3,0.0,141009.35,238371.95,NPR
2026-01-21,ACC0000003385,267616.2,61943.71,41599.91,287960.0,NPR
2026-01-21,ACC0000003386,107522.94,0.0,35939.14,71583.8,NPR
2026-01-21,ACC0000003387,124810.57,0.0,36157.83,88652.74,NPR
2026-01-21,ACC0000003388,228203.69,0.0,0.0,228203.69,NPR
2026-01-21,ACC0000003389,75622.39,0.0,61012.3,14610.09,NPR
2026-01-21,ACC0000003390,490372.25,0.0,22166.47,468205.78,NPR
2026-01-21,ACC0000003391,196860.43,36584.58,0.0,233445.01,NPR
2026-01-21,ACC0000003392,295327.73,38785.56,30978.45,303134.84,NPR
2026-01-21,ACC0000003393,365558.46,0.0,61828.85,303729.61,NPR
2026-01-21,ACC0000003394,368219.98,0.0,0.0,368219.98,NPR
2026-01-21,ACC0000003395,17059.17,0.0,28650.29,-11591.12,NPR
2026-01-21,ACC0000003396,480890.47,0.0,70941.5,409948.97,NPR
2026-01-21,ACC0000003397,434171.8,0.0,73226.7,360945.1,NPR
2026-01-21,ACC0000003398,495876.55,43911.15,39215.55,500572.15,NPR
2026-01-21,ACC0000003399,313388.35,0.0,66764.82,246623.53,NPR
2026-01-21,ACC0000003400,371178.79,0.0,70216.44,300962.35,NPR
2026-01-21,ACC0000003401,287362.41,34505.67,0.0,321868.08,NPR
2026-01-21,ACC0000003402,52685.96,0.0,34071.52,18614.44,NPR
2026-01-21,ACC0000003403,460364.65,0.0,116326.1,344038.55,NPR
2026-01-21,ACC0000003404,5207.77,0.0,0.0,5207.77,NPR
2026-01-21,ACC0000003405,210709.0,0.0,0.0,210709.0,NPR
2026-01-21,ACC0000003406,164301.13,0.0,52053.96,112247.17,NPR
2026-01-21,ACC0000003407,400808.73,0.0,26961.01,373847.72,NPR
2026-01-21,ACC0000003408,259085.89,0.0,18271.73,240814.16,NPR
2026-01-21,ACC0000003409,56286.48,0.0,41341.19,14945.29,NPR
2026-01-21,ACC0000003410,410846.79,0.0,63786.4,347060.39,NPR
2026-01-21,ACC0000003411,435406.93,19520.1,43885.82,411041.21,NPR
2026-01-21,ACC0000003412,362132.32,0.0,124300.42,237831.9,NPR
2026-01-21,ACC0000003413,463958.6,32226.52,24652.08,471533.04,NPR
2026-01-21,ACC0000003414,287791.52,24154.22,71237.19,240708.55,NPR
2026-01-21,ACC0000003415,350556.32,44438.26,103253.03,291741.55,NPR
2026-01-21,ACC0000003416,303507.35,0.0,0.0,303507.35,NPR
2026-01-21,ACC0000003417,240542.03,34928.97,0.0,275471.0,NPR
2026-01-21,ACC0000003418,199366.91,0.0,0.0,199366.91,NPR
2026-01-21,ACC0000003419,147527.53,33818.12,9857.02,171488.63,NPR
2026-01-21,ACC0000003420,306675.32,0.0,63279.75,243395.57,NPR
2026-01-21,ACC0000003421,37559.18,0.0,0.0,37559.18,NPR
2026-01-21,ACC0000003422,344187.67,0.0,81797.56,262390.11,NPR
2026-01-21,ACC0000003423,120641.35,0.0,65831.41,54809.94,NPR
2026-01-21,ACC0000003424,58321.68,11941.44,98720.66,-28457.54,NPR
2026-01-21,ACC0000003425,423974.18,0.0,37991.44,385982.74,NPR
2026-01-21,ACC0000003426,15291.51,0.0,29407.92,-14116.41,NPR
2026-01-21,ACC0000003427,445753.96,0.0,11361.72,434392.24,NPR
2026-01-21,ACC0000003428,373550.08,12695.65,23510.37,362735.36,NPR
2026-01-21,ACC0000003429,399492.3,40146.25,87775.47,351863.08,NPR
2026-01-21,ACC0000003430,82875.3,14043.83,0.0,96919.13,NPR
2026-01-21,ACC0000003431,218020.03,10553.92,104731.13,123842.82,NPR
2026-01-21,ACC0000003432,156404.51,19093.95,63959.52,111538.94,NPR
2026-01-21,ACC0000003433,223784.91,126285.1,0.0,350070.01,NPR
2026-01-21,ACC0000003434,339214.58,15632.0,41268.7,313577.88,NPR
2026-01-21,ACC0000003435,397269.71,0.0,59925.73,337343.98,NPR
2026-01-21,ACC0000003436,6434.55,8560.47,22032.82,-7037.8,NPR
2026-01-21,ACC0000003437,485564.34,0.0,35028.32,450536.02,NPR
2026-01-21,ACC0000003438,258446.55,0.0,0.0,258446.55,NPR
2026-01-21,ACC0000003439,403601.82,0.0,0.0,403601.82,NPR
2026-01-21,ACC0000003440,376062.57,0.0,0.0,376062.57,NPR
2026-01-21,ACC0000003441,45434.69,0.0,77385.45,-31950.76,NPR
2026-01-21,ACC0000003442,101002.19,0.0,122346.27,-21344.08,NPR
2026-01-21,ACC0000003443,55791.41,0.0,25345.55,30445.86,NPR
2026-01-21,ACC0000003444,38347.84,26736.05,38396.55,26687.34,NPR
2026-01-21,ACC0000003445,240635.16,0.0,0.0,240635.16,NPR
2026-01-21,ACC0000003446,192883.25,0.0,77204.05,115679.2,NPR
2026-01-21,ACC0000003447,371727.28,15721.08,130361.84,257086.52,NPR
2026-01-21,ACC0000003448,289337.69,0.0,0.0,289337.69,NPR
2026-01-21,ACC0000003449,324882.43,0.0,40954.7,283927.73,NPR
2026-01-21,ACC0000003450,210126.65,6251.49,63010.18,153367.96,NPR
2026-01-21,ACC0000003451,404813.33,0.0,44100.6,360712.73,NPR
2026-01-21,ACC0000003452,340014.02,0.0,0.0,340014.02,NPR
2026-01-21,ACC0000003453,62151.58,0.0,158.66,61992.92,NPR
2026-01-21,ACC0000003454,195047.26,0.0,100810.23,94237.03,NPR
2026-01-21,ACC0000003455,72850.85,0.0,33061.31,39789.54,NPR
2026-01-21,ACC0000003456,211818.83,76055.92,21037.88,266836.87,NPR
2026-01-21,ACC0000003457,165842.24,0.0,29514.52,136327.72,NPR
2026-01-21,ACC0000003458,445559.99,60804.72,34042.81,472321.9,NPR
2026-01-21,ACC0000003459,13617.53,0.0,75579.99,-61962.46,NPR
2026-01-21,ACC0000003460,251170.68,0.0,27163.81,224006.87,NPR
2026-01-21,ACC0000003461,284795.9,17439.47,71956.9,230278.47,NPR
2026-01-21,ACC0000003462,59280.8,0.0,15307.58,43973.22,NPR
2026-01-21,ACC0000003463,60095.09,13767.75,27668.95,46193.89,NPR
2026-01-21,ACC0000003464,414620.79,0.0,0.0,414620.79,NPR
2026-01-21,ACC0000003465,15575.36,0.0,79845.78,-64270.42,NPR
2026-01-21,ACC0000003466,16093.37,0.0,38408.09,-22314.72,NPR
2026-01-21,ACC0000003467,357682.26,0.0,0.0,357682.26,NPR
2026-01-21,ACC0000003468,152426.74,0.0,28084.82,124341.92,NPR
2026-01-21,ACC0000003469,123816.6,0.0,49579.77,74236.83,NPR
2026-01-21,ACC0000003470,189653.55,0.0,41577.2,148076.35,NPR
2026-01-21,ACC0000003471,254381.88,0.0,47514.81,206867.07,NPR
2026-01-21,ACC0000003472,419140.93,0.0,70076.11,349064.82,NPR
2026-01-21,ACC0000003473,388742.19,2289.63,7063.51,383968.31,NPR
2026-01-21,ACC0000003474,189001.57,0.0,19687.79,169313.78,NPR
2026-01-21,ACC0000003475,409247.92,0.0,33950.9,375297.02,NPR
2026-01-21,ACC0000003476,464525.93,0.0,222611.32,241914.61,NPR
2026-01-21,ACC0000003477,142047.37,13746.78,90602.13,65192.02,NPR
2026-01-21,ACC0000003478,235871.73,1724.86,25808.25,211788.34,NPR
2026-01-21,ACC0000003479,435612.63,0.0,0.0,435612.63,NPR
2026-01-21,ACC0000003480,382304.35,0.0,0.0,382304.35,NPR
2026-01-21,ACC0000003481,411425.66,0.0,0.0,411425.66,NPR
2026-01-21,ACC0000003482,309672.52,37286.2,52942.83,294015.89,NPR
2026-01-21,ACC0000003483,226377.37,48217.99,3495.61,271099.75,NPR
2026-01-21,ACC0000003484,84546.8,0.0,0.0,84546.8,NPR
2026-01-21,ACC0000003485,217273.68,0.0,0.0,217273.68,NPR
2026-01-21,ACC0000003486,424212.8,31246.89,60398.84,395060.85,NPR
2026-01-21,ACC0000003487,487996.18,29915.73,121668.47,396243.44,NPR
2026-01-21,ACC0000003488,92364.18,0.0,58382.6,33981.58,NPR
2026-01-21,ACC0000003489,360648.73,0.0,17112.62,343536.11,NPR
2026-01-21,ACC0000003490,405068.92,0.0,0.0,405068.92,NPR
2026-01-21,ACC0000003491,390943.04,27262.33,49048.87,369156.5,NPR
2026-01-21,ACC0000003492,28918.14,0.0,155539.2,-126621.06,NPR
2026-01-21,ACC0000003493,317942.74,0.0,110601.01,207341.73,NPR
2026-01-21,ACC0000003494,387845.57,26905.12,69839.26,344911.43,NPR
2026-01-21,ACC0000003495,91315.93,0.0,38071.77,53244.16,NPR
2026-01-21,ACC0000003496,217632.23,0.0,144402.49,73229.74,NPR
2026-01-21,ACC0000003497,3117.16,575.25,10996.27,-7303.86,NPR
2026-01-21,ACC0000003498,321857.98,0.0,10575.67,311282.31,NPR
2026-01-21,ACC0000003499,113839.61,36989.53,36028.4,114800.74,NPR
2026-01-21,ACC0000003500,492275.19,0.0,0.0,492275.19,NPR
2026-01-21,ACC0000003501,309804.56,0.0,0.0,309804.56,NPR
2026-01-21,ACC0000003502,169040.45,0.0,107140.97,61899.48,NPR
2026-01-21,ACC0000003503,420735.92,0.0,11133.77,409602.15,NPR
2026-01-21,ACC0000003504,219935.87,0.0,0.0,219935.87,NPR
2026-01-21,ACC0000003505,134415.3,0.0,42631.04,91784.26,NPR
2026-01-21,ACC0000003506,114383.23,0.0,116475.03,-2091.8,NPR
2026-01-21,ACC0000003507,301251.64,15397.54,179908.77,136740.41,NPR
2026-01-21,ACC0000003508,473962.16,0.0,208716.58,265245.58,NPR
2026-01-21,ACC0000003509,194488.66,9129.24,27090.9,176527.0,NPR
2026-01-21,ACC0000003510,16333.58,0.0,57631.05,-41297.47,NPR
2026-01-21,ACC0000003511,442725.7,0.0,22771.2,419954.5,NPR
2026-01-21,ACC0000003512,374431.59,10225.16,48071.41,336585.34,NPR
2026-01-21,ACC0000003513,257989.75,0.0,0.0,257989.75,NPR
2026-01-21,ACC0000003514,316776.42,12012.87,44367.31,284421.98,NPR
2026-01-21,ACC0000003515,244081.66,0.0,103532.96,140548.7,NPR
2026-01-21,ACC0000003516,211221.15,0.0,0.0,211221.15,NPR
2026-01-21,ACC0000003517,32566.41,0.0,16228.2,16338.21,NPR
2026-01-21,ACC0000003518,374031.04,0.0,17279.95,356751.09,NPR
2026-01-21,ACC0000003519,187164.28,0.0,0.0,187164.28,NPR
2026-01-21,ACC0000003520,490402.73,0.0,74291.81,416110.92,NPR
2026-01-21,ACC0000003521,254689.92,34799.84,47320.39,242169.37,NPR
2026-01-21,ACC0000003522,59085.64,34394.61,61026.81,32453.44,NPR
2026-01-21,ACC0000003523,61061.49,32352.93,47990.19,45424.23,NPR
2026-01-21,ACC0000003524,467078.88,0.0,0.0,467078.88,NPR
2026-01-21,ACC0000003525,156337.34,0.0,82872.0,73465.34,NPR
2026-01-21,ACC0000003526,324194.88,83967.2,55430.09,352731.99,NPR
2026-01-21,ACC0000003527,356475.57,24987.72,28722.32,352740.97,NPR
2026-01-21,ACC0000003528,116380.74,0.0,139460.18,-23079.44,NPR
2026-01-21,ACC0000003529,170729.4,0.0,0.0,170729.4,NPR
2026-01-21,ACC0000003530,456016.97,17276.68,96475.03,376818.62,NPR
2026-01-21,ACC0000003531,399676.55,35318.03,11538.34,423456.24,NPR
2026-01-21,ACC0000003532,69566.73,0.0,0.0,69566.73,NPR
2026-01-21,ACC0000003533,357705.3,0.0,38632.78,319072.52,NPR
2026-01-21,ACC0000003534,294520.04,0.0,50778.85,243741.19,NPR
2026-01-21,ACC0000003535,284615.24,0.0,66292.13,218323.11,NPR
2026-01-21,ACC0000003536,260860.66,0.0,9733.5,251127.16,NPR
2026-01-21,ACC0000003537,109814.94,0.0,72601.29,37213.65,NPR
2026-01-21,ACC0000003538,89574.17,0.0,308.25,89265.92,NPR
2026-01-21,ACC0000003539,78915.97,0.0,12062.4,66853.57,NPR
2026-01-21,ACC0000003540,461724.47,57064.5,62465.71,456323.26,NPR
2026-01-21,ACC0000003541,67931.59,0.0,124169.76,-56238.17,NPR
2026-01-21,ACC0000003542,79613.46,0.0,30378.38,49235.08,NPR
2026-01-21,ACC0000003543,179891.1,6118.41,203194.84,-17185.33,NPR
2026-01-21,ACC0000003544,174453.46,2411.0,74478.41,102386.05,NPR
2026-01-21,ACC0000003545,24593.48,0.0,0.0,24593.48,NPR
2026-01-21,ACC0000003546,314469.45,0.0,184093.57,130375.88,NPR
2026-01-21,ACC0000003547,433211.8,0.0,69133.64,364078.16,NPR
2026-01-21,ACC0000003548,339896.33,0.0,0.0,339896.33,NPR
2026-01-21,ACC0000003549,246097.02,0.0,129139.97,116957.05,NPR
2026-01-21,ACC0000003550,214976.92,75195.31,82303.11,207869.12,NPR
2026-01-21,ACC0000003551,421061.15,22160.58,26539.48,416682.25,NPR
2026-01-21,ACC0000003552,261465.97,0.0,1778.46,259687.51,NPR
2026-01-21,ACC0000003553,124541.19,0.0,55935.75,68605.44,NPR
2026-01-21,ACC0000003554,63597.01,0.0,16996.65,46600.36,NPR
2026-01-21,ACC0000003555,340765.74,0.0,0.0,340765.74,NPR
2026-01-21,ACC0000003556,227497.23,12736.82,55602.07,184631.98,NPR
2026-01-21,ACC0000003557,102237.86,0.0,49280.42,52957.44,NPR
2026-01-21,ACC0000003558,470128.29,3244.1,24940.82,448431.57,NPR
2026-01-21,ACC0000003559,153808.96,0.0,0.0,153808.96,NPR
2026-01-21,ACC0000003560,283487.07,0.0,64116.69,219370.38,NPR
2026-01-21,ACC0000003561,396003.88,0.0,23608.28,372395.6,NPR
2026-01-21,ACC0000003562,423478.94,0.0,0.0,423478.94,NPR
2026-01-21,ACC0000003563,66017.66,24330.43,49246.7,41101.39,NPR
2026-01-21,ACC0000003564,67395.43,0.0,52081.29,15314.14,NPR
2026-01-21,ACC0000003565,4600.31,0.0,57280.84,-52680.53,NPR
2026-01-21,ACC0000003566,333986.11,0.0,1306.09,332680.02,NPR
2026-01-21,ACC0000003567,268638.82,0.0,35418.47,233220.35,NPR
2026-01-21,ACC0000003568,241562.6,0.0,55032.81,186529.79,NPR
2026-01-21,ACC0000003569,261906.63,0.0,0.0,261906.63,NPR
2026-01-21,ACC0000003570,276119.32,13133.89,74411.99,214841.22,NPR
2026-01-21,ACC0000003571,117104.3,0.0,50249.19,66855.11,NPR
2026-01-21,ACC0000003572,487390.03,7114.89,70798.21,423706.71,NPR
2026-01-21,ACC0000003573,169161.44,0.0,86009.16,83152.28,NPR
2026-01-21,ACC0000003574,135793.81,44083.98,19824.16,160053.63,NPR
2026-01-21,ACC0000003575,133789.95,0.0,0.0,133789.95,NPR
2026-01-21,ACC0000003576,472761.75,0.0,27284.69,445477.06,NPR
2026-01-21,ACC0000003577,295439.87,0.0,0.0,295439.87,NPR
2026-01-21,ACC0000003578,206058.81,43966.98,55155.77,194870.02,NPR
2026-01-21,ACC0000003579,173907.45,0.0,46884.08,127023.37,NPR
2026-01-21,ACC0000003580,179362.18,0.0,0.0,179362.18,NPR
2026-01-21,ACC0000003581,143231.32,0.0,85532.03,57699.29,NPR
2026-01-21,ACC0000003582,87562.76,0.0,51049.85,36512.91,NPR
2026-01-21,ACC0000003583,55863.77,0.0,0.0,55863.77,NPR
2026-01-21,ACC0000003584,106693.38,0.0,0.0,106693.38,NPR
2026-01-21,ACC0000003585,391680.2,36528.79,18320.11,409888.88,NPR
2026-01-21,ACC0000003586,446292.73,28066.49,15909.24,458449.98,NPR
2026-01-21,ACC0000003587,370335.03,0.0,4259.63,366075.4,NPR
2026-01-21,ACC0000003588,314884.34,0.0,7877.34,307007.0,NPR
2026-01-21,ACC0000003589,106435.44,22567.65,91826.16,37176.93,NPR
2026-01-21,ACC0000003590,53019.2,32559.49,143040.57,-57461.88,NPR
2026-01-21,ACC0000003591,261526.55,0.0,24817.71,236708.84,NPR
2026-01-21,ACC0000003592,9868.2,5825.51,66263.32,-50569.61,NPR
2026-01-21,ACC0000003593,475457.6,0.0,144574.55,330883.05,NPR
2026-01-21,ACC0000003594,133471.17,42270.91,45181.02,130561.06,NPR
2026-01-21,ACC0000003595,311875.8,26296.61,42439.16,295733.25,NPR
2026-01-21,ACC0000003596,217273.46,0.0,0.0,217273.46,NPR
2026-01-21,ACC0000003597,210045.44,0.0,112726.24,97319.2,NPR
2026-01-21,ACC0000003598,449916.46,48355.49,96867.28,401404.67,NPR
2026-01-21,ACC0000003599,157983.59,14154.14,24187.87,147949.86,NPR
2026-01-21,ACC0000003600,188389.46,0.0,42435.64,145953.82,NPR
2026-01-21,ACC0000003601,443181.77,11000.29,44457.02,409725.04,NPR
2026-01-21,ACC0000003602,221583.58,0.0,45455.31,176128.27,NPR
2026-01-21,ACC0000003603,272427.81,0.0,34884.52,237543.29,NPR
2026-01-21,ACC0000003604,374255.78,45290.49,35013.24,384533.03,NPR
2026-01-21,ACC0000003605,90551.43,33201.89,22573.19,101180.13,NPR
2026-01-21,ACC0000003606,154355.68,0.0,49842.16,104513.52,NPR
2026-01-21,ACC0000003607,216784.59,0.0,128635.23,88149.36,NPR
2026-01-21,ACC0000003608,130579.72,30744.12,45590.69,115733.15,NPR
2026-01-21,ACC0000003609,195473.55,30641.84,51239.08,174876.31,NPR
2026-01-21,ACC0000003610,197632.79,22768.51,62904.36,157496.94,NPR
2026-01-21,ACC0000003611,249053.66,183613.25,104855.14,327811.77,NPR
2026-01-21,ACC0000003612,182484.76,2694.08,62193.17,122985.67,NPR
2026-01-21,ACC0000003613,244260.72,0.0,0.0,244260.72,NPR
2026-01-21,ACC0000003614,185895.56,0.0,86032.71,99862.85,NPR
2026-01-21,ACC0000003615,37673.51,0.0,66493.41,-28819.9,NPR
2026-01-21,ACC0000003616,413043.33,0.0,0.0,413043.33,NPR
2026-01-21,ACC0000003617,148260.7,0.0,40497.16,107763.54,NPR
2026-01-21,ACC0000003618,84614.66,0.0,0.0,84614.66,NPR
2026-01-21,ACC0000003619,198233.66,0.0,42055.34,156178.32,NPR
2026-01-21,ACC0000003620,187676.83,0.0,3282.45,184394.38,NPR
2026-01-21,ACC0000003621,179381.93,0.0,0.0,179381.93,NPR
2026-01-21,ACC0000003622,138740.77,91221.1,54716.7,175245.17,NPR
2026-01-21,ACC0000003623,323594.01,0.0,23492.8,300101.21,NPR
2026-01-21,ACC0000003624,402125.33,0.0,47983.94,354141.39,NPR
2026-01-21,ACC0000003625,337855.54,0.0,0.0,337855.54,NPR
2026-01-21,ACC0000003626,254978.11,0.0,0.0,254978.11,NPR
2026-01-21,ACC0000003627,69381.64,0.0,18933.53,50448.11,NPR
2026-01-21,ACC0000003628,4120.1,54546.96,32716.44,25950.62,NPR
2026-01-21,ACC0000003629,162191.0,0.0,12782.31,149408.69,NPR
2026-01-21,ACC0000003630,422429.7,47828.72,95909.4,374349.02,NPR
2026-01-21,ACC0000003631,285788.78,0.0,0.0,285788.78,NPR
2026-01-21,ACC0000003632,289508.64,56589.36,91798.42,254299.58,NPR
2026-01-21,ACC0000003633,117053.2,0.0,0.0,117053.2,NPR
2026-01-21,ACC0000003634,343483.4,17672.65,84655.89,276500.16,NPR
2026-01-21,ACC0000003635,160447.86,41085.2,0.0,201533.06,NPR
2026-01-21,ACC0000003636,326874.27,0.0,54264.9,272609.37,NPR
2026-01-21,ACC0000003637,457734.06,0.0,0.0,457734.06,NPR
2026-01-21,ACC0000003638,364725.19,0.0,15181.43,349543.76,NPR
2026-01-21,ACC0000003639,34779.07,4437.16,56882.46,-17666.23,NPR
2026-01-21,ACC0000003640,443729.29,0.0,4177.45,439551.84,NPR
2026-01-21,ACC0000003641,195830.01,0.0,0.0,195830.01,NPR
2026-01-21,ACC0000003642,405722.12,0.0,0.0,405722.12,NPR
2026-01-21,ACC0000003643,385172.29,36101.89,23226.92,398047.26,NPR
2026-01-21,ACC0000003644,324762.49,0.0,0.0,324762.49,NPR
2026-01-21,ACC0000003645,195548.1,48527.18,49814.98,194260.3,NPR
2026-01-21,ACC0000003646,26491.61,0.0,48377.42,-21885.81,NPR
2026-01-21,ACC0000003647,42599.76,0.0,29178.33,13421.43,NPR
2026-01-21,ACC0000003648,210475.59,0.0,22744.73,187730.86,NPR
2026-01-21,ACC0000003649,59649.6,0.0,178903.49,-119253.89,NPR
2026-01-21,ACC0000003650,389184.37,0.0,35057.97,354126.4,NPR
2026-01-21,ACC0000003651,60234.18,0.0,0.0,60234.18,NPR
2026-01-21,ACC0000003652,385993.59,14174.36,54071.94,346096.01,NPR
2026-01-21,ACC0000003653,137086.42,0.0,0.0,137086.42,NPR
2026-01-21,ACC0000003654,424020.75,0.0,70388.35,353632.4,NPR
2026-01-21,ACC0000003655,410602.34,0.0,58930.58,351671.76,NPR
2026-01-21,ACC0000003656,288790.81,0.0,0.0,288790.81,NPR
2026-01-21,ACC0000003657,36123.22,18555.44,48152.7,6525.96,NPR
2026-01-21,ACC0000003658,118316.33,32354.69,26371.48,124299.54,NPR
2026-01-21,ACC0000003659,187182.6,0.0,17377.17,169805.43,NPR
2026-01-21,ACC0000003660,339118.79,54682.71,32645.14,361156.36,NPR
2026-01-21,ACC0000003661,41394.71,0.0,41472.2,-77.49,NPR
2026-01-21,ACC0000003662,417069.2,116957.66,63948.1,470078.76,NPR
2026-01-21,ACC0000003663,216174.43,0.0,51972.81,164201.62,NPR
2026-01-21,ACC0000003664,305964.92,0.0,67466.11,238498.81,NPR
2026-01-21,ACC0000003665,359537.35,0.0,103727.92,255809.43,NPR
2026-01-21,ACC0000003666,134842.21,5500.54,52484.19,87858.56,NPR
2026-01-21,ACC0000003667,465970.2,0.0,82842.24,383127.96,NPR
2026-01-21,ACC0000003668,102077.98,0.0,45940.64,56137.34,NPR
2026-01-21,ACC0000003669,225527.49,0.0,8730.72,216796.77,NPR
2026-01-21,ACC0000003670,102377.78,7523.0,84094.76,25806.02,NPR
2026-01-21,ACC0000003671,291869.65,2887.98,62445.71,232311.92,NPR
2026-01-21,ACC0000003672,486573.78,47338.9,34115.31,499797.37,NPR
2026-01-21,ACC0000003673,170723.07,0.0,27713.92,143009.15,NPR
2026-01-21,ACC0000003674,494881.98,34891.51,825.82,528947.67,NPR
2026-01-21,ACC0000003675,220528.05,0.0,0.0,220528.05,NPR
2026-01-21,ACC0000003676,209678.74,0.0,69550.88,140127.86,NPR
2026-01-21,ACC0000003677,199908.65,0.0,42435.66,157472.99,NPR
2026-01-21,ACC0000003678,275060.6,0.0,38272.27,236788.33,NPR
2026-01-21,ACC0000003679,10901.47,0.0,39475.63,-28574.16,NPR
2026-01-21,ACC0000003680,406080.39,19198.1,39566.24,385712.25,NPR
2026-01-21,ACC0000003681,10191.09,10081.37,120220.54,-99948.08,NPR
2026-01-21,ACC0000003682,15448.7,997.0,0.0,16445.7,NPR
2026-01-21,ACC0000003683,267974.46,0.0,52447.31,215527.15,NPR
2026-01-21,ACC0000003684,482284.2,0.0,34827.2,447457.0,NPR
2026-01-21,ACC0000003685,59188.3,76578.73,133564.7,2202.33,NPR
2026-01-21,ACC0000003686,59909.67,0.0,78595.94,-18686.27,NPR
2026-01-21,ACC0000003687,287424.93,20329.81,150879.42,156875.32,NPR
2026-01-21,ACC0000003688,428186.75,0.0,0.0,428186.75,NPR
2026-01-21,ACC0000003689,171898.17,0.0,61852.27,110045.9,NPR
2026-01-21,ACC0000003690,472073.39,0.0,14450.52,457622.87,NPR
2026-01-21,ACC0000003691,119532.82,0.0,62408.6,57124.22,NPR
2026-01-21,ACC0000003692,107378.85,91710.3,0.0,199089.15,NPR
2026-01-21,ACC0000003693,436012.0,0.0,72674.07,363337.93,NPR
2026-01-21,ACC0000003694,278447.6,0.0,122854.59,155593.01,NPR
2026-01-21,ACC0000003695,425277.71,0.0,0.0,425277.71,NPR
2026-01-21,ACC0000003696,55979.91,33491.16,0.0,89471.07,NPR
2026-01-21,ACC0000003697,162827.34,6591.93,54062.41,115356.86,NPR
2026-01-21,ACC0000003698,489505.57,0.0,21276.16,468229.41,NPR
2026-01-21,ACC0000003699,188775.16,42376.58,25166.74,205985.0,NPR
2026-01-21,ACC0000003700,223177.08,16245.13,76128.15,163294.06,NPR
2026-01-21,ACC0000003701,364507.29,0.0,85186.33,279320.96,NPR
2026-01-21,ACC0000003702,415798.74,0.0,127585.92,288212.82,NPR
2026-01-21,ACC0000003703,378249.39,0.0,113589.11,264660.28,NPR
2026-01-21,ACC0000003704,133543.41,0.0,95411.8,38131.61,NPR
2026-01-21,ACC0000003705,61501.99,31369.46,65757.08,27114.37,NPR
2026-01-21,ACC0000003706,179103.63,0.0,0.0,179103.63,NPR
2026-01-21,ACC0000003707,214462.03,0.0,0.0,214462.03,NPR
2026-01-21,ACC0000003708,149435.62,0.0,54146.96,95288.66,NPR
2026-01-21,ACC0000003709,395443.27,0.0,19788.23,375655.04,NPR
2026-01-21,ACC0000003710,296264.25,15985.19,99024.39,213225.05,NPR
2026-01-21,ACC0000003711,319325.34,0.0,64451.64,254873.7,NPR
2026-01-21,ACC0000003712,255712.21,80928.24,24914.24,311726.21,NPR
2026-01-21,ACC0000003713,7191.62,0.0,78646.24,-71454.62,NPR
2026-01-21,ACC0000003714,402191.16,0.0,43547.0,358644.16,NPR
2026-01-21,ACC0000003715,14754.34,0.0,43731.95,-28977.61,NPR
2026-01-21,ACC0000003716,490368.77,0.0,78644.13,411724.64,NPR
2026-01-21,ACC0000003717,222942.37,0.0,88246.43,134695.94,NPR
2026-01-21,ACC0000003718,481613.16,0.0,969.48,480643.68,NPR
2026-01-21,ACC0000003719,450898.05,17716.22,0.0,468614.27,NPR
2026-01-21,ACC0000003720,238351.85,0.0,23085.36,215266.49,NPR
2026-01-21,ACC0000003721,490642.62,48820.15,17905.94,521556.83,NPR
2026-01-21,ACC0000003722,173555.2,0.0,53011.39,120543.81,NPR
2026-01-21,ACC0000003723,397460.4,28230.09,0.0,425690.49,NPR
2026-01-21,ACC0000003724,55226.0,0.0,54076.64,1149.36,NPR
2026-01-21,ACC0000003725,140751.1,0.0,55800.75,84950.35,NPR
2026-01-21,ACC0000003726,253784.74,0.0,112473.2,141311.54,NPR
2026-01-21,ACC0000003727,185502.03,0.0,24142.47,161359.56,NPR
2026-01-21,ACC0000003728,393511.03,0.0,20287.25,373223.78,NPR
2026-01-21,ACC0000003729,129125.88,18242.33,4625.16,142743.05,NPR
2026-01-21,ACC0000003730,274507.1,3257.28,71423.73,206340.65,NPR
2026-01-21,ACC0000003731,314090.42,0.0,11660.42,302430.0,NPR
2026-01-21,ACC0000003732,379240.33,24476.02,128073.41,275642.94,NPR
2026-01-21,ACC0000003733,296344.35,5113.81,29551.72,271906.44,NPR
2026-01-21,ACC0000003734,335921.97,0.0,0.0,335921.97,NPR
2026-01-21,ACC0000003735,10504.15,0.0,59741.34,-49237.19,NPR
2026-01-21,ACC0000003736,453634.78,0.0,17950.8,435683.98,NPR
2026-01-21,ACC0000003737,198243.33,0.0,0.0,198243.33,NPR
2026-01-21,ACC0000003738,302785.63,0.0,19987.61,282798.02,NPR
2026-01-21,ACC0000003739,256904.3,0.0,65970.29,190934.01,NPR
2026-01-21,ACC0000003740,80598.26,6545.99,83592.34,3551.91,NPR
2026-01-21,ACC0000003741,310578.53,0.0,41745.24,268833.29,NPR
2026-01-21,ACC0000003742,436769.02,13466.52,2136.12,448099.42,NPR
2026-01-21,ACC0000003743,470520.53,0.0,0.0,470520.53,NPR
2026-01-21,ACC0000003744,350380.38,0.0,52696.57,297683.81,NPR
2026-01-21,ACC0000003745,403491.6,0.0,0.0,403491.6,NPR
2026-01-21,ACC0000003746,320457.05,19744.82,48957.38,291244.49,NPR
2026-01-21,ACC0000003747,470245.27,0.0,0.0,470245.27,NPR
2026-01-21,ACC0000003748,116166.64,0.0,131652.52,-15485.88,NPR
2026-01-21,ACC0000003749,337703.43,0.0,61576.2,276127.23,NPR
2026-01-21,ACC0000003750,160572.47,26779.41,22682.19,164669.69,NPR
2026-01-21,ACC0000003751,18797.29,39851.12,0.0,58648.41,NPR
2026-01-21,ACC0000003752,205307.13,0.0,0.0,205307.13,NPR
2026-01-21,ACC0000003753,243824.73,18241.71,66059.79,196006.65,NPR
2026-01-21,ACC0000003754,146148.74,0.0,86239.79,59908.95,NPR
2026-01-21,ACC0000003755,260394.21,0.0,44285.99,216108.22,NPR
2026-01-21,ACC0000003756,220065.68,0.0,137723.37,82342.31,NPR
2026-01-21,ACC0000003757,328925.39,0.0,36592.66,292332.73,NPR
2026-01-21,ACC0000003758,221957.4,0.0,0.0,221957.4,NPR
2026-01-21,ACC0000003759,33982.56,0.0,0.0,33982.56,NPR
2026-01-21,ACC0000003760,74057.53,0.0,0.0,74057.53,NPR
2026-01-21,ACC0000003761,300503.1,5693.65,95580.72,210616.03,NPR
2026-01-21,ACC0000003762,205692.22,0.0,173818.89,31873.33,NPR
2026-01-21,ACC0000003763,381563.04,87672.86,16421.38,452814.52,NPR
2026-01-21,ACC0000003764,80960.92,54699.04,58918.08,76741.88,NPR
2026-01-21,ACC0000003765,255946.29,0.0,23401.15,232545.14,NPR
2026-01-21,ACC0000003766,405215.1,5709.24,0.0,410924.34,NPR
2026-01-21,ACC0000003767,290559.87,0.0,37820.84,252739.03,NPR
2026-01-21,ACC0000003768,111937.8,0.0,43906.38,68031.42,NPR
2026-01-21,ACC0000003769,425280.08,0.0,0.0,425280.08,NPR
2026-01-21,ACC0000003770,245949.34,701.35,14176.63,232474.06,NPR
2026-01-21,ACC0000003771,421267.24,0.0,0.0,421267.24,NPR
2026-01-21,ACC0000003772,474322.82,26810.24,105232.23,395900.83,NPR
2026-01-21,ACC0000003773,444319.83,0.0,0.0,444319.83,NPR
2026-01-21,ACC0000003774,228680.65,0.0,66219.43,162461.22,NPR
2026-01-21,ACC0000003775,353641.64,0.0,90597.98,263043.66,NPR
2026-01-21,ACC0000003776,448446.63,11435.13,37035.44,422846.32,NPR
2026-01-21,ACC0000003777,265793.59,0.0,26580.01,239213.58,NPR
2026-01-21,ACC0000003778,436472.88,0.0,15109.38,421363.5,NPR
2026-01-21,ACC0000003779,218300.7,0.0,0.0,218300.7,NPR
2026-01-21,ACC0000003780,48668.04,41545.31,112352.25,-22138.9,NPR
2026-01-21,ACC0000003781,421269.99,0.0,40754.53,380515.46,NPR
2026-01-21,ACC0000003782,164131.88,40780.54,67247.79,137664.63,NPR
2026-01-21,ACC0000003783,416279.13,0.0,0.0,416279.13,NPR
2026-01-21,ACC0000003784,68198.58,37919.63,7873.42,98244.79,NPR
2026-01-21,ACC0000003785,2238.05,0.0,0.0,2238.05,NPR
2026-01-21,ACC0000003786,224348.98,0.0,0.0,224348.98,NPR
2026-01-21,ACC0000003787,286806.1,0.0,27709.45,259096.65,NPR
2026-01-21,ACC0000003788,105469.52,49653.45,150433.48,4689.49,NPR
2026-01-21,ACC0000003789,230241.96,0.0,94558.97,135682.99,NPR
2026-01-21,ACC0000003790,11859.45,0.0,54257.18,-42397.73,NPR
2026-01-21,ACC0000003791,406141.05,37195.6,66042.35,377294.3,NPR
2026-01-21,ACC0000003792,288404.31,46461.1,152605.74,182259.67,NPR
2026-01-21,ACC0000003793,108916.64,40698.33,49964.8,99650.17,NPR
2026-01-21,ACC0000003794,429987.21,0.0,65361.96,364625.25,NPR
2026-01-21,ACC0000003795,462897.01,41184.08,44639.13,459441.96,NPR
2026-01-21,ACC0000003796,10048.05,19408.08,19781.27,9674.86,NPR
2026-01-21,ACC0000003797,357156.86,24056.13,21431.37,359781.62,NPR
2026-01-21,ACC0000003798,308882.57,0.0,0.0,308882.57,NPR
2026-01-21,ACC0000003799,471765.59,0.0,58595.48,413170.11,NPR
2026-01-21,ACC0000003800,345224.4,66596.68,27273.14,384547.94,NPR
2026-01-21,ACC0000003801,427533.94,0.0,0.0,427533.94,NPR
2026-01-21,ACC0000003802,472186.55,0.0,67632.78,404553.77,NPR
2026-01-21,ACC0000003803,394846.58,0.0,44480.76,350365.82,NPR
2026-01-21,ACC0000003804,202519.6,24539.9,115755.2,111304.3,NPR
2026-01-21,ACC0000003805,469308.94,0.0,5317.02,463991.92,NPR
2026-01-21,ACC0000003806,467231.3,0.0,90244.43,376986.87,NPR
2026-01-21,ACC0000003807,256562.15,0.0,35816.47,220745.68,NPR
2026-01-21,ACC0000003808,498405.67,0.0,0.0,498405.67,NPR
2026-01-21,ACC0000003809,57811.34,8318.1,60812.79,5316.65,NPR
2026-01-21,ACC0000003810,364410.65,0.0,0.0,364410.65,NPR
2026-01-21,ACC0000003811,449968.86,30544.8,63132.21,417381.45,NPR
2026-01-21,ACC0000003812,25385.08,0.0,0.0,25385.08,NPR
2026-01-21,ACC0000003813,160732.19,735.81,191837.24,-30369.24,NPR
2026-01-21,ACC0000003814,211927.33,0.0,168886.46,43040.87,NPR
2026-01-21,ACC0000003815,386149.31,0.0,115717.33,270431.98,NPR
2026-01-21,ACC0000003816,489454.48,0.0,0.0,489454.48,NPR
2026-01-21,ACC0000003817,450595.0,0.0,0.0,450595.0,NPR
2026-01-21,ACC0000003818,380927.54,0.0,122524.77,258402.77,NPR
2026-01-21,ACC0000003819,268939.83,0.0,94924.26,174015.57,NPR
2026-01-21,ACC0000003820,389824.62,42738.43,18792.51,413770.54,NPR
2026-01-21,ACC0000003821,118791.08,0.0,0.0,118791.08,NPR
2026-01-21,ACC0000003822,54362.19,80443.37,67269.75,67535.81,NPR
2026-01-21,ACC0000003823,150524.92,37333.39,0.0,187858.31,NPR
2026-01-21,ACC0000003824,240786.83,0.0,0.0,240786.83,NPR
2026-01-21,ACC0000003825,141106.22,0.0,0.0,141106.22,NPR
2026-01-21,ACC0000003826,90577.07,0.0,0.0,90577.07,NPR
2026-01-21,ACC0000003827,275790.04,0.0,0.0,275790.04,NPR
2026-01-21,ACC0000003828,265168.61,72357.15,34779.2,302746.56,NPR
2026-01-21,ACC0000003829,278681.35,0.0,0.0,278681.35,NPR
2026-01-21,ACC0000003830,206283.56,0.0,77523.64,128759.92,NPR
2026-01-21,ACC0000003831,69981.83,0.0,24087.91,45893.92,NPR
2026-01-21,ACC0000003832,417072.36,328.84,37688.86,379712.34,NPR
2026-01-21,ACC0000003833,428007.75,28805.44,69205.62,387607.57,NPR
2026-01-21,ACC0000003834,133118.91,0.0,33419.67,99699.24,NPR
2026-01-21,ACC0000003835,416192.09,34864.44,70264.19,380792.34,NPR
2026-01-21,ACC0000003836,354526.75,81322.08,169236.51,266612.32,NPR
2026-01-21,ACC0000003837,37510.11,0.0,0.0,37510.11,NPR
2026-01-21,ACC0000003838,424766.12,0.0,0.0,424766.12,NPR
2026-01-21,ACC0000003839,122285.68,0.0,81396.09,40889.59,NPR
2026-01-21,ACC0000003840,217281.97,0.0,43072.43,174209.54,NPR
2026-01-21,ACC0000003841,373428.47,49821.97,27042.97,396207.47,NPR
2026-01-21,ACC0000003842,38994.79,0.0,87299.78,-48304.99,NPR
2026-01-21,ACC0000003843,476491.89,0.0,0.0,476491.89,NPR
2026-01-21,ACC0000003844,466600.19,0.0,186385.92,280214.27,NPR
2026-01-21,ACC0000003845,24960.02,0.0,4662.28,20297.74,NPR
2026-01-21,ACC0000003846,203808.71,30146.97,92710.06,141245.62,NPR
2026-01-21,ACC0000003847,336886.83,0.0,44407.22,292479.61,NPR
2026-01-21,ACC0000003848,381592.82,0.0,53648.06,327944.76,NPR
2026-01-21,ACC0000003849,33101.12,33073.02,24260.27,41913.87,NPR
2026-01-21,ACC0000003850,97222.85,21208.02,79130.06,39300.81,NPR
2026-01-21,ACC0000003851,346763.55,17333.17,22839.38,341257.34,NPR
2026-01-21,ACC0000003852,424871.64,0.0,145521.75,279349.89,NPR
2026-01-21,ACC0000003853,157438.38,37923.53,27237.19,168124.72,NPR
2026-01-21,ACC0000003854,445228.2,13274.43,52060.04,406442.59,NPR
2026-01-21,ACC0000003855,93982.68,18407.34,156461.25,-44071.23,NPR
2026-01-21,ACC0000003856,92693.2,0.0,32189.75,60503.45,NPR
2026-01-21,ACC0000003857,27854.39,0.0,72375.29,-44520.9,NPR
2026-01-21,ACC0000003858,360839.32,0.0,0.0,360839.32,NPR
2026-01-21,ACC0000003859,96135.94,0.0,224625.85,-128489.91,NPR
2026-01-21,ACC0000003860,160951.43,49065.95,89314.82,120702.56,NPR
2026-01-21,ACC0000003861,62326.71,0.0,25428.16,36898.55,NPR
2026-01-21,ACC0000003862,430471.55,0.0,54175.43,376296.12,NPR
2026-01-21,ACC0000003863,74415.03,0.0,0.0,74415.03,NPR
2026-01-21,ACC0000003864,244710.46,0.0,29770.63,214939.83,NPR
2026-01-21,ACC0000003865,134434.93,0.0,45094.17,89340.76,NPR
2026-01-21,ACC0000003866,371225.19,0.0,90983.37,280241.82,NPR
2026-01-21,ACC0000003867,415556.68,0.0,136123.03,279433.65,NPR
2026-01-21,ACC0000003868,141712.7,12378.5,16652.28,137438.92,NPR
2026-01-21,ACC0000003869,127664.3,28622.41,31648.63,124638.08,NPR
2026-01-21,ACC0000003870,208246.29,0.0,60287.42,147958.87,NPR
2026-01-21,ACC0000003871,375947.06,0.0,46510.0,329437.06,NPR
2026-01-21,ACC0000003872,11838.09,0.0,45922.53,-34084.44,NPR
2026-01-21,ACC0000003873,497049.89,0.0,69955.28,427094.61,NPR
2026-01-21,ACC0000003874,321752.09,0.0,65790.78,255961.31,NPR
2026-01-21,ACC0000003875,152719.29,0.0,0.0,152719.29,NPR
2026-01-21,ACC0000003876,167091.73,0.0,1974.41,165117.32,NPR
2026-01-21,ACC0000003877,299988.66,0.0,114775.81,185212.85,NPR
2026-01-21,ACC0000003878,47012.38,0.0,17718.9,29293.48,NPR
2026-01-21,ACC0000003879,268827.41,0.0,69818.98,199008.43,NPR
2026-01-21,ACC0000003880,92904.74,0.0,82520.86,10383.88,NPR
2026-01-21,ACC0000003881,207256.78,49649.71,34719.22,222187.27,NPR
2026-01-21,ACC0000003882,477819.63,0.0,0.0,477819.63,NPR
2026-01-21,ACC0000003883,448381.03,0.0,14255.73,434125.3,NPR
2026-01-21,ACC0000003884,35953.23,0.0,15719.46,20233.77,NPR
2026-01-21,ACC0000003885,265713.59,44798.15,99945.86,210565.88,NPR
2026-01-21,ACC0000003886,46216.11,0.0,0.0,46216.11,NPR
2026-01-21,ACC0000003887,395588.62,47633.3,0.0,443221.92,NPR
2026-01-21,ACC0000003888,450872.68,0.0,27715.01,423157.67,NPR
2026-01-21,ACC0000003889,441621.02,0.0,39914.38,401706.64,NPR
2026-01-21,ACC0000003890,479296.8,14138.73,26665.94,466769.59,NPR
2026-01-21,ACC0000003891,215643.94,0.0,0.0,215643.94,NPR
2026-01-21,ACC0000003892,216228.08,0.0,91478.34,124749.74,NPR
2026-01-21,ACC0000003893,349241.54,0.0,0.0,349241.54,NPR
2026-01-21,ACC0000003894,207166.27,0.0,54191.38,152974.89,NPR
2026-01-21,ACC0000003895,256688.75,0.0,16364.28,240324.47,NPR
2026-01-21,ACC0000003896,101896.38,45852.81,37414.82,110334.37,NPR
2026-01-21,ACC0000003897,40845.22,0.0,46801.27,-5956.05,NPR
2026-01-21,ACC0000003898,337048.75,34885.84,0.0,371934.59,NPR
2026-01-21,ACC0000003899,421502.62,67674.5,75782.02,413395.1,NPR
2026-01-21,ACC0000003900,330975.17,0.0,29430.7,301544.47,NPR
2026-01-21,ACC0000003901,11353.77,32007.76,84213.16,-40851.63,NPR
2026-01-21,ACC0000003902,475863.68,28322.69,34409.06,469777.31,NPR
2026-01-21,ACC0000003903,251920.4,0.0,15023.05,236897.35,NPR
2026-01-21,ACC0000003904,440945.62,0.0,49122.55,391823.07,NPR
2026-01-21,ACC0000003905,448936.25,0.0,77822.52,371113.73,NPR
2026-01-21,ACC0000003906,152310.79,5213.6,70815.99,86708.4,NPR
2026-01-21,ACC0000003907,451844.62,0.0,19927.57,431917.05,NPR
2026-01-21,ACC0000003908,120266.99,94867.17,17434.19,197699.97,NPR
2026-01-21,ACC0000003909,424936.44,49001.49,124796.3,349141.63,NPR
2026-01-21,ACC0000003910,461643.26,32848.15,107185.45,387305.96,NPR
2026-01-21,ACC0000003911,171940.17,89036.1,42386.85,218589.42,NPR
2026-01-21,ACC0000003912,283049.17,0.0,0.0,283049.17,NPR
2026-01-21,ACC0000003913,126216.68,0.0,88017.39,38199.29,NPR
2026-01-21,ACC0000003914,472286.73,84431.97,14917.53,541801.17,NPR
2026-01-21,ACC0000003915,466157.17,3583.62,138926.97,330813.82,NPR
2026-01-21,ACC0000003916,20465.37,79157.01,68320.66,31301.72,NPR
2026-01-21,ACC0000003917,42171.28,0.0,0.0,42171.28,NPR
2026-01-21,ACC0000003918,44302.61,0.0,43385.85,916.76,NPR
2026-01-21,ACC0000003919,92905.93,54129.62,135967.91,11067.64,NPR
2026-01-21,ACC0000003920,429294.64,0.0,88514.43,340780.21,NPR
2026-01-21,ACC0000003921,311453.64,0.0,0.0,311453.64,NPR
2026-01-21,ACC0000003922,128395.01,37343.49,32205.36,133533.14,NPR
2026-01-21,ACC0000003923,117165.82,43989.57,83656.34,77499.05,NPR
2026-01-21,ACC0000003924,184562.99,1199.88,90632.47,95130.4,NPR
2026-01-21,ACC0000003925,73802.59,0.0,0.0,73802.59,NPR
2026-01-21,ACC0000003926,435379.04,0.0,35020.38,400358.66,NPR
2026-01-21,ACC0000003927,127441.62,0.0,36996.23,90445.39,NPR
2026-01-21,ACC0000003928,95567.86,16873.48,0.0,112441.34,NPR
2026-01-21,ACC0000003929,46970.21,0.0,0.0,46970.21,NPR
2026-01-21,ACC0000003930,320277.37,0.0,46889.85,273387.52,NPR
2026-01-21,ACC0000003931,278325.18,0.0,43952.17,234373.01,NPR
2026-01-21,ACC0000003932,60804.64,2754.61,142087.76,-78528.51,NPR
2026-01-21,ACC0000003933,18655.22,4038.01,39369.94,-16676.71,NPR
2026-01-21,ACC0000003934,51987.64,0.0,0.0,51987.64,NPR
2026-01-21,ACC0000003935,410867.22,33743.43,39433.33,405177.32,NPR
2026-01-21,ACC0000003936,41738.8,24914.46,0.0,66653.26,NPR
2026-01-21,ACC0000003937,428785.48,0.0,37172.46,391613.02,NPR
2026-01-21,ACC0000003938,304660.61,35008.44,41706.53,297962.52,NPR
2026-01-21,ACC0000003939,77376.64,0.0,53991.9,23384.74,NPR
2026-01-21,ACC0000003940,213245.83,0.0,40964.11,172281.72,NPR
2026-01-21,ACC0000003941,105624.15,49352.81,18567.64,136409.32,NPR
2026-01-21,ACC0000003942,65191.18,29545.44,118427.73,-23691.11,NPR
2026-01-21,ACC0000003943,293356.69,37567.3,149756.15,181167.84,NPR
2026-01-21,ACC0000003944,143846.36,0.0,0.0,143846.36,NPR
2026-01-21,ACC0000003945,120184.56,0.0,71694.89,48489.67,NPR
2026-01-21,ACC0000003946,259585.3,0.0,112278.11,147307.19,NPR
2026-01-21,ACC0000003947,264041.77,0.0,39032.25,225009.52,NPR
2026-01-21,ACC0000003948,448091.79,0.0,212381.86,235709.93,NPR
2026-01-21,ACC0000003949,214515.32,0.0,48769.66,165745.66,NPR
2026-01-21,ACC0000003950,315038.91,0.0,45822.12,269216.79,NPR
2026-01-21,ACC0000003951,190512.1,0.0,0.0,190512.1,NPR
2026-01-21,ACC0000003952,352033.19,0.0,0.0,352033.19,NPR
2026-01-21,ACC0000003953,220073.85,0.0,42831.12,177242.73,NPR
2026-01-21,ACC0000003954,81326.09,0.0,23107.57,58218.52,NPR
2026-01-21,ACC0000003955,21966.02,0.0,113857.08,-91891.06,NPR
2026-01-21,ACC0000003956,311670.55,0.0,53598.59,258071.96,NPR
2026-01-21,ACC0000003957,456416.01,15111.32,0.0,471527.33,NPR
2026-01-21,ACC0000003958,87947.72,0.0,0.0,87947.72,NPR
2026-01-21,ACC0000003959,440160.45,0.0,54152.92,386007.53,NPR
2026-01-21,ACC0000003960,455413.34,12804.09,89340.81,378876.62,NPR
2026-01-21,ACC0000003961,205266.11,10757.17,52230.45,163792.83,NPR
2026-01-21,ACC0000003962,55690.01,30766.6,80800.02,5656.59,NPR
2026-01-21,ACC0000003963,282157.0,34410.61,81144.03,235423.58,NPR
2026-01-21,ACC0000003964,142475.86,0.0,118611.47,23864.39,NPR
2026-01-21,ACC0000003965,10381.57,0.0,18223.17,-7841.6,NPR
2026-01-21,ACC0000003966,295202.4,0.0,0.0,295202.4,NPR
2026-01-21,ACC0000003967,222718.26,0.0,0.0,222718.26,NPR
2026-01-21,ACC0000003968,101382.66,0.0,0.0,101382.66,NPR
2026-01-21,ACC0000003969,392652.97,0.0,0.0,392652.97,NPR
2026-01-21,ACC0000003970,259782.8,0.0,0.0,259782.8,NPR
2026-01-21,ACC0000003971,86547.91,15056.4,43224.63,58379.68,NPR
2026-01-21,ACC0000003972,12568.21,20713.57,55409.24,-22127.46,NPR
2026-01-21,ACC0000003973,29552.22,0.0,133036.5,-103484.28,NPR
2026-01-21,ACC0000003974,323760.92,30796.95,60465.5,294092.37,NPR
2026-01-21,ACC0000003975,293239.83,0.0,0.0,293239.83,NPR
2026-01-21,ACC0000003976,394383.78,18367.9,104277.79,308473.89,NPR
2026-01-21,ACC0000003977,476506.17,24116.6,84307.07,416315.7,NPR
2026-01-21,ACC0000003978,190898.75,9177.9,130215.86,69860.79,NPR
2026-01-21,ACC0000003979,431748.31,0.0,0.0,431748.31,NPR
2026-01-21,ACC0000003980,102680.61,12654.92,73352.77,41982.76,NPR
2026-01-21,ACC0000003981,145473.89,83565.35,0.0,229039.24,NPR
2026-01-21,ACC0000003982,241739.05,0.0,80778.04,160961.01,NPR
2026-01-21,ACC0000003983,443937.97,27603.33,170024.09,301517.21,NPR
2026-01-21,ACC0000003984,255434.64,0.0,137727.36,117707.28,NPR
2026-01-21,ACC0000003985,406540.14,7617.04,109989.52,304167.66,NPR
2026-01-21,ACC0000003986,208033.43,0.0,36215.95,171817.48,NPR
2026-01-21,ACC0000003987,365440.09,8962.68,0.0,374402.77,NPR
2026-01-21,ACC0000003988,204268.49,24559.95,88434.99,140393.45,NPR
2026-01-21,ACC0000003989,148860.85,0.0,142559.36,6301.49,NPR
2026-01-21,ACC0000003990,268955.09,0.0,53101.76,215853.33,NPR
2026-01-21,ACC0000003991,368521.86,0.0,0.0,368521.86,NPR
2026-01-21,ACC0000003992,253065.17,0.0,0.0,253065.17,NPR
2026-01-21,ACC0000003993,259284.99,0.0,56488.83,202796.16,NPR
2026-01-21,ACC0000003994,83823.71,0.0,89161.23,-5337.52,NPR
2026-01-21,ACC0000003995,264816.89,0.0,8210.21,256606.68,NPR
2026-01-21,ACC0000003996,498935.81,15514.27,148679.59,365770.49,NPR
2026-01-21,ACC0000003997,74644.52,0.0,0.0,74644.52,NPR
2026-01-21,ACC0000003998,170725.21,0.0,78648.13,92077.08,NPR
2026-01-21,ACC0000003999,414906.91,0.0,38905.92,376000.99,NPR
2026-01-21,ACC0000004000,416416.49,0.0,36434.16,379982.33,NPR
2026-01-21,ACC0000004001,390295.92,14912.52,65156.28,340052.16,NPR
2026-01-21,ACC0000004002,96025.67,27023.32,48523.04,74525.95,NPR
2026-01-21,ACC0000004003,216964.89,0.0,115836.0,101128.89,NPR
2026-01-21,ACC0000004004,480533.09,22647.27,139659.28,363521.08,NPR
2026-01-21,ACC0000004005,381668.5,0.0,124317.12,257351.38,NPR
2026-01-21,ACC0000004006,344685.3,31599.82,24870.66,351414.46,NPR
2026-01-21,ACC0000004007,16390.14,0.0,21347.09,-4956.95,NPR
2026-01-21,ACC0000004008,420469.53,14956.36,31104.14,404321.75,NPR
2026-01-21,ACC0000004009,477406.54,0.0,60314.12,417092.42,NPR
2026-01-21,ACC0000004010,458898.85,0.0,0.0,458898.85,NPR
2026-01-21,ACC0000004011,423385.42,1583.11,69019.38,355949.15,NPR
2026-01-21,ACC0000004012,148751.51,0.0,9399.52,139351.99,NPR
2026-01-21,ACC0000004013,443302.6,0.0,0.0,443302.6,NPR
2026-01-21,ACC0000004014,481692.95,0.0,0.0,481692.95,NPR
2026-01-21,ACC0000004015,77017.35,0.0,56703.98,20313.37,NPR
2026-01-21,ACC0000004016,411912.8,51269.03,4997.92,458183.91,NPR
2026-01-21,ACC0000004017,352449.46,0.0,0.0,352449.46,NPR
2026-01-21,ACC0000004018,471582.22,0.0,19783.83,451798.39,NPR
2026-01-21,ACC0000004019,339371.65,0.0,0.0,339371.65,NPR
2026-01-21,ACC0000004020,388590.84,41248.04,78839.61,350999.27,NPR
2026-01-21,ACC0000004021,451658.83,42725.15,48968.47,445415.51,NPR
2026-01-21,ACC0000004022,280797.15,0.0,0.0,280797.15,NPR
2026-01-21,ACC0000004023,104236.54,30484.92,26706.27,108015.19,NPR
2026-01-21,ACC0000004024,173569.28,0.0,0.0,173569.28,NPR
2026-01-21,ACC0000004025,167030.62,0.0,59702.55,107328.07,NPR
2026-01-21,ACC0000004026,273943.46,0.0,39805.65,234137.81,NPR
2026-01-21,ACC0000004027,267643.17,0.0,44457.23,223185.94,NPR
2026-01-21,ACC0000004028,246120.28,73381.08,46345.98,273155.38,NPR
2026-01-21,ACC0000004029,267588.0,0.0,38457.99,229130.01,NPR
2026-01-21,ACC0000004030,23752.89,0.0,24409.39,-656.5,NPR
2026-01-21,ACC0000004031,480036.0,0.0,54950.63,425085.37,NPR
2026-01-21,ACC0000004032,35943.48,48930.36,56375.51,28498.33,NPR
2026-01-21,ACC0000004033,119616.06,37720.66,76284.47,81052.25,NPR
2026-01-21,ACC0000004034,334807.62,0.0,61503.8,273303.82,NPR
2026-01-21,ACC0000004035,313227.45,0.0,93900.54,219326.91,NPR
2026-01-21,ACC0000004036,167223.43,0.0,68607.54,98615.89,NPR
2026-01-21,ACC0000004037,275982.92,0.0,118802.84,157180.08,NPR
2026-01-21,ACC0000004038,357555.26,0.0,55606.78,301948.48,NPR
2026-01-21,ACC0000004039,93663.84,43933.13,0.0,137596.97,NPR
2026-01-21,ACC0000004040,446458.63,0.0,9009.21,437449.42,NPR
2026-01-21,ACC0000004041,128568.01,39289.01,20047.88,147809.14,NPR
2026-01-21,ACC0000004042,335625.2,0.0,0.0,335625.2,NPR
2026-01-21,ACC0000004043,444488.35,31915.71,41043.12,435360.94,NPR
2026-01-21,ACC0000004044,442124.67,0.0,105773.4,336351.27,NPR
2026-01-21,ACC0000004045,115608.36,36034.51,103754.2,47888.67,NPR
2026-01-21,ACC0000004046,275893.29,28258.22,26073.38,278078.13,NPR
2026-01-21,ACC0000004047,290696.2,25841.51,104040.8,212496.91,NPR
2026-01-21,ACC0000004048,363122.12,48784.13,88298.29,323607.96,NPR
2026-01-21,ACC0000004049,84377.89,25200.85,77516.39,32062.35,NPR
2026-01-21,ACC0000004050,191291.9,0.0,0.0,191291.9,NPR
2026-01-21,ACC0000004051,10867.3,32340.96,13685.22,29523.04,NPR
2026-01-21,ACC0000004052,96583.6,18207.82,24215.59,90575.83,NPR
2026-01-21,ACC0000004053,111426.81,27108.36,115391.5,23143.67,NPR
2026-01-21,ACC0000004054,107634.18,5178.56,24204.89,88607.85,NPR
2026-01-21,ACC0000004055,391234.76,8377.1,66795.65,332816.21,NPR
2026-01-21,ACC0000004056,85887.08,0.0,69938.88,15948.2,NPR
2026-01-21,ACC0000004057,30725.67,0.0,0.0,30725.67,NPR
2026-01-21,ACC0000004058,192608.61,28751.94,54558.81,166801.74,NPR
2026-01-21,ACC0000004059,450702.66,0.0,78829.92,371872.74,NPR
2026-01-21,ACC0000004060,439803.64,0.0,44930.2,394873.44,NPR
2026-01-21,ACC0000004061,61353.04,51728.7,30577.38,82504.36,NPR
2026-01-21,ACC0000004062,494041.53,12960.89,99450.24,407552.18,NPR
2026-01-21,ACC0000004063,438296.91,0.0,140041.31,298255.6,NPR
2026-01-21,ACC0000004064,460317.77,48755.88,47542.38,461531.27,NPR
2026-01-21,ACC0000004065,332510.37,6892.82,15648.6,323754.59,NPR
2026-01-21,ACC0000004066,202015.48,0.0,0.0,202015.48,NPR
2026-01-21,ACC0000004067,166503.39,0.0,148110.09,18393.3,NPR
2026-01-21,ACC0000004068,49606.65,10679.42,9645.65,50640.42,NPR
2026-01-21,ACC0000004069,77841.32,0.0,68271.27,9570.05,NPR
2026-01-21,ACC0000004070,173187.35,78233.8,51799.81,199621.34,NPR
2026-01-21,ACC0000004071,478117.88,0.0,56001.88,422116.0,NPR
2026-01-21,ACC0000004072,33239.91,0.0,46016.02,-12776.11,NPR
2026-01-21,ACC0000004073,68568.83,45746.13,0.0,114314.96,NPR
2026-01-21,ACC0000004074,366114.23,0.0,6928.86,359185.37,NPR
2026-01-21,ACC0000004075,341878.14,0.0,44826.27,297051.87,NPR
2026-01-21,ACC0000004076,312251.58,0.0,88833.86,223417.72,NPR
2026-01-21,ACC0000004077,392962.78,0.0,74935.49,318027.29,NPR
2026-01-21,ACC0000004078,499631.17,0.0,34213.62,465417.55,NPR
2026-01-21,ACC0000004079,49015.63,0.0,37737.0,11278.63,NPR
2026-01-21,ACC0000004080,149865.08,0.0,0.0,149865.08,NPR
2026-01-21,ACC0000004081,219928.62,0.0,91317.86,128610.76,NPR
2026-01-21,ACC0000004082,154880.37,0.0,0.0,154880.37,NPR
2026-01-21,ACC0000004083,147679.87,0.0,29683.84,117996.03,NPR
2026-01-21,ACC0000004084,379758.5,0.0,93306.77,286451.73,NPR
2026-01-21,ACC0000004085,271436.9,0.0,0.0,271436.9,NPR
2026-01-21,ACC0000004086,201361.75,0.0,97419.19,103942.56,NPR
2026-01-21,ACC0000004087,431224.87,0.0,0.0,431224.87,NPR
2026-01-21,ACC0000004088,410426.49,0.0,0.0,410426.49,NPR
2026-01-21,ACC0000004089,162544.69,10839.21,0.0,173383.9,NPR
2026-01-21,ACC0000004090,32012.51,0.0,0.0,32012.51,NPR
2026-01-21,ACC0000004091,332208.29,0.0,137661.29,194547.0,NPR
2026-01-21,ACC0000004092,39988.17,78896.76,17864.82,101020.11,NPR
2026-01-21,ACC0000004093,475481.0,0.0,113784.92,361696.08,NPR
2026-01-21,ACC0000004094,282727.41,0.0,49950.91,232776.5,NPR
2026-01-21,ACC0000004095,176138.38,0.0,15079.52,161058.86,NPR
2026-01-21,ACC0000004096,9728.27,0.0,28158.49,-18430.22,NPR
2026-01-21,ACC0000004097,251958.02,34616.63,16003.32,270571.33,NPR
2026-01-21,ACC0000004098,458349.41,0.0,139042.21,319307.2,NPR
2026-01-21,ACC0000004099,24742.39,0.0,60460.8,-35718.41,NPR
2026-01-21,ACC0000004100,158682.45,0.0,77104.17,81578.28,NPR
2026-01-21,ACC0000004101,275706.41,0.0,198165.91,77540.5,NPR
2026-01-21,ACC0000004102,186382.66,716.14,54538.86,132559.94,NPR
2026-01-21,ACC0000004103,353303.41,10640.36,42696.05,321247.72,NPR
2026-01-21,ACC0000004104,289911.52,0.0,5917.09,283994.43,NPR
2026-01-21,ACC0000004105,401906.75,0.0,108785.44,293121.31,NPR
2026-01-21,ACC0000004106,337704.03,0.0,105034.78,232669.25,NPR
2026-01-21,ACC0000004107,338698.99,40065.92,33838.5,344926.41,NPR
2026-01-21,ACC0000004108,497579.06,0.0,0.0,497579.06,NPR
2026-01-21,ACC0000004109,251161.31,0.0,0.0,251161.31,NPR
2026-01-21,ACC0000004110,343829.91,0.0,3795.92,340033.99,NPR
2026-01-21,ACC0000004111,35062.59,0.0,0.0,35062.59,NPR
2026-01-21,ACC0000004112,342657.97,0.0,40855.19,301802.78,NPR
2026-01-21,ACC0000004113,283523.16,0.0,0.0,283523.16,NPR
2026-01-21,ACC0000004114,119268.5,0.0,23358.05,95910.45,NPR
2026-01-21,ACC0000004115,460217.03,0.0,62883.69,397333.34,NPR
2026-01-21,ACC0000004116,6063.73,0.0,11348.34,-5284.61,NPR
2026-01-21,ACC0000004117,164033.96,122936.55,54065.16,232905.35,NPR
2026-01-21,ACC0000004118,148923.79,0.0,72638.12,76285.67,NPR
2026-01-21,ACC0000004119,475442.77,0.0,73253.39,402189.38,NPR
2026-01-21,ACC0000004120,209003.49,46159.01,21338.5,233824.0,NPR
2026-01-21,ACC0000004121,488779.42,0.0,0.0,488779.42,NPR
2026-01-21,ACC0000004122,142147.5,0.0,6573.8,135573.7,NPR
2026-01-21,ACC0000004123,353702.8,0.0,0.0,353702.8,NPR
2026-01-21,ACC0000004124,123853.21,0.0,0.0,123853.21,NPR
2026-01-21,ACC0000004125,93590.69,0.0,0.0,93590.69,NPR
2026-01-21,ACC0000004126,454070.83,0.0,75231.71,378839.12,NPR
2026-01-21,ACC0000004127,445193.84,44384.56,18377.11,471201.29,NPR
2026-01-21,ACC0000004128,225973.39,0.0,18067.18,207906.21,NPR
2026-01-21,ACC0000004129,345819.74,11844.8,36400.84,321263.7,NPR
2026-01-21,ACC0000004130,191499.67,22330.44,76821.89,137008.22,NPR
2026-01-21,ACC0000004131,313671.07,0.0,49322.88,264348.19,NPR
2026-01-21,ACC0000004132,133735.67,0.0,23071.4,110664.27,NPR
2026-01-21,ACC0000004133,337593.22,3469.22,0.0,341062.44,NPR
2026-01-21,ACC0000004134,455428.35,0.0,0.0,455428.35,NPR
2026-01-21,ACC0000004135,417519.36,0.0,44532.34,372987.02,NPR
2026-01-21,ACC0000004136,48655.5,0.0,52790.98,-4135.48,NPR
2026-01-21,ACC0000004137,294551.34,0.0,0.0,294551.34,NPR
2026-01-21,ACC0000004138,182224.68,0.0,0.0,182224.68,NPR
2026-01-21,ACC0000004139,400534.89,0.0,83400.69,317134.2,NPR
2026-01-21,ACC0000004140,6103.01,0.0,0.0,6103.01,NPR
2026-01-21,ACC0000004141,398260.91,34099.72,115518.24,316842.39,NPR
2026-01-21,ACC0000004142,455664.43,0.0,64944.78,390719.65,NPR
2026-01-21,ACC0000004143,160801.68,0.0,47859.55,112942.13,NPR
2026-01-21,ACC0000004144,69686.54,12725.62,114176.45,-31764.29,NPR
2026-01-21,ACC0000004145,4143.35,0.0,0.0,4143.35,NPR
2026-01-21,ACC0000004146,150954.29,25437.88,0.0,176392.17,NPR
2026-01-21,ACC0000004147,351775.3,0.0,139385.9,212389.4,NPR
2026-01-21,ACC0000004148,142083.44,0.0,48399.09,93684.35,NPR
2026-01-21,ACC0000004149,2527.08,0.0,53359.85,-50832.77,NPR
2026-01-21,ACC0000004150,51697.0,0.0,0.0,51697.0,NPR
2026-01-21,ACC0000004151,262238.05,0.0,125865.39,136372.66,NPR
2026-01-21,ACC0000004152,449714.19,0.0,0.0,449714.19,NPR
2026-01-21,ACC0000004153,468966.54,0.0,4254.27,464712.27,NPR
2026-01-21,ACC0000004154,160314.03,27342.39,106781.54,80874.88,NPR
2026-01-21,ACC0000004155,165211.18,0.0,54961.95,110249.23,NPR
2026-01-21,ACC0000004156,466546.65,37629.78,99706.33,404470.1,NPR
2026-01-21,ACC0000004157,48743.26,44100.01,137512.47,-44669.2,NPR
2026-01-21,ACC0000004158,267854.93,0.0,0.0,267854.93,NPR
2026-01-21,ACC0000004159,493245.88,38528.22,74257.96,457516.14,NPR
2026-01-21,ACC0000004160,41042.64,6342.68,84253.68,-36868.36,NPR
2026-01-21,ACC0000004161,493060.97,50836.59,24820.65,519076.91,NPR
2026-01-21,ACC0000004162,401359.81,93978.9,77256.4,418082.31,NPR
2026-01-21,ACC0000004163,284537.15,0.0,19941.37,264595.78,NPR
2026-01-21,ACC0000004164,335838.28,0.0,0.0,335838.28,NPR
2026-01-21,ACC0000004165,271123.05,0.0,86240.13,184882.92,NPR
2026-01-21,ACC0000004166,396104.69,24025.46,84769.21,335360.94,NPR
2026-01-21,ACC0000004167,3569.67,0.0,72216.98,-68647.31,NPR
2026-01-21,ACC0000004168,40480.47,39358.0,53809.87,26028.6,NPR
2026-01-21,ACC0000004169,225368.39,3925.99,66116.72,163177.66,NPR
2026-01-21,ACC0000004170,164488.67,0.0,29160.84,135327.83,NPR
2026-01-21,ACC0000004171,105841.38,0.0,0.0,105841.38,NPR
2026-01-21,ACC0000004172,104151.64,14975.8,40540.01,78587.43,NPR
2026-01-21,ACC0000004173,69381.76,0.0,74693.26,-5311.5,NPR
2026-01-21,ACC0000004174,82439.58,0.0,20274.91,62164.67,NPR
2026-01-21,ACC0000004175,499110.66,17930.34,762.78,516278.22,NPR
2026-01-21,ACC0000004176,353145.02,0.0,21160.2,331984.82,NPR
2026-01-21,ACC0000004177,352841.17,0.0,32616.08,320225.09,NPR
2026-01-21,ACC0000004178,30908.84,0.0,0.0,30908.84,NPR
2026-01-21,ACC0000004179,289739.01,0.0,20768.25,268970.76,NPR
2026-01-21,ACC0000004180,182522.71,0.0,28912.96,153609.75,NPR
2026-01-21,ACC0000004181,433790.07,0.0,0.0,433790.07,NPR
2026-01-21,ACC0000004182,172615.85,0.0,63886.72,108729.13,NPR
2026-01-21,ACC0000004183,293033.29,30495.89,107440.67,216088.51,NPR
2026-01-21,ACC0000004184,462842.03,14875.81,69189.67,408528.17,NPR
2026-01-21,ACC0000004185,153175.87,18236.98,0.0,171412.85,NPR
2026-01-21,ACC0000004186,282341.7,32608.31,102080.36,212869.65,NPR
2026-01-21,ACC0000004187,207081.08,0.0,0.0,207081.08,NPR
2026-01-21,ACC0000004188,460392.58,0.0,87546.73,372845.85,NPR
2026-01-21,ACC0000004189,56479.38,0.0,966.63,55512.75,NPR
2026-01-21,ACC0000004190,7984.73,0.0,120137.44,-112152.71,NPR
2026-01-21,ACC0000004191,75936.39,0.0,0.0,75936.39,NPR
2026-01-21,ACC0000004192,40878.3,12085.57,5944.97,47018.9,NPR
2026-01-21,ACC0000004193,216380.49,21498.78,0.0,237879.27,NPR
2026-01-21,ACC0000004194,372503.82,0.0,36642.64,335861.18,NPR
2026-01-21,ACC0000004195,148096.15,0.0,105751.22,42344.93,NPR
2026-01-21,ACC0000004196,75795.05,49492.36,102839.71,22447.7,NPR
2026-01-21,ACC0000004197,14894.39,0.0,31841.25,-16946.86,NPR
2026-01-21,ACC0000004198,104933.26,0.0,93906.69,11026.57,NPR
2026-01-21,ACC0000004199,384928.33,812.72,38452.51,347288.54,NPR
2026-01-21,ACC0000004200,282626.64,0.0,41185.3,241441.34,NPR
2026-01-21,ACC0000004201,333775.46,0.0,0.0,333775.46,NPR
2026-01-21,ACC0000004202,439186.31,0.0,62966.86,376219.45,NPR
2026-01-21,ACC0000004203,356083.23,0.0,0.0,356083.23,NPR
2026-01-21,ACC0000004204,429111.34,34188.76,46042.11,417257.99,NPR
2026-01-21,ACC0000004205,268817.97,0.0,68249.58,200568.39,NPR
2026-01-21,ACC0000004206,493551.11,0.0,63206.62,430344.49,NPR
2026-01-21,ACC0000004207,398025.82,0.0,0.0,398025.82,NPR
2026-01-21,ACC0000004208,164513.72,0.0,86520.3,77993.42,NPR
2026-01-21,ACC0000004209,12281.48,0.0,35972.7,-23691.22,NPR
2026-01-21,ACC0000004210,372728.04,0.0,79583.77,293144.27,NPR
2026-01-21,ACC0000004211,76172.83,0.0,0.0,76172.83,NPR
2026-01-21,ACC0000004212,119439.84,9600.74,5725.77,123314.81,NPR
2026-01-21,ACC0000004213,462617.69,9550.09,54832.36,417335.42,NPR
2026-01-21,ACC0000004214,459759.59,48010.72,27945.89,479824.42,NPR
2026-01-21,ACC0000004215,60497.24,0.0,0.0,60497.24,NPR
2026-01-21,ACC0000004216,247625.4,9991.03,31110.29,226506.14,NPR
2026-01-21,ACC0000004217,56255.74,0.0,54607.76,1647.98,NPR
2026-01-21,ACC0000004218,399622.71,0.0,78411.7,321211.01,NPR
2026-01-21,ACC0000004219,491932.77,0.0,0.0,491932.77,NPR
2026-01-21,ACC0000004220,263380.94,0.0,0.0,263380.94,NPR
2026-01-21,ACC0000004221,455740.91,0.0,0.0,455740.91,NPR
2026-01-21,ACC0000004222,207220.51,0.0,160502.77,46717.74,NPR
2026-01-21,ACC0000004223,157841.22,0.0,60273.93,97567.29,NPR
2026-01-21,ACC0000004224,192502.99,69266.94,12674.68,249095.25,NPR
2026-01-21,ACC0000004225,204626.8,14882.21,75560.78,143948.23,NPR
2026-01-21,ACC0000004226,92210.03,0.0,0.0,92210.03,NPR
2026-01-21,ACC0000004227,184629.42,10064.25,77232.48,117461.19,NPR
2026-01-21,ACC0000004228,171890.87,0.0,40543.17,131347.7,NPR
2026-01-21,ACC0000004229,164300.77,0.0,0.0,164300.77,NPR
2026-01-21,ACC0000004230,378000.22,0.0,34998.05,343002.17,NPR
2026-01-21,ACC0000004231,409144.71,0.0,14213.84,394930.87,NPR
2026-01-21,ACC0000004232,148527.76,0.0,0.0,148527.76,NPR
2026-01-21,ACC0000004233,81316.03,0.0,0.0,81316.03,NPR
2026-01-21,ACC0000004234,94709.64,0.0,38080.71,56628.93,NPR
2026-01-21,ACC0000004235,273745.1,0.0,123419.79,150325.31,NPR
2026-01-21,ACC0000004236,116083.62,30787.26,57214.08,89656.8,NPR
2026-01-21,ACC0000004237,74059.82,0.0,14261.27,59798.55,NPR
2026-01-21,ACC0000004238,351225.28,0.0,158234.21,192991.07,NPR
2026-01-21,ACC0000004239,386883.55,0.0,65081.64,321801.91,NPR
2026-01-21,ACC0000004240,118631.6,0.0,0.0,118631.6,NPR
2026-01-21,ACC0000004241,30966.77,0.0,0.0,30966.77,NPR
2026-01-21,ACC0000004242,362227.12,0.0,32025.47,330201.65,NPR
2026-01-21,ACC0000004243,6386.73,41720.09,62588.04,-14481.22,NPR
2026-01-21,ACC0000004244,445947.62,0.0,153525.33,292422.29,NPR
2026-01-21,ACC0000004245,387770.0,0.0,70260.65,317509.35,NPR
2026-01-21,ACC0000004246,313500.12,20621.16,0.0,334121.28,NPR
2026-01-21,ACC0000004247,193706.29,0.0,82051.29,111655.0,NPR
2026-01-21,ACC0000004248,148580.27,0.0,25655.11,122925.16,NPR
2026-01-21,ACC0000004249,87998.62,16200.87,95694.51,8504.98,NPR
2026-01-21,ACC0000004250,101397.67,0.0,0.0,101397.67,NPR
2026-01-21,ACC0000004251,89567.33,0.0,0.0,89567.33,NPR
2026-01-21,ACC0000004252,434834.76,0.0,0.0,434834.76,NPR
2026-01-21,ACC0000004253,468947.41,0.0,16018.31,452929.1,NPR
2026-01-21,ACC0000004254,158831.41,0.0,0.0,158831.41,NPR
2026-01-21,ACC0000004255,208426.91,38941.24,56933.58,190434.57,NPR
2026-01-21,ACC0000004256,72479.16,0.0,26621.21,45857.95,NPR
2026-01-21,ACC0000004257,192294.3,0.0,90966.45,101327.85,NPR
2026-01-21,ACC0000004258,120096.41,0.0,25524.44,94571.97,NPR
2026-01-21,ACC0000004259,138414.15,0.0,83220.19,55193.96,NPR
2026-01-21,ACC0000004260,253143.0,43361.49,59394.57,237109.92,NPR
2026-01-21,ACC0000004261,217493.39,0.0,0.0,217493.39,NPR
2026-01-21,ACC0000004262,200145.29,21545.71,48783.03,172907.97,NPR
2026-01-21,ACC0000004263,154067.34,0.0,78863.41,75203.93,NPR
2026-01-21,ACC0000004264,181851.32,0.0,43283.68,138567.64,NPR
2026-01-21,ACC0000004265,42525.34,0.0,0.0,42525.34,NPR
2026-01-21,ACC0000004266,413976.14,0.0,48688.26,365287.88,NPR
2026-01-21,ACC0000004267,444376.29,0.0,22294.0,422082.29,NPR
2026-01-21,ACC0000004268,28180.24,0.0,60457.89,-32277.65,NPR
2026-01-21,ACC0000004269,298336.57,0.0,133621.24,164715.33,NPR
2026-01-21,ACC0000004270,52154.15,73137.64,0.0,125291.79,NPR
2026-01-21,ACC0000004271,309756.68,0.0,0.0,309756.68,NPR
2026-01-21,ACC0000004272,85396.25,40211.52,9355.12,116252.65,NPR
2026-01-21,ACC0000004273,169589.79,46686.06,31413.25,184862.6,NPR
2026-01-21,ACC0000004274,398929.01,1545.59,68710.17,331764.43,NPR
2026-01-21,ACC0000004275,493952.14,0.0,128552.28,365399.86,NPR
2026-01-21,ACC0000004276,86122.68,55700.43,37977.32,103845.79,NPR
2026-01-21,ACC0000004277,294285.49,23339.81,58854.71,258770.59,NPR
2026-01-21,ACC0000004278,66318.34,0.0,0.0,66318.34,NPR
2026-01-21,ACC0000004279,351152.65,0.0,69443.54,281709.11,NPR
2026-01-21,ACC0000004280,451414.43,0.0,30676.29,420738.14,NPR
2026-01-21,ACC0000004281,349746.51,0.0,120268.97,229477.54,NPR
2026-01-21,ACC0000004282,199115.48,0.0,119981.07,79134.41,NPR
2026-01-21,ACC0000004283,417914.4,0.0,49759.72,368154.68,NPR
2026-01-21,ACC0000004284,417376.88,6330.38,50641.74,373065.52,NPR
2026-01-21,ACC0000004285,228914.74,42480.41,0.0,271395.15,NPR
2026-01-21,ACC0000004286,148840.66,31180.59,0.0,180021.25,NPR
2026-01-21,ACC0000004287,491993.66,25466.83,102392.65,415067.84,NPR
2026-01-21,ACC0000004288,33348.44,0.0,0.0,33348.44,NPR
2026-01-21,ACC0000004289,245378.09,30491.67,108726.56,167143.2,NPR
2026-01-21,ACC0000004290,82070.64,0.0,66158.0,15912.64,NPR
2026-01-21,ACC0000004291,50449.89,41011.34,0.0,91461.23,NPR
2026-01-21,ACC0000004292,307082.79,0.0,87659.75,219423.04,NPR
2026-01-21,ACC0000004293,418288.68,0.0,95575.71,322712.97,NPR
2026-01-21,ACC0000004294,26296.67,0.0,42004.37,-15707.7,NPR
2026-01-21,ACC0000004295,407678.0,0.0,38354.05,369323.95,NPR
2026-01-21,ACC0000004296,251837.24,28036.83,74867.25,205006.82,NPR
2026-01-21,ACC0000004297,396081.43,48442.57,0.0,444524.0,NPR
2026-01-21,ACC0000004298,444683.05,0.0,131400.26,313282.79,NPR
2026-01-21,ACC0000004299,324032.64,18234.4,7083.47,335183.57,NPR
2026-01-21,ACC0000004300,141831.67,35454.97,1595.22,175691.42,NPR
2026-01-21,ACC0000004301,94021.33,0.0,41667.37,52353.96,NPR
2026-01-21,ACC0000004302,325195.18,44986.99,76871.92,293310.25,NPR
2026-01-21,ACC0000004303,107389.69,3830.25,69274.44,41945.5,NPR
2026-01-21,ACC0000004304,44159.94,34345.96,71560.65,6945.25,NPR
2026-01-21,ACC0000004305,130366.99,0.0,104216.35,26150.64,NPR
2026-01-21,ACC0000004306,289449.21,38355.34,61740.08,266064.47,NPR
2026-01-21,ACC0000004307,1945.6,0.0,63270.62,-61325.02,NPR
2026-01-21,ACC0000004308,327869.95,21690.46,47480.26,302080.15,NPR
2026-01-21,ACC0000004309,314689.27,0.0,148771.7,165917.57,NPR
2026-01-21,ACC0000004310,476761.49,6216.86,0.0,482978.35,NPR
2026-01-21,ACC0000004311,201929.16,0.0,50610.08,151319.08,NPR
2026-01-21,ACC0000004312,211216.26,0.0,59711.26,151505.0,NPR
2026-01-21,ACC0000004313,325192.99,0.0,1685.82,323507.17,NPR
2026-01-21,ACC0000004314,376113.39,49385.11,41776.67,383721.83,NPR
2026-01-21,ACC0000004315,253138.21,0.0,0.0,253138.21,NPR
2026-01-21,ACC0000004316,382644.22,0.0,0.0,382644.22,NPR
2026-01-21,ACC0000004317,147704.23,0.0,0.0,147704.23,NPR
2026-01-21,ACC0000004318,311761.18,80715.87,55932.26,336544.79,NPR
2026-01-21,ACC0000004319,300421.75,0.0,46218.54,254203.21,NPR
2026-01-21,ACC0000004320,498497.71,0.0,0.0,498497.71,NPR
2026-01-21,ACC0000004321,450210.93,0.0,36685.66,413525.27,NPR
2026-01-21,ACC0000004322,232941.42,34735.13,28650.0,239026.55,NPR
2026-01-21,ACC0000004323,404688.38,0.0,11395.03,393293.35,NPR
2026-01-21,ACC0000004324,420117.84,46964.08,69173.98,397907.94,NPR
2026-01-21,ACC0000004325,116323.03,0.0,68001.8,48321.23,NPR
2026-01-21,ACC0000004326,173072.13,35976.86,20467.48,188581.51,NPR
2026-01-21,ACC0000004327,231521.87,0.0,5146.47,226375.4,NPR
2026-01-21,ACC0000004328,413234.74,0.0,98920.77,314313.97,NPR
2026-01-21,ACC0000004329,222323.04,0.0,0.0,222323.04,NPR
2026-01-21,ACC0000004330,398110.37,61935.31,40209.16,419836.52,NPR
2026-01-21,ACC0000004331,316944.68,0.0,87008.58,229936.1,NPR
2026-01-21,ACC0000004332,440059.09,49815.27,12452.05,477422.31,NPR
2026-01-21,ACC0000004333,46883.39,0.0,0.0,46883.39,NPR
2026-01-21,ACC0000004334,40704.94,0.0,25940.17,14764.77,NPR
2026-01-21,ACC0000004335,432839.48,49650.8,110129.75,372360.53,NPR
2026-01-21,ACC0000004336,177712.3,0.0,12646.8,165065.5,NPR
2026-01-21,ACC0000004337,316904.11,0.0,16808.03,300096.08,NPR
2026-01-21,ACC0000004338,32843.13,20796.48,0.0,53639.61,NPR
2026-01-21,ACC0000004339,5635.09,0.0,255.54,5379.55,NPR
2026-01-21,ACC0000004340,237792.26,0.0,28197.43,209594.83,NPR
2026-01-21,ACC0000004341,482708.02,0.0,143820.99,338887.03,NPR
2026-01-21,ACC0000004342,286495.84,0.0,0.0,286495.84,NPR
2026-01-21,ACC0000004343,175107.72,0.0,26249.02,148858.7,NPR
2026-01-21,ACC0000004344,455692.79,2980.19,42758.49,415914.49,NPR
2026-01-21,ACC0000004345,242299.78,73262.14,154042.41,161519.51,NPR
2026-01-21,ACC0000004346,5427.9,0.0,33727.75,-28299.85,NPR
2026-01-21,ACC0000004347,498675.36,6505.8,7216.35,497964.81,NPR
2026-01-21,ACC0000004348,385529.1,0.0,0.0,385529.1,NPR
2026-01-21,ACC0000004349,282300.0,6437.52,142187.77,146549.75,NPR
2026-01-21,ACC0000004350,414962.76,0.0,45906.57,369056.19,NPR
2026-01-21,ACC0000004351,58791.1,42711.67,38386.67,63116.1,NPR
2026-01-21,ACC0000004352,134763.87,0.0,9141.24,125622.63,NPR
2026-01-21,ACC0000004353,87509.66,0.0,54388.59,33121.07,NPR
2026-01-21,ACC0000004354,463299.32,0.0,18938.43,444360.89,NPR
2026-01-21,ACC0000004355,144751.23,0.0,45526.6,99224.63,NPR
2026-01-21,ACC0000004356,227894.29,0.0,47741.56,180152.73,NPR
2026-01-21,ACC0000004357,408644.88,0.0,82918.9,325725.98,NPR
2026-01-21,ACC0000004358,180748.09,0.0,164329.38,16418.71,NPR
2026-01-21,ACC0000004359,264699.01,48089.55,38682.75,274105.81,NPR
2026-01-21,ACC0000004360,203347.99,42362.03,31361.46,214348.56,NPR
2026-01-21,ACC0000004361,373866.17,0.0,0.0,373866.17,NPR
2026-01-21,ACC0000004362,383054.48,55511.43,0.0,438565.91,NPR
2026-01-21,ACC0000004363,499524.03,23025.68,19103.64,503446.07,NPR
2026-01-21,ACC0000004364,491782.37,0.0,48308.27,443474.1,NPR
2026-01-21,ACC0000004365,376813.21,0.0,0.0,376813.21,NPR
2026-01-21,ACC0000004366,188341.81,0.0,20448.87,167892.94,NPR
2026-01-21,ACC0000004367,86952.26,0.0,14499.67,72452.59,NPR
2026-01-21,ACC0000004368,204008.78,0.0,47789.36,156219.42,NPR
2026-01-21,ACC0000004369,458077.41,34058.64,35296.74,456839.31,NPR
2026-01-21,ACC0000004370,366187.26,19350.27,29708.35,355829.18,NPR
2026-01-21,ACC0000004371,223962.34,0.0,0.0,223962.34,NPR
2026-01-21,ACC0000004372,79908.16,0.0,56251.66,23656.5,NPR
2026-01-21,ACC0000004373,373177.39,0.0,42272.39,330905.0,NPR
2026-01-21,ACC0000004374,431369.69,0.0,6257.95,425111.74,NPR
2026-01-21,ACC0000004375,375135.3,0.0,102739.07,272396.23,NPR
2026-01-21,ACC0000004376,130602.96,43857.22,97976.57,76483.61,NPR
2026-01-21,ACC0000004377,163497.56,29468.65,166935.49,26030.72,NPR
2026-01-21,ACC0000004378,331849.53,0.0,40002.6,291846.93,NPR
2026-01-21,ACC0000004379,464305.27,0.0,60843.86,403461.41,NPR
2026-01-21,ACC0000004380,489687.38,0.0,45521.29,444166.09,NPR
2026-01-21,ACC0000004381,257848.14,62670.41,18739.97,301778.58,NPR
2026-01-21,ACC0000004382,209643.96,0.0,34392.26,175251.7,NPR
2026-01-21,ACC0000004383,393861.07,0.0,165075.08,228785.99,NPR
2026-01-21,ACC0000004384,216280.34,0.0,3940.49,212339.85,NPR
2026-01-21,ACC0000004385,201569.53,48408.66,48865.23,201112.96,NPR
2026-01-21,ACC0000004386,89478.26,26304.13,99147.27,16635.12,NPR
2026-01-21,ACC0000004387,91883.08,0.0,49233.44,42649.64,NPR
2026-01-21,ACC0000004388,488212.68,0.0,25431.8,462780.88,NPR
2026-01-21,ACC0000004389,439306.66,0.0,129641.28,309665.38,NPR
2026-01-21,ACC0000004390,29264.92,31196.61,27798.73,32662.8,NPR
2026-01-21,ACC0000004391,322896.91,1397.34,108516.33,215777.92,NPR
2026-01-21,ACC0000004392,233960.52,32424.27,86846.3,179538.49,NPR
2026-01-21,ACC0000004393,315698.94,0.0,1237.1,314461.84,NPR
2026-01-21,ACC0000004394,58614.84,0.0,64192.41,-5577.57,NPR
2026-01-21,ACC0000004395,290825.7,70845.97,60715.86,300955.81,NPR
2026-01-21,ACC0000004396,123944.2,105618.46,26129.4,203433.26,NPR
2026-01-21,ACC0000004397,280204.84,0.0,0.0,280204.84,NPR
2026-01-21,ACC0000004398,388121.04,65863.93,109375.52,344609.45,NPR
2026-01-21,ACC0000004399,195597.46,0.0,94011.39,101586.07,NPR
2026-01-21,ACC0000004400,227514.98,0.0,0.0,227514.98,NPR
2026-01-21,ACC0000004401,131016.69,0.0,105026.59,25990.1,NPR
2026-01-21,ACC0000004402,354154.79,0.0,62470.85,291683.94,NPR
2026-01-21,ACC0000004403,419699.71,70796.49,193467.55,297028.65,NPR
2026-01-21,ACC0000004404,251740.39,0.0,72752.25,178988.14,NPR
2026-01-21,ACC0000004405,249705.62,59667.2,90195.53,219177.29,NPR
2026-01-21,ACC0000004406,309688.83,58967.77,76323.72,292332.88,NPR
2026-01-21,ACC0000004407,160676.67,0.0,0.0,160676.67,NPR
2026-01-21,ACC0000004408,478015.83,0.0,0.0,478015.83,NPR
2026-01-21,ACC0000004409,213428.86,0.0,23041.42,190387.44,NPR
2026-01-21,ACC0000004410,283621.67,0.0,96822.69,186798.98,NPR
2026-01-21,ACC0000004411,68260.77,26935.06,77440.43,17755.4,NPR
2026-01-21,ACC0000004412,390816.06,0.0,0.0,390816.06,NPR
2026-01-21,ACC0000004413,130094.45,0.0,80043.25,50051.2,NPR
2026-01-21,ACC0000004414,416759.97,31692.28,0.0,448452.25,NPR
2026-01-21,ACC0000004415,434541.02,49381.11,93656.06,390266.07,NPR
2026-01-21,ACC0000004416,111664.47,0.0,0.0,111664.47,NPR
2026-01-21,ACC0000004417,435484.17,0.0,37377.98,398106.19,NPR
2026-01-21,ACC0000004418,183001.84,0.0,0.0,183001.84,NPR
2026-01-21,ACC0000004419,445174.5,0.0,45559.82,399614.68,NPR
2026-01-21,ACC0000004420,256781.66,37344.52,14112.94,280013.24,NPR
2026-01-21,ACC0000004421,65140.44,16083.69,154263.72,-73039.59,NPR
2026-01-21,ACC0000004422,40404.59,0.0,52213.88,-11809.29,NPR
2026-01-21,ACC0000004423,244138.8,0.0,0.0,244138.8,NPR
2026-01-21,ACC0000004424,460698.32,0.0,72878.97,387819.35,NPR
2026-01-21,ACC0000004425,147918.88,28380.28,115866.1,60433.06,NPR
2026-01-21,ACC0000004426,86828.91,0.0,16636.44,70192.47,NPR
2026-01-21,ACC0000004427,52886.69,30284.08,6657.39,76513.38,NPR
2026-01-21,ACC0000004428,347700.09,38363.79,0.0,386063.88,NPR
2026-01-21,ACC0000004429,273188.22,0.0,0.0,273188.22,NPR
2026-01-21,ACC0000004430,336965.9,0.0,0.0,336965.9,NPR
2026-01-21,ACC0000004431,94512.05,0.0,102298.14,-7786.09,NPR
2026-01-21,ACC0000004432,12087.56,0.0,17882.92,-5795.36,NPR
2026-01-21,ACC0000004433,441672.46,0.0,67081.87,374590.59,NPR
2026-01-21,ACC0000004434,227845.63,33639.48,98430.75,163054.36,NPR
2026-01-21,ACC0000004435,466043.58,0.0,0.0,466043.58,NPR
2026-01-21,ACC0000004436,171899.09,0.0,48055.75,123843.34,NPR
2026-01-21,ACC0000004437,231734.61,0.0,88609.84,143124.77,NPR
2026-01-21,ACC0000004438,181358.67,19349.68,30180.36,170527.99,NPR
2026-01-21,ACC0000004439,264966.37,0.0,0.0,264966.37,NPR
2026-01-21,ACC0000004440,206692.92,44648.69,51230.02,200111.59,NPR
2026-01-21,ACC0000004441,261037.76,0.0,60645.62,200392.14,NPR
2026-01-21,ACC0000004442,183807.12,0.0,97064.5,86742.62,NPR
2026-01-21,ACC0000004443,206701.3,28921.88,61210.69,174412.49,NPR
2026-01-21,ACC0000004444,316514.68,0.0,0.0,316514.68,NPR
2026-01-21,ACC0000004445,218599.49,0.0,0.0,218599.49,NPR
2026-01-21,ACC0000004446,496556.78,13184.86,16839.84,492901.8,NPR
2026-01-21,ACC0000004447,374722.62,38666.5,0.0,413389.12,NPR
2026-01-21,ACC0000004448,153552.46,0.0,61207.5,92344.96,NPR
2026-01-21,ACC0000004449,162878.46,0.0,68342.55,94535.91,NPR
2026-01-21,ACC0000004450,475269.3,0.0,166114.52,309154.78,NPR
2026-01-21,ACC0000004451,71850.79,10131.07,69712.02,12269.84,NPR
2026-01-21,ACC0000004452,443264.76,46267.31,141906.92,347625.15,NPR
2026-01-21,ACC0000004453,366361.43,5616.86,137492.45,234485.84,NPR
2026-01-21,ACC0000004454,30731.8,0.0,66796.68,-36064.88,NPR
2026-01-21,ACC0000004455,469565.78,0.0,61708.04,407857.74,NPR
2026-01-21,ACC0000004456,318060.39,26532.36,108109.51,236483.24,NPR
2026-01-21,ACC0000004457,194252.29,39679.58,96097.77,137834.1,NPR
2026-01-21,ACC0000004458,481983.84,9160.9,38689.06,452455.68,NPR
2026-01-21,ACC0000004459,187605.78,0.0,37713.39,149892.39,NPR
2026-01-21,ACC0000004460,172735.39,0.0,45322.53,127412.86,NPR
2026-01-21,ACC0000004461,374872.79,0.0,20085.78,354787.01,NPR
2026-01-21,ACC0000004462,325116.01,0.0,22470.08,302645.93,NPR
2026-01-21,ACC0000004463,389978.08,0.0,57342.47,332635.61,NPR
2026-01-21,ACC0000004464,404155.3,36774.34,26365.42,414564.22,NPR
2026-01-21,ACC0000004465,237805.6,0.0,0.0,237805.6,NPR
2026-01-21,ACC0000004466,59399.81,0.0,0.0,59399.81,NPR
2026-01-21,ACC0000004467,358611.16,21808.1,139565.35,240853.91,NPR
2026-01-21,ACC0000004468,75611.03,27661.35,18875.09,84397.29,NPR
2026-01-21,ACC0000004469,107683.3,4412.26,95592.89,16502.67,NPR
2026-01-21,ACC0000004470,246887.24,0.0,20628.47,226258.77,NPR
2026-01-21,ACC0000004471,285119.72,0.0,116357.24,168762.48,NPR
2026-01-21,ACC0000004472,277238.01,0.0,191394.57,85843.44,NPR
2026-01-21,ACC0000004473,179991.14,0.0,48475.42,131515.72,NPR
2026-01-21,ACC0000004474,166796.95,0.0,0.0,166796.95,NPR
2026-01-21,ACC0000004475,304307.76,0.0,34857.76,269450.0,NPR
2026-01-21,ACC0000004476,141886.26,33549.03,47171.44,128263.85,NPR
2026-01-21,ACC0000004477,284123.29,13369.15,49800.27,247692.17,NPR
2026-01-21,ACC0000004478,44971.69,13278.62,24272.54,33977.77,NPR
2026-01-21,ACC0000004479,187400.82,20431.94,75266.13,132566.63,NPR
2026-01-21,ACC0000004480,393063.97,0.0,5519.33,387544.64,NPR
2026-01-21,ACC0000004481,427375.24,0.0,0.0,427375.24,NPR
2026-01-21,ACC0000004482,394664.55,0.0,44341.49,350323.06,NPR
2026-01-21,ACC0000004483,286421.8,0.0,71682.47,214739.33,NPR
2026-01-21,ACC0000004484,252269.83,0.0,133029.06,119240.77,NPR
2026-01-21,ACC0000004485,414804.82,0.0,10449.77,404355.05,NPR
2026-01-21,ACC0000004486,247321.56,0.0,50141.96,197179.6,NPR
2026-01-21,ACC0000004487,302369.08,0.0,138526.0,163843.08,NPR
2026-01-21,ACC0000004488,354054.59,0.0,0.0,354054.59,NPR
2026-01-21,ACC0000004489,82950.02,0.0,38944.51,44005.51,NPR
2026-01-21,ACC0000004490,229052.51,0.0,0.0,229052.51,NPR
2026-01-21,ACC0000004491,384255.26,0.0,118437.97,265817.29,NPR
2026-01-21,ACC0000004492,2577.89,0.0,0.0,2577.89,NPR
2026-01-21,ACC0000004493,22630.66,0.0,3083.85,19546.81,NPR
2026-01-21,ACC0000004494,38700.77,39530.58,12622.37,65608.98,NPR
2026-01-21,ACC0000004495,260119.16,0.0,55216.51,204902.65,NPR
2026-01-21,ACC0000004496,2009.16,0.0,47490.73,-45481.57,NPR
2026-01-21,ACC0000004497,35800.23,0.0,225745.82,-189945.59,NPR
2026-01-21,ACC0000004498,85651.03,28561.0,40098.45,74113.58,NPR
2026-01-21,ACC0000004499,423320.92,0.0,16163.76,407157.16,NPR
2026-01-21,ACC0000004500,222906.89,0.0,59250.67,163656.22,NPR
2026-01-21,ACC0000004501,288656.87,0.0,141503.63,147153.24,NPR
2026-01-21,ACC0000004502,80725.88,85749.92,80903.31,85572.49,NPR
2026-01-21,ACC0000004503,26562.99,5360.26,31302.41,620.84,NPR
2026-01-21,ACC0000004504,466360.02,45806.31,4851.14,507315.19,NPR
2026-01-21,ACC0000004505,238090.7,0.0,0.0,238090.7,NPR
2026-01-21,ACC0000004506,76240.43,0.0,0.0,76240.43,NPR
2026-01-21,ACC0000004507,395550.58,37897.38,50692.48,382755.48,NPR
2026-01-21,ACC0000004508,484010.54,0.0,25214.95,458795.59,NPR
2026-01-21,ACC0000004509,237290.5,34687.4,38535.93,233441.97,NPR
2026-01-21,ACC0000004510,361351.19,0.0,92639.76,268711.43,NPR
2026-01-21,ACC0000004511,144200.56,0.0,154282.99,-10082.43,NPR
2026-01-21,ACC0000004512,245892.52,10738.3,90927.92,165702.9,NPR
2026-01-21,ACC0000004513,390019.77,0.0,6916.43,383103.34,NPR
2026-01-21,ACC0000004514,401265.02,45813.31,55648.26,391430.07,NPR
2026-01-21,ACC0000004515,257144.31,0.0,20163.73,236980.58,NPR
2026-01-21,ACC0000004516,17605.04,41751.2,42564.4,16791.84,NPR
2026-01-21,ACC0000004517,30563.93,0.0,42891.02,-12327.09,NPR
2026-01-21,ACC0000004518,378283.79,42662.99,60051.03,360895.75,NPR
2026-01-21,ACC0000004519,395365.49,18471.23,20515.78,393320.94,NPR
2026-01-21,ACC0000004520,442898.75,46396.25,73223.76,416071.24,NPR
2026-01-21,ACC0000004521,267903.04,29604.27,99867.98,197639.33,NPR
2026-01-21,ACC0000004522,418181.12,15876.44,111856.3,322201.26,NPR
2026-01-21,ACC0000004523,424260.11,2120.47,0.0,426380.58,NPR
2026-01-21,ACC0000004524,28160.95,25426.46,19704.96,33882.45,NPR
2026-01-21,ACC0000004525,462151.24,4124.96,65530.51,400745.69,NPR
2026-01-21,ACC0000004526,130287.65,16206.99,37134.41,109360.23,NPR
2026-01-21,ACC0000004527,414262.67,26008.81,0.0,440271.48,NPR
2026-01-21,ACC0000004528,323806.41,0.0,48085.89,275720.52,NPR
2026-01-21,ACC0000004529,469203.11,17207.94,100030.6,386380.45,NPR
2026-01-21,ACC0000004530,249493.81,0.0,0.0,249493.81,NPR
2026-01-21,ACC0000004531,238614.5,44167.42,154906.98,127874.94,NPR
2026-01-21,ACC0000004532,196821.89,0.0,0.0,196821.89,NPR
2026-01-21,ACC0000004533,336726.04,59939.55,54279.75,342385.84,NPR
2026-01-21,ACC0000004534,20288.16,0.0,22823.16,-2535.0,NPR
2026-01-21,ACC0000004535,133042.75,0.0,141895.17,-8852.42,NPR
2026-01-21,ACC0000004536,482305.58,22410.34,0.0,504715.92,NPR
2026-01-21,ACC0000004537,10032.39,9239.35,20037.21,-765.47,NPR
2026-01-21,ACC0000004538,377538.83,44475.94,0.0,422014.77,NPR
2026-01-21,ACC0000004539,357266.25,29446.83,16960.75,369752.33,NPR
2026-01-21,ACC0000004540,126967.56,30750.65,70968.38,86749.83,NPR
2026-01-21,ACC0000004541,241553.47,0.0,0.0,241553.47,NPR
2026-01-21,ACC0000004542,51567.75,0.0,14811.98,36755.77,NPR
2026-01-21,ACC0000004543,414590.11,0.0,64424.59,350165.52,NPR
2026-01-21,ACC0000004544,499758.24,24400.31,36114.39,488044.16,NPR
2026-01-21,ACC0000004545,16583.06,0.0,0.0,16583.06,NPR
2026-01-21,ACC0000004546,135700.91,0.0,0.0,135700.91,NPR
2026-01-21,ACC0000004547,1331.29,9810.34,2164.41,8977.22,NPR
2026-01-21,ACC0000004548,344165.69,0.0,19992.28,324173.41,NPR
2026-01-21,ACC0000004549,477228.31,0.0,118.88,477109.43,NPR
2026-01-21,ACC0000004550,478082.85,0.0,0.0,478082.85,NPR
2026-01-21,ACC0000004551,108647.33,0.0,26883.27,81764.06,NPR
2026-01-21,ACC0000004552,115543.11,13031.05,134278.44,-5704.28,NPR
2026-01-21,ACC0000004553,126734.63,39066.67,67537.38,98263.92,NPR
2026-01-21,ACC0000004554,220358.09,0.0,31282.62,189075.47,NPR
2026-01-21,ACC0000004555,78619.42,0.0,114508.4,-35888.98,NPR
2026-01-21,ACC0000004556,360575.2,0.0,49656.72,310918.48,NPR
2026-01-21,ACC0000004557,320544.84,0.0,53561.68,266983.16,NPR
2026-01-21,ACC0000004558,422610.5,37493.27,54262.45,405841.32,NPR
2026-01-21,ACC0000004559,64237.47,14303.86,1226.31,77315.02,NPR
2026-01-21,ACC0000004560,112281.42,0.0,33248.86,79032.56,NPR
2026-01-21,ACC0000004561,13335.97,46921.95,47352.77,12905.15,NPR
2026-01-21,ACC0000004562,442115.65,60091.39,42237.44,459969.6,NPR
2026-01-21,ACC0000004563,162344.91,14180.6,111713.33,64812.18,NPR
2026-01-21,ACC0000004564,147118.21,35698.86,135319.01,47498.06,NPR
2026-01-21,ACC0000004565,437949.48,0.0,0.0,437949.48,NPR
2026-01-21,ACC0000004566,242342.21,16181.51,50568.14,207955.58,NPR
2026-01-21,ACC0000004567,396368.06,0.0,0.0,396368.06,NPR
2026-01-21,ACC0000004568,321531.48,29653.62,96947.98,254237.12,NPR
2026-01-21,ACC0000004569,443909.33,0.0,104122.6,339786.73,NPR
2026-01-21,ACC0000004570,138262.59,0.0,80332.51,57930.08,NPR
2026-01-21,ACC0000004571,170407.99,0.0,74446.76,95961.23,NPR
2026-01-21,ACC0000004572,58453.62,0.0,0.0,58453.62,NPR
2026-01-21,ACC0000004573,268072.92,15881.7,80225.03,203729.59,NPR
2026-01-21,ACC0000004574,479991.07,41422.34,99433.13,421980.28,NPR
2026-01-21,ACC0000004575,145581.88,0.0,48385.28,97196.6,NPR
2026-01-21,ACC0000004576,161836.62,0.0,37544.95,124291.67,NPR
2026-01-21,ACC0000004577,217595.21,0.0,0.0,217595.21,NPR
2026-01-21,ACC0000004578,106682.95,0.0,7471.82,99211.13,NPR
2026-01-21,ACC0000004579,175734.04,0.0,16052.91,159681.13,NPR
2026-01-21,ACC0000004580,423235.57,117821.46,36088.04,504968.99,NPR
2026-01-21,ACC0000004581,118132.45,0.0,30819.68,87312.77,NPR
2026-01-21,ACC0000004582,100821.3,0.0,0.0,100821.3,NPR
2026-01-21,ACC0000004583,329785.44,0.0,29706.11,300079.33,NPR
2026-01-21,ACC0000004584,377868.52,42560.09,66331.11,354097.5,NPR
2026-01-21,ACC0000004585,78523.69,0.0,34855.49,43668.2,NPR
2026-01-21,ACC0000004586,72248.15,0.0,30757.88,41490.27,NPR
2026-01-21,ACC0000004587,355589.12,0.0,92896.8,262692.32,NPR
2026-01-21,ACC0000004588,219516.03,26293.62,50436.06,195373.59,NPR
2026-01-21,ACC0000004589,331111.19,37070.49,25554.55,342627.13,NPR
2026-01-21,ACC0000004590,313727.67,0.0,39065.31,274662.36,NPR
2026-01-21,ACC0000004591,353926.72,36436.43,13694.76,376668.39,NPR
2026-01-21,ACC0000004592,277917.95,0.0,0.0,277917.95,NPR
2026-01-21,ACC0000004593,7734.15,10212.54,11620.61,6326.08,NPR
2026-01-21,ACC0000004594,266666.0,69661.81,103754.87,232572.94,NPR
2026-01-21,ACC0000004595,275394.38,1316.52,26995.64,249715.26,NPR
2026-01-21,ACC0000004596,472986.62,34013.55,0.0,507000.17,NPR
2026-01-21,ACC0000004597,331732.32,4376.63,62063.12,274045.83,NPR
2026-01-21,ACC0000004598,356597.36,0.0,16010.92,340586.44,NPR
2026-01-21,ACC0000004599,399007.49,0.0,0.0,399007.49,NPR
2026-01-21,ACC0000004600,343710.7,6661.68,93749.29,256623.09,NPR
2026-01-21,ACC0000004601,36107.1,38314.21,29813.65,44607.66,NPR
2026-01-21,ACC0000004602,60588.28,0.0,113594.54,-53006.26,NPR
2026-01-21,ACC0000004603,144996.76,0.0,0.0,144996.76,NPR
2026-01-21,ACC0000004604,468430.85,55326.98,0.0,523757.83,NPR
2026-01-21,ACC0000004605,414948.58,8704.52,46794.9,376858.2,NPR
2026-01-21,ACC0000004606,170716.61,0.0,32125.42,138591.19,NPR
2026-01-21,ACC0000004607,352708.7,0.0,0.0,352708.7,NPR
2026-01-21,ACC0000004608,496488.92,7990.53,49255.73,455223.72,NPR
2026-01-21,ACC0000004609,486016.2,55273.68,144807.24,396482.64,NPR
2026-01-21,ACC0000004610,304082.16,10286.27,54114.42,260254.01,NPR
2026-01-21,ACC0000004611,39221.29,0.0,13421.75,25799.54,NPR
2026-01-21,ACC0000004612,88689.67,42411.4,29301.87,101799.2,NPR
2026-01-21,ACC0000004613,177930.93,0.0,62785.29,115145.64,NPR
2026-01-21,ACC0000004614,151962.52,76954.98,66331.09,162586.41,NPR
2026-01-21,ACC0000004615,295429.15,0.0,147651.3,147777.85,NPR
2026-01-21,ACC0000004616,156709.86,0.0,41782.15,114927.71,NPR
2026-01-21,ACC0000004617,273530.34,0.0,39236.87,234293.47,NPR
2026-01-21,ACC0000004618,355081.61,0.0,0.0,355081.61,NPR
2026-01-21,ACC0000004619,372873.45,0.0,0.0,372873.45,NPR
2026-01-21,ACC0000004620,12317.14,0.0,25542.25,-13225.11,NPR
2026-01-21,ACC0000004621,496616.4,0.0,49077.24,447539.16,NPR
2026-01-21,ACC0000004622,444892.16,0.0,37469.58,407422.58,NPR
2026-01-21,ACC0000004623,455128.29,0.0,0.0,455128.29,NPR
2026-01-21,ACC0000004624,262248.82,12697.54,44603.14,230343.22,NPR
2026-01-21,ACC0000004625,413783.2,0.0,49129.7,364653.5,NPR
2026-01-21,ACC0000004626,158991.64,0.0,48670.63,110321.01,NPR
2026-01-21,ACC0000004627,26224.55,0.0,46243.37,-20018.82,NPR
2026-01-21,ACC0000004628,223158.46,0.0,26606.35,196552.11,NPR
2026-01-21,ACC0000004629,247437.17,0.0,37426.28,210010.89,NPR
2026-01-21,ACC0000004630,28012.2,24318.7,92547.94,-40217.04,NPR
2026-01-21,ACC0000004631,490897.7,0.0,30772.89,460124.81,NPR
2026-01-21,ACC0000004632,214315.8,0.0,0.0,214315.8,NPR
2026-01-21,ACC0000004633,490788.46,0.0,35626.51,455161.95,NPR
2026-01-21,ACC0000004634,173410.39,0.0,0.0,173410.39,NPR
2026-01-21,ACC0000004635,36309.93,7930.4,132595.57,-88355.24,NPR
2026-01-21,ACC0000004636,56590.04,0.0,56395.99,194.05,NPR
2026-01-21,ACC0000004637,38061.92,36453.84,42778.35,31737.41,NPR
2026-01-21,ACC0000004638,30505.58,10913.71,6738.54,34680.75,NPR
2026-01-21,ACC0000004639,85305.28,0.0,89556.02,-4250.74,NPR
2026-01-21,ACC0000004640,280419.4,0.0,0.0,280419.4,NPR
2026-01-21,ACC0000004641,432794.53,21175.5,4818.52,449151.51,NPR
2026-01-21,ACC0000004642,386016.76,0.0,33764.63,352252.13,NPR
2026-01-21,ACC0000004643,150193.65,44148.75,82654.83,111687.57,NPR
2026-01-21,ACC0000004644,352432.9,0.0,64749.44,287683.46,NPR
2026-01-21,ACC0000004645,53338.68,0.0,104575.37,-51236.69,NPR
2026-01-21,ACC0000004646,1574.98,0.0,84239.79,-82664.81,NPR
2026-01-21,ACC0000004647,196624.89,0.0,84655.61,111969.28,NPR
2026-01-21,ACC0000004648,481296.06,0.0,28664.85,452631.21,NPR
2026-01-21,ACC0000004649,356893.72,0.0,0.0,356893.72,NPR
2026-01-21,ACC0000004650,118810.66,32493.55,32158.38,119145.83,NPR
2026-01-21,ACC0000004651,214471.97,0.0,32450.7,182021.27,NPR
2026-01-21,ACC0000004652,497540.15,0.0,82856.52,414683.63,NPR
2026-01-21,ACC0000004653,203803.37,0.0,0.0,203803.37,NPR
2026-01-21,ACC0000004654,113828.56,20450.53,0.0,134279.09,NPR
2026-01-21,ACC0000004655,350815.34,0.0,19427.1,331388.24,NPR
2026-01-21,ACC0000004656,121780.23,49806.12,0.0,171586.35,NPR
2026-01-21,ACC0000004657,32320.32,18448.0,94806.35,-44038.03,NPR
2026-01-21,ACC0000004658,311998.77,0.0,55192.17,256806.6,NPR
2026-01-21,ACC0000004659,367972.73,34086.8,82683.63,319375.9,NPR
2026-01-21,ACC0000004660,203365.22,0.0,66430.6,136934.62,NPR
2026-01-21,ACC0000004661,402132.29,0.0,48176.66,353955.63,NPR
2026-01-21,ACC0000004662,445609.5,0.0,0.0,445609.5,NPR
2026-01-21,ACC0000004663,179873.08,0.0,85206.66,94666.42,NPR
2026-01-21,ACC0000004664,277343.97,5634.02,48157.26,234820.73,NPR
2026-01-21,ACC0000004665,8579.82,0.0,0.0,8579.82,NPR
2026-01-21,ACC0000004666,274876.07,18777.39,0.0,293653.46,NPR
2026-01-21,ACC0000004667,371732.91,0.0,0.0,371732.91,NPR
2026-01-21,ACC0000004668,464687.06,0.0,18455.53,446231.53,NPR
2026-01-21,ACC0000004669,141004.12,57993.67,75585.6,123412.19,NPR
2026-01-21,ACC0000004670,463325.37,0.0,96628.78,366696.59,NPR
2026-01-21,ACC0000004671,107569.28,0.0,136214.18,-28644.9,NPR
2026-01-21,ACC0000004672,84529.14,6904.51,90244.34,1189.31,NPR
2026-01-21,ACC0000004673,179155.88,0.0,0.0,179155.88,NPR
2026-01-21,ACC0000004674,220339.51,0.0,18732.2,201607.31,NPR
2026-01-21,ACC0000004675,103183.39,26023.02,28210.19,100996.22,NPR
2026-01-21,ACC0000004676,485227.56,0.0,34873.27,450354.29,NPR
2026-01-21,ACC0000004677,363481.5,43294.85,8517.33,398259.02,NPR
2026-01-21,ACC0000004678,98378.8,0.0,37238.85,61139.95,NPR
2026-01-21,ACC0000004679,308112.92,0.0,0.0,308112.92,NPR
2026-01-21,ACC0000004680,259096.6,0.0,47797.55,211299.05,NPR
2026-01-21,ACC0000004681,120591.23,0.0,0.0,120591.23,NPR
2026-01-21,ACC0000004682,65303.05,0.0,0.0,65303.05,NPR
2026-01-21,ACC0000004683,203830.59,5035.15,47322.0,161543.74,NPR
2026-01-21,ACC0000004684,389399.65,0.0,78412.25,310987.4,NPR
2026-01-21,ACC0000004685,245952.45,0.0,0.0,245952.45,NPR
2026-01-21,ACC0000004686,52769.03,0.0,136425.43,-83656.4,NPR
2026-01-21,ACC0000004687,25697.12,38059.45,103335.17,-39578.6,NPR
2026-01-21,ACC0000004688,403394.08,0.0,4447.36,398946.72,NPR
2026-01-21,ACC0000004689,19386.98,73955.62,97264.39,-3921.79,NPR
2026-01-21,ACC0000004690,166443.22,25994.17,85841.48,106595.91,NPR
2026-01-21,ACC0000004691,154918.75,0.0,131122.49,23796.26,NPR
2026-01-21,ACC0000004692,171786.43,0.0,36626.25,135160.18,NPR
2026-01-21,ACC0000004693,280410.86,0.0,0.0,280410.86,NPR
2026-01-21,ACC0000004694,291023.94,48161.13,131313.24,207871.83,NPR
2026-01-21,ACC0000004695,83109.3,57196.62,102322.61,37983.31,NPR
2026-01-21,ACC0000004696,225926.75,4681.57,944.43,229663.89,NPR
2026-01-21,ACC0000004697,17026.22,0.0,0.0,17026.22,NPR
2026-01-21,ACC0000004698,309772.55,0.0,33489.4,276283.15,NPR
2026-01-21,ACC0000004699,10534.81,39528.71,30689.68,19373.84,NPR
2026-01-21,ACC0000004700,441080.0,4582.47,102792.3,342870.17,NPR
2026-01-21,ACC0000004701,146516.17,0.0,25590.75,120925.42,NPR
2026-01-21,ACC0000004702,29485.64,0.0,174127.43,-144641.79,NPR
2026-01-21,ACC0000004703,157369.89,0.0,55045.71,102324.18,NPR
2026-01-21,ACC0000004704,127233.82,0.0,50664.21,76569.61,NPR
2026-01-21,ACC0000004705,405370.52,39601.99,51870.37,393102.14,NPR
2026-01-21,ACC0000004706,203152.81,0.0,10896.33,192256.48,NPR
2026-01-21,ACC0000004707,156211.44,8208.41,0.0,164419.85,NPR
2026-01-21,ACC0000004708,147614.04,0.0,0.0,147614.04,NPR
2026-01-21,ACC0000004709,152840.51,0.0,0.0,152840.51,NPR
2026-01-21,ACC0000004710,229369.9,0.0,16090.56,213279.34,NPR
2026-01-21,ACC0000004711,253465.94,0.0,151231.76,102234.18,NPR
2026-01-21,ACC0000004712,312356.57,0.0,50849.1,261507.47,NPR
2026-01-21,ACC0000004713,476881.1,0.0,39277.83,437603.27,NPR
2026-01-21,ACC0000004714,289931.38,45404.5,0.0,335335.88,NPR
2026-01-21,ACC0000004715,390692.29,0.0,0.0,390692.29,NPR
2026-01-21,ACC0000004716,12764.3,56701.67,38524.14,30941.83,NPR
2026-01-21,ACC0000004717,296713.52,0.0,51799.73,244913.79,NPR
2026-01-21,ACC0000004718,310237.53,0.0,19236.56,291000.97,NPR
2026-01-21,ACC0000004719,335202.43,0.0,0.0,335202.43,NPR
2026-01-21,ACC0000004720,272171.51,33239.08,17887.38,287523.21,NPR
2026-01-21,ACC0000004721,431249.14,0.0,0.0,431249.14,NPR
2026-01-21,ACC0000004722,446905.39,0.0,28965.65,417939.74,NPR
2026-01-21,ACC0000004723,358316.07,22993.48,48265.92,333043.63,NPR
2026-01-21,ACC0000004724,367491.53,0.0,0.0,367491.53,NPR
2026-01-21,ACC0000004725,212553.76,0.0,0.0,212553.76,NPR
2026-01-21,ACC0000004726,291289.83,0.0,89123.39,202166.44,NPR
2026-01-21,ACC0000004727,412926.34,14139.97,69423.98,357642.33,NPR
2026-01-21,ACC0000004728,120157.93,37531.06,179457.94,-21768.95,NPR
2026-01-21,ACC0000004729,3503.11,0.0,72471.15,-68968.04,NPR
2026-01-21,ACC0000004730,495965.43,0.0,46450.26,449515.17,NPR
2026-01-21,ACC0000004731,170729.09,0.0,29886.97,140842.12,NPR
2026-01-21,ACC0000004732,5090.72,37380.71,140905.22,-98433.79,NPR
2026-01-21,ACC0000004733,88409.42,0.0,0.0,88409.42,NPR
2026-01-21,ACC0000004734,179857.21,19555.98,158088.7,41324.49,NPR
2026-01-21,ACC0000004735,106695.98,14685.19,16011.44,105369.73,NPR
2026-01-21,ACC0000004736,365403.14,17866.76,33708.62,349561.28,NPR
2026-01-21,ACC0000004737,233346.18,28118.14,23137.51,238326.81,NPR
2026-01-21,ACC0000004738,40852.12,43320.58,34808.63,49364.07,NPR
2026-01-21,ACC0000004739,480931.21,0.0,0.0,480931.21,NPR
2026-01-21,ACC0000004740,359903.84,0.0,76655.75,283248.09,NPR
2026-01-21,ACC0000004741,362009.07,0.0,35932.05,326077.02,NPR
2026-01-21,ACC0000004742,243688.61,60348.26,84047.91,219988.96,NPR
2026-01-21,ACC0000004743,479820.35,0.0,91792.83,388027.52,NPR
2026-01-21,ACC0000004744,346551.6,0.0,18943.83,327607.77,NPR
2026-01-21,ACC0000004745,377523.62,0.0,20970.94,356552.68,NPR
2026-01-21,ACC0000004746,255775.3,0.0,76525.2,179250.1,NPR
2026-01-21,ACC0000004747,285683.54,63709.2,41405.42,307987.32,NPR
2026-01-21,ACC0000004748,279664.3,0.0,97603.78,182060.52,NPR
2026-01-21,ACC0000004749,156213.13,0.0,0.0,156213.13,NPR
2026-01-21,ACC0000004750,122261.6,0.0,3567.46,118694.14,NPR
2026-01-21,ACC0000004751,177155.01,0.0,63066.34,114088.67,NPR
2026-01-21,ACC0000004752,8286.03,33124.93,85113.21,-43702.25,NPR
2026-01-21,ACC0000004753,163629.95,29878.02,102633.15,90874.82,NPR
2026-01-21,ACC0000004754,23955.88,37768.59,84188.99,-22464.52,NPR
2026-01-21,ACC0000004755,271485.07,0.0,85916.57,185568.5,NPR
2026-01-21,ACC0000004756,48968.95,1684.72,12062.03,38591.64,NPR
2026-01-21,ACC0000004757,481965.36,0.0,56824.74,425140.62,NPR
2026-01-21,ACC0000004758,499314.65,0.0,46444.63,452870.02,NPR
2026-01-21,ACC0000004759,314303.84,18423.39,43063.74,289663.49,NPR
2026-01-21,ACC0000004760,180271.93,0.0,18037.04,162234.89,NPR
2026-01-21,ACC0000004761,186209.57,0.0,56861.21,129348.36,NPR
2026-01-21,ACC0000004762,472623.8,0.0,6871.04,465752.76,NPR
2026-01-21,ACC0000004763,230068.74,0.0,45418.6,184650.14,NPR
2026-01-21,ACC0000004764,401748.97,37288.81,95264.12,343773.66,NPR
2026-01-21,ACC0000004765,148995.83,0.0,25112.32,123883.51,NPR
2026-01-21,ACC0000004766,89338.15,0.0,43826.75,45511.4,NPR
2026-01-21,ACC0000004767,25833.92,24239.19,35089.7,14983.41,NPR
2026-01-21,ACC0000004768,270510.83,0.0,139727.69,130783.14,NPR
2026-01-21,ACC0000004769,237828.51,0.0,88099.05,149729.46,NPR
2026-01-21,ACC0000004770,404833.17,0.0,74253.75,330579.42,NPR
2026-01-21,ACC0000004771,281311.67,0.0,0.0,281311.67,NPR
2026-01-21,ACC0000004772,364554.49,30002.33,48689.15,345867.67,NPR
2026-01-21,ACC0000004773,42142.73,0.0,0.0,42142.73,NPR
2026-01-21,ACC0000004774,425091.06,0.0,5969.79,419121.27,NPR
2026-01-21,ACC0000004775,210100.18,35848.94,20918.58,225030.54,NPR
2026-01-21,ACC0000004776,246789.63,47357.49,35396.3,258750.82,NPR
2026-01-21,ACC0000004777,63726.35,39696.85,95355.1,8068.1,NPR
2026-01-21,ACC0000004778,275659.24,0.0,0.0,275659.24,NPR
2026-01-21,ACC0000004779,300919.46,0.0,0.0,300919.46,NPR
2026-01-21,ACC0000004780,63408.26,0.0,0.0,63408.26,NPR
2026-01-21,ACC0000004781,38113.54,0.0,88373.76,-50260.22,NPR
2026-01-21,ACC0000004782,67826.42,0.0,0.0,67826.42,NPR
2026-01-21,ACC0000004783,59948.2,0.0,50641.34,9306.86,NPR
2026-01-21,ACC0000004784,87609.68,0.0,45702.58,41907.1,NPR
2026-01-21,ACC0000004785,132320.26,0.0,27054.92,105265.34,NPR
2026-01-21,ACC0000004786,94376.81,38490.26,25806.79,107060.28,NPR
2026-01-21,ACC0000004787,467857.25,0.0,31435.59,436421.66,NPR
2026-01-21,ACC0000004788,102003.49,0.0,0.0,102003.49,NPR
2026-01-21,ACC0000004789,138749.44,22442.14,9234.39,151957.19,NPR
2026-01-21,ACC0000004790,410180.44,0.0,70976.61,339203.83,NPR
2026-01-21,ACC0000004791,33498.66,0.0,63249.28,-29750.62,NPR
2026-01-21,ACC0000004792,369688.24,40818.15,1877.49,408628.9,NPR
2026-01-21,ACC0000004793,203535.08,0.0,52409.35,151125.73,NPR
2026-01-21,ACC0000004794,49977.75,82360.41,87013.42,45324.74,NPR
2026-01-21,ACC0000004795,18674.96,0.0,0.0,18674.96,NPR
2026-01-21,ACC0000004796,134369.73,0.0,66058.54,68311.19,NPR
2026-01-21,ACC0000004797,401641.35,0.0,36769.23,364872.12,NPR
2026-01-21,ACC0000004798,349813.57,0.0,71235.58,278577.99,NPR
2026-01-21,ACC0000004799,85825.31,0.0,122737.95,-36912.64,NPR
2026-01-21,ACC0000004800,357770.57,37049.4,31202.39,363617.58,NPR
2026-01-21,ACC0000004801,282343.46,20520.11,11503.02,291360.55,NPR
2026-01-21,ACC0000004802,156248.95,0.0,0.0,156248.95,NPR
2026-01-21,ACC0000004803,212634.27,32295.91,0.0,244930.18,NPR
2026-01-21,ACC0000004804,30903.65,23899.33,71858.43,-17055.45,NPR
2026-01-21,ACC0000004805,436676.88,7331.79,107938.6,336070.07,NPR
2026-01-21,ACC0000004806,60060.15,0.0,74651.39,-14591.24,NPR
2026-01-21,ACC0000004807,46737.18,0.0,196812.04,-150074.86,NPR
2026-01-21,ACC0000004808,69558.83,0.0,52466.74,17092.09,NPR
2026-01-21,ACC0000004809,390575.26,0.0,22098.55,368476.71,NPR
2026-01-21,ACC0000004810,247471.22,0.0,29556.15,217915.07,NPR
2026-01-21,ACC0000004811,496063.26,0.0,71927.51,424135.75,NPR
2026-01-21,ACC0000004812,493889.43,5141.74,8577.09,490454.08,NPR
2026-01-21,ACC0000004813,258835.22,40873.16,34724.13,264984.25,NPR
2026-01-21,ACC0000004814,36706.67,0.0,133837.21,-97130.54,NPR
2026-01-21,ACC0000004815,123181.75,0.0,41018.16,82163.59,NPR
2026-01-21,ACC0000004816,193626.5,0.0,0.0,193626.5,NPR
2026-01-21,ACC0000004817,402110.58,28517.98,0.0,430628.56,NPR
2026-01-21,ACC0000004818,388229.27,0.0,0.0,388229.27,NPR
2026-01-21,ACC0000004819,306869.23,27816.77,49898.96,284787.04,NPR
2026-01-21,ACC0000004820,325238.02,0.0,46763.66,278474.36,NPR
2026-01-21,ACC0000004821,189195.34,0.0,50285.62,138909.72,NPR
2026-01-21,ACC0000004822,415170.33,0.0,29274.52,385895.81,NPR
2026-01-21,ACC0000004823,161839.48,0.0,25741.95,136097.53,NPR
2026-01-21,ACC0000004824,489971.56,0.0,11858.35,478113.21,NPR
2026-01-21,ACC0000004825,147267.15,0.0,59845.92,87421.23,NPR
2026-01-21,ACC0000004826,424295.0,63418.52,77346.03,410367.49,NPR
2026-01-21,ACC0000004827,184175.8,0.0,57226.37,126949.43,NPR
2026-01-21,ACC0000004828,73720.08,18356.89,58779.33,33297.64,NPR
2026-01-21,ACC0000004829,106478.78,29652.04,47112.66,89018.16,NPR
2026-01-21,ACC0000004830,474288.39,0.0,29515.53,444772.86,NPR
2026-01-21,ACC0000004831,185026.35,0.0,98156.65,86869.7,NPR
2026-01-21,ACC0000004832,475034.94,0.0,29564.71,445470.23,NPR
2026-01-21,ACC0000004833,17804.77,45355.24,16279.1,46880.91,NPR
2026-01-21,ACC0000004834,153116.12,6483.26,0.0,159599.38,NPR
2026-01-21,ACC0000004835,365370.97,0.0,15317.39,350053.58,NPR
2026-01-21,ACC0000004836,38235.34,0.0,49573.86,-11338.52,NPR
2026-01-21,ACC0000004837,313562.13,20887.73,87505.75,246944.11,NPR
2026-01-21,ACC0000004838,404038.3,0.0,148344.86,255693.44,NPR
2026-01-21,ACC0000004839,229233.05,0.0,0.0,229233.05,NPR
2026-01-21,ACC0000004840,53671.64,0.0,110231.54,-56559.9,NPR
2026-01-21,ACC0000004841,191314.7,48862.21,40624.86,199552.05,NPR
2026-01-21,ACC0000004842,66934.17,68256.66,17189.93,118000.9,NPR
2026-01-21,ACC0000004843,193130.39,0.0,20887.62,172242.77,NPR
2026-01-21,ACC0000004844,337066.91,12272.3,43776.51,305562.7,NPR
2026-01-21,ACC0000004845,17202.63,0.0,0.0,17202.63,NPR
2026-01-21,ACC0000004846,183346.76,0.0,32333.66,151013.1,NPR
2026-01-21,ACC0000004847,26363.71,18638.68,78819.43,-33817.04,NPR
2026-01-21,ACC0000004848,166243.33,0.0,28930.46,137312.87,NPR
2026-01-21,ACC0000004849,284451.07,35368.08,0.0,319819.15,NPR
2026-01-21,ACC0000004850,67338.72,0.0,56056.17,11282.55,NPR
2026-01-21,ACC0000004851,375821.0,33567.24,90275.96,319112.28,NPR
2026-01-21,ACC0000004852,353669.34,0.0,0.0,353669.34,NPR
2026-01-21,ACC0000004853,324425.5,0.0,0.0,324425.5,NPR
2026-01-21,ACC0000004854,453588.64,43399.97,6147.87,490840.74,NPR
2026-01-21,ACC0000004855,390566.14,0.0,94759.01,295807.13,NPR
2026-01-21,ACC0000004856,75584.15,0.0,131805.23,-56221.08,NPR
2026-01-21,ACC0000004857,412521.26,33494.11,75164.41,370850.96,NPR
2026-01-21,ACC0000004858,20470.07,0.0,47520.28,-27050.21,NPR
2026-01-21,ACC0000004859,229106.82,0.0,75799.75,153307.07,NPR
2026-01-21,ACC0000004860,388721.27,7019.76,197955.25,197785.78,NPR
2026-01-21,ACC0000004861,34268.12,0.0,0.0,34268.12,NPR
2026-01-21,ACC0000004862,247367.1,0.0,27534.18,219832.92,NPR
2026-01-21,ACC0000004863,345330.56,0.0,59084.12,286246.44,NPR
2026-01-21,ACC0000004864,261777.36,0.0,957.58,260819.78,NPR
2026-01-21,ACC0000004865,153742.97,14169.78,27144.06,140768.69,NPR
2026-01-21,ACC0000004866,337808.4,20141.72,111089.92,246860.2,NPR
2026-01-21,ACC0000004867,273718.44,26850.85,153321.78,147247.51,NPR
2026-01-21,ACC0000004868,454305.8,0.0,66977.27,387328.53,NPR
2026-01-21,ACC0000004869,376428.73,18407.49,16418.96,378417.26,NPR
2026-01-21,ACC0000004870,130141.71,0.0,15917.77,114223.94,NPR
2026-01-21,ACC0000004871,200840.29,0.0,0.0,200840.29,NPR
2026-01-21,ACC0000004872,353471.27,0.0,0.0,353471.27,NPR
2026-01-21,ACC0000004873,492230.12,0.0,101872.26,390357.86,NPR
2026-01-21,ACC0000004874,450870.04,0.0,0.0,450870.04,NPR
2026-01-21,ACC0000004875,51317.04,0.0,0.0,51317.04,NPR
2026-01-21,ACC0000004876,311588.72,31478.6,17543.23,325524.09,NPR
2026-01-21,ACC0000004877,165007.6,0.0,9411.55,155596.05,NPR
2026-01-21,ACC0000004878,18053.83,4001.35,22357.42,-302.24,NPR
2026-01-21,ACC0000004879,226300.23,110395.76,97179.74,239516.25,NPR
2026-01-21,ACC0000004880,497946.51,0.0,184530.35,313416.16,NPR
2026-01-21,ACC0000004881,151526.22,0.0,0.0,151526.22,NPR
2026-01-21,ACC0000004882,162772.76,0.0,0.0,162772.76,NPR
2026-01-21,ACC0000004883,40478.64,38084.93,0.0,78563.57,NPR
2026-01-21,ACC0000004884,363465.27,0.0,0.0,363465.27,NPR
2026-01-21,ACC0000004885,404675.11,4041.62,38167.08,370549.65,NPR
2026-01-21,ACC0000004886,119497.54,0.0,65861.9,53635.64,NPR
2026-01-21,ACC0000004887,13603.41,27685.95,0.0,41289.36,NPR
2026-01-21,ACC0000004888,77680.41,0.0,63758.85,13921.56,NPR
2026-01-21,ACC0000004889,117736.14,38823.13,80756.02,75803.25,NPR
2026-01-21,ACC0000004890,90087.45,0.0,0.0,90087.45,NPR
2026-01-21,ACC0000004891,378160.0,0.0,0.0,378160.0,NPR
2026-01-21,ACC0000004892,12703.82,0.0,0.0,12703.82,NPR
2026-01-21,ACC0000004893,60042.18,0.0,0.0,60042.18,NPR
2026-01-21,ACC0000004894,303544.02,0.0,0.0,303544.02,NPR
2026-01-21,ACC0000004895,149765.78,0.0,47916.64,101849.14,NPR
2026-01-21,ACC0000004896,449292.77,0.0,0.0,449292.77,NPR
2026-01-21,ACC0000004897,56800.75,4920.61,81318.92,-19597.56,NPR
2026-01-21,ACC0000004898,130587.26,0.0,50927.6,79659.66,NPR
2026-01-21,ACC0000004899,78857.88,156.65,65443.75,13570.78,NPR
2026-01-21,ACC0000004900,499363.22,0.0,45738.98,453624.24,NPR
2026-01-21,ACC0000004901,379850.12,0.0,106608.99,273241.13,NPR
2026-01-21,ACC0000004902,357372.63,0.0,0.0,357372.63,NPR
2026-01-21,ACC0000004903,254440.79,0.0,89187.53,165253.26,NPR
2026-01-21,ACC0000004904,156515.87,0.0,31059.34,125456.53,NPR
2026-01-21,ACC0000004905,213433.59,0.0,0.0,213433.59,NPR
2026-01-21,ACC0000004906,106982.52,0.0,13957.03,93025.49,NPR
2026-01-21,ACC0000004907,195775.88,0.0,62923.62,132852.26,NPR
2026-01-21,ACC0000004908,104534.88,0.0,138977.68,-34442.8,NPR
2026-01-21,ACC0000004909,139855.55,41262.12,53126.08,127991.59,NPR
2026-01-21,ACC0000004910,411394.72,0.0,166519.44,244875.28,NPR
2026-01-21,ACC0000004911,113030.34,0.0,20353.38,92676.96,NPR
2026-01-21,ACC0000004912,471567.28,0.0,13940.08,457627.2,NPR
2026-01-21,ACC0000004913,479803.5,0.0,106066.66,373736.84,NPR
2026-01-21,ACC0000004914,373098.54,0.0,0.0,373098.54,NPR
2026-01-21,ACC0000004915,70501.8,0.0,119203.28,-48701.48,NPR
2026-01-21,ACC0000004916,457634.58,25882.7,41101.07,442416.21,NPR
2026-01-21,ACC0000004917,278210.52,0.0,92193.23,186017.29,NPR
2026-01-21,ACC0000004918,371298.36,0.0,57409.03,313889.33,NPR
2026-01-21,ACC0000004919,99641.8,0.0,0.0,99641.8,NPR
2026-01-21,ACC0000004920,18021.48,51114.34,82848.56,-13712.74,NPR
2026-01-21,ACC0000004921,102296.15,0.0,49516.36,52779.79,NPR
2026-01-21,ACC0000004922,150675.76,0.0,102909.68,47766.08,NPR
2026-01-21,ACC0000004923,2257.76,0.0,0.0,2257.76,NPR
2026-01-21,ACC0000004924,478703.8,0.0,101758.52,376945.28,NPR
2026-01-21,ACC0000004925,291466.86,48287.74,121027.56,218727.04,NPR
2026-01-21,ACC0000004926,403814.51,0.0,7078.93,396735.58,NPR
2026-01-21,ACC0000004927,312936.23,11549.33,18717.01,305768.55,NPR
2026-01-21,ACC0000004928,405981.99,14840.83,86496.9,334325.92,NPR
2026-01-21,ACC0000004929,190378.26,0.0,0.0,190378.26,NPR
2026-01-21,ACC0000004930,394551.5,64625.11,0.0,459176.61,NPR
2026-01-21,ACC0000004931,297230.39,47682.84,44412.04,300501.19,NPR
2026-01-21,ACC0000004932,207146.81,0.0,93511.19,113635.62,NPR
2026-01-21,ACC0000004933,319321.39,0.0,110938.91,208382.48,NPR
2026-01-21,ACC0000004934,329576.56,45083.72,38591.57,336068.71,NPR
2026-01-21,ACC0000004935,73323.89,0.0,62169.51,11154.38,NPR
2026-01-21,ACC0000004936,89339.96,36647.05,42039.71,83947.3,NPR
2026-01-21,ACC0000004937,181541.95,23272.22,66129.44,138684.73,NPR
2026-01-21,ACC0000004938,317546.36,0.0,0.0,317546.36,NPR
2026-01-21,ACC0000004939,444548.06,0.0,41262.2,403285.86,NPR
2026-01-21,ACC0000004940,259367.99,0.0,0.0,259367.99,NPR
2026-01-21,ACC0000004941,76497.2,0.0,20301.8,56195.4,NPR
2026-01-21,ACC0000004942,302867.01,0.0,0.0,302867.01,NPR
2026-01-21,ACC0000004943,288412.94,9773.38,0.0,298186.32,NPR
2026-01-21,ACC0000004944,25831.55,0.0,30079.98,-4248.43,NPR
2026-01-21,ACC0000004945,313417.15,35479.19,28132.02,320764.32,NPR
2026-01-21,ACC0000004946,315321.42,0.0,33276.06,282045.36,NPR
2026-01-21,ACC0000004947,23811.06,0.0,52244.12,-28433.06,NPR
2026-01-21,ACC0000004948,447120.65,12146.36,41714.9,417552.11,NPR
2026-01-21,ACC0000004949,43444.87,13488.53,0.0,56933.4,NPR
2026-01-21,ACC0000004950,125932.14,0.0,114455.66,11476.48,NPR
2026-01-21,ACC0000004951,456160.92,6801.26,0.0,462962.18,NPR
2026-01-21,ACC0000004952,292512.35,0.0,0.0,292512.35,NPR
2026-01-21,ACC0000004953,497242.34,0.0,9200.17,488042.17,NPR
2026-01-21,ACC0000004954,144163.09,28582.03,100597.99,72147.13,NPR
2026-01-21,ACC0000004955,391789.99,0.0,72826.29,318963.7,NPR
2026-01-21,ACC0000004956,392188.16,0.0,0.0,392188.16,NPR
2026-01-21,ACC0000004957,371419.35,0.0,32060.21,339359.14,NPR
2026-01-21,ACC0000004958,412041.02,94959.12,41712.91,465287.23,NPR
2026-01-21,ACC0000004959,284775.02,37475.44,47283.33,274967.13,NPR
2026-01-21,ACC0000004960,117057.65,0.0,108976.16,8081.49,NPR
2026-01-21,ACC0000004961,374580.32,11443.42,97171.58,288852.16,NPR
2026-01-21,ACC0000004962,288637.76,27343.13,83022.47,232958.42,NPR
2026-01-21,ACC0000004963,425033.57,0.0,14015.33,411018.24,NPR
2026-01-21,ACC0000004964,238720.13,5759.33,73993.35,170486.11,NPR
2026-01-21,ACC0000004965,320111.58,0.0,31516.84,288594.74,NPR
2026-01-21,ACC0000004966,304916.55,0.0,0.0,304916.55,NPR
2026-01-21,ACC0000004967,222318.8,32955.92,83252.06,172022.66,NPR
2026-01-21,ACC0000004968,4079.1,0.0,0.0,4079.1,NPR
2026-01-21,ACC0000004969,443139.45,0.0,0.0,443139.45,NPR
2026-01-21,ACC0000004970,273940.12,49235.24,27975.44,295199.92,NPR
2026-01-21,ACC0000004971,291479.08,23443.01,58401.49,256520.6,NPR
2026-01-21,ACC0000004972,53064.62,0.0,0.0,53064.62,NPR
2026-01-21,ACC0000004973,186042.86,0.0,55416.35,130626.51,NPR
2026-01-21,ACC0000004974,487721.64,0.0,97600.31,390121.33,NPR
2026-01-21,ACC0000004975,368078.9,0.0,68230.37,299848.53,NPR
2026-01-21,ACC0000004976,168428.65,0.0,81987.51,86441.14,NPR
2026-01-21,ACC0000004977,305929.86,0.0,0.0,305929.86,NPR
2026-01-21,ACC0000004978,60902.05,41148.8,45476.28,56574.57,NPR
2026-01-21,ACC0000004979,78288.29,0.0,38537.68,39750.61,NPR
2026-01-21,ACC0000004980,476673.19,0.0,36628.82,440044.37,NPR
2026-01-21,ACC0000004981,355897.62,28080.33,39733.8,344244.15,NPR
2026-01-21,ACC0000004982,245247.13,0.0,119225.51,126021.62,NPR
2026-01-21,ACC0000004983,137367.26,0.0,15638.9,121728.36,NPR
2026-01-21,ACC0000004984,139162.7,32429.3,0.0,171592.0,NPR
2026-01-21,ACC0000004985,331438.88,0.0,81757.37,249681.51,NPR
2026-01-21,ACC0000004986,476654.17,0.0,0.0,476654.17,NPR
2026-01-21,ACC0000004987,105223.42,0.0,29728.85,75494.57,NPR
2026-01-21,ACC0000004988,334116.98,8210.75,0.0,342327.73,NPR
2026-01-21,ACC0000004989,223305.81,0.0,39629.57,183676.24,NPR
2026-01-21,ACC0000004990,398937.52,0.0,45868.74,353068.78,NPR
2026-01-21,ACC0000004991,243064.9,0.0,60179.8,182885.1,NPR
2026-01-21,ACC0000004992,102214.15,0.0,0.0,102214.15,NPR
2026-01-21,ACC0000004993,480662.76,0.0,0.0,480662.76,NPR
2026-01-21,ACC0000004994,343182.04,0.0,48169.47,295012.57,NPR
2026-01-21,ACC0000004995,221099.35,0.0,90851.15,130248.2,NPR
2026-01-21,ACC0000004996,82004.22,49696.5,1014.51,130686.21,NPR
2026-01-21,ACC0000004997,269585.12,0.0,64293.7,205291.42,NPR
2026-01-21,ACC0000004998,271359.51,0.0,18748.1,252611.41,NPR
2026-01-21,ACC0000004999,315062.19,0.0,0.0,315062.19,NPR
2026-01-21,ACC0000005000,141399.42,0.0,0.0,141399.42,NPR
2026-01-21,ACC0000005001,145567.57,27314.05,27323.58,145558.04,NPR
2026-01-21,ACC0000005002,452361.67,34094.56,88382.16,398074.07,NPR
2026-01-21,ACC0000005003,345215.97,0.0,165205.42,180010.55,NPR
2026-01-21,ACC0000005004,422917.05,45829.25,0.0,468746.3,NPR
2026-01-21,ACC0000005005,57277.85,22244.49,126435.16,-46912.82,NPR
2026-01-21,ACC0000005006,98087.43,0.0,0.0,98087.43,NPR
2026-01-21,ACC0000005007,249601.16,22303.46,171254.9,100649.72,NPR
2026-01-21,ACC0000005008,208679.28,0.0,23369.04,185310.24,NPR
2026-01-21,ACC0000005009,448570.41,0.0,51851.23,396719.18,NPR
2026-01-21,ACC0000005010,196821.83,39978.52,21304.88,215495.47,NPR
2026-01-21,ACC0000005011,92552.2,41986.59,0.0,134538.79,NPR
2026-01-21,ACC0000005012,209807.01,103083.35,73639.83,239250.53,NPR
2026-01-21,ACC0000005013,451895.38,0.0,101922.26,349973.12,NPR
2026-01-21,ACC0000005014,230772.96,0.0,0.0,230772.96,NPR
2026-01-21,ACC0000005015,304808.05,18737.92,43098.11,280447.86,NPR
2026-01-21,ACC0000005016,348614.72,34831.25,0.0,383445.97,NPR
2026-01-21,ACC0000005017,107781.56,0.0,75408.34,32373.22,NPR
2026-01-21,ACC0000005018,335279.78,0.0,111332.51,223947.27,NPR
2026-01-21,ACC0000005019,261559.26,50386.73,0.0,311945.99,NPR
2026-01-21,ACC0000005020,331305.86,0.0,31262.86,300043.0,NPR
2026-01-21,ACC0000005021,176955.0,0.0,0.0,176955.0,NPR
2026-01-21,ACC0000005022,41688.87,0.0,7599.38,34089.49,NPR
2026-01-21,ACC0000005023,433792.33,0.0,19634.42,414157.91,NPR
2026-01-21,ACC0000005024,375729.61,30595.35,62184.36,344140.6,NPR
2026-01-21,ACC0000005025,483285.53,0.0,20376.32,462909.21,NPR
2026-01-21,ACC0000005026,336758.95,29404.77,0.0,366163.72,NPR
2026-01-21,ACC0000005027,405133.34,28244.44,78375.57,355002.21,NPR
2026-01-21,ACC0000005028,82023.12,40362.39,47455.21,74930.3,NPR
2026-01-21,ACC0000005029,99670.78,0.0,54072.43,45598.35,NPR
2026-01-21,ACC0000005030,41712.45,43730.82,45612.37,39830.9,NPR
2026-01-21,ACC0000005031,404120.81,3664.7,2036.26,405749.25,NPR
2026-01-21,ACC0000005032,476896.41,27162.22,24300.39,479758.24,NPR
2026-01-21,ACC0000005033,493438.91,30091.2,62486.51,461043.6,NPR
2026-01-21,ACC0000005034,406412.03,0.0,56326.82,350085.21,NPR
2026-01-21,ACC0000005035,366892.18,0.0,78966.09,287926.09,NPR
2026-01-21,ACC0000005036,336032.07,0.0,77760.34,258271.73,NPR
2026-01-21,ACC0000005037,216377.75,0.0,105580.73,110797.02,NPR
2026-01-21,ACC0000005038,28208.27,0.0,38141.42,-9933.15,NPR
2026-01-21,ACC0000005039,425503.06,38049.39,68380.18,395172.27,NPR
2026-01-21,ACC0000005040,258814.81,0.0,0.0,258814.81,NPR
2026-01-21,ACC0000005041,225046.29,0.0,45857.47,179188.82,NPR
2026-01-21,ACC0000005042,149754.31,0.0,24837.43,124916.88,NPR
2026-01-21,ACC0000005043,137128.77,0.0,0.0,137128.77,NPR
2026-01-21,ACC0000005044,71289.59,0.0,106220.46,-34930.87,NPR
2026-01-21,ACC0000005045,35231.3,0.0,0.0,35231.3,NPR
2026-01-21,ACC0000005046,37859.66,0.0,69924.33,-32064.67,NPR
2026-01-21,ACC0000005047,277680.04,36949.61,40615.55,274014.1,NPR
2026-01-21,ACC0000005048,272098.22,0.0,67636.5,204461.72,NPR
2026-01-21,ACC0000005049,81832.32,0.0,60630.28,21202.04,NPR
2026-01-21,ACC0000005050,31109.17,0.0,71500.73,-40391.56,NPR
2026-01-21,ACC0000005051,306885.0,0.0,64377.29,242507.71,NPR
2026-01-21,ACC0000005052,241003.59,0.0,0.0,241003.59,NPR
2026-01-21,ACC0000005053,130872.7,0.0,39994.46,90878.24,NPR
2026-01-21,ACC0000005054,348141.49,0.0,41533.73,306607.76,NPR
2026-01-21,ACC0000005055,387065.95,0.0,57822.6,329243.35,NPR
2026-01-21,ACC0000005056,395619.89,43552.1,13036.73,426135.26,NPR
2026-01-21,ACC0000005057,359985.64,0.0,0.0,359985.64,NPR
2026-01-21,ACC0000005058,42737.52,36190.9,8878.78,70049.64,NPR
2026-01-21,ACC0000005059,57146.05,0.0,0.0,57146.05,NPR
2026-01-21,ACC0000005060,77658.08,69232.63,116446.52,30444.19,NPR
2026-01-21,ACC0000005061,408816.29,14173.62,91610.17,331379.74,NPR
2026-01-21,ACC0000005062,493225.32,0.0,0.0,493225.32,NPR
2026-01-21,ACC0000005063,99975.59,36742.6,948.46,135769.73,NPR
2026-01-21,ACC0000005064,378101.77,84155.6,144234.05,318023.32,NPR
2026-01-21,ACC0000005065,263144.16,0.0,75313.62,187830.54,NPR
2026-01-21,ACC0000005066,148048.62,0.0,59891.75,88156.87,NPR
2026-01-21,ACC0000005067,171913.13,19618.17,0.0,191531.3,NPR
2026-01-21,ACC0000005068,51009.04,0.0,0.0,51009.04,NPR
2026-01-21,ACC0000005069,309200.66,0.0,116398.04,192802.62,NPR
2026-01-21,ACC0000005070,435374.35,0.0,0.0,435374.35,NPR
2026-01-21,ACC0000005071,116577.1,12702.31,56622.71,72656.7,NPR
2026-01-21,ACC0000005072,254035.68,0.0,0.0,254035.68,NPR
2026-01-21,ACC0000005073,306418.29,18714.31,51254.02,273878.58,NPR
2026-01-21,ACC0000005074,374226.79,0.0,78541.39,295685.4,NPR
2026-01-21,ACC0000005075,38741.88,0.0,59967.72,-21225.84,NPR
2026-01-21,ACC0000005076,130379.28,4797.65,7908.59,127268.34,NPR
2026-01-21,ACC0000005077,295404.6,0.0,74704.55,220700.05,NPR
2026-01-21,ACC0000005078,392133.03,45714.96,0.0,437847.99,NPR
2026-01-21,ACC0000005079,451188.79,0.0,101368.33,349820.46,NPR
2026-01-21,ACC0000005080,202867.59,29855.05,30513.07,202209.57,NPR
2026-01-21,ACC0000005081,179462.65,17754.44,120590.4,76626.69,NPR
2026-01-21,ACC0000005082,324791.06,0.0,0.0,324791.06,NPR
2026-01-21,ACC0000005083,316374.73,0.0,60048.43,256326.3,NPR
2026-01-21,ACC0000005084,188047.96,0.0,0.0,188047.96,NPR
2026-01-21,ACC0000005085,406298.78,0.0,66328.8,339969.98,NPR
2026-01-21,ACC0000005086,179091.5,46016.59,106398.9,118709.19,NPR
2026-01-21,ACC0000005087,248694.17,85851.71,61744.04,272801.84,NPR
2026-01-21,ACC0000005088,440335.99,0.0,0.0,440335.99,NPR
2026-01-21,ACC0000005089,252876.39,0.0,60268.37,192608.02,NPR
2026-01-21,ACC0000005090,429591.51,0.0,142687.1,286904.41,NPR
2026-01-21,ACC0000005091,9737.02,0.0,81812.63,-72075.61,NPR
2026-01-21,ACC0000005092,8717.94,17830.71,74171.65,-47623.0,NPR
2026-01-21,ACC0000005093,480290.67,23106.86,218623.16,284774.37,NPR
2026-01-21,ACC0000005094,353542.19,32791.65,85888.85,300444.99,NPR
2026-01-21,ACC0000005095,221166.56,73657.28,81968.6,212855.24,NPR
2026-01-21,ACC0000005096,215745.37,0.0,90076.14,125669.23,NPR
2026-01-21,ACC0000005097,182946.64,10043.0,115011.11,77978.53,NPR
2026-01-21,ACC0000005098,436543.72,0.0,83636.98,352906.74,NPR
2026-01-21,ACC0000005099,167123.59,60567.14,46538.22,181152.51,NPR
2026-01-21,ACC0000005100,314257.92,0.0,69691.61,244566.31,NPR
2026-01-21,ACC0000005101,476471.04,49093.48,44592.09,480972.43,NPR
2026-01-21,ACC0000005102,476691.85,0.0,138223.11,338468.74,NPR
2026-01-21,ACC0000005103,474450.18,0.0,52269.71,422180.47,NPR
2026-01-21,ACC0000005104,23637.55,0.0,41043.72,-17406.17,NPR
2026-01-21,ACC0000005105,418246.06,0.0,0.0,418246.06,NPR
2026-01-21,ACC0000005106,268826.77,0.0,102215.84,166610.93,NPR
2026-01-21,ACC0000005107,341371.33,13263.27,45393.76,309240.84,NPR
2026-01-21,ACC0000005108,316602.12,0.0,16468.16,300133.96,NPR
2026-01-21,ACC0000005109,206874.6,0.0,20405.45,186469.15,NPR
2026-01-21,ACC0000005110,265131.4,0.0,0.0,265131.4,NPR
2026-01-21,ACC0000005111,161699.66,0.0,0.0,161699.66,NPR
2026-01-21,ACC0000005112,480394.68,0.0,0.0,480394.68,NPR
2026-01-21,ACC0000005113,383411.84,0.0,5691.17,377720.67,NPR
2026-01-21,ACC0000005114,389337.07,0.0,71176.78,318160.29,NPR
2026-01-21,ACC0000005115,220529.76,5989.71,87195.12,139324.35,NPR
2026-01-21,ACC0000005116,414166.47,0.0,141503.76,272662.71,NPR
2026-01-21,ACC0000005117,67582.02,0.0,0.0,67582.02,NPR
2026-01-21,ACC0000005118,338259.92,30688.9,0.0,368948.82,NPR
2026-01-21,ACC0000005119,62539.15,49331.29,135660.13,-23789.69,NPR
2026-01-21,ACC0000005120,374328.23,30077.64,0.0,404405.87,NPR
2026-01-21,ACC0000005121,468655.7,19516.81,90848.38,397324.13,NPR
2026-01-21,ACC0000005122,15408.03,49560.12,0.0,64968.15,NPR
2026-01-21,ACC0000005123,233692.01,0.0,0.0,233692.01,NPR
2026-01-21,ACC0000005124,125274.24,38032.72,206852.45,-43545.49,NPR
2026-01-21,ACC0000005125,21927.22,11081.17,36911.59,-3903.2,NPR
2026-01-21,ACC0000005126,25453.89,0.0,90521.84,-65067.95,NPR
2026-01-21,ACC0000005127,160358.52,0.0,26136.47,134222.05,NPR
2026-01-21,ACC0000005128,172051.72,70326.8,97420.07,144958.45,NPR
2026-01-21,ACC0000005129,166509.37,0.0,41042.71,125466.66,NPR
2026-01-21,ACC0000005130,302323.77,32838.41,3537.03,331625.15,NPR
2026-01-21,ACC0000005131,201851.36,0.0,51974.47,149876.89,NPR
2026-01-21,ACC0000005132,32027.52,0.0,50503.29,-18475.77,NPR
2026-01-21,ACC0000005133,197871.92,0.0,0.0,197871.92,NPR
2026-01-21,ACC0000005134,28028.89,0.0,0.0,28028.89,NPR
2026-01-21,ACC0000005135,277782.62,0.0,0.0,277782.62,NPR
2026-01-21,ACC0000005136,412217.42,20644.97,88447.01,344415.38,NPR
2026-01-21,ACC0000005137,459054.21,0.0,17905.94,441148.27,NPR
2026-01-21,ACC0000005138,11345.72,0.0,0.0,11345.72,NPR
2026-01-21,ACC0000005139,50871.11,44225.86,14821.26,80275.71,NPR
2026-01-21,ACC0000005140,144725.84,0.0,0.0,144725.84,NPR
2026-01-21,ACC0000005141,408766.86,0.0,109108.14,299658.72,NPR
2026-01-21,ACC0000005142,138208.86,0.0,41263.32,96945.54,NPR
2026-01-21,ACC0000005143,200146.88,0.0,0.0,200146.88,NPR
2026-01-21,ACC0000005144,208234.65,0.0,2695.32,205539.33,NPR
2026-01-21,ACC0000005145,149086.71,29845.0,144310.11,34621.6,NPR
2026-01-21,ACC0000005146,350063.26,0.0,52310.61,297752.65,NPR
2026-01-21,ACC0000005147,326304.23,37559.66,24681.19,339182.7,NPR
2026-01-21,ACC0000005148,320678.45,0.0,0.0,320678.45,NPR
2026-01-21,ACC0000005149,260233.6,36541.3,55138.48,241636.42,NPR
2026-01-21,ACC0000005150,128759.51,0.0,0.0,128759.51,NPR
2026-01-21,ACC0000005151,21429.11,0.0,16055.57,5373.54,NPR
2026-01-21,ACC0000005152,378644.82,22373.34,75361.37,325656.79,NPR
2026-01-21,ACC0000005153,410914.12,0.0,42850.64,368063.48,NPR
2026-01-21,ACC0000005154,441443.83,31638.26,5437.66,467644.43,NPR
2026-01-21,ACC0000005155,297103.45,0.0,0.0,297103.45,NPR
2026-01-21,ACC0000005156,447053.23,0.0,70268.67,376784.56,NPR
2026-01-21,ACC0000005157,295325.75,0.0,46548.99,248776.76,NPR
2026-01-21,ACC0000005158,275127.04,0.0,34575.25,240551.79,NPR
2026-01-21,ACC0000005159,347083.54,57220.64,11150.71,393153.47,NPR
2026-01-21,ACC0000005160,196655.43,0.0,0.0,196655.43,NPR
2026-01-21,ACC0000005161,80080.08,0.0,114669.3,-34589.22,NPR
2026-01-21,ACC0000005162,393193.18,0.0,0.0,393193.18,NPR
2026-01-21,ACC0000005163,108517.1,19109.27,61175.02,66451.35,NPR
2026-01-21,ACC0000005164,229229.21,0.0,58604.32,170624.89,NPR
2026-01-21,ACC0000005165,449103.99,48605.01,0.0,497709.0,NPR
2026-01-21,ACC0000005166,151551.55,41144.16,442.64,192253.07,NPR
2026-01-21,ACC0000005167,8702.06,0.0,6070.61,2631.45,NPR
2026-01-21,ACC0000005168,93203.85,0.0,6203.65,87000.2,NPR
2026-01-21,ACC0000005169,26785.37,0.0,0.0,26785.37,NPR
2026-01-21,ACC0000005170,395059.29,0.0,48148.75,346910.54,NPR
2026-01-21,ACC0000005171,356136.08,7715.41,103471.8,260379.69,NPR
2026-01-21,ACC0000005172,250073.79,0.0,80939.11,169134.68,NPR
2026-01-21,ACC0000005173,419023.05,0.0,155808.91,263214.14,NPR
2026-01-21,ACC0000005174,15284.14,4344.59,38677.56,-19048.83,NPR
2026-01-21,ACC0000005175,284488.01,0.0,0.0,284488.01,NPR
2026-01-21,ACC0000005176,201884.77,0.0,0.0,201884.77,NPR
2026-01-21,ACC0000005177,109986.21,0.0,181213.46,-71227.25,NPR
2026-01-21,ACC0000005178,458969.01,0.0,0.0,458969.01,NPR
2026-01-21,ACC0000005179,419260.08,0.0,77336.06,341924.02,NPR
2026-01-21,ACC0000005180,91437.88,47789.29,20267.38,118959.79,NPR
2026-01-21,ACC0000005181,297520.51,0.0,53227.31,244293.2,NPR
2026-01-21,ACC0000005182,45772.19,0.0,30531.21,15240.98,NPR
2026-01-21,ACC0000005183,244209.8,43177.28,8777.76,278609.32,NPR
2026-01-21,ACC0000005184,392423.03,0.0,9650.83,382772.2,NPR
2026-01-21,ACC0000005185,340631.11,0.0,51774.59,288856.52,NPR
2026-01-21,ACC0000005186,229525.22,0.0,12762.54,216762.68,NPR
2026-01-21,ACC0000005187,332169.51,0.0,27302.42,304867.09,NPR
2026-01-21,ACC0000005188,67540.66,0.0,88951.31,-21410.65,NPR
2026-01-21,ACC0000005189,499415.06,0.0,18526.21,480888.85,NPR
2026-01-21,ACC0000005190,378090.02,0.0,23720.93,354369.09,NPR
2026-01-21,ACC0000005191,157564.27,0.0,0.0,157564.27,NPR
2026-01-21,ACC0000005192,213927.47,24445.93,0.0,238373.4,NPR
2026-01-21,ACC0000005193,378627.56,15895.03,99773.71,294748.88,NPR
2026-01-21,ACC0000005194,72267.04,39929.06,34220.86,77975.24,NPR
2026-01-21,ACC0000005195,379281.21,19037.48,36607.16,361711.53,NPR
2026-01-21,ACC0000005196,384735.55,65648.79,0.0,450384.34,NPR
2026-01-21,ACC0000005197,419895.14,0.0,35928.55,383966.59,NPR
2026-01-21,ACC0000005198,333958.98,27542.53,48654.14,312847.37,NPR
2026-01-21,ACC0000005199,117358.95,76396.35,4115.41,189639.89,NPR
2026-01-21,ACC0000005200,200584.48,2920.94,48533.17,154972.25,NPR
2026-01-21,ACC0000005201,492245.48,79153.02,0.0,571398.5,NPR
2026-01-21,ACC0000005202,376291.5,39512.99,0.0,415804.49,NPR
2026-01-21,ACC0000005203,439141.11,0.0,130940.34,308200.77,NPR
2026-01-21,ACC0000005204,309210.06,38927.91,108001.0,240136.97,NPR
2026-01-21,ACC0000005205,14351.42,31775.65,112829.76,-66702.69,NPR
2026-01-21,ACC0000005206,493011.34,0.0,36926.93,456084.41,NPR
2026-01-21,ACC0000005207,38790.38,17425.78,0.0,56216.16,NPR
2026-01-21,ACC0000005208,471269.03,0.0,0.0,471269.03,NPR
2026-01-21,ACC0000005209,97990.78,34347.34,33648.62,98689.5,NPR
2026-01-21,ACC0000005210,479896.46,21180.05,114416.37,386660.14,NPR
2026-01-21,ACC0000005211,60542.53,0.0,0.0,60542.53,NPR
2026-01-21,ACC0000005212,431172.8,48589.92,54249.52,425513.2,NPR
2026-01-21,ACC0000005213,185484.11,0.0,77101.68,108382.43,NPR
2026-01-21,ACC0000005214,446235.75,0.0,69328.45,376907.3,NPR
2026-01-21,ACC0000005215,234630.8,0.0,27626.29,207004.51,NPR
2026-01-21,ACC0000005216,240178.83,0.0,0.0,240178.83,NPR
2026-01-21,ACC0000005217,445879.72,19683.12,110088.35,355474.49,NPR
2026-01-21,ACC0000005218,322550.08,23420.62,148594.83,197375.87,NPR
2026-01-21,ACC0000005219,345216.08,0.0,0.0,345216.08,NPR
2026-01-21,ACC0000005220,21835.07,37341.91,74553.97,-15376.99,NPR
2026-01-21,ACC0000005221,383856.12,0.0,74578.81,309277.31,NPR
2026-01-21,ACC0000005222,137465.82,0.0,49911.92,87553.9,NPR
2026-01-21,ACC0000005223,231270.84,9253.64,36204.15,204320.33,NPR
2026-01-21,ACC0000005224,274476.07,0.0,99972.45,174503.62,NPR
2026-01-21,ACC0000005225,247252.01,0.0,0.0,247252.01,NPR
2026-01-21,ACC0000005226,362185.65,44463.98,104775.21,301874.42,NPR
2026-01-21,ACC0000005227,492340.98,0.0,83652.59,408688.39,NPR
2026-01-21,ACC0000005228,307032.39,0.0,182419.89,124612.5,NPR
2026-01-21,ACC0000005229,477403.99,23462.67,71024.08,429842.58,NPR
2026-01-21,ACC0000005230,143284.67,0.0,58172.34,85112.33,NPR
2026-01-21,ACC0000005231,319853.28,14724.88,12289.56,322288.6,NPR
2026-01-21,ACC0000005232,107447.03,0.0,70763.99,36683.04,NPR
2026-01-21,ACC0000005233,167425.43,29217.93,26865.89,169777.47,NPR
2026-01-21,ACC0000005234,336798.03,0.0,13298.99,323499.04,NPR
2026-01-21,ACC0000005235,75607.89,30370.92,55797.98,50180.83,NPR
2026-01-21,ACC0000005236,8238.56,0.0,38634.73,-30396.17,NPR
2026-01-21,ACC0000005237,229525.43,0.0,39501.69,190023.74,NPR
2026-01-21,ACC0000005238,233492.31,0.0,66538.81,166953.5,NPR
2026-01-21,ACC0000005239,112265.73,0.0,73737.88,38527.85,NPR
2026-01-21,ACC0000005240,471629.78,0.0,0.0,471629.78,NPR
2026-01-21,ACC0000005241,333867.26,0.0,0.0,333867.26,NPR
2026-01-21,ACC0000005242,476603.46,0.0,44954.72,431648.74,NPR
2026-01-21,ACC0000005243,32015.42,0.0,163769.18,-131753.76,NPR
2026-01-21,ACC0000005244,272263.48,0.0,15045.02,257218.46,NPR
2026-01-21,ACC0000005245,465936.67,12924.78,24133.27,454728.18,NPR
2026-01-21,ACC0000005246,476565.7,0.0,60743.91,415821.79,NPR
2026-01-21,ACC0000005247,74628.36,0.0,23038.21,51590.15,NPR
2026-01-21,ACC0000005248,70416.92,23041.03,54186.96,39270.99,NPR
2026-01-21,ACC0000005249,232427.68,0.0,0.0,232427.68,NPR
2026-01-21,ACC0000005250,239407.38,0.0,0.0,239407.38,NPR
2026-01-21,ACC0000005251,203861.59,0.0,0.0,203861.59,NPR
2026-01-21,ACC0000005252,364043.66,0.0,37766.22,326277.44,NPR
2026-01-21,ACC0000005253,445611.82,0.0,0.0,445611.82,NPR
2026-01-21,ACC0000005254,351339.84,0.0,0.0,351339.84,NPR
2026-01-21,ACC0000005255,338276.86,0.0,0.0,338276.86,NPR
2026-01-21,ACC0000005256,314134.01,0.0,114932.94,199201.07,NPR
2026-01-21,ACC0000005257,28263.88,0.0,86397.15,-58133.27,NPR
2026-01-21,ACC0000005258,79515.28,46967.53,89639.59,36843.22,NPR
2026-01-21,ACC0000005259,58445.94,0.0,44767.16,13678.78,NPR
2026-01-21,ACC0000005260,300233.14,0.0,6829.2,293403.94,NPR
2026-01-21,ACC0000005261,260003.74,12322.8,59325.5,213001.04,NPR
2026-01-21,ACC0000005262,192921.78,18698.9,45022.08,166598.6,NPR
2026-01-21,ACC0000005263,365512.28,43410.29,45886.25,363036.32,NPR
2026-01-21,ACC0000005264,458781.58,78477.59,50399.11,486860.06,NPR
2026-01-21,ACC0000005265,118643.89,0.0,24554.54,94089.35,NPR
2026-01-21,ACC0000005266,92238.83,11060.03,33391.14,69907.72,NPR
2026-01-21,ACC0000005267,132235.33,41062.31,93657.32,79640.32,NPR
2026-01-21,ACC0000005268,149410.26,0.0,35866.1,113544.16,NPR
2026-01-21,ACC0000005269,401476.96,0.0,45683.3,355793.66,NPR
2026-01-21,ACC0000005270,93958.32,0.0,34110.98,59847.34,NPR
2026-01-21,ACC0000005271,444599.51,0.0,42048.47,402551.04,NPR
2026-01-21,ACC0000005272,265589.26,11373.99,41115.73,235847.52,NPR
2026-01-21,ACC0000005273,208223.1,0.0,134406.08,73817.02,NPR
2026-01-21,ACC0000005274,235888.98,71925.8,109929.81,197884.97,NPR
2026-01-21,ACC0000005275,351763.26,0.0,27186.76,324576.5,NPR
2026-01-21,ACC0000005276,379580.04,0.0,55517.25,324062.79,NPR
2026-01-21,ACC0000005277,400865.87,0.0,0.0,400865.87,NPR
2026-01-21,ACC0000005278,496584.95,0.0,49206.35,447378.6,NPR
2026-01-21,ACC0000005279,328626.8,0.0,99950.86,228675.94,NPR
2026-01-21,ACC0000005280,432747.67,0.0,0.0,432747.67,NPR
2026-01-21,ACC0000005281,158611.84,41927.16,34421.29,166117.71,NPR
2026-01-21,ACC0000005282,472850.13,0.0,4340.57,468509.56,NPR
2026-01-21,ACC0000005283,327881.76,0.0,100841.76,227040.0,NPR
2026-01-21,ACC0000005284,317167.23,0.0,22429.18,294738.05,NPR
2026-01-21,ACC0000005285,146026.33,0.0,20195.52,125830.81,NPR
2026-01-21,ACC0000005286,215175.58,0.0,0.0,215175.58,NPR
2026-01-21,ACC0000005287,19813.76,0.0,82260.02,-62446.26,NPR
2026-01-21,ACC0000005288,10180.81,0.0,425.93,9754.88,NPR
2026-01-21,ACC0000005289,2399.26,62953.47,40486.85,24865.88,NPR
2026-01-21,ACC0000005290,261666.22,21887.28,65705.46,217848.04,NPR
2026-01-21,ACC0000005291,340322.76,0.0,35054.08,305268.68,NPR
2026-01-21,ACC0000005292,485931.85,0.0,0.0,485931.85,NPR
2026-01-21,ACC0000005293,40938.12,0.0,0.0,40938.12,NPR
2026-01-21,ACC0000005294,469451.14,61982.64,49515.46,481918.32,NPR
2026-01-21,ACC0000005295,137463.4,0.0,17927.42,119535.98,NPR
2026-01-21,ACC0000005296,5480.99,867.37,10523.13,-4174.77,NPR
2026-01-21,ACC0000005297,378618.25,37333.8,21206.53,394745.52,NPR
2026-01-21,ACC0000005298,70708.08,6902.77,77311.3,299.55,NPR
2026-01-21,ACC0000005299,185841.42,3033.23,0.0,188874.65,NPR
2026-01-21,ACC0000005300,298083.17,0.0,52264.5,245818.67,NPR
2026-01-21,ACC0000005301,412414.77,0.0,55810.82,356603.95,NPR
2026-01-21,ACC0000005302,338742.65,0.0,76150.71,262591.94,NPR
2026-01-21,ACC0000005303,438733.15,0.0,85342.08,353391.07,NPR
2026-01-21,ACC0000005304,74965.39,0.0,127338.54,-52373.15,NPR
2026-01-21,ACC0000005305,496505.68,0.0,0.0,496505.68,NPR
2026-01-21,ACC0000005306,37176.64,29006.39,9621.1,56561.93,NPR
2026-01-21,ACC0000005307,418594.26,24327.35,45825.02,397096.59,NPR
2026-01-21,ACC0000005308,453868.13,38752.64,0.0,492620.77,NPR
2026-01-21,ACC0000005309,385412.13,0.0,0.0,385412.13,NPR
2026-01-21,ACC0000005310,463620.43,0.0,19503.0,444117.43,NPR
2026-01-21,ACC0000005311,465038.1,0.0,78943.93,386094.17,NPR
2026-01-21,ACC0000005312,426454.2,45248.5,39051.67,432651.03,NPR
2026-01-21,ACC0000005313,263989.63,0.0,38845.32,225144.31,NPR
2026-01-21,ACC0000005314,496557.44,0.0,29926.61,466630.83,NPR
2026-01-21,ACC0000005315,324656.6,77949.18,0.0,402605.78,NPR
2026-01-21,ACC0000005316,133790.0,0.0,731.81,133058.19,NPR
2026-01-21,ACC0000005317,374520.54,13226.79,83508.15,304239.18,NPR
2026-01-21,ACC0000005318,466257.94,0.0,0.0,466257.94,NPR
2026-01-21,ACC0000005319,415326.7,0.0,140487.05,274839.65,NPR
2026-01-21,ACC0000005320,73209.73,0.0,0.0,73209.73,NPR
2026-01-21,ACC0000005321,269074.08,0.0,138820.64,130253.44,NPR
2026-01-21,ACC0000005322,442157.16,29842.65,85950.57,386049.24,NPR
2026-01-21,ACC0000005323,27018.79,0.0,0.0,27018.79,NPR
2026-01-21,ACC0000005324,326833.9,12920.04,69887.23,269866.71,NPR
2026-01-21,ACC0000005325,117133.17,0.0,0.0,117133.17,NPR
2026-01-21,ACC0000005326,208878.61,0.0,60222.88,148655.73,NPR
2026-01-21,ACC0000005327,58758.24,0.0,99570.66,-40812.42,NPR
2026-01-21,ACC0000005328,238742.65,0.0,0.0,238742.65,NPR
2026-01-21,ACC0000005329,45556.82,0.0,66254.02,-20697.2,NPR
2026-01-21,ACC0000005330,460978.11,14617.46,24031.99,451563.58,NPR
2026-01-21,ACC0000005331,383569.19,0.0,5123.25,378445.94,NPR
2026-01-21,ACC0000005332,298434.13,16831.85,0.0,315265.98,NPR
2026-01-21,ACC0000005333,59371.42,0.0,66220.58,-6849.16,NPR
2026-01-21,ACC0000005334,46845.25,32573.78,168070.81,-88651.78,NPR
2026-01-21,ACC0000005335,323899.84,0.0,68746.81,255153.03,NPR
2026-01-21,ACC0000005336,482683.21,0.0,43059.96,439623.25,NPR
2026-01-21,ACC0000005337,397579.58,0.0,46415.83,351163.75,NPR
2026-01-21,ACC0000005338,439293.44,0.0,98836.52,340456.92,NPR
2026-01-21,ACC0000005339,289659.49,14188.45,0.0,303847.94,NPR
2026-01-21,ACC0000005340,355273.95,33131.99,43498.68,344907.26,NPR
2026-01-21,ACC0000005341,247689.02,4517.05,9092.27,243113.8,NPR
2026-01-21,ACC0000005342,375603.57,5803.37,151536.02,229870.92,NPR
2026-01-21,ACC0000005343,9898.34,41746.29,85766.79,-34122.16,NPR
2026-01-21,ACC0000005344,146429.16,0.0,44760.53,101668.63,NPR
2026-01-21,ACC0000005345,414093.56,0.0,29962.67,384130.89,NPR
2026-01-21,ACC0000005346,363394.43,18683.27,0.0,382077.7,NPR
2026-01-21,ACC0000005347,95156.47,30064.8,38126.44,87094.83,NPR
2026-01-21,ACC0000005348,212195.99,0.0,49323.35,162872.64,NPR
2026-01-21,ACC0000005349,307657.18,0.0,0.0,307657.18,NPR
2026-01-21,ACC0000005350,112989.07,21854.73,1034.86,133808.94,NPR
2026-01-21,ACC0000005351,63092.44,0.0,37171.43,25921.01,NPR
2026-01-21,ACC0000005352,433945.3,0.0,0.0,433945.3,NPR
2026-01-21,ACC0000005353,108981.62,9591.14,49568.44,69004.32,NPR
2026-01-21,ACC0000005354,128211.73,0.0,0.0,128211.73,NPR
2026-01-21,ACC0000005355,42960.46,15146.46,103549.74,-45442.82,NPR
2026-01-21,ACC0000005356,266206.54,19227.9,79913.82,205520.62,NPR
2026-01-21,ACC0000005357,218253.33,15132.76,45925.06,187461.03,NPR
2026-01-21,ACC0000005358,256322.55,31241.85,17899.44,269664.96,NPR
2026-01-21,ACC0000005359,389179.47,22312.81,0.0,411492.28,NPR
2026-01-21,ACC0000005360,122622.91,0.0,0.0,122622.91,NPR
2026-01-21,ACC0000005361,398606.44,7986.82,4694.79,401898.47,NPR
2026-01-21,ACC0000005362,22768.48,32156.25,43198.49,11726.24,NPR
2026-01-21,ACC0000005363,461424.84,0.0,67180.09,394244.75,NPR
2026-01-21,ACC0000005364,426199.13,27622.94,0.0,453822.07,NPR
2026-01-21,ACC0000005365,316912.07,0.0,20814.09,296097.98,NPR
2026-01-21,ACC0000005366,415659.16,37740.56,28682.47,424717.25,NPR
2026-01-21,ACC0000005367,491582.46,0.0,130876.5,360705.96,NPR
2026-01-21,ACC0000005368,362342.98,0.0,144645.15,217697.83,NPR
2026-01-21,ACC0000005369,241614.16,0.0,76372.81,165241.35,NPR
2026-01-21,ACC0000005370,97586.18,9556.85,0.0,107143.03,NPR
2026-01-21,ACC0000005371,389720.23,30479.62,45438.54,374761.31,NPR
2026-01-21,ACC0000005372,5458.99,0.0,0.0,5458.99,NPR
2026-01-21,ACC0000005373,453652.42,0.0,162347.04,291305.38,NPR
2026-01-21,ACC0000005374,197439.29,0.0,50440.22,146999.07,NPR
2026-01-21,ACC0000005375,417725.13,0.0,45296.67,372428.46,NPR
2026-01-21,ACC0000005376,229924.87,0.0,9154.36,220770.51,NPR
2026-01-21,ACC0000005377,267057.07,0.0,20607.48,246449.59,NPR
2026-01-21,ACC0000005378,358239.12,0.0,23449.06,334790.06,NPR
2026-01-21,ACC0000005379,441010.83,0.0,140182.82,300828.01,NPR
2026-01-21,ACC0000005380,465501.39,17588.41,74938.83,408150.97,NPR
2026-01-21,ACC0000005381,274522.04,0.0,0.0,274522.04,NPR
2026-01-21,ACC0000005382,319870.68,23340.35,103759.1,239451.93,NPR
2026-01-21,ACC0000005383,442914.63,0.0,70037.83,372876.8,NPR
2026-01-21,ACC0000005384,135196.19,0.0,142209.75,-7013.56,NPR
2026-01-21,ACC0000005385,177285.42,34952.33,66257.4,145980.35,NPR
2026-01-21,ACC0000005386,21027.62,6699.56,21312.6,6414.58,NPR
2026-01-21,ACC0000005387,337148.77,0.0,106265.84,230882.93,NPR
2026-01-21,ACC0000005388,133322.69,0.0,0.0,133322.69,NPR
2026-01-21,ACC0000005389,488854.67,0.0,51114.89,437739.78,NPR
2026-01-21,ACC0000005390,423427.88,0.0,48742.46,374685.42,NPR
2026-01-21,ACC0000005391,471001.86,0.0,57089.26,413912.6,NPR
2026-01-21,ACC0000005392,220506.88,0.0,110154.83,110352.05,NPR
2026-01-21,ACC0000005393,65656.65,362.09,28485.51,37533.23,NPR
2026-01-21,ACC0000005394,295978.25,53486.05,1493.79,347970.51,NPR
2026-01-21,ACC0000005395,39130.32,27787.62,0.0,66917.94,NPR
2026-01-21,ACC0000005396,40517.77,0.0,9349.1,31168.67,NPR
2026-01-21,ACC0000005397,200956.39,0.0,46425.44,154530.95,NPR
2026-01-21,ACC0000005398,55005.66,0.0,71038.26,-16032.6,NPR
2026-01-21,ACC0000005399,365399.35,32420.23,42386.53,355433.05,NPR
2026-01-21,ACC0000005400,41789.77,0.0,88861.67,-47071.9,NPR
2026-01-21,ACC0000005401,92692.17,0.0,0.0,92692.17,NPR
2026-01-21,ACC0000005402,31186.33,21299.24,64097.71,-11612.14,NPR
2026-01-21,ACC0000005403,280336.4,0.0,60722.97,219613.43,NPR
2026-01-21,ACC0000005404,119871.55,39617.18,0.0,159488.73,NPR
2026-01-21,ACC0000005405,26403.89,0.0,63219.74,-36815.85,NPR
2026-01-21,ACC0000005406,272935.01,0.0,57971.84,214963.17,NPR
2026-01-21,ACC0000005407,189873.28,0.0,47450.53,142422.75,NPR
2026-01-21,ACC0000005408,20628.7,5547.53,57883.79,-31707.56,NPR
2026-01-21,ACC0000005409,321664.85,0.0,11932.82,309732.03,NPR
2026-01-21,ACC0000005410,206132.56,0.0,43060.45,163072.11,NPR
2026-01-21,ACC0000005411,249959.8,75990.11,73547.52,252402.39,NPR
2026-01-21,ACC0000005412,451070.24,26057.98,27032.37,450095.85,NPR
2026-01-21,ACC0000005413,102511.28,28285.27,55155.72,75640.83,NPR
2026-01-21,ACC0000005414,225574.41,0.0,73359.0,152215.41,NPR
2026-01-21,ACC0000005415,293839.99,0.0,0.0,293839.99,NPR
2026-01-21,ACC0000005416,496130.69,1748.62,48620.74,449258.57,NPR
2026-01-21,ACC0000005417,310938.82,0.0,86214.17,224724.65,NPR
2026-01-21,ACC0000005418,328992.08,0.0,127973.07,201019.01,NPR
2026-01-21,ACC0000005419,444939.78,41980.82,18458.7,468461.9,NPR
2026-01-21,ACC0000005420,441912.17,0.0,83911.99,358000.18,NPR
2026-01-21,ACC0000005421,454448.13,56080.28,81780.34,428748.07,NPR
2026-01-21,ACC0000005422,393450.0,0.0,76433.4,317016.6,NPR
2026-01-21,ACC0000005423,160639.84,0.0,99260.21,61379.63,NPR
2026-01-21,ACC0000005424,370357.36,19964.46,43669.85,346651.97,NPR
2026-01-21,ACC0000005425,140458.61,0.0,168810.23,-28351.62,NPR
2026-01-21,ACC0000005426,261442.78,16710.48,33920.1,244233.16,NPR
2026-01-21,ACC0000005427,71434.66,47519.42,51291.12,67662.96,NPR
2026-01-21,ACC0000005428,14393.08,0.0,0.0,14393.08,NPR
2026-01-21,ACC0000005429,224296.42,0.0,0.0,224296.42,NPR
2026-01-21,ACC0000005430,280873.87,0.0,130459.89,150413.98,NPR
2026-01-21,ACC0000005431,212026.04,0.0,122964.21,89061.83,NPR
2026-01-21,ACC0000005432,418074.51,31882.9,82183.21,367774.2,NPR
2026-01-21,ACC0000005433,176582.22,33428.89,0.0,210011.11,NPR
2026-01-21,ACC0000005434,410756.1,0.0,95583.04,315173.06,NPR
2026-01-21,ACC0000005435,62724.87,0.0,56329.7,6395.17,NPR
2026-01-21,ACC0000005436,135096.16,0.0,0.0,135096.16,NPR
2026-01-21,ACC0000005437,447224.7,0.0,47811.32,399413.38,NPR
2026-01-21,ACC0000005438,126068.74,44680.69,64657.11,106092.32,NPR
2026-01-21,ACC0000005439,304422.73,0.0,0.0,304422.73,NPR
2026-01-21,ACC0000005440,412423.33,0.0,37688.56,374734.77,NPR
2026-01-21,ACC0000005441,440612.57,0.0,43714.09,396898.48,NPR
2026-01-21,ACC0000005442,324514.95,0.0,19145.09,305369.86,NPR
2026-01-21,ACC0000005443,302954.98,0.0,0.0,302954.98,NPR
2026-01-21,ACC0000005444,407190.08,0.0,52570.35,354619.73,NPR
2026-01-21,ACC0000005445,190490.37,0.0,0.0,190490.37,NPR
2026-01-21,ACC0000005446,198497.36,20363.82,98134.48,120726.7,NPR
2026-01-21,ACC0000005447,247096.18,63488.1,110189.81,200394.47,NPR
2026-01-21,ACC0000005448,193334.99,75352.66,83998.55,184689.1,NPR
2026-01-21,ACC0000005449,181978.05,0.0,33610.09,148367.96,NPR
2026-01-21,ACC0000005450,434877.6,0.0,185359.99,249517.61,NPR
2026-01-21,ACC0000005451,423921.6,0.0,110761.15,313160.45,NPR
2026-01-21,ACC0000005452,182634.46,18695.1,86020.58,115308.98,NPR
2026-01-21,ACC0000005453,15410.39,0.0,0.0,15410.39,NPR
2026-01-21,ACC0000005454,11073.01,28209.72,47931.97,-8649.24,NPR
2026-01-21,ACC0000005455,67849.19,0.0,47638.81,20210.38,NPR
2026-01-21,ACC0000005456,482272.7,0.0,36766.52,445506.18,NPR
2026-01-21,ACC0000005457,22876.44,18226.3,43881.65,-2778.91,NPR
2026-01-21,ACC0000005458,62363.72,0.0,0.0,62363.72,NPR
2026-01-21,ACC0000005459,69876.99,0.0,71510.41,-1633.42,NPR
2026-01-21,ACC0000005460,241070.96,47200.13,0.0,288271.09,NPR
2026-01-21,ACC0000005461,310703.78,42820.78,35208.26,318316.3,NPR
2026-01-21,ACC0000005462,199486.92,0.0,98292.65,101194.27,NPR
2026-01-21,ACC0000005463,210343.93,0.0,0.0,210343.93,NPR
2026-01-21,ACC0000005464,48915.36,0.0,25569.21,23346.15,NPR
2026-01-21,ACC0000005465,335164.96,46541.95,128685.67,253021.24,NPR
2026-01-21,ACC0000005466,138068.46,41652.53,61255.99,118465.0,NPR
2026-01-21,ACC0000005467,271176.25,0.0,77337.8,193838.45,NPR
2026-01-21,ACC0000005468,90223.33,0.0,18220.14,72003.19,NPR
2026-01-21,ACC0000005469,459111.65,29443.9,0.0,488555.55,NPR
2026-01-21,ACC0000005470,110218.92,0.0,107479.77,2739.15,NPR
2026-01-21,ACC0000005471,167115.53,0.0,0.0,167115.53,NPR
2026-01-21,ACC0000005472,95704.68,0.0,36919.68,58785.0,NPR
2026-01-21,ACC0000005473,341796.6,0.0,98639.75,243156.85,NPR
2026-01-21,ACC0000005474,21867.31,22662.34,49047.28,-4517.63,NPR
2026-01-21,ACC0000005475,277256.14,33203.34,59819.79,250639.69,NPR
2026-01-21,ACC0000005476,268931.86,0.0,0.0,268931.86,NPR
2026-01-21,ACC0000005477,226498.95,0.0,34761.99,191736.96,NPR
2026-01-21,ACC0000005478,354888.57,0.0,0.0,354888.57,NPR
2026-01-21,ACC0000005479,375993.73,0.0,0.0,375993.73,NPR
2026-01-21,ACC0000005480,54394.22,19499.61,70775.6,3118.23,NPR
2026-01-21,ACC0000005481,153853.74,0.0,39568.97,114284.77,NPR
2026-01-21,ACC0000005482,484593.82,0.0,51656.74,432937.08,NPR
2026-01-21,ACC0000005483,422735.73,33924.31,20624.43,436035.61,NPR
2026-01-21,ACC0000005484,457812.76,24022.81,13837.76,467997.81,NPR
2026-01-21,ACC0000005485,62354.19,18224.91,42605.41,37973.69,NPR
2026-01-21,ACC0000005486,466951.96,0.0,42170.87,424781.09,NPR
2026-01-21,ACC0000005487,474343.68,0.0,35738.66,438605.02,NPR
2026-01-21,ACC0000005488,447928.22,0.0,0.0,447928.22,NPR
2026-01-21,ACC0000005489,256122.85,0.0,0.0,256122.85,NPR
2026-01-21,ACC0000005490,74491.4,27658.48,42636.84,59513.04,NPR
2026-01-21,ACC0000005491,84421.11,0.0,25750.7,58670.41,NPR
2026-01-21,ACC0000005492,138912.98,0.0,0.0,138912.98,NPR
2026-01-21,ACC0000005493,7960.64,0.0,6569.27,1391.37,NPR
2026-01-21,ACC0000005494,456309.86,0.0,29334.33,426975.53,NPR
2026-01-21,ACC0000005495,356096.02,0.0,144706.61,211389.41,NPR
2026-01-21,ACC0000005496,129863.91,39266.66,99240.0,69890.57,NPR
2026-01-21,ACC0000005497,257733.29,0.0,36258.69,221474.6,NPR
2026-01-21,ACC0000005498,334168.92,0.0,0.0,334168.92,NPR
2026-01-21,ACC0000005499,61041.66,0.0,111183.17,-50141.51,NPR
2026-01-21,ACC0000005500,490770.07,38992.95,6644.59,523118.43,NPR
2026-01-21,ACC0000005501,308018.01,12512.99,65910.09,254620.91,NPR
2026-01-21,ACC0000005502,272419.49,31368.73,34808.18,268980.04,NPR
2026-01-21,ACC0000005503,9804.24,0.0,7810.18,1994.06,NPR
2026-01-21,ACC0000005504,280006.93,1958.94,6449.3,275516.57,NPR
2026-01-21,ACC0000005505,46866.46,76141.44,3033.3,119974.6,NPR
2026-01-21,ACC0000005506,52852.98,0.0,0.0,52852.98,NPR
2026-01-21,ACC0000005507,308786.06,0.0,78740.15,230045.91,NPR
2026-01-21,ACC0000005508,459895.75,0.0,69860.56,390035.19,NPR
2026-01-21,ACC0000005509,452583.96,0.0,38194.46,414389.5,NPR
2026-01-21,ACC0000005510,337581.98,0.0,38699.32,298882.66,NPR
2026-01-21,ACC0000005511,158205.07,0.0,93751.52,64453.55,NPR
2026-01-21,ACC0000005512,117184.47,9379.66,84256.03,42308.1,NPR
2026-01-21,ACC0000005513,458798.36,0.0,123945.63,334852.73,NPR
2026-01-21,ACC0000005514,258286.25,63686.51,74969.19,247003.57,NPR
2026-01-21,ACC0000005515,264345.61,42904.69,36975.67,270274.63,NPR
2026-01-21,ACC0000005516,55641.84,0.0,0.0,55641.84,NPR
2026-01-21,ACC0000005517,95766.42,0.0,53577.09,42189.33,NPR
2026-01-21,ACC0000005518,42018.98,0.0,57464.15,-15445.17,NPR
2026-01-21,ACC0000005519,419918.41,0.0,0.0,419918.41,NPR
2026-01-21,ACC0000005520,209838.4,0.0,121014.5,88823.9,NPR
2026-01-21,ACC0000005521,29755.3,0.0,1305.12,28450.18,NPR
2026-01-21,ACC0000005522,302421.72,0.0,110414.13,192007.59,NPR
2026-01-21,ACC0000005523,396293.52,0.0,47430.87,348862.65,NPR
2026-01-21,ACC0000005524,31490.36,47827.97,0.0,79318.33,NPR
2026-01-21,ACC0000005525,327876.22,0.0,68835.87,259040.35,NPR
2026-01-21,ACC0000005526,427537.15,5236.7,0.0,432773.85,NPR
2026-01-21,ACC0000005527,67266.03,67847.43,25827.36,109286.1,NPR
2026-01-21,ACC0000005528,430983.0,0.0,0.0,430983.0,NPR
2026-01-21,ACC0000005529,459744.63,0.0,0.0,459744.63,NPR
2026-01-21,ACC0000005530,427806.38,0.0,47655.38,380151.0,NPR
2026-01-21,ACC0000005531,22408.06,0.0,46270.84,-23862.78,NPR
2026-01-21,ACC0000005532,247489.41,0.0,0.0,247489.41,NPR
2026-01-21,ACC0000005533,490252.57,52280.85,148496.36,394037.06,NPR
2026-01-21,ACC0000005534,91054.14,437.25,2387.81,89103.58,NPR
2026-01-21,ACC0000005535,80741.07,0.0,0.0,80741.07,NPR
2026-01-21,ACC0000005536,10301.5,0.0,61648.13,-51346.63,NPR
2026-01-21,ACC0000005537,370207.97,0.0,50600.17,319607.8,NPR
2026-01-21,ACC0000005538,182353.85,20477.39,40078.51,162752.73,NPR
2026-01-21,ACC0000005539,214662.13,47723.32,83270.22,179115.23,NPR
2026-01-21,ACC0000005540,127079.6,0.0,0.0,127079.6,NPR
2026-01-21,ACC0000005541,279017.17,0.0,47413.92,231603.25,NPR
2026-01-21,ACC0000005542,256725.16,0.0,37966.46,218758.7,NPR
2026-01-21,ACC0000005543,483661.67,0.0,96493.7,387167.97,NPR
2026-01-21,ACC0000005544,352654.01,0.0,0.0,352654.01,NPR
2026-01-21,ACC0000005545,245036.68,0.0,0.0,245036.68,NPR
2026-01-21,ACC0000005546,309144.02,0.0,67526.01,241618.01,NPR
2026-01-21,ACC0000005547,103230.42,21798.67,24670.82,100358.27,NPR
2026-01-21,ACC0000005548,140299.23,2630.54,0.0,142929.77,NPR
2026-01-21,ACC0000005549,73577.18,0.0,65061.27,8515.91,NPR
2026-01-21,ACC0000005550,455286.78,42441.78,38433.3,459295.26,NPR
2026-01-21,ACC0000005551,53813.26,55974.75,57692.2,52095.81,NPR
2026-01-21,ACC0000005552,169081.4,0.0,38298.78,130782.62,NPR
2026-01-21,ACC0000005553,58318.19,0.0,0.0,58318.19,NPR
2026-01-21,ACC0000005554,451507.98,0.0,0.0,451507.98,NPR
2026-01-21,ACC0000005555,210389.42,0.0,78123.29,132266.13,NPR
2026-01-21,ACC0000005556,28758.51,0.0,0.0,28758.51,NPR
2026-01-21,ACC0000005557,461322.61,0.0,75329.31,385993.3,NPR
2026-01-21,ACC0000005558,334828.04,62479.4,87409.18,309898.26,NPR
2026-01-21,ACC0000005559,478310.79,0.0,54017.99,424292.8,NPR
2026-01-21,ACC0000005560,178050.85,337.75,59547.91,118840.69,NPR
2026-01-21,ACC0000005561,238577.88,497.61,45575.95,193499.54,NPR
2026-01-21,ACC0000005562,206237.91,0.0,79719.7,126518.21,NPR
2026-01-21,ACC0000005563,282878.02,0.0,68506.92,214371.1,NPR
2026-01-21,ACC0000005564,401432.32,0.0,35178.59,366253.73,NPR
2026-01-21,ACC0000005565,11365.09,0.0,33534.94,-22169.85,NPR
2026-01-21,ACC0000005566,61287.01,0.0,9993.39,51293.62,NPR
2026-01-21,ACC0000005567,30461.85,42556.49,42292.34,30726.0,NPR
2026-01-21,ACC0000005568,491161.63,0.0,84799.57,406362.06,NPR
2026-01-21,ACC0000005569,141622.06,0.0,0.0,141622.06,NPR
2026-01-21,ACC0000005570,170317.94,0.0,0.0,170317.94,NPR
2026-01-21,ACC0000005571,11427.37,0.0,71903.18,-60475.81,NPR
2026-01-21,ACC0000005572,244390.65,0.0,0.0,244390.65,NPR
2026-01-21,ACC0000005573,425764.12,0.0,0.0,425764.12,NPR
2026-01-21,ACC0000005574,79248.71,0.0,0.0,79248.71,NPR
2026-01-21,ACC0000005575,59915.68,40071.58,95037.5,4949.76,NPR
2026-01-21,ACC0000005576,465953.93,0.0,96031.64,369922.29,NPR
2026-01-21,ACC0000005577,209226.47,0.0,71357.23,137869.24,NPR
2026-01-21,ACC0000005578,75132.78,0.0,47662.03,27470.75,NPR
2026-01-21,ACC0000005579,191149.07,89077.26,32337.2,247889.13,NPR
2026-01-21,ACC0000005580,300712.41,0.0,0.0,300712.41,NPR
2026-01-21,ACC0000005581,104614.64,0.0,31063.25,73551.39,NPR
2026-01-21,ACC0000005582,162070.15,0.0,68378.44,93691.71,NPR
2026-01-21,ACC0000005583,248474.38,0.0,0.0,248474.38,NPR
2026-01-21,ACC0000005584,420257.55,65425.86,101609.49,384073.92,NPR
2026-01-21,ACC0000005585,7237.86,0.0,81349.44,-74111.58,NPR
2026-01-21,ACC0000005586,228596.17,0.0,0.0,228596.17,NPR
2026-01-21,ACC0000005587,177771.05,16167.4,86989.17,106949.28,NPR
2026-01-21,ACC0000005588,247385.15,25668.14,111294.72,161758.57,NPR
2026-01-21,ACC0000005589,235205.67,0.0,0.0,235205.67,NPR
2026-01-21,ACC0000005590,194934.92,0.0,25159.58,169775.34,NPR
2026-01-21,ACC0000005591,400159.6,0.0,56999.46,343160.14,NPR
2026-01-21,ACC0000005592,318111.44,0.0,65286.67,252824.77,NPR
2026-01-21,ACC0000005593,437010.47,0.0,68306.81,368703.66,NPR
2026-01-21,ACC0000005594,104700.43,0.0,0.0,104700.43,NPR
2026-01-21,ACC0000005595,88007.55,0.0,24946.22,63061.33,NPR
2026-01-21,ACC0000005596,24628.59,33001.51,35179.85,22450.25,NPR
2026-01-21,ACC0000005597,166824.98,0.0,24273.74,142551.24,NPR
2026-01-21,ACC0000005598,467896.0,26937.29,0.0,494833.29,NPR
2026-01-21,ACC0000005599,182454.96,0.0,64475.31,117979.65,NPR
2026-01-21,ACC0000005600,394885.7,0.0,0.0,394885.7,NPR
2026-01-21,ACC0000005601,487733.46,49358.81,15379.16,521713.11,NPR
2026-01-21,ACC0000005602,381330.52,0.0,35438.67,345891.85,NPR
2026-01-21,ACC0000005603,253465.39,0.0,0.0,253465.39,NPR
2026-01-21,ACC0000005604,106404.04,11914.69,32216.03,86102.7,NPR
2026-01-21,ACC0000005605,463048.29,16099.18,14626.21,464521.26,NPR
2026-01-21,ACC0000005606,234578.63,88415.64,45879.27,277115.0,NPR
2026-01-21,ACC0000005607,164223.83,36225.78,32449.76,167999.85,NPR
2026-01-21,ACC0000005608,248861.9,4539.19,81854.32,171546.77,NPR
2026-01-21,ACC0000005609,67034.5,545.0,143184.32,-75604.82,NPR
2026-01-21,ACC0000005610,47608.66,28537.69,72036.34,4110.01,NPR
2026-01-21,ACC0000005611,452305.48,6416.56,3573.62,455148.42,NPR
2026-01-21,ACC0000005612,455742.92,0.0,37042.17,418700.75,NPR
2026-01-21,ACC0000005613,200510.99,55781.29,83059.92,173232.36,NPR
2026-01-21,ACC0000005614,43340.11,0.0,51235.37,-7895.26,NPR
2026-01-21,ACC0000005615,66235.84,0.0,85448.65,-19212.81,NPR
2026-01-21,ACC0000005616,18036.78,25456.53,73755.88,-30262.57,NPR
2026-01-21,ACC0000005617,457457.15,0.0,71019.96,386437.19,NPR
2026-01-21,ACC0000005618,170113.8,0.0,107360.97,62752.83,NPR
2026-01-21,ACC0000005619,118369.36,44746.21,77592.49,85523.08,NPR
2026-01-21,ACC0000005620,39048.5,0.0,120925.83,-81877.33,NPR
2026-01-21,ACC0000005621,318468.71,0.0,85100.77,233367.94,NPR
2026-01-21,ACC0000005622,212605.0,0.0,0.0,212605.0,NPR
2026-01-21,ACC0000005623,376983.26,91916.45,26669.15,442230.56,NPR
2026-01-21,ACC0000005624,466706.53,38471.92,30099.81,475078.64,NPR
2026-01-21,ACC0000005625,238842.9,0.0,151623.81,87219.09,NPR
2026-01-21,ACC0000005626,341744.05,0.0,28948.85,312795.2,NPR
2026-01-21,ACC0000005627,214565.13,55176.34,27774.14,241967.33,NPR
2026-01-21,ACC0000005628,239094.97,0.0,24125.55,214969.42,NPR
2026-01-21,ACC0000005629,39629.47,32429.0,1082.21,70976.26,NPR
2026-01-21,ACC0000005630,397136.16,52566.88,70286.35,379416.69,NPR
2026-01-21,ACC0000005631,353296.66,71021.53,17118.94,407199.25,NPR
2026-01-21,ACC0000005632,153894.45,0.0,67034.86,86859.59,NPR
2026-01-21,ACC0000005633,340588.12,0.0,72572.19,268015.93,NPR
2026-01-21,ACC0000005634,324711.4,80796.85,0.0,405508.25,NPR
2026-01-21,ACC0000005635,214943.97,0.0,0.0,214943.97,NPR
2026-01-21,ACC0000005636,157606.41,0.0,0.0,157606.41,NPR
2026-01-21,ACC0000005637,184470.79,0.0,83132.8,101337.99,NPR
2026-01-21,ACC0000005638,55749.04,33743.18,53919.75,35572.47,NPR
2026-01-21,ACC0000005639,413396.25,0.0,26277.61,387118.64,NPR
2026-01-21,ACC0000005640,461491.59,0.0,105984.91,355506.68,NPR
2026-01-21,ACC0000005641,29496.14,12655.71,0.0,42151.85,NPR
2026-01-21,ACC0000005642,136700.28,27479.37,86863.15,77316.5,NPR
2026-01-21,ACC0000005643,208582.35,0.0,49788.64,158793.71,NPR
2026-01-21,ACC0000005644,203688.28,48980.08,53315.48,199352.88,NPR
2026-01-21,ACC0000005645,342879.12,0.0,46231.6,296647.52,NPR
2026-01-21,ACC0000005646,421856.41,0.0,0.0,421856.41,NPR
2026-01-21,ACC0000005647,83364.75,0.0,79212.69,4152.06,NPR
2026-01-21,ACC0000005648,276693.11,0.0,75949.55,200743.56,NPR
2026-01-21,ACC0000005649,227785.61,0.0,35221.39,192564.22,NPR
2026-01-21,ACC0000005650,51609.7,11183.26,47796.41,14996.55,NPR
2026-01-21,ACC0000005651,154362.63,46780.75,39868.43,161274.95,NPR
2026-01-21,ACC0000005652,231138.98,0.0,51587.04,179551.94,NPR
2026-01-21,ACC0000005653,407892.59,38229.68,100269.15,345853.12,NPR
2026-01-21,ACC0000005654,32961.39,0.0,51695.13,-18733.74,NPR
2026-01-21,ACC0000005655,142763.97,0.0,115155.67,27608.3,NPR
2026-01-21,ACC0000005656,56665.61,0.0,19724.61,36941.0,NPR
2026-01-21,ACC0000005657,87625.96,0.0,32934.71,54691.25,NPR
2026-01-21,ACC0000005658,203031.66,0.0,53242.41,149789.25,NPR
2026-01-21,ACC0000005659,276232.51,0.0,25300.83,250931.68,NPR
2026-01-21,ACC0000005660,23294.16,9237.35,61415.15,-28883.64,NPR
2026-01-21,ACC0000005661,156779.99,0.0,99338.83,57441.16,NPR
2026-01-21,ACC0000005662,377633.95,19589.26,34693.25,362529.96,NPR
2026-01-21,ACC0000005663,385268.57,54448.82,92919.86,346797.53,NPR
2026-01-21,ACC0000005664,489795.32,0.0,0.0,489795.32,NPR
2026-01-21,ACC0000005665,109512.58,18301.47,31586.87,96227.18,NPR
2026-01-21,ACC0000005666,341894.0,0.0,0.0,341894.0,NPR
2026-01-21,ACC0000005667,412147.98,18224.54,37119.89,393252.63,NPR
2026-01-21,ACC0000005668,15887.65,0.0,0.0,15887.65,NPR
2026-01-21,ACC0000005669,33612.57,0.0,0.0,33612.57,NPR
2026-01-21,ACC0000005670,432756.2,39895.03,63592.53,409058.7,NPR
2026-01-21,ACC0000005671,275721.31,0.0,14039.73,261681.58,NPR
2026-01-21,ACC0000005672,134813.99,13062.42,93360.13,54516.28,NPR
2026-01-21,ACC0000005673,452931.07,35710.76,55341.89,433299.94,NPR
2026-01-21,ACC0000005674,460161.11,0.0,46825.92,413335.19,NPR
2026-01-21,ACC0000005675,401107.76,32951.89,140753.28,293306.37,NPR
2026-01-21,ACC0000005676,484645.57,0.0,16331.74,468313.83,NPR
2026-01-21,ACC0000005677,330193.88,0.0,34703.66,295490.22,NPR
2026-01-21,ACC0000005678,188030.13,0.0,0.0,188030.13,NPR
2026-01-21,ACC0000005679,457477.0,42036.7,50735.79,448777.91,NPR
2026-01-21,ACC0000005680,71868.7,0.0,0.0,71868.7,NPR
2026-01-21,ACC0000005681,77054.44,0.0,0.0,77054.44,NPR
2026-01-21,ACC0000005682,129950.42,8982.0,97866.91,41065.51,NPR
2026-01-21,ACC0000005683,170772.49,0.0,134458.84,36313.65,NPR
2026-01-21,ACC0000005684,342820.02,6437.76,146892.01,202365.77,NPR
2026-01-21,ACC0000005685,319336.26,45536.87,136440.26,228432.87,NPR
2026-01-21,ACC0000005686,67091.49,9066.88,39082.83,37075.54,NPR
2026-01-21,ACC0000005687,497916.65,0.0,111047.15,386869.5,NPR
2026-01-21,ACC0000005688,61751.67,0.0,69496.6,-7744.93,NPR
2026-01-21,ACC0000005689,39235.33,57401.03,52896.62,43739.74,NPR
2026-01-21,ACC0000005690,379095.42,32883.66,94567.09,317411.99,NPR
2026-01-21,ACC0000005691,320296.78,38761.45,0.0,359058.23,NPR
2026-01-21,ACC0000005692,303149.53,0.0,79260.92,223888.61,NPR
2026-01-21,ACC0000005693,298565.22,0.0,14362.85,284202.37,NPR
2026-01-21,ACC0000005694,388069.05,47130.0,68707.18,366491.87,NPR
2026-01-21,ACC0000005695,390063.12,0.0,0.0,390063.12,NPR
2026-01-21,ACC0000005696,495682.16,0.0,73503.81,422178.35,NPR
2026-01-21,ACC0000005697,45116.61,0.0,30927.96,14188.65,NPR
2026-01-21,ACC0000005698,351109.1,0.0,77585.03,273524.07,NPR
2026-01-21,ACC0000005699,332131.39,23167.02,90278.7,265019.71,NPR
2026-01-21,ACC0000005700,72222.03,0.0,92651.14,-20429.11,NPR
2026-01-21,ACC0000005701,283442.47,24184.08,57249.88,250376.67,NPR
2026-01-21,ACC0000005702,180892.9,50240.79,73534.56,157599.13,NPR
2026-01-21,ACC0000005703,286501.12,0.0,0.0,286501.12,NPR
2026-01-21,ACC0000005704,44132.51,15999.75,14729.94,45402.32,NPR
2026-01-21,ACC0000005705,273442.8,0.0,0.0,273442.8,NPR
2026-01-21,ACC0000005706,141394.79,19305.53,7923.04,152777.28,NPR
2026-01-21,ACC0000005707,387345.31,0.0,15064.99,372280.32,NPR
2026-01-21,ACC0000005708,98364.69,0.0,22304.66,76060.03,NPR
2026-01-21,ACC0000005709,282178.63,46980.62,33694.43,295464.82,NPR
2026-01-21,ACC0000005710,190698.63,0.0,25575.51,165123.12,NPR
2026-01-21,ACC0000005711,173294.03,0.0,0.0,173294.03,NPR
2026-01-21,ACC0000005712,265635.31,0.0,40971.9,224663.41,NPR
2026-01-21,ACC0000005713,460863.53,0.0,50326.13,410537.4,NPR
2026-01-21,ACC0000005714,306385.17,0.0,6830.55,299554.62,NPR
2026-01-21,ACC0000005715,389698.4,39612.77,0.0,429311.17,NPR
2026-01-21,ACC0000005716,262661.02,10940.2,39299.87,234301.35,NPR
2026-01-21,ACC0000005717,293432.56,0.0,52507.28,240925.28,NPR
2026-01-21,ACC0000005718,42422.76,0.0,100333.8,-57911.04,NPR
2026-01-21,ACC0000005719,444666.98,0.0,75884.22,368782.76,NPR
2026-01-21,ACC0000005720,392149.08,0.0,22531.67,369617.41,NPR
2026-01-21,ACC0000005721,248468.76,0.0,0.0,248468.76,NPR
2026-01-21,ACC0000005722,104415.1,0.0,50268.26,54146.84,NPR
2026-01-21,ACC0000005723,462961.93,0.0,0.0,462961.93,NPR
2026-01-21,ACC0000005724,413351.55,0.0,64358.11,348993.44,NPR
2026-01-21,ACC0000005725,240262.46,35137.34,41958.52,233441.28,NPR
2026-01-21,ACC0000005726,358030.2,0.0,21289.64,336740.56,NPR
2026-01-21,ACC0000005727,432542.85,13150.36,47791.48,397901.73,NPR
2026-01-21,ACC0000005728,277857.16,0.0,1099.06,276758.1,NPR
2026-01-21,ACC0000005729,326578.31,0.0,0.0,326578.31,NPR
2026-01-21,ACC0000005730,270354.1,0.0,80638.82,189715.28,NPR
2026-01-21,ACC0000005731,270665.8,0.0,57932.51,212733.29,NPR
2026-01-21,ACC0000005732,31304.43,0.0,0.0,31304.43,NPR
2026-01-21,ACC0000005733,140452.68,0.0,90921.62,49531.06,NPR
2026-01-21,ACC0000005734,223846.84,0.0,24897.06,198949.78,NPR
2026-01-21,ACC0000005735,265918.39,0.0,13490.33,252428.06,NPR
2026-01-21,ACC0000005736,251491.82,0.0,70774.46,180717.36,NPR
2026-01-21,ACC0000005737,478470.59,46924.02,60394.65,464999.96,NPR
2026-01-21,ACC0000005738,40656.95,48288.41,0.0,88945.36,NPR
2026-01-21,ACC0000005739,285383.87,33565.99,114237.62,204712.24,NPR
2026-01-21,ACC0000005740,101765.61,0.0,79626.62,22138.99,NPR
2026-01-21,ACC0000005741,256594.3,35648.29,37412.41,254830.18,NPR
2026-01-21,ACC0000005742,322315.64,0.0,33402.22,288913.42,NPR
2026-01-21,ACC0000005743,42277.4,0.0,0.0,42277.4,NPR
2026-01-21,ACC0000005744,467795.98,0.0,99324.93,368471.05,NPR
2026-01-21,ACC0000005745,323116.53,15723.85,75546.62,263293.76,NPR
2026-01-21,ACC0000005746,74235.27,0.0,48437.83,25797.44,NPR
2026-01-21,ACC0000005747,460459.48,0.0,32480.94,427978.54,NPR
2026-01-21,ACC0000005748,99395.59,10187.84,44184.78,65398.65,NPR
2026-01-21,ACC0000005749,254352.1,0.0,91588.02,162764.08,NPR
2026-01-21,ACC0000005750,242741.69,0.0,87858.95,154882.74,NPR
2026-01-21,ACC0000005751,86546.68,37741.44,49725.85,74562.27,NPR
2026-01-21,ACC0000005752,445642.01,10204.99,10733.87,445113.13,NPR
2026-01-21,ACC0000005753,422752.97,0.0,0.0,422752.97,NPR
2026-01-21,ACC0000005754,114993.02,53645.03,113680.06,54957.99,NPR
2026-01-21,ACC0000005755,55070.94,43972.25,9785.4,89257.79,NPR
2026-01-21,ACC0000005756,377624.4,0.0,34932.52,342691.88,NPR
2026-01-21,ACC0000005757,380405.29,32892.15,42551.21,370746.23,NPR
2026-01-21,ACC0000005758,145216.35,0.0,71104.27,74112.08,NPR
2026-01-21,ACC0000005759,344823.07,0.0,916.06,343907.01,NPR
2026-01-21,ACC0000005760,408114.6,0.0,98188.87,309925.73,NPR
2026-01-21,ACC0000005761,327009.95,40811.66,131494.53,236327.08,NPR
2026-01-21,ACC0000005762,88805.67,10660.98,23155.63,76311.02,NPR
2026-01-21,ACC0000005763,307670.32,5226.19,45958.83,266937.68,NPR
2026-01-21,ACC0000005764,286940.59,21444.54,111231.21,197153.92,NPR
2026-01-21,ACC0000005765,198282.64,37603.79,90803.61,145082.82,NPR
2026-01-21,ACC0000005766,377583.29,0.0,85140.23,292443.06,NPR
2026-01-21,ACC0000005767,56594.9,0.0,93959.34,-37364.44,NPR
2026-01-21,ACC0000005768,335127.26,0.0,44860.76,290266.5,NPR
2026-01-21,ACC0000005769,68122.4,37072.4,24035.88,81158.92,NPR
2026-01-21,ACC0000005770,497466.74,10886.19,39721.89,468631.04,NPR
2026-01-21,ACC0000005771,83634.56,46605.73,106488.01,23752.28,NPR
2026-01-21,ACC0000005772,209058.0,0.0,89265.57,119792.43,NPR
2026-01-21,ACC0000005773,149337.01,44109.66,131363.12,62083.55,NPR
2026-01-21,ACC0000005774,119776.66,0.0,45635.8,74140.86,NPR
2026-01-21,ACC0000005775,87785.52,47424.41,87516.82,47693.11,NPR
2026-01-21,ACC0000005776,158613.26,0.0,0.0,158613.26,NPR
2026-01-21,ACC0000005777,96308.74,0.0,0.0,96308.74,NPR
2026-01-21,ACC0000005778,94829.5,20980.83,3028.42,112781.91,NPR
2026-01-21,ACC0000005779,391047.67,0.0,0.0,391047.67,NPR
2026-01-21,ACC0000005780,328957.24,0.0,0.0,328957.24,NPR
2026-01-21,ACC0000005781,393642.45,0.0,55441.01,338201.44,NPR
2026-01-21,ACC0000005782,380468.46,60170.58,18071.4,422567.64,NPR
2026-01-21,ACC0000005783,428219.68,0.0,59037.07,369182.61,NPR
2026-01-21,ACC0000005784,224237.11,0.0,8037.41,216199.7,NPR
2026-01-21,ACC0000005785,456484.13,6919.21,72339.7,391063.64,NPR
2026-01-21,ACC0000005786,299452.1,0.0,41495.81,257956.29,NPR
2026-01-21,ACC0000005787,343095.74,0.0,25926.07,317169.67,NPR
2026-01-21,ACC0000005788,167018.98,0.0,34292.76,132726.22,NPR
2026-01-21,ACC0000005789,357680.77,14901.32,111993.76,260588.33,NPR
2026-01-21,ACC0000005790,267897.91,0.0,50518.29,217379.62,NPR
2026-01-21,ACC0000005791,492091.36,0.0,91445.4,400645.96,NPR
2026-01-21,ACC0000005792,83424.58,0.0,132770.2,-49345.62,NPR
2026-01-21,ACC0000005793,462974.51,58987.07,0.0,521961.58,NPR
2026-01-21,ACC0000005794,221891.61,31966.15,31100.19,222757.57,NPR
2026-01-21,ACC0000005795,366759.98,0.0,21970.08,344789.9,NPR
2026-01-21,ACC0000005796,280296.61,0.0,0.0,280296.61,NPR
2026-01-21,ACC0000005797,275474.27,28265.4,45991.31,257748.36,NPR
2026-01-21,ACC0000005798,115760.34,17269.91,7284.26,125745.99,NPR
2026-01-21,ACC0000005799,57814.26,0.0,0.0,57814.26,NPR
2026-01-21,ACC0000005800,21193.21,114603.04,83249.66,52546.59,NPR
2026-01-21,ACC0000005801,95609.48,0.0,25170.59,70438.89,NPR
2026-01-21,ACC0000005802,213214.61,0.0,0.0,213214.61,NPR
2026-01-21,ACC0000005803,166280.42,24899.0,55630.44,135548.98,NPR
2026-01-21,ACC0000005804,229872.15,0.0,0.0,229872.15,NPR
2026-01-21,ACC0000005805,201605.7,0.0,54379.87,147225.83,NPR
2026-01-21,ACC0000005806,333918.53,16034.58,0.0,349953.11,NPR
2026-01-21,ACC0000005807,84609.67,75358.84,0.0,159968.51,NPR
2026-01-21,ACC0000005808,207182.3,0.0,0.0,207182.3,NPR
2026-01-21,ACC0000005809,168351.73,0.0,17752.84,150598.89,NPR
2026-01-21,ACC0000005810,465474.4,34801.82,48762.46,451513.76,NPR
2026-01-21,ACC0000005811,376042.7,0.0,104004.97,272037.73,NPR
2026-01-21,ACC0000005812,236611.13,9283.74,11199.83,234695.04,NPR
2026-01-21,ACC0000005813,63473.73,0.0,35329.71,28144.02,NPR
2026-01-21,ACC0000005814,277701.92,0.0,32374.76,245327.16,NPR
2026-01-21,ACC0000005815,112319.45,0.0,125552.52,-13233.07,NPR
2026-01-21,ACC0000005816,124148.68,0.0,73948.88,50199.8,NPR
2026-01-21,ACC0000005817,469353.06,0.0,70217.12,399135.94,NPR
2026-01-21,ACC0000005818,402363.75,42863.41,0.0,445227.16,NPR
2026-01-21,ACC0000005819,40090.59,0.0,6819.12,33271.47,NPR
2026-01-21,ACC0000005820,43333.82,0.0,54344.47,-11010.65,NPR
2026-01-21,ACC0000005821,363787.46,0.0,30021.19,333766.27,NPR
2026-01-21,ACC0000005822,11326.32,0.0,0.0,11326.32,NPR
2026-01-21,ACC0000005823,20359.44,29290.4,16899.47,32750.37,NPR
2026-01-21,ACC0000005824,81307.86,0.0,8573.63,72734.23,NPR
2026-01-21,ACC0000005825,81753.48,0.0,22833.55,58919.93,NPR
2026-01-21,ACC0000005826,120991.26,0.0,0.0,120991.26,NPR
2026-01-21,ACC0000005827,416544.58,30058.74,104549.53,342053.79,NPR
2026-01-21,ACC0000005828,316633.38,0.0,0.0,316633.38,NPR
2026-01-21,ACC0000005829,452322.6,0.0,46690.34,405632.26,NPR
2026-01-21,ACC0000005830,183868.98,0.0,0.0,183868.98,NPR
2026-01-21,ACC0000005831,247531.21,0.0,118394.41,129136.8,NPR
2026-01-21,ACC0000005832,215882.81,0.0,0.0,215882.81,NPR
2026-01-21,ACC0000005833,417758.89,44846.95,60724.03,401881.81,NPR
2026-01-21,ACC0000005834,153845.2,6933.23,144884.12,15894.31,NPR
2026-01-21,ACC0000005835,115371.2,0.0,0.0,115371.2,NPR
2026-01-21,ACC0000005836,26803.03,34192.62,57708.18,3287.47,NPR
2026-01-21,ACC0000005837,126389.43,989.67,47475.65,79903.45,NPR
2026-01-21,ACC0000005838,321581.21,0.0,39537.57,282043.64,NPR
2026-01-21,ACC0000005839,187308.24,0.0,0.0,187308.24,NPR
2026-01-21,ACC0000005840,264470.22,2343.26,41955.59,224857.89,NPR
2026-01-21,ACC0000005841,367654.87,0.0,64655.69,302999.18,NPR
2026-01-21,ACC0000005842,125853.73,1457.21,30270.07,97040.87,NPR
2026-01-21,ACC0000005843,20722.72,36988.09,19213.49,38497.32,NPR
2026-01-21,ACC0000005844,362841.82,54950.02,71074.14,346717.7,NPR
2026-01-21,ACC0000005845,3062.74,38014.51,2584.45,38492.8,NPR
2026-01-21,ACC0000005846,342691.23,0.0,0.0,342691.23,NPR
2026-01-21,ACC0000005847,448437.84,0.0,76960.48,371477.36,NPR
2026-01-21,ACC0000005848,436345.82,105169.54,13004.55,528510.81,NPR
2026-01-21,ACC0000005849,6220.2,0.0,0.0,6220.2,NPR
2026-01-21,ACC0000005850,185471.54,0.0,0.0,185471.54,NPR
2026-01-21,ACC0000005851,460337.0,0.0,91662.14,368674.86,NPR
2026-01-21,ACC0000005852,53619.62,0.0,0.0,53619.62,NPR
2026-01-21,ACC0000005853,435264.47,0.0,10937.2,424327.27,NPR
2026-01-21,ACC0000005854,160278.9,45893.35,83671.13,122501.12,NPR
2026-01-21,ACC0000005855,484217.61,0.0,0.0,484217.61,NPR
2026-01-21,ACC0000005856,75937.9,0.0,30570.79,45367.11,NPR
2026-01-21,ACC0000005857,214012.43,30026.54,106698.22,137340.75,NPR
2026-01-21,ACC0000005858,297914.6,9839.08,58831.26,248922.42,NPR
2026-01-21,ACC0000005859,269709.03,0.0,108478.41,161230.62,NPR
2026-01-21,ACC0000005860,75502.67,0.0,64589.5,10913.17,NPR
2026-01-21,ACC0000005861,389477.59,32390.65,93124.3,328743.94,NPR
2026-01-21,ACC0000005862,372719.27,0.0,21553.88,351165.39,NPR
2026-01-21,ACC0000005863,179565.24,9885.18,0.0,189450.42,NPR
2026-01-21,ACC0000005864,408669.4,0.0,56928.28,351741.12,NPR
2026-01-21,ACC0000005865,69173.06,0.0,102900.32,-33727.26,NPR
2026-01-21,ACC0000005866,208689.58,0.0,40800.67,167888.91,NPR
2026-01-21,ACC0000005867,156415.56,0.0,76969.88,79445.68,NPR
2026-01-21,ACC0000005868,64583.89,0.0,84235.83,-19651.94,NPR
2026-01-21,ACC0000005869,461941.59,0.0,167649.22,294292.37,NPR
2026-01-21,ACC0000005870,462015.32,0.0,0.0,462015.32,NPR
2026-01-21,ACC0000005871,158681.29,0.0,0.0,158681.29,NPR
2026-01-21,ACC0000005872,425600.71,43855.26,48884.32,420571.65,NPR
2026-01-21,ACC0000005873,157332.61,0.0,0.0,157332.61,NPR
2026-01-21,ACC0000005874,219262.22,27362.37,65493.26,181131.33,NPR
2026-01-21,ACC0000005875,235006.38,0.0,45967.21,189039.17,NPR
2026-01-21,ACC0000005876,228848.9,0.0,0.0,228848.9,NPR
2026-01-21,ACC0000005877,74816.89,0.0,0.0,74816.89,NPR
2026-01-21,ACC0000005878,65084.81,3307.66,33152.25,35240.22,NPR
2026-01-21,ACC0000005879,21456.44,0.0,0.0,21456.44,NPR
2026-01-21,ACC0000005880,424084.86,32354.56,0.0,456439.42,NPR
2026-01-21,ACC0000005881,402344.43,0.0,99112.77,303231.66,NPR
2026-01-21,ACC0000005882,401056.9,0.0,0.0,401056.9,NPR
2026-01-21,ACC0000005883,279740.64,0.0,37077.84,242662.8,NPR
2026-01-21,ACC0000005884,246085.35,0.0,0.0,246085.35,NPR
2026-01-21,ACC0000005885,29577.49,0.0,38709.81,-9132.32,NPR
2026-01-21,ACC0000005886,145055.48,0.0,75760.75,69294.73,NPR
2026-01-21,ACC0000005887,443249.35,0.0,99029.69,344219.66,NPR
2026-01-21,ACC0000005888,324665.69,0.0,39865.77,284799.92,NPR
2026-01-21,ACC0000005889,316540.27,0.0,12972.08,303568.19,NPR
2026-01-21,ACC0000005890,373033.51,0.0,0.0,373033.51,NPR
2026-01-21,ACC0000005891,438031.36,0.0,43672.51,394358.85,NPR
2026-01-21,ACC0000005892,465882.62,0.0,112856.22,353026.4,NPR
2026-01-21,ACC0000005893,214649.93,0.0,0.0,214649.93,NPR
2026-01-21,ACC0000005894,484395.44,68320.87,79710.75,473005.56,NPR
2026-01-21,ACC0000005895,48882.52,0.0,37575.5,11307.02,NPR
2026-01-21,ACC0000005896,68357.47,47699.51,0.0,116056.98,NPR
2026-01-21,ACC0000005897,254244.95,0.0,60314.02,193930.93,NPR
2026-01-21,ACC0000005898,356654.0,14052.29,30923.48,339782.81,NPR
2026-01-21,ACC0000005899,252524.72,43478.08,27393.06,268609.74,NPR
2026-01-21,ACC0000005900,79719.51,0.0,0.0,79719.51,NPR
2026-01-21,ACC0000005901,457835.45,0.0,14196.5,443638.95,NPR
2026-01-21,ACC0000005902,267461.85,0.0,0.0,267461.85,NPR
2026-01-21,ACC0000005903,32997.4,0.0,0.0,32997.4,NPR
2026-01-21,ACC0000005904,464717.36,30699.23,50217.93,445198.66,NPR
2026-01-21,ACC0000005905,469044.66,0.0,0.0,469044.66,NPR
2026-01-21,ACC0000005906,355583.82,30288.71,27973.41,357899.12,NPR
2026-01-21,ACC0000005907,335519.51,0.0,49621.9,285897.61,NPR
2026-01-21,ACC0000005908,429728.09,0.0,79486.29,350241.8,NPR
2026-01-21,ACC0000005909,70898.05,0.0,103923.9,-33025.85,NPR
2026-01-21,ACC0000005910,353542.82,27721.38,46734.0,334530.2,NPR
2026-01-21,ACC0000005911,432876.85,0.0,27669.44,405207.41,NPR
2026-01-21,ACC0000005912,42339.36,0.0,104875.52,-62536.16,NPR
2026-01-21,ACC0000005913,366462.09,0.0,0.0,366462.09,NPR
2026-01-21,ACC0000005914,181510.08,0.0,84179.81,97330.27,NPR
2026-01-21,ACC0000005915,461732.88,37232.72,86853.15,412112.45,NPR
2026-01-21,ACC0000005916,82700.48,36510.14,110040.94,9169.68,NPR
2026-01-21,ACC0000005917,379435.06,0.0,0.0,379435.06,NPR
2026-01-21,ACC0000005918,402724.73,0.0,32376.91,370347.82,NPR
2026-01-21,ACC0000005919,398407.21,0.0,0.0,398407.21,NPR
2026-01-21,ACC0000005920,135683.44,0.0,0.0,135683.44,NPR
2026-01-21,ACC0000005921,383625.71,0.0,7027.57,376598.14,NPR
2026-01-21,ACC0000005922,24701.11,0.0,69507.58,-44806.47,NPR
2026-01-21,ACC0000005923,458169.39,48305.57,99397.78,407077.18,NPR
2026-01-21,ACC0000005924,145888.34,0.0,70930.0,74958.34,NPR
2026-01-21,ACC0000005925,50871.45,7946.86,29143.39,29674.92,NPR
2026-01-21,ACC0000005926,465071.78,49153.12,3936.6,510288.3,NPR
2026-01-21,ACC0000005927,390796.2,40589.18,35367.2,396018.18,NPR
2026-01-21,ACC0000005928,186775.92,40181.64,0.0,226957.56,NPR
2026-01-21,ACC0000005929,41421.07,0.0,0.0,41421.07,NPR
2026-01-21,ACC0000005930,316682.52,46804.6,118633.7,244853.42,NPR
2026-01-21,ACC0000005931,149422.98,0.0,19087.31,130335.67,NPR
2026-01-21,ACC0000005932,374854.57,4161.96,34624.87,344391.66,NPR
2026-01-21,ACC0000005933,19486.53,0.0,4720.12,14766.41,NPR
2026-01-21,ACC0000005934,424218.59,0.0,0.0,424218.59,NPR
2026-01-21,ACC0000005935,326209.72,0.0,32005.62,294204.1,NPR
2026-01-21,ACC0000005936,49477.33,0.0,43274.95,6202.38,NPR
2026-01-21,ACC0000005937,434886.64,27580.59,82868.14,379599.09,NPR
2026-01-21,ACC0000005938,325889.49,0.0,0.0,325889.49,NPR
2026-01-21,ACC0000005939,156823.55,12052.5,0.0,168876.05,NPR
2026-01-21,ACC0000005940,226912.84,1910.34,66868.73,161954.45,NPR
2026-01-21,ACC0000005941,289543.2,37122.19,142764.05,183901.34,NPR
2026-01-21,ACC0000005942,409150.53,0.0,101396.32,307754.21,NPR
2026-01-21,ACC0000005943,285401.82,0.0,127623.88,157777.94,NPR
2026-01-21,ACC0000005944,131410.94,20733.16,95030.49,57113.61,NPR
2026-01-21,ACC0000005945,388289.47,25489.67,43591.11,370188.03,NPR
2026-01-21,ACC0000005946,86339.02,0.0,0.0,86339.02,NPR
2026-01-21,ACC0000005947,251348.94,0.0,56956.96,194391.98,NPR
2026-01-21,ACC0000005948,356939.93,0.0,67402.95,289536.98,NPR
2026-01-21,ACC0000005949,357449.45,0.0,104475.82,252973.63,NPR
2026-01-21,ACC0000005950,109716.56,38925.31,0.0,148641.87,NPR
2026-01-21,ACC0000005951,15060.01,0.0,0.0,15060.01,NPR
2026-01-21,ACC0000005952,259880.6,0.0,45751.86,214128.74,NPR
2026-01-21,ACC0000005953,17435.23,21153.87,46432.56,-7843.46,NPR
2026-01-21,ACC0000005954,471393.32,0.0,43045.16,428348.16,NPR
2026-01-21,ACC0000005955,422767.07,0.0,31096.98,391670.09,NPR
2026-01-21,ACC0000005956,132373.08,0.0,0.0,132373.08,NPR
2026-01-21,ACC0000005957,236705.06,81022.88,2228.32,315499.62,NPR
2026-01-21,ACC0000005958,145765.54,13943.94,130257.81,29451.67,NPR
2026-01-21,ACC0000005959,105326.34,0.0,55374.1,49952.24,NPR
2026-01-21,ACC0000005960,258629.86,0.0,66093.15,192536.71,NPR
2026-01-21,ACC0000005961,418737.46,0.0,145805.76,272931.7,NPR
2026-01-21,ACC0000005962,193248.47,0.0,50769.4,142479.07,NPR
2026-01-21,ACC0000005963,180348.85,0.0,29937.02,150411.83,NPR
2026-01-21,ACC0000005964,98711.78,44331.75,35921.25,107122.28,NPR
2026-01-21,ACC0000005965,305811.97,0.0,47410.17,258401.8,NPR
2026-01-21,ACC0000005966,463157.71,10963.93,163177.8,310943.84,NPR
2026-01-21,ACC0000005967,293550.92,0.0,0.0,293550.92,NPR
2026-01-21,ACC0000005968,404131.15,0.0,48107.34,356023.81,NPR
2026-01-21,ACC0000005969,363779.89,31563.29,49057.81,346285.37,NPR
2026-01-21,ACC0000005970,103012.03,4289.28,81896.49,25404.82,NPR
2026-01-21,ACC0000005971,77452.54,64247.08,0.0,141699.62,NPR
2026-01-21,ACC0000005972,107971.23,0.0,0.0,107971.23,NPR
2026-01-21,ACC0000005973,436609.67,0.0,47440.06,389169.61,NPR
2026-01-21,ACC0000005974,186392.65,0.0,106297.56,80095.09,NPR
2026-01-21,ACC0000005975,352522.43,0.0,79753.35,272769.08,NPR
2026-01-21,ACC0000005976,247724.39,0.0,36293.89,211430.5,NPR
2026-01-21,ACC0000005977,147465.66,7214.59,25570.68,129109.57,NPR
2026-01-21,ACC0000005978,408774.83,37055.27,0.0,445830.1,NPR
2026-01-21,ACC0000005979,89797.5,80958.56,51637.41,119118.65,NPR
2026-01-21,ACC0000005980,334614.5,0.0,115823.07,218791.43,NPR
2026-01-21,ACC0000005981,499899.11,0.0,3319.72,496579.39,NPR
2026-01-21,ACC0000005982,462895.26,0.0,106330.14,356565.12,NPR
2026-01-21,ACC0000005983,305715.98,0.0,35622.0,270093.98,NPR
2026-01-21,ACC0000005984,124240.5,5461.82,69675.36,60026.96,NPR
2026-01-21,ACC0000005985,365950.11,0.0,9596.89,356353.22,NPR
2026-01-21,ACC0000005986,375709.6,0.0,0.0,375709.6,NPR
2026-01-21,ACC0000005987,439728.81,0.0,19037.09,420691.72,NPR
2026-01-21,ACC0000005988,32018.62,0.0,0.0,32018.62,NPR
2026-01-21,ACC0000005989,246479.67,0.0,55550.34,190929.33,NPR
2026-01-21,ACC0000005990,191681.4,0.0,82720.08,108961.32,NPR
2026-01-21,ACC0000005991,186847.04,11111.85,46124.38,151834.51,NPR
2026-01-21,ACC0000005992,183969.42,0.0,39106.76,144862.66,NPR
2026-01-21,ACC0000005993,289276.31,10427.17,44050.69,255652.79,NPR
2026-01-21,ACC0000005994,456672.88,0.0,86844.08,369828.8,NPR
2026-01-21,ACC0000005995,204976.24,0.0,29015.89,175960.35,NPR
2026-01-21,ACC0000005996,8457.05,24877.88,3251.8,30083.13,NPR
2026-01-21,ACC0000005997,19539.92,0.0,4498.83,15041.09,NPR
2026-01-21,ACC0000005998,485648.37,0.0,11008.35,474640.02,NPR
2026-01-21,ACC0000005999,377409.79,38152.71,0.0,415562.5,NPR
2026-01-21,ACC0000006000,83816.79,35320.37,32808.85,86328.31,NPR
2026-01-21,ACC0000006001,401948.31,33003.6,79958.9,354993.01,NPR
2026-01-21,ACC0000006002,245029.64,0.0,51596.76,193432.88,NPR
2026-01-21,ACC0000006003,417243.8,0.0,72662.96,344580.84,NPR
2026-01-21,ACC0000006004,87219.64,43415.98,34917.83,95717.79,NPR
2026-01-21,ACC0000006005,136692.48,0.0,139375.24,-2682.76,NPR
2026-01-21,ACC0000006006,425988.45,0.0,0.0,425988.45,NPR
2026-01-21,ACC0000006007,158357.18,0.0,125759.95,32597.23,NPR
2026-01-21,ACC0000006008,473625.04,0.0,36953.29,436671.75,NPR
2026-01-21,ACC0000006009,136970.94,0.0,78712.26,58258.68,NPR
2026-01-21,ACC0000006010,357049.81,0.0,66419.47,290630.34,NPR
2026-01-21,ACC0000006011,20973.66,49459.84,47528.77,22904.73,NPR
2026-01-21,ACC0000006012,242841.41,0.0,94811.01,148030.4,NPR
2026-01-21,ACC0000006013,416943.34,0.0,30451.96,386491.38,NPR
2026-01-21,ACC0000006014,374030.86,0.0,0.0,374030.86,NPR
2026-01-21,ACC0000006015,137431.44,0.0,0.0,137431.44,NPR
2026-01-21,ACC0000006016,265927.74,0.0,81090.52,184837.22,NPR
2026-01-21,ACC0000006017,122585.49,0.0,122983.13,-397.64,NPR
2026-01-21,ACC0000006018,297669.13,0.0,0.0,297669.13,NPR
2026-01-21,ACC0000006019,470737.4,0.0,146013.52,324723.88,NPR
2026-01-21,ACC0000006020,289054.53,0.0,0.0,289054.53,NPR
2026-01-21,ACC0000006021,458944.49,0.0,0.0,458944.49,NPR
2026-01-21,ACC0000006022,29888.14,0.0,48483.96,-18595.82,NPR
2026-01-21,ACC0000006023,324795.12,0.0,46254.45,278540.67,NPR
2026-01-21,ACC0000006024,377528.0,8002.53,75995.37,309535.16,NPR
2026-01-21,ACC0000006025,106198.45,0.0,97241.43,8957.02,NPR
2026-01-21,ACC0000006026,55856.53,15619.42,85602.48,-14126.53,NPR
2026-01-21,ACC0000006027,39865.64,0.0,0.0,39865.64,NPR
2026-01-21,ACC0000006028,399064.47,0.0,0.0,399064.47,NPR
2026-01-21,ACC0000006029,177303.18,0.0,49322.34,127980.84,NPR
2026-01-21,ACC0000006030,4884.26,0.0,22715.66,-17831.4,NPR
2026-01-21,ACC0000006031,158503.68,0.0,39425.93,119077.75,NPR
2026-01-21,ACC0000006032,421006.17,0.0,66571.33,354434.84,NPR
2026-01-21,ACC0000006033,463349.35,0.0,41588.32,421761.03,NPR
2026-01-21,ACC0000006034,217114.58,27743.9,83869.01,160989.47,NPR
2026-01-21,ACC0000006035,85777.92,43072.67,2413.98,126436.61,NPR
2026-01-21,ACC0000006036,21125.29,0.0,0.0,21125.29,NPR
2026-01-21,ACC0000006037,383294.39,0.0,82714.9,300579.49,NPR
2026-01-21,ACC0000006038,346326.56,0.0,67341.79,278984.77,NPR
2026-01-21,ACC0000006039,115341.49,0.0,2767.54,112573.95,NPR
2026-01-21,ACC0000006040,165021.82,0.0,0.0,165021.82,NPR
2026-01-21,ACC0000006041,92152.72,0.0,0.0,92152.72,NPR
2026-01-21,ACC0000006042,289664.02,0.0,0.0,289664.02,NPR
2026-01-21,ACC0000006043,347287.98,38887.82,77933.98,308241.82,NPR
2026-01-21,ACC0000006044,388045.32,0.0,0.0,388045.32,NPR
2026-01-21,ACC0000006045,112676.6,0.0,34864.26,77812.34,NPR
2026-01-21,ACC0000006046,476650.07,0.0,0.0,476650.07,NPR
2026-01-21,ACC0000006047,333230.14,0.0,65984.62,267245.52,NPR
2026-01-21,ACC0000006048,232748.34,0.0,37560.42,195187.92,NPR
2026-01-21,ACC0000006049,23101.42,0.0,101518.49,-78417.07,NPR
2026-01-21,ACC0000006050,105614.4,0.0,166381.33,-60766.93,NPR
2026-01-21,ACC0000006051,430743.58,0.0,38666.64,392076.94,NPR
2026-01-21,ACC0000006052,315124.88,0.0,0.0,315124.88,NPR
2026-01-21,ACC0000006053,416632.67,0.0,0.0,416632.67,NPR
2026-01-21,ACC0000006054,135921.48,0.0,66596.23,69325.25,NPR
2026-01-21,ACC0000006055,299689.31,30037.53,30031.33,299695.51,NPR
2026-01-21,ACC0000006056,410412.23,43706.38,0.0,454118.61,NPR
2026-01-21,ACC0000006057,7888.9,0.0,81711.91,-73823.01,NPR
2026-01-21,ACC0000006058,494103.02,0.0,22192.97,471910.05,NPR
2026-01-21,ACC0000006059,202548.33,0.0,55687.47,146860.86,NPR
2026-01-21,ACC0000006060,397491.45,0.0,55013.54,342477.91,NPR
2026-01-21,ACC0000006061,317738.96,34492.22,50396.13,301835.05,NPR
2026-01-21,ACC0000006062,58071.99,1394.3,35396.41,24069.88,NPR
2026-01-21,ACC0000006063,340342.84,0.0,0.0,340342.84,NPR
2026-01-21,ACC0000006064,359851.27,54594.43,0.0,414445.7,NPR
2026-01-21,ACC0000006065,122286.91,0.0,0.0,122286.91,NPR
2026-01-21,ACC0000006066,101907.96,0.0,105752.7,-3844.74,NPR
2026-01-21,ACC0000006067,439821.05,0.0,0.0,439821.05,NPR
2026-01-21,ACC0000006068,291831.82,0.0,40762.74,251069.08,NPR
2026-01-21,ACC0000006069,495231.02,0.0,0.0,495231.02,NPR
2026-01-21,ACC0000006070,472466.2,0.0,26096.66,446369.54,NPR
2026-01-21,ACC0000006071,4948.37,24876.36,81798.17,-51973.44,NPR
2026-01-21,ACC0000006072,308666.19,0.0,0.0,308666.19,NPR
2026-01-21,ACC0000006073,145349.52,0.0,48066.04,97283.48,NPR
2026-01-21,ACC0000006074,383055.2,0.0,45052.76,338002.44,NPR
2026-01-21,ACC0000006075,63039.89,0.0,47864.8,15175.09,NPR
2026-01-21,ACC0000006076,446201.29,37011.5,29054.86,454157.93,NPR
2026-01-21,ACC0000006077,95666.01,30862.51,21663.77,104864.75,NPR
2026-01-21,ACC0000006078,42193.01,0.0,86403.03,-44210.02,NPR
2026-01-21,ACC0000006079,475064.48,0.0,56386.99,418677.49,NPR
2026-01-21,ACC0000006080,54155.01,0.0,78469.06,-24314.05,NPR
2026-01-21,ACC0000006081,22486.07,0.0,34528.45,-12042.38,NPR
2026-01-21,ACC0000006082,342163.6,39462.91,51998.74,329627.77,NPR
2026-01-21,ACC0000006083,298175.44,0.0,28403.54,269771.9,NPR
2026-01-21,ACC0000006084,381266.35,0.0,0.0,381266.35,NPR
2026-01-21,ACC0000006085,318714.61,0.0,41450.38,277264.23,NPR
2026-01-21,ACC0000006086,354690.56,9955.66,68384.63,296261.59,NPR
2026-01-21,ACC0000006087,168274.91,0.0,0.0,168274.91,NPR
2026-01-21,ACC0000006088,404817.93,0.0,4219.05,400598.88,NPR
2026-01-21,ACC0000006089,111819.57,0.0,36433.45,75386.12,NPR
2026-01-21,ACC0000006090,419447.17,0.0,38783.02,380664.15,NPR
2026-01-21,ACC0000006091,159850.21,29250.89,51965.55,137135.55,NPR
2026-01-21,ACC0000006092,471339.48,0.0,109433.28,361906.2,NPR
2026-01-21,ACC0000006093,465612.41,0.0,82160.35,383452.06,NPR
2026-01-21,ACC0000006094,93771.29,0.0,49547.48,44223.81,NPR
2026-01-21,ACC0000006095,313696.91,47138.32,0.0,360835.23,NPR
2026-01-21,ACC0000006096,45984.26,56325.91,66734.91,35575.26,NPR
2026-01-21,ACC0000006097,310715.57,0.0,25150.84,285564.73,NPR
2026-01-21,ACC0000006098,352687.16,0.0,12581.04,340106.12,NPR
2026-01-21,ACC0000006099,432426.13,0.0,0.0,432426.13,NPR
2026-01-21,ACC0000006100,223276.19,8623.09,20655.67,211243.61,NPR
2026-01-21,ACC0000006101,240554.24,0.0,0.0,240554.24,NPR
2026-01-21,ACC0000006102,177752.79,19227.26,31072.05,165908.0,NPR
2026-01-21,ACC0000006103,419615.58,0.0,40617.78,378997.8,NPR
2026-01-21,ACC0000006104,302647.17,0.0,0.0,302647.17,NPR
2026-01-21,ACC0000006105,392637.47,17710.16,114761.69,295585.94,NPR
2026-01-21,ACC0000006106,322742.53,51.95,20995.52,301798.96,NPR
2026-01-21,ACC0000006107,490236.39,43085.74,59279.52,474042.61,NPR
2026-01-21,ACC0000006108,178213.14,0.0,0.0,178213.14,NPR
2026-01-21,ACC0000006109,432521.46,14228.37,0.0,446749.83,NPR
2026-01-21,ACC0000006110,157706.25,0.0,0.0,157706.25,NPR
2026-01-21,ACC0000006111,251162.7,0.0,108223.5,142939.2,NPR
2026-01-21,ACC0000006112,50249.51,0.0,74685.85,-24436.34,NPR
2026-01-21,ACC0000006113,410170.02,39310.65,82822.86,366657.81,NPR
2026-01-21,ACC0000006114,226844.82,0.0,0.0,226844.82,NPR
2026-01-21,ACC0000006115,87186.52,0.0,79924.35,7262.17,NPR
2026-01-21,ACC0000006116,62560.44,31672.55,0.0,94232.99,NPR
2026-01-21,ACC0000006117,263623.0,0.0,20645.22,242977.78,NPR
2026-01-21,ACC0000006118,302341.76,0.0,0.0,302341.76,NPR
2026-01-21,ACC0000006119,69806.05,44494.79,92188.58,22112.26,NPR
2026-01-21,ACC0000006120,101244.06,0.0,51822.58,49421.48,NPR
2026-01-21,ACC0000006121,108548.32,0.0,0.0,108548.32,NPR
2026-01-21,ACC0000006122,123236.01,0.0,0.0,123236.01,NPR
2026-01-21,ACC0000006123,108652.02,0.0,36420.44,72231.58,NPR
2026-01-21,ACC0000006124,251492.12,46379.13,0.0,297871.25,NPR
2026-01-21,ACC0000006125,153089.98,38631.6,83852.1,107869.48,NPR
2026-01-21,ACC0000006126,341137.92,0.0,0.0,341137.92,NPR
2026-01-21,ACC0000006127,190259.75,0.0,82480.07,107779.68,NPR
2026-01-21,ACC0000006128,242853.99,42804.97,113434.58,172224.38,NPR
2026-01-21,ACC0000006129,98074.73,0.0,0.0,98074.73,NPR
2026-01-21,ACC0000006130,141145.72,74937.12,35883.74,180199.1,NPR
2026-01-21,ACC0000006131,250846.77,0.0,52962.17,197884.6,NPR
2026-01-21,ACC0000006132,186307.01,0.0,0.0,186307.01,NPR
2026-01-21,ACC0000006133,31710.7,1518.74,0.0,33229.44,NPR
2026-01-21,ACC0000006134,297135.15,0.0,147894.9,149240.25,NPR
2026-01-21,ACC0000006135,157825.76,28355.25,29047.44,157133.57,NPR
2026-01-21,ACC0000006136,492578.53,0.0,48003.29,444575.24,NPR
2026-01-21,ACC0000006137,115077.29,0.0,16951.84,98125.45,NPR
2026-01-21,ACC0000006138,220561.56,0.0,14507.59,206053.97,NPR
2026-01-21,ACC0000006139,76726.89,0.0,0.0,76726.89,NPR
2026-01-21,ACC0000006140,298278.75,31589.1,64666.37,265201.48,NPR
2026-01-21,ACC0000006141,373470.97,0.0,50038.54,323432.43,NPR
2026-01-21,ACC0000006142,315395.65,10107.5,0.0,325503.15,NPR
2026-01-21,ACC0000006143,173916.11,48028.73,65124.88,156819.96,NPR
2026-01-21,ACC0000006144,378475.34,2068.86,17944.59,362599.61,NPR
2026-01-21,ACC0000006145,240642.23,0.0,53582.54,187059.69,NPR
2026-01-21,ACC0000006146,326456.45,25812.32,0.0,352268.77,NPR
2026-01-21,ACC0000006147,132212.63,0.0,0.0,132212.63,NPR
2026-01-21,ACC0000006148,425443.08,0.0,0.0,425443.08,NPR
2026-01-21,ACC0000006149,335145.74,5087.93,79355.41,260878.26,NPR
2026-01-21,ACC0000006150,337205.13,0.0,35663.23,301541.9,NPR
2026-01-21,ACC0000006151,131690.03,33449.32,56547.41,108591.94,NPR
2026-01-21,ACC0000006152,231469.36,0.0,0.0,231469.36,NPR
2026-01-21,ACC0000006153,371486.25,0.0,80078.91,291407.34,NPR
2026-01-21,ACC0000006154,345672.56,0.0,55933.01,289739.55,NPR
2026-01-21,ACC0000006155,220876.92,0.0,0.0,220876.92,NPR
2026-01-21,ACC0000006156,48499.14,21578.21,27536.75,42540.6,NPR
2026-01-21,ACC0000006157,139398.02,26329.64,176679.26,-10951.6,NPR
2026-01-21,ACC0000006158,466111.84,0.0,5017.06,461094.78,NPR
2026-01-21,ACC0000006159,491732.16,0.0,15384.97,476347.19,NPR
2026-01-21,ACC0000006160,388381.73,0.0,0.0,388381.73,NPR
2026-01-21,ACC0000006161,428022.49,0.0,94765.25,333257.24,NPR
2026-01-21,ACC0000006162,82095.56,0.0,111357.19,-29261.63,NPR
2026-01-21,ACC0000006163,139169.71,0.0,56138.56,83031.15,NPR
2026-01-21,ACC0000006164,188036.88,0.0,91740.75,96296.13,NPR
2026-01-21,ACC0000006165,381443.95,0.0,38480.99,342962.96,NPR
2026-01-21,ACC0000006166,386937.3,0.0,33138.76,353798.54,NPR
2026-01-21,ACC0000006167,142089.69,0.0,0.0,142089.69,NPR
2026-01-21,ACC0000006168,428695.46,36663.99,137359.61,327999.84,NPR
2026-01-21,ACC0000006169,237341.35,81968.12,71788.04,247521.43,NPR
2026-01-21,ACC0000006170,70904.59,0.0,97568.38,-26663.79,NPR
2026-01-21,ACC0000006171,214369.07,0.0,0.0,214369.07,NPR
2026-01-21,ACC0000006172,330845.61,69399.38,33075.11,367169.88,NPR
2026-01-21,ACC0000006173,400258.24,1724.5,102383.45,299599.29,NPR
2026-01-21,ACC0000006174,81377.55,82351.91,0.0,163729.46,NPR
2026-01-21,ACC0000006175,47049.22,48745.41,75831.87,19962.76,NPR
2026-01-21,ACC0000006176,490855.51,4460.77,130655.36,364660.92,NPR
2026-01-21,ACC0000006177,362862.87,11104.44,19146.46,354820.85,NPR
2026-01-21,ACC0000006178,205598.08,33674.97,0.0,239273.05,NPR
2026-01-21,ACC0000006179,33905.94,0.0,102835.65,-68929.71,NPR
2026-01-21,ACC0000006180,80115.63,0.0,47059.56,33056.07,NPR
2026-01-21,ACC0000006181,370509.81,0.0,37064.51,333445.3,NPR
2026-01-21,ACC0000006182,292757.92,20755.48,68078.97,245434.43,NPR
2026-01-21,ACC0000006183,109759.99,0.0,91985.04,17774.95,NPR
2026-01-21,ACC0000006184,373500.83,0.0,13812.11,359688.72,NPR
2026-01-21,ACC0000006185,482966.85,33390.79,46761.0,469596.64,NPR
2026-01-21,ACC0000006186,475015.07,0.0,0.0,475015.07,NPR
2026-01-21,ACC0000006187,168006.52,44682.17,58702.91,153985.78,NPR
2026-01-21,ACC0000006188,42775.29,0.0,0.0,42775.29,NPR
2026-01-21,ACC0000006189,459995.22,25924.87,3774.92,482145.17,NPR
2026-01-21,ACC0000006190,473811.74,0.0,0.0,473811.74,NPR
2026-01-21,ACC0000006191,446537.7,1182.45,112077.98,335642.17,NPR
2026-01-21,ACC0000006192,408383.66,0.0,76510.26,331873.4,NPR
2026-01-21,ACC0000006193,37875.11,0.0,0.0,37875.11,NPR
2026-01-21,ACC0000006194,23004.12,0.0,0.0,23004.12,NPR
2026-01-21,ACC0000006195,453480.99,0.0,68516.89,384964.1,NPR
2026-01-21,ACC0000006196,385571.54,0.0,0.0,385571.54,NPR
2026-01-21,ACC0000006197,121762.34,0.0,0.0,121762.34,NPR
2026-01-21,ACC0000006198,20309.02,47577.53,51889.28,15997.27,NPR
2026-01-21,ACC0000006199,148253.53,0.0,5739.0,142514.53,NPR
2026-01-21,ACC0000006200,312223.24,0.0,45385.89,266837.35,NPR
2026-01-21,ACC0000006201,407804.33,0.0,62973.33,344831.0,NPR
2026-01-21,ACC0000006202,70514.77,0.0,9752.19,60762.58,NPR
2026-01-21,ACC0000006203,440336.93,0.0,36122.55,404214.38,NPR
2026-01-21,ACC0000006204,34403.54,30361.43,79119.98,-14355.01,NPR
2026-01-21,ACC0000006205,130614.05,0.0,0.0,130614.05,NPR
2026-01-21,ACC0000006206,229581.08,44739.08,127247.54,147072.62,NPR
2026-01-21,ACC0000006207,459128.72,31311.27,4642.11,485797.88,NPR
2026-01-21,ACC0000006208,127035.74,0.0,57652.97,69382.77,NPR
2026-01-21,ACC0000006209,192695.35,0.0,44411.04,148284.31,NPR
2026-01-21,ACC0000006210,439349.97,0.0,108306.62,331043.35,NPR
2026-01-21,ACC0000006211,450047.68,15879.43,31851.6,434075.51,NPR
2026-01-21,ACC0000006212,145259.17,0.0,0.0,145259.17,NPR
2026-01-21,ACC0000006213,275291.8,0.0,0.0,275291.8,NPR
2026-01-21,ACC0000006214,422012.7,41651.22,40315.61,423348.31,NPR
2026-01-21,ACC0000006215,27041.34,1938.69,0.0,28980.03,NPR
2026-01-21,ACC0000006216,362625.91,0.0,78977.05,283648.86,NPR
2026-01-21,ACC0000006217,385585.81,0.0,4910.66,380675.15,NPR
2026-01-21,ACC0000006218,234888.42,0.0,0.0,234888.42,NPR
2026-01-21,ACC0000006219,449161.35,0.0,0.0,449161.35,NPR
2026-01-21,ACC0000006220,486841.47,0.0,21930.85,464910.62,NPR
2026-01-21,ACC0000006221,143530.84,0.0,0.0,143530.84,NPR
2026-01-21,ACC0000006222,334122.51,0.0,28864.7,305257.81,NPR
2026-01-21,ACC0000006223,491830.1,0.0,0.0,491830.1,NPR
2026-01-21,ACC0000006224,343949.35,9060.58,71744.7,281265.23,NPR
2026-01-21,ACC0000006225,363094.39,0.0,49693.68,313400.71,NPR
2026-01-21,ACC0000006226,314043.3,0.0,35388.36,278654.94,NPR
2026-01-21,ACC0000006227,346702.91,0.0,28787.42,317915.49,NPR
2026-01-21,ACC0000006228,395066.58,0.0,101952.44,293114.14,NPR
2026-01-21,ACC0000006229,4534.06,0.0,6249.61,-1715.55,NPR
2026-01-21,ACC0000006230,49651.48,0.0,80012.57,-30361.09,NPR
2026-01-21,ACC0000006231,372396.33,43010.4,126011.69,289395.04,NPR
2026-01-21,ACC0000006232,198404.71,0.0,0.0,198404.71,NPR
2026-01-21,ACC0000006233,344779.6,0.0,63589.56,281190.04,NPR
2026-01-21,ACC0000006234,310325.13,35850.23,5146.98,341028.38,NPR
2026-01-21,ACC0000006235,5214.97,0.0,86380.53,-81165.56,NPR
2026-01-21,ACC0000006236,494189.52,36206.21,6880.69,523515.04,NPR
2026-01-21,ACC0000006237,147071.05,0.0,121520.46,25550.59,NPR
2026-01-21,ACC0000006238,56339.93,29023.56,0.0,85363.49,NPR
2026-01-21,ACC0000006239,357510.46,34838.97,77776.68,314572.75,NPR
2026-01-21,ACC0000006240,226281.83,0.0,117348.48,108933.35,NPR
2026-01-21,ACC0000006241,342266.32,0.0,20123.09,322143.23,NPR
2026-01-21,ACC0000006242,36622.87,0.0,14514.75,22108.12,NPR
2026-01-21,ACC0000006243,126504.32,3671.47,105490.79,24685.0,NPR
2026-01-21,ACC0000006244,356349.28,0.0,0.0,356349.28,NPR
2026-01-21,ACC0000006245,215496.3,0.0,46704.81,168791.49,NPR
2026-01-21,ACC0000006246,137624.79,0.0,112731.91,24892.88,NPR
2026-01-21,ACC0000006247,43047.1,132679.15,75476.4,100249.85,NPR
2026-01-21,ACC0000006248,92764.53,0.0,0.0,92764.53,NPR
2026-01-21,ACC0000006249,163998.99,0.0,739.91,163259.08,NPR
2026-01-21,ACC0000006250,144011.28,0.0,17137.63,126873.65,NPR
2026-01-21,ACC0000006251,279516.71,0.0,0.0,279516.71,NPR
2026-01-21,ACC0000006252,386602.81,11111.83,21233.19,376481.45,NPR
2026-01-21,ACC0000006253,147756.88,23459.3,0.0,171216.18,NPR
2026-01-21,ACC0000006254,283502.84,0.0,0.0,283502.84,NPR
2026-01-21,ACC0000006255,452513.67,23032.85,0.0,475546.52,NPR
2026-01-21,ACC0000006256,154014.44,23027.78,2650.23,174391.99,NPR
2026-01-21,ACC0000006257,365883.79,0.0,0.0,365883.79,NPR
2026-01-21,ACC0000006258,160260.42,0.0,0.0,160260.42,NPR
2026-01-21,ACC0000006259,374105.09,0.0,57756.52,316348.57,NPR
2026-01-21,ACC0000006260,90135.62,0.0,81892.66,8242.96,NPR
2026-01-21,ACC0000006261,377270.97,37046.19,81982.69,332334.47,NPR
2026-01-21,ACC0000006262,443814.07,0.0,47054.45,396759.62,NPR
2026-01-21,ACC0000006263,490044.18,0.0,137934.85,352109.33,NPR
2026-01-21,ACC0000006264,445199.08,0.0,18610.29,426588.79,NPR
2026-01-21,ACC0000006265,471557.96,0.0,28376.59,443181.37,NPR
2026-01-21,ACC0000006266,340089.97,0.0,0.0,340089.97,NPR
2026-01-21,ACC0000006267,112400.28,0.0,0.0,112400.28,NPR
2026-01-21,ACC0000006268,337851.95,38759.22,0.0,376611.17,NPR
2026-01-21,ACC0000006269,370931.43,23648.13,0.0,394579.56,NPR
2026-01-21,ACC0000006270,27837.47,38797.7,4618.02,62017.15,NPR
2026-01-21,ACC0000006271,312647.61,0.0,74413.1,238234.51,NPR
2026-01-21,ACC0000006272,84237.4,0.0,51984.28,32253.12,NPR
2026-01-21,ACC0000006273,86202.51,0.0,14529.58,71672.93,NPR
2026-01-21,ACC0000006274,152722.06,0.0,57520.3,95201.76,NPR
2026-01-21,ACC0000006275,331970.56,0.0,48325.01,283645.55,NPR
2026-01-21,ACC0000006276,337385.38,33215.27,122810.48,247790.17,NPR
2026-01-21,ACC0000006277,300187.85,39156.39,65577.66,273766.58,NPR
2026-01-21,ACC0000006278,475659.59,43371.22,0.0,519030.81,NPR
2026-01-21,ACC0000006279,442597.75,0.0,88091.95,354505.8,NPR
2026-01-21,ACC0000006280,100285.83,39247.0,0.0,139532.83,NPR
2026-01-21,ACC0000006281,413575.83,0.0,94924.97,318650.86,NPR
2026-01-21,ACC0000006282,48000.83,40312.17,49507.97,38805.03,NPR
2026-01-21,ACC0000006283,41010.74,10102.31,0.0,51113.05,NPR
2026-01-21,ACC0000006284,207836.32,0.0,60089.56,147746.76,NPR
2026-01-21,ACC0000006285,140948.87,0.0,0.0,140948.87,NPR
2026-01-21,ACC0000006286,366429.11,0.0,126203.52,240225.59,NPR
2026-01-21,ACC0000006287,375839.56,0.0,0.0,375839.56,NPR
2026-01-21,ACC0000006288,223042.77,42850.17,36021.34,229871.6,NPR
2026-01-21,ACC0000006289,75676.06,0.0,73949.31,1726.75,NPR
2026-01-21,ACC0000006290,318062.44,30664.47,70354.06,278372.85,NPR
2026-01-21,ACC0000006291,172344.58,0.0,52698.37,119646.21,NPR
2026-01-21,ACC0000006292,442526.72,0.0,36709.16,405817.56,NPR
2026-01-21,ACC0000006293,119623.34,0.0,0.0,119623.34,NPR
2026-01-21,ACC0000006294,439920.53,0.0,69376.01,370544.52,NPR
2026-01-21,ACC0000006295,277345.99,0.0,139033.23,138312.76,NPR
2026-01-21,ACC0000006296,196424.49,0.0,0.0,196424.49,NPR
2026-01-21,ACC0000006297,373273.79,42280.8,73105.93,342448.66,NPR
2026-01-21,ACC0000006298,254413.35,12575.87,44642.62,222346.6,NPR
2026-01-21,ACC0000006299,302737.94,0.0,115412.81,187325.13,NPR
2026-01-21,ACC0000006300,211181.83,0.0,120326.65,90855.18,NPR
2026-01-21,ACC0000006301,179275.54,0.0,33559.33,145716.21,NPR
2026-01-21,ACC0000006302,228022.2,24008.3,88379.44,163651.06,NPR
2026-01-21,ACC0000006303,200683.47,4614.11,69000.69,136296.89,NPR
2026-01-21,ACC0000006304,454584.72,0.0,0.0,454584.72,NPR
2026-01-21,ACC0000006305,170685.88,0.0,143864.16,26821.72,NPR
2026-01-21,ACC0000006306,356923.53,432.37,40097.05,317258.85,NPR
2026-01-21,ACC0000006307,273843.79,0.0,37153.22,236690.57,NPR
2026-01-21,ACC0000006308,468025.37,10076.17,95126.36,382975.18,NPR
2026-01-21,ACC0000006309,455840.02,0.0,45597.63,410242.39,NPR
2026-01-21,ACC0000006310,368927.46,0.0,0.0,368927.46,NPR
2026-01-21,ACC0000006311,125907.44,17551.65,0.0,143459.09,NPR
2026-01-21,ACC0000006312,395786.04,48747.97,60906.53,383627.48,NPR
2026-01-21,ACC0000006313,425469.66,0.0,0.0,425469.66,NPR
2026-01-21,ACC0000006314,32176.8,0.0,0.0,32176.8,NPR
2026-01-21,ACC0000006315,427420.06,91327.42,31252.91,487494.57,NPR
2026-01-21,ACC0000006316,352421.99,15210.92,0.0,367632.91,NPR
2026-01-21,ACC0000006317,51398.09,65365.43,68486.5,48277.02,NPR
2026-01-21,ACC0000006318,336617.36,0.0,82538.68,254078.68,NPR
2026-01-21,ACC0000006319,499334.16,0.0,58017.16,441317.0,NPR
2026-01-21,ACC0000006320,112560.81,2185.85,35007.42,79739.24,NPR
2026-01-21,ACC0000006321,112915.33,49172.62,115557.1,46530.85,NPR
2026-01-21,ACC0000006322,108355.65,31289.18,34451.41,105193.42,NPR
2026-01-21,ACC0000006323,479779.97,70974.49,150699.9,400054.56,NPR
2026-01-21,ACC0000006324,461868.28,0.0,5726.66,456141.62,NPR
2026-01-21,ACC0000006325,38045.16,0.0,143797.97,-105752.81,NPR
2026-01-21,ACC0000006326,58493.06,0.0,0.0,58493.06,NPR
2026-01-21,ACC0000006327,106118.79,29891.48,87094.92,48915.35,NPR
2026-01-21,ACC0000006328,238126.03,0.0,114972.73,123153.3,NPR
2026-01-21,ACC0000006329,306633.46,0.0,38983.54,267649.92,NPR
2026-01-21,ACC0000006330,322162.98,0.0,0.0,322162.98,NPR
2026-01-21,ACC0000006331,141722.65,48977.84,65600.54,125099.95,NPR
2026-01-21,ACC0000006332,120667.71,0.0,43770.49,76897.22,NPR
2026-01-21,ACC0000006333,340991.75,0.0,72098.47,268893.28,NPR
2026-01-21,ACC0000006334,128464.94,36417.1,38124.66,126757.38,NPR
2026-01-21,ACC0000006335,486173.86,0.0,0.0,486173.86,NPR
2026-01-21,ACC0000006336,472792.72,0.0,0.0,472792.72,NPR
2026-01-21,ACC0000006337,283500.97,0.0,0.0,283500.97,NPR
2026-01-21,ACC0000006338,126131.26,0.0,0.0,126131.26,NPR
2026-01-21,ACC0000006339,256089.23,0.0,8015.45,248073.78,NPR
2026-01-21,ACC0000006340,75914.96,0.0,48740.0,27174.96,NPR
2026-01-21,ACC0000006341,13099.44,45124.6,25033.93,33190.11,NPR
2026-01-21,ACC0000006342,334088.88,38065.12,8215.22,363938.78,NPR
2026-01-21,ACC0000006343,79619.92,0.0,0.0,79619.92,NPR
2026-01-21,ACC0000006344,499642.83,37795.52,91813.76,445624.59,NPR
2026-01-21,ACC0000006345,127842.02,19749.42,32172.71,115418.73,NPR
2026-01-21,ACC0000006346,72848.04,17856.37,5348.58,85355.83,NPR
2026-01-21,ACC0000006347,235521.78,33647.33,0.0,269169.11,NPR
2026-01-21,ACC0000006348,191171.14,37653.61,12101.17,216723.58,NPR
2026-01-21,ACC0000006349,254041.74,53688.73,39553.04,268177.43,NPR
2026-01-21,ACC0000006350,32018.32,0.0,136222.85,-104204.53,NPR
2026-01-21,ACC0000006351,45435.11,68870.65,0.0,114305.76,NPR
2026-01-21,ACC0000006352,277944.93,0.0,33550.15,244394.78,NPR
2026-01-21,ACC0000006353,409417.05,26854.85,76381.11,359890.79,NPR
2026-01-21,ACC0000006354,366007.65,97737.84,66976.14,396769.35,NPR
2026-01-21,ACC0000006355,210985.13,0.0,53951.1,157034.03,NPR
2026-01-21,ACC0000006356,41274.4,12575.81,60025.02,-6174.81,NPR
2026-01-21,ACC0000006357,330680.46,0.0,45455.77,285224.69,NPR
2026-01-21,ACC0000006358,480375.58,0.0,85831.74,394543.84,NPR
2026-01-21,ACC0000006359,424174.88,20947.62,102980.38,342142.12,NPR
2026-01-21,ACC0000006360,108284.68,45287.02,0.0,153571.7,NPR
2026-01-21,ACC0000006361,249490.62,0.0,26181.07,223309.55,NPR
2026-01-21,ACC0000006362,39439.84,28726.37,113466.24,-45300.03,NPR
2026-01-21,ACC0000006363,201180.89,0.0,0.0,201180.89,NPR
2026-01-21,ACC0000006364,357849.73,0.0,103370.27,254479.46,NPR
2026-01-21,ACC0000006365,298821.86,0.0,60801.13,238020.73,NPR
2026-01-21,ACC0000006366,119019.6,0.0,136706.14,-17686.54,NPR
2026-01-21,ACC0000006367,243566.73,36157.8,0.0,279724.53,NPR
2026-01-21,ACC0000006368,170311.45,0.0,68503.33,101808.12,NPR
2026-01-21,ACC0000006369,167853.84,0.0,43259.38,124594.46,NPR
2026-01-21,ACC0000006370,153112.19,0.0,34809.54,118302.65,NPR
2026-01-21,ACC0000006371,453817.88,0.0,20748.89,433068.99,NPR
2026-01-21,ACC0000006372,294424.29,0.0,28551.34,265872.95,NPR
2026-01-21,ACC0000006373,122266.7,0.0,64883.11,57383.59,NPR
2026-01-21,ACC0000006374,354641.78,0.0,45859.17,308782.61,NPR
2026-01-21,ACC0000006375,295912.23,0.0,66561.33,229350.9,NPR
2026-01-21,ACC0000006376,322115.52,0.0,0.0,322115.52,NPR
2026-01-21,ACC0000006377,54887.54,25534.11,49348.2,31073.45,NPR
2026-01-21,ACC0000006378,15224.67,44666.21,67211.88,-7321.0,NPR
2026-01-21,ACC0000006379,384463.41,47359.78,129003.31,302819.88,NPR
2026-01-21,ACC0000006380,175116.71,0.0,44687.69,130429.02,NPR
2026-01-21,ACC0000006381,180361.84,0.0,68611.11,111750.73,NPR
2026-01-21,ACC0000006382,203451.03,0.0,44154.74,159296.29,NPR
2026-01-21,ACC0000006383,315615.55,26784.26,100431.4,241968.41,NPR
2026-01-21,ACC0000006384,269511.34,13989.12,62761.51,220738.95,NPR
2026-01-21,ACC0000006385,235698.61,0.0,52396.09,183302.52,NPR
2026-01-21,ACC0000006386,127358.79,0.0,0.0,127358.79,NPR
2026-01-21,ACC0000006387,478300.44,28067.99,32720.94,473647.49,NPR
2026-01-21,ACC0000006388,9694.89,26565.3,53181.54,-16921.35,NPR
2026-01-21,ACC0000006389,267984.89,36386.59,0.0,304371.48,NPR
2026-01-21,ACC0000006390,474482.18,27952.58,14592.92,487841.84,NPR
2026-01-21,ACC0000006391,146821.76,0.0,62039.36,84782.4,NPR
2026-01-21,ACC0000006392,246883.62,31906.36,64259.89,214530.09,NPR
2026-01-21,ACC0000006393,377309.31,0.0,0.0,377309.31,NPR
2026-01-21,ACC0000006394,392443.99,39679.6,40429.39,391694.2,NPR
2026-01-21,ACC0000006395,177623.61,6439.9,60878.32,123185.19,NPR
2026-01-21,ACC0000006396,71209.68,20509.72,100009.0,-8289.6,NPR
2026-01-21,ACC0000006397,189141.04,29772.45,81398.44,137515.05,NPR
2026-01-21,ACC0000006398,177182.88,0.0,0.0,177182.88,NPR
2026-01-21,ACC0000006399,194223.99,0.0,20680.35,173543.64,NPR
2026-01-21,ACC0000006400,213478.84,21909.19,33601.1,201786.93,NPR
2026-01-21,ACC0000006401,464462.36,0.0,0.0,464462.36,NPR
2026-01-21,ACC0000006402,170718.74,0.0,106745.04,63973.7,NPR
2026-01-21,ACC0000006403,178071.71,33473.72,77769.65,133775.78,NPR
2026-01-21,ACC0000006404,185558.36,0.0,2117.57,183440.79,NPR
2026-01-21,ACC0000006405,254980.2,0.0,82952.42,172027.78,NPR
2026-01-21,ACC0000006406,472526.17,0.0,87797.24,384728.93,NPR
2026-01-21,ACC0000006407,126211.92,0.0,25435.72,100776.2,NPR
2026-01-21,ACC0000006408,79759.71,42300.41,7489.67,114570.45,NPR
2026-01-21,ACC0000006409,285926.43,0.0,9288.24,276638.19,NPR
2026-01-21,ACC0000006410,276571.14,0.0,72991.57,203579.57,NPR
2026-01-21,ACC0000006411,488478.17,0.0,107509.11,380969.06,NPR
2026-01-21,ACC0000006412,452153.2,0.0,35368.69,416784.51,NPR
2026-01-21,ACC0000006413,43218.78,60024.76,0.0,103243.54,NPR
2026-01-21,ACC0000006414,326982.47,0.0,22269.65,304712.82,NPR
2026-01-21,ACC0000006415,383977.66,0.0,53885.52,330092.14,NPR
2026-01-21,ACC0000006416,328519.51,0.0,20019.11,308500.4,NPR
2026-01-21,ACC0000006417,358250.62,15068.34,45671.75,327647.21,NPR
2026-01-21,ACC0000006418,39368.42,21245.66,87689.23,-27075.15,NPR
2026-01-21,ACC0000006419,185557.02,0.0,0.0,185557.02,NPR
2026-01-21,ACC0000006420,261254.28,0.0,0.0,261254.28,NPR
2026-01-21,ACC0000006421,442292.74,5273.48,75962.69,371603.53,NPR
2026-01-21,ACC0000006422,307855.97,0.0,39884.36,267971.61,NPR
2026-01-21,ACC0000006423,388409.85,0.0,37770.92,350638.93,NPR
2026-01-21,ACC0000006424,247383.59,0.0,15825.18,231558.41,NPR
2026-01-21,ACC0000006425,417457.62,0.0,120597.43,296860.19,NPR
2026-01-21,ACC0000006426,199246.57,0.0,22085.4,177161.17,NPR
2026-01-21,ACC0000006427,324901.56,0.0,0.0,324901.56,NPR
2026-01-21,ACC0000006428,148150.33,0.0,28779.62,119370.71,NPR
2026-01-21,ACC0000006429,434057.75,18947.69,75423.76,377581.68,NPR
2026-01-21,ACC0000006430,441202.3,21719.4,0.0,462921.7,NPR
2026-01-21,ACC0000006431,319884.57,0.0,0.0,319884.57,NPR
2026-01-21,ACC0000006432,87361.96,0.0,0.0,87361.96,NPR
2026-01-21,ACC0000006433,196309.39,0.0,69781.46,126527.93,NPR
2026-01-21,ACC0000006434,40953.64,0.0,0.0,40953.64,NPR
2026-01-21,ACC0000006435,201509.86,0.0,50235.32,151274.54,NPR
2026-01-21,ACC0000006436,111860.72,40886.6,0.0,152747.32,NPR
2026-01-21,ACC0000006437,386084.39,0.0,0.0,386084.39,NPR
2026-01-21,ACC0000006438,159146.56,0.0,0.0,159146.56,NPR
2026-01-21,ACC0000006439,385026.31,0.0,75884.67,309141.64,NPR
2026-01-21,ACC0000006440,134653.74,53177.09,61315.33,126515.5,NPR
2026-01-21,ACC0000006441,64810.47,0.0,220.31,64590.16,NPR
2026-01-21,ACC0000006442,450343.78,24892.53,5859.47,469376.84,NPR
2026-01-21,ACC0000006443,416891.04,47644.49,0.0,464535.53,NPR
2026-01-21,ACC0000006444,209905.1,0.0,0.0,209905.1,NPR
2026-01-21,ACC0000006445,154504.17,0.0,71050.2,83453.97,NPR
2026-01-21,ACC0000006446,388181.92,70283.04,12218.75,446246.21,NPR
2026-01-21,ACC0000006447,425026.07,0.0,0.0,425026.07,NPR
2026-01-21,ACC0000006448,209662.34,29526.2,79468.06,159720.48,NPR
2026-01-21,ACC0000006449,405428.86,0.0,79689.28,325739.58,NPR
2026-01-21,ACC0000006450,37498.08,48433.37,160055.93,-74124.48,NPR
2026-01-21,ACC0000006451,63768.15,0.0,0.0,63768.15,NPR
2026-01-21,ACC0000006452,208762.44,0.0,0.0,208762.44,NPR
2026-01-21,ACC0000006453,250895.14,0.0,0.0,250895.14,NPR
2026-01-21,ACC0000006454,450620.65,12676.3,34628.69,428668.26,NPR
2026-01-21,ACC0000006455,190174.1,26823.63,123150.48,93847.25,NPR
2026-01-21,ACC0000006456,349585.84,48366.34,34600.4,363351.78,NPR
2026-01-21,ACC0000006457,276287.04,1983.31,25399.19,252871.16,NPR
2026-01-21,ACC0000006458,142763.12,12834.38,40322.83,115274.67,NPR
2026-01-21,ACC0000006459,106097.39,0.0,32247.22,73850.17,NPR
2026-01-21,ACC0000006460,37477.33,8491.58,14636.93,31331.98,NPR
2026-01-21,ACC0000006461,8739.02,0.0,57836.67,-49097.65,NPR
2026-01-21,ACC0000006462,126015.76,27271.42,47952.73,105334.45,NPR
2026-01-21,ACC0000006463,333622.38,23180.32,5613.42,351189.28,NPR
2026-01-21,ACC0000006464,301737.96,0.0,117787.46,183950.5,NPR
2026-01-21,ACC0000006465,348372.6,0.0,34860.16,313512.44,NPR
2026-01-21,ACC0000006466,350952.51,113993.46,44110.02,420835.95,NPR
2026-01-21,ACC0000006467,172049.88,35968.36,15433.13,192585.11,NPR
2026-01-21,ACC0000006468,98996.01,31155.46,9614.55,120536.92,NPR
2026-01-21,ACC0000006469,366792.89,0.0,48787.58,318005.31,NPR
2026-01-21,ACC0000006470,498133.65,35753.22,16633.18,517253.69,NPR
2026-01-21,ACC0000006471,123690.26,0.0,45252.61,78437.65,NPR
2026-01-21,ACC0000006472,60254.75,0.0,87687.74,-27432.99,NPR
2026-01-21,ACC0000006473,474076.14,0.0,66407.77,407668.37,NPR
2026-01-21,ACC0000006474,213455.93,0.0,40691.85,172764.08,NPR
2026-01-21,ACC0000006475,152538.2,0.0,23950.31,128587.89,NPR
2026-01-21,ACC0000006476,202171.27,7463.23,42743.75,166890.75,NPR
2026-01-21,ACC0000006477,345041.37,0.0,52956.04,292085.33,NPR
2026-01-21,ACC0000006478,398339.36,0.0,62930.17,335409.19,NPR
2026-01-21,ACC0000006479,328883.41,0.0,12827.67,316055.74,NPR
2026-01-21,ACC0000006480,457812.11,0.0,11724.61,446087.5,NPR
2026-01-21,ACC0000006481,368368.58,29310.06,186524.59,211154.05,NPR
2026-01-21,ACC0000006482,330655.96,0.0,98499.69,232156.27,NPR
2026-01-21,ACC0000006483,276760.01,42304.12,65232.44,253831.69,NPR
2026-01-21,ACC0000006484,114246.6,0.0,0.0,114246.6,NPR
2026-01-21,ACC0000006485,19655.49,87588.13,69114.06,38129.56,NPR
2026-01-21,ACC0000006486,459883.03,43830.61,2395.66,501317.98,NPR
2026-01-21,ACC0000006487,119134.14,6102.9,42808.33,82428.71,NPR
2026-01-21,ACC0000006488,481904.27,0.0,36350.47,445553.8,NPR
2026-01-21,ACC0000006489,312206.35,0.0,124041.35,188165.0,NPR
2026-01-21,ACC0000006490,491972.26,0.0,0.0,491972.26,NPR
2026-01-21,ACC0000006491,258980.86,0.0,74794.6,184186.26,NPR
2026-01-21,ACC0000006492,286442.28,51048.36,41011.82,296478.82,NPR
2026-01-21,ACC0000006493,220501.32,0.0,0.0,220501.32,NPR
2026-01-21,ACC0000006494,490568.42,0.0,67249.6,423318.82,NPR
2026-01-21,ACC0000006495,322919.51,0.0,0.0,322919.51,NPR
2026-01-21,ACC0000006496,190950.23,0.0,13796.15,177154.08,NPR
2026-01-21,ACC0000006497,115200.37,34549.61,76257.27,73492.71,NPR
2026-01-21,ACC0000006498,126564.76,0.0,0.0,126564.76,NPR
2026-01-21,ACC0000006499,111185.95,0.0,202809.14,-91623.19,NPR
2026-01-21,ACC0000006500,475570.93,31070.33,30250.55,476390.71,NPR
2026-01-21,ACC0000006501,376611.89,0.0,32793.2,343818.69,NPR
2026-01-21,ACC0000006502,427445.46,4292.41,92351.26,339386.61,NPR
2026-01-21,ACC0000006503,25732.93,11827.24,34513.48,3046.69,NPR
2026-01-21,ACC0000006504,235823.76,14421.62,0.0,250245.38,NPR
2026-01-21,ACC0000006505,8600.03,0.0,0.0,8600.03,NPR
2026-01-21,ACC0000006506,141760.21,0.0,30338.53,111421.68,NPR
2026-01-21,ACC0000006507,26878.38,0.0,7673.15,19205.23,NPR
2026-01-21,ACC0000006508,143248.48,0.0,0.0,143248.48,NPR
2026-01-21,ACC0000006509,437057.03,0.0,53516.3,383540.73,NPR
2026-01-21,ACC0000006510,276194.22,0.0,81649.3,194544.92,NPR
2026-01-21,ACC0000006511,174333.61,0.0,0.0,174333.61,NPR
2026-01-21,ACC0000006512,363633.12,0.0,23104.85,340528.27,NPR
2026-01-21,ACC0000006513,15335.65,0.0,68574.68,-53239.03,NPR
2026-01-21,ACC0000006514,122855.29,0.0,49741.6,73113.69,NPR
2026-01-21,ACC0000006515,15538.3,10587.66,92169.4,-66043.44,NPR
2026-01-21,ACC0000006516,344474.2,41195.8,66988.42,318681.58,NPR
2026-01-21,ACC0000006517,79737.8,0.0,82093.45,-2355.65,NPR
2026-01-21,ACC0000006518,73471.43,0.0,0.0,73471.43,NPR
2026-01-21,ACC0000006519,76241.99,0.0,9283.27,66958.72,NPR
2026-01-21,ACC0000006520,337952.97,0.0,62902.99,275049.98,NPR
2026-01-21,ACC0000006521,65451.62,0.0,0.0,65451.62,NPR
2026-01-21,ACC0000006522,451000.45,936.77,55628.05,396309.17,NPR
2026-01-21,ACC0000006523,458364.15,0.0,112084.28,346279.87,NPR
2026-01-21,ACC0000006524,412473.31,40517.44,35831.53,417159.22,NPR
2026-01-21,ACC0000006525,490248.48,0.0,162950.7,327297.78,NPR
2026-01-21,ACC0000006526,267342.27,0.0,0.0,267342.27,NPR
2026-01-21,ACC0000006527,78219.95,0.0,103506.18,-25286.23,NPR
2026-01-21,ACC0000006528,467671.9,0.0,0.0,467671.9,NPR
2026-01-21,ACC0000006529,35959.4,0.0,51448.5,-15489.1,NPR
2026-01-21,ACC0000006530,399250.98,0.0,0.0,399250.98,NPR
2026-01-21,ACC0000006531,20663.04,1185.07,86977.89,-65129.78,NPR
2026-01-21,ACC0000006532,160274.26,0.0,0.0,160274.26,NPR
2026-01-21,ACC0000006533,459504.87,0.0,65380.93,394123.94,NPR
2026-01-21,ACC0000006534,105568.17,0.0,91765.9,13802.27,NPR
2026-01-21,ACC0000006535,470524.33,0.0,54773.15,415751.18,NPR
2026-01-21,ACC0000006536,401424.93,0.0,25581.23,375843.7,NPR
2026-01-21,ACC0000006537,121368.38,0.0,0.0,121368.38,NPR
2026-01-21,ACC0000006538,227673.78,0.0,0.0,227673.78,NPR
2026-01-21,ACC0000006539,164366.41,21163.46,0.0,185529.87,NPR
2026-01-21,ACC0000006540,326513.6,0.0,16194.9,310318.7,NPR
2026-01-21,ACC0000006541,362054.18,47078.58,47518.82,361613.94,NPR
2026-01-21,ACC0000006542,57156.83,0.0,0.0,57156.83,NPR
2026-01-21,ACC0000006543,91836.48,0.0,64656.71,27179.77,NPR
2026-01-21,ACC0000006544,188620.58,30592.84,85854.21,133359.21,NPR
2026-01-21,ACC0000006545,192207.69,0.0,36908.28,155299.41,NPR
2026-01-21,ACC0000006546,334796.79,0.0,71066.71,263730.08,NPR
2026-01-21,ACC0000006547,272109.83,25607.23,52691.86,245025.2,NPR
2026-01-21,ACC0000006548,251359.4,0.0,36375.5,214983.9,NPR
2026-01-21,ACC0000006549,28659.56,0.0,0.0,28659.56,NPR
2026-01-21,ACC0000006550,424854.48,0.0,80092.84,344761.64,NPR
2026-01-21,ACC0000006551,15991.77,0.0,12480.21,3511.56,NPR
2026-01-21,ACC0000006552,178296.21,13325.75,100255.3,91366.66,NPR
2026-01-21,ACC0000006553,176940.52,35961.46,62147.95,150754.03,NPR
2026-01-21,ACC0000006554,262694.56,67176.86,18116.19,311755.23,NPR
2026-01-21,ACC0000006555,304264.95,0.0,0.0,304264.95,NPR
2026-01-21,ACC0000006556,1366.23,0.0,63459.29,-62093.06,NPR
2026-01-21,ACC0000006557,154689.38,0.0,93110.06,61579.32,NPR
2026-01-21,ACC0000006558,191710.22,0.0,0.0,191710.22,NPR
2026-01-21,ACC0000006559,187930.63,35846.16,16819.11,206957.68,NPR
2026-01-21,ACC0000006560,281875.7,33560.01,130750.07,184685.64,NPR
2026-01-21,ACC0000006561,342401.85,19012.12,41672.87,319741.1,NPR
2026-01-21,ACC0000006562,72329.84,44883.24,117589.32,-376.24,NPR
2026-01-21,ACC0000006563,429637.74,0.0,45794.45,383843.29,NPR
2026-01-21,ACC0000006564,399124.16,20779.65,84993.94,334909.87,NPR
2026-01-21,ACC0000006565,465227.8,31515.7,94080.39,402663.11,NPR
2026-01-21,ACC0000006566,393601.73,0.0,44998.18,348603.55,NPR
2026-01-21,ACC0000006567,118361.65,45298.61,32756.42,130903.84,NPR
2026-01-21,ACC0000006568,190050.61,0.0,0.0,190050.61,NPR
2026-01-21,ACC0000006569,79668.18,27995.79,33639.88,74024.09,NPR
2026-01-21,ACC0000006570,89088.46,0.0,43422.49,45665.97,NPR
2026-01-21,ACC0000006571,165588.32,9553.23,52704.23,122437.32,NPR
2026-01-21,ACC0000006572,455076.56,0.0,6866.74,448209.82,NPR
2026-01-21,ACC0000006573,191870.96,0.0,27029.34,164841.62,NPR
2026-01-21,ACC0000006574,362234.29,0.0,0.0,362234.29,NPR
2026-01-21,ACC0000006575,366304.34,0.0,43347.09,322957.25,NPR
2026-01-21,ACC0000006576,367552.31,36297.69,26618.5,377231.5,NPR
2026-01-21,ACC0000006577,181446.54,0.0,71666.63,109779.91,NPR
2026-01-21,ACC0000006578,386576.65,9541.32,41242.17,354875.8,NPR
2026-01-21,ACC0000006579,426782.61,0.0,90070.8,336711.81,NPR
2026-01-21,ACC0000006580,316699.73,0.0,73635.6,243064.13,NPR
2026-01-21,ACC0000006581,75753.3,0.0,33283.02,42470.28,NPR
2026-01-21,ACC0000006582,418550.0,0.0,0.0,418550.0,NPR
2026-01-21,ACC0000006583,275003.67,22334.21,12755.16,284582.72,NPR
2026-01-21,ACC0000006584,120924.83,0.0,72653.1,48271.73,NPR
2026-01-21,ACC0000006585,317934.72,0.0,30145.58,287789.14,NPR
2026-01-21,ACC0000006586,443782.45,0.0,9658.27,434124.18,NPR
2026-01-21,ACC0000006587,249318.83,38445.57,121990.05,165774.35,NPR
2026-01-21,ACC0000006588,291992.28,36189.11,109376.89,218804.5,NPR
2026-01-21,ACC0000006589,199145.85,0.0,15873.32,183272.53,NPR
2026-01-21,ACC0000006590,251663.96,0.0,0.0,251663.96,NPR
2026-01-21,ACC0000006591,181556.66,0.0,0.0,181556.66,NPR
2026-01-21,ACC0000006592,284201.92,0.0,215594.03,68607.89,NPR
2026-01-21,ACC0000006593,146628.96,0.0,1474.99,145153.97,NPR
2026-01-21,ACC0000006594,170795.88,0.0,45577.67,125218.21,NPR
2026-01-21,ACC0000006595,263041.31,40661.6,31264.29,272438.62,NPR
2026-01-21,ACC0000006596,142134.27,19487.17,55423.64,106197.8,NPR
2026-01-21,ACC0000006597,249118.42,0.0,0.0,249118.42,NPR
2026-01-21,ACC0000006598,217761.12,0.0,89050.91,128710.21,NPR
2026-01-21,ACC0000006599,205046.57,26504.13,0.0,231550.7,NPR
2026-01-21,ACC0000006600,216781.57,15162.25,0.0,231943.82,NPR
2026-01-21,ACC0000006601,115207.49,47516.26,59849.58,102874.17,NPR
2026-01-21,ACC0000006602,417319.48,0.0,73353.54,343965.94,NPR
2026-01-21,ACC0000006603,371049.25,0.0,58469.35,312579.9,NPR
2026-01-21,ACC0000006604,41740.45,0.0,52808.98,-11068.53,NPR
2026-01-21,ACC0000006605,120155.8,0.0,0.0,120155.8,NPR
2026-01-21,ACC0000006606,352572.66,0.0,45308.57,307264.09,NPR
2026-01-21,ACC0000006607,173996.88,0.0,61202.17,112794.71,NPR
2026-01-21,ACC0000006608,412355.26,1697.8,86161.66,327891.4,NPR
2026-01-21,ACC0000006609,305671.55,0.0,28621.07,277050.48,NPR
2026-01-21,ACC0000006610,68971.97,42226.77,72690.23,38508.51,NPR
2026-01-21,ACC0000006611,451670.64,29588.39,113452.79,367806.24,NPR
2026-01-21,ACC0000006612,193981.93,0.0,18979.14,175002.79,NPR
2026-01-21,ACC0000006613,253054.26,0.0,24242.58,228811.68,NPR
2026-01-21,ACC0000006614,326169.68,0.0,0.0,326169.68,NPR
2026-01-21,ACC0000006615,55607.81,44965.9,22279.14,78294.57,NPR
2026-01-21,ACC0000006616,128775.08,0.0,31818.3,96956.78,NPR
2026-01-21,ACC0000006617,48627.54,0.0,40249.35,8378.19,NPR
2026-01-21,ACC0000006618,419699.89,0.0,0.0,419699.89,NPR
2026-01-21,ACC0000006619,413673.84,0.0,26314.99,387358.85,NPR
2026-01-21,ACC0000006620,231579.88,0.0,28886.92,202692.96,NPR
2026-01-21,ACC0000006621,245402.75,29668.57,51582.33,223488.99,NPR
2026-01-21,ACC0000006622,304244.81,0.0,32224.65,272020.16,NPR
2026-01-21,ACC0000006623,338003.39,0.0,100044.13,237959.26,NPR
2026-01-21,ACC0000006624,348015.08,8141.89,43268.97,312888.0,NPR
2026-01-21,ACC0000006625,349932.67,4071.0,8370.69,345632.98,NPR
2026-01-21,ACC0000006626,351939.1,0.0,93806.66,258132.44,NPR
2026-01-21,ACC0000006627,233801.88,0.0,62807.67,170994.21,NPR
2026-01-21,ACC0000006628,71311.73,19887.44,127150.5,-35951.33,NPR
2026-01-21,ACC0000006629,314751.47,17610.09,35682.68,296678.88,NPR
2026-01-21,ACC0000006630,120562.76,0.0,34024.42,86538.34,NPR
2026-01-21,ACC0000006631,257345.26,0.0,49523.05,207822.21,NPR
2026-01-21,ACC0000006632,390703.82,0.0,49859.87,340843.95,NPR
2026-01-21,ACC0000006633,412756.17,0.0,102897.78,309858.39,NPR
2026-01-21,ACC0000006634,44582.51,0.0,60437.72,-15855.21,NPR
2026-01-21,ACC0000006635,146665.17,56583.62,38406.99,164841.8,NPR
2026-01-21,ACC0000006636,24760.96,0.0,23184.2,1576.76,NPR
2026-01-21,ACC0000006637,169611.33,28569.4,63796.67,134384.06,NPR
2026-01-21,ACC0000006638,340579.17,0.0,14384.19,326194.98,NPR
2026-01-21,ACC0000006639,272238.91,0.0,0.0,272238.91,NPR
2026-01-21,ACC0000006640,337576.5,53585.22,100330.69,290831.03,NPR
2026-01-21,ACC0000006641,193660.81,0.0,0.0,193660.81,NPR
2026-01-21,ACC0000006642,38624.93,0.0,0.0,38624.93,NPR
2026-01-21,ACC0000006643,417877.91,42549.59,32539.95,427887.55,NPR
2026-01-21,ACC0000006644,179939.65,16191.89,9337.34,186794.2,NPR
2026-01-21,ACC0000006645,332576.24,0.0,0.0,332576.24,NPR
2026-01-21,ACC0000006646,183178.41,0.0,0.0,183178.41,NPR
2026-01-21,ACC0000006647,404885.42,0.0,0.0,404885.42,NPR
2026-01-21,ACC0000006648,12110.92,0.0,102170.8,-90059.88,NPR
2026-01-21,ACC0000006649,73515.84,0.0,66069.86,7445.98,NPR
2026-01-21,ACC0000006650,157696.26,0.0,120914.78,36781.48,NPR
2026-01-21,ACC0000006651,92965.65,0.0,0.0,92965.65,NPR
2026-01-21,ACC0000006652,222782.92,134727.62,47758.33,309752.21,NPR
2026-01-21,ACC0000006653,43587.67,16553.01,18212.76,41927.92,NPR
2026-01-21,ACC0000006654,262262.9,0.0,7829.13,254433.77,NPR
2026-01-21,ACC0000006655,368888.81,0.0,366.81,368522.0,NPR
2026-01-21,ACC0000006656,34635.97,0.0,51827.06,-17191.09,NPR
2026-01-21,ACC0000006657,390134.66,9021.29,32310.54,366845.41,NPR
2026-01-21,ACC0000006658,18506.55,43203.02,21180.56,40529.01,NPR
2026-01-21,ACC0000006659,395978.89,0.0,47725.55,348253.34,NPR
2026-01-21,ACC0000006660,153622.16,0.0,0.0,153622.16,NPR
2026-01-21,ACC0000006661,87864.2,0.0,30944.41,56919.79,NPR
2026-01-21,ACC0000006662,35365.5,32678.63,78976.75,-10932.62,NPR
2026-01-21,ACC0000006663,413764.23,5862.06,10650.6,408975.69,NPR
2026-01-21,ACC0000006664,281923.95,0.0,56553.79,225370.16,NPR
2026-01-21,ACC0000006665,353085.05,0.0,0.0,353085.05,NPR
2026-01-21,ACC0000006666,213097.05,37000.34,94595.47,155501.92,NPR
2026-01-21,ACC0000006667,9756.83,0.0,105011.12,-95254.29,NPR
2026-01-21,ACC0000006668,362038.91,37449.48,88387.08,311101.31,NPR
2026-01-21,ACC0000006669,477826.72,645.5,98763.84,379708.38,NPR
2026-01-21,ACC0000006670,436046.74,0.0,63950.9,372095.84,NPR
2026-01-21,ACC0000006671,206546.21,0.0,0.0,206546.21,NPR
2026-01-21,ACC0000006672,337496.86,13414.24,141872.97,209038.13,NPR
2026-01-21,ACC0000006673,9941.24,0.0,45932.62,-35991.38,NPR
2026-01-21,ACC0000006674,253608.64,0.0,43952.41,209656.23,NPR
2026-01-21,ACC0000006675,209494.55,0.0,0.0,209494.55,NPR
2026-01-21,ACC0000006676,277929.45,0.0,61390.71,216538.74,NPR
2026-01-21,ACC0000006677,385941.72,0.0,8042.29,377899.43,NPR
2026-01-21,ACC0000006678,283374.69,0.0,0.0,283374.69,NPR
2026-01-21,ACC0000006679,57945.61,2270.43,0.0,60216.04,NPR
2026-01-21,ACC0000006680,172205.46,0.0,159242.72,12962.74,NPR
2026-01-21,ACC0000006681,239612.2,0.0,55924.15,183688.05,NPR
2026-01-21,ACC0000006682,214521.86,0.0,103271.46,111250.4,NPR
2026-01-21,ACC0000006683,286524.27,18427.5,22028.78,282922.99,NPR
2026-01-21,ACC0000006684,357701.77,0.0,58745.02,298956.75,NPR
2026-01-21,ACC0000006685,261277.29,0.0,124054.1,137223.19,NPR
2026-01-21,ACC0000006686,211602.88,0.0,151673.39,59929.49,NPR
2026-01-21,ACC0000006687,375812.79,88817.13,95242.68,369387.24,NPR
2026-01-21,ACC0000006688,327843.37,23879.49,54612.38,297110.48,NPR
2026-01-21,ACC0000006689,63763.59,29514.7,69193.66,24084.63,NPR
2026-01-21,ACC0000006690,378210.72,0.0,0.0,378210.72,NPR
2026-01-21,ACC0000006691,265020.24,60219.65,61738.5,263501.39,NPR
2026-01-21,ACC0000006692,164791.9,0.0,33941.39,130850.51,NPR
2026-01-21,ACC0000006693,193134.38,0.0,0.0,193134.38,NPR
2026-01-21,ACC0000006694,182948.9,0.0,38100.27,144848.63,NPR
2026-01-21,ACC0000006695,338448.34,0.0,3892.03,334556.31,NPR
2026-01-21,ACC0000006696,207243.36,25905.13,0.0,233148.49,NPR
2026-01-21,ACC0000006697,195187.78,57951.92,0.0,253139.7,NPR
2026-01-21,ACC0000006698,303804.25,18708.69,23025.25,299487.69,NPR
2026-01-21,ACC0000006699,158189.37,0.0,996.46,157192.91,NPR
2026-01-21,ACC0000006700,61841.47,0.0,12024.25,49817.22,NPR
2026-01-21,ACC0000006701,321714.8,0.0,85827.78,235887.02,NPR
2026-01-21,ACC0000006702,263313.44,0.0,69026.13,194287.31,NPR
2026-01-21,ACC0000006703,10719.67,0.0,141022.78,-130303.11,NPR
2026-01-21,ACC0000006704,419698.48,0.0,107381.8,312316.68,NPR
2026-01-21,ACC0000006705,229280.81,0.0,0.0,229280.81,NPR
2026-01-21,ACC0000006706,184875.96,19594.22,117698.06,86772.12,NPR
2026-01-21,ACC0000006707,481094.4,0.0,107135.08,373959.32,NPR
2026-01-21,ACC0000006708,32348.66,0.0,60381.44,-28032.78,NPR
2026-01-21,ACC0000006709,123897.92,0.0,51011.75,72886.17,NPR
2026-01-21,ACC0000006710,222588.83,59071.85,107795.8,173864.88,NPR
2026-01-21,ACC0000006711,115442.25,0.0,0.0,115442.25,NPR
2026-01-21,ACC0000006712,3315.45,0.0,88732.44,-85416.99,NPR
2026-01-21,ACC0000006713,109153.31,0.0,0.0,109153.31,NPR
2026-01-21,ACC0000006714,172405.53,40711.76,114372.54,98744.75,NPR
2026-01-21,ACC0000006715,244091.96,0.0,91309.07,152782.89,NPR
2026-01-21,ACC0000006716,439906.31,0.0,32797.25,407109.06,NPR
2026-01-21,ACC0000006717,249481.9,0.0,42762.39,206719.51,NPR
2026-01-21,ACC0000006718,476641.02,0.0,40394.8,436246.22,NPR
2026-01-21,ACC0000006719,121683.17,0.0,0.0,121683.17,NPR
2026-01-21,ACC0000006720,337790.91,44329.93,216988.31,165132.53,NPR
2026-01-21,ACC0000006721,477896.12,0.0,0.0,477896.12,NPR
2026-01-21,ACC0000006722,423142.44,19226.13,56655.91,385712.66,NPR
2026-01-21,ACC0000006723,321910.01,27941.87,195066.39,154785.49,NPR
2026-01-21,ACC0000006724,471128.67,0.0,0.0,471128.67,NPR
2026-01-21,ACC0000006725,477428.52,38354.89,36418.16,479365.25,NPR
2026-01-21,ACC0000006726,337264.08,0.0,35075.91,302188.17,NPR
2026-01-21,ACC0000006727,53418.29,0.0,9533.83,43884.46,NPR
2026-01-21,ACC0000006728,316909.92,0.0,25926.09,290983.83,NPR
2026-01-21,ACC0000006729,71221.74,0.0,0.0,71221.74,NPR
2026-01-21,ACC0000006730,312472.24,0.0,18542.1,293930.14,NPR
2026-01-21,ACC0000006731,205662.34,0.0,23011.63,182650.71,NPR
2026-01-21,ACC0000006732,121113.55,0.0,103640.56,17472.99,NPR
2026-01-21,ACC0000006733,402464.14,0.0,69783.12,332681.02,NPR
2026-01-21,ACC0000006734,17145.03,0.0,22831.16,-5686.13,NPR
2026-01-21,ACC0000006735,39852.5,0.0,0.0,39852.5,NPR
2026-01-21,ACC0000006736,140641.39,0.0,120530.92,20110.47,NPR
2026-01-21,ACC0000006737,25842.61,0.0,43553.93,-17711.32,NPR
2026-01-21,ACC0000006738,407228.35,22412.51,56494.41,373146.45,NPR
2026-01-21,ACC0000006739,299550.55,7788.77,19515.55,287823.77,NPR
2026-01-21,ACC0000006740,482091.69,0.0,20556.52,461535.17,NPR
2026-01-21,ACC0000006741,67166.3,38808.64,38340.51,67634.43,NPR
2026-01-21,ACC0000006742,392190.56,0.0,160824.09,231366.47,NPR
2026-01-21,ACC0000006743,360080.36,0.0,35977.7,324102.66,NPR
2026-01-21,ACC0000006744,436333.45,31481.86,9902.32,457912.99,NPR
2026-01-21,ACC0000006745,134721.01,0.0,66457.88,68263.13,NPR
2026-01-21,ACC0000006746,64437.06,0.0,69023.57,-4586.51,NPR
2026-01-21,ACC0000006747,159003.96,0.0,73422.44,85581.52,NPR
2026-01-21,ACC0000006748,318434.89,0.0,0.0,318434.89,NPR
2026-01-21,ACC0000006749,235048.37,0.0,43474.26,191574.11,NPR
2026-01-21,ACC0000006750,358194.98,0.0,38965.48,319229.5,NPR
2026-01-21,ACC0000006751,165740.91,0.0,13874.19,151866.72,NPR
2026-01-21,ACC0000006752,122404.88,0.0,0.0,122404.88,NPR
2026-01-21,ACC0000006753,43601.03,0.0,71583.04,-27982.01,NPR
2026-01-21,ACC0000006754,62972.09,0.0,43616.02,19356.07,NPR
2026-01-21,ACC0000006755,319119.78,0.0,111695.92,207423.86,NPR
2026-01-21,ACC0000006756,257121.43,18064.83,53752.75,221433.51,NPR
2026-01-21,ACC0000006757,378667.11,0.0,55588.72,323078.39,NPR
2026-01-21,ACC0000006758,453939.47,0.0,48987.07,404952.4,NPR
2026-01-21,ACC0000006759,184936.16,21589.8,23972.34,182553.62,NPR
2026-01-21,ACC0000006760,114140.23,6975.71,48962.06,72153.88,NPR
2026-01-21,ACC0000006761,274635.07,0.0,0.0,274635.07,NPR
2026-01-21,ACC0000006762,10426.51,0.0,0.0,10426.51,NPR
2026-01-21,ACC0000006763,76519.05,0.0,0.0,76519.05,NPR
2026-01-21,ACC0000006764,330116.57,0.0,70533.77,259582.8,NPR
2026-01-21,ACC0000006765,324772.57,0.0,0.0,324772.57,NPR
2026-01-21,ACC0000006766,223984.57,0.0,87426.75,136557.82,NPR
2026-01-21,ACC0000006767,133195.96,41325.32,115548.57,58972.71,NPR
2026-01-21,ACC0000006768,377419.18,0.0,103468.85,273950.33,NPR
2026-01-21,ACC0000006769,80096.92,0.0,12349.72,67747.2,NPR
2026-01-21,ACC0000006770,438142.65,0.0,92369.64,345773.01,NPR
2026-01-21,ACC0000006771,163790.75,0.0,0.0,163790.75,NPR
2026-01-21,ACC0000006772,454844.18,0.0,149086.38,305757.8,NPR
2026-01-21,ACC0000006773,443166.84,0.0,82330.27,360836.57,NPR
2026-01-21,ACC0000006774,86247.71,43498.42,14856.82,114889.31,NPR
2026-01-21,ACC0000006775,170645.16,2824.37,25442.69,148026.84,NPR
2026-01-21,ACC0000006776,153393.97,28264.49,173030.9,8627.56,NPR
2026-01-21,ACC0000006777,488649.6,0.0,0.0,488649.6,NPR
2026-01-21,ACC0000006778,216321.67,0.0,0.0,216321.67,NPR
2026-01-21,ACC0000006779,419604.56,0.0,0.0,419604.56,NPR
2026-01-21,ACC0000006780,203119.89,0.0,0.0,203119.89,NPR
2026-01-21,ACC0000006781,132004.21,0.0,46978.92,85025.29,NPR
2026-01-21,ACC0000006782,239344.2,0.0,0.0,239344.2,NPR
2026-01-21,ACC0000006783,119760.7,42614.41,11705.53,150669.58,NPR
2026-01-21,ACC0000006784,134523.72,0.0,39851.26,94672.46,NPR
2026-01-21,ACC0000006785,239457.54,0.0,8175.4,231282.14,NPR
2026-01-21,ACC0000006786,133517.57,0.0,90325.09,43192.48,NPR
2026-01-21,ACC0000006787,218827.91,6945.33,0.0,225773.24,NPR
2026-01-21,ACC0000006788,177950.97,20091.87,57865.22,140177.62,NPR
2026-01-21,ACC0000006789,245988.62,39619.11,38433.43,247174.3,NPR
2026-01-21,ACC0000006790,474162.25,0.0,0.0,474162.25,NPR
2026-01-21,ACC0000006791,4236.0,0.0,13605.46,-9369.46,NPR
2026-01-21,ACC0000006792,64662.94,50954.07,81612.1,34004.91,NPR
2026-01-21,ACC0000006793,3990.07,0.0,39021.59,-35031.52,NPR
2026-01-21,ACC0000006794,32578.46,0.0,87121.58,-54543.12,NPR
2026-01-21,ACC0000006795,346554.76,0.0,78580.58,267974.18,NPR
2026-01-21,ACC0000006796,379397.76,0.0,0.0,379397.76,NPR
2026-01-21,ACC0000006797,180395.57,0.0,41923.02,138472.55,NPR
2026-01-21,ACC0000006798,212978.04,6187.45,100486.75,118678.74,NPR
2026-01-21,ACC0000006799,9202.54,0.0,18329.17,-9126.63,NPR
2026-01-21,ACC0000006800,58356.62,0.0,0.0,58356.62,NPR
2026-01-21,ACC0000006801,329313.04,0.0,44441.17,284871.87,NPR
2026-01-21,ACC0000006802,316747.78,0.0,4541.01,312206.77,NPR
2026-01-21,ACC0000006803,47079.07,0.0,0.0,47079.07,NPR
2026-01-21,ACC0000006804,387345.19,0.0,67672.37,319672.82,NPR
2026-01-21,ACC0000006805,35898.0,0.0,98891.12,-62993.12,NPR
2026-01-21,ACC0000006806,107681.76,35622.16,83005.93,60297.99,NPR
2026-01-21,ACC0000006807,86222.39,0.0,50192.4,36029.99,NPR
2026-01-21,ACC0000006808,343974.78,50380.1,133825.23,260529.65,NPR
2026-01-21,ACC0000006809,371827.25,30077.99,60675.41,341229.83,NPR
2026-01-21,ACC0000006810,387965.61,0.0,2733.89,385231.72,NPR
2026-01-21,ACC0000006811,436281.28,0.0,41052.74,395228.54,NPR
2026-01-21,ACC0000006812,291471.41,0.0,0.0,291471.41,NPR
2026-01-21,ACC0000006813,451250.81,0.0,53596.81,397654.0,NPR
2026-01-21,ACC0000006814,25083.0,43903.09,90799.72,-21813.63,NPR
2026-01-21,ACC0000006815,126523.54,0.0,32514.51,94009.03,NPR
2026-01-21,ACC0000006816,349991.71,23527.59,17727.14,355792.16,NPR
2026-01-21,ACC0000006817,317140.53,30104.81,77097.51,270147.83,NPR
2026-01-21,ACC0000006818,402976.35,0.0,74362.73,328613.62,NPR
2026-01-21,ACC0000006819,31590.82,42117.31,30483.53,43224.6,NPR
2026-01-21,ACC0000006820,156565.63,0.0,68023.69,88541.94,NPR
2026-01-21,ACC0000006821,303243.82,0.0,55652.32,247591.5,NPR
2026-01-21,ACC0000006822,286840.89,0.0,0.0,286840.89,NPR
2026-01-21,ACC0000006823,280287.8,0.0,18061.75,262226.05,NPR
2026-01-21,ACC0000006824,380517.83,0.0,45331.99,335185.84,NPR
2026-01-21,ACC0000006825,57116.12,1391.49,62923.78,-4416.17,NPR
2026-01-21,ACC0000006826,426862.65,0.0,58640.79,368221.86,NPR
2026-01-21,ACC0000006827,445048.64,0.0,0.0,445048.64,NPR
2026-01-21,ACC0000006828,64677.53,27297.03,44137.73,47836.83,NPR
2026-01-21,ACC0000006829,418170.97,0.0,0.0,418170.97,NPR
2026-01-21,ACC0000006830,372671.11,70207.81,29366.91,413512.01,NPR
2026-01-21,ACC0000006831,164574.94,0.0,75284.14,89290.8,NPR
2026-01-21,ACC0000006832,221812.78,37867.03,17728.48,241951.33,NPR
2026-01-21,ACC0000006833,322979.16,0.0,110797.08,212182.08,NPR
2026-01-21,ACC0000006834,274122.2,0.0,58782.8,215339.4,NPR
2026-01-21,ACC0000006835,74909.31,55854.3,35487.03,95276.58,NPR
2026-01-21,ACC0000006836,2832.08,0.0,46769.61,-43937.53,NPR
2026-01-21,ACC0000006837,129298.01,0.0,0.0,129298.01,NPR
2026-01-21,ACC0000006838,158599.41,0.0,17507.26,141092.15,NPR
2026-01-21,ACC0000006839,466888.62,0.0,57279.4,409609.22,NPR
2026-01-21,ACC0000006840,138735.98,0.0,149597.05,-10861.07,NPR
2026-01-21,ACC0000006841,215403.21,0.0,36474.7,178928.51,NPR
2026-01-21,ACC0000006842,254941.84,0.0,43961.2,210980.64,NPR
2026-01-21,ACC0000006843,89508.04,0.0,92897.35,-3389.31,NPR
2026-01-21,ACC0000006844,494744.72,22542.25,0.0,517286.97,NPR
2026-01-21,ACC0000006845,223102.85,0.0,17892.37,205210.48,NPR
2026-01-21,ACC0000006846,49148.92,0.0,0.0,49148.92,NPR
2026-01-21,ACC0000006847,262862.41,0.0,0.0,262862.41,NPR
2026-01-21,ACC0000006848,373942.75,0.0,0.0,373942.75,NPR
2026-01-21,ACC0000006849,426515.01,17708.21,114951.72,329271.5,NPR
2026-01-21,ACC0000006850,347757.51,0.0,60852.21,286905.3,NPR
2026-01-21,ACC0000006851,292472.85,0.0,0.0,292472.85,NPR
2026-01-21,ACC0000006852,365906.81,0.0,51991.97,313914.84,NPR
2026-01-21,ACC0000006853,8554.73,0.0,83240.17,-74685.44,NPR
2026-01-21,ACC0000006854,202218.58,0.0,11130.82,191087.76,NPR
2026-01-21,ACC0000006855,103875.37,67082.79,4136.99,166821.17,NPR
2026-01-21,ACC0000006856,262698.91,31998.22,58885.21,235811.92,NPR
2026-01-21,ACC0000006857,180306.38,50426.11,16641.37,214091.12,NPR
2026-01-21,ACC0000006858,438169.14,0.0,0.0,438169.14,NPR
2026-01-21,ACC0000006859,496654.84,26900.04,36263.42,487291.46,NPR
2026-01-21,ACC0000006860,200961.54,24212.97,52757.69,172416.82,NPR
2026-01-21,ACC0000006861,11935.68,43269.95,67033.57,-11827.94,NPR
2026-01-21,ACC0000006862,336827.54,43441.99,77120.21,303149.32,NPR
2026-01-21,ACC0000006863,69114.03,0.0,0.0,69114.03,NPR
2026-01-21,ACC0000006864,44853.74,25743.78,59687.51,10910.01,NPR
2026-01-21,ACC0000006865,39052.12,0.0,0.0,39052.12,NPR
2026-01-21,ACC0000006866,334432.62,0.0,25251.86,309180.76,NPR
2026-01-21,ACC0000006867,323150.83,37283.47,40296.25,320138.05,NPR
2026-01-21,ACC0000006868,432017.45,0.0,0.0,432017.45,NPR
2026-01-21,ACC0000006869,349702.2,0.0,32187.98,317514.22,NPR
2026-01-21,ACC0000006870,145763.42,0.0,31210.38,114553.04,NPR
2026-01-21,ACC0000006871,167495.29,0.0,0.0,167495.29,NPR
2026-01-21,ACC0000006872,477357.39,0.0,68343.31,409014.08,NPR
2026-01-21,ACC0000006873,79449.19,0.0,136679.45,-57230.26,NPR
2026-01-21,ACC0000006874,390132.23,41713.7,143007.37,288838.56,NPR
2026-01-21,ACC0000006875,275870.52,0.0,3108.88,272761.64,NPR
2026-01-21,ACC0000006876,462094.92,0.0,54309.58,407785.34,NPR
2026-01-21,ACC0000006877,176886.36,0.0,40327.85,136558.51,NPR
2026-01-21,ACC0000006878,236518.79,27067.93,49312.84,214273.88,NPR
2026-01-21,ACC0000006879,38081.1,0.0,32896.48,5184.62,NPR
2026-01-21,ACC0000006880,61327.62,0.0,4488.7,56838.92,NPR
2026-01-21,ACC0000006881,12494.37,0.0,0.0,12494.37,NPR
2026-01-21,ACC0000006882,99097.34,0.0,0.0,99097.34,NPR
2026-01-21,ACC0000006883,2193.04,0.0,26249.12,-24056.08,NPR
2026-01-21,ACC0000006884,214168.9,0.0,30948.59,183220.31,NPR
2026-01-21,ACC0000006885,55352.55,0.0,88892.9,-33540.35,NPR
2026-01-21,ACC0000006886,225970.09,0.0,0.0,225970.09,NPR
2026-01-21,ACC0000006887,443307.27,0.0,0.0,443307.27,NPR
2026-01-21,ACC0000006888,438235.04,0.0,20416.43,417818.61,NPR
2026-01-21,ACC0000006889,70389.32,0.0,0.0,70389.32,NPR
2026-01-21,ACC0000006890,342217.89,0.0,78316.92,263900.97,NPR
2026-01-21,ACC0000006891,263228.94,0.0,90417.02,172811.92,NPR
2026-01-21,ACC0000006892,477794.13,0.0,0.0,477794.13,NPR
2026-01-21,ACC0000006893,366076.22,0.0,102556.62,263519.6,NPR
2026-01-21,ACC0000006894,157876.43,43031.59,12942.7,187965.32,NPR
2026-01-21,ACC0000006895,32904.25,0.0,87035.24,-54130.99,NPR
2026-01-21,ACC0000006896,86903.12,0.0,0.0,86903.12,NPR
2026-01-21,ACC0000006897,260342.55,44436.46,39887.9,264891.11,NPR
2026-01-21,ACC0000006898,361438.08,0.0,0.0,361438.08,NPR
2026-01-21,ACC0000006899,8182.12,45739.31,78270.15,-24348.72,NPR
2026-01-21,ACC0000006900,33864.07,0.0,74478.84,-40614.77,NPR
2026-01-21,ACC0000006901,17273.15,0.0,131066.37,-113793.22,NPR
2026-01-21,ACC0000006902,154551.13,0.0,0.0,154551.13,NPR
2026-01-21,ACC0000006903,434324.9,24241.94,0.0,458566.84,NPR
2026-01-21,ACC0000006904,168071.03,0.0,36343.09,131727.94,NPR
2026-01-21,ACC0000006905,295952.24,35784.25,32505.88,299230.61,NPR
2026-01-21,ACC0000006906,281593.96,0.0,120639.16,160954.8,NPR
2026-01-21,ACC0000006907,442564.39,67513.45,46193.56,463884.28,NPR
2026-01-21,ACC0000006908,4148.79,0.0,85222.99,-81074.2,NPR
2026-01-21,ACC0000006909,117606.48,0.0,0.0,117606.48,NPR
2026-01-21,ACC0000006910,204739.79,0.0,0.0,204739.79,NPR
2026-01-21,ACC0000006911,488488.43,45141.44,7688.92,525940.95,NPR
2026-01-21,ACC0000006912,25665.69,0.0,74388.63,-48722.94,NPR
2026-01-21,ACC0000006913,492922.9,0.0,112274.59,380648.31,NPR
2026-01-21,ACC0000006914,38633.46,0.0,49431.03,-10797.57,NPR
2026-01-21,ACC0000006915,296186.2,0.0,45724.39,250461.81,NPR
2026-01-21,ACC0000006916,340374.88,0.0,487.36,339887.52,NPR
2026-01-21,ACC0000006917,309770.86,54729.31,0.0,364500.17,NPR
2026-01-21,ACC0000006918,231188.89,20530.67,102076.48,149643.08,NPR
2026-01-21,ACC0000006919,121387.41,4168.8,22795.33,102760.88,NPR
2026-01-21,ACC0000006920,382833.74,0.0,185823.79,197009.95,NPR
2026-01-21,ACC0000006921,217984.74,0.0,73960.74,144024.0,NPR
2026-01-21,ACC0000006922,265890.08,0.0,49426.03,216464.05,NPR
2026-01-21,ACC0000006923,459011.38,0.0,0.0,459011.38,NPR
2026-01-21,ACC0000006924,16039.68,0.0,39050.44,-23010.76,NPR
2026-01-21,ACC0000006925,447337.15,0.0,46892.74,400444.41,NPR
2026-01-21,ACC0000006926,274983.29,0.0,67726.24,207257.05,NPR
2026-01-21,ACC0000006927,476020.86,0.0,28257.31,447763.55,NPR
2026-01-21,ACC0000006928,445508.45,4632.58,75263.56,374877.47,NPR
2026-01-21,ACC0000006929,210719.78,50131.94,69972.21,190879.51,NPR
2026-01-21,ACC0000006930,146094.24,46757.41,66865.84,125985.81,NPR
2026-01-21,ACC0000006931,132036.78,0.0,0.0,132036.78,NPR
2026-01-21,ACC0000006932,35476.13,0.0,49739.72,-14263.59,NPR
2026-01-21,ACC0000006933,479988.87,0.0,0.0,479988.87,NPR
2026-01-21,ACC0000006934,438230.12,0.0,0.0,438230.12,NPR
2026-01-21,ACC0000006935,196600.74,5455.07,0.0,202055.81,NPR
2026-01-21,ACC0000006936,221153.04,22455.41,173059.37,70549.08,NPR
2026-01-21,ACC0000006937,11326.07,0.0,0.0,11326.07,NPR
2026-01-21,ACC0000006938,191370.86,0.0,66843.24,124527.62,NPR
2026-01-21,ACC0000006939,136979.92,32591.87,40178.66,129393.13,NPR
2026-01-21,ACC0000006940,335634.66,0.0,47975.49,287659.17,NPR
2026-01-21,ACC0000006941,401353.38,0.0,145240.58,256112.8,NPR
2026-01-21,ACC0000006942,31333.51,0.0,57138.0,-25804.49,NPR
2026-01-21,ACC0000006943,214946.47,0.0,17850.06,197096.41,NPR
2026-01-21,ACC0000006944,156473.92,12216.35,77706.48,90983.79,NPR
2026-01-21,ACC0000006945,177164.12,0.0,26937.95,150226.17,NPR
2026-01-21,ACC0000006946,295117.21,0.0,67619.13,227498.08,NPR
2026-01-21,ACC0000006947,306043.03,0.0,25329.22,280713.81,NPR
2026-01-21,ACC0000006948,49220.57,48910.52,41736.2,56394.89,NPR
2026-01-21,ACC0000006949,429330.06,0.0,5482.75,423847.31,NPR
2026-01-21,ACC0000006950,453757.27,0.0,106080.24,347677.03,NPR
2026-01-21,ACC0000006951,334981.45,0.0,36642.51,298338.94,NPR
2026-01-21,ACC0000006952,82604.26,14180.27,691.41,96093.12,NPR
2026-01-21,ACC0000006953,27266.34,0.0,73392.32,-46125.98,NPR
2026-01-21,ACC0000006954,459154.1,27959.14,39124.97,447988.27,NPR
2026-01-21,ACC0000006955,149362.81,0.0,165775.02,-16412.21,NPR
2026-01-21,ACC0000006956,105650.45,0.0,0.0,105650.45,NPR
2026-01-21,ACC0000006957,67154.24,0.0,0.0,67154.24,NPR
2026-01-21,ACC0000006958,418078.69,0.0,58760.52,359318.17,NPR
2026-01-21,ACC0000006959,302206.34,0.0,111336.84,190869.5,NPR
2026-01-21,ACC0000006960,331826.17,0.0,0.0,331826.17,NPR
2026-01-21,ACC0000006961,330294.33,0.0,98479.99,231814.34,NPR
2026-01-21,ACC0000006962,155404.4,0.0,50193.57,105210.83,NPR
2026-01-21,ACC0000006963,23021.31,0.0,3792.46,19228.85,NPR
2026-01-21,ACC0000006964,351960.71,1527.01,48185.06,305302.66,NPR
2026-01-21,ACC0000006965,105448.8,0.0,50665.14,54783.66,NPR
2026-01-21,ACC0000006966,360824.8,16564.13,0.0,377388.93,NPR
2026-01-21,ACC0000006967,304560.76,22704.03,0.0,327264.79,NPR
2026-01-21,ACC0000006968,226995.78,0.0,35174.78,191821.0,NPR
2026-01-21,ACC0000006969,288728.6,0.0,26883.63,261844.97,NPR
2026-01-21,ACC0000006970,273940.48,5153.65,36236.39,242857.74,NPR
2026-01-21,ACC0000006971,166814.18,0.0,76448.17,90366.01,NPR
2026-01-21,ACC0000006972,216955.18,0.0,0.0,216955.18,NPR
2026-01-21,ACC0000006973,92840.24,5897.24,43912.92,54824.56,NPR
2026-01-21,ACC0000006974,204631.39,0.0,8709.11,195922.28,NPR
2026-01-21,ACC0000006975,411795.87,0.0,67801.27,343994.6,NPR
2026-01-21,ACC0000006976,133616.53,0.0,145184.4,-11567.87,NPR
2026-01-21,ACC0000006977,103090.09,0.0,0.0,103090.09,NPR
2026-01-21,ACC0000006978,216175.24,0.0,80684.48,135490.76,NPR
2026-01-21,ACC0000006979,19813.86,0.0,7372.32,12441.54,NPR
2026-01-21,ACC0000006980,202267.7,20332.26,60206.89,162393.07,NPR
2026-01-21,ACC0000006981,305963.5,0.0,0.0,305963.5,NPR
2026-01-21,ACC0000006982,41327.46,17408.86,106872.14,-48135.82,NPR
2026-01-21,ACC0000006983,240300.34,47516.08,15122.48,272693.94,NPR
2026-01-21,ACC0000006984,50297.51,0.0,49384.07,913.44,NPR
2026-01-21,ACC0000006985,216344.93,89742.84,19072.89,287014.88,NPR
2026-01-21,ACC0000006986,215696.54,0.0,42022.47,173674.07,NPR
2026-01-21,ACC0000006987,179053.38,0.0,36149.44,142903.94,NPR
2026-01-21,ACC0000006988,397297.31,0.0,105791.1,291506.21,NPR
2026-01-21,ACC0000006989,433381.15,0.0,0.0,433381.15,NPR
2026-01-21,ACC0000006990,303103.59,0.0,0.0,303103.59,NPR
2026-01-21,ACC0000006991,27512.86,87990.16,39614.5,75888.52,NPR
2026-01-21,ACC0000006992,493247.59,0.0,95662.24,397585.35,NPR
2026-01-21,ACC0000006993,196990.92,39385.05,26146.02,210229.95,NPR
2026-01-21,ACC0000006994,389891.04,11784.16,15491.1,386184.1,NPR
2026-01-21,ACC0000006995,441691.11,0.0,67253.28,374437.83,NPR
2026-01-21,ACC0000006996,220417.4,0.0,98494.87,121922.53,NPR
2026-01-21,ACC0000006997,451425.44,30227.72,26150.48,455502.68,NPR
2026-01-21,ACC0000006998,293410.56,0.0,83132.89,210277.67,NPR
2026-01-21,ACC0000006999,414872.47,13853.18,36992.49,391733.16,NPR
2026-01-21,ACC0000007000,80930.75,7997.04,92909.5,-3981.71,NPR
2026-01-21,ACC0000007001,208247.24,0.0,87641.16,120606.08,NPR
2026-01-21,ACC0000007002,489467.58,0.0,0.0,489467.58,NPR
2026-01-21,ACC0000007003,38257.59,8403.6,61012.49,-14351.3,NPR
2026-01-21,ACC0000007004,215208.21,0.0,73324.85,141883.36,NPR
2026-01-21,ACC0000007005,107926.05,0.0,0.0,107926.05,NPR
2026-01-21,ACC0000007006,185295.22,0.0,40951.65,144343.57,NPR
2026-01-21,ACC0000007007,192997.62,0.0,0.0,192997.62,NPR
2026-01-21,ACC0000007008,334503.46,0.0,0.0,334503.46,NPR
2026-01-21,ACC0000007009,20841.37,0.0,46649.83,-25808.46,NPR
2026-01-21,ACC0000007010,147116.79,0.0,15078.84,132037.95,NPR
2026-01-21,ACC0000007011,264175.18,0.0,0.0,264175.18,NPR
2026-01-21,ACC0000007012,339569.03,0.0,0.0,339569.03,NPR
2026-01-21,ACC0000007013,250150.22,0.0,0.0,250150.22,NPR
2026-01-21,ACC0000007014,457710.55,47579.02,58267.5,447022.07,NPR
2026-01-21,ACC0000007015,461708.29,30729.21,26326.68,466110.82,NPR
2026-01-21,ACC0000007016,424976.25,0.0,92033.86,332942.39,NPR
2026-01-21,ACC0000007017,171438.09,0.0,0.0,171438.09,NPR
2026-01-21,ACC0000007018,187819.07,0.0,0.0,187819.07,NPR
2026-01-21,ACC0000007019,140004.02,40702.02,1762.67,178943.37,NPR
2026-01-21,ACC0000007020,116582.19,0.0,0.0,116582.19,NPR
2026-01-21,ACC0000007021,409970.51,0.0,62673.7,347296.81,NPR
2026-01-21,ACC0000007022,10675.43,0.0,137207.52,-126532.09,NPR
2026-01-21,ACC0000007023,106003.95,15929.02,70698.06,51234.91,NPR
2026-01-21,ACC0000007024,348736.57,7839.46,53188.09,303387.94,NPR
2026-01-21,ACC0000007025,206159.01,0.0,0.0,206159.01,NPR
2026-01-21,ACC0000007026,4844.72,0.0,35375.38,-30530.66,NPR
2026-01-21,ACC0000007027,382749.08,53351.19,47438.79,388661.48,NPR
2026-01-21,ACC0000007028,292587.1,0.0,43693.24,248893.86,NPR
2026-01-21,ACC0000007029,37834.44,28856.95,61657.9,5033.49,NPR
2026-01-21,ACC0000007030,457732.77,0.0,43793.85,413938.92,NPR
2026-01-21,ACC0000007031,449101.09,10612.25,0.0,459713.34,NPR
2026-01-21,ACC0000007032,227434.62,0.0,13098.36,214336.26,NPR
2026-01-21,ACC0000007033,76168.71,0.0,143926.52,-67757.81,NPR
2026-01-21,ACC0000007034,111161.8,39547.75,106911.05,43798.5,NPR
2026-01-21,ACC0000007035,372170.04,0.0,57284.24,314885.8,NPR
2026-01-21,ACC0000007036,276258.95,0.0,51240.71,225018.24,NPR
2026-01-21,ACC0000007037,107952.31,0.0,0.0,107952.31,NPR
2026-01-21,ACC0000007038,145521.74,18753.1,1043.42,163231.42,NPR
2026-01-21,ACC0000007039,172814.26,25820.77,69485.62,129149.41,NPR
2026-01-21,ACC0000007040,124224.75,0.0,43828.64,80396.11,NPR
2026-01-21,ACC0000007041,442098.54,14710.49,49301.94,407507.09,NPR
2026-01-21,ACC0000007042,355339.44,44584.37,47480.57,352443.24,NPR
2026-01-21,ACC0000007043,378186.57,0.0,90435.24,287751.33,NPR
2026-01-21,ACC0000007044,24295.99,0.0,19337.52,4958.47,NPR
2026-01-21,ACC0000007045,493825.11,0.0,161029.85,332795.26,NPR
2026-01-21,ACC0000007046,126335.53,59960.57,34800.62,151495.48,NPR
2026-01-21,ACC0000007047,67138.38,0.0,83164.5,-16026.12,NPR
2026-01-21,ACC0000007048,125951.2,0.0,0.0,125951.2,NPR
2026-01-21,ACC0000007049,310470.24,0.0,20747.84,289722.4,NPR
2026-01-21,ACC0000007050,366402.85,0.0,49434.48,316968.37,NPR
2026-01-21,ACC0000007051,29608.52,0.0,65767.45,-36158.93,NPR
2026-01-21,ACC0000007052,186051.28,0.0,0.0,186051.28,NPR
2026-01-21,ACC0000007053,323552.9,0.0,88812.31,234740.59,NPR
2026-01-21,ACC0000007054,155281.0,22857.69,86892.14,91246.55,NPR
2026-01-21,ACC0000007055,344235.16,0.0,0.0,344235.16,NPR
2026-01-21,ACC0000007056,8964.94,0.0,25056.68,-16091.74,NPR
2026-01-21,ACC0000007057,489835.18,0.0,10626.24,479208.94,NPR
2026-01-21,ACC0000007058,143549.61,0.0,63834.3,79715.31,NPR
2026-01-21,ACC0000007059,254048.61,0.0,17444.61,236604.0,NPR
2026-01-21,ACC0000007060,337943.95,18651.42,43209.86,313385.51,NPR
2026-01-21,ACC0000007061,48997.63,0.0,49422.11,-424.48,NPR
2026-01-21,ACC0000007062,475743.53,0.0,27152.84,448590.69,NPR
2026-01-21,ACC0000007063,179620.05,0.0,118540.37,61079.68,NPR
2026-01-21,ACC0000007064,238692.49,0.0,42987.03,195705.46,NPR
2026-01-21,ACC0000007065,233269.82,0.0,56391.43,176878.39,NPR
2026-01-21,ACC0000007066,214781.1,22483.4,35098.96,202165.54,NPR
2026-01-21,ACC0000007067,9486.27,0.0,90139.76,-80653.49,NPR
2026-01-21,ACC0000007068,218492.51,0.0,0.0,218492.51,NPR
2026-01-21,ACC0000007069,141505.01,0.0,58809.17,82695.84,NPR
2026-01-21,ACC0000007070,300024.63,0.0,46496.39,253528.24,NPR
2026-01-21,ACC0000007071,360830.34,0.0,31632.12,329198.22,NPR
2026-01-21,ACC0000007072,59311.94,8317.43,33808.08,33821.29,NPR
2026-01-21,ACC0000007073,219844.18,0.0,0.0,219844.18,NPR
2026-01-21,ACC0000007074,432392.05,0.0,28678.44,403713.61,NPR
2026-01-21,ACC0000007075,403104.78,0.0,86686.9,316417.88,NPR
2026-01-21,ACC0000007076,266028.79,0.0,0.0,266028.79,NPR
2026-01-21,ACC0000007077,124291.96,0.0,0.0,124291.96,NPR
2026-01-21,ACC0000007078,413974.55,0.0,45244.25,368730.3,NPR
2026-01-21,ACC0000007079,323747.19,0.0,121451.97,202295.22,NPR
2026-01-21,ACC0000007080,252502.36,41566.23,76633.05,217435.54,NPR
2026-01-21,ACC0000007081,427921.31,0.0,0.0,427921.31,NPR
2026-01-21,ACC0000007082,310221.7,49090.6,45200.73,314111.57,NPR
2026-01-21,ACC0000007083,254469.64,0.0,0.0,254469.64,NPR
2026-01-21,ACC0000007084,71686.8,0.0,104558.14,-32871.34,NPR
2026-01-21,ACC0000007085,220309.71,0.0,14390.07,205919.64,NPR
2026-01-21,ACC0000007086,177131.45,0.0,0.0,177131.45,NPR
2026-01-21,ACC0000007087,54896.4,0.0,58325.45,-3429.05,NPR
2026-01-21,ACC0000007088,341511.91,0.0,63500.17,278011.74,NPR
2026-01-21,ACC0000007089,407961.31,0.0,99081.96,308879.35,NPR
2026-01-21,ACC0000007090,74539.29,1087.72,94275.28,-18648.27,NPR
2026-01-21,ACC0000007091,71511.16,3426.73,49685.86,25252.03,NPR
2026-01-21,ACC0000007092,111957.0,0.0,3263.47,108693.53,NPR
2026-01-21,ACC0000007093,319051.05,0.0,27205.97,291845.08,NPR
2026-01-21,ACC0000007094,336820.17,0.0,53828.71,282991.46,NPR
2026-01-21,ACC0000007095,332805.73,0.0,0.0,332805.73,NPR
2026-01-21,ACC0000007096,342181.0,0.0,20044.1,322136.9,NPR
2026-01-21,ACC0000007097,216522.32,0.0,64664.23,151858.09,NPR
2026-01-21,ACC0000007098,321737.52,0.0,16390.75,305346.77,NPR
2026-01-21,ACC0000007099,358390.49,0.0,86481.33,271909.16,NPR
2026-01-21,ACC0000007100,167059.92,0.0,20382.41,146677.51,NPR
2026-01-21,ACC0000007101,477424.86,0.0,0.0,477424.86,NPR
2026-01-21,ACC0000007102,319545.45,0.0,74751.07,244794.38,NPR
2026-01-21,ACC0000007103,86442.96,0.0,76520.0,9922.96,NPR
2026-01-21,ACC0000007104,66454.37,0.0,148905.35,-82450.98,NPR
2026-01-21,ACC0000007105,391395.76,0.0,49681.49,341714.27,NPR
2026-01-21,ACC0000007106,403946.54,0.0,68450.16,335496.38,NPR
2026-01-21,ACC0000007107,198100.4,46202.62,50575.37,193727.65,NPR
2026-01-21,ACC0000007108,305258.93,0.0,71783.7,233475.23,NPR
2026-01-21,ACC0000007109,461711.51,0.0,58901.64,402809.87,NPR
2026-01-21,ACC0000007110,471986.18,4891.41,16187.52,460690.07,NPR
2026-01-21,ACC0000007111,29813.61,0.0,0.0,29813.61,NPR
2026-01-21,ACC0000007112,174503.99,81918.79,49712.49,206710.29,NPR
2026-01-21,ACC0000007113,271001.65,95274.44,24206.67,342069.42,NPR
2026-01-21,ACC0000007114,366463.08,0.0,41627.89,324835.19,NPR
2026-01-21,ACC0000007115,128903.6,9962.49,54230.04,84636.05,NPR
2026-01-21,ACC0000007116,286604.97,0.0,153405.3,133199.67,NPR
2026-01-21,ACC0000007117,217565.94,0.0,66990.92,150575.02,NPR
2026-01-21,ACC0000007118,403615.03,17736.49,87023.11,334328.41,NPR
2026-01-21,ACC0000007119,341529.2,0.0,0.0,341529.2,NPR
2026-01-21,ACC0000007120,39614.09,0.0,28188.72,11425.37,NPR
2026-01-21,ACC0000007121,221173.12,0.0,32412.0,188761.12,NPR
2026-01-21,ACC0000007122,230878.18,41580.09,0.0,272458.27,NPR
2026-01-21,ACC0000007123,439555.9,0.0,8353.44,431202.46,NPR
2026-01-21,ACC0000007124,328333.6,0.0,0.0,328333.6,NPR
2026-01-21,ACC0000007125,269770.14,0.0,0.0,269770.14,NPR
2026-01-21,ACC0000007126,31163.89,49836.05,36619.62,44380.32,NPR
2026-01-21,ACC0000007127,223082.13,0.0,0.0,223082.13,NPR
2026-01-21,ACC0000007128,386507.57,0.0,69812.22,316695.35,NPR
2026-01-21,ACC0000007129,467876.57,21420.81,14710.72,474586.66,NPR
2026-01-21,ACC0000007130,407868.83,0.0,74817.31,333051.52,NPR
2026-01-21,ACC0000007131,423366.04,0.0,32043.04,391323.0,NPR
2026-01-21,ACC0000007132,294051.96,0.0,53276.07,240775.89,NPR
2026-01-21,ACC0000007133,373009.7,0.0,7750.68,365259.02,NPR
2026-01-21,ACC0000007134,431741.71,34252.31,8765.02,457229.0,NPR
2026-01-21,ACC0000007135,412858.07,0.0,0.0,412858.07,NPR
2026-01-21,ACC0000007136,42501.56,0.0,33623.67,8877.89,NPR
2026-01-21,ACC0000007137,280376.68,0.0,0.0,280376.68,NPR
2026-01-21,ACC0000007138,334932.24,0.0,0.0,334932.24,NPR
2026-01-21,ACC0000007139,175925.06,0.0,0.0,175925.06,NPR
2026-01-21,ACC0000007140,412514.38,8985.25,0.0,421499.63,NPR
2026-01-21,ACC0000007141,299323.62,0.0,30821.71,268501.91,NPR
2026-01-21,ACC0000007142,298167.06,64917.19,15974.82,347109.43,NPR
2026-01-21,ACC0000007143,333432.16,60404.67,131890.75,261946.08,NPR
2026-01-21,ACC0000007144,471604.9,10360.04,0.0,481964.94,NPR
2026-01-21,ACC0000007145,292189.67,12528.07,49633.12,255084.62,NPR
2026-01-21,ACC0000007146,441880.17,3809.96,49271.57,396418.56,NPR
2026-01-21,ACC0000007147,204667.0,32832.66,48000.41,189499.25,NPR
2026-01-21,ACC0000007148,426182.32,0.0,0.0,426182.32,NPR
2026-01-21,ACC0000007149,469308.61,0.0,0.0,469308.61,NPR
2026-01-21,ACC0000007150,381826.34,49850.52,71642.73,360034.13,NPR
2026-01-21,ACC0000007151,53120.27,0.0,0.0,53120.27,NPR
2026-01-21,ACC0000007152,310519.18,0.0,0.0,310519.18,NPR
2026-01-21,ACC0000007153,157361.34,0.0,119794.84,37566.5,NPR
2026-01-21,ACC0000007154,324272.91,0.0,88022.33,236250.58,NPR
2026-01-21,ACC0000007155,65133.17,0.0,114275.57,-49142.4,NPR
2026-01-21,ACC0000007156,333144.87,0.0,90224.65,242920.22,NPR
2026-01-21,ACC0000007157,101159.23,0.0,57071.24,44087.99,NPR
2026-01-21,ACC0000007158,198652.13,9046.52,7697.08,200001.57,NPR
2026-01-21,ACC0000007159,112808.18,0.0,0.0,112808.18,NPR
2026-01-21,ACC0000007160,218499.82,0.0,0.0,218499.82,NPR
2026-01-21,ACC0000007161,435029.96,44262.04,57076.59,422215.41,NPR
2026-01-21,ACC0000007162,216644.02,0.0,0.0,216644.02,NPR
2026-01-21,ACC0000007163,475473.1,0.0,105746.43,369726.67,NPR
2026-01-21,ACC0000007164,382043.0,0.0,0.0,382043.0,NPR
2026-01-21,ACC0000007165,328316.15,10365.85,32341.31,306340.69,NPR
2026-01-21,ACC0000007166,297543.34,41640.1,86464.11,252719.33,NPR
2026-01-21,ACC0000007167,116471.18,0.0,0.0,116471.18,NPR
2026-01-21,ACC0000007168,47411.1,66813.19,8654.91,105569.38,NPR
2026-01-21,ACC0000007169,134073.09,0.0,79144.33,54928.76,NPR
2026-01-21,ACC0000007170,328957.33,41745.01,130261.36,240440.98,NPR
2026-01-21,ACC0000007171,487880.67,0.0,84230.79,403649.88,NPR
2026-01-21,ACC0000007172,310283.96,0.0,0.0,310283.96,NPR
2026-01-21,ACC0000007173,369778.86,5909.76,45199.59,330489.03,NPR
2026-01-21,ACC0000007174,332502.9,9992.89,18886.78,323609.01,NPR
2026-01-21,ACC0000007175,314873.04,24339.8,24471.53,314741.31,NPR
2026-01-21,ACC0000007176,133904.09,0.0,66.8,133837.29,NPR
2026-01-21,ACC0000007177,340497.75,0.0,56284.04,284213.71,NPR
2026-01-21,ACC0000007178,31595.37,35687.4,90315.91,-23033.14,NPR
2026-01-21,ACC0000007179,496825.82,0.0,37513.4,459312.42,NPR
2026-01-21,ACC0000007180,224463.9,0.0,20165.2,204298.7,NPR
2026-01-21,ACC0000007181,464116.17,6982.9,12806.63,458292.44,NPR
2026-01-21,ACC0000007182,144413.22,0.0,74179.74,70233.48,NPR
2026-01-21,ACC0000007183,122442.56,0.0,44683.05,77759.51,NPR
2026-01-21,ACC0000007184,430015.44,0.0,0.0,430015.44,NPR
2026-01-21,ACC0000007185,276964.68,3367.08,105333.82,174997.94,NPR
2026-01-21,ACC0000007186,259245.79,0.0,65738.89,193506.9,NPR
2026-01-21,ACC0000007187,27449.29,0.0,0.0,27449.29,NPR
2026-01-21,ACC0000007188,417897.1,55808.8,86086.09,387619.81,NPR
2026-01-21,ACC0000007189,171101.39,8180.03,54645.89,124635.53,NPR
2026-01-21,ACC0000007190,399498.37,0.0,0.0,399498.37,NPR
2026-01-21,ACC0000007191,256510.63,14151.72,74144.65,196517.7,NPR
2026-01-21,ACC0000007192,57944.97,44582.62,61876.08,40651.51,NPR
2026-01-21,ACC0000007193,306151.15,0.0,0.0,306151.15,NPR
2026-01-21,ACC0000007194,183694.87,0.0,62286.19,121408.68,NPR
2026-01-21,ACC0000007195,92546.2,0.0,0.0,92546.2,NPR
2026-01-21,ACC0000007196,294897.05,0.0,0.0,294897.05,NPR
2026-01-21,ACC0000007197,13512.32,0.0,0.0,13512.32,NPR
2026-01-21,ACC0000007198,194269.59,0.0,0.0,194269.59,NPR
2026-01-21,ACC0000007199,299862.93,0.0,23526.09,276336.84,NPR
2026-01-21,ACC0000007200,174961.17,0.0,108904.86,66056.31,NPR
2026-01-21,ACC0000007201,142290.96,0.0,0.0,142290.96,NPR
2026-01-21,ACC0000007202,43078.05,0.0,105923.42,-62845.37,NPR
2026-01-21,ACC0000007203,96962.18,4801.33,0.0,101763.51,NPR
2026-01-21,ACC0000007204,273606.5,0.0,112065.26,161541.24,NPR
2026-01-21,ACC0000007205,477316.61,0.0,0.0,477316.61,NPR
2026-01-21,ACC0000007206,275682.2,46239.93,0.0,321922.13,NPR
2026-01-21,ACC0000007207,283556.78,0.0,0.0,283556.78,NPR
2026-01-21,ACC0000007208,121916.45,0.0,55322.64,66593.81,NPR
2026-01-21,ACC0000007209,328612.89,18328.61,36992.07,309949.43,NPR
2026-01-21,ACC0000007210,88446.95,0.0,46003.21,42443.74,NPR
2026-01-21,ACC0000007211,58045.01,0.0,6014.35,52030.66,NPR
2026-01-21,ACC0000007212,347659.42,0.0,39331.18,308328.24,NPR
2026-01-21,ACC0000007213,99391.66,83467.66,49794.32,133065.0,NPR
2026-01-21,ACC0000007214,334196.2,0.0,113308.11,220888.09,NPR
2026-01-21,ACC0000007215,22476.77,0.0,47854.71,-25377.94,NPR
2026-01-21,ACC0000007216,294924.07,0.0,0.0,294924.07,NPR
2026-01-21,ACC0000007217,463674.17,0.0,116234.56,347439.61,NPR
2026-01-21,ACC0000007218,63263.28,0.0,0.0,63263.28,NPR
2026-01-21,ACC0000007219,249816.58,0.0,0.0,249816.58,NPR
2026-01-21,ACC0000007220,277408.02,10291.8,35486.58,252213.24,NPR
2026-01-21,ACC0000007221,180831.54,103429.68,84819.41,199441.81,NPR
2026-01-21,ACC0000007222,112261.08,0.0,27262.44,84998.64,NPR
2026-01-21,ACC0000007223,475669.32,0.0,4248.8,471420.52,NPR
2026-01-21,ACC0000007224,321473.2,0.0,100966.13,220507.07,NPR
2026-01-21,ACC0000007225,316534.99,37803.03,0.0,354338.02,NPR
2026-01-21,ACC0000007226,400723.42,0.0,58397.44,342325.98,NPR
2026-01-21,ACC0000007227,223188.36,34307.12,8160.04,249335.44,NPR
2026-01-21,ACC0000007228,483822.72,7552.73,33365.68,458009.77,NPR
2026-01-21,ACC0000007229,179945.5,27462.14,30728.28,176679.36,NPR
2026-01-21,ACC0000007230,96726.74,33239.61,81033.6,48932.75,NPR
2026-01-21,ACC0000007231,444654.75,0.0,41770.91,402883.84,NPR
2026-01-21,ACC0000007232,58524.03,0.0,0.0,58524.03,NPR
2026-01-21,ACC0000007233,32104.58,16367.55,10900.26,37571.87,NPR
2026-01-21,ACC0000007234,144408.67,0.0,21022.6,123386.07,NPR
2026-01-21,ACC0000007235,243736.55,0.0,45102.74,198633.81,NPR
2026-01-21,ACC0000007236,327626.49,0.0,66157.42,261469.07,NPR
2026-01-21,ACC0000007237,390812.04,37833.38,58183.47,370461.95,NPR
2026-01-21,ACC0000007238,258313.95,39125.58,8409.53,289030.0,NPR
2026-01-21,ACC0000007239,212912.72,0.0,0.0,212912.72,NPR
2026-01-21,ACC0000007240,464908.18,0.0,37819.28,427088.9,NPR
2026-01-21,ACC0000007241,401896.36,0.0,85662.78,316233.58,NPR
2026-01-21,ACC0000007242,440862.0,49842.16,30640.6,460063.56,NPR
2026-01-21,ACC0000007243,79634.42,1896.52,83725.51,-2194.57,NPR
2026-01-21,ACC0000007244,437345.15,0.0,0.0,437345.15,NPR
2026-01-21,ACC0000007245,161385.13,0.0,86760.82,74624.31,NPR
2026-01-21,ACC0000007246,197459.98,0.0,59057.02,138402.96,NPR
2026-01-21,ACC0000007247,497689.72,0.0,30040.71,467649.01,NPR
2026-01-21,ACC0000007248,398552.24,0.0,163887.01,234665.23,NPR
2026-01-21,ACC0000007249,181995.42,96.43,120520.33,61571.52,NPR
2026-01-21,ACC0000007250,449890.97,0.0,12016.93,437874.04,NPR
2026-01-21,ACC0000007251,142565.33,26581.48,120179.84,48966.97,NPR
2026-01-21,ACC0000007252,250776.22,0.0,41511.04,209265.18,NPR
2026-01-21,ACC0000007253,126313.81,0.0,3143.48,123170.33,NPR
2026-01-21,ACC0000007254,292308.6,0.0,27164.47,265144.13,NPR
2026-01-21,ACC0000007255,303919.63,0.0,109509.82,194409.81,NPR
2026-01-21,ACC0000007256,495255.48,0.0,63661.25,431594.23,NPR
2026-01-21,ACC0000007257,263675.91,0.0,76932.34,186743.57,NPR
2026-01-21,ACC0000007258,143234.95,0.0,36906.22,106328.73,NPR
2026-01-21,ACC0000007259,60626.64,26110.45,0.0,86737.09,NPR
2026-01-21,ACC0000007260,191775.82,651.0,30901.28,161525.54,NPR
2026-01-21,ACC0000007261,33692.58,20603.14,17201.45,37094.27,NPR
2026-01-21,ACC0000007262,199969.32,8032.24,86201.48,121800.08,NPR
2026-01-21,ACC0000007263,66269.77,0.0,27616.36,38653.41,NPR
2026-01-21,ACC0000007264,207255.58,0.0,31840.58,175415.0,NPR
2026-01-21,ACC0000007265,253894.47,0.0,39786.87,214107.6,NPR
2026-01-21,ACC0000007266,42561.77,38651.72,32980.39,48233.1,NPR
2026-01-21,ACC0000007267,125743.11,8178.92,43841.01,90081.02,NPR
2026-01-21,ACC0000007268,147752.02,31724.88,73124.15,106352.75,NPR
2026-01-21,ACC0000007269,80325.11,0.0,7510.69,72814.42,NPR
2026-01-21,ACC0000007270,133844.18,19609.84,70211.62,83242.4,NPR
2026-01-21,ACC0000007271,279160.81,0.0,3654.09,275506.72,NPR
2026-01-21,ACC0000007272,41814.57,0.0,1506.19,40308.38,NPR
2026-01-21,ACC0000007273,128207.99,0.0,18513.09,109694.9,NPR
2026-01-21,ACC0000007274,133453.95,44801.58,153294.21,24961.32,NPR
2026-01-21,ACC0000007275,490706.04,49327.59,76230.92,463802.71,NPR
2026-01-21,ACC0000007276,441924.55,0.0,52826.14,389098.41,NPR
2026-01-21,ACC0000007277,150050.96,35744.33,62810.63,122984.66,NPR
2026-01-21,ACC0000007278,149835.3,0.0,25684.43,124150.87,NPR
2026-01-21,ACC0000007279,251145.17,12790.86,45886.67,218049.36,NPR
2026-01-21,ACC0000007280,235429.16,0.0,6251.88,229177.28,NPR
2026-01-21,ACC0000007281,154559.98,0.0,90471.37,64088.61,NPR
2026-01-21,ACC0000007282,62189.64,8530.69,106423.59,-35703.26,NPR
2026-01-21,ACC0000007283,315709.81,25345.81,32949.15,308106.47,NPR
2026-01-21,ACC0000007284,22928.23,0.0,29544.5,-6616.27,NPR
2026-01-21,ACC0000007285,62980.42,60049.85,26526.55,96503.72,NPR
2026-01-21,ACC0000007286,413231.8,0.0,70908.23,342323.57,NPR
2026-01-21,ACC0000007287,90548.37,0.0,115997.71,-25449.34,NPR
2026-01-21,ACC0000007288,155572.09,0.0,92637.34,62934.75,NPR
2026-01-21,ACC0000007289,352816.44,0.0,36445.86,316370.58,NPR
2026-01-21,ACC0000007290,33851.63,23620.18,85963.92,-28492.11,NPR
2026-01-21,ACC0000007291,159518.46,85958.48,21679.16,223797.78,NPR
2026-01-21,ACC0000007292,109385.23,0.0,17486.25,91898.98,NPR
2026-01-21,ACC0000007293,154310.42,0.0,0.0,154310.42,NPR
2026-01-21,ACC0000007294,268028.76,20280.37,71042.79,217266.34,NPR
2026-01-21,ACC0000007295,84915.12,0.0,97236.73,-12321.61,NPR
2026-01-21,ACC0000007296,71430.34,198.53,9390.7,62238.17,NPR
2026-01-21,ACC0000007297,296758.46,0.0,61484.74,235273.72,NPR
2026-01-21,ACC0000007298,297563.16,38582.46,46948.14,289197.48,NPR
2026-01-21,ACC0000007299,117337.9,0.0,65867.02,51470.88,NPR
2026-01-21,ACC0000007300,129731.08,0.0,27447.39,102283.69,NPR
2026-01-21,ACC0000007301,277292.7,0.0,0.0,277292.7,NPR
2026-01-21,ACC0000007302,390032.27,0.0,225.61,389806.66,NPR
2026-01-21,ACC0000007303,15107.58,0.0,60515.08,-45407.5,NPR
2026-01-21,ACC0000007304,236355.47,32460.93,47045.75,221770.65,NPR
2026-01-21,ACC0000007305,479101.84,10138.44,0.0,489240.28,NPR
2026-01-21,ACC0000007306,492554.42,0.0,125216.5,367337.92,NPR
2026-01-21,ACC0000007307,256824.55,0.0,0.0,256824.55,NPR
2026-01-21,ACC0000007308,171999.28,0.0,100871.81,71127.47,NPR
2026-01-21,ACC0000007309,150577.42,0.0,174824.09,-24246.67,NPR
2026-01-21,ACC0000007310,79127.26,30045.03,14906.46,94265.83,NPR
2026-01-21,ACC0000007311,206470.01,0.0,3480.12,202989.89,NPR
2026-01-21,ACC0000007312,33067.98,20860.59,84824.76,-30896.19,NPR
2026-01-21,ACC0000007313,221132.73,22597.86,31063.99,212666.6,NPR
2026-01-21,ACC0000007314,197382.87,0.0,1321.89,196060.98,NPR
2026-01-21,ACC0000007315,436121.19,0.0,33124.78,402996.41,NPR
2026-01-21,ACC0000007316,116774.07,0.0,42463.1,74310.97,NPR
2026-01-21,ACC0000007317,54666.88,0.0,58270.08,-3603.2,NPR
2026-01-21,ACC0000007318,125539.82,0.0,0.0,125539.82,NPR
2026-01-21,ACC0000007319,260271.75,12061.9,62304.52,210029.13,NPR
2026-01-21,ACC0000007320,145243.81,20273.26,65404.39,100112.68,NPR
2026-01-21,ACC0000007321,305620.54,23916.94,11555.38,317982.1,NPR
2026-01-21,ACC0000007322,277459.77,38175.75,102276.47,213359.05,NPR
2026-01-21,ACC0000007323,243216.94,0.0,0.0,243216.94,NPR
2026-01-21,ACC0000007324,316217.82,0.0,0.0,316217.82,NPR
2026-01-21,ACC0000007325,94855.45,61277.39,12765.65,143367.19,NPR
2026-01-21,ACC0000007326,229456.91,90169.45,47301.52,272324.84,NPR
2026-01-21,ACC0000007327,458190.37,1439.28,38296.8,421332.85,NPR
2026-01-21,ACC0000007328,230199.77,0.0,26981.19,203218.58,NPR
2026-01-21,ACC0000007329,122561.54,0.0,112068.23,10493.31,NPR
2026-01-21,ACC0000007330,265328.37,0.0,0.0,265328.37,NPR
2026-01-21,ACC0000007331,146001.67,34960.99,31680.62,149282.04,NPR
2026-01-21,ACC0000007332,162335.23,0.0,54246.21,108089.02,NPR
2026-01-21,ACC0000007333,246681.29,26602.22,74331.67,198951.84,NPR
2026-01-21,ACC0000007334,222105.61,0.0,141603.33,80502.28,NPR
2026-01-21,ACC0000007335,289973.32,0.0,97842.5,192130.82,NPR
2026-01-21,ACC0000007336,306083.08,0.0,0.0,306083.08,NPR
2026-01-21,ACC0000007337,479573.69,0.0,25798.55,453775.14,NPR
2026-01-21,ACC0000007338,134827.79,0.0,0.0,134827.79,NPR
2026-01-21,ACC0000007339,338441.45,0.0,0.0,338441.45,NPR
2026-01-21,ACC0000007340,134825.9,0.0,0.0,134825.9,NPR
2026-01-21,ACC0000007341,405555.94,0.0,11569.63,393986.31,NPR
2026-01-21,ACC0000007342,497318.88,10680.09,31450.15,476548.82,NPR
2026-01-21,ACC0000007343,202726.86,0.0,0.0,202726.86,NPR
2026-01-21,ACC0000007344,218204.36,0.0,0.0,218204.36,NPR
2026-01-21,ACC0000007345,262373.87,28114.58,137766.28,152722.17,NPR
2026-01-21,ACC0000007346,106917.25,0.0,56886.54,50030.71,NPR
2026-01-21,ACC0000007347,174825.44,0.0,17562.79,157262.65,NPR
2026-01-21,ACC0000007348,168695.16,0.0,147254.34,21440.82,NPR
2026-01-21,ACC0000007349,441645.47,44781.84,19305.3,467122.01,NPR
2026-01-21,ACC0000007350,241830.65,21032.48,51654.92,211208.21,NPR
2026-01-21,ACC0000007351,59318.79,0.0,84452.82,-25134.03,NPR
2026-01-21,ACC0000007352,455338.7,0.0,89066.74,366271.96,NPR
2026-01-21,ACC0000007353,141723.23,0.0,56945.9,84777.33,NPR
2026-01-21,ACC0000007354,139518.32,0.0,43821.03,95697.29,NPR
2026-01-21,ACC0000007355,190482.98,0.0,0.0,190482.98,NPR
2026-01-21,ACC0000007356,448968.35,66614.06,33876.37,481706.04,NPR
2026-01-21,ACC0000007357,352732.83,0.0,46633.63,306099.2,NPR
2026-01-21,ACC0000007358,382793.38,9028.16,72503.18,319318.36,NPR
2026-01-21,ACC0000007359,58510.62,0.0,0.0,58510.62,NPR
2026-01-21,ACC0000007360,342564.11,0.0,30446.89,312117.22,NPR
2026-01-21,ACC0000007361,225436.86,43168.66,69828.81,198776.71,NPR
2026-01-21,ACC0000007362,419605.98,37123.3,22018.36,434710.92,NPR
2026-01-21,ACC0000007363,451470.64,0.0,0.0,451470.64,NPR
2026-01-21,ACC0000007364,30105.8,0.0,53906.03,-23800.23,NPR
2026-01-21,ACC0000007365,300854.55,0.0,147175.09,153679.46,NPR
2026-01-21,ACC0000007366,407108.7,45862.8,0.0,452971.5,NPR
2026-01-21,ACC0000007367,403532.94,0.0,72736.45,330796.49,NPR
2026-01-21,ACC0000007368,34839.15,41913.98,0.0,76753.13,NPR
2026-01-21,ACC0000007369,383205.04,0.0,173449.88,209755.16,NPR
2026-01-21,ACC0000007370,131067.57,0.0,0.0,131067.57,NPR
2026-01-21,ACC0000007371,237588.94,0.0,38825.97,198762.97,NPR
2026-01-21,ACC0000007372,317872.79,0.0,0.0,317872.79,NPR
2026-01-21,ACC0000007373,360642.72,0.0,0.0,360642.72,NPR
2026-01-21,ACC0000007374,294198.97,0.0,12326.99,281871.98,NPR
2026-01-21,ACC0000007375,322956.89,0.0,49870.04,273086.85,NPR
2026-01-21,ACC0000007376,233512.33,0.0,0.0,233512.33,NPR
2026-01-21,ACC0000007377,41928.69,0.0,69365.63,-27436.94,NPR
2026-01-21,ACC0000007378,317738.79,2287.06,38423.2,281602.65,NPR
2026-01-21,ACC0000007379,462273.11,15896.06,0.0,478169.17,NPR
2026-01-21,ACC0000007380,8439.44,0.0,62611.2,-54171.76,NPR
2026-01-21,ACC0000007381,192841.52,0.0,42695.34,150146.18,NPR
2026-01-21,ACC0000007382,361245.83,0.0,0.0,361245.83,NPR
2026-01-21,ACC0000007383,332035.42,0.0,13942.28,318093.14,NPR
2026-01-21,ACC0000007384,363982.73,17378.35,0.0,381361.08,NPR
2026-01-21,ACC0000007385,489752.72,0.0,3604.44,486148.28,NPR
2026-01-21,ACC0000007386,23951.33,46794.53,13366.86,57379.0,NPR
2026-01-21,ACC0000007387,324305.11,0.0,0.0,324305.11,NPR
2026-01-21,ACC0000007388,130911.71,3560.36,51562.1,82909.97,NPR
2026-01-21,ACC0000007389,93015.98,0.0,55091.47,37924.51,NPR
2026-01-21,ACC0000007390,424592.97,3003.74,56483.88,371112.83,NPR
2026-01-21,ACC0000007391,7483.18,21955.37,0.0,29438.55,NPR
2026-01-21,ACC0000007392,336120.9,0.0,109892.1,226228.8,NPR
2026-01-21,ACC0000007393,130487.0,83899.95,0.0,214386.95,NPR
2026-01-21,ACC0000007394,21594.59,0.0,83506.83,-61912.24,NPR
2026-01-21,ACC0000007395,459592.43,42243.18,0.0,501835.61,NPR
2026-01-21,ACC0000007396,301444.53,0.0,39873.87,261570.66,NPR
2026-01-21,ACC0000007397,303822.19,75758.63,23905.85,355674.97,NPR
2026-01-21,ACC0000007398,265730.45,0.0,90335.94,175394.51,NPR
2026-01-21,ACC0000007399,122935.87,0.0,130439.22,-7503.35,NPR
2026-01-21,ACC0000007400,236191.63,0.0,144961.63,91230.0,NPR
2026-01-21,ACC0000007401,224320.38,0.0,78010.03,146310.35,NPR
2026-01-21,ACC0000007402,238453.35,0.0,23757.35,214696.0,NPR
2026-01-21,ACC0000007403,432594.23,0.0,13272.31,419321.92,NPR
2026-01-21,ACC0000007404,10246.56,37092.58,16522.39,30816.75,NPR
2026-01-21,ACC0000007405,22529.91,2301.02,78645.28,-53814.35,NPR
2026-01-21,ACC0000007406,438094.0,0.0,89379.89,348714.11,NPR
2026-01-21,ACC0000007407,296654.77,0.0,0.0,296654.77,NPR
2026-01-21,ACC0000007408,118477.88,22745.48,22523.21,118700.15,NPR
2026-01-21,ACC0000007409,130909.91,0.0,0.0,130909.91,NPR
2026-01-21,ACC0000007410,289552.85,0.0,0.0,289552.85,NPR
2026-01-21,ACC0000007411,411424.43,0.0,0.0,411424.43,NPR
2026-01-21,ACC0000007412,478693.14,19331.7,54912.42,443112.42,NPR
2026-01-21,ACC0000007413,347257.19,0.0,100752.64,246504.55,NPR
2026-01-21,ACC0000007414,229575.09,32868.42,50166.24,212277.27,NPR
2026-01-21,ACC0000007415,1210.78,33982.74,153316.89,-118123.37,NPR
2026-01-21,ACC0000007416,430455.75,30791.5,14317.33,446929.92,NPR
2026-01-21,ACC0000007417,360051.27,0.0,137818.08,222233.19,NPR
2026-01-21,ACC0000007418,196697.04,8206.01,46756.56,158146.49,NPR
2026-01-21,ACC0000007419,76100.0,0.0,51185.18,24914.82,NPR
2026-01-21,ACC0000007420,476327.77,0.0,148013.12,328314.65,NPR
2026-01-21,ACC0000007421,450776.74,28650.74,32790.02,446637.46,NPR
2026-01-21,ACC0000007422,28277.18,22080.72,64363.73,-14005.83,NPR
2026-01-21,ACC0000007423,373449.14,13431.88,44672.49,342208.53,NPR
2026-01-21,ACC0000007424,208408.59,0.0,131399.89,77008.7,NPR
2026-01-21,ACC0000007425,467926.95,0.0,83835.0,384091.95,NPR
2026-01-21,ACC0000007426,181278.27,29818.46,40303.83,170792.9,NPR
2026-01-21,ACC0000007427,432261.89,0.0,114139.63,318122.26,NPR
2026-01-21,ACC0000007428,63703.85,0.0,14288.64,49415.21,NPR
2026-01-21,ACC0000007429,94233.2,0.0,0.0,94233.2,NPR
2026-01-21,ACC0000007430,224937.58,47083.45,0.0,272021.03,NPR
2026-01-21,ACC0000007431,458582.03,0.0,53111.52,405470.51,NPR
2026-01-21,ACC0000007432,84325.76,0.0,141555.5,-57229.74,NPR
2026-01-21,ACC0000007433,22227.76,73326.16,59414.26,36139.66,NPR
2026-01-21,ACC0000007434,115058.0,0.0,0.0,115058.0,NPR
2026-01-21,ACC0000007435,360166.58,0.0,0.0,360166.58,NPR
2026-01-21,ACC0000007436,147457.76,0.0,53851.61,93606.15,NPR
2026-01-21,ACC0000007437,106598.42,0.0,67138.56,39459.86,NPR
2026-01-21,ACC0000007438,329467.72,0.0,76969.7,252498.02,NPR
2026-01-21,ACC0000007439,181041.01,0.0,0.0,181041.01,NPR
2026-01-21,ACC0000007440,217285.02,10150.05,0.0,227435.07,NPR
2026-01-21,ACC0000007441,83560.87,0.0,57256.46,26304.41,NPR
2026-01-21,ACC0000007442,63615.17,29432.7,89314.73,3733.14,NPR
2026-01-21,ACC0000007443,143030.52,64382.31,0.0,207412.83,NPR
2026-01-21,ACC0000007444,313223.15,0.0,0.0,313223.15,NPR
2026-01-21,ACC0000007445,291217.4,0.0,45122.95,246094.45,NPR
2026-01-21,ACC0000007446,21007.47,0.0,0.0,21007.47,NPR
2026-01-21,ACC0000007447,423094.06,0.0,141849.93,281244.13,NPR
2026-01-21,ACC0000007448,1623.47,90275.52,0.0,91898.99,NPR
2026-01-21,ACC0000007449,366851.35,25566.71,32573.82,359844.24,NPR
2026-01-21,ACC0000007450,372158.24,10442.98,46179.88,336421.34,NPR
2026-01-21,ACC0000007451,87268.93,49620.13,113922.81,22966.25,NPR
2026-01-21,ACC0000007452,364525.03,0.0,108266.31,256258.72,NPR
2026-01-21,ACC0000007453,115080.17,0.0,40911.69,74168.48,NPR
2026-01-21,ACC0000007454,316264.33,0.0,0.0,316264.33,NPR
2026-01-21,ACC0000007455,309662.47,0.0,11864.07,297798.4,NPR
2026-01-21,ACC0000007456,354634.77,0.0,0.0,354634.77,NPR
2026-01-21,ACC0000007457,57100.17,27576.29,30921.87,53754.59,NPR
2026-01-21,ACC0000007458,376079.48,42553.31,49201.56,369431.23,NPR
2026-01-21,ACC0000007459,458122.22,0.0,68059.26,390062.96,NPR
2026-01-21,ACC0000007460,398369.2,0.0,36973.11,361396.09,NPR
2026-01-21,ACC0000007461,449609.51,0.0,108667.35,340942.16,NPR
2026-01-21,ACC0000007462,57431.57,0.0,0.0,57431.57,NPR
2026-01-21,ACC0000007463,215976.99,0.0,58755.61,157221.38,NPR
2026-01-21,ACC0000007464,399114.42,17333.05,55383.52,361063.95,NPR
2026-01-21,ACC0000007465,366667.97,0.0,0.0,366667.97,NPR
2026-01-21,ACC0000007466,269056.37,0.0,0.0,269056.37,NPR
2026-01-21,ACC0000007467,359601.6,0.0,0.0,359601.6,NPR
2026-01-21,ACC0000007468,300432.61,0.0,112243.96,188188.65,NPR
2026-01-21,ACC0000007469,23575.24,0.0,16443.44,7131.8,NPR
2026-01-21,ACC0000007470,242918.23,41720.87,1973.36,282665.74,NPR
2026-01-21,ACC0000007471,124611.83,0.0,0.0,124611.83,NPR
2026-01-21,ACC0000007472,190889.56,0.0,98066.24,92823.32,NPR
2026-01-21,ACC0000007473,221966.94,13273.2,174973.59,60266.55,NPR
2026-01-21,ACC0000007474,441545.32,0.0,86361.29,355184.03,NPR
2026-01-21,ACC0000007475,309569.39,0.0,0.0,309569.39,NPR
2026-01-21,ACC0000007476,437903.72,21130.55,112689.12,346345.15,NPR
2026-01-21,ACC0000007477,295463.48,0.0,0.0,295463.48,NPR
2026-01-21,ACC0000007478,464330.48,0.0,146794.15,317536.33,NPR
2026-01-21,ACC0000007479,233954.24,0.0,108921.92,125032.32,NPR
2026-01-21,ACC0000007480,348556.06,0.0,88717.07,259838.99,NPR
2026-01-21,ACC0000007481,269467.98,66183.91,70471.91,265179.98,NPR
2026-01-21,ACC0000007482,12463.09,82912.64,18338.26,77037.47,NPR
2026-01-21,ACC0000007483,124895.01,0.0,9315.57,115579.44,NPR
2026-01-21,ACC0000007484,194530.84,0.0,50424.95,144105.89,NPR
2026-01-21,ACC0000007485,159123.3,0.0,28655.14,130468.16,NPR
2026-01-21,ACC0000007486,349091.64,0.0,92643.5,256448.14,NPR
2026-01-21,ACC0000007487,55913.39,0.0,0.0,55913.39,NPR
2026-01-21,ACC0000007488,140206.03,0.0,0.0,140206.03,NPR
2026-01-21,ACC0000007489,145914.78,0.0,59423.53,86491.25,NPR
2026-01-21,ACC0000007490,19171.61,0.0,0.0,19171.61,NPR
2026-01-21,ACC0000007491,23171.48,0.0,40427.3,-17255.82,NPR
2026-01-21,ACC0000007492,420644.8,0.0,36955.22,383689.58,NPR
2026-01-21,ACC0000007493,342206.26,0.0,83890.17,258316.09,NPR
2026-01-21,ACC0000007494,84240.81,0.0,99586.2,-15345.39,NPR
2026-01-21,ACC0000007495,17488.34,0.0,80820.55,-63332.21,NPR
2026-01-21,ACC0000007496,145761.49,0.0,15426.13,130335.36,NPR
2026-01-21,ACC0000007497,477618.57,0.0,0.0,477618.57,NPR
2026-01-21,ACC0000007498,447243.35,0.0,0.0,447243.35,NPR
2026-01-21,ACC0000007499,56299.19,0.0,41991.94,14307.25,NPR
2026-01-21,ACC0000007500,107837.53,72850.5,85229.32,95458.71,NPR
2026-01-21,ACC0000007501,391259.06,0.0,58751.04,332508.02,NPR
2026-01-21,ACC0000007502,188117.73,0.0,0.0,188117.73,NPR
2026-01-21,ACC0000007503,490742.77,0.0,50684.26,440058.51,NPR
2026-01-21,ACC0000007504,479615.26,0.0,79266.72,400348.54,NPR
2026-01-21,ACC0000007505,67742.45,0.0,12790.57,54951.88,NPR
2026-01-21,ACC0000007506,424736.88,12152.66,62601.14,374288.4,NPR
2026-01-21,ACC0000007507,314904.18,48603.82,104787.89,258720.11,NPR
2026-01-21,ACC0000007508,425976.11,36672.07,25107.77,437540.41,NPR
2026-01-21,ACC0000007509,475496.8,0.0,0.0,475496.8,NPR
2026-01-21,ACC0000007510,360781.64,0.0,15861.63,344920.01,NPR
2026-01-21,ACC0000007511,379370.07,0.0,0.0,379370.07,NPR
2026-01-21,ACC0000007512,238772.14,36268.85,25415.79,249625.2,NPR
2026-01-21,ACC0000007513,249465.07,0.0,28505.28,220959.79,NPR
2026-01-21,ACC0000007514,158204.82,0.0,75383.07,82821.75,NPR
2026-01-21,ACC0000007515,369875.46,0.0,46257.08,323618.38,NPR
2026-01-21,ACC0000007516,316082.26,23226.95,15921.76,323387.45,NPR
2026-01-21,ACC0000007517,282096.12,45270.08,133902.64,193463.56,NPR
2026-01-21,ACC0000007518,301187.34,0.0,4466.32,296721.02,NPR
2026-01-21,ACC0000007519,450150.53,17421.33,67597.87,399973.99,NPR
2026-01-21,ACC0000007520,449032.79,0.0,26865.06,422167.73,NPR
2026-01-21,ACC0000007521,254395.75,0.0,0.0,254395.75,NPR
2026-01-21,ACC0000007522,196533.95,29586.69,0.0,226120.64,NPR
2026-01-21,ACC0000007523,470763.79,0.0,47983.6,422780.19,NPR
2026-01-21,ACC0000007524,488881.5,0.0,0.0,488881.5,NPR
2026-01-21,ACC0000007525,384150.91,0.0,0.0,384150.91,NPR
2026-01-21,ACC0000007526,119426.56,0.0,0.0,119426.56,NPR
2026-01-21,ACC0000007527,30154.89,0.0,28554.93,1599.96,NPR
2026-01-21,ACC0000007528,293629.26,0.0,0.0,293629.26,NPR
2026-01-21,ACC0000007529,58792.76,0.0,27403.02,31389.74,NPR
2026-01-21,ACC0000007530,160840.86,0.0,90415.23,70425.63,NPR
2026-01-21,ACC0000007531,15173.09,0.0,38139.84,-22966.75,NPR
2026-01-21,ACC0000007532,242948.61,0.0,28719.03,214229.58,NPR
2026-01-21,ACC0000007533,48251.86,37104.53,0.0,85356.39,NPR
2026-01-21,ACC0000007534,217112.95,0.0,85588.91,131524.04,NPR
2026-01-21,ACC0000007535,336342.54,0.0,15581.74,320760.8,NPR
2026-01-21,ACC0000007536,257757.25,0.0,0.0,257757.25,NPR
2026-01-21,ACC0000007537,260767.81,0.0,28456.4,232311.41,NPR
2026-01-21,ACC0000007538,295215.53,74869.08,7273.77,362810.84,NPR
2026-01-21,ACC0000007539,355104.32,70064.9,33231.99,391937.23,NPR
2026-01-21,ACC0000007540,489198.94,0.0,79811.47,409387.47,NPR
2026-01-21,ACC0000007541,399561.23,0.0,15623.6,383937.63,NPR
2026-01-21,ACC0000007542,69634.26,57141.99,0.0,126776.25,NPR
2026-01-21,ACC0000007543,131020.59,0.0,56283.76,74736.83,NPR
2026-01-21,ACC0000007544,71045.5,35363.12,14580.19,91828.43,NPR
2026-01-21,ACC0000007545,129545.06,0.0,0.0,129545.06,NPR
2026-01-21,ACC0000007546,322262.61,0.0,5126.1,317136.51,NPR
2026-01-21,ACC0000007547,465412.98,0.0,87461.77,377951.21,NPR
2026-01-21,ACC0000007548,100276.69,41123.45,89320.12,52080.02,NPR
2026-01-21,ACC0000007549,406749.32,0.0,91492.67,315256.65,NPR
2026-01-21,ACC0000007550,55309.82,0.0,0.0,55309.82,NPR
2026-01-21,ACC0000007551,10793.13,0.0,0.0,10793.13,NPR
2026-01-21,ACC0000007552,352714.11,0.0,0.0,352714.11,NPR
2026-01-21,ACC0000007553,256071.98,0.0,27360.29,228711.69,NPR
2026-01-21,ACC0000007554,435495.11,26581.56,99063.89,363012.78,NPR
2026-01-21,ACC0000007555,125033.26,0.0,72615.14,52418.12,NPR
2026-01-21,ACC0000007556,84603.84,0.0,115281.88,-30678.04,NPR
2026-01-21,ACC0000007557,121003.07,0.0,23324.76,97678.31,NPR
2026-01-21,ACC0000007558,269722.7,0.0,27687.55,242035.15,NPR
2026-01-21,ACC0000007559,235755.53,0.0,25625.2,210130.33,NPR
2026-01-21,ACC0000007560,364876.51,0.0,42290.7,322585.81,NPR
2026-01-21,ACC0000007561,336592.69,0.0,0.0,336592.69,NPR
2026-01-21,ACC0000007562,208320.62,0.0,0.0,208320.62,NPR
2026-01-21,ACC0000007563,171635.37,49194.23,5173.9,215655.7,NPR
2026-01-21,ACC0000007564,417463.12,0.0,0.0,417463.12,NPR
2026-01-21,ACC0000007565,452085.41,0.0,13963.89,438121.52,NPR
2026-01-21,ACC0000007566,244686.72,14373.95,63655.12,195405.55,NPR
2026-01-21,ACC0000007567,86732.38,0.0,0.0,86732.38,NPR
2026-01-21,ACC0000007568,91229.86,0.0,63039.36,28190.5,NPR
2026-01-21,ACC0000007569,364031.1,0.0,0.0,364031.1,NPR
2026-01-21,ACC0000007570,483630.67,3729.59,36500.29,450859.97,NPR
2026-01-21,ACC0000007571,1214.19,0.0,22751.97,-21537.78,NPR
2026-01-21,ACC0000007572,372166.88,7604.04,78218.95,301551.97,NPR
2026-01-21,ACC0000007573,462358.0,0.0,86956.07,375401.93,NPR
2026-01-21,ACC0000007574,225482.28,40239.34,68398.67,197322.95,NPR
2026-01-21,ACC0000007575,127393.88,0.0,0.0,127393.88,NPR
2026-01-21,ACC0000007576,409593.21,0.0,0.0,409593.21,NPR
2026-01-21,ACC0000007577,493904.81,0.0,82194.29,411710.52,NPR
2026-01-21,ACC0000007578,362428.81,0.0,0.0,362428.81,NPR
2026-01-21,ACC0000007579,224170.53,0.0,36023.41,188147.12,NPR
2026-01-21,ACC0000007580,73799.23,0.0,41644.64,32154.59,NPR
2026-01-21,ACC0000007581,266435.33,0.0,48726.52,217708.81,NPR
2026-01-21,ACC0000007582,226277.96,70979.05,0.0,297257.01,NPR
2026-01-21,ACC0000007583,456045.09,0.0,74308.6,381736.49,NPR
2026-01-21,ACC0000007584,298149.62,0.0,58396.71,239752.91,NPR
2026-01-21,ACC0000007585,463322.88,0.0,47034.33,416288.55,NPR
2026-01-21,ACC0000007586,397687.1,6334.55,39520.98,364500.67,NPR
2026-01-21,ACC0000007587,135140.94,0.0,48333.53,86807.41,NPR
2026-01-21,ACC0000007588,29788.34,24627.27,0.0,54415.61,NPR
2026-01-21,ACC0000007589,318158.59,67888.75,50161.03,335886.31,NPR
2026-01-21,ACC0000007590,273741.25,40981.05,7286.82,307435.48,NPR
2026-01-21,ACC0000007591,151314.95,41347.76,8257.71,184405.0,NPR
2026-01-21,ACC0000007592,42022.03,0.0,39282.59,2739.44,NPR
2026-01-21,ACC0000007593,273923.63,0.0,21162.06,252761.57,NPR
2026-01-21,ACC0000007594,385632.14,12925.62,62565.42,335992.34,NPR
2026-01-21,ACC0000007595,175428.51,0.0,0.0,175428.51,NPR
2026-01-21,ACC0000007596,356837.06,0.0,42846.79,313990.27,NPR
2026-01-21,ACC0000007597,243588.83,0.0,0.0,243588.83,NPR
2026-01-21,ACC0000007598,231704.21,0.0,74560.46,157143.75,NPR
2026-01-21,ACC0000007599,373342.2,0.0,2076.45,371265.75,NPR
2026-01-21,ACC0000007600,6161.34,0.0,78774.32,-72612.98,NPR
2026-01-21,ACC0000007601,226357.38,0.0,32849.62,193507.76,NPR
2026-01-21,ACC0000007602,126085.5,16186.1,28401.05,113870.55,NPR
2026-01-21,ACC0000007603,354014.57,71025.74,1101.7,423938.61,NPR
2026-01-21,ACC0000007604,332667.82,486.03,50280.26,282873.59,NPR
2026-01-21,ACC0000007605,152656.09,6485.86,0.0,159141.95,NPR
2026-01-21,ACC0000007606,451516.15,0.0,50759.82,400756.33,NPR
2026-01-21,ACC0000007607,116350.92,45365.77,22544.03,139172.66,NPR
2026-01-21,ACC0000007608,73986.35,2566.79,17885.83,58667.31,NPR
2026-01-21,ACC0000007609,280020.28,2238.16,55737.82,226520.62,NPR
2026-01-21,ACC0000007610,77115.77,0.0,78113.16,-997.39,NPR
2026-01-21,ACC0000007611,330589.32,39586.43,34219.19,335956.56,NPR
2026-01-21,ACC0000007612,311167.83,0.0,31646.55,279521.28,NPR
2026-01-21,ACC0000007613,265829.85,0.0,89704.64,176125.21,NPR
2026-01-21,ACC0000007614,20023.95,0.0,24813.62,-4789.67,NPR
2026-01-21,ACC0000007615,156308.48,16355.44,57084.42,115579.5,NPR
2026-01-21,ACC0000007616,364785.11,0.0,103987.45,260797.66,NPR
2026-01-21,ACC0000007617,415038.57,0.0,0.0,415038.57,NPR
2026-01-21,ACC0000007618,188917.94,2450.05,70656.12,120711.87,NPR
2026-01-21,ACC0000007619,483696.16,0.0,23586.87,460109.29,NPR
2026-01-21,ACC0000007620,15814.64,0.0,95976.87,-80162.23,NPR
2026-01-21,ACC0000007621,392932.55,0.0,0.0,392932.55,NPR
2026-01-21,ACC0000007622,163489.77,0.0,35176.14,128313.63,NPR
2026-01-21,ACC0000007623,16434.37,13637.6,76851.79,-46779.82,NPR
2026-01-21,ACC0000007624,425548.78,0.0,150911.62,274637.16,NPR
2026-01-21,ACC0000007625,27489.76,5661.36,0.0,33151.12,NPR
2026-01-21,ACC0000007626,317976.93,47562.48,6019.03,359520.38,NPR
2026-01-21,ACC0000007627,289077.28,0.0,76669.1,212408.18,NPR
2026-01-21,ACC0000007628,204671.87,28828.78,85552.98,147947.67,NPR
2026-01-21,ACC0000007629,191069.78,30926.59,1962.99,220033.38,NPR
2026-01-21,ACC0000007630,41717.29,0.0,24680.94,17036.35,NPR
2026-01-21,ACC0000007631,53526.15,0.0,45090.46,8435.69,NPR
2026-01-21,ACC0000007632,209396.22,0.0,0.0,209396.22,NPR
2026-01-21,ACC0000007633,352478.91,0.0,115625.36,236853.55,NPR
2026-01-21,ACC0000007634,443580.63,0.0,89274.74,354305.89,NPR
2026-01-21,ACC0000007635,263990.1,0.0,0.0,263990.1,NPR
2026-01-21,ACC0000007636,431366.9,25944.56,0.0,457311.46,NPR
2026-01-21,ACC0000007637,450236.38,0.0,0.0,450236.38,NPR
2026-01-21,ACC0000007638,147510.35,0.0,43804.98,103705.37,NPR
2026-01-21,ACC0000007639,188276.48,0.0,53194.58,135081.9,NPR
2026-01-21,ACC0000007640,25578.14,0.0,85816.76,-60238.62,NPR
2026-01-21,ACC0000007641,291506.13,0.0,36670.91,254835.22,NPR
2026-01-21,ACC0000007642,367558.06,89870.74,47982.35,409446.45,NPR
2026-01-21,ACC0000007643,333671.57,0.0,40978.8,292692.77,NPR
2026-01-21,ACC0000007644,414974.0,20451.31,14110.52,421314.79,NPR
2026-01-21,ACC0000007645,447445.75,0.0,38652.35,408793.4,NPR
2026-01-21,ACC0000007646,113405.96,0.0,53793.61,59612.35,NPR
2026-01-21,ACC0000007647,466114.39,35764.58,105314.79,396564.18,NPR
2026-01-21,ACC0000007648,288778.54,0.0,84275.36,204503.18,NPR
2026-01-21,ACC0000007649,186642.91,0.0,129791.56,56851.35,NPR
2026-01-21,ACC0000007650,106025.24,0.0,7608.7,98416.54,NPR
2026-01-21,ACC0000007651,3435.74,0.0,23308.03,-19872.29,NPR
2026-01-21,ACC0000007652,207401.59,0.0,127682.47,79719.12,NPR
2026-01-21,ACC0000007653,202964.5,0.0,58983.69,143980.81,NPR
2026-01-21,ACC0000007654,58801.38,394.56,123250.54,-64054.6,NPR
2026-01-21,ACC0000007655,275471.84,0.0,0.0,275471.84,NPR
2026-01-21,ACC0000007656,233197.41,5572.26,86211.36,152558.31,NPR
2026-01-21,ACC0000007657,101317.13,0.0,4629.8,96687.33,NPR
2026-01-21,ACC0000007658,13936.52,0.0,57859.65,-43923.13,NPR
2026-01-21,ACC0000007659,397412.74,17910.27,53643.33,361679.68,NPR
2026-01-21,ACC0000007660,79152.26,53250.67,67876.88,64526.05,NPR
2026-01-21,ACC0000007661,260433.37,0.0,30876.79,229556.58,NPR
2026-01-21,ACC0000007662,448329.09,0.0,57843.67,390485.42,NPR
2026-01-21,ACC0000007663,203026.65,0.0,0.0,203026.65,NPR
2026-01-21,ACC0000007664,368267.0,36161.15,6994.08,397434.07,NPR
2026-01-21,ACC0000007665,167476.32,10865.78,0.0,178342.1,NPR
2026-01-21,ACC0000007666,109939.82,24396.46,47134.84,87201.44,NPR
2026-01-21,ACC0000007667,148806.05,37986.74,25179.47,161613.32,NPR
2026-01-21,ACC0000007668,200437.21,0.0,0.0,200437.21,NPR
2026-01-21,ACC0000007669,373316.21,0.0,0.0,373316.21,NPR
2026-01-21,ACC0000007670,412758.74,4268.25,72235.1,344791.89,NPR
2026-01-21,ACC0000007671,117854.25,0.0,81313.73,36540.52,NPR
2026-01-21,ACC0000007672,406382.95,44518.63,37022.38,413879.2,NPR
2026-01-21,ACC0000007673,247733.22,0.0,26477.73,221255.49,NPR
2026-01-21,ACC0000007674,225325.41,93757.36,63706.75,255376.02,NPR
2026-01-21,ACC0000007675,117561.01,0.0,68014.01,49547.0,NPR
2026-01-21,ACC0000007676,55342.16,0.0,0.0,55342.16,NPR
2026-01-21,ACC0000007677,267089.27,0.0,29032.7,238056.57,NPR
2026-01-21,ACC0000007678,237293.12,0.0,9444.44,227848.68,NPR
2026-01-21,ACC0000007679,440898.92,0.0,0.0,440898.92,NPR
2026-01-21,ACC0000007680,98561.29,0.0,65406.57,33154.72,NPR
2026-01-21,ACC0000007681,405476.71,0.0,47924.48,357552.23,NPR
2026-01-21,ACC0000007682,375219.6,9432.66,43674.66,340977.6,NPR
2026-01-21,ACC0000007683,275678.28,0.0,32758.49,242919.79,NPR
2026-01-21,ACC0000007684,154790.71,0.0,76696.8,78093.91,NPR
2026-01-21,ACC0000007685,232925.08,19845.55,105362.93,147407.7,NPR
2026-01-21,ACC0000007686,160229.38,0.0,0.0,160229.38,NPR
2026-01-21,ACC0000007687,453723.52,0.0,100778.16,352945.36,NPR
2026-01-21,ACC0000007688,478030.71,0.0,48148.07,429882.64,NPR
2026-01-21,ACC0000007689,73513.41,0.0,10015.88,63497.53,NPR
2026-01-21,ACC0000007690,81424.44,0.0,130161.14,-48736.7,NPR
2026-01-21,ACC0000007691,397043.34,7203.46,114304.4,289942.4,NPR
2026-01-21,ACC0000007692,338636.69,0.0,33958.61,304678.08,NPR
2026-01-21,ACC0000007693,155758.6,0.0,39157.82,116600.78,NPR
2026-01-21,ACC0000007694,131661.7,18065.45,66772.68,82954.47,NPR
2026-01-21,ACC0000007695,75421.2,0.0,44138.28,31282.92,NPR
2026-01-21,ACC0000007696,406227.47,0.0,0.0,406227.47,NPR
2026-01-21,ACC0000007697,468053.54,98501.68,0.0,566555.22,NPR
2026-01-21,ACC0000007698,246141.2,0.0,0.0,246141.2,NPR
2026-01-21,ACC0000007699,313463.08,0.0,52787.8,260675.28,NPR
2026-01-21,ACC0000007700,185655.83,45198.33,94844.96,136009.2,NPR
2026-01-21,ACC0000007701,96388.23,21354.54,48119.63,69623.14,NPR
2026-01-21,ACC0000007702,96999.12,0.0,123518.89,-26519.77,NPR
2026-01-21,ACC0000007703,328266.35,0.0,0.0,328266.35,NPR
2026-01-21,ACC0000007704,315019.51,0.0,0.0,315019.51,NPR
2026-01-21,ACC0000007705,158506.52,0.0,10494.56,148011.96,NPR
2026-01-21,ACC0000007706,56677.54,21156.15,0.0,77833.69,NPR
2026-01-21,ACC0000007707,239576.89,215.91,46977.21,192815.59,NPR
2026-01-21,ACC0000007708,392371.04,59070.29,92738.01,358703.32,NPR
2026-01-21,ACC0000007709,432154.04,11732.02,0.0,443886.06,NPR
2026-01-21,ACC0000007710,29114.55,0.0,0.0,29114.55,NPR
2026-01-21,ACC0000007711,220655.1,0.0,31839.89,188815.21,NPR
2026-01-21,ACC0000007712,421185.24,0.0,32129.38,389055.86,NPR
2026-01-21,ACC0000007713,306456.36,0.0,49519.75,256936.61,NPR
2026-01-21,ACC0000007714,52543.83,42788.26,117040.88,-21708.79,NPR
2026-01-21,ACC0000007715,1138.14,0.0,48620.76,-47482.62,NPR
2026-01-21,ACC0000007716,71543.09,25754.27,4473.59,92823.77,NPR
2026-01-21,ACC0000007717,263077.01,3299.15,63124.22,203251.94,NPR
2026-01-21,ACC0000007718,19529.11,0.0,0.0,19529.11,NPR
2026-01-21,ACC0000007719,112392.02,45585.38,74139.28,83838.12,NPR
2026-01-21,ACC0000007720,74133.04,0.0,0.0,74133.04,NPR
2026-01-21,ACC0000007721,125350.89,45357.51,136209.8,34498.6,NPR
2026-01-21,ACC0000007722,462977.52,0.0,80032.23,382945.29,NPR
2026-01-21,ACC0000007723,437442.39,0.0,95500.56,341941.83,NPR
2026-01-21,ACC0000007724,475389.65,0.0,0.0,475389.65,NPR
2026-01-21,ACC0000007725,95467.51,41415.52,36435.25,100447.78,NPR
2026-01-21,ACC0000007726,311200.88,29228.11,122722.62,217706.37,NPR
2026-01-21,ACC0000007727,130540.72,0.0,30531.95,100008.77,NPR
2026-01-21,ACC0000007728,28484.45,76542.4,21296.43,83730.42,NPR
2026-01-21,ACC0000007729,164752.68,36848.42,48600.36,153000.74,NPR
2026-01-21,ACC0000007730,36644.49,0.0,29996.3,6648.19,NPR
2026-01-21,ACC0000007731,300169.9,28106.81,83125.94,245150.77,NPR
2026-01-21,ACC0000007732,168016.26,0.0,0.0,168016.26,NPR
2026-01-21,ACC0000007733,106353.02,19022.25,12054.46,113320.81,NPR
2026-01-21,ACC0000007734,323847.73,0.0,0.0,323847.73,NPR
2026-01-21,ACC0000007735,261615.1,26904.93,105148.21,183371.82,NPR
2026-01-21,ACC0000007736,365488.95,0.0,73668.25,291820.7,NPR
2026-01-21,ACC0000007737,160771.94,0.0,45977.55,114794.39,NPR
2026-01-21,ACC0000007738,407568.71,66237.66,107844.57,365961.8,NPR
2026-01-21,ACC0000007739,374969.26,82898.32,95303.04,362564.54,NPR
2026-01-21,ACC0000007740,212526.26,16801.59,34514.42,194813.43,NPR
2026-01-21,ACC0000007741,151554.23,8369.62,28886.36,131037.49,NPR
2026-01-21,ACC0000007742,424724.55,0.0,69846.53,354878.02,NPR
2026-01-21,ACC0000007743,159442.88,12762.36,58727.42,113477.82,NPR
2026-01-21,ACC0000007744,7350.36,0.0,16919.11,-9568.75,NPR
2026-01-21,ACC0000007745,291511.34,0.0,111514.77,179996.57,NPR
2026-01-21,ACC0000007746,97621.9,24007.46,90676.23,30953.13,NPR
2026-01-21,ACC0000007747,357757.6,0.0,74239.06,283518.54,NPR
2026-01-21,ACC0000007748,342119.55,0.0,0.0,342119.55,NPR
2026-01-21,ACC0000007749,462069.41,8296.22,0.0,470365.63,NPR
2026-01-21,ACC0000007750,303713.8,15362.57,53033.69,266042.68,NPR
2026-01-21,ACC0000007751,36501.27,21557.94,0.0,58059.21,NPR
2026-01-21,ACC0000007752,391547.85,56058.35,53046.68,394559.52,NPR
2026-01-21,ACC0000007753,476091.65,0.0,50906.45,425185.2,NPR
2026-01-21,ACC0000007754,266266.35,3814.1,0.0,270080.45,NPR
2026-01-21,ACC0000007755,25356.21,0.0,13733.07,11623.14,NPR
2026-01-21,ACC0000007756,351885.81,0.0,143994.06,207891.75,NPR
2026-01-21,ACC0000007757,293676.61,0.0,0.0,293676.61,NPR
2026-01-21,ACC0000007758,143263.82,0.0,2391.9,140871.92,NPR
2026-01-21,ACC0000007759,469448.16,28631.38,56747.72,441331.82,NPR
2026-01-21,ACC0000007760,196245.19,29672.11,0.0,225917.3,NPR
2026-01-21,ACC0000007761,488147.62,0.0,0.0,488147.62,NPR
2026-01-21,ACC0000007762,453801.08,0.0,27309.67,426491.41,NPR
2026-01-21,ACC0000007763,221486.75,0.0,29952.46,191534.29,NPR
2026-01-21,ACC0000007764,120534.14,0.0,57953.21,62580.93,NPR
2026-01-21,ACC0000007765,259168.67,24820.2,93382.58,190606.29,NPR
2026-01-21,ACC0000007766,277418.44,0.0,31724.29,245694.15,NPR
2026-01-21,ACC0000007767,478701.59,6167.81,2195.26,482674.14,NPR
2026-01-21,ACC0000007768,281792.15,0.0,0.0,281792.15,NPR
2026-01-21,ACC0000007769,178761.05,29645.66,66718.0,141688.71,NPR
2026-01-21,ACC0000007770,1505.13,0.0,46032.08,-44526.95,NPR
2026-01-21,ACC0000007771,441396.39,0.0,115299.51,326096.88,NPR
2026-01-21,ACC0000007772,480266.95,0.0,20022.36,460244.59,NPR
2026-01-21,ACC0000007773,250257.53,0.0,48245.68,202011.85,NPR
2026-01-21,ACC0000007774,491259.36,0.0,101972.98,389286.38,NPR
2026-01-21,ACC0000007775,24059.77,0.0,0.0,24059.77,NPR
2026-01-21,ACC0000007776,25769.97,0.0,116646.45,-90876.48,NPR
2026-01-21,ACC0000007777,492001.44,0.0,38520.88,453480.56,NPR
2026-01-21,ACC0000007778,401566.35,0.0,19980.98,381585.37,NPR
2026-01-21,ACC0000007779,167690.02,0.0,3576.03,164113.99,NPR
2026-01-21,ACC0000007780,72648.7,17743.58,36828.12,53564.16,NPR
2026-01-21,ACC0000007781,358466.44,4311.33,67648.08,295129.69,NPR
2026-01-21,ACC0000007782,373751.38,15833.02,113884.99,275699.41,NPR
2026-01-21,ACC0000007783,428510.85,0.0,0.0,428510.85,NPR
2026-01-21,ACC0000007784,466063.63,38238.59,74896.52,429405.7,NPR
2026-01-21,ACC0000007785,323760.47,40900.62,115571.09,249090.0,NPR
2026-01-21,ACC0000007786,317609.79,0.0,0.0,317609.79,NPR
2026-01-21,ACC0000007787,291862.25,44415.23,34436.44,301841.04,NPR
2026-01-21,ACC0000007788,249996.61,0.0,46927.09,203069.52,NPR
2026-01-21,ACC0000007789,344636.38,46723.09,0.0,391359.47,NPR
2026-01-21,ACC0000007790,252643.23,10378.47,102086.65,160935.05,NPR
2026-01-21,ACC0000007791,444525.57,49760.81,85923.89,408362.49,NPR
2026-01-21,ACC0000007792,228819.39,0.0,47072.01,181747.38,NPR
2026-01-21,ACC0000007793,461488.89,0.0,0.0,461488.89,NPR
2026-01-21,ACC0000007794,354709.7,0.0,63427.05,291282.65,NPR
2026-01-21,ACC0000007795,202391.66,0.0,25422.02,176969.64,NPR
2026-01-21,ACC0000007796,396268.83,0.0,0.0,396268.83,NPR
2026-01-21,ACC0000007797,40301.88,38462.18,39131.09,39632.97,NPR
2026-01-21,ACC0000007798,140245.13,0.0,0.0,140245.13,NPR
2026-01-21,ACC0000007799,41127.19,0.0,0.0,41127.19,NPR
2026-01-21,ACC0000007800,190253.33,0.0,0.0,190253.33,NPR
2026-01-21,ACC0000007801,453016.94,0.0,87711.93,365305.01,NPR
2026-01-21,ACC0000007802,436786.4,92377.11,0.0,529163.51,NPR
2026-01-21,ACC0000007803,44699.16,0.0,0.0,44699.16,NPR
2026-01-21,ACC0000007804,494459.96,3299.58,18452.29,479307.25,NPR
2026-01-21,ACC0000007805,355020.83,0.0,99908.06,255112.77,NPR
2026-01-21,ACC0000007806,361263.14,61952.22,77204.38,346010.98,NPR
2026-01-21,ACC0000007807,288959.22,0.0,0.0,288959.22,NPR
2026-01-21,ACC0000007808,395965.33,22517.57,2877.04,415605.86,NPR
2026-01-21,ACC0000007809,48363.16,28905.52,0.0,77268.68,NPR
2026-01-21,ACC0000007810,179045.05,18320.36,1715.83,195649.58,NPR
2026-01-21,ACC0000007811,223998.56,0.0,119976.46,104022.1,NPR
2026-01-21,ACC0000007812,345693.92,23256.2,40505.56,328444.56,NPR
2026-01-21,ACC0000007813,197570.57,0.0,113930.04,83640.53,NPR
2026-01-21,ACC0000007814,439250.34,0.0,83362.77,355887.57,NPR
2026-01-21,ACC0000007815,127611.77,31736.42,53078.77,106269.42,NPR
2026-01-21,ACC0000007816,258201.87,40013.54,11780.69,286434.72,NPR
2026-01-21,ACC0000007817,118471.55,16099.86,0.0,134571.41,NPR
2026-01-21,ACC0000007818,461809.13,0.0,72002.75,389806.38,NPR
2026-01-21,ACC0000007819,158183.91,0.0,0.0,158183.91,NPR
2026-01-21,ACC0000007820,357155.91,0.0,61945.85,295210.06,NPR
2026-01-21,ACC0000007821,193013.97,0.0,82206.86,110807.11,NPR
2026-01-21,ACC0000007822,167201.73,0.0,8869.0,158332.73,NPR
2026-01-21,ACC0000007823,364728.71,9724.83,0.0,374453.54,NPR
2026-01-21,ACC0000007824,462134.51,0.0,103742.44,358392.07,NPR
2026-01-21,ACC0000007825,493699.46,36521.08,94814.34,435406.2,NPR
2026-01-21,ACC0000007826,114293.07,0.0,0.0,114293.07,NPR
2026-01-21,ACC0000007827,203954.1,81139.93,7091.06,278002.97,NPR
2026-01-21,ACC0000007828,435110.08,19108.2,33532.08,420686.2,NPR
2026-01-21,ACC0000007829,348048.1,0.0,52994.02,295054.08,NPR
2026-01-21,ACC0000007830,134234.47,0.0,0.0,134234.47,NPR
2026-01-21,ACC0000007831,119052.62,0.0,0.0,119052.62,NPR
2026-01-21,ACC0000007832,355113.62,37188.5,12867.71,379434.41,NPR
2026-01-21,ACC0000007833,120712.66,0.0,49271.74,71440.92,NPR
2026-01-21,ACC0000007834,441695.42,29886.9,126391.5,345190.82,NPR
2026-01-21,ACC0000007835,372052.69,0.0,41365.21,330687.48,NPR
2026-01-21,ACC0000007836,322943.23,14438.87,42271.07,295111.03,NPR
2026-01-21,ACC0000007837,251387.83,0.0,101414.27,149973.56,NPR
2026-01-21,ACC0000007838,53842.25,0.0,34381.08,19461.17,NPR
2026-01-21,ACC0000007839,316891.87,43405.45,0.0,360297.32,NPR
2026-01-21,ACC0000007840,341595.52,0.0,0.0,341595.52,NPR
2026-01-21,ACC0000007841,414951.16,49606.43,69879.39,394678.2,NPR
2026-01-21,ACC0000007842,120320.81,19320.87,81699.69,57941.99,NPR
2026-01-21,ACC0000007843,356183.27,46062.7,82029.68,320216.29,NPR
2026-01-21,ACC0000007844,67351.31,2519.57,78248.88,-8378.0,NPR
2026-01-21,ACC0000007845,220502.17,0.0,0.0,220502.17,NPR
2026-01-21,ACC0000007846,498582.22,0.0,16950.19,481632.03,NPR
2026-01-21,ACC0000007847,156582.54,0.0,112688.88,43893.66,NPR
2026-01-21,ACC0000007848,7261.08,6376.4,22479.51,-8842.03,NPR
2026-01-21,ACC0000007849,231464.1,0.0,24893.42,206570.68,NPR
2026-01-21,ACC0000007850,108087.53,0.0,80152.1,27935.43,NPR
2026-01-21,ACC0000007851,361597.27,20681.35,32504.03,349774.59,NPR
2026-01-21,ACC0000007852,47942.31,25838.89,55517.93,18263.27,NPR
2026-01-21,ACC0000007853,243587.96,45913.29,63081.65,226419.6,NPR
2026-01-21,ACC0000007854,167606.76,0.0,0.0,167606.76,NPR
2026-01-21,ACC0000007855,179813.01,19596.68,98966.46,100443.23,NPR
2026-01-21,ACC0000007856,447631.06,83281.86,35985.19,494927.73,NPR
2026-01-21,ACC0000007857,58882.26,18977.81,12925.6,64934.47,NPR
2026-01-21,ACC0000007858,137168.54,16338.5,0.0,153507.04,NPR
2026-01-21,ACC0000007859,98076.25,0.0,0.0,98076.25,NPR
2026-01-21,ACC0000007860,160767.89,0.0,30289.7,130478.19,NPR
2026-01-21,ACC0000007861,455579.06,0.0,76672.38,378906.68,NPR
2026-01-21,ACC0000007862,150602.86,0.0,79426.39,71176.47,NPR
2026-01-21,ACC0000007863,349208.39,0.0,30503.3,318705.09,NPR
2026-01-21,ACC0000007864,148270.75,0.0,59179.92,89090.83,NPR
2026-01-21,ACC0000007865,46385.55,0.0,20918.97,25466.58,NPR
2026-01-21,ACC0000007866,86210.79,0.0,46377.03,39833.76,NPR
2026-01-21,ACC0000007867,463837.3,0.0,117915.52,345921.78,NPR
2026-01-21,ACC0000007868,162139.55,36044.24,102427.55,95756.24,NPR
2026-01-21,ACC0000007869,148358.26,15863.56,85738.17,78483.65,NPR
2026-01-21,ACC0000007870,425575.33,36255.33,15313.83,446516.83,NPR
2026-01-21,ACC0000007871,220072.22,3634.04,58280.1,165426.16,NPR
2026-01-21,ACC0000007872,57489.54,0.0,65212.64,-7723.1,NPR
2026-01-21,ACC0000007873,127535.3,0.0,0.0,127535.3,NPR
2026-01-21,ACC0000007874,155608.99,49796.81,10606.32,194799.48,NPR
2026-01-21,ACC0000007875,299908.2,38864.15,53488.9,285283.45,NPR
2026-01-21,ACC0000007876,328330.79,0.0,0.0,328330.79,NPR
2026-01-21,ACC0000007877,280362.27,0.0,0.0,280362.27,NPR
2026-01-21,ACC0000007878,200768.29,7709.51,102298.58,106179.22,NPR
2026-01-21,ACC0000007879,270138.44,0.0,46678.78,223459.66,NPR
2026-01-21,ACC0000007880,238636.61,0.0,0.0,238636.61,NPR
2026-01-21,ACC0000007881,310752.37,20378.53,6187.92,324942.98,NPR
2026-01-21,ACC0000007882,457145.02,0.0,0.0,457145.02,NPR
2026-01-21,ACC0000007883,360085.58,0.0,0.0,360085.58,NPR
2026-01-21,ACC0000007884,208841.0,0.0,83774.19,125066.81,NPR
2026-01-21,ACC0000007885,38936.76,0.0,90268.39,-51331.63,NPR
2026-01-21,ACC0000007886,58991.88,13909.62,145097.25,-72195.75,NPR
2026-01-21,ACC0000007887,141089.91,47240.76,0.0,188330.67,NPR
2026-01-21,ACC0000007888,185068.62,0.0,0.0,185068.62,NPR
2026-01-21,ACC0000007889,333214.11,0.0,32107.8,301106.31,NPR
2026-01-21,ACC0000007890,405521.62,12174.84,37637.37,380059.09,NPR
2026-01-21,ACC0000007891,418510.11,0.0,0.0,418510.11,NPR
2026-01-21,ACC0000007892,176203.79,0.0,42416.46,133787.33,NPR
2026-01-21,ACC0000007893,469607.49,0.0,0.0,469607.49,NPR
2026-01-21,ACC0000007894,97541.65,63700.06,29608.03,131633.68,NPR
2026-01-21,ACC0000007895,481721.34,0.0,38866.39,442854.95,NPR
2026-01-21,ACC0000007896,291385.38,134.32,88678.28,202841.42,NPR
2026-01-21,ACC0000007897,495460.73,0.0,0.0,495460.73,NPR
2026-01-21,ACC0000007898,303623.04,17333.68,85519.7,235437.02,NPR
2026-01-21,ACC0000007899,285318.66,7513.04,47761.81,245069.89,NPR
2026-01-21,ACC0000007900,270417.66,6658.41,91300.59,185775.48,NPR
2026-01-21,ACC0000007901,261950.38,46203.54,92964.64,215189.28,NPR
2026-01-21,ACC0000007902,452932.15,0.0,18809.72,434122.43,NPR
2026-01-21,ACC0000007903,25829.23,0.0,46636.79,-20807.56,NPR
2026-01-21,ACC0000007904,79706.96,59534.64,23653.66,115587.94,NPR
2026-01-21,ACC0000007905,460258.3,46642.13,76627.72,430272.71,NPR
2026-01-21,ACC0000007906,169529.98,0.0,417.43,169112.55,NPR
2026-01-21,ACC0000007907,81286.22,0.0,12174.64,69111.58,NPR
2026-01-21,ACC0000007908,363165.33,29395.77,52781.45,339779.65,NPR
2026-01-21,ACC0000007909,146359.15,0.0,3767.28,142591.87,NPR
2026-01-21,ACC0000007910,50440.82,0.0,0.0,50440.82,NPR
2026-01-21,ACC0000007911,216161.36,68070.45,20370.99,263860.82,NPR
2026-01-21,ACC0000007912,408924.33,11148.94,96614.16,323459.11,NPR
2026-01-21,ACC0000007913,211873.19,26401.78,13851.14,224423.83,NPR
2026-01-21,ACC0000007914,173845.18,0.0,47368.98,126476.2,NPR
2026-01-21,ACC0000007915,82863.26,40494.86,35424.42,87933.7,NPR
2026-01-21,ACC0000007916,122372.98,0.0,0.0,122372.98,NPR
2026-01-21,ACC0000007917,91013.0,24491.12,70700.38,44803.74,NPR
2026-01-21,ACC0000007918,158899.84,718.32,46955.77,112662.39,NPR
2026-01-21,ACC0000007919,250959.3,79493.88,44564.4,285888.78,NPR
2026-01-21,ACC0000007920,148769.25,0.0,41783.72,106985.53,NPR
2026-01-21,ACC0000007921,321951.87,0.0,138501.18,183450.69,NPR
2026-01-21,ACC0000007922,118707.81,25773.15,67207.99,77272.97,NPR
2026-01-21,ACC0000007923,334872.98,0.0,42205.41,292667.57,NPR
2026-01-21,ACC0000007924,278757.51,47684.59,0.0,326442.1,NPR
2026-01-21,ACC0000007925,147009.2,2298.49,54781.09,94526.6,NPR
2026-01-21,ACC0000007926,300652.95,0.0,96028.21,204624.74,NPR
2026-01-21,ACC0000007927,132965.4,0.0,37157.22,95808.18,NPR
2026-01-21,ACC0000007928,388136.35,18330.8,86752.5,319714.65,NPR
2026-01-21,ACC0000007929,42577.8,0.0,0.0,42577.8,NPR
2026-01-21,ACC0000007930,10087.25,83702.7,61534.54,32255.41,NPR
2026-01-21,ACC0000007931,64319.36,0.0,8727.48,55591.88,NPR
2026-01-21,ACC0000007932,374483.34,0.0,13373.63,361109.71,NPR
2026-01-21,ACC0000007933,468419.47,24856.39,108667.3,384608.56,NPR
2026-01-21,ACC0000007934,275992.32,0.0,26253.5,249738.82,NPR
2026-01-21,ACC0000007935,368931.89,0.0,0.0,368931.89,NPR
2026-01-21,ACC0000007936,461782.1,39827.36,85867.95,415741.51,NPR
2026-01-21,ACC0000007937,166295.99,0.0,0.0,166295.99,NPR
2026-01-21,ACC0000007938,38992.96,0.0,84869.08,-45876.12,NPR
2026-01-21,ACC0000007939,195263.77,38290.58,67474.19,166080.16,NPR
2026-01-21,ACC0000007940,478077.74,18553.56,55462.51,441168.79,NPR
2026-01-21,ACC0000007941,62005.9,0.0,20038.87,41967.03,NPR
2026-01-21,ACC0000007942,77994.14,0.0,78027.56,-33.42,NPR
2026-01-21,ACC0000007943,74003.34,31643.33,0.0,105646.67,NPR
2026-01-21,ACC0000007944,23995.8,40567.63,35222.71,29340.72,NPR
2026-01-21,ACC0000007945,137673.67,0.0,26739.42,110934.25,NPR
2026-01-21,ACC0000007946,217804.58,28317.67,70081.86,176040.39,NPR
2026-01-21,ACC0000007947,289938.13,116859.5,72395.89,334401.74,NPR
2026-01-21,ACC0000007948,466995.72,0.0,74013.69,392982.03,NPR
2026-01-21,ACC0000007949,445032.61,0.0,0.0,445032.61,NPR
2026-01-21,ACC0000007950,101010.52,0.0,75849.82,25160.7,NPR
2026-01-21,ACC0000007951,119101.76,0.0,38608.45,80493.31,NPR
2026-01-21,ACC0000007952,38875.03,0.0,39225.46,-350.43,NPR
2026-01-21,ACC0000007953,15333.81,0.0,91478.12,-76144.31,NPR
2026-01-21,ACC0000007954,290662.4,0.0,57956.88,232705.52,NPR
2026-01-21,ACC0000007955,419909.77,33524.6,47989.06,405445.31,NPR
2026-01-21,ACC0000007956,447854.82,0.0,0.0,447854.82,NPR
2026-01-21,ACC0000007957,327649.24,9547.87,27939.36,309257.75,NPR
2026-01-21,ACC0000007958,466285.96,33104.12,78027.4,421362.68,NPR
2026-01-21,ACC0000007959,381455.99,0.0,0.0,381455.99,NPR
2026-01-21,ACC0000007960,252638.73,48991.08,0.0,301629.81,NPR
2026-01-21,ACC0000007961,118864.57,0.0,35047.79,83816.78,NPR
2026-01-21,ACC0000007962,323665.35,0.0,0.0,323665.35,NPR
2026-01-21,ACC0000007963,154187.53,12850.18,31342.14,135695.57,NPR
2026-01-21,ACC0000007964,344760.6,0.0,42715.08,302045.52,NPR
2026-01-21,ACC0000007965,97589.3,0.0,27355.69,70233.61,NPR
2026-01-21,ACC0000007966,163702.58,0.0,0.0,163702.58,NPR
2026-01-21,ACC0000007967,478623.66,53829.45,43165.34,489287.77,NPR
2026-01-21,ACC0000007968,201114.54,0.0,43407.03,157707.51,NPR
2026-01-21,ACC0000007969,209067.2,0.0,26511.93,182555.27,NPR
2026-01-21,ACC0000007970,20928.34,0.0,0.0,20928.34,NPR
2026-01-21,ACC0000007971,22108.98,0.0,37613.17,-15504.19,NPR
2026-01-21,ACC0000007972,160526.52,0.0,0.0,160526.52,NPR
2026-01-21,ACC0000007973,404196.77,0.0,65175.3,339021.47,NPR
2026-01-21,ACC0000007974,296671.73,0.0,0.0,296671.73,NPR
2026-01-21,ACC0000007975,454097.03,39874.36,102931.39,391040.0,NPR
2026-01-21,ACC0000007976,253850.65,0.0,26282.78,227567.87,NPR
2026-01-21,ACC0000007977,403850.75,0.0,19551.04,384299.71,NPR
2026-01-21,ACC0000007978,224735.35,0.0,75131.04,149604.31,NPR
2026-01-21,ACC0000007979,469505.58,0.0,52122.79,417382.79,NPR
2026-01-21,ACC0000007980,64450.82,0.0,43994.56,20456.26,NPR
2026-01-21,ACC0000007981,351896.02,31429.06,10120.55,373204.53,NPR
2026-01-21,ACC0000007982,65168.31,0.0,29353.51,35814.8,NPR
2026-01-21,ACC0000007983,13561.56,54868.26,40860.72,27569.1,NPR
2026-01-21,ACC0000007984,391869.97,0.0,0.0,391869.97,NPR
2026-01-21,ACC0000007985,13671.68,0.0,59644.09,-45972.41,NPR
2026-01-21,ACC0000007986,105538.85,49856.77,0.0,155395.62,NPR
2026-01-21,ACC0000007987,103930.34,34823.24,49706.96,89046.62,NPR
2026-01-21,ACC0000007988,117719.98,11198.24,44708.81,84209.41,NPR
2026-01-21,ACC0000007989,61765.34,20688.04,84655.21,-2201.83,NPR
2026-01-21,ACC0000007990,433004.12,0.0,0.0,433004.12,NPR
2026-01-21,ACC0000007991,425675.48,0.0,39928.81,385746.67,NPR
2026-01-21,ACC0000007992,408577.87,0.0,33939.1,374638.77,NPR
2026-01-21,ACC0000007993,323978.61,0.0,94123.11,229855.5,NPR
2026-01-21,ACC0000007994,149101.67,0.0,107322.51,41779.16,NPR
2026-01-21,ACC0000007995,181366.11,31896.1,189976.12,23286.09,NPR
2026-01-21,ACC0000007996,367531.0,0.0,51955.02,315575.98,NPR
2026-01-21,ACC0000007997,120869.51,0.0,79207.04,41662.47,NPR
2026-01-21,ACC0000007998,326460.55,92569.59,10274.3,408755.84,NPR
2026-01-21,ACC0000007999,211762.09,63405.45,24639.39,250528.15,NPR
2026-01-21,ACC0000008000,499132.93,0.0,139096.97,360035.96,NPR
