balance_date,account_id,opening_balance,credit_total,debit_total,closing_balance,currency
2026-01-26,ACC0000000001,331047.87,0.0,35150.43,295897.44,NPR
2026-01-26,ACC0000000002,410178.72,12503.2,12975.14,409706.78,NPR
2026-01-26,ACC0000000003,185996.24,0.0,85936.44,100059.8,NPR
2026-01-26,ACC0000000004,474818.83,29496.78,120086.93,384228.68,NPR
2026-01-26,ACC0000000005,231745.11,6357.92,0.0,238103.03,NPR
2026-01-26,ACC0000000006,27599.68,0.0,24651.8,2947.88,NPR
2026-01-26,ACC0000000007,494070.95,65378.48,63112.76,496336.67,NPR
2026-01-26,ACC0000000008,83145.01,0.0,166190.9,-83045.89,NPR
2026-01-26,ACC0000000009,111237.88,0.0,0.0,111237.88,NPR
2026-01-26,ACC0000000010,194347.42,0.0,0.0,194347.42,NPR
2026-01-26,ACC0000000011,432608.27,0.0,0.0,432608.27,NPR
2026-01-26,ACC0000000012,94449.45,0.0,0.0,94449.45,NPR
2026-01-26,ACC0000000013,398630.96,0.0,104421.01,294209.95,NPR
2026-01-26,ACC0000000014,198388.05,57106.83,95671.48,159823.4,NPR
2026-01-26,ACC0000000015,491386.6,0.0,16409.75,474976.85,NPR
2026-01-26,ACC0000000016,283285.26,83010.61,34.09,366261.78,NPR
2026-01-26,ACC0000000017,323272.16,0.0,0.0,323272.16,NPR
2026-01-26,ACC0000000018,123799.68,0.0,17857.52,105942.16,NPR
2026-01-26,ACC0000000019,137796.92,0.0,0.0,137796.92,NPR
2026-01-26,ACC0000000020,171662.57,48713.97,51367.02,169009.52,NPR
2026-01-26,ACC0000000021,382751.9,0.0,56199.64,326552.26,NPR
2026-01-26,ACC0000000022,186975.4,41345.71,0.0,228321.11,NPR
2026-01-26,ACC0000000023,376722.34,0.0,78537.25,298185.09,NPR
2026-01-26,ACC0000000024,265704.68,0.0,0.0,265704.68,NPR
2026-01-26,ACC0000000025,397119.13,32707.3,8027.31,421799.12,NPR
2026-01-26,ACC0000000026,217859.3,85284.95,0.0,303144.25,NPR
2026-01-26,ACC0000000027,6937.44,0.0,68423.69,-61486.25,NPR
2026-01-26,ACC0000000028,90728.9,29304.18,0.0,120033.08,NPR
2026-01-26,ACC0000000029,293066.64,0.0,42909.16,250157.48,NPR
2026-01-26,ACC0000000030,115968.73,0.0,97318.19,18650.54,NPR
2026-01-26,ACC0000000031,42271.76,68013.77,31084.95,79200.58,NPR
2026-01-26,ACC0000000032,273229.34,39785.39,75198.19,237816.54,NPR
2026-01-26,ACC0000000033,343944.04,0.0,164889.75,179054.29,NPR
2026-01-26,ACC0000000034,136093.81,0.0,66284.37,69809.44,NPR
2026-01-26,ACC0000000035,313662.13,0.0,0.0,313662.13,NPR
2026-01-26,ACC0000000036,490341.24,0.0,0.0,490341.24,NPR
2026-01-26,ACC0000000037,153354.53,20826.57,27968.52,146212.58,NPR
2026-01-26,ACC0000000038,281054.87,0.0,557.55,280497.32,NPR
2026-01-26,ACC0000000039,318370.43,0.0,88484.83,229885.6,NPR
2026-01-26,ACC0000000040,313320.43,0.0,81721.78,231598.65,NPR
2026-01-26,ACC0000000041,374093.73,0.0,65775.27,308318.46,NPR
2026-01-26,ACC0000000042,336309.62,66394.27,20837.0,381866.89,NPR
2026-01-26,ACC0000000043,474765.65,0.0,53736.36,421029.29,NPR
2026-01-26,ACC0000000044,211268.52,22549.01,47152.35,186665.18,NPR
2026-01-26,ACC0000000045,213999.64,33987.91,47259.01,200728.54,NPR
2026-01-26,ACC0000000046,24043.37,0.0,0.0,24043.37,NPR
2026-01-26,ACC0000000047,396411.92,0.0,19409.97,377001.95,NPR
2026-01-26,ACC0000000048,187766.99,61491.34,45393.65,203864.68,NPR
2026-01-26,ACC0000000049,118019.04,0.0,0.0,118019.04,NPR
2026-01-26,ACC0000000050,162654.8,0.0,85383.27,77271.53,NPR
2026-01-26,ACC0000000051,359751.16,0.0,78546.98,281204.18,NPR
2026-01-26,ACC0000000052,347078.01,16959.16,40349.68,323687.49,NPR
2026-01-26,ACC0000000053,40540.89,23446.06,34477.42,29509.53,NPR
2026-01-26,ACC0000000054,51598.27,0.0,0.0,51598.27,NPR
2026-01-26,ACC0000000055,126111.16,0.0,30020.88,96090.28,NPR
2026-01-26,ACC0000000056,460769.91,0.0,0.0,460769.91,NPR
2026-01-26,ACC0000000057,304287.54,14847.92,88349.63,230785.83,NPR
2026-01-26,ACC0000000058,436815.88,8076.94,22183.92,422708.9,NPR
2026-01-26,ACC0000000059,230331.77,7194.99,2441.54,235085.22,NPR
2026-01-26,ACC0000000060,237284.13,61755.84,0.0,299039.97,NPR
2026-01-26,ACC0000000061,176243.2,0.0,79873.84,96369.36,NPR
2026-01-26,ACC0000000062,46301.48,0.0,24093.15,22208.33,NPR
2026-01-26,ACC0000000063,68413.77,13860.84,49134.05,33140.56,NPR
2026-01-26,ACC0000000064,248764.87,0.0,40609.24,208155.63,NPR
2026-01-26,ACC0000000065,339476.79,0.0,138657.02,200819.77,NPR
2026-01-26,ACC0000000066,103361.69,0.0,0.0,103361.69,NPR
2026-01-26,ACC0000000067,83814.26,0.0,74891.96,8922.3,NPR
2026-01-26,ACC0000000068,377484.57,0.0,48742.23,328742.34,NPR
2026-01-26,ACC0000000069,266260.77,26010.43,84075.19,208196.01,NPR
2026-01-26,ACC0000000070,240349.23,0.0,149090.78,91258.45,NPR
2026-01-26,ACC0000000071,166421.98,0.0,0.0,166421.98,NPR
2026-01-26,ACC0000000072,144754.17,0.0,77661.86,67092.31,NPR
2026-01-26,ACC0000000073,353577.4,0.0,114781.76,238795.64,NPR
2026-01-26,ACC0000000074,117989.85,0.0,961.41,117028.44,NPR
2026-01-26,ACC0000000075,11343.91,10227.03,48326.71,-26755.77,NPR
2026-01-26,ACC0000000076,192051.29,34240.69,115428.26,110863.72,NPR
2026-01-26,ACC0000000077,178844.37,15318.49,99054.56,95108.3,NPR
2026-01-26,ACC0000000078,251263.72,34857.29,47780.88,238340.13,NPR
2026-01-26,ACC0000000079,146180.31,0.0,3107.13,143073.18,NPR
2026-01-26,ACC0000000080,17309.76,0.0,45944.52,-28634.76,NPR
2026-01-26,ACC0000000081,432931.32,0.0,27294.94,405636.38,NPR
2026-01-26,ACC0000000082,170841.12,43692.02,73295.0,141238.14,NPR
2026-01-26,ACC0000000083,298964.29,1286.87,17082.31,283168.85,NPR
2026-01-26,ACC0000000084,51926.93,23420.64,0.0,75347.57,NPR
2026-01-26,ACC0000000085,160922.88,43898.38,0.0,204821.26,NPR
2026-01-26,ACC0000000086,90506.4,0.0,0.0,90506.4,NPR
2026-01-26,ACC0000000087,156276.33,50751.22,90526.18,116501.37,NPR
2026-01-26,ACC0000000088,70334.92,0.0,81731.66,-11396.74,NPR
2026-01-26,ACC0000000089,291672.47,0.0,0.0,291672.47,NPR
2026-01-26,ACC0000000090,24520.65,0.0,71473.26,-46952.61,NPR
2026-01-26,ACC0000000091,383930.42,3886.5,36717.78,351099.14,NPR
2026-01-26,ACC0000000092,276947.03,0.0,45405.75,231541.28,NPR
2026-01-26,ACC0000000093,145986.8,0.0,122873.06,23113.74,NPR
2026-01-26,ACC0000000094,391340.39,3895.21,55177.17,340058.43,NPR
2026-01-26,ACC0000000095,487175.3,16531.09,51219.79,452486.6,NPR
2026-01-26,ACC0000000096,83779.13,13635.21,197034.98,-99620.64,NPR
2026-01-26,ACC0000000097,412701.24,0.0,0.0,412701.24,NPR
2026-01-26,ACC0000000098,60575.99,41127.26,6543.92,95159.33,NPR
2026-01-26,ACC0000000099,257047.36,34723.31,33824.38,257946.29,NPR
2026-01-26,ACC0000000100,126154.23,0.0,71984.3,54169.93,NPR
2026-01-26,ACC0000000101,253248.89,0.0,62049.14,191199.75,NPR
2026-01-26,ACC0000000102,327019.31,0.0,0.0,327019.31,NPR
2026-01-26,ACC0000000103,313821.13,72703.36,37191.25,349333.24,NPR
2026-01-26,ACC0000000104,158666.98,0.0,126831.7,31835.28,NPR
2026-01-26,ACC0000000105,342072.79,22924.21,28106.73,336890.27,NPR
2026-01-26,ACC0000000106,220192.86,0.0,48053.55,172139.31,NPR
2026-01-26,ACC0000000107,39620.95,0.0,0.0,39620.95,NPR
2026-01-26,ACC0000000108,474264.54,0.0,73523.56,400740.98,NPR
2026-01-26,ACC0000000109,190339.74,0.0,0.0,190339.74,NPR
2026-01-26,ACC0000000110,72524.85,0.0,78418.41,-5893.56,NPR
2026-01-26,ACC0000000111,53193.81,32468.72,32419.89,53242.64,NPR
2026-01-26,ACC0000000112,248827.17,13805.3,55012.06,207620.41,NPR
2026-01-26,ACC0000000113,369786.9,0.0,34864.66,334922.24,NPR
2026-01-26,ACC0000000114,169621.66,0.0,38953.0,130668.66,NPR
2026-01-26,ACC0000000115,176544.09,0.0,67638.41,108905.68,NPR
2026-01-26,ACC0000000116,319198.72,44674.72,12941.55,350931.89,NPR
2026-01-26,ACC0000000117,267019.51,43386.42,65077.24,245328.69,NPR
2026-01-26,ACC0000000118,337801.46,8706.52,164801.43,181706.55,NPR
2026-01-26,ACC0000000119,157350.41,23914.06,75707.96,105556.51,NPR
2026-01-26,ACC0000000120,113783.54,0.0,72508.44,41275.1,NPR
2026-01-26,ACC0000000121,486941.53,1496.54,134228.43,354209.64,NPR
2026-01-26,ACC0000000122,77540.92,38669.86,30189.8,86020.98,NPR
2026-01-26,ACC0000000123,383907.13,0.0,82400.58,301506.55,NPR
2026-01-26,ACC0000000124,195983.54,0.0,44776.8,151206.74,NPR
2026-01-26,ACC0000000125,35599.69,0.0,16951.77,18647.92,NPR
2026-01-26,ACC0000000126,71917.5,31223.73,0.0,103141.23,NPR
2026-01-26,ACC0000000127,248738.77,0.0,0.0,248738.77,NPR
2026-01-26,ACC0000000128,221036.99,0.0,85808.87,135228.12,NPR
2026-01-26,ACC0000000129,326879.55,10702.23,15695.92,321885.86,NPR
2026-01-26,ACC0000000130,159355.42,0.0,0.0,159355.42,NPR
2026-01-26,ACC0000000131,41168.66,0.0,70786.58,-29617.92,NPR
2026-01-26,ACC0000000132,103147.36,67691.82,167861.44,2977.74,NPR
2026-01-26,ACC0000000133,152904.4,13253.01,22062.7,144094.71,NPR
2026-01-26,ACC0000000134,113803.63,0.0,0.0,113803.63,NPR
2026-01-26,ACC0000000135,488614.54,44876.6,0.0,533491.14,NPR
2026-01-26,ACC0000000136,90235.96,0.0,103660.93,-13424.97,NPR
2026-01-26,ACC0000000137,296198.92,64606.51,11982.14,348823.29,NPR
2026-01-26,ACC0000000138,76085.46,0.0,49704.46,26381.0,NPR
2026-01-26,ACC0000000139,15417.8,0.0,67034.01,-51616.21,NPR
2026-01-26,ACC0000000140,30210.92,61158.57,84032.0,7337.49,NPR
2026-01-26,ACC0000000141,394170.55,995.2,72479.21,322686.54,NPR
2026-01-26,ACC0000000142,311417.57,59143.13,67120.38,303440.32,NPR
2026-01-26,ACC0000000143,136753.97,0.0,69319.88,67434.09,NPR
2026-01-26,ACC0000000144,422461.67,12801.71,35529.23,399734.15,NPR
2026-01-26,ACC0000000145,234454.57,26918.6,3821.03,257552.14,NPR
2026-01-26,ACC0000000146,265808.42,28760.81,10912.73,283656.5,NPR
2026-01-26,ACC0000000147,222387.23,0.0,0.0,222387.23,NPR
2026-01-26,ACC0000000148,357362.09,36759.21,64337.4,329783.9,NPR
2026-01-26,ACC0000000149,385060.28,0.0,98695.81,286364.47,NPR
2026-01-26,ACC0000000150,247837.74,0.0,118331.13,129506.61,NPR
2026-01-26,ACC0000000151,24520.36,0.0,0.0,24520.36,NPR
2026-01-26,ACC0000000152,87595.43,8076.14,40057.25,55614.32,NPR
2026-01-26,ACC0000000153,424154.65,0.0,15379.77,408774.88,NPR
2026-01-26,ACC0000000154,272116.75,38945.86,24633.57,286429.04,NPR
2026-01-26,ACC0000000155,298015.29,0.0,53578.87,244436.42,NPR
2026-01-26,ACC0000000156,422315.1,0.0,0.0,422315.1,NPR
2026-01-26,ACC0000000157,182556.76,0.0,92491.75,90065.01,NPR
2026-01-26,ACC0000000158,270651.63,0.0,0.0,270651.63,NPR
2026-01-26,ACC0000000159,195699.34,0.0,98566.12,97133.22,NPR
2026-01-26,ACC0000000160,261041.75,41603.32,85164.83,217480.24,NPR
2026-01-26,ACC0000000161,9514.41,56580.15,41523.88,24570.68,NPR
2026-01-26,ACC0000000162,141189.29,10241.45,89451.72,61979.02,NPR
2026-01-26,ACC0000000163,59332.81,0.0,0.0,59332.81,NPR
2026-01-26,ACC0000000164,470757.48,0.0,88114.95,382642.53,NPR
2026-01-26,ACC0000000165,446816.65,0.0,47199.05,399617.6,NPR
2026-01-26,ACC0000000166,307561.63,0.0,49201.38,258360.25,NPR
2026-01-26,ACC0000000167,288680.02,0.0,0.0,288680.02,NPR
2026-01-26,ACC0000000168,276975.28,0.0,10441.85,266533.43,NPR
2026-01-26,ACC0000000169,191027.24,0.0,0.0,191027.24,NPR
2026-01-26,ACC0000000170,322825.27,18344.79,77543.77,263626.29,NPR
2026-01-26,ACC0000000171,498894.27,0.0,79076.35,419817.92,NPR
2026-01-26,ACC0000000172,92466.28,0.0,0.0,92466.28,NPR
2026-01-26,ACC0000000173,65807.54,0.0,136008.12,-70200.58,NPR
2026-01-26,ACC0000000174,297648.63,0.0,73437.37,224211.26,NPR
2026-01-26,ACC0000000175,455084.02,40143.83,142523.71,352704.14,NPR
2026-01-26,ACC0000000176,455496.52,0.0,50890.78,404605.74,NPR
2026-01-26,ACC0000000177,158172.06,0.0,54861.96,103310.1,NPR
2026-01-26,ACC0000000178,216655.63,0.0,117146.93,99508.7,NPR
2026-01-26,ACC0000000179,487091.06,0.0,83194.21,403896.85,NPR
2026-01-26,ACC0000000180,92342.6,0.0,0.0,92342.6,NPR
2026-01-26,ACC0000000181,61238.78,16159.7,13032.79,64365.69,NPR
2026-01-26,ACC0000000182,192044.04,0.0,0.0,192044.04,NPR
2026-01-26,ACC0000000183,125018.87,0.0,67548.01,57470.86,NPR
2026-01-26,ACC0000000184,13141.74,0.0,45310.04,-32168.3,NPR
2026-01-26,ACC0000000185,62734.4,0.0,0.0,62734.4,NPR
2026-01-26,ACC0000000186,337845.22,0.0,20038.45,317806.77,NPR
2026-01-26,ACC0000000187,163559.03,25663.27,71381.19,117841.11,NPR
2026-01-26,ACC0000000188,56336.15,0.0,57731.56,-1395.41,NPR
2026-01-26,ACC0000000189,212725.05,0.0,0.0,212725.05,NPR
2026-01-26,ACC0000000190,158617.33,0.0,22125.7,136491.63,NPR
2026-01-26,ACC0000000191,241972.49,0.0,0.0,241972.49,NPR
2026-01-26,ACC0000000192,221361.01,9309.0,55537.59,175132.42,NPR
2026-01-26,ACC0000000193,254823.8,68883.34,0.0,323707.14,NPR
2026-01-26,ACC0000000194,234510.99,69334.2,45541.18,258304.01,NPR
2026-01-26,ACC0000000195,98646.18,0.0,60379.9,38266.28,NPR
2026-01-26,ACC0000000196,215707.77,13491.02,20113.87,209084.92,NPR
2026-01-26,ACC0000000197,402638.48,82728.28,64450.87,420915.89,NPR
2026-01-26,ACC0000000198,31570.11,0.0,0.0,31570.11,NPR
2026-01-26,ACC0000000199,349087.46,37593.27,43204.35,343476.38,NPR
2026-01-26,ACC0000000200,235471.94,18653.17,175924.95,78200.16,NPR
2026-01-26,ACC0000000201,76942.94,18054.65,35538.77,59458.82,NPR
2026-01-26,ACC0000000202,404970.03,0.0,68465.3,336504.73,NPR
2026-01-26,ACC0000000203,34238.26,0.0,73204.78,-38966.52,NPR
2026-01-26,ACC0000000204,263454.17,0.0,0.0,263454.17,NPR
2026-01-26,ACC0000000205,216493.99,0.0,0.0,216493.99,NPR
2026-01-26,ACC0000000206,406902.95,0.0,0.0,406902.95,NPR
2026-01-26,ACC0000000207,316995.65,0.0,68559.6,248436.05,NPR
2026-01-26,ACC0000000208,465505.7,0.0,0.0,465505.7,NPR
2026-01-26,ACC0000000209,416322.95,0.0,32076.58,384246.37,NPR
2026-01-26,ACC0000000210,295082.72,0.0,3011.31,292071.41,NPR
2026-01-26,ACC0000000211,449056.31,50197.84,43659.85,455594.3,NPR
2026-01-26,ACC0000000212,431028.56,0.0,0.0,431028.56,NPR
2026-01-26,ACC0000000213,143581.18,0.0,0.0,143581.18,NPR
2026-01-26,ACC0000000214,323341.48,0.0,83348.55,239992.93,NPR
2026-01-26,ACC0000000215,11898.1,0.0,110302.4,-98404.3,NPR
2026-01-26,ACC0000000216,62388.42,0.0,0.0,62388.42,NPR
2026-01-26,ACC0000000217,338898.07,0.0,33575.84,305322.23,NPR
2026-01-26,ACC0000000218,419912.78,8097.49,38939.63,389070.64,NPR
2026-01-26,ACC0000000219,433359.22,0.0,98613.18,334746.04,NPR
2026-01-26,ACC0000000220,62141.26,36674.2,67155.53,31659.93,NPR
2026-01-26,ACC0000000221,389090.59,0.0,0.0,389090.59,NPR
2026-01-26,ACC0000000222,469022.89,13355.6,75070.01,407308.48,NPR
2026-01-26,ACC0000000223,214191.79,0.0,0.0,214191.79,NPR
2026-01-26,ACC0000000224,345531.38,82384.8,0.0,427916.18,NPR
2026-01-26,ACC0000000225,284794.44,0.0,124933.15,159861.29,NPR
2026-01-26,ACC0000000226,261660.65,0.0,101878.07,159782.58,NPR
2026-01-26,ACC0000000227,222109.7,21037.22,115215.39,127931.53,NPR
2026-01-26,ACC0000000228,117718.36,7309.41,32848.27,92179.5,NPR
2026-01-26,ACC0000000229,444659.39,0.0,90330.22,354329.17,NPR
2026-01-26,ACC0000000230,21884.1,0.0,49606.87,-27722.77,NPR
2026-01-26,ACC0000000231,58999.38,25745.19,80933.42,3811.15,NPR
2026-01-26,ACC0000000232,30291.01,0.0,92269.39,-61978.38,NPR
2026-01-26,ACC0000000233,36043.76,0.0,7821.35,28222.41,NPR
2026-01-26,ACC0000000234,332171.17,26037.02,36525.93,321682.26,NPR
2026-01-26,ACC0000000235,153047.69,29779.88,70290.7,112536.87,NPR
2026-01-26,ACC0000000236,95111.58,0.0,45149.99,49961.59,NPR
2026-01-26,ACC0000000237,373300.31,32267.5,34456.01,371111.8,NPR
2026-01-26,ACC0000000238,478246.72,37350.33,171723.95,343873.1,NPR
2026-01-26,ACC0000000239,82441.84,17098.38,0.0,99540.22,NPR
2026-01-26,ACC0000000240,416717.45,2665.96,55861.52,363521.89,NPR
2026-01-26,ACC0000000241,338880.99,0.0,62419.22,276461.77,NPR
2026-01-26,ACC0000000242,32350.44,0.0,2354.22,29996.22,NPR
2026-01-26,ACC0000000243,369917.69,0.0,19273.4,350644.29,NPR
2026-01-26,ACC0000000244,82290.36,9760.85,67447.75,24603.46,NPR
2026-01-26,ACC0000000245,297600.35,124947.01,33134.97,389412.39,NPR
2026-01-26,ACC0000000246,361408.15,19972.99,4811.03,376570.11,NPR
2026-01-26,ACC0000000247,120205.22,0.0,104999.12,15206.1,NPR
2026-01-26,ACC0000000248,287985.21,2093.94,128271.34,161807.81,NPR
2026-01-26,ACC0000000249,252632.55,58232.96,6586.46,304279.05,NPR
2026-01-26,ACC0000000250,472549.94,0.0,0.0,472549.94,NPR
2026-01-26,ACC0000000251,134488.9,0.0,0.0,134488.9,NPR
2026-01-26,ACC0000000252,41661.7,21329.19,60260.94,2729.95,NPR
2026-01-26,ACC0000000253,210133.4,0.0,162.67,209970.73,NPR
2026-01-26,ACC0000000254,448808.61,0.0,31450.91,417357.7,NPR
2026-01-26,ACC0000000255,389500.47,17514.36,113093.83,293921.0,NPR
2026-01-26,ACC0000000256,485736.5,0.0,67332.05,418404.45,NPR
2026-01-26,ACC0000000257,218389.67,0.0,58662.16,159727.51,NPR
2026-01-26,ACC0000000258,239413.34,28203.39,18560.7,249056.03,NPR
2026-01-26,ACC0000000259,98784.74,50590.4,103573.67,45801.47,NPR
2026-01-26,ACC0000000260,430888.86,55917.56,54078.74,432727.68,NPR
2026-01-26,ACC0000000261,61461.62,0.0,31526.68,29934.94,NPR
2026-01-26,ACC0000000262,104582.81,0.0,0.0,104582.81,NPR
2026-01-26,ACC0000000263,149690.88,32979.84,24623.04,158047.68,NPR
2026-01-26,ACC0000000264,36771.58,38377.48,113848.34,-38699.28,NPR
2026-01-26,ACC0000000265,5043.62,4165.96,48313.01,-39103.43,NPR
2026-01-26,ACC0000000266,99429.47,49383.06,25104.79,123707.74,NPR
2026-01-26,ACC0000000267,435874.97,0.0,58326.01,377548.96,NPR
2026-01-26,ACC0000000268,449770.99,0.0,0.0,449770.99,NPR
2026-01-26,ACC0000000269,159345.75,0.0,0.0,159345.75,NPR
2026-01-26,ACC0000000270,243278.6,0.0,18025.75,225252.85,NPR
2026-01-26,ACC0000000271,42428.53,40028.84,7569.68,74887.69,NPR
2026-01-26,ACC0000000272,351625.82,0.0,74362.53,277263.29,NPR
2026-01-26,ACC0000000273,265084.47,42034.01,20291.41,286827.07,NPR
2026-01-26,ACC0000000274,340032.49,0.0,68146.64,271885.85,NPR
2026-01-26,ACC0000000275,10699.1,0.0,0.0,10699.1,NPR
2026-01-26,ACC0000000276,147910.38,0.0,0.0,147910.38,NPR
2026-01-26,ACC0000000277,68134.44,8055.62,49525.2,26664.86,NPR
2026-01-26,ACC0000000278,100825.92,21232.55,22922.79,99135.68,NPR
2026-01-26,ACC0000000279,26144.86,0.0,127025.75,-100880.89,NPR
2026-01-26,ACC0000000280,193871.82,0.0,21959.86,171911.96,NPR
2026-01-26,ACC0000000281,224185.91,47500.01,31782.32,239903.6,NPR
2026-01-26,ACC0000000282,201339.92,12168.13,0.0,213508.05,NPR
2026-01-26,ACC0000000283,367336.03,38374.61,26559.72,379150.92,NPR
2026-01-26,ACC0000000284,343100.61,78690.54,117396.16,304394.99,NPR
2026-01-26,ACC0000000285,328832.09,0.0,61449.6,267382.49,NPR
2026-01-26,ACC0000000286,177500.47,49596.34,57591.24,169505.57,NPR
2026-01-26,ACC0000000287,375050.3,0.0,0.0,375050.3,NPR
2026-01-26,ACC0000000288,164997.76,0.0,89904.92,75092.84,NPR
2026-01-26,ACC0000000289,218844.26,0.0,0.0,218844.26,NPR
2026-01-26,ACC0000000290,130006.54,0.0,35423.54,94583.0,NPR
2026-01-26,ACC0000000291,474373.31,0.0,0.0,474373.31,NPR
2026-01-26,ACC0000000292,34435.59,34582.26,0.0,69017.85,NPR
2026-01-26,ACC0000000293,177950.6,0.0,17373.02,160577.58,NPR
2026-01-26,ACC0000000294,197600.93,0.0,0.0,197600.93,NPR
2026-01-26,ACC0000000295,358091.75,0.0,0.0,358091.75,NPR
2026-01-26,ACC0000000296,106586.02,43189.97,42101.78,107674.21,NPR
2026-01-26,ACC0000000297,394838.24,113419.05,45457.26,462800.03,NPR
2026-01-26,ACC0000000298,394522.85,83056.43,2471.11,475108.17,NPR
2026-01-26,ACC0000000299,414922.06,0.0,58500.29,356421.77,NPR
2026-01-26,ACC0000000300,486901.88,0.0,48277.18,438624.7,NPR
2026-01-26,ACC0000000301,443086.29,0.0,0.0,443086.29,NPR
2026-01-26,ACC0000000302,321646.12,39953.93,1043.04,360557.01,NPR
2026-01-26,ACC0000000303,377328.25,0.0,18990.73,358337.52,NPR
2026-01-26,ACC0000000304,332317.8,0.0,0.0,332317.8,NPR
2026-01-26,ACC0000000305,498994.83,0.0,0.0,498994.83,NPR
2026-01-26,ACC0000000306,188621.37,0.0,0.0,188621.37,NPR
2026-01-26,ACC0000000307,118939.98,0.0,58523.45,60416.53,NPR
2026-01-26,ACC0000000308,423890.05,0.0,131647.12,292242.93,NPR
2026-01-26,ACC0000000309,296735.33,0.0,57422.91,239312.42,NPR
2026-01-26,ACC0000000310,310186.54,43851.11,45711.53,308326.12,NPR
2026-01-26,ACC0000000311,338547.64,0.0,75521.86,263025.78,NPR
2026-01-26,ACC0000000312,398961.32,0.0,0.0,398961.32,NPR
2026-01-26,ACC0000000313,216941.77,0.0,0.0,216941.77,NPR
2026-01-26,ACC0000000314,389347.82,0.0,167131.71,222216.11,NPR
2026-01-26,ACC0000000315,472053.54,0.0,50257.42,421796.12,NPR
2026-01-26,ACC0000000316,286796.22,0.0,20883.79,265912.43,NPR
2026-01-26,ACC0000000317,248201.5,0.0,40086.21,208115.29,NPR
2026-01-26,ACC0000000318,274640.99,0.0,16817.16,257823.83,NPR
2026-01-26,ACC0000000319,155735.23,0.0,76198.27,79536.96,NPR
2026-01-26,ACC0000000320,450443.36,9772.29,71300.11,388915.54,NPR
2026-01-26,ACC0000000321,128999.93,0.0,0.0,128999.93,NPR
2026-01-26,ACC0000000322,119048.08,0.0,35740.64,83307.44,NPR
2026-01-26,ACC0000000323,360988.45,0.0,31533.66,329454.79,NPR
2026-01-26,ACC0000000324,191070.3,49981.51,111352.07,129699.74,NPR
2026-01-26,ACC0000000325,11843.61,0.0,46501.38,-34657.77,NPR
2026-01-26,ACC0000000326,215766.71,0.0,60529.25,155237.46,NPR
2026-01-26,ACC0000000327,382303.9,12644.67,46930.99,348017.58,NPR
2026-01-26,ACC0000000328,54574.88,22955.15,82264.4,-4734.37,NPR
2026-01-26,ACC0000000329,311410.65,21651.89,33819.93,299242.61,NPR
2026-01-26,ACC0000000330,455387.08,48988.95,64697.6,439678.43,NPR
2026-01-26,ACC0000000331,129380.54,55188.45,14105.41,170463.58,NPR
2026-01-26,ACC0000000332,460364.09,0.0,35736.62,424627.47,NPR
2026-01-26,ACC0000000333,99619.88,6516.74,45556.22,60580.4,NPR
2026-01-26,ACC0000000334,215467.85,0.0,105864.99,109602.86,NPR
2026-01-26,ACC0000000335,97542.52,0.0,97939.05,-396.53,NPR
2026-01-26,ACC0000000336,350397.48,25776.34,36752.92,339420.9,NPR
2026-01-26,ACC0000000337,305952.66,27612.75,116204.05,217361.36,NPR
2026-01-26,ACC0000000338,306519.61,0.0,2962.01,303557.6,NPR
2026-01-26,ACC0000000339,84018.32,0.0,122979.95,-38961.63,NPR
2026-01-26,ACC0000000340,281298.63,0.0,137409.26,143889.37,NPR
2026-01-26,ACC0000000341,339023.34,0.0,0.0,339023.34,NPR
2026-01-26,ACC0000000342,304304.17,15103.38,89662.59,229744.96,NPR
2026-01-26,ACC0000000343,219668.29,34814.98,88766.68,165716.59,NPR
2026-01-26,ACC0000000344,8882.29,0.0,32464.19,-23581.9,NPR
2026-01-26,ACC0000000345,238360.17,0.0,0.0,238360.17,NPR
2026-01-26,ACC0000000346,298307.72,18626.27,51590.86,265343.13,NPR
2026-01-26,ACC0000000347,304008.03,20785.94,110960.06,213833.91,NPR
2026-01-26,ACC0000000348,182797.75,0.0,77774.54,105023.21,NPR
2026-01-26,ACC0000000349,97053.86,15708.74,72521.94,40240.66,NPR
2026-01-26,ACC0000000350,166341.77,0.0,55414.72,110927.05,NPR
2026-01-26,ACC0000000351,253737.92,10421.13,60581.89,203577.16,NPR
2026-01-26,ACC0000000352,477635.9,0.0,0.0,477635.9,NPR
2026-01-26,ACC0000000353,376219.5,12353.31,30271.55,358301.26,NPR
2026-01-26,ACC0000000354,202590.52,0.0,59261.26,143329.26,NPR
2026-01-26,ACC0000000355,52134.19,0.0,31879.2,20254.99,NPR
2026-01-26,ACC0000000356,166494.29,15668.02,126.34,182035.97,NPR
2026-01-26,ACC0000000357,353986.29,37010.89,5939.81,385057.37,NPR
2026-01-26,ACC0000000358,390348.15,0.0,39081.76,351266.39,NPR
2026-01-26,ACC0000000359,334052.5,0.0,37739.26,296313.24,NPR
2026-01-26,ACC0000000360,266063.09,0.0,78996.87,187066.22,NPR
2026-01-26,ACC0000000361,208698.96,0.0,77518.51,131180.45,NPR
2026-01-26,ACC0000000362,155759.43,0.0,0.0,155759.43,NPR
2026-01-26,ACC0000000363,179654.75,0.0,36657.82,142996.93,NPR
2026-01-26,ACC0000000364,122003.78,24748.38,14909.3,131842.86,NPR
2026-01-26,ACC0000000365,11890.69,11588.18,61115.36,-37636.49,NPR
2026-01-26,ACC0000000366,136898.42,0.0,90682.4,46216.02,NPR
2026-01-26,ACC0000000367,490808.67,0.0,0.0,490808.67,NPR
2026-01-26,ACC0000000368,269048.43,1140.25,48163.57,222025.11,NPR
2026-01-26,ACC0000000369,313295.77,0.0,43869.87,269425.9,NPR
2026-01-26,ACC0000000370,289285.05,0.0,148720.16,140564.89,NPR
2026-01-26,ACC0000000371,166006.41,20840.34,21483.38,165363.37,NPR
2026-01-26,ACC0000000372,494207.82,1997.93,21375.19,474830.56,NPR
2026-01-26,ACC0000000373,224829.98,13931.5,11588.31,227173.17,NPR
2026-01-26,ACC0000000374,348117.6,0.0,0.0,348117.6,NPR
2026-01-26,ACC0000000375,295436.9,33435.72,60475.78,268396.84,NPR
2026-01-26,ACC0000000376,115331.95,0.0,17342.27,97989.68,NPR
2026-01-26,ACC0000000377,429389.28,93963.93,20989.08,502364.13,NPR
2026-01-26,ACC0000000378,356631.17,37815.6,61693.68,332753.09,NPR
2026-01-26,ACC0000000379,20195.13,39827.07,0.0,60022.2,NPR
2026-01-26,ACC0000000380,466936.44,0.0,119448.52,347487.92,NPR
2026-01-26,ACC0000000381,466162.23,43212.33,80319.65,429054.91,NPR
2026-01-26,ACC0000000382,178408.97,0.0,57626.49,120782.48,NPR
2026-01-26,ACC0000000383,130386.94,0.0,6230.04,124156.9,NPR
2026-01-26,ACC0000000384,374869.44,0.0,0.0,374869.44,NPR
2026-01-26,ACC0000000385,295537.68,0.0,47417.92,248119.76,NPR
2026-01-26,ACC0000000386,208176.98,0.0,60489.11,147687.87,NPR
2026-01-26,ACC0000000387,43334.34,91134.6,35020.13,99448.81,NPR
2026-01-26,ACC0000000388,270867.53,7875.71,17077.73,261665.51,NPR
2026-01-26,ACC0000000389,213574.56,44476.44,62665.62,195385.38,NPR
2026-01-26,ACC0000000390,54890.79,0.0,0.0,54890.79,NPR
2026-01-26,ACC0000000391,72592.2,100786.77,87830.99,85547.98,NPR
2026-01-26,ACC0000000392,144385.84,0.0,75451.34,68934.5,NPR
2026-01-26,ACC0000000393,336226.84,0.0,56070.13,280156.71,NPR
2026-01-26,ACC0000000394,345543.0,36817.9,30020.11,352340.79,NPR
2026-01-26,ACC0000000395,411935.92,0.0,64398.06,347537.86,NPR
2026-01-26,ACC0000000396,237167.23,0.0,26360.61,210806.62,NPR
2026-01-26,ACC0000000397,223216.03,0.0,42392.34,180823.69,NPR
2026-01-26,ACC0000000398,463537.79,0.0,0.0,463537.79,NPR
2026-01-26,ACC0000000399,1394.4,0.0,18535.4,-17141.0,NPR
2026-01-26,ACC0000000400,307008.75,2918.7,71179.92,238747.53,NPR
2026-01-26,ACC0000000401,160587.99,0.0,0.0,160587.99,NPR
2026-01-26,ACC0000000402,259420.36,0.0,20707.44,238712.92,NPR
2026-01-26,ACC0000000403,447453.16,0.0,0.0,447453.16,NPR
2026-01-26,ACC0000000404,386813.68,40988.08,48970.63,378831.13,NPR
2026-01-26,ACC0000000405,259003.48,0.0,70178.82,188824.66,NPR
2026-01-26,ACC0000000406,325524.98,14012.33,103934.3,235603.01,NPR
2026-01-26,ACC0000000407,22076.99,0.0,46817.66,-24740.67,NPR
2026-01-26,ACC0000000408,341454.44,0.0,70464.75,270989.69,NPR
2026-01-26,ACC0000000409,110247.93,0.0,87519.8,22728.13,NPR
2026-01-26,ACC0000000410,206402.65,0.0,103402.85,102999.8,NPR
2026-01-26,ACC0000000411,319752.76,15354.2,60817.95,274289.01,NPR
2026-01-26,ACC0000000412,5359.39,0.0,41654.7,-36295.31,NPR
2026-01-26,ACC0000000413,333691.16,0.0,43036.68,290654.48,NPR
2026-01-26,ACC0000000414,37811.52,1996.67,0.0,39808.19,NPR
2026-01-26,ACC0000000415,273980.61,16349.62,43229.01,247101.22,NPR
2026-01-26,ACC0000000416,34987.27,0.0,58651.88,-23664.61,NPR
2026-01-26,ACC0000000417,215307.43,0.0,0.0,215307.43,NPR
2026-01-26,ACC0000000418,134858.33,28825.53,0.0,163683.86,NPR
2026-01-26,ACC0000000419,260771.18,0.0,140042.89,120728.29,NPR
2026-01-26,ACC0000000420,42122.52,0.0,49410.39,-7287.87,NPR
2026-01-26,ACC0000000421,76717.31,14069.18,34437.11,56349.38,NPR
2026-01-26,ACC0000000422,147003.26,0.0,0.0,147003.26,NPR
2026-01-26,ACC0000000423,411106.62,0.0,0.0,411106.62,NPR
2026-01-26,ACC0000000424,450842.25,24484.84,66860.1,408466.99,NPR
2026-01-26,ACC0000000425,2439.49,35387.77,0.0,37827.26,NPR
2026-01-26,ACC0000000426,346241.83,21097.96,105293.72,262046.07,NPR
2026-01-26,ACC0000000427,26554.37,0.0,0.0,26554.37,NPR
2026-01-26,ACC0000000428,203709.84,0.0,9569.73,194140.11,NPR
2026-01-26,ACC0000000429,188594.4,0.0,0.0,188594.4,NPR
2026-01-26,ACC0000000430,242292.97,36194.73,96803.58,181684.12,NPR
2026-01-26,ACC0000000431,306591.59,0.0,98782.55,207809.04,NPR
2026-01-26,ACC0000000432,385442.58,0.0,126748.23,258694.35,NPR
2026-01-26,ACC0000000433,221382.46,0.0,0.0,221382.46,NPR
2026-01-26,ACC0000000434,419590.02,0.0,0.0,419590.02,NPR
2026-01-26,ACC0000000435,405317.52,3540.14,42083.22,366774.44,NPR
2026-01-26,ACC0000000436,402079.76,0.0,22853.87,379225.89,NPR
2026-01-26,ACC0000000437,73875.19,12061.15,24725.8,61210.54,NPR
2026-01-26,ACC0000000438,350887.48,0.0,0.0,350887.48,NPR
2026-01-26,ACC0000000439,99224.13,0.0,0.0,99224.13,NPR
2026-01-26,ACC0000000440,125422.53,39802.2,32898.48,132326.25,NPR
2026-01-26,ACC0000000441,194269.96,0.0,89005.05,105264.91,NPR
2026-01-26,ACC0000000442,408209.82,0.0,24761.73,383448.09,NPR
2026-01-26,ACC0000000443,330234.71,0.0,34468.21,295766.5,NPR
2026-01-26,ACC0000000444,135637.57,35574.77,137204.62,34007.72,NPR
2026-01-26,ACC0000000445,494216.82,14310.02,105873.55,402653.29,NPR
2026-01-26,ACC0000000446,117814.6,7836.11,55156.29,70494.42,NPR
2026-01-26,ACC0000000447,315466.31,0.0,0.0,315466.31,NPR
2026-01-26,ACC0000000448,265199.89,0.0,16762.31,248437.58,NPR
2026-01-26,ACC0000000449,155442.14,38089.24,50260.44,143270.94,NPR
2026-01-26,ACC0000000450,27026.58,66456.99,0.0,93483.57,NPR
2026-01-26,ACC0000000451,457424.39,0.0,47338.08,410086.31,NPR
2026-01-26,ACC0000000452,402054.0,21054.33,0.0,423108.33,NPR
2026-01-26,ACC0000000453,426345.12,0.0,0.0,426345.12,NPR
2026-01-26,ACC0000000454,437911.0,0.0,28781.22,409129.78,NPR
2026-01-26,ACC0000000455,13633.66,0.0,0.0,13633.66,NPR
2026-01-26,ACC0000000456,414391.52,0.0,89691.91,324699.61,NPR
2026-01-26,ACC0000000457,421643.37,0.0,75439.6,346203.77,NPR
2026-01-26,ACC0000000458,370483.54,0.0,0.0,370483.54,NPR
2026-01-26,ACC0000000459,36637.65,8641.19,46174.83,-895.99,NPR
2026-01-26,ACC0000000460,285194.91,0.0,0.0,285194.91,NPR
2026-01-26,ACC0000000461,230189.31,0.0,48982.38,181206.93,NPR
2026-01-26,ACC0000000462,253112.55,47933.93,36762.11,264284.37,NPR
2026-01-26,ACC0000000463,363891.65,1167.02,93226.5,271832.17,NPR
2026-01-26,ACC0000000464,375946.21,0.0,0.0,375946.21,NPR
2026-01-26,ACC0000000465,231909.37,0.0,25234.96,206674.41,NPR
2026-01-26,ACC0000000466,495350.42,0.0,92936.25,402414.17,NPR
2026-01-26,ACC0000000467,122656.55,0.0,118987.91,3668.64,NPR
2026-01-26,ACC0000000468,153073.12,0.0,85778.83,67294.29,NPR
2026-01-26,ACC0000000469,479419.05,0.0,61591.24,417827.81,NPR
2026-01-26,ACC0000000470,363304.35,0.0,47851.5,315452.85,NPR
2026-01-26,ACC0000000471,431370.91,0.0,53656.55,377714.36,NPR
2026-01-26,ACC0000000472,95951.68,16778.38,102549.71,10180.35,NPR
2026-01-26,ACC0000000473,355336.17,0.0,41813.74,313522.43,NPR
2026-01-26,ACC0000000474,313617.32,0.0,0.0,313617.32,NPR
2026-01-26,ACC0000000475,274620.34,49984.67,38306.0,286299.01,NPR
2026-01-26,ACC0000000476,219593.61,0.0,74150.07,145443.54,NPR
2026-01-26,ACC0000000477,457800.56,0.0,127775.22,330025.34,NPR
2026-01-26,ACC0000000478,140474.17,19156.98,60803.13,98828.02,NPR
2026-01-26,ACC0000000479,106604.27,0.0,72429.02,34175.25,NPR
2026-01-26,ACC0000000480,81635.68,15756.18,78713.72,18678.14,NPR
2026-01-26,ACC0000000481,246489.48,1912.5,33338.22,215063.76,NPR
2026-01-26,ACC0000000482,455737.08,0.0,15115.71,440621.37,NPR
2026-01-26,ACC0000000483,262067.93,48975.91,33133.72,277910.12,NPR
2026-01-26,ACC0000000484,149762.09,0.0,7768.59,141993.5,NPR
2026-01-26,ACC0000000485,188843.93,0.0,44150.99,144692.94,NPR
2026-01-26,ACC0000000486,180375.7,3964.54,4487.92,179852.32,NPR
2026-01-26,ACC0000000487,10397.57,33685.44,32005.34,12077.67,NPR
2026-01-26,ACC0000000488,288694.13,0.0,0.0,288694.13,NPR
2026-01-26,ACC0000000489,89703.78,0.0,54752.84,34950.94,NPR
2026-01-26,ACC0000000490,296837.7,0.0,91101.25,205736.45,NPR
2026-01-26,ACC0000000491,127284.62,63664.75,91747.09,99202.28,NPR
2026-01-26,ACC0000000492,237543.24,0.0,0.0,237543.24,NPR
2026-01-26,ACC0000000493,30458.32,0.0,64964.46,-34506.14,NPR
2026-01-26,ACC0000000494,294996.0,39797.18,57828.72,276964.46,NPR
2026-01-26,ACC0000000495,239111.29,26222.7,8291.09,257042.9,NPR
2026-01-26,ACC0000000496,16691.13,21543.13,24294.08,13940.18,NPR
2026-01-26,ACC0000000497,274683.65,0.0,91401.48,183282.17,NPR
2026-01-26,ACC0000000498,81101.08,41683.35,91229.51,31554.92,NPR
2026-01-26,ACC0000000499,232161.15,0.0,114211.07,117950.08,NPR
2026-01-26,ACC0000000500,101085.71,54452.85,17180.99,138357.57,NPR
2026-01-26,ACC0000000501,239036.35,0.0,28628.34,210408.01,NPR
2026-01-26,ACC0000000502,476390.42,0.0,31755.07,444635.35,NPR
2026-01-26,ACC0000000503,109986.12,31480.36,101527.56,39938.92,NPR
2026-01-26,ACC0000000504,490508.5,0.0,0.0,490508.5,NPR
2026-01-26,ACC0000000505,316056.88,0.0,0.0,316056.88,NPR
2026-01-26,ACC0000000506,271432.34,0.0,169433.66,101998.68,NPR
2026-01-26,ACC0000000507,67319.29,89862.01,43476.31,113704.99,NPR
2026-01-26,ACC0000000508,38263.35,32978.37,103489.49,-32247.77,NPR
2026-01-26,ACC0000000509,439314.8,35233.37,99619.44,374928.73,NPR
2026-01-26,ACC0000000510,370451.29,0.0,45896.42,324554.87,NPR
2026-01-26,ACC0000000511,480015.75,0.0,0.0,480015.75,NPR
2026-01-26,ACC0000000512,289712.75,0.0,0.0,289712.75,NPR
2026-01-26,ACC0000000513,158114.29,0.0,0.0,158114.29,NPR
2026-01-26,ACC0000000514,318344.11,21543.41,27585.72,312301.8,NPR
2026-01-26,ACC0000000515,80824.67,0.0,0.0,80824.67,NPR
2026-01-26,ACC0000000516,188456.28,0.0,186218.89,2237.39,NPR
2026-01-26,ACC0000000517,354673.97,0.0,56088.27,298585.7,NPR
2026-01-26,ACC0000000518,147508.67,63428.55,104727.37,106209.85,NPR
2026-01-26,ACC0000000519,310213.11,0.0,0.0,310213.11,NPR
2026-01-26,ACC0000000520,372803.87,15339.94,68855.77,319288.04,NPR
2026-01-26,ACC0000000521,104350.79,0.0,17929.41,86421.38,NPR
2026-01-26,ACC0000000522,248299.97,0.0,16529.88,231770.09,NPR
2026-01-26,ACC0000000523,353026.79,0.0,51602.7,301424.09,NPR
2026-01-26,ACC0000000524,179213.69,0.0,193253.0,-14039.31,NPR
2026-01-26,ACC0000000525,208576.94,0.0,67833.43,140743.51,NPR
2026-01-26,ACC0000000526,356505.41,0.0,23953.65,332551.76,NPR
2026-01-26,ACC0000000527,57766.46,4947.79,0.0,62714.25,NPR
2026-01-26,ACC0000000528,484378.01,4130.8,184064.21,304444.6,NPR
2026-01-26,ACC0000000529,181334.44,0.0,29437.38,151897.06,NPR
2026-01-26,ACC0000000530,352812.98,0.0,34410.44,318402.54,NPR
2026-01-26,ACC0000000531,127997.17,36989.19,96375.07,68611.29,NPR
2026-01-26,ACC0000000532,449458.7,8177.65,25974.87,431661.48,NPR
2026-01-26,ACC0000000533,204806.3,0.0,81705.16,123101.14,NPR
2026-01-26,ACC0000000534,163724.37,0.0,0.0,163724.37,NPR
2026-01-26,ACC0000000535,91887.9,11667.44,141058.9,-37503.56,NPR
2026-01-26,ACC0000000536,75807.63,0.0,0.0,75807.63,NPR
2026-01-26,ACC0000000537,478912.08,0.0,0.0,478912.08,NPR
2026-01-26,ACC0000000538,209144.44,0.0,31769.89,177374.55,NPR
2026-01-26,ACC0000000539,498440.65,0.0,134886.58,363554.07,NPR
2026-01-26,ACC0000000540,382354.72,10987.37,109105.64,284236.45,NPR
2026-01-26,ACC0000000541,451387.82,35367.78,72828.77,413926.83,NPR
2026-01-26,ACC0000000542,365628.42,0.0,86514.51,279113.91,NPR
2026-01-26,ACC0000000543,234003.93,44838.52,21657.51,257184.94,NPR
2026-01-26,ACC0000000544,38176.97,0.0,0.0,38176.97,NPR
2026-01-26,ACC0000000545,27783.38,0.0,69334.72,-41551.34,NPR
2026-01-26,ACC0000000546,462188.46,36018.43,27934.12,470272.77,NPR
2026-01-26,ACC0000000547,145147.15,42636.69,157623.87,30159.97,NPR
2026-01-26,ACC0000000548,340583.71,0.0,43174.7,297409.01,NPR
2026-01-26,ACC0000000549,273386.85,21357.42,36583.18,258161.09,NPR
2026-01-26,ACC0000000550,80390.08,46754.86,73784.24,53360.7,NPR
2026-01-26,ACC0000000551,133298.13,29675.06,148129.35,14843.84,NPR
2026-01-26,ACC0000000552,154712.54,0.0,109328.69,45383.85,NPR
2026-01-26,ACC0000000553,175349.59,23267.74,60475.6,138141.73,NPR
2026-01-26,ACC0000000554,311912.69,0.0,25717.2,286195.49,NPR
2026-01-26,ACC0000000555,218153.44,0.0,0.0,218153.44,NPR
2026-01-26,ACC0000000556,279493.55,92526.46,54239.03,317780.98,NPR
2026-01-26,ACC0000000557,120676.94,0.0,44818.89,75858.05,NPR
2026-01-26,ACC0000000558,20288.43,0.0,40820.31,-20531.88,NPR
2026-01-26,ACC0000000559,270146.81,0.0,0.0,270146.81,NPR
2026-01-26,ACC0000000560,24400.43,38547.01,22551.63,40395.81,NPR
2026-01-26,ACC0000000561,230965.13,0.0,82060.79,148904.34,NPR
2026-01-26,ACC0000000562,405882.32,0.0,31604.7,374277.62,NPR
2026-01-26,ACC0000000563,262487.89,46047.68,30704.11,277831.46,NPR
2026-01-26,ACC0000000564,159516.88,53489.23,161956.52,51049.59,NPR
2026-01-26,ACC0000000565,361021.13,20529.97,46964.64,334586.46,NPR
2026-01-26,ACC0000000566,366583.37,0.0,5975.42,360607.95,NPR
2026-01-26,ACC0000000567,146570.4,0.0,0.0,146570.4,NPR
2026-01-26,ACC0000000568,279017.18,27211.08,39144.12,267084.14,NPR
2026-01-26,ACC0000000569,33230.4,19406.61,41437.71,11199.3,NPR
2026-01-26,ACC0000000570,34371.52,0.0,20489.99,13881.53,NPR
2026-01-26,ACC0000000571,8599.45,0.0,42108.33,-33508.88,NPR
2026-01-26,ACC0000000572,110421.48,0.0,46209.28,64212.2,NPR
2026-01-26,ACC0000000573,371010.99,0.0,19921.86,351089.13,NPR
2026-01-26,ACC0000000574,211270.58,0.0,14420.86,196849.72,NPR
2026-01-26,ACC0000000575,341205.87,0.0,141062.63,200143.24,NPR
2026-01-26,ACC0000000576,93689.79,38014.11,7054.81,124649.09,NPR
2026-01-26,ACC0000000577,450243.99,24625.58,29702.7,445166.87,NPR
2026-01-26,ACC0000000578,51200.08,1833.92,186166.31,-133132.31,NPR
2026-01-26,ACC0000000579,20380.73,0.0,128479.08,-108098.35,NPR
2026-01-26,ACC0000000580,49220.44,3746.81,41733.36,11233.89,NPR
2026-01-26,ACC0000000581,411650.34,0.0,5226.3,406424.04,NPR
2026-01-26,ACC0000000582,39195.83,0.0,97458.23,-58262.4,NPR
2026-01-26,ACC0000000583,269762.24,19371.58,33873.36,255260.46,NPR
2026-01-26,ACC0000000584,186477.71,22796.47,51835.03,157439.15,NPR
2026-01-26,ACC0000000585,71979.86,0.0,78326.87,-6347.01,NPR
2026-01-26,ACC0000000586,488964.87,0.0,18175.49,470789.38,NPR
2026-01-26,ACC0000000587,467610.95,24379.69,18945.89,473044.75,NPR
2026-01-26,ACC0000000588,247549.63,0.0,31889.67,215659.96,NPR
2026-01-26,ACC0000000589,435513.39,0.0,70707.63,364805.76,NPR
2026-01-26,ACC0000000590,426511.65,0.0,54114.21,372397.44,NPR
2026-01-26,ACC0000000591,456285.95,90.82,0.0,456376.77,NPR
2026-01-26,ACC0000000592,484383.2,0.0,47125.52,437257.68,NPR
2026-01-26,ACC0000000593,18363.93,0.0,108004.18,-89640.25,NPR
2026-01-26,ACC0000000594,87418.02,0.0,0.0,87418.02,NPR
2026-01-26,ACC0000000595,45808.28,0.0,0.0,45808.28,NPR
2026-01-26,ACC0000000596,486832.99,0.0,0.0,486832.99,NPR
2026-01-26,ACC0000000597,481618.83,0.0,28962.62,452656.21,NPR
2026-01-26,ACC0000000598,469216.24,0.0,145642.13,323574.11,NPR
2026-01-26,ACC0000000599,254307.98,0.0,28008.9,226299.08,NPR
2026-01-26,ACC0000000600,216695.41,0.0,69786.76,146908.65,NPR
2026-01-26,ACC0000000601,371797.52,0.0,51403.9,320393.62,NPR
2026-01-26,ACC0000000602,93970.48,2007.98,93544.13,2434.33,NPR
2026-01-26,ACC0000000603,33858.71,0.0,72238.88,-38380.17,NPR
2026-01-26,ACC0000000604,335784.51,0.0,47958.07,287826.44,NPR
2026-01-26,ACC0000000605,266240.93,0.0,70862.49,195378.44,NPR
2026-01-26,ACC0000000606,316250.45,0.0,0.0,316250.45,NPR
2026-01-26,ACC0000000607,168341.68,0.0,51314.6,117027.08,NPR
2026-01-26,ACC0000000608,393275.12,0.0,14205.82,379069.3,NPR
2026-01-26,ACC0000000609,84727.89,0.0,0.0,84727.89,NPR
2026-01-26,ACC0000000610,6823.37,9782.33,91592.59,-74986.89,NPR
2026-01-26,ACC0000000611,295225.08,46995.51,0.0,342220.59,NPR
2026-01-26,ACC0000000612,456577.21,0.0,11818.04,444759.17,NPR
2026-01-26,ACC0000000613,476445.95,43119.0,0.0,519564.95,NPR
2026-01-26,ACC0000000614,135847.2,0.0,29422.59,106424.61,NPR
2026-01-26,ACC0000000615,443102.04,3561.31,49466.96,397196.39,NPR
2026-01-26,ACC0000000616,41271.51,1435.68,138017.53,-95310.34,NPR
2026-01-26,ACC0000000617,32028.4,0.0,0.0,32028.4,NPR
2026-01-26,ACC0000000618,294166.26,36560.07,40933.2,289793.13,NPR
2026-01-26,ACC0000000619,338468.14,0.0,63356.33,275111.81,NPR
2026-01-26,ACC0000000620,52399.9,0.0,0.0,52399.9,NPR
2026-01-26,ACC0000000621,243327.4,0.0,0.0,243327.4,NPR
2026-01-26,ACC0000000622,226329.52,0.0,85297.6,141031.92,NPR
2026-01-26,ACC0000000623,319588.71,0.0,40886.94,278701.77,NPR
2026-01-26,ACC0000000624,76985.35,0.0,34954.33,42031.02,NPR
2026-01-26,ACC0000000625,495379.23,0.0,0.0,495379.23,NPR
2026-01-26,ACC0000000626,209431.8,71786.56,10371.51,270846.85,NPR
2026-01-26,ACC0000000627,142623.52,42267.74,44456.4,140434.86,NPR
2026-01-26,ACC0000000628,138012.95,50869.7,89362.45,99520.2,NPR
2026-01-26,ACC0000000629,310936.01,0.0,42920.55,268015.46,NPR
2026-01-26,ACC0000000630,445571.17,0.0,0.0,445571.17,NPR
2026-01-26,ACC0000000631,346253.33,45330.5,0.0,391583.83,NPR
2026-01-26,ACC0000000632,179783.53,59105.38,92601.02,146287.89,NPR
2026-01-26,ACC0000000633,333554.96,0.0,0.0,333554.96,NPR
2026-01-26,ACC0000000634,230624.25,0.0,0.0,230624.25,NPR
2026-01-26,ACC0000000635,461890.93,0.0,56898.96,404991.97,NPR
2026-01-26,ACC0000000636,439982.44,25608.0,8368.33,457222.11,NPR
2026-01-26,ACC0000000637,156424.41,6269.34,54358.45,108335.3,NPR
2026-01-26,ACC0000000638,246409.71,53849.6,185711.32,114547.99,NPR
2026-01-26,ACC0000000639,176013.79,53620.89,104945.97,124688.71,NPR
2026-01-26,ACC0000000640,153412.14,0.0,0.0,153412.14,NPR
2026-01-26,ACC0000000641,438303.82,0.0,0.0,438303.82,NPR
2026-01-26,ACC0000000642,118535.17,0.0,159483.57,-40948.4,NPR
2026-01-26,ACC0000000643,65680.33,0.0,0.0,65680.33,NPR
2026-01-26,ACC0000000644,182178.15,0.0,71622.97,110555.18,NPR
2026-01-26,ACC0000000645,342816.48,0.0,0.0,342816.48,NPR
2026-01-26,ACC0000000646,163872.46,0.0,0.0,163872.46,NPR
2026-01-26,ACC0000000647,149219.9,0.0,62190.7,87029.2,NPR
2026-01-26,ACC0000000648,293559.04,0.0,0.0,293559.04,NPR
2026-01-26,ACC0000000649,100431.76,0.0,109625.48,-9193.72,NPR
2026-01-26,ACC0000000650,265439.28,0.0,74251.78,191187.5,NPR
2026-01-26,ACC0000000651,140096.82,14821.12,123726.28,31191.66,NPR
2026-01-26,ACC0000000652,401606.27,4784.99,0.0,406391.26,NPR
2026-01-26,ACC0000000653,255705.98,63437.73,121765.71,197378.0,NPR
2026-01-26,ACC0000000654,191851.83,76982.8,186421.74,82412.89,NPR
2026-01-26,ACC0000000655,346232.32,0.0,61001.35,285230.97,NPR
2026-01-26,ACC0000000656,199865.21,32350.75,73455.14,158760.82,NPR
2026-01-26,ACC0000000657,175756.65,0.0,78849.18,96907.47,NPR
2026-01-26,ACC0000000658,158695.54,0.0,46322.15,112373.39,NPR
2026-01-26,ACC0000000659,267454.27,29142.07,23129.3,273467.04,NPR
2026-01-26,ACC0000000660,489015.89,0.0,0.0,489015.89,NPR
2026-01-26,ACC0000000661,153632.1,0.0,152562.94,1069.16,NPR
2026-01-26,ACC0000000662,262498.51,0.0,37358.82,225139.69,NPR
2026-01-26,ACC0000000663,234209.08,0.0,32474.36,201734.72,NPR
2026-01-26,ACC0000000664,446614.89,8460.91,71322.45,383753.35,NPR
2026-01-26,ACC0000000665,99337.19,0.0,0.0,99337.19,NPR
2026-01-26,ACC0000000666,311753.45,25637.92,0.0,337391.37,NPR
2026-01-26,ACC0000000667,187670.81,0.0,0.0,187670.81,NPR
2026-01-26,ACC0000000668,294825.33,25581.74,61793.95,258613.12,NPR
2026-01-26,ACC0000000669,277768.61,19185.91,51513.31,245441.21,NPR
2026-01-26,ACC0000000670,70378.26,1317.16,29149.77,42545.65,NPR
2026-01-26,ACC0000000671,394110.9,0.0,120308.07,273802.83,NPR
2026-01-26,ACC0000000672,473494.17,39468.3,10220.63,502741.84,NPR
2026-01-26,ACC0000000673,316477.25,7582.84,52461.65,271598.44,NPR
2026-01-26,ACC0000000674,136786.16,0.0,102609.69,34176.47,NPR
2026-01-26,ACC0000000675,214728.68,0.0,75319.81,139408.87,NPR
2026-01-26,ACC0000000676,175594.45,49558.46,113733.56,111419.35,NPR
2026-01-26,ACC0000000677,414297.89,32680.52,54715.37,392263.04,NPR
2026-01-26,ACC0000000678,207184.63,0.0,0.0,207184.63,NPR
2026-01-26,ACC0000000679,493317.76,0.0,46782.22,446535.54,NPR
2026-01-26,ACC0000000680,89161.42,28954.05,0.0,118115.47,NPR
2026-01-26,ACC0000000681,108533.14,0.0,0.0,108533.14,NPR
2026-01-26,ACC0000000682,497935.22,0.0,87769.16,410166.06,NPR
2026-01-26,ACC0000000683,400758.89,0.0,49016.09,351742.8,NPR
2026-01-26,ACC0000000684,396194.41,43266.52,94086.63,345374.3,NPR
2026-01-26,ACC0000000685,86150.36,0.0,14312.18,71838.18,NPR
2026-01-26,ACC0000000686,204035.45,37388.9,14867.53,226556.82,NPR
2026-01-26,ACC0000000687,104746.84,0.0,33809.95,70936.89,NPR
2026-01-26,ACC0000000688,139013.36,0.0,23068.75,115944.61,NPR
2026-01-26,ACC0000000689,321013.71,7101.41,59582.59,268532.53,NPR
2026-01-26,ACC0000000690,336719.02,61227.25,51418.28,346527.99,NPR
2026-01-26,ACC0000000691,27421.46,3409.17,91616.73,-60786.1,NPR
2026-01-26,ACC0000000692,24741.78,0.0,92083.13,-67341.35,NPR
2026-01-26,ACC0000000693,443696.99,46046.42,145686.05,344057.36,NPR
2026-01-26,ACC0000000694,33537.23,0.0,63026.75,-29489.52,NPR
2026-01-26,ACC0000000695,361860.06,0.0,0.0,361860.06,NPR
2026-01-26,ACC0000000696,39063.52,38653.93,69399.03,8318.42,NPR
2026-01-26,ACC0000000697,73995.54,37352.89,74754.38,36594.05,NPR
2026-01-26,ACC0000000698,418499.79,0.0,42569.23,375930.56,NPR
2026-01-26,ACC0000000699,479096.73,0.0,0.0,479096.73,NPR
2026-01-26,ACC0000000700,273790.25,0.0,34288.22,239502.03,NPR
2026-01-26,ACC0000000701,153458.42,71638.03,0.0,225096.45,NPR
2026-01-26,ACC0000000702,453373.17,0.0,90829.43,362543.74,NPR
2026-01-26,ACC0000000703,348530.49,0.0,0.0,348530.49,NPR
2026-01-26,ACC0000000704,50351.95,0.0,31572.38,18779.57,NPR
2026-01-26,ACC0000000705,195935.78,0.0,26465.68,169470.1,NPR
2026-01-26,ACC0000000706,468511.03,0.0,0.0,468511.03,NPR
2026-01-26,ACC0000000707,33014.52,0.0,41492.99,-8478.47,NPR
2026-01-26,ACC0000000708,228853.76,0.0,0.0,228853.76,NPR
2026-01-26,ACC0000000709,8798.82,0.0,65296.54,-56497.72,NPR
2026-01-26,ACC0000000710,463365.51,46901.02,37782.27,472484.26,NPR
2026-01-26,ACC0000000711,322567.55,25922.83,56197.88,292292.5,NPR
2026-01-26,ACC0000000712,451161.73,24025.29,23404.79,451782.23,NPR
2026-01-26,ACC0000000713,106163.61,0.0,112686.37,-6522.76,NPR
2026-01-26,ACC0000000714,86386.08,46278.3,0.0,132664.38,NPR
2026-01-26,ACC0000000715,219465.07,0.0,0.0,219465.07,NPR
2026-01-26,ACC0000000716,365073.27,17593.34,15863.93,366802.68,NPR
2026-01-26,ACC0000000717,466352.54,0.0,91616.78,374735.76,NPR
2026-01-26,ACC0000000718,70653.72,0.0,120809.87,-50156.15,NPR
2026-01-26,ACC0000000719,408297.77,0.0,0.0,408297.77,NPR
2026-01-26,ACC0000000720,417026.56,0.0,0.0,417026.56,NPR
2026-01-26,ACC0000000721,207148.34,80549.8,52621.04,235077.1,NPR
2026-01-26,ACC0000000722,78701.72,0.0,0.0,78701.72,NPR
2026-01-26,ACC0000000723,294063.97,19600.49,28143.54,285520.92,NPR
2026-01-26,ACC0000000724,128345.42,27087.0,45546.26,109886.16,NPR
2026-01-26,ACC0000000725,272693.83,17411.26,17789.22,272315.87,NPR
2026-01-26,ACC0000000726,432680.2,22585.54,15663.32,439602.42,NPR
2026-01-26,ACC0000000727,484486.48,0.0,14679.73,469806.75,NPR
2026-01-26,ACC0000000728,468680.72,0.0,73903.17,394777.55,NPR
2026-01-26,ACC0000000729,427019.32,0.0,49123.36,377895.96,NPR
2026-01-26,ACC0000000730,346131.64,0.0,70851.85,275279.79,NPR
2026-01-26,ACC0000000731,125839.59,0.0,91559.28,34280.31,NPR
2026-01-26,ACC0000000732,55625.53,0.0,0.0,55625.53,NPR
2026-01-26,ACC0000000733,65072.8,95.84,87992.52,-22823.88,NPR
2026-01-26,ACC0000000734,32764.24,0.0,110475.47,-77711.23,NPR
2026-01-26,ACC0000000735,297502.74,0.0,80721.02,216781.72,NPR
2026-01-26,ACC0000000736,272670.75,0.0,0.0,272670.75,NPR
2026-01-26,ACC0000000737,200020.5,33974.17,8581.21,225413.46,NPR
2026-01-26,ACC0000000738,160010.53,36234.83,0.0,196245.36,NPR
2026-01-26,ACC0000000739,300177.24,44263.43,18062.92,326377.75,NPR
2026-01-26,ACC0000000740,158873.21,31835.73,79338.17,111370.77,NPR
2026-01-26,ACC0000000741,128914.37,0.0,88107.15,40807.22,NPR
2026-01-26,ACC0000000742,419623.84,0.0,62502.34,357121.5,NPR
2026-01-26,ACC0000000743,286704.55,0.0,1103.38,285601.17,NPR
2026-01-26,ACC0000000744,455151.49,24805.22,114387.04,365569.67,NPR
2026-01-26,ACC0000000745,203946.57,0.0,12891.61,191054.96,NPR
2026-01-26,ACC0000000746,148485.49,0.0,0.0,148485.49,NPR
2026-01-26,ACC0000000747,56844.09,107278.79,20371.19,143751.69,NPR
2026-01-26,ACC0000000748,416483.49,0.0,73613.28,342870.21,NPR
2026-01-26,ACC0000000749,31079.03,0.0,13186.73,17892.3,NPR
2026-01-26,ACC0000000750,184381.12,0.0,25933.29,158447.83,NPR
2026-01-26,ACC0000000751,363714.6,0.0,38617.69,325096.91,NPR
2026-01-26,ACC0000000752,185483.73,0.0,45928.44,139555.29,NPR
2026-01-26,ACC0000000753,292184.39,3375.04,62649.09,232910.34,NPR
2026-01-26,ACC0000000754,357232.56,0.0,0.0,357232.56,NPR
2026-01-26,ACC0000000755,461966.34,0.0,86.35,461879.99,NPR
2026-01-26,ACC0000000756,43054.68,0.0,44256.72,-1202.04,NPR
2026-01-26,ACC0000000757,272123.37,0.0,117793.1,154330.27,NPR
2026-01-26,ACC0000000758,365771.48,0.0,0.0,365771.48,NPR
2026-01-26,ACC0000000759,380374.37,0.0,70767.53,309606.84,NPR
2026-01-26,ACC0000000760,343673.06,29999.09,37784.87,335887.28,NPR
2026-01-26,ACC0000000761,177344.05,0.0,0.0,177344.05,NPR
2026-01-26,ACC0000000762,104211.8,0.0,0.0,104211.8,NPR
2026-01-26,ACC0000000763,423180.89,0.0,59710.91,363469.98,NPR
2026-01-26,ACC0000000764,177811.6,29488.05,64752.88,142546.77,NPR
2026-01-26,ACC0000000765,253150.55,40323.48,47287.15,246186.88,NPR
2026-01-26,ACC0000000766,229152.15,16181.82,43889.06,201444.91,NPR
2026-01-26,ACC0000000767,274367.75,0.0,49755.71,224612.04,NPR
2026-01-26,ACC0000000768,102045.64,0.0,24978.28,77067.36,NPR
2026-01-26,ACC0000000769,489187.43,4730.44,91479.99,402437.88,NPR
2026-01-26,ACC0000000770,334371.32,0.0,0.0,334371.32,NPR
2026-01-26,ACC0000000771,323883.56,0.0,49015.66,274867.9,NPR
2026-01-26,ACC0000000772,414085.71,0.0,60387.3,353698.41,NPR
2026-01-26,ACC0000000773,129161.08,31181.93,31754.18,128588.83,NPR
2026-01-26,ACC0000000774,427608.33,0.0,123645.8,303962.53,NPR
2026-01-26,ACC0000000775,119427.39,0.0,6850.83,112576.56,NPR
2026-01-26,ACC0000000776,397313.24,15891.64,0.0,413204.88,NPR
2026-01-26,ACC0000000777,395665.82,0.0,48691.44,346974.38,NPR
2026-01-26,ACC0000000778,345010.31,0.0,6362.08,338648.23,NPR
2026-01-26,ACC0000000779,474949.16,0.0,34570.79,440378.37,NPR
2026-01-26,ACC0000000780,457554.8,347.83,61580.88,396321.75,NPR
2026-01-26,ACC0000000781,295076.34,0.0,3236.89,291839.45,NPR
2026-01-26,ACC0000000782,292207.23,0.0,46076.64,246130.59,NPR
2026-01-26,ACC0000000783,130720.05,48902.62,36545.43,143077.24,NPR
2026-01-26,ACC0000000784,465763.78,38398.94,58115.8,446046.92,NPR
2026-01-26,ACC0000000785,71410.76,0.0,27777.27,43633.49,NPR
2026-01-26,ACC0000000786,456051.69,0.0,24349.49,431702.2,NPR
2026-01-26,ACC0000000787,338157.01,0.0,44623.44,293533.57,NPR
2026-01-26,ACC0000000788,379261.16,0.0,39467.59,339793.57,NPR
2026-01-26,ACC0000000789,37421.91,0.0,36024.81,1397.1,NPR
2026-01-26,ACC0000000790,317028.26,18147.99,0.0,335176.25,NPR
2026-01-26,ACC0000000791,65756.62,47130.6,18356.05,94531.17,NPR
2026-01-26,ACC0000000792,154095.07,0.0,94387.63,59707.44,NPR
2026-01-26,ACC0000000793,382636.98,0.0,4049.66,378587.32,NPR
2026-01-26,ACC0000000794,436058.38,62220.56,117861.98,380416.96,NPR
2026-01-26,ACC0000000795,26025.95,0.0,30473.55,-4447.6,NPR
2026-01-26,ACC0000000796,133528.93,0.0,0.0,133528.93,NPR
2026-01-26,ACC0000000797,229291.5,0.0,0.0,229291.5,NPR
2026-01-26,ACC0000000798,405221.64,43837.2,73149.29,375909.55,NPR
2026-01-26,ACC0000000799,466550.33,25648.46,82608.21,409590.58,NPR
2026-01-26,ACC0000000800,389879.44,0.0,14668.22,375211.22,NPR
2026-01-26,ACC0000000801,128609.27,0.0,0.0,128609.27,NPR
2026-01-26,ACC0000000802,215654.1,0.0,63299.16,152354.94,NPR
2026-01-26,ACC0000000803,391491.2,105206.74,15724.35,480973.59,NPR
2026-01-26,ACC0000000804,232674.36,0.0,46303.78,186370.58,NPR
2026-01-26,ACC0000000805,398302.03,34618.15,103345.09,329575.09,NPR
2026-01-26,ACC0000000806,256580.53,32260.76,97433.37,191407.92,NPR
2026-01-26,ACC0000000807,404128.61,25897.28,0.0,430025.89,NPR
2026-01-26,ACC0000000808,152939.4,31069.38,58759.19,125249.59,NPR
2026-01-26,ACC0000000809,6138.84,32046.05,14374.86,23810.03,NPR
2026-01-26,ACC0000000810,325537.22,0.0,55662.0,269875.22,NPR
2026-01-26,ACC0000000811,215983.34,0.0,27343.7,188639.64,NPR
2026-01-26,ACC0000000812,426514.98,0.0,48592.36,377922.62,NPR
2026-01-26,ACC0000000813,231590.07,16455.57,11722.23,236323.41,NPR
2026-01-26,ACC0000000814,385498.61,6013.6,50547.32,340964.89,NPR
2026-01-26,ACC0000000815,121182.24,15118.32,11857.72,124442.84,NPR
2026-01-26,ACC0000000816,210376.61,4694.36,167163.39,47907.58,NPR
2026-01-26,ACC0000000817,291223.74,0.0,47761.21,243462.53,NPR
2026-01-26,ACC0000000818,147778.97,0.0,0.0,147778.97,NPR
2026-01-26,ACC0000000819,98064.58,0.0,68415.16,29649.42,NPR
2026-01-26,ACC0000000820,158886.31,24965.52,27637.88,156213.95,NPR
2026-01-26,ACC0000000821,37150.76,0.0,64210.14,-27059.38,NPR
2026-01-26,ACC0000000822,225172.34,43048.44,41955.22,226265.56,NPR
2026-01-26,ACC0000000823,2210.96,0.0,70734.78,-68523.82,NPR
2026-01-26,ACC0000000824,122058.39,31660.97,0.0,153719.36,NPR
2026-01-26,ACC0000000825,203747.27,0.0,0.0,203747.27,NPR
2026-01-26,ACC0000000826,120164.22,0.0,9881.39,110282.83,NPR
2026-01-26,ACC0000000827,345739.17,52826.85,0.0,398566.02,NPR
2026-01-26,ACC0000000828,223447.93,9546.27,31882.56,201111.64,NPR
2026-01-26,ACC0000000829,347997.7,0.0,9917.34,338080.36,NPR
2026-01-26,ACC0000000830,70998.04,0.0,16227.39,54770.65,NPR
2026-01-26,ACC0000000831,226451.32,27444.93,77865.27,176030.98,NPR
2026-01-26,ACC0000000832,101880.8,0.0,8433.37,93447.43,NPR
2026-01-26,ACC0000000833,433742.25,0.0,148593.55,285148.7,NPR
2026-01-26,ACC0000000834,177872.66,32657.5,37807.39,172722.77,NPR
2026-01-26,ACC0000000835,126249.41,0.0,0.0,126249.41,NPR
2026-01-26,ACC0000000836,168753.46,36945.08,90737.41,114961.13,NPR
2026-01-26,ACC0000000837,331301.69,0.0,62889.4,268412.29,NPR
2026-01-26,ACC0000000838,336049.74,0.0,96337.39,239712.35,NPR
2026-01-26,ACC0000000839,109950.16,0.0,18758.94,91191.22,NPR
2026-01-26,ACC0000000840,262588.65,0.0,964.93,261623.72,NPR
2026-01-26,ACC0000000841,106065.52,0.0,24648.85,81416.67,NPR
2026-01-26,ACC0000000842,76353.78,0.0,14287.16,62066.62,NPR
2026-01-26,ACC0000000843,275591.03,0.0,63394.53,212196.5,NPR
2026-01-26,ACC0000000844,273967.53,46490.05,57769.29,262688.29,NPR
2026-01-26,ACC0000000845,64242.48,0.0,0.0,64242.48,NPR
2026-01-26,ACC0000000846,298136.18,0.0,6464.9,291671.28,NPR
2026-01-26,ACC0000000847,178180.65,46587.88,59042.03,165726.5,NPR
2026-01-26,ACC0000000848,293214.17,0.0,76878.59,216335.58,NPR
2026-01-26,ACC0000000849,306304.25,0.0,13430.32,292873.93,NPR
2026-01-26,ACC0000000850,98994.19,0.0,41366.13,57628.06,NPR
2026-01-26,ACC0000000851,409457.84,0.0,31990.36,377467.48,NPR
2026-01-26,ACC0000000852,276506.6,0.0,71414.61,205091.99,NPR
2026-01-26,ACC0000000853,254783.04,35005.04,3980.35,285807.73,NPR
2026-01-26,ACC0000000854,451257.65,0.0,35483.2,415774.45,NPR
2026-01-26,ACC0000000855,129029.51,0.0,41236.53,87792.98,NPR
2026-01-26,ACC0000000856,131542.05,0.0,0.0,131542.05,NPR
2026-01-26,ACC0000000857,35362.19,0.0,32614.09,2748.1,NPR
2026-01-26,ACC0000000858,59574.53,0.0,24540.27,35034.26,NPR
2026-01-26,ACC0000000859,339677.17,0.0,79356.87,260320.3,NPR
2026-01-26,ACC0000000860,266852.07,28227.13,78602.33,216476.87,NPR
2026-01-26,ACC0000000861,492715.27,0.0,45506.79,447208.48,NPR
2026-01-26,ACC0000000862,402331.39,0.0,89380.81,312950.58,NPR
2026-01-26,ACC0000000863,237355.47,0.0,1845.69,235509.78,NPR
2026-01-26,ACC0000000864,286200.03,5923.53,39545.49,252578.07,NPR
2026-01-26,ACC0000000865,11963.38,0.0,52675.74,-40712.36,NPR
2026-01-26,ACC0000000866,149312.44,1562.73,49470.71,101404.46,NPR
2026-01-26,ACC0000000867,107138.83,0.0,45283.3,61855.53,NPR
2026-01-26,ACC0000000868,316711.21,34365.03,0.0,351076.24,NPR
2026-01-26,ACC0000000869,81300.26,0.0,66775.13,14525.13,NPR
2026-01-26,ACC0000000870,427723.32,0.0,0.0,427723.32,NPR
2026-01-26,ACC0000000871,397569.44,37623.61,63517.13,371675.92,NPR
2026-01-26,ACC0000000872,210178.71,0.0,65176.09,145002.62,NPR
2026-01-26,ACC0000000873,285961.83,0.0,0.0,285961.83,NPR
2026-01-26,ACC0000000874,25384.4,0.0,108901.3,-83516.9,NPR
2026-01-26,ACC0000000875,180656.47,0.0,0.0,180656.47,NPR
2026-01-26,ACC0000000876,443392.2,0.0,0.0,443392.2,NPR
2026-01-26,ACC0000000877,352047.67,0.0,25561.95,326485.72,NPR
2026-01-26,ACC0000000878,373347.66,2966.31,30243.92,346070.05,NPR
2026-01-26,ACC0000000879,58958.01,0.0,0.0,58958.01,NPR
2026-01-26,ACC0000000880,418849.22,11088.66,106554.41,323383.47,NPR
2026-01-26,ACC0000000881,476359.73,0.0,59495.93,416863.8,NPR
2026-01-26,ACC0000000882,484039.77,0.0,35909.08,448130.69,NPR
2026-01-26,ACC0000000883,267264.51,0.0,34093.79,233170.72,NPR
2026-01-26,ACC0000000884,379113.19,0.0,101276.49,277836.7,NPR
2026-01-26,ACC0000000885,148963.27,0.0,0.0,148963.27,NPR
2026-01-26,ACC0000000886,352406.74,0.0,95894.5,256512.24,NPR
2026-01-26,ACC0000000887,308237.94,0.0,73545.03,234692.91,NPR
2026-01-26,ACC0000000888,406559.38,0.0,0.0,406559.38,NPR
2026-01-26,ACC0000000889,340195.25,7609.5,57756.52,290048.23,NPR
2026-01-26,ACC0000000890,277718.87,0.0,0.0,277718.87,NPR
2026-01-26,ACC0000000891,466061.33,0.0,105250.18,360811.15,NPR
2026-01-26,ACC0000000892,13828.7,15157.05,43948.56,-14962.81,NPR
2026-01-26,ACC0000000893,187838.99,0.0,59783.23,128055.76,NPR
2026-01-26,ACC0000000894,119175.59,0.0,49028.61,70146.98,NPR
2026-01-26,ACC0000000895,285928.23,21092.53,127133.59,179887.17,NPR
2026-01-26,ACC0000000896,377226.59,0.0,31091.62,346134.97,NPR
2026-01-26,ACC0000000897,156925.76,0.0,0.0,156925.76,NPR
2026-01-26,ACC0000000898,411731.15,0.0,27785.51,383945.64,NPR
2026-01-26,ACC0000000899,19901.71,83932.94,32028.05,71806.6,NPR
2026-01-26,ACC0000000900,221600.51,43185.67,18447.43,246338.75,NPR
2026-01-26,ACC0000000901,73977.92,60104.32,68430.89,65651.35,NPR
2026-01-26,ACC0000000902,362380.44,0.0,54923.44,307457.0,NPR
2026-01-26,ACC0000000903,427241.27,0.0,7222.93,420018.34,NPR
2026-01-26,ACC0000000904,470216.19,0.0,46678.41,423537.78,NPR
2026-01-26,ACC0000000905,424857.21,868.1,27984.87,397740.44,NPR
2026-01-26,ACC0000000906,59525.24,0.0,108096.48,-48571.24,NPR
2026-01-26,ACC0000000907,174313.42,39378.92,66233.24,147459.1,NPR
2026-01-26,ACC0000000908,142414.85,0.0,0.0,142414.85,NPR
2026-01-26,ACC0000000909,30434.73,0.0,82022.35,-51587.62,NPR
2026-01-26,ACC0000000910,23182.9,43672.05,30339.22,36515.73,NPR
2026-01-26,ACC0000000911,361765.69,0.0,82259.71,279505.98,NPR
2026-01-26,ACC0000000912,44958.93,41351.2,94552.83,-8242.7,NPR
2026-01-26,ACC0000000913,32798.57,0.0,14710.32,18088.25,NPR
2026-01-26,ACC0000000914,236094.33,32123.82,108129.38,160088.77,NPR
2026-01-26,ACC0000000915,70960.4,45035.51,57266.28,58729.63,NPR
2026-01-26,ACC0000000916,403462.67,0.0,8697.24,394765.43,NPR
2026-01-26,ACC0000000917,306084.56,0.0,57813.16,248271.4,NPR
2026-01-26,ACC0000000918,7212.38,0.0,52388.47,-45176.09,NPR
2026-01-26,ACC0000000919,455084.01,0.0,86658.84,368425.17,NPR
2026-01-26,ACC0000000920,327388.31,0.0,47960.75,279427.56,NPR
2026-01-26,ACC0000000921,166438.09,0.0,86518.8,79919.29,NPR
2026-01-26,ACC0000000922,379816.16,0.0,9042.46,370773.7,NPR
2026-01-26,ACC0000000923,367312.98,77867.99,38434.27,406746.7,NPR
2026-01-26,ACC0000000924,168211.0,0.0,125614.17,42596.83,NPR
2026-01-26,ACC0000000925,294869.58,0.0,0.0,294869.58,NPR
2026-01-26,ACC0000000926,400803.27,64177.01,0.0,464980.28,NPR
2026-01-26,ACC0000000927,314793.71,0.0,0.0,314793.71,NPR
2026-01-26,ACC0000000928,170967.64,28505.3,20479.81,178993.13,NPR
2026-01-26,ACC0000000929,342913.07,26262.44,95914.33,273261.18,NPR
2026-01-26,ACC0000000930,221168.51,0.0,0.0,221168.51,NPR
2026-01-26,ACC0000000931,106088.9,0.0,64980.91,41107.99,NPR
2026-01-26,ACC0000000932,372557.57,0.0,39192.56,333365.01,NPR
2026-01-26,ACC0000000933,292018.14,0.0,0.0,292018.14,NPR
2026-01-26,ACC0000000934,105944.87,0.0,28518.94,77425.93,NPR
2026-01-26,ACC0000000935,150587.9,5549.26,117772.12,38365.04,NPR
2026-01-26,ACC0000000936,103215.37,0.0,91502.36,11713.01,NPR
2026-01-26,ACC0000000937,27271.62,33956.36,41239.79,19988.19,NPR
2026-01-26,ACC0000000938,473301.58,8371.95,143676.65,337996.88,NPR
2026-01-26,ACC0000000939,395323.87,0.0,33083.31,362240.56,NPR
2026-01-26,ACC0000000940,249012.74,12802.79,123301.63,138513.9,NPR
2026-01-26,ACC0000000941,115084.64,0.0,0.0,115084.64,NPR
2026-01-26,ACC0000000942,153302.66,9804.93,52316.44,110791.15,NPR
2026-01-26,ACC0000000943,439863.26,3114.65,83765.06,359212.85,NPR
2026-01-26,ACC0000000944,384859.82,0.0,82243.45,302616.37,NPR
2026-01-26,ACC0000000945,236265.78,0.0,0.0,236265.78,NPR
2026-01-26,ACC0000000946,392002.7,17616.43,11513.3,398105.83,NPR
2026-01-26,ACC0000000947,43627.25,0.0,35914.71,7712.54,NPR
2026-01-26,ACC0000000948,334644.27,0.0,38509.3,296134.97,NPR
2026-01-26,ACC0000000949,297106.25,1611.28,18456.17,280261.36,NPR
2026-01-26,ACC0000000950,253078.51,0.0,19111.72,233966.79,NPR
2026-01-26,ACC0000000951,85605.4,0.0,62339.36,23266.04,NPR
2026-01-26,ACC0000000952,174838.82,0.0,108112.06,66726.76,NPR
2026-01-26,ACC0000000953,198800.83,0.0,1099.19,197701.64,NPR
2026-01-26,ACC0000000954,218353.32,0.0,49388.16,168965.16,NPR
2026-01-26,ACC0000000955,223735.04,23273.05,123189.5,123818.59,NPR
2026-01-26,ACC0000000956,221370.16,27803.72,62046.81,187127.07,NPR
2026-01-26,ACC0000000957,461366.63,0.0,111316.89,350049.74,NPR
2026-01-26,ACC0000000958,463217.72,42703.81,110136.01,395785.52,NPR
2026-01-26,ACC0000000959,121770.7,32382.22,0.0,154152.92,NPR
2026-01-26,ACC0000000960,69895.13,0.0,12880.35,57014.78,NPR
2026-01-26,ACC0000000961,364499.06,15446.97,92117.66,287828.37,NPR
2026-01-26,ACC0000000962,255335.34,0.0,65187.27,190148.07,NPR
2026-01-26,ACC0000000963,418486.64,21640.04,12686.38,427440.3,NPR
2026-01-26,ACC0000000964,499756.13,0.0,0.0,499756.13,NPR
2026-01-26,ACC0000000965,393530.63,0.0,53584.0,339946.63,NPR
2026-01-26,ACC0000000966,30261.89,35637.75,49466.27,16433.37,NPR
2026-01-26,ACC0000000967,76441.99,43706.93,26538.89,93610.03,NPR
2026-01-26,ACC0000000968,81872.62,0.0,61519.65,20352.97,NPR
2026-01-26,ACC0000000969,17513.39,0.0,0.0,17513.39,NPR
2026-01-26,ACC0000000970,20494.91,37314.17,119067.09,-61258.01,NPR
2026-01-26,ACC0000000971,267289.71,55367.5,107866.96,214790.25,NPR
2026-01-26,ACC0000000972,96946.97,0.0,48031.06,48915.91,NPR
2026-01-26,ACC0000000973,133744.29,0.0,159472.66,-25728.37,NPR
2026-01-26,ACC0000000974,286238.52,0.0,57489.46,228749.06,NPR
2026-01-26,ACC0000000975,455760.59,0.0,6767.57,448993.02,NPR
2026-01-26,ACC0000000976,221642.07,0.0,45728.05,175914.02,NPR
2026-01-26,ACC0000000977,296501.45,0.0,0.0,296501.45,NPR
2026-01-26,ACC0000000978,481734.87,18196.7,18196.42,481735.15,NPR
2026-01-26,ACC0000000979,232457.3,39690.53,27239.42,244908.41,NPR
2026-01-26,ACC0000000980,416873.49,0.0,9429.39,407444.1,NPR
2026-01-26,ACC0000000981,93972.02,0.0,14800.26,79171.76,NPR
2026-01-26,ACC0000000982,368196.18,9251.68,101411.44,276036.42,NPR
2026-01-26,ACC0000000983,99858.96,0.0,32325.33,67533.63,NPR
2026-01-26,ACC0000000984,304188.62,43694.79,64995.03,282888.38,NPR
2026-01-26,ACC0000000985,212270.26,0.0,42631.71,169638.55,NPR
2026-01-26,ACC0000000986,432724.52,37877.44,66060.48,404541.48,NPR
2026-01-26,ACC0000000987,269214.65,19491.55,42012.14,246694.06,NPR
2026-01-26,ACC0000000988,349454.72,0.0,92047.17,257407.55,NPR
2026-01-26,ACC0000000989,29031.79,0.0,49276.42,-20244.63,NPR
2026-01-26,ACC0000000990,81260.36,0.0,46766.28,34494.08,NPR
2026-01-26,ACC0000000991,180940.49,11733.17,24955.4,167718.26,NPR
2026-01-26,ACC0000000992,448673.72,0.0,26157.69,422516.03,NPR
2026-01-26,ACC0000000993,397088.03,0.0,201214.01,195874.02,NPR
2026-01-26,ACC0000000994,382671.35,21087.81,12317.39,391441.77,NPR
2026-01-26,ACC0000000995,211735.29,0.0,0.0,211735.29,NPR
2026-01-26,ACC0000000996,413214.2,0.0,0.0,413214.2,NPR
2026-01-26,ACC0000000997,169637.2,0.0,81074.97,88562.23,NPR
2026-01-26,ACC0000000998,472296.93,28981.11,86866.42,414411.62,NPR
2026-01-26,ACC0000000999,267087.4,0.0,35559.78,231527.62,NPR
2026-01-26,ACC0000001000,288015.33,0.0,0.0,288015.33,NPR
2026-01-26,ACC0000001001,348628.04,0.0,79916.22,268711.82,NPR
2026-01-26,ACC0000001002,148964.88,0.0,106177.93,42786.95,NPR
2026-01-26,ACC0000001003,312751.28,0.0,0.0,312751.28,NPR
2026-01-26,ACC0000001004,49995.49,0.0,0.0,49995.49,NPR
2026-01-26,ACC0000001005,349362.76,0.0,0.0,349362.76,NPR
2026-01-26,ACC0000001006,91603.53,0.0,163701.32,-72097.79,NPR
2026-01-26,ACC0000001007,283118.68,25456.14,112388.3,196186.52,NPR
2026-01-26,ACC0000001008,161312.66,65293.31,35719.46,190886.51,NPR
2026-01-26,ACC0000001009,472607.68,0.0,100353.81,372253.87,NPR
2026-01-26,ACC0000001010,314103.81,40136.31,89952.04,264288.08,NPR
2026-01-26,ACC0000001011,475102.98,0.0,92049.13,383053.85,NPR
2026-01-26,ACC0000001012,493152.13,0.0,56771.3,436380.83,NPR
2026-01-26,ACC0000001013,336255.62,10541.41,61778.76,285018.27,NPR
2026-01-26,ACC0000001014,342885.15,0.0,0.0,342885.15,NPR
2026-01-26,ACC0000001015,353349.6,0.0,0.0,353349.6,NPR
2026-01-26,ACC0000001016,387891.0,44551.59,31021.48,401421.11,NPR
2026-01-26,ACC0000001017,377328.15,0.0,30768.37,346559.78,NPR
2026-01-26,ACC0000001018,484476.17,1777.25,73010.15,413243.27,NPR
2026-01-26,ACC0000001019,306427.72,0.0,0.0,306427.72,NPR
2026-01-26,ACC0000001020,212605.46,0.0,45837.91,166767.55,NPR
2026-01-26,ACC0000001021,250329.4,40759.31,0.0,291088.71,NPR
2026-01-26,ACC0000001022,115419.31,0.0,16450.22,98969.09,NPR
2026-01-26,ACC0000001023,161466.35,4428.81,26530.68,139364.48,NPR
2026-01-26,ACC0000001024,168519.24,0.0,1522.6,166996.64,NPR
2026-01-26,ACC0000001025,134755.68,0.0,10083.21,124672.47,NPR
2026-01-26,ACC0000001026,362431.63,19075.5,91631.53,289875.6,NPR
2026-01-26,ACC0000001027,148567.76,0.0,0.0,148567.76,NPR
2026-01-26,ACC0000001028,384967.85,4486.08,0.0,389453.93,NPR
2026-01-26,ACC0000001029,394326.4,0.0,43462.21,350864.19,NPR
2026-01-26,ACC0000001030,3789.89,0.0,13400.24,-9610.35,NPR
2026-01-26,ACC0000001031,51403.43,15958.2,0.0,67361.63,NPR
2026-01-26,ACC0000001032,117468.71,3190.07,35611.7,85047.08,NPR
2026-01-26,ACC0000001033,490865.87,0.0,11153.31,479712.56,NPR
2026-01-26,ACC0000001034,15100.77,0.0,0.0,15100.77,NPR
2026-01-26,ACC0000001035,409723.98,0.0,0.0,409723.98,NPR
2026-01-26,ACC0000001036,239313.23,0.0,22128.73,217184.5,NPR
2026-01-26,ACC0000001037,141839.7,46073.49,24075.46,163837.73,NPR
2026-01-26,ACC0000001038,325286.19,21283.27,86238.03,260331.43,NPR
2026-01-26,ACC0000001039,34818.65,0.0,76916.82,-42098.17,NPR
2026-01-26,ACC0000001040,260418.86,42612.97,41729.1,261302.73,NPR
2026-01-26,ACC0000001041,497264.32,0.0,36321.92,460942.4,NPR
2026-01-26,ACC0000001042,478791.69,18934.93,156559.35,341167.27,NPR
2026-01-26,ACC0000001043,471660.14,35870.51,0.0,507530.65,NPR
2026-01-26,ACC0000001044,350143.86,0.0,0.0,350143.86,NPR
2026-01-26,ACC0000001045,169032.23,0.0,154877.61,14154.62,NPR
2026-01-26,ACC0000001046,326347.08,0.0,16450.02,309897.06,NPR
2026-01-26,ACC0000001047,245993.12,0.0,134780.96,111212.16,NPR
2026-01-26,ACC0000001048,114514.27,0.0,120818.89,-6304.62,NPR
2026-01-26,ACC0000001049,292800.27,0.0,26647.06,266153.21,NPR
2026-01-26,ACC0000001050,369030.85,39887.43,132523.29,276394.99,NPR
2026-01-26,ACC0000001051,470755.62,45208.15,0.0,515963.77,NPR
2026-01-26,ACC0000001052,376085.36,0.0,4936.47,371148.89,NPR
2026-01-26,ACC0000001053,209301.02,0.0,8116.33,201184.69,NPR
2026-01-26,ACC0000001054,447323.96,11000.13,48420.76,409903.33,NPR
2026-01-26,ACC0000001055,265009.08,0.0,73167.88,191841.2,NPR
2026-01-26,ACC0000001056,157844.27,0.0,76798.05,81046.22,NPR
2026-01-26,ACC0000001057,191849.67,43915.06,30182.88,205581.85,NPR
2026-01-26,ACC0000001058,309839.44,0.0,37581.26,272258.18,NPR
2026-01-26,ACC0000001059,293881.49,0.0,18941.69,274939.8,NPR
2026-01-26,ACC0000001060,481315.13,0.0,101254.52,380060.61,NPR
2026-01-26,ACC0000001061,498334.1,2059.45,0.0,500393.55,NPR
2026-01-26,ACC0000001062,30796.24,0.0,0.0,30796.24,NPR
2026-01-26,ACC0000001063,20098.11,51685.68,0.0,71783.79,NPR
2026-01-26,ACC0000001064,125348.26,8926.36,22144.13,112130.49,NPR
2026-01-26,ACC0000001065,337328.22,15200.85,93850.54,258678.53,NPR
2026-01-26,ACC0000001066,305907.78,0.0,0.0,305907.78,NPR
2026-01-26,ACC0000001067,69600.9,72222.26,10183.85,131639.31,NPR
2026-01-26,ACC0000001068,242949.99,0.0,0.0,242949.99,NPR
2026-01-26,ACC0000001069,178467.91,16370.56,0.0,194838.47,NPR
2026-01-26,ACC0000001070,229492.52,8983.86,42890.06,195586.32,NPR
2026-01-26,ACC0000001071,437502.93,0.0,0.0,437502.93,NPR
2026-01-26,ACC0000001072,496217.11,0.0,41671.96,454545.15,NPR
2026-01-26,ACC0000001073,344858.56,62114.6,46262.14,360711.02,NPR
2026-01-26,ACC0000001074,4690.82,0.0,43514.75,-38823.93,NPR
2026-01-26,ACC0000001075,116201.3,0.0,0.0,116201.3,NPR
2026-01-26,ACC0000001076,63995.83,0.0,0.0,63995.83,NPR
2026-01-26,ACC0000001077,16566.7,64367.07,43504.65,37429.12,NPR
2026-01-26,ACC0000001078,148128.87,0.0,0.0,148128.87,NPR
2026-01-26,ACC0000001079,153745.39,0.0,53588.56,100156.83,NPR
2026-01-26,ACC0000001080,250354.69,37086.49,0.0,287441.18,NPR
2026-01-26,ACC0000001081,191362.12,0.0,83789.94,107572.18,NPR
2026-01-26,ACC0000001082,407484.86,22133.73,92841.43,336777.16,NPR
2026-01-26,ACC0000001083,11391.79,0.0,36095.92,-24704.13,NPR
2026-01-26,ACC0000001084,463038.27,41590.89,100112.66,404516.5,NPR
2026-01-26,ACC0000001085,405313.95,2671.95,63092.82,344893.08,NPR
2026-01-26,ACC0000001086,188710.66,0.0,42724.3,145986.36,NPR
2026-01-26,ACC0000001087,280073.42,0.0,24621.92,255451.5,NPR
2026-01-26,ACC0000001088,22101.69,13000.03,63097.88,-27996.16,NPR
2026-01-26,ACC0000001089,4270.78,36919.93,44004.93,-2814.22,NPR
2026-01-26,ACC0000001090,263671.55,0.0,109666.04,154005.51,NPR
2026-01-26,ACC0000001091,349064.11,0.0,0.0,349064.11,NPR
2026-01-26,ACC0000001092,181537.42,0.0,0.0,181537.42,NPR
2026-01-26,ACC0000001093,161938.79,0.0,43837.73,118101.06,NPR
2026-01-26,ACC0000001094,398179.4,26514.88,0.0,424694.28,NPR
2026-01-26,ACC0000001095,123923.88,0.0,47355.66,76568.22,NPR
2026-01-26,ACC0000001096,312183.87,0.0,0.0,312183.87,NPR
2026-01-26,ACC0000001097,311891.32,20905.78,141082.45,191714.65,NPR
2026-01-26,ACC0000001098,444538.53,2758.53,58283.0,389014.06,NPR
2026-01-26,ACC0000001099,212794.85,52153.18,63861.15,201086.88,NPR
2026-01-26,ACC0000001100,65821.85,0.0,96346.09,-30524.24,NPR
2026-01-26,ACC0000001101,414616.01,0.0,65351.92,349264.09,NPR
2026-01-26,ACC0000001102,257893.52,0.0,0.0,257893.52,NPR
2026-01-26,ACC0000001103,210960.67,9048.84,58119.8,161889.71,NPR
2026-01-26,ACC0000001104,380433.32,0.0,19950.52,360482.8,NPR
2026-01-26,ACC0000001105,305931.69,38620.82,0.0,344552.51,NPR
2026-01-26,ACC0000001106,310092.54,22918.26,139842.86,193167.94,NPR
2026-01-26,ACC0000001107,180842.11,0.0,51862.74,128979.37,NPR
2026-01-26,ACC0000001108,58734.45,0.0,86317.85,-27583.4,NPR
2026-01-26,ACC0000001109,483188.79,3086.52,45512.92,440762.39,NPR
2026-01-26,ACC0000001110,370499.4,12086.62,68605.63,313980.39,NPR
2026-01-26,ACC0000001111,152343.92,0.0,33530.77,118813.15,NPR
2026-01-26,ACC0000001112,143917.98,39015.05,39114.06,143818.97,NPR
2026-01-26,ACC0000001113,282706.33,0.0,0.0,282706.33,NPR
2026-01-26,ACC0000001114,234722.98,19002.42,45942.71,207782.69,NPR
2026-01-26,ACC0000001115,51636.97,29750.24,26471.99,54915.22,NPR
2026-01-26,ACC0000001116,140309.02,0.0,76383.39,63925.63,NPR
2026-01-26,ACC0000001117,365954.55,0.0,27525.55,338429.0,NPR
2026-01-26,ACC0000001118,68153.02,39225.42,11224.2,96154.24,NPR
2026-01-26,ACC0000001119,342197.67,27933.19,33265.39,336865.47,NPR
2026-01-26,ACC0000001120,482067.09,10113.27,122782.5,369397.86,NPR
2026-01-26,ACC0000001121,69495.71,80699.15,5530.91,144663.95,NPR
2026-01-26,ACC0000001122,159801.26,12186.21,9678.02,162309.45,NPR
2026-01-26,ACC0000001123,96006.31,46073.82,80503.02,61577.11,NPR
2026-01-26,ACC0000001124,81737.57,0.0,0.0,81737.57,NPR
2026-01-26,ACC0000001125,176595.48,0.0,100771.87,75823.61,NPR
2026-01-26,ACC0000001126,344749.32,26513.36,0.0,371262.68,NPR
2026-01-26,ACC0000001127,381284.22,13142.49,8885.32,385541.39,NPR
2026-01-26,ACC0000001128,461726.52,16287.01,0.0,478013.53,NPR
2026-01-26,ACC0000001129,134168.49,27326.78,49234.67,112260.6,NPR
2026-01-26,ACC0000001130,318581.92,0.0,101594.53,216987.39,NPR
2026-01-26,ACC0000001131,209409.22,0.0,28544.55,180864.67,NPR
2026-01-26,ACC0000001132,359407.2,27773.66,146951.04,240229.82,NPR
2026-01-26,ACC0000001133,477636.51,40038.81,50050.91,467624.41,NPR
2026-01-26,ACC0000001134,173424.67,0.0,28227.76,145196.91,NPR
2026-01-26,ACC0000001135,409115.12,0.0,61291.29,347823.83,NPR
2026-01-26,ACC0000001136,259058.87,0.0,39781.5,219277.37,NPR
2026-01-26,ACC0000001137,497492.0,0.0,42580.19,454911.81,NPR
2026-01-26,ACC0000001138,399216.48,0.0,44418.24,354798.24,NPR
2026-01-26,ACC0000001139,187903.3,0.0,49086.03,138817.27,NPR
2026-01-26,ACC0000001140,159975.52,72125.59,21640.13,210460.98,NPR
2026-01-26,ACC0000001141,249215.04,0.0,132706.12,116508.92,NPR
2026-01-26,ACC0000001142,117200.36,0.0,315.9,116884.46,NPR
2026-01-26,ACC0000001143,290367.18,0.0,98205.08,192162.1,NPR
2026-01-26,ACC0000001144,243420.43,47997.1,128695.62,162721.91,NPR
2026-01-26,ACC0000001145,272710.54,0.0,117694.43,155016.11,NPR
2026-01-26,ACC0000001146,118486.25,5256.03,80545.19,43197.09,NPR
2026-01-26,ACC0000001147,456183.72,0.0,29152.95,427030.77,NPR
2026-01-26,ACC0000001148,253276.62,0.0,113639.04,139637.58,NPR
2026-01-26,ACC0000001149,270882.85,0.0,68350.44,202532.41,NPR
2026-01-26,ACC0000001150,199077.4,46031.52,133256.7,111852.22,NPR
2026-01-26,ACC0000001151,203113.95,0.0,0.0,203113.95,NPR
2026-01-26,ACC0000001152,249733.91,0.0,0.0,249733.91,NPR
2026-01-26,ACC0000001153,326971.48,0.0,7464.68,319506.8,NPR
2026-01-26,ACC0000001154,214008.17,0.0,39260.85,174747.32,NPR
2026-01-26,ACC0000001155,176171.76,0.0,44734.54,131437.22,NPR
2026-01-26,ACC0000001156,386312.45,45031.83,14547.47,416796.81,NPR
2026-01-26,ACC0000001157,16314.39,0.0,0.0,16314.39,NPR
2026-01-26,ACC0000001158,269581.17,17866.47,16313.07,271134.57,NPR
2026-01-26,ACC0000001159,348688.42,0.0,12564.46,336123.96,NPR
2026-01-26,ACC0000001160,470411.96,0.0,37585.83,432826.13,NPR
2026-01-26,ACC0000001161,183697.69,18378.22,54415.43,147660.48,NPR
2026-01-26,ACC0000001162,336822.97,0.0,0.0,336822.97,NPR
2026-01-26,ACC0000001163,146738.01,12916.69,49696.34,109958.36,NPR
2026-01-26,ACC0000001164,356460.46,21924.15,43901.05,334483.56,NPR
2026-01-26,ACC0000001165,392115.67,3671.24,27518.95,368267.96,NPR
2026-01-26,ACC0000001166,80583.27,15005.34,66808.36,28780.25,NPR
2026-01-26,ACC0000001167,379880.73,12168.16,54148.89,337900.0,NPR
2026-01-26,ACC0000001168,90692.56,0.0,87398.06,3294.5,NPR
2026-01-26,ACC0000001169,134071.29,0.0,2808.26,131263.03,NPR
2026-01-26,ACC0000001170,167659.34,0.0,34077.28,133582.06,NPR
2026-01-26,ACC0000001171,53746.57,0.0,43340.89,10405.68,NPR
2026-01-26,ACC0000001172,289601.04,38598.79,63583.22,264616.61,NPR
2026-01-26,ACC0000001173,77731.01,44478.35,67633.0,54576.36,NPR
2026-01-26,ACC0000001174,53177.72,0.0,5250.13,47927.59,NPR
2026-01-26,ACC0000001175,364868.06,0.0,0.0,364868.06,NPR
2026-01-26,ACC0000001176,489485.41,0.0,147081.73,342403.68,NPR
2026-01-26,ACC0000001177,131258.7,4244.07,61251.14,74251.63,NPR
2026-01-26,ACC0000001178,95628.22,0.0,43472.0,52156.22,NPR
2026-01-26,ACC0000001179,460871.57,0.0,33212.06,427659.51,NPR
2026-01-26,ACC0000001180,224739.09,0.0,175986.37,48752.72,NPR
2026-01-26,ACC0000001181,247881.55,45273.77,0.0,293155.32,NPR
2026-01-26,ACC0000001182,109212.97,0.0,59694.18,49518.79,NPR
2026-01-26,ACC0000001183,247223.7,83101.23,0.0,330324.93,NPR
2026-01-26,ACC0000001184,421804.98,0.0,48141.69,373663.29,NPR
2026-01-26,ACC0000001185,328801.39,23231.5,16141.99,335890.9,NPR
2026-01-26,ACC0000001186,394392.3,62402.29,122405.8,334388.79,NPR
2026-01-26,ACC0000001187,136202.23,0.0,63597.85,72604.38,NPR
2026-01-26,ACC0000001188,372406.96,0.0,0.0,372406.96,NPR
2026-01-26,ACC0000001189,218580.46,7415.52,36600.62,189395.36,NPR
2026-01-26,ACC0000001190,28706.72,19778.46,50443.31,-1958.13,NPR
2026-01-26,ACC0000001191,313119.98,0.0,19792.03,293327.95,NPR
2026-01-26,ACC0000001192,221168.0,0.0,104705.89,116462.11,NPR
2026-01-26,ACC0000001193,78125.08,0.0,8696.01,69429.07,NPR
2026-01-26,ACC0000001194,79314.62,0.0,56989.48,22325.14,NPR
2026-01-26,ACC0000001195,95926.35,14394.43,88592.24,21728.54,NPR
2026-01-26,ACC0000001196,382930.6,0.0,120828.83,262101.77,NPR
2026-01-26,ACC0000001197,129907.15,11626.44,40883.93,100649.66,NPR
2026-01-26,ACC0000001198,154819.78,43246.84,81532.61,116534.01,NPR
2026-01-26,ACC0000001199,168990.28,0.0,0.0,168990.28,NPR
2026-01-26,ACC0000001200,358999.91,24747.34,107771.62,275975.63,NPR
2026-01-26,ACC0000001201,315549.32,0.0,73941.76,241607.56,NPR
2026-01-26,ACC0000001202,319413.8,0.0,77442.32,241971.48,NPR
2026-01-26,ACC0000001203,242549.99,0.0,0.0,242549.99,NPR
2026-01-26,ACC0000001204,23445.03,0.0,6055.46,17389.57,NPR
2026-01-26,ACC0000001205,221359.02,0.0,24849.23,196509.79,NPR
2026-01-26,ACC0000001206,397533.66,0.0,0.0,397533.66,NPR
2026-01-26,ACC0000001207,338769.94,42764.36,69578.56,311955.74,NPR
2026-01-26,ACC0000001208,485476.46,0.0,76590.07,408886.39,NPR
2026-01-26,ACC0000001209,130955.2,0.0,49956.98,80998.22,NPR
2026-01-26,ACC0000001210,428038.29,0.0,143396.37,284641.92,NPR
2026-01-26,ACC0000001211,122964.26,0.0,34667.58,88296.68,NPR
2026-01-26,ACC0000001212,270325.31,0.0,73439.08,196886.23,NPR
2026-01-26,ACC0000001213,422655.5,0.0,0.0,422655.5,NPR
2026-01-26,ACC0000001214,344466.73,0.0,38997.42,305469.31,NPR
2026-01-26,ACC0000001215,96440.47,0.0,65929.53,30510.94,NPR
2026-01-26,ACC0000001216,417827.35,0.0,0.0,417827.35,NPR
2026-01-26,ACC0000001217,447222.04,0.0,60391.39,386830.65,NPR
2026-01-26,ACC0000001218,371798.36,0.0,63127.54,308670.82,NPR
2026-01-26,ACC0000001219,66480.57,0.0,49517.12,16963.45,NPR
2026-01-26,ACC0000001220,204537.83,48617.62,43272.18,209883.27,NPR
2026-01-26,ACC0000001221,370962.49,0.0,84319.06,286643.43,NPR
2026-01-26,ACC0000001222,189916.24,46323.31,49806.58,186432.97,NPR
2026-01-26,ACC0000001223,282696.39,0.0,41461.02,241235.37,NPR
2026-01-26,ACC0000001224,332646.12,6608.3,0.0,339254.42,NPR
2026-01-26,ACC0000001225,439544.95,0.0,0.0,439544.95,NPR
2026-01-26,ACC0000001226,322513.33,33888.8,68789.29,287612.84,NPR
2026-01-26,ACC0000001227,243143.31,0.0,59224.85,183918.46,NPR
2026-01-26,ACC0000001228,349392.45,0.0,0.0,349392.45,NPR
2026-01-26,ACC0000001229,471554.38,31274.69,36826.09,466002.98,NPR
2026-01-26,ACC0000001230,234139.14,38338.7,26611.86,245865.98,NPR
2026-01-26,ACC0000001231,374779.19,0.0,71792.17,302987.02,NPR
2026-01-26,ACC0000001232,154651.35,0.0,129305.59,25345.76,NPR
2026-01-26,ACC0000001233,424910.8,43327.01,48460.65,419777.16,NPR
2026-01-26,ACC0000001234,131839.12,0.0,0.0,131839.12,NPR
2026-01-26,ACC0000001235,336478.03,0.0,91731.49,244746.54,NPR
2026-01-26,ACC0000001236,175936.38,0.0,28102.32,147834.06,NPR
2026-01-26,ACC0000001237,349468.16,64565.55,149319.71,264714.0,NPR
2026-01-26,ACC0000001238,164746.16,33563.18,79663.06,118646.28,NPR
2026-01-26,ACC0000001239,313160.22,0.0,43334.11,269826.11,NPR
2026-01-26,ACC0000001240,374935.79,41290.29,6923.68,409302.4,NPR
2026-01-26,ACC0000001241,234960.0,0.0,67466.75,167493.25,NPR
2026-01-26,ACC0000001242,343820.37,14622.11,88225.72,270216.76,NPR
2026-01-26,ACC0000001243,373112.62,0.0,74866.76,298245.86,NPR
2026-01-26,ACC0000001244,427353.71,0.0,129174.76,298178.95,NPR
2026-01-26,ACC0000001245,418737.13,0.0,66501.83,352235.3,NPR
2026-01-26,ACC0000001246,429851.86,0.0,74249.03,355602.83,NPR
2026-01-26,ACC0000001247,73960.76,0.0,38644.67,35316.09,NPR
2026-01-26,ACC0000001248,13946.58,0.0,0.0,13946.58,NPR
2026-01-26,ACC0000001249,415333.2,6713.42,85230.83,336815.79,NPR
2026-01-26,ACC0000001250,470728.52,68139.52,29306.5,509561.54,NPR
2026-01-26,ACC0000001251,89963.29,49622.02,33737.4,105847.91,NPR
2026-01-26,ACC0000001252,326964.16,0.0,0.0,326964.16,NPR
2026-01-26,ACC0000001253,410876.14,0.0,118053.27,292822.87,NPR
2026-01-26,ACC0000001254,190258.53,0.0,0.0,190258.53,NPR
2026-01-26,ACC0000001255,404591.93,0.0,34613.65,369978.28,NPR
2026-01-26,ACC0000001256,312962.85,19224.08,106029.06,226157.87,NPR
2026-01-26,ACC0000001257,258912.87,0.0,44370.42,214542.45,NPR
2026-01-26,ACC0000001258,192218.07,0.0,20592.97,171625.1,NPR
2026-01-26,ACC0000001259,117687.47,13845.7,42959.1,88574.07,NPR
2026-01-26,ACC0000001260,302152.29,6806.35,28564.86,280393.78,NPR
2026-01-26,ACC0000001261,431532.98,0.0,90209.38,341323.6,NPR
2026-01-26,ACC0000001262,107779.67,25880.7,52470.72,81189.65,NPR
2026-01-26,ACC0000001263,3896.24,0.0,43566.25,-39670.01,NPR
2026-01-26,ACC0000001264,283743.47,46147.07,79547.2,250343.34,NPR
2026-01-26,ACC0000001265,124706.43,25107.92,62603.51,87210.84,NPR
2026-01-26,ACC0000001266,252734.79,41891.38,68919.1,225707.07,NPR
2026-01-26,ACC0000001267,264304.55,0.0,91672.13,172632.42,NPR
2026-01-26,ACC0000001268,159749.67,32095.75,0.0,191845.42,NPR
2026-01-26,ACC0000001269,242972.06,0.0,33203.9,209768.16,NPR
2026-01-26,ACC0000001270,300945.01,0.0,7078.0,293867.01,NPR
2026-01-26,ACC0000001271,132762.68,0.0,79667.57,53095.11,NPR
2026-01-26,ACC0000001272,485371.26,41904.08,55631.83,471643.51,NPR
2026-01-26,ACC0000001273,463336.5,0.0,125929.16,337407.34,NPR
2026-01-26,ACC0000001274,446420.74,31039.62,46828.36,430632.0,NPR
2026-01-26,ACC0000001275,336394.38,0.0,0.0,336394.38,NPR
2026-01-26,ACC0000001276,239116.39,0.0,54820.5,184295.89,NPR
2026-01-26,ACC0000001277,180564.85,12945.14,46841.52,146668.47,NPR
2026-01-26,ACC0000001278,321413.24,0.0,141375.03,180038.21,NPR
2026-01-26,ACC0000001279,472945.63,0.0,47841.89,425103.74,NPR
2026-01-26,ACC0000001280,214812.72,0.0,55548.61,159264.11,NPR
2026-01-26,ACC0000001281,75510.49,0.0,44335.19,31175.3,NPR
2026-01-26,ACC0000001282,459560.96,0.0,107446.71,352114.25,NPR
2026-01-26,ACC0000001283,334207.3,13729.96,80828.3,267108.96,NPR
2026-01-26,ACC0000001284,380381.02,0.0,0.0,380381.02,NPR
2026-01-26,ACC0000001285,24375.98,0.0,0.0,24375.98,NPR
2026-01-26,ACC0000001286,387896.47,0.0,118681.74,269214.73,NPR
2026-01-26,ACC0000001287,400423.96,41903.47,74291.85,368035.58,NPR
2026-01-26,ACC0000001288,190387.03,35749.51,29444.81,196691.73,NPR
2026-01-26,ACC0000001289,472595.03,0.0,82319.87,390275.16,NPR
2026-01-26,ACC0000001290,218206.27,0.0,0.0,218206.27,NPR
2026-01-26,ACC0000001291,420003.02,64290.51,124936.39,359357.14,NPR
2026-01-26,ACC0000001292,437800.93,0.0,10641.86,427159.07,NPR
2026-01-26,ACC0000001293,208010.28,0.0,34571.45,173438.83,NPR
2026-01-26,ACC0000001294,103066.65,0.0,0.0,103066.65,NPR
2026-01-26,ACC0000001295,26094.76,26187.1,9099.51,43182.35,NPR
2026-01-26,ACC0000001296,342262.12,0.0,7832.47,334429.65,NPR
2026-01-26,ACC0000001297,51755.27,0.0,13843.82,37911.45,NPR
2026-01-26,ACC0000001298,284147.78,0.0,10952.12,273195.66,NPR
2026-01-26,ACC0000001299,361652.99,0.0,14478.79,347174.2,NPR
2026-01-26,ACC0000001300,386469.96,40732.34,34520.36,392681.94,NPR
2026-01-26,ACC0000001301,280041.52,0.0,119907.4,160134.12,NPR
2026-01-26,ACC0000001302,120885.9,0.0,47050.95,73834.95,NPR
2026-01-26,ACC0000001303,73447.64,32709.57,61606.13,44551.08,NPR
2026-01-26,ACC0000001304,379922.6,0.0,95619.96,284302.64,NPR
2026-01-26,ACC0000001305,459851.1,0.0,0.0,459851.1,NPR
2026-01-26,ACC0000001306,464080.13,0.0,26316.0,437764.13,NPR
2026-01-26,ACC0000001307,453127.1,49918.12,88657.64,414387.58,NPR
2026-01-26,ACC0000001308,409757.59,0.0,108674.01,301083.58,NPR
2026-01-26,ACC0000001309,198486.37,23899.2,129314.12,93071.45,NPR
2026-01-26,ACC0000001310,354393.69,20567.13,44568.38,330392.44,NPR
2026-01-26,ACC0000001311,394124.25,0.0,13790.37,380333.88,NPR
2026-01-26,ACC0000001312,108486.83,0.0,0.0,108486.83,NPR
2026-01-26,ACC0000001313,103480.94,34577.28,36532.7,101525.52,NPR
2026-01-26,ACC0000001314,344462.91,37905.39,29548.35,352819.95,NPR
2026-01-26,ACC0000001315,55720.72,0.0,18018.06,37702.66,NPR
2026-01-26,ACC0000001316,461574.78,0.0,82978.83,378595.95,NPR
2026-01-26,ACC0000001317,29704.31,33133.46,102548.94,-39711.17,NPR
2026-01-26,ACC0000001318,62075.31,11541.46,0.0,73616.77,NPR
2026-01-26,ACC0000001319,272357.92,34188.67,37621.21,268925.38,NPR
2026-01-26,ACC0000001320,227409.45,0.0,60813.25,166596.2,NPR
2026-01-26,ACC0000001321,240099.69,0.0,20394.92,219704.77,NPR
2026-01-26,ACC0000001322,315553.25,0.0,0.0,315553.25,NPR
2026-01-26,ACC0000001323,395106.28,46593.41,34156.21,407543.48,NPR
2026-01-26,ACC0000001324,75579.56,0.0,78136.6,-2557.04,NPR
2026-01-26,ACC0000001325,235734.83,36879.73,0.0,272614.56,NPR
2026-01-26,ACC0000001326,262072.33,0.0,43279.92,218792.41,NPR
2026-01-26,ACC0000001327,204194.3,2786.52,84235.9,122744.92,NPR
2026-01-26,ACC0000001328,444229.72,28338.83,0.0,472568.55,NPR
2026-01-26,ACC0000001329,319889.63,15165.13,61483.35,273571.41,NPR
2026-01-26,ACC0000001330,22579.48,0.0,7891.2,14688.28,NPR
2026-01-26,ACC0000001331,237637.98,27409.33,4065.65,260981.66,NPR
2026-01-26,ACC0000001332,75899.86,0.0,42030.25,33869.61,NPR
2026-01-26,ACC0000001333,457195.22,5353.89,55306.04,407243.07,NPR
2026-01-26,ACC0000001334,86892.36,16878.84,0.0,103771.2,NPR
2026-01-26,ACC0000001335,470721.88,0.0,118129.05,352592.83,NPR
2026-01-26,ACC0000001336,82169.45,0.0,45393.68,36775.77,NPR
2026-01-26,ACC0000001337,289622.21,6291.23,68908.56,227004.88,NPR
2026-01-26,ACC0000001338,417702.71,11329.69,46372.16,382660.24,NPR
2026-01-26,ACC0000001339,484445.3,39808.06,191875.56,332377.8,NPR
2026-01-26,ACC0000001340,95025.33,0.0,39876.43,55148.9,NPR
2026-01-26,ACC0000001341,444853.69,0.0,50076.36,394777.33,NPR
2026-01-26,ACC0000001342,291449.45,0.0,40182.06,251267.39,NPR
2026-01-26,ACC0000001343,318635.18,0.0,0.0,318635.18,NPR
2026-01-26,ACC0000001344,369023.07,0.0,132230.19,236792.88,NPR
2026-01-26,ACC0000001345,126085.01,11774.45,38634.96,99224.5,NPR
2026-01-26,ACC0000001346,496409.94,0.0,143645.1,352764.84,NPR
2026-01-26,ACC0000001347,50846.03,0.0,71614.84,-20768.81,NPR
2026-01-26,ACC0000001348,206525.83,47648.61,14499.14,239675.3,NPR
2026-01-26,ACC0000001349,34806.72,0.0,54241.27,-19434.55,NPR
2026-01-26,ACC0000001350,51110.27,0.0,0.0,51110.27,NPR
2026-01-26,ACC0000001351,16794.45,0.0,44822.07,-28027.62,NPR
2026-01-26,ACC0000001352,320783.53,0.0,56555.11,264228.42,NPR
2026-01-26,ACC0000001353,28227.3,0.0,31883.18,-3655.88,NPR
2026-01-26,ACC0000001354,370477.09,0.0,31939.43,338537.66,NPR
2026-01-26,ACC0000001355,203295.72,0.0,56080.52,147215.2,NPR
2026-01-26,ACC0000001356,44696.17,0.0,70103.0,-25406.83,NPR
2026-01-26,ACC0000001357,283409.79,0.0,100645.55,182764.24,NPR
2026-01-26,ACC0000001358,111146.8,0.0,15219.29,95927.51,NPR
2026-01-26,ACC0000001359,436912.67,43674.89,100467.67,380119.89,NPR
2026-01-26,ACC0000001360,260966.68,0.0,56228.78,204737.9,NPR
2026-01-26,ACC0000001361,220783.57,0.0,0.0,220783.57,NPR
2026-01-26,ACC0000001362,422061.41,0.0,16147.83,405913.58,NPR
2026-01-26,ACC0000001363,47609.91,49783.45,3922.48,93470.88,NPR
2026-01-26,ACC0000001364,284191.78,0.0,36228.2,247963.58,NPR
2026-01-26,ACC0000001365,371370.92,21532.81,57476.11,335427.62,NPR
2026-01-26,ACC0000001366,386446.31,28936.09,78691.79,336690.61,NPR
2026-01-26,ACC0000001367,63569.97,0.0,0.0,63569.97,NPR
2026-01-26,ACC0000001368,398436.62,0.0,40725.66,357710.96,NPR
2026-01-26,ACC0000001369,220868.25,0.0,10752.23,210116.02,NPR
2026-01-26,ACC0000001370,468368.96,17183.04,5261.52,480290.48,NPR
2026-01-26,ACC0000001371,335993.46,115.94,157081.76,179027.64,NPR
2026-01-26,ACC0000001372,161071.13,9142.96,44926.91,125287.18,NPR
2026-01-26,ACC0000001373,112600.74,0.0,0.0,112600.74,NPR
2026-01-26,ACC0000001374,316535.49,0.0,0.0,316535.49,NPR
2026-01-26,ACC0000001375,180813.87,23269.16,57454.23,146628.8,NPR
2026-01-26,ACC0000001376,166768.95,0.0,23932.31,142836.64,NPR
2026-01-26,ACC0000001377,310407.92,41400.71,0.0,351808.63,NPR
2026-01-26,ACC0000001378,489763.47,0.0,0.0,489763.47,NPR
2026-01-26,ACC0000001379,336254.67,0.0,22263.17,313991.5,NPR
2026-01-26,ACC0000001380,250981.03,0.0,108424.1,142556.93,NPR
2026-01-26,ACC0000001381,165292.88,31904.54,0.0,197197.42,NPR
2026-01-26,ACC0000001382,80637.52,0.0,88973.62,-8336.1,NPR
2026-01-26,ACC0000001383,386203.44,0.0,0.0,386203.44,NPR
2026-01-26,ACC0000001384,19103.34,0.0,43442.86,-24339.52,NPR
2026-01-26,ACC0000001385,134829.23,41754.81,107588.21,68995.83,NPR
2026-01-26,ACC0000001386,34379.39,0.0,39344.65,-4965.26,NPR
2026-01-26,ACC0000001387,318121.7,0.0,29946.42,288175.28,NPR
2026-01-26,ACC0000001388,354626.73,0.0,0.0,354626.73,NPR
2026-01-26,ACC0000001389,236610.45,32344.0,87284.98,181669.47,NPR
2026-01-26,ACC0000001390,47448.19,4442.76,12786.44,39104.51,NPR
2026-01-26,ACC0000001391,375243.94,4813.48,62591.12,317466.3,NPR
2026-01-26,ACC0000001392,470310.07,0.0,0.0,470310.07,NPR
2026-01-26,ACC0000001393,20540.65,0.0,0.0,20540.65,NPR
2026-01-26,ACC0000001394,378843.89,28212.76,38336.49,368720.16,NPR
2026-01-26,ACC0000001395,100364.11,28865.5,54576.02,74653.59,NPR
2026-01-26,ACC0000001396,144400.36,0.0,0.0,144400.36,NPR
2026-01-26,ACC0000001397,380203.86,0.0,0.0,380203.86,NPR
2026-01-26,ACC0000001398,319325.37,0.0,0.0,319325.37,NPR
2026-01-26,ACC0000001399,252720.82,0.0,79654.56,173066.26,NPR
2026-01-26,ACC0000001400,267881.75,0.0,21782.4,246099.35,NPR
2026-01-26,ACC0000001401,421344.5,43479.54,98043.98,366780.06,NPR
2026-01-26,ACC0000001402,418426.36,0.0,0.0,418426.36,NPR
2026-01-26,ACC0000001403,72547.96,0.0,0.0,72547.96,NPR
2026-01-26,ACC0000001404,32866.33,0.0,0.0,32866.33,NPR
2026-01-26,ACC0000001405,217021.39,0.0,66658.55,150362.84,NPR
2026-01-26,ACC0000001406,172843.59,3337.54,20144.36,156036.77,NPR
2026-01-26,ACC0000001407,262405.92,0.0,44531.82,217874.1,NPR
2026-01-26,ACC0000001408,49870.09,5236.46,24906.93,30199.62,NPR
2026-01-26,ACC0000001409,244490.86,0.0,52966.08,191524.78,NPR
2026-01-26,ACC0000001410,307048.85,0.0,31561.24,275487.61,NPR
2026-01-26,ACC0000001411,75618.82,43313.12,39331.97,79599.97,NPR
2026-01-26,ACC0000001412,399927.04,0.0,126178.51,273748.53,NPR
2026-01-26,ACC0000001413,487202.96,0.0,104186.82,383016.14,NPR
2026-01-26,ACC0000001414,434127.74,0.0,0.0,434127.74,NPR
2026-01-26,ACC0000001415,361917.07,0.0,69200.22,292716.85,NPR
2026-01-26,ACC0000001416,368577.38,0.0,109141.0,259436.38,NPR
2026-01-26,ACC0000001417,198419.73,0.0,0.0,198419.73,NPR
2026-01-26,ACC0000001418,175119.89,0.0,0.0,175119.89,NPR
2026-01-26,ACC0000001419,397423.83,0.0,45085.53,352338.3,NPR
2026-01-26,ACC0000001420,28655.0,9457.5,74584.88,-36472.38,NPR
2026-01-26,ACC0000001421,111185.29,0.0,86572.35,24612.94,NPR
2026-01-26,ACC0000001422,237494.22,0.0,94372.04,143122.18,NPR
2026-01-26,ACC0000001423,496160.07,0.0,62714.53,433445.54,NPR
2026-01-26,ACC0000001424,263004.14,0.0,44021.52,218982.62,NPR
2026-01-26,ACC0000001425,231860.3,0.0,149003.3,82857.0,NPR
2026-01-26,ACC0000001426,90823.07,0.0,11299.79,79523.28,NPR
2026-01-26,ACC0000001427,173806.89,0.0,43489.95,130316.94,NPR
2026-01-26,ACC0000001428,218133.57,0.0,100692.39,117441.18,NPR
2026-01-26,ACC0000001429,17372.33,0.0,39430.95,-22058.62,NPR
2026-01-26,ACC0000001430,354201.77,182.55,47091.79,307292.53,NPR
2026-01-26,ACC0000001431,356716.23,47851.21,0.0,404567.44,NPR
2026-01-26,ACC0000001432,264956.08,0.0,0.0,264956.08,NPR
2026-01-26,ACC0000001433,336942.82,0.0,11624.84,325317.98,NPR
2026-01-26,ACC0000001434,143256.74,0.0,158377.58,-15120.84,NPR
2026-01-26,ACC0000001435,482102.7,48018.12,0.0,530120.82,NPR
2026-01-26,ACC0000001436,111875.82,0.0,16859.57,95016.25,NPR
2026-01-26,ACC0000001437,462376.82,0.0,99838.23,362538.59,NPR
2026-01-26,ACC0000001438,92715.78,0.0,68704.29,24011.49,NPR
2026-01-26,ACC0000001439,84959.0,0.0,52966.58,31992.42,NPR
2026-01-26,ACC0000001440,341532.53,49948.87,110604.94,280876.46,NPR
2026-01-26,ACC0000001441,354513.35,44348.68,0.0,398862.03,NPR
2026-01-26,ACC0000001442,276785.37,0.0,42825.43,233959.94,NPR
2026-01-26,ACC0000001443,332866.05,15938.7,62155.57,286649.18,NPR
2026-01-26,ACC0000001444,425869.2,0.0,0.0,425869.2,NPR
2026-01-26,ACC0000001445,118056.96,2836.47,69442.99,51450.44,NPR
2026-01-26,ACC0000001446,434053.78,21463.6,2486.89,453030.49,NPR
2026-01-26,ACC0000001447,377754.58,0.0,126859.74,250894.84,NPR
2026-01-26,ACC0000001448,497734.93,8064.68,111401.03,394398.58,NPR
2026-01-26,ACC0000001449,45330.34,0.0,46511.8,-1181.46,NPR
2026-01-26,ACC0000001450,397974.94,26935.1,32839.31,392070.73,NPR
2026-01-26,ACC0000001451,60931.69,0.0,0.0,60931.69,NPR
2026-01-26,ACC0000001452,36135.4,0.0,0.0,36135.4,NPR
2026-01-26,ACC0000001453,412075.81,33115.71,138278.63,306912.89,NPR
2026-01-26,ACC0000001454,451405.57,0.0,0.0,451405.57,NPR
2026-01-26,ACC0000001455,44187.23,0.0,111843.11,-67655.88,NPR
2026-01-26,ACC0000001456,280393.63,0.0,116247.72,164145.91,NPR
2026-01-26,ACC0000001457,72327.3,23055.98,74209.76,21173.52,NPR
2026-01-26,ACC0000001458,133489.22,0.0,9618.37,123870.85,NPR
2026-01-26,ACC0000001459,205365.85,8613.42,24310.9,189668.37,NPR
2026-01-26,ACC0000001460,433051.81,36375.39,24404.31,445022.89,NPR
2026-01-26,ACC0000001461,346309.86,44231.64,0.0,390541.5,NPR
2026-01-26,ACC0000001462,5078.37,0.0,0.0,5078.37,NPR
2026-01-26,ACC0000001463,126106.15,0.0,0.0,126106.15,NPR
2026-01-26,ACC0000001464,166184.21,0.0,0.0,166184.21,NPR
2026-01-26,ACC0000001465,301296.23,2999.16,95215.39,209080.0,NPR
2026-01-26,ACC0000001466,3546.98,0.0,22950.5,-19403.52,NPR
2026-01-26,ACC0000001467,156939.88,0.0,0.0,156939.88,NPR
2026-01-26,ACC0000001468,459702.48,11160.07,0.0,470862.55,NPR
2026-01-26,ACC0000001469,328449.08,13042.57,24877.63,316614.02,NPR
2026-01-26,ACC0000001470,412023.6,0.0,135041.83,276981.77,NPR
2026-01-26,ACC0000001471,130404.34,0.0,0.0,130404.34,NPR
2026-01-26,ACC0000001472,273569.35,0.0,44971.12,228598.23,NPR
2026-01-26,ACC0000001473,486728.94,0.0,12280.34,474448.6,NPR
2026-01-26,ACC0000001474,318005.49,0.0,55099.64,262905.85,NPR
2026-01-26,ACC0000001475,365422.47,91140.09,33199.71,423362.85,NPR
2026-01-26,ACC0000001476,174530.37,0.0,15455.0,159075.37,NPR
2026-01-26,ACC0000001477,450404.81,6638.14,13178.33,443864.62,NPR
2026-01-26,ACC0000001478,102734.48,14457.07,0.0,117191.55,NPR
2026-01-26,ACC0000001479,340904.58,106.27,104793.43,236217.42,NPR
2026-01-26,ACC0000001480,90172.23,0.0,37942.55,52229.68,NPR
2026-01-26,ACC0000001481,338712.8,36713.75,31835.31,343591.24,NPR
2026-01-26,ACC0000001482,145877.78,32558.29,48196.71,130239.36,NPR
2026-01-26,ACC0000001483,200589.73,0.0,43698.96,156890.77,NPR
2026-01-26,ACC0000001484,268208.32,0.0,0.0,268208.32,NPR
2026-01-26,ACC0000001485,85150.82,39405.94,35676.64,88880.12,NPR
2026-01-26,ACC0000001486,166130.88,14603.8,99309.73,81424.95,NPR
2026-01-26,ACC0000001487,433867.46,0.0,16172.05,417695.41,NPR
2026-01-26,ACC0000001488,125698.56,0.0,12968.64,112729.92,NPR
2026-01-26,ACC0000001489,409125.86,0.0,14116.44,395009.42,NPR
2026-01-26,ACC0000001490,301807.18,0.0,0.0,301807.18,NPR
2026-01-26,ACC0000001491,95942.7,48950.29,0.0,144892.99,NPR
2026-01-26,ACC0000001492,173079.03,0.0,70654.07,102424.96,NPR
2026-01-26,ACC0000001493,189889.78,0.0,0.0,189889.78,NPR
2026-01-26,ACC0000001494,265498.1,37667.33,53844.03,249321.4,NPR
2026-01-26,ACC0000001495,309648.17,0.0,60832.33,248815.84,NPR
2026-01-26,ACC0000001496,38182.33,0.0,52990.03,-14807.7,NPR
2026-01-26,ACC0000001497,35824.26,42063.86,0.0,77888.12,NPR
2026-01-26,ACC0000001498,56077.3,3914.26,57122.48,2869.08,NPR
2026-01-26,ACC0000001499,264850.4,0.0,30127.72,234722.68,NPR
2026-01-26,ACC0000001500,280832.39,0.0,0.0,280832.39,NPR
2026-01-26,ACC0000001501,475318.38,20821.98,51715.55,444424.81,NPR
2026-01-26,ACC0000001502,338904.4,0.0,34523.08,304381.32,NPR
2026-01-26,ACC0000001503,160058.76,0.0,46472.91,113585.85,NPR
2026-01-26,ACC0000001504,411281.49,38354.34,109640.79,339995.04,NPR
2026-01-26,ACC0000001505,212062.65,14958.18,3623.05,223397.78,NPR
2026-01-26,ACC0000001506,203212.79,0.0,0.0,203212.79,NPR
2026-01-26,ACC0000001507,413116.32,0.0,0.0,413116.32,NPR
2026-01-26,ACC0000001508,10208.77,0.0,56207.47,-45998.7,NPR
2026-01-26,ACC0000001509,427355.83,0.0,0.0,427355.83,NPR
2026-01-26,ACC0000001510,253969.03,36298.65,26440.42,263827.26,NPR
2026-01-26,ACC0000001511,163874.89,24434.03,6327.85,181981.07,NPR
2026-01-26,ACC0000001512,146815.29,43236.89,25986.86,164065.32,NPR
2026-01-26,ACC0000001513,264338.78,30257.78,65771.49,228825.07,NPR
2026-01-26,ACC0000001514,440798.94,0.0,87249.62,353549.32,NPR
2026-01-26,ACC0000001515,437515.01,0.0,98600.64,338914.37,NPR
2026-01-26,ACC0000001516,184045.04,0.0,0.0,184045.04,NPR
2026-01-26,ACC0000001517,260106.78,0.0,75983.14,184123.64,NPR
2026-01-26,ACC0000001518,120481.94,0.0,56531.26,63950.68,NPR
2026-01-26,ACC0000001519,248411.94,0.0,13425.02,234986.92,NPR
2026-01-26,ACC0000001520,415728.65,22073.93,72531.41,365271.17,NPR
2026-01-26,ACC0000001521,414853.66,27168.38,47150.48,394871.56,NPR
2026-01-26,ACC0000001522,400777.36,0.0,46554.17,354223.19,NPR
2026-01-26,ACC0000001523,429369.63,22823.09,135215.81,316976.91,NPR
2026-01-26,ACC0000001524,427145.39,0.0,49640.36,377505.03,NPR
2026-01-26,ACC0000001525,248576.45,54626.25,78860.89,224341.81,NPR
2026-01-26,ACC0000001526,159543.89,0.0,38008.44,121535.45,NPR
2026-01-26,ACC0000001527,165346.44,0.0,66975.15,98371.29,NPR
2026-01-26,ACC0000001528,284254.35,2863.89,42792.96,244325.28,NPR
2026-01-26,ACC0000001529,85384.91,22105.05,11504.66,95985.3,NPR
2026-01-26,ACC0000001530,267512.64,0.0,97699.6,169813.04,NPR
2026-01-26,ACC0000001531,279209.95,0.0,37403.21,241806.74,NPR
2026-01-26,ACC0000001532,282640.9,0.0,42550.84,240090.06,NPR
2026-01-26,ACC0000001533,104154.42,0.0,94483.91,9670.51,NPR
2026-01-26,ACC0000001534,195754.59,0.0,36875.66,158878.93,NPR
2026-01-26,ACC0000001535,210110.09,72012.8,9777.62,272345.27,NPR
2026-01-26,ACC0000001536,128628.22,0.0,0.0,128628.22,NPR
2026-01-26,ACC0000001537,393121.0,0.0,47155.02,345965.98,NPR
2026-01-26,ACC0000001538,469881.04,9518.05,5343.11,474055.98,NPR
2026-01-26,ACC0000001539,5240.76,4392.26,0.0,9633.02,NPR
2026-01-26,ACC0000001540,337979.96,0.0,73738.63,264241.33,NPR
2026-01-26,ACC0000001541,72105.15,0.0,66514.47,5590.68,NPR
2026-01-26,ACC0000001542,55683.14,0.0,40022.13,15661.01,NPR
2026-01-26,ACC0000001543,279200.56,0.0,4392.37,274808.19,NPR
2026-01-26,ACC0000001544,183378.74,0.0,25281.73,158097.01,NPR
2026-01-26,ACC0000001545,323375.61,385.9,107481.43,216280.08,NPR
2026-01-26,ACC0000001546,325054.53,0.0,0.0,325054.53,NPR
2026-01-26,ACC0000001547,316883.39,0.0,39986.92,276896.47,NPR
2026-01-26,ACC0000001548,380360.79,39145.56,101187.58,318318.77,NPR
2026-01-26,ACC0000001549,324968.1,0.0,60244.15,264723.95,NPR
2026-01-26,ACC0000001550,296583.75,36533.86,45119.31,287998.3,NPR
2026-01-26,ACC0000001551,271659.01,0.0,0.0,271659.01,NPR
2026-01-26,ACC0000001552,183710.91,0.0,58012.98,125697.93,NPR
2026-01-26,ACC0000001553,413644.13,9496.07,30300.71,392839.49,NPR
2026-01-26,ACC0000001554,470974.13,0.0,0.0,470974.13,NPR
2026-01-26,ACC0000001555,452171.72,0.0,33658.68,418513.04,NPR
2026-01-26,ACC0000001556,261679.37,0.0,0.0,261679.37,NPR
2026-01-26,ACC0000001557,76189.79,0.0,0.0,76189.79,NPR
2026-01-26,ACC0000001558,347172.53,0.0,0.0,347172.53,NPR
2026-01-26,ACC0000001559,83887.44,21721.61,71541.77,34067.28,NPR
2026-01-26,ACC0000001560,167057.01,0.0,63479.65,103577.36,NPR
2026-01-26,ACC0000001561,302663.92,16499.48,0.0,319163.4,NPR
2026-01-26,ACC0000001562,95681.23,27309.48,77861.91,45128.8,NPR
2026-01-26,ACC0000001563,385491.52,0.0,22353.44,363138.08,NPR
2026-01-26,ACC0000001564,23571.55,17335.5,0.0,40907.05,NPR
2026-01-26,ACC0000001565,29728.84,0.0,36125.48,-6396.64,NPR
2026-01-26,ACC0000001566,407962.28,3813.48,73015.57,338760.19,NPR
2026-01-26,ACC0000001567,287182.17,0.0,17934.77,269247.4,NPR
2026-01-26,ACC0000001568,49210.23,0.0,0.0,49210.23,NPR
2026-01-26,ACC0000001569,419907.22,9983.19,0.0,429890.41,NPR
2026-01-26,ACC0000001570,449739.33,26590.49,90005.49,386324.33,NPR
2026-01-26,ACC0000001571,271343.1,0.0,17985.84,253357.26,NPR
2026-01-26,ACC0000001572,179051.94,0.0,0.0,179051.94,NPR
2026-01-26,ACC0000001573,370722.78,0.0,54275.45,316447.33,NPR
2026-01-26,ACC0000001574,475850.75,49095.36,38403.68,486542.43,NPR
2026-01-26,ACC0000001575,303264.77,34777.01,95832.36,242209.42,NPR
2026-01-26,ACC0000001576,299405.9,27945.42,30656.23,296695.09,NPR
2026-01-26,ACC0000001577,486447.06,0.0,57015.72,429431.34,NPR
2026-01-26,ACC0000001578,468371.83,0.0,0.0,468371.83,NPR
2026-01-26,ACC0000001579,62180.38,0.0,0.0,62180.38,NPR
2026-01-26,ACC0000001580,293801.95,0.0,57453.52,236348.43,NPR
2026-01-26,ACC0000001581,19642.22,0.0,24811.7,-5169.48,NPR
2026-01-26,ACC0000001582,357606.36,0.0,122908.8,234697.56,NPR
2026-01-26,ACC0000001583,190217.78,0.0,0.0,190217.78,NPR
2026-01-26,ACC0000001584,4648.1,33918.24,0.0,38566.34,NPR
2026-01-26,ACC0000001585,3644.87,15682.36,35077.09,-15749.86,NPR
2026-01-26,ACC0000001586,463530.07,0.0,79649.31,383880.76,NPR
2026-01-26,ACC0000001587,115418.85,17759.16,89844.26,43333.75,NPR
2026-01-26,ACC0000001588,336217.68,0.0,0.0,336217.68,NPR
2026-01-26,ACC0000001589,129375.15,0.0,0.0,129375.15,NPR
2026-01-26,ACC0000001590,458200.51,0.0,0.0,458200.51,NPR
2026-01-26,ACC0000001591,12143.37,51552.14,0.0,63695.51,NPR
2026-01-26,ACC0000001592,303893.68,0.0,64187.44,239706.24,NPR
2026-01-26,ACC0000001593,294311.25,0.0,10070.11,284241.14,NPR
2026-01-26,ACC0000001594,271560.01,0.0,91402.81,180157.2,NPR
2026-01-26,ACC0000001595,129926.61,0.0,77767.93,52158.68,NPR
2026-01-26,ACC0000001596,427298.47,36651.9,4455.38,459494.99,NPR
2026-01-26,ACC0000001597,85143.76,0.0,43217.55,41926.21,NPR
2026-01-26,ACC0000001598,314707.95,0.0,0.0,314707.95,NPR
2026-01-26,ACC0000001599,423879.43,41670.3,0.0,465549.73,NPR
2026-01-26,ACC0000001600,135899.36,0.0,0.0,135899.36,NPR
2026-01-26,ACC0000001601,420475.67,0.0,74860.04,345615.63,NPR
2026-01-26,ACC0000001602,31293.51,0.0,3317.7,27975.81,NPR
2026-01-26,ACC0000001603,473700.5,48609.05,22437.86,499871.69,NPR
2026-01-26,ACC0000001604,210822.96,0.0,14361.78,196461.18,NPR
2026-01-26,ACC0000001605,406215.79,47694.27,0.0,453910.06,NPR
2026-01-26,ACC0000001606,227484.56,9978.89,39875.88,197587.57,NPR
2026-01-26,ACC0000001607,175086.23,34682.91,43895.46,165873.68,NPR
2026-01-26,ACC0000001608,453473.61,45978.97,7636.29,491816.29,NPR
2026-01-26,ACC0000001609,130643.59,0.0,126927.15,3716.44,NPR
2026-01-26,ACC0000001610,57887.8,0.0,27329.85,30557.95,NPR
2026-01-26,ACC0000001611,101481.92,23430.53,54776.46,70135.99,NPR
2026-01-26,ACC0000001612,490198.59,0.0,0.0,490198.59,NPR
2026-01-26,ACC0000001613,357515.11,0.0,54132.85,303382.26,NPR
2026-01-26,ACC0000001614,485236.8,0.0,29064.4,456172.4,NPR
2026-01-26,ACC0000001615,447572.38,0.0,24251.55,423320.83,NPR
2026-01-26,ACC0000001616,84940.25,0.0,17733.94,67206.31,NPR
2026-01-26,ACC0000001617,15058.62,0.0,0.0,15058.62,NPR
2026-01-26,ACC0000001618,421487.7,0.0,0.0,421487.7,NPR
2026-01-26,ACC0000001619,195279.33,0.0,30742.6,164536.73,NPR
2026-01-26,ACC0000001620,359654.96,21354.55,0.0,381009.51,NPR
2026-01-26,ACC0000001621,230119.18,0.0,0.0,230119.18,NPR
2026-01-26,ACC0000001622,471665.46,0.0,72570.28,399095.18,NPR
2026-01-26,ACC0000001623,369399.23,0.0,0.0,369399.23,NPR
2026-01-26,ACC0000001624,463509.04,0.0,24552.79,438956.25,NPR
2026-01-26,ACC0000001625,426096.22,0.0,0.0,426096.22,NPR
2026-01-26,ACC0000001626,288112.58,0.0,35578.92,252533.66,NPR
2026-01-26,ACC0000001627,2885.21,0.0,29101.34,-26216.13,NPR
2026-01-26,ACC0000001628,278531.55,0.0,60053.08,218478.47,NPR
2026-01-26,ACC0000001629,282348.27,23618.56,8596.4,297370.43,NPR
2026-01-26,ACC0000001630,396525.48,0.0,57870.25,338655.23,NPR
2026-01-26,ACC0000001631,3345.62,0.0,18780.25,-15434.63,NPR
2026-01-26,ACC0000001632,38897.52,42764.99,119300.68,-37638.17,NPR
2026-01-26,ACC0000001633,461736.21,0.0,76907.84,384828.37,NPR
2026-01-26,ACC0000001634,457321.93,0.0,0.0,457321.93,NPR
2026-01-26,ACC0000001635,362357.45,0.0,0.0,362357.45,NPR
2026-01-26,ACC0000001636,337849.58,0.0,42130.31,295719.27,NPR
2026-01-26,ACC0000001637,125757.32,67097.89,41908.94,150946.27,NPR
2026-01-26,ACC0000001638,352323.96,0.0,39250.43,313073.53,NPR
2026-01-26,ACC0000001639,144807.17,9588.84,62722.78,91673.23,NPR
2026-01-26,ACC0000001640,418746.99,0.0,61694.68,357052.31,NPR
2026-01-26,ACC0000001641,161049.23,0.0,101695.35,59353.88,NPR
2026-01-26,ACC0000001642,441026.61,0.0,96637.74,344388.87,NPR
2026-01-26,ACC0000001643,180374.75,36231.26,99666.48,116939.53,NPR
2026-01-26,ACC0000001644,471923.03,16572.73,40387.06,448108.7,NPR
2026-01-26,ACC0000001645,73735.28,2153.21,25848.42,50040.07,NPR
2026-01-26,ACC0000001646,469273.72,8464.01,147977.48,329760.25,NPR
2026-01-26,ACC0000001647,258319.45,93368.12,102692.94,248994.63,NPR
2026-01-26,ACC0000001648,264844.23,0.0,0.0,264844.23,NPR
2026-01-26,ACC0000001649,235188.2,0.0,85702.13,149486.07,NPR
2026-01-26,ACC0000001650,86824.47,0.0,32640.56,54183.91,NPR
2026-01-26,ACC0000001651,425333.48,0.0,22441.17,402892.31,NPR
2026-01-26,ACC0000001652,415289.41,29096.14,0.0,444385.55,NPR
2026-01-26,ACC0000001653,270666.54,5289.12,78957.24,196998.42,NPR
2026-01-26,ACC0000001654,141835.82,0.0,0.0,141835.82,NPR
2026-01-26,ACC0000001655,312847.2,18051.42,81509.91,249388.71,NPR
2026-01-26,ACC0000001656,123679.71,24801.67,127380.48,21100.9,NPR
2026-01-26,ACC0000001657,154523.08,7571.51,65758.35,96336.24,NPR
2026-01-26,ACC0000001658,334598.12,0.0,1682.29,332915.83,NPR
2026-01-26,ACC0000001659,460076.68,0.0,95576.1,364500.58,NPR
2026-01-26,ACC0000001660,376481.17,0.0,96364.29,280116.88,NPR
2026-01-26,ACC0000001661,70838.43,0.0,0.0,70838.43,NPR
2026-01-26,ACC0000001662,219085.92,0.0,35631.5,183454.42,NPR
2026-01-26,ACC0000001663,214730.05,33203.46,0.0,247933.51,NPR
2026-01-26,ACC0000001664,141355.8,20614.11,17220.94,144748.97,NPR
2026-01-26,ACC0000001665,200110.38,65963.94,42071.77,224002.55,NPR
2026-01-26,ACC0000001666,168799.2,23739.4,175838.93,16699.67,NPR
2026-01-26,ACC0000001667,253329.05,0.0,23482.71,229846.34,NPR
2026-01-26,ACC0000001668,30991.23,22588.73,41642.52,11937.44,NPR
2026-01-26,ACC0000001669,114646.99,0.0,0.0,114646.99,NPR
2026-01-26,ACC0000001670,238052.76,0.0,46256.74,191796.02,NPR
2026-01-26,ACC0000001671,258225.29,38254.3,32666.7,263812.89,NPR
2026-01-26,ACC0000001672,487433.38,0.0,0.0,487433.38,NPR
2026-01-26,ACC0000001673,54289.54,0.0,35877.57,18411.97,NPR
2026-01-26,ACC0000001674,166676.7,0.0,0.0,166676.7,NPR
2026-01-26,ACC0000001675,39752.99,78286.0,133505.48,-15466.49,NPR
2026-01-26,ACC0000001676,341793.4,0.0,184691.4,157102.0,NPR
2026-01-26,ACC0000001677,307937.05,0.0,109421.25,198515.8,NPR
2026-01-26,ACC0000001678,187048.93,27664.41,48558.0,166155.34,NPR
2026-01-26,ACC0000001679,320522.36,0.0,0.0,320522.36,NPR
2026-01-26,ACC0000001680,396234.86,49758.74,116085.6,329908.0,NPR
2026-01-26,ACC0000001681,133481.55,0.0,69576.34,63905.21,NPR
2026-01-26,ACC0000001682,194485.9,0.0,14632.95,179852.95,NPR
2026-01-26,ACC0000001683,330770.85,0.0,104123.15,226647.7,NPR
2026-01-26,ACC0000001684,134365.02,0.0,61475.46,72889.56,NPR
2026-01-26,ACC0000001685,349798.21,0.0,0.0,349798.21,NPR
2026-01-26,ACC0000001686,496338.56,0.0,57181.44,439157.12,NPR
2026-01-26,ACC0000001687,65100.52,22116.67,0.0,87217.19,NPR
2026-01-26,ACC0000001688,147261.77,1196.84,19846.84,128611.77,NPR
2026-01-26,ACC0000001689,268562.12,4840.07,55024.86,218377.33,NPR
2026-01-26,ACC0000001690,174767.85,0.0,36727.43,138040.42,NPR
2026-01-26,ACC0000001691,77536.85,17578.78,77012.24,18103.39,NPR
2026-01-26,ACC0000001692,175543.0,0.0,52777.15,122765.85,NPR
2026-01-26,ACC0000001693,94147.09,19959.54,58179.94,55926.69,NPR
2026-01-26,ACC0000001694,34965.8,0.0,110286.45,-75320.65,NPR
2026-01-26,ACC0000001695,316475.46,0.0,70088.74,246386.72,NPR
2026-01-26,ACC0000001696,251759.1,0.0,0.0,251759.1,NPR
2026-01-26,ACC0000001697,460843.27,48433.21,0.0,509276.48,NPR
2026-01-26,ACC0000001698,436473.47,45984.52,75232.79,407225.2,NPR
2026-01-26,ACC0000001699,170514.18,0.0,53139.37,117374.81,NPR
2026-01-26,ACC0000001700,163057.18,14966.66,66038.1,111985.74,NPR
2026-01-26,ACC0000001701,322688.53,0.0,53784.95,268903.58,NPR
2026-01-26,ACC0000001702,22129.92,0.0,117116.22,-94986.3,NPR
2026-01-26,ACC0000001703,197967.49,9551.65,9191.23,198327.91,NPR
2026-01-26,ACC0000001704,246957.73,0.0,0.0,246957.73,NPR
2026-01-26,ACC0000001705,265346.32,0.0,6359.5,258986.82,NPR
2026-01-26,ACC0000001706,153856.52,0.0,79095.75,74760.77,NPR
2026-01-26,ACC0000001707,241279.74,44695.78,19440.64,266534.88,NPR
2026-01-26,ACC0000001708,168315.14,0.0,0.0,168315.14,NPR
2026-01-26,ACC0000001709,380562.76,0.0,0.0,380562.76,NPR
2026-01-26,ACC0000001710,446889.49,0.0,34347.31,412542.18,NPR
2026-01-26,ACC0000001711,495777.56,0.0,37389.51,458388.05,NPR
2026-01-26,ACC0000001712,373652.58,21909.15,82248.63,313313.1,NPR
2026-01-26,ACC0000001713,280297.09,0.0,21742.27,258554.82,NPR
2026-01-26,ACC0000001714,7782.85,0.0,0.0,7782.85,NPR
2026-01-26,ACC0000001715,144390.29,84572.84,72481.94,156481.19,NPR
2026-01-26,ACC0000001716,399332.86,0.0,0.0,399332.86,NPR
2026-01-26,ACC0000001717,230117.17,54024.26,19143.28,264998.15,NPR
2026-01-26,ACC0000001718,392190.77,0.0,17823.93,374366.84,NPR
2026-01-26,ACC0000001719,196045.36,0.0,0.0,196045.36,NPR
2026-01-26,ACC0000001720,274991.02,10550.07,181511.65,104029.44,NPR
2026-01-26,ACC0000001721,301630.39,33643.64,121392.85,213881.18,NPR
2026-01-26,ACC0000001722,254820.17,0.0,0.0,254820.17,NPR
2026-01-26,ACC0000001723,8584.52,0.0,60763.5,-52178.98,NPR
2026-01-26,ACC0000001724,255034.65,0.0,43555.72,211478.93,NPR
2026-01-26,ACC0000001725,441442.6,0.0,125552.41,315890.19,NPR
2026-01-26,ACC0000001726,26796.76,89240.85,0.0,116037.61,NPR
2026-01-26,ACC0000001727,28553.0,51621.08,146620.22,-66446.14,NPR
2026-01-26,ACC0000001728,22757.45,0.0,83047.81,-60290.36,NPR
2026-01-26,ACC0000001729,433863.08,0.0,38381.37,395481.71,NPR
2026-01-26,ACC0000001730,302168.67,0.0,128420.99,173747.68,NPR
2026-01-26,ACC0000001731,346214.22,0.0,89217.02,256997.2,NPR
2026-01-26,ACC0000001732,295147.12,31841.39,84149.09,242839.42,NPR
2026-01-26,ACC0000001733,453057.9,2344.73,25608.79,429793.84,NPR
2026-01-26,ACC0000001734,281406.53,0.0,102083.61,179322.92,NPR
2026-01-26,ACC0000001735,136712.38,0.0,32769.16,103943.22,NPR
2026-01-26,ACC0000001736,214380.84,0.0,51235.03,163145.81,NPR
2026-01-26,ACC0000001737,106977.53,0.0,0.0,106977.53,NPR
2026-01-26,ACC0000001738,411854.18,0.0,39104.96,372749.22,NPR
2026-01-26,ACC0000001739,122103.42,0.0,60322.04,61781.38,NPR
2026-01-26,ACC0000001740,455385.34,0.0,106414.68,348970.66,NPR
2026-01-26,ACC0000001741,339527.5,36877.84,68688.41,307716.93,NPR
2026-01-26,ACC0000001742,305432.44,0.0,3918.17,301514.27,NPR
2026-01-26,ACC0000001743,249446.01,4424.36,66403.96,187466.41,NPR
2026-01-26,ACC0000001744,403114.17,0.0,28581.19,374532.98,NPR
2026-01-26,ACC0000001745,360019.41,45327.42,12630.13,392716.7,NPR
2026-01-26,ACC0000001746,115491.72,0.0,28681.99,86809.73,NPR
2026-01-26,ACC0000001747,236168.91,0.0,47197.83,188971.08,NPR
2026-01-26,ACC0000001748,242791.27,32384.7,0.0,275175.97,NPR
2026-01-26,ACC0000001749,105481.59,0.0,20761.74,84719.85,NPR
2026-01-26,ACC0000001750,316949.9,0.0,59791.96,257157.94,NPR
2026-01-26,ACC0000001751,95996.71,45131.32,66882.54,74245.49,NPR
2026-01-26,ACC0000001752,50519.73,51200.72,0.0,101720.45,NPR
2026-01-26,ACC0000001753,56788.46,48301.29,78129.98,26959.77,NPR
2026-01-26,ACC0000001754,273801.37,0.0,0.0,273801.37,NPR
2026-01-26,ACC0000001755,198868.28,8668.99,76915.62,130621.65,NPR
2026-01-26,ACC0000001756,75913.77,29164.17,69692.83,35385.11,NPR
2026-01-26,ACC0000001757,290467.02,0.0,42035.74,248431.28,NPR
2026-01-26,ACC0000001758,182946.11,0.0,3161.14,179784.97,NPR
2026-01-26,ACC0000001759,147957.37,38101.85,118728.21,67331.01,NPR
2026-01-26,ACC0000001760,359765.25,0.0,47414.91,312350.34,NPR
2026-01-26,ACC0000001761,88383.18,18700.21,0.0,107083.39,NPR
2026-01-26,ACC0000001762,463474.76,0.0,0.0,463474.76,NPR
2026-01-26,ACC0000001763,435531.38,0.0,0.0,435531.38,NPR
2026-01-26,ACC0000001764,104836.83,0.0,11680.39,93156.44,NPR
2026-01-26,ACC0000001765,98874.96,0.0,18668.17,80206.79,NPR
2026-01-26,ACC0000001766,209964.94,0.0,80385.83,129579.11,NPR
2026-01-26,ACC0000001767,302561.12,0.0,58698.74,243862.38,NPR
2026-01-26,ACC0000001768,180138.0,17990.46,53128.12,145000.34,NPR
2026-01-26,ACC0000001769,237522.56,0.0,0.0,237522.56,NPR
2026-01-26,ACC0000001770,218591.07,0.0,56517.68,162073.39,NPR
2026-01-26,ACC0000001771,294394.56,0.0,6690.29,287704.27,NPR
2026-01-26,ACC0000001772,100489.1,0.0,100604.38,-115.28,NPR
2026-01-26,ACC0000001773,236102.89,0.0,112801.6,123301.29,NPR
2026-01-26,ACC0000001774,319429.77,0.0,84384.99,235044.78,NPR
2026-01-26,ACC0000001775,239477.22,0.0,128703.97,110773.25,NPR
2026-01-26,ACC0000001776,64205.71,0.0,115183.82,-50978.11,NPR
2026-01-26,ACC0000001777,348116.34,0.0,66716.79,281399.55,NPR
2026-01-26,ACC0000001778,328249.3,0.0,62879.95,265369.35,NPR
2026-01-26,ACC0000001779,70006.77,0.0,0.0,70006.77,NPR
2026-01-26,ACC0000001780,114156.5,0.0,0.0,114156.5,NPR
2026-01-26,ACC0000001781,442880.06,0.0,22974.23,419905.83,NPR
2026-01-26,ACC0000001782,87183.6,31610.66,33408.93,85385.33,NPR
2026-01-26,ACC0000001783,98074.97,0.0,0.0,98074.97,NPR
2026-01-26,ACC0000001784,396795.03,0.0,32479.4,364315.63,NPR
2026-01-26,ACC0000001785,41530.49,0.0,13750.18,27780.31,NPR
2026-01-26,ACC0000001786,17404.17,0.0,0.0,17404.17,NPR
2026-01-26,ACC0000001787,167046.13,13661.79,28678.02,152029.9,NPR
2026-01-26,ACC0000001788,193942.76,0.0,9110.63,184832.13,NPR
2026-01-26,ACC0000001789,92278.2,27457.49,60012.39,59723.3,NPR
2026-01-26,ACC0000001790,70752.98,0.0,49571.41,21181.57,NPR
2026-01-26,ACC0000001791,233644.48,0.0,30036.26,203608.22,NPR
2026-01-26,ACC0000001792,343324.57,0.0,39659.44,303665.13,NPR
2026-01-26,ACC0000001793,129012.21,1593.31,45348.83,85256.69,NPR
2026-01-26,ACC0000001794,379823.28,0.0,91772.54,288050.74,NPR
2026-01-26,ACC0000001795,207331.32,24092.33,75669.24,155754.41,NPR
2026-01-26,ACC0000001796,451964.7,24349.86,85339.42,390975.14,NPR
2026-01-26,ACC0000001797,398903.19,0.0,0.0,398903.19,NPR
2026-01-26,ACC0000001798,196596.52,16673.56,28229.54,185040.54,NPR
2026-01-26,ACC0000001799,132527.79,0.0,56776.8,75750.99,NPR
2026-01-26,ACC0000001800,297318.8,20172.84,99724.81,217766.83,NPR
2026-01-26,ACC0000001801,290532.91,47916.44,112634.18,225815.17,NPR
2026-01-26,ACC0000001802,70682.67,0.0,43108.35,27574.32,NPR
2026-01-26,ACC0000001803,454008.67,0.0,74128.56,379880.11,NPR
2026-01-26,ACC0000001804,178110.26,12141.94,106031.36,84220.84,NPR
2026-01-26,ACC0000001805,53529.2,0.0,0.0,53529.2,NPR
2026-01-26,ACC0000001806,350982.6,93935.78,11968.85,432949.53,NPR
2026-01-26,ACC0000001807,290122.93,40459.96,99586.93,230995.96,NPR
2026-01-26,ACC0000001808,403515.94,0.0,0.0,403515.94,NPR
2026-01-26,ACC0000001809,496199.47,0.0,111773.42,384426.05,NPR
2026-01-26,ACC0000001810,14046.37,0.0,174638.23,-160591.86,NPR
2026-01-26,ACC0000001811,17505.43,30865.07,131054.28,-82683.78,NPR
2026-01-26,ACC0000001812,182697.1,15662.13,67388.89,130970.34,NPR
2026-01-26,ACC0000001813,1694.26,0.0,41604.65,-39910.39,NPR
2026-01-26,ACC0000001814,11691.7,45528.2,112604.27,-55384.37,NPR
2026-01-26,ACC0000001815,472134.59,0.0,7476.56,464658.03,NPR
2026-01-26,ACC0000001816,236568.73,0.0,76520.98,160047.75,NPR
2026-01-26,ACC0000001817,285834.05,16682.67,6734.63,295782.09,NPR
2026-01-26,ACC0000001818,86275.12,25648.71,158687.48,-46763.65,NPR
2026-01-26,ACC0000001819,187498.23,52446.77,27414.44,212530.56,NPR
2026-01-26,ACC0000001820,55098.09,48410.22,6275.79,97232.52,NPR
2026-01-26,ACC0000001821,260474.56,0.0,0.0,260474.56,NPR
2026-01-26,ACC0000001822,275345.33,0.0,0.0,275345.33,NPR
2026-01-26,ACC0000001823,67496.17,0.0,117394.19,-49898.02,NPR
2026-01-26,ACC0000001824,360339.79,0.0,45533.78,314806.01,NPR
2026-01-26,ACC0000001825,111052.16,0.0,0.0,111052.16,NPR
2026-01-26,ACC0000001826,266623.11,0.0,0.0,266623.11,NPR
2026-01-26,ACC0000001827,53262.03,36580.4,74578.99,15263.44,NPR
2026-01-26,ACC0000001828,291943.76,0.0,0.0,291943.76,NPR
2026-01-26,ACC0000001829,394854.59,0.0,41613.34,353241.25,NPR
2026-01-26,ACC0000001830,190955.36,0.0,0.0,190955.36,NPR
2026-01-26,ACC0000001831,416790.99,0.0,0.0,416790.99,NPR
2026-01-26,ACC0000001832,219753.23,0.0,0.0,219753.23,NPR
2026-01-26,ACC0000001833,153331.6,24597.72,53097.79,124831.53,NPR
2026-01-26,ACC0000001834,220841.51,0.0,93773.81,127067.7,NPR
2026-01-26,ACC0000001835,268367.25,6235.6,229888.22,44714.63,NPR
2026-01-26,ACC0000001836,292245.53,0.0,33368.29,258877.24,NPR
2026-01-26,ACC0000001837,131912.17,0.0,39951.85,91960.32,NPR
2026-01-26,ACC0000001838,132569.47,0.0,77018.74,55550.73,NPR
2026-01-26,ACC0000001839,476242.19,0.0,0.0,476242.19,NPR
2026-01-26,ACC0000001840,333351.4,0.0,26593.33,306758.07,NPR
2026-01-26,ACC0000001841,200387.71,0.0,164711.58,35676.13,NPR
2026-01-26,ACC0000001842,355028.84,0.0,45677.89,309350.95,NPR
2026-01-26,ACC0000001843,376946.1,35673.03,52554.32,360064.81,NPR
2026-01-26,ACC0000001844,449829.68,0.0,0.0,449829.68,NPR
2026-01-26,ACC0000001845,247984.56,0.0,54234.79,193749.77,NPR
2026-01-26,ACC0000001846,370562.26,16142.14,24839.21,361865.19,NPR
2026-01-26,ACC0000001847,1100.91,0.0,63181.41,-62080.5,NPR
2026-01-26,ACC0000001848,107893.11,47588.98,14483.66,140998.43,NPR
2026-01-26,ACC0000001849,278248.15,12191.0,38097.11,252342.04,NPR
2026-01-26,ACC0000001850,450943.19,0.0,0.0,450943.19,NPR
2026-01-26,ACC0000001851,192288.35,0.0,0.0,192288.35,NPR
2026-01-26,ACC0000001852,48039.53,7148.66,34324.82,20863.37,NPR
2026-01-26,ACC0000001853,384935.88,0.0,41937.87,342998.01,NPR
2026-01-26,ACC0000001854,361490.78,66937.5,26188.85,402239.43,NPR
2026-01-26,ACC0000001855,232915.77,80285.23,77069.09,236131.91,NPR
2026-01-26,ACC0000001856,300953.62,0.0,114945.14,186008.48,NPR
2026-01-26,ACC0000001857,309489.5,0.0,120686.1,188803.4,NPR
2026-01-26,ACC0000001858,271153.69,0.0,0.0,271153.69,NPR
2026-01-26,ACC0000001859,286752.35,0.0,38887.22,247865.13,NPR
2026-01-26,ACC0000001860,273194.75,0.0,0.0,273194.75,NPR
2026-01-26,ACC0000001861,489920.87,29857.91,35796.1,483982.68,NPR
2026-01-26,ACC0000001862,358061.16,0.0,65655.4,292405.76,NPR
2026-01-26,ACC0000001863,161805.19,0.0,48492.62,113312.57,NPR
2026-01-26,ACC0000001864,167166.95,0.0,81515.33,85651.62,NPR
2026-01-26,ACC0000001865,157696.7,0.0,32723.29,124973.41,NPR
2026-01-26,ACC0000001866,116227.36,0.0,13312.9,102914.46,NPR
2026-01-26,ACC0000001867,326003.48,23739.81,108816.03,240927.26,NPR
2026-01-26,ACC0000001868,204022.17,37237.25,0.0,241259.42,NPR
2026-01-26,ACC0000001869,195143.76,43575.93,0.0,238719.69,NPR
2026-01-26,ACC0000001870,123199.37,0.0,28060.09,95139.28,NPR
2026-01-26,ACC0000001871,447327.91,0.0,181790.56,265537.35,NPR
2026-01-26,ACC0000001872,358611.68,0.0,39026.62,319585.06,NPR
2026-01-26,ACC0000001873,383162.41,0.0,21729.76,361432.65,NPR
2026-01-26,ACC0000001874,474852.82,7298.73,6045.74,476105.81,NPR
2026-01-26,ACC0000001875,447159.53,0.0,38494.4,408665.13,NPR
2026-01-26,ACC0000001876,229478.99,0.0,88848.05,140630.94,NPR
2026-01-26,ACC0000001877,488428.54,39125.81,86469.55,441084.8,NPR
2026-01-26,ACC0000001878,30399.84,0.0,68306.49,-37906.65,NPR
2026-01-26,ACC0000001879,33864.79,0.0,30404.48,3460.31,NPR
2026-01-26,ACC0000001880,293740.25,0.0,42789.35,250950.9,NPR
2026-01-26,ACC0000001881,224001.48,0.0,44944.2,179057.28,NPR
2026-01-26,ACC0000001882,113117.93,0.0,46472.07,66645.86,NPR
2026-01-26,ACC0000001883,409417.11,0.0,61193.23,348223.88,NPR
2026-01-26,ACC0000001884,7990.56,0.0,0.0,7990.56,NPR
2026-01-26,ACC0000001885,389658.42,0.0,0.0,389658.42,NPR
2026-01-26,ACC0000001886,24726.24,0.0,0.0,24726.24,NPR
2026-01-26,ACC0000001887,415287.01,0.0,131787.51,283499.5,NPR
2026-01-26,ACC0000001888,447726.74,0.0,21056.95,426669.79,NPR
2026-01-26,ACC0000001889,397030.17,3020.26,16660.74,383389.69,NPR
2026-01-26,ACC0000001890,152342.26,11999.99,0.0,164342.25,NPR
2026-01-26,ACC0000001891,458123.59,0.0,0.0,458123.59,NPR
2026-01-26,ACC0000001892,483137.63,0.0,14885.03,468252.6,NPR
2026-01-26,ACC0000001893,40628.3,22067.02,38709.58,23985.74,NPR
2026-01-26,ACC0000001894,160833.37,0.0,14098.36,146735.01,NPR
2026-01-26,ACC0000001895,177832.95,1551.07,20077.89,159306.13,NPR
2026-01-26,ACC0000001896,372484.79,45794.39,39626.67,378652.51,NPR
2026-01-26,ACC0000001897,395774.02,0.0,16738.0,379036.02,NPR
2026-01-26,ACC0000001898,111125.49,44533.89,77297.03,78362.35,NPR
2026-01-26,ACC0000001899,174671.08,41238.21,0.0,215909.29,NPR
2026-01-26,ACC0000001900,222046.43,41453.83,10799.14,252701.12,NPR
2026-01-26,ACC0000001901,189853.73,0.0,111004.57,78849.16,NPR
2026-01-26,ACC0000001902,138323.94,0.0,0.0,138323.94,NPR
2026-01-26,ACC0000001903,343201.96,0.0,72533.16,270668.8,NPR
2026-01-26,ACC0000001904,156067.54,15686.04,54658.04,117095.54,NPR
2026-01-26,ACC0000001905,27826.81,0.0,122506.23,-94679.42,NPR
2026-01-26,ACC0000001906,223338.8,44777.63,22887.92,245228.51,NPR
2026-01-26,ACC0000001907,166190.96,20301.28,105410.51,81081.73,NPR
2026-01-26,ACC0000001908,404058.74,9181.41,25356.79,387883.36,NPR
2026-01-26,ACC0000001909,232051.42,0.0,73641.41,158410.01,NPR
2026-01-26,ACC0000001910,54629.67,0.0,0.0,54629.67,NPR
2026-01-26,ACC0000001911,142909.73,25959.15,26288.6,142580.28,NPR
2026-01-26,ACC0000001912,483771.78,13777.65,127546.39,370003.04,NPR
2026-01-26,ACC0000001913,476348.76,0.0,61702.97,414645.79,NPR
2026-01-26,ACC0000001914,197699.36,36067.6,127629.0,106137.96,NPR
2026-01-26,ACC0000001915,189645.83,0.0,32027.59,157618.24,NPR
2026-01-26,ACC0000001916,418393.62,0.0,62355.7,356037.92,NPR
2026-01-26,ACC0000001917,75419.44,47865.63,12424.89,110860.18,NPR
2026-01-26,ACC0000001918,57514.06,0.0,0.0,57514.06,NPR
2026-01-26,ACC0000001919,237277.76,18839.77,1234.79,254882.74,NPR
2026-01-26,ACC0000001920,498084.44,0.0,58656.37,439428.07,NPR
2026-01-26,ACC0000001921,216589.65,0.0,12159.91,204429.74,NPR
2026-01-26,ACC0000001922,170453.74,2810.19,796.17,172467.76,NPR
2026-01-26,ACC0000001923,279492.52,27626.46,41521.68,265597.3,NPR
2026-01-26,ACC0000001924,217689.26,0.0,69554.19,148135.07,NPR
2026-01-26,ACC0000001925,173141.65,0.0,81953.5,91188.15,NPR
2026-01-26,ACC0000001926,146659.64,0.0,70933.71,75725.93,NPR
2026-01-26,ACC0000001927,143660.97,0.0,40993.1,102667.87,NPR
2026-01-26,ACC0000001928,293582.69,0.0,77429.21,216153.48,NPR
2026-01-26,ACC0000001929,82869.73,13335.55,156199.57,-59994.29,NPR
2026-01-26,ACC0000001930,167597.3,0.0,97797.19,69800.11,NPR
2026-01-26,ACC0000001931,25664.71,8633.68,66006.51,-31708.12,NPR
2026-01-26,ACC0000001932,173192.16,0.0,59635.33,113556.83,NPR
2026-01-26,ACC0000001933,475189.94,49963.95,52129.0,473024.89,NPR
2026-01-26,ACC0000001934,41687.52,10015.76,111450.77,-59747.49,NPR
2026-01-26,ACC0000001935,448683.5,34161.45,0.0,482844.95,NPR
2026-01-26,ACC0000001936,452498.83,0.0,21788.16,430710.67,NPR
2026-01-26,ACC0000001937,74466.39,59469.46,31481.92,102453.93,NPR
2026-01-26,ACC0000001938,362572.92,0.0,0.0,362572.92,NPR
2026-01-26,ACC0000001939,303802.57,47210.89,36968.49,314044.97,NPR
2026-01-26,ACC0000001940,197097.42,0.0,38334.63,158762.79,NPR
2026-01-26,ACC0000001941,89981.57,0.0,0.0,89981.57,NPR
2026-01-26,ACC0000001942,359266.34,0.0,24852.25,334414.09,NPR
2026-01-26,ACC0000001943,478243.68,0.0,68011.74,410231.94,NPR
2026-01-26,ACC0000001944,89992.32,0.0,20530.19,69462.13,NPR
2026-01-26,ACC0000001945,397441.85,19109.16,76963.98,339587.03,NPR
2026-01-26,ACC0000001946,241074.24,19712.37,28948.73,231837.88,NPR
2026-01-26,ACC0000001947,14572.76,0.0,0.0,14572.76,NPR
2026-01-26,ACC0000001948,182040.92,0.0,101992.18,80048.74,NPR
2026-01-26,ACC0000001949,469511.52,0.0,0.0,469511.52,NPR
2026-01-26,ACC0000001950,336811.07,0.0,36965.84,299845.23,NPR
2026-01-26,ACC0000001951,14440.0,0.0,82784.71,-68344.71,NPR
2026-01-26,ACC0000001952,423883.16,0.0,0.0,423883.16,NPR
2026-01-26,ACC0000001953,252269.67,204.07,21570.51,230903.23,NPR
2026-01-26,ACC0000001954,492832.35,0.0,42919.46,449912.89,NPR
2026-01-26,ACC0000001955,336245.07,0.0,0.0,336245.07,NPR
2026-01-26,ACC0000001956,210301.85,0.0,0.0,210301.85,NPR
2026-01-26,ACC0000001957,67832.3,10776.39,0.0,78608.69,NPR
2026-01-26,ACC0000001958,468056.12,0.0,90910.87,377145.25,NPR
2026-01-26,ACC0000001959,323831.2,0.0,17695.74,306135.46,NPR
2026-01-26,ACC0000001960,103693.84,11329.9,21871.52,93152.22,NPR
2026-01-26,ACC0000001961,330116.53,45250.77,91087.12,284280.18,NPR
2026-01-26,ACC0000001962,213446.95,51845.8,60169.68,205123.07,NPR
2026-01-26,ACC0000001963,376205.62,0.0,0.0,376205.62,NPR
2026-01-26,ACC0000001964,245299.6,0.0,31331.77,213967.83,NPR
2026-01-26,ACC0000001965,420894.37,0.0,0.0,420894.37,NPR
2026-01-26,ACC0000001966,256397.19,0.0,56883.98,199513.21,NPR
2026-01-26,ACC0000001967,477716.09,31028.2,45957.76,462786.53,NPR
2026-01-26,ACC0000001968,414660.86,34177.07,75362.2,373475.73,NPR
2026-01-26,ACC0000001969,470762.95,4014.43,44440.17,430337.21,NPR
2026-01-26,ACC0000001970,102370.29,0.0,37333.76,65036.53,NPR
2026-01-26,ACC0000001971,363501.17,0.0,111629.95,251871.22,NPR
2026-01-26,ACC0000001972,404294.41,0.0,49272.78,355021.63,NPR
2026-01-26,ACC0000001973,124030.8,0.0,5640.28,118390.52,NPR
2026-01-26,ACC0000001974,427951.15,0.0,0.0,427951.15,NPR
2026-01-26,ACC0000001975,222041.69,7217.25,104456.59,124802.35,NPR
2026-01-26,ACC0000001976,48515.25,24893.29,68187.33,5221.21,NPR
2026-01-26,ACC0000001977,65429.61,0.0,33383.1,32046.51,NPR
2026-01-26,ACC0000001978,317086.97,0.0,13058.18,304028.79,NPR
2026-01-26,ACC0000001979,78612.92,0.0,71149.0,7463.92,NPR
2026-01-26,ACC0000001980,65598.23,0.0,77817.27,-12219.04,NPR
2026-01-26,ACC0000001981,207489.47,0.0,96441.93,111047.54,NPR
2026-01-26,ACC0000001982,52863.49,0.0,0.0,52863.49,NPR
2026-01-26,ACC0000001983,382166.11,11917.56,107831.79,286251.88,NPR
2026-01-26,ACC0000001984,454498.71,0.0,0.0,454498.71,NPR
2026-01-26,ACC0000001985,438455.78,18413.22,20575.25,436293.75,NPR
2026-01-26,ACC0000001986,447338.55,0.0,0.0,447338.55,NPR
2026-01-26,ACC0000001987,195887.65,41568.53,50811.77,186644.41,NPR
2026-01-26,ACC0000001988,57143.64,0.0,0.0,57143.64,NPR
2026-01-26,ACC0000001989,287913.42,0.0,77367.3,210546.12,NPR
2026-01-26,ACC0000001990,216073.06,0.0,0.0,216073.06,NPR
2026-01-26,ACC0000001991,134044.97,0.0,40409.06,93635.91,NPR
2026-01-26,ACC0000001992,195019.52,0.0,0.0,195019.52,NPR
2026-01-26,ACC0000001993,30024.95,0.0,0.0,30024.95,NPR
2026-01-26,ACC0000001994,312406.24,0.0,29635.2,282771.04,NPR
2026-01-26,ACC0000001995,248813.43,0.0,0.0,248813.43,NPR
2026-01-26,ACC0000001996,203143.97,0.0,76475.96,126668.01,NPR
2026-01-26,ACC0000001997,275042.83,17906.19,29939.56,263009.46,NPR
2026-01-26,ACC0000001998,60142.3,57656.58,148724.55,-30925.67,NPR
2026-01-26,ACC0000001999,158886.75,0.0,69263.21,89623.54,NPR
2026-01-26,ACC0000002000,421373.6,0.0,74638.37,346735.23,NPR
2026-01-26,ACC0000002001,366127.88,0.0,45255.2,320872.68,NPR
2026-01-26,ACC0000002002,159773.74,0.0,0.0,159773.74,NPR
2026-01-26,ACC0000002003,25505.06,0.0,0.0,25505.06,NPR
2026-01-26,ACC0000002004,15758.52,0.0,52833.53,-37075.01,NPR
2026-01-26,ACC0000002005,198729.6,0.0,87820.96,110908.64,NPR
2026-01-26,ACC0000002006,276264.18,0.0,166432.64,109831.54,NPR
2026-01-26,ACC0000002007,87014.88,0.0,0.0,87014.88,NPR
2026-01-26,ACC0000002008,369167.66,0.0,1322.99,367844.67,NPR
2026-01-26,ACC0000002009,267764.57,0.0,5765.64,261998.93,NPR
2026-01-26,ACC0000002010,344444.59,0.0,129862.07,214582.52,NPR
2026-01-26,ACC0000002011,215379.18,0.0,58948.61,156430.57,NPR
2026-01-26,ACC0000002012,255029.16,0.0,2518.34,252510.82,NPR
2026-01-26,ACC0000002013,82481.8,0.0,50061.16,32420.64,NPR
2026-01-26,ACC0000002014,388071.59,0.0,28749.63,359321.96,NPR
2026-01-26,ACC0000002015,490625.41,0.0,37935.63,452689.78,NPR
2026-01-26,ACC0000002016,229114.89,1215.95,11583.32,218747.52,NPR
2026-01-26,ACC0000002017,377487.08,0.0,13694.94,363792.14,NPR
2026-01-26,ACC0000002018,250451.49,0.0,0.0,250451.49,NPR
2026-01-26,ACC0000002019,415816.38,0.0,94457.1,321359.28,NPR
2026-01-26,ACC0000002020,480566.64,10215.78,62415.1,428367.32,NPR
2026-01-26,ACC0000002021,167525.54,7232.43,61854.3,112903.67,NPR
2026-01-26,ACC0000002022,426376.67,0.0,126436.63,299940.04,NPR
2026-01-26,ACC0000002023,35254.46,0.0,26731.78,8522.68,NPR
2026-01-26,ACC0000002024,311223.6,0.0,31833.01,279390.59,NPR
2026-01-26,ACC0000002025,399428.82,0.0,0.0,399428.82,NPR
2026-01-26,ACC0000002026,70721.3,0.0,0.0,70721.3,NPR
2026-01-26,ACC0000002027,445310.59,1592.75,38417.2,408486.14,NPR
2026-01-26,ACC0000002028,361410.48,59076.49,204393.54,216093.43,NPR
2026-01-26,ACC0000002029,258424.65,0.0,0.0,258424.65,NPR
2026-01-26,ACC0000002030,397207.65,29109.43,29882.99,396434.09,NPR
2026-01-26,ACC0000002031,197158.27,0.0,0.0,197158.27,NPR
2026-01-26,ACC0000002032,160476.94,0.0,132625.41,27851.53,NPR
2026-01-26,ACC0000002033,116668.75,0.0,77734.05,38934.7,NPR
2026-01-26,ACC0000002034,93576.44,0.0,150936.43,-57359.99,NPR
2026-01-26,ACC0000002035,430895.16,30104.2,1762.4,459236.96,NPR
2026-01-26,ACC0000002036,39787.71,0.0,6126.24,33661.47,NPR
2026-01-26,ACC0000002037,378807.39,0.0,65768.35,313039.04,NPR
2026-01-26,ACC0000002038,1681.56,0.0,34113.7,-32432.14,NPR
2026-01-26,ACC0000002039,222640.2,0.0,68707.75,153932.45,NPR
2026-01-26,ACC0000002040,438186.78,0.0,0.0,438186.78,NPR
2026-01-26,ACC0000002041,225371.51,14263.64,34406.52,205228.63,NPR
2026-01-26,ACC0000002042,267121.89,0.0,0.0,267121.89,NPR
2026-01-26,ACC0000002043,451553.1,32424.25,48787.52,435189.83,NPR
2026-01-26,ACC0000002044,149450.2,0.0,82056.96,67393.24,NPR
2026-01-26,ACC0000002045,288265.1,35673.49,39802.77,284135.82,NPR
2026-01-26,ACC0000002046,326598.61,0.0,63896.71,262701.9,NPR
2026-01-26,ACC0000002047,344727.48,7311.31,117940.01,234098.78,NPR
2026-01-26,ACC0000002048,190416.9,0.0,0.0,190416.9,NPR
2026-01-26,ACC0000002049,358631.81,38456.41,12631.72,384456.5,NPR
2026-01-26,ACC0000002050,74507.99,5396.96,40995.24,38909.71,NPR
2026-01-26,ACC0000002051,315690.43,15559.82,7703.38,323546.87,NPR
2026-01-26,ACC0000002052,486481.96,0.0,50534.03,435947.93,NPR
2026-01-26,ACC0000002053,350446.52,14536.98,75008.91,289974.59,NPR
2026-01-26,ACC0000002054,89187.92,0.0,0.0,89187.92,NPR
2026-01-26,ACC0000002055,461428.07,0.0,24010.99,437417.08,NPR
2026-01-26,ACC0000002056,165583.48,0.0,68042.84,97540.64,NPR
2026-01-26,ACC0000002057,228814.59,0.0,53300.08,175514.51,NPR
2026-01-26,ACC0000002058,77687.23,0.0,86368.62,-8681.39,NPR
2026-01-26,ACC0000002059,302593.53,20685.99,5559.53,317719.99,NPR
2026-01-26,ACC0000002060,2721.07,0.0,189441.13,-186720.06,NPR
2026-01-26,ACC0000002061,51017.45,0.0,0.0,51017.45,NPR
2026-01-26,ACC0000002062,47943.18,13507.02,41008.87,20441.33,NPR
2026-01-26,ACC0000002063,445599.73,27097.85,86287.26,386410.32,NPR
2026-01-26,ACC0000002064,211086.45,37651.64,32432.2,216305.89,NPR
2026-01-26,ACC0000002065,67004.48,0.0,415.71,66588.77,NPR
2026-01-26,ACC0000002066,67211.35,0.0,0.0,67211.35,NPR
2026-01-26,ACC0000002067,389511.68,0.0,84819.5,304692.18,NPR
2026-01-26,ACC0000002068,430396.17,21747.6,0.0,452143.77,NPR
2026-01-26,ACC0000002069,393702.63,2665.81,56036.85,340331.59,NPR
2026-01-26,ACC0000002070,269566.8,20796.36,32369.36,257993.8,NPR
2026-01-26,ACC0000002071,132786.49,0.0,74856.56,57929.93,NPR
2026-01-26,ACC0000002072,40012.14,13434.24,115019.31,-61572.93,NPR
2026-01-26,ACC0000002073,355068.05,0.0,70219.64,284848.41,NPR
2026-01-26,ACC0000002074,344630.97,5729.47,37589.81,312770.63,NPR
2026-01-26,ACC0000002075,167116.35,14726.52,46534.43,135308.44,NPR
2026-01-26,ACC0000002076,469106.97,89905.05,42227.12,516784.9,NPR
2026-01-26,ACC0000002077,24597.98,10270.07,60358.27,-25490.22,NPR
2026-01-26,ACC0000002078,314341.3,18202.03,48725.25,283818.08,NPR
2026-01-26,ACC0000002079,354705.55,23655.35,17058.7,361302.2,NPR
2026-01-26,ACC0000002080,210512.94,6888.18,29385.8,188015.32,NPR
2026-01-26,ACC0000002081,132837.26,0.0,75675.49,57161.77,NPR
2026-01-26,ACC0000002082,213109.49,0.0,41874.27,171235.22,NPR
2026-01-26,ACC0000002083,162910.4,32214.03,43513.71,151610.72,NPR
2026-01-26,ACC0000002084,399841.9,66581.5,4902.51,461520.89,NPR
2026-01-26,ACC0000002085,420597.02,0.0,94000.98,326596.04,NPR
2026-01-26,ACC0000002086,38412.04,17791.2,76229.34,-20026.1,NPR
2026-01-26,ACC0000002087,373878.44,0.0,22708.5,351169.94,NPR
2026-01-26,ACC0000002088,486964.72,0.0,55138.07,431826.65,NPR
2026-01-26,ACC0000002089,277455.76,0.0,38436.61,239019.15,NPR
2026-01-26,ACC0000002090,427175.79,38164.1,57496.26,407843.63,NPR
2026-01-26,ACC0000002091,378038.31,0.0,22148.65,355889.66,NPR
2026-01-26,ACC0000002092,26699.57,56183.13,50886.88,31995.82,NPR
2026-01-26,ACC0000002093,153031.27,41110.09,0.0,194141.36,NPR
2026-01-26,ACC0000002094,311941.36,37442.39,122635.2,226748.55,NPR
2026-01-26,ACC0000002095,107445.4,0.0,46363.15,61082.25,NPR
2026-01-26,ACC0000002096,276467.69,34529.93,80417.82,230579.8,NPR
2026-01-26,ACC0000002097,492549.79,0.0,0.0,492549.79,NPR
2026-01-26,ACC0000002098,179750.81,0.0,0.0,179750.81,NPR
2026-01-26,ACC0000002099,39461.28,17454.1,46445.17,10470.21,NPR
2026-01-26,ACC0000002100,328104.85,0.0,119075.68,209029.17,NPR
2026-01-26,ACC0000002101,96865.2,0.0,149399.17,-52533.97,NPR
2026-01-26,ACC0000002102,84150.31,0.0,25325.12,58825.19,NPR
2026-01-26,ACC0000002103,498516.01,0.0,30897.21,467618.8,NPR
2026-01-26,ACC0000002104,25914.7,0.0,85784.94,-59870.24,NPR
2026-01-26,ACC0000002105,382609.96,59158.48,71697.44,370071.0,NPR
2026-01-26,ACC0000002106,409609.88,18198.89,0.0,427808.77,NPR
2026-01-26,ACC0000002107,170927.72,43089.96,4247.27,209770.41,NPR
2026-01-26,ACC0000002108,21779.98,0.0,53345.49,-31565.51,NPR
2026-01-26,ACC0000002109,360633.07,0.0,0.0,360633.07,NPR
2026-01-26,ACC0000002110,119355.0,16363.81,87632.0,48086.81,NPR
2026-01-26,ACC0000002111,450791.49,0.0,45982.66,404808.83,NPR
2026-01-26,ACC0000002112,94303.4,0.0,63995.03,30308.37,NPR
2026-01-26,ACC0000002113,297589.45,0.0,6302.42,291287.03,NPR
2026-01-26,ACC0000002114,484725.41,0.0,0.0,484725.41,NPR
2026-01-26,ACC0000002115,436146.02,0.0,0.0,436146.02,NPR
2026-01-26,ACC0000002116,205180.35,0.0,0.0,205180.35,NPR
2026-01-26,ACC0000002117,16283.86,49795.81,75172.37,-9092.7,NPR
2026-01-26,ACC0000002118,461341.12,0.0,90069.11,371272.01,NPR
2026-01-26,ACC0000002119,442634.99,0.0,122452.09,320182.9,NPR
2026-01-26,ACC0000002120,452886.54,38527.34,32486.64,458927.24,NPR
2026-01-26,ACC0000002121,278872.07,27694.41,34019.77,272546.71,NPR
2026-01-26,ACC0000002122,308644.21,21910.08,28994.37,301559.92,NPR
2026-01-26,ACC0000002123,201105.47,32041.07,38181.09,194965.45,NPR
2026-01-26,ACC0000002124,49430.84,22420.99,30509.22,41342.61,NPR
2026-01-26,ACC0000002125,112874.4,0.0,0.0,112874.4,NPR
2026-01-26,ACC0000002126,349267.21,10658.07,0.0,359925.28,NPR
2026-01-26,ACC0000002127,340611.31,0.0,103492.11,237119.2,NPR
2026-01-26,ACC0000002128,91228.73,0.0,31596.18,59632.55,NPR
2026-01-26,ACC0000002129,339186.7,26101.62,99123.82,266164.5,NPR
2026-01-26,ACC0000002130,472207.67,54441.48,76173.16,450475.99,NPR
2026-01-26,ACC0000002131,27412.91,36112.42,41748.37,21776.96,NPR
2026-01-26,ACC0000002132,146055.57,0.0,73896.42,72159.15,NPR
2026-01-26,ACC0000002133,79459.13,0.0,0.0,79459.13,NPR
2026-01-26,ACC0000002134,97949.49,0.0,0.0,97949.49,NPR
2026-01-26,ACC0000002135,5789.87,0.0,22403.96,-16614.09,NPR
2026-01-26,ACC0000002136,209480.23,83367.24,76391.64,216455.83,NPR
2026-01-26,ACC0000002137,152468.45,0.0,31265.95,121202.5,NPR
2026-01-26,ACC0000002138,266841.58,0.0,40584.41,226257.17,NPR
2026-01-26,ACC0000002139,77343.88,31973.18,83110.24,26206.82,NPR
2026-01-26,ACC0000002140,478740.85,23052.33,36394.74,465398.44,NPR
2026-01-26,ACC0000002141,114615.36,61253.61,44583.9,131285.07,NPR
2026-01-26,ACC0000002142,350534.49,0.0,13803.85,336730.64,NPR
2026-01-26,ACC0000002143,270213.51,5046.39,33410.46,241849.44,NPR
2026-01-26,ACC0000002144,319544.46,0.0,72426.67,247117.79,NPR
2026-01-26,ACC0000002145,386540.43,50953.49,42475.4,395018.52,NPR
2026-01-26,ACC0000002146,423005.58,49683.76,2073.21,470616.13,NPR
2026-01-26,ACC0000002147,60561.1,0.0,0.0,60561.1,NPR
2026-01-26,ACC0000002148,422856.27,0.0,0.0,422856.27,NPR
2026-01-26,ACC0000002149,380409.31,0.0,49022.0,331387.31,NPR
2026-01-26,ACC0000002150,233974.2,0.0,0.0,233974.2,NPR
2026-01-26,ACC0000002151,48524.54,32333.03,125456.11,-44598.54,NPR
2026-01-26,ACC0000002152,118511.3,0.0,40053.7,78457.6,NPR
2026-01-26,ACC0000002153,43724.53,0.0,91421.63,-47697.1,NPR
2026-01-26,ACC0000002154,396410.35,58069.11,8338.25,446141.21,NPR
2026-01-26,ACC0000002155,157818.52,17334.96,100077.51,75075.97,NPR
2026-01-26,ACC0000002156,338607.55,0.0,36960.74,301646.81,NPR
2026-01-26,ACC0000002157,377752.98,21912.95,0.0,399665.93,NPR
2026-01-26,ACC0000002158,96091.29,0.0,1642.45,94448.84,NPR
2026-01-26,ACC0000002159,31394.63,0.0,44683.25,-13288.62,NPR
2026-01-26,ACC0000002160,150348.67,0.0,140773.19,9575.48,NPR
2026-01-26,ACC0000002161,424639.97,0.0,0.0,424639.97,NPR
2026-01-26,ACC0000002162,463693.01,71068.34,85451.1,449310.25,NPR
2026-01-26,ACC0000002163,169750.47,0.0,44349.1,125401.37,NPR
2026-01-26,ACC0000002164,432406.5,35660.38,21151.41,446915.47,NPR
2026-01-26,ACC0000002165,25029.16,0.0,33459.38,-8430.22,NPR
2026-01-26,ACC0000002166,187099.81,32068.63,105790.52,113377.92,NPR
2026-01-26,ACC0000002167,296704.45,0.0,13235.97,283468.48,NPR
2026-01-26,ACC0000002168,75384.59,0.0,44195.97,31188.62,NPR
2026-01-26,ACC0000002169,158279.72,0.0,35175.29,123104.43,NPR
2026-01-26,ACC0000002170,485863.82,0.0,0.0,485863.82,NPR
2026-01-26,ACC0000002171,268545.32,0.0,48572.71,219972.61,NPR
2026-01-26,ACC0000002172,50912.45,0.0,46574.07,4338.38,NPR
2026-01-26,ACC0000002173,377612.15,0.0,0.0,377612.15,NPR
2026-01-26,ACC0000002174,481865.9,40336.59,75869.23,446333.26,NPR
2026-01-26,ACC0000002175,325996.77,21160.86,0.0,347157.63,NPR
2026-01-26,ACC0000002176,96903.0,0.0,102334.57,-5431.57,NPR
2026-01-26,ACC0000002177,63081.71,0.0,90229.94,-27148.23,NPR
2026-01-26,ACC0000002178,423996.54,0.0,43830.52,380166.02,NPR
2026-01-26,ACC0000002179,146667.95,0.0,69594.15,77073.8,NPR
2026-01-26,ACC0000002180,408793.64,0.0,0.0,408793.64,NPR
2026-01-26,ACC0000002181,200498.29,3279.07,8685.94,195091.42,NPR
2026-01-26,ACC0000002182,426528.41,42723.75,27645.44,441606.72,NPR
2026-01-26,ACC0000002183,136916.9,0.0,15548.77,121368.13,NPR
2026-01-26,ACC0000002184,476479.63,0.0,0.0,476479.63,NPR
2026-01-26,ACC0000002185,77658.82,0.0,0.0,77658.82,NPR
2026-01-26,ACC0000002186,244186.28,0.0,113296.16,130890.12,NPR
2026-01-26,ACC0000002187,78072.76,0.0,0.0,78072.76,NPR
2026-01-26,ACC0000002188,175824.62,0.0,16396.21,159428.41,NPR
2026-01-26,ACC0000002189,69787.24,24382.91,97629.86,-3459.71,NPR
2026-01-26,ACC0000002190,139117.36,36817.16,39724.98,136209.54,NPR
2026-01-26,ACC0000002191,155863.27,0.0,16415.79,139447.48,NPR
2026-01-26,ACC0000002192,83541.09,0.0,34216.56,49324.53,NPR
2026-01-26,ACC0000002193,120251.71,46953.64,30374.82,136830.53,NPR
2026-01-26,ACC0000002194,294976.31,0.0,0.0,294976.31,NPR
2026-01-26,ACC0000002195,65006.19,0.0,3364.55,61641.64,NPR
2026-01-26,ACC0000002196,405304.31,35038.09,120252.43,320089.97,NPR
2026-01-26,ACC0000002197,479990.31,34140.41,852.49,513278.23,NPR
2026-01-26,ACC0000002198,257606.82,42410.25,36081.14,263935.93,NPR
2026-01-26,ACC0000002199,223141.54,0.0,27445.18,195696.36,NPR
2026-01-26,ACC0000002200,59348.62,0.0,0.0,59348.62,NPR
2026-01-26,ACC0000002201,120388.18,0.0,0.0,120388.18,NPR
2026-01-26,ACC0000002202,403996.0,38064.12,127347.74,314712.38,NPR
2026-01-26,ACC0000002203,130118.42,0.0,0.0,130118.42,NPR
2026-01-26,ACC0000002204,298984.56,0.0,24579.97,274404.59,NPR
2026-01-26,ACC0000002205,329719.8,0.0,49707.31,280012.49,NPR
2026-01-26,ACC0000002206,427328.92,0.0,50549.01,376779.91,NPR
2026-01-26,ACC0000002207,35904.98,0.0,134650.22,-98745.24,NPR
2026-01-26,ACC0000002208,461831.07,0.0,47254.26,414576.81,NPR
2026-01-26,ACC0000002209,1671.86,0.0,0.0,1671.86,NPR
2026-01-26,ACC0000002210,367487.7,0.0,0.0,367487.7,NPR
2026-01-26,ACC0000002211,47960.21,0.0,20263.49,27696.72,NPR
2026-01-26,ACC0000002212,74209.0,0.0,72541.23,1667.77,NPR
2026-01-26,ACC0000002213,356503.58,0.0,52683.22,303820.36,NPR
2026-01-26,ACC0000002214,431381.84,0.0,165259.67,266122.17,NPR
2026-01-26,ACC0000002215,39402.6,31528.5,67452.22,3478.88,NPR
2026-01-26,ACC0000002216,231660.35,0.0,0.0,231660.35,NPR
2026-01-26,ACC0000002217,197634.26,0.0,3952.2,193682.06,NPR
2026-01-26,ACC0000002218,321029.15,0.0,31270.49,289758.66,NPR
2026-01-26,ACC0000002219,420690.59,0.0,0.0,420690.59,NPR
2026-01-26,ACC0000002220,429964.58,0.0,28036.81,401927.77,NPR
2026-01-26,ACC0000002221,31136.59,35910.24,41045.56,26001.27,NPR
2026-01-26,ACC0000002222,334169.43,9846.0,48724.96,295290.47,NPR
2026-01-26,ACC0000002223,22705.48,0.0,42390.92,-19685.44,NPR
2026-01-26,ACC0000002224,10078.89,0.0,56633.42,-46554.53,NPR
2026-01-26,ACC0000002225,71172.11,0.0,21490.89,49681.22,NPR
2026-01-26,ACC0000002226,39433.74,81992.43,79039.01,42387.16,NPR
2026-01-26,ACC0000002227,437816.54,0.0,55903.96,381912.58,NPR
2026-01-26,ACC0000002228,66632.99,0.0,64348.04,2284.95,NPR
2026-01-26,ACC0000002229,67095.56,26337.08,101991.11,-8558.47,NPR
2026-01-26,ACC0000002230,406133.41,0.0,90222.33,315911.08,NPR
2026-01-26,ACC0000002231,155620.27,0.0,61024.13,94596.14,NPR
2026-01-26,ACC0000002232,43857.5,0.0,33117.87,10739.63,NPR
2026-01-26,ACC0000002233,86472.61,0.0,87279.51,-806.9,NPR
2026-01-26,ACC0000002234,321708.76,20722.4,57535.58,284895.58,NPR
2026-01-26,ACC0000002235,488481.96,0.0,10584.35,477897.61,NPR
2026-01-26,ACC0000002236,488627.23,0.0,12838.78,475788.45,NPR
2026-01-26,ACC0000002237,140668.11,57943.45,45216.17,153395.39,NPR
2026-01-26,ACC0000002238,186514.17,47733.48,85547.91,148699.74,NPR
2026-01-26,ACC0000002239,366642.76,0.0,71760.28,294882.48,NPR
2026-01-26,ACC0000002240,484100.47,0.0,84611.91,399488.56,NPR
2026-01-26,ACC0000002241,54454.92,0.0,53377.88,1077.04,NPR
2026-01-26,ACC0000002242,139526.72,0.0,103474.92,36051.8,NPR
2026-01-26,ACC0000002243,320606.59,0.0,73404.59,247202.0,NPR
2026-01-26,ACC0000002244,285577.05,23747.48,74569.52,234755.01,NPR
2026-01-26,ACC0000002245,475841.92,0.0,123275.96,352565.96,NPR
2026-01-26,ACC0000002246,229688.75,0.0,45610.34,184078.41,NPR
2026-01-26,ACC0000002247,130018.07,0.0,179270.95,-49252.88,NPR
2026-01-26,ACC0000002248,482017.75,9417.74,45668.1,445767.39,NPR
2026-01-26,ACC0000002249,233948.55,0.0,29057.46,204891.09,NPR
2026-01-26,ACC0000002250,47828.05,0.0,38654.12,9173.93,NPR
2026-01-26,ACC0000002251,127451.84,22875.59,22205.21,128122.22,NPR
2026-01-26,ACC0000002252,161995.2,14815.27,38928.78,137881.69,NPR
2026-01-26,ACC0000002253,222597.03,32096.54,66588.62,188104.95,NPR
2026-01-26,ACC0000002254,202470.69,0.0,0.0,202470.69,NPR
2026-01-26,ACC0000002255,309056.39,0.0,0.0,309056.39,NPR
2026-01-26,ACC0000002256,498050.73,1351.75,106867.18,392535.3,NPR
2026-01-26,ACC0000002257,169930.07,0.0,36488.4,133441.67,NPR
2026-01-26,ACC0000002258,116780.97,11853.77,32581.96,96052.78,NPR
2026-01-26,ACC0000002259,64173.05,6712.68,50648.92,20236.81,NPR
2026-01-26,ACC0000002260,113494.97,55342.44,77301.63,91535.78,NPR
2026-01-26,ACC0000002261,478700.17,0.0,88200.58,390499.59,NPR
2026-01-26,ACC0000002262,493943.32,22530.63,0.0,516473.95,NPR
2026-01-26,ACC0000002263,48006.57,66002.34,40210.78,73798.13,NPR
2026-01-26,ACC0000002264,404040.27,15044.42,78946.5,340138.19,NPR
2026-01-26,ACC0000002265,308883.62,29706.6,27615.67,310974.55,NPR
2026-01-26,ACC0000002266,159757.33,0.0,0.0,159757.33,NPR
2026-01-26,ACC0000002267,145566.42,0.0,131877.97,13688.45,NPR
2026-01-26,ACC0000002268,100261.41,0.0,32395.61,67865.8,NPR
2026-01-26,ACC0000002269,41789.12,0.0,54088.28,-12299.16,NPR
2026-01-26,ACC0000002270,157724.95,0.0,0.0,157724.95,NPR
2026-01-26,ACC0000002271,446087.28,0.0,87535.66,358551.62,NPR
2026-01-26,ACC0000002272,215655.41,0.0,0.0,215655.41,NPR
2026-01-26,ACC0000002273,198019.46,48993.97,26964.55,220048.88,NPR
2026-01-26,ACC0000002274,55443.47,15925.75,37221.09,34148.13,NPR
2026-01-26,ACC0000002275,65886.81,0.0,30666.47,35220.34,NPR
2026-01-26,ACC0000002276,402141.77,0.0,0.0,402141.77,NPR
2026-01-26,ACC0000002277,479677.42,0.0,1536.79,478140.63,NPR
2026-01-26,ACC0000002278,291350.09,0.0,41349.69,250000.4,NPR
2026-01-26,ACC0000002279,363882.96,0.0,89691.49,274191.47,NPR
2026-01-26,ACC0000002280,302293.6,10825.83,1861.09,311258.34,NPR
2026-01-26,ACC0000002281,238377.03,0.0,103540.9,134836.13,NPR
2026-01-26,ACC0000002282,477529.65,0.0,0.0,477529.65,NPR
2026-01-26,ACC0000002283,242099.48,23811.76,0.0,265911.24,NPR
2026-01-26,ACC0000002284,485520.43,0.0,103175.47,382344.96,NPR
2026-01-26,ACC0000002285,435858.77,0.0,0.0,435858.77,NPR
2026-01-26,ACC0000002286,435012.54,0.0,191584.89,243427.65,NPR
2026-01-26,ACC0000002287,399507.18,15447.09,91813.1,323141.17,NPR
2026-01-26,ACC0000002288,14408.89,0.0,0.0,14408.89,NPR
2026-01-26,ACC0000002289,182225.27,0.0,45187.57,137037.7,NPR
2026-01-26,ACC0000002290,477037.47,0.0,93234.66,383802.81,NPR
2026-01-26,ACC0000002291,140783.15,0.0,28097.92,112685.23,NPR
2026-01-26,ACC0000002292,179997.69,0.0,65452.25,114545.44,NPR
2026-01-26,ACC0000002293,324190.81,0.0,47113.62,277077.19,NPR
2026-01-26,ACC0000002294,270725.02,49224.44,25493.45,294456.01,NPR
2026-01-26,ACC0000002295,44691.93,0.0,121782.73,-77090.8,NPR
2026-01-26,ACC0000002296,375811.79,0.0,33249.81,342561.98,NPR
2026-01-26,ACC0000002297,462311.45,28212.02,35870.5,454652.97,NPR
2026-01-26,ACC0000002298,431632.12,29091.9,46189.39,414534.63,NPR
2026-01-26,ACC0000002299,437220.95,0.0,12640.26,424580.69,NPR
2026-01-26,ACC0000002300,92796.48,0.0,47425.42,45371.06,NPR
2026-01-26,ACC0000002301,36178.26,0.0,0.0,36178.26,NPR
2026-01-26,ACC0000002302,360053.64,0.0,78720.67,281332.97,NPR
2026-01-26,ACC0000002303,18674.66,45567.23,43199.96,21041.93,NPR
2026-01-26,ACC0000002304,204148.27,23205.95,60852.81,166501.41,NPR
2026-01-26,ACC0000002305,258202.18,12598.71,0.0,270800.89,NPR
2026-01-26,ACC0000002306,54844.39,37238.42,0.0,92082.81,NPR
2026-01-26,ACC0000002307,134343.0,34164.91,15208.39,153299.52,NPR
2026-01-26,ACC0000002308,450028.06,0.0,0.0,450028.06,NPR
2026-01-26,ACC0000002309,296227.67,0.0,0.0,296227.67,NPR
2026-01-26,ACC0000002310,60611.99,0.0,133512.97,-72900.98,NPR
2026-01-26,ACC0000002311,396688.26,65515.49,17639.31,444564.44,NPR
2026-01-26,ACC0000002312,29232.03,0.0,45112.95,-15880.92,NPR
2026-01-26,ACC0000002313,102495.43,0.0,40487.49,62007.94,NPR
2026-01-26,ACC0000002314,127248.44,0.0,58684.87,68563.57,NPR
2026-01-26,ACC0000002315,21697.92,31952.87,37401.96,16248.83,NPR
2026-01-26,ACC0000002316,398655.0,36361.63,43621.32,391395.31,NPR
2026-01-26,ACC0000002317,81204.82,0.0,55631.93,25572.89,NPR
2026-01-26,ACC0000002318,196325.0,0.0,0.0,196325.0,NPR
2026-01-26,ACC0000002319,274696.6,0.0,42805.66,231890.94,NPR
2026-01-26,ACC0000002320,277098.93,38758.48,83998.78,231858.63,NPR
2026-01-26,ACC0000002321,40665.79,59153.22,45074.61,54744.4,NPR
2026-01-26,ACC0000002322,225837.0,48582.36,120277.86,154141.5,NPR
2026-01-26,ACC0000002323,50390.83,0.0,69546.99,-19156.16,NPR
2026-01-26,ACC0000002324,376056.83,0.0,0.0,376056.83,NPR
2026-01-26,ACC0000002325,190149.95,1931.58,23204.86,168876.67,NPR
2026-01-26,ACC0000002326,360831.63,0.0,0.0,360831.63,NPR
2026-01-26,ACC0000002327,485834.55,137955.82,23629.03,600161.34,NPR
2026-01-26,ACC0000002328,215600.84,0.0,0.0,215600.84,NPR
2026-01-26,ACC0000002329,25961.17,0.0,37917.54,-11956.37,NPR
2026-01-26,ACC0000002330,103990.38,25505.77,197982.33,-68486.18,NPR
2026-01-26,ACC0000002331,255838.37,0.0,0.0,255838.37,NPR
2026-01-26,ACC0000002332,436886.15,0.0,37568.75,399317.4,NPR
2026-01-26,ACC0000002333,101140.48,37301.16,118037.08,20404.56,NPR
2026-01-26,ACC0000002334,432812.87,22498.25,58600.74,396710.38,NPR
2026-01-26,ACC0000002335,72911.17,0.0,47738.41,25172.76,NPR
2026-01-26,ACC0000002336,337280.73,0.0,66065.65,271215.08,NPR
2026-01-26,ACC0000002337,245836.08,0.0,27165.9,218670.18,NPR
2026-01-26,ACC0000002338,249680.06,0.0,126084.3,123595.76,NPR
2026-01-26,ACC0000002339,204657.51,26428.64,81124.42,149961.73,NPR
2026-01-26,ACC0000002340,157691.68,41218.88,14342.91,184567.65,NPR
2026-01-26,ACC0000002341,172825.95,31167.58,91179.96,112813.57,NPR
2026-01-26,ACC0000002342,81482.84,0.0,45173.36,36309.48,NPR
2026-01-26,ACC0000002343,30883.85,0.0,27447.02,3436.83,NPR
2026-01-26,ACC0000002344,316687.24,0.0,20976.14,295711.1,NPR
2026-01-26,ACC0000002345,480925.89,47116.82,0.0,528042.71,NPR
2026-01-26,ACC0000002346,411279.83,35114.5,0.0,446394.33,NPR
2026-01-26,ACC0000002347,202142.67,0.0,68131.58,134011.09,NPR
2026-01-26,ACC0000002348,169944.87,0.0,2166.13,167778.74,NPR
2026-01-26,ACC0000002349,45144.36,0.0,32857.34,12287.02,NPR
2026-01-26,ACC0000002350,460256.49,0.0,19837.68,440418.81,NPR
2026-01-26,ACC0000002351,310874.28,0.0,135523.5,175350.78,NPR
2026-01-26,ACC0000002352,319834.16,19732.68,2821.01,336745.83,NPR
2026-01-26,ACC0000002353,337671.42,0.0,4984.39,332687.03,NPR
2026-01-26,ACC0000002354,414434.94,45500.73,43389.84,416545.83,NPR
2026-01-26,ACC0000002355,24667.18,0.0,11721.66,12945.52,NPR
2026-01-26,ACC0000002356,128155.53,0.0,0.0,128155.53,NPR
2026-01-26,ACC0000002357,114864.15,0.0,66150.25,48713.9,NPR
2026-01-26,ACC0000002358,25447.59,0.0,28071.95,-2624.36,NPR
2026-01-26,ACC0000002359,314412.67,0.0,19960.58,294452.09,NPR
2026-01-26,ACC0000002360,422896.85,0.0,75586.64,347310.21,NPR
2026-01-26,ACC0000002361,151906.66,34366.67,408.14,185865.19,NPR
2026-01-26,ACC0000002362,483722.06,0.0,198.87,483523.19,NPR
2026-01-26,ACC0000002363,76921.03,0.0,32609.3,44311.73,NPR
2026-01-26,ACC0000002364,435306.27,0.0,48804.73,386501.54,NPR
2026-01-26,ACC0000002365,368742.75,0.0,67903.4,300839.35,NPR
2026-01-26,ACC0000002366,470973.75,0.0,37566.28,433407.47,NPR
2026-01-26,ACC0000002367,252417.21,0.0,0.0,252417.21,NPR
2026-01-26,ACC0000002368,439200.52,0.0,38928.11,400272.41,NPR
2026-01-26,ACC0000002369,147644.11,35922.37,18677.19,164889.29,NPR
2026-01-26,ACC0000002370,360264.89,0.0,0.0,360264.89,NPR
2026-01-26,ACC0000002371,385194.72,2258.19,0.0,387452.91,NPR
2026-01-26,ACC0000002372,454454.5,0.0,0.0,454454.5,NPR
2026-01-26,ACC0000002373,144064.77,0.0,145234.19,-1169.42,NPR
2026-01-26,ACC0000002374,207523.08,23865.42,137918.61,93469.89,NPR
2026-01-26,ACC0000002375,111687.54,0.0,0.0,111687.54,NPR
2026-01-26,ACC0000002376,13765.79,0.0,102217.89,-88452.1,NPR
2026-01-26,ACC0000002377,150310.11,43275.92,0.0,193586.03,NPR
2026-01-26,ACC0000002378,324877.62,36198.66,0.0,361076.28,NPR
2026-01-26,ACC0000002379,340840.51,70883.68,46703.06,365021.13,NPR
2026-01-26,ACC0000002380,457816.45,0.0,0.0,457816.45,NPR
2026-01-26,ACC0000002381,423968.7,0.0,9257.69,414711.01,NPR
2026-01-26,ACC0000002382,62427.98,0.0,21022.34,41405.64,NPR
2026-01-26,ACC0000002383,229002.83,0.0,0.0,229002.83,NPR
2026-01-26,ACC0000002384,170515.82,8486.73,7847.43,171155.12,NPR
2026-01-26,ACC0000002385,362869.85,0.0,88073.52,274796.33,NPR
2026-01-26,ACC0000002386,415806.67,25675.3,89679.03,351802.94,NPR
2026-01-26,ACC0000002387,139322.16,0.0,30124.43,109197.73,NPR
2026-01-26,ACC0000002388,52040.78,43472.03,89923.82,5588.99,NPR
2026-01-26,ACC0000002389,496209.93,0.0,0.0,496209.93,NPR
2026-01-26,ACC0000002390,220691.57,0.0,57979.11,162712.46,NPR
2026-01-26,ACC0000002391,487752.43,0.0,0.0,487752.43,NPR
2026-01-26,ACC0000002392,259012.84,7987.3,123910.86,143089.28,NPR
2026-01-26,ACC0000002393,98886.21,38377.73,83553.64,53710.3,NPR
2026-01-26,ACC0000002394,192906.28,0.0,0.0,192906.28,NPR
2026-01-26,ACC0000002395,192499.38,47577.38,40753.03,199323.73,NPR
2026-01-26,ACC0000002396,145688.38,0.0,182617.92,-36929.54,NPR
2026-01-26,ACC0000002397,305368.38,0.0,24780.44,280587.94,NPR
2026-01-26,ACC0000002398,268523.95,0.0,0.0,268523.95,NPR
2026-01-26,ACC0000002399,124571.63,0.0,70504.99,54066.64,NPR
2026-01-26,ACC0000002400,345080.69,0.0,11334.37,333746.32,NPR
2026-01-26,ACC0000002401,68038.04,48448.95,78611.26,37875.73,NPR
2026-01-26,ACC0000002402,92800.17,32700.63,42044.33,83456.47,NPR
2026-01-26,ACC0000002403,131956.79,0.0,0.0,131956.79,NPR
2026-01-26,ACC0000002404,239335.32,13114.63,32571.09,219878.86,NPR
2026-01-26,ACC0000002405,435850.44,43512.72,47560.73,431802.43,NPR
2026-01-26,ACC0000002406,207675.05,0.0,60331.43,147343.62,NPR
2026-01-26,ACC0000002407,450944.43,66010.56,12931.03,504023.96,NPR
2026-01-26,ACC0000002408,199054.08,0.0,24469.43,174584.65,NPR
2026-01-26,ACC0000002409,47008.55,0.0,111432.61,-64424.06,NPR
2026-01-26,ACC0000002410,304413.91,17368.24,17961.76,303820.39,NPR
2026-01-26,ACC0000002411,211356.62,40499.58,86731.81,165124.39,NPR
2026-01-26,ACC0000002412,386515.0,0.0,28433.78,358081.22,NPR
2026-01-26,ACC0000002413,349495.67,30635.16,134365.57,245765.26,NPR
2026-01-26,ACC0000002414,299779.99,5375.64,86252.34,218903.29,NPR
2026-01-26,ACC0000002415,302698.57,0.0,22259.17,280439.4,NPR
2026-01-26,ACC0000002416,91794.03,0.0,48202.34,43591.69,NPR
2026-01-26,ACC0000002417,86340.44,0.0,0.0,86340.44,NPR
2026-01-26,ACC0000002418,380523.04,4071.86,146754.57,237840.33,NPR
2026-01-26,ACC0000002419,164217.07,13231.52,78666.22,98782.37,NPR
2026-01-26,ACC0000002420,487599.13,38927.35,98274.54,428251.94,NPR
2026-01-26,ACC0000002421,152443.79,18207.4,62529.96,108121.23,NPR
2026-01-26,ACC0000002422,8931.32,0.0,0.0,8931.32,NPR
2026-01-26,ACC0000002423,228256.56,0.0,47133.44,181123.12,NPR
2026-01-26,ACC0000002424,84590.34,0.0,29393.45,55196.89,NPR
2026-01-26,ACC0000002425,15547.71,0.0,33613.11,-18065.4,NPR
2026-01-26,ACC0000002426,241717.86,0.0,21295.5,220422.36,NPR
2026-01-26,ACC0000002427,479729.05,11709.78,64669.97,426768.86,NPR
2026-01-26,ACC0000002428,124967.53,8596.04,19143.74,114419.83,NPR
2026-01-26,ACC0000002429,67224.23,0.0,0.0,67224.23,NPR
2026-01-26,ACC0000002430,492981.31,73336.95,53602.88,512715.38,NPR
2026-01-26,ACC0000002431,13249.67,0.0,0.0,13249.67,NPR
2026-01-26,ACC0000002432,381630.3,0.0,20894.92,360735.38,NPR
2026-01-26,ACC0000002433,387937.3,0.0,0.0,387937.3,NPR
2026-01-26,ACC0000002434,330629.12,40109.16,91533.05,279205.23,NPR
2026-01-26,ACC0000002435,439298.58,10686.03,44042.64,405941.97,NPR
2026-01-26,ACC0000002436,41847.19,0.0,101936.22,-60089.03,NPR
2026-01-26,ACC0000002437,397036.75,17204.09,51760.22,362480.62,NPR
2026-01-26,ACC0000002438,27648.0,0.0,0.0,27648.0,NPR
2026-01-26,ACC0000002439,346214.19,0.0,55145.38,291068.81,NPR
2026-01-26,ACC0000002440,46644.27,0.0,22644.36,23999.91,NPR
2026-01-26,ACC0000002441,432174.78,28980.54,40643.07,420512.25,NPR
2026-01-26,ACC0000002442,166597.48,3477.96,98584.33,71491.11,NPR
2026-01-26,ACC0000002443,346460.87,0.0,9568.13,336892.74,NPR
2026-01-26,ACC0000002444,290727.6,37743.19,24153.71,304317.08,NPR
2026-01-26,ACC0000002445,83326.49,0.0,0.0,83326.49,NPR
2026-01-26,ACC0000002446,237132.09,46031.24,0.0,283163.33,NPR
2026-01-26,ACC0000002447,34599.09,0.0,0.0,34599.09,NPR
2026-01-26,ACC0000002448,53888.24,0.0,0.0,53888.24,NPR
2026-01-26,ACC0000002449,295941.95,19456.46,30721.5,284676.91,NPR
2026-01-26,ACC0000002450,247169.08,0.0,6135.47,241033.61,NPR
2026-01-26,ACC0000002451,105141.26,25429.75,0.0,130571.01,NPR
2026-01-26,ACC0000002452,441381.53,13797.12,19243.82,435934.83,NPR
2026-01-26,ACC0000002453,37180.74,0.0,128187.79,-91007.05,NPR
2026-01-26,ACC0000002454,250732.94,0.0,18767.83,231965.11,NPR
2026-01-26,ACC0000002455,270037.56,0.0,0.0,270037.56,NPR
2026-01-26,ACC0000002456,17978.64,44642.54,142211.48,-79590.3,NPR
2026-01-26,ACC0000002457,50980.05,19245.54,32677.21,37548.38,NPR
2026-01-26,ACC0000002458,470832.24,0.0,45144.88,425687.36,NPR
2026-01-26,ACC0000002459,409248.28,21818.96,25984.25,405082.99,NPR
2026-01-26,ACC0000002460,274794.22,35499.86,0.0,310294.08,NPR
2026-01-26,ACC0000002461,311364.21,19635.45,24729.84,306269.82,NPR
2026-01-26,ACC0000002462,41582.19,25910.19,39945.54,27546.84,NPR
2026-01-26,ACC0000002463,134593.37,0.0,20579.28,114014.09,NPR
2026-01-26,ACC0000002464,420450.22,17832.95,27206.21,411076.96,NPR
2026-01-26,ACC0000002465,2482.43,48332.56,94586.58,-43771.59,NPR
2026-01-26,ACC0000002466,424419.65,24475.27,53360.38,395534.54,NPR
2026-01-26,ACC0000002467,401263.48,4558.86,75520.3,330302.04,NPR
2026-01-26,ACC0000002468,152679.99,0.0,17797.14,134882.85,NPR
2026-01-26,ACC0000002469,347747.3,0.0,41764.47,305982.83,NPR
2026-01-26,ACC0000002470,92959.93,0.0,67380.24,25579.69,NPR
2026-01-26,ACC0000002471,142031.09,0.0,55325.01,86706.08,NPR
2026-01-26,ACC0000002472,60990.48,0.0,16361.42,44629.06,NPR
2026-01-26,ACC0000002473,413613.53,0.0,71713.56,341899.97,NPR
2026-01-26,ACC0000002474,147419.11,0.0,95005.99,52413.12,NPR
2026-01-26,ACC0000002475,132641.24,0.0,8405.39,124235.85,NPR
2026-01-26,ACC0000002476,424186.06,0.0,10992.66,413193.4,NPR
2026-01-26,ACC0000002477,253956.35,0.0,0.0,253956.35,NPR
2026-01-26,ACC0000002478,75087.3,7655.32,26645.09,56097.53,NPR
2026-01-26,ACC0000002479,13582.47,0.0,0.0,13582.47,NPR
2026-01-26,ACC0000002480,127736.21,20538.25,70883.96,77390.5,NPR
2026-01-26,ACC0000002481,412264.49,243.64,0.0,412508.13,NPR
2026-01-26,ACC0000002482,277309.37,0.0,81157.22,196152.15,NPR
2026-01-26,ACC0000002483,316319.36,0.0,74722.58,241596.78,NPR
2026-01-26,ACC0000002484,297035.33,15717.89,85700.99,227052.23,NPR
2026-01-26,ACC0000002485,122748.02,0.0,0.0,122748.02,NPR
2026-01-26,ACC0000002486,465090.71,0.0,73097.7,391993.01,NPR
2026-01-26,ACC0000002487,415068.65,0.0,90466.0,324602.65,NPR
2026-01-26,ACC0000002488,313001.8,0.0,127436.21,185565.59,NPR
2026-01-26,ACC0000002489,81582.05,72685.99,92837.54,61430.5,NPR
2026-01-26,ACC0000002490,272228.55,0.0,0.0,272228.55,NPR
2026-01-26,ACC0000002491,193107.7,27090.21,0.0,220197.91,NPR
2026-01-26,ACC0000002492,444880.32,0.0,48085.01,396795.31,NPR
2026-01-26,ACC0000002493,455586.56,28300.16,3990.6,479896.12,NPR
2026-01-26,ACC0000002494,487052.02,0.0,79715.84,407336.18,NPR
2026-01-26,ACC0000002495,1175.87,0.0,113812.82,-112636.95,NPR
2026-01-26,ACC0000002496,333823.16,47561.32,0.0,381384.48,NPR
2026-01-26,ACC0000002497,126951.08,6174.36,32540.48,100584.96,NPR
2026-01-26,ACC0000002498,247253.01,4582.93,30440.15,221395.79,NPR
2026-01-26,ACC0000002499,438813.54,48538.67,39071.01,448281.2,NPR
2026-01-26,ACC0000002500,220842.16,0.0,0.0,220842.16,NPR
2026-01-26,ACC0000002501,440995.61,2947.37,0.0,443942.98,NPR
2026-01-26,ACC0000002502,210478.05,0.0,29582.09,180895.96,NPR
2026-01-26,ACC0000002503,423536.09,40350.9,43243.33,420643.66,NPR
2026-01-26,ACC0000002504,303036.3,0.0,3879.1,299157.2,NPR
2026-01-26,ACC0000002505,232750.16,0.0,8205.58,224544.58,NPR
2026-01-26,ACC0000002506,208941.39,0.0,11994.63,196946.76,NPR
2026-01-26,ACC0000002507,55560.82,0.0,0.0,55560.82,NPR
2026-01-26,ACC0000002508,475366.18,44950.33,0.0,520316.51,NPR
2026-01-26,ACC0000002509,71118.27,7928.37,39246.93,39799.71,NPR
2026-01-26,ACC0000002510,239749.87,16037.4,9065.48,246721.79,NPR
2026-01-26,ACC0000002511,211322.38,47818.54,37369.48,221771.44,NPR
2026-01-26,ACC0000002512,307193.54,20043.79,82488.17,244749.16,NPR
2026-01-26,ACC0000002513,411060.8,9612.87,80762.5,339911.17,NPR
2026-01-26,ACC0000002514,58813.67,0.0,74751.17,-15937.5,NPR
2026-01-26,ACC0000002515,376155.4,16298.19,137336.68,255116.91,NPR
2026-01-26,ACC0000002516,103179.84,0.0,0.0,103179.84,NPR
2026-01-26,ACC0000002517,267615.52,0.0,204875.4,62740.12,NPR
2026-01-26,ACC0000002518,33802.05,0.0,0.0,33802.05,NPR
2026-01-26,ACC0000002519,1234.13,0.0,120081.55,-118847.42,NPR
2026-01-26,ACC0000002520,265384.14,31727.42,83973.57,213137.99,NPR
2026-01-26,ACC0000002521,89581.43,0.0,58623.78,30957.65,NPR
2026-01-26,ACC0000002522,216754.23,0.0,0.0,216754.23,NPR
2026-01-26,ACC0000002523,66525.1,0.0,28412.33,38112.77,NPR
2026-01-26,ACC0000002524,445706.7,96322.47,95859.55,446169.62,NPR
2026-01-26,ACC0000002525,393344.78,53658.99,31417.91,415585.86,NPR
2026-01-26,ACC0000002526,199875.3,0.0,0.0,199875.3,NPR
2026-01-26,ACC0000002527,420644.19,0.0,61507.31,359136.88,NPR
2026-01-26,ACC0000002528,56971.12,0.0,115550.04,-58578.92,NPR
2026-01-26,ACC0000002529,148261.07,9846.53,65343.31,92764.29,NPR
2026-01-26,ACC0000002530,86947.21,6881.93,40870.75,52958.39,NPR
2026-01-26,ACC0000002531,211438.33,0.0,24198.42,187239.91,NPR
2026-01-26,ACC0000002532,105157.07,25376.67,26405.32,104128.42,NPR
2026-01-26,ACC0000002533,409445.64,5384.19,34113.27,380716.56,NPR
2026-01-26,ACC0000002534,165043.97,0.0,42891.43,122152.54,NPR
2026-01-26,ACC0000002535,203316.85,0.0,0.0,203316.85,NPR
2026-01-26,ACC0000002536,30422.39,39170.57,19422.24,50170.72,NPR
2026-01-26,ACC0000002537,471653.84,19353.22,102163.76,388843.3,NPR
2026-01-26,ACC0000002538,226502.72,0.0,9648.28,216854.44,NPR
2026-01-26,ACC0000002539,335772.31,19062.74,118442.72,236392.33,NPR
2026-01-26,ACC0000002540,95089.09,34000.99,18628.56,110461.52,NPR
2026-01-26,ACC0000002541,477208.44,0.0,51859.37,425349.07,NPR
2026-01-26,ACC0000002542,231700.92,0.0,0.0,231700.92,NPR
2026-01-26,ACC0000002543,18014.05,19773.15,29371.71,8415.49,NPR
2026-01-26,ACC0000002544,106344.46,0.0,95007.1,11337.36,NPR
2026-01-26,ACC0000002545,56402.17,0.0,36468.23,19933.94,NPR
2026-01-26,ACC0000002546,267122.79,222.24,109901.06,157443.97,NPR
2026-01-26,ACC0000002547,183632.99,0.0,57535.76,126097.23,NPR
2026-01-26,ACC0000002548,433970.64,0.0,0.0,433970.64,NPR
2026-01-26,ACC0000002549,478522.55,27592.27,51640.38,454474.44,NPR
2026-01-26,ACC0000002550,313924.05,0.0,72595.97,241328.08,NPR
2026-01-26,ACC0000002551,324184.92,61162.47,49662.67,335684.72,NPR
2026-01-26,ACC0000002552,223649.76,7324.77,8724.86,222249.67,NPR
2026-01-26,ACC0000002553,89686.93,39542.31,10671.82,118557.42,NPR
2026-01-26,ACC0000002554,295648.12,3378.35,44123.96,254902.51,NPR
2026-01-26,ACC0000002555,216283.29,32648.37,19540.33,229391.33,NPR
2026-01-26,ACC0000002556,127747.96,0.0,44734.99,83012.97,NPR
2026-01-26,ACC0000002557,70673.98,0.0,45642.81,25031.17,NPR
2026-01-26,ACC0000002558,220827.21,0.0,81378.29,139448.92,NPR
2026-01-26,ACC0000002559,129887.16,0.0,53025.7,76861.46,NPR
2026-01-26,ACC0000002560,60667.14,0.0,70384.32,-9717.18,NPR
2026-01-26,ACC0000002561,391047.85,23728.63,58022.72,356753.76,NPR
2026-01-26,ACC0000002562,173427.79,39809.05,113183.67,100053.17,NPR
2026-01-26,ACC0000002563,404709.54,43431.74,79887.23,368254.05,NPR
2026-01-26,ACC0000002564,181857.83,0.0,34791.89,147065.94,NPR
2026-01-26,ACC0000002565,97165.95,14096.31,104881.59,6380.67,NPR
2026-01-26,ACC0000002566,37929.79,27519.36,0.0,65449.15,NPR
2026-01-26,ACC0000002567,389789.31,0.0,88631.88,301157.43,NPR
2026-01-26,ACC0000002568,342452.0,0.0,80864.51,261587.49,NPR
2026-01-26,ACC0000002569,187065.97,0.0,0.0,187065.97,NPR
2026-01-26,ACC0000002570,20953.8,2274.95,33140.56,-9911.81,NPR
2026-01-26,ACC0000002571,15787.81,0.0,0.0,15787.81,NPR
2026-01-26,ACC0000002572,402966.16,26907.29,54553.61,375319.84,NPR
2026-01-26,ACC0000002573,180506.49,8102.88,45431.31,143178.06,NPR
2026-01-26,ACC0000002574,268541.6,45274.18,43014.27,270801.51,NPR
2026-01-26,ACC0000002575,191397.46,32767.72,7599.26,216565.92,NPR
2026-01-26,ACC0000002576,376287.59,75701.3,46772.08,405216.81,NPR
2026-01-26,ACC0000002577,424530.13,0.0,0.0,424530.13,NPR
2026-01-26,ACC0000002578,398457.52,72138.53,179573.19,291022.86,NPR
2026-01-26,ACC0000002579,384552.67,0.0,82365.64,302187.03,NPR
2026-01-26,ACC0000002580,263845.57,0.0,69342.11,194503.46,NPR
2026-01-26,ACC0000002581,376513.62,34597.83,70098.99,341012.46,NPR
2026-01-26,ACC0000002582,41560.09,14479.26,47401.46,8637.89,NPR
2026-01-26,ACC0000002583,117103.91,16183.85,49977.96,83309.8,NPR
2026-01-26,ACC0000002584,52367.29,35174.66,43198.79,44343.16,NPR
2026-01-26,ACC0000002585,356546.11,43339.31,135815.81,264069.61,NPR
2026-01-26,ACC0000002586,53853.15,0.0,14842.33,39010.82,NPR
2026-01-26,ACC0000002587,128636.44,0.0,64015.55,64620.89,NPR
2026-01-26,ACC0000002588,362355.47,0.0,45417.11,316938.36,NPR
2026-01-26,ACC0000002589,373981.26,0.0,0.0,373981.26,NPR
2026-01-26,ACC0000002590,61165.25,13641.11,60315.02,14491.34,NPR
2026-01-26,ACC0000002591,482408.98,21602.18,0.0,504011.16,NPR
2026-01-26,ACC0000002592,290470.9,37980.07,93033.84,235417.13,NPR
2026-01-26,ACC0000002593,75413.96,0.0,41810.73,33603.23,NPR
2026-01-26,ACC0000002594,330139.71,8839.35,5705.92,333273.14,NPR
2026-01-26,ACC0000002595,62790.49,0.0,80533.4,-17742.91,NPR
2026-01-26,ACC0000002596,110172.74,6164.71,25011.25,91326.2,NPR
2026-01-26,ACC0000002597,206734.89,0.0,167953.44,38781.45,NPR
2026-01-26,ACC0000002598,407515.24,0.0,58821.03,348694.21,NPR
2026-01-26,ACC0000002599,430675.57,81631.43,41913.69,470393.31,NPR
2026-01-26,ACC0000002600,172060.17,0.0,110492.49,61567.68,NPR
2026-01-26,ACC0000002601,281535.5,62193.08,14620.51,329108.07,NPR
2026-01-26,ACC0000002602,233939.38,83404.24,5489.34,311854.28,NPR
2026-01-26,ACC0000002603,26612.05,0.0,40163.21,-13551.16,NPR
2026-01-26,ACC0000002604,401569.71,0.0,45167.57,356402.14,NPR
2026-01-26,ACC0000002605,471841.02,43572.68,63833.53,451580.17,NPR
2026-01-26,ACC0000002606,331570.32,0.0,0.0,331570.32,NPR
2026-01-26,ACC0000002607,463740.47,0.0,25129.71,438610.76,NPR
2026-01-26,ACC0000002608,205750.37,0.0,0.0,205750.37,NPR
2026-01-26,ACC0000002609,134355.45,0.0,41953.67,92401.78,NPR
2026-01-26,ACC0000002610,116244.54,49990.83,113945.87,52289.5,NPR
2026-01-26,ACC0000002611,450457.0,0.0,3320.03,447136.97,NPR
2026-01-26,ACC0000002612,374118.75,0.0,215.42,373903.33,NPR
2026-01-26,ACC0000002613,122106.35,22537.51,64871.71,79772.15,NPR
2026-01-26,ACC0000002614,194843.78,0.0,66686.5,128157.28,NPR
2026-01-26,ACC0000002615,156402.47,0.0,54970.76,101431.71,NPR
2026-01-26,ACC0000002616,282574.67,0.0,66501.3,216073.37,NPR
2026-01-26,ACC0000002617,493001.66,0.0,69540.68,423460.98,NPR
2026-01-26,ACC0000002618,231400.72,0.0,0.0,231400.72,NPR
2026-01-26,ACC0000002619,93032.63,30035.57,28507.9,94560.3,NPR
2026-01-26,ACC0000002620,125061.8,0.0,3830.31,121231.49,NPR
2026-01-26,ACC0000002621,299297.19,0.0,86141.96,213155.23,NPR
2026-01-26,ACC0000002622,453203.43,0.0,36097.73,417105.7,NPR
2026-01-26,ACC0000002623,397157.9,0.0,84997.44,312160.46,NPR
2026-01-26,ACC0000002624,222537.59,0.0,71100.48,151437.11,NPR
2026-01-26,ACC0000002625,309219.71,14852.35,46643.46,277428.6,NPR
2026-01-26,ACC0000002626,218368.27,0.0,0.0,218368.27,NPR
2026-01-26,ACC0000002627,434401.94,0.0,0.0,434401.94,NPR
2026-01-26,ACC0000002628,465232.96,33253.36,36151.12,462335.2,NPR
2026-01-26,ACC0000002629,180777.25,0.0,94264.77,86512.48,NPR
2026-01-26,ACC0000002630,331502.95,0.0,29909.34,301593.61,NPR
2026-01-26,ACC0000002631,150836.64,39021.04,28322.15,161535.53,NPR
2026-01-26,ACC0000002632,115462.16,0.0,30952.9,84509.26,NPR
2026-01-26,ACC0000002633,372940.82,0.0,0.0,372940.82,NPR
2026-01-26,ACC0000002634,113745.92,0.0,40010.9,73735.02,NPR
2026-01-26,ACC0000002635,228077.88,0.0,19069.38,209008.5,NPR
2026-01-26,ACC0000002636,100199.59,0.0,107605.53,-7405.94,NPR
2026-01-26,ACC0000002637,12360.54,0.0,63057.65,-50697.11,NPR
2026-01-26,ACC0000002638,202376.58,5512.09,123990.05,83898.62,NPR
2026-01-26,ACC0000002639,498147.74,0.0,0.0,498147.74,NPR
2026-01-26,ACC0000002640,401538.97,26874.93,37510.29,390903.61,NPR
2026-01-26,ACC0000002641,245835.6,0.0,41822.17,204013.43,NPR
2026-01-26,ACC0000002642,145500.41,0.0,27950.31,117550.1,NPR
2026-01-26,ACC0000002643,67449.47,0.0,0.0,67449.47,NPR
2026-01-26,ACC0000002644,32827.64,42037.73,61516.6,13348.77,NPR
2026-01-26,ACC0000002645,405780.08,0.0,72603.08,333177.0,NPR
2026-01-26,ACC0000002646,284490.13,0.0,0.0,284490.13,NPR
2026-01-26,ACC0000002647,329704.16,30531.59,106221.24,254014.51,NPR
2026-01-26,ACC0000002648,86957.19,0.0,0.0,86957.19,NPR
2026-01-26,ACC0000002649,309922.06,0.0,113050.41,196871.65,NPR
2026-01-26,ACC0000002650,373508.63,0.0,0.0,373508.63,NPR
2026-01-26,ACC0000002651,238729.1,19224.52,0.0,257953.62,NPR
2026-01-26,ACC0000002652,436430.46,0.0,106936.51,329493.95,NPR
2026-01-26,ACC0000002653,33448.81,37211.43,33274.68,37385.56,NPR
2026-01-26,ACC0000002654,221274.01,46641.64,83790.7,184124.95,NPR
2026-01-26,ACC0000002655,77364.13,0.0,10039.45,67324.68,NPR
2026-01-26,ACC0000002656,58965.01,0.0,0.0,58965.01,NPR
2026-01-26,ACC0000002657,165228.29,0.0,35888.93,129339.36,NPR
2026-01-26,ACC0000002658,496828.56,0.0,0.0,496828.56,NPR
2026-01-26,ACC0000002659,477437.32,0.0,32680.94,444756.38,NPR
2026-01-26,ACC0000002660,354079.58,0.0,69702.66,284376.92,NPR
2026-01-26,ACC0000002661,450344.75,48193.42,79080.79,419457.38,NPR
2026-01-26,ACC0000002662,361780.84,20305.52,0.0,382086.36,NPR
2026-01-26,ACC0000002663,458553.68,0.0,130957.24,327596.44,NPR
2026-01-26,ACC0000002664,81565.8,0.0,0.0,81565.8,NPR
2026-01-26,ACC0000002665,431156.7,30767.29,0.0,461923.99,NPR
2026-01-26,ACC0000002666,407467.76,0.0,77181.44,330286.32,NPR
2026-01-26,ACC0000002667,304099.2,70362.36,30119.75,344341.81,NPR
2026-01-26,ACC0000002668,36675.24,12235.51,67577.57,-18666.82,NPR
2026-01-26,ACC0000002669,101645.3,3898.94,40483.72,65060.52,NPR
2026-01-26,ACC0000002670,148121.22,0.0,11629.41,136491.81,NPR
2026-01-26,ACC0000002671,221164.41,0.0,85728.75,135435.66,NPR
2026-01-26,ACC0000002672,471480.61,0.0,154742.9,316737.71,NPR
2026-01-26,ACC0000002673,105306.85,0.0,30180.34,75126.51,NPR
2026-01-26,ACC0000002674,164329.25,19135.94,0.0,183465.19,NPR
2026-01-26,ACC0000002675,321946.28,0.0,0.0,321946.28,NPR
2026-01-26,ACC0000002676,278488.19,0.0,18603.65,259884.54,NPR
2026-01-26,ACC0000002677,52532.49,0.0,66725.08,-14192.59,NPR
2026-01-26,ACC0000002678,163644.14,102592.49,0.0,266236.63,NPR
2026-01-26,ACC0000002679,299203.06,0.0,0.0,299203.06,NPR
2026-01-26,ACC0000002680,353740.8,0.0,60454.47,293286.33,NPR
2026-01-26,ACC0000002681,428533.48,0.0,196844.92,231688.56,NPR
2026-01-26,ACC0000002682,240043.26,0.0,67108.84,172934.42,NPR
2026-01-26,ACC0000002683,491859.16,0.0,0.0,491859.16,NPR
2026-01-26,ACC0000002684,345267.23,56762.09,72792.57,329236.75,NPR
2026-01-26,ACC0000002685,332813.18,0.0,45982.61,286830.57,NPR
2026-01-26,ACC0000002686,430518.41,0.0,84476.72,346041.69,NPR
2026-01-26,ACC0000002687,401565.34,0.0,124667.51,276897.83,NPR
2026-01-26,ACC0000002688,274889.14,46820.33,46462.09,275247.38,NPR
2026-01-26,ACC0000002689,488455.77,0.0,58431.33,430024.44,NPR
2026-01-26,ACC0000002690,88668.76,4743.39,8888.55,84523.6,NPR
2026-01-26,ACC0000002691,373166.79,9220.56,56499.02,325888.33,NPR
2026-01-26,ACC0000002692,119781.83,0.0,0.0,119781.83,NPR
2026-01-26,ACC0000002693,252753.21,0.0,79197.41,173555.8,NPR
2026-01-26,ACC0000002694,486497.93,0.0,66958.38,419539.55,NPR
2026-01-26,ACC0000002695,34958.43,0.0,47873.67,-12915.24,NPR
2026-01-26,ACC0000002696,20266.03,0.0,0.0,20266.03,NPR
2026-01-26,ACC0000002697,329809.35,23882.87,57453.09,296239.13,NPR
2026-01-26,ACC0000002698,6911.65,10144.62,167347.95,-150291.68,NPR
2026-01-26,ACC0000002699,436334.52,9886.4,23509.53,422711.39,NPR
2026-01-26,ACC0000002700,64452.89,92230.17,64108.76,92574.3,NPR
2026-01-26,ACC0000002701,169080.8,30720.65,0.0,199801.45,NPR
2026-01-26,ACC0000002702,97902.5,0.0,0.0,97902.5,NPR
2026-01-26,ACC0000002703,364631.03,26251.04,30910.26,359971.81,NPR
2026-01-26,ACC0000002704,277478.94,46283.97,92738.28,231024.63,NPR
2026-01-26,ACC0000002705,232626.95,0.0,32759.14,199867.81,NPR
2026-01-26,ACC0000002706,395750.25,0.0,86712.82,309037.43,NPR
2026-01-26,ACC0000002707,87658.3,0.0,119785.52,-32127.22,NPR
2026-01-26,ACC0000002708,148918.25,30555.59,71911.56,107562.28,NPR
2026-01-26,ACC0000002709,384925.6,0.0,114783.46,270142.14,NPR
2026-01-26,ACC0000002710,284807.23,0.0,0.0,284807.23,NPR
2026-01-26,ACC0000002711,135996.87,0.0,74830.26,61166.61,NPR
2026-01-26,ACC0000002712,480133.68,0.0,47434.11,432699.57,NPR
2026-01-26,ACC0000002713,20215.86,0.0,16893.84,3322.02,NPR
2026-01-26,ACC0000002714,33496.92,0.0,0.0,33496.92,NPR
2026-01-26,ACC0000002715,128401.76,19532.84,91600.82,56333.78,NPR
2026-01-26,ACC0000002716,131716.42,0.0,45563.6,86152.82,NPR
2026-01-26,ACC0000002717,203220.34,0.0,63549.1,139671.24,NPR
2026-01-26,ACC0000002718,255300.41,0.0,58897.14,196403.27,NPR
2026-01-26,ACC0000002719,290180.26,0.0,23430.29,266749.97,NPR
2026-01-26,ACC0000002720,390534.4,11353.87,120788.3,281099.97,NPR
2026-01-26,ACC0000002721,99285.46,0.0,61518.3,37767.16,NPR
2026-01-26,ACC0000002722,99578.54,45736.21,37586.64,107728.11,NPR
2026-01-26,ACC0000002723,92950.8,0.0,0.0,92950.8,NPR
2026-01-26,ACC0000002724,51922.55,0.0,74444.16,-22521.61,NPR
2026-01-26,ACC0000002725,479501.22,58659.41,74286.74,463873.89,NPR
2026-01-26,ACC0000002726,140659.84,0.0,0.0,140659.84,NPR
2026-01-26,ACC0000002727,442521.38,43562.26,31043.25,455040.39,NPR
2026-01-26,ACC0000002728,416857.78,0.0,111026.2,305831.58,NPR
2026-01-26,ACC0000002729,108780.23,2617.98,31351.47,80046.74,NPR
2026-01-26,ACC0000002730,431542.38,0.0,0.0,431542.38,NPR
2026-01-26,ACC0000002731,382896.69,49310.65,69996.71,362210.63,NPR
2026-01-26,ACC0000002732,274145.1,714.61,71359.65,203500.06,NPR
2026-01-26,ACC0000002733,285896.5,0.0,43245.61,242650.89,NPR
2026-01-26,ACC0000002734,54214.32,38414.41,69855.87,22772.86,NPR
2026-01-26,ACC0000002735,408261.85,0.0,40864.24,367397.61,NPR
2026-01-26,ACC0000002736,136845.56,32556.02,0.0,169401.58,NPR
2026-01-26,ACC0000002737,243434.53,73288.37,38339.39,278383.51,NPR
2026-01-26,ACC0000002738,276182.85,0.0,30648.36,245534.49,NPR
2026-01-26,ACC0000002739,431097.64,0.0,0.0,431097.64,NPR
2026-01-26,ACC0000002740,115524.62,0.0,27088.32,88436.3,NPR
2026-01-26,ACC0000002741,137040.1,33584.56,0.0,170624.66,NPR
2026-01-26,ACC0000002742,206607.51,44545.82,40082.12,211071.21,NPR
2026-01-26,ACC0000002743,139530.53,82495.06,0.0,222025.59,NPR
2026-01-26,ACC0000002744,246115.79,39216.61,27697.79,257634.61,NPR
2026-01-26,ACC0000002745,198077.21,46339.19,45021.99,199394.41,NPR
2026-01-26,ACC0000002746,32085.55,45522.47,136290.14,-58682.12,NPR
2026-01-26,ACC0000002747,269664.16,46013.16,25638.42,290038.9,NPR
2026-01-26,ACC0000002748,336296.18,15279.25,28483.97,323091.46,NPR
2026-01-26,ACC0000002749,250932.95,0.0,33776.52,217156.43,NPR
2026-01-26,ACC0000002750,404892.97,0.0,0.0,404892.97,NPR
2026-01-26,ACC0000002751,92720.21,0.0,19598.74,73121.47,NPR
2026-01-26,ACC0000002752,207838.0,56798.4,35125.52,229510.88,NPR
2026-01-26,ACC0000002753,394575.83,0.0,30034.49,364541.34,NPR
2026-01-26,ACC0000002754,376307.74,9379.26,131201.94,254485.06,NPR
2026-01-26,ACC0000002755,290500.56,0.0,63732.49,226768.07,NPR
2026-01-26,ACC0000002756,442102.24,21714.21,0.0,463816.45,NPR
2026-01-26,ACC0000002757,57877.27,0.0,206649.47,-148772.2,NPR
2026-01-26,ACC0000002758,263774.54,0.0,0.0,263774.54,NPR
2026-01-26,ACC0000002759,436436.85,0.0,46418.15,390018.7,NPR
2026-01-26,ACC0000002760,106130.02,34835.4,96073.26,44892.16,NPR
2026-01-26,ACC0000002761,31139.64,0.0,144581.79,-113442.15,NPR
2026-01-26,ACC0000002762,419474.06,28360.46,0.0,447834.52,NPR
2026-01-26,ACC0000002763,170525.71,0.0,473.58,170052.13,NPR
2026-01-26,ACC0000002764,450651.82,0.0,29306.7,421345.12,NPR
2026-01-26,ACC0000002765,257082.89,0.0,0.0,257082.89,NPR
2026-01-26,ACC0000002766,289055.6,41433.94,45110.31,285379.23,NPR
2026-01-26,ACC0000002767,73736.13,6166.12,10477.39,69424.86,NPR
2026-01-26,ACC0000002768,456354.19,0.0,73529.13,382825.06,NPR
2026-01-26,ACC0000002769,277559.65,0.0,0.0,277559.65,NPR
2026-01-26,ACC0000002770,51899.2,49450.54,19622.5,81727.24,NPR
2026-01-26,ACC0000002771,312117.61,0.0,0.0,312117.61,NPR
2026-01-26,ACC0000002772,358129.09,0.0,0.0,358129.09,NPR
2026-01-26,ACC0000002773,173501.44,0.0,38781.23,134720.21,NPR
2026-01-26,ACC0000002774,113699.73,41911.4,73353.39,82257.74,NPR
2026-01-26,ACC0000002775,1540.2,0.0,18228.78,-16688.58,NPR
2026-01-26,ACC0000002776,444357.85,11218.29,41566.86,414009.28,NPR
2026-01-26,ACC0000002777,428315.74,0.0,16908.75,411406.99,NPR
2026-01-26,ACC0000002778,252693.32,25074.83,24458.12,253310.03,NPR
2026-01-26,ACC0000002779,325586.62,0.0,86337.16,239249.46,NPR
2026-01-26,ACC0000002780,310371.44,0.0,163183.57,147187.87,NPR
2026-01-26,ACC0000002781,100650.82,24027.59,34874.98,89803.43,NPR
2026-01-26,ACC0000002782,260833.81,0.0,30948.68,229885.13,NPR
2026-01-26,ACC0000002783,336880.09,36745.28,96307.86,277317.51,NPR
2026-01-26,ACC0000002784,337566.61,0.0,0.0,337566.61,NPR
2026-01-26,ACC0000002785,60712.83,0.0,126949.68,-66236.85,NPR
2026-01-26,ACC0000002786,223095.83,0.0,37504.68,185591.15,NPR
2026-01-26,ACC0000002787,205075.33,0.0,14206.22,190869.11,NPR
2026-01-26,ACC0000002788,401210.17,0.0,0.0,401210.17,NPR
2026-01-26,ACC0000002789,276563.91,0.0,30569.17,245994.74,NPR
2026-01-26,ACC0000002790,37374.24,28482.55,35855.21,30001.58,NPR
2026-01-26,ACC0000002791,176823.56,0.0,32708.57,144114.99,NPR
2026-01-26,ACC0000002792,415580.62,0.0,87839.57,327741.05,NPR
2026-01-26,ACC0000002793,127300.56,0.0,72358.41,54942.15,NPR
2026-01-26,ACC0000002794,196049.59,0.0,90980.46,105069.13,NPR
2026-01-26,ACC0000002795,386368.46,50450.32,39276.13,397542.65,NPR
2026-01-26,ACC0000002796,23899.12,4290.34,15457.19,12732.27,NPR
2026-01-26,ACC0000002797,25238.75,48068.81,128826.92,-55519.36,NPR
2026-01-26,ACC0000002798,318749.49,30900.59,27400.4,322249.68,NPR
2026-01-26,ACC0000002799,283624.19,0.0,5292.25,278331.94,NPR
2026-01-26,ACC0000002800,225445.37,0.0,0.0,225445.37,NPR
2026-01-26,ACC0000002801,376951.38,0.0,152735.22,224216.16,NPR
2026-01-26,ACC0000002802,399595.86,40342.42,26437.57,413500.71,NPR
2026-01-26,ACC0000002803,496098.36,0.0,43984.39,452113.97,NPR
2026-01-26,ACC0000002804,490948.69,0.0,0.0,490948.69,NPR
2026-01-26,ACC0000002805,420768.14,0.0,0.0,420768.14,NPR
2026-01-26,ACC0000002806,1329.53,20226.2,0.0,21555.73,NPR
2026-01-26,ACC0000002807,119793.25,0.0,34345.15,85448.1,NPR
2026-01-26,ACC0000002808,222372.79,6604.64,102406.21,126571.22,NPR
2026-01-26,ACC0000002809,106631.54,0.0,106396.55,234.99,NPR
2026-01-26,ACC0000002810,216016.94,0.0,31523.9,184493.04,NPR
2026-01-26,ACC0000002811,50638.44,0.0,0.0,50638.44,NPR
2026-01-26,ACC0000002812,384144.17,43253.09,29838.69,397558.57,NPR
2026-01-26,ACC0000002813,274803.74,0.0,41705.43,233098.31,NPR
2026-01-26,ACC0000002814,460546.06,0.0,0.0,460546.06,NPR
2026-01-26,ACC0000002815,317598.95,3975.08,0.0,321574.03,NPR
2026-01-26,ACC0000002816,404339.49,30585.19,78295.27,356629.41,NPR
2026-01-26,ACC0000002817,72987.97,53705.26,116236.04,10457.19,NPR
2026-01-26,ACC0000002818,217605.63,0.0,9936.72,207668.91,NPR
2026-01-26,ACC0000002819,330637.25,1467.89,15461.89,316643.25,NPR
2026-01-26,ACC0000002820,479943.22,44607.74,58452.0,466098.96,NPR
2026-01-26,ACC0000002821,322675.92,0.0,0.0,322675.92,NPR
2026-01-26,ACC0000002822,383493.5,0.0,0.0,383493.5,NPR
2026-01-26,ACC0000002823,274943.42,0.0,32992.35,241951.07,NPR
2026-01-26,ACC0000002824,88148.76,58838.22,33573.43,113413.55,NPR
2026-01-26,ACC0000002825,71911.83,4697.56,15740.08,60869.31,NPR
2026-01-26,ACC0000002826,29111.97,2043.59,47198.7,-16043.14,NPR
2026-01-26,ACC0000002827,496580.94,51878.73,0.0,548459.67,NPR
2026-01-26,ACC0000002828,221314.49,13333.28,16764.86,217882.91,NPR
2026-01-26,ACC0000002829,291002.18,0.0,21012.93,269989.25,NPR
2026-01-26,ACC0000002830,349175.91,0.0,71567.27,277608.64,NPR
2026-01-26,ACC0000002831,113725.95,0.0,48363.02,65362.93,NPR
2026-01-26,ACC0000002832,266329.97,0.0,105950.59,160379.38,NPR
2026-01-26,ACC0000002833,479707.67,0.0,0.0,479707.67,NPR
2026-01-26,ACC0000002834,471636.47,0.0,0.0,471636.47,NPR
2026-01-26,ACC0000002835,439865.71,0.0,0.0,439865.71,NPR
2026-01-26,ACC0000002836,144795.72,84726.77,85005.21,144517.28,NPR
2026-01-26,ACC0000002837,435128.55,0.0,0.0,435128.55,NPR
2026-01-26,ACC0000002838,353703.67,0.0,0.0,353703.67,NPR
2026-01-26,ACC0000002839,279415.6,0.0,81251.37,198164.23,NPR
2026-01-26,ACC0000002840,273124.61,79120.84,46140.98,306104.47,NPR
2026-01-26,ACC0000002841,222971.66,0.0,74354.5,148617.16,NPR
2026-01-26,ACC0000002842,266471.86,11999.07,43661.49,234809.44,NPR
2026-01-26,ACC0000002843,58270.01,3587.99,4360.04,57497.96,NPR
2026-01-26,ACC0000002844,406002.52,42941.84,25655.55,423288.81,NPR
2026-01-26,ACC0000002845,15397.82,15043.69,32049.87,-1608.36,NPR
2026-01-26,ACC0000002846,13010.5,67867.2,23716.31,57161.39,NPR
2026-01-26,ACC0000002847,180844.21,34198.14,55514.76,159527.59,NPR
2026-01-26,ACC0000002848,173212.26,20595.72,20785.81,173022.17,NPR
2026-01-26,ACC0000002849,248911.62,0.0,123542.25,125369.37,NPR
2026-01-26,ACC0000002850,282417.17,0.0,50437.56,231979.61,NPR
2026-01-26,ACC0000002851,80709.76,0.0,0.0,80709.76,NPR
2026-01-26,ACC0000002852,418049.82,71518.91,90636.17,398932.56,NPR
2026-01-26,ACC0000002853,426689.25,28210.54,18672.11,436227.68,NPR
2026-01-26,ACC0000002854,374256.1,0.0,0.0,374256.1,NPR
2026-01-26,ACC0000002855,364295.68,26668.42,25050.2,365913.9,NPR
2026-01-26,ACC0000002856,93614.92,0.0,15920.81,77694.11,NPR
2026-01-26,ACC0000002857,181685.42,54921.49,22051.33,214555.58,NPR
2026-01-26,ACC0000002858,119279.84,0.0,73068.74,46211.1,NPR
2026-01-26,ACC0000002859,376119.9,0.0,0.0,376119.9,NPR
2026-01-26,ACC0000002860,305005.68,0.0,60791.11,244214.57,NPR
2026-01-26,ACC0000002861,181757.64,0.0,0.0,181757.64,NPR
2026-01-26,ACC0000002862,94481.52,0.0,71375.04,23106.48,NPR
2026-01-26,ACC0000002863,206406.19,0.0,12096.1,194310.09,NPR
2026-01-26,ACC0000002864,71343.69,41854.62,0.0,113198.31,NPR
2026-01-26,ACC0000002865,348044.97,27336.63,50282.65,325098.95,NPR
2026-01-26,ACC0000002866,98078.35,0.0,1960.27,96118.08,NPR
2026-01-26,ACC0000002867,145157.93,0.0,0.0,145157.93,NPR
2026-01-26,ACC0000002868,475332.32,0.0,0.0,475332.32,NPR
2026-01-26,ACC0000002869,208002.47,0.0,52566.0,155436.47,NPR
2026-01-26,ACC0000002870,471717.75,0.0,0.0,471717.75,NPR
2026-01-26,ACC0000002871,189370.19,0.0,0.0,189370.19,NPR
2026-01-26,ACC0000002872,358051.51,0.0,0.0,358051.51,NPR
2026-01-26,ACC0000002873,76476.4,0.0,48430.74,28045.66,NPR
2026-01-26,ACC0000002874,186496.36,0.0,63677.2,122819.16,NPR
2026-01-26,ACC0000002875,203042.44,0.0,0.0,203042.44,NPR
2026-01-26,ACC0000002876,182534.4,20598.2,25701.96,177430.64,NPR
2026-01-26,ACC0000002877,144025.12,0.0,137190.92,6834.2,NPR
2026-01-26,ACC0000002878,255216.11,0.0,37010.49,218205.62,NPR
2026-01-26,ACC0000002879,37158.54,0.0,48197.74,-11039.2,NPR
2026-01-26,ACC0000002880,158906.87,0.0,0.0,158906.87,NPR
2026-01-26,ACC0000002881,116504.97,0.0,64924.87,51580.1,NPR
2026-01-26,ACC0000002882,341154.45,37457.69,0.0,378612.14,NPR
2026-01-26,ACC0000002883,380984.81,0.0,0.0,380984.81,NPR
2026-01-26,ACC0000002884,333447.03,0.0,12295.33,321151.7,NPR
2026-01-26,ACC0000002885,367458.98,0.0,45767.62,321691.36,NPR
2026-01-26,ACC0000002886,5202.57,0.0,81343.04,-76140.47,NPR
2026-01-26,ACC0000002887,169412.6,0.0,42528.83,126883.77,NPR
2026-01-26,ACC0000002888,395139.12,35728.06,12124.86,418742.32,NPR
2026-01-26,ACC0000002889,189914.14,41307.27,81334.47,149886.94,NPR
2026-01-26,ACC0000002890,480091.3,0.0,48588.48,431502.82,NPR
2026-01-26,ACC0000002891,443871.81,0.0,21041.06,422830.75,NPR
2026-01-26,ACC0000002892,50483.01,0.0,121065.02,-70582.01,NPR
2026-01-26,ACC0000002893,30458.66,0.0,0.0,30458.66,NPR
2026-01-26,ACC0000002894,443864.36,45516.29,71298.55,418082.1,NPR
2026-01-26,ACC0000002895,398179.77,41860.06,33071.59,406968.24,NPR
2026-01-26,ACC0000002896,254545.45,39901.96,126357.7,168089.71,NPR
2026-01-26,ACC0000002897,158761.72,0.0,0.0,158761.72,NPR
2026-01-26,ACC0000002898,405680.93,0.0,0.0,405680.93,NPR
2026-01-26,ACC0000002899,447770.87,0.0,36054.83,411716.04,NPR
2026-01-26,ACC0000002900,276862.52,0.0,41263.39,235599.13,NPR
2026-01-26,ACC0000002901,120631.43,0.0,0.0,120631.43,NPR
2026-01-26,ACC0000002902,353007.29,7858.83,48891.19,311974.93,NPR
2026-01-26,ACC0000002903,166957.3,0.0,0.0,166957.3,NPR
2026-01-26,ACC0000002904,218171.35,0.0,23177.39,194993.96,NPR
2026-01-26,ACC0000002905,95881.22,0.0,134145.9,-38264.68,NPR
2026-01-26,ACC0000002906,99678.75,0.0,47822.82,51855.93,NPR
2026-01-26,ACC0000002907,96617.37,35918.43,53751.17,78784.63,NPR
2026-01-26,ACC0000002908,337393.72,0.0,0.0,337393.72,NPR
2026-01-26,ACC0000002909,487133.99,0.0,41703.73,445430.26,NPR
2026-01-26,ACC0000002910,416961.46,0.0,55980.89,360980.57,NPR
2026-01-26,ACC0000002911,434721.84,0.0,14005.11,420716.73,NPR
2026-01-26,ACC0000002912,110363.45,0.0,0.0,110363.45,NPR
2026-01-26,ACC0000002913,14612.35,15327.68,16715.61,13224.42,NPR
2026-01-26,ACC0000002914,165594.66,0.0,34720.7,130873.96,NPR
2026-01-26,ACC0000002915,68232.79,45793.74,72125.59,41900.94,NPR
2026-01-26,ACC0000002916,435028.71,0.0,16052.14,418976.57,NPR
2026-01-26,ACC0000002917,237467.92,0.0,0.0,237467.92,NPR
2026-01-26,ACC0000002918,481439.81,0.0,4134.9,477304.91,NPR
2026-01-26,ACC0000002919,396908.19,0.0,30175.47,366732.72,NPR
2026-01-26,ACC0000002920,8024.34,29670.84,85583.56,-47888.38,NPR
2026-01-26,ACC0000002921,432158.89,0.0,101906.44,330252.45,NPR
2026-01-26,ACC0000002922,257102.5,0.0,135713.02,121389.48,NPR
2026-01-26,ACC0000002923,169893.42,0.0,21671.42,148222.0,NPR
2026-01-26,ACC0000002924,386320.95,0.0,0.0,386320.95,NPR
2026-01-26,ACC0000002925,430406.85,0.0,27834.01,402572.84,NPR
2026-01-26,ACC0000002926,254503.27,0.0,14958.73,239544.54,NPR
2026-01-26,ACC0000002927,295518.08,0.0,113127.97,182390.11,NPR
2026-01-26,ACC0000002928,159553.99,32230.97,78398.81,113386.15,NPR
2026-01-26,ACC0000002929,159016.18,0.0,37518.27,121497.91,NPR
2026-01-26,ACC0000002930,347174.45,27726.32,23669.73,351231.04,NPR
2026-01-26,ACC0000002931,41877.36,24874.28,18579.69,48171.95,NPR
2026-01-26,ACC0000002932,182036.28,0.0,203591.94,-21555.66,NPR
2026-01-26,ACC0000002933,22761.76,41257.23,132845.39,-68826.4,NPR
2026-01-26,ACC0000002934,138297.02,0.0,34672.33,103624.69,NPR
2026-01-26,ACC0000002935,283787.23,0.0,0.0,283787.23,NPR
2026-01-26,ACC0000002936,342812.21,45445.99,82797.13,305461.07,NPR
2026-01-26,ACC0000002937,145751.77,0.0,0.0,145751.77,NPR
2026-01-26,ACC0000002938,97338.3,0.0,42294.21,55044.09,NPR
2026-01-26,ACC0000002939,393247.48,0.0,0.0,393247.48,NPR
2026-01-26,ACC0000002940,162286.67,0.0,36758.77,125527.9,NPR
2026-01-26,ACC0000002941,484293.8,14787.4,22704.1,476377.1,NPR
2026-01-26,ACC0000002942,33824.39,28169.83,0.0,61994.22,NPR
2026-01-26,ACC0000002943,399505.92,0.0,0.0,399505.92,NPR
2026-01-26,ACC0000002944,328405.52,13220.35,71250.93,270374.94,NPR
2026-01-26,ACC0000002945,136832.14,12244.31,0.0,149076.45,NPR
2026-01-26,ACC0000002946,20027.24,0.0,51468.81,-31441.57,NPR
2026-01-26,ACC0000002947,12914.34,22396.01,49266.11,-13955.76,NPR
2026-01-26,ACC0000002948,499839.0,0.0,92583.62,407255.38,NPR
2026-01-26,ACC0000002949,479564.78,40712.52,27715.84,492561.46,NPR
2026-01-26,ACC0000002950,24108.46,0.0,0.0,24108.46,NPR
2026-01-26,ACC0000002951,164706.09,42422.87,0.0,207128.96,NPR
2026-01-26,ACC0000002952,177460.87,0.0,47880.03,129580.84,NPR
2026-01-26,ACC0000002953,89504.64,0.0,68622.9,20881.74,NPR
2026-01-26,ACC0000002954,208328.43,10513.22,58058.32,160783.33,NPR
2026-01-26,ACC0000002955,182058.46,0.0,71354.21,110704.25,NPR
2026-01-26,ACC0000002956,436460.96,0.0,20352.72,416108.24,NPR
2026-01-26,ACC0000002957,164938.21,30984.42,75582.87,120339.76,NPR
2026-01-26,ACC0000002958,120964.03,22583.49,41263.05,102284.47,NPR
2026-01-26,ACC0000002959,489185.39,0.0,30489.68,458695.71,NPR
2026-01-26,ACC0000002960,311192.77,0.0,0.0,311192.77,NPR
2026-01-26,ACC0000002961,335192.25,0.0,8038.43,327153.82,NPR
2026-01-26,ACC0000002962,106869.84,39749.58,20387.55,126231.87,NPR
2026-01-26,ACC0000002963,471228.34,0.0,23896.69,447331.65,NPR
2026-01-26,ACC0000002964,136379.32,0.0,99373.18,37006.14,NPR
2026-01-26,ACC0000002965,454605.09,0.0,115927.42,338677.67,NPR
2026-01-26,ACC0000002966,359167.23,0.0,19652.07,339515.16,NPR
2026-01-26,ACC0000002967,496297.88,0.0,0.0,496297.88,NPR
2026-01-26,ACC0000002968,185293.59,4730.49,19197.05,170827.03,NPR
2026-01-26,ACC0000002969,54301.38,0.0,0.0,54301.38,NPR
2026-01-26,ACC0000002970,165326.57,0.0,20580.96,144745.61,NPR
2026-01-26,ACC0000002971,86050.86,41872.37,101417.4,26505.83,NPR
2026-01-26,ACC0000002972,150384.85,0.0,31981.93,118402.92,NPR
2026-01-26,ACC0000002973,334618.63,0.0,0.0,334618.63,NPR
2026-01-26,ACC0000002974,413101.22,0.0,0.0,413101.22,NPR
2026-01-26,ACC0000002975,449592.45,0.0,90226.45,359366.0,NPR
2026-01-26,ACC0000002976,420093.43,0.0,46035.89,374057.54,NPR
2026-01-26,ACC0000002977,389014.08,0.0,0.0,389014.08,NPR
2026-01-26,ACC0000002978,299100.62,0.0,99469.23,199631.39,NPR
2026-01-26,ACC0000002979,159216.67,94534.55,33850.85,219900.37,NPR
2026-01-26,ACC0000002980,100266.04,0.0,2753.35,97512.69,NPR
2026-01-26,ACC0000002981,200606.15,0.0,0.0,200606.15,NPR
2026-01-26,ACC0000002982,368460.37,0.0,0.0,368460.37,NPR
2026-01-26,ACC0000002983,442853.16,0.0,8856.53,433996.63,NPR
2026-01-26,ACC0000002984,376156.19,0.0,22265.83,353890.36,NPR
2026-01-26,ACC0000002985,12605.91,0.0,0.0,12605.91,NPR
2026-01-26,ACC0000002986,23119.55,48968.52,19274.16,52813.91,NPR
2026-01-26,ACC0000002987,306509.65,0.0,0.0,306509.65,NPR
2026-01-26,ACC0000002988,209398.46,15019.79,77344.83,147073.42,NPR
2026-01-26,ACC0000002989,147568.07,25791.3,33291.29,140068.08,NPR
2026-01-26,ACC0000002990,185503.33,0.0,0.0,185503.33,NPR
2026-01-26,ACC0000002991,271946.49,6342.26,75189.28,203099.47,NPR
2026-01-26,ACC0000002992,401212.8,0.0,62619.03,338593.77,NPR
2026-01-26,ACC0000002993,23421.19,0.0,42747.23,-19326.04,NPR
2026-01-26,ACC0000002994,57343.31,26068.77,106724.04,-23311.96,NPR
2026-01-26,ACC0000002995,369248.76,0.0,55436.07,313812.69,NPR
2026-01-26,ACC0000002996,255055.75,11617.58,104570.9,162102.43,NPR
2026-01-26,ACC0000002997,229284.83,0.0,67756.01,161528.82,NPR
2026-01-26,ACC0000002998,204534.56,0.0,0.0,204534.56,NPR
2026-01-26,ACC0000002999,448294.84,47368.41,0.0,495663.25,NPR
2026-01-26,ACC0000003000,126565.14,29431.24,73868.15,82128.23,NPR
2026-01-26,ACC0000003001,287756.73,0.0,133754.48,154002.25,NPR
2026-01-26,ACC0000003002,444344.27,0.0,16046.61,428297.66,NPR
2026-01-26,ACC0000003003,23143.86,0.0,0.0,23143.86,NPR
2026-01-26,ACC0000003004,207504.36,0.0,61534.31,145970.05,NPR
2026-01-26,ACC0000003005,70530.5,0.0,0.0,70530.5,NPR
2026-01-26,ACC0000003006,228027.88,2757.25,40095.15,190689.98,NPR
2026-01-26,ACC0000003007,471614.49,82521.57,34082.74,520053.32,NPR
2026-01-26,ACC0000003008,378456.94,0.0,4264.71,374192.23,NPR
2026-01-26,ACC0000003009,150726.51,20033.48,0.0,170759.99,NPR
2026-01-26,ACC0000003010,20159.71,0.0,71602.19,-51442.48,NPR
2026-01-26,ACC0000003011,333945.44,0.0,45586.27,288359.17,NPR
2026-01-26,ACC0000003012,329810.35,0.0,0.0,329810.35,NPR
2026-01-26,ACC0000003013,20470.63,0.0,85300.79,-64830.16,NPR
2026-01-26,ACC0000003014,448333.2,0.0,718.84,447614.36,NPR
2026-01-26,ACC0000003015,270149.26,0.0,0.0,270149.26,NPR
2026-01-26,ACC0000003016,199732.86,47988.32,20634.56,227086.62,NPR
2026-01-26,ACC0000003017,159358.87,0.0,0.0,159358.87,NPR
2026-01-26,ACC0000003018,390810.83,0.0,76885.29,313925.54,NPR
2026-01-26,ACC0000003019,323315.51,0.0,141217.01,182098.5,NPR
2026-01-26,ACC0000003020,322144.15,4191.44,7403.32,318932.27,NPR
2026-01-26,ACC0000003021,235167.83,33267.84,48870.39,219565.28,NPR
2026-01-26,ACC0000003022,406164.82,0.0,0.0,406164.82,NPR
2026-01-26,ACC0000003023,336552.61,0.0,44994.82,291557.79,NPR
2026-01-26,ACC0000003024,92023.14,0.0,0.0,92023.14,NPR
2026-01-26,ACC0000003025,100101.85,5193.25,44218.23,61076.87,NPR
2026-01-26,ACC0000003026,311022.92,0.0,12129.1,298893.82,NPR
2026-01-26,ACC0000003027,468351.3,54360.74,5996.94,516715.1,NPR
2026-01-26,ACC0000003028,111385.92,0.0,0.0,111385.92,NPR
2026-01-26,ACC0000003029,25625.55,38347.82,28812.3,35161.07,NPR
2026-01-26,ACC0000003030,338055.19,0.0,107611.59,230443.6,NPR
2026-01-26,ACC0000003031,484752.45,20285.49,0.0,505037.94,NPR
2026-01-26,ACC0000003032,248399.32,30915.75,81747.12,197567.95,NPR
2026-01-26,ACC0000003033,80899.89,0.0,117832.65,-36932.76,NPR
2026-01-26,ACC0000003034,160090.76,0.0,13940.77,146149.99,NPR
2026-01-26,ACC0000003035,337815.76,0.0,69702.76,268113.0,NPR
2026-01-26,ACC0000003036,124913.51,0.0,30714.21,94199.3,NPR
2026-01-26,ACC0000003037,484500.08,2597.2,104902.95,382194.33,NPR
2026-01-26,ACC0000003038,180063.31,0.0,81733.07,98330.24,NPR
2026-01-26,ACC0000003039,138223.41,14197.12,0.0,152420.53,NPR
2026-01-26,ACC0000003040,239581.37,0.0,0.0,239581.37,NPR
2026-01-26,ACC0000003041,285275.55,0.0,16094.51,269181.04,NPR
2026-01-26,ACC0000003042,453052.52,0.0,0.0,453052.52,NPR
2026-01-26,ACC0000003043,72693.16,0.0,15163.41,57529.75,NPR
2026-01-26,ACC0000003044,362529.24,45121.52,37488.04,370162.72,NPR
2026-01-26,ACC0000003045,88166.33,0.0,70337.48,17828.85,NPR
2026-01-26,ACC0000003046,328350.5,0.0,0.0,328350.5,NPR
2026-01-26,ACC0000003047,260793.17,0.0,0.0,260793.17,NPR
2026-01-26,ACC0000003048,50929.35,0.0,30881.91,20047.44,NPR
2026-01-26,ACC0000003049,478894.54,0.0,65841.43,413053.11,NPR
2026-01-26,ACC0000003050,414811.07,0.0,151778.58,263032.49,NPR
2026-01-26,ACC0000003051,105897.72,50836.5,25112.81,131621.41,NPR
2026-01-26,ACC0000003052,274179.29,0.0,109435.28,164744.01,NPR
2026-01-26,ACC0000003053,147420.2,0.0,37338.93,110081.27,NPR
2026-01-26,ACC0000003054,490186.23,0.0,23846.01,466340.22,NPR
2026-01-26,ACC0000003055,97739.95,0.0,0.0,97739.95,NPR
2026-01-26,ACC0000003056,463666.03,46302.29,6382.51,503585.81,NPR
2026-01-26,ACC0000003057,239035.2,9011.56,44861.0,203185.76,NPR
2026-01-26,ACC0000003058,244969.87,39730.06,96201.34,188498.59,NPR
2026-01-26,ACC0000003059,48212.31,0.0,0.0,48212.31,NPR
2026-01-26,ACC0000003060,310696.99,0.0,0.0,310696.99,NPR
2026-01-26,ACC0000003061,68244.15,11607.95,104527.37,-24675.27,NPR
2026-01-26,ACC0000003062,104208.58,0.0,77652.92,26555.66,NPR
2026-01-26,ACC0000003063,178399.77,22282.84,70415.67,130266.94,NPR
2026-01-26,ACC0000003064,4238.69,0.0,11994.81,-7756.12,NPR
2026-01-26,ACC0000003065,88271.11,0.0,13324.11,74947.0,NPR
2026-01-26,ACC0000003066,260858.63,0.0,0.0,260858.63,NPR
2026-01-26,ACC0000003067,187371.52,46503.31,19098.29,214776.54,NPR
2026-01-26,ACC0000003068,210054.13,18922.21,109179.56,119796.78,NPR
2026-01-26,ACC0000003069,144123.74,0.0,55311.26,88812.48,NPR
2026-01-26,ACC0000003070,26350.99,0.0,52424.04,-26073.05,NPR
2026-01-26,ACC0000003071,470973.34,35505.06,44649.63,461828.77,NPR
2026-01-26,ACC0000003072,341572.88,0.0,0.0,341572.88,NPR
2026-01-26,ACC0000003073,405582.07,0.0,0.0,405582.07,NPR
2026-01-26,ACC0000003074,279939.44,13111.16,32388.35,260662.25,NPR
2026-01-26,ACC0000003075,396487.78,0.0,0.0,396487.78,NPR
2026-01-26,ACC0000003076,132039.29,0.0,0.0,132039.29,NPR
2026-01-26,ACC0000003077,4363.85,0.0,39339.6,-34975.75,NPR
2026-01-26,ACC0000003078,7500.67,0.0,100429.85,-92929.18,NPR
2026-01-26,ACC0000003079,415579.34,0.0,25833.37,389745.97,NPR
2026-01-26,ACC0000003080,10475.37,0.0,38510.9,-28035.53,NPR
2026-01-26,ACC0000003081,271466.67,0.0,60832.89,210633.78,NPR
2026-01-26,ACC0000003082,215940.78,0.0,88005.81,127934.97,NPR
2026-01-26,ACC0000003083,76529.76,0.0,30910.78,45618.98,NPR
2026-01-26,ACC0000003084,443810.23,0.0,100619.73,343190.5,NPR
2026-01-26,ACC0000003085,339776.71,18686.85,44094.83,314368.73,NPR
2026-01-26,ACC0000003086,431300.6,33094.94,137720.91,326674.63,NPR
2026-01-26,ACC0000003087,241388.27,778.98,71913.71,170253.54,NPR
2026-01-26,ACC0000003088,410611.12,0.0,61662.03,348949.09,NPR
2026-01-26,ACC0000003089,271395.38,0.0,63372.19,208023.19,NPR
2026-01-26,ACC0000003090,101138.44,30780.09,47634.3,84284.23,NPR
2026-01-26,ACC0000003091,48825.94,0.0,27371.23,21454.71,NPR
2026-01-26,ACC0000003092,369279.83,76604.9,62349.23,383535.5,NPR
2026-01-26,ACC0000003093,185313.29,0.0,85188.04,100125.25,NPR
2026-01-26,ACC0000003094,248717.41,0.0,65807.18,182910.23,NPR
2026-01-26,ACC0000003095,163242.63,0.0,0.0,163242.63,NPR
2026-01-26,ACC0000003096,244583.86,11833.94,58734.51,197683.29,NPR
2026-01-26,ACC0000003097,122396.43,28482.45,23713.85,127165.03,NPR
2026-01-26,ACC0000003098,436802.18,0.0,28761.63,408040.55,NPR
2026-01-26,ACC0000003099,297747.26,0.0,42892.56,254854.7,NPR
2026-01-26,ACC0000003100,33387.64,0.0,24071.73,9315.91,NPR
2026-01-26,ACC0000003101,310122.46,5829.93,70657.66,245294.73,NPR
2026-01-26,ACC0000003102,487953.98,0.0,99186.8,388767.18,NPR
2026-01-26,ACC0000003103,367240.08,0.0,57527.3,309712.78,NPR
2026-01-26,ACC0000003104,384479.16,0.0,0.0,384479.16,NPR
2026-01-26,ACC0000003105,315159.4,0.0,41023.09,274136.31,NPR
2026-01-26,ACC0000003106,206462.33,41407.32,42072.26,205797.39,NPR
2026-01-26,ACC0000003107,135323.13,0.0,0.0,135323.13,NPR
2026-01-26,ACC0000003108,234713.36,0.0,16435.01,218278.35,NPR
2026-01-26,ACC0000003109,310128.39,33567.27,0.0,343695.66,NPR
2026-01-26,ACC0000003110,316999.01,0.0,19286.41,297712.6,NPR
2026-01-26,ACC0000003111,436834.18,22591.04,230352.7,229072.52,NPR
2026-01-26,ACC0000003112,171316.76,0.0,0.0,171316.76,NPR
2026-01-26,ACC0000003113,15714.42,0.0,42740.27,-27025.85,NPR
2026-01-26,ACC0000003114,365807.27,27386.28,94073.53,299120.02,NPR
2026-01-26,ACC0000003115,486212.79,0.0,72716.5,413496.29,NPR
2026-01-26,ACC0000003116,86383.42,0.0,78091.47,8291.95,NPR
2026-01-26,ACC0000003117,354189.95,0.0,0.0,354189.95,NPR
2026-01-26,ACC0000003118,158042.39,24267.51,113968.18,68341.72,NPR
2026-01-26,ACC0000003119,86887.65,28475.13,40442.93,74919.85,NPR
2026-01-26,ACC0000003120,371010.58,2947.8,65225.51,308732.87,NPR
2026-01-26,ACC0000003121,419155.05,0.0,180540.52,238614.53,NPR
2026-01-26,ACC0000003122,152934.86,99713.42,45977.87,206670.41,NPR
2026-01-26,ACC0000003123,209473.68,0.0,122758.35,86715.33,NPR
2026-01-26,ACC0000003124,296516.81,0.0,0.0,296516.81,NPR
2026-01-26,ACC0000003125,337729.6,0.0,78137.14,259592.46,NPR
2026-01-26,ACC0000003126,31567.13,43954.18,0.0,75521.31,NPR
2026-01-26,ACC0000003127,203736.58,0.0,28187.91,175548.67,NPR
2026-01-26,ACC0000003128,5861.15,35583.76,123710.21,-82265.3,NPR
2026-01-26,ACC0000003129,303339.67,24051.49,0.0,327391.16,NPR
2026-01-26,ACC0000003130,406453.86,37341.4,6754.05,437041.21,NPR
2026-01-26,ACC0000003131,298215.14,21088.26,97571.28,221732.12,NPR
2026-01-26,ACC0000003132,359932.04,0.0,109646.55,250285.49,NPR
2026-01-26,ACC0000003133,353584.53,0.0,35873.7,317710.83,NPR
2026-01-26,ACC0000003134,484738.54,0.0,18018.64,466719.9,NPR
2026-01-26,ACC0000003135,478851.8,0.0,0.0,478851.8,NPR
2026-01-26,ACC0000003136,450204.61,0.0,0.0,450204.61,NPR
2026-01-26,ACC0000003137,478836.83,0.0,67725.97,411110.86,NPR
2026-01-26,ACC0000003138,253841.34,21464.12,69951.47,205353.99,NPR
2026-01-26,ACC0000003139,348830.43,0.0,72216.88,276613.55,NPR
2026-01-26,ACC0000003140,142418.77,0.0,45337.81,97080.96,NPR
2026-01-26,ACC0000003141,454027.89,0.0,47106.51,406921.38,NPR
2026-01-26,ACC0000003142,231173.94,0.0,43995.45,187178.49,NPR
2026-01-26,ACC0000003143,186501.49,33752.95,0.0,220254.44,NPR
2026-01-26,ACC0000003144,495864.64,0.0,264524.18,231340.46,NPR
2026-01-26,ACC0000003145,344572.59,0.0,0.0,344572.59,NPR
2026-01-26,ACC0000003146,175515.37,0.0,184227.53,-8712.16,NPR
2026-01-26,ACC0000003147,147846.68,0.0,0.0,147846.68,NPR
2026-01-26,ACC0000003148,467740.87,0.0,49932.59,417808.28,NPR
2026-01-26,ACC0000003149,33331.59,0.0,94215.87,-60884.28,NPR
2026-01-26,ACC0000003150,208083.4,0.0,0.0,208083.4,NPR
2026-01-26,ACC0000003151,180741.97,7035.82,75570.04,112207.75,NPR
2026-01-26,ACC0000003152,477579.15,0.0,98449.9,379129.25,NPR
2026-01-26,ACC0000003153,435683.36,18853.94,113382.37,341154.93,NPR
2026-01-26,ACC0000003154,248936.39,0.0,110537.14,138399.25,NPR
2026-01-26,ACC0000003155,84509.23,0.0,110206.78,-25697.55,NPR
2026-01-26,ACC0000003156,257795.8,22857.14,62247.22,218405.72,NPR
2026-01-26,ACC0000003157,93120.91,15657.39,29795.08,78983.22,NPR
2026-01-26,ACC0000003158,23796.85,0.0,0.0,23796.85,NPR
2026-01-26,ACC0000003159,484704.86,26028.28,416.75,510316.39,NPR
2026-01-26,ACC0000003160,403973.63,0.0,0.0,403973.63,NPR
2026-01-26,ACC0000003161,280038.48,0.0,39038.98,240999.5,NPR
2026-01-26,ACC0000003162,493091.0,0.0,0.0,493091.0,NPR
2026-01-26,ACC0000003163,195812.91,0.0,0.0,195812.91,NPR
2026-01-26,ACC0000003164,51604.06,4653.56,82377.94,-26120.32,NPR
2026-01-26,ACC0000003165,397216.48,6045.03,34683.81,368577.7,NPR
2026-01-26,ACC0000003166,320982.72,0.0,61500.92,259481.8,NPR
2026-01-26,ACC0000003167,149852.63,0.0,0.0,149852.63,NPR
2026-01-26,ACC0000003168,165650.85,0.0,38263.0,127387.85,NPR
2026-01-26,ACC0000003169,131997.05,2975.12,38941.29,96030.88,NPR
2026-01-26,ACC0000003170,465604.23,16799.98,6405.31,475998.9,NPR
2026-01-26,ACC0000003171,28135.24,0.0,70471.0,-42335.76,NPR
2026-01-26,ACC0000003172,224154.72,0.0,45914.73,178239.99,NPR
2026-01-26,ACC0000003173,419183.26,0.0,39964.52,379218.74,NPR
2026-01-26,ACC0000003174,281641.5,3076.15,88375.18,196342.47,NPR
2026-01-26,ACC0000003175,422253.92,25124.57,90784.32,356594.17,NPR
2026-01-26,ACC0000003176,440277.16,0.0,94794.9,345482.26,NPR
2026-01-26,ACC0000003177,339811.89,0.0,34860.0,304951.89,NPR
2026-01-26,ACC0000003178,336466.87,0.0,94810.78,241656.09,NPR
2026-01-26,ACC0000003179,485383.22,0.0,59813.68,425569.54,NPR
2026-01-26,ACC0000003180,339312.81,0.0,0.0,339312.81,NPR
2026-01-26,ACC0000003181,279519.02,26738.42,30004.0,276253.44,NPR
2026-01-26,ACC0000003182,494730.43,0.0,0.0,494730.43,NPR
2026-01-26,ACC0000003183,368957.06,0.0,2524.05,366433.01,NPR
2026-01-26,ACC0000003184,97222.72,0.0,46675.45,50547.27,NPR
2026-01-26,ACC0000003185,189336.14,0.0,76176.94,113159.2,NPR
2026-01-26,ACC0000003186,445019.38,0.0,36736.89,408282.49,NPR
2026-01-26,ACC0000003187,449203.5,0.0,71386.92,377816.58,NPR
2026-01-26,ACC0000003188,50987.13,46609.0,59338.54,38257.59,NPR
2026-01-26,ACC0000003189,30022.52,70855.59,36786.44,64091.67,NPR
2026-01-26,ACC0000003190,199565.93,0.0,27129.94,172435.99,NPR
2026-01-26,ACC0000003191,79177.32,0.0,67214.54,11962.78,NPR
2026-01-26,ACC0000003192,301563.47,0.0,23217.87,278345.6,NPR
2026-01-26,ACC0000003193,290342.41,0.0,53772.9,236569.51,NPR
2026-01-26,ACC0000003194,75627.1,0.0,122848.46,-47221.36,NPR
2026-01-26,ACC0000003195,156556.29,0.0,82100.98,74455.31,NPR
2026-01-26,ACC0000003196,220297.39,0.0,131995.11,88302.28,NPR
2026-01-26,ACC0000003197,293980.3,83704.01,0.0,377684.31,NPR
2026-01-26,ACC0000003198,174846.07,0.0,45415.06,129431.01,NPR
2026-01-26,ACC0000003199,335156.67,0.0,42044.61,293112.06,NPR
2026-01-26,ACC0000003200,182287.48,42770.77,203.36,224854.89,NPR
2026-01-26,ACC0000003201,141134.06,39506.55,36315.62,144324.99,NPR
2026-01-26,ACC0000003202,304997.21,0.0,0.0,304997.21,NPR
2026-01-26,ACC0000003203,240679.64,0.0,25371.18,215308.46,NPR
2026-01-26,ACC0000003204,499448.59,10768.11,154608.59,355608.11,NPR
2026-01-26,ACC0000003205,253123.58,0.0,32940.48,220183.1,NPR
2026-01-26,ACC0000003206,380029.55,33686.73,52701.75,361014.53,NPR
2026-01-26,ACC0000003207,144966.68,0.0,30564.54,114402.14,NPR
2026-01-26,ACC0000003208,349601.09,0.0,9186.25,340414.84,NPR
2026-01-26,ACC0000003209,61248.28,9928.86,39182.3,31994.84,NPR
2026-01-26,ACC0000003210,404896.8,22845.35,25038.43,402703.72,NPR
2026-01-26,ACC0000003211,277010.19,0.0,70389.28,206620.91,NPR
2026-01-26,ACC0000003212,273792.92,0.0,37102.52,236690.4,NPR
2026-01-26,ACC0000003213,399777.98,0.0,45666.64,354111.34,NPR
2026-01-26,ACC0000003214,339967.1,0.0,18768.1,321199.0,NPR
2026-01-26,ACC0000003215,383526.36,0.0,135401.22,248125.14,NPR
2026-01-26,ACC0000003216,485000.28,22495.4,50280.15,457215.53,NPR
2026-01-26,ACC0000003217,397371.18,13281.05,48647.12,362005.11,NPR
2026-01-26,ACC0000003218,261431.52,0.0,40442.02,220989.5,NPR
2026-01-26,ACC0000003219,306163.94,0.0,69140.16,237023.78,NPR
2026-01-26,ACC0000003220,141139.66,0.0,75658.55,65481.11,NPR
2026-01-26,ACC0000003221,77015.5,37156.68,45135.52,69036.66,NPR
2026-01-26,ACC0000003222,233371.79,48641.77,72416.58,209596.98,NPR
2026-01-26,ACC0000003223,416347.31,32897.42,50130.62,399114.11,NPR
2026-01-26,ACC0000003224,344294.76,0.0,50161.94,294132.82,NPR
2026-01-26,ACC0000003225,78772.6,0.0,0.0,78772.6,NPR
2026-01-26,ACC0000003226,302930.76,0.0,44182.87,258747.89,NPR
2026-01-26,ACC0000003227,153950.35,16645.12,7893.13,162702.34,NPR
2026-01-26,ACC0000003228,98223.08,0.0,0.0,98223.08,NPR
2026-01-26,ACC0000003229,1057.67,0.0,106882.74,-105825.07,NPR
2026-01-26,ACC0000003230,366014.87,0.0,46447.28,319567.59,NPR
2026-01-26,ACC0000003231,182035.81,0.0,72350.53,109685.28,NPR
2026-01-26,ACC0000003232,151086.17,47152.81,40506.63,157732.35,NPR
2026-01-26,ACC0000003233,172162.74,34222.8,55076.0,151309.54,NPR
2026-01-26,ACC0000003234,357207.9,0.0,0.0,357207.9,NPR
2026-01-26,ACC0000003235,98451.8,0.0,82627.99,15823.81,NPR
2026-01-26,ACC0000003236,372394.04,0.0,42925.16,329468.88,NPR
2026-01-26,ACC0000003237,391893.98,0.0,17191.75,374702.23,NPR
2026-01-26,ACC0000003238,87119.78,0.0,46817.83,40301.95,NPR
2026-01-26,ACC0000003239,454812.22,0.0,86735.77,368076.45,NPR
2026-01-26,ACC0000003240,52765.42,46384.18,69844.0,29305.6,NPR
2026-01-26,ACC0000003241,277705.03,0.0,0.0,277705.03,NPR
2026-01-26,ACC0000003242,414929.16,25722.6,44563.61,396088.15,NPR
2026-01-26,ACC0000003243,352941.53,73352.37,0.0,426293.9,NPR
2026-01-26,ACC0000003244,358346.69,0.0,43764.0,314582.69,NPR
2026-01-26,ACC0000003245,126330.51,352.61,34325.64,92357.48,NPR
2026-01-26,ACC0000003246,244995.73,0.0,22490.0,222505.73,NPR
2026-01-26,ACC0000003247,466929.73,0.0,47600.1,419329.63,NPR
2026-01-26,ACC0000003248,198276.28,53616.36,75126.66,176765.98,NPR
2026-01-26,ACC0000003249,353932.96,24510.69,71211.71,307231.94,NPR
2026-01-26,ACC0000003250,214756.44,0.0,53859.94,160896.5,NPR
2026-01-26,ACC0000003251,1666.28,66684.5,75422.83,-7072.05,NPR
2026-01-26,ACC0000003252,195376.9,2899.24,53193.8,145082.34,NPR
2026-01-26,ACC0000003253,350226.49,28716.83,73264.49,305678.83,NPR
2026-01-26,ACC0000003254,396503.62,0.0,75388.93,321114.69,NPR
2026-01-26,ACC0000003255,464660.11,0.0,92168.16,372491.95,NPR
2026-01-26,ACC0000003256,179308.24,38943.99,68610.83,149641.4,NPR
2026-01-26,ACC0000003257,219245.45,23533.83,0.0,242779.28,NPR
2026-01-26,ACC0000003258,393248.99,49609.43,183685.72,259172.7,NPR
2026-01-26,ACC0000003259,51164.6,42832.45,49905.41,44091.64,NPR
2026-01-26,ACC0000003260,361773.3,0.0,144478.38,217294.92,NPR
2026-01-26,ACC0000003261,455594.27,0.0,21867.3,433726.97,NPR
2026-01-26,ACC0000003262,182749.62,0.0,47875.52,134874.1,NPR
2026-01-26,ACC0000003263,351156.92,0.0,111974.4,239182.52,NPR
2026-01-26,ACC0000003264,296876.62,0.0,0.0,296876.62,NPR
2026-01-26,ACC0000003265,223456.6,0.0,54504.24,168952.36,NPR
2026-01-26,ACC0000003266,71344.53,33296.91,14493.67,90147.77,NPR
2026-01-26,ACC0000003267,327678.72,0.0,0.0,327678.72,NPR
2026-01-26,ACC0000003268,47443.42,0.0,48893.75,-1450.33,NPR
2026-01-26,ACC0000003269,183650.27,13217.31,23976.88,172890.7,NPR
2026-01-26,ACC0000003270,427981.33,19746.5,45767.88,401959.95,NPR
2026-01-26,ACC0000003271,411050.16,0.0,48717.53,362332.63,NPR
2026-01-26,ACC0000003272,143250.57,0.0,75196.3,68054.27,NPR
2026-01-26,ACC0000003273,46816.82,92964.63,6739.06,133042.39,NPR
2026-01-26,ACC0000003274,392612.46,0.0,13055.78,379556.68,NPR
2026-01-26,ACC0000003275,55944.91,6878.19,69710.04,-6886.94,NPR
2026-01-26,ACC0000003276,435873.07,0.0,78338.88,357534.19,NPR
2026-01-26,ACC0000003277,87762.19,0.0,44926.62,42835.57,NPR
2026-01-26,ACC0000003278,117707.18,0.0,117873.19,-166.01,NPR
2026-01-26,ACC0000003279,43315.44,0.0,75145.47,-31830.03,NPR
2026-01-26,ACC0000003280,89363.26,0.0,46074.12,43289.14,NPR
2026-01-26,ACC0000003281,61461.39,25282.36,17169.76,69573.99,NPR
2026-01-26,ACC0000003282,338300.84,0.0,67110.96,271189.88,NPR
2026-01-26,ACC0000003283,163434.26,0.0,0.0,163434.26,NPR
2026-01-26,ACC0000003284,290109.68,0.0,0.0,290109.68,NPR
2026-01-26,ACC0000003285,407450.72,0.0,0.0,407450.72,NPR
2026-01-26,ACC0000003286,13325.0,48071.55,0.0,61396.55,NPR
2026-01-26,ACC0000003287,406324.31,0.0,0.0,406324.31,NPR
2026-01-26,ACC0000003288,425549.22,0.0,11042.31,414506.91,NPR
2026-01-26,ACC0000003289,262889.26,31450.51,118547.03,175792.74,NPR
2026-01-26,ACC0000003290,26385.25,0.0,43926.5,-17541.25,NPR
2026-01-26,ACC0000003291,23564.86,17337.46,81988.05,-41085.73,NPR
2026-01-26,ACC0000003292,226222.05,43479.95,52866.26,216835.74,NPR
2026-01-26,ACC0000003293,38721.15,0.0,1697.53,37023.62,NPR
2026-01-26,ACC0000003294,235702.42,0.0,34895.33,200807.09,NPR
2026-01-26,ACC0000003295,265914.23,6089.47,25735.47,246268.23,NPR
2026-01-26,ACC0000003296,97777.71,11253.46,48405.99,60625.18,NPR
2026-01-26,ACC0000003297,339270.63,0.0,37627.5,301643.13,NPR
2026-01-26,ACC0000003298,107102.35,20775.83,49404.97,78473.21,NPR
2026-01-26,ACC0000003299,391479.22,0.0,0.0,391479.22,NPR
2026-01-26,ACC0000003300,453161.33,0.0,68330.83,384830.5,NPR
2026-01-26,ACC0000003301,47097.46,0.0,37200.7,9896.76,NPR
2026-01-26,ACC0000003302,65071.03,25236.73,68004.24,22303.52,NPR
2026-01-26,ACC0000003303,99263.16,0.0,121485.66,-22222.5,NPR
2026-01-26,ACC0000003304,235672.61,31456.06,0.0,267128.67,NPR
2026-01-26,ACC0000003305,10039.53,0.0,0.0,10039.53,NPR
2026-01-26,ACC0000003306,363285.14,40986.65,97515.23,306756.56,NPR
2026-01-26,ACC0000003307,155860.0,18289.41,5287.2,168862.21,NPR
2026-01-26,ACC0000003308,16814.45,40121.03,87212.84,-30277.36,NPR
2026-01-26,ACC0000003309,311507.76,21013.93,40391.43,292130.26,NPR
2026-01-26,ACC0000003310,161260.1,5677.11,181337.64,-14400.43,NPR
2026-01-26,ACC0000003311,238021.67,0.0,83135.68,154885.99,NPR
2026-01-26,ACC0000003312,158669.7,0.0,0.0,158669.7,NPR
2026-01-26,ACC0000003313,324100.94,0.0,48676.36,275424.58,NPR
2026-01-26,ACC0000003314,245462.1,0.0,0.0,245462.1,NPR
2026-01-26,ACC0000003315,142347.05,0.0,50557.13,91789.92,NPR
2026-01-26,ACC0000003316,483031.15,0.0,24314.58,458716.57,NPR
2026-01-26,ACC0000003317,245298.44,0.0,39109.94,206188.5,NPR
2026-01-26,ACC0000003318,460362.62,48323.36,83506.18,425179.8,NPR
2026-01-26,ACC0000003319,380570.29,0.0,24513.74,356056.55,NPR
2026-01-26,ACC0000003320,152733.7,33569.39,340.76,185962.33,NPR
2026-01-26,ACC0000003321,95612.53,0.0,37686.08,57926.45,NPR
2026-01-26,ACC0000003322,2396.97,0.0,59731.03,-57334.06,NPR
2026-01-26,ACC0000003323,141326.62,0.0,0.0,141326.62,NPR
2026-01-26,ACC0000003324,7488.35,0.0,40895.95,-33407.6,NPR
2026-01-26,ACC0000003325,145348.24,0.0,0.0,145348.24,NPR
2026-01-26,ACC0000003326,272300.68,0.0,0.0,272300.68,NPR
2026-01-26,ACC0000003327,144081.32,0.0,40845.68,103235.64,NPR
2026-01-26,ACC0000003328,289852.02,49531.05,46373.52,293009.55,NPR
2026-01-26,ACC0000003329,129476.11,33266.55,150516.24,12226.42,NPR
2026-01-26,ACC0000003330,73856.86,0.0,76799.2,-2942.34,NPR
2026-01-26,ACC0000003331,457464.77,51507.01,66019.47,442952.31,NPR
2026-01-26,ACC0000003332,106855.63,0.0,46920.57,59935.06,NPR
2026-01-26,ACC0000003333,159581.26,0.0,0.0,159581.26,NPR
2026-01-26,ACC0000003334,471268.3,47467.81,0.0,518736.11,NPR
2026-01-26,ACC0000003335,449464.74,0.0,47108.9,402355.84,NPR
2026-01-26,ACC0000003336,262261.62,0.0,33331.75,228929.87,NPR
2026-01-26,ACC0000003337,32403.31,7812.88,1050.77,39165.42,NPR
2026-01-26,ACC0000003338,367404.66,0.0,64995.32,302409.34,NPR
2026-01-26,ACC0000003339,455047.95,25041.29,43602.03,436487.21,NPR
2026-01-26,ACC0000003340,297220.72,0.0,59726.6,237494.12,NPR
2026-01-26,ACC0000003341,323285.56,43939.97,90908.96,276316.57,NPR
2026-01-26,ACC0000003342,467688.18,2424.76,181010.75,289102.19,NPR
2026-01-26,ACC0000003343,269795.3,0.0,0.0,269795.3,NPR
2026-01-26,ACC0000003344,63079.78,0.0,0.0,63079.78,NPR
2026-01-26,ACC0000003345,166056.48,0.0,42646.79,123409.69,NPR
2026-01-26,ACC0000003346,68421.78,40024.93,46070.17,62376.54,NPR
2026-01-26,ACC0000003347,57187.68,0.0,111479.11,-54291.43,NPR
2026-01-26,ACC0000003348,412478.64,41752.77,48662.86,405568.55,NPR
2026-01-26,ACC0000003349,351427.02,0.0,0.0,351427.02,NPR
2026-01-26,ACC0000003350,466680.31,0.0,0.0,466680.31,NPR
2026-01-26,ACC0000003351,48065.31,0.0,77281.33,-29216.02,NPR
2026-01-26,ACC0000003352,352657.24,0.0,0.0,352657.24,NPR
2026-01-26,ACC0000003353,43838.07,0.0,0.0,43838.07,NPR
2026-01-26,ACC0000003354,421939.51,34044.56,29977.02,426007.05,NPR
2026-01-26,ACC0000003355,421959.75,0.0,0.0,421959.75,NPR
2026-01-26,ACC0000003356,124494.76,9855.28,88444.57,45905.47,NPR
2026-01-26,ACC0000003357,487289.03,32422.97,17070.23,502641.77,NPR
2026-01-26,ACC0000003358,453029.26,0.0,31174.03,421855.23,NPR
2026-01-26,ACC0000003359,366729.42,0.0,0.0,366729.42,NPR
2026-01-26,ACC0000003360,113844.4,0.0,37301.54,76542.86,NPR
2026-01-26,ACC0000003361,282351.67,29352.62,62599.96,249104.33,NPR
2026-01-26,ACC0000003362,57986.71,0.0,101131.36,-43144.65,NPR
2026-01-26,ACC0000003363,3960.73,0.0,28539.25,-24578.52,NPR
2026-01-26,ACC0000003364,175670.57,0.0,38969.13,136701.44,NPR
2026-01-26,ACC0000003365,62066.37,0.0,87641.6,-25575.23,NPR
2026-01-26,ACC0000003366,435954.08,2943.53,43136.83,395760.78,NPR
2026-01-26,ACC0000003367,494616.9,22306.15,55549.83,461373.22,NPR
2026-01-26,ACC0000003368,250997.15,0.0,39069.79,211927.36,NPR
2026-01-26,ACC0000003369,318651.06,20766.23,45143.11,294274.18,NPR
2026-01-26,ACC0000003370,138135.61,0.0,0.0,138135.61,NPR
2026-01-26,ACC0000003371,232332.99,0.0,49787.35,182545.64,NPR
2026-01-26,ACC0000003372,199890.41,0.0,9612.32,190278.09,NPR
2026-01-26,ACC0000003373,396486.01,0.0,0.0,396486.01,NPR
2026-01-26,ACC0000003374,408755.37,0.0,0.0,408755.37,NPR
2026-01-26,ACC0000003375,25872.23,34640.95,55614.3,4898.88,NPR
2026-01-26,ACC0000003376,37748.62,0.0,155645.87,-117897.25,NPR
2026-01-26,ACC0000003377,395215.34,20174.84,49627.23,365762.95,NPR
2026-01-26,ACC0000003378,135334.62,0.0,48901.04,86433.58,NPR
2026-01-26,ACC0000003379,400023.43,0.0,47872.59,352150.84,NPR
2026-01-26,ACC0000003380,328998.12,0.0,64241.52,264756.6,NPR
2026-01-26,ACC0000003381,251764.09,0.0,130527.38,121236.71,NPR
2026-01-26,ACC0000003382,442591.25,0.0,29760.64,412830.61,NPR
2026-01-26,ACC0000003383,421606.32,30360.82,8500.26,443466.88,NPR
2026-01-26,ACC0000003384,457682.65,35660.68,34968.71,458374.62,NPR
2026-01-26,ACC0000003385,177875.18,0.0,66189.87,111685.31,NPR
2026-01-26,ACC0000003386,301433.33,0.0,0.0,301433.33,NPR
2026-01-26,ACC0000003387,289384.4,47504.19,51152.96,285735.63,NPR
2026-01-26,ACC0000003388,367767.35,0.0,49571.33,318196.02,NPR
2026-01-26,ACC0000003389,199654.84,4648.02,25805.86,178497.0,NPR
2026-01-26,ACC0000003390,19206.18,14885.21,19711.52,14379.87,NPR
2026-01-26,ACC0000003391,215223.24,0.0,21495.67,193727.57,NPR
2026-01-26,ACC0000003392,8267.21,0.0,34919.93,-26652.72,NPR
2026-01-26,ACC0000003393,200909.93,25260.52,33585.92,192584.53,NPR
2026-01-26,ACC0000003394,322440.82,0.0,0.0,322440.82,NPR
2026-01-26,ACC0000003395,423492.95,1976.77,0.0,425469.72,NPR
2026-01-26,ACC0000003396,404286.84,8772.86,48482.05,364577.65,NPR
2026-01-26,ACC0000003397,381961.57,0.0,42505.66,339455.91,NPR
2026-01-26,ACC0000003398,104698.81,0.0,60200.65,44498.16,NPR
2026-01-26,ACC0000003399,215873.97,0.0,0.0,215873.97,NPR
2026-01-26,ACC0000003400,298182.82,0.0,0.0,298182.82,NPR
2026-01-26,ACC0000003401,448364.28,0.0,12571.07,435793.21,NPR
2026-01-26,ACC0000003402,388623.35,35099.85,79136.42,344586.78,NPR
2026-01-26,ACC0000003403,18416.78,0.0,0.0,18416.78,NPR
2026-01-26,ACC0000003404,272234.85,0.0,0.0,272234.85,NPR
2026-01-26,ACC0000003405,218705.94,0.0,0.0,218705.94,NPR
2026-01-26,ACC0000003406,287407.51,28864.01,46861.8,269409.72,NPR
2026-01-26,ACC0000003407,133262.73,0.0,55600.3,77662.43,NPR
2026-01-26,ACC0000003408,93917.39,788.4,36577.09,58128.7,NPR
2026-01-26,ACC0000003409,170830.45,0.0,25681.73,145148.72,NPR
2026-01-26,ACC0000003410,444489.64,0.0,14598.48,429891.16,NPR
2026-01-26,ACC0000003411,478697.58,32880.55,84367.76,427210.37,NPR
2026-01-26,ACC0000003412,258265.79,0.0,81984.07,176281.72,NPR
2026-01-26,ACC0000003413,166981.25,0.0,63778.91,103202.34,NPR
2026-01-26,ACC0000003414,316427.58,31889.51,2826.15,345490.94,NPR
2026-01-26,ACC0000003415,333405.37,48166.46,36214.3,345357.53,NPR
2026-01-26,ACC0000003416,109648.27,0.0,0.0,109648.27,NPR
2026-01-26,ACC0000003417,53306.46,0.0,45607.04,7699.42,NPR
2026-01-26,ACC0000003418,341358.42,0.0,0.0,341358.42,NPR
2026-01-26,ACC0000003419,35195.76,14251.4,46914.39,2532.77,NPR
2026-01-26,ACC0000003420,249341.08,35963.91,16206.09,269098.9,NPR
2026-01-26,ACC0000003421,454958.0,88428.26,48097.33,495288.93,NPR
2026-01-26,ACC0000003422,433527.29,0.0,98998.06,334529.23,NPR
2026-01-26,ACC0000003423,223167.92,0.0,139612.55,83555.37,NPR
2026-01-26,ACC0000003424,161672.0,0.0,0.0,161672.0,NPR
2026-01-26,ACC0000003425,326638.67,66398.2,55648.04,337388.83,NPR
2026-01-26,ACC0000003426,34476.05,4333.99,42466.22,-3656.18,NPR
2026-01-26,ACC0000003427,370075.65,48234.34,0.0,418309.99,NPR
2026-01-26,ACC0000003428,447394.57,0.0,56216.51,391178.06,NPR
2026-01-26,ACC0000003429,283191.41,48607.91,16851.04,314948.28,NPR
2026-01-26,ACC0000003430,167120.02,0.0,10945.41,156174.61,NPR
2026-01-26,ACC0000003431,450235.01,44537.35,6934.09,487838.27,NPR
2026-01-26,ACC0000003432,56282.34,25472.1,0.0,81754.44,NPR
2026-01-26,ACC0000003433,341374.49,0.0,3122.41,338252.08,NPR
2026-01-26,ACC0000003434,219318.8,30648.1,40207.53,209759.37,NPR
2026-01-26,ACC0000003435,155317.88,0.0,1718.71,153599.17,NPR
2026-01-26,ACC0000003436,483602.02,96158.53,82562.51,497198.04,NPR
2026-01-26,ACC0000003437,239605.1,42496.88,121171.65,160930.33,NPR
2026-01-26,ACC0000003438,287184.58,0.0,0.0,287184.58,NPR
2026-01-26,ACC0000003439,339339.41,0.0,43804.18,295535.23,NPR
2026-01-26,ACC0000003440,139568.08,0.0,0.0,139568.08,NPR
2026-01-26,ACC0000003441,325876.3,12180.38,78048.6,260008.08,NPR
2026-01-26,ACC0000003442,83986.22,0.0,72864.83,11121.39,NPR
2026-01-26,ACC0000003443,493790.05,19957.42,113107.1,400640.37,NPR
2026-01-26,ACC0000003444,305166.45,0.0,14603.35,290563.1,NPR
2026-01-26,ACC0000003445,39713.36,0.0,0.0,39713.36,NPR
2026-01-26,ACC0000003446,297160.14,0.0,32269.22,264890.92,NPR
2026-01-26,ACC0000003447,402818.71,1461.62,2058.49,402221.84,NPR
2026-01-26,ACC0000003448,64187.08,0.0,0.0,64187.08,NPR
2026-01-26,ACC0000003449,487846.09,0.0,46999.29,440846.8,NPR
2026-01-26,ACC0000003450,381115.74,0.0,671.93,380443.81,NPR
2026-01-26,ACC0000003451,380128.41,0.0,10521.43,369606.98,NPR
2026-01-26,ACC0000003452,366690.66,0.0,0.0,366690.66,NPR
2026-01-26,ACC0000003453,206796.09,0.0,29676.21,177119.88,NPR
2026-01-26,ACC0000003454,261620.38,48285.73,32946.25,276959.86,NPR
2026-01-26,ACC0000003455,146097.7,11834.89,50449.56,107483.03,NPR
2026-01-26,ACC0000003456,297188.07,0.0,49791.39,247396.68,NPR
2026-01-26,ACC0000003457,228676.85,0.0,35889.79,192787.06,NPR
2026-01-26,ACC0000003458,66889.87,0.0,0.0,66889.87,NPR
2026-01-26,ACC0000003459,477868.97,17948.58,93463.06,402354.49,NPR
2026-01-26,ACC0000003460,366649.79,0.0,152352.6,214297.19,NPR
2026-01-26,ACC0000003461,148838.13,0.0,5831.79,143006.34,NPR
2026-01-26,ACC0000003462,276437.98,48053.01,119029.79,205461.2,NPR
2026-01-26,ACC0000003463,170795.99,66085.06,24510.86,212370.19,NPR
2026-01-26,ACC0000003464,142761.54,0.0,0.0,142761.54,NPR
2026-01-26,ACC0000003465,282397.96,41196.89,27243.77,296351.08,NPR
2026-01-26,ACC0000003466,365910.82,0.0,35774.04,330136.78,NPR
2026-01-26,ACC0000003467,162733.0,6608.82,15597.5,153744.32,NPR
2026-01-26,ACC0000003468,321182.25,0.0,76496.7,244685.55,NPR
2026-01-26,ACC0000003469,264761.23,0.0,52194.32,212566.91,NPR
2026-01-26,ACC0000003470,339877.59,0.0,34969.18,304908.41,NPR
2026-01-26,ACC0000003471,431886.23,0.0,0.0,431886.23,NPR
2026-01-26,ACC0000003472,183047.58,0.0,77841.19,105206.39,NPR
2026-01-26,ACC0000003473,335314.38,10366.83,0.0,345681.21,NPR
2026-01-26,ACC0000003474,154927.12,0.0,132256.56,22670.56,NPR
2026-01-26,ACC0000003475,120187.77,0.0,125652.85,-5465.08,NPR
2026-01-26,ACC0000003476,160049.95,19613.85,61875.15,117788.65,NPR
2026-01-26,ACC0000003477,439123.73,0.0,121440.83,317682.9,NPR
2026-01-26,ACC0000003478,313403.32,0.0,29494.1,283909.22,NPR
2026-01-26,ACC0000003479,76621.97,0.0,0.0,76621.97,NPR
2026-01-26,ACC0000003480,218270.67,0.0,18126.96,200143.71,NPR
2026-01-26,ACC0000003481,434160.81,0.0,0.0,434160.81,NPR
2026-01-26,ACC0000003482,120332.76,0.0,82102.36,38230.4,NPR
2026-01-26,ACC0000003483,167982.44,13968.83,98049.02,83902.25,NPR
2026-01-26,ACC0000003484,496030.68,0.0,13020.39,483010.29,NPR
2026-01-26,ACC0000003485,83952.35,0.0,77902.19,6050.16,NPR
2026-01-26,ACC0000003486,3074.16,57173.82,62496.16,-2248.18,NPR
2026-01-26,ACC0000003487,251687.27,0.0,38587.61,213099.66,NPR
2026-01-26,ACC0000003488,138073.98,0.0,7195.54,130878.44,NPR
2026-01-26,ACC0000003489,23701.22,47431.89,16302.65,54830.46,NPR
2026-01-26,ACC0000003490,63473.36,0.0,0.0,63473.36,NPR
2026-01-26,ACC0000003491,390530.55,0.0,41582.72,348947.83,NPR
2026-01-26,ACC0000003492,407538.69,0.0,104383.25,303155.44,NPR
2026-01-26,ACC0000003493,110010.57,0.0,76060.92,33949.65,NPR
2026-01-26,ACC0000003494,298898.12,23995.16,0.0,322893.28,NPR
2026-01-26,ACC0000003495,261074.82,21001.43,161925.19,120151.06,NPR
2026-01-26,ACC0000003496,320379.61,0.0,84413.28,235966.33,NPR
2026-01-26,ACC0000003497,33834.88,11685.93,167476.78,-121955.97,NPR
2026-01-26,ACC0000003498,420353.1,45340.6,142497.05,323196.65,NPR
2026-01-26,ACC0000003499,276566.23,0.0,55359.66,221206.57,NPR
2026-01-26,ACC0000003500,267985.05,0.0,0.0,267985.05,NPR
2026-01-26,ACC0000003501,14337.26,0.0,0.0,14337.26,NPR
2026-01-26,ACC0000003502,77789.42,0.0,4255.34,73534.08,NPR
2026-01-26,ACC0000003503,263507.33,0.0,7400.85,256106.48,NPR
2026-01-26,ACC0000003504,251340.81,0.0,0.0,251340.81,NPR
2026-01-26,ACC0000003505,469715.47,0.0,96667.58,373047.89,NPR
2026-01-26,ACC0000003506,272721.94,0.0,94161.47,178560.47,NPR
2026-01-26,ACC0000003507,219153.55,0.0,0.0,219153.55,NPR
2026-01-26,ACC0000003508,138005.32,0.0,63241.57,74763.75,NPR
2026-01-26,ACC0000003509,187399.93,0.0,45860.47,141539.46,NPR
2026-01-26,ACC0000003510,342893.58,0.0,48397.21,294496.37,NPR
2026-01-26,ACC0000003511,402569.56,5863.92,5763.56,402669.92,NPR
2026-01-26,ACC0000003512,316961.04,33039.63,0.0,350000.67,NPR
2026-01-26,ACC0000003513,295382.08,0.0,0.0,295382.08,NPR
2026-01-26,ACC0000003514,181403.89,2616.19,24924.52,159095.56,NPR
2026-01-26,ACC0000003515,385237.58,5857.84,0.0,391095.42,NPR
2026-01-26,ACC0000003516,171002.35,12424.57,56877.94,126548.98,NPR
2026-01-26,ACC0000003517,237810.73,63853.2,31372.49,270291.44,NPR
2026-01-26,ACC0000003518,265162.48,79712.96,83497.94,261377.5,NPR
2026-01-26,ACC0000003519,293013.9,0.0,0.0,293013.9,NPR
2026-01-26,ACC0000003520,427500.6,47042.19,22924.19,451618.6,NPR
2026-01-26,ACC0000003521,325996.69,9879.55,69981.49,265894.75,NPR
2026-01-26,ACC0000003522,107873.08,0.0,46891.39,60981.69,NPR
2026-01-26,ACC0000003523,106775.61,0.0,1120.43,105655.18,NPR
2026-01-26,ACC0000003524,453052.13,39314.8,39978.96,452387.97,NPR
2026-01-26,ACC0000003525,246651.43,0.0,142808.66,103842.77,NPR
2026-01-26,ACC0000003526,278998.12,26603.97,11195.66,294406.43,NPR
2026-01-26,ACC0000003527,177621.34,12968.9,55243.92,135346.32,NPR
2026-01-26,ACC0000003528,337289.91,0.0,0.0,337289.91,NPR
2026-01-26,ACC0000003529,207832.85,0.0,0.0,207832.85,NPR
2026-01-26,ACC0000003530,347129.59,0.0,35100.3,312029.29,NPR
2026-01-26,ACC0000003531,217543.61,0.0,39901.52,177642.09,NPR
2026-01-26,ACC0000003532,244277.29,0.0,0.0,244277.29,NPR
2026-01-26,ACC0000003533,178509.83,9150.11,74884.41,112775.53,NPR
2026-01-26,ACC0000003534,89666.83,35366.99,3984.11,121049.71,NPR
2026-01-26,ACC0000003535,115274.24,0.0,19375.53,95898.71,NPR
2026-01-26,ACC0000003536,220008.38,56600.96,88537.42,188071.92,NPR
2026-01-26,ACC0000003537,482441.11,59838.61,0.0,542279.72,NPR
2026-01-26,ACC0000003538,109110.2,13407.58,94758.16,27759.62,NPR
2026-01-26,ACC0000003539,93261.8,0.0,79620.55,13641.25,NPR
2026-01-26,ACC0000003540,52221.48,16850.46,39205.5,29866.44,NPR
2026-01-26,ACC0000003541,449388.42,0.0,44137.33,405251.09,NPR
2026-01-26,ACC0000003542,317244.6,0.0,78824.45,238420.15,NPR
2026-01-26,ACC0000003543,5941.29,0.0,28893.59,-22952.3,NPR
2026-01-26,ACC0000003544,430053.75,0.0,68126.03,361927.72,NPR
2026-01-26,ACC0000003545,115315.17,0.0,144380.75,-29065.58,NPR
2026-01-26,ACC0000003546,339797.06,49406.59,121718.28,267485.37,NPR
2026-01-26,ACC0000003547,442787.83,49405.93,44581.41,447612.35,NPR
2026-01-26,ACC0000003548,183725.84,0.0,0.0,183725.84,NPR
2026-01-26,ACC0000003549,157396.62,0.0,41774.83,115621.79,NPR
2026-01-26,ACC0000003550,268881.38,0.0,39360.91,229520.47,NPR
2026-01-26,ACC0000003551,310731.41,46423.05,29044.11,328110.35,NPR
2026-01-26,ACC0000003552,227825.07,0.0,74618.49,153206.58,NPR
2026-01-26,ACC0000003553,169877.27,0.0,84063.35,85813.92,NPR
2026-01-26,ACC0000003554,433280.11,0.0,33354.43,399925.68,NPR
2026-01-26,ACC0000003555,189009.49,0.0,79237.79,109771.7,NPR
2026-01-26,ACC0000003556,49716.05,49846.3,24045.37,75516.98,NPR
2026-01-26,ACC0000003557,27023.99,87628.24,109348.26,5303.97,NPR
2026-01-26,ACC0000003558,192673.73,11896.8,61260.37,143310.16,NPR
2026-01-26,ACC0000003559,291391.88,0.0,69302.63,222089.25,NPR
2026-01-26,ACC0000003560,55588.28,46058.04,173873.61,-72227.29,NPR
2026-01-26,ACC0000003561,349134.92,0.0,20753.21,328381.71,NPR
2026-01-26,ACC0000003562,18368.8,0.0,0.0,18368.8,NPR
2026-01-26,ACC0000003563,58480.76,0.0,0.0,58480.76,NPR
2026-01-26,ACC0000003564,124691.95,36823.79,115753.25,45762.49,NPR
2026-01-26,ACC0000003565,488432.33,0.0,0.0,488432.33,NPR
2026-01-26,ACC0000003566,67541.74,2392.77,30295.05,39639.46,NPR
2026-01-26,ACC0000003567,413287.77,18550.4,46304.93,385533.24,NPR
2026-01-26,ACC0000003568,478964.28,0.0,100562.38,378401.9,NPR
2026-01-26,ACC0000003569,325778.63,0.0,0.0,325778.63,NPR
2026-01-26,ACC0000003570,236188.46,36990.79,41837.91,231341.34,NPR
2026-01-26,ACC0000003571,390557.33,0.0,63552.38,327004.95,NPR
2026-01-26,ACC0000003572,340987.03,0.0,91277.3,249709.73,NPR
2026-01-26,ACC0000003573,266387.21,0.0,53605.48,212781.73,NPR
2026-01-26,ACC0000003574,227443.59,27822.64,43665.12,211601.11,NPR
2026-01-26,ACC0000003575,381516.42,0.0,0.0,381516.42,NPR
2026-01-26,ACC0000003576,407549.28,0.0,11518.91,396030.37,NPR
2026-01-26,ACC0000003577,183662.14,0.0,0.0,183662.14,NPR
2026-01-26,ACC0000003578,270540.34,0.0,69506.5,201033.84,NPR
2026-01-26,ACC0000003579,179802.51,5919.35,115549.96,70171.9,NPR
2026-01-26,ACC0000003580,101364.81,32256.57,33211.88,100409.5,NPR
2026-01-26,ACC0000003581,54992.26,53005.97,760.43,107237.8,NPR
2026-01-26,ACC0000003582,27268.95,0.0,81786.1,-54517.15,NPR
2026-01-26,ACC0000003583,348466.3,0.0,0.0,348466.3,NPR
2026-01-26,ACC0000003584,189072.66,0.0,21624.4,167448.26,NPR
2026-01-26,ACC0000003585,393840.59,0.0,53441.6,340398.99,NPR
2026-01-26,ACC0000003586,27476.35,15952.02,0.0,43428.37,NPR
2026-01-26,ACC0000003587,72281.92,6247.57,8768.06,69761.43,NPR
2026-01-26,ACC0000003588,415564.0,0.0,55092.32,360471.68,NPR
2026-01-26,ACC0000003589,346141.7,0.0,46511.71,299629.99,NPR
2026-01-26,ACC0000003590,195662.36,25370.14,45063.19,175969.31,NPR
2026-01-26,ACC0000003591,338427.64,44450.54,104487.36,278390.82,NPR
2026-01-26,ACC0000003592,298701.4,0.0,1187.01,297514.39,NPR
2026-01-26,ACC0000003593,102765.5,44030.65,128490.21,18305.94,NPR
2026-01-26,ACC0000003594,211321.16,30442.02,89118.98,152644.2,NPR
2026-01-26,ACC0000003595,259801.49,40566.01,104649.83,195717.67,NPR
2026-01-26,ACC0000003596,197905.97,0.0,0.0,197905.97,NPR
2026-01-26,ACC0000003597,172852.12,0.0,94269.3,78582.82,NPR
2026-01-26,ACC0000003598,190945.2,0.0,56091.66,134853.54,NPR
2026-01-26,ACC0000003599,253713.51,0.0,72806.76,180906.75,NPR
2026-01-26,ACC0000003600,451944.75,0.0,29509.99,422434.76,NPR
2026-01-26,ACC0000003601,496170.76,39101.51,73857.33,461414.94,NPR
2026-01-26,ACC0000003602,436714.37,0.0,121366.81,315347.56,NPR
2026-01-26,ACC0000003603,58477.85,8418.83,73398.94,-6502.26,NPR
2026-01-26,ACC0000003604,295956.19,0.0,534.34,295421.85,NPR
2026-01-26,ACC0000003605,186006.84,0.0,90883.44,95123.4,NPR
2026-01-26,ACC0000003606,101859.29,15048.5,142142.39,-25234.6,NPR
2026-01-26,ACC0000003607,15367.02,0.0,42943.1,-27576.08,NPR
2026-01-26,ACC0000003608,220326.36,0.0,53262.92,167063.44,NPR
2026-01-26,ACC0000003609,58492.93,40853.46,31299.67,68046.72,NPR
2026-01-26,ACC0000003610,453587.9,0.0,42884.45,410703.45,NPR
2026-01-26,ACC0000003611,197668.21,0.0,32494.28,165173.93,NPR
2026-01-26,ACC0000003612,117896.8,19084.06,15042.33,121938.53,NPR
2026-01-26,ACC0000003613,246668.85,24557.89,0.0,271226.74,NPR
2026-01-26,ACC0000003614,434976.96,0.0,0.0,434976.96,NPR
2026-01-26,ACC0000003615,266896.66,26693.98,73270.21,220320.43,NPR
2026-01-26,ACC0000003616,295341.85,0.0,24370.58,270971.27,NPR
2026-01-26,ACC0000003617,82114.58,68603.53,61791.64,88926.47,NPR
2026-01-26,ACC0000003618,497774.12,0.0,0.0,497774.12,NPR
2026-01-26,ACC0000003619,254037.08,0.0,72314.42,181722.66,NPR
2026-01-26,ACC0000003620,7570.88,57.81,79630.36,-72001.67,NPR
2026-01-26,ACC0000003621,375433.25,0.0,0.0,375433.25,NPR
2026-01-26,ACC0000003622,14035.84,0.0,54848.03,-40812.19,NPR
2026-01-26,ACC0000003623,212978.97,0.0,0.0,212978.97,NPR
2026-01-26,ACC0000003624,270543.43,48561.74,60966.5,258138.67,NPR
2026-01-26,ACC0000003625,429714.32,0.0,0.0,429714.32,NPR
2026-01-26,ACC0000003626,330384.02,50999.55,27302.93,354080.64,NPR
2026-01-26,ACC0000003627,442984.84,21652.83,30862.71,433774.96,NPR
2026-01-26,ACC0000003628,139295.48,0.0,60478.23,78817.25,NPR
2026-01-26,ACC0000003629,338341.15,16571.71,63777.69,291135.17,NPR
2026-01-26,ACC0000003630,270627.55,48553.21,85911.42,233269.34,NPR
2026-01-26,ACC0000003631,202673.43,0.0,0.0,202673.43,NPR
2026-01-26,ACC0000003632,328871.47,44902.04,118543.79,255229.72,NPR
2026-01-26,ACC0000003633,223772.76,0.0,0.0,223772.76,NPR
2026-01-26,ACC0000003634,102218.41,19023.01,49513.91,71727.51,NPR
2026-01-26,ACC0000003635,10865.05,0.0,61847.44,-50982.39,NPR
2026-01-26,ACC0000003636,179343.55,39116.77,42647.96,175812.36,NPR
2026-01-26,ACC0000003637,395797.4,0.0,0.0,395797.4,NPR
2026-01-26,ACC0000003638,177162.7,36125.39,96812.7,116475.39,NPR
2026-01-26,ACC0000003639,67337.7,11758.87,0.0,79096.57,NPR
2026-01-26,ACC0000003640,333798.13,0.0,125954.33,207843.8,NPR
2026-01-26,ACC0000003641,81185.21,0.0,0.0,81185.21,NPR
2026-01-26,ACC0000003642,385757.66,45817.01,14822.48,416752.19,NPR
2026-01-26,ACC0000003643,239480.67,0.0,69506.69,169973.98,NPR
2026-01-26,ACC0000003644,412019.2,0.0,0.0,412019.2,NPR
2026-01-26,ACC0000003645,433934.14,27349.41,147815.33,313468.22,NPR
2026-01-26,ACC0000003646,474550.26,0.0,35745.08,438805.18,NPR
2026-01-26,ACC0000003647,474294.1,0.0,21261.57,453032.53,NPR
2026-01-26,ACC0000003648,299889.93,0.0,0.0,299889.93,NPR
2026-01-26,ACC0000003649,352552.1,0.0,94045.32,258506.78,NPR
2026-01-26,ACC0000003650,206070.46,35043.1,12435.19,228678.37,NPR
2026-01-26,ACC0000003651,34556.29,0.0,0.0,34556.29,NPR
2026-01-26,ACC0000003652,496279.87,33010.16,40324.4,488965.63,NPR
2026-01-26,ACC0000003653,356128.29,20908.99,0.0,377037.28,NPR
2026-01-26,ACC0000003654,185066.88,0.0,0.0,185066.88,NPR
2026-01-26,ACC0000003655,451199.71,0.0,0.0,451199.71,NPR
2026-01-26,ACC0000003656,395308.8,0.0,59702.27,335606.53,NPR
2026-01-26,ACC0000003657,159102.31,50200.6,31926.43,177376.48,NPR
2026-01-26,ACC0000003658,398296.59,17575.67,92706.17,323166.09,NPR
2026-01-26,ACC0000003659,323787.97,15771.34,44891.07,294668.24,NPR
2026-01-26,ACC0000003660,382256.39,0.0,1996.17,380260.22,NPR
2026-01-26,ACC0000003661,488202.9,52629.91,39243.21,501589.6,NPR
2026-01-26,ACC0000003662,297838.08,0.0,19174.18,278663.9,NPR
2026-01-26,ACC0000003663,228600.73,24020.45,112257.23,140363.95,NPR
2026-01-26,ACC0000003664,301268.58,0.0,87314.5,213954.08,NPR
2026-01-26,ACC0000003665,304321.8,0.0,43700.75,260621.05,NPR
2026-01-26,ACC0000003666,441913.84,0.0,94150.46,347763.38,NPR
2026-01-26,ACC0000003667,408719.06,0.0,35511.59,373207.47,NPR
2026-01-26,ACC0000003668,304162.22,0.0,52866.66,251295.56,NPR
2026-01-26,ACC0000003669,66273.87,46869.17,65276.11,47866.93,NPR
2026-01-26,ACC0000003670,350466.29,0.0,28994.92,321471.37,NPR
2026-01-26,ACC0000003671,287722.2,45619.06,87236.22,246105.04,NPR
2026-01-26,ACC0000003672,223039.37,0.0,52163.27,170876.1,NPR
2026-01-26,ACC0000003673,61493.21,78957.91,53022.69,87428.43,NPR
2026-01-26,ACC0000003674,22092.46,36124.73,44592.84,13624.35,NPR
2026-01-26,ACC0000003675,474905.48,0.0,0.0,474905.48,NPR
2026-01-26,ACC0000003676,115584.34,80689.29,90863.19,105410.44,NPR
2026-01-26,ACC0000003677,362124.29,7382.03,60989.37,308516.95,NPR
2026-01-26,ACC0000003678,343165.11,0.0,4027.85,339137.26,NPR
2026-01-26,ACC0000003679,157854.11,1392.42,0.0,159246.53,NPR
2026-01-26,ACC0000003680,13414.46,0.0,121044.15,-107629.69,NPR
2026-01-26,ACC0000003681,16191.76,35310.74,56651.32,-5148.82,NPR
2026-01-26,ACC0000003682,141824.68,0.0,53881.53,87943.15,NPR
2026-01-26,ACC0000003683,118927.86,0.0,35029.43,83898.43,NPR
2026-01-26,ACC0000003684,453785.39,0.0,0.0,453785.39,NPR
2026-01-26,ACC0000003685,308590.49,56623.44,58412.36,306801.57,NPR
2026-01-26,ACC0000003686,132937.28,21327.92,122400.4,31864.8,NPR
2026-01-26,ACC0000003687,416751.98,0.0,77476.08,339275.9,NPR
2026-01-26,ACC0000003688,153806.11,74905.4,44632.4,184079.11,NPR
2026-01-26,ACC0000003689,427898.54,72344.78,48021.57,452221.75,NPR
2026-01-26,ACC0000003690,442448.15,0.0,115005.23,327442.92,NPR
2026-01-26,ACC0000003691,350112.54,24113.16,7125.18,367100.52,NPR
2026-01-26,ACC0000003692,105939.28,0.0,25994.69,79944.59,NPR
2026-01-26,ACC0000003693,497277.52,33607.92,0.0,530885.44,NPR
2026-01-26,ACC0000003694,37601.33,0.0,76283.26,-38681.93,NPR
2026-01-26,ACC0000003695,453293.16,0.0,0.0,453293.16,NPR
2026-01-26,ACC0000003696,59828.03,0.0,27650.65,32177.38,NPR
2026-01-26,ACC0000003697,249459.04,0.0,94655.99,154803.05,NPR
2026-01-26,ACC0000003698,256042.02,0.0,10661.92,245380.1,NPR
2026-01-26,ACC0000003699,105947.4,0.0,36494.06,69453.34,NPR
2026-01-26,ACC0000003700,149636.31,38294.81,79167.86,108763.26,NPR
2026-01-26,ACC0000003701,286587.1,0.0,27048.0,259539.1,NPR
2026-01-26,ACC0000003702,120750.08,0.0,79051.06,41699.02,NPR
2026-01-26,ACC0000003703,486187.23,0.0,16505.39,469681.84,NPR
2026-01-26,ACC0000003704,159694.5,224.79,24177.48,135741.81,NPR
2026-01-26,ACC0000003705,127626.91,48971.24,92752.02,83846.13,NPR
2026-01-26,ACC0000003706,313535.63,0.0,0.0,313535.63,NPR
2026-01-26,ACC0000003707,424968.68,0.0,0.0,424968.68,NPR
2026-01-26,ACC0000003708,346628.98,0.0,12836.55,333792.43,NPR
2026-01-26,ACC0000003709,168652.36,16807.01,44077.2,141382.17,NPR
2026-01-26,ACC0000003710,473359.85,0.0,51066.54,422293.31,NPR
2026-01-26,ACC0000003711,378034.75,0.0,67280.74,310754.01,NPR
2026-01-26,ACC0000003712,409745.32,0.0,5550.21,404195.11,NPR
2026-01-26,ACC0000003713,64181.07,0.0,23148.66,41032.41,NPR
2026-01-26,ACC0000003714,232389.99,0.0,0.0,232389.99,NPR
2026-01-26,ACC0000003715,326352.45,0.0,0.0,326352.45,NPR
2026-01-26,ACC0000003716,223095.62,0.0,180427.55,42668.07,NPR
2026-01-26,ACC0000003717,282385.96,0.0,78090.34,204295.62,NPR
2026-01-26,ACC0000003718,275882.39,45217.65,42350.79,278749.25,NPR
2026-01-26,ACC0000003719,281615.24,0.0,94846.37,186768.87,NPR
2026-01-26,ACC0000003720,36995.67,0.0,154901.14,-117905.47,NPR
2026-01-26,ACC0000003721,320924.9,0.0,68666.63,252258.27,NPR
2026-01-26,ACC0000003722,185827.03,46729.67,18604.72,213951.98,NPR
2026-01-26,ACC0000003723,26938.07,40946.04,95650.85,-27766.74,NPR
2026-01-26,ACC0000003724,277373.69,15129.23,33640.22,258862.7,NPR
2026-01-26,ACC0000003725,341747.28,95584.01,98080.39,339250.9,NPR
2026-01-26,ACC0000003726,48544.78,0.0,85074.78,-36530.0,NPR
2026-01-26,ACC0000003727,307743.02,44877.02,182049.83,170570.21,NPR
2026-01-26,ACC0000003728,427627.66,0.0,53801.52,373826.14,NPR
2026-01-26,ACC0000003729,87118.44,0.0,88248.27,-1129.83,NPR
2026-01-26,ACC0000003730,400554.49,21245.69,74150.66,347649.52,NPR
2026-01-26,ACC0000003731,60947.3,0.0,88736.81,-27789.51,NPR
2026-01-26,ACC0000003732,112395.91,0.0,100168.72,12227.19,NPR
2026-01-26,ACC0000003733,135772.99,0.0,56281.39,79491.6,NPR
2026-01-26,ACC0000003734,381289.55,0.0,0.0,381289.55,NPR
2026-01-26,ACC0000003735,30147.11,0.0,108438.43,-78291.32,NPR
2026-01-26,ACC0000003736,267815.49,45127.6,94192.06,218751.03,NPR
2026-01-26,ACC0000003737,253917.52,0.0,0.0,253917.52,NPR
2026-01-26,ACC0000003738,429805.93,9796.8,67606.47,371996.26,NPR
2026-01-26,ACC0000003739,417900.98,0.0,0.0,417900.98,NPR
2026-01-26,ACC0000003740,410007.06,1061.66,32967.71,378101.01,NPR
2026-01-26,ACC0000003741,316670.52,0.0,100848.17,215822.35,NPR
2026-01-26,ACC0000003742,31110.6,46019.56,80226.07,-3095.91,NPR
2026-01-26,ACC0000003743,346120.33,0.0,0.0,346120.33,NPR
2026-01-26,ACC0000003744,217570.61,0.0,81398.49,136172.12,NPR
2026-01-26,ACC0000003745,162309.88,0.0,0.0,162309.88,NPR
2026-01-26,ACC0000003746,287938.3,33748.36,44477.34,277209.32,NPR
2026-01-26,ACC0000003747,59810.4,0.0,124747.56,-64937.16,NPR
2026-01-26,ACC0000003748,160462.47,0.0,3534.18,156928.29,NPR
2026-01-26,ACC0000003749,79482.91,23734.4,0.0,103217.31,NPR
2026-01-26,ACC0000003750,256493.78,0.0,76861.63,179632.15,NPR
2026-01-26,ACC0000003751,372215.83,32792.55,78927.55,326080.83,NPR
2026-01-26,ACC0000003752,495413.2,104773.67,72322.99,527863.88,NPR
2026-01-26,ACC0000003753,249911.15,0.0,14682.22,235228.93,NPR
2026-01-26,ACC0000003754,396402.23,0.0,44390.83,352011.4,NPR
2026-01-26,ACC0000003755,103171.51,0.0,140919.81,-37748.3,NPR
2026-01-26,ACC0000003756,393126.81,0.0,5569.37,387557.44,NPR
2026-01-26,ACC0000003757,436347.42,0.0,21018.49,415328.93,NPR
2026-01-26,ACC0000003758,232689.57,0.0,0.0,232689.57,NPR
2026-01-26,ACC0000003759,471055.53,0.0,0.0,471055.53,NPR
2026-01-26,ACC0000003760,353806.29,0.0,0.0,353806.29,NPR
2026-01-26,ACC0000003761,248750.4,0.0,38834.39,209916.01,NPR
2026-01-26,ACC0000003762,351435.66,0.0,42218.53,309217.13,NPR
2026-01-26,ACC0000003763,143357.34,0.0,15155.33,128202.01,NPR
2026-01-26,ACC0000003764,453886.18,0.0,50457.1,403429.08,NPR
2026-01-26,ACC0000003765,121306.81,0.0,72495.7,48811.11,NPR
2026-01-26,ACC0000003766,7095.24,45824.41,4435.51,48484.14,NPR
2026-01-26,ACC0000003767,317368.56,0.0,43338.8,274029.76,NPR
2026-01-26,ACC0000003768,357124.84,0.0,21884.04,335240.8,NPR
2026-01-26,ACC0000003769,186026.76,0.0,0.0,186026.76,NPR
2026-01-26,ACC0000003770,118143.12,0.0,122557.54,-4414.42,NPR
2026-01-26,ACC0000003771,341916.65,0.0,0.0,341916.65,NPR
2026-01-26,ACC0000003772,212043.33,39554.26,121050.86,130546.73,NPR
2026-01-26,ACC0000003773,32712.41,0.0,0.0,32712.41,NPR
2026-01-26,ACC0000003774,138771.56,105096.71,144049.47,99818.8,NPR
2026-01-26,ACC0000003775,457959.08,0.0,22746.52,435212.56,NPR
2026-01-26,ACC0000003776,172625.81,0.0,57552.35,115073.46,NPR
2026-01-26,ACC0000003777,229135.15,0.0,1604.76,227530.39,NPR
2026-01-26,ACC0000003778,455602.8,0.0,76664.59,378938.21,NPR
2026-01-26,ACC0000003779,440456.07,0.0,0.0,440456.07,NPR
2026-01-26,ACC0000003780,16621.02,0.0,106204.19,-89583.17,NPR
2026-01-26,ACC0000003781,246631.88,0.0,19345.25,227286.63,NPR
2026-01-26,ACC0000003782,181218.6,0.0,139646.19,41572.41,NPR
2026-01-26,ACC0000003783,108453.13,23186.74,21197.21,110442.66,NPR
2026-01-26,ACC0000003784,14650.78,9273.87,114655.43,-90730.78,NPR
2026-01-26,ACC0000003785,83314.78,0.0,0.0,83314.78,NPR
2026-01-26,ACC0000003786,290014.59,0.0,0.0,290014.59,NPR
2026-01-26,ACC0000003787,270499.53,29456.26,107337.76,192618.03,NPR
2026-01-26,ACC0000003788,293834.06,40945.02,120920.33,213858.75,NPR
2026-01-26,ACC0000003789,347326.61,0.0,31540.63,315785.98,NPR
2026-01-26,ACC0000003790,46325.97,0.0,87035.32,-40709.35,NPR
2026-01-26,ACC0000003791,386499.79,0.0,83154.64,303345.15,NPR
2026-01-26,ACC0000003792,378457.92,35493.1,67901.25,346049.77,NPR
2026-01-26,ACC0000003793,473349.94,4006.49,37111.98,440244.45,NPR
2026-01-26,ACC0000003794,285874.19,0.0,6509.89,279364.3,NPR
2026-01-26,ACC0000003795,210217.79,85040.0,11268.93,283988.86,NPR
2026-01-26,ACC0000003796,207159.61,0.0,140495.99,66663.62,NPR
2026-01-26,ACC0000003797,215430.08,9803.04,48583.46,176649.66,NPR
2026-01-26,ACC0000003798,115340.45,0.0,3896.08,111444.37,NPR
2026-01-26,ACC0000003799,422722.58,32556.29,49701.92,405576.95,NPR
2026-01-26,ACC0000003800,252250.74,31574.44,46643.39,237181.79,NPR
2026-01-26,ACC0000003801,44749.95,32416.77,65175.11,11991.61,NPR
2026-01-26,ACC0000003802,119398.83,0.0,107723.67,11675.16,NPR
2026-01-26,ACC0000003803,356295.17,0.0,175877.04,180418.13,NPR
2026-01-26,ACC0000003804,386019.59,21718.23,66367.23,341370.59,NPR
2026-01-26,ACC0000003805,363540.33,0.0,122677.83,240862.5,NPR
2026-01-26,ACC0000003806,185755.33,0.0,25692.75,160062.58,NPR
2026-01-26,ACC0000003807,496572.66,46831.01,44891.99,498511.68,NPR
2026-01-26,ACC0000003808,182386.01,0.0,9193.42,173192.59,NPR
2026-01-26,ACC0000003809,235195.73,0.0,21308.2,213887.53,NPR
2026-01-26,ACC0000003810,326240.94,0.0,3784.55,322456.39,NPR
2026-01-26,ACC0000003811,175230.2,43265.24,78827.88,139667.56,NPR
2026-01-26,ACC0000003812,493539.34,0.0,0.0,493539.34,NPR
2026-01-26,ACC0000003813,496349.89,0.0,25872.97,470476.92,NPR
2026-01-26,ACC0000003814,28030.28,0.0,67759.29,-39729.01,NPR
2026-01-26,ACC0000003815,428078.0,2924.13,93777.82,337224.31,NPR
2026-01-26,ACC0000003816,438833.26,34927.41,112360.95,361399.72,NPR
2026-01-26,ACC0000003817,438917.87,0.0,0.0,438917.87,NPR
2026-01-26,ACC0000003818,126752.29,25260.0,18648.0,133364.29,NPR
2026-01-26,ACC0000003819,134487.15,0.0,63397.46,71089.69,NPR
2026-01-26,ACC0000003820,52033.89,0.0,34091.7,17942.19,NPR
2026-01-26,ACC0000003821,115274.11,0.0,0.0,115274.11,NPR
2026-01-26,ACC0000003822,179912.53,17410.51,26344.84,170978.2,NPR
2026-01-26,ACC0000003823,211176.92,0.0,27144.33,184032.59,NPR
2026-01-26,ACC0000003824,29594.15,0.0,0.0,29594.15,NPR
2026-01-26,ACC0000003825,438076.35,0.0,0.0,438076.35,NPR
2026-01-26,ACC0000003826,196085.37,0.0,0.0,196085.37,NPR
2026-01-26,ACC0000003827,165803.4,0.0,0.0,165803.4,NPR
2026-01-26,ACC0000003828,332635.45,7973.0,35055.48,305552.97,NPR
2026-01-26,ACC0000003829,112220.79,0.0,0.0,112220.79,NPR
2026-01-26,ACC0000003830,400584.68,36474.08,99433.49,337625.27,NPR
2026-01-26,ACC0000003831,188409.09,0.0,9387.08,179022.01,NPR
2026-01-26,ACC0000003832,170309.31,0.0,71624.35,98684.96,NPR
2026-01-26,ACC0000003833,426215.83,0.0,108864.57,317351.26,NPR
2026-01-26,ACC0000003834,425055.2,0.0,15558.11,409497.09,NPR
2026-01-26,ACC0000003835,25001.5,0.0,64271.54,-39270.04,NPR
2026-01-26,ACC0000003836,40997.57,0.0,30286.84,10710.73,NPR
2026-01-26,ACC0000003837,143063.57,0.0,0.0,143063.57,NPR
2026-01-26,ACC0000003838,265237.44,0.0,0.0,265237.44,NPR
2026-01-26,ACC0000003839,296753.37,0.0,0.0,296753.37,NPR
2026-01-26,ACC0000003840,53699.85,0.0,81467.95,-27768.1,NPR
2026-01-26,ACC0000003841,399182.04,0.0,102468.76,296713.28,NPR
2026-01-26,ACC0000003842,24477.79,0.0,113003.6,-88525.81,NPR
2026-01-26,ACC0000003843,367889.91,0.0,0.0,367889.91,NPR
2026-01-26,ACC0000003844,403046.01,0.0,0.0,403046.01,NPR
2026-01-26,ACC0000003845,475518.58,26906.08,88395.45,414029.21,NPR
2026-01-26,ACC0000003846,295066.55,0.0,34735.32,260331.23,NPR
2026-01-26,ACC0000003847,100913.37,0.0,24660.76,76252.61,NPR
2026-01-26,ACC0000003848,366362.82,18756.07,97542.13,287576.76,NPR
2026-01-26,ACC0000003849,308774.95,0.0,179326.05,129448.9,NPR
2026-01-26,ACC0000003850,351274.92,56115.09,113154.6,294235.41,NPR
2026-01-26,ACC0000003851,5474.67,32427.82,52889.82,-14987.33,NPR
2026-01-26,ACC0000003852,6137.77,93325.96,68590.96,30872.77,NPR
2026-01-26,ACC0000003853,179227.7,13837.52,63557.42,129507.8,NPR
2026-01-26,ACC0000003854,328778.64,0.0,28205.54,300573.1,NPR
2026-01-26,ACC0000003855,408820.29,38889.98,0.0,447710.27,NPR
2026-01-26,ACC0000003856,418661.26,9477.84,118749.51,309389.59,NPR
2026-01-26,ACC0000003857,456656.5,0.0,17667.79,438988.71,NPR
2026-01-26,ACC0000003858,212394.1,0.0,0.0,212394.1,NPR
2026-01-26,ACC0000003859,381538.08,0.0,69223.57,312314.51,NPR
2026-01-26,ACC0000003860,205636.56,16222.34,22334.66,199524.24,NPR
2026-01-26,ACC0000003861,392121.99,25823.77,81889.0,336056.76,NPR
2026-01-26,ACC0000003862,408123.54,0.0,29366.34,378757.2,NPR
2026-01-26,ACC0000003863,216078.79,0.0,0.0,216078.79,NPR
2026-01-26,ACC0000003864,310757.73,0.0,102921.69,207836.04,NPR
2026-01-26,ACC0000003865,108643.46,13822.74,4890.88,117575.32,NPR
2026-01-26,ACC0000003866,294278.04,0.0,41850.35,252427.69,NPR
2026-01-26,ACC0000003867,283352.4,26753.64,5273.25,304832.79,NPR
2026-01-26,ACC0000003868,455252.75,0.0,74682.8,380569.95,NPR
2026-01-26,ACC0000003869,128092.6,0.0,0.0,128092.6,NPR
2026-01-26,ACC0000003870,266682.0,0.0,77147.73,189534.27,NPR
2026-01-26,ACC0000003871,27199.67,0.0,4125.3,23074.37,NPR
2026-01-26,ACC0000003872,23025.73,19671.99,44346.24,-1648.52,NPR
2026-01-26,ACC0000003873,429530.95,0.0,0.0,429530.95,NPR
2026-01-26,ACC0000003874,103874.51,0.0,101272.04,2602.47,NPR
2026-01-26,ACC0000003875,474086.06,0.0,46916.31,427169.75,NPR
2026-01-26,ACC0000003876,308160.77,46039.17,37144.64,317055.3,NPR
2026-01-26,ACC0000003877,208244.39,0.0,109513.96,98730.43,NPR
2026-01-26,ACC0000003878,45119.65,30974.56,68601.44,7492.77,NPR
2026-01-26,ACC0000003879,285661.54,0.0,72953.53,212708.01,NPR
2026-01-26,ACC0000003880,226243.57,0.0,70735.55,155508.02,NPR
2026-01-26,ACC0000003881,12645.38,0.0,0.0,12645.38,NPR
2026-01-26,ACC0000003882,148475.64,0.0,0.0,148475.64,NPR
2026-01-26,ACC0000003883,457585.05,0.0,52878.41,404706.64,NPR
2026-01-26,ACC0000003884,218720.38,6788.11,72941.74,152566.75,NPR
2026-01-26,ACC0000003885,237548.08,0.0,22139.43,215408.65,NPR
2026-01-26,ACC0000003886,426397.62,0.0,0.0,426397.62,NPR
2026-01-26,ACC0000003887,146813.9,34518.7,36227.58,145105.02,NPR
2026-01-26,ACC0000003888,219703.19,45218.86,48977.07,215944.98,NPR
2026-01-26,ACC0000003889,185686.41,45178.57,101669.71,129195.27,NPR
2026-01-26,ACC0000003890,96900.92,0.0,110361.74,-13460.82,NPR
2026-01-26,ACC0000003891,284325.98,0.0,25031.74,259294.24,NPR
2026-01-26,ACC0000003892,469331.85,0.0,30329.37,439002.48,NPR
2026-01-26,ACC0000003893,116749.8,0.0,0.0,116749.8,NPR
2026-01-26,ACC0000003894,256188.16,0.0,108825.11,147363.05,NPR
2026-01-26,ACC0000003895,128904.68,0.0,50029.88,78874.8,NPR
2026-01-26,ACC0000003896,163991.25,12663.87,31859.67,144795.45,NPR
2026-01-26,ACC0000003897,21630.16,28626.96,27370.77,22886.35,NPR
2026-01-26,ACC0000003898,66742.17,15812.87,142330.08,-59775.04,NPR
2026-01-26,ACC0000003899,182492.71,0.0,70528.3,111964.41,NPR
2026-01-26,ACC0000003900,385268.66,0.0,98387.78,286880.88,NPR
2026-01-26,ACC0000003901,93182.91,32759.64,80886.51,45056.04,NPR
2026-01-26,ACC0000003902,39050.25,0.0,52972.31,-13922.06,NPR
2026-01-26,ACC0000003903,131892.09,0.0,47848.97,84043.12,NPR
2026-01-26,ACC0000003904,7977.57,0.0,69321.33,-61343.76,NPR
2026-01-26,ACC0000003905,375339.44,0.0,58166.89,317172.55,NPR
2026-01-26,ACC0000003906,183281.51,0.0,92068.64,91212.87,NPR
2026-01-26,ACC0000003907,247866.85,0.0,895.55,246971.3,NPR
2026-01-26,ACC0000003908,388999.61,0.0,36027.66,352971.95,NPR
2026-01-26,ACC0000003909,127282.61,6349.37,90061.68,43570.3,NPR
2026-01-26,ACC0000003910,44513.04,0.0,77742.77,-33229.73,NPR
2026-01-26,ACC0000003911,6799.1,0.0,88679.39,-81880.29,NPR
2026-01-26,ACC0000003912,234395.7,0.0,0.0,234395.7,NPR
2026-01-26,ACC0000003913,79591.66,94335.3,92125.36,81801.6,NPR
2026-01-26,ACC0000003914,388219.22,0.0,7139.71,381079.51,NPR
2026-01-26,ACC0000003915,424624.24,0.0,65833.43,358790.81,NPR
2026-01-26,ACC0000003916,320314.76,0.0,75278.06,245036.7,NPR
2026-01-26,ACC0000003917,418700.59,0.0,0.0,418700.59,NPR
2026-01-26,ACC0000003918,420756.77,1950.01,29824.38,392882.4,NPR
2026-01-26,ACC0000003919,384267.25,25200.2,0.0,409467.45,NPR
2026-01-26,ACC0000003920,280022.63,0.0,87206.23,192816.4,NPR
2026-01-26,ACC0000003921,331170.03,0.0,0.0,331170.03,NPR
2026-01-26,ACC0000003922,421009.66,16055.43,14441.36,422623.73,NPR
2026-01-26,ACC0000003923,49966.36,0.0,5305.84,44660.52,NPR
2026-01-26,ACC0000003924,32307.74,0.0,22448.96,9858.78,NPR
2026-01-26,ACC0000003925,333485.98,0.0,0.0,333485.98,NPR
2026-01-26,ACC0000003926,49473.45,0.0,30809.48,18663.97,NPR
2026-01-26,ACC0000003927,404475.42,47993.53,65805.98,386662.97,NPR
2026-01-26,ACC0000003928,461887.25,0.0,13276.61,448610.64,NPR
2026-01-26,ACC0000003929,453373.57,0.0,0.0,453373.57,NPR
2026-01-26,ACC0000003930,160554.9,47299.57,35267.57,172586.9,NPR
2026-01-26,ACC0000003931,375497.91,0.0,28361.9,347136.01,NPR
2026-01-26,ACC0000003932,444143.77,73284.09,137350.09,380077.77,NPR
2026-01-26,ACC0000003933,136412.53,0.0,33885.48,102527.05,NPR
2026-01-26,ACC0000003934,348317.17,0.0,0.0,348317.17,NPR
2026-01-26,ACC0000003935,27360.03,47905.83,46653.53,28612.33,NPR
2026-01-26,ACC0000003936,366761.61,0.0,38438.01,328323.6,NPR
2026-01-26,ACC0000003937,241447.71,0.0,0.0,241447.71,NPR
2026-01-26,ACC0000003938,12559.51,0.0,31780.91,-19221.4,NPR
2026-01-26,ACC0000003939,333956.01,13944.02,140930.72,206969.31,NPR
2026-01-26,ACC0000003940,174759.69,40618.48,58477.94,156900.23,NPR
2026-01-26,ACC0000003941,138199.31,0.0,33109.45,105089.86,NPR
2026-01-26,ACC0000003942,391814.27,0.0,47569.94,344244.33,NPR
2026-01-26,ACC0000003943,145085.49,0.0,8969.44,136116.05,NPR
2026-01-26,ACC0000003944,55236.85,0.0,0.0,55236.85,NPR
2026-01-26,ACC0000003945,394550.56,0.0,0.0,394550.56,NPR
2026-01-26,ACC0000003946,468305.41,0.0,16252.31,452053.1,NPR
2026-01-26,ACC0000003947,198769.22,0.0,15938.52,182830.7,NPR
2026-01-26,ACC0000003948,473478.55,44090.43,0.0,517568.98,NPR
2026-01-26,ACC0000003949,312921.12,0.0,45447.63,267473.49,NPR
2026-01-26,ACC0000003950,374530.56,9206.67,32819.5,350917.73,NPR
2026-01-26,ACC0000003951,269280.21,14396.95,61896.19,221780.97,NPR
2026-01-26,ACC0000003952,442975.59,0.0,30224.2,412751.39,NPR
2026-01-26,ACC0000003953,60610.18,35194.66,147745.83,-51940.99,NPR
2026-01-26,ACC0000003954,127588.58,12693.07,54190.74,86090.91,NPR
2026-01-26,ACC0000003955,279859.82,0.0,49483.18,230376.64,NPR
2026-01-26,ACC0000003956,283823.22,0.0,24317.67,259505.55,NPR
2026-01-26,ACC0000003957,400669.22,0.0,74891.24,325777.98,NPR
2026-01-26,ACC0000003958,91385.55,0.0,62095.52,29290.03,NPR
2026-01-26,ACC0000003959,242551.04,0.0,120447.83,122103.21,NPR
2026-01-26,ACC0000003960,264206.51,46710.6,91406.79,219510.32,NPR
2026-01-26,ACC0000003961,487741.83,97225.28,34185.3,550781.81,NPR
2026-01-26,ACC0000003962,424571.68,1978.46,50194.39,376355.75,NPR
2026-01-26,ACC0000003963,315926.69,0.0,0.0,315926.69,NPR
2026-01-26,ACC0000003964,162015.93,0.0,32059.89,129956.04,NPR
2026-01-26,ACC0000003965,156061.77,17539.01,0.0,173600.78,NPR
2026-01-26,ACC0000003966,457993.56,38536.25,67012.45,429517.36,NPR
2026-01-26,ACC0000003967,343118.83,0.0,0.0,343118.83,NPR
2026-01-26,ACC0000003968,159076.62,0.0,19924.04,139152.58,NPR
2026-01-26,ACC0000003969,132248.46,0.0,0.0,132248.46,NPR
2026-01-26,ACC0000003970,14485.69,0.0,0.0,14485.69,NPR
2026-01-26,ACC0000003971,188699.3,6106.99,0.0,194806.29,NPR
2026-01-26,ACC0000003972,372121.82,0.0,115707.71,256414.11,NPR
2026-01-26,ACC0000003973,370286.18,0.0,7442.17,362844.01,NPR
2026-01-26,ACC0000003974,469478.31,33157.79,34796.41,467839.69,NPR
2026-01-26,ACC0000003975,16862.29,0.0,0.0,16862.29,NPR
2026-01-26,ACC0000003976,309286.31,28335.18,79693.18,257928.31,NPR
2026-01-26,ACC0000003977,459910.32,0.0,0.0,459910.32,NPR
2026-01-26,ACC0000003978,491467.79,41156.53,30955.13,501669.19,NPR
2026-01-26,ACC0000003979,475891.93,0.0,0.0,475891.93,NPR
2026-01-26,ACC0000003980,76473.61,28105.59,49591.97,54987.23,NPR
2026-01-26,ACC0000003981,66701.53,17210.63,34726.35,49185.81,NPR
2026-01-26,ACC0000003982,404797.71,0.0,83924.12,320873.59,NPR
2026-01-26,ACC0000003983,306922.7,0.0,37218.77,269703.93,NPR
2026-01-26,ACC0000003984,344372.16,0.0,101534.98,242837.18,NPR
2026-01-26,ACC0000003985,336048.51,0.0,58976.12,277072.39,NPR
2026-01-26,ACC0000003986,493401.4,0.0,0.0,493401.4,NPR
2026-01-26,ACC0000003987,51727.38,0.0,10421.01,41306.37,NPR
2026-01-26,ACC0000003988,474940.19,0.0,0.0,474940.19,NPR
2026-01-26,ACC0000003989,446755.42,0.0,40654.91,406100.51,NPR
2026-01-26,ACC0000003990,221798.01,0.0,7718.4,214079.61,NPR
2026-01-26,ACC0000003991,90094.93,68516.35,76223.78,82387.5,NPR
2026-01-26,ACC0000003992,9705.62,0.0,0.0,9705.62,NPR
2026-01-26,ACC0000003993,499952.51,0.0,69759.17,430193.34,NPR
2026-01-26,ACC0000003994,314240.85,25309.94,50296.2,289254.59,NPR
2026-01-26,ACC0000003995,499480.86,42306.88,106717.84,435069.9,NPR
2026-01-26,ACC0000003996,308824.86,0.0,17758.48,291066.38,NPR
2026-01-26,ACC0000003997,119330.6,0.0,0.0,119330.6,NPR
2026-01-26,ACC0000003998,213720.91,591.54,75983.11,138329.34,NPR
2026-01-26,ACC0000003999,491716.98,32846.81,125603.52,398960.27,NPR
2026-01-26,ACC0000004000,143738.2,13535.54,60570.43,96703.31,NPR
2026-01-26,ACC0000004001,242654.07,0.0,106989.73,135664.34,NPR
2026-01-26,ACC0000004002,42135.89,0.0,45979.59,-3843.7,NPR
2026-01-26,ACC0000004003,221102.75,0.0,41224.11,179878.64,NPR
2026-01-26,ACC0000004004,213197.27,0.0,66110.39,147086.88,NPR
2026-01-26,ACC0000004005,271713.58,0.0,88445.3,183268.28,NPR
2026-01-26,ACC0000004006,247676.22,66184.99,55228.83,258632.38,NPR
2026-01-26,ACC0000004007,218949.18,0.0,107709.9,111239.28,NPR
2026-01-26,ACC0000004008,234907.09,35816.34,47420.22,223303.21,NPR
2026-01-26,ACC0000004009,407486.58,38677.87,0.0,446164.45,NPR
2026-01-26,ACC0000004010,120621.38,0.0,0.0,120621.38,NPR
2026-01-26,ACC0000004011,24001.34,1533.53,120025.67,-94490.8,NPR
2026-01-26,ACC0000004012,355949.22,37622.77,37702.71,355869.28,NPR
2026-01-26,ACC0000004013,113781.22,0.0,0.0,113781.22,NPR
2026-01-26,ACC0000004014,351736.4,5991.91,1577.42,356150.89,NPR
2026-01-26,ACC0000004015,335860.9,0.0,66672.23,269188.67,NPR
2026-01-26,ACC0000004016,142191.52,28766.65,43896.9,127061.27,NPR
2026-01-26,ACC0000004017,242078.82,0.0,3293.82,238785.0,NPR
2026-01-26,ACC0000004018,173448.36,11766.71,50903.37,134311.7,NPR
2026-01-26,ACC0000004019,266305.0,0.0,0.0,266305.0,NPR
2026-01-26,ACC0000004020,373364.56,0.0,145840.8,227523.76,NPR
2026-01-26,ACC0000004021,24179.25,0.0,0.0,24179.25,NPR
2026-01-26,ACC0000004022,7493.53,0.0,0.0,7493.53,NPR
2026-01-26,ACC0000004023,123082.63,2595.42,55168.88,70509.17,NPR
2026-01-26,ACC0000004024,65132.59,0.0,0.0,65132.59,NPR
2026-01-26,ACC0000004025,27817.83,8929.68,0.0,36747.51,NPR
2026-01-26,ACC0000004026,393162.33,20407.82,416.92,413153.23,NPR
2026-01-26,ACC0000004027,4736.28,63867.33,191725.55,-123121.94,NPR
2026-01-26,ACC0000004028,244553.28,0.0,18675.87,225877.41,NPR
2026-01-26,ACC0000004029,349241.54,0.0,40805.93,308435.61,NPR
2026-01-26,ACC0000004030,17734.3,0.0,98550.64,-80816.34,NPR
2026-01-26,ACC0000004031,451257.67,0.0,4311.85,446945.82,NPR
2026-01-26,ACC0000004032,323222.29,37213.0,63189.06,297246.23,NPR
2026-01-26,ACC0000004033,193071.45,0.0,106267.15,86804.3,NPR
2026-01-26,ACC0000004034,300704.54,0.0,56138.14,244566.4,NPR
2026-01-26,ACC0000004035,35733.1,0.0,90167.57,-54434.47,NPR
2026-01-26,ACC0000004036,62448.23,26066.35,18525.27,69989.31,NPR
2026-01-26,ACC0000004037,140435.11,39352.13,111137.76,68649.48,NPR
2026-01-26,ACC0000004038,258383.08,0.0,78958.3,179424.78,NPR
2026-01-26,ACC0000004039,143289.61,18746.58,84202.93,77833.26,NPR
2026-01-26,ACC0000004040,348394.2,0.0,10480.1,337914.1,NPR
2026-01-26,ACC0000004041,118257.07,0.0,49544.97,68712.1,NPR
2026-01-26,ACC0000004042,432637.18,0.0,0.0,432637.18,NPR
2026-01-26,ACC0000004043,97299.62,0.0,0.0,97299.62,NPR
2026-01-26,ACC0000004044,118946.6,21303.29,2544.87,137705.02,NPR
2026-01-26,ACC0000004045,460748.46,0.0,37131.84,423616.62,NPR
2026-01-26,ACC0000004046,124266.69,66587.2,0.0,190853.89,NPR
2026-01-26,ACC0000004047,194413.8,0.0,12366.43,182047.37,NPR
2026-01-26,ACC0000004048,238297.17,0.0,47866.55,190430.62,NPR
2026-01-26,ACC0000004049,307828.34,43359.75,0.0,351188.09,NPR
2026-01-26,ACC0000004050,112121.39,0.0,0.0,112121.39,NPR
2026-01-26,ACC0000004051,400304.63,0.0,25106.11,375198.52,NPR
2026-01-26,ACC0000004052,155826.15,0.0,348.71,155477.44,NPR
2026-01-26,ACC0000004053,398983.91,8081.07,116593.63,290471.35,NPR
2026-01-26,ACC0000004054,326189.26,0.0,76266.78,249922.48,NPR
2026-01-26,ACC0000004055,322289.45,0.0,71956.01,250333.44,NPR
2026-01-26,ACC0000004056,242598.87,0.0,34487.88,208110.99,NPR
2026-01-26,ACC0000004057,422834.44,17448.36,29360.74,410922.06,NPR
2026-01-26,ACC0000004058,462450.57,0.0,75673.78,386776.79,NPR
2026-01-26,ACC0000004059,123037.12,43733.93,124826.73,41944.32,NPR
2026-01-26,ACC0000004060,21690.86,0.0,13146.58,8544.28,NPR
2026-01-26,ACC0000004061,293293.95,0.0,24408.85,268885.1,NPR
2026-01-26,ACC0000004062,144603.24,0.0,106162.41,38440.83,NPR
2026-01-26,ACC0000004063,427866.02,0.0,39705.31,388160.71,NPR
2026-01-26,ACC0000004064,197502.93,0.0,116095.49,81407.44,NPR
2026-01-26,ACC0000004065,448583.5,71759.95,6935.4,513408.05,NPR
2026-01-26,ACC0000004066,18916.77,0.0,0.0,18916.77,NPR
2026-01-26,ACC0000004067,125334.83,11576.9,48721.56,88190.17,NPR
2026-01-26,ACC0000004068,363875.34,35537.87,30330.73,369082.48,NPR
2026-01-26,ACC0000004069,29059.27,0.0,20572.54,8486.73,NPR
2026-01-26,ACC0000004070,370863.86,0.0,60015.93,310847.93,NPR
2026-01-26,ACC0000004071,69582.63,0.0,54214.95,15367.68,NPR
2026-01-26,ACC0000004072,270675.89,0.0,56034.34,214641.55,NPR
2026-01-26,ACC0000004073,409809.89,34876.38,46687.72,397998.55,NPR
2026-01-26,ACC0000004074,24285.75,0.0,0.0,24285.75,NPR
2026-01-26,ACC0000004075,226759.88,0.0,32566.96,194192.92,NPR
2026-01-26,ACC0000004076,66304.52,0.0,27445.99,38858.53,NPR
2026-01-26,ACC0000004077,203801.47,0.0,58733.84,145067.63,NPR
2026-01-26,ACC0000004078,95165.91,0.0,116357.07,-21191.16,NPR
2026-01-26,ACC0000004079,176558.31,0.0,123876.59,52681.72,NPR
2026-01-26,ACC0000004080,288314.66,0.0,0.0,288314.66,NPR
2026-01-26,ACC0000004081,222542.67,0.0,89533.55,133009.12,NPR
2026-01-26,ACC0000004082,105049.97,0.0,0.0,105049.97,NPR
2026-01-26,ACC0000004083,431324.19,0.0,0.0,431324.19,NPR
2026-01-26,ACC0000004084,407796.61,0.0,56918.96,350877.65,NPR
2026-01-26,ACC0000004085,414760.13,0.0,0.0,414760.13,NPR
2026-01-26,ACC0000004086,42165.7,0.0,92958.0,-50792.3,NPR
2026-01-26,ACC0000004087,185910.72,0.0,0.0,185910.72,NPR
2026-01-26,ACC0000004088,156794.76,0.0,0.0,156794.76,NPR
2026-01-26,ACC0000004089,439398.51,16239.83,12198.24,443440.1,NPR
2026-01-26,ACC0000004090,418625.67,0.0,0.0,418625.67,NPR
2026-01-26,ACC0000004091,259598.39,0.0,7802.28,251796.11,NPR
2026-01-26,ACC0000004092,256554.1,0.0,87660.71,168893.39,NPR
2026-01-26,ACC0000004093,412397.75,0.0,67859.77,344537.98,NPR
2026-01-26,ACC0000004094,239637.0,55364.05,87095.99,207905.06,NPR
2026-01-26,ACC0000004095,472413.89,0.0,16445.87,455968.02,NPR
2026-01-26,ACC0000004096,29662.84,0.0,70955.64,-41292.8,NPR
2026-01-26,ACC0000004097,355426.35,0.0,46120.42,309305.93,NPR
2026-01-26,ACC0000004098,100093.44,0.0,8836.54,91256.9,NPR
2026-01-26,ACC0000004099,309992.92,0.0,34281.36,275711.56,NPR
2026-01-26,ACC0000004100,212027.49,0.0,48779.48,163248.01,NPR
2026-01-26,ACC0000004101,310775.66,0.0,39454.73,271320.93,NPR
2026-01-26,ACC0000004102,385762.75,0.0,55564.25,330198.5,NPR
2026-01-26,ACC0000004103,107466.13,0.0,36222.37,71243.76,NPR
2026-01-26,ACC0000004104,263667.98,7923.31,80836.28,190755.01,NPR
2026-01-26,ACC0000004105,460373.57,0.0,135270.2,325103.37,NPR
2026-01-26,ACC0000004106,263950.61,0.0,131311.44,132639.17,NPR
2026-01-26,ACC0000004107,185949.12,0.0,9349.77,176599.35,NPR
2026-01-26,ACC0000004108,468286.67,0.0,0.0,468286.67,NPR
2026-01-26,ACC0000004109,122840.53,0.0,0.0,122840.53,NPR
2026-01-26,ACC0000004110,81838.9,14375.94,0.0,96214.84,NPR
2026-01-26,ACC0000004111,218547.66,0.0,0.0,218547.66,NPR
2026-01-26,ACC0000004112,99524.13,30704.94,138968.19,-8739.12,NPR
2026-01-26,ACC0000004113,455010.34,0.0,0.0,455010.34,NPR
2026-01-26,ACC0000004114,92378.16,82410.08,89103.05,85685.19,NPR
2026-01-26,ACC0000004115,429105.16,0.0,29121.61,399983.55,NPR
2026-01-26,ACC0000004116,359967.52,37555.22,89965.83,307556.91,NPR
2026-01-26,ACC0000004117,154065.64,0.0,64909.66,89155.98,NPR
2026-01-26,ACC0000004118,472842.02,121.27,81486.46,391476.83,NPR
2026-01-26,ACC0000004119,181401.68,0.0,0.0,181401.68,NPR
2026-01-26,ACC0000004120,492203.47,0.0,50196.72,442006.75,NPR
2026-01-26,ACC0000004121,388987.54,0.0,0.0,388987.54,NPR
2026-01-26,ACC0000004122,494187.94,0.0,104586.95,389600.99,NPR
2026-01-26,ACC0000004123,70090.02,0.0,0.0,70090.02,NPR
2026-01-26,ACC0000004124,455611.39,0.0,0.0,455611.39,NPR
2026-01-26,ACC0000004125,232521.02,0.0,0.0,232521.02,NPR
2026-01-26,ACC0000004126,104644.26,40329.87,34430.84,110543.29,NPR
2026-01-26,ACC0000004127,320002.14,24582.56,22664.36,321920.34,NPR
2026-01-26,ACC0000004128,354315.71,21041.03,76708.29,298648.45,NPR
2026-01-26,ACC0000004129,98568.7,25456.46,24034.47,99990.69,NPR
2026-01-26,ACC0000004130,2188.85,7229.99,105944.8,-96525.96,NPR
2026-01-26,ACC0000004131,81960.15,0.0,41244.24,40715.91,NPR
2026-01-26,ACC0000004132,96323.06,67904.76,10959.63,153268.19,NPR
2026-01-26,ACC0000004133,351880.39,35956.89,128649.91,259187.37,NPR
2026-01-26,ACC0000004134,54462.1,0.0,0.0,54462.1,NPR
2026-01-26,ACC0000004135,268103.09,0.0,16255.67,251847.42,NPR
2026-01-26,ACC0000004136,372764.4,25513.34,25653.72,372624.02,NPR
2026-01-26,ACC0000004137,353301.32,0.0,0.0,353301.32,NPR
2026-01-26,ACC0000004138,304349.7,0.0,0.0,304349.7,NPR
2026-01-26,ACC0000004139,259395.4,0.0,95843.61,163551.79,NPR
2026-01-26,ACC0000004140,287942.18,0.0,124840.31,163101.87,NPR
2026-01-26,ACC0000004141,466765.37,0.0,76218.29,390547.08,NPR
2026-01-26,ACC0000004142,497699.69,0.0,0.0,497699.69,NPR
2026-01-26,ACC0000004143,454466.08,0.0,166548.4,287917.68,NPR
2026-01-26,ACC0000004144,190934.49,63696.0,13212.35,241418.14,NPR
2026-01-26,ACC0000004145,384819.62,0.0,0.0,384819.62,NPR
2026-01-26,ACC0000004146,87855.55,0.0,36068.39,51787.16,NPR
2026-01-26,ACC0000004147,401508.0,0.0,0.0,401508.0,NPR
2026-01-26,ACC0000004148,108942.65,0.0,69244.13,39698.52,NPR
2026-01-26,ACC0000004149,245989.19,0.0,76506.46,169482.73,NPR
2026-01-26,ACC0000004150,397164.64,0.0,0.0,397164.64,NPR
2026-01-26,ACC0000004151,416849.97,0.0,32031.54,384818.43,NPR
2026-01-26,ACC0000004152,19586.17,0.0,0.0,19586.17,NPR
2026-01-26,ACC0000004153,379037.13,21283.43,54951.58,345368.98,NPR
2026-01-26,ACC0000004154,296706.07,12345.83,55705.65,253346.25,NPR
2026-01-26,ACC0000004155,32839.51,0.0,95922.14,-63082.63,NPR
2026-01-26,ACC0000004156,476187.16,0.0,22166.63,454020.53,NPR
2026-01-26,ACC0000004157,394962.95,2389.9,0.0,397352.85,NPR
2026-01-26,ACC0000004158,43107.99,0.0,0.0,43107.99,NPR
2026-01-26,ACC0000004159,300683.89,0.0,0.0,300683.89,NPR
2026-01-26,ACC0000004160,360821.28,0.0,80952.64,279868.64,NPR
2026-01-26,ACC0000004161,256763.97,0.0,0.0,256763.97,NPR
2026-01-26,ACC0000004162,407419.84,0.0,178208.21,229211.63,NPR
2026-01-26,ACC0000004163,136708.68,0.0,11167.99,125540.69,NPR
2026-01-26,ACC0000004164,98915.12,0.0,0.0,98915.12,NPR
2026-01-26,ACC0000004165,298540.69,0.0,29440.1,269100.59,NPR
2026-01-26,ACC0000004166,415558.21,28957.53,46573.05,397942.69,NPR
2026-01-26,ACC0000004167,278350.12,32554.02,10156.77,300747.37,NPR
2026-01-26,ACC0000004168,20502.71,0.0,74905.52,-54402.81,NPR
2026-01-26,ACC0000004169,392650.26,30420.1,80947.68,342122.68,NPR
2026-01-26,ACC0000004170,49434.71,29968.95,3472.97,75930.69,NPR
2026-01-26,ACC0000004171,77801.49,8824.08,54532.42,32093.15,NPR
2026-01-26,ACC0000004172,134197.38,0.0,59382.49,74814.89,NPR
2026-01-26,ACC0000004173,206538.17,13575.22,74902.15,145211.24,NPR
2026-01-26,ACC0000004174,278556.92,19734.93,21592.74,276699.11,NPR
2026-01-26,ACC0000004175,211858.65,24984.13,29903.35,206939.43,NPR
2026-01-26,ACC0000004176,165712.35,38305.6,0.0,204017.95,NPR
2026-01-26,ACC0000004177,431055.95,0.0,0.0,431055.95,NPR
2026-01-26,ACC0000004178,427293.7,0.0,66102.47,361191.23,NPR
2026-01-26,ACC0000004179,410251.53,0.0,104092.93,306158.6,NPR
2026-01-26,ACC0000004180,351198.1,0.0,135306.54,215891.56,NPR
2026-01-26,ACC0000004181,499672.85,0.0,0.0,499672.85,NPR
2026-01-26,ACC0000004182,179631.31,0.0,58624.54,121006.77,NPR
2026-01-26,ACC0000004183,258667.94,12858.91,0.0,271526.85,NPR
2026-01-26,ACC0000004184,104411.6,62255.87,3957.22,162710.25,NPR
2026-01-26,ACC0000004185,227950.93,39469.57,39224.25,228196.25,NPR
2026-01-26,ACC0000004186,364292.37,39389.68,59933.16,343748.89,NPR
2026-01-26,ACC0000004187,355961.01,0.0,0.0,355961.01,NPR
2026-01-26,ACC0000004188,313529.61,10653.63,138983.8,185199.44,NPR
2026-01-26,ACC0000004189,97338.44,0.0,98303.94,-965.5,NPR
2026-01-26,ACC0000004190,426699.79,10423.78,0.0,437123.57,NPR
2026-01-26,ACC0000004191,139660.49,51064.43,8976.27,181748.65,NPR
2026-01-26,ACC0000004192,191544.1,83021.69,69381.54,205184.25,NPR
2026-01-26,ACC0000004193,327241.78,0.0,91292.73,235949.05,NPR
2026-01-26,ACC0000004194,176287.98,0.0,45819.09,130468.89,NPR
2026-01-26,ACC0000004195,427622.81,42610.3,17776.62,452456.49,NPR
2026-01-26,ACC0000004196,139277.37,0.0,71621.09,67656.28,NPR
2026-01-26,ACC0000004197,295982.13,0.0,27813.39,268168.74,NPR
2026-01-26,ACC0000004198,464818.29,32162.88,55391.4,441589.77,NPR
2026-01-26,ACC0000004199,9431.35,43292.91,12076.85,40647.41,NPR
2026-01-26,ACC0000004200,99737.0,0.0,177115.31,-77378.31,NPR
2026-01-26,ACC0000004201,198991.96,0.0,0.0,198991.96,NPR
2026-01-26,ACC0000004202,408611.64,0.0,77753.88,330857.76,NPR
2026-01-26,ACC0000004203,436883.89,0.0,0.0,436883.89,NPR
2026-01-26,ACC0000004204,476329.8,45107.57,94016.96,427420.41,NPR
2026-01-26,ACC0000004205,301567.46,16898.71,9798.25,308667.92,NPR
2026-01-26,ACC0000004206,105667.0,0.0,1911.26,103755.74,NPR
2026-01-26,ACC0000004207,16725.95,0.0,0.0,16725.95,NPR
2026-01-26,ACC0000004208,427732.05,0.0,93871.06,333860.99,NPR
2026-01-26,ACC0000004209,365282.62,25455.82,185147.26,205591.18,NPR
2026-01-26,ACC0000004210,418298.24,0.0,16417.16,401881.08,NPR
2026-01-26,ACC0000004211,167439.03,32826.22,174689.86,25575.39,NPR
2026-01-26,ACC0000004212,178348.46,0.0,45983.71,132364.75,NPR
2026-01-26,ACC0000004213,477066.79,0.0,35405.82,441660.97,NPR
2026-01-26,ACC0000004214,127786.53,957.09,182261.98,-53518.36,NPR
2026-01-26,ACC0000004215,158196.27,0.0,148750.25,9446.02,NPR
2026-01-26,ACC0000004216,225571.85,39420.44,40712.83,224279.46,NPR
2026-01-26,ACC0000004217,7947.23,0.0,0.0,7947.23,NPR
2026-01-26,ACC0000004218,475209.07,0.0,104256.06,370953.01,NPR
2026-01-26,ACC0000004219,362532.86,0.0,0.0,362532.86,NPR
2026-01-26,ACC0000004220,87148.01,0.0,0.0,87148.01,NPR
2026-01-26,ACC0000004221,469389.2,3159.12,0.0,472548.32,NPR
2026-01-26,ACC0000004222,410857.83,42250.23,0.0,453108.06,NPR
2026-01-26,ACC0000004223,365181.47,20765.61,23575.74,362371.34,NPR
2026-01-26,ACC0000004224,4827.79,33200.35,8249.78,29778.36,NPR
2026-01-26,ACC0000004225,130293.72,14078.14,44758.85,99613.01,NPR
2026-01-26,ACC0000004226,278356.74,0.0,87256.53,191100.21,NPR
2026-01-26,ACC0000004227,315621.64,0.0,67097.87,248523.77,NPR
2026-01-26,ACC0000004228,314700.95,35589.26,147127.35,203162.86,NPR
2026-01-26,ACC0000004229,112783.18,0.0,0.0,112783.18,NPR
2026-01-26,ACC0000004230,300399.75,0.0,47637.62,252762.13,NPR
2026-01-26,ACC0000004231,327651.42,9928.33,95040.17,242539.58,NPR
2026-01-26,ACC0000004232,148419.43,0.0,8672.54,139746.89,NPR
2026-01-26,ACC0000004233,392468.04,0.0,0.0,392468.04,NPR
2026-01-26,ACC0000004234,170316.01,36626.57,87506.37,119436.21,NPR
2026-01-26,ACC0000004235,396143.25,0.0,87765.34,308377.91,NPR
2026-01-26,ACC0000004236,431781.02,0.0,90308.31,341472.71,NPR
2026-01-26,ACC0000004237,283231.85,0.0,30877.57,252354.28,NPR
2026-01-26,ACC0000004238,43335.23,21994.57,54089.51,11240.29,NPR
2026-01-26,ACC0000004239,91465.58,0.0,0.0,91465.58,NPR
2026-01-26,ACC0000004240,449302.8,0.0,63590.72,385712.08,NPR
2026-01-26,ACC0000004241,323269.69,0.0,116265.25,207004.44,NPR
2026-01-26,ACC0000004242,456413.91,0.0,10960.81,445453.1,NPR
2026-01-26,ACC0000004243,309528.76,0.0,44423.36,265105.4,NPR
2026-01-26,ACC0000004244,175254.08,0.0,0.0,175254.08,NPR
2026-01-26,ACC0000004245,316127.04,46377.14,0.0,362504.18,NPR
2026-01-26,ACC0000004246,67028.22,0.0,57854.65,9173.57,NPR
2026-01-26,ACC0000004247,313527.34,0.0,54867.56,258659.78,NPR
2026-01-26,ACC0000004248,38227.11,81875.91,0.0,120103.02,NPR
2026-01-26,ACC0000004249,203075.2,55544.35,18693.47,239926.08,NPR
2026-01-26,ACC0000004250,309358.44,0.0,0.0,309358.44,NPR
2026-01-26,ACC0000004251,251785.14,0.0,59398.47,192386.67,NPR
2026-01-26,ACC0000004252,100736.94,0.0,0.0,100736.94,NPR
2026-01-26,ACC0000004253,104412.85,0.0,54939.83,49473.02,NPR
2026-01-26,ACC0000004254,151657.97,0.0,0.0,151657.97,NPR
2026-01-26,ACC0000004255,490602.02,0.0,0.0,490602.02,NPR
2026-01-26,ACC0000004256,406672.1,9131.13,42690.89,373112.34,NPR
2026-01-26,ACC0000004257,5509.53,0.0,17207.19,-11697.66,NPR
2026-01-26,ACC0000004258,379089.99,41160.0,6257.41,413992.58,NPR
2026-01-26,ACC0000004259,212417.56,0.0,0.0,212417.56,NPR
2026-01-26,ACC0000004260,452247.15,22936.73,86058.05,389125.83,NPR
2026-01-26,ACC0000004261,435776.8,0.0,0.0,435776.8,NPR
2026-01-26,ACC0000004262,16178.06,0.0,8697.29,7480.77,NPR
2026-01-26,ACC0000004263,38818.56,58943.92,39732.24,58030.24,NPR
2026-01-26,ACC0000004264,487436.76,0.0,0.0,487436.76,NPR
2026-01-26,ACC0000004265,5482.13,0.0,0.0,5482.13,NPR
2026-01-26,ACC0000004266,234955.42,0.0,15338.6,219616.82,NPR
2026-01-26,ACC0000004267,79079.45,0.0,42533.81,36545.64,NPR
2026-01-26,ACC0000004268,297877.22,0.0,37383.36,260493.86,NPR
2026-01-26,ACC0000004269,25639.27,57020.33,54769.77,27889.83,NPR
2026-01-26,ACC0000004270,1196.78,0.0,55564.24,-54367.46,NPR
2026-01-26,ACC0000004271,11395.96,0.0,0.0,11395.96,NPR
2026-01-26,ACC0000004272,421924.82,0.0,64343.73,357581.09,NPR
2026-01-26,ACC0000004273,227089.01,0.0,92207.32,134881.69,NPR
2026-01-26,ACC0000004274,79560.53,0.0,87932.05,-8371.52,NPR
2026-01-26,ACC0000004275,411281.34,0.0,92387.41,318893.93,NPR
2026-01-26,ACC0000004276,72446.78,0.0,27534.88,44911.9,NPR
2026-01-26,ACC0000004277,19100.91,18351.51,17989.71,19462.71,NPR
2026-01-26,ACC0000004278,91233.55,26843.6,28589.88,89487.27,NPR
2026-01-26,ACC0000004279,342360.32,0.0,45299.68,297060.64,NPR
2026-01-26,ACC0000004280,161509.64,38944.62,56424.9,144029.36,NPR
2026-01-26,ACC0000004281,188832.02,0.0,67602.66,121229.36,NPR
2026-01-26,ACC0000004282,157744.64,5958.86,48003.55,115699.95,NPR
2026-01-26,ACC0000004283,432734.63,30937.12,127706.41,335965.34,NPR
2026-01-26,ACC0000004284,218535.64,0.0,73767.03,144768.61,NPR
2026-01-26,ACC0000004285,269874.04,0.0,47657.77,222216.27,NPR
2026-01-26,ACC0000004286,202186.7,117.65,55767.72,146536.63,NPR
2026-01-26,ACC0000004287,246308.69,97766.21,65524.88,278550.02,NPR
2026-01-26,ACC0000004288,295251.16,34440.45,19715.15,309976.46,NPR
2026-01-26,ACC0000004289,55075.78,30487.83,0.0,85563.61,NPR
2026-01-26,ACC0000004290,424875.05,0.0,0.0,424875.05,NPR
2026-01-26,ACC0000004291,456275.25,49103.17,43368.1,462010.32,NPR
2026-01-26,ACC0000004292,195960.9,0.0,47158.3,148802.6,NPR
2026-01-26,ACC0000004293,238881.48,0.0,0.0,238881.48,NPR
2026-01-26,ACC0000004294,79728.57,0.0,38566.59,41161.98,NPR
2026-01-26,ACC0000004295,450167.65,0.0,4980.33,445187.32,NPR
2026-01-26,ACC0000004296,95903.45,12013.71,53423.42,54493.74,NPR
2026-01-26,ACC0000004297,156183.96,0.0,34579.69,121604.27,NPR
2026-01-26,ACC0000004298,394556.87,48812.27,0.0,443369.14,NPR
2026-01-26,ACC0000004299,93668.27,0.0,64771.94,28896.33,NPR
2026-01-26,ACC0000004300,192292.67,0.0,39064.28,153228.39,NPR
2026-01-26,ACC0000004301,44548.6,0.0,0.0,44548.6,NPR
2026-01-26,ACC0000004302,28849.35,41618.61,44032.89,26435.07,NPR
2026-01-26,ACC0000004303,376240.53,0.0,51220.8,325019.73,NPR
2026-01-26,ACC0000004304,394028.13,12205.92,24113.5,382120.55,NPR
2026-01-26,ACC0000004305,245999.83,29565.09,28260.09,247304.83,NPR
2026-01-26,ACC0000004306,292052.89,0.0,36751.16,255301.73,NPR
2026-01-26,ACC0000004307,147513.57,0.0,88787.11,58726.46,NPR
2026-01-26,ACC0000004308,468237.79,3186.29,132084.99,339339.09,NPR
2026-01-26,ACC0000004309,348941.5,0.0,88336.4,260605.1,NPR
2026-01-26,ACC0000004310,178726.67,0.0,1652.43,177074.24,NPR
2026-01-26,ACC0000004311,274667.91,0.0,0.0,274667.91,NPR
2026-01-26,ACC0000004312,377948.73,18753.11,57417.52,339284.32,NPR
2026-01-26,ACC0000004313,118384.88,0.0,31542.1,86842.78,NPR
2026-01-26,ACC0000004314,124320.93,0.0,25254.09,99066.84,NPR
2026-01-26,ACC0000004315,372967.45,0.0,92536.37,280431.08,NPR
2026-01-26,ACC0000004316,400457.97,0.0,0.0,400457.97,NPR
2026-01-26,ACC0000004317,256394.66,0.0,8855.29,247539.37,NPR
2026-01-26,ACC0000004318,412006.18,0.0,73301.34,338704.84,NPR
2026-01-26,ACC0000004319,395307.83,0.0,64622.29,330685.54,NPR
2026-01-26,ACC0000004320,278817.52,0.0,0.0,278817.52,NPR
2026-01-26,ACC0000004321,75208.65,0.0,47429.74,27778.91,NPR
2026-01-26,ACC0000004322,244359.39,0.0,0.0,244359.39,NPR
2026-01-26,ACC0000004323,451095.23,24635.5,6811.17,468919.56,NPR
2026-01-26,ACC0000004324,55202.16,59728.73,71866.31,43064.58,NPR
2026-01-26,ACC0000004325,241947.16,25498.69,47605.78,219840.07,NPR
2026-01-26,ACC0000004326,465353.91,28096.94,0.0,493450.85,NPR
2026-01-26,ACC0000004327,62742.64,0.0,55535.93,7206.71,NPR
2026-01-26,ACC0000004328,39139.97,16486.66,56073.19,-446.56,NPR
2026-01-26,ACC0000004329,104935.89,0.0,90594.29,14341.6,NPR
2026-01-26,ACC0000004330,229503.0,0.0,144960.4,84542.6,NPR
2026-01-26,ACC0000004331,406644.58,0.0,35070.61,371573.97,NPR
2026-01-26,ACC0000004332,237461.96,0.0,209513.93,27948.03,NPR
2026-01-26,ACC0000004333,420942.77,0.0,34480.85,386461.92,NPR
2026-01-26,ACC0000004334,407133.91,43676.88,80206.98,370603.81,NPR
2026-01-26,ACC0000004335,414062.25,0.0,12298.69,401763.56,NPR
2026-01-26,ACC0000004336,187876.05,33984.1,90746.58,131113.57,NPR
2026-01-26,ACC0000004337,257751.65,24997.83,14714.12,268035.36,NPR
2026-01-26,ACC0000004338,78426.66,0.0,53438.59,24988.07,NPR
2026-01-26,ACC0000004339,231240.47,26432.33,47655.58,210017.22,NPR
2026-01-26,ACC0000004340,194136.94,0.0,49869.16,144267.78,NPR
2026-01-26,ACC0000004341,498321.64,18119.74,63578.37,452863.01,NPR
2026-01-26,ACC0000004342,29610.61,29926.28,48521.03,11015.86,NPR
2026-01-26,ACC0000004343,394581.75,0.0,46585.06,347996.69,NPR
2026-01-26,ACC0000004344,319011.45,49684.12,114289.22,254406.35,NPR
2026-01-26,ACC0000004345,264330.19,11653.85,4780.15,271203.89,NPR
2026-01-26,ACC0000004346,334810.58,6841.38,62850.06,278801.9,NPR
2026-01-26,ACC0000004347,203720.34,0.0,45920.57,157799.77,NPR
2026-01-26,ACC0000004348,84913.13,0.0,109039.73,-24126.6,NPR
2026-01-26,ACC0000004349,262362.63,0.0,54312.59,208050.04,NPR
2026-01-26,ACC0000004350,408563.24,0.0,59527.87,349035.37,NPR
2026-01-26,ACC0000004351,135295.05,13475.74,89535.2,59235.59,NPR
2026-01-26,ACC0000004352,232852.26,21274.87,0.0,254127.13,NPR
2026-01-26,ACC0000004353,181518.23,0.0,158313.51,23204.72,NPR
2026-01-26,ACC0000004354,233305.23,0.0,98400.28,134904.95,NPR
2026-01-26,ACC0000004355,229947.22,32021.0,2517.08,259451.14,NPR
2026-01-26,ACC0000004356,405158.66,0.0,42649.3,362509.36,NPR
2026-01-26,ACC0000004357,360180.48,12487.19,78964.92,293702.75,NPR
2026-01-26,ACC0000004358,198355.26,0.0,102609.82,95745.44,NPR
2026-01-26,ACC0000004359,420156.88,0.0,62841.89,357314.99,NPR
2026-01-26,ACC0000004360,335003.33,0.0,64004.81,270998.52,NPR
2026-01-26,ACC0000004361,194870.28,0.0,0.0,194870.28,NPR
2026-01-26,ACC0000004362,370629.07,41050.85,12189.33,399490.59,NPR
2026-01-26,ACC0000004363,386316.86,11636.29,77913.03,320040.12,NPR
2026-01-26,ACC0000004364,116207.98,0.0,49405.44,66802.54,NPR
2026-01-26,ACC0000004365,289206.01,0.0,0.0,289206.01,NPR
2026-01-26,ACC0000004366,460943.78,49759.54,0.0,510703.32,NPR
2026-01-26,ACC0000004367,498466.85,0.0,58917.65,439549.2,NPR
2026-01-26,ACC0000004368,331606.62,0.0,0.0,331606.62,NPR
2026-01-26,ACC0000004369,185883.93,0.0,99425.03,86458.9,NPR
2026-01-26,ACC0000004370,326254.45,0.0,0.0,326254.45,NPR
2026-01-26,ACC0000004371,27409.68,0.0,30530.5,-3120.82,NPR
2026-01-26,ACC0000004372,140360.16,39640.75,118381.19,61619.72,NPR
2026-01-26,ACC0000004373,347428.46,25386.81,23724.08,349091.19,NPR
2026-01-26,ACC0000004374,122914.1,0.0,0.0,122914.1,NPR
2026-01-26,ACC0000004375,200488.13,48009.49,39018.82,209478.8,NPR
2026-01-26,ACC0000004376,489696.71,1283.59,20147.4,470832.9,NPR
2026-01-26,ACC0000004377,316110.23,28513.4,55991.86,288631.77,NPR
2026-01-26,ACC0000004378,187053.34,0.0,75789.39,111263.95,NPR
2026-01-26,ACC0000004379,208205.22,94337.87,42960.03,259583.06,NPR
2026-01-26,ACC0000004380,208159.89,0.0,88501.23,119658.66,NPR
2026-01-26,ACC0000004381,185617.92,0.0,31822.45,153795.47,NPR
2026-01-26,ACC0000004382,174208.98,8467.69,72069.55,110607.12,NPR
2026-01-26,ACC0000004383,294805.9,51359.35,65227.97,280937.28,NPR
2026-01-26,ACC0000004384,117321.69,3715.68,102546.59,18490.78,NPR
2026-01-26,ACC0000004385,33434.19,0.0,43795.98,-10361.79,NPR
2026-01-26,ACC0000004386,470382.38,0.0,35156.47,435225.91,NPR
2026-01-26,ACC0000004387,387430.12,11254.72,84688.07,313996.77,NPR
2026-01-26,ACC0000004388,417014.96,26987.52,74126.36,369876.12,NPR
2026-01-26,ACC0000004389,152480.36,5885.5,34877.37,123488.49,NPR
2026-01-26,ACC0000004390,74944.73,26965.74,65258.85,36651.62,NPR
2026-01-26,ACC0000004391,75821.17,0.0,30407.58,45413.59,NPR
2026-01-26,ACC0000004392,462314.95,0.0,42294.35,420020.6,NPR
2026-01-26,ACC0000004393,11683.34,0.0,0.0,11683.34,NPR
2026-01-26,ACC0000004394,47629.14,49410.65,67441.84,29597.95,NPR
2026-01-26,ACC0000004395,393423.17,27360.04,41817.37,378965.84,NPR
2026-01-26,ACC0000004396,403576.04,0.0,126432.84,277143.2,NPR
2026-01-26,ACC0000004397,211939.2,26845.69,74546.1,164238.79,NPR
2026-01-26,ACC0000004398,333878.03,0.0,10915.84,322962.19,NPR
2026-01-26,ACC0000004399,369501.34,0.0,0.0,369501.34,NPR
2026-01-26,ACC0000004400,309558.24,0.0,0.0,309558.24,NPR
2026-01-26,ACC0000004401,466281.09,13932.1,43299.92,436913.27,NPR
2026-01-26,ACC0000004402,251833.22,0.0,32239.36,219593.86,NPR
2026-01-26,ACC0000004403,220822.48,0.0,284.86,220537.62,NPR
2026-01-26,ACC0000004404,365003.13,0.0,45327.23,319675.9,NPR
2026-01-26,ACC0000004405,453597.76,0.0,79760.14,373837.62,NPR
2026-01-26,ACC0000004406,447475.4,0.0,72578.29,374897.11,NPR
2026-01-26,ACC0000004407,452749.44,0.0,0.0,452749.44,NPR
2026-01-26,ACC0000004408,494669.53,1596.55,47525.52,448740.56,NPR
2026-01-26,ACC0000004409,10710.83,0.0,83348.17,-72637.34,NPR
2026-01-26,ACC0000004410,33806.76,8052.03,78882.81,-37024.02,NPR
2026-01-26,ACC0000004411,482978.26,0.0,48970.76,434007.5,NPR
2026-01-26,ACC0000004412,291865.76,0.0,84919.08,206946.68,NPR
2026-01-26,ACC0000004413,162297.53,0.0,156933.46,5364.07,NPR
2026-01-26,ACC0000004414,139579.92,7984.36,79924.89,67639.39,NPR
2026-01-26,ACC0000004415,257997.11,0.0,0.0,257997.11,NPR
2026-01-26,ACC0000004416,385145.04,0.0,0.0,385145.04,NPR
2026-01-26,ACC0000004417,480909.99,0.0,36666.06,444243.93,NPR
2026-01-26,ACC0000004418,324984.65,0.0,0.0,324984.65,NPR
2026-01-26,ACC0000004419,256812.51,20240.26,52775.62,224277.15,NPR
2026-01-26,ACC0000004420,9359.71,0.0,59095.45,-49735.74,NPR
2026-01-26,ACC0000004421,345529.28,38568.55,18387.83,365710.0,NPR
2026-01-26,ACC0000004422,211508.39,0.0,114503.7,97004.69,NPR
2026-01-26,ACC0000004423,486717.85,0.0,0.0,486717.85,NPR
2026-01-26,ACC0000004424,242814.58,0.0,100327.12,142487.46,NPR
2026-01-26,ACC0000004425,11366.62,22484.57,0.0,33851.19,NPR
2026-01-26,ACC0000004426,321435.88,69812.76,67053.3,324195.34,NPR
2026-01-26,ACC0000004427,177777.39,0.0,80808.5,96968.89,NPR
2026-01-26,ACC0000004428,310088.74,8489.95,49473.34,269105.35,NPR
2026-01-26,ACC0000004429,410061.4,0.0,82414.09,327647.31,NPR
2026-01-26,ACC0000004430,124586.25,0.0,56345.5,68240.75,NPR
2026-01-26,ACC0000004431,61198.62,0.0,82603.87,-21405.25,NPR
2026-01-26,ACC0000004432,296454.37,47610.37,25717.71,318347.03,NPR
2026-01-26,ACC0000004433,480119.77,0.0,0.0,480119.77,NPR
2026-01-26,ACC0000004434,12738.1,47493.73,32013.09,28218.74,NPR
2026-01-26,ACC0000004435,51432.7,0.0,0.0,51432.7,NPR
2026-01-26,ACC0000004436,262262.17,26529.34,12286.57,276504.94,NPR
2026-01-26,ACC0000004437,342117.04,0.0,182177.3,159939.74,NPR
2026-01-26,ACC0000004438,221263.5,0.0,128947.84,92315.66,NPR
2026-01-26,ACC0000004439,193619.73,0.0,0.0,193619.73,NPR
2026-01-26,ACC0000004440,61840.83,4699.98,46129.63,20411.18,NPR
2026-01-26,ACC0000004441,452493.45,47134.43,0.0,499627.88,NPR
2026-01-26,ACC0000004442,29261.99,0.0,28954.09,307.9,NPR
2026-01-26,ACC0000004443,441215.42,3473.76,48476.48,396212.7,NPR
2026-01-26,ACC0000004444,134524.85,0.0,0.0,134524.85,NPR
2026-01-26,ACC0000004445,120268.87,0.0,99925.19,20343.68,NPR
2026-01-26,ACC0000004446,378875.64,0.0,60659.42,318216.22,NPR
2026-01-26,ACC0000004447,213936.1,0.0,57363.6,156572.5,NPR
2026-01-26,ACC0000004448,250268.58,50989.65,97360.31,203897.92,NPR
2026-01-26,ACC0000004449,347950.07,0.0,45012.31,302937.76,NPR
2026-01-26,ACC0000004450,158236.14,0.0,57428.58,100807.56,NPR
2026-01-26,ACC0000004451,206794.22,0.0,0.0,206794.22,NPR
2026-01-26,ACC0000004452,50340.6,5427.86,51747.59,4020.87,NPR
2026-01-26,ACC0000004453,482204.42,0.0,51499.54,430704.88,NPR
2026-01-26,ACC0000004454,44018.36,0.0,41527.29,2491.07,NPR
2026-01-26,ACC0000004455,74436.13,0.0,106974.21,-32538.08,NPR
2026-01-26,ACC0000004456,489420.22,0.0,20941.36,468478.86,NPR
2026-01-26,ACC0000004457,53805.61,0.0,51574.52,2231.09,NPR
2026-01-26,ACC0000004458,475285.76,0.0,20001.41,455284.35,NPR
2026-01-26,ACC0000004459,261909.35,0.0,109007.87,152901.48,NPR
2026-01-26,ACC0000004460,319072.7,0.0,73467.08,245605.62,NPR
2026-01-26,ACC0000004461,402373.92,0.0,92719.6,309654.32,NPR
2026-01-26,ACC0000004462,349429.84,0.0,96456.48,252973.36,NPR
2026-01-26,ACC0000004463,68650.01,27532.47,38808.01,57374.47,NPR
2026-01-26,ACC0000004464,278732.18,0.0,76472.46,202259.72,NPR
2026-01-26,ACC0000004465,471397.46,0.0,43467.14,427930.32,NPR
2026-01-26,ACC0000004466,487268.23,0.0,0.0,487268.23,NPR
2026-01-26,ACC0000004467,464004.64,126615.74,43056.16,547564.22,NPR
2026-01-26,ACC0000004468,348054.7,34893.02,0.0,382947.72,NPR
2026-01-26,ACC0000004469,164965.43,0.0,122303.91,42661.52,NPR
2026-01-26,ACC0000004470,438392.61,27117.32,0.0,465509.93,NPR
2026-01-26,ACC0000004471,126059.46,33580.74,84565.44,75074.76,NPR
2026-01-26,ACC0000004472,23302.58,5929.8,79731.15,-50498.77,NPR
2026-01-26,ACC0000004473,32732.27,0.0,22500.75,10231.52,NPR
2026-01-26,ACC0000004474,266179.8,0.0,0.0,266179.8,NPR
2026-01-26,ACC0000004475,297007.02,0.0,75343.31,221663.71,NPR
2026-01-26,ACC0000004476,455622.99,77193.7,0.0,532816.69,NPR
2026-01-26,ACC0000004477,462572.87,0.0,67493.5,395079.37,NPR
2026-01-26,ACC0000004478,205548.47,0.0,102814.52,102733.95,NPR
2026-01-26,ACC0000004479,70938.7,0.0,31921.56,39017.14,NPR
2026-01-26,ACC0000004480,491965.51,0.0,66736.68,425228.83,NPR
2026-01-26,ACC0000004481,341351.63,0.0,0.0,341351.63,NPR
2026-01-26,ACC0000004482,143631.22,27262.28,162910.59,7982.91,NPR
2026-01-26,ACC0000004483,116136.13,0.0,72304.46,43831.67,NPR
2026-01-26,ACC0000004484,404309.67,30893.34,132636.22,302566.79,NPR
2026-01-26,ACC0000004485,258670.8,26165.84,41860.39,242976.25,NPR
2026-01-26,ACC0000004486,210550.19,22511.74,44258.57,188803.36,NPR
2026-01-26,ACC0000004487,358070.96,0.0,38720.96,319350.0,NPR
2026-01-26,ACC0000004488,319805.88,0.0,0.0,319805.88,NPR
2026-01-26,ACC0000004489,40472.38,45910.19,12379.72,74002.85,NPR
2026-01-26,ACC0000004490,32288.47,0.0,108447.71,-76159.24,NPR
2026-01-26,ACC0000004491,263697.22,34595.37,109869.83,188422.76,NPR
2026-01-26,ACC0000004492,60908.63,0.0,76925.01,-16016.38,NPR
2026-01-26,ACC0000004493,479750.97,0.0,56864.77,422886.2,NPR
2026-01-26,ACC0000004494,213506.56,0.0,55847.73,157658.83,NPR
2026-01-26,ACC0000004495,331234.15,46966.76,23615.69,354585.22,NPR
2026-01-26,ACC0000004496,494721.04,0.0,103778.01,390943.03,NPR
2026-01-26,ACC0000004497,3289.13,0.0,0.0,3289.13,NPR
2026-01-26,ACC0000004498,103841.6,0.0,65374.01,38467.59,NPR
2026-01-26,ACC0000004499,179212.75,46639.96,26660.23,199192.48,NPR
2026-01-26,ACC0000004500,4200.38,45160.27,75051.74,-25691.09,NPR
2026-01-26,ACC0000004501,439987.74,0.0,22190.73,417797.01,NPR
2026-01-26,ACC0000004502,84629.84,0.0,27725.53,56904.31,NPR
2026-01-26,ACC0000004503,126874.93,0.0,0.0,126874.93,NPR
2026-01-26,ACC0000004504,226332.93,0.0,100757.84,125575.09,NPR
2026-01-26,ACC0000004505,272292.47,0.0,0.0,272292.47,NPR
2026-01-26,ACC0000004506,259324.77,0.0,44350.68,214974.09,NPR
2026-01-26,ACC0000004507,191539.57,0.0,17391.59,174147.98,NPR
2026-01-26,ACC0000004508,294708.16,0.0,53953.07,240755.09,NPR
2026-01-26,ACC0000004509,322915.86,19964.02,8004.38,334875.5,NPR
2026-01-26,ACC0000004510,255686.74,35033.01,17658.34,273061.41,NPR
2026-01-26,ACC0000004511,400446.1,12406.5,115869.23,296983.37,NPR
2026-01-26,ACC0000004512,410353.61,15161.0,0.0,425514.61,NPR
2026-01-26,ACC0000004513,160452.23,0.0,106375.39,54076.84,NPR
2026-01-26,ACC0000004514,359841.08,27669.89,12106.69,375404.28,NPR
2026-01-26,ACC0000004515,269991.56,0.0,84392.38,185599.18,NPR
2026-01-26,ACC0000004516,313751.02,0.0,114458.47,199292.55,NPR
2026-01-26,ACC0000004517,487702.44,2420.16,43813.44,446309.16,NPR
2026-01-26,ACC0000004518,412044.65,0.0,14139.55,397905.1,NPR
2026-01-26,ACC0000004519,140890.22,31454.94,82799.45,89545.71,NPR
2026-01-26,ACC0000004520,409334.09,0.0,18046.85,391287.24,NPR
2026-01-26,ACC0000004521,354093.86,0.0,183059.23,171034.63,NPR
2026-01-26,ACC0000004522,37614.26,0.0,51274.88,-13660.62,NPR
2026-01-26,ACC0000004523,447573.34,28380.99,124648.15,351306.18,NPR
2026-01-26,ACC0000004524,112603.42,0.0,105251.22,7352.2,NPR
2026-01-26,ACC0000004525,115313.35,0.0,2004.43,113308.92,NPR
2026-01-26,ACC0000004526,288437.89,34505.39,0.0,322943.28,NPR
2026-01-26,ACC0000004527,411557.92,0.0,135841.95,275715.97,NPR
2026-01-26,ACC0000004528,254860.51,0.0,34841.59,220018.92,NPR
2026-01-26,ACC0000004529,92867.81,0.0,46440.69,46427.12,NPR
2026-01-26,ACC0000004530,309966.85,0.0,0.0,309966.85,NPR
2026-01-26,ACC0000004531,182089.94,0.0,88878.37,93211.57,NPR
2026-01-26,ACC0000004532,112583.22,0.0,0.0,112583.22,NPR
2026-01-26,ACC0000004533,388890.03,9874.83,23383.69,375381.17,NPR
2026-01-26,ACC0000004534,130081.63,11427.8,123003.94,18505.49,NPR
2026-01-26,ACC0000004535,170483.22,0.0,0.0,170483.22,NPR
2026-01-26,ACC0000004536,234118.48,0.0,0.0,234118.48,NPR
2026-01-26,ACC0000004537,405718.36,26482.84,24575.76,407625.44,NPR
2026-01-26,ACC0000004538,275135.38,0.0,0.0,275135.38,NPR
2026-01-26,ACC0000004539,343597.8,0.0,26315.33,317282.47,NPR
2026-01-26,ACC0000004540,353927.8,0.0,125455.58,228472.22,NPR
2026-01-26,ACC0000004541,291799.37,0.0,0.0,291799.37,NPR
2026-01-26,ACC0000004542,423388.09,103792.98,83026.29,444154.78,NPR
2026-01-26,ACC0000004543,399181.21,0.0,59727.51,339453.7,NPR
2026-01-26,ACC0000004544,198342.64,0.0,34590.13,163752.51,NPR
2026-01-26,ACC0000004545,440932.89,0.0,0.0,440932.89,NPR
2026-01-26,ACC0000004546,28548.17,0.0,24418.99,4129.18,NPR
2026-01-26,ACC0000004547,25890.99,0.0,33085.68,-7194.69,NPR
2026-01-26,ACC0000004548,315610.06,68506.14,54497.88,329618.32,NPR
2026-01-26,ACC0000004549,226222.45,0.0,160555.81,65666.64,NPR
2026-01-26,ACC0000004550,471582.52,0.0,0.0,471582.52,NPR
2026-01-26,ACC0000004551,467806.73,0.0,115675.25,352131.48,NPR
2026-01-26,ACC0000004552,418572.66,0.0,40812.24,377760.42,NPR
2026-01-26,ACC0000004553,467057.99,0.0,36429.51,430628.48,NPR
2026-01-26,ACC0000004554,101792.79,27581.23,0.0,129374.02,NPR
2026-01-26,ACC0000004555,228916.0,0.0,20497.15,208418.85,NPR
2026-01-26,ACC0000004556,489524.96,0.0,116595.26,372929.7,NPR
2026-01-26,ACC0000004557,291927.5,0.0,67973.55,223953.95,NPR
2026-01-26,ACC0000004558,243479.32,29808.67,38944.06,234343.93,NPR
2026-01-26,ACC0000004559,211212.12,12255.32,49191.15,174276.29,NPR
2026-01-26,ACC0000004560,387530.06,0.0,53089.44,334440.62,NPR
2026-01-26,ACC0000004561,132262.37,0.0,0.0,132262.37,NPR
2026-01-26,ACC0000004562,412013.17,0.0,91390.73,320622.44,NPR
2026-01-26,ACC0000004563,260014.53,0.0,42407.42,217607.11,NPR
2026-01-26,ACC0000004564,209352.08,0.0,60607.96,148744.12,NPR
2026-01-26,ACC0000004565,350627.57,0.0,58701.81,291925.76,NPR
2026-01-26,ACC0000004566,464001.68,39931.05,0.0,503932.73,NPR
2026-01-26,ACC0000004567,145771.66,0.0,84736.57,61035.09,NPR
2026-01-26,ACC0000004568,405810.82,9799.47,171716.49,243893.8,NPR
2026-01-26,ACC0000004569,464174.85,0.0,11918.22,452256.63,NPR
2026-01-26,ACC0000004570,266484.56,0.0,0.0,266484.56,NPR
2026-01-26,ACC0000004571,479967.9,8407.37,41483.15,446892.12,NPR
2026-01-26,ACC0000004572,183438.75,0.0,0.0,183438.75,NPR
2026-01-26,ACC0000004573,336907.5,0.0,87553.81,249353.69,NPR
2026-01-26,ACC0000004574,436702.42,11241.17,35975.08,411968.51,NPR
2026-01-26,ACC0000004575,239517.18,0.0,157302.48,82214.7,NPR
2026-01-26,ACC0000004576,498837.13,0.0,52097.01,446740.12,NPR
2026-01-26,ACC0000004577,313078.65,0.0,1417.99,311660.66,NPR
2026-01-26,ACC0000004578,342047.27,5376.28,87921.81,259501.74,NPR
2026-01-26,ACC0000004579,145597.72,18735.33,42892.89,121440.16,NPR
2026-01-26,ACC0000004580,223262.68,26382.74,88923.8,160721.62,NPR
2026-01-26,ACC0000004581,148952.31,0.0,2007.57,146944.74,NPR
2026-01-26,ACC0000004582,296587.04,0.0,0.0,296587.04,NPR
2026-01-26,ACC0000004583,472574.24,0.0,57348.98,415225.26,NPR
2026-01-26,ACC0000004584,419465.46,42732.42,79793.27,382404.61,NPR
2026-01-26,ACC0000004585,151203.73,9685.47,64039.67,96849.53,NPR
2026-01-26,ACC0000004586,466213.85,84814.57,1540.81,549487.61,NPR
2026-01-26,ACC0000004587,3546.2,0.0,135228.37,-131682.17,NPR
2026-01-26,ACC0000004588,374098.15,0.0,126260.32,247837.83,NPR
2026-01-26,ACC0000004589,220858.11,65109.92,30964.08,255003.95,NPR
2026-01-26,ACC0000004590,380811.22,0.0,11630.94,369180.28,NPR
2026-01-26,ACC0000004591,32773.69,19404.61,88955.8,-36777.5,NPR
2026-01-26,ACC0000004592,159307.51,0.0,0.0,159307.51,NPR
2026-01-26,ACC0000004593,421892.91,20740.73,77276.07,365357.57,NPR
2026-01-26,ACC0000004594,115555.21,0.0,124181.59,-8626.38,NPR
2026-01-26,ACC0000004595,306363.16,0.0,32313.43,274049.73,NPR
2026-01-26,ACC0000004596,339028.25,13660.85,36287.1,316402.0,NPR
2026-01-26,ACC0000004597,89114.73,0.0,31551.02,57563.71,NPR
2026-01-26,ACC0000004598,307114.69,0.0,88725.97,218388.72,NPR
2026-01-26,ACC0000004599,350370.93,41451.35,54174.33,337647.95,NPR
2026-01-26,ACC0000004600,256688.38,34709.06,62832.01,228565.43,NPR
2026-01-26,ACC0000004601,46845.25,0.0,37707.6,9137.65,NPR
2026-01-26,ACC0000004602,359489.81,0.0,23591.31,335898.5,NPR
2026-01-26,ACC0000004603,269834.41,0.0,0.0,269834.41,NPR
2026-01-26,ACC0000004604,151437.75,33718.42,41323.21,143832.96,NPR
2026-01-26,ACC0000004605,380925.14,18202.92,55296.78,343831.28,NPR
2026-01-26,ACC0000004606,134646.34,0.0,103030.07,31616.27,NPR
2026-01-26,ACC0000004607,452825.61,0.0,0.0,452825.61,NPR
2026-01-26,ACC0000004608,440680.99,14586.34,76363.87,378903.46,NPR
2026-01-26,ACC0000004609,65986.92,0.0,162562.51,-96575.59,NPR
2026-01-26,ACC0000004610,412907.16,43594.55,22594.16,433907.55,NPR
2026-01-26,ACC0000004611,470107.48,42251.24,28385.31,483973.41,NPR
2026-01-26,ACC0000004612,160799.21,65599.6,34998.08,191400.73,NPR
2026-01-26,ACC0000004613,171282.89,21595.21,37378.29,155499.81,NPR
2026-01-26,ACC0000004614,298868.74,10374.79,38029.49,271214.04,NPR
2026-01-26,ACC0000004615,233452.32,0.0,62151.34,171300.98,NPR
2026-01-26,ACC0000004616,158324.4,36958.63,64858.4,130424.63,NPR
2026-01-26,ACC0000004617,128333.3,12964.14,54411.52,86885.92,NPR
2026-01-26,ACC0000004618,374363.7,0.0,0.0,374363.7,NPR
2026-01-26,ACC0000004619,101130.6,54101.5,95425.06,59807.04,NPR
2026-01-26,ACC0000004620,335712.26,10125.9,17153.08,328685.08,NPR
2026-01-26,ACC0000004621,48810.37,0.0,67424.36,-18613.99,NPR
2026-01-26,ACC0000004622,31710.96,15996.08,10477.21,37229.83,NPR
2026-01-26,ACC0000004623,211310.08,0.0,0.0,211310.08,NPR
2026-01-26,ACC0000004624,254770.93,3815.18,17914.59,240671.52,NPR
2026-01-26,ACC0000004625,166597.35,0.0,42203.11,124394.24,NPR
2026-01-26,ACC0000004626,288607.07,11201.83,36913.66,262895.24,NPR
2026-01-26,ACC0000004627,425631.12,43710.59,64031.86,405309.85,NPR
2026-01-26,ACC0000004628,140200.72,0.0,106526.96,33673.76,NPR
2026-01-26,ACC0000004629,217617.82,14257.25,0.0,231875.07,NPR
2026-01-26,ACC0000004630,241803.33,0.0,97231.79,144571.54,NPR
2026-01-26,ACC0000004631,55183.04,22087.84,51654.13,25616.75,NPR
2026-01-26,ACC0000004632,137310.51,7786.4,3879.16,141217.75,NPR
2026-01-26,ACC0000004633,426979.97,0.0,128378.95,298601.02,NPR
2026-01-26,ACC0000004634,229106.63,0.0,0.0,229106.63,NPR
2026-01-26,ACC0000004635,250574.14,0.0,41812.37,208761.77,NPR
2026-01-26,ACC0000004636,441140.65,7922.34,70956.92,378106.07,NPR
2026-01-26,ACC0000004637,377034.63,0.0,104127.77,272906.86,NPR
2026-01-26,ACC0000004638,146330.32,0.0,12792.1,133538.22,NPR
2026-01-26,ACC0000004639,391141.24,0.0,0.0,391141.24,NPR
2026-01-26,ACC0000004640,456615.58,0.0,0.0,456615.58,NPR
2026-01-26,ACC0000004641,226862.28,0.0,163360.72,63501.56,NPR
2026-01-26,ACC0000004642,295714.72,61880.03,161385.68,196209.07,NPR
2026-01-26,ACC0000004643,81389.58,0.0,18233.79,63155.79,NPR
2026-01-26,ACC0000004644,230417.62,0.0,88143.84,142273.78,NPR
2026-01-26,ACC0000004645,129629.29,12916.38,95381.17,47164.5,NPR
2026-01-26,ACC0000004646,257441.81,1767.73,104754.36,154455.18,NPR
2026-01-26,ACC0000004647,229432.51,1233.49,152822.25,77843.75,NPR
2026-01-26,ACC0000004648,296125.49,0.0,38360.32,257765.17,NPR
2026-01-26,ACC0000004649,402935.31,0.0,0.0,402935.31,NPR
2026-01-26,ACC0000004650,276139.83,0.0,30201.96,245937.87,NPR
2026-01-26,ACC0000004651,90567.42,0.0,25175.49,65391.93,NPR
2026-01-26,ACC0000004652,19505.33,37621.61,0.0,57126.94,NPR
2026-01-26,ACC0000004653,223068.5,4451.91,25722.42,201797.99,NPR
2026-01-26,ACC0000004654,270777.68,0.0,31599.19,239178.49,NPR
2026-01-26,ACC0000004655,408071.8,27962.29,0.0,436034.09,NPR
2026-01-26,ACC0000004656,175633.22,0.0,240819.81,-65186.59,NPR
2026-01-26,ACC0000004657,327720.12,0.0,79581.41,248138.71,NPR
2026-01-26,ACC0000004658,114590.46,0.0,28650.39,85940.07,NPR
2026-01-26,ACC0000004659,33078.74,0.0,0.0,33078.74,NPR
2026-01-26,ACC0000004660,73410.95,26787.73,2477.47,97721.21,NPR
2026-01-26,ACC0000004661,232336.62,0.0,26658.68,205677.94,NPR
2026-01-26,ACC0000004662,32953.97,0.0,18482.42,14471.55,NPR
2026-01-26,ACC0000004663,301487.33,0.0,0.0,301487.33,NPR
2026-01-26,ACC0000004664,147645.64,21483.36,37891.52,131237.48,NPR
2026-01-26,ACC0000004665,113948.26,0.0,0.0,113948.26,NPR
2026-01-26,ACC0000004666,405349.27,0.0,83329.77,322019.5,NPR
2026-01-26,ACC0000004667,283615.7,0.0,0.0,283615.7,NPR
2026-01-26,ACC0000004668,278781.11,0.0,85204.22,193576.89,NPR
2026-01-26,ACC0000004669,401143.42,6382.85,38214.71,369311.56,NPR
2026-01-26,ACC0000004670,377023.83,0.0,59439.52,317584.31,NPR
2026-01-26,ACC0000004671,296021.2,0.0,45461.48,250559.72,NPR
2026-01-26,ACC0000004672,342497.82,0.0,0.0,342497.82,NPR
2026-01-26,ACC0000004673,374235.08,0.0,0.0,374235.08,NPR
2026-01-26,ACC0000004674,418945.16,36848.77,27597.64,428196.29,NPR
2026-01-26,ACC0000004675,209418.55,0.0,88287.95,121130.6,NPR
2026-01-26,ACC0000004676,215674.49,0.0,0.0,215674.49,NPR
2026-01-26,ACC0000004677,329796.1,0.0,28913.97,300882.13,NPR
2026-01-26,ACC0000004678,59818.27,43337.75,186531.51,-83375.49,NPR
2026-01-26,ACC0000004679,442944.34,0.0,0.0,442944.34,NPR
2026-01-26,ACC0000004680,231165.23,0.0,37629.12,193536.11,NPR
2026-01-26,ACC0000004681,186117.24,0.0,0.0,186117.24,NPR
2026-01-26,ACC0000004682,444922.32,0.0,84457.57,360464.75,NPR
2026-01-26,ACC0000004683,204365.5,0.0,108581.48,95784.02,NPR
2026-01-26,ACC0000004684,405436.78,42361.41,31652.46,416145.73,NPR
2026-01-26,ACC0000004685,37914.24,0.0,0.0,37914.24,NPR
2026-01-26,ACC0000004686,268139.74,0.0,18293.06,249846.68,NPR
2026-01-26,ACC0000004687,177409.55,24317.46,44759.51,156967.5,NPR
2026-01-26,ACC0000004688,362068.19,0.0,103435.88,258632.31,NPR
2026-01-26,ACC0000004689,466998.26,0.0,122.83,466875.43,NPR
2026-01-26,ACC0000004690,13927.18,0.0,71975.0,-58047.82,NPR
2026-01-26,ACC0000004691,10639.11,38262.26,66474.59,-17573.22,NPR
2026-01-26,ACC0000004692,117724.91,34462.35,34482.48,117704.78,NPR
2026-01-26,ACC0000004693,206424.87,0.0,0.0,206424.87,NPR
2026-01-26,ACC0000004694,311143.17,7289.44,66093.12,252339.49,NPR
2026-01-26,ACC0000004695,411319.65,107156.79,13408.06,505068.38,NPR
2026-01-26,ACC0000004696,456712.42,30020.96,106475.28,380258.1,NPR
2026-01-26,ACC0000004697,295838.78,0.0,0.0,295838.78,NPR
2026-01-26,ACC0000004698,186737.11,0.0,86735.94,100001.17,NPR
2026-01-26,ACC0000004699,142582.49,31747.64,52201.59,122128.54,NPR
2026-01-26,ACC0000004700,154810.64,0.0,134175.17,20635.47,NPR
2026-01-26,ACC0000004701,470395.26,43115.9,129074.98,384436.18,NPR
2026-01-26,ACC0000004702,267378.93,7831.83,0.0,275210.76,NPR
2026-01-26,ACC0000004703,338390.75,0.0,6638.82,331751.93,NPR
2026-01-26,ACC0000004704,195487.67,13759.66,0.0,209247.33,NPR
2026-01-26,ACC0000004705,307605.99,0.0,110506.27,197099.72,NPR
2026-01-26,ACC0000004706,319722.88,0.0,0.0,319722.88,NPR
2026-01-26,ACC0000004707,55435.05,0.0,97676.07,-42241.02,NPR
2026-01-26,ACC0000004708,153953.37,0.0,0.0,153953.37,NPR
2026-01-26,ACC0000004709,433096.54,0.0,0.0,433096.54,NPR
2026-01-26,ACC0000004710,397572.13,37280.39,97199.94,337652.58,NPR
2026-01-26,ACC0000004711,292082.97,0.0,0.0,292082.97,NPR
2026-01-26,ACC0000004712,104407.6,0.0,80415.16,23992.44,NPR
2026-01-26,ACC0000004713,274455.14,0.0,28866.16,245588.98,NPR
2026-01-26,ACC0000004714,482991.38,3182.64,94040.44,392133.58,NPR
2026-01-26,ACC0000004715,439379.08,0.0,0.0,439379.08,NPR
2026-01-26,ACC0000004716,20225.35,0.0,0.0,20225.35,NPR
2026-01-26,ACC0000004717,81413.36,0.0,43990.42,37422.94,NPR
2026-01-26,ACC0000004718,297297.9,0.0,129729.28,167568.62,NPR
2026-01-26,ACC0000004719,12215.79,0.0,0.0,12215.79,NPR
2026-01-26,ACC0000004720,105139.74,0.0,36914.06,68225.68,NPR
2026-01-26,ACC0000004721,299602.19,0.0,0.0,299602.19,NPR
2026-01-26,ACC0000004722,190070.43,42853.55,50849.17,182074.81,NPR
2026-01-26,ACC0000004723,423897.81,0.0,2219.2,421678.61,NPR
2026-01-26,ACC0000004724,478598.93,0.0,112782.8,365816.13,NPR
2026-01-26,ACC0000004725,205071.2,0.0,0.0,205071.2,NPR
2026-01-26,ACC0000004726,402743.58,36486.43,0.0,439230.01,NPR
2026-01-26,ACC0000004727,370131.07,32203.3,40476.99,361857.38,NPR
2026-01-26,ACC0000004728,325112.59,18064.17,84309.51,258867.25,NPR
2026-01-26,ACC0000004729,190755.99,0.0,150462.15,40293.84,NPR
2026-01-26,ACC0000004730,71165.66,58132.67,57818.65,71479.68,NPR
2026-01-26,ACC0000004731,311849.61,42417.28,58464.54,295802.35,NPR
2026-01-26,ACC0000004732,42470.53,0.0,51392.88,-8922.35,NPR
2026-01-26,ACC0000004733,260657.33,0.0,0.0,260657.33,NPR
2026-01-26,ACC0000004734,455216.98,0.0,0.0,455216.98,NPR
2026-01-26,ACC0000004735,214972.79,28841.2,79230.95,164583.04,NPR
2026-01-26,ACC0000004736,297330.12,0.0,70803.64,226526.48,NPR
2026-01-26,ACC0000004737,190695.22,0.0,34449.07,156246.15,NPR
2026-01-26,ACC0000004738,342620.17,0.0,34562.83,308057.34,NPR
2026-01-26,ACC0000004739,465908.72,0.0,96314.84,369593.88,NPR
2026-01-26,ACC0000004740,273123.72,0.0,39871.24,233252.48,NPR
2026-01-26,ACC0000004741,186775.35,49325.79,28478.43,207622.71,NPR
2026-01-26,ACC0000004742,49391.45,0.0,95712.77,-46321.32,NPR
2026-01-26,ACC0000004743,393031.62,0.0,20813.06,372218.56,NPR
2026-01-26,ACC0000004744,133906.92,0.0,37840.79,96066.13,NPR
2026-01-26,ACC0000004745,135895.36,12611.89,29327.22,119180.03,NPR
2026-01-26,ACC0000004746,194387.93,0.0,53439.13,140948.8,NPR
2026-01-26,ACC0000004747,253185.7,0.0,10647.04,242538.66,NPR
2026-01-26,ACC0000004748,75557.11,46036.76,43400.04,78193.83,NPR
2026-01-26,ACC0000004749,224634.7,0.0,0.0,224634.7,NPR
2026-01-26,ACC0000004750,272396.64,0.0,68225.44,204171.2,NPR
2026-01-26,ACC0000004751,320022.59,36105.8,106163.58,249964.81,NPR
2026-01-26,ACC0000004752,230283.33,0.0,131841.8,98441.53,NPR
2026-01-26,ACC0000004753,340722.02,66002.25,75772.64,330951.63,NPR
2026-01-26,ACC0000004754,497091.84,0.0,18871.17,478220.67,NPR
2026-01-26,ACC0000004755,240650.1,44753.51,52221.48,233182.13,NPR
2026-01-26,ACC0000004756,423416.28,0.0,5109.26,418307.02,NPR
2026-01-26,ACC0000004757,276649.17,5829.05,21293.12,261185.1,NPR
2026-01-26,ACC0000004758,309752.35,0.0,21746.23,288006.12,NPR
2026-01-26,ACC0000004759,347145.74,6094.76,113561.13,239679.37,NPR
2026-01-26,ACC0000004760,374173.83,28148.57,44133.67,358188.73,NPR
2026-01-26,ACC0000004761,212828.7,4896.82,12778.97,204946.55,NPR
2026-01-26,ACC0000004762,160724.52,86438.61,29928.56,217234.57,NPR
2026-01-26,ACC0000004763,459640.94,0.0,0.0,459640.94,NPR
2026-01-26,ACC0000004764,283989.19,0.0,35910.17,248079.02,NPR
2026-01-26,ACC0000004765,75575.96,0.0,33533.38,42042.58,NPR
2026-01-26,ACC0000004766,314442.41,0.0,76089.15,238353.26,NPR
2026-01-26,ACC0000004767,228001.93,0.0,69793.16,158208.77,NPR
2026-01-26,ACC0000004768,165854.44,14807.46,25727.76,154934.14,NPR
2026-01-26,ACC0000004769,201208.62,48814.21,41189.05,208833.78,NPR
2026-01-26,ACC0000004770,415133.38,0.0,44517.14,370616.24,NPR
2026-01-26,ACC0000004771,378933.12,0.0,0.0,378933.12,NPR
2026-01-26,ACC0000004772,326607.13,0.0,62369.26,264237.87,NPR
2026-01-26,ACC0000004773,251666.29,0.0,0.0,251666.29,NPR
2026-01-26,ACC0000004774,489371.59,0.0,104305.44,385066.15,NPR
2026-01-26,ACC0000004775,480853.38,0.0,131751.97,349101.41,NPR
2026-01-26,ACC0000004776,315840.62,0.0,48153.56,267687.06,NPR
2026-01-26,ACC0000004777,494373.54,28277.94,75459.25,447192.23,NPR
2026-01-26,ACC0000004778,79584.88,0.0,0.0,79584.88,NPR
2026-01-26,ACC0000004779,93809.32,29789.05,112465.92,11132.45,NPR
2026-01-26,ACC0000004780,487321.76,0.0,0.0,487321.76,NPR
2026-01-26,ACC0000004781,323058.17,0.0,7836.87,315221.3,NPR
2026-01-26,ACC0000004782,347494.81,0.0,0.0,347494.81,NPR
2026-01-26,ACC0000004783,48500.68,0.0,0.0,48500.68,NPR
2026-01-26,ACC0000004784,261252.8,0.0,66477.91,194774.89,NPR
2026-01-26,ACC0000004785,188561.98,0.0,110315.9,78246.08,NPR
2026-01-26,ACC0000004786,418942.42,0.0,27183.03,391759.39,NPR
2026-01-26,ACC0000004787,229689.16,0.0,80995.94,148693.22,NPR
2026-01-26,ACC0000004788,480448.15,0.0,0.0,480448.15,NPR
2026-01-26,ACC0000004789,34587.91,33406.97,49959.72,18035.16,NPR
2026-01-26,ACC0000004790,313894.67,0.0,51236.32,262658.35,NPR
2026-01-26,ACC0000004791,485491.22,0.0,94598.45,390892.77,NPR
2026-01-26,ACC0000004792,117237.97,0.0,0.0,117237.97,NPR
2026-01-26,ACC0000004793,221152.12,0.0,43605.34,177546.78,NPR
2026-01-26,ACC0000004794,335714.53,41448.96,60430.07,316733.42,NPR
2026-01-26,ACC0000004795,101297.37,13163.77,72577.98,41883.16,NPR
2026-01-26,ACC0000004796,55380.86,28041.76,69729.06,13693.56,NPR
2026-01-26,ACC0000004797,485593.32,0.0,37175.6,448417.72,NPR
2026-01-26,ACC0000004798,409879.5,0.0,28643.47,381236.03,NPR
2026-01-26,ACC0000004799,370112.0,44292.47,101952.56,312451.91,NPR
2026-01-26,ACC0000004800,280667.25,0.0,121864.12,158803.13,NPR
2026-01-26,ACC0000004801,141589.17,0.0,0.0,141589.17,NPR
2026-01-26,ACC0000004802,323405.87,0.0,0.0,323405.87,NPR
2026-01-26,ACC0000004803,5491.43,0.0,39951.07,-34459.64,NPR
2026-01-26,ACC0000004804,417675.67,0.0,34253.51,383422.16,NPR
2026-01-26,ACC0000004805,311333.55,23198.67,49685.58,284846.64,NPR
2026-01-26,ACC0000004806,222653.94,0.0,167635.63,55018.31,NPR
2026-01-26,ACC0000004807,160287.38,48067.55,59756.04,148598.89,NPR
2026-01-26,ACC0000004808,461904.79,17812.58,25591.43,454125.94,NPR
2026-01-26,ACC0000004809,456951.52,28895.95,55203.88,430643.59,NPR
2026-01-26,ACC0000004810,397924.15,0.0,20035.1,377889.05,NPR
2026-01-26,ACC0000004811,207164.98,0.0,69630.19,137534.79,NPR
2026-01-26,ACC0000004812,1046.47,46508.08,67868.68,-20314.13,NPR
2026-01-26,ACC0000004813,51451.93,27735.62,39812.1,39375.45,NPR
2026-01-26,ACC0000004814,323604.85,32118.35,20656.37,335066.83,NPR
2026-01-26,ACC0000004815,237071.34,38597.63,112454.12,163214.85,NPR
2026-01-26,ACC0000004816,168071.4,0.0,0.0,168071.4,NPR
2026-01-26,ACC0000004817,155508.46,39952.3,56759.59,138701.17,NPR
2026-01-26,ACC0000004818,24521.03,0.0,0.0,24521.03,NPR
2026-01-26,ACC0000004819,199516.77,0.0,41995.63,157521.14,NPR
2026-01-26,ACC0000004820,280165.52,0.0,50952.82,229212.7,NPR
2026-01-26,ACC0000004821,351200.68,22588.52,2793.73,370995.47,NPR
2026-01-26,ACC0000004822,446043.17,0.0,40094.89,405948.28,NPR
2026-01-26,ACC0000004823,111068.44,22737.51,53687.41,80118.54,NPR
2026-01-26,ACC0000004824,77455.9,0.0,43049.66,34406.24,NPR
2026-01-26,ACC0000004825,61046.42,12443.04,0.0,73489.46,NPR
2026-01-26,ACC0000004826,399635.9,67820.49,0.0,467456.39,NPR
2026-01-26,ACC0000004827,331237.71,0.0,37489.65,293748.06,NPR
2026-01-26,ACC0000004828,473509.24,23285.56,130944.75,365850.05,NPR
2026-01-26,ACC0000004829,134161.82,21668.74,103742.95,52087.61,NPR
2026-01-26,ACC0000004830,198536.7,0.0,42884.12,155652.58,NPR
2026-01-26,ACC0000004831,489300.19,0.0,61767.73,427532.46,NPR
2026-01-26,ACC0000004832,105454.54,26727.19,154838.68,-22656.95,NPR
2026-01-26,ACC0000004833,118233.34,0.0,86224.22,32009.12,NPR
2026-01-26,ACC0000004834,186550.65,4724.62,0.0,191275.27,NPR
2026-01-26,ACC0000004835,314268.79,0.0,73971.17,240297.62,NPR
2026-01-26,ACC0000004836,9880.9,84217.07,68075.69,26022.28,NPR
2026-01-26,ACC0000004837,114370.93,0.0,78283.93,36087.0,NPR
2026-01-26,ACC0000004838,393497.73,43209.19,0.0,436706.92,NPR
2026-01-26,ACC0000004839,52130.08,26710.58,10946.25,67894.41,NPR
2026-01-26,ACC0000004840,406637.03,0.0,35403.27,371233.76,NPR
2026-01-26,ACC0000004841,31944.04,10680.7,46001.41,-3376.67,NPR
2026-01-26,ACC0000004842,235737.19,0.0,59597.2,176139.99,NPR
2026-01-26,ACC0000004843,82291.76,0.0,79846.15,2445.61,NPR
2026-01-26,ACC0000004844,55743.37,0.0,35334.49,20408.88,NPR
2026-01-26,ACC0000004845,39650.21,0.0,0.0,39650.21,NPR
2026-01-26,ACC0000004846,43685.83,0.0,93126.01,-49440.18,NPR
2026-01-26,ACC0000004847,144930.14,0.0,86494.43,58435.71,NPR
2026-01-26,ACC0000004848,68939.66,0.0,0.0,68939.66,NPR
2026-01-26,ACC0000004849,288210.25,34089.48,2083.5,320216.23,NPR
2026-01-26,ACC0000004850,172058.79,43373.47,23998.13,191434.13,NPR
2026-01-26,ACC0000004851,109248.15,0.0,123500.57,-14252.42,NPR
2026-01-26,ACC0000004852,350736.32,18865.52,0.0,369601.84,NPR
2026-01-26,ACC0000004853,15636.94,0.0,0.0,15636.94,NPR
2026-01-26,ACC0000004854,416127.62,0.0,50138.17,365989.45,NPR
2026-01-26,ACC0000004855,482573.85,0.0,75230.55,407343.3,NPR
2026-01-26,ACC0000004856,121913.54,0.0,31268.5,90645.04,NPR
2026-01-26,ACC0000004857,94728.32,31683.45,72963.28,53448.49,NPR
2026-01-26,ACC0000004858,468126.91,0.0,39435.68,428691.23,NPR
2026-01-26,ACC0000004859,100028.4,0.0,37203.39,62825.01,NPR
2026-01-26,ACC0000004860,216930.25,9372.77,108404.23,117898.79,NPR
2026-01-26,ACC0000004861,387965.57,0.0,0.0,387965.57,NPR
2026-01-26,ACC0000004862,314322.89,0.0,25838.45,288484.44,NPR
2026-01-26,ACC0000004863,80749.73,0.0,53439.53,27310.2,NPR
2026-01-26,ACC0000004864,431407.67,0.0,53635.28,377772.39,NPR
2026-01-26,ACC0000004865,183473.04,0.0,53263.88,130209.16,NPR
2026-01-26,ACC0000004866,422014.03,45532.49,23959.98,443586.54,NPR
2026-01-26,ACC0000004867,115022.01,0.0,1481.3,113540.71,NPR
2026-01-26,ACC0000004868,135847.06,0.0,102811.48,33035.58,NPR
2026-01-26,ACC0000004869,27217.78,0.0,47363.36,-20145.58,NPR
2026-01-26,ACC0000004870,399733.24,0.0,55189.36,344543.88,NPR
2026-01-26,ACC0000004871,317461.53,0.0,31833.94,285627.59,NPR
2026-01-26,ACC0000004872,432873.81,0.0,0.0,432873.81,NPR
2026-01-26,ACC0000004873,469081.92,45376.79,100297.14,414161.57,NPR
2026-01-26,ACC0000004874,71061.25,0.0,0.0,71061.25,NPR
2026-01-26,ACC0000004875,234563.27,36085.62,115576.68,155072.21,NPR
2026-01-26,ACC0000004876,107626.5,0.0,40554.73,67071.77,NPR
2026-01-26,ACC0000004877,243763.08,0.0,27107.38,216655.7,NPR
2026-01-26,ACC0000004878,211148.23,12827.33,104971.61,119003.95,NPR
2026-01-26,ACC0000004879,392192.53,0.0,102550.72,289641.81,NPR
2026-01-26,ACC0000004880,20732.23,0.0,27718.13,-6985.9,NPR
2026-01-26,ACC0000004881,483123.03,77605.49,132947.58,427780.94,NPR
2026-01-26,ACC0000004882,335010.55,0.0,0.0,335010.55,NPR
2026-01-26,ACC0000004883,368984.14,0.0,0.0,368984.14,NPR
2026-01-26,ACC0000004884,294282.73,0.0,66628.68,227654.05,NPR
2026-01-26,ACC0000004885,494756.73,0.0,86876.07,407880.66,NPR
2026-01-26,ACC0000004886,346447.82,18653.96,33648.35,331453.43,NPR
2026-01-26,ACC0000004887,422784.53,20234.74,3852.84,439166.43,NPR
2026-01-26,ACC0000004888,479400.67,0.0,68644.69,410755.98,NPR
2026-01-26,ACC0000004889,185792.27,0.0,57259.1,128533.17,NPR
2026-01-26,ACC0000004890,431168.65,0.0,0.0,431168.65,NPR
2026-01-26,ACC0000004891,379408.18,0.0,0.0,379408.18,NPR
2026-01-26,ACC0000004892,286831.35,16745.39,25846.35,277730.39,NPR
2026-01-26,ACC0000004893,129666.07,0.0,0.0,129666.07,NPR
2026-01-26,ACC0000004894,453724.21,0.0,0.0,453724.21,NPR
2026-01-26,ACC0000004895,72117.42,31465.48,274902.09,-171319.19,NPR
2026-01-26,ACC0000004896,421621.77,0.0,0.0,421621.77,NPR
2026-01-26,ACC0000004897,311032.84,39677.98,98400.26,252310.56,NPR
2026-01-26,ACC0000004898,129057.65,17535.04,94909.28,51683.41,NPR
2026-01-26,ACC0000004899,112108.72,0.0,40495.4,71613.32,NPR
2026-01-26,ACC0000004900,196759.95,42074.37,89463.46,149370.86,NPR
2026-01-26,ACC0000004901,332130.18,0.0,44656.02,287474.16,NPR
2026-01-26,ACC0000004902,11815.92,0.0,0.0,11815.92,NPR
2026-01-26,ACC0000004903,342707.7,28791.39,64684.93,306814.16,NPR
2026-01-26,ACC0000004904,135835.6,0.0,60438.93,75396.67,NPR
2026-01-26,ACC0000004905,110104.54,0.0,0.0,110104.54,NPR
2026-01-26,ACC0000004906,216158.56,0.0,0.0,216158.56,NPR
2026-01-26,ACC0000004907,446675.55,39378.74,46525.38,439528.91,NPR
2026-01-26,ACC0000004908,364014.44,0.0,2743.74,361270.7,NPR
2026-01-26,ACC0000004909,343946.77,0.0,581.61,343365.16,NPR
2026-01-26,ACC0000004910,440520.02,0.0,31967.82,408552.2,NPR
2026-01-26,ACC0000004911,115499.1,0.0,45802.13,69696.97,NPR
2026-01-26,ACC0000004912,222699.15,0.0,66538.26,156160.89,NPR
2026-01-26,ACC0000004913,127437.19,1454.89,12387.83,116504.25,NPR
2026-01-26,ACC0000004914,184465.61,0.0,0.0,184465.61,NPR
2026-01-26,ACC0000004915,96185.79,0.0,63213.82,32971.97,NPR
2026-01-26,ACC0000004916,322093.1,22406.36,20199.42,324300.04,NPR
2026-01-26,ACC0000004917,146577.75,0.0,0.0,146577.75,NPR
2026-01-26,ACC0000004918,2781.16,27863.48,88238.36,-57593.72,NPR
2026-01-26,ACC0000004919,91315.32,0.0,25221.97,66093.35,NPR
2026-01-26,ACC0000004920,265498.75,0.0,0.0,265498.75,NPR
2026-01-26,ACC0000004921,332539.73,57688.89,0.0,390228.62,NPR
2026-01-26,ACC0000004922,421468.71,0.0,45463.44,376005.27,NPR
2026-01-26,ACC0000004923,244143.16,0.0,0.0,244143.16,NPR
2026-01-26,ACC0000004924,339841.3,0.0,37594.05,302247.25,NPR
2026-01-26,ACC0000004925,378565.75,53583.63,46924.27,385225.11,NPR
2026-01-26,ACC0000004926,6978.22,5657.56,0.0,12635.78,NPR
2026-01-26,ACC0000004927,456973.35,0.0,119598.39,337374.96,NPR
2026-01-26,ACC0000004928,466419.49,0.0,96589.04,369830.45,NPR
2026-01-26,ACC0000004929,35769.24,26040.17,57004.45,4804.96,NPR
2026-01-26,ACC0000004930,211397.51,14091.52,11522.58,213966.45,NPR
2026-01-26,ACC0000004931,463241.9,25163.84,67966.52,420439.22,NPR
2026-01-26,ACC0000004932,298629.11,0.0,61253.18,237375.93,NPR
2026-01-26,ACC0000004933,162823.29,0.0,77540.06,85283.23,NPR
2026-01-26,ACC0000004934,407148.06,47384.98,42101.04,412432.0,NPR
2026-01-26,ACC0000004935,103206.94,0.0,3532.69,99674.25,NPR
2026-01-26,ACC0000004936,471339.66,0.0,18789.24,452550.42,NPR
2026-01-26,ACC0000004937,95733.24,0.0,7643.36,88089.88,NPR
2026-01-26,ACC0000004938,209788.34,0.0,0.0,209788.34,NPR
2026-01-26,ACC0000004939,314626.67,24277.71,20252.12,318652.26,NPR
2026-01-26,ACC0000004940,134474.2,0.0,0.0,134474.2,NPR
2026-01-26,ACC0000004941,256162.22,39614.48,122656.01,173120.69,NPR
2026-01-26,ACC0000004942,148630.06,0.0,0.0,148630.06,NPR
2026-01-26,ACC0000004943,492367.07,63394.98,107194.27,448567.78,NPR
2026-01-26,ACC0000004944,281346.2,0.0,25162.0,256184.2,NPR
2026-01-26,ACC0000004945,389711.45,0.0,100931.56,288779.89,NPR
2026-01-26,ACC0000004946,239794.76,0.0,42245.93,197548.83,NPR
2026-01-26,ACC0000004947,237756.09,28656.0,18206.68,248205.41,NPR
2026-01-26,ACC0000004948,450212.68,0.0,6953.68,443259.0,NPR
2026-01-26,ACC0000004949,305231.23,0.0,133216.28,172014.95,NPR
2026-01-26,ACC0000004950,219608.67,0.0,37216.32,182392.35,NPR
2026-01-26,ACC0000004951,39030.08,0.0,29128.36,9901.72,NPR
2026-01-26,ACC0000004952,461995.56,48194.57,27863.64,482326.49,NPR
2026-01-26,ACC0000004953,493521.15,0.0,77026.48,416494.67,NPR
2026-01-26,ACC0000004954,21219.44,0.0,0.0,21219.44,NPR
2026-01-26,ACC0000004955,160306.31,0.0,26414.36,133891.95,NPR
2026-01-26,ACC0000004956,149899.06,0.0,0.0,149899.06,NPR
2026-01-26,ACC0000004957,284775.6,0.0,166285.91,118489.69,NPR
2026-01-26,ACC0000004958,170888.14,0.0,2846.37,168041.77,NPR
2026-01-26,ACC0000004959,76568.71,0.0,20510.07,56058.64,NPR
2026-01-26,ACC0000004960,144838.29,0.0,73190.73,71647.56,NPR
2026-01-26,ACC0000004961,57260.32,0.0,57399.91,-139.59,NPR
2026-01-26,ACC0000004962,186371.61,0.0,85796.72,100574.89,NPR
2026-01-26,ACC0000004963,424218.86,0.0,27826.84,396392.02,NPR
2026-01-26,ACC0000004964,2712.76,0.0,0.0,2712.76,NPR
2026-01-26,ACC0000004965,118764.61,0.0,56370.84,62393.77,NPR
2026-01-26,ACC0000004966,454249.16,83237.49,65802.17,471684.48,NPR
2026-01-26,ACC0000004967,131740.54,33435.12,17222.63,147953.03,NPR
2026-01-26,ACC0000004968,189001.59,0.0,0.0,189001.59,NPR
2026-01-26,ACC0000004969,395265.62,0.0,0.0,395265.62,NPR
2026-01-26,ACC0000004970,118685.73,72796.54,22050.83,169431.44,NPR
2026-01-26,ACC0000004971,168093.55,0.0,82528.56,85564.99,NPR
2026-01-26,ACC0000004972,100601.25,0.0,0.0,100601.25,NPR
2026-01-26,ACC0000004973,190289.97,14928.08,73873.74,131344.31,NPR
2026-01-26,ACC0000004974,82864.66,0.0,0.0,82864.66,NPR
2026-01-26,ACC0000004975,399267.82,75838.74,72163.96,402942.6,NPR
2026-01-26,ACC0000004976,45530.83,0.0,0.0,45530.83,NPR
2026-01-26,ACC0000004977,465507.74,0.0,0.0,465507.74,NPR
2026-01-26,ACC0000004978,387851.56,0.0,103614.24,284237.32,NPR
2026-01-26,ACC0000004979,63284.41,0.0,45180.07,18104.34,NPR
2026-01-26,ACC0000004980,301637.61,24445.01,0.0,326082.62,NPR
2026-01-26,ACC0000004981,251995.72,0.0,0.0,251995.72,NPR
2026-01-26,ACC0000004982,280905.15,0.0,8668.32,272236.83,NPR
2026-01-26,ACC0000004983,207156.98,0.0,0.0,207156.98,NPR
2026-01-26,ACC0000004984,349964.51,26720.23,76681.58,300003.16,NPR
2026-01-26,ACC0000004985,77288.3,0.0,71837.57,5450.73,NPR
2026-01-26,ACC0000004986,261398.94,0.0,0.0,261398.94,NPR
2026-01-26,ACC0000004987,386366.96,39960.39,21114.08,405213.27,NPR
2026-01-26,ACC0000004988,46457.46,0.0,67631.05,-21173.59,NPR
2026-01-26,ACC0000004989,391755.87,0.0,90014.11,301741.76,NPR
2026-01-26,ACC0000004990,161648.66,0.0,11214.11,150434.55,NPR
2026-01-26,ACC0000004991,426491.34,0.0,27980.48,398510.86,NPR
2026-01-26,ACC0000004992,412835.15,0.0,99233.58,313601.57,NPR
2026-01-26,ACC0000004993,455189.78,13745.31,137036.09,331899.0,NPR
2026-01-26,ACC0000004994,323535.75,15345.3,112960.44,225920.61,NPR
2026-01-26,ACC0000004995,119180.19,24879.89,61603.35,82456.73,NPR
2026-01-26,ACC0000004996,99995.27,33822.2,78478.66,55338.81,NPR
2026-01-26,ACC0000004997,319978.72,0.0,113550.03,206428.69,NPR
2026-01-26,ACC0000004998,102845.83,49365.35,14641.77,137569.41,NPR
2026-01-26,ACC0000004999,172462.91,0.0,0.0,172462.91,NPR
2026-01-26,ACC0000005000,285389.89,0.0,0.0,285389.89,NPR
2026-01-26,ACC0000005001,337341.36,20768.88,46002.83,312107.41,NPR
2026-01-26,ACC0000005002,489527.83,0.0,107094.22,382433.61,NPR
2026-01-26,ACC0000005003,386115.36,47540.57,0.0,433655.93,NPR
2026-01-26,ACC0000005004,169681.68,0.0,80445.56,89236.12,NPR
2026-01-26,ACC0000005005,440143.89,0.0,120253.68,319890.21,NPR
2026-01-26,ACC0000005006,368409.45,0.0,0.0,368409.45,NPR
2026-01-26,ACC0000005007,358585.66,31037.48,40416.3,349206.84,NPR
2026-01-26,ACC0000005008,202440.89,0.0,38007.5,164433.39,NPR
2026-01-26,ACC0000005009,32388.86,15139.59,21320.32,26208.13,NPR
2026-01-26,ACC0000005010,324674.75,0.0,37677.64,286997.11,NPR
2026-01-26,ACC0000005011,37836.18,0.0,21694.41,16141.77,NPR
2026-01-26,ACC0000005012,416668.65,17194.97,55981.33,377882.29,NPR
2026-01-26,ACC0000005013,375906.61,0.0,34350.68,341555.93,NPR
2026-01-26,ACC0000005014,17261.29,0.0,0.0,17261.29,NPR
2026-01-26,ACC0000005015,216315.97,0.0,0.0,216315.97,NPR
2026-01-26,ACC0000005016,410518.34,0.0,31066.9,379451.44,NPR
2026-01-26,ACC0000005017,452502.54,0.0,69731.58,382770.96,NPR
2026-01-26,ACC0000005018,273729.31,0.0,41594.15,232135.16,NPR
2026-01-26,ACC0000005019,78999.64,28406.75,200095.6,-92689.21,NPR
2026-01-26,ACC0000005020,173927.62,23018.17,79073.14,117872.65,NPR
2026-01-26,ACC0000005021,490128.68,0.0,0.0,490128.68,NPR
2026-01-26,ACC0000005022,455778.15,0.0,44572.31,411205.84,NPR
2026-01-26,ACC0000005023,187213.26,25732.95,6338.48,206607.73,NPR
2026-01-26,ACC0000005024,322288.92,0.0,44940.12,277348.8,NPR
2026-01-26,ACC0000005025,270919.27,44201.03,92973.95,222146.35,NPR
2026-01-26,ACC0000005026,246160.19,0.0,71172.41,174987.78,NPR
2026-01-26,ACC0000005027,396985.17,0.0,38596.89,358388.28,NPR
2026-01-26,ACC0000005028,100759.16,0.0,85804.25,14954.91,NPR
2026-01-26,ACC0000005029,42322.8,1466.79,15102.58,28687.01,NPR
2026-01-26,ACC0000005030,216976.65,57916.69,26666.49,248226.85,NPR
2026-01-26,ACC0000005031,103497.17,0.0,0.0,103497.17,NPR
2026-01-26,ACC0000005032,404423.65,0.0,35092.04,369331.61,NPR
2026-01-26,ACC0000005033,196835.36,42437.99,31654.33,207619.02,NPR
2026-01-26,ACC0000005034,165281.87,0.0,55983.05,109298.82,NPR
2026-01-26,ACC0000005035,217795.62,0.0,23406.11,194389.51,NPR
2026-01-26,ACC0000005036,381008.85,0.0,25206.17,355802.68,NPR
2026-01-26,ACC0000005037,343828.2,14764.03,35284.48,323307.75,NPR
2026-01-26,ACC0000005038,186032.4,82798.03,21140.84,247689.59,NPR
2026-01-26,ACC0000005039,28922.39,56488.86,93000.3,-7589.05,NPR
2026-01-26,ACC0000005040,142466.52,0.0,0.0,142466.52,NPR
2026-01-26,ACC0000005041,62486.76,14865.06,109587.03,-32235.21,NPR
2026-01-26,ACC0000005042,173889.11,0.0,100885.81,73003.3,NPR
2026-01-26,ACC0000005043,19311.64,0.0,114128.75,-94817.11,NPR
2026-01-26,ACC0000005044,347974.73,15619.46,29923.18,333671.01,NPR
2026-01-26,ACC0000005045,25931.71,0.0,0.0,25931.71,NPR
2026-01-26,ACC0000005046,46574.77,0.0,61732.92,-15158.15,NPR
2026-01-26,ACC0000005047,198547.39,82820.36,40828.11,240539.64,NPR
2026-01-26,ACC0000005048,432018.93,0.0,54847.58,377171.35,NPR
2026-01-26,ACC0000005049,240665.82,0.0,84057.15,156608.67,NPR
2026-01-26,ACC0000005050,395415.82,58741.29,47835.32,406321.79,NPR
2026-01-26,ACC0000005051,55378.91,0.0,32652.01,22726.9,NPR
2026-01-26,ACC0000005052,110227.07,18070.48,35355.37,92942.18,NPR
2026-01-26,ACC0000005053,490400.09,31796.7,22671.96,499524.83,NPR
2026-01-26,ACC0000005054,42066.96,28424.7,63023.31,7468.35,NPR
2026-01-26,ACC0000005055,332559.74,0.0,0.0,332559.74,NPR
2026-01-26,ACC0000005056,251831.69,0.0,13139.13,238692.56,NPR
2026-01-26,ACC0000005057,497683.4,0.0,0.0,497683.4,NPR
2026-01-26,ACC0000005058,168375.61,9771.09,21507.43,156639.27,NPR
2026-01-26,ACC0000005059,379052.28,0.0,0.0,379052.28,NPR
2026-01-26,ACC0000005060,85252.46,0.0,15001.3,70251.16,NPR
2026-01-26,ACC0000005061,251412.09,42664.2,82007.53,212068.76,NPR
2026-01-26,ACC0000005062,429304.65,0.0,0.0,429304.65,NPR
2026-01-26,ACC0000005063,312266.23,0.0,39750.18,272516.05,NPR
2026-01-26,ACC0000005064,316614.37,0.0,0.0,316614.37,NPR
2026-01-26,ACC0000005065,94220.12,0.0,0.0,94220.12,NPR
2026-01-26,ACC0000005066,171945.38,0.0,12748.51,159196.87,NPR
2026-01-26,ACC0000005067,35242.79,0.0,97215.0,-61972.21,NPR
2026-01-26,ACC0000005068,236106.35,0.0,0.0,236106.35,NPR
2026-01-26,ACC0000005069,169271.84,0.0,53018.03,116253.81,NPR
2026-01-26,ACC0000005070,209403.36,0.0,89723.09,119680.27,NPR
2026-01-26,ACC0000005071,55644.92,0.0,2519.1,53125.82,NPR
2026-01-26,ACC0000005072,67562.06,0.0,0.0,67562.06,NPR
2026-01-26,ACC0000005073,482045.19,25443.36,0.0,507488.55,NPR
2026-01-26,ACC0000005074,43789.26,0.0,0.0,43789.26,NPR
2026-01-26,ACC0000005075,462067.41,0.0,0.0,462067.41,NPR
2026-01-26,ACC0000005076,98070.49,0.0,137352.69,-39282.2,NPR
2026-01-26,ACC0000005077,212926.59,49064.97,0.0,261991.56,NPR
2026-01-26,ACC0000005078,80507.55,4199.55,88046.48,-3339.38,NPR
2026-01-26,ACC0000005079,202626.24,65713.64,111632.9,156706.98,NPR
2026-01-26,ACC0000005080,451542.75,0.0,222.82,451319.93,NPR
2026-01-26,ACC0000005081,399605.03,0.0,21693.47,377911.56,NPR
2026-01-26,ACC0000005082,286191.96,1528.72,55612.0,232108.68,NPR
2026-01-26,ACC0000005083,1984.5,0.0,43864.5,-41880.0,NPR
2026-01-26,ACC0000005084,143871.99,0.0,0.0,143871.99,NPR
2026-01-26,ACC0000005085,475686.98,13221.61,99440.96,389467.63,NPR
2026-01-26,ACC0000005086,265511.93,0.0,13988.44,251523.49,NPR
2026-01-26,ACC0000005087,188981.91,0.0,37304.43,151677.48,NPR
2026-01-26,ACC0000005088,68475.37,0.0,0.0,68475.37,NPR
2026-01-26,ACC0000005089,168961.59,0.0,66767.75,102193.84,NPR
2026-01-26,ACC0000005090,375604.02,48051.27,11660.68,411994.61,NPR
2026-01-26,ACC0000005091,6440.75,41976.83,0.0,48417.58,NPR
2026-01-26,ACC0000005092,386819.03,0.0,77973.54,308845.49,NPR
2026-01-26,ACC0000005093,162358.69,3349.89,45646.83,120061.75,NPR
2026-01-26,ACC0000005094,231281.6,15481.03,164923.5,81839.13,NPR
2026-01-26,ACC0000005095,188450.91,0.0,0.0,188450.91,NPR
2026-01-26,ACC0000005096,221550.38,2148.76,123962.82,99736.32,NPR
2026-01-26,ACC0000005097,318684.57,28312.82,59830.63,287166.76,NPR
2026-01-26,ACC0000005098,165425.82,0.0,144859.5,20566.32,NPR
2026-01-26,ACC0000005099,192882.12,0.0,93680.58,99201.54,NPR
2026-01-26,ACC0000005100,431882.6,3281.82,116713.88,318450.54,NPR
2026-01-26,ACC0000005101,181018.31,0.0,62077.37,118940.94,NPR
2026-01-26,ACC0000005102,86495.1,0.0,192398.07,-105902.97,NPR
2026-01-26,ACC0000005103,235789.0,0.0,0.0,235789.0,NPR
2026-01-26,ACC0000005104,231263.52,11213.93,86293.59,156183.86,NPR
2026-01-26,ACC0000005105,8244.6,0.0,0.0,8244.6,NPR
2026-01-26,ACC0000005106,353958.63,3403.03,154861.63,202500.03,NPR
2026-01-26,ACC0000005107,437354.97,0.0,22066.88,415288.09,NPR
2026-01-26,ACC0000005108,139593.13,0.0,58104.58,81488.55,NPR
2026-01-26,ACC0000005109,143346.99,35075.06,134234.02,44188.03,NPR
2026-01-26,ACC0000005110,493801.87,0.0,0.0,493801.87,NPR
2026-01-26,ACC0000005111,440420.37,0.0,0.0,440420.37,NPR
2026-01-26,ACC0000005112,105171.29,0.0,0.0,105171.29,NPR
2026-01-26,ACC0000005113,363109.88,0.0,45640.24,317469.64,NPR
2026-01-26,ACC0000005114,222429.43,5152.88,49775.89,177806.42,NPR
2026-01-26,ACC0000005115,175125.2,0.0,14588.85,160536.35,NPR
2026-01-26,ACC0000005116,455817.0,0.0,58070.05,397746.95,NPR
2026-01-26,ACC0000005117,445559.59,0.0,9076.75,436482.84,NPR
2026-01-26,ACC0000005118,166835.1,0.0,43059.96,123775.14,NPR
2026-01-26,ACC0000005119,490782.97,25698.34,18879.68,497601.63,NPR
2026-01-26,ACC0000005120,454423.87,0.0,102077.09,352346.78,NPR
2026-01-26,ACC0000005121,273138.91,0.0,28815.73,244323.18,NPR
2026-01-26,ACC0000005122,474309.19,0.0,50714.54,423594.65,NPR
2026-01-26,ACC0000005123,183690.56,0.0,0.0,183690.56,NPR
2026-01-26,ACC0000005124,406464.94,34565.36,31821.08,409209.22,NPR
2026-01-26,ACC0000005125,272361.1,0.0,0.0,272361.1,NPR
2026-01-26,ACC0000005126,36785.22,0.0,72272.73,-35487.51,NPR
2026-01-26,ACC0000005127,227825.3,0.0,4578.57,223246.73,NPR
2026-01-26,ACC0000005128,412672.24,0.0,89406.6,323265.64,NPR
2026-01-26,ACC0000005129,196739.91,17207.85,106074.27,107873.49,NPR
2026-01-26,ACC0000005130,288603.21,31690.94,92107.59,228186.56,NPR
2026-01-26,ACC0000005131,234274.31,0.0,0.0,234274.31,NPR
2026-01-26,ACC0000005132,373684.65,0.0,0.0,373684.65,NPR
2026-01-26,ACC0000005133,491239.86,0.0,22516.07,468723.79,NPR
2026-01-26,ACC0000005134,273619.84,0.0,0.0,273619.84,NPR
2026-01-26,ACC0000005135,257430.22,0.0,0.0,257430.22,NPR
2026-01-26,ACC0000005136,199925.95,32436.45,12742.75,219619.65,NPR
2026-01-26,ACC0000005137,420169.04,100240.24,61246.05,459163.23,NPR
2026-01-26,ACC0000005138,61654.75,0.0,0.0,61654.75,NPR
2026-01-26,ACC0000005139,300602.44,32533.87,105088.52,228047.79,NPR
2026-01-26,ACC0000005140,440389.49,0.0,0.0,440389.49,NPR
2026-01-26,ACC0000005141,243610.83,33539.03,57129.51,220020.35,NPR
2026-01-26,ACC0000005142,299097.44,0.0,11775.41,287322.03,NPR
2026-01-26,ACC0000005143,386857.28,0.0,3451.27,383406.01,NPR
2026-01-26,ACC0000005144,496069.71,46915.05,0.0,542984.76,NPR
2026-01-26,ACC0000005145,26753.71,7354.05,95535.21,-61427.45,NPR
2026-01-26,ACC0000005146,89561.8,0.0,50016.56,39545.24,NPR
2026-01-26,ACC0000005147,497539.24,22002.72,43522.0,476019.96,NPR
2026-01-26,ACC0000005148,78169.63,0.0,0.0,78169.63,NPR
2026-01-26,ACC0000005149,28550.25,0.0,0.0,28550.25,NPR
2026-01-26,ACC0000005150,446956.51,0.0,0.0,446956.51,NPR
2026-01-26,ACC0000005151,94307.65,0.0,73531.57,20776.08,NPR
2026-01-26,ACC0000005152,41958.4,0.0,60797.35,-18838.95,NPR
2026-01-26,ACC0000005153,299483.95,0.0,118938.14,180545.81,NPR
2026-01-26,ACC0000005154,494207.95,0.0,59087.22,435120.73,NPR
2026-01-26,ACC0000005155,195930.82,35214.86,44187.85,186957.83,NPR
2026-01-26,ACC0000005156,472157.93,0.0,2432.75,469725.18,NPR
2026-01-26,ACC0000005157,295333.55,7832.45,29309.89,273856.11,NPR
2026-01-26,ACC0000005158,452150.11,36508.5,137344.92,351313.69,NPR
2026-01-26,ACC0000005159,438505.65,0.0,68430.66,370074.99,NPR
2026-01-26,ACC0000005160,81796.74,0.0,29832.4,51964.34,NPR
2026-01-26,ACC0000005161,304359.3,40408.31,53327.04,291440.57,NPR
2026-01-26,ACC0000005162,346697.27,0.0,26812.06,319885.21,NPR
2026-01-26,ACC0000005163,438257.7,0.0,103820.26,334437.44,NPR
2026-01-26,ACC0000005164,5567.53,0.0,5696.52,-128.99,NPR
2026-01-26,ACC0000005165,180043.83,43905.82,48412.13,175537.52,NPR
2026-01-26,ACC0000005166,397099.92,33471.42,177148.83,253422.51,NPR
2026-01-26,ACC0000005167,311128.3,35825.53,54607.46,292346.37,NPR
2026-01-26,ACC0000005168,489774.13,43572.05,21250.72,512095.46,NPR
2026-01-26,ACC0000005169,206038.99,0.0,0.0,206038.99,NPR
2026-01-26,ACC0000005170,135596.27,0.0,12429.36,123166.91,NPR
2026-01-26,ACC0000005171,312246.55,0.0,42587.48,269659.07,NPR
2026-01-26,ACC0000005172,420977.92,43180.15,73433.24,390724.83,NPR
2026-01-26,ACC0000005173,455097.87,0.0,8438.35,446659.52,NPR
2026-01-26,ACC0000005174,65024.98,14591.5,63392.48,16224.0,NPR
2026-01-26,ACC0000005175,146562.83,0.0,0.0,146562.83,NPR
2026-01-26,ACC0000005176,350876.86,0.0,0.0,350876.86,NPR
2026-01-26,ACC0000005177,266909.66,5882.57,46249.61,226542.62,NPR
2026-01-26,ACC0000005178,371713.67,0.0,15125.83,356587.84,NPR
2026-01-26,ACC0000005179,262004.74,23926.83,19973.19,265958.38,NPR
2026-01-26,ACC0000005180,266606.86,2703.68,32556.12,236754.42,NPR
2026-01-26,ACC0000005181,270822.82,0.0,0.0,270822.82,NPR
2026-01-26,ACC0000005182,135332.19,0.0,12383.57,122948.62,NPR
2026-01-26,ACC0000005183,175970.04,0.0,28369.29,147600.75,NPR
2026-01-26,ACC0000005184,230674.27,90678.13,0.0,321352.4,NPR
2026-01-26,ACC0000005185,356536.37,46868.91,84215.77,319189.51,NPR
2026-01-26,ACC0000005186,188382.98,0.0,19399.22,168983.76,NPR
2026-01-26,ACC0000005187,461175.38,7709.15,95311.33,373573.2,NPR
2026-01-26,ACC0000005188,435733.65,0.0,29400.43,406333.22,NPR
2026-01-26,ACC0000005189,179663.38,0.0,44870.82,134792.56,NPR
2026-01-26,ACC0000005190,245581.67,0.0,23094.92,222486.75,NPR
2026-01-26,ACC0000005191,94245.42,0.0,0.0,94245.42,NPR
2026-01-26,ACC0000005192,154873.48,0.0,65310.87,89562.61,NPR
2026-01-26,ACC0000005193,414661.71,12952.88,10104.46,417510.13,NPR
2026-01-26,ACC0000005194,350922.06,0.0,0.0,350922.06,NPR
2026-01-26,ACC0000005195,379100.34,0.0,46581.02,332519.32,NPR
2026-01-26,ACC0000005196,277935.29,38320.58,29664.46,286591.41,NPR
2026-01-26,ACC0000005197,121208.23,0.0,25776.15,95432.08,NPR
2026-01-26,ACC0000005198,150035.64,2703.63,66823.53,85915.74,NPR
2026-01-26,ACC0000005199,77035.38,66031.94,0.0,143067.32,NPR
2026-01-26,ACC0000005200,221284.37,0.0,72142.48,149141.89,NPR
2026-01-26,ACC0000005201,28065.61,0.0,95481.4,-67415.79,NPR
2026-01-26,ACC0000005202,310569.67,397.9,0.0,310967.57,NPR
2026-01-26,ACC0000005203,105620.92,0.0,48566.0,57054.92,NPR
2026-01-26,ACC0000005204,316017.62,0.0,0.0,316017.62,NPR
2026-01-26,ACC0000005205,180631.27,27629.41,57022.74,151237.94,NPR
2026-01-26,ACC0000005206,306341.16,0.0,94070.14,212271.02,NPR
2026-01-26,ACC0000005207,309682.42,0.0,130591.53,179090.89,NPR
2026-01-26,ACC0000005208,15645.1,0.0,0.0,15645.1,NPR
2026-01-26,ACC0000005209,235995.27,45878.93,0.0,281874.2,NPR
2026-01-26,ACC0000005210,155333.12,0.0,19618.73,135714.39,NPR
2026-01-26,ACC0000005211,218393.04,0.0,0.0,218393.04,NPR
2026-01-26,ACC0000005212,354018.85,0.0,13849.69,340169.16,NPR
2026-01-26,ACC0000005213,373600.93,0.0,42372.04,331228.89,NPR
2026-01-26,ACC0000005214,82893.89,45815.33,43430.29,85278.93,NPR
2026-01-26,ACC0000005215,368935.02,24220.78,67479.13,325676.67,NPR
2026-01-26,ACC0000005216,323615.99,0.0,0.0,323615.99,NPR
2026-01-26,ACC0000005217,215038.54,0.0,58822.81,156215.73,NPR
2026-01-26,ACC0000005218,265008.5,12753.6,17964.02,259798.08,NPR
2026-01-26,ACC0000005219,457856.66,0.0,0.0,457856.66,NPR
2026-01-26,ACC0000005220,412067.35,0.0,21103.05,390964.3,NPR
2026-01-26,ACC0000005221,315958.49,0.0,117674.03,198284.46,NPR
2026-01-26,ACC0000005222,463128.02,22771.22,1756.65,484142.59,NPR
2026-01-26,ACC0000005223,420446.51,0.0,45413.12,375033.39,NPR
2026-01-26,ACC0000005224,474497.6,0.0,38567.99,435929.61,NPR
2026-01-26,ACC0000005225,138939.17,30931.07,79414.78,90455.46,NPR
2026-01-26,ACC0000005226,370631.91,20275.98,89028.54,301879.35,NPR
2026-01-26,ACC0000005227,391323.02,0.0,35997.16,355325.86,NPR
2026-01-26,ACC0000005228,33561.85,14805.7,44036.07,4331.48,NPR
2026-01-26,ACC0000005229,37426.67,0.0,0.0,37426.67,NPR
2026-01-26,ACC0000005230,57487.63,12437.52,14545.78,55379.37,NPR
2026-01-26,ACC0000005231,358410.82,33348.93,61650.29,330109.46,NPR
2026-01-26,ACC0000005232,212366.44,0.0,46678.65,165687.79,NPR
2026-01-26,ACC0000005233,456071.31,0.0,0.0,456071.31,NPR
2026-01-26,ACC0000005234,149074.51,0.0,155456.91,-6382.4,NPR
2026-01-26,ACC0000005235,57291.3,0.0,27161.72,30129.58,NPR
2026-01-26,ACC0000005236,413162.88,0.0,85534.75,327628.13,NPR
2026-01-26,ACC0000005237,301400.24,26176.08,94063.88,233512.44,NPR
2026-01-26,ACC0000005238,392080.92,61049.83,118660.68,334470.07,NPR
2026-01-26,ACC0000005239,224124.95,14547.27,123242.14,115430.08,NPR
2026-01-26,ACC0000005240,213982.99,0.0,101322.84,112660.15,NPR
2026-01-26,ACC0000005241,31078.67,23646.98,84439.0,-29713.35,NPR
2026-01-26,ACC0000005242,380351.04,0.0,133419.02,246932.02,NPR
2026-01-26,ACC0000005243,458499.08,92166.54,81989.85,468675.77,NPR
2026-01-26,ACC0000005244,443045.63,22070.51,105991.79,359124.35,NPR
2026-01-26,ACC0000005245,420979.15,0.0,111596.66,309382.49,NPR
2026-01-26,ACC0000005246,294363.07,0.0,37760.16,256602.91,NPR
2026-01-26,ACC0000005247,71480.37,0.0,16768.38,54711.99,NPR
2026-01-26,ACC0000005248,290176.39,0.0,45400.79,244775.6,NPR
2026-01-26,ACC0000005249,6704.37,0.0,146874.43,-140170.06,NPR
2026-01-26,ACC0000005250,259447.52,0.0,0.0,259447.52,NPR
2026-01-26,ACC0000005251,170784.37,0.0,31570.57,139213.8,NPR
2026-01-26,ACC0000005252,278126.47,0.0,49680.19,228446.28,NPR
2026-01-26,ACC0000005253,129028.88,0.0,0.0,129028.88,NPR
2026-01-26,ACC0000005254,111958.58,0.0,0.0,111958.58,NPR
2026-01-26,ACC0000005255,89832.8,0.0,0.0,89832.8,NPR
2026-01-26,ACC0000005256,166104.27,23004.16,10725.08,178383.35,NPR
2026-01-26,ACC0000005257,342487.24,36831.77,36885.19,342433.82,NPR
2026-01-26,ACC0000005258,472860.98,10655.05,22423.5,461092.53,NPR
2026-01-26,ACC0000005259,316167.64,0.0,62573.41,253594.23,NPR
2026-01-26,ACC0000005260,163980.3,0.0,90358.34,73621.96,NPR
2026-01-26,ACC0000005261,78845.25,0.0,99469.43,-20624.18,NPR
2026-01-26,ACC0000005262,381428.2,0.0,42859.25,338568.95,NPR
2026-01-26,ACC0000005263,384278.78,38377.96,44579.66,378077.08,NPR
2026-01-26,ACC0000005264,345092.42,0.0,7003.19,338089.23,NPR
2026-01-26,ACC0000005265,439276.26,0.0,30877.01,408399.25,NPR
2026-01-26,ACC0000005266,161763.08,0.0,29653.06,132110.02,NPR
2026-01-26,ACC0000005267,242285.36,0.0,60420.05,181865.31,NPR
2026-01-26,ACC0000005268,278788.39,0.0,37621.37,241167.02,NPR
2026-01-26,ACC0000005269,4203.56,0.0,128212.32,-124008.76,NPR
2026-01-26,ACC0000005270,190427.56,0.0,23769.72,166657.84,NPR
2026-01-26,ACC0000005271,331619.85,0.0,39830.81,291789.04,NPR
2026-01-26,ACC0000005272,101359.55,0.0,1713.56,99645.99,NPR
2026-01-26,ACC0000005273,184887.17,24493.26,44678.3,164702.13,NPR
2026-01-26,ACC0000005274,80414.04,17451.8,79452.96,18412.88,NPR
2026-01-26,ACC0000005275,147863.91,24501.83,72314.08,100051.66,NPR
2026-01-26,ACC0000005276,481919.07,0.0,71901.5,410017.57,NPR
2026-01-26,ACC0000005277,85022.61,0.0,0.0,85022.61,NPR
2026-01-26,ACC0000005278,389334.77,47725.32,42396.84,394663.25,NPR
2026-01-26,ACC0000005279,60778.97,0.0,92041.18,-31262.21,NPR
2026-01-26,ACC0000005280,284031.34,0.0,0.0,284031.34,NPR
2026-01-26,ACC0000005281,153492.19,22049.19,39748.76,135792.62,NPR
2026-01-26,ACC0000005282,33762.79,0.0,3408.08,30354.71,NPR
2026-01-26,ACC0000005283,212107.7,0.0,0.0,212107.7,NPR
2026-01-26,ACC0000005284,107787.56,0.0,36830.7,70956.86,NPR
2026-01-26,ACC0000005285,160324.45,0.0,99738.33,60586.12,NPR
2026-01-26,ACC0000005286,309294.53,0.0,0.0,309294.53,NPR
2026-01-26,ACC0000005287,173169.89,0.0,47232.08,125937.81,NPR
2026-01-26,ACC0000005288,171350.44,0.0,24586.72,146763.72,NPR
2026-01-26,ACC0000005289,76049.02,0.0,105603.01,-29553.99,NPR
2026-01-26,ACC0000005290,33241.45,0.0,20202.75,13038.7,NPR
2026-01-26,ACC0000005291,167697.77,91097.64,11801.42,246993.99,NPR
2026-01-26,ACC0000005292,458499.53,0.0,0.0,458499.53,NPR
2026-01-26,ACC0000005293,136607.49,19670.63,31942.86,124335.26,NPR
2026-01-26,ACC0000005294,78227.42,47859.89,121044.12,5043.19,NPR
2026-01-26,ACC0000005295,469256.74,0.0,44776.15,424480.59,NPR
2026-01-26,ACC0000005296,413586.54,0.0,36602.34,376984.2,NPR
2026-01-26,ACC0000005297,349876.71,0.0,119393.1,230483.61,NPR
2026-01-26,ACC0000005298,22398.68,20981.88,98456.03,-55075.47,NPR
2026-01-26,ACC0000005299,186934.82,0.0,93829.5,93105.32,NPR
2026-01-26,ACC0000005300,281812.65,0.0,21112.15,260700.5,NPR
2026-01-26,ACC0000005301,109155.83,0.0,0.0,109155.83,NPR
2026-01-26,ACC0000005302,165270.74,0.0,52252.91,113017.83,NPR
2026-01-26,ACC0000005303,86375.65,0.0,47605.18,38770.47,NPR
2026-01-26,ACC0000005304,305056.52,0.0,55473.25,249583.27,NPR
2026-01-26,ACC0000005305,93576.89,0.0,0.0,93576.89,NPR
2026-01-26,ACC0000005306,344127.32,60063.05,93336.08,310854.29,NPR
2026-01-26,ACC0000005307,152284.99,0.0,102450.03,49834.96,NPR
2026-01-26,ACC0000005308,483747.49,0.0,36163.63,447583.86,NPR
2026-01-26,ACC0000005309,387266.65,0.0,0.0,387266.65,NPR
2026-01-26,ACC0000005310,82125.8,24440.42,21431.95,85134.27,NPR
2026-01-26,ACC0000005311,258373.78,0.0,76713.15,181660.63,NPR
2026-01-26,ACC0000005312,58999.48,0.0,27499.8,31499.68,NPR
2026-01-26,ACC0000005313,460330.24,53151.07,69985.41,443495.9,NPR
2026-01-26,ACC0000005314,344763.42,129115.62,83832.05,390046.99,NPR
2026-01-26,ACC0000005315,100444.73,67109.03,111432.86,56120.9,NPR
2026-01-26,ACC0000005316,65489.28,0.0,174285.99,-108796.71,NPR
2026-01-26,ACC0000005317,389252.42,0.0,19079.71,370172.71,NPR
2026-01-26,ACC0000005318,402966.54,0.0,0.0,402966.54,NPR
2026-01-26,ACC0000005319,140031.53,0.0,52164.66,87866.87,NPR
2026-01-26,ACC0000005320,406789.44,0.0,0.0,406789.44,NPR
2026-01-26,ACC0000005321,392004.27,9131.41,73858.73,327276.95,NPR
2026-01-26,ACC0000005322,108941.17,31405.04,52293.95,88052.26,NPR
2026-01-26,ACC0000005323,360124.34,0.0,0.0,360124.34,NPR
2026-01-26,ACC0000005324,496079.67,0.0,74822.29,421257.38,NPR
2026-01-26,ACC0000005325,85069.14,0.0,0.0,85069.14,NPR
2026-01-26,ACC0000005326,429557.73,25969.94,72077.12,383450.55,NPR
2026-01-26,ACC0000005327,41466.12,0.0,49480.48,-8014.36,NPR
2026-01-26,ACC0000005328,265126.67,0.0,0.0,265126.67,NPR
2026-01-26,ACC0000005329,352969.51,0.0,36453.64,316515.87,NPR
2026-01-26,ACC0000005330,269920.35,37597.05,38624.04,268893.36,NPR
2026-01-26,ACC0000005331,133577.79,0.0,42713.13,90864.66,NPR
2026-01-26,ACC0000005332,331249.92,48700.64,15462.97,364487.59,NPR
2026-01-26,ACC0000005333,315197.78,47661.3,59228.92,303630.16,NPR
2026-01-26,ACC0000005334,336989.43,31995.66,46800.21,322184.88,NPR
2026-01-26,ACC0000005335,473503.84,43476.8,102388.57,414592.07,NPR
2026-01-26,ACC0000005336,397956.37,0.0,20859.01,377097.36,NPR
2026-01-26,ACC0000005337,410552.04,22748.03,48992.8,384307.27,NPR
2026-01-26,ACC0000005338,42105.8,0.0,91457.35,-49351.55,NPR
2026-01-26,ACC0000005339,395535.98,0.0,10923.54,384612.44,NPR
2026-01-26,ACC0000005340,308912.35,0.0,107668.64,201243.71,NPR
2026-01-26,ACC0000005341,23690.14,25150.98,21247.28,27593.84,NPR
2026-01-26,ACC0000005342,392241.44,31663.82,37835.19,386070.07,NPR
2026-01-26,ACC0000005343,68882.5,82565.98,84029.4,67419.08,NPR
2026-01-26,ACC0000005344,215271.61,0.0,0.0,215271.61,NPR
2026-01-26,ACC0000005345,113293.68,0.0,85326.79,27966.89,NPR
2026-01-26,ACC0000005346,322777.05,29094.3,157953.16,193918.19,NPR
2026-01-26,ACC0000005347,12368.89,0.0,90677.64,-78308.75,NPR
2026-01-26,ACC0000005348,165888.84,0.0,23276.31,142612.53,NPR
2026-01-26,ACC0000005349,290899.26,0.0,0.0,290899.26,NPR
2026-01-26,ACC0000005350,155100.3,0.0,50901.56,104198.74,NPR
2026-01-26,ACC0000005351,150682.36,0.0,4346.22,146336.14,NPR
2026-01-26,ACC0000005352,339529.56,0.0,0.0,339529.56,NPR
2026-01-26,ACC0000005353,387523.26,0.0,52624.94,334898.32,NPR
2026-01-26,ACC0000005354,476275.78,0.0,0.0,476275.78,NPR
2026-01-26,ACC0000005355,286283.77,0.0,122378.93,163904.84,NPR
2026-01-26,ACC0000005356,43947.35,36562.65,49566.93,30943.07,NPR
2026-01-26,ACC0000005357,86551.8,22641.87,36225.41,72968.26,NPR
2026-01-26,ACC0000005358,452137.05,0.0,11351.28,440785.77,NPR
2026-01-26,ACC0000005359,36198.37,0.0,42221.34,-6022.97,NPR
2026-01-26,ACC0000005360,101698.11,0.0,0.0,101698.11,NPR
2026-01-26,ACC0000005361,288260.65,0.0,32147.07,256113.58,NPR
2026-01-26,ACC0000005362,126448.45,0.0,46398.85,80049.6,NPR
2026-01-26,ACC0000005363,93472.48,26322.67,53624.34,66170.81,NPR
2026-01-26,ACC0000005364,366423.65,0.0,143776.95,222646.7,NPR
2026-01-26,ACC0000005365,164006.27,3462.35,17498.91,149969.71,NPR
2026-01-26,ACC0000005366,476630.05,0.0,111126.56,365503.49,NPR
2026-01-26,ACC0000005367,291283.25,0.0,60584.38,230698.87,NPR
2026-01-26,ACC0000005368,121975.19,0.0,77272.75,44702.44,NPR
2026-01-26,ACC0000005369,4230.85,16899.64,61024.81,-39894.32,NPR
2026-01-26,ACC0000005370,373095.41,0.0,58489.59,314605.82,NPR
2026-01-26,ACC0000005371,274654.92,0.0,29526.37,245128.55,NPR
2026-01-26,ACC0000005372,86298.87,0.0,0.0,86298.87,NPR
2026-01-26,ACC0000005373,338823.92,0.0,58375.59,280448.33,NPR
2026-01-26,ACC0000005374,64015.25,0.0,75444.53,-11429.28,NPR
2026-01-26,ACC0000005375,232511.15,61782.53,57663.45,236630.23,NPR
2026-01-26,ACC0000005376,127483.13,23890.0,80870.83,70502.3,NPR
2026-01-26,ACC0000005377,177405.61,0.0,5299.59,172106.02,NPR
2026-01-26,ACC0000005378,321044.79,24308.64,86925.17,258428.26,NPR
2026-01-26,ACC0000005379,154254.89,0.0,46574.41,107680.48,NPR
2026-01-26,ACC0000005380,166837.46,0.0,81636.08,85201.38,NPR
2026-01-26,ACC0000005381,228031.02,0.0,0.0,228031.02,NPR
2026-01-26,ACC0000005382,231455.18,0.0,14519.28,216935.9,NPR
2026-01-26,ACC0000005383,27790.44,0.0,32304.2,-4513.76,NPR
2026-01-26,ACC0000005384,33596.41,74609.51,78713.1,29492.82,NPR
2026-01-26,ACC0000005385,102532.66,0.0,43377.67,59154.99,NPR
2026-01-26,ACC0000005386,26760.96,1598.31,26222.03,2137.24,NPR
2026-01-26,ACC0000005387,249745.59,43316.65,0.0,293062.24,NPR
2026-01-26,ACC0000005388,91782.49,0.0,120440.57,-28658.08,NPR
2026-01-26,ACC0000005389,494622.49,0.0,34091.58,460530.91,NPR
2026-01-26,ACC0000005390,418169.19,0.0,0.0,418169.19,NPR
2026-01-26,ACC0000005391,460828.7,0.0,85234.92,375593.78,NPR
2026-01-26,ACC0000005392,452423.88,68051.21,5763.68,514711.41,NPR
2026-01-26,ACC0000005393,74123.05,0.0,90577.49,-16454.44,NPR
2026-01-26,ACC0000005394,409156.85,0.0,2161.43,406995.42,NPR
2026-01-26,ACC0000005395,273348.42,10408.97,76583.76,207173.63,NPR
2026-01-26,ACC0000005396,79928.11,0.0,0.0,79928.11,NPR
2026-01-26,ACC0000005397,398700.27,0.0,55441.82,343258.45,NPR
2026-01-26,ACC0000005398,143249.22,13861.88,88833.7,68277.4,NPR
2026-01-26,ACC0000005399,445499.17,114690.76,0.0,560189.93,NPR
2026-01-26,ACC0000005400,204966.69,32669.02,0.0,237635.71,NPR
2026-01-26,ACC0000005401,433909.08,1021.02,3052.68,431877.42,NPR
2026-01-26,ACC0000005402,236540.85,2296.04,55524.15,183312.74,NPR
2026-01-26,ACC0000005403,400304.86,0.0,36890.73,363414.13,NPR
2026-01-26,ACC0000005404,328102.84,0.0,10319.79,317783.05,NPR
2026-01-26,ACC0000005405,379658.19,43271.79,0.0,422929.98,NPR
2026-01-26,ACC0000005406,149560.1,0.0,156264.63,-6704.53,NPR
2026-01-26,ACC0000005407,432823.68,0.0,137908.94,294914.74,NPR
2026-01-26,ACC0000005408,401944.06,0.0,62016.3,339927.76,NPR
2026-01-26,ACC0000005409,241890.19,0.0,146986.43,94903.76,NPR
2026-01-26,ACC0000005410,451574.04,0.0,35054.74,416519.3,NPR
2026-01-26,ACC0000005411,257153.42,0.0,29400.68,227752.74,NPR
2026-01-26,ACC0000005412,337863.15,39613.28,42181.81,335294.62,NPR
2026-01-26,ACC0000005413,200677.78,0.0,76427.2,124250.58,NPR
2026-01-26,ACC0000005414,209595.47,0.0,13668.09,195927.38,NPR
2026-01-26,ACC0000005415,243109.91,0.0,0.0,243109.91,NPR
2026-01-26,ACC0000005416,487036.76,122224.01,22512.29,586748.48,NPR
2026-01-26,ACC0000005417,144522.3,0.0,31309.45,113212.85,NPR
2026-01-26,ACC0000005418,276348.34,0.0,0.0,276348.34,NPR
2026-01-26,ACC0000005419,36829.6,0.0,67331.26,-30501.66,NPR
2026-01-26,ACC0000005420,78060.83,19224.9,0.0,97285.73,NPR
2026-01-26,ACC0000005421,5429.67,0.0,0.0,5429.67,NPR
2026-01-26,ACC0000005422,17719.56,0.0,88447.47,-70727.91,NPR
2026-01-26,ACC0000005423,75333.36,47874.2,41170.75,82036.81,NPR
2026-01-26,ACC0000005424,268356.4,0.0,0.0,268356.4,NPR
2026-01-26,ACC0000005425,214944.27,0.0,38978.89,175965.38,NPR
2026-01-26,ACC0000005426,257620.05,12624.57,86120.45,184124.17,NPR
2026-01-26,ACC0000005427,255915.35,0.0,119533.59,136381.76,NPR
2026-01-26,ACC0000005428,141020.4,0.0,0.0,141020.4,NPR
2026-01-26,ACC0000005429,161699.6,0.0,42790.61,118908.99,NPR
2026-01-26,ACC0000005430,343735.98,0.0,79442.72,264293.26,NPR
2026-01-26,ACC0000005431,253037.65,0.0,49987.82,203049.83,NPR
2026-01-26,ACC0000005432,190407.87,89283.12,65368.46,214322.53,NPR
2026-01-26,ACC0000005433,408358.71,0.0,20351.99,388006.72,NPR
2026-01-26,ACC0000005434,79497.03,68709.34,39896.39,108309.98,NPR
2026-01-26,ACC0000005435,486742.76,0.0,31584.67,455158.09,NPR
2026-01-26,ACC0000005436,394856.13,0.0,0.0,394856.13,NPR
2026-01-26,ACC0000005437,162821.81,0.0,4439.31,158382.5,NPR
2026-01-26,ACC0000005438,410188.06,0.0,27312.32,382875.74,NPR
2026-01-26,ACC0000005439,86534.94,0.0,0.0,86534.94,NPR
2026-01-26,ACC0000005440,296015.39,0.0,102850.67,193164.72,NPR
2026-01-26,ACC0000005441,252089.11,0.0,10869.9,241219.21,NPR
2026-01-26,ACC0000005442,160424.72,5579.53,39668.53,126335.72,NPR
2026-01-26,ACC0000005443,112787.73,0.0,0.0,112787.73,NPR
2026-01-26,ACC0000005444,448163.69,0.0,39207.58,408956.11,NPR
2026-01-26,ACC0000005445,201317.58,0.0,0.0,201317.58,NPR
2026-01-26,ACC0000005446,90852.7,0.0,0.0,90852.7,NPR
2026-01-26,ACC0000005447,352279.79,0.0,72438.37,279841.42,NPR
2026-01-26,ACC0000005448,274428.98,33437.61,22830.44,285036.15,NPR
2026-01-26,ACC0000005449,360804.54,29844.01,41735.05,348913.5,NPR
2026-01-26,ACC0000005450,344747.67,38252.38,26484.34,356515.71,NPR
2026-01-26,ACC0000005451,64819.73,0.0,66651.26,-1831.53,NPR
2026-01-26,ACC0000005452,392298.01,40720.02,34141.72,398876.31,NPR
2026-01-26,ACC0000005453,89118.97,0.0,112159.12,-23040.15,NPR
2026-01-26,ACC0000005454,214715.14,0.0,5598.85,209116.29,NPR
2026-01-26,ACC0000005455,119877.65,0.0,41752.31,78125.34,NPR
2026-01-26,ACC0000005456,224291.75,0.0,76123.49,148168.26,NPR
2026-01-26,ACC0000005457,461877.09,0.0,77345.24,384531.85,NPR
2026-01-26,ACC0000005458,158190.89,0.0,0.0,158190.89,NPR
2026-01-26,ACC0000005459,436432.04,0.0,71706.43,364725.61,NPR
2026-01-26,ACC0000005460,337259.43,64327.54,14386.53,387200.44,NPR
2026-01-26,ACC0000005461,212715.86,0.0,15218.09,197497.77,NPR
2026-01-26,ACC0000005462,433761.15,0.0,135166.95,298594.2,NPR
2026-01-26,ACC0000005463,213252.91,0.0,0.0,213252.91,NPR
2026-01-26,ACC0000005464,425370.02,0.0,52186.91,373183.11,NPR
2026-01-26,ACC0000005465,245606.44,0.0,88145.04,157461.4,NPR
2026-01-26,ACC0000005466,251511.82,0.0,76154.83,175356.99,NPR
2026-01-26,ACC0000005467,21281.61,0.0,70451.67,-49170.06,NPR
2026-01-26,ACC0000005468,84092.1,0.0,67992.64,16099.46,NPR
2026-01-26,ACC0000005469,65808.34,938.91,42137.79,24609.46,NPR
2026-01-26,ACC0000005470,56475.17,6593.43,47324.93,15743.67,NPR
2026-01-26,ACC0000005471,56161.62,0.0,0.0,56161.62,NPR
2026-01-26,ACC0000005472,55940.57,0.0,19913.46,36027.11,NPR
2026-01-26,ACC0000005473,173143.3,0.0,73369.6,99773.7,NPR
2026-01-26,ACC0000005474,106247.71,0.0,30439.24,75808.47,NPR
2026-01-26,ACC0000005475,14988.9,30167.35,48378.89,-3222.64,NPR
2026-01-26,ACC0000005476,243895.99,0.0,0.0,243895.99,NPR
2026-01-26,ACC0000005477,165166.5,0.0,20591.21,144575.29,NPR
2026-01-26,ACC0000005478,278028.16,0.0,0.0,278028.16,NPR
2026-01-26,ACC0000005479,323956.0,0.0,0.0,323956.0,NPR
2026-01-26,ACC0000005480,410038.81,3854.1,56153.73,357739.18,NPR
2026-01-26,ACC0000005481,279703.31,2995.69,0.0,282699.0,NPR
2026-01-26,ACC0000005482,348169.08,0.0,791.67,347377.41,NPR
2026-01-26,ACC0000005483,307416.47,0.0,13370.19,294046.28,NPR
2026-01-26,ACC0000005484,22196.08,22906.91,110266.19,-65163.2,NPR
2026-01-26,ACC0000005485,446184.75,23983.33,7433.14,462734.94,NPR
2026-01-26,ACC0000005486,226189.02,0.0,135555.82,90633.2,NPR
2026-01-26,ACC0000005487,261931.01,0.0,19953.1,241977.91,NPR
2026-01-26,ACC0000005488,49129.78,0.0,0.0,49129.78,NPR
2026-01-26,ACC0000005489,397812.79,0.0,50301.4,347511.39,NPR
2026-01-26,ACC0000005490,69145.79,0.0,73895.5,-4749.71,NPR
2026-01-26,ACC0000005491,41232.46,0.0,64369.23,-23136.77,NPR
2026-01-26,ACC0000005492,303940.0,0.0,0.0,303940.0,NPR
2026-01-26,ACC0000005493,220991.58,0.0,44890.19,176101.39,NPR
2026-01-26,ACC0000005494,6685.28,27890.16,72661.15,-38085.71,NPR
2026-01-26,ACC0000005495,294025.91,26364.5,33001.85,287388.56,NPR
2026-01-26,ACC0000005496,129878.21,0.0,33484.07,96394.14,NPR
2026-01-26,ACC0000005497,225601.73,56987.69,37816.25,244773.17,NPR
2026-01-26,ACC0000005498,156492.84,0.0,0.0,156492.84,NPR
2026-01-26,ACC0000005499,347102.22,42774.25,36009.19,353867.28,NPR
2026-01-26,ACC0000005500,215972.34,73540.61,0.0,289512.95,NPR
2026-01-26,ACC0000005501,472429.97,0.0,16014.04,456415.93,NPR
2026-01-26,ACC0000005502,465377.74,0.0,164853.29,300524.45,NPR
2026-01-26,ACC0000005503,479698.29,22006.33,33492.37,468212.25,NPR
2026-01-26,ACC0000005504,490831.84,0.0,26491.07,464340.77,NPR
2026-01-26,ACC0000005505,405421.35,35162.41,35577.59,405006.17,NPR
2026-01-26,ACC0000005506,161167.34,0.0,76835.9,84331.44,NPR
2026-01-26,ACC0000005507,403127.26,0.0,38287.55,364839.71,NPR
2026-01-26,ACC0000005508,412210.13,17763.35,39194.85,390778.63,NPR
2026-01-26,ACC0000005509,441230.69,0.0,43678.98,397551.71,NPR
2026-01-26,ACC0000005510,211071.82,0.0,58623.12,152448.7,NPR
2026-01-26,ACC0000005511,493997.36,30947.97,33859.96,491085.37,NPR
2026-01-26,ACC0000005512,278767.97,9941.57,58593.08,230116.46,NPR
2026-01-26,ACC0000005513,485662.64,18076.5,112152.72,391586.42,NPR
2026-01-26,ACC0000005514,22168.8,0.0,121618.12,-99449.32,NPR
2026-01-26,ACC0000005515,269691.32,0.0,65005.85,204685.47,NPR
2026-01-26,ACC0000005516,456549.13,0.0,47176.24,409372.89,NPR
2026-01-26,ACC0000005517,67488.06,0.0,64223.39,3264.67,NPR
2026-01-26,ACC0000005518,279055.3,0.0,11715.92,267339.38,NPR
2026-01-26,ACC0000005519,36654.44,0.0,15260.78,21393.66,NPR
2026-01-26,ACC0000005520,344953.71,0.0,0.0,344953.71,NPR
2026-01-26,ACC0000005521,224642.34,0.0,62610.38,162031.96,NPR
2026-01-26,ACC0000005522,472509.22,0.0,29798.01,442711.21,NPR
2026-01-26,ACC0000005523,75312.45,6098.06,79618.3,1792.21,NPR
2026-01-26,ACC0000005524,440866.25,0.0,261699.75,179166.5,NPR
2026-01-26,ACC0000005525,216792.26,0.0,18656.9,198135.36,NPR
2026-01-26,ACC0000005526,159875.81,42515.98,52661.39,149730.4,NPR
2026-01-26,ACC0000005527,288171.04,0.0,106743.53,181427.51,NPR
2026-01-26,ACC0000005528,17296.3,0.0,0.0,17296.3,NPR
2026-01-26,ACC0000005529,197517.19,0.0,0.0,197517.19,NPR
2026-01-26,ACC0000005530,93048.85,0.0,25805.78,67243.07,NPR
2026-01-26,ACC0000005531,77669.27,0.0,22802.22,54867.05,NPR
2026-01-26,ACC0000005532,494405.94,0.0,37904.46,456501.48,NPR
2026-01-26,ACC0000005533,143389.61,33170.85,58271.54,118288.92,NPR
2026-01-26,ACC0000005534,410301.67,0.0,125745.6,284556.07,NPR
2026-01-26,ACC0000005535,122643.03,0.0,0.0,122643.03,NPR
2026-01-26,ACC0000005536,445285.19,0.0,71691.89,373593.3,NPR
2026-01-26,ACC0000005537,406996.01,38738.54,41173.24,404561.31,NPR
2026-01-26,ACC0000005538,353967.22,71575.26,52287.82,373254.66,NPR
2026-01-26,ACC0000005539,119551.49,0.0,20916.5,98634.99,NPR
2026-01-26,ACC0000005540,49041.61,0.0,0.0,49041.61,NPR
2026-01-26,ACC0000005541,286714.33,29282.47,56585.54,259411.26,NPR
2026-01-26,ACC0000005542,338706.75,15050.78,267.76,353489.77,NPR
2026-01-26,ACC0000005543,398897.53,0.0,47527.73,351369.8,NPR
2026-01-26,ACC0000005544,299548.22,38157.99,25067.21,312639.0,NPR
2026-01-26,ACC0000005545,49427.83,0.0,0.0,49427.83,NPR
2026-01-26,ACC0000005546,199580.26,18416.49,123622.99,94373.76,NPR
2026-01-26,ACC0000005547,117805.69,0.0,46811.57,70994.12,NPR
2026-01-26,ACC0000005548,15210.13,0.0,44426.12,-29215.99,NPR
2026-01-26,ACC0000005549,445780.38,0.0,51542.84,394237.54,NPR
2026-01-26,ACC0000005550,299523.33,0.0,17880.59,281642.74,NPR
2026-01-26,ACC0000005551,494654.5,0.0,63523.02,431131.48,NPR
2026-01-26,ACC0000005552,410792.83,0.0,59408.03,351384.8,NPR
2026-01-26,ACC0000005553,363664.34,0.0,0.0,363664.34,NPR
2026-01-26,ACC0000005554,222421.03,0.0,0.0,222421.03,NPR
2026-01-26,ACC0000005555,201617.71,0.0,0.0,201617.71,NPR
2026-01-26,ACC0000005556,37983.46,0.0,0.0,37983.46,NPR
2026-01-26,ACC0000005557,276241.63,0.0,101576.48,174665.15,NPR
2026-01-26,ACC0000005558,342423.06,0.0,0.0,342423.06,NPR
2026-01-26,ACC0000005559,308452.89,0.0,74551.31,233901.58,NPR
2026-01-26,ACC0000005560,41999.18,25182.87,0.0,67182.05,NPR
2026-01-26,ACC0000005561,252662.66,49097.77,45128.89,256631.54,NPR
2026-01-26,ACC0000005562,140026.63,0.0,113595.11,26431.52,NPR
2026-01-26,ACC0000005563,40381.32,28353.8,55341.54,13393.58,NPR
2026-01-26,ACC0000005564,70111.6,32328.17,118781.8,-16342.03,NPR
2026-01-26,ACC0000005565,103756.29,0.0,83114.68,20641.61,NPR
2026-01-26,ACC0000005566,331516.11,0.0,54267.66,277248.45,NPR
2026-01-26,ACC0000005567,278984.58,9910.13,9511.34,279383.37,NPR
2026-01-26,ACC0000005568,281925.14,0.0,0.0,281925.14,NPR
2026-01-26,ACC0000005569,169005.47,0.0,54104.58,114900.89,NPR
2026-01-26,ACC0000005570,421885.64,0.0,0.0,421885.64,NPR
2026-01-26,ACC0000005571,171336.7,27476.07,0.0,198812.77,NPR
2026-01-26,ACC0000005572,195711.4,0.0,0.0,195711.4,NPR
2026-01-26,ACC0000005573,208833.32,0.0,0.0,208833.32,NPR
2026-01-26,ACC0000005574,360211.36,0.0,35725.22,324486.14,NPR
2026-01-26,ACC0000005575,272410.03,55874.98,35289.27,292995.74,NPR
2026-01-26,ACC0000005576,102673.37,44712.86,75690.07,71696.16,NPR
2026-01-26,ACC0000005577,28839.33,0.0,63717.82,-34878.49,NPR
2026-01-26,ACC0000005578,51749.83,0.0,30104.44,21645.39,NPR
2026-01-26,ACC0000005579,407786.03,0.0,35653.81,372132.22,NPR
2026-01-26,ACC0000005580,333534.92,0.0,0.0,333534.92,NPR
2026-01-26,ACC0000005581,194415.04,0.0,68214.11,126200.93,NPR
2026-01-26,ACC0000005582,194088.17,49934.15,78992.0,165030.32,NPR
2026-01-26,ACC0000005583,348697.52,0.0,0.0,348697.52,NPR
2026-01-26,ACC0000005584,234644.4,33017.61,98488.83,169173.18,NPR
2026-01-26,ACC0000005585,491068.63,22015.63,20079.68,493004.58,NPR
2026-01-26,ACC0000005586,97001.8,0.0,0.0,97001.8,NPR
2026-01-26,ACC0000005587,132915.12,0.0,16126.77,116788.35,NPR
2026-01-26,ACC0000005588,25015.24,0.0,45060.12,-20044.88,NPR
2026-01-26,ACC0000005589,229830.55,0.0,0.0,229830.55,NPR
2026-01-26,ACC0000005590,448878.98,49578.28,118143.31,380313.95,NPR
2026-01-26,ACC0000005591,277322.99,24022.83,48370.28,252975.54,NPR
2026-01-26,ACC0000005592,56790.37,0.0,34206.9,22583.47,NPR
2026-01-26,ACC0000005593,17631.69,0.0,37349.6,-19717.91,NPR
2026-01-26,ACC0000005594,105646.15,52120.55,0.0,157766.7,NPR
2026-01-26,ACC0000005595,472136.32,25946.37,27089.81,470992.88,NPR
2026-01-26,ACC0000005596,119988.83,28100.59,0.0,148089.42,NPR
2026-01-26,ACC0000005597,156130.91,50567.42,18227.83,188470.5,NPR
2026-01-26,ACC0000005598,219706.74,10435.24,106339.51,123802.47,NPR
2026-01-26,ACC0000005599,303725.36,0.0,107527.98,196197.38,NPR
2026-01-26,ACC0000005600,348981.51,37206.61,45367.81,340820.31,NPR
2026-01-26,ACC0000005601,12632.68,0.0,94472.11,-81839.43,NPR
2026-01-26,ACC0000005602,337427.44,41546.63,60480.11,318493.96,NPR
2026-01-26,ACC0000005603,414833.83,0.0,0.0,414833.83,NPR
2026-01-26,ACC0000005604,407622.18,0.0,25184.34,382437.84,NPR
2026-01-26,ACC0000005605,87846.92,0.0,0.0,87846.92,NPR
2026-01-26,ACC0000005606,213098.24,18944.03,0.0,232042.27,NPR
2026-01-26,ACC0000005607,301418.17,0.0,21440.63,279977.54,NPR
2026-01-26,ACC0000005608,374971.3,17895.87,0.0,392867.17,NPR
2026-01-26,ACC0000005609,492804.27,0.0,13427.38,479376.89,NPR
2026-01-26,ACC0000005610,161827.79,0.0,48252.0,113575.79,NPR
2026-01-26,ACC0000005611,309004.88,0.0,10277.22,298727.66,NPR
2026-01-26,ACC0000005612,340716.78,0.0,45658.29,295058.49,NPR
2026-01-26,ACC0000005613,202280.96,0.0,22478.28,179802.68,NPR
2026-01-26,ACC0000005614,313126.1,0.0,12960.69,300165.41,NPR
2026-01-26,ACC0000005615,255881.87,6968.39,15611.57,247238.69,NPR
2026-01-26,ACC0000005616,121716.24,28412.37,0.0,150128.61,NPR
2026-01-26,ACC0000005617,427951.59,37561.27,52424.55,413088.31,NPR
2026-01-26,ACC0000005618,195699.56,0.0,40362.71,155336.85,NPR
2026-01-26,ACC0000005619,244313.79,0.0,87798.33,156515.46,NPR
2026-01-26,ACC0000005620,476322.69,0.0,39534.97,436787.72,NPR
2026-01-26,ACC0000005621,279510.35,0.0,78361.28,201149.07,NPR
2026-01-26,ACC0000005622,423726.21,0.0,0.0,423726.21,NPR
2026-01-26,ACC0000005623,211253.95,0.0,49589.58,161664.37,NPR
2026-01-26,ACC0000005624,387737.57,0.0,20938.77,366798.8,NPR
2026-01-26,ACC0000005625,254296.46,0.0,19739.66,234556.8,NPR
2026-01-26,ACC0000005626,314417.19,0.0,44853.63,269563.56,NPR
2026-01-26,ACC0000005627,330506.51,0.0,21655.24,308851.27,NPR
2026-01-26,ACC0000005628,465957.88,0.0,42404.96,423552.92,NPR
2026-01-26,ACC0000005629,233191.55,0.0,67334.31,165857.24,NPR
2026-01-26,ACC0000005630,439782.65,0.0,111931.74,327850.91,NPR
2026-01-26,ACC0000005631,142189.16,18777.88,111326.53,49640.51,NPR
2026-01-26,ACC0000005632,120866.07,63058.51,47132.65,136791.93,NPR
2026-01-26,ACC0000005633,404797.51,0.0,130726.13,274071.38,NPR
2026-01-26,ACC0000005634,495679.57,0.0,88897.33,406782.24,NPR
2026-01-26,ACC0000005635,496280.0,0.0,0.0,496280.0,NPR
2026-01-26,ACC0000005636,128700.19,0.0,94324.81,34375.38,NPR
2026-01-26,ACC0000005637,50443.53,0.0,25781.99,24661.54,NPR
2026-01-26,ACC0000005638,269304.0,0.0,0.0,269304.0,NPR
2026-01-26,ACC0000005639,35956.72,0.0,0.0,35956.72,NPR
2026-01-26,ACC0000005640,178045.67,0.0,101083.04,76962.63,NPR
2026-01-26,ACC0000005641,87811.85,0.0,61811.33,26000.52,NPR
2026-01-26,ACC0000005642,497099.66,39615.29,124222.39,412492.56,NPR
2026-01-26,ACC0000005643,112233.68,0.0,0.0,112233.68,NPR
2026-01-26,ACC0000005644,90816.44,71578.25,21357.27,141037.42,NPR
2026-01-26,ACC0000005645,226168.94,0.0,3273.46,222895.48,NPR
2026-01-26,ACC0000005646,465636.18,0.0,0.0,465636.18,NPR
2026-01-26,ACC0000005647,308498.14,30417.76,83013.08,255902.82,NPR
2026-01-26,ACC0000005648,143042.77,0.0,115035.42,28007.35,NPR
2026-01-26,ACC0000005649,498074.65,0.0,127636.18,370438.47,NPR
2026-01-26,ACC0000005650,314668.25,0.0,95093.34,219574.91,NPR
2026-01-26,ACC0000005651,11496.01,0.0,30485.28,-18989.27,NPR
2026-01-26,ACC0000005652,368744.99,79030.62,35633.71,412141.9,NPR
2026-01-26,ACC0000005653,23175.97,0.0,0.0,23175.97,NPR
2026-01-26,ACC0000005654,176546.56,30576.46,94056.89,113066.13,NPR
2026-01-26,ACC0000005655,40916.29,0.0,47967.1,-7050.81,NPR
2026-01-26,ACC0000005656,213444.66,45203.86,59463.15,199185.37,NPR
2026-01-26,ACC0000005657,228421.02,0.0,75068.05,153352.97,NPR
2026-01-26,ACC0000005658,356392.87,42788.6,19419.81,379761.66,NPR
2026-01-26,ACC0000005659,256451.93,0.0,9508.3,246943.63,NPR
2026-01-26,ACC0000005660,267746.71,0.0,82603.58,185143.13,NPR
2026-01-26,ACC0000005661,273733.58,0.0,17337.3,256396.28,NPR
2026-01-26,ACC0000005662,468030.3,0.0,0.0,468030.3,NPR
2026-01-26,ACC0000005663,2410.78,0.0,91603.15,-89192.37,NPR
2026-01-26,ACC0000005664,499697.13,0.0,0.0,499697.13,NPR
2026-01-26,ACC0000005665,114918.22,0.0,37602.28,77315.94,NPR
2026-01-26,ACC0000005666,79511.6,0.0,0.0,79511.6,NPR
2026-01-26,ACC0000005667,260766.43,41016.48,114625.82,187157.09,NPR
2026-01-26,ACC0000005668,80962.1,79607.48,785.71,159783.87,NPR
2026-01-26,ACC0000005669,157503.68,0.0,0.0,157503.68,NPR
2026-01-26,ACC0000005670,404753.58,43116.68,59726.75,388143.51,NPR
2026-01-26,ACC0000005671,484622.47,0.0,0.0,484622.47,NPR
2026-01-26,ACC0000005672,220492.26,0.0,83523.08,136969.18,NPR
2026-01-26,ACC0000005673,464576.74,0.0,104686.21,359890.53,NPR
2026-01-26,ACC0000005674,143332.56,0.0,67217.59,76114.97,NPR
2026-01-26,ACC0000005675,337390.43,58440.53,30076.43,365754.53,NPR
2026-01-26,ACC0000005676,191018.14,0.0,29737.17,161280.97,NPR
2026-01-26,ACC0000005677,279826.18,0.0,0.0,279826.18,NPR
2026-01-26,ACC0000005678,368888.41,0.0,0.0,368888.41,NPR
2026-01-26,ACC0000005679,458543.51,0.0,0.0,458543.51,NPR
2026-01-26,ACC0000005680,124637.98,0.0,0.0,124637.98,NPR
2026-01-26,ACC0000005681,427999.09,0.0,0.0,427999.09,NPR
2026-01-26,ACC0000005682,447372.13,41843.35,86558.66,402656.82,NPR
2026-01-26,ACC0000005683,265062.27,0.0,6437.23,258625.04,NPR
2026-01-26,ACC0000005684,142011.05,0.0,31511.62,110499.43,NPR
2026-01-26,ACC0000005685,186794.76,24671.03,58831.35,152634.44,NPR
2026-01-26,ACC0000005686,267178.77,21320.2,69057.23,219441.74,NPR
2026-01-26,ACC0000005687,260271.59,0.0,108971.21,151300.38,NPR
2026-01-26,ACC0000005688,490341.75,0.0,112250.19,378091.56,NPR
2026-01-26,ACC0000005689,438314.84,0.0,0.0,438314.84,NPR
2026-01-26,ACC0000005690,136405.26,17807.52,18512.78,135700.0,NPR
2026-01-26,ACC0000005691,29082.02,0.0,15555.7,13526.32,NPR
2026-01-26,ACC0000005692,73404.03,0.0,48351.82,25052.21,NPR
2026-01-26,ACC0000005693,489873.39,0.0,19691.46,470181.93,NPR
2026-01-26,ACC0000005694,468164.86,47761.67,135847.93,380078.6,NPR
2026-01-26,ACC0000005695,241901.29,0.0,0.0,241901.29,NPR
2026-01-26,ACC0000005696,132644.34,0.0,95099.27,37545.07,NPR
2026-01-26,ACC0000005697,158989.39,0.0,37318.02,121671.37,NPR
2026-01-26,ACC0000005698,218767.15,37278.66,29936.26,226109.55,NPR
2026-01-26,ACC0000005699,219835.49,23907.67,0.0,243743.16,NPR
2026-01-26,ACC0000005700,163644.65,18177.87,19739.91,162082.61,NPR
2026-01-26,ACC0000005701,18045.73,50020.29,54650.55,13415.47,NPR
2026-01-26,ACC0000005702,114108.91,0.0,1588.0,112520.91,NPR
2026-01-26,ACC0000005703,213270.75,0.0,0.0,213270.75,NPR
2026-01-26,ACC0000005704,491986.17,0.0,42402.23,449583.94,NPR
2026-01-26,ACC0000005705,96362.53,0.0,26471.64,69890.89,NPR
2026-01-26,ACC0000005706,353169.14,4131.37,11618.22,345682.29,NPR
2026-01-26,ACC0000005707,338543.86,0.0,28441.47,310102.39,NPR
2026-01-26,ACC0000005708,342435.81,4784.03,43378.34,303841.5,NPR
2026-01-26,ACC0000005709,204556.73,45256.26,81693.44,168119.55,NPR
2026-01-26,ACC0000005710,413413.62,15066.89,11407.14,417073.37,NPR
2026-01-26,ACC0000005711,197807.81,0.0,0.0,197807.81,NPR
2026-01-26,ACC0000005712,288105.7,0.0,129975.06,158130.64,NPR
2026-01-26,ACC0000005713,468848.79,13130.57,43805.05,438174.31,NPR
2026-01-26,ACC0000005714,218605.23,12345.67,58572.42,172378.48,NPR
2026-01-26,ACC0000005715,384519.98,0.0,78035.35,306484.63,NPR
2026-01-26,ACC0000005716,432441.34,43877.62,38522.93,437796.03,NPR
2026-01-26,ACC0000005717,493150.3,9682.14,47331.47,455500.97,NPR
2026-01-26,ACC0000005718,309010.13,42291.03,41630.23,309670.93,NPR
2026-01-26,ACC0000005719,70477.69,1026.41,104492.3,-32988.2,NPR
2026-01-26,ACC0000005720,218562.16,0.0,74420.21,144141.95,NPR
2026-01-26,ACC0000005721,189857.23,17501.48,155918.88,51439.83,NPR
2026-01-26,ACC0000005722,449351.03,0.0,10968.88,438382.15,NPR
2026-01-26,ACC0000005723,78959.28,0.0,0.0,78959.28,NPR
2026-01-26,ACC0000005724,188257.17,45600.86,45452.9,188405.13,NPR
2026-01-26,ACC0000005725,384812.9,0.0,96313.48,288499.42,NPR
2026-01-26,ACC0000005726,27152.29,36274.55,57846.72,5580.12,NPR
2026-01-26,ACC0000005727,273072.61,0.0,147645.87,125426.74,NPR
2026-01-26,ACC0000005728,476364.68,0.0,20120.16,456244.52,NPR
2026-01-26,ACC0000005729,259163.79,39331.0,68172.44,230322.35,NPR
2026-01-26,ACC0000005730,376697.09,35919.63,89435.53,323181.19,NPR
2026-01-26,ACC0000005731,434310.77,0.0,49844.41,384466.36,NPR
2026-01-26,ACC0000005732,14202.34,0.0,0.0,14202.34,NPR
2026-01-26,ACC0000005733,328826.81,0.0,79072.61,249754.2,NPR
2026-01-26,ACC0000005734,90376.17,19980.54,48339.48,62017.23,NPR
2026-01-26,ACC0000005735,405604.89,0.0,13061.08,392543.81,NPR
2026-01-26,ACC0000005736,409372.62,24849.06,88738.92,345482.76,NPR
2026-01-26,ACC0000005737,400990.3,4903.33,65636.98,340256.65,NPR
2026-01-26,ACC0000005738,9468.49,21496.55,57762.0,-26796.96,NPR
2026-01-26,ACC0000005739,449322.53,0.0,0.0,449322.53,NPR
2026-01-26,ACC0000005740,483447.17,0.0,28695.39,454751.78,NPR
2026-01-26,ACC0000005741,74602.89,0.0,12434.45,62168.44,NPR
2026-01-26,ACC0000005742,151600.48,0.0,28306.42,123294.06,NPR
2026-01-26,ACC0000005743,129357.72,0.0,0.0,129357.72,NPR
2026-01-26,ACC0000005744,135651.46,42055.33,99281.63,78425.16,NPR
2026-01-26,ACC0000005745,400783.33,39104.98,0.0,439888.31,NPR
2026-01-26,ACC0000005746,60853.1,10550.77,88091.29,-16687.42,NPR
2026-01-26,ACC0000005747,141020.54,15794.9,0.0,156815.44,NPR
2026-01-26,ACC0000005748,81690.1,0.0,65947.74,15742.36,NPR
2026-01-26,ACC0000005749,274332.13,32462.71,797.15,305997.69,NPR
2026-01-26,ACC0000005750,36110.96,0.0,54070.6,-17959.64,NPR
2026-01-26,ACC0000005751,344409.26,0.0,41154.79,303254.47,NPR
2026-01-26,ACC0000005752,421924.04,0.0,27086.47,394837.57,NPR
2026-01-26,ACC0000005753,458784.89,0.0,0.0,458784.89,NPR
2026-01-26,ACC0000005754,355855.25,67447.79,97953.22,325349.82,NPR
2026-01-26,ACC0000005755,113677.84,0.0,42101.92,71575.92,NPR
2026-01-26,ACC0000005756,330135.6,47950.62,0.0,378086.22,NPR
2026-01-26,ACC0000005757,68291.81,0.0,6855.03,61436.78,NPR
2026-01-26,ACC0000005758,263316.38,48828.0,91904.75,220239.63,NPR
2026-01-26,ACC0000005759,29226.07,39683.04,26469.99,42439.12,NPR
2026-01-26,ACC0000005760,30486.75,0.0,41497.8,-11011.05,NPR
2026-01-26,ACC0000005761,401894.93,0.0,105561.24,296333.69,NPR
2026-01-26,ACC0000005762,47691.59,0.0,35184.99,12506.6,NPR
2026-01-26,ACC0000005763,74821.99,0.0,102079.74,-27257.75,NPR
2026-01-26,ACC0000005764,215712.45,43662.33,47185.69,212189.09,NPR
2026-01-26,ACC0000005765,84331.77,0.0,12560.82,71770.95,NPR
2026-01-26,ACC0000005766,379177.21,85185.94,44479.8,419883.35,NPR
2026-01-26,ACC0000005767,483045.57,0.0,68730.04,414315.53,NPR
2026-01-26,ACC0000005768,148248.21,43827.75,61308.46,130767.5,NPR
2026-01-26,ACC0000005769,489259.17,5998.11,140299.0,354958.28,NPR
2026-01-26,ACC0000005770,68333.11,0.0,76943.61,-8610.5,NPR
2026-01-26,ACC0000005771,499654.56,0.0,5401.49,494253.07,NPR
2026-01-26,ACC0000005772,310384.47,0.0,39113.07,271271.4,NPR
2026-01-26,ACC0000005773,349380.38,0.0,9160.97,340219.41,NPR
2026-01-26,ACC0000005774,374157.22,0.0,141105.62,233051.6,NPR
2026-01-26,ACC0000005775,205341.25,0.0,192098.17,13243.08,NPR
2026-01-26,ACC0000005776,487492.79,45222.55,5706.94,527008.4,NPR
2026-01-26,ACC0000005777,326867.84,0.0,0.0,326867.84,NPR
2026-01-26,ACC0000005778,59422.22,0.0,117421.34,-57999.12,NPR
2026-01-26,ACC0000005779,42751.49,0.0,0.0,42751.49,NPR
2026-01-26,ACC0000005780,463986.16,0.0,0.0,463986.16,NPR
2026-01-26,ACC0000005781,48249.1,40544.92,0.0,88794.02,NPR
2026-01-26,ACC0000005782,39868.06,10601.29,39757.04,10712.31,NPR
2026-01-26,ACC0000005783,28703.41,0.0,74032.11,-45328.7,NPR
2026-01-26,ACC0000005784,440163.56,13950.69,35921.42,418192.83,NPR
2026-01-26,ACC0000005785,6915.03,47507.56,46891.58,7531.01,NPR
2026-01-26,ACC0000005786,405486.86,21329.36,69612.79,357203.43,NPR
2026-01-26,ACC0000005787,259547.52,0.0,121161.53,138385.99,NPR
2026-01-26,ACC0000005788,484373.65,18506.61,30993.95,471886.31,NPR
2026-01-26,ACC0000005789,6041.85,0.0,49165.33,-43123.48,NPR
2026-01-26,ACC0000005790,270039.69,0.0,0.0,270039.69,NPR
2026-01-26,ACC0000005791,234012.3,0.0,0.0,234012.3,NPR
2026-01-26,ACC0000005792,441770.85,0.0,67036.16,374734.69,NPR
2026-01-26,ACC0000005793,87384.97,38506.92,50217.27,75674.62,NPR
2026-01-26,ACC0000005794,197469.19,0.0,19799.79,177669.4,NPR
2026-01-26,ACC0000005795,295004.88,0.0,32844.89,262159.99,NPR
2026-01-26,ACC0000005796,295634.68,0.0,0.0,295634.68,NPR
2026-01-26,ACC0000005797,11392.43,40955.83,28687.39,23660.87,NPR
2026-01-26,ACC0000005798,297524.32,22238.78,31774.35,287988.75,NPR
2026-01-26,ACC0000005799,316992.91,0.0,0.0,316992.91,NPR
2026-01-26,ACC0000005800,434623.2,0.0,69068.08,365555.12,NPR
2026-01-26,ACC0000005801,101146.52,0.0,62351.53,38794.99,NPR
2026-01-26,ACC0000005802,71214.58,0.0,0.0,71214.58,NPR
2026-01-26,ACC0000005803,244562.23,0.0,43042.04,201520.19,NPR
2026-01-26,ACC0000005804,130844.31,0.0,0.0,130844.31,NPR
2026-01-26,ACC0000005805,99409.98,29408.34,89426.79,39391.53,NPR
2026-01-26,ACC0000005806,213497.62,82137.25,48401.2,247233.67,NPR
2026-01-26,ACC0000005807,385651.54,0.0,86619.39,299032.15,NPR
2026-01-26,ACC0000005808,2525.16,0.0,85125.57,-82600.41,NPR
2026-01-26,ACC0000005809,109111.97,0.0,1096.43,108015.54,NPR
2026-01-26,ACC0000005810,437461.99,0.0,28122.13,409339.86,NPR
2026-01-26,ACC0000005811,272979.01,30885.57,119752.57,184112.01,NPR
2026-01-26,ACC0000005812,123837.34,0.0,25427.22,98410.12,NPR
2026-01-26,ACC0000005813,171239.41,27208.71,93441.12,105007.0,NPR
2026-01-26,ACC0000005814,72106.72,0.0,82733.44,-10626.72,NPR
2026-01-26,ACC0000005815,162063.23,0.0,49061.29,113001.94,NPR
2026-01-26,ACC0000005816,96389.33,0.0,0.0,96389.33,NPR
2026-01-26,ACC0000005817,244496.47,0.0,78997.65,165498.82,NPR
2026-01-26,ACC0000005818,253141.87,0.0,22646.19,230495.68,NPR
2026-01-26,ACC0000005819,309401.98,0.0,42299.71,267102.27,NPR
2026-01-26,ACC0000005820,285895.01,0.0,65836.12,220058.89,NPR
2026-01-26,ACC0000005821,466830.67,0.0,0.0,466830.67,NPR
2026-01-26,ACC0000005822,232972.04,0.0,158635.51,74336.53,NPR
2026-01-26,ACC0000005823,358467.14,0.0,68149.88,290317.26,NPR
2026-01-26,ACC0000005824,303535.14,0.0,39431.63,264103.51,NPR
2026-01-26,ACC0000005825,243696.79,0.0,0.0,243696.79,NPR
2026-01-26,ACC0000005826,309367.52,0.0,0.0,309367.52,NPR
2026-01-26,ACC0000005827,193190.95,0.0,86948.99,106241.96,NPR
2026-01-26,ACC0000005828,212087.68,0.0,119079.42,93008.26,NPR
2026-01-26,ACC0000005829,273296.48,0.0,135236.05,138060.43,NPR
2026-01-26,ACC0000005830,105814.29,8616.09,38284.52,76145.86,NPR
2026-01-26,ACC0000005831,277795.41,34702.07,130940.58,181556.9,NPR
2026-01-26,ACC0000005832,29199.56,0.0,0.0,29199.56,NPR
2026-01-26,ACC0000005833,242789.68,0.0,96799.66,145990.02,NPR
2026-01-26,ACC0000005834,357634.88,38558.88,81587.01,314606.75,NPR
2026-01-26,ACC0000005835,449044.43,0.0,0.0,449044.43,NPR
2026-01-26,ACC0000005836,473943.57,71428.22,44515.56,500856.23,NPR
2026-01-26,ACC0000005837,58579.57,21821.21,26978.93,53421.85,NPR
2026-01-26,ACC0000005838,98280.07,0.0,32631.0,65649.07,NPR
2026-01-26,ACC0000005839,23052.67,0.0,0.0,23052.67,NPR
2026-01-26,ACC0000005840,116842.38,0.0,46845.51,69996.87,NPR
2026-01-26,ACC0000005841,226449.58,0.0,64816.27,161633.31,NPR
2026-01-26,ACC0000005842,450687.73,21756.67,29696.04,442748.36,NPR
2026-01-26,ACC0000005843,44051.83,0.0,0.0,44051.83,NPR
2026-01-26,ACC0000005844,85232.09,0.0,33862.34,51369.75,NPR
2026-01-26,ACC0000005845,405313.95,39445.88,33878.66,410881.17,NPR
2026-01-26,ACC0000005846,323177.09,0.0,0.0,323177.09,NPR
2026-01-26,ACC0000005847,360537.44,33672.54,0.0,394209.98,NPR
2026-01-26,ACC0000005848,364050.04,0.0,2896.64,361153.4,NPR
2026-01-26,ACC0000005849,294246.04,0.0,0.0,294246.04,NPR
2026-01-26,ACC0000005850,32176.59,0.0,0.0,32176.59,NPR
2026-01-26,ACC0000005851,410581.57,0.0,0.0,410581.57,NPR
2026-01-26,ACC0000005852,16561.38,0.0,0.0,16561.38,NPR
2026-01-26,ACC0000005853,94540.35,0.0,5956.54,88583.81,NPR
2026-01-26,ACC0000005854,242388.07,0.0,138886.98,103501.09,NPR
2026-01-26,ACC0000005855,440580.4,0.0,0.0,440580.4,NPR
2026-01-26,ACC0000005856,32921.46,48794.66,65531.55,16184.57,NPR
2026-01-26,ACC0000005857,155966.02,0.0,22006.21,133959.81,NPR
2026-01-26,ACC0000005858,153363.72,0.0,114970.72,38393.0,NPR
2026-01-26,ACC0000005859,228925.93,0.0,51185.31,177740.62,NPR
2026-01-26,ACC0000005860,68973.82,0.0,27279.76,41694.06,NPR
2026-01-26,ACC0000005861,234913.4,0.0,0.0,234913.4,NPR
2026-01-26,ACC0000005862,169579.24,23563.55,0.0,193142.79,NPR
2026-01-26,ACC0000005863,18888.92,0.0,62523.91,-43634.99,NPR
2026-01-26,ACC0000005864,115166.16,92383.17,4267.73,203281.6,NPR
2026-01-26,ACC0000005865,103246.82,0.0,23799.32,79447.5,NPR
2026-01-26,ACC0000005866,60504.53,0.0,40780.23,19724.3,NPR
2026-01-26,ACC0000005867,211076.14,0.0,19284.16,191791.98,NPR
2026-01-26,ACC0000005868,401923.58,23218.2,148291.43,276850.35,NPR
2026-01-26,ACC0000005869,243207.73,0.0,89433.64,153774.09,NPR
2026-01-26,ACC0000005870,341691.55,0.0,0.0,341691.55,NPR
2026-01-26,ACC0000005871,276760.03,0.0,0.0,276760.03,NPR
2026-01-26,ACC0000005872,478608.19,0.0,39081.91,439526.28,NPR
2026-01-26,ACC0000005873,55012.34,36696.66,73833.89,17875.11,NPR
2026-01-26,ACC0000005874,333375.05,89357.39,42947.28,379785.16,NPR
2026-01-26,ACC0000005875,151041.58,0.0,66089.18,84952.4,NPR
2026-01-26,ACC0000005876,448569.28,0.0,0.0,448569.28,NPR
2026-01-26,ACC0000005877,89746.74,0.0,0.0,89746.74,NPR
2026-01-26,ACC0000005878,74248.0,0.0,82793.04,-8545.04,NPR
2026-01-26,ACC0000005879,364126.46,0.0,0.0,364126.46,NPR
2026-01-26,ACC0000005880,457294.62,0.0,41710.73,415583.89,NPR
2026-01-26,ACC0000005881,466032.26,0.0,76001.91,390030.35,NPR
2026-01-26,ACC0000005882,149844.43,0.0,0.0,149844.43,NPR
2026-01-26,ACC0000005883,177333.56,0.0,0.0,177333.56,NPR
2026-01-26,ACC0000005884,30347.83,0.0,0.0,30347.83,NPR
2026-01-26,ACC0000005885,178388.71,45989.27,44317.18,180060.8,NPR
2026-01-26,ACC0000005886,292723.18,39499.23,0.0,332222.41,NPR
2026-01-26,ACC0000005887,401123.04,77476.39,40918.05,437681.38,NPR
2026-01-26,ACC0000005888,245128.32,0.0,29574.59,215553.73,NPR
2026-01-26,ACC0000005889,206797.01,32410.65,0.0,239207.66,NPR
2026-01-26,ACC0000005890,402493.22,0.0,0.0,402493.22,NPR
2026-01-26,ACC0000005891,494833.01,0.0,0.0,494833.01,NPR
2026-01-26,ACC0000005892,28770.99,41759.08,0.0,70530.07,NPR
2026-01-26,ACC0000005893,462939.27,0.0,0.0,462939.27,NPR
2026-01-26,ACC0000005894,452629.83,0.0,69811.99,382817.84,NPR
2026-01-26,ACC0000005895,463911.65,46417.25,96746.29,413582.61,NPR
2026-01-26,ACC0000005896,170399.25,0.0,0.0,170399.25,NPR
2026-01-26,ACC0000005897,233039.34,0.0,84372.77,148666.57,NPR
2026-01-26,ACC0000005898,321215.44,31732.0,88402.64,264544.8,NPR
2026-01-26,ACC0000005899,85457.18,0.0,83102.11,2355.07,NPR
2026-01-26,ACC0000005900,494446.69,0.0,0.0,494446.69,NPR
2026-01-26,ACC0000005901,35054.53,5016.49,54851.29,-14780.27,NPR
2026-01-26,ACC0000005902,47547.51,0.0,0.0,47547.51,NPR
2026-01-26,ACC0000005903,218180.08,0.0,0.0,218180.08,NPR
2026-01-26,ACC0000005904,311176.62,0.0,44678.82,266497.8,NPR
2026-01-26,ACC0000005905,270714.59,0.0,0.0,270714.59,NPR
2026-01-26,ACC0000005906,6492.19,28681.64,17076.9,18096.93,NPR
2026-01-26,ACC0000005907,279446.83,0.0,50969.64,228477.19,NPR
2026-01-26,ACC0000005908,259647.84,39166.41,56655.75,242158.5,NPR
2026-01-26,ACC0000005909,58193.18,0.0,8245.76,49947.42,NPR
2026-01-26,ACC0000005910,216502.97,0.0,45445.36,171057.61,NPR
2026-01-26,ACC0000005911,294458.24,0.0,20964.18,273494.06,NPR
2026-01-26,ACC0000005912,413713.16,0.0,43330.56,370382.6,NPR
2026-01-26,ACC0000005913,435013.47,14470.21,12278.79,437204.89,NPR
2026-01-26,ACC0000005914,465127.49,44069.79,82162.03,427035.25,NPR
2026-01-26,ACC0000005915,195512.7,0.0,112171.3,83341.4,NPR
2026-01-26,ACC0000005916,347453.69,0.0,126084.77,221368.92,NPR
2026-01-26,ACC0000005917,493813.25,0.0,138472.62,355340.63,NPR
2026-01-26,ACC0000005918,351131.26,67620.04,71712.56,347038.74,NPR
2026-01-26,ACC0000005919,335937.52,0.0,0.0,335937.52,NPR
2026-01-26,ACC0000005920,223780.22,75123.68,107227.57,191676.33,NPR
2026-01-26,ACC0000005921,390548.57,0.0,0.0,390548.57,NPR
2026-01-26,ACC0000005922,392744.82,0.0,7064.78,385680.04,NPR
2026-01-26,ACC0000005923,297428.11,0.0,140316.04,157112.07,NPR
2026-01-26,ACC0000005924,428000.02,0.0,71929.78,356070.24,NPR
2026-01-26,ACC0000005925,4273.74,0.0,80636.92,-76363.18,NPR
2026-01-26,ACC0000005926,149892.67,0.0,7834.01,142058.66,NPR
2026-01-26,ACC0000005927,314063.07,0.0,11913.91,302149.16,NPR
2026-01-26,ACC0000005928,388821.86,0.0,10048.6,378773.26,NPR
2026-01-26,ACC0000005929,151264.21,0.0,0.0,151264.21,NPR
2026-01-26,ACC0000005930,365333.33,0.0,31884.1,333449.23,NPR
2026-01-26,ACC0000005931,375857.81,34967.81,31638.24,379187.38,NPR
2026-01-26,ACC0000005932,305029.32,0.0,14522.81,290506.51,NPR
2026-01-26,ACC0000005933,402296.9,20940.66,3393.17,419844.39,NPR
2026-01-26,ACC0000005934,64786.3,0.0,0.0,64786.3,NPR
2026-01-26,ACC0000005935,110964.6,0.0,93562.92,17401.68,NPR
2026-01-26,ACC0000005936,488670.95,0.0,69723.04,418947.91,NPR
2026-01-26,ACC0000005937,101958.0,32879.27,84067.54,50769.73,NPR
2026-01-26,ACC0000005938,119382.88,41333.32,14866.33,145849.87,NPR
2026-01-26,ACC0000005939,441988.49,0.0,48548.13,393440.36,NPR
2026-01-26,ACC0000005940,346520.71,0.0,0.0,346520.71,NPR
2026-01-26,ACC0000005941,388347.59,30712.92,49585.45,369475.06,NPR
2026-01-26,ACC0000005942,444701.36,0.0,87199.19,357502.17,NPR
2026-01-26,ACC0000005943,384026.8,0.0,80663.49,303363.31,NPR
2026-01-26,ACC0000005944,346797.75,49362.94,76193.48,319967.21,NPR
2026-01-26,ACC0000005945,45451.86,5757.0,56471.28,-5262.42,NPR
2026-01-26,ACC0000005946,289129.97,0.0,0.0,289129.97,NPR
2026-01-26,ACC0000005947,138324.24,0.0,23618.51,114705.73,NPR
2026-01-26,ACC0000005948,358393.26,18603.7,4836.93,372160.03,NPR
2026-01-26,ACC0000005949,415485.08,49810.38,22258.42,443037.04,NPR
2026-01-26,ACC0000005950,394040.13,0.0,6804.22,387235.91,NPR
2026-01-26,ACC0000005951,414193.1,0.0,0.0,414193.1,NPR
2026-01-26,ACC0000005952,454450.69,0.0,111208.12,343242.57,NPR
2026-01-26,ACC0000005953,277396.89,0.0,56351.07,221045.82,NPR
2026-01-26,ACC0000005954,435132.2,0.0,37222.52,397909.68,NPR
2026-01-26,ACC0000005955,152214.15,44234.04,51819.26,144628.93,NPR
2026-01-26,ACC0000005956,37126.68,0.0,0.0,37126.68,NPR
2026-01-26,ACC0000005957,232994.99,16029.58,32272.13,216752.44,NPR
2026-01-26,ACC0000005958,281412.79,0.0,0.0,281412.79,NPR
2026-01-26,ACC0000005959,24837.32,25999.15,9889.2,40947.27,NPR
2026-01-26,ACC0000005960,460056.28,0.0,0.0,460056.28,NPR
2026-01-26,ACC0000005961,89667.35,0.0,71063.6,18603.75,NPR
2026-01-26,ACC0000005962,43179.12,54521.02,66102.19,31597.95,NPR
2026-01-26,ACC0000005963,265915.18,0.0,0.0,265915.18,NPR
2026-01-26,ACC0000005964,46876.17,0.0,43913.41,2962.76,NPR
2026-01-26,ACC0000005965,180931.85,0.0,42720.11,138211.74,NPR
2026-01-26,ACC0000005966,456748.03,0.0,0.0,456748.03,NPR
2026-01-26,ACC0000005967,27436.13,0.0,55373.35,-27937.22,NPR
2026-01-26,ACC0000005968,52999.7,65202.93,41157.11,77045.52,NPR
2026-01-26,ACC0000005969,15381.61,0.0,25616.23,-10234.62,NPR
2026-01-26,ACC0000005970,385159.31,0.0,38462.14,346697.17,NPR
2026-01-26,ACC0000005971,20088.68,0.0,50614.39,-30525.71,NPR
2026-01-26,ACC0000005972,394652.8,0.0,0.0,394652.8,NPR
2026-01-26,ACC0000005973,491676.5,0.0,0.0,491676.5,NPR
2026-01-26,ACC0000005974,11443.66,0.0,0.0,11443.66,NPR
2026-01-26,ACC0000005975,47953.05,0.0,37395.33,10557.72,NPR
2026-01-26,ACC0000005976,464634.77,7114.08,27285.58,444463.27,NPR
2026-01-26,ACC0000005977,446812.7,36603.88,22379.08,461037.5,NPR
2026-01-26,ACC0000005978,137994.2,39978.31,98417.28,79555.23,NPR
2026-01-26,ACC0000005979,44037.89,60382.8,49469.8,54950.89,NPR
2026-01-26,ACC0000005980,82230.13,0.0,33828.41,48401.72,NPR
2026-01-26,ACC0000005981,271262.82,0.0,81025.78,190237.04,NPR
2026-01-26,ACC0000005982,62213.54,20414.58,132443.95,-49815.83,NPR
2026-01-26,ACC0000005983,205228.5,0.0,60089.62,145138.88,NPR
2026-01-26,ACC0000005984,499895.44,0.0,69572.94,430322.5,NPR
2026-01-26,ACC0000005985,442460.07,17983.44,47502.83,412940.68,NPR
2026-01-26,ACC0000005986,52517.2,0.0,79306.04,-26788.84,NPR
2026-01-26,ACC0000005987,430945.32,23930.92,0.0,454876.24,NPR
2026-01-26,ACC0000005988,56385.34,0.0,0.0,56385.34,NPR
2026-01-26,ACC0000005989,427314.76,0.0,45524.67,381790.09,NPR
2026-01-26,ACC0000005990,382008.17,0.0,48702.56,333305.61,NPR
2026-01-26,ACC0000005991,108960.41,28737.76,123901.58,13796.59,NPR
2026-01-26,ACC0000005992,164694.92,0.0,0.0,164694.92,NPR
2026-01-26,ACC0000005993,423324.23,0.0,3056.93,420267.3,NPR
2026-01-26,ACC0000005994,439654.32,0.0,66289.06,373365.26,NPR
2026-01-26,ACC0000005995,331283.06,4551.25,65049.7,270784.61,NPR
2026-01-26,ACC0000005996,174802.37,41239.22,72765.25,143276.34,NPR
2026-01-26,ACC0000005997,250684.82,12409.3,0.0,263094.12,NPR
2026-01-26,ACC0000005998,406809.8,26135.71,50270.33,382675.18,NPR
2026-01-26,ACC0000005999,277932.53,0.0,17110.99,260821.54,NPR
2026-01-26,ACC0000006000,7224.59,27740.4,17146.91,17818.08,NPR
2026-01-26,ACC0000006001,94963.79,0.0,79261.17,15702.62,NPR
2026-01-26,ACC0000006002,198611.42,49399.66,109081.97,138929.11,NPR
2026-01-26,ACC0000006003,148778.72,0.0,38721.61,110057.11,NPR
2026-01-26,ACC0000006004,221895.97,0.0,7448.97,214447.0,NPR
2026-01-26,ACC0000006005,253373.23,33594.89,39847.05,247121.07,NPR
2026-01-26,ACC0000006006,281166.97,0.0,0.0,281166.97,NPR
2026-01-26,ACC0000006007,370483.33,0.0,33280.32,337203.01,NPR
2026-01-26,ACC0000006008,212012.73,0.0,14435.53,197577.2,NPR
2026-01-26,ACC0000006009,229541.29,0.0,98526.87,131014.42,NPR
2026-01-26,ACC0000006010,64526.99,0.0,55556.07,8970.92,NPR
2026-01-26,ACC0000006011,413701.58,0.0,32938.28,380763.3,NPR
2026-01-26,ACC0000006012,227352.34,41094.92,13933.79,254513.47,NPR
2026-01-26,ACC0000006013,48799.46,0.0,109947.45,-61147.99,NPR
2026-01-26,ACC0000006014,316021.91,0.0,0.0,316021.91,NPR
2026-01-26,ACC0000006015,378537.94,0.0,0.0,378537.94,NPR
2026-01-26,ACC0000006016,194022.78,0.0,20640.01,173382.77,NPR
2026-01-26,ACC0000006017,490058.92,0.0,0.0,490058.92,NPR
2026-01-26,ACC0000006018,128502.15,0.0,0.0,128502.15,NPR
2026-01-26,ACC0000006019,195592.37,18756.86,70091.24,144257.99,NPR
2026-01-26,ACC0000006020,218309.28,0.0,0.0,218309.28,NPR
2026-01-26,ACC0000006021,77358.3,0.0,74386.25,2972.05,NPR
2026-01-26,ACC0000006022,108751.44,0.0,75104.02,33647.42,NPR
2026-01-26,ACC0000006023,218683.92,0.0,0.0,218683.92,NPR
2026-01-26,ACC0000006024,256076.54,30103.75,68186.39,217993.9,NPR
2026-01-26,ACC0000006025,286966.7,4550.51,59724.08,231793.13,NPR
2026-01-26,ACC0000006026,119919.74,58494.68,7251.63,171162.79,NPR
2026-01-26,ACC0000006027,275672.05,0.0,0.0,275672.05,NPR
2026-01-26,ACC0000006028,71473.34,0.0,0.0,71473.34,NPR
2026-01-26,ACC0000006029,347759.12,0.0,45743.04,302016.08,NPR
2026-01-26,ACC0000006030,20227.06,21240.39,93660.19,-52192.74,NPR
2026-01-26,ACC0000006031,419764.68,22462.33,28485.02,413741.99,NPR
2026-01-26,ACC0000006032,223025.88,0.0,43776.94,179248.94,NPR
2026-01-26,ACC0000006033,243420.6,0.0,90710.17,152710.43,NPR
2026-01-26,ACC0000006034,374373.52,0.0,0.0,374373.52,NPR
2026-01-26,ACC0000006035,384498.25,0.0,13302.31,371195.94,NPR
2026-01-26,ACC0000006036,195771.35,0.0,0.0,195771.35,NPR
2026-01-26,ACC0000006037,151560.05,15931.04,2978.84,164512.25,NPR
2026-01-26,ACC0000006038,157535.01,0.0,31099.16,126435.85,NPR
2026-01-26,ACC0000006039,289537.47,0.0,9443.94,280093.53,NPR
2026-01-26,ACC0000006040,158119.99,0.0,36417.05,121702.94,NPR
2026-01-26,ACC0000006041,227576.88,0.0,0.0,227576.88,NPR
2026-01-26,ACC0000006042,162138.12,0.0,0.0,162138.12,NPR
2026-01-26,ACC0000006043,379128.55,0.0,29940.3,349188.25,NPR
2026-01-26,ACC0000006044,186910.11,0.0,0.0,186910.11,NPR
2026-01-26,ACC0000006045,15837.19,0.0,19264.36,-3427.17,NPR
2026-01-26,ACC0000006046,177416.11,0.0,45845.81,131570.3,NPR
2026-01-26,ACC0000006047,25579.69,0.0,0.0,25579.69,NPR
2026-01-26,ACC0000006048,29054.67,38472.22,95182.06,-27655.17,NPR
2026-01-26,ACC0000006049,416280.98,30972.25,23197.99,424055.24,NPR
2026-01-26,ACC0000006050,481751.59,68642.81,0.0,550394.4,NPR
2026-01-26,ACC0000006051,121073.72,23834.12,118365.13,26542.71,NPR
2026-01-26,ACC0000006052,45804.33,71448.16,67049.2,50203.29,NPR
2026-01-26,ACC0000006053,216984.09,0.0,112198.8,104785.29,NPR
2026-01-26,ACC0000006054,291815.4,0.0,81981.14,209834.26,NPR
2026-01-26,ACC0000006055,424944.77,0.0,0.0,424944.77,NPR
2026-01-26,ACC0000006056,135798.92,29570.56,47534.77,117834.71,NPR
2026-01-26,ACC0000006057,147225.54,0.0,69782.71,77442.83,NPR
2026-01-26,ACC0000006058,285619.82,0.0,617.41,285002.41,NPR
2026-01-26,ACC0000006059,204693.27,0.0,84933.11,119760.16,NPR
2026-01-26,ACC0000006060,158858.11,0.0,0.0,158858.11,NPR
2026-01-26,ACC0000006061,279113.74,15701.85,44420.7,250394.89,NPR
2026-01-26,ACC0000006062,457276.44,0.0,117351.0,339925.44,NPR
2026-01-26,ACC0000006063,172144.64,2410.17,26577.59,147977.22,NPR
2026-01-26,ACC0000006064,248128.9,18201.27,65485.03,200845.14,NPR
2026-01-26,ACC0000006065,462364.79,0.0,0.0,462364.79,NPR
2026-01-26,ACC0000006066,350599.87,0.0,56160.49,294439.38,NPR
2026-01-26,ACC0000006067,499664.16,0.0,0.0,499664.16,NPR
2026-01-26,ACC0000006068,232212.22,0.0,47521.94,184690.28,NPR
2026-01-26,ACC0000006069,362018.53,0.0,0.0,362018.53,NPR
2026-01-26,ACC0000006070,11529.68,17543.62,6162.89,22910.41,NPR
2026-01-26,ACC0000006071,11577.06,44895.23,12242.48,44229.81,NPR
2026-01-26,ACC0000006072,350695.11,0.0,0.0,350695.11,NPR
2026-01-26,ACC0000006073,427214.02,0.0,105388.37,321825.65,NPR
2026-01-26,ACC0000006074,232449.86,42234.8,0.0,274684.66,NPR
2026-01-26,ACC0000006075,243279.93,52624.67,15029.13,280875.47,NPR
2026-01-26,ACC0000006076,231843.31,0.0,129918.13,101925.18,NPR
2026-01-26,ACC0000006077,133538.3,0.0,99538.37,33999.93,NPR
2026-01-26,ACC0000006078,63204.47,27031.4,23995.36,66240.51,NPR
2026-01-26,ACC0000006079,260742.24,47485.3,43989.84,264237.7,NPR
2026-01-26,ACC0000006080,84198.29,7281.29,88696.79,2782.79,NPR
2026-01-26,ACC0000006081,176804.2,0.0,0.0,176804.2,NPR
2026-01-26,ACC0000006082,333569.74,27230.56,94114.16,266686.14,NPR
2026-01-26,ACC0000006083,445615.26,0.0,0.0,445615.26,NPR
2026-01-26,ACC0000006084,260258.54,0.0,0.0,260258.54,NPR
2026-01-26,ACC0000006085,173285.63,0.0,59174.74,114110.89,NPR
2026-01-26,ACC0000006086,106176.77,0.0,90248.81,15927.96,NPR
2026-01-26,ACC0000006087,357845.2,0.0,0.0,357845.2,NPR
2026-01-26,ACC0000006088,433702.46,0.0,83350.58,350351.88,NPR
2026-01-26,ACC0000006089,141299.85,0.0,32491.9,108807.95,NPR
2026-01-26,ACC0000006090,327627.12,0.0,39206.41,288420.71,NPR
2026-01-26,ACC0000006091,240514.55,0.0,209746.87,30767.68,NPR
2026-01-26,ACC0000006092,426087.93,0.0,37347.0,388740.93,NPR
2026-01-26,ACC0000006093,411050.0,0.0,0.0,411050.0,NPR
2026-01-26,ACC0000006094,377809.27,0.0,52873.51,324935.76,NPR
2026-01-26,ACC0000006095,462759.53,42663.74,4570.75,500852.52,NPR
2026-01-26,ACC0000006096,115544.09,85222.49,248098.53,-47331.95,NPR
2026-01-26,ACC0000006097,307443.29,0.0,39827.26,267616.03,NPR
2026-01-26,ACC0000006098,33212.86,0.0,73703.83,-40490.97,NPR
2026-01-26,ACC0000006099,255786.09,0.0,0.0,255786.09,NPR
2026-01-26,ACC0000006100,374679.98,0.0,0.0,374679.98,NPR
2026-01-26,ACC0000006101,429390.85,0.0,132224.95,297165.9,NPR
2026-01-26,ACC0000006102,130815.16,25519.04,0.0,156334.2,NPR
2026-01-26,ACC0000006103,63537.32,0.0,34245.5,29291.82,NPR
2026-01-26,ACC0000006104,82420.31,0.0,0.0,82420.31,NPR
2026-01-26,ACC0000006105,382135.06,0.0,148765.83,233369.23,NPR
2026-01-26,ACC0000006106,197997.76,51841.97,139.65,249700.08,NPR
2026-01-26,ACC0000006107,204882.34,0.0,63558.55,141323.79,NPR
2026-01-26,ACC0000006108,115051.63,68386.21,122429.71,61008.13,NPR
2026-01-26,ACC0000006109,88339.67,0.0,105924.4,-17584.73,NPR
2026-01-26,ACC0000006110,149267.74,0.0,0.0,149267.74,NPR
2026-01-26,ACC0000006111,16539.72,27198.14,4635.99,39101.87,NPR
2026-01-26,ACC0000006112,134512.85,17017.25,29066.3,122463.8,NPR
2026-01-26,ACC0000006113,94787.86,0.0,0.0,94787.86,NPR
2026-01-26,ACC0000006114,457233.08,0.0,0.0,457233.08,NPR
2026-01-26,ACC0000006115,284164.85,11411.45,75355.16,220221.14,NPR
2026-01-26,ACC0000006116,104295.0,0.0,72204.14,32090.86,NPR
2026-01-26,ACC0000006117,66309.65,0.0,58255.74,8053.91,NPR
2026-01-26,ACC0000006118,344315.43,21604.53,142595.14,223324.82,NPR
2026-01-26,ACC0000006119,372283.49,0.0,9638.86,362644.63,NPR
2026-01-26,ACC0000006120,467850.24,0.0,0.0,467850.24,NPR
2026-01-26,ACC0000006121,139098.58,0.0,0.0,139098.58,NPR
2026-01-26,ACC0000006122,157174.75,0.0,21080.91,136093.84,NPR
2026-01-26,ACC0000006123,50558.48,0.0,21575.31,28983.17,NPR
2026-01-26,ACC0000006124,314717.17,0.0,37587.54,277129.63,NPR
2026-01-26,ACC0000006125,18565.76,28599.57,16310.57,30854.76,NPR
2026-01-26,ACC0000006126,241748.31,0.0,0.0,241748.31,NPR
2026-01-26,ACC0000006127,16423.4,0.0,0.0,16423.4,NPR
2026-01-26,ACC0000006128,157155.84,0.0,0.0,157155.84,NPR
2026-01-26,ACC0000006129,116928.88,0.0,58700.9,58227.98,NPR
2026-01-26,ACC0000006130,39177.57,27645.88,101328.34,-34504.89,NPR
2026-01-26,ACC0000006131,161496.7,0.0,75151.35,86345.35,NPR
2026-01-26,ACC0000006132,226342.19,40215.35,57733.62,208823.92,NPR
2026-01-26,ACC0000006133,165282.06,0.0,26557.71,138724.35,NPR
2026-01-26,ACC0000006134,493052.82,0.0,39829.28,453223.54,NPR
2026-01-26,ACC0000006135,365559.8,45936.66,0.0,411496.46,NPR
2026-01-26,ACC0000006136,207228.57,32223.63,0.0,239452.2,NPR
2026-01-26,ACC0000006137,311170.9,0.0,108205.6,202965.3,NPR
2026-01-26,ACC0000006138,342085.8,0.0,36968.35,305117.45,NPR
2026-01-26,ACC0000006139,16813.73,0.0,0.0,16813.73,NPR
2026-01-26,ACC0000006140,305497.78,49108.67,23800.95,330805.5,NPR
2026-01-26,ACC0000006141,29405.83,20189.5,40628.14,8967.19,NPR
2026-01-26,ACC0000006142,163601.67,27080.41,89446.38,101235.7,NPR
2026-01-26,ACC0000006143,142282.95,31818.03,29894.93,144206.05,NPR
2026-01-26,ACC0000006144,477232.6,0.0,112647.29,364585.31,NPR
2026-01-26,ACC0000006145,4584.6,0.0,99758.02,-95173.42,NPR
2026-01-26,ACC0000006146,141253.98,22423.55,19711.28,143966.25,NPR
2026-01-26,ACC0000006147,395030.15,0.0,0.0,395030.15,NPR
2026-01-26,ACC0000006148,485750.1,0.0,0.0,485750.1,NPR
2026-01-26,ACC0000006149,23330.06,0.0,45789.3,-22459.24,NPR
2026-01-26,ACC0000006150,239189.21,34273.45,13571.47,259891.19,NPR
2026-01-26,ACC0000006151,443934.98,28636.99,49123.43,423448.54,NPR
2026-01-26,ACC0000006152,266348.01,0.0,0.0,266348.01,NPR
2026-01-26,ACC0000006153,147588.25,0.0,34736.9,112851.35,NPR
2026-01-26,ACC0000006154,343268.87,0.0,16878.91,326389.96,NPR
2026-01-26,ACC0000006155,87493.03,0.0,0.0,87493.03,NPR
2026-01-26,ACC0000006156,250590.97,0.0,8483.76,242107.21,NPR
2026-01-26,ACC0000006157,212287.73,0.0,15048.42,197239.31,NPR
2026-01-26,ACC0000006158,14399.91,17750.46,55717.29,-23566.92,NPR
2026-01-26,ACC0000006159,483081.42,0.0,36926.09,446155.33,NPR
2026-01-26,ACC0000006160,208645.76,0.0,0.0,208645.76,NPR
2026-01-26,ACC0000006161,126733.76,0.0,75924.23,50809.53,NPR
2026-01-26,ACC0000006162,285414.39,0.0,0.0,285414.39,NPR
2026-01-26,ACC0000006163,80355.19,0.0,44972.45,35382.74,NPR
2026-01-26,ACC0000006164,129428.14,34269.26,100033.22,63664.18,NPR
2026-01-26,ACC0000006165,205674.95,0.0,45885.26,159789.69,NPR
2026-01-26,ACC0000006166,474125.17,0.0,52444.35,421680.82,NPR
2026-01-26,ACC0000006167,402194.17,0.0,8752.63,393441.54,NPR
2026-01-26,ACC0000006168,355905.56,79587.71,7764.99,427728.28,NPR
2026-01-26,ACC0000006169,14141.24,9331.18,98457.98,-74985.56,NPR
2026-01-26,ACC0000006170,74521.6,52601.04,28194.25,98928.39,NPR
2026-01-26,ACC0000006171,303615.66,0.0,0.0,303615.66,NPR
2026-01-26,ACC0000006172,48586.87,0.0,81583.63,-32996.76,NPR
2026-01-26,ACC0000006173,284502.6,27678.78,49518.5,262662.88,NPR
2026-01-26,ACC0000006174,250419.07,0.0,79995.53,170423.54,NPR
2026-01-26,ACC0000006175,85076.22,48030.43,66800.8,66305.85,NPR
2026-01-26,ACC0000006176,367268.73,38467.72,11017.62,394718.83,NPR
2026-01-26,ACC0000006177,386762.92,43293.87,20091.01,409965.78,NPR
2026-01-26,ACC0000006178,401722.49,0.0,8242.98,393479.51,NPR
2026-01-26,ACC0000006179,57614.29,0.0,0.0,57614.29,NPR
2026-01-26,ACC0000006180,247865.01,0.0,0.0,247865.01,NPR
2026-01-26,ACC0000006181,394113.97,0.0,12856.65,381257.32,NPR
2026-01-26,ACC0000006182,327321.71,13812.32,63031.19,278102.84,NPR
2026-01-26,ACC0000006183,199131.25,38168.65,43880.55,193419.35,NPR
2026-01-26,ACC0000006184,282915.91,0.0,71686.58,211229.33,NPR
2026-01-26,ACC0000006185,99295.05,0.0,67379.08,31915.97,NPR
2026-01-26,ACC0000006186,438891.5,0.0,0.0,438891.5,NPR
2026-01-26,ACC0000006187,232506.05,22309.09,0.0,254815.14,NPR
2026-01-26,ACC0000006188,397522.43,0.0,0.0,397522.43,NPR
2026-01-26,ACC0000006189,132254.65,0.0,0.0,132254.65,NPR
2026-01-26,ACC0000006190,373478.34,0.0,0.0,373478.34,NPR
2026-01-26,ACC0000006191,419204.61,0.0,13455.64,405748.97,NPR
2026-01-26,ACC0000006192,464745.2,32773.87,77070.77,420448.3,NPR
2026-01-26,ACC0000006193,90459.28,0.0,57604.32,32854.96,NPR
2026-01-26,ACC0000006194,120012.24,0.0,55800.41,64211.83,NPR
2026-01-26,ACC0000006195,347808.23,0.0,102763.14,245045.09,NPR
2026-01-26,ACC0000006196,295561.23,28383.35,0.0,323944.58,NPR
2026-01-26,ACC0000006197,24312.09,0.0,0.0,24312.09,NPR
2026-01-26,ACC0000006198,44078.72,0.0,99948.17,-55869.45,NPR
2026-01-26,ACC0000006199,54850.66,0.0,71091.58,-16240.92,NPR
2026-01-26,ACC0000006200,14031.07,16112.77,61660.42,-31516.58,NPR
2026-01-26,ACC0000006201,279585.57,0.0,79091.51,200494.06,NPR
2026-01-26,ACC0000006202,119619.61,0.0,89097.22,30522.39,NPR
2026-01-26,ACC0000006203,269115.07,0.0,44779.59,224335.48,NPR
2026-01-26,ACC0000006204,291698.01,0.0,0.0,291698.01,NPR
2026-01-26,ACC0000006205,221633.66,26157.88,58732.87,189058.67,NPR
2026-01-26,ACC0000006206,115459.1,41757.89,15773.21,141443.78,NPR
2026-01-26,ACC0000006207,442310.5,0.0,0.0,442310.5,NPR
2026-01-26,ACC0000006208,347831.36,0.0,29494.89,318336.47,NPR
2026-01-26,ACC0000006209,408008.07,0.0,0.0,408008.07,NPR
2026-01-26,ACC0000006210,278136.47,0.0,49884.57,228251.9,NPR
2026-01-26,ACC0000006211,103647.89,0.0,0.0,103647.89,NPR
2026-01-26,ACC0000006212,15940.02,0.0,0.0,15940.02,NPR
2026-01-26,ACC0000006213,330401.33,0.0,0.0,330401.33,NPR
2026-01-26,ACC0000006214,311859.03,44159.55,21720.85,334297.73,NPR
2026-01-26,ACC0000006215,363654.9,0.0,103080.02,260574.88,NPR
2026-01-26,ACC0000006216,258157.82,0.0,34297.63,223860.19,NPR
2026-01-26,ACC0000006217,151765.86,0.0,44507.79,107258.07,NPR
2026-01-26,ACC0000006218,350625.24,0.0,0.0,350625.24,NPR
2026-01-26,ACC0000006219,97508.19,41737.43,61383.93,77861.69,NPR
2026-01-26,ACC0000006220,227263.37,0.0,0.0,227263.37,NPR
2026-01-26,ACC0000006221,15294.23,0.0,0.0,15294.23,NPR
2026-01-26,ACC0000006222,223739.79,0.0,0.0,223739.79,NPR
2026-01-26,ACC0000006223,433419.84,43595.54,3555.49,473459.89,NPR
2026-01-26,ACC0000006224,184785.02,0.0,32819.99,151965.03,NPR
2026-01-26,ACC0000006225,331825.31,17050.49,88822.27,260053.53,NPR
2026-01-26,ACC0000006226,301337.04,47528.9,92371.57,256494.37,NPR
2026-01-26,ACC0000006227,439469.87,0.0,118988.62,320481.25,NPR
2026-01-26,ACC0000006228,464358.83,0.0,0.0,464358.83,NPR
2026-01-26,ACC0000006229,13095.36,0.0,42564.36,-29469.0,NPR
2026-01-26,ACC0000006230,442309.99,0.0,49538.14,392771.85,NPR
2026-01-26,ACC0000006231,330624.83,0.0,64347.17,266277.66,NPR
2026-01-26,ACC0000006232,228342.91,0.0,0.0,228342.91,NPR
2026-01-26,ACC0000006233,63383.19,0.0,0.0,63383.19,NPR
2026-01-26,ACC0000006234,475362.98,0.0,29780.4,445582.58,NPR
2026-01-26,ACC0000006235,456832.23,8450.02,14574.94,450707.31,NPR
2026-01-26,ACC0000006236,462413.53,0.0,118740.42,343673.11,NPR
2026-01-26,ACC0000006237,245788.1,0.0,47497.42,198290.68,NPR
2026-01-26,ACC0000006238,21476.97,0.0,83746.37,-62269.4,NPR
2026-01-26,ACC0000006239,215407.83,0.0,67259.39,148148.44,NPR
2026-01-26,ACC0000006240,105675.91,5338.27,0.0,111014.18,NPR
2026-01-26,ACC0000006241,152765.07,0.0,48886.14,103878.93,NPR
2026-01-26,ACC0000006242,147020.17,0.0,31479.26,115540.91,NPR
2026-01-26,ACC0000006243,362581.82,9125.4,0.0,371707.22,NPR
2026-01-26,ACC0000006244,379608.64,794.92,0.0,380403.56,NPR
2026-01-26,ACC0000006245,413752.53,0.0,78943.66,334808.87,NPR
2026-01-26,ACC0000006246,254512.32,0.0,0.0,254512.32,NPR
2026-01-26,ACC0000006247,322437.15,20676.44,0.0,343113.59,NPR
2026-01-26,ACC0000006248,58978.69,0.0,0.0,58978.69,NPR
2026-01-26,ACC0000006249,117712.01,0.0,71247.35,46464.66,NPR
2026-01-26,ACC0000006250,246573.42,0.0,0.0,246573.42,NPR
2026-01-26,ACC0000006251,362982.68,0.0,45102.92,317879.76,NPR
2026-01-26,ACC0000006252,226681.53,17847.04,46761.75,197766.82,NPR
2026-01-26,ACC0000006253,122282.11,41101.83,27500.76,135883.18,NPR
2026-01-26,ACC0000006254,215711.33,0.0,0.0,215711.33,NPR
2026-01-26,ACC0000006255,303639.38,34295.58,33357.97,304576.99,NPR
2026-01-26,ACC0000006256,320485.66,31423.01,65978.29,285930.38,NPR
2026-01-26,ACC0000006257,284769.07,0.0,0.0,284769.07,NPR
2026-01-26,ACC0000006258,120571.95,0.0,0.0,120571.95,NPR
2026-01-26,ACC0000006259,396583.47,41338.37,68191.51,369730.33,NPR
2026-01-26,ACC0000006260,180284.7,0.0,61050.53,119234.17,NPR
2026-01-26,ACC0000006261,1652.73,21575.84,0.0,23228.57,NPR
2026-01-26,ACC0000006262,170983.42,0.0,36690.75,134292.67,NPR
2026-01-26,ACC0000006263,75803.03,0.0,0.0,75803.03,NPR
2026-01-26,ACC0000006264,198593.47,91978.69,50663.84,239908.32,NPR
2026-01-26,ACC0000006265,445850.65,32319.3,77663.09,400506.86,NPR
2026-01-26,ACC0000006266,249046.77,0.0,0.0,249046.77,NPR
2026-01-26,ACC0000006267,93053.86,0.0,0.0,93053.86,NPR
2026-01-26,ACC0000006268,4688.14,0.0,14108.29,-9420.15,NPR
2026-01-26,ACC0000006269,486188.76,19688.75,91742.43,414135.08,NPR
2026-01-26,ACC0000006270,58283.81,0.0,25603.31,32680.5,NPR
2026-01-26,ACC0000006271,280326.74,27257.03,92650.76,214933.01,NPR
2026-01-26,ACC0000006272,421622.21,0.0,0.0,421622.21,NPR
2026-01-26,ACC0000006273,304260.2,48680.39,55154.66,297785.93,NPR
2026-01-26,ACC0000006274,44883.3,0.0,30859.37,14023.93,NPR
2026-01-26,ACC0000006275,324878.98,8439.05,150612.99,182705.04,NPR
2026-01-26,ACC0000006276,69499.87,0.0,25258.69,44241.18,NPR
2026-01-26,ACC0000006277,381170.25,0.0,77758.42,303411.83,NPR
2026-01-26,ACC0000006278,285143.7,31752.52,50846.81,266049.41,NPR
2026-01-26,ACC0000006279,393455.14,0.0,40835.53,352619.61,NPR
2026-01-26,ACC0000006280,145906.24,0.0,0.0,145906.24,NPR
2026-01-26,ACC0000006281,38052.92,0.0,66051.76,-27998.84,NPR
2026-01-26,ACC0000006282,382097.34,44443.38,54098.36,372442.36,NPR
2026-01-26,ACC0000006283,481253.38,0.0,592.62,480660.76,NPR
2026-01-26,ACC0000006284,302006.06,0.0,29082.31,272923.75,NPR
2026-01-26,ACC0000006285,234310.81,0.0,38913.28,195397.53,NPR
2026-01-26,ACC0000006286,464362.78,12763.0,68976.06,408149.72,NPR
2026-01-26,ACC0000006287,5977.73,0.0,0.0,5977.73,NPR
2026-01-26,ACC0000006288,25837.96,0.0,0.0,25837.96,NPR
2026-01-26,ACC0000006289,92621.77,0.0,67666.88,24954.89,NPR
2026-01-26,ACC0000006290,183953.69,0.0,0.0,183953.69,NPR
2026-01-26,ACC0000006291,432963.64,0.0,9886.85,423076.79,NPR
2026-01-26,ACC0000006292,159862.03,15048.23,15526.17,159384.09,NPR
2026-01-26,ACC0000006293,406260.38,0.0,0.0,406260.38,NPR
2026-01-26,ACC0000006294,122451.91,12122.42,30530.57,104043.76,NPR
2026-01-26,ACC0000006295,165795.53,0.0,84000.05,81795.48,NPR
2026-01-26,ACC0000006296,390741.33,0.0,0.0,390741.33,NPR
2026-01-26,ACC0000006297,389256.73,0.0,35027.75,354228.98,NPR
2026-01-26,ACC0000006298,66442.22,11741.58,27304.43,50879.37,NPR
2026-01-26,ACC0000006299,85418.79,0.0,69023.24,16395.55,NPR
2026-01-26,ACC0000006300,124074.52,0.0,25002.77,99071.75,NPR
2026-01-26,ACC0000006301,368398.53,0.0,110137.88,258260.65,NPR
2026-01-26,ACC0000006302,293880.98,0.0,28711.28,265169.7,NPR
2026-01-26,ACC0000006303,235700.16,0.0,72562.28,163137.88,NPR
2026-01-26,ACC0000006304,385652.86,0.0,65882.01,319770.85,NPR
2026-01-26,ACC0000006305,372757.74,0.0,113665.4,259092.34,NPR
2026-01-26,ACC0000006306,1005.37,0.0,23022.8,-22017.43,NPR
2026-01-26,ACC0000006307,10191.28,33436.55,0.0,43627.83,NPR
2026-01-26,ACC0000006308,89167.42,0.0,57966.82,31200.6,NPR
2026-01-26,ACC0000006309,25553.42,0.0,40807.87,-15254.45,NPR
2026-01-26,ACC0000006310,186252.65,0.0,0.0,186252.65,NPR
2026-01-26,ACC0000006311,393556.77,0.0,29560.62,363996.15,NPR
2026-01-26,ACC0000006312,208073.52,0.0,92844.74,115228.78,NPR
2026-01-26,ACC0000006313,113086.38,0.0,0.0,113086.38,NPR
2026-01-26,ACC0000006314,45558.2,0.0,0.0,45558.2,NPR
2026-01-26,ACC0000006315,17112.95,24335.71,4230.28,37218.38,NPR
2026-01-26,ACC0000006316,204828.42,8568.08,133459.41,79937.09,NPR
2026-01-26,ACC0000006317,103937.17,0.0,76219.33,27717.84,NPR
2026-01-26,ACC0000006318,307182.13,0.0,19042.14,288139.99,NPR
2026-01-26,ACC0000006319,110821.7,44319.7,66332.69,88808.71,NPR
2026-01-26,ACC0000006320,62679.9,0.0,15503.38,47176.52,NPR
2026-01-26,ACC0000006321,23888.01,0.0,91645.09,-67757.08,NPR
2026-01-26,ACC0000006322,335214.74,0.0,28363.62,306851.12,NPR
2026-01-26,ACC0000006323,72787.93,0.0,38361.01,34426.92,NPR
2026-01-26,ACC0000006324,134816.34,0.0,123081.41,11734.93,NPR
2026-01-26,ACC0000006325,49523.96,0.0,8034.2,41489.76,NPR
2026-01-26,ACC0000006326,445475.96,0.0,32305.22,413170.74,NPR
2026-01-26,ACC0000006327,468120.26,5425.73,85977.44,387568.55,NPR
2026-01-26,ACC0000006328,334514.84,0.0,49341.97,285172.87,NPR
2026-01-26,ACC0000006329,326826.49,32402.14,91762.83,267465.8,NPR
2026-01-26,ACC0000006330,435563.09,0.0,0.0,435563.09,NPR
2026-01-26,ACC0000006331,487776.74,72299.66,90892.12,469184.28,NPR
2026-01-26,ACC0000006332,217128.15,18048.22,55191.29,179985.08,NPR
2026-01-26,ACC0000006333,137644.73,0.0,41263.46,96381.27,NPR
2026-01-26,ACC0000006334,345176.13,0.0,75283.21,269892.92,NPR
2026-01-26,ACC0000006335,174254.2,0.0,0.0,174254.2,NPR
2026-01-26,ACC0000006336,122712.43,0.0,0.0,122712.43,NPR
2026-01-26,ACC0000006337,60546.33,0.0,0.0,60546.33,NPR
2026-01-26,ACC0000006338,246907.66,47190.68,34952.48,259145.86,NPR
2026-01-26,ACC0000006339,71307.95,0.0,0.0,71307.95,NPR
2026-01-26,ACC0000006340,115660.15,0.0,139347.68,-23687.53,NPR
2026-01-26,ACC0000006341,35241.14,0.0,49528.53,-14287.39,NPR
2026-01-26,ACC0000006342,103972.41,0.0,38595.21,65377.2,NPR
2026-01-26,ACC0000006343,447616.67,0.0,135311.9,312304.77,NPR
2026-01-26,ACC0000006344,318872.8,0.0,15205.13,303667.67,NPR
2026-01-26,ACC0000006345,68872.68,0.0,17407.92,51464.76,NPR
2026-01-26,ACC0000006346,453160.13,0.0,220.85,452939.28,NPR
2026-01-26,ACC0000006347,358505.25,84124.03,42738.38,399890.9,NPR
2026-01-26,ACC0000006348,180934.21,0.0,0.0,180934.21,NPR
2026-01-26,ACC0000006349,425004.21,0.0,85841.81,339162.4,NPR
2026-01-26,ACC0000006350,183071.9,49374.54,8426.02,224020.42,NPR
2026-01-26,ACC0000006351,296911.01,15337.61,63141.95,249106.67,NPR
2026-01-26,ACC0000006352,274143.5,3597.19,0.0,277740.69,NPR
2026-01-26,ACC0000006353,51794.67,0.0,2254.64,49540.03,NPR
2026-01-26,ACC0000006354,415947.07,0.0,33679.88,382267.19,NPR
2026-01-26,ACC0000006355,213552.41,0.0,126823.35,86729.06,NPR
2026-01-26,ACC0000006356,16339.94,0.0,99890.67,-83550.73,NPR
2026-01-26,ACC0000006357,464392.16,0.0,150820.91,313571.25,NPR
2026-01-26,ACC0000006358,198768.97,0.0,54628.54,144140.43,NPR
2026-01-26,ACC0000006359,166368.81,35750.7,82312.24,119807.27,NPR
2026-01-26,ACC0000006360,387500.85,0.0,0.0,387500.85,NPR
2026-01-26,ACC0000006361,28789.1,0.0,63252.96,-34463.86,NPR
2026-01-26,ACC0000006362,455309.35,246.1,0.0,455555.45,NPR
2026-01-26,ACC0000006363,174912.09,0.0,0.0,174912.09,NPR
2026-01-26,ACC0000006364,272372.18,0.0,70380.83,201991.35,NPR
2026-01-26,ACC0000006365,196727.71,28138.23,24811.03,200054.91,NPR
2026-01-26,ACC0000006366,30375.76,0.0,89140.02,-58764.26,NPR
2026-01-26,ACC0000006367,299937.04,0.0,123029.8,176907.24,NPR
2026-01-26,ACC0000006368,434109.48,0.0,21854.93,412254.55,NPR
2026-01-26,ACC0000006369,124909.3,51772.44,26509.39,150172.35,NPR
2026-01-26,ACC0000006370,59616.98,0.0,46532.25,13084.73,NPR
2026-01-26,ACC0000006371,289113.26,0.0,8470.59,280642.67,NPR
2026-01-26,ACC0000006372,304890.35,14511.86,0.0,319402.21,NPR
2026-01-26,ACC0000006373,52935.63,0.0,159846.08,-106910.45,NPR
2026-01-26,ACC0000006374,11835.77,0.0,46164.23,-34328.46,NPR
2026-01-26,ACC0000006375,471812.68,26441.79,29920.89,468333.58,NPR
2026-01-26,ACC0000006376,25199.33,0.0,0.0,25199.33,NPR
2026-01-26,ACC0000006377,67012.49,0.0,92666.94,-25654.45,NPR
2026-01-26,ACC0000006378,201337.08,60544.91,110637.47,151244.52,NPR
2026-01-26,ACC0000006379,161423.84,0.0,105754.71,55669.13,NPR
2026-01-26,ACC0000006380,375874.54,0.0,45357.83,330516.71,NPR
2026-01-26,ACC0000006381,304739.3,0.0,0.0,304739.3,NPR
2026-01-26,ACC0000006382,136716.79,0.0,72877.56,63839.23,NPR
2026-01-26,ACC0000006383,287614.15,0.0,28468.51,259145.64,NPR
2026-01-26,ACC0000006384,42797.57,28546.53,97505.94,-26161.84,NPR
2026-01-26,ACC0000006385,7499.51,27891.56,62968.15,-27577.08,NPR
2026-01-26,ACC0000006386,125201.04,0.0,41286.38,83914.66,NPR
2026-01-26,ACC0000006387,394397.32,38500.05,97976.57,334920.8,NPR
2026-01-26,ACC0000006388,307300.5,0.0,41216.16,266084.34,NPR
2026-01-26,ACC0000006389,213675.29,0.0,21552.27,192123.02,NPR
2026-01-26,ACC0000006390,298038.74,0.0,185028.02,113010.72,NPR
2026-01-26,ACC0000006391,145365.87,0.0,33267.28,112098.59,NPR
2026-01-26,ACC0000006392,179728.12,37401.26,17157.17,199972.21,NPR
2026-01-26,ACC0000006393,488953.55,0.0,0.0,488953.55,NPR
2026-01-26,ACC0000006394,258286.15,0.0,0.0,258286.15,NPR
2026-01-26,ACC0000006395,95953.81,0.0,55771.18,40182.63,NPR
2026-01-26,ACC0000006396,157465.85,5483.67,25787.7,137161.82,NPR
2026-01-26,ACC0000006397,147358.67,0.0,0.0,147358.67,NPR
2026-01-26,ACC0000006398,31974.88,0.0,0.0,31974.88,NPR
2026-01-26,ACC0000006399,369060.89,0.0,82785.57,286275.32,NPR
2026-01-26,ACC0000006400,140723.14,83938.68,98486.51,126175.31,NPR
2026-01-26,ACC0000006401,397866.81,0.0,0.0,397866.81,NPR
2026-01-26,ACC0000006402,426293.05,0.0,39668.3,386624.75,NPR
2026-01-26,ACC0000006403,288593.87,0.0,62441.09,226152.78,NPR
2026-01-26,ACC0000006404,78111.31,0.0,44175.35,33935.96,NPR
2026-01-26,ACC0000006405,310380.42,0.0,46780.91,263599.51,NPR
2026-01-26,ACC0000006406,43623.5,0.0,33180.56,10442.94,NPR
2026-01-26,ACC0000006407,262487.46,0.0,0.0,262487.46,NPR
2026-01-26,ACC0000006408,252636.55,0.0,0.0,252636.55,NPR
2026-01-26,ACC0000006409,259357.57,0.0,65703.94,193653.63,NPR
2026-01-26,ACC0000006410,475896.86,37937.39,45284.99,468549.26,NPR
2026-01-26,ACC0000006411,59001.41,0.0,3457.64,55543.77,NPR
2026-01-26,ACC0000006412,290055.2,44473.36,40931.12,293597.44,NPR
2026-01-26,ACC0000006413,365165.27,29988.07,57000.31,338153.03,NPR
2026-01-26,ACC0000006414,459323.41,29544.51,75205.98,413661.94,NPR
2026-01-26,ACC0000006415,375230.28,0.0,18316.75,356913.53,NPR
2026-01-26,ACC0000006416,238520.06,17429.95,26231.45,229718.56,NPR
2026-01-26,ACC0000006417,241490.12,37362.16,70022.93,208829.35,NPR
2026-01-26,ACC0000006418,362005.78,15924.42,85455.82,292474.38,NPR
2026-01-26,ACC0000006419,91897.8,0.0,0.0,91897.8,NPR
2026-01-26,ACC0000006420,414413.58,0.0,0.0,414413.58,NPR
2026-01-26,ACC0000006421,266157.84,0.0,74843.95,191313.89,NPR
2026-01-26,ACC0000006422,160578.83,17000.35,62664.54,114914.64,NPR
2026-01-26,ACC0000006423,86396.63,0.0,14910.39,71486.24,NPR
2026-01-26,ACC0000006424,333706.91,0.0,0.0,333706.91,NPR
2026-01-26,ACC0000006425,175891.72,0.0,91328.77,84562.95,NPR
2026-01-26,ACC0000006426,397413.5,0.0,58342.14,339071.36,NPR
2026-01-26,ACC0000006427,172694.9,0.0,16941.2,155753.7,NPR
2026-01-26,ACC0000006428,273333.3,0.0,43135.84,230197.46,NPR
2026-01-26,ACC0000006429,462766.19,0.0,20544.7,442221.49,NPR
2026-01-26,ACC0000006430,285755.44,0.0,16789.47,268965.97,NPR
2026-01-26,ACC0000006431,286134.1,0.0,0.0,286134.1,NPR
2026-01-26,ACC0000006432,467554.78,0.0,0.0,467554.78,NPR
2026-01-26,ACC0000006433,144402.95,0.0,9176.91,135226.04,NPR
2026-01-26,ACC0000006434,328340.07,29929.93,153247.97,205022.03,NPR
2026-01-26,ACC0000006435,192432.67,0.0,15214.61,177218.06,NPR
2026-01-26,ACC0000006436,475449.08,0.0,38610.8,436838.28,NPR
2026-01-26,ACC0000006437,202612.74,0.0,50187.3,152425.44,NPR
2026-01-26,ACC0000006438,170409.85,31867.05,11545.11,190731.79,NPR
2026-01-26,ACC0000006439,354042.63,0.0,24302.33,329740.3,NPR
2026-01-26,ACC0000006440,426536.47,46354.34,29265.03,443625.78,NPR
2026-01-26,ACC0000006441,248235.32,0.0,17532.73,230702.59,NPR
2026-01-26,ACC0000006442,69347.63,0.0,10280.11,59067.52,NPR
2026-01-26,ACC0000006443,257831.03,7402.4,12594.02,252639.41,NPR
2026-01-26,ACC0000006444,56607.93,49689.06,39537.61,66759.38,NPR
2026-01-26,ACC0000006445,407189.61,26354.34,84211.64,349332.31,NPR
2026-01-26,ACC0000006446,430344.81,0.0,5919.02,424425.79,NPR
2026-01-26,ACC0000006447,324975.99,0.0,0.0,324975.99,NPR
2026-01-26,ACC0000006448,66086.77,0.0,136467.85,-70381.08,NPR
2026-01-26,ACC0000006449,326293.19,49962.37,90588.7,285666.86,NPR
2026-01-26,ACC0000006450,370741.76,0.0,132226.34,238515.42,NPR
2026-01-26,ACC0000006451,142046.41,0.0,0.0,142046.41,NPR
2026-01-26,ACC0000006452,69803.91,0.0,0.0,69803.91,NPR
2026-01-26,ACC0000006453,87038.93,0.0,0.0,87038.93,NPR
2026-01-26,ACC0000006454,67180.74,4108.37,1697.97,69591.14,NPR
2026-01-26,ACC0000006455,133854.17,47919.68,0.0,181773.85,NPR
2026-01-26,ACC0000006456,231053.78,0.0,57647.76,173406.02,NPR
2026-01-26,ACC0000006457,50054.8,7369.26,80454.73,-23030.67,NPR
2026-01-26,ACC0000006458,415582.98,0.0,34168.69,381414.29,NPR
2026-01-26,ACC0000006459,97196.19,0.0,34827.71,62368.48,NPR
2026-01-26,ACC0000006460,238938.52,24224.92,97527.1,165636.34,NPR
2026-01-26,ACC0000006461,147603.9,0.0,62089.01,85514.89,NPR
2026-01-26,ACC0000006462,22136.5,0.0,84465.3,-62328.8,NPR
2026-01-26,ACC0000006463,83218.46,16165.37,81749.04,17634.79,NPR
2026-01-26,ACC0000006464,403818.99,0.0,0.0,403818.99,NPR
2026-01-26,ACC0000006465,74197.99,0.0,35012.45,39185.54,NPR
2026-01-26,ACC0000006466,371782.19,0.0,0.0,371782.19,NPR
2026-01-26,ACC0000006467,370343.16,0.0,39795.26,330547.9,NPR
2026-01-26,ACC0000006468,279380.27,0.0,18638.32,260741.95,NPR
2026-01-26,ACC0000006469,256408.41,0.0,15697.08,240711.33,NPR
2026-01-26,ACC0000006470,244627.28,0.0,56514.08,188113.2,NPR
2026-01-26,ACC0000006471,472998.13,46242.85,25996.25,493244.73,NPR
2026-01-26,ACC0000006472,280463.09,0.0,83884.48,196578.61,NPR
2026-01-26,ACC0000006473,380133.39,0.0,36398.48,343734.91,NPR
2026-01-26,ACC0000006474,228161.28,0.0,73237.42,154923.86,NPR
2026-01-26,ACC0000006475,472977.69,13068.36,24072.4,461973.65,NPR
2026-01-26,ACC0000006476,237708.86,0.0,97598.42,140110.44,NPR
2026-01-26,ACC0000006477,342446.79,0.0,79376.52,263070.27,NPR
2026-01-26,ACC0000006478,176763.07,0.0,33121.71,143641.36,NPR
2026-01-26,ACC0000006479,216520.32,27777.68,73293.12,171004.88,NPR
2026-01-26,ACC0000006480,394917.29,71459.43,63452.73,402923.99,NPR
2026-01-26,ACC0000006481,276116.79,42759.56,71155.34,247721.01,NPR
2026-01-26,ACC0000006482,165031.77,0.0,78393.41,86638.36,NPR
2026-01-26,ACC0000006483,12178.86,18406.06,105175.47,-74590.55,NPR
2026-01-26,ACC0000006484,489942.32,0.0,0.0,489942.32,NPR
2026-01-26,ACC0000006485,252229.25,16858.59,21114.89,247972.95,NPR
2026-01-26,ACC0000006486,130445.99,39865.98,37161.23,133150.74,NPR
2026-01-26,ACC0000006487,199947.75,17386.69,0.0,217334.44,NPR
2026-01-26,ACC0000006488,17026.46,0.0,63806.33,-46779.87,NPR
2026-01-26,ACC0000006489,14059.66,34489.33,98221.1,-49672.11,NPR
2026-01-26,ACC0000006490,289660.21,0.0,0.0,289660.21,NPR
2026-01-26,ACC0000006491,180168.87,0.0,26871.86,153297.01,NPR
2026-01-26,ACC0000006492,9854.78,0.0,24959.15,-15104.37,NPR
2026-01-26,ACC0000006493,358245.11,25550.35,0.0,383795.46,NPR
2026-01-26,ACC0000006494,138257.2,0.0,0.0,138257.2,NPR
2026-01-26,ACC0000006495,169750.86,0.0,0.0,169750.86,NPR
2026-01-26,ACC0000006496,439996.16,0.0,37753.31,402242.85,NPR
2026-01-26,ACC0000006497,470108.34,0.0,75618.26,394490.08,NPR
2026-01-26,ACC0000006498,359138.12,0.0,0.0,359138.12,NPR
2026-01-26,ACC0000006499,299800.06,0.0,0.0,299800.06,NPR
2026-01-26,ACC0000006500,489604.66,0.0,62633.96,426970.7,NPR
2026-01-26,ACC0000006501,347180.91,0.0,0.0,347180.91,NPR
2026-01-26,ACC0000006502,157308.54,0.0,13904.75,143403.79,NPR
2026-01-26,ACC0000006503,468337.55,34162.44,131051.35,371448.64,NPR
2026-01-26,ACC0000006504,189044.8,30842.15,7005.11,212881.84,NPR
2026-01-26,ACC0000006505,160421.91,0.0,0.0,160421.91,NPR
2026-01-26,ACC0000006506,415264.28,0.0,57544.84,357719.44,NPR
2026-01-26,ACC0000006507,498245.62,22927.93,97418.02,423755.53,NPR
2026-01-26,ACC0000006508,102864.06,0.0,0.0,102864.06,NPR
2026-01-26,ACC0000006509,438125.91,30041.53,42423.58,425743.86,NPR
2026-01-26,ACC0000006510,400324.84,84991.84,0.0,485316.68,NPR
2026-01-26,ACC0000006511,402278.09,0.0,0.0,402278.09,NPR
2026-01-26,ACC0000006512,247268.56,0.0,10670.31,236598.25,NPR
2026-01-26,ACC0000006513,205107.01,0.0,39275.92,165831.09,NPR
2026-01-26,ACC0000006514,213766.78,0.0,5710.18,208056.6,NPR
2026-01-26,ACC0000006515,435395.13,0.0,0.0,435395.13,NPR
2026-01-26,ACC0000006516,230569.85,0.0,3822.11,226747.74,NPR
2026-01-26,ACC0000006517,48775.46,10545.84,0.0,59321.3,NPR
2026-01-26,ACC0000006518,88323.96,0.0,60502.49,27821.47,NPR
2026-01-26,ACC0000006519,494768.07,0.0,0.0,494768.07,NPR
2026-01-26,ACC0000006520,145673.61,0.0,71893.99,73779.62,NPR
2026-01-26,ACC0000006521,457097.53,0.0,0.0,457097.53,NPR
2026-01-26,ACC0000006522,198294.41,36045.81,80045.62,154294.6,NPR
2026-01-26,ACC0000006523,13000.52,0.0,676.88,12323.64,NPR
2026-01-26,ACC0000006524,487951.74,0.0,41684.97,446266.77,NPR
2026-01-26,ACC0000006525,21532.25,0.0,23393.28,-1861.03,NPR
2026-01-26,ACC0000006526,241477.52,0.0,14684.71,226792.81,NPR
2026-01-26,ACC0000006527,26340.33,11513.26,0.0,37853.59,NPR
2026-01-26,ACC0000006528,419147.8,0.0,0.0,419147.8,NPR
2026-01-26,ACC0000006529,109034.11,19288.66,0.0,128322.77,NPR
2026-01-26,ACC0000006530,246665.95,0.0,0.0,246665.95,NPR
2026-01-26,ACC0000006531,71303.18,0.0,36712.73,34590.45,NPR
2026-01-26,ACC0000006532,30914.16,0.0,111248.01,-80333.85,NPR
2026-01-26,ACC0000006533,264083.88,0.0,18814.35,245269.53,NPR
2026-01-26,ACC0000006534,96933.62,5451.34,9212.19,93172.77,NPR
2026-01-26,ACC0000006535,273136.53,0.0,39708.45,233428.08,NPR
2026-01-26,ACC0000006536,289545.6,0.0,0.0,289545.6,NPR
2026-01-26,ACC0000006537,5460.04,0.0,0.0,5460.04,NPR
2026-01-26,ACC0000006538,226484.23,0.0,113897.21,112587.02,NPR
2026-01-26,ACC0000006539,348821.52,0.0,7348.82,341472.7,NPR
2026-01-26,ACC0000006540,245553.01,0.0,13909.8,231643.21,NPR
2026-01-26,ACC0000006541,496761.6,0.0,40054.25,456707.35,NPR
2026-01-26,ACC0000006542,393439.52,0.0,0.0,393439.52,NPR
2026-01-26,ACC0000006543,52938.73,0.0,78917.57,-25978.84,NPR
2026-01-26,ACC0000006544,426051.62,43152.9,0.0,469204.52,NPR
2026-01-26,ACC0000006545,90845.4,0.0,55023.59,35821.81,NPR
2026-01-26,ACC0000006546,305044.58,18405.5,38319.93,285130.15,NPR
2026-01-26,ACC0000006547,402165.43,30799.09,47524.14,385440.38,NPR
2026-01-26,ACC0000006548,121823.78,39541.82,5057.04,156308.56,NPR
2026-01-26,ACC0000006549,67097.82,0.0,0.0,67097.82,NPR
2026-01-26,ACC0000006550,336631.14,0.0,70759.52,265871.62,NPR
2026-01-26,ACC0000006551,490162.67,37623.63,0.0,527786.3,NPR
2026-01-26,ACC0000006552,323991.03,0.0,49052.49,274938.54,NPR
2026-01-26,ACC0000006553,370919.22,0.0,87990.23,282928.99,NPR
2026-01-26,ACC0000006554,448955.85,21343.62,68580.23,401719.24,NPR
2026-01-26,ACC0000006555,67140.83,0.0,0.0,67140.83,NPR
2026-01-26,ACC0000006556,69224.51,77923.15,130425.67,16721.99,NPR
2026-01-26,ACC0000006557,440698.84,0.0,154970.79,285728.05,NPR
2026-01-26,ACC0000006558,117709.95,0.0,0.0,117709.95,NPR
2026-01-26,ACC0000006559,314448.53,0.0,0.0,314448.53,NPR
2026-01-26,ACC0000006560,478886.78,0.0,72916.84,405969.94,NPR
2026-01-26,ACC0000006561,260323.36,0.0,48292.02,212031.34,NPR
2026-01-26,ACC0000006562,415998.38,0.0,0.0,415998.38,NPR
2026-01-26,ACC0000006563,178465.81,0.0,6873.11,171592.7,NPR
2026-01-26,ACC0000006564,409561.76,26984.17,109771.53,326774.4,NPR
2026-01-26,ACC0000006565,143254.54,12356.21,0.0,155610.75,NPR
2026-01-26,ACC0000006566,151633.43,9453.51,0.0,161086.94,NPR
2026-01-26,ACC0000006567,236238.8,0.0,36415.75,199823.05,NPR
2026-01-26,ACC0000006568,36987.2,0.0,0.0,36987.2,NPR
2026-01-26,ACC0000006569,486179.95,47235.1,8309.09,525105.96,NPR
2026-01-26,ACC0000006570,459508.97,0.0,46387.13,413121.84,NPR
2026-01-26,ACC0000006571,298714.3,26357.14,25579.98,299491.46,NPR
2026-01-26,ACC0000006572,247348.51,0.0,0.0,247348.51,NPR
2026-01-26,ACC0000006573,171208.6,0.0,77591.24,93617.36,NPR
2026-01-26,ACC0000006574,488724.43,0.0,34012.15,454712.28,NPR
2026-01-26,ACC0000006575,255390.74,0.0,10885.02,244505.72,NPR
2026-01-26,ACC0000006576,89229.24,0.0,40121.76,49107.48,NPR
2026-01-26,ACC0000006577,295804.5,13092.56,43209.78,265687.28,NPR
2026-01-26,ACC0000006578,306003.22,24188.72,16408.72,313783.22,NPR
2026-01-26,ACC0000006579,55833.02,0.0,179597.95,-123764.93,NPR
2026-01-26,ACC0000006580,347523.33,0.0,152375.56,195147.77,NPR
2026-01-26,ACC0000006581,445199.32,0.0,46911.55,398287.77,NPR
2026-01-26,ACC0000006582,483085.3,0.0,0.0,483085.3,NPR
2026-01-26,ACC0000006583,409927.16,26184.37,144428.34,291683.19,NPR
2026-01-26,ACC0000006584,105457.31,0.0,79808.5,25648.81,NPR
2026-01-26,ACC0000006585,192184.22,38241.61,129820.92,100604.91,NPR
2026-01-26,ACC0000006586,4883.65,50943.53,172068.88,-116241.7,NPR
2026-01-26,ACC0000006587,356331.85,0.0,47585.62,308746.23,NPR
2026-01-26,ACC0000006588,304941.71,21342.01,0.0,326283.72,NPR
2026-01-26,ACC0000006589,72373.78,0.0,54787.42,17586.36,NPR
2026-01-26,ACC0000006590,320709.09,0.0,0.0,320709.09,NPR
2026-01-26,ACC0000006591,141181.08,0.0,0.0,141181.08,NPR
2026-01-26,ACC0000006592,70200.9,38534.24,49208.76,59526.38,NPR
2026-01-26,ACC0000006593,156428.27,45437.06,0.0,201865.33,NPR
2026-01-26,ACC0000006594,44647.47,0.0,73349.66,-28702.19,NPR
2026-01-26,ACC0000006595,499396.72,0.0,41403.67,457993.05,NPR
2026-01-26,ACC0000006596,398906.16,399.46,35868.16,363437.46,NPR
2026-01-26,ACC0000006597,64658.77,0.0,0.0,64658.77,NPR
2026-01-26,ACC0000006598,194711.32,0.0,137665.79,57045.53,NPR
2026-01-26,ACC0000006599,399351.27,0.0,0.0,399351.27,NPR
2026-01-26,ACC0000006600,213882.31,0.0,100792.23,113090.08,NPR
2026-01-26,ACC0000006601,142701.43,0.0,51371.03,91330.4,NPR
2026-01-26,ACC0000006602,46644.47,49335.96,90157.62,5822.81,NPR
2026-01-26,ACC0000006603,379255.38,35234.09,85503.89,328985.58,NPR
2026-01-26,ACC0000006604,203458.07,27049.44,31253.87,199253.64,NPR
2026-01-26,ACC0000006605,109938.58,0.0,35406.62,74531.96,NPR
2026-01-26,ACC0000006606,86043.59,0.0,45696.04,40347.55,NPR
2026-01-26,ACC0000006607,388506.66,0.0,30886.9,357619.76,NPR
2026-01-26,ACC0000006608,104985.46,0.0,51696.4,53289.06,NPR
2026-01-26,ACC0000006609,199117.3,0.0,40488.73,158628.57,NPR
2026-01-26,ACC0000006610,276218.31,0.0,48130.36,228087.95,NPR
2026-01-26,ACC0000006611,37054.62,39935.8,24400.86,52589.56,NPR
2026-01-26,ACC0000006612,498370.96,0.0,7360.0,491010.96,NPR
2026-01-26,ACC0000006613,148574.31,0.0,9171.56,139402.75,NPR
2026-01-26,ACC0000006614,74239.75,0.0,0.0,74239.75,NPR
2026-01-26,ACC0000006615,303714.95,0.0,41146.28,262568.67,NPR
2026-01-26,ACC0000006616,374162.83,0.0,54823.57,319339.26,NPR
2026-01-26,ACC0000006617,123296.06,13623.29,38487.17,98432.18,NPR
2026-01-26,ACC0000006618,6505.04,0.0,0.0,6505.04,NPR
2026-01-26,ACC0000006619,259376.5,0.0,38791.15,220585.35,NPR
2026-01-26,ACC0000006620,488482.76,0.0,75008.43,413474.33,NPR
2026-01-26,ACC0000006621,40605.1,0.0,34857.32,5747.78,NPR
2026-01-26,ACC0000006622,356200.88,0.0,46061.09,310139.79,NPR
2026-01-26,ACC0000006623,64860.11,0.0,0.0,64860.11,NPR
2026-01-26,ACC0000006624,333851.67,43912.31,92134.13,285629.85,NPR
2026-01-26,ACC0000006625,260112.51,38840.85,40864.82,258088.54,NPR
2026-01-26,ACC0000006626,180542.17,0.0,60311.09,120231.08,NPR
2026-01-26,ACC0000006627,431068.01,23825.7,71943.17,382950.54,NPR
2026-01-26,ACC0000006628,338342.41,0.0,67123.32,271219.09,NPR
2026-01-26,ACC0000006629,211087.0,20676.12,42619.07,189144.05,NPR
2026-01-26,ACC0000006630,79026.1,32776.6,98410.59,13392.11,NPR
2026-01-26,ACC0000006631,273763.4,0.0,0.0,273763.4,NPR
2026-01-26,ACC0000006632,442404.48,0.0,31799.21,410605.27,NPR
2026-01-26,ACC0000006633,421148.27,0.0,34355.53,386792.74,NPR
2026-01-26,ACC0000006634,456784.4,53837.3,7788.58,502833.12,NPR
2026-01-26,ACC0000006635,146917.69,9856.11,18868.85,137904.95,NPR
2026-01-26,ACC0000006636,61899.89,0.0,119579.87,-57679.98,NPR
2026-01-26,ACC0000006637,115574.16,0.0,86317.2,29256.96,NPR
2026-01-26,ACC0000006638,209132.0,94731.46,37034.49,266828.97,NPR
2026-01-26,ACC0000006639,251378.02,0.0,0.0,251378.02,NPR
2026-01-26,ACC0000006640,459622.57,0.0,0.0,459622.57,NPR
2026-01-26,ACC0000006641,349794.68,0.0,0.0,349794.68,NPR
2026-01-26,ACC0000006642,380018.64,0.0,0.0,380018.64,NPR
2026-01-26,ACC0000006643,355639.05,0.0,16185.59,339453.46,NPR
2026-01-26,ACC0000006644,164302.16,893.55,86950.83,78244.88,NPR
2026-01-26,ACC0000006645,138317.03,0.0,0.0,138317.03,NPR
2026-01-26,ACC0000006646,451838.33,0.0,0.0,451838.33,NPR
2026-01-26,ACC0000006647,278299.87,0.0,0.0,278299.87,NPR
2026-01-26,ACC0000006648,283131.46,14508.57,161805.63,135834.4,NPR
2026-01-26,ACC0000006649,315880.69,0.0,64333.15,251547.54,NPR
2026-01-26,ACC0000006650,28325.03,0.0,90136.3,-61811.27,NPR
2026-01-26,ACC0000006651,323127.51,0.0,0.0,323127.51,NPR
2026-01-26,ACC0000006652,322803.23,0.0,32617.28,290185.95,NPR
2026-01-26,ACC0000006653,165961.6,0.0,116258.0,49703.6,NPR
2026-01-26,ACC0000006654,91840.22,21353.36,865.27,112328.31,NPR
2026-01-26,ACC0000006655,489602.67,0.0,128790.32,360812.35,NPR
2026-01-26,ACC0000006656,320924.35,27280.72,4439.81,343765.26,NPR
2026-01-26,ACC0000006657,395638.32,14919.66,0.0,410557.98,NPR
2026-01-26,ACC0000006658,170884.23,0.0,20053.33,150830.9,NPR
2026-01-26,ACC0000006659,287225.02,0.0,0.0,287225.02,NPR
2026-01-26,ACC0000006660,328692.04,0.0,0.0,328692.04,NPR
2026-01-26,ACC0000006661,216584.34,0.0,62992.13,153592.21,NPR
2026-01-26,ACC0000006662,144759.11,0.0,27061.58,117697.53,NPR
2026-01-26,ACC0000006663,322910.65,0.0,1415.73,321494.92,NPR
2026-01-26,ACC0000006664,356203.33,0.0,77974.84,278228.49,NPR
2026-01-26,ACC0000006665,326336.9,0.0,4349.49,321987.41,NPR
2026-01-26,ACC0000006666,228303.56,10946.59,30457.06,208793.09,NPR
2026-01-26,ACC0000006667,296698.52,0.0,41882.89,254815.63,NPR
2026-01-26,ACC0000006668,285357.63,0.0,53562.36,231795.27,NPR
2026-01-26,ACC0000006669,481455.21,0.0,0.0,481455.21,NPR
2026-01-26,ACC0000006670,451569.13,23910.01,83170.36,392308.78,NPR
2026-01-26,ACC0000006671,216986.49,0.0,0.0,216986.49,NPR
2026-01-26,ACC0000006672,115004.96,6981.38,52072.31,69914.03,NPR
2026-01-26,ACC0000006673,471774.69,75156.74,53551.77,493379.66,NPR
2026-01-26,ACC0000006674,235121.63,0.0,10969.15,224152.48,NPR
2026-01-26,ACC0000006675,23588.33,0.0,0.0,23588.33,NPR
2026-01-26,ACC0000006676,102562.6,0.0,28213.9,74348.7,NPR
2026-01-26,ACC0000006677,115576.13,13863.24,69357.27,60082.1,NPR
2026-01-26,ACC0000006678,49216.31,0.0,0.0,49216.31,NPR
2026-01-26,ACC0000006679,298490.05,31180.74,129703.67,199967.12,NPR
2026-01-26,ACC0000006680,353211.51,23790.26,89842.28,287159.49,NPR
2026-01-26,ACC0000006681,360990.46,32055.79,30526.29,362519.96,NPR
2026-01-26,ACC0000006682,404033.7,53448.09,21972.98,435508.81,NPR
2026-01-26,ACC0000006683,312764.33,0.0,52596.57,260167.76,NPR
2026-01-26,ACC0000006684,126450.15,31771.83,26458.81,131763.17,NPR
2026-01-26,ACC0000006685,414253.04,0.0,86490.69,327762.35,NPR
2026-01-26,ACC0000006686,203210.15,0.0,83866.3,119343.85,NPR
2026-01-26,ACC0000006687,19872.98,81347.7,34811.38,66409.3,NPR
2026-01-26,ACC0000006688,442714.0,36943.68,47395.85,432261.83,NPR
2026-01-26,ACC0000006689,136713.02,17440.53,9794.94,144358.61,NPR
2026-01-26,ACC0000006690,460675.99,0.0,0.0,460675.99,NPR
2026-01-26,ACC0000006691,317858.46,19480.95,87511.81,249827.6,NPR
2026-01-26,ACC0000006692,215914.42,0.0,72873.22,143041.2,NPR
2026-01-26,ACC0000006693,363502.36,0.0,32708.28,330794.08,NPR
2026-01-26,ACC0000006694,9622.34,0.0,30769.08,-21146.74,NPR
2026-01-26,ACC0000006695,456455.79,0.0,0.0,456455.79,NPR
2026-01-26,ACC0000006696,350485.17,0.0,62570.72,287914.45,NPR
2026-01-26,ACC0000006697,273719.72,0.0,32662.67,241057.05,NPR
2026-01-26,ACC0000006698,417324.03,0.0,122390.84,294933.19,NPR
2026-01-26,ACC0000006699,314217.91,0.0,105157.69,209060.22,NPR
2026-01-26,ACC0000006700,394697.94,0.0,30339.91,364358.03,NPR
2026-01-26,ACC0000006701,20673.2,0.0,39523.48,-18850.28,NPR
2026-01-26,ACC0000006702,129250.23,0.0,33984.28,95265.95,NPR
2026-01-26,ACC0000006703,182364.19,0.0,78359.55,104004.64,NPR
2026-01-26,ACC0000006704,32826.21,26898.93,39917.17,19807.97,NPR
2026-01-26,ACC0000006705,308474.26,0.0,0.0,308474.26,NPR
2026-01-26,ACC0000006706,494208.53,0.0,0.0,494208.53,NPR
2026-01-26,ACC0000006707,402982.74,0.0,52360.0,350622.74,NPR
2026-01-26,ACC0000006708,290400.39,43743.17,127530.96,206612.6,NPR
2026-01-26,ACC0000006709,383010.66,81120.59,60109.11,404022.14,NPR
2026-01-26,ACC0000006710,97980.7,0.0,131831.91,-33851.21,NPR
2026-01-26,ACC0000006711,334261.05,0.0,45383.31,288877.74,NPR
2026-01-26,ACC0000006712,153988.89,2753.18,29388.48,127353.59,NPR
2026-01-26,ACC0000006713,152608.24,0.0,0.0,152608.24,NPR
2026-01-26,ACC0000006714,258083.2,95.91,57384.32,200794.79,NPR
2026-01-26,ACC0000006715,54005.58,12373.09,12970.66,53408.01,NPR
2026-01-26,ACC0000006716,433512.62,39177.15,0.0,472689.77,NPR
2026-01-26,ACC0000006717,138360.88,0.0,168678.87,-30317.99,NPR
2026-01-26,ACC0000006718,184925.57,0.0,30443.04,154482.53,NPR
2026-01-26,ACC0000006719,165161.17,0.0,0.0,165161.17,NPR
2026-01-26,ACC0000006720,426868.66,28387.33,96557.21,358698.78,NPR
2026-01-26,ACC0000006721,422464.34,0.0,0.0,422464.34,NPR
2026-01-26,ACC0000006722,76698.55,42672.06,83052.75,36317.86,NPR
2026-01-26,ACC0000006723,411656.29,19193.17,47082.1,383767.36,NPR
2026-01-26,ACC0000006724,388921.85,0.0,0.0,388921.85,NPR
2026-01-26,ACC0000006725,144838.85,0.0,68951.25,75887.6,NPR
2026-01-26,ACC0000006726,140899.69,0.0,52419.84,88479.85,NPR
2026-01-26,ACC0000006727,305951.24,0.0,9276.74,296674.5,NPR
2026-01-26,ACC0000006728,296533.68,0.0,119818.15,176715.53,NPR
2026-01-26,ACC0000006729,319557.86,0.0,0.0,319557.86,NPR
2026-01-26,ACC0000006730,394933.73,0.0,32469.41,362464.32,NPR
2026-01-26,ACC0000006731,353415.16,22919.23,83547.42,292786.97,NPR
2026-01-26,ACC0000006732,303886.6,20271.24,47745.67,276412.17,NPR
2026-01-26,ACC0000006733,129715.81,0.0,0.0,129715.81,NPR
2026-01-26,ACC0000006734,362985.43,20928.03,121810.54,262102.92,NPR
2026-01-26,ACC0000006735,234249.15,0.0,0.0,234249.15,NPR
2026-01-26,ACC0000006736,283539.54,0.0,58797.66,224741.88,NPR
2026-01-26,ACC0000006737,464713.64,0.0,117844.17,346869.47,NPR
2026-01-26,ACC0000006738,27269.44,0.0,74795.83,-47526.39,NPR
2026-01-26,ACC0000006739,467406.96,42537.22,10691.08,499253.1,NPR
2026-01-26,ACC0000006740,474067.21,19540.7,42258.9,451349.01,NPR
2026-01-26,ACC0000006741,202597.32,14984.76,61252.21,156329.87,NPR
2026-01-26,ACC0000006742,465241.26,34673.12,25419.28,474495.1,NPR
2026-01-26,ACC0000006743,48590.4,47539.46,123279.79,-27149.93,NPR
2026-01-26,ACC0000006744,289464.54,31834.64,23049.4,298249.78,NPR
2026-01-26,ACC0000006745,331459.44,0.0,134252.72,197206.72,NPR
2026-01-26,ACC0000006746,349961.36,0.0,30374.61,319586.75,NPR
2026-01-26,ACC0000006747,198566.34,0.0,0.0,198566.34,NPR
2026-01-26,ACC0000006748,378739.72,37419.13,86677.03,329481.82,NPR
2026-01-26,ACC0000006749,83251.03,10230.7,31390.4,62091.33,NPR
2026-01-26,ACC0000006750,438904.53,0.0,16317.77,422586.76,NPR
2026-01-26,ACC0000006751,28222.32,31080.22,0.0,59302.54,NPR
2026-01-26,ACC0000006752,419942.42,0.0,0.0,419942.42,NPR
2026-01-26,ACC0000006753,247986.31,26568.24,45437.41,229117.14,NPR
2026-01-26,ACC0000006754,33365.5,0.0,138171.19,-104805.69,NPR
2026-01-26,ACC0000006755,232704.86,0.0,71315.3,161389.56,NPR
2026-01-26,ACC0000006756,94643.8,0.0,22286.9,72356.9,NPR
2026-01-26,ACC0000006757,19961.83,0.0,17912.13,2049.7,NPR
2026-01-26,ACC0000006758,37423.79,0.0,38786.26,-1362.47,NPR
2026-01-26,ACC0000006759,62224.98,2677.32,33925.03,30977.27,NPR
2026-01-26,ACC0000006760,480923.0,4210.56,23609.46,461524.1,NPR
2026-01-26,ACC0000006761,431175.88,0.0,73667.99,357507.89,NPR
2026-01-26,ACC0000006762,386500.14,0.0,16420.8,370079.34,NPR
2026-01-26,ACC0000006763,105292.38,0.0,0.0,105292.38,NPR
2026-01-26,ACC0000006764,263770.04,0.0,46833.18,216936.86,NPR
2026-01-26,ACC0000006765,31157.02,0.0,0.0,31157.02,NPR
2026-01-26,ACC0000006766,261702.72,0.0,44172.13,217530.59,NPR
2026-01-26,ACC0000006767,172450.45,0.0,92146.24,80304.21,NPR
2026-01-26,ACC0000006768,472294.19,71446.26,68597.82,475142.63,NPR
2026-01-26,ACC0000006769,451335.74,0.0,37493.25,413842.49,NPR
2026-01-26,ACC0000006770,102063.58,0.0,0.0,102063.58,NPR
2026-01-26,ACC0000006771,207232.23,0.0,0.0,207232.23,NPR
2026-01-26,ACC0000006772,323950.25,0.0,48116.18,275834.07,NPR
2026-01-26,ACC0000006773,315194.62,0.0,41151.12,274043.5,NPR
2026-01-26,ACC0000006774,402689.9,4346.94,8738.28,398298.56,NPR
2026-01-26,ACC0000006775,168890.04,25566.21,14143.7,180312.55,NPR
2026-01-26,ACC0000006776,175349.98,0.0,10614.34,164735.64,NPR
2026-01-26,ACC0000006777,417831.24,0.0,0.0,417831.24,NPR
2026-01-26,ACC0000006778,39160.38,0.0,4350.83,34809.55,NPR
2026-01-26,ACC0000006779,236936.66,0.0,29272.03,207664.63,NPR
2026-01-26,ACC0000006780,31635.66,0.0,0.0,31635.66,NPR
2026-01-26,ACC0000006781,6826.38,7382.16,126110.68,-111902.14,NPR
2026-01-26,ACC0000006782,135719.19,0.0,0.0,135719.19,NPR
2026-01-26,ACC0000006783,198093.26,0.0,40074.21,158019.05,NPR
2026-01-26,ACC0000006784,256516.57,0.0,23835.27,232681.3,NPR
2026-01-26,ACC0000006785,48344.74,0.0,38224.11,10120.63,NPR
2026-01-26,ACC0000006786,431601.76,0.0,88120.11,343481.65,NPR
2026-01-26,ACC0000006787,289260.21,0.0,42492.03,246768.18,NPR
2026-01-26,ACC0000006788,495734.73,0.0,44806.74,450927.99,NPR
2026-01-26,ACC0000006789,475374.2,64249.8,37656.38,501967.62,NPR
2026-01-26,ACC0000006790,88322.73,0.0,0.0,88322.73,NPR
2026-01-26,ACC0000006791,384301.79,0.0,0.0,384301.79,NPR
2026-01-26,ACC0000006792,277276.77,0.0,0.0,277276.77,NPR
2026-01-26,ACC0000006793,203291.06,0.0,100873.15,102417.91,NPR
2026-01-26,ACC0000006794,129794.63,43520.03,0.0,173314.66,NPR
2026-01-26,ACC0000006795,46712.45,38208.74,0.0,84921.19,NPR
2026-01-26,ACC0000006796,244716.22,2532.56,118051.05,129197.73,NPR
2026-01-26,ACC0000006797,49273.58,0.0,0.0,49273.58,NPR
2026-01-26,ACC0000006798,290621.93,0.0,0.0,290621.93,NPR
2026-01-26,ACC0000006799,30142.41,36491.21,36513.34,30120.28,NPR
2026-01-26,ACC0000006800,224627.55,0.0,0.0,224627.55,NPR
2026-01-26,ACC0000006801,228905.87,27001.58,18076.05,237831.4,NPR
2026-01-26,ACC0000006802,9152.22,47819.6,21713.34,35258.48,NPR
2026-01-26,ACC0000006803,9308.39,0.0,0.0,9308.39,NPR
2026-01-26,ACC0000006804,94407.51,0.0,17700.36,76707.15,NPR
2026-01-26,ACC0000006805,266386.12,29454.64,128812.66,167028.1,NPR
2026-01-26,ACC0000006806,280392.53,0.0,62429.31,217963.22,NPR
2026-01-26,ACC0000006807,335222.76,0.0,55267.95,279954.81,NPR
2026-01-26,ACC0000006808,2677.34,0.0,0.0,2677.34,NPR
2026-01-26,ACC0000006809,426651.37,43812.63,51792.14,418671.86,NPR
2026-01-26,ACC0000006810,462578.0,0.0,153101.51,309476.49,NPR
2026-01-26,ACC0000006811,119463.24,0.0,46352.4,73110.84,NPR
2026-01-26,ACC0000006812,489102.05,0.0,0.0,489102.05,NPR
2026-01-26,ACC0000006813,89573.39,0.0,0.0,89573.39,NPR
2026-01-26,ACC0000006814,195709.96,0.0,60762.4,134947.56,NPR
2026-01-26,ACC0000006815,407484.38,2290.65,58860.68,350914.35,NPR
2026-01-26,ACC0000006816,227441.46,0.0,92161.0,135280.46,NPR
2026-01-26,ACC0000006817,99910.42,0.0,31870.76,68039.66,NPR
2026-01-26,ACC0000006818,374625.24,27874.17,41981.25,360518.16,NPR
2026-01-26,ACC0000006819,191305.79,1146.39,48502.41,143949.77,NPR
2026-01-26,ACC0000006820,250570.91,12124.04,161830.51,100864.44,NPR
2026-01-26,ACC0000006821,397307.95,27520.99,70192.61,354636.33,NPR
2026-01-26,ACC0000006822,58938.87,0.0,28236.63,30702.24,NPR
2026-01-26,ACC0000006823,447249.91,6215.62,92426.66,361038.87,NPR
2026-01-26,ACC0000006824,94269.03,85960.63,24395.02,155834.64,NPR
2026-01-26,ACC0000006825,421665.79,16929.54,67402.7,371192.63,NPR
2026-01-26,ACC0000006826,464610.98,0.0,84900.94,379710.04,NPR
2026-01-26,ACC0000006827,401977.72,0.0,0.0,401977.72,NPR
2026-01-26,ACC0000006828,24447.57,43883.8,29514.48,38816.89,NPR
2026-01-26,ACC0000006829,83188.7,0.0,0.0,83188.7,NPR
2026-01-26,ACC0000006830,128340.6,32703.04,17575.46,143468.18,NPR
2026-01-26,ACC0000006831,454376.2,0.0,60882.78,393493.42,NPR
2026-01-26,ACC0000006832,94442.22,0.0,31214.94,63227.28,NPR
2026-01-26,ACC0000006833,126454.55,0.0,30553.17,95901.38,NPR
2026-01-26,ACC0000006834,232648.07,0.0,63866.93,168781.14,NPR
2026-01-26,ACC0000006835,410260.24,0.0,13269.88,396990.36,NPR
2026-01-26,ACC0000006836,45324.72,0.0,0.0,45324.72,NPR
2026-01-26,ACC0000006837,445049.17,0.0,0.0,445049.17,NPR
2026-01-26,ACC0000006838,312917.27,0.0,25747.17,287170.1,NPR
2026-01-26,ACC0000006839,266641.75,43898.66,89814.09,220726.32,NPR
2026-01-26,ACC0000006840,128287.31,20186.58,92665.44,55808.45,NPR
2026-01-26,ACC0000006841,116901.33,47499.62,61653.46,102747.49,NPR
2026-01-26,ACC0000006842,52322.87,0.0,51.75,52271.12,NPR
2026-01-26,ACC0000006843,461266.25,56713.89,0.0,517980.14,NPR
2026-01-26,ACC0000006844,210254.65,0.0,11736.64,198518.01,NPR
2026-01-26,ACC0000006845,223496.67,33898.47,93226.6,164168.54,NPR
2026-01-26,ACC0000006846,362335.61,0.0,0.0,362335.61,NPR
2026-01-26,ACC0000006847,7119.93,40975.68,46060.44,2035.17,NPR
2026-01-26,ACC0000006848,25246.44,0.0,0.0,25246.44,NPR
2026-01-26,ACC0000006849,91194.59,0.0,85189.82,6004.77,NPR
2026-01-26,ACC0000006850,1228.73,11143.38,0.0,12372.11,NPR
2026-01-26,ACC0000006851,338606.3,149534.77,37315.85,450825.22,NPR
2026-01-26,ACC0000006852,155389.84,0.0,41290.38,114099.46,NPR
2026-01-26,ACC0000006853,90927.28,33199.55,43756.59,80370.24,NPR
2026-01-26,ACC0000006854,437968.39,0.0,49805.21,388163.18,NPR
2026-01-26,ACC0000006855,98606.96,0.0,40247.89,58359.07,NPR
2026-01-26,ACC0000006856,412830.44,18037.6,29025.96,401842.08,NPR
2026-01-26,ACC0000006857,151015.62,0.0,23245.34,127770.28,NPR
2026-01-26,ACC0000006858,157301.12,17693.41,242500.42,-67505.89,NPR
2026-01-26,ACC0000006859,25539.65,0.0,55174.23,-29634.58,NPR
2026-01-26,ACC0000006860,219170.97,0.0,49404.17,169766.8,NPR
2026-01-26,ACC0000006861,453894.74,0.0,42490.43,411404.31,NPR
2026-01-26,ACC0000006862,16858.57,0.0,32222.13,-15363.56,NPR
2026-01-26,ACC0000006863,465658.69,0.0,38034.11,427624.58,NPR
2026-01-26,ACC0000006864,247673.31,17625.62,69115.47,196183.46,NPR
2026-01-26,ACC0000006865,281903.82,47523.26,88980.58,240446.5,NPR
2026-01-26,ACC0000006866,80797.67,26650.14,54969.13,52478.68,NPR
2026-01-26,ACC0000006867,444444.1,26517.34,61168.38,409793.06,NPR
2026-01-26,ACC0000006868,87824.9,0.0,0.0,87824.9,NPR
2026-01-26,ACC0000006869,331706.19,0.0,110646.92,221059.27,NPR
2026-01-26,ACC0000006870,433650.44,0.0,0.0,433650.44,NPR
2026-01-26,ACC0000006871,346367.1,16445.28,51836.74,310975.64,NPR
2026-01-26,ACC0000006872,141801.8,0.0,128766.35,13035.45,NPR
2026-01-26,ACC0000006873,407855.4,23543.13,59821.3,371577.23,NPR
2026-01-26,ACC0000006874,48189.2,0.0,137354.78,-89165.58,NPR
2026-01-26,ACC0000006875,490941.25,49165.24,55113.29,484993.2,NPR
2026-01-26,ACC0000006876,317677.02,43408.24,42630.43,318454.83,NPR
2026-01-26,ACC0000006877,303848.84,1370.56,48608.27,256611.13,NPR
2026-01-26,ACC0000006878,277279.34,73170.42,65878.77,284570.99,NPR
2026-01-26,ACC0000006879,75145.9,72603.09,103794.24,43954.75,NPR
2026-01-26,ACC0000006880,297749.04,768.41,97735.99,200781.46,NPR
2026-01-26,ACC0000006881,434812.53,0.0,67516.05,367296.48,NPR
2026-01-26,ACC0000006882,196368.56,0.0,0.0,196368.56,NPR
2026-01-26,ACC0000006883,488435.94,0.0,0.0,488435.94,NPR
2026-01-26,ACC0000006884,359023.06,0.0,45510.77,313512.29,NPR
2026-01-26,ACC0000006885,257903.86,0.0,47793.87,210109.99,NPR
2026-01-26,ACC0000006886,4246.48,0.0,0.0,4246.48,NPR
2026-01-26,ACC0000006887,430381.39,0.0,0.0,430381.39,NPR
2026-01-26,ACC0000006888,241820.84,44751.79,44006.07,242566.56,NPR
2026-01-26,ACC0000006889,385526.64,0.0,0.0,385526.64,NPR
2026-01-26,ACC0000006890,279545.72,23140.39,14918.81,287767.3,NPR
2026-01-26,ACC0000006891,137326.84,0.0,26341.27,110985.57,NPR
2026-01-26,ACC0000006892,39391.67,0.0,0.0,39391.67,NPR
2026-01-26,ACC0000006893,394616.38,1884.72,0.0,396501.1,NPR
2026-01-26,ACC0000006894,418118.76,0.0,79456.26,338662.5,NPR
2026-01-26,ACC0000006895,83329.63,0.0,98861.04,-15531.41,NPR
2026-01-26,ACC0000006896,54658.51,0.0,47839.97,6818.54,NPR
2026-01-26,ACC0000006897,162388.87,0.0,112035.71,50353.16,NPR
2026-01-26,ACC0000006898,107793.92,51204.13,63403.58,95594.47,NPR
2026-01-26,ACC0000006899,72580.68,18168.22,31968.45,58780.45,NPR
2026-01-26,ACC0000006900,340593.49,39400.36,57746.9,322246.95,NPR
2026-01-26,ACC0000006901,448901.75,0.0,26498.34,422403.41,NPR
2026-01-26,ACC0000006902,205164.44,0.0,0.0,205164.44,NPR
2026-01-26,ACC0000006903,99581.82,0.0,9076.27,90505.55,NPR
2026-01-26,ACC0000006904,492812.05,2828.73,38829.38,456811.4,NPR
2026-01-26,ACC0000006905,202762.9,19714.83,59533.8,162943.93,NPR
2026-01-26,ACC0000006906,405302.7,0.0,55887.07,349415.63,NPR
2026-01-26,ACC0000006907,127189.46,22148.21,31747.81,117589.86,NPR
2026-01-26,ACC0000006908,3232.3,0.0,76702.07,-73469.77,NPR
2026-01-26,ACC0000006909,82509.59,0.0,10415.69,72093.9,NPR
2026-01-26,ACC0000006910,208749.04,0.0,22519.77,186229.27,NPR
2026-01-26,ACC0000006911,390248.1,0.0,14034.3,376213.8,NPR
2026-01-26,ACC0000006912,357889.47,0.0,44642.05,313247.42,NPR
2026-01-26,ACC0000006913,218912.63,35633.49,22389.41,232156.71,NPR
2026-01-26,ACC0000006914,236949.37,0.0,48008.28,188941.09,NPR
2026-01-26,ACC0000006915,488605.52,0.0,154394.87,334210.65,NPR
2026-01-26,ACC0000006916,222416.53,16013.55,58331.72,180098.36,NPR
2026-01-26,ACC0000006917,205056.48,12854.81,74842.7,143068.59,NPR
2026-01-26,ACC0000006918,208005.36,0.0,25494.38,182510.98,NPR
2026-01-26,ACC0000006919,365265.11,0.0,0.0,365265.11,NPR
2026-01-26,ACC0000006920,132586.57,0.0,63309.84,69276.73,NPR
2026-01-26,ACC0000006921,9897.68,0.0,62050.61,-52152.93,NPR
2026-01-26,ACC0000006922,143953.58,0.0,186949.48,-42995.9,NPR
2026-01-26,ACC0000006923,474408.17,0.0,0.0,474408.17,NPR
2026-01-26,ACC0000006924,429573.81,0.0,100723.68,328850.13,NPR
2026-01-26,ACC0000006925,467613.68,0.0,0.0,467613.68,NPR
2026-01-26,ACC0000006926,2775.64,0.0,123035.16,-120259.52,NPR
2026-01-26,ACC0000006927,365642.22,0.0,22480.59,343161.63,NPR
2026-01-26,ACC0000006928,484713.16,37602.5,138789.61,383526.05,NPR
2026-01-26,ACC0000006929,452757.25,78927.06,96577.8,435106.51,NPR
2026-01-26,ACC0000006930,72572.05,24788.88,49716.55,47644.38,NPR
2026-01-26,ACC0000006931,411653.26,0.0,0.0,411653.26,NPR
2026-01-26,ACC0000006932,300650.03,35040.08,31197.73,304492.38,NPR
2026-01-26,ACC0000006933,373151.89,0.0,77443.77,295708.12,NPR
2026-01-26,ACC0000006934,416271.17,0.0,0.0,416271.17,NPR
2026-01-26,ACC0000006935,300092.13,0.0,16785.82,283306.31,NPR
2026-01-26,ACC0000006936,35144.77,0.0,125834.39,-90689.62,NPR
2026-01-26,ACC0000006937,346997.76,0.0,0.0,346997.76,NPR
2026-01-26,ACC0000006938,61116.18,0.0,23069.63,38046.55,NPR
2026-01-26,ACC0000006939,387327.35,0.0,93550.3,293777.05,NPR
2026-01-26,ACC0000006940,38778.68,0.0,40480.11,-1701.43,NPR
2026-01-26,ACC0000006941,205659.27,18824.8,112731.56,111752.51,NPR
2026-01-26,ACC0000006942,180356.59,0.0,32916.1,147440.49,NPR
2026-01-26,ACC0000006943,3135.15,8627.23,58058.56,-46296.18,NPR
2026-01-26,ACC0000006944,10911.9,14445.18,17998.16,7358.92,NPR
2026-01-26,ACC0000006945,296917.96,0.0,0.0,296917.96,NPR
2026-01-26,ACC0000006946,412615.46,27710.61,168608.19,271717.88,NPR
2026-01-26,ACC0000006947,459551.29,42332.37,86198.94,415684.72,NPR
2026-01-26,ACC0000006948,386492.54,38490.69,0.0,424983.23,NPR
2026-01-26,ACC0000006949,227652.45,0.0,0.0,227652.45,NPR
2026-01-26,ACC0000006950,78223.13,40075.21,31902.6,86395.74,NPR
2026-01-26,ACC0000006951,64790.77,0.0,23595.29,41195.48,NPR
2026-01-26,ACC0000006952,147108.04,6308.99,42853.95,110563.08,NPR
2026-01-26,ACC0000006953,173394.66,0.0,47121.43,126273.23,NPR
2026-01-26,ACC0000006954,133453.07,55949.54,72635.25,116767.36,NPR
2026-01-26,ACC0000006955,53271.04,0.0,51379.91,1891.13,NPR
2026-01-26,ACC0000006956,372253.46,0.0,0.0,372253.46,NPR
2026-01-26,ACC0000006957,270740.05,0.0,0.0,270740.05,NPR
2026-01-26,ACC0000006958,59666.49,34551.69,70035.06,24183.12,NPR
2026-01-26,ACC0000006959,126560.69,0.0,55585.07,70975.62,NPR
2026-01-26,ACC0000006960,181188.64,0.0,0.0,181188.64,NPR
2026-01-26,ACC0000006961,68455.82,0.0,22873.04,45582.78,NPR
2026-01-26,ACC0000006962,104994.24,0.0,76573.18,28421.06,NPR
2026-01-26,ACC0000006963,382809.52,0.0,91292.77,291516.75,NPR
2026-01-26,ACC0000006964,116773.74,50764.38,0.0,167538.12,NPR
2026-01-26,ACC0000006965,158316.66,0.0,511.43,157805.23,NPR
2026-01-26,ACC0000006966,217253.6,0.0,29008.32,188245.28,NPR
2026-01-26,ACC0000006967,72994.79,0.0,62963.71,10031.08,NPR
2026-01-26,ACC0000006968,275200.7,3371.19,5100.38,273471.51,NPR
2026-01-26,ACC0000006969,373918.62,0.0,0.0,373918.62,NPR
2026-01-26,ACC0000006970,364015.5,60926.99,64725.93,360216.56,NPR
2026-01-26,ACC0000006971,278282.69,23972.39,19956.91,282298.17,NPR
2026-01-26,ACC0000006972,267432.85,0.0,0.0,267432.85,NPR
2026-01-26,ACC0000006973,75595.75,0.0,83837.18,-8241.43,NPR
2026-01-26,ACC0000006974,16527.32,0.0,33637.68,-17110.36,NPR
2026-01-26,ACC0000006975,416452.16,0.0,5351.3,411100.86,NPR
2026-01-26,ACC0000006976,48479.67,0.0,81586.7,-33107.03,NPR
2026-01-26,ACC0000006977,416217.41,0.0,0.0,416217.41,NPR
2026-01-26,ACC0000006978,421703.38,13054.81,10172.23,424585.96,NPR
2026-01-26,ACC0000006979,320973.54,0.0,78942.54,242031.0,NPR
2026-01-26,ACC0000006980,458110.16,0.0,32580.93,425529.23,NPR
2026-01-26,ACC0000006981,360767.66,0.0,0.0,360767.66,NPR
2026-01-26,ACC0000006982,263573.4,33829.54,108602.25,188800.69,NPR
2026-01-26,ACC0000006983,137562.1,0.0,0.0,137562.1,NPR
2026-01-26,ACC0000006984,462645.96,0.0,11522.33,451123.63,NPR
2026-01-26,ACC0000006985,131497.35,0.0,85261.83,46235.52,NPR
2026-01-26,ACC0000006986,495697.71,43389.25,56351.86,482735.1,NPR
2026-01-26,ACC0000006987,136688.24,0.0,63166.68,73521.56,NPR
2026-01-26,ACC0000006988,317214.21,0.0,61350.62,255863.59,NPR
2026-01-26,ACC0000006989,485335.31,0.0,0.0,485335.31,NPR
2026-01-26,ACC0000006990,394448.62,0.0,0.0,394448.62,NPR
2026-01-26,ACC0000006991,229165.17,0.0,51333.27,177831.9,NPR
2026-01-26,ACC0000006992,10455.62,46661.54,106145.15,-49027.99,NPR
2026-01-26,ACC0000006993,45242.95,39323.73,37956.6,46610.08,NPR
2026-01-26,ACC0000006994,68487.82,0.0,76552.23,-8064.41,NPR
2026-01-26,ACC0000006995,229594.83,0.0,138542.59,91052.24,NPR
2026-01-26,ACC0000006996,196201.13,0.0,36134.06,160067.07,NPR
2026-01-26,ACC0000006997,115342.49,34186.64,0.0,149529.13,NPR
2026-01-26,ACC0000006998,103624.85,0.0,70454.69,33170.16,NPR
2026-01-26,ACC0000006999,379000.3,28903.32,0.0,407903.62,NPR
2026-01-26,ACC0000007000,292265.93,0.0,53559.32,238706.61,NPR
2026-01-26,ACC0000007001,351549.18,41995.86,53803.04,339742.0,NPR
2026-01-26,ACC0000007002,131463.34,0.0,0.0,131463.34,NPR
2026-01-26,ACC0000007003,139930.42,28726.01,24006.12,144650.31,NPR
2026-01-26,ACC0000007004,480015.69,0.0,60781.4,419234.29,NPR
2026-01-26,ACC0000007005,440944.68,0.0,0.0,440944.68,NPR
2026-01-26,ACC0000007006,348104.04,0.0,25780.31,322323.73,NPR
2026-01-26,ACC0000007007,92296.25,0.0,0.0,92296.25,NPR
2026-01-26,ACC0000007008,77956.7,0.0,0.0,77956.7,NPR
2026-01-26,ACC0000007009,437935.5,33027.63,50694.12,420269.01,NPR
2026-01-26,ACC0000007010,276202.94,230.32,48346.58,228086.68,NPR
2026-01-26,ACC0000007011,486688.99,0.0,62373.01,424315.98,NPR
2026-01-26,ACC0000007012,397898.94,4314.52,47229.01,354984.45,NPR
2026-01-26,ACC0000007013,463952.67,0.0,0.0,463952.67,NPR
2026-01-26,ACC0000007014,84301.78,0.0,163846.49,-79544.71,NPR
2026-01-26,ACC0000007015,445351.94,18363.32,53045.34,410669.92,NPR
2026-01-26,ACC0000007016,411592.95,0.0,0.0,411592.95,NPR
2026-01-26,ACC0000007017,488802.25,0.0,0.0,488802.25,NPR
2026-01-26,ACC0000007018,168064.31,38641.32,4904.61,201801.02,NPR
2026-01-26,ACC0000007019,205086.0,48265.09,0.0,253351.09,NPR
2026-01-26,ACC0000007020,481058.28,0.0,0.0,481058.28,NPR
2026-01-26,ACC0000007021,271241.47,48703.34,47814.0,272130.81,NPR
2026-01-26,ACC0000007022,167417.58,17507.73,0.0,184925.31,NPR
2026-01-26,ACC0000007023,252874.59,11837.17,60556.59,204155.17,NPR
2026-01-26,ACC0000007024,136108.57,0.0,87711.08,48397.49,NPR
2026-01-26,ACC0000007025,337066.04,0.0,0.0,337066.04,NPR
2026-01-26,ACC0000007026,470798.21,0.0,45833.18,424965.03,NPR
2026-01-26,ACC0000007027,56928.53,37589.78,0.0,94518.31,NPR
2026-01-26,ACC0000007028,59436.46,9370.92,50250.13,18557.25,NPR
2026-01-26,ACC0000007029,414523.37,0.0,71383.82,343139.55,NPR
2026-01-26,ACC0000007030,495746.25,90333.34,0.0,586079.59,NPR
2026-01-26,ACC0000007031,380737.87,1346.11,103590.89,278493.09,NPR
2026-01-26,ACC0000007032,481217.59,22078.56,58087.22,445208.93,NPR
2026-01-26,ACC0000007033,348181.43,0.0,11952.29,336229.14,NPR
2026-01-26,ACC0000007034,219261.62,0.0,6754.03,212507.59,NPR
2026-01-26,ACC0000007035,83951.32,0.0,28620.58,55330.74,NPR
2026-01-26,ACC0000007036,109063.74,53416.52,183173.8,-20693.54,NPR
2026-01-26,ACC0000007037,362549.99,0.0,0.0,362549.99,NPR
2026-01-26,ACC0000007038,263028.99,20390.28,10025.77,273393.5,NPR
2026-01-26,ACC0000007039,409938.26,31855.08,15146.3,426647.04,NPR
2026-01-26,ACC0000007040,22945.7,0.0,40512.93,-17567.23,NPR
2026-01-26,ACC0000007041,283548.9,33060.82,122746.39,193863.33,NPR
2026-01-26,ACC0000007042,274163.95,86325.23,65293.09,295196.09,NPR
2026-01-26,ACC0000007043,348969.83,51046.83,60953.1,339063.56,NPR
2026-01-26,ACC0000007044,49838.01,0.0,105266.3,-55428.29,NPR
2026-01-26,ACC0000007045,223928.7,49366.86,70945.29,202350.27,NPR
2026-01-26,ACC0000007046,331468.5,0.0,0.0,331468.5,NPR
2026-01-26,ACC0000007047,197077.87,0.0,5982.12,191095.75,NPR
2026-01-26,ACC0000007048,201119.33,0.0,48402.31,152717.02,NPR
2026-01-26,ACC0000007049,174958.55,0.0,129043.93,45914.62,NPR
2026-01-26,ACC0000007050,220474.92,0.0,117662.65,102812.27,NPR
2026-01-26,ACC0000007051,54969.8,79526.85,15499.35,118997.3,NPR
2026-01-26,ACC0000007052,384824.09,0.0,0.0,384824.09,NPR
2026-01-26,ACC0000007053,392034.88,0.0,119067.63,272967.25,NPR
2026-01-26,ACC0000007054,238205.24,0.0,84100.48,154104.76,NPR
2026-01-26,ACC0000007055,65126.73,0.0,0.0,65126.73,NPR
2026-01-26,ACC0000007056,154541.57,15432.2,38210.25,131763.52,NPR
2026-01-26,ACC0000007057,215815.44,0.0,137590.32,78225.12,NPR
2026-01-26,ACC0000007058,439225.8,0.0,27615.9,411609.9,NPR
2026-01-26,ACC0000007059,172261.82,0.0,36114.86,136146.96,NPR
2026-01-26,ACC0000007060,123510.76,36796.42,14659.0,145648.18,NPR
2026-01-26,ACC0000007061,351526.32,14691.31,29984.3,336233.33,NPR
2026-01-26,ACC0000007062,161679.76,11493.31,156758.16,16414.91,NPR
2026-01-26,ACC0000007063,256475.61,0.0,0.0,256475.61,NPR
2026-01-26,ACC0000007064,161000.45,31099.84,0.0,192100.29,NPR
2026-01-26,ACC0000007065,428674.84,49451.76,74179.27,403947.33,NPR
2026-01-26,ACC0000007066,203672.61,0.0,95473.76,108198.85,NPR
2026-01-26,ACC0000007067,240711.22,0.0,23519.55,217191.67,NPR
2026-01-26,ACC0000007068,424146.47,0.0,0.0,424146.47,NPR
2026-01-26,ACC0000007069,69074.97,0.0,69920.38,-845.41,NPR
2026-01-26,ACC0000007070,29663.97,0.0,49144.06,-19480.09,NPR
2026-01-26,ACC0000007071,166193.7,0.0,4713.41,161480.29,NPR
2026-01-26,ACC0000007072,487900.52,0.0,60598.08,427302.44,NPR
2026-01-26,ACC0000007073,289476.92,0.0,0.0,289476.92,NPR
2026-01-26,ACC0000007074,45436.43,163329.6,16368.59,192397.44,NPR
2026-01-26,ACC0000007075,421759.37,12452.47,79457.49,354754.35,NPR
2026-01-26,ACC0000007076,286074.67,11783.7,34201.48,263656.89,NPR
2026-01-26,ACC0000007077,418689.14,0.0,0.0,418689.14,NPR
2026-01-26,ACC0000007078,282456.18,0.0,69513.9,212942.28,NPR
2026-01-26,ACC0000007079,338459.2,0.0,97967.64,240491.56,NPR
2026-01-26,ACC0000007080,175777.98,0.0,0.0,175777.98,NPR
2026-01-26,ACC0000007081,454389.63,0.0,14598.15,439791.48,NPR
2026-01-26,ACC0000007082,105401.85,56123.31,74059.4,87465.76,NPR
2026-01-26,ACC0000007083,168620.03,0.0,0.0,168620.03,NPR
2026-01-26,ACC0000007084,131876.35,0.0,24852.02,107024.33,NPR
2026-01-26,ACC0000007085,35133.92,0.0,27992.95,7140.97,NPR
2026-01-26,ACC0000007086,160744.45,0.0,40674.23,120070.22,NPR
2026-01-26,ACC0000007087,262144.02,103478.62,7294.41,358328.23,NPR
2026-01-26,ACC0000007088,331657.19,36155.45,129048.27,238764.37,NPR
2026-01-26,ACC0000007089,454894.51,0.0,50587.7,404306.81,NPR
2026-01-26,ACC0000007090,162544.07,0.0,106371.41,56172.66,NPR
2026-01-26,ACC0000007091,309822.15,0.0,0.0,309822.15,NPR
2026-01-26,ACC0000007092,137370.39,36067.31,59149.63,114288.07,NPR
2026-01-26,ACC0000007093,301043.95,0.0,71202.53,229841.42,NPR
2026-01-26,ACC0000007094,443558.0,0.0,51488.45,392069.55,NPR
2026-01-26,ACC0000007095,277417.24,0.0,0.0,277417.24,NPR
2026-01-26,ACC0000007096,246189.41,39478.8,40473.03,245195.18,NPR
2026-01-26,ACC0000007097,391891.26,0.0,0.0,391891.26,NPR
2026-01-26,ACC0000007098,482847.15,44127.29,61622.48,465351.96,NPR
2026-01-26,ACC0000007099,102737.85,0.0,161668.56,-58930.71,NPR
2026-01-26,ACC0000007100,255205.98,0.0,0.0,255205.98,NPR
2026-01-26,ACC0000007101,310185.37,0.0,0.0,310185.37,NPR
2026-01-26,ACC0000007102,459624.59,7605.83,56467.2,410763.22,NPR
2026-01-26,ACC0000007103,190543.47,0.0,16755.09,173788.38,NPR
2026-01-26,ACC0000007104,324633.41,0.0,18635.44,305997.97,NPR
2026-01-26,ACC0000007105,131182.19,45970.08,102749.41,74402.86,NPR
2026-01-26,ACC0000007106,114979.29,14870.47,45165.68,84684.08,NPR
2026-01-26,ACC0000007107,293275.39,0.0,123046.49,170228.9,NPR
2026-01-26,ACC0000007108,58511.76,0.0,0.0,58511.76,NPR
2026-01-26,ACC0000007109,167369.3,7032.42,0.0,174401.72,NPR
2026-01-26,ACC0000007110,128635.59,0.0,155213.49,-26577.9,NPR
2026-01-26,ACC0000007111,370822.03,0.0,0.0,370822.03,NPR
2026-01-26,ACC0000007112,278504.76,0.0,111482.25,167022.51,NPR
2026-01-26,ACC0000007113,340136.05,0.0,0.0,340136.05,NPR
2026-01-26,ACC0000007114,415102.33,0.0,124818.99,290283.34,NPR
2026-01-26,ACC0000007115,403819.46,0.0,15548.39,388271.07,NPR
2026-01-26,ACC0000007116,423010.0,0.0,44893.0,378117.0,NPR
2026-01-26,ACC0000007117,172180.49,30955.1,67512.24,135623.35,NPR
2026-01-26,ACC0000007118,256733.71,22527.28,31742.42,247518.57,NPR
2026-01-26,ACC0000007119,385727.57,0.0,0.0,385727.57,NPR
2026-01-26,ACC0000007120,447161.04,0.0,38162.41,408998.63,NPR
2026-01-26,ACC0000007121,332324.14,0.0,75918.98,256405.16,NPR
2026-01-26,ACC0000007122,121031.89,0.0,0.0,121031.89,NPR
2026-01-26,ACC0000007123,130963.82,0.0,20624.16,110339.66,NPR
2026-01-26,ACC0000007124,49357.8,0.0,0.0,49357.8,NPR
2026-01-26,ACC0000007125,71962.35,0.0,0.0,71962.35,NPR
2026-01-26,ACC0000007126,254189.63,0.0,0.0,254189.63,NPR
2026-01-26,ACC0000007127,195357.91,0.0,0.0,195357.91,NPR
2026-01-26,ACC0000007128,116638.7,0.0,37909.97,78728.73,NPR
2026-01-26,ACC0000007129,275266.65,0.0,32186.06,243080.59,NPR
2026-01-26,ACC0000007130,92108.92,0.0,3236.08,88872.84,NPR
2026-01-26,ACC0000007131,143010.28,9666.65,30885.58,121791.35,NPR
2026-01-26,ACC0000007132,401086.35,0.0,86141.08,314945.27,NPR
2026-01-26,ACC0000007133,463478.18,0.0,8354.07,455124.11,NPR
2026-01-26,ACC0000007134,340716.9,0.0,201475.05,139241.85,NPR
2026-01-26,ACC0000007135,114824.14,0.0,0.0,114824.14,NPR
2026-01-26,ACC0000007136,326735.98,47624.19,0.0,374360.17,NPR
2026-01-26,ACC0000007137,107390.92,0.0,136718.51,-29327.59,NPR
2026-01-26,ACC0000007138,204788.51,0.0,0.0,204788.51,NPR
2026-01-26,ACC0000007139,421082.73,0.0,0.0,421082.73,NPR
2026-01-26,ACC0000007140,368187.44,0.0,36845.57,331341.87,NPR
2026-01-26,ACC0000007141,455153.11,0.0,35997.9,419155.21,NPR
2026-01-26,ACC0000007142,207330.3,0.0,13187.24,194143.06,NPR
2026-01-26,ACC0000007143,19559.53,0.0,24552.38,-4992.85,NPR
2026-01-26,ACC0000007144,304336.45,0.0,0.0,304336.45,NPR
2026-01-26,ACC0000007145,242743.25,0.0,57104.67,185638.58,NPR
2026-01-26,ACC0000007146,74564.59,0.0,10037.93,64526.66,NPR
2026-01-26,ACC0000007147,51210.37,0.0,56513.96,-5303.59,NPR
2026-01-26,ACC0000007148,388531.8,0.0,0.0,388531.8,NPR
2026-01-26,ACC0000007149,63592.91,0.0,0.0,63592.91,NPR
2026-01-26,ACC0000007150,491490.88,15643.13,133623.31,373510.7,NPR
2026-01-26,ACC0000007151,372949.55,0.0,0.0,372949.55,NPR
2026-01-26,ACC0000007152,124203.32,0.0,0.0,124203.32,NPR
2026-01-26,ACC0000007153,166391.78,0.0,129700.14,36691.64,NPR
2026-01-26,ACC0000007154,391903.84,0.0,0.0,391903.84,NPR
2026-01-26,ACC0000007155,307523.43,15724.58,86330.68,236917.33,NPR
2026-01-26,ACC0000007156,16826.52,45067.13,59448.62,2445.03,NPR
2026-01-26,ACC0000007157,126550.95,44353.28,51605.74,119298.49,NPR
2026-01-26,ACC0000007158,437043.89,52288.4,97236.95,392095.34,NPR
2026-01-26,ACC0000007159,454153.37,0.0,0.0,454153.37,NPR
2026-01-26,ACC0000007160,207203.92,0.0,0.0,207203.92,NPR
2026-01-26,ACC0000007161,112903.2,0.0,0.0,112903.2,NPR
2026-01-26,ACC0000007162,212077.47,0.0,0.0,212077.47,NPR
2026-01-26,ACC0000007163,28781.91,92872.95,75072.12,46582.74,NPR
2026-01-26,ACC0000007164,183793.39,0.0,0.0,183793.39,NPR
2026-01-26,ACC0000007165,142467.83,8260.49,45864.87,104863.45,NPR
2026-01-26,ACC0000007166,163931.34,0.0,0.0,163931.34,NPR
2026-01-26,ACC0000007167,366147.33,0.0,0.0,366147.33,NPR
2026-01-26,ACC0000007168,259169.3,0.0,110024.57,149144.73,NPR
2026-01-26,ACC0000007169,70883.33,13591.41,143059.31,-58584.57,NPR
2026-01-26,ACC0000007170,482100.89,9421.31,138225.4,353296.8,NPR
2026-01-26,ACC0000007171,425192.99,0.0,0.0,425192.99,NPR
2026-01-26,ACC0000007172,5934.65,24877.9,37982.11,-7169.56,NPR
2026-01-26,ACC0000007173,65710.67,28873.95,34351.11,60233.51,NPR
2026-01-26,ACC0000007174,277857.43,44077.26,3157.08,318777.61,NPR
2026-01-26,ACC0000007175,83847.62,0.0,38959.53,44888.09,NPR
2026-01-26,ACC0000007176,158375.22,32818.42,19891.03,171302.61,NPR
2026-01-26,ACC0000007177,147881.21,37991.04,76857.65,109014.6,NPR
2026-01-26,ACC0000007178,98017.67,19576.11,23218.79,94374.99,NPR
2026-01-26,ACC0000007179,208209.68,0.0,47779.4,160430.28,NPR
2026-01-26,ACC0000007180,260662.95,33402.14,39178.58,254886.51,NPR
2026-01-26,ACC0000007181,255457.24,0.0,0.0,255457.24,NPR
2026-01-26,ACC0000007182,474061.67,32172.17,121270.37,384963.47,NPR
2026-01-26,ACC0000007183,276105.45,0.0,13916.33,262189.12,NPR
2026-01-26,ACC0000007184,486229.44,0.0,0.0,486229.44,NPR
2026-01-26,ACC0000007185,115439.44,0.0,98997.4,16442.04,NPR
2026-01-26,ACC0000007186,360509.39,0.0,6437.71,354071.68,NPR
2026-01-26,ACC0000007187,482466.15,0.0,0.0,482466.15,NPR
2026-01-26,ACC0000007188,110936.58,0.0,6945.96,103990.62,NPR
2026-01-26,ACC0000007189,11471.67,0.0,27387.27,-15915.6,NPR
2026-01-26,ACC0000007190,124090.08,0.0,28442.63,95647.45,NPR
2026-01-26,ACC0000007191,177012.24,0.0,7960.26,169051.98,NPR
2026-01-26,ACC0000007192,355562.83,16923.18,64476.79,308009.22,NPR
2026-01-26,ACC0000007193,367798.85,0.0,0.0,367798.85,NPR
2026-01-26,ACC0000007194,274116.18,0.0,88358.88,185757.3,NPR
2026-01-26,ACC0000007195,393495.92,0.0,0.0,393495.92,NPR
2026-01-26,ACC0000007196,121812.12,0.0,0.0,121812.12,NPR
2026-01-26,ACC0000007197,453099.25,0.0,103800.03,349299.22,NPR
2026-01-26,ACC0000007198,496922.61,0.0,0.0,496922.61,NPR
2026-01-26,ACC0000007199,255949.06,0.0,17512.88,238436.18,NPR
2026-01-26,ACC0000007200,351444.2,5831.31,9219.75,348055.76,NPR
2026-01-26,ACC0000007201,270794.86,0.0,53743.64,217051.22,NPR
2026-01-26,ACC0000007202,133364.03,35285.24,19738.48,148910.79,NPR
2026-01-26,ACC0000007203,459613.79,36252.6,34750.64,461115.75,NPR
2026-01-26,ACC0000007204,423823.16,0.0,119174.3,304648.86,NPR
2026-01-26,ACC0000007205,110595.9,0.0,0.0,110595.9,NPR
2026-01-26,ACC0000007206,161347.47,0.0,0.0,161347.47,NPR
2026-01-26,ACC0000007207,412303.23,0.0,0.0,412303.23,NPR
2026-01-26,ACC0000007208,288904.93,0.0,55138.57,233766.36,NPR
2026-01-26,ACC0000007209,159509.44,43118.81,24887.85,177740.4,NPR
2026-01-26,ACC0000007210,192488.35,8179.48,177099.26,23568.57,NPR
2026-01-26,ACC0000007211,278745.23,0.0,86530.3,192214.93,NPR
2026-01-26,ACC0000007212,200825.14,0.0,67100.63,133724.51,NPR
2026-01-26,ACC0000007213,53615.2,0.0,25700.92,27914.28,NPR
2026-01-26,ACC0000007214,453740.98,0.0,34885.61,418855.37,NPR
2026-01-26,ACC0000007215,38052.77,0.0,23760.83,14291.94,NPR
2026-01-26,ACC0000007216,357979.96,0.0,78360.24,279619.72,NPR
2026-01-26,ACC0000007217,207511.34,0.0,58636.96,148874.38,NPR
2026-01-26,ACC0000007218,297857.89,0.0,0.0,297857.89,NPR
2026-01-26,ACC0000007219,470986.65,11391.12,67628.28,414749.49,NPR
2026-01-26,ACC0000007220,453440.88,34819.38,35985.25,452275.01,NPR
2026-01-26,ACC0000007221,218066.96,0.0,21824.69,196242.27,NPR
2026-01-26,ACC0000007222,455094.29,0.0,47624.79,407469.5,NPR
2026-01-26,ACC0000007223,440923.79,0.0,177978.79,262945.0,NPR
2026-01-26,ACC0000007224,354456.52,44991.48,87109.08,312338.92,NPR
2026-01-26,ACC0000007225,239755.36,0.0,65034.9,174720.46,NPR
2026-01-26,ACC0000007226,196520.98,0.0,86213.79,110307.19,NPR
2026-01-26,ACC0000007227,154590.72,0.0,105964.93,48625.79,NPR
2026-01-26,ACC0000007228,50831.85,0.0,109808.2,-58976.35,NPR
2026-01-26,ACC0000007229,205286.3,0.0,0.0,205286.3,NPR
2026-01-26,ACC0000007230,182410.59,0.0,80365.39,102045.2,NPR
2026-01-26,ACC0000007231,257089.83,33123.78,63038.28,227175.33,NPR
2026-01-26,ACC0000007232,172654.24,0.0,0.0,172654.24,NPR
2026-01-26,ACC0000007233,136196.81,40067.9,25518.83,150745.88,NPR
2026-01-26,ACC0000007234,9591.4,3113.57,110638.28,-97933.31,NPR
2026-01-26,ACC0000007235,107594.57,0.0,5101.72,102492.85,NPR
2026-01-26,ACC0000007236,197972.17,0.0,37431.42,160540.75,NPR
2026-01-26,ACC0000007237,193092.68,9703.53,61427.07,141369.14,NPR
2026-01-26,ACC0000007238,339483.59,70637.56,41974.52,368146.63,NPR
2026-01-26,ACC0000007239,35044.28,0.0,27749.69,7294.59,NPR
2026-01-26,ACC0000007240,238457.7,0.0,20866.14,217591.56,NPR
2026-01-26,ACC0000007241,407037.54,30159.38,155412.99,281783.93,NPR
2026-01-26,ACC0000007242,374277.28,24959.19,10274.01,388962.46,NPR
2026-01-26,ACC0000007243,476569.72,24084.72,44674.88,455979.56,NPR
2026-01-26,ACC0000007244,456485.13,0.0,0.0,456485.13,NPR
2026-01-26,ACC0000007245,471766.28,23630.37,61065.14,434331.51,NPR
2026-01-26,ACC0000007246,437182.73,0.0,110418.52,326764.21,NPR
2026-01-26,ACC0000007247,42381.15,0.0,120166.97,-77785.82,NPR
2026-01-26,ACC0000007248,340688.18,41629.14,47472.04,334845.28,NPR
2026-01-26,ACC0000007249,110316.04,31848.77,35845.64,106319.17,NPR
2026-01-26,ACC0000007250,46450.75,0.0,63774.16,-17323.41,NPR
2026-01-26,ACC0000007251,239244.94,0.0,37261.26,201983.68,NPR
2026-01-26,ACC0000007252,61316.1,0.0,58900.94,2415.16,NPR
2026-01-26,ACC0000007253,85311.48,0.0,2621.18,82690.3,NPR
2026-01-26,ACC0000007254,244610.88,0.0,79526.68,165084.2,NPR
2026-01-26,ACC0000007255,26926.38,44032.67,36902.39,34056.66,NPR
2026-01-26,ACC0000007256,197395.59,75978.42,2934.07,270439.94,NPR
2026-01-26,ACC0000007257,225601.03,41204.13,18750.57,248054.59,NPR
2026-01-26,ACC0000007258,294075.15,32804.49,76324.6,250555.04,NPR
2026-01-26,ACC0000007259,30551.19,0.0,3328.62,27222.57,NPR
2026-01-26,ACC0000007260,170399.07,0.0,59291.62,111107.45,NPR
2026-01-26,ACC0000007261,471439.75,0.0,0.0,471439.75,NPR
2026-01-26,ACC0000007262,351770.34,0.0,74906.11,276864.23,NPR
2026-01-26,ACC0000007263,316875.41,60359.82,49644.94,327590.29,NPR
2026-01-26,ACC0000007264,422140.84,18486.88,20346.92,420280.8,NPR
2026-01-26,ACC0000007265,464901.78,67823.34,57317.99,475407.13,NPR
2026-01-26,ACC0000007266,369269.84,46479.04,45979.52,369769.36,NPR
2026-01-26,ACC0000007267,344289.28,26242.0,47748.69,322782.59,NPR
2026-01-26,ACC0000007268,490059.16,0.0,95190.51,394868.65,NPR
2026-01-26,ACC0000007269,466075.46,22128.2,11390.54,476813.12,NPR
2026-01-26,ACC0000007270,366362.47,23156.22,36039.2,353479.49,NPR
2026-01-26,ACC0000007271,136223.14,31782.87,98800.01,69206.0,NPR
2026-01-26,ACC0000007272,321214.57,14193.77,120637.94,214770.4,NPR
2026-01-26,ACC0000007273,226276.7,0.0,77973.19,148303.51,NPR
2026-01-26,ACC0000007274,39367.21,29832.83,57150.35,12049.69,NPR
2026-01-26,ACC0000007275,403072.73,0.0,45401.97,357670.76,NPR
2026-01-26,ACC0000007276,361517.87,0.0,170551.31,190966.56,NPR
2026-01-26,ACC0000007277,83310.22,0.0,34925.62,48384.6,NPR
2026-01-26,ACC0000007278,69217.26,0.0,41439.79,27777.47,NPR
2026-01-26,ACC0000007279,84586.22,15472.81,0.0,100059.03,NPR
2026-01-26,ACC0000007280,112036.34,0.0,96415.79,15620.55,NPR
2026-01-26,ACC0000007281,303542.04,0.0,105344.89,198197.15,NPR
2026-01-26,ACC0000007282,3785.53,0.0,77123.05,-73337.52,NPR
2026-01-26,ACC0000007283,481830.68,0.0,137811.27,344019.41,NPR
2026-01-26,ACC0000007284,368682.04,12428.47,60289.81,320820.7,NPR
2026-01-26,ACC0000007285,8954.36,0.0,77261.96,-68307.6,NPR
2026-01-26,ACC0000007286,254237.97,0.0,44276.36,209961.61,NPR
2026-01-26,ACC0000007287,142170.04,0.0,58761.63,83408.41,NPR
2026-01-26,ACC0000007288,173505.08,0.0,39777.82,133727.26,NPR
2026-01-26,ACC0000007289,354988.83,0.0,48294.58,306694.25,NPR
2026-01-26,ACC0000007290,215702.89,0.0,40754.44,174948.45,NPR
2026-01-26,ACC0000007291,27880.35,38398.55,28047.61,38231.29,NPR
2026-01-26,ACC0000007292,310404.98,9063.97,28371.79,291097.16,NPR
2026-01-26,ACC0000007293,148300.96,0.0,8584.12,139716.84,NPR
2026-01-26,ACC0000007294,392375.54,23480.3,22537.82,393318.02,NPR
2026-01-26,ACC0000007295,50741.85,0.0,87819.63,-37077.78,NPR
2026-01-26,ACC0000007296,356383.72,0.0,18856.18,337527.54,NPR
2026-01-26,ACC0000007297,257473.78,45502.08,820.34,302155.52,NPR
2026-01-26,ACC0000007298,348331.54,44708.88,106859.32,286181.1,NPR
2026-01-26,ACC0000007299,185347.4,0.0,21883.78,163463.62,NPR
2026-01-26,ACC0000007300,391478.77,0.0,69261.99,322216.78,NPR
2026-01-26,ACC0000007301,455836.0,0.0,0.0,455836.0,NPR
2026-01-26,ACC0000007302,416122.61,0.0,31723.73,384398.88,NPR
2026-01-26,ACC0000007303,382211.25,0.0,48316.21,333895.04,NPR
2026-01-26,ACC0000007304,351351.2,0.0,58333.34,293017.86,NPR
2026-01-26,ACC0000007305,380693.3,44079.34,0.0,424772.64,NPR
2026-01-26,ACC0000007306,58554.9,15451.02,0.0,74005.92,NPR
2026-01-26,ACC0000007307,419580.74,0.0,0.0,419580.74,NPR
2026-01-26,ACC0000007308,216765.37,19784.33,133139.74,103409.96,NPR
2026-01-26,ACC0000007309,298127.41,0.0,0.0,298127.41,NPR
2026-01-26,ACC0000007310,7517.37,42184.64,143442.49,-93740.48,NPR
2026-01-26,ACC0000007311,337754.03,95811.05,78489.98,355075.1,NPR
2026-01-26,ACC0000007312,425426.99,0.0,71841.38,353585.61,NPR
2026-01-26,ACC0000007313,102669.39,0.0,69390.93,33278.46,NPR
2026-01-26,ACC0000007314,375356.42,0.0,88695.96,286660.46,NPR
2026-01-26,ACC0000007315,365491.95,30941.45,21428.58,375004.82,NPR
2026-01-26,ACC0000007316,355451.45,60150.38,38527.82,377074.01,NPR
2026-01-26,ACC0000007317,62831.51,0.0,51531.85,11299.66,NPR
2026-01-26,ACC0000007318,382327.69,26819.46,4716.05,404431.1,NPR
2026-01-26,ACC0000007319,39304.92,0.0,28576.06,10728.86,NPR
2026-01-26,ACC0000007320,11940.94,33267.08,52231.27,-7023.25,NPR
2026-01-26,ACC0000007321,84939.58,6883.16,44752.46,47070.28,NPR
2026-01-26,ACC0000007322,59695.74,40447.56,10875.01,89268.29,NPR
2026-01-26,ACC0000007323,208369.47,0.0,0.0,208369.47,NPR
2026-01-26,ACC0000007324,475043.79,0.0,0.0,475043.79,NPR
2026-01-26,ACC0000007325,177184.58,47496.45,28474.79,196206.24,NPR
2026-01-26,ACC0000007326,219947.75,0.0,25612.25,194335.5,NPR
2026-01-26,ACC0000007327,138013.1,0.0,79661.51,58351.59,NPR
2026-01-26,ACC0000007328,450548.75,0.0,22143.72,428405.03,NPR
2026-01-26,ACC0000007329,479869.06,0.0,15364.3,464504.76,NPR
2026-01-26,ACC0000007330,442380.3,0.0,0.0,442380.3,NPR
2026-01-26,ACC0000007331,203568.09,0.0,72701.35,130866.74,NPR
2026-01-26,ACC0000007332,437298.45,74984.11,6809.63,505472.93,NPR
2026-01-26,ACC0000007333,423539.88,2046.61,97424.88,328161.61,NPR
2026-01-26,ACC0000007334,92524.78,12150.55,34271.5,70403.83,NPR
2026-01-26,ACC0000007335,127416.94,0.0,36568.84,90848.1,NPR
2026-01-26,ACC0000007336,491329.17,0.0,0.0,491329.17,NPR
2026-01-26,ACC0000007337,446374.72,0.0,115407.69,330967.03,NPR
2026-01-26,ACC0000007338,211400.07,0.0,0.0,211400.07,NPR
2026-01-26,ACC0000007339,162624.63,0.0,0.0,162624.63,NPR
2026-01-26,ACC0000007340,246289.22,0.0,0.0,246289.22,NPR
2026-01-26,ACC0000007341,488082.75,47371.36,32885.99,502568.12,NPR
2026-01-26,ACC0000007342,138071.65,0.0,57129.01,80942.64,NPR
2026-01-26,ACC0000007343,480426.06,42072.64,34429.74,488068.96,NPR
2026-01-26,ACC0000007344,264761.03,0.0,0.0,264761.03,NPR
2026-01-26,ACC0000007345,328282.24,42971.6,94747.86,276505.98,NPR
2026-01-26,ACC0000007346,310884.08,0.0,25802.35,285081.73,NPR
2026-01-26,ACC0000007347,40306.02,3111.73,20189.84,23227.91,NPR
2026-01-26,ACC0000007348,412844.87,22460.33,41878.02,393427.18,NPR
2026-01-26,ACC0000007349,200329.91,49926.93,25699.08,224557.76,NPR
2026-01-26,ACC0000007350,117190.93,0.0,94180.21,23010.72,NPR
2026-01-26,ACC0000007351,267371.79,0.0,0.0,267371.79,NPR
2026-01-26,ACC0000007352,471900.08,30701.36,0.0,502601.44,NPR
2026-01-26,ACC0000007353,366191.71,0.0,99086.74,267104.97,NPR
2026-01-26,ACC0000007354,257094.19,0.0,227028.09,30066.1,NPR
2026-01-26,ACC0000007355,385287.61,0.0,110265.11,275022.5,NPR
2026-01-26,ACC0000007356,480264.6,30159.55,36793.75,473630.4,NPR
2026-01-26,ACC0000007357,438065.67,0.0,6683.58,431382.09,NPR
2026-01-26,ACC0000007358,184092.65,0.0,39083.55,145009.1,NPR
2026-01-26,ACC0000007359,62895.51,0.0,47750.49,15145.02,NPR
2026-01-26,ACC0000007360,418453.38,0.0,71371.13,347082.25,NPR
2026-01-26,ACC0000007361,66920.85,0.0,59629.96,7290.89,NPR
2026-01-26,ACC0000007362,489251.92,0.0,14233.29,475018.63,NPR
2026-01-26,ACC0000007363,1017.9,0.0,0.0,1017.9,NPR
2026-01-26,ACC0000007364,39831.47,0.0,93306.37,-53474.9,NPR
2026-01-26,ACC0000007365,80866.84,30632.54,0.0,111499.38,NPR
2026-01-26,ACC0000007366,406385.82,37033.05,27613.51,415805.36,NPR
2026-01-26,ACC0000007367,373115.96,0.0,104124.21,268991.75,NPR
2026-01-26,ACC0000007368,451478.59,24136.82,69264.81,406350.6,NPR
2026-01-26,ACC0000007369,249775.94,0.0,78496.41,171279.53,NPR
2026-01-26,ACC0000007370,10058.92,0.0,0.0,10058.92,NPR
2026-01-26,ACC0000007371,351176.16,13781.1,31545.3,333411.96,NPR
2026-01-26,ACC0000007372,199604.03,0.0,0.0,199604.03,NPR
2026-01-26,ACC0000007373,33435.0,21665.36,50579.63,4520.73,NPR
2026-01-26,ACC0000007374,86867.43,3113.4,50106.52,39874.31,NPR
2026-01-26,ACC0000007375,488103.9,0.0,202084.45,286019.45,NPR
2026-01-26,ACC0000007376,382081.85,0.0,0.0,382081.85,NPR
2026-01-26,ACC0000007377,370485.7,0.0,42857.49,327628.21,NPR
2026-01-26,ACC0000007378,321341.84,0.0,14197.68,307144.16,NPR
2026-01-26,ACC0000007379,90033.94,0.0,3426.4,86607.54,NPR
2026-01-26,ACC0000007380,311760.47,0.0,83067.9,228692.57,NPR
2026-01-26,ACC0000007381,462598.36,0.0,79658.34,382940.02,NPR
2026-01-26,ACC0000007382,54151.43,0.0,0.0,54151.43,NPR
2026-01-26,ACC0000007383,282137.33,0.0,40173.81,241963.52,NPR
2026-01-26,ACC0000007384,44428.37,32417.42,26357.83,50487.96,NPR
2026-01-26,ACC0000007385,26028.65,0.0,103078.45,-77049.8,NPR
2026-01-26,ACC0000007386,53419.61,48255.14,39044.11,62630.64,NPR
2026-01-26,ACC0000007387,44269.67,0.0,0.0,44269.67,NPR
2026-01-26,ACC0000007388,394129.74,0.0,33477.85,360651.89,NPR
2026-01-26,ACC0000007389,332894.34,0.0,32975.0,299919.34,NPR
2026-01-26,ACC0000007390,88105.38,0.0,60621.49,27483.89,NPR
2026-01-26,ACC0000007391,431215.61,0.0,84258.14,346957.47,NPR
2026-01-26,ACC0000007392,442211.76,43008.47,96222.98,388997.25,NPR
2026-01-26,ACC0000007393,257662.14,0.0,60524.03,197138.11,NPR
2026-01-26,ACC0000007394,420063.66,19159.01,71764.45,367458.22,NPR
2026-01-26,ACC0000007395,42695.91,0.0,28195.7,14500.21,NPR
2026-01-26,ACC0000007396,98527.18,0.0,131566.87,-33039.69,NPR
2026-01-26,ACC0000007397,311764.19,42875.52,50852.82,303786.89,NPR
2026-01-26,ACC0000007398,447630.85,2855.31,47543.5,402942.66,NPR
2026-01-26,ACC0000007399,498006.79,0.0,69644.19,428362.6,NPR
2026-01-26,ACC0000007400,89506.72,0.0,60741.29,28765.43,NPR
2026-01-26,ACC0000007401,5562.0,0.0,0.0,5562.0,NPR
2026-01-26,ACC0000007402,49615.39,0.0,9576.92,40038.47,NPR
2026-01-26,ACC0000007403,337840.32,0.0,35181.83,302658.49,NPR
2026-01-26,ACC0000007404,29732.29,33623.0,104192.73,-40837.44,NPR
2026-01-26,ACC0000007405,491848.57,0.0,29368.02,462480.55,NPR
2026-01-26,ACC0000007406,67580.67,0.0,109308.37,-41727.7,NPR
2026-01-26,ACC0000007407,324556.79,66386.21,24136.99,366806.01,NPR
2026-01-26,ACC0000007408,181018.16,39168.73,113553.11,106633.78,NPR
2026-01-26,ACC0000007409,281209.92,0.0,0.0,281209.92,NPR
2026-01-26,ACC0000007410,485158.82,46549.61,10798.18,520910.25,NPR
2026-01-26,ACC0000007411,473998.23,0.0,0.0,473998.23,NPR
2026-01-26,ACC0000007412,187882.7,0.0,94347.04,93535.66,NPR
2026-01-26,ACC0000007413,139358.91,0.0,79233.19,60125.72,NPR
2026-01-26,ACC0000007414,275303.78,37592.38,100310.2,212585.96,NPR
2026-01-26,ACC0000007415,165138.82,27590.75,66156.16,126573.41,NPR
2026-01-26,ACC0000007416,339671.54,53824.47,67391.0,326105.01,NPR
2026-01-26,ACC0000007417,167886.3,0.0,30539.23,137347.07,NPR
2026-01-26,ACC0000007418,481418.39,0.0,39685.3,441733.09,NPR
2026-01-26,ACC0000007419,56627.82,0.0,7748.94,48878.88,NPR
2026-01-26,ACC0000007420,496897.43,35016.9,25778.62,506135.71,NPR
2026-01-26,ACC0000007421,388175.89,0.0,56768.32,331407.57,NPR
2026-01-26,ACC0000007422,4740.23,0.0,26217.79,-21477.56,NPR
2026-01-26,ACC0000007423,232956.01,0.0,58611.58,174344.43,NPR
2026-01-26,ACC0000007424,44237.12,0.0,38806.24,5430.88,NPR
2026-01-26,ACC0000007425,221005.29,61022.49,13803.76,268224.02,NPR
2026-01-26,ACC0000007426,486052.7,38577.83,112893.53,411737.0,NPR
2026-01-26,ACC0000007427,320314.07,32770.05,27970.47,325113.65,NPR
2026-01-26,ACC0000007428,278789.8,42561.62,106519.83,214831.59,NPR
2026-01-26,ACC0000007429,168426.2,0.0,0.0,168426.2,NPR
2026-01-26,ACC0000007430,391817.8,0.0,112463.91,279353.89,NPR
2026-01-26,ACC0000007431,273036.5,0.0,5245.37,267791.13,NPR
2026-01-26,ACC0000007432,235576.61,36306.9,48694.56,223188.95,NPR
2026-01-26,ACC0000007433,305925.33,0.0,73939.99,231985.34,NPR
2026-01-26,ACC0000007434,49084.32,0.0,0.0,49084.32,NPR
2026-01-26,ACC0000007435,285374.83,0.0,64411.9,220962.93,NPR
2026-01-26,ACC0000007436,462866.27,0.0,130631.19,332235.08,NPR
2026-01-26,ACC0000007437,127983.69,23977.36,62846.49,89114.56,NPR
2026-01-26,ACC0000007438,153020.02,6494.17,105473.32,54040.87,NPR
2026-01-26,ACC0000007439,165699.58,34339.13,37326.54,162712.17,NPR
2026-01-26,ACC0000007440,347462.64,0.0,90475.5,256987.14,NPR
2026-01-26,ACC0000007441,499244.21,0.0,61848.52,437395.69,NPR
2026-01-26,ACC0000007442,439570.95,34272.26,41682.16,432161.05,NPR
2026-01-26,ACC0000007443,347972.57,0.0,38487.42,309485.15,NPR
2026-01-26,ACC0000007444,441841.52,0.0,0.0,441841.52,NPR
2026-01-26,ACC0000007445,75010.05,44882.59,169403.38,-49510.74,NPR
2026-01-26,ACC0000007446,429822.65,0.0,0.0,429822.65,NPR
2026-01-26,ACC0000007447,396040.07,38025.64,14740.89,419324.82,NPR
2026-01-26,ACC0000007448,291994.01,0.0,41552.72,250441.29,NPR
2026-01-26,ACC0000007449,3595.8,0.0,130823.19,-127227.39,NPR
2026-01-26,ACC0000007450,48553.03,0.0,8341.55,40211.48,NPR
2026-01-26,ACC0000007451,379555.86,0.0,57341.96,322213.9,NPR
2026-01-26,ACC0000007452,311001.74,0.0,113203.93,197797.81,NPR
2026-01-26,ACC0000007453,3687.41,46536.58,17861.28,32362.71,NPR
2026-01-26,ACC0000007454,143203.84,0.0,0.0,143203.84,NPR
2026-01-26,ACC0000007455,171005.97,0.0,41746.58,129259.39,NPR
2026-01-26,ACC0000007456,70419.3,0.0,0.0,70419.3,NPR
2026-01-26,ACC0000007457,183319.89,34449.71,9813.53,207956.07,NPR
2026-01-26,ACC0000007458,436853.76,0.0,52949.46,383904.3,NPR
2026-01-26,ACC0000007459,138528.07,44583.91,93412.41,89699.57,NPR
2026-01-26,ACC0000007460,265484.1,0.0,0.0,265484.1,NPR
2026-01-26,ACC0000007461,143642.31,0.0,29598.66,114043.65,NPR
2026-01-26,ACC0000007462,188147.43,34858.28,147936.45,75069.26,NPR
2026-01-26,ACC0000007463,334464.51,28487.76,24420.07,338532.2,NPR
2026-01-26,ACC0000007464,333938.86,0.0,39575.49,294363.37,NPR
2026-01-26,ACC0000007465,178411.71,0.0,0.0,178411.71,NPR
2026-01-26,ACC0000007466,41296.16,0.0,0.0,41296.16,NPR
2026-01-26,ACC0000007467,424786.49,0.0,0.0,424786.49,NPR
2026-01-26,ACC0000007468,379528.94,83320.67,11553.4,451296.21,NPR
2026-01-26,ACC0000007469,200623.38,12628.97,0.0,213252.35,NPR
2026-01-26,ACC0000007470,279098.68,36142.5,151036.89,164204.29,NPR
2026-01-26,ACC0000007471,89455.99,4404.79,40417.79,53442.99,NPR
2026-01-26,ACC0000007472,97665.02,0.0,52750.5,44914.52,NPR
2026-01-26,ACC0000007473,368436.84,49355.63,26549.78,391242.69,NPR
2026-01-26,ACC0000007474,352642.88,0.0,71068.71,281574.17,NPR
2026-01-26,ACC0000007475,182635.64,0.0,0.0,182635.64,NPR
2026-01-26,ACC0000007476,138585.75,0.0,3426.8,135158.95,NPR
2026-01-26,ACC0000007477,386533.54,0.0,0.0,386533.54,NPR
2026-01-26,ACC0000007478,310989.98,0.0,47780.17,263209.81,NPR
2026-01-26,ACC0000007479,469787.26,0.0,12595.85,457191.41,NPR
2026-01-26,ACC0000007480,79507.61,0.0,24173.09,55334.52,NPR
2026-01-26,ACC0000007481,80319.71,17817.55,64490.24,33647.02,NPR
2026-01-26,ACC0000007482,15848.73,0.0,23688.34,-7839.61,NPR
2026-01-26,ACC0000007483,246463.4,12719.3,173933.6,85249.1,NPR
2026-01-26,ACC0000007484,79435.91,48659.32,33162.74,94932.49,NPR
2026-01-26,ACC0000007485,16589.47,47341.39,70341.4,-6410.54,NPR
2026-01-26,ACC0000007486,391472.53,0.0,103052.83,288419.7,NPR
2026-01-26,ACC0000007487,482637.51,0.0,0.0,482637.51,NPR
2026-01-26,ACC0000007488,489331.59,0.0,0.0,489331.59,NPR
2026-01-26,ACC0000007489,461183.9,0.0,0.0,461183.9,NPR
2026-01-26,ACC0000007490,85076.36,0.0,33970.21,51106.15,NPR
2026-01-26,ACC0000007491,258395.67,0.0,31990.5,226405.17,NPR
2026-01-26,ACC0000007492,330440.63,0.0,62960.97,267479.66,NPR
2026-01-26,ACC0000007493,86803.1,46872.58,0.0,133675.68,NPR
2026-01-26,ACC0000007494,242604.76,0.0,82043.25,160561.51,NPR
2026-01-26,ACC0000007495,120925.4,0.0,75560.45,45364.95,NPR
2026-01-26,ACC0000007496,106276.42,0.0,74926.19,31350.23,NPR
2026-01-26,ACC0000007497,166742.88,0.0,0.0,166742.88,NPR
2026-01-26,ACC0000007498,196007.08,0.0,0.0,196007.08,NPR
2026-01-26,ACC0000007499,249834.08,0.0,90527.46,159306.62,NPR
2026-01-26,ACC0000007500,99811.33,20171.41,56030.33,63952.41,NPR
2026-01-26,ACC0000007501,150548.32,0.0,28332.44,122215.88,NPR
2026-01-26,ACC0000007502,378034.67,0.0,0.0,378034.67,NPR
2026-01-26,ACC0000007503,73709.8,0.0,113140.46,-39430.66,NPR
2026-01-26,ACC0000007504,241232.04,0.0,12343.64,228888.4,NPR
2026-01-26,ACC0000007505,307638.62,30464.85,56118.13,281985.34,NPR
2026-01-26,ACC0000007506,411896.69,57985.61,126678.06,343204.24,NPR
2026-01-26,ACC0000007507,317171.16,1813.71,46065.71,272919.16,NPR
2026-01-26,ACC0000007508,22330.44,0.0,85668.42,-63337.98,NPR
2026-01-26,ACC0000007509,146356.1,2576.05,63616.15,85316.0,NPR
2026-01-26,ACC0000007510,207795.74,18910.76,154707.77,71998.73,NPR
2026-01-26,ACC0000007511,65332.57,27061.34,0.0,92393.91,NPR
2026-01-26,ACC0000007512,198025.56,0.0,72112.46,125913.1,NPR
2026-01-26,ACC0000007513,406784.44,0.0,0.0,406784.44,NPR
2026-01-26,ACC0000007514,375032.09,0.0,104138.57,270893.52,NPR
2026-01-26,ACC0000007515,132607.78,0.0,46860.63,85747.15,NPR
2026-01-26,ACC0000007516,372084.76,21210.97,43591.33,349704.4,NPR
2026-01-26,ACC0000007517,310753.29,18403.27,38874.0,290282.56,NPR
2026-01-26,ACC0000007518,262218.5,48052.19,27569.79,282700.9,NPR
2026-01-26,ACC0000007519,356270.39,0.0,118606.08,237664.31,NPR
2026-01-26,ACC0000007520,52344.72,24806.77,41553.09,35598.4,NPR
2026-01-26,ACC0000007521,67284.53,0.0,0.0,67284.53,NPR
2026-01-26,ACC0000007522,457010.52,12279.77,75998.2,393292.09,NPR
2026-01-26,ACC0000007523,243855.65,1318.54,0.0,245174.19,NPR
2026-01-26,ACC0000007524,368377.61,0.0,1684.9,366692.71,NPR
2026-01-26,ACC0000007525,495311.6,0.0,0.0,495311.6,NPR
2026-01-26,ACC0000007526,40614.01,32012.61,48273.12,24353.5,NPR
2026-01-26,ACC0000007527,97417.74,0.0,27740.85,69676.89,NPR
2026-01-26,ACC0000007528,416348.6,0.0,0.0,416348.6,NPR
2026-01-26,ACC0000007529,386125.04,23268.42,141724.62,267668.84,NPR
2026-01-26,ACC0000007530,144621.53,0.0,10601.51,134020.02,NPR
2026-01-26,ACC0000007531,97906.94,0.0,44134.42,53772.52,NPR
2026-01-26,ACC0000007532,113817.12,0.0,105702.94,8114.18,NPR
2026-01-26,ACC0000007533,446485.94,64880.21,16689.91,494676.24,NPR
2026-01-26,ACC0000007534,45753.63,0.0,80230.56,-34476.93,NPR
2026-01-26,ACC0000007535,17848.81,32449.85,70962.63,-20663.97,NPR
2026-01-26,ACC0000007536,134036.11,0.0,0.0,134036.11,NPR
2026-01-26,ACC0000007537,475926.47,34809.0,83024.47,427711.0,NPR
2026-01-26,ACC0000007538,300434.17,0.0,40909.41,259524.76,NPR
2026-01-26,ACC0000007539,34545.52,0.0,20178.28,14367.24,NPR
2026-01-26,ACC0000007540,493430.75,0.0,108260.06,385170.69,NPR
2026-01-26,ACC0000007541,214452.16,0.0,33273.96,181178.2,NPR
2026-01-26,ACC0000007542,250742.52,0.0,0.0,250742.52,NPR
2026-01-26,ACC0000007543,361877.56,0.0,24163.92,337713.64,NPR
2026-01-26,ACC0000007544,188056.4,0.0,0.0,188056.4,NPR
2026-01-26,ACC0000007545,263753.99,0.0,0.0,263753.99,NPR
2026-01-26,ACC0000007546,468412.97,0.0,0.0,468412.97,NPR
2026-01-26,ACC0000007547,241578.77,0.0,102319.94,139258.83,NPR
2026-01-26,ACC0000007548,143096.96,22355.38,92542.04,72910.3,NPR
2026-01-26,ACC0000007549,370277.12,0.0,46633.92,323643.2,NPR
2026-01-26,ACC0000007550,32456.08,0.0,0.0,32456.08,NPR
2026-01-26,ACC0000007551,429005.59,0.0,87091.06,341914.53,NPR
2026-01-26,ACC0000007552,189167.76,8664.5,8934.89,188897.37,NPR
2026-01-26,ACC0000007553,156909.77,24805.61,13539.49,168175.89,NPR
2026-01-26,ACC0000007554,298876.3,0.0,8126.39,290749.91,NPR
2026-01-26,ACC0000007555,358227.31,0.0,31825.38,326401.93,NPR
2026-01-26,ACC0000007556,240787.79,0.0,15001.16,225786.63,NPR
2026-01-26,ACC0000007557,372658.82,0.0,23348.15,349310.67,NPR
2026-01-26,ACC0000007558,493056.8,0.0,38694.3,454362.5,NPR
2026-01-26,ACC0000007559,414583.24,0.0,92816.75,321766.49,NPR
2026-01-26,ACC0000007560,28661.71,0.0,114962.72,-86301.01,NPR
2026-01-26,ACC0000007561,487772.1,0.0,0.0,487772.1,NPR
2026-01-26,ACC0000007562,180615.42,0.0,0.0,180615.42,NPR
2026-01-26,ACC0000007563,449560.52,45315.07,0.0,494875.59,NPR
2026-01-26,ACC0000007564,36625.72,0.0,24383.64,12242.08,NPR
2026-01-26,ACC0000007565,478896.37,0.0,120905.71,357990.66,NPR
2026-01-26,ACC0000007566,126271.26,0.0,47174.9,79096.36,NPR
2026-01-26,ACC0000007567,106745.85,0.0,0.0,106745.85,NPR
2026-01-26,ACC0000007568,202448.28,0.0,11942.23,190506.05,NPR
2026-01-26,ACC0000007569,469192.92,21037.58,26847.96,463382.54,NPR
2026-01-26,ACC0000007570,84051.39,0.0,53431.23,30620.16,NPR
2026-01-26,ACC0000007571,361696.85,39760.09,37327.68,364129.26,NPR
2026-01-26,ACC0000007572,356216.99,0.0,48758.25,307458.74,NPR
2026-01-26,ACC0000007573,394849.57,16753.23,43373.72,368229.08,NPR
2026-01-26,ACC0000007574,436958.33,39518.3,0.0,476476.63,NPR
2026-01-26,ACC0000007575,316117.34,0.0,0.0,316117.34,NPR
2026-01-26,ACC0000007576,479292.23,0.0,0.0,479292.23,NPR
2026-01-26,ACC0000007577,329909.38,41406.11,11544.06,359771.43,NPR
2026-01-26,ACC0000007578,416371.43,0.0,0.0,416371.43,NPR
2026-01-26,ACC0000007579,382672.27,55555.2,35262.12,402965.35,NPR
2026-01-26,ACC0000007580,370862.71,0.0,44030.67,326832.04,NPR
2026-01-26,ACC0000007581,82614.59,0.0,122997.59,-40383.0,NPR
2026-01-26,ACC0000007582,103609.4,0.0,114433.8,-10824.4,NPR
2026-01-26,ACC0000007583,54758.83,41019.66,0.0,95778.49,NPR
2026-01-26,ACC0000007584,395914.61,44471.29,29040.67,411345.23,NPR
2026-01-26,ACC0000007585,320493.35,0.0,30982.32,289511.03,NPR
2026-01-26,ACC0000007586,89531.44,3778.27,57869.82,35439.89,NPR
2026-01-26,ACC0000007587,351321.26,16470.63,108033.98,259757.91,NPR
2026-01-26,ACC0000007588,315443.36,36784.57,38309.83,313918.1,NPR
2026-01-26,ACC0000007589,164644.58,41680.4,37841.48,168483.5,NPR
2026-01-26,ACC0000007590,345651.44,0.0,593.88,345057.56,NPR
2026-01-26,ACC0000007591,123505.71,0.0,19200.16,104305.55,NPR
2026-01-26,ACC0000007592,201442.81,16391.61,7869.28,209965.14,NPR
2026-01-26,ACC0000007593,283275.88,0.0,56184.07,227091.81,NPR
2026-01-26,ACC0000007594,22016.87,0.0,59623.05,-37606.18,NPR
2026-01-26,ACC0000007595,106437.99,0.0,32812.87,73625.12,NPR
2026-01-26,ACC0000007596,431977.28,2590.98,91813.58,342754.68,NPR
2026-01-26,ACC0000007597,342804.12,34314.72,74569.18,302549.66,NPR
2026-01-26,ACC0000007598,156605.46,39177.02,0.0,195782.48,NPR
2026-01-26,ACC0000007599,243585.77,0.0,33066.56,210519.21,NPR
2026-01-26,ACC0000007600,433937.71,0.0,68343.97,365593.74,NPR
2026-01-26,ACC0000007601,21051.03,0.0,35382.25,-14331.22,NPR
2026-01-26,ACC0000007602,95339.13,19031.63,49249.0,65121.76,NPR
2026-01-26,ACC0000007603,216199.82,2160.13,47628.22,170731.73,NPR
2026-01-26,ACC0000007604,441125.14,0.0,0.0,441125.14,NPR
2026-01-26,ACC0000007605,444116.15,44631.52,67337.21,421410.46,NPR
2026-01-26,ACC0000007606,44268.91,19232.34,0.0,63501.25,NPR
2026-01-26,ACC0000007607,158216.21,0.0,59666.57,98549.64,NPR
2026-01-26,ACC0000007608,431643.57,769.8,112128.89,320284.48,NPR
2026-01-26,ACC0000007609,247558.08,48637.39,0.0,296195.47,NPR
2026-01-26,ACC0000007610,289713.85,33612.62,106277.03,217049.44,NPR
2026-01-26,ACC0000007611,318196.95,49506.1,19152.43,348550.62,NPR
2026-01-26,ACC0000007612,360667.13,0.0,49174.22,311492.91,NPR
2026-01-26,ACC0000007613,166830.86,0.0,2966.43,163864.43,NPR
2026-01-26,ACC0000007614,491919.86,17371.87,112528.44,396763.29,NPR
2026-01-26,ACC0000007615,395076.49,0.0,120354.6,274721.89,NPR
2026-01-26,ACC0000007616,352244.34,0.0,7785.55,344458.79,NPR
2026-01-26,ACC0000007617,220789.04,0.0,17296.03,203493.01,NPR
2026-01-26,ACC0000007618,472864.19,0.0,40755.33,432108.86,NPR
2026-01-26,ACC0000007619,481248.67,0.0,42098.34,439150.33,NPR
2026-01-26,ACC0000007620,460870.23,0.0,47964.99,412905.24,NPR
2026-01-26,ACC0000007621,465772.96,0.0,56945.98,408826.98,NPR
2026-01-26,ACC0000007622,133329.4,0.0,23605.71,109723.69,NPR
2026-01-26,ACC0000007623,7591.81,1578.89,52546.03,-43375.33,NPR
2026-01-26,ACC0000007624,461729.49,35333.06,40553.18,456509.37,NPR
2026-01-26,ACC0000007625,445492.7,31667.02,15030.34,462129.38,NPR
2026-01-26,ACC0000007626,237036.56,0.0,83201.12,153835.44,NPR
2026-01-26,ACC0000007627,353928.09,0.0,62428.99,291499.1,NPR
2026-01-26,ACC0000007628,392539.76,36829.82,18555.83,410813.75,NPR
2026-01-26,ACC0000007629,320800.38,0.0,29097.17,291703.21,NPR
2026-01-26,ACC0000007630,411859.33,24171.74,36288.74,399742.33,NPR
2026-01-26,ACC0000007631,239309.36,0.0,24032.15,215277.21,NPR
2026-01-26,ACC0000007632,120170.39,0.0,4981.85,115188.54,NPR
2026-01-26,ACC0000007633,174637.64,0.0,94254.97,80382.67,NPR
2026-01-26,ACC0000007634,357008.53,0.0,39257.57,317750.96,NPR
2026-01-26,ACC0000007635,222325.8,0.0,0.0,222325.8,NPR
2026-01-26,ACC0000007636,436592.46,0.0,0.0,436592.46,NPR
2026-01-26,ACC0000007637,77026.88,25080.1,30540.93,71566.05,NPR
2026-01-26,ACC0000007638,385888.76,0.0,49617.64,336271.12,NPR
2026-01-26,ACC0000007639,496705.65,46327.12,166620.23,376412.54,NPR
2026-01-26,ACC0000007640,155625.01,0.0,87866.64,67758.37,NPR
2026-01-26,ACC0000007641,366139.83,20595.8,54061.07,332674.56,NPR
2026-01-26,ACC0000007642,449601.02,0.0,0.0,449601.02,NPR
2026-01-26,ACC0000007643,210852.57,0.0,141602.34,69250.23,NPR
2026-01-26,ACC0000007644,240081.26,0.0,77759.2,162322.06,NPR
2026-01-26,ACC0000007645,371112.09,0.0,0.0,371112.09,NPR
2026-01-26,ACC0000007646,44066.51,0.0,126289.11,-82222.6,NPR
2026-01-26,ACC0000007647,444866.67,0.0,63152.97,381713.7,NPR
2026-01-26,ACC0000007648,251431.55,0.0,93535.06,157896.49,NPR
2026-01-26,ACC0000007649,376901.75,43617.92,0.0,420519.67,NPR
2026-01-26,ACC0000007650,198987.35,11056.21,0.0,210043.56,NPR
2026-01-26,ACC0000007651,337204.25,24277.43,22517.88,338963.8,NPR
2026-01-26,ACC0000007652,179393.38,0.0,2507.4,176885.98,NPR
2026-01-26,ACC0000007653,284585.77,0.0,40439.7,244146.07,NPR
2026-01-26,ACC0000007654,137422.57,44046.98,37515.03,143954.52,NPR
2026-01-26,ACC0000007655,176358.09,0.0,0.0,176358.09,NPR
2026-01-26,ACC0000007656,421508.35,0.0,70787.9,350720.45,NPR
2026-01-26,ACC0000007657,196617.08,52850.71,81418.97,168048.82,NPR
2026-01-26,ACC0000007658,90840.57,0.0,28547.2,62293.37,NPR
2026-01-26,ACC0000007659,273017.55,38984.49,44577.26,267424.78,NPR
2026-01-26,ACC0000007660,390442.71,0.0,74533.83,315908.88,NPR
2026-01-26,ACC0000007661,28832.75,0.0,91632.52,-62799.77,NPR
2026-01-26,ACC0000007662,68604.75,44475.63,41310.56,71769.82,NPR
2026-01-26,ACC0000007663,490620.26,0.0,0.0,490620.26,NPR
2026-01-26,ACC0000007664,217805.0,0.0,37240.38,180564.62,NPR
2026-01-26,ACC0000007665,266951.87,30145.41,42054.01,255043.27,NPR
2026-01-26,ACC0000007666,174641.57,0.0,76176.5,98465.07,NPR
2026-01-26,ACC0000007667,282140.96,44651.96,0.0,326792.92,NPR
2026-01-26,ACC0000007668,59783.89,0.0,0.0,59783.89,NPR
2026-01-26,ACC0000007669,262475.07,0.0,0.0,262475.07,NPR
2026-01-26,ACC0000007670,335386.16,42498.22,14709.63,363174.75,NPR
2026-01-26,ACC0000007671,400132.87,0.0,67752.84,332380.03,NPR
2026-01-26,ACC0000007672,444150.51,0.0,58549.66,385600.85,NPR
2026-01-26,ACC0000007673,475563.48,75645.99,0.0,551209.47,NPR
2026-01-26,ACC0000007674,202678.32,27221.05,52898.44,177000.93,NPR
2026-01-26,ACC0000007675,202865.25,0.0,3315.5,199549.75,NPR
2026-01-26,ACC0000007676,236150.95,0.0,0.0,236150.95,NPR
2026-01-26,ACC0000007677,474050.92,8024.96,28111.15,453964.73,NPR
2026-01-26,ACC0000007678,289104.24,0.0,144221.99,144882.25,NPR
2026-01-26,ACC0000007679,365128.34,0.0,0.0,365128.34,NPR
2026-01-26,ACC0000007680,75061.37,33327.99,0.0,108389.36,NPR
2026-01-26,ACC0000007681,145066.0,0.0,34655.32,110410.68,NPR
2026-01-26,ACC0000007682,115132.1,0.0,55950.23,59181.87,NPR
2026-01-26,ACC0000007683,269405.34,50197.32,91215.93,228386.73,NPR
2026-01-26,ACC0000007684,371826.15,0.0,40210.1,331616.05,NPR
2026-01-26,ACC0000007685,289256.42,47606.61,0.0,336863.03,NPR
2026-01-26,ACC0000007686,74631.0,0.0,52332.3,22298.7,NPR
2026-01-26,ACC0000007687,199938.18,32769.15,43245.97,189461.36,NPR
2026-01-26,ACC0000007688,486191.44,0.0,65501.72,420689.72,NPR
2026-01-26,ACC0000007689,118972.02,0.0,56705.07,62266.95,NPR
2026-01-26,ACC0000007690,220220.86,36933.65,58299.14,198855.37,NPR
2026-01-26,ACC0000007691,117042.84,0.0,0.0,117042.84,NPR
2026-01-26,ACC0000007692,74445.05,0.0,56893.0,17552.05,NPR
2026-01-26,ACC0000007693,55459.95,0.0,67931.41,-12471.46,NPR
2026-01-26,ACC0000007694,217464.25,29682.34,3825.91,243320.68,NPR
2026-01-26,ACC0000007695,489437.72,38519.28,44419.79,483537.21,NPR
2026-01-26,ACC0000007696,440164.86,0.0,0.0,440164.86,NPR
2026-01-26,ACC0000007697,313264.99,0.0,108089.68,205175.31,NPR
2026-01-26,ACC0000007698,395802.01,0.0,0.0,395802.01,NPR
2026-01-26,ACC0000007699,214970.21,26291.86,75352.27,165909.8,NPR
2026-01-26,ACC0000007700,470970.4,45288.41,28471.49,487787.32,NPR
2026-01-26,ACC0000007701,169434.15,56736.25,90622.3,135548.1,NPR
2026-01-26,ACC0000007702,246819.05,0.0,44081.82,202737.23,NPR
2026-01-26,ACC0000007703,329951.45,0.0,57089.76,272861.69,NPR
2026-01-26,ACC0000007704,106188.85,0.0,35295.22,70893.63,NPR
2026-01-26,ACC0000007705,142708.14,12595.53,24461.75,130841.92,NPR
2026-01-26,ACC0000007706,346838.09,16883.35,45662.76,318058.68,NPR
2026-01-26,ACC0000007707,373124.22,0.0,0.0,373124.22,NPR
2026-01-26,ACC0000007708,70064.16,0.0,42206.62,27857.54,NPR
2026-01-26,ACC0000007709,428646.0,0.0,62735.26,365910.74,NPR
2026-01-26,ACC0000007710,387875.6,0.0,114421.52,273454.08,NPR
2026-01-26,ACC0000007711,470699.7,0.0,0.0,470699.7,NPR
2026-01-26,ACC0000007712,437657.93,0.0,86563.36,351094.57,NPR
2026-01-26,ACC0000007713,100244.04,0.0,66347.67,33896.37,NPR
2026-01-26,ACC0000007714,13554.29,0.0,19921.53,-6367.24,NPR
2026-01-26,ACC0000007715,477338.7,39109.22,50726.08,465721.84,NPR
2026-01-26,ACC0000007716,330784.28,0.0,43501.43,287282.85,NPR
2026-01-26,ACC0000007717,325663.66,67342.92,71903.19,321103.39,NPR
2026-01-26,ACC0000007718,173218.54,0.0,0.0,173218.54,NPR
2026-01-26,ACC0000007719,236544.76,42356.02,13414.96,265485.82,NPR
2026-01-26,ACC0000007720,473610.76,0.0,34431.81,439178.95,NPR
2026-01-26,ACC0000007721,402582.5,24674.9,35431.51,391825.89,NPR
2026-01-26,ACC0000007722,244343.47,49128.64,169589.51,123882.6,NPR
2026-01-26,ACC0000007723,303344.55,4056.15,45361.21,262039.49,NPR
2026-01-26,ACC0000007724,170684.11,0.0,0.0,170684.11,NPR
2026-01-26,ACC0000007725,345184.06,0.0,0.0,345184.06,NPR
2026-01-26,ACC0000007726,242643.68,0.0,45495.24,197148.44,NPR
2026-01-26,ACC0000007727,171128.43,0.0,40215.04,130913.39,NPR
2026-01-26,ACC0000007728,14745.28,0.0,49903.26,-35157.98,NPR
2026-01-26,ACC0000007729,2135.07,12312.09,30088.69,-15641.53,NPR
2026-01-26,ACC0000007730,115395.96,0.0,86085.27,29310.69,NPR
2026-01-26,ACC0000007731,374432.66,0.0,8361.44,366071.22,NPR
2026-01-26,ACC0000007732,438457.01,0.0,0.0,438457.01,NPR
2026-01-26,ACC0000007733,494522.12,6701.39,834.49,500389.02,NPR
2026-01-26,ACC0000007734,35204.92,0.0,0.0,35204.92,NPR
2026-01-26,ACC0000007735,298931.15,41199.94,74897.89,265233.2,NPR
2026-01-26,ACC0000007736,281055.45,45450.06,55194.43,271311.08,NPR
2026-01-26,ACC0000007737,228427.47,23026.04,48393.41,203060.1,NPR
2026-01-26,ACC0000007738,288830.79,34620.55,58093.96,265357.38,NPR
2026-01-26,ACC0000007739,68464.69,0.0,63490.06,4974.63,NPR
2026-01-26,ACC0000007740,490231.04,19687.6,23065.89,486852.75,NPR
2026-01-26,ACC0000007741,183821.02,0.0,27295.2,156525.82,NPR
2026-01-26,ACC0000007742,141554.73,0.0,29864.29,111690.44,NPR
2026-01-26,ACC0000007743,394687.4,12530.77,16188.73,391029.44,NPR
2026-01-26,ACC0000007744,381834.61,0.0,13514.51,368320.1,NPR
2026-01-26,ACC0000007745,302910.8,0.0,0.0,302910.8,NPR
2026-01-26,ACC0000007746,433968.28,78213.06,7015.63,505165.71,NPR
2026-01-26,ACC0000007747,178293.54,23775.66,35101.47,166967.73,NPR
2026-01-26,ACC0000007748,83195.41,0.0,36635.13,46560.28,NPR
2026-01-26,ACC0000007749,347038.64,774.88,101447.59,246365.93,NPR
2026-01-26,ACC0000007750,13579.72,0.0,70061.35,-56481.63,NPR
2026-01-26,ACC0000007751,325516.04,7494.14,45167.08,287843.1,NPR
2026-01-26,ACC0000007752,79190.12,0.0,13596.35,65593.77,NPR
2026-01-26,ACC0000007753,124677.26,0.0,9666.41,115010.85,NPR
2026-01-26,ACC0000007754,42415.42,0.0,87472.91,-45057.49,NPR
2026-01-26,ACC0000007755,469221.5,0.0,0.0,469221.5,NPR
2026-01-26,ACC0000007756,332295.73,0.0,0.0,332295.73,NPR
2026-01-26,ACC0000007757,358262.53,13368.57,164465.23,207165.87,NPR
2026-01-26,ACC0000007758,367099.96,19912.51,64438.67,322573.8,NPR
2026-01-26,ACC0000007759,108070.91,0.0,44606.97,63463.94,NPR
2026-01-26,ACC0000007760,441961.58,0.0,50667.65,391293.93,NPR
2026-01-26,ACC0000007761,473768.3,13527.89,12629.64,474666.55,NPR
2026-01-26,ACC0000007762,2205.76,24530.15,0.0,26735.91,NPR
2026-01-26,ACC0000007763,497081.03,0.0,78715.66,418365.37,NPR
2026-01-26,ACC0000007764,53903.97,0.0,15455.28,38448.69,NPR
2026-01-26,ACC0000007765,298090.47,0.0,101573.43,196517.04,NPR
2026-01-26,ACC0000007766,121914.39,0.0,33745.64,88168.75,NPR
2026-01-26,ACC0000007767,39678.97,33700.04,91473.22,-18094.21,NPR
2026-01-26,ACC0000007768,405417.68,4637.95,0.0,410055.63,NPR
2026-01-26,ACC0000007769,170433.91,0.0,11588.96,158844.95,NPR
2026-01-26,ACC0000007770,35245.23,0.0,51019.54,-15774.31,NPR
2026-01-26,ACC0000007771,100729.34,0.0,0.0,100729.34,NPR
2026-01-26,ACC0000007772,257564.25,14473.61,115756.01,156281.85,NPR
2026-01-26,ACC0000007773,235048.66,0.0,56270.84,178777.82,NPR
2026-01-26,ACC0000007774,359459.01,25244.76,0.0,384703.77,NPR
2026-01-26,ACC0000007775,421306.92,0.0,0.0,421306.92,NPR
2026-01-26,ACC0000007776,114263.51,0.0,37838.9,76424.61,NPR
2026-01-26,ACC0000007777,149540.59,23195.77,0.0,172736.36,NPR
2026-01-26,ACC0000007778,346597.79,0.0,8835.46,337762.33,NPR
2026-01-26,ACC0000007779,273568.8,0.0,33136.25,240432.55,NPR
2026-01-26,ACC0000007780,360091.95,0.0,43122.4,316969.55,NPR
2026-01-26,ACC0000007781,220571.78,0.0,39738.44,180833.34,NPR
2026-01-26,ACC0000007782,242720.52,19284.96,0.0,262005.48,NPR
2026-01-26,ACC0000007783,132580.63,0.0,0.0,132580.63,NPR
2026-01-26,ACC0000007784,438859.12,0.0,46324.38,392534.74,NPR
2026-01-26,ACC0000007785,90927.68,0.0,136532.73,-45605.05,NPR
2026-01-26,ACC0000007786,412391.75,0.0,0.0,412391.75,NPR
2026-01-26,ACC0000007787,31377.76,0.0,35596.11,-4218.35,NPR
2026-01-26,ACC0000007788,120844.84,0.0,58521.91,62322.93,NPR
2026-01-26,ACC0000007789,403859.19,0.0,48584.12,355275.07,NPR
2026-01-26,ACC0000007790,172118.48,0.0,10759.76,161358.72,NPR
2026-01-26,ACC0000007791,431039.73,0.0,5952.11,425087.62,NPR
2026-01-26,ACC0000007792,119218.2,0.0,0.0,119218.2,NPR
2026-01-26,ACC0000007793,129891.83,0.0,91380.14,38511.69,NPR
2026-01-26,ACC0000007794,186635.34,0.0,146900.33,39735.01,NPR
2026-01-26,ACC0000007795,147457.5,0.0,43217.71,104239.79,NPR
2026-01-26,ACC0000007796,441061.57,0.0,0.0,441061.57,NPR
2026-01-26,ACC0000007797,36363.16,7772.96,0.0,44136.12,NPR
2026-01-26,ACC0000007798,424866.76,0.0,0.0,424866.76,NPR
2026-01-26,ACC0000007799,204492.11,0.0,0.0,204492.11,NPR
2026-01-26,ACC0000007800,407068.85,0.0,0.0,407068.85,NPR
2026-01-26,ACC0000007801,90387.62,43785.18,176422.67,-42249.87,NPR
2026-01-26,ACC0000007802,327398.91,0.0,74835.61,252563.3,NPR
2026-01-26,ACC0000007803,325397.67,0.0,0.0,325397.67,NPR
2026-01-26,ACC0000007804,300103.76,0.0,59323.36,240780.4,NPR
2026-01-26,ACC0000007805,86697.19,46520.19,170124.11,-36906.73,NPR
2026-01-26,ACC0000007806,488527.4,0.0,69879.35,418648.05,NPR
2026-01-26,ACC0000007807,205515.57,0.0,118496.39,87019.18,NPR
2026-01-26,ACC0000007808,396478.45,0.0,181930.66,214547.79,NPR
2026-01-26,ACC0000007809,352050.57,0.0,31413.12,320637.45,NPR
2026-01-26,ACC0000007810,143808.08,0.0,49386.88,94421.2,NPR
2026-01-26,ACC0000007811,42371.99,0.0,60909.04,-18537.05,NPR
2026-01-26,ACC0000007812,391536.78,47080.31,57762.03,380855.06,NPR
2026-01-26,ACC0000007813,449867.85,0.0,20333.89,429533.96,NPR
2026-01-26,ACC0000007814,472112.49,84999.52,120060.59,437051.42,NPR
2026-01-26,ACC0000007815,72485.17,24882.69,64564.9,32802.96,NPR
2026-01-26,ACC0000007816,339660.36,0.0,52143.28,287517.08,NPR
2026-01-26,ACC0000007817,190020.67,0.0,92563.93,97456.74,NPR
2026-01-26,ACC0000007818,113224.29,0.0,63153.13,50071.16,NPR
2026-01-26,ACC0000007819,102678.32,13233.39,33351.87,82559.84,NPR
2026-01-26,ACC0000007820,148559.57,34830.85,95581.08,87809.34,NPR
2026-01-26,ACC0000007821,249173.84,17314.7,5099.93,261388.61,NPR
2026-01-26,ACC0000007822,72582.43,33284.27,0.0,105866.7,NPR
2026-01-26,ACC0000007823,145757.93,1407.59,23824.52,123341.0,NPR
2026-01-26,ACC0000007824,369293.55,0.0,99726.27,269567.28,NPR
2026-01-26,ACC0000007825,322978.25,27550.94,83968.5,266560.69,NPR
2026-01-26,ACC0000007826,42653.41,0.0,0.0,42653.41,NPR
2026-01-26,ACC0000007827,132372.75,0.0,180664.57,-48291.82,NPR
2026-01-26,ACC0000007828,208978.49,27489.24,116360.4,120107.33,NPR
2026-01-26,ACC0000007829,171095.98,0.0,58940.5,112155.48,NPR
2026-01-26,ACC0000007830,211368.64,66313.61,0.0,277682.25,NPR
2026-01-26,ACC0000007831,96565.98,0.0,0.0,96565.98,NPR
2026-01-26,ACC0000007832,499361.55,0.0,75536.54,423825.01,NPR
2026-01-26,ACC0000007833,459525.9,8200.0,141024.98,326700.92,NPR
2026-01-26,ACC0000007834,162646.74,0.0,34349.95,128296.79,NPR
2026-01-26,ACC0000007835,113551.91,776.69,375.16,113953.44,NPR
2026-01-26,ACC0000007836,252962.33,0.0,0.0,252962.33,NPR
2026-01-26,ACC0000007837,206293.32,0.0,64192.5,142100.82,NPR
2026-01-26,ACC0000007838,220243.36,4021.94,47322.5,176942.8,NPR
2026-01-26,ACC0000007839,432651.02,15510.56,13781.64,434379.94,NPR
2026-01-26,ACC0000007840,365220.13,0.0,0.0,365220.13,NPR
2026-01-26,ACC0000007841,70016.96,0.0,116314.73,-46297.77,NPR
2026-01-26,ACC0000007842,171904.15,47395.98,105577.58,113722.55,NPR
2026-01-26,ACC0000007843,359001.58,39909.33,35323.17,363587.74,NPR
2026-01-26,ACC0000007844,470754.72,10646.42,101084.84,380316.3,NPR
2026-01-26,ACC0000007845,323124.6,0.0,0.0,323124.6,NPR
2026-01-26,ACC0000007846,218617.61,0.0,64073.91,154543.7,NPR
2026-01-26,ACC0000007847,255921.2,0.0,45620.66,210300.54,NPR
2026-01-26,ACC0000007848,37281.45,68410.04,10304.15,95387.34,NPR
2026-01-26,ACC0000007849,186960.05,0.0,6872.93,180087.12,NPR
2026-01-26,ACC0000007850,285394.98,38623.77,96819.81,227198.94,NPR
2026-01-26,ACC0000007851,161395.91,0.0,20280.1,141115.81,NPR
2026-01-26,ACC0000007852,31051.23,0.0,20226.05,10825.18,NPR
2026-01-26,ACC0000007853,249917.65,0.0,64147.62,185770.03,NPR
2026-01-26,ACC0000007854,372306.53,50592.19,97352.48,325546.24,NPR
2026-01-26,ACC0000007855,420429.49,0.0,21385.2,399044.29,NPR
2026-01-26,ACC0000007856,386404.27,0.0,2470.19,383934.08,NPR
2026-01-26,ACC0000007857,64449.97,0.0,85949.38,-21499.41,NPR
2026-01-26,ACC0000007858,283488.61,0.0,29532.77,253955.84,NPR
2026-01-26,ACC0000007859,281790.8,0.0,0.0,281790.8,NPR
2026-01-26,ACC0000007860,383203.83,0.0,14076.79,369127.04,NPR
2026-01-26,ACC0000007861,70654.39,17314.23,113680.97,-25712.35,NPR
2026-01-26,ACC0000007862,494304.48,0.0,53125.41,441179.07,NPR
2026-01-26,ACC0000007863,238646.83,0.0,0.0,238646.83,NPR
2026-01-26,ACC0000007864,341517.03,0.0,33224.86,308292.17,NPR
2026-01-26,ACC0000007865,106580.37,0.0,21755.94,84824.43,NPR
2026-01-26,ACC0000007866,143243.66,23464.4,43384.81,123323.25,NPR
2026-01-26,ACC0000007867,365565.04,0.0,59437.56,306127.48,NPR
2026-01-26,ACC0000007868,296679.56,0.0,103715.58,192963.98,NPR
2026-01-26,ACC0000007869,498216.2,1673.2,47304.68,452584.72,NPR
2026-01-26,ACC0000007870,471937.35,0.0,111057.82,360879.53,NPR
2026-01-26,ACC0000007871,164266.61,65882.66,36049.26,194100.01,NPR
2026-01-26,ACC0000007872,122539.64,0.0,18475.22,104064.42,NPR
2026-01-26,ACC0000007873,179385.59,0.0,94003.24,85382.35,NPR
2026-01-26,ACC0000007874,198887.94,37843.37,87133.03,149598.28,NPR
2026-01-26,ACC0000007875,95010.11,0.0,41243.03,53767.08,NPR
2026-01-26,ACC0000007876,429043.18,0.0,0.0,429043.18,NPR
2026-01-26,ACC0000007877,120280.55,0.0,15472.52,104808.03,NPR
2026-01-26,ACC0000007878,413506.11,0.0,73660.16,339845.95,NPR
2026-01-26,ACC0000007879,38543.93,44149.05,34703.12,47989.86,NPR
2026-01-26,ACC0000007880,61403.96,0.0,0.0,61403.96,NPR
2026-01-26,ACC0000007881,9715.97,0.0,1331.09,8384.88,NPR
2026-01-26,ACC0000007882,442565.87,0.0,0.0,442565.87,NPR
2026-01-26,ACC0000007883,348441.84,0.0,19461.18,328980.66,NPR
2026-01-26,ACC0000007884,310671.79,1991.21,0.0,312663.0,NPR
2026-01-26,ACC0000007885,48053.29,29832.08,134475.75,-56590.38,NPR
2026-01-26,ACC0000007886,396682.53,20208.4,51855.09,365035.84,NPR
2026-01-26,ACC0000007887,306710.07,26375.16,8788.07,324297.16,NPR
2026-01-26,ACC0000007888,26749.0,0.0,0.0,26749.0,NPR
2026-01-26,ACC0000007889,130569.62,0.0,106178.58,24391.04,NPR
2026-01-26,ACC0000007890,141641.28,0.0,121602.09,20039.19,NPR
2026-01-26,ACC0000007891,448289.96,35123.18,55619.07,427794.07,NPR
2026-01-26,ACC0000007892,331743.52,12176.55,82226.21,261693.86,NPR
2026-01-26,ACC0000007893,448520.73,0.0,0.0,448520.73,NPR
2026-01-26,ACC0000007894,44824.79,62396.83,48980.04,58241.58,NPR
2026-01-26,ACC0000007895,409118.65,0.0,49041.12,360077.53,NPR
2026-01-26,ACC0000007896,294328.89,42625.26,34864.11,302090.04,NPR
2026-01-26,ACC0000007897,124888.84,0.0,0.0,124888.84,NPR
2026-01-26,ACC0000007898,174352.96,17691.26,112979.5,79064.72,NPR
2026-01-26,ACC0000007899,241939.23,57288.81,67029.44,232198.6,NPR
2026-01-26,ACC0000007900,370536.3,0.0,81474.38,289061.92,NPR
2026-01-26,ACC0000007901,8635.29,0.0,135844.49,-127209.2,NPR
2026-01-26,ACC0000007902,440491.13,0.0,39146.2,401344.93,NPR
2026-01-26,ACC0000007903,126818.55,0.0,0.0,126818.55,NPR
2026-01-26,ACC0000007904,127295.83,0.0,8615.75,118680.08,NPR
2026-01-26,ACC0000007905,21598.95,0.0,0.0,21598.95,NPR
2026-01-26,ACC0000007906,154382.34,0.0,60051.25,94331.09,NPR
2026-01-26,ACC0000007907,403459.52,0.0,45149.12,358310.4,NPR
2026-01-26,ACC0000007908,251193.17,11554.87,44242.87,218505.17,NPR
2026-01-26,ACC0000007909,61770.14,0.0,74680.4,-12910.26,NPR
2026-01-26,ACC0000007910,25096.8,0.0,20713.16,4383.64,NPR
2026-01-26,ACC0000007911,466764.23,2295.58,14842.68,454217.13,NPR
2026-01-26,ACC0000007912,454692.2,4483.14,0.0,459175.34,NPR
2026-01-26,ACC0000007913,190250.99,0.0,121419.3,68831.69,NPR
2026-01-26,ACC0000007914,413367.04,0.0,61763.27,351603.77,NPR
2026-01-26,ACC0000007915,15296.77,536.53,15385.76,447.54,NPR
2026-01-26,ACC0000007916,273504.97,0.0,0.0,273504.97,NPR
2026-01-26,ACC0000007917,458847.2,22909.51,32813.31,448943.4,NPR
2026-01-26,ACC0000007918,422764.04,54264.27,8836.0,468192.31,NPR
2026-01-26,ACC0000007919,424717.59,0.0,56548.99,368168.6,NPR
2026-01-26,ACC0000007920,284622.32,20836.32,43843.68,261614.96,NPR
2026-01-26,ACC0000007921,495823.83,15559.66,149180.38,362203.11,NPR
2026-01-26,ACC0000007922,237300.51,0.0,0.0,237300.51,NPR
2026-01-26,ACC0000007923,15477.65,0.0,94371.3,-78893.65,NPR
2026-01-26,ACC0000007924,190079.33,0.0,75349.69,114729.64,NPR
2026-01-26,ACC0000007925,176260.27,0.0,52439.29,123820.98,NPR
2026-01-26,ACC0000007926,210561.49,30715.32,73974.5,167302.31,NPR
2026-01-26,ACC0000007927,265950.73,0.0,28320.93,237629.8,NPR
2026-01-26,ACC0000007928,30701.08,0.0,42326.12,-11625.04,NPR
2026-01-26,ACC0000007929,275307.18,0.0,0.0,275307.18,NPR
2026-01-26,ACC0000007930,290353.48,2953.18,10620.01,282686.65,NPR
2026-01-26,ACC0000007931,28522.56,0.0,113075.26,-84552.7,NPR
2026-01-26,ACC0000007932,149549.07,214.48,25156.22,124607.33,NPR
2026-01-26,ACC0000007933,217083.49,49400.81,2337.7,264146.6,NPR
2026-01-26,ACC0000007934,396433.03,0.0,11773.67,384659.36,NPR
2026-01-26,ACC0000007935,99027.49,0.0,85398.33,13629.16,NPR
2026-01-26,ACC0000007936,362736.36,0.0,46292.17,316444.19,NPR
2026-01-26,ACC0000007937,256005.48,0.0,0.0,256005.48,NPR
2026-01-26,ACC0000007938,410447.0,0.0,100420.51,310026.49,NPR
2026-01-26,ACC0000007939,6295.95,20314.6,0.0,26610.55,NPR
2026-01-26,ACC0000007940,136313.44,0.0,32756.91,103556.53,NPR
2026-01-26,ACC0000007941,58128.36,0.0,59258.92,-1130.56,NPR
2026-01-26,ACC0000007942,127109.48,47593.41,122278.43,52424.46,NPR
2026-01-26,ACC0000007943,25310.82,0.0,71086.09,-45775.27,NPR
2026-01-26,ACC0000007944,275958.47,0.0,96443.56,179514.91,NPR
2026-01-26,ACC0000007945,8917.87,11794.78,22540.82,-1828.17,NPR
2026-01-26,ACC0000007946,72128.35,0.0,23756.02,48372.33,NPR
2026-01-26,ACC0000007947,74701.62,0.0,0.0,74701.62,NPR
2026-01-26,ACC0000007948,480020.16,0.0,81099.85,398920.31,NPR
2026-01-26,ACC0000007949,28324.99,0.0,0.0,28324.99,NPR
2026-01-26,ACC0000007950,345316.34,0.0,42969.29,302347.05,NPR
2026-01-26,ACC0000007951,318363.62,0.0,63302.71,255060.91,NPR
2026-01-26,ACC0000007952,27687.13,0.0,66857.0,-39169.87,NPR
2026-01-26,ACC0000007953,186775.41,0.0,75608.07,111167.34,NPR
2026-01-26,ACC0000007954,236858.02,29817.59,49680.03,216995.58,NPR
2026-01-26,ACC0000007955,436153.7,0.0,24329.53,411824.17,NPR
2026-01-26,ACC0000007956,130084.57,0.0,89567.77,40516.8,NPR
2026-01-26,ACC0000007957,483420.65,4317.04,127924.36,359813.33,NPR
2026-01-26,ACC0000007958,404855.91,0.0,46179.21,358676.7,NPR
2026-01-26,ACC0000007959,387166.76,0.0,0.0,387166.76,NPR
2026-01-26,ACC0000007960,184307.67,0.0,55479.33,128828.34,NPR
2026-01-26,ACC0000007961,322092.58,32272.99,110241.0,244124.57,NPR
2026-01-26,ACC0000007962,491673.95,0.0,0.0,491673.95,NPR
2026-01-26,ACC0000007963,14489.58,67421.35,91723.45,-9812.52,NPR
2026-01-26,ACC0000007964,255071.13,0.0,11273.75,243797.38,NPR
2026-01-26,ACC0000007965,271375.8,96307.16,30479.41,337203.55,NPR
2026-01-26,ACC0000007966,439586.43,0.0,0.0,439586.43,NPR
2026-01-26,ACC0000007967,377312.41,0.0,1234.81,376077.6,NPR
2026-01-26,ACC0000007968,352953.36,37678.86,2531.15,388101.07,NPR
2026-01-26,ACC0000007969,172931.09,0.0,76143.12,96787.97,NPR
2026-01-26,ACC0000007970,327283.5,0.0,56491.51,270791.99,NPR
2026-01-26,ACC0000007971,120293.25,0.0,32081.64,88211.61,NPR
2026-01-26,ACC0000007972,426625.79,35868.86,151588.08,310906.57,NPR
2026-01-26,ACC0000007973,141335.2,21748.19,38077.29,125006.1,NPR
2026-01-26,ACC0000007974,126032.95,0.0,24033.59,101999.36,NPR
2026-01-26,ACC0000007975,87913.12,53518.13,25051.87,116379.38,NPR
2026-01-26,ACC0000007976,355906.71,39580.86,20380.43,375107.14,NPR
2026-01-26,ACC0000007977,129322.28,0.0,0.0,129322.28,NPR
2026-01-26,ACC0000007978,232434.45,38130.62,33645.19,236919.88,NPR
2026-01-26,ACC0000007979,97387.39,0.0,27610.69,69776.7,NPR
2026-01-26,ACC0000007980,405745.39,0.0,71620.18,334125.21,NPR
2026-01-26,ACC0000007981,80973.21,0.0,0.0,80973.21,NPR
2026-01-26,ACC0000007982,447367.22,54609.7,38193.2,463783.72,NPR
2026-01-26,ACC0000007983,194031.06,0.0,89490.54,104540.52,NPR
2026-01-26,ACC0000007984,377908.25,0.0,0.0,377908.25,NPR
2026-01-26,ACC0000007985,440528.2,0.0,104114.19,336414.01,NPR
2026-01-26,ACC0000007986,414237.38,0.0,137296.36,276941.02,NPR
2026-01-26,ACC0000007987,481666.76,0.0,15657.01,466009.75,NPR
2026-01-26,ACC0000007988,95247.16,29945.7,47194.81,77998.05,NPR
2026-01-26,ACC0000007989,155494.76,24775.19,76160.7,104109.25,NPR
2026-01-26,ACC0000007990,175886.94,0.0,0.0,175886.94,NPR
2026-01-26,ACC0000007991,83833.54,0.0,146093.54,-62260.0,NPR
2026-01-26,ACC0000007992,255640.62,55711.4,70851.97,240500.05,NPR
2026-01-26,ACC0000007993,285268.75,0.0,116557.77,168710.98,NPR
2026-01-26,ACC0000007994,399120.37,35877.56,68373.21,366624.72,NPR
2026-01-26,ACC0000007995,165951.57,0.0,0.0,165951.57,NPR
2026-01-26,ACC0000007996,13273.34,14595.64,205250.62,-177381.64,NPR
2026-01-26,ACC0000007997,488264.39,0.0,0.0,488264.39,NPR
2026-01-26,ACC0000007998,33360.3,0.0,138851.75,-105491.45,NPR
2026-01-26,ACC0000007999,476760.26,0.0,0.0,476760.26,NPR
2026-01-26,ACC0000008000,79333.8,0.0,33682.41,45651.39,NPR
