balance_date,account_id,opening_balance,credit_total,debit_total,closing_balance,currency
2026-01-09,ACC0000000001,271603.11,5583.83,15961.31,261225.63,NPR
2026-01-09,ACC0000000002,305376.69,0.0,116648.46,188728.23,NPR
2026-01-09,ACC0000000003,249681.86,0.0,34336.85,215345.01,NPR
2026-01-09,ACC0000000004,487509.5,29372.22,88558.81,428322.91,NPR
2026-01-09,ACC0000000005,497019.1,0.0,80987.44,416031.66,NPR
2026-01-09,ACC0000000006,43527.84,0.0,3367.58,40160.26,NPR
2026-01-09,ACC0000000007,309669.31,0.0,0.0,309669.31,NPR
2026-01-09,ACC0000000008,485663.0,0.0,97778.6,387884.4,NPR
2026-01-09,ACC0000000009,435758.35,0.0,0.0,435758.35,NPR
2026-01-09,ACC0000000010,125973.83,0.0,0.0,125973.83,NPR
2026-01-09,ACC0000000011,129983.23,0.0,0.0,129983.23,NPR
2026-01-09,ACC0000000012,213479.5,27139.85,650.17,239969.18,NPR
2026-01-09,ACC0000000013,340687.15,14853.4,41624.07,313916.48,NPR
2026-01-09,ACC0000000014,430482.77,41227.88,104762.55,366948.1,NPR
2026-01-09,ACC0000000015,380595.2,0.0,81657.55,298937.65,NPR
2026-01-09,ACC0000000016,67977.43,0.0,76676.05,-8698.62,NPR
2026-01-09,ACC0000000017,416443.97,0.0,45635.3,370808.67,NPR
2026-01-09,ACC0000000018,282700.47,0.0,0.0,282700.47,NPR
2026-01-09,ACC0000000019,401316.02,37036.7,37554.99,400797.73,NPR
2026-01-09,ACC0000000020,33480.52,6701.01,226028.27,-185846.74,NPR
2026-01-09,ACC0000000021,202611.45,29890.42,22801.46,209700.41,NPR
2026-01-09,ACC0000000022,62736.23,0.0,129576.17,-66839.94,NPR
2026-01-09,ACC0000000023,132120.71,42876.45,102182.8,72814.36,NPR
2026-01-09,ACC0000000024,377587.07,0.0,49703.67,327883.4,NPR
2026-01-09,ACC0000000025,24526.64,0.0,53190.54,-28663.9,NPR
2026-01-09,ACC0000000026,361295.69,0.0,46402.66,314893.03,NPR
2026-01-09,ACC0000000027,184683.58,0.0,24253.28,160430.3,NPR
2026-01-09,ACC0000000028,331356.36,0.0,43579.65,287776.71,NPR
2026-01-09,ACC0000000029,114052.34,78060.44,44573.44,147539.34,NPR
2026-01-09,ACC0000000030,215246.7,26662.58,54484.01,187425.27,NPR
2026-01-09,ACC0000000031,378217.3,0.0,54162.5,324054.8,NPR
2026-01-09,ACC0000000032,474812.3,37472.97,58165.1,454120.17,NPR
2026-01-09,ACC0000000033,126956.08,32353.1,117867.07,41442.11,NPR
2026-01-09,ACC0000000034,143396.53,0.0,0.0,143396.53,NPR
2026-01-09,ACC0000000035,242407.17,20787.07,104512.89,158681.35,NPR
2026-01-09,ACC0000000036,244879.79,5678.85,111509.37,139049.27,NPR
2026-01-09,ACC0000000037,298608.33,0.0,72704.13,225904.2,NPR
2026-01-09,ACC0000000038,223468.79,0.0,84280.21,139188.58,NPR
2026-01-09,ACC0000000039,488022.28,41841.74,51352.0,478512.02,NPR
2026-01-09,ACC0000000040,184737.15,0.0,0.0,184737.15,NPR
2026-01-09,ACC0000000041,203167.75,0.0,91032.88,112134.87,NPR
2026-01-09,ACC0000000042,107261.74,39142.85,25578.95,120825.64,NPR
2026-01-09,ACC0000000043,66615.24,0.0,24293.18,42322.06,NPR
2026-01-09,ACC0000000044,197754.71,0.0,0.0,197754.71,NPR
2026-01-09,ACC0000000045,480315.6,0.0,48655.86,431659.74,NPR
2026-01-09,ACC0000000046,119399.88,0.0,0.0,119399.88,NPR
2026-01-09,ACC0000000047,271058.88,0.0,8123.81,262935.07,NPR
2026-01-09,ACC0000000048,294561.91,0.0,93707.33,200854.58,NPR
2026-01-09,ACC0000000049,261852.29,0.0,0.0,261852.29,NPR
2026-01-09,ACC0000000050,294805.22,30874.43,14091.69,311587.96,NPR
2026-01-09,ACC0000000051,140994.48,43758.81,107262.75,77490.54,NPR
2026-01-09,ACC0000000052,60644.9,0.0,19766.65,40878.25,NPR
2026-01-09,ACC0000000053,346864.37,0.0,115151.41,231712.96,NPR
2026-01-09,ACC0000000054,448385.93,0.0,0.0,448385.93,NPR
2026-01-09,ACC0000000055,155667.48,0.0,72177.47,83490.01,NPR
2026-01-09,ACC0000000056,414251.33,0.0,0.0,414251.33,NPR
2026-01-09,ACC0000000057,153191.36,0.0,131796.66,21394.7,NPR
2026-01-09,ACC0000000058,486978.64,65484.4,88061.7,464401.34,NPR
2026-01-09,ACC0000000059,213993.8,18846.66,53223.65,179616.81,NPR
2026-01-09,ACC0000000060,317870.48,47330.78,37246.0,327955.26,NPR
2026-01-09,ACC0000000061,490114.58,33422.83,45068.21,478469.2,NPR
2026-01-09,ACC0000000062,146842.51,0.0,15270.17,131572.34,NPR
2026-01-09,ACC0000000063,359578.68,0.0,44188.64,315390.04,NPR
2026-01-09,ACC0000000064,275575.08,47873.35,0.0,323448.43,NPR
2026-01-09,ACC0000000065,136988.52,0.0,32673.39,104315.13,NPR
2026-01-09,ACC0000000066,100993.48,0.0,81405.76,19587.72,NPR
2026-01-09,ACC0000000067,54393.34,133239.22,0.0,187632.56,NPR
2026-01-09,ACC0000000068,440339.0,0.0,57358.19,382980.81,NPR
2026-01-09,ACC0000000069,410733.27,0.0,11602.16,399131.11,NPR
2026-01-09,ACC0000000070,77123.32,0.0,137503.05,-60379.73,NPR
2026-01-09,ACC0000000071,340156.66,0.0,0.0,340156.66,NPR
2026-01-09,ACC0000000072,403000.98,6671.8,30647.11,379025.67,NPR
2026-01-09,ACC0000000073,169016.91,0.0,90881.23,78135.68,NPR
2026-01-09,ACC0000000074,5702.11,30103.0,1507.84,34297.27,NPR
2026-01-09,ACC0000000075,84749.92,0.0,0.0,84749.92,NPR
2026-01-09,ACC0000000076,339370.2,44667.3,4438.65,379598.85,NPR
2026-01-09,ACC0000000077,52688.25,0.0,77833.12,-25144.87,NPR
2026-01-09,ACC0000000078,267868.9,18327.37,58429.78,227766.49,NPR
2026-01-09,ACC0000000079,317265.93,0.0,53247.67,264018.26,NPR
2026-01-09,ACC0000000080,471059.62,11291.4,43411.22,438939.8,NPR
2026-01-09,ACC0000000081,348436.08,0.0,39131.82,309304.26,NPR
2026-01-09,ACC0000000082,26431.31,0.0,105906.43,-79475.12,NPR
2026-01-09,ACC0000000083,318576.23,71506.82,61296.46,328786.59,NPR
2026-01-09,ACC0000000084,136527.58,0.0,86150.66,50376.92,NPR
2026-01-09,ACC0000000085,46312.75,0.0,38483.59,7829.16,NPR
2026-01-09,ACC0000000086,363049.14,0.0,0.0,363049.14,NPR
2026-01-09,ACC0000000087,181258.59,0.0,50479.89,130778.7,NPR
2026-01-09,ACC0000000088,117163.77,22767.99,39542.82,100388.94,NPR
2026-01-09,ACC0000000089,168007.17,0.0,0.0,168007.17,NPR
2026-01-09,ACC0000000090,347044.86,28050.92,10727.67,364368.11,NPR
2026-01-09,ACC0000000091,482776.45,0.0,45546.66,437229.79,NPR
2026-01-09,ACC0000000092,441344.27,0.0,39521.86,401822.41,NPR
2026-01-09,ACC0000000093,429141.21,0.0,49444.53,379696.68,NPR
2026-01-09,ACC0000000094,244072.72,0.0,67021.07,177051.65,NPR
2026-01-09,ACC0000000095,44540.74,0.0,5433.59,39107.15,NPR
2026-01-09,ACC0000000096,217105.45,47799.82,34634.55,230270.72,NPR
2026-01-09,ACC0000000097,348560.87,0.0,74560.79,274000.08,NPR
2026-01-09,ACC0000000098,462096.47,20244.01,0.0,482340.48,NPR
2026-01-09,ACC0000000099,81877.17,0.0,56450.45,25426.72,NPR
2026-01-09,ACC0000000100,235847.33,31109.7,37479.64,229477.39,NPR
2026-01-09,ACC0000000101,77453.82,0.0,42786.11,34667.71,NPR
2026-01-09,ACC0000000102,189083.41,0.0,96682.47,92400.94,NPR
2026-01-09,ACC0000000103,346537.72,11037.11,27387.64,330187.19,NPR
2026-01-09,ACC0000000104,326022.49,15735.69,2406.29,339351.89,NPR
2026-01-09,ACC0000000105,221896.32,11167.6,18199.5,214864.42,NPR
2026-01-09,ACC0000000106,147593.4,0.0,0.0,147593.4,NPR
2026-01-09,ACC0000000107,53631.84,0.0,0.0,53631.84,NPR
2026-01-09,ACC0000000108,411727.81,0.0,0.0,411727.81,NPR
2026-01-09,ACC0000000109,101156.73,0.0,0.0,101156.73,NPR
2026-01-09,ACC0000000110,199155.64,0.0,43967.68,155187.96,NPR
2026-01-09,ACC0000000111,80653.06,61440.31,62840.41,79252.96,NPR
2026-01-09,ACC0000000112,127146.67,46847.71,72630.27,101364.11,NPR
2026-01-09,ACC0000000113,382075.85,46774.85,0.0,428850.7,NPR
2026-01-09,ACC0000000114,134223.96,9216.82,0.0,143440.78,NPR
2026-01-09,ACC0000000115,176604.48,0.0,51328.15,125276.33,NPR
2026-01-09,ACC0000000116,319810.33,0.0,32467.43,287342.9,NPR
2026-01-09,ACC0000000117,250811.57,0.0,39639.36,211172.21,NPR
2026-01-09,ACC0000000118,358323.8,49129.29,44763.94,362689.15,NPR
2026-01-09,ACC0000000119,163016.81,0.0,173141.21,-10124.4,NPR
2026-01-09,ACC0000000120,85197.05,26516.68,0.0,111713.73,NPR
2026-01-09,ACC0000000121,98605.72,0.0,57674.25,40931.47,NPR
2026-01-09,ACC0000000122,115260.66,0.0,36823.36,78437.3,NPR
2026-01-09,ACC0000000123,392079.06,0.0,52932.29,339146.77,NPR
2026-01-09,ACC0000000124,255686.31,0.0,45638.04,210048.27,NPR
2026-01-09,ACC0000000125,391038.52,13112.9,73443.58,330707.84,NPR
2026-01-09,ACC0000000126,9561.57,0.0,0.0,9561.57,NPR
2026-01-09,ACC0000000127,175292.08,0.0,0.0,175292.08,NPR
2026-01-09,ACC0000000128,377108.15,0.0,48782.52,328325.63,NPR
2026-01-09,ACC0000000129,99080.7,0.0,166794.82,-67714.12,NPR
2026-01-09,ACC0000000130,122023.61,67645.4,88190.33,101478.68,NPR
2026-01-09,ACC0000000131,132468.47,0.0,0.0,132468.47,NPR
2026-01-09,ACC0000000132,384314.29,0.0,110020.03,274294.26,NPR
2026-01-09,ACC0000000133,94338.43,0.0,61866.14,32472.29,NPR
2026-01-09,ACC0000000134,330412.55,0.0,0.0,330412.55,NPR
2026-01-09,ACC0000000135,23633.61,0.0,15348.41,8285.2,NPR
2026-01-09,ACC0000000136,349614.81,17174.9,0.0,366789.71,NPR
2026-01-09,ACC0000000137,28927.78,0.0,17003.12,11924.66,NPR
2026-01-09,ACC0000000138,290814.18,78297.85,0.0,369112.03,NPR
2026-01-09,ACC0000000139,27394.09,0.0,35564.96,-8170.87,NPR
2026-01-09,ACC0000000140,382991.92,0.0,48506.04,334485.88,NPR
2026-01-09,ACC0000000141,149940.02,0.0,37652.23,112287.79,NPR
2026-01-09,ACC0000000142,369180.74,0.0,52279.62,316901.12,NPR
2026-01-09,ACC0000000143,15723.66,99548.81,48739.48,66532.99,NPR
2026-01-09,ACC0000000144,83719.6,0.0,69253.86,14465.74,NPR
2026-01-09,ACC0000000145,466941.97,9468.13,33803.34,442606.76,NPR
2026-01-09,ACC0000000146,196428.87,0.0,48657.5,147771.37,NPR
2026-01-09,ACC0000000147,321467.57,0.0,0.0,321467.57,NPR
2026-01-09,ACC0000000148,410661.0,0.0,49974.03,360686.97,NPR
2026-01-09,ACC0000000149,403252.6,0.0,73295.3,329957.3,NPR
2026-01-09,ACC0000000150,211967.67,0.0,154656.4,57311.27,NPR
2026-01-09,ACC0000000151,120868.14,0.0,0.0,120868.14,NPR
2026-01-09,ACC0000000152,283864.59,0.0,0.0,283864.59,NPR
2026-01-09,ACC0000000153,331607.7,43376.58,78274.77,296709.51,NPR
2026-01-09,ACC0000000154,343513.38,11614.08,56182.64,298944.82,NPR
2026-01-09,ACC0000000155,190718.26,0.0,106223.91,84494.35,NPR
2026-01-09,ACC0000000156,134666.87,0.0,0.0,134666.87,NPR
2026-01-09,ACC0000000157,322766.77,0.0,58108.19,264658.58,NPR
2026-01-09,ACC0000000158,90742.17,0.0,0.0,90742.17,NPR
2026-01-09,ACC0000000159,396506.75,0.0,78720.75,317786.0,NPR
2026-01-09,ACC0000000160,454938.18,41532.58,15961.71,480509.05,NPR
2026-01-09,ACC0000000161,46366.03,0.0,125099.79,-78733.76,NPR
2026-01-09,ACC0000000162,68546.03,0.0,33631.19,34914.84,NPR
2026-01-09,ACC0000000163,457670.55,0.0,57553.92,400116.63,NPR
2026-01-09,ACC0000000164,249587.55,0.0,0.0,249587.55,NPR
2026-01-09,ACC0000000165,238897.69,1913.94,24068.18,216743.45,NPR
2026-01-09,ACC0000000166,476822.02,0.0,77721.98,399100.04,NPR
2026-01-09,ACC0000000167,91227.58,15543.33,27427.8,79343.11,NPR
2026-01-09,ACC0000000168,312810.23,0.0,49188.64,263621.59,NPR
2026-01-09,ACC0000000169,114332.24,0.0,0.0,114332.24,NPR
2026-01-09,ACC0000000170,271952.42,0.0,0.0,271952.42,NPR
2026-01-09,ACC0000000171,367935.98,0.0,34224.37,333711.61,NPR
2026-01-09,ACC0000000172,301214.37,0.0,0.0,301214.37,NPR
2026-01-09,ACC0000000173,178050.54,0.0,0.0,178050.54,NPR
2026-01-09,ACC0000000174,271941.79,10013.5,27309.47,254645.82,NPR
2026-01-09,ACC0000000175,372418.96,0.0,19275.83,353143.13,NPR
2026-01-09,ACC0000000176,446662.74,0.0,119903.52,326759.22,NPR
2026-01-09,ACC0000000177,27456.26,0.0,373.58,27082.68,NPR
2026-01-09,ACC0000000178,453406.22,58267.33,44749.02,466924.53,NPR
2026-01-09,ACC0000000179,28992.77,0.0,52024.11,-23031.34,NPR
2026-01-09,ACC0000000180,357836.68,0.0,0.0,357836.68,NPR
2026-01-09,ACC0000000181,254838.06,32587.05,88504.66,198920.45,NPR
2026-01-09,ACC0000000182,160232.67,31605.94,14877.25,176961.36,NPR
2026-01-09,ACC0000000183,218360.18,7586.03,82493.07,143453.14,NPR
2026-01-09,ACC0000000184,426030.14,0.0,38533.52,387496.62,NPR
2026-01-09,ACC0000000185,229032.3,0.0,0.0,229032.3,NPR
2026-01-09,ACC0000000186,219425.52,0.0,94506.11,124919.41,NPR
2026-01-09,ACC0000000187,481248.42,0.0,0.0,481248.42,NPR
2026-01-09,ACC0000000188,18021.28,0.0,62344.31,-44323.03,NPR
2026-01-09,ACC0000000189,387747.21,0.0,0.0,387747.21,NPR
2026-01-09,ACC0000000190,304941.95,0.0,76861.1,228080.85,NPR
2026-01-09,ACC0000000191,122547.23,0.0,0.0,122547.23,NPR
2026-01-09,ACC0000000192,344174.26,0.0,100908.45,243265.81,NPR
2026-01-09,ACC0000000193,248864.02,0.0,50507.35,198356.67,NPR
2026-01-09,ACC0000000194,364265.58,0.0,37885.79,326379.79,NPR
2026-01-09,ACC0000000195,137074.5,0.0,38631.51,98442.99,NPR
2026-01-09,ACC0000000196,224345.57,0.0,27142.85,197202.72,NPR
2026-01-09,ACC0000000197,137905.52,24131.66,0.0,162037.18,NPR
2026-01-09,ACC0000000198,376030.22,48988.45,122077.15,302941.52,NPR
2026-01-09,ACC0000000199,356488.25,30273.84,0.0,386762.09,NPR
2026-01-09,ACC0000000200,79006.82,0.0,145664.51,-66657.69,NPR
2026-01-09,ACC0000000201,91673.29,0.0,60040.42,31632.87,NPR
2026-01-09,ACC0000000202,195014.38,0.0,24609.11,170405.27,NPR
2026-01-09,ACC0000000203,315016.4,33902.91,0.0,348919.31,NPR
2026-01-09,ACC0000000204,9741.51,0.0,0.0,9741.51,NPR
2026-01-09,ACC0000000205,144527.61,0.0,0.0,144527.61,NPR
2026-01-09,ACC0000000206,392020.57,0.0,83219.39,308801.18,NPR
2026-01-09,ACC0000000207,453420.27,0.0,42805.35,410614.92,NPR
2026-01-09,ACC0000000208,245023.09,0.0,88250.89,156772.2,NPR
2026-01-09,ACC0000000209,32205.79,0.0,20653.98,11551.81,NPR
2026-01-09,ACC0000000210,328425.81,0.0,6855.03,321570.78,NPR
2026-01-09,ACC0000000211,201295.25,0.0,5999.1,195296.15,NPR
2026-01-09,ACC0000000212,32649.71,0.0,0.0,32649.71,NPR
2026-01-09,ACC0000000213,91955.87,0.0,101957.4,-10001.53,NPR
2026-01-09,ACC0000000214,350430.28,20007.49,51415.9,319021.87,NPR
2026-01-09,ACC0000000215,439427.24,0.0,81399.86,358027.38,NPR
2026-01-09,ACC0000000216,359643.76,0.0,0.0,359643.76,NPR
2026-01-09,ACC0000000217,243405.3,0.0,60028.99,183376.31,NPR
2026-01-09,ACC0000000218,326489.51,0.0,144988.93,181500.58,NPR
2026-01-09,ACC0000000219,174869.08,0.0,38745.76,136123.32,NPR
2026-01-09,ACC0000000220,298799.19,0.0,96431.88,202367.31,NPR
2026-01-09,ACC0000000221,7642.27,0.0,0.0,7642.27,NPR
2026-01-09,ACC0000000222,110427.97,0.0,0.0,110427.97,NPR
2026-01-09,ACC0000000223,134275.18,0.0,0.0,134275.18,NPR
2026-01-09,ACC0000000224,22690.39,34929.34,63992.6,-6372.87,NPR
2026-01-09,ACC0000000225,101004.93,7960.37,65343.84,43621.46,NPR
2026-01-09,ACC0000000226,189450.6,0.0,56655.87,132794.73,NPR
2026-01-09,ACC0000000227,464880.09,0.0,115460.72,349419.37,NPR
2026-01-09,ACC0000000228,323889.73,7184.33,87795.27,243278.79,NPR
2026-01-09,ACC0000000229,466267.58,0.0,44756.8,421510.78,NPR
2026-01-09,ACC0000000230,44032.29,0.0,32822.72,11209.57,NPR
2026-01-09,ACC0000000231,143822.31,0.0,0.0,143822.31,NPR
2026-01-09,ACC0000000232,147892.64,91483.4,8180.77,231195.27,NPR
2026-01-09,ACC0000000233,384610.69,0.0,0.0,384610.69,NPR
2026-01-09,ACC0000000234,486236.02,0.0,93428.5,392807.52,NPR
2026-01-09,ACC0000000235,235353.76,45179.71,18740.86,261792.61,NPR
2026-01-09,ACC0000000236,348434.13,0.0,10470.67,337963.46,NPR
2026-01-09,ACC0000000237,311949.82,0.0,55925.49,256024.33,NPR
2026-01-09,ACC0000000238,486169.57,0.0,34525.44,451644.13,NPR
2026-01-09,ACC0000000239,130550.47,1628.42,107305.02,24873.87,NPR
2026-01-09,ACC0000000240,324078.08,0.0,4215.32,319862.76,NPR
2026-01-09,ACC0000000241,271642.92,7991.55,89370.94,190263.53,NPR
2026-01-09,ACC0000000242,327403.69,78460.18,95145.89,310717.98,NPR
2026-01-09,ACC0000000243,204084.5,17436.69,102863.2,118657.99,NPR
2026-01-09,ACC0000000244,198300.77,0.0,43998.08,154302.69,NPR
2026-01-09,ACC0000000245,488268.39,0.0,36416.01,451852.38,NPR
2026-01-09,ACC0000000246,45886.24,48013.95,38172.38,55727.81,NPR
2026-01-09,ACC0000000247,36356.04,31828.43,25523.26,42661.21,NPR
2026-01-09,ACC0000000248,29188.98,37443.38,0.0,66632.36,NPR
2026-01-09,ACC0000000249,319263.46,0.0,9522.83,309740.63,NPR
2026-01-09,ACC0000000250,210402.91,0.0,122807.24,87595.67,NPR
2026-01-09,ACC0000000251,315363.77,0.0,0.0,315363.77,NPR
2026-01-09,ACC0000000252,171761.62,35475.75,194761.32,12476.05,NPR
2026-01-09,ACC0000000253,72337.75,0.0,37404.89,34932.86,NPR
2026-01-09,ACC0000000254,417826.01,41881.87,19868.96,439838.92,NPR
2026-01-09,ACC0000000255,417793.78,133678.73,0.0,551472.51,NPR
2026-01-09,ACC0000000256,320713.78,0.0,102853.3,217860.48,NPR
2026-01-09,ACC0000000257,252406.77,0.0,35954.14,216452.63,NPR
2026-01-09,ACC0000000258,307364.6,0.0,76201.26,231163.34,NPR
2026-01-09,ACC0000000259,136133.67,71026.3,30116.04,177043.93,NPR
2026-01-09,ACC0000000260,188896.18,31983.18,43977.55,176901.81,NPR
2026-01-09,ACC0000000261,327995.32,0.0,90017.53,237977.79,NPR
2026-01-09,ACC0000000262,443940.59,0.0,0.0,443940.59,NPR
2026-01-09,ACC0000000263,91413.82,0.0,57733.15,33680.67,NPR
2026-01-09,ACC0000000264,489038.76,10870.88,24024.11,475885.53,NPR
2026-01-09,ACC0000000265,198526.42,0.0,192619.16,5907.26,NPR
2026-01-09,ACC0000000266,488424.56,0.0,10651.33,477773.23,NPR
2026-01-09,ACC0000000267,181690.58,0.0,94459.39,87231.19,NPR
2026-01-09,ACC0000000268,397745.36,0.0,0.0,397745.36,NPR
2026-01-09,ACC0000000269,312626.11,0.0,0.0,312626.11,NPR
2026-01-09,ACC0000000270,12443.19,0.0,0.0,12443.19,NPR
2026-01-09,ACC0000000271,336339.64,3975.88,102434.94,237880.58,NPR
2026-01-09,ACC0000000272,434298.21,37072.8,37040.27,434330.74,NPR
2026-01-09,ACC0000000273,271937.45,63045.88,13013.19,321970.14,NPR
2026-01-09,ACC0000000274,220253.9,0.0,106423.9,113830.0,NPR
2026-01-09,ACC0000000275,435430.63,0.0,58347.61,377083.02,NPR
2026-01-09,ACC0000000276,391673.61,0.0,0.0,391673.61,NPR
2026-01-09,ACC0000000277,22367.66,49603.45,52925.96,19045.15,NPR
2026-01-09,ACC0000000278,439486.09,37516.39,15860.29,461142.19,NPR
2026-01-09,ACC0000000279,176485.24,416.0,14426.15,162475.09,NPR
2026-01-09,ACC0000000280,99385.61,12352.46,48537.3,63200.77,NPR
2026-01-09,ACC0000000281,207876.67,28401.2,25155.79,211122.08,NPR
2026-01-09,ACC0000000282,217716.17,0.0,33746.36,183969.81,NPR
2026-01-09,ACC0000000283,176243.68,0.0,45454.63,130789.05,NPR
2026-01-09,ACC0000000284,413846.84,37215.24,179630.64,271431.44,NPR
2026-01-09,ACC0000000285,341982.73,0.0,7059.97,334922.76,NPR
2026-01-09,ACC0000000286,129207.7,40880.35,77708.1,92379.95,NPR
2026-01-09,ACC0000000287,49413.66,41982.28,17485.29,73910.65,NPR
2026-01-09,ACC0000000288,368672.39,32402.5,0.0,401074.89,NPR
2026-01-09,ACC0000000289,378181.32,653.82,86943.4,291891.74,NPR
2026-01-09,ACC0000000290,189117.91,20383.4,55561.14,153940.17,NPR
2026-01-09,ACC0000000291,424377.12,0.0,0.0,424377.12,NPR
2026-01-09,ACC0000000292,204251.11,0.0,65162.84,139088.27,NPR
2026-01-09,ACC0000000293,276235.38,0.0,7364.19,268871.19,NPR
2026-01-09,ACC0000000294,215810.67,0.0,0.0,215810.67,NPR
2026-01-09,ACC0000000295,158516.81,0.0,0.0,158516.81,NPR
2026-01-09,ACC0000000296,482083.82,6522.81,107455.85,381150.78,NPR
2026-01-09,ACC0000000297,264667.27,0.0,62499.9,202167.37,NPR
2026-01-09,ACC0000000298,165419.53,38161.26,89633.39,113947.4,NPR
2026-01-09,ACC0000000299,230961.32,20457.89,92236.45,159182.76,NPR
2026-01-09,ACC0000000300,112116.49,35363.18,166632.13,-19152.46,NPR
2026-01-09,ACC0000000301,314436.46,15805.78,0.0,330242.24,NPR
2026-01-09,ACC0000000302,491207.76,47720.64,22096.94,516831.46,NPR
2026-01-09,ACC0000000303,8555.83,38442.9,82061.44,-35062.71,NPR
2026-01-09,ACC0000000304,22350.06,0.0,46903.86,-24553.8,NPR
2026-01-09,ACC0000000305,22116.83,0.0,0.0,22116.83,NPR
2026-01-09,ACC0000000306,471874.25,0.0,62779.44,409094.81,NPR
2026-01-09,ACC0000000307,278440.89,33140.45,976.65,310604.69,NPR
2026-01-09,ACC0000000308,123343.94,0.0,19659.19,103684.75,NPR
2026-01-09,ACC0000000309,467651.94,0.0,88692.96,378958.98,NPR
2026-01-09,ACC0000000310,468446.79,43559.69,0.0,512006.48,NPR
2026-01-09,ACC0000000311,294929.15,0.0,78931.61,215997.54,NPR
2026-01-09,ACC0000000312,480652.02,0.0,77839.48,402812.54,NPR
2026-01-09,ACC0000000313,306999.25,0.0,0.0,306999.25,NPR
2026-01-09,ACC0000000314,257788.95,33264.38,39935.7,251117.63,NPR
2026-01-09,ACC0000000315,212136.49,42889.39,0.0,255025.88,NPR
2026-01-09,ACC0000000316,338693.04,42284.76,88779.52,292198.28,NPR
2026-01-09,ACC0000000317,116514.67,0.0,0.0,116514.67,NPR
2026-01-09,ACC0000000318,384698.58,27164.83,9667.55,402195.86,NPR
2026-01-09,ACC0000000319,197686.0,32708.46,12625.5,217768.96,NPR
2026-01-09,ACC0000000320,141387.12,5929.01,22254.19,125061.94,NPR
2026-01-09,ACC0000000321,310151.71,0.0,0.0,310151.71,NPR
2026-01-09,ACC0000000322,213125.96,0.0,167873.11,45252.85,NPR
2026-01-09,ACC0000000323,94232.65,0.0,96423.5,-2190.85,NPR
2026-01-09,ACC0000000324,369833.7,0.0,52773.27,317060.43,NPR
2026-01-09,ACC0000000325,215742.36,49120.72,25973.11,238889.97,NPR
2026-01-09,ACC0000000326,116998.48,0.0,0.0,116998.48,NPR
2026-01-09,ACC0000000327,142087.27,82898.85,51839.76,173146.36,NPR
2026-01-09,ACC0000000328,312592.11,27925.64,201523.03,138994.72,NPR
2026-01-09,ACC0000000329,467696.37,58537.89,16930.6,509303.66,NPR
2026-01-09,ACC0000000330,2073.92,25656.72,83941.53,-56210.89,NPR
2026-01-09,ACC0000000331,366918.75,0.0,20461.99,346456.76,NPR
2026-01-09,ACC0000000332,37592.42,31954.54,12942.41,56604.55,NPR
2026-01-09,ACC0000000333,250620.07,13842.07,38616.27,225845.87,NPR
2026-01-09,ACC0000000334,99394.7,0.0,27496.06,71898.64,NPR
2026-01-09,ACC0000000335,211606.03,0.0,129634.81,81971.22,NPR
2026-01-09,ACC0000000336,351887.47,0.0,8992.41,342895.06,NPR
2026-01-09,ACC0000000337,319696.14,0.0,29540.55,290155.59,NPR
2026-01-09,ACC0000000338,381585.68,37897.37,97881.01,321602.04,NPR
2026-01-09,ACC0000000339,425939.53,0.0,69602.05,356337.48,NPR
2026-01-09,ACC0000000340,453731.61,0.0,74246.48,379485.13,NPR
2026-01-09,ACC0000000341,459313.76,0.0,72224.73,387089.03,NPR
2026-01-09,ACC0000000342,414219.73,0.0,46393.2,367826.53,NPR
2026-01-09,ACC0000000343,440596.36,0.0,141054.2,299542.16,NPR
2026-01-09,ACC0000000344,55254.82,0.0,40136.76,15118.06,NPR
2026-01-09,ACC0000000345,307847.48,0.0,0.0,307847.48,NPR
2026-01-09,ACC0000000346,347234.46,0.0,72540.54,274693.92,NPR
2026-01-09,ACC0000000347,144698.49,0.0,23823.04,120875.45,NPR
2026-01-09,ACC0000000348,199364.04,0.0,116647.75,82716.29,NPR
2026-01-09,ACC0000000349,259352.84,0.0,23565.05,235787.79,NPR
2026-01-09,ACC0000000350,248218.97,0.0,32113.29,216105.68,NPR
2026-01-09,ACC0000000351,389359.28,14589.14,132650.45,271297.97,NPR
2026-01-09,ACC0000000352,188307.47,0.0,0.0,188307.47,NPR
2026-01-09,ACC0000000353,23022.99,57363.31,40174.5,40211.8,NPR
2026-01-09,ACC0000000354,34639.31,51107.16,73641.83,12104.64,NPR
2026-01-09,ACC0000000355,199776.18,0.0,2440.11,197336.07,NPR
2026-01-09,ACC0000000356,111163.65,0.0,28217.61,82946.04,NPR
2026-01-09,ACC0000000357,413514.73,0.0,166378.93,247135.8,NPR
2026-01-09,ACC0000000358,480454.62,36833.27,149219.2,368068.69,NPR
2026-01-09,ACC0000000359,150040.28,0.0,87902.31,62137.97,NPR
2026-01-09,ACC0000000360,35539.65,49728.4,159948.75,-74680.7,NPR
2026-01-09,ACC0000000361,496239.48,0.0,139312.14,356927.34,NPR
2026-01-09,ACC0000000362,486712.93,0.0,0.0,486712.93,NPR
2026-01-09,ACC0000000363,294117.52,0.0,48090.41,246027.11,NPR
2026-01-09,ACC0000000364,355523.78,0.0,67400.42,288123.36,NPR
2026-01-09,ACC0000000365,145395.22,7880.37,32579.83,120695.76,NPR
2026-01-09,ACC0000000366,81577.55,0.0,40204.39,41373.16,NPR
2026-01-09,ACC0000000367,363336.23,0.0,0.0,363336.23,NPR
2026-01-09,ACC0000000368,388670.25,0.0,104339.68,284330.57,NPR
2026-01-09,ACC0000000369,19867.54,55020.9,0.0,74888.44,NPR
2026-01-09,ACC0000000370,164111.47,23240.33,18388.19,168963.61,NPR
2026-01-09,ACC0000000371,406096.74,0.0,39207.29,366889.45,NPR
2026-01-09,ACC0000000372,97277.62,36758.63,31598.94,102437.31,NPR
2026-01-09,ACC0000000373,167902.93,1637.77,98308.31,71232.39,NPR
2026-01-09,ACC0000000374,276476.43,6844.37,125877.72,157443.08,NPR
2026-01-09,ACC0000000375,162357.37,0.0,0.0,162357.37,NPR
2026-01-09,ACC0000000376,24285.11,0.0,58149.74,-33864.63,NPR
2026-01-09,ACC0000000377,171936.87,0.0,43190.81,128746.06,NPR
2026-01-09,ACC0000000378,485809.78,0.0,0.0,485809.78,NPR
2026-01-09,ACC0000000379,222048.22,0.0,100036.39,122011.83,NPR
2026-01-09,ACC0000000380,239293.05,46512.2,130510.89,155294.36,NPR
2026-01-09,ACC0000000381,46647.49,0.0,15806.99,30840.5,NPR
2026-01-09,ACC0000000382,193320.35,0.0,79199.97,114120.38,NPR
2026-01-09,ACC0000000383,89748.59,0.0,38131.8,51616.79,NPR
2026-01-09,ACC0000000384,87144.34,0.0,0.0,87144.34,NPR
2026-01-09,ACC0000000385,221468.69,0.0,24470.65,196998.04,NPR
2026-01-09,ACC0000000386,220613.8,31833.83,45441.54,207006.09,NPR
2026-01-09,ACC0000000387,113330.65,1420.48,55340.39,59410.74,NPR
2026-01-09,ACC0000000388,243607.32,54339.63,60226.7,237720.25,NPR
2026-01-09,ACC0000000389,299637.84,0.0,38828.61,260809.23,NPR
2026-01-09,ACC0000000390,349240.03,29417.42,0.0,378657.45,NPR
2026-01-09,ACC0000000391,334311.53,47565.69,59375.6,322501.62,NPR
2026-01-09,ACC0000000392,367097.67,0.0,74580.83,292516.84,NPR
2026-01-09,ACC0000000393,339015.67,27304.32,60823.29,305496.7,NPR
2026-01-09,ACC0000000394,100984.4,0.0,28528.93,72455.47,NPR
2026-01-09,ACC0000000395,49165.26,0.0,49546.42,-381.16,NPR
2026-01-09,ACC0000000396,14146.73,85247.11,68830.98,30562.86,NPR
2026-01-09,ACC0000000397,439918.71,0.0,12586.28,427332.43,NPR
2026-01-09,ACC0000000398,141700.74,0.0,0.0,141700.74,NPR
2026-01-09,ACC0000000399,23324.08,0.0,46554.48,-23230.4,NPR
2026-01-09,ACC0000000400,346372.61,41196.52,73279.7,314289.43,NPR
2026-01-09,ACC0000000401,365438.58,0.0,0.0,365438.58,NPR
2026-01-09,ACC0000000402,330098.06,0.0,21931.41,308166.65,NPR
2026-01-09,ACC0000000403,164954.1,0.0,0.0,164954.1,NPR
2026-01-09,ACC0000000404,176894.7,0.0,60970.72,115923.98,NPR
2026-01-09,ACC0000000405,110512.8,13559.22,56097.67,67974.35,NPR
2026-01-09,ACC0000000406,212529.73,0.0,48604.65,163925.08,NPR
2026-01-09,ACC0000000407,169578.06,0.0,30924.96,138653.1,NPR
2026-01-09,ACC0000000408,164706.47,17578.43,30233.38,152051.52,NPR
2026-01-09,ACC0000000409,73270.98,0.0,42259.72,31011.26,NPR
2026-01-09,ACC0000000410,399500.97,0.0,85010.31,314490.66,NPR
2026-01-09,ACC0000000411,497670.58,0.0,36798.37,460872.21,NPR
2026-01-09,ACC0000000412,121815.23,87324.81,43928.52,165211.52,NPR
2026-01-09,ACC0000000413,452328.12,49234.95,36699.84,464863.23,NPR
2026-01-09,ACC0000000414,146740.96,0.0,52143.02,94597.94,NPR
2026-01-09,ACC0000000415,411686.13,0.0,140311.22,271374.91,NPR
2026-01-09,ACC0000000416,487443.16,0.0,68979.91,418463.25,NPR
2026-01-09,ACC0000000417,375929.11,0.0,0.0,375929.11,NPR
2026-01-09,ACC0000000418,143557.5,3474.06,71611.5,75420.06,NPR
2026-01-09,ACC0000000419,146792.25,87975.06,25205.93,209561.38,NPR
2026-01-09,ACC0000000420,297334.78,0.0,21591.71,275743.07,NPR
2026-01-09,ACC0000000421,484895.59,0.0,34034.8,450860.79,NPR
2026-01-09,ACC0000000422,67234.77,0.0,0.0,67234.77,NPR
2026-01-09,ACC0000000423,389575.37,4762.87,100243.12,294095.12,NPR
2026-01-09,ACC0000000424,121663.9,28523.52,944.98,149242.44,NPR
2026-01-09,ACC0000000425,133825.18,0.0,0.0,133825.18,NPR
2026-01-09,ACC0000000426,147889.98,3567.39,98874.89,52582.48,NPR
2026-01-09,ACC0000000427,106003.53,0.0,0.0,106003.53,NPR
2026-01-09,ACC0000000428,476985.29,0.0,165227.81,311757.48,NPR
2026-01-09,ACC0000000429,64032.41,0.0,0.0,64032.41,NPR
2026-01-09,ACC0000000430,109975.12,0.0,37940.84,72034.28,NPR
2026-01-09,ACC0000000431,190649.24,0.0,66248.07,124401.17,NPR
2026-01-09,ACC0000000432,84342.98,61017.21,36611.26,108748.93,NPR
2026-01-09,ACC0000000433,160578.38,0.0,0.0,160578.38,NPR
2026-01-09,ACC0000000434,486390.34,0.0,34588.89,451801.45,NPR
2026-01-09,ACC0000000435,41445.81,6645.29,26440.02,21651.08,NPR
2026-01-09,ACC0000000436,36685.81,17682.06,11301.75,43066.12,NPR
2026-01-09,ACC0000000437,315357.48,48514.2,135110.25,228761.43,NPR
2026-01-09,ACC0000000438,40675.77,0.0,22892.84,17782.93,NPR
2026-01-09,ACC0000000439,252002.75,13780.82,33109.63,232673.94,NPR
2026-01-09,ACC0000000440,103242.23,18687.87,37763.83,84166.27,NPR
2026-01-09,ACC0000000441,425001.61,34946.52,86427.59,373520.54,NPR
2026-01-09,ACC0000000442,183539.67,0.0,128434.58,55105.09,NPR
2026-01-09,ACC0000000443,153469.42,10445.89,76874.96,87040.35,NPR
2026-01-09,ACC0000000444,299185.71,17553.88,110477.67,206261.92,NPR
2026-01-09,ACC0000000445,243954.45,0.0,72428.88,171525.57,NPR
2026-01-09,ACC0000000446,385148.3,0.0,15417.78,369730.52,NPR
2026-01-09,ACC0000000447,345110.82,0.0,0.0,345110.82,NPR
2026-01-09,ACC0000000448,82443.67,16059.14,0.0,98502.81,NPR
2026-01-09,ACC0000000449,161983.73,28192.26,89676.6,100499.39,NPR
2026-01-09,ACC0000000450,213666.44,0.0,64813.76,148852.68,NPR
2026-01-09,ACC0000000451,291587.31,0.0,40512.09,251075.22,NPR
2026-01-09,ACC0000000452,479237.21,0.0,88496.18,390741.03,NPR
2026-01-09,ACC0000000453,394124.85,0.0,0.0,394124.85,NPR
2026-01-09,ACC0000000454,311007.94,16194.15,120750.87,206451.22,NPR
2026-01-09,ACC0000000455,59565.38,0.0,118851.67,-59286.29,NPR
2026-01-09,ACC0000000456,463969.41,0.0,9219.23,454750.18,NPR
2026-01-09,ACC0000000457,44994.58,11428.2,22563.57,33859.21,NPR
2026-01-09,ACC0000000458,366165.56,0.0,0.0,366165.56,NPR
2026-01-09,ACC0000000459,105055.44,0.0,43636.8,61418.64,NPR
2026-01-09,ACC0000000460,20118.8,0.0,0.0,20118.8,NPR
2026-01-09,ACC0000000461,358060.59,0.0,8548.07,349512.52,NPR
2026-01-09,ACC0000000462,293939.95,45201.45,46883.58,292257.82,NPR
2026-01-09,ACC0000000463,61375.27,80491.7,35799.13,106067.84,NPR
2026-01-09,ACC0000000464,160814.64,0.0,0.0,160814.64,NPR
2026-01-09,ACC0000000465,27885.48,27627.66,0.0,55513.14,NPR
2026-01-09,ACC0000000466,129514.83,0.0,35713.95,93800.88,NPR
2026-01-09,ACC0000000467,266585.79,0.0,33083.99,233501.8,NPR
2026-01-09,ACC0000000468,392469.03,18516.06,26686.05,384299.04,NPR
2026-01-09,ACC0000000469,452876.89,0.0,29507.64,423369.25,NPR
2026-01-09,ACC0000000470,339169.48,32905.47,69510.94,302564.01,NPR
2026-01-09,ACC0000000471,310802.81,0.0,48851.5,261951.31,NPR
2026-01-09,ACC0000000472,149842.87,0.0,16660.12,133182.75,NPR
2026-01-09,ACC0000000473,391236.18,42522.19,55265.45,378492.92,NPR
2026-01-09,ACC0000000474,275389.11,32638.95,0.0,308028.06,NPR
2026-01-09,ACC0000000475,289482.49,21243.34,39238.9,271486.93,NPR
2026-01-09,ACC0000000476,49409.29,0.0,77569.72,-28160.43,NPR
2026-01-09,ACC0000000477,256164.99,18929.1,62721.57,212372.52,NPR
2026-01-09,ACC0000000478,228635.37,0.0,48853.13,179782.24,NPR
2026-01-09,ACC0000000479,306242.75,0.0,9066.64,297176.11,NPR
2026-01-09,ACC0000000480,465041.22,8768.32,82733.75,391075.79,NPR
2026-01-09,ACC0000000481,101720.86,0.0,87037.01,14683.85,NPR
2026-01-09,ACC0000000482,399597.89,0.0,18566.84,381031.05,NPR
2026-01-09,ACC0000000483,442416.4,1985.32,1264.14,443137.58,NPR
2026-01-09,ACC0000000484,56425.08,0.0,14305.58,42119.5,NPR
2026-01-09,ACC0000000485,129930.29,0.0,44965.68,84964.61,NPR
2026-01-09,ACC0000000486,184640.26,0.0,112521.16,72119.1,NPR
2026-01-09,ACC0000000487,245615.87,33281.98,68582.51,210315.34,NPR
2026-01-09,ACC0000000488,250458.48,0.0,0.0,250458.48,NPR
2026-01-09,ACC0000000489,331834.38,0.0,36302.64,295531.74,NPR
2026-01-09,ACC0000000490,306562.27,0.0,37469.06,269093.21,NPR
2026-01-09,ACC0000000491,206381.81,19706.04,21001.53,205086.32,NPR
2026-01-09,ACC0000000492,222417.07,0.0,0.0,222417.07,NPR
2026-01-09,ACC0000000493,319412.11,0.0,58788.04,260624.07,NPR
2026-01-09,ACC0000000494,222903.05,37832.19,47548.55,213186.69,NPR
2026-01-09,ACC0000000495,330761.95,9897.63,0.0,340659.58,NPR
2026-01-09,ACC0000000496,4957.35,0.0,0.0,4957.35,NPR
2026-01-09,ACC0000000497,416081.58,0.0,90578.19,325503.39,NPR
2026-01-09,ACC0000000498,488128.07,32234.35,50480.53,469881.89,NPR
2026-01-09,ACC0000000499,415533.39,0.0,50663.75,364869.64,NPR
2026-01-09,ACC0000000500,374322.36,0.0,129404.71,244917.65,NPR
2026-01-09,ACC0000000501,412592.17,0.0,57910.38,354681.79,NPR
2026-01-09,ACC0000000502,241814.13,0.0,130102.47,111711.66,NPR
2026-01-09,ACC0000000503,314684.68,0.0,20464.65,294220.03,NPR
2026-01-09,ACC0000000504,155874.51,0.0,0.0,155874.51,NPR
2026-01-09,ACC0000000505,462866.58,0.0,0.0,462866.58,NPR
2026-01-09,ACC0000000506,251216.32,29326.27,18811.29,261731.3,NPR
2026-01-09,ACC0000000507,89843.66,75636.95,15855.14,149625.47,NPR
2026-01-09,ACC0000000508,423995.21,0.0,127198.93,296796.28,NPR
2026-01-09,ACC0000000509,320536.9,0.0,199127.81,121409.09,NPR
2026-01-09,ACC0000000510,79022.52,15460.16,48456.39,46026.29,NPR
2026-01-09,ACC0000000511,331983.91,0.0,0.0,331983.91,NPR
2026-01-09,ACC0000000512,48049.52,0.0,0.0,48049.52,NPR
2026-01-09,ACC0000000513,357311.82,0.0,62234.99,295076.83,NPR
2026-01-09,ACC0000000514,219023.92,17318.04,148389.98,87951.98,NPR
2026-01-09,ACC0000000515,460724.04,0.0,49080.04,411644.0,NPR
2026-01-09,ACC0000000516,432202.27,34034.27,40094.8,426141.74,NPR
2026-01-09,ACC0000000517,128174.42,61164.34,61140.03,128198.73,NPR
2026-01-09,ACC0000000518,402707.7,45709.33,99474.42,348942.61,NPR
2026-01-09,ACC0000000519,238960.5,0.0,0.0,238960.5,NPR
2026-01-09,ACC0000000520,150024.77,5186.65,57041.34,98170.08,NPR
2026-01-09,ACC0000000521,208696.8,0.0,47112.92,161583.88,NPR
2026-01-09,ACC0000000522,464667.05,31322.07,76385.6,419603.52,NPR
2026-01-09,ACC0000000523,384439.03,27424.62,63846.63,348017.02,NPR
2026-01-09,ACC0000000524,439304.3,0.0,47479.24,391825.06,NPR
2026-01-09,ACC0000000525,244989.11,0.0,44420.93,200568.18,NPR
2026-01-09,ACC0000000526,316576.79,41088.9,44280.97,313384.72,NPR
2026-01-09,ACC0000000527,34895.26,0.0,114027.51,-79132.25,NPR
2026-01-09,ACC0000000528,78103.27,0.0,118129.61,-40026.34,NPR
2026-01-09,ACC0000000529,219187.04,0.0,66257.1,152929.94,NPR
2026-01-09,ACC0000000530,116654.01,0.0,18981.87,97672.14,NPR
2026-01-09,ACC0000000531,76360.19,0.0,78053.32,-1693.13,NPR
2026-01-09,ACC0000000532,70504.76,213.35,104547.55,-33829.44,NPR
2026-01-09,ACC0000000533,339338.05,0.0,73446.03,265892.02,NPR
2026-01-09,ACC0000000534,439253.7,0.0,0.0,439253.7,NPR
2026-01-09,ACC0000000535,378966.51,0.0,44698.36,334268.15,NPR
2026-01-09,ACC0000000536,461108.78,0.0,0.0,461108.78,NPR
2026-01-09,ACC0000000537,477482.98,10160.2,45857.22,441785.96,NPR
2026-01-09,ACC0000000538,467522.91,0.0,89062.01,378460.9,NPR
2026-01-09,ACC0000000539,102925.59,2607.01,45041.22,60491.38,NPR
2026-01-09,ACC0000000540,65582.48,62602.09,11678.97,116505.6,NPR
2026-01-09,ACC0000000541,342483.32,29474.42,0.0,371957.74,NPR
2026-01-09,ACC0000000542,359037.99,2155.0,0.0,361192.99,NPR
2026-01-09,ACC0000000543,416244.23,0.0,53358.61,362885.62,NPR
2026-01-09,ACC0000000544,216376.87,0.0,0.0,216376.87,NPR
2026-01-09,ACC0000000545,11933.42,0.0,9196.93,2736.49,NPR
2026-01-09,ACC0000000546,412346.16,0.0,34661.27,377684.89,NPR
2026-01-09,ACC0000000547,480140.83,0.0,12012.18,468128.65,NPR
2026-01-09,ACC0000000548,164421.85,34435.03,93067.73,105789.15,NPR
2026-01-09,ACC0000000549,25960.06,0.0,89796.14,-63836.08,NPR
2026-01-09,ACC0000000550,208047.71,34150.41,0.0,242198.12,NPR
2026-01-09,ACC0000000551,106431.47,5847.65,0.0,112279.12,NPR
2026-01-09,ACC0000000552,207450.74,0.0,78219.94,129230.8,NPR
2026-01-09,ACC0000000553,123988.57,42267.77,49832.8,116423.54,NPR
2026-01-09,ACC0000000554,181620.1,26203.22,67564.47,140258.85,NPR
2026-01-09,ACC0000000555,459807.86,0.0,66611.99,393195.87,NPR
2026-01-09,ACC0000000556,33010.52,29054.79,43702.03,18363.28,NPR
2026-01-09,ACC0000000557,240164.91,0.0,0.0,240164.91,NPR
2026-01-09,ACC0000000558,189358.17,29390.64,80742.73,138006.08,NPR
2026-01-09,ACC0000000559,61769.64,0.0,0.0,61769.64,NPR
2026-01-09,ACC0000000560,104204.88,12442.14,104654.77,11992.25,NPR
2026-01-09,ACC0000000561,204211.25,0.0,46313.23,157898.02,NPR
2026-01-09,ACC0000000562,229891.42,17003.57,0.0,246894.99,NPR
2026-01-09,ACC0000000563,212142.13,0.0,31412.98,180729.15,NPR
2026-01-09,ACC0000000564,465518.71,0.0,33401.75,432116.96,NPR
2026-01-09,ACC0000000565,103098.12,0.0,0.0,103098.12,NPR
2026-01-09,ACC0000000566,251783.45,0.0,32938.37,218845.08,NPR
2026-01-09,ACC0000000567,134700.46,0.0,0.0,134700.46,NPR
2026-01-09,ACC0000000568,407256.47,29393.9,0.0,436650.37,NPR
2026-01-09,ACC0000000569,216009.13,0.0,97389.44,118619.69,NPR
2026-01-09,ACC0000000570,245334.43,14579.28,141674.64,118239.07,NPR
2026-01-09,ACC0000000571,9916.52,16647.57,19276.09,7288.0,NPR
2026-01-09,ACC0000000572,448906.42,0.0,118807.95,330098.47,NPR
2026-01-09,ACC0000000573,109662.41,0.0,51666.89,57995.52,NPR
2026-01-09,ACC0000000574,240927.0,0.0,11876.12,229050.88,NPR
2026-01-09,ACC0000000575,456192.27,0.0,0.0,456192.27,NPR
2026-01-09,ACC0000000576,255022.22,0.0,36515.04,218507.18,NPR
2026-01-09,ACC0000000577,354916.01,44024.2,0.0,398940.21,NPR
2026-01-09,ACC0000000578,119915.06,0.0,70047.04,49868.02,NPR
2026-01-09,ACC0000000579,18916.93,14684.67,0.0,33601.6,NPR
2026-01-09,ACC0000000580,330689.14,0.0,29215.57,301473.57,NPR
2026-01-09,ACC0000000581,71079.65,0.0,100124.67,-29045.02,NPR
2026-01-09,ACC0000000582,238213.98,27215.16,25244.07,240185.07,NPR
2026-01-09,ACC0000000583,132159.95,46838.35,0.0,178998.3,NPR
2026-01-09,ACC0000000584,336093.73,4571.59,0.0,340665.32,NPR
2026-01-09,ACC0000000585,65579.86,10311.9,0.0,75891.76,NPR
2026-01-09,ACC0000000586,210345.19,2062.49,0.0,212407.68,NPR
2026-01-09,ACC0000000587,459190.03,0.0,0.0,459190.03,NPR
2026-01-09,ACC0000000588,467376.36,2822.02,73228.84,396969.54,NPR
2026-01-09,ACC0000000589,158482.46,0.0,0.0,158482.46,NPR
2026-01-09,ACC0000000590,279173.11,27344.3,83721.71,222795.7,NPR
2026-01-09,ACC0000000591,197812.22,0.0,45543.68,152268.54,NPR
2026-01-09,ACC0000000592,38744.92,29065.89,41999.26,25811.55,NPR
2026-01-09,ACC0000000593,374306.39,0.0,19505.4,354800.99,NPR
2026-01-09,ACC0000000594,194905.08,0.0,0.0,194905.08,NPR
2026-01-09,ACC0000000595,463549.71,0.0,0.0,463549.71,NPR
2026-01-09,ACC0000000596,391591.51,91629.0,29722.99,453497.52,NPR
2026-01-09,ACC0000000597,40897.38,0.0,81085.67,-40188.29,NPR
2026-01-09,ACC0000000598,155533.0,10619.31,17971.81,148180.5,NPR
2026-01-09,ACC0000000599,117423.81,125287.14,94440.16,148270.79,NPR
2026-01-09,ACC0000000600,139561.9,0.0,38687.47,100874.43,NPR
2026-01-09,ACC0000000601,115806.4,0.0,0.0,115806.4,NPR
2026-01-09,ACC0000000602,444694.54,388.14,75162.12,369920.56,NPR
2026-01-09,ACC0000000603,374496.17,0.0,16452.87,358043.3,NPR
2026-01-09,ACC0000000604,423217.42,31722.74,113244.76,341695.4,NPR
2026-01-09,ACC0000000605,114639.81,7640.1,55581.57,66698.34,NPR
2026-01-09,ACC0000000606,327381.22,40534.98,69273.26,298642.94,NPR
2026-01-09,ACC0000000607,200758.92,0.0,77012.09,123746.83,NPR
2026-01-09,ACC0000000608,47014.01,0.0,81360.64,-34346.63,NPR
2026-01-09,ACC0000000609,387358.01,0.0,131581.18,255776.83,NPR
2026-01-09,ACC0000000610,3065.52,38029.74,113535.82,-72440.56,NPR
2026-01-09,ACC0000000611,7438.36,0.0,47339.51,-39901.15,NPR
2026-01-09,ACC0000000612,93360.08,16923.62,25186.92,85096.78,NPR
2026-01-09,ACC0000000613,420829.56,0.0,54814.02,366015.54,NPR
2026-01-09,ACC0000000614,74315.2,0.0,15858.2,58457.0,NPR
2026-01-09,ACC0000000615,286138.88,25046.99,240994.96,70190.91,NPR
2026-01-09,ACC0000000616,89148.35,0.0,82410.07,6738.28,NPR
2026-01-09,ACC0000000617,298989.07,48505.29,82557.21,264937.15,NPR
2026-01-09,ACC0000000618,462448.53,29631.94,13141.74,478938.73,NPR
2026-01-09,ACC0000000619,382605.89,38259.2,10485.33,410379.76,NPR
2026-01-09,ACC0000000620,469416.52,0.0,0.0,469416.52,NPR
2026-01-09,ACC0000000621,292699.95,0.0,0.0,292699.95,NPR
2026-01-09,ACC0000000622,196863.7,0.0,32588.41,164275.29,NPR
2026-01-09,ACC0000000623,5109.22,0.0,0.0,5109.22,NPR
2026-01-09,ACC0000000624,67585.05,0.0,0.0,67585.05,NPR
2026-01-09,ACC0000000625,445614.21,0.0,0.0,445614.21,NPR
2026-01-09,ACC0000000626,70191.59,0.0,89856.54,-19664.95,NPR
2026-01-09,ACC0000000627,337489.9,0.0,72667.81,264822.09,NPR
2026-01-09,ACC0000000628,17131.71,12139.51,75497.21,-46225.99,NPR
2026-01-09,ACC0000000629,44675.17,0.0,22082.84,22592.33,NPR
2026-01-09,ACC0000000630,116541.72,0.0,0.0,116541.72,NPR
2026-01-09,ACC0000000631,141635.09,0.0,13497.6,128137.49,NPR
2026-01-09,ACC0000000632,132764.25,0.0,44605.12,88159.13,NPR
2026-01-09,ACC0000000633,451951.57,33090.89,61895.78,423146.68,NPR
2026-01-09,ACC0000000634,250944.7,0.0,96767.96,154176.74,NPR
2026-01-09,ACC0000000635,427836.02,0.0,0.0,427836.02,NPR
2026-01-09,ACC0000000636,70998.96,0.0,76633.38,-5634.42,NPR
2026-01-09,ACC0000000637,459782.41,46052.01,63566.29,442268.13,NPR
2026-01-09,ACC0000000638,494240.13,0.0,52246.28,441993.85,NPR
2026-01-09,ACC0000000639,495726.58,26581.91,25509.93,496798.56,NPR
2026-01-09,ACC0000000640,50914.19,0.0,0.0,50914.19,NPR
2026-01-09,ACC0000000641,298611.73,0.0,14995.69,283616.04,NPR
2026-01-09,ACC0000000642,28554.77,30341.01,141809.71,-82913.93,NPR
2026-01-09,ACC0000000643,321304.83,0.0,0.0,321304.83,NPR
2026-01-09,ACC0000000644,408404.28,16944.34,85749.88,339598.74,NPR
2026-01-09,ACC0000000645,116795.67,56973.22,83821.83,89947.06,NPR
2026-01-09,ACC0000000646,411206.73,0.0,0.0,411206.73,NPR
2026-01-09,ACC0000000647,55426.25,8284.5,46489.49,17221.26,NPR
2026-01-09,ACC0000000648,400680.48,0.0,0.0,400680.48,NPR
2026-01-09,ACC0000000649,258055.39,0.0,52674.59,205380.8,NPR
2026-01-09,ACC0000000650,481914.35,0.0,26660.22,455254.13,NPR
2026-01-09,ACC0000000651,262215.48,0.0,73957.1,188258.38,NPR
2026-01-09,ACC0000000652,415907.82,22662.48,114016.03,324554.27,NPR
2026-01-09,ACC0000000653,233573.54,0.0,0.0,233573.54,NPR
2026-01-09,ACC0000000654,68239.76,25523.93,55438.75,38324.94,NPR
2026-01-09,ACC0000000655,379654.61,0.0,78444.68,301209.93,NPR
2026-01-09,ACC0000000656,271276.15,0.0,9436.02,261840.13,NPR
2026-01-09,ACC0000000657,158156.41,0.0,42842.69,115313.72,NPR
2026-01-09,ACC0000000658,343410.94,0.0,4569.79,338841.15,NPR
2026-01-09,ACC0000000659,452746.92,0.0,25623.59,427123.33,NPR
2026-01-09,ACC0000000660,42829.78,0.0,60835.7,-18005.92,NPR
2026-01-09,ACC0000000661,247007.35,0.0,77783.21,169224.14,NPR
2026-01-09,ACC0000000662,27720.63,0.0,0.0,27720.63,NPR
2026-01-09,ACC0000000663,431025.43,0.0,38529.61,392495.82,NPR
2026-01-09,ACC0000000664,202453.29,0.0,67680.24,134773.05,NPR
2026-01-09,ACC0000000665,368580.51,0.0,0.0,368580.51,NPR
2026-01-09,ACC0000000666,412913.29,0.0,41138.32,371774.97,NPR
2026-01-09,ACC0000000667,10133.23,0.0,0.0,10133.23,NPR
2026-01-09,ACC0000000668,38303.75,0.0,176736.83,-138433.08,NPR
2026-01-09,ACC0000000669,471116.79,38921.16,4315.19,505722.76,NPR
2026-01-09,ACC0000000670,225436.65,48639.07,104952.95,169122.77,NPR
2026-01-09,ACC0000000671,463906.62,0.0,132651.64,331254.98,NPR
2026-01-09,ACC0000000672,421940.38,0.0,16813.58,405126.8,NPR
2026-01-09,ACC0000000673,380735.03,30451.26,86176.0,325010.29,NPR
2026-01-09,ACC0000000674,34227.08,48578.28,102607.11,-19801.75,NPR
2026-01-09,ACC0000000675,478490.62,0.0,101823.61,376667.01,NPR
2026-01-09,ACC0000000676,348697.01,0.0,32921.71,315775.3,NPR
2026-01-09,ACC0000000677,493197.52,86388.31,0.0,579585.83,NPR
2026-01-09,ACC0000000678,204019.7,34560.44,61183.08,177397.06,NPR
2026-01-09,ACC0000000679,88283.34,0.0,102051.8,-13768.46,NPR
2026-01-09,ACC0000000680,206953.63,0.0,127909.12,79044.51,NPR
2026-01-09,ACC0000000681,196953.7,46121.02,92320.85,150753.87,NPR
2026-01-09,ACC0000000682,424438.11,0.0,86624.34,337813.77,NPR
2026-01-09,ACC0000000683,62640.36,15916.84,34679.71,43877.49,NPR
2026-01-09,ACC0000000684,284726.34,19534.74,123851.42,180409.66,NPR
2026-01-09,ACC0000000685,368124.97,11663.34,0.0,379788.31,NPR
2026-01-09,ACC0000000686,401125.63,0.0,168200.45,232925.18,NPR
2026-01-09,ACC0000000687,491507.23,0.0,0.0,491507.23,NPR
2026-01-09,ACC0000000688,204415.7,0.0,48999.57,155416.13,NPR
2026-01-09,ACC0000000689,291374.73,30126.88,0.0,321501.61,NPR
2026-01-09,ACC0000000690,258297.93,12928.96,38006.16,233220.73,NPR
2026-01-09,ACC0000000691,292507.68,0.0,156343.94,136163.74,NPR
2026-01-09,ACC0000000692,311971.7,0.0,46131.07,265840.63,NPR
2026-01-09,ACC0000000693,113349.34,35342.02,0.0,148691.36,NPR
2026-01-09,ACC0000000694,430515.4,64637.7,92083.69,403069.41,NPR
2026-01-09,ACC0000000695,332743.03,38706.61,143389.13,228060.51,NPR
2026-01-09,ACC0000000696,105731.92,0.0,162015.98,-56284.06,NPR
2026-01-09,ACC0000000697,477847.09,0.0,21418.98,456428.11,NPR
2026-01-09,ACC0000000698,147906.31,0.0,44142.24,103764.07,NPR
2026-01-09,ACC0000000699,133273.24,0.0,0.0,133273.24,NPR
2026-01-09,ACC0000000700,30724.76,19764.7,34214.12,16275.34,NPR
2026-01-09,ACC0000000701,92481.14,44731.32,97751.2,39461.26,NPR
2026-01-09,ACC0000000702,219241.09,19552.62,17921.9,220871.81,NPR
2026-01-09,ACC0000000703,300562.05,0.0,5537.48,295024.57,NPR
2026-01-09,ACC0000000704,463997.07,0.0,26194.91,437802.16,NPR
2026-01-09,ACC0000000705,350153.92,0.0,19732.52,330421.4,NPR
2026-01-09,ACC0000000706,431151.99,0.0,0.0,431151.99,NPR
2026-01-09,ACC0000000707,239420.24,0.0,92472.45,146947.79,NPR
2026-01-09,ACC0000000708,179553.35,0.0,0.0,179553.35,NPR
2026-01-09,ACC0000000709,232448.25,0.0,41086.5,191361.75,NPR
2026-01-09,ACC0000000710,98948.01,9046.68,120437.32,-12442.63,NPR
2026-01-09,ACC0000000711,365652.97,15372.02,92474.8,288550.19,NPR
2026-01-09,ACC0000000712,206112.77,0.0,95527.17,110585.6,NPR
2026-01-09,ACC0000000713,217695.52,13638.58,17794.19,213539.91,NPR
2026-01-09,ACC0000000714,182859.47,1356.47,10669.32,173546.62,NPR
2026-01-09,ACC0000000715,134012.18,0.0,0.0,134012.18,NPR
2026-01-09,ACC0000000716,427314.7,15162.08,21619.31,420857.47,NPR
2026-01-09,ACC0000000717,281376.19,32215.46,42969.18,270622.47,NPR
2026-01-09,ACC0000000718,88433.34,0.0,126073.12,-37639.78,NPR
2026-01-09,ACC0000000719,180508.02,0.0,0.0,180508.02,NPR
2026-01-09,ACC0000000720,391261.62,0.0,0.0,391261.62,NPR
2026-01-09,ACC0000000721,50192.75,0.0,29893.18,20299.57,NPR
2026-01-09,ACC0000000722,249991.31,0.0,0.0,249991.31,NPR
2026-01-09,ACC0000000723,222421.43,0.0,0.0,222421.43,NPR
2026-01-09,ACC0000000724,473489.73,7620.88,54898.08,426212.53,NPR
2026-01-09,ACC0000000725,290005.29,784.27,70805.43,219984.13,NPR
2026-01-09,ACC0000000726,438723.35,0.0,45670.62,393052.73,NPR
2026-01-09,ACC0000000727,497975.22,14130.13,2235.91,509869.44,NPR
2026-01-09,ACC0000000728,314740.62,28110.57,46557.95,296293.24,NPR
2026-01-09,ACC0000000729,470462.05,0.0,64158.29,406303.76,NPR
2026-01-09,ACC0000000730,495326.25,0.0,85890.8,409435.45,NPR
2026-01-09,ACC0000000731,59850.4,0.0,0.0,59850.4,NPR
2026-01-09,ACC0000000732,26609.26,0.0,0.0,26609.26,NPR
2026-01-09,ACC0000000733,64209.09,62200.55,0.0,126409.64,NPR
2026-01-09,ACC0000000734,420249.46,9518.95,0.0,429768.41,NPR
2026-01-09,ACC0000000735,178876.22,0.0,138128.31,40747.91,NPR
2026-01-09,ACC0000000736,167969.63,0.0,65730.13,102239.5,NPR
2026-01-09,ACC0000000737,190462.26,9073.17,1748.18,197787.25,NPR
2026-01-09,ACC0000000738,27340.92,0.0,83218.14,-55877.22,NPR
2026-01-09,ACC0000000739,337896.57,0.0,31453.11,306443.46,NPR
2026-01-09,ACC0000000740,496245.29,23364.63,4913.79,514696.13,NPR
2026-01-09,ACC0000000741,139774.04,0.0,57942.24,81831.8,NPR
2026-01-09,ACC0000000742,352146.04,19979.04,79262.7,292862.38,NPR
2026-01-09,ACC0000000743,23688.78,0.0,0.0,23688.78,NPR
2026-01-09,ACC0000000744,122572.53,0.0,36569.7,86002.83,NPR
2026-01-09,ACC0000000745,414194.27,0.0,35848.7,378345.57,NPR
2026-01-09,ACC0000000746,164056.29,0.0,0.0,164056.29,NPR
2026-01-09,ACC0000000747,113950.0,71713.3,61095.82,124567.48,NPR
2026-01-09,ACC0000000748,346227.65,0.0,67324.43,278903.22,NPR
2026-01-09,ACC0000000749,292001.38,31602.04,49312.77,274290.65,NPR
2026-01-09,ACC0000000750,481894.64,40034.04,41142.45,480786.23,NPR
2026-01-09,ACC0000000751,339269.63,0.0,28479.43,310790.2,NPR
2026-01-09,ACC0000000752,199883.03,14500.48,101960.24,112423.27,NPR
2026-01-09,ACC0000000753,412183.14,38913.43,0.0,451096.57,NPR
2026-01-09,ACC0000000754,265853.23,0.0,28711.23,237142.0,NPR
2026-01-09,ACC0000000755,114973.01,0.0,43858.78,71114.23,NPR
2026-01-09,ACC0000000756,359858.49,48382.39,96423.75,311817.13,NPR
2026-01-09,ACC0000000757,398915.29,13867.67,26382.36,386400.6,NPR
2026-01-09,ACC0000000758,421132.15,0.0,0.0,421132.15,NPR
2026-01-09,ACC0000000759,364156.8,43637.8,34771.34,373023.26,NPR
2026-01-09,ACC0000000760,10594.26,0.0,101676.27,-91082.01,NPR
2026-01-09,ACC0000000761,29527.88,43535.48,143972.37,-70909.01,NPR
2026-01-09,ACC0000000762,162577.54,0.0,0.0,162577.54,NPR
2026-01-09,ACC0000000763,64784.64,0.0,36785.02,27999.62,NPR
2026-01-09,ACC0000000764,235417.99,0.0,59250.54,176167.45,NPR
2026-01-09,ACC0000000765,286688.1,0.0,2816.51,283871.59,NPR
2026-01-09,ACC0000000766,80127.5,0.0,28108.22,52019.28,NPR
2026-01-09,ACC0000000767,344783.93,0.0,0.0,344783.93,NPR
2026-01-09,ACC0000000768,207926.71,17458.57,36339.92,189045.36,NPR
2026-01-09,ACC0000000769,443601.89,38545.45,35810.58,446336.76,NPR
2026-01-09,ACC0000000770,346004.24,0.0,0.0,346004.24,NPR
2026-01-09,ACC0000000771,90320.15,0.0,117798.29,-27478.14,NPR
2026-01-09,ACC0000000772,29289.17,0.0,109920.57,-80631.4,NPR
2026-01-09,ACC0000000773,196547.49,0.0,42229.21,154318.28,NPR
2026-01-09,ACC0000000774,39937.18,0.0,31653.13,8284.05,NPR
2026-01-09,ACC0000000775,335294.24,0.0,85461.54,249832.7,NPR
2026-01-09,ACC0000000776,183419.82,0.0,9545.41,173874.41,NPR
2026-01-09,ACC0000000777,423572.0,35265.69,74424.34,384413.35,NPR
2026-01-09,ACC0000000778,285590.01,0.0,88025.52,197564.49,NPR
2026-01-09,ACC0000000779,428688.61,0.0,57825.76,370862.85,NPR
2026-01-09,ACC0000000780,176236.99,61931.88,37083.43,201085.44,NPR
2026-01-09,ACC0000000781,90600.94,23128.77,29857.25,83872.46,NPR
2026-01-09,ACC0000000782,124384.28,0.0,42207.96,82176.32,NPR
2026-01-09,ACC0000000783,380087.65,0.0,50110.03,329977.62,NPR
2026-01-09,ACC0000000784,153232.34,2883.8,108609.68,47506.46,NPR
2026-01-09,ACC0000000785,432818.89,0.0,22185.93,410632.96,NPR
2026-01-09,ACC0000000786,434338.85,0.0,18481.26,415857.59,NPR
2026-01-09,ACC0000000787,374681.52,0.0,102378.97,272302.55,NPR
2026-01-09,ACC0000000788,483509.73,0.0,25667.47,457842.26,NPR
2026-01-09,ACC0000000789,350120.69,26345.86,53540.75,322925.8,NPR
2026-01-09,ACC0000000790,161053.87,0.0,0.0,161053.87,NPR
2026-01-09,ACC0000000791,209828.12,3467.63,89097.9,124197.85,NPR
2026-01-09,ACC0000000792,228244.8,0.0,47500.78,180744.02,NPR
2026-01-09,ACC0000000793,219219.07,32336.61,62035.47,189520.21,NPR
2026-01-09,ACC0000000794,6655.84,0.0,45421.19,-38765.35,NPR
2026-01-09,ACC0000000795,403920.16,0.0,36778.63,367141.53,NPR
2026-01-09,ACC0000000796,308844.45,0.0,0.0,308844.45,NPR
2026-01-09,ACC0000000797,49369.09,12059.85,123761.79,-62332.85,NPR
2026-01-09,ACC0000000798,261960.97,0.0,0.0,261960.97,NPR
2026-01-09,ACC0000000799,23934.84,24668.26,41116.43,7486.67,NPR
2026-01-09,ACC0000000800,497433.34,33789.83,59548.47,471674.7,NPR
2026-01-09,ACC0000000801,380111.59,0.0,0.0,380111.59,NPR
2026-01-09,ACC0000000802,429598.71,11677.5,0.0,441276.21,NPR
2026-01-09,ACC0000000803,301615.34,0.0,0.0,301615.34,NPR
2026-01-09,ACC0000000804,75286.64,0.0,5640.1,69646.54,NPR
2026-01-09,ACC0000000805,449944.27,0.0,25480.76,424463.51,NPR
2026-01-09,ACC0000000806,122370.64,0.0,26958.2,95412.44,NPR
2026-01-09,ACC0000000807,305193.26,0.0,65956.89,239236.37,NPR
2026-01-09,ACC0000000808,122727.82,0.0,72598.17,50129.65,NPR
2026-01-09,ACC0000000809,149422.77,20071.28,14293.21,155200.84,NPR
2026-01-09,ACC0000000810,70593.33,0.0,105978.82,-35385.49,NPR
2026-01-09,ACC0000000811,110196.27,24417.14,7203.62,127409.79,NPR
2026-01-09,ACC0000000812,41321.59,0.0,0.0,41321.59,NPR
2026-01-09,ACC0000000813,322751.89,0.0,27661.94,295089.95,NPR
2026-01-09,ACC0000000814,382069.45,0.0,83084.9,298984.55,NPR
2026-01-09,ACC0000000815,106043.69,93065.86,0.0,199109.55,NPR
2026-01-09,ACC0000000816,298841.07,0.0,0.0,298841.07,NPR
2026-01-09,ACC0000000817,447369.87,0.0,53827.24,393542.63,NPR
2026-01-09,ACC0000000818,397296.17,0.0,0.0,397296.17,NPR
2026-01-09,ACC0000000819,352440.77,26296.14,31944.18,346792.73,NPR
2026-01-09,ACC0000000820,77745.84,0.0,94299.98,-16554.14,NPR
2026-01-09,ACC0000000821,12618.55,0.0,161768.21,-149149.66,NPR
2026-01-09,ACC0000000822,157442.73,13276.15,6091.03,164627.85,NPR
2026-01-09,ACC0000000823,445219.34,0.0,35264.37,409954.97,NPR
2026-01-09,ACC0000000824,175113.12,0.0,76552.12,98561.0,NPR
2026-01-09,ACC0000000825,116473.27,0.0,0.0,116473.27,NPR
2026-01-09,ACC0000000826,499592.71,50413.11,33396.61,516609.21,NPR
2026-01-09,ACC0000000827,243045.33,33146.33,91940.4,184251.26,NPR
2026-01-09,ACC0000000828,343093.17,0.0,67119.04,275974.13,NPR
2026-01-09,ACC0000000829,63039.32,17675.73,35572.66,45142.39,NPR
2026-01-09,ACC0000000830,186033.68,0.0,1359.39,184674.29,NPR
2026-01-09,ACC0000000831,94740.32,0.0,67760.78,26979.54,NPR
2026-01-09,ACC0000000832,460400.53,0.0,21759.77,438640.76,NPR
2026-01-09,ACC0000000833,358532.37,0.0,0.0,358532.37,NPR
2026-01-09,ACC0000000834,352665.18,0.0,34777.99,317887.19,NPR
2026-01-09,ACC0000000835,261604.66,0.0,0.0,261604.66,NPR
2026-01-09,ACC0000000836,201359.49,34016.83,55776.96,179599.36,NPR
2026-01-09,ACC0000000837,297885.69,0.0,37221.84,260663.85,NPR
2026-01-09,ACC0000000838,268888.16,0.0,0.0,268888.16,NPR
2026-01-09,ACC0000000839,252943.95,63839.39,65220.52,251562.82,NPR
2026-01-09,ACC0000000840,82399.28,0.0,63198.11,19201.17,NPR
2026-01-09,ACC0000000841,306928.34,48148.18,32035.22,323041.3,NPR
2026-01-09,ACC0000000842,499634.56,0.0,17542.63,482091.93,NPR
2026-01-09,ACC0000000843,405434.85,0.0,10887.28,394547.57,NPR
2026-01-09,ACC0000000844,317165.75,27436.93,0.0,344602.68,NPR
2026-01-09,ACC0000000845,227596.08,0.0,0.0,227596.08,NPR
2026-01-09,ACC0000000846,95158.46,0.0,61417.36,33741.1,NPR
2026-01-09,ACC0000000847,262069.3,21556.22,37418.56,246206.96,NPR
2026-01-09,ACC0000000848,410526.86,0.0,0.0,410526.86,NPR
2026-01-09,ACC0000000849,259279.36,14677.9,64441.54,209515.72,NPR
2026-01-09,ACC0000000850,448459.4,0.0,37968.73,410490.67,NPR
2026-01-09,ACC0000000851,306845.58,36220.12,75492.0,267573.7,NPR
2026-01-09,ACC0000000852,165537.97,0.0,22476.06,143061.91,NPR
2026-01-09,ACC0000000853,34085.24,0.0,26866.28,7218.96,NPR
2026-01-09,ACC0000000854,464058.91,0.0,0.0,464058.91,NPR
2026-01-09,ACC0000000855,216650.93,0.0,139182.08,77468.85,NPR
2026-01-09,ACC0000000856,345344.63,0.0,0.0,345344.63,NPR
2026-01-09,ACC0000000857,496768.37,53.88,102992.31,393829.94,NPR
2026-01-09,ACC0000000858,317137.1,49472.44,53620.53,312989.01,NPR
2026-01-09,ACC0000000859,176132.11,0.0,95054.91,81077.2,NPR
2026-01-09,ACC0000000860,267655.57,0.0,50373.53,217282.04,NPR
2026-01-09,ACC0000000861,105058.1,0.0,17900.66,87157.44,NPR
2026-01-09,ACC0000000862,471125.97,29545.25,26176.55,474494.67,NPR
2026-01-09,ACC0000000863,453318.85,18753.07,47815.46,424256.46,NPR
2026-01-09,ACC0000000864,406530.37,0.0,69140.13,337390.24,NPR
2026-01-09,ACC0000000865,97798.03,0.0,161326.52,-63528.49,NPR
2026-01-09,ACC0000000866,210685.1,0.0,8448.5,202236.6,NPR
2026-01-09,ACC0000000867,190948.96,0.0,47335.81,143613.15,NPR
2026-01-09,ACC0000000868,128259.12,0.0,31457.54,96801.58,NPR
2026-01-09,ACC0000000869,438819.22,0.0,49908.42,388910.8,NPR
2026-01-09,ACC0000000870,203111.55,0.0,0.0,203111.55,NPR
2026-01-09,ACC0000000871,296095.49,0.0,79691.67,216403.82,NPR
2026-01-09,ACC0000000872,320734.92,0.0,86542.11,234192.81,NPR
2026-01-09,ACC0000000873,165256.32,0.0,0.0,165256.32,NPR
2026-01-09,ACC0000000874,138016.28,8411.0,94074.48,52352.8,NPR
2026-01-09,ACC0000000875,373402.58,0.0,0.0,373402.58,NPR
2026-01-09,ACC0000000876,378300.41,46534.85,0.0,424835.26,NPR
2026-01-09,ACC0000000877,40890.23,0.0,73262.6,-32372.37,NPR
2026-01-09,ACC0000000878,89194.72,0.0,50404.44,38790.28,NPR
2026-01-09,ACC0000000879,98513.13,0.0,67117.01,31396.12,NPR
2026-01-09,ACC0000000880,53464.46,37956.08,97590.42,-6169.88,NPR
2026-01-09,ACC0000000881,9712.29,34192.2,40374.78,3529.71,NPR
2026-01-09,ACC0000000882,390180.28,39047.59,38448.59,390779.28,NPR
2026-01-09,ACC0000000883,64433.72,0.0,0.0,64433.72,NPR
2026-01-09,ACC0000000884,374336.47,25470.36,0.0,399806.83,NPR
2026-01-09,ACC0000000885,218574.74,0.0,0.0,218574.74,NPR
2026-01-09,ACC0000000886,118489.8,0.0,0.0,118489.8,NPR
2026-01-09,ACC0000000887,265385.7,26208.84,82400.63,209193.91,NPR
2026-01-09,ACC0000000888,79541.92,0.0,0.0,79541.92,NPR
2026-01-09,ACC0000000889,94765.26,49548.86,96200.56,48113.56,NPR
2026-01-09,ACC0000000890,135765.63,0.0,0.0,135765.63,NPR
2026-01-09,ACC0000000891,215681.22,23946.85,63805.95,175822.12,NPR
2026-01-09,ACC0000000892,497527.92,26752.17,80549.56,443730.53,NPR
2026-01-09,ACC0000000893,442386.64,36108.21,181452.86,297041.99,NPR
2026-01-09,ACC0000000894,23943.19,21043.89,85157.57,-40170.49,NPR
2026-01-09,ACC0000000895,169664.84,36139.16,48130.85,157673.15,NPR
2026-01-09,ACC0000000896,470083.58,61523.16,40529.77,491076.97,NPR
2026-01-09,ACC0000000897,321075.66,0.0,0.0,321075.66,NPR
2026-01-09,ACC0000000898,103678.32,18128.04,37006.7,84799.66,NPR
2026-01-09,ACC0000000899,233853.82,1122.57,15908.48,219067.91,NPR
2026-01-09,ACC0000000900,314232.42,26007.71,31517.07,308723.06,NPR
2026-01-09,ACC0000000901,140852.82,0.0,0.0,140852.82,NPR
2026-01-09,ACC0000000902,205261.99,0.0,41452.87,163809.12,NPR
2026-01-09,ACC0000000903,99329.0,63851.95,80138.77,83042.18,NPR
2026-01-09,ACC0000000904,146134.43,32314.86,57315.39,121133.9,NPR
2026-01-09,ACC0000000905,15389.45,39347.23,16227.47,38509.21,NPR
2026-01-09,ACC0000000906,223939.15,846.18,32399.72,192385.61,NPR
2026-01-09,ACC0000000907,207202.49,31973.46,56268.95,182907.0,NPR
2026-01-09,ACC0000000908,329234.07,0.0,41344.87,287889.2,NPR
2026-01-09,ACC0000000909,211901.76,21294.8,105048.65,128147.91,NPR
2026-01-09,ACC0000000910,75175.26,0.0,49247.05,25928.21,NPR
2026-01-09,ACC0000000911,14820.84,0.0,11668.06,3152.78,NPR
2026-01-09,ACC0000000912,165310.8,0.0,57432.12,107878.68,NPR
2026-01-09,ACC0000000913,105109.21,38450.78,170789.03,-27229.04,NPR
2026-01-09,ACC0000000914,18579.0,0.0,5153.55,13425.45,NPR
2026-01-09,ACC0000000915,307323.34,27179.15,170686.55,163815.94,NPR
2026-01-09,ACC0000000916,441902.11,0.0,35860.04,406042.07,NPR
2026-01-09,ACC0000000917,413493.68,18534.55,68009.22,364019.01,NPR
2026-01-09,ACC0000000918,282224.69,0.0,7546.41,274678.28,NPR
2026-01-09,ACC0000000919,220075.92,21578.19,73271.99,168382.12,NPR
2026-01-09,ACC0000000920,87844.01,0.0,29575.36,58268.65,NPR
2026-01-09,ACC0000000921,442505.36,56442.05,99316.31,399631.1,NPR
2026-01-09,ACC0000000922,53201.37,0.0,8773.81,44427.56,NPR
2026-01-09,ACC0000000923,214604.7,34136.49,71651.32,177089.87,NPR
2026-01-09,ACC0000000924,334185.86,0.0,36527.22,297658.64,NPR
2026-01-09,ACC0000000925,206988.27,0.0,0.0,206988.27,NPR
2026-01-09,ACC0000000926,34099.59,47934.27,83686.81,-1652.95,NPR
2026-01-09,ACC0000000927,293439.98,0.0,62996.43,230443.55,NPR
2026-01-09,ACC0000000928,154344.49,47744.63,23955.4,178133.72,NPR
2026-01-09,ACC0000000929,281527.46,0.0,72958.35,208569.11,NPR
2026-01-09,ACC0000000930,377356.03,0.0,0.0,377356.03,NPR
2026-01-09,ACC0000000931,78334.72,0.0,104250.91,-25916.19,NPR
2026-01-09,ACC0000000932,234099.83,0.0,17835.63,216264.2,NPR
2026-01-09,ACC0000000933,172147.13,0.0,0.0,172147.13,NPR
2026-01-09,ACC0000000934,64431.52,0.0,72767.18,-8335.66,NPR
2026-01-09,ACC0000000935,323305.7,0.0,121101.38,202204.32,NPR
2026-01-09,ACC0000000936,292364.44,16898.25,35266.11,273996.58,NPR
2026-01-09,ACC0000000937,179156.96,16696.64,47581.19,148272.41,NPR
2026-01-09,ACC0000000938,450742.02,0.0,158588.36,292153.66,NPR
2026-01-09,ACC0000000939,370625.52,1567.56,20786.18,351406.9,NPR
2026-01-09,ACC0000000940,108073.69,0.0,66930.13,41143.56,NPR
2026-01-09,ACC0000000941,498625.12,0.0,0.0,498625.12,NPR
2026-01-09,ACC0000000942,410425.58,89050.63,0.0,499476.21,NPR
2026-01-09,ACC0000000943,319714.59,0.0,99313.17,220401.42,NPR
2026-01-09,ACC0000000944,485318.55,46598.25,49980.77,481936.03,NPR
2026-01-09,ACC0000000945,237211.73,0.0,0.0,237211.73,NPR
2026-01-09,ACC0000000946,243030.62,28125.78,70328.62,200827.78,NPR
2026-01-09,ACC0000000947,483365.06,0.0,99548.59,383816.47,NPR
2026-01-09,ACC0000000948,266080.76,89249.42,20659.71,334670.47,NPR
2026-01-09,ACC0000000949,331701.96,0.0,226759.67,104942.29,NPR
2026-01-09,ACC0000000950,124592.2,43409.26,1663.64,166337.82,NPR
2026-01-09,ACC0000000951,334011.66,0.0,75365.59,258646.07,NPR
2026-01-09,ACC0000000952,369440.28,20588.06,66381.46,323646.88,NPR
2026-01-09,ACC0000000953,50261.55,0.0,0.0,50261.55,NPR
2026-01-09,ACC0000000954,155348.88,0.0,45729.33,109619.55,NPR
2026-01-09,ACC0000000955,46544.45,46747.3,30060.13,63231.62,NPR
2026-01-09,ACC0000000956,474849.2,0.0,11232.5,463616.7,NPR
2026-01-09,ACC0000000957,355745.25,0.0,115622.92,240122.33,NPR
2026-01-09,ACC0000000958,494925.45,0.0,28010.2,466915.25,NPR
2026-01-09,ACC0000000959,456026.41,0.0,46514.35,409512.06,NPR
2026-01-09,ACC0000000960,371411.09,4624.11,71498.95,304536.25,NPR
2026-01-09,ACC0000000961,113388.48,45377.46,88547.46,70218.48,NPR
2026-01-09,ACC0000000962,217647.34,0.0,84311.87,133335.47,NPR
2026-01-09,ACC0000000963,356152.0,0.0,0.0,356152.0,NPR
2026-01-09,ACC0000000964,87475.49,0.0,0.0,87475.49,NPR
2026-01-09,ACC0000000965,128665.7,0.0,82026.03,46639.67,NPR
2026-01-09,ACC0000000966,8920.62,26040.28,8643.41,26317.49,NPR
2026-01-09,ACC0000000967,449647.86,0.0,55565.84,394082.02,NPR
2026-01-09,ACC0000000968,287699.14,0.0,44775.84,242923.3,NPR
2026-01-09,ACC0000000969,471664.07,0.0,0.0,471664.07,NPR
2026-01-09,ACC0000000970,495730.49,0.0,18962.41,476768.08,NPR
2026-01-09,ACC0000000971,115814.96,83651.96,24335.27,175131.65,NPR
2026-01-09,ACC0000000972,38478.29,0.0,10219.67,28258.62,NPR
2026-01-09,ACC0000000973,462755.93,0.0,5144.19,457611.74,NPR
2026-01-09,ACC0000000974,29454.11,40143.04,5738.61,63858.54,NPR
2026-01-09,ACC0000000975,396138.55,6722.26,139789.81,263071.0,NPR
2026-01-09,ACC0000000976,33460.91,0.0,277.63,33183.28,NPR
2026-01-09,ACC0000000977,318872.69,0.0,125683.42,193189.27,NPR
2026-01-09,ACC0000000978,447904.37,9405.71,184522.46,272787.62,NPR
2026-01-09,ACC0000000979,166598.93,0.0,81120.33,85478.6,NPR
2026-01-09,ACC0000000980,189805.22,0.0,605.43,189199.79,NPR
2026-01-09,ACC0000000981,413503.31,0.0,46539.77,366963.54,NPR
2026-01-09,ACC0000000982,396437.77,0.0,11847.23,384590.54,NPR
2026-01-09,ACC0000000983,300371.41,0.0,112160.78,188210.63,NPR
2026-01-09,ACC0000000984,360846.81,0.0,0.0,360846.81,NPR
2026-01-09,ACC0000000985,78659.95,0.0,70172.89,8487.06,NPR
2026-01-09,ACC0000000986,479732.02,6261.24,24680.9,461312.36,NPR
2026-01-09,ACC0000000987,395975.22,0.0,90642.29,305332.93,NPR
2026-01-09,ACC0000000988,443903.37,49555.42,31773.52,461685.27,NPR
2026-01-09,ACC0000000989,492303.72,16747.45,46536.08,462515.09,NPR
2026-01-09,ACC0000000990,120316.93,22533.37,48378.67,94471.63,NPR
2026-01-09,ACC0000000991,268541.68,0.0,30108.27,238433.41,NPR
2026-01-09,ACC0000000992,28809.2,0.0,52790.79,-23981.59,NPR
2026-01-09,ACC0000000993,80799.21,0.0,33828.05,46971.16,NPR
2026-01-09,ACC0000000994,453798.85,4762.54,92587.14,365974.25,NPR
2026-01-09,ACC0000000995,172346.98,0.0,0.0,172346.98,NPR
2026-01-09,ACC0000000996,205434.64,0.0,0.0,205434.64,NPR
2026-01-09,ACC0000000997,277817.02,0.0,32406.89,245410.13,NPR
2026-01-09,ACC0000000998,401286.67,0.0,48901.56,352385.11,NPR
2026-01-09,ACC0000000999,391144.18,7239.64,7796.9,390586.92,NPR
2026-01-09,ACC0000001000,47490.26,0.0,0.0,47490.26,NPR
2026-01-09,ACC0000001001,283502.55,45038.4,4914.43,323626.52,NPR
2026-01-09,ACC0000001002,270377.98,1880.91,28843.03,243415.86,NPR
2026-01-09,ACC0000001003,440239.69,0.0,0.0,440239.69,NPR
2026-01-09,ACC0000001004,307559.06,0.0,85330.92,222228.14,NPR
2026-01-09,ACC0000001005,206436.63,0.0,62682.04,143754.59,NPR
2026-01-09,ACC0000001006,428264.72,0.0,0.0,428264.72,NPR
2026-01-09,ACC0000001007,140150.6,0.0,60340.3,79810.3,NPR
2026-01-09,ACC0000001008,323801.73,0.0,42583.94,281217.79,NPR
2026-01-09,ACC0000001009,248712.97,39062.62,62594.45,225181.14,NPR
2026-01-09,ACC0000001010,261574.14,45932.56,126950.92,180555.78,NPR
2026-01-09,ACC0000001011,254140.82,12286.14,20662.48,245764.48,NPR
2026-01-09,ACC0000001012,276871.03,0.0,34402.27,242468.76,NPR
2026-01-09,ACC0000001013,283789.09,0.0,60498.72,223290.37,NPR
2026-01-09,ACC0000001014,6338.68,0.0,0.0,6338.68,NPR
2026-01-09,ACC0000001015,74249.13,0.0,0.0,74249.13,NPR
2026-01-09,ACC0000001016,105605.06,32186.73,70051.43,67740.36,NPR
2026-01-09,ACC0000001017,212938.44,0.0,37470.89,175467.55,NPR
2026-01-09,ACC0000001018,6242.06,0.0,20190.15,-13948.09,NPR
2026-01-09,ACC0000001019,179124.69,0.0,0.0,179124.69,NPR
2026-01-09,ACC0000001020,27085.54,0.0,86003.22,-58917.68,NPR
2026-01-09,ACC0000001021,136556.15,8143.45,0.0,144699.6,NPR
2026-01-09,ACC0000001022,107038.23,0.0,74375.16,32663.07,NPR
2026-01-09,ACC0000001023,38119.73,0.0,18572.64,19547.09,NPR
2026-01-09,ACC0000001024,7300.94,0.0,5808.53,1492.41,NPR
2026-01-09,ACC0000001025,438320.24,0.0,93501.75,344818.49,NPR
2026-01-09,ACC0000001026,446814.86,37360.74,79081.28,405094.32,NPR
2026-01-09,ACC0000001027,292548.23,0.0,0.0,292548.23,NPR
2026-01-09,ACC0000001028,323640.06,0.0,73609.21,250030.85,NPR
2026-01-09,ACC0000001029,13028.0,15106.37,89530.92,-61396.55,NPR
2026-01-09,ACC0000001030,85979.56,0.0,39035.66,46943.9,NPR
2026-01-09,ACC0000001031,382537.19,0.0,18891.75,363645.44,NPR
2026-01-09,ACC0000001032,21449.38,0.0,0.0,21449.38,NPR
2026-01-09,ACC0000001033,243952.58,24687.1,30485.39,238154.29,NPR
2026-01-09,ACC0000001034,155710.7,0.0,0.0,155710.7,NPR
2026-01-09,ACC0000001035,86809.72,0.0,0.0,86809.72,NPR
2026-01-09,ACC0000001036,44414.66,0.0,18819.49,25595.17,NPR
2026-01-09,ACC0000001037,324285.16,0.0,0.0,324285.16,NPR
2026-01-09,ACC0000001038,279522.86,33946.99,41906.77,271563.08,NPR
2026-01-09,ACC0000001039,37214.68,18822.24,5506.96,50529.96,NPR
2026-01-09,ACC0000001040,402144.88,0.0,22644.15,379500.73,NPR
2026-01-09,ACC0000001041,201971.06,29895.76,120398.01,111468.81,NPR
2026-01-09,ACC0000001042,374906.5,44671.76,30209.17,389369.09,NPR
2026-01-09,ACC0000001043,325935.31,0.0,41029.63,284905.68,NPR
2026-01-09,ACC0000001044,358989.02,0.0,56125.28,302863.74,NPR
2026-01-09,ACC0000001045,153264.71,0.0,85006.14,68258.57,NPR
2026-01-09,ACC0000001046,484836.73,7742.71,89366.09,403213.35,NPR
2026-01-09,ACC0000001047,294883.46,0.0,43755.67,251127.79,NPR
2026-01-09,ACC0000001048,239596.76,0.0,55801.4,183795.36,NPR
2026-01-09,ACC0000001049,241396.72,0.0,144884.75,96511.97,NPR
2026-01-09,ACC0000001050,452674.96,0.0,56878.4,395796.56,NPR
2026-01-09,ACC0000001051,301301.48,0.0,63958.56,237342.92,NPR
2026-01-09,ACC0000001052,36475.88,0.0,113711.24,-77235.36,NPR
2026-01-09,ACC0000001053,415300.65,0.0,107807.58,307493.07,NPR
2026-01-09,ACC0000001054,391943.13,39575.89,59835.72,371683.3,NPR
2026-01-09,ACC0000001055,421883.4,0.0,126829.9,295053.5,NPR
2026-01-09,ACC0000001056,85705.35,0.0,79258.9,6446.45,NPR
2026-01-09,ACC0000001057,167005.21,0.0,47443.73,119561.48,NPR
2026-01-09,ACC0000001058,442487.15,37645.45,77603.19,402529.41,NPR
2026-01-09,ACC0000001059,480714.13,0.0,58360.86,422353.27,NPR
2026-01-09,ACC0000001060,139524.48,27095.94,0.0,166620.42,NPR
2026-01-09,ACC0000001061,113006.37,39958.51,46519.02,106445.86,NPR
2026-01-09,ACC0000001062,352788.21,0.0,0.0,352788.21,NPR
2026-01-09,ACC0000001063,269622.0,0.0,34789.63,234832.37,NPR
2026-01-09,ACC0000001064,322563.59,0.0,100949.54,221614.05,NPR
2026-01-09,ACC0000001065,121891.64,23106.24,0.0,144997.88,NPR
2026-01-09,ACC0000001066,226385.53,0.0,0.0,226385.53,NPR
2026-01-09,ACC0000001067,497663.46,46987.34,56900.61,487750.19,NPR
2026-01-09,ACC0000001068,331911.89,9966.4,42576.89,299301.4,NPR
2026-01-09,ACC0000001069,317039.46,0.0,72096.68,244942.78,NPR
2026-01-09,ACC0000001070,50758.63,0.0,80412.02,-29653.39,NPR
2026-01-09,ACC0000001071,130182.87,0.0,0.0,130182.87,NPR
2026-01-09,ACC0000001072,431779.13,0.0,60932.19,370846.94,NPR
2026-01-09,ACC0000001073,62442.37,0.0,203472.19,-141029.82,NPR
2026-01-09,ACC0000001074,89409.96,16838.14,132477.19,-26229.09,NPR
2026-01-09,ACC0000001075,292511.13,0.0,0.0,292511.13,NPR
2026-01-09,ACC0000001076,267503.56,0.0,0.0,267503.56,NPR
2026-01-09,ACC0000001077,270615.36,39855.57,0.0,310470.93,NPR
2026-01-09,ACC0000001078,214714.59,0.0,0.0,214714.59,NPR
2026-01-09,ACC0000001079,466197.61,0.0,130836.23,335361.38,NPR
2026-01-09,ACC0000001080,408375.36,37716.2,78808.34,367283.22,NPR
2026-01-09,ACC0000001081,45682.94,0.0,0.0,45682.94,NPR
2026-01-09,ACC0000001082,436077.54,59800.61,88770.51,407107.64,NPR
2026-01-09,ACC0000001083,499221.91,0.0,83437.46,415784.45,NPR
2026-01-09,ACC0000001084,449050.52,6530.15,126264.0,329316.67,NPR
2026-01-09,ACC0000001085,214345.41,0.0,88378.63,125966.78,NPR
2026-01-09,ACC0000001086,176808.05,46115.47,81709.88,141213.64,NPR
2026-01-09,ACC0000001087,196332.84,24062.72,71351.99,149043.57,NPR
2026-01-09,ACC0000001088,193780.52,0.0,15201.82,178578.7,NPR
2026-01-09,ACC0000001089,199591.24,22555.12,75710.81,146435.55,NPR
2026-01-09,ACC0000001090,318861.71,23675.14,56890.56,285646.29,NPR
2026-01-09,ACC0000001091,154929.51,0.0,0.0,154929.51,NPR
2026-01-09,ACC0000001092,330513.57,0.0,62320.8,268192.77,NPR
2026-01-09,ACC0000001093,142101.21,0.0,3020.43,139080.78,NPR
2026-01-09,ACC0000001094,444430.07,0.0,47417.88,397012.19,NPR
2026-01-09,ACC0000001095,310126.11,45966.1,20266.19,335826.02,NPR
2026-01-09,ACC0000001096,377872.45,0.0,0.0,377872.45,NPR
2026-01-09,ACC0000001097,301781.7,8293.74,62028.63,248046.81,NPR
2026-01-09,ACC0000001098,130970.4,0.0,45028.3,85942.1,NPR
2026-01-09,ACC0000001099,362779.47,0.0,28572.43,334207.04,NPR
2026-01-09,ACC0000001100,350198.85,6543.16,25444.45,331297.56,NPR
2026-01-09,ACC0000001101,315738.53,17545.75,68374.89,264909.39,NPR
2026-01-09,ACC0000001102,347387.24,0.0,0.0,347387.24,NPR
2026-01-09,ACC0000001103,364237.8,10112.07,0.0,374349.87,NPR
2026-01-09,ACC0000001104,493126.6,0.0,33395.56,459731.04,NPR
2026-01-09,ACC0000001105,112788.66,7640.01,67958.83,52469.84,NPR
2026-01-09,ACC0000001106,238093.13,20722.9,87936.81,170879.22,NPR
2026-01-09,ACC0000001107,453118.67,0.0,78459.55,374659.12,NPR
2026-01-09,ACC0000001108,495399.91,0.0,4877.51,490522.4,NPR
2026-01-09,ACC0000001109,435660.89,0.0,50359.2,385301.69,NPR
2026-01-09,ACC0000001110,10383.65,8402.94,141924.98,-123138.39,NPR
2026-01-09,ACC0000001111,36573.54,0.0,41965.93,-5392.39,NPR
2026-01-09,ACC0000001112,420536.95,0.0,0.0,420536.95,NPR
2026-01-09,ACC0000001113,322013.68,0.0,0.0,322013.68,NPR
2026-01-09,ACC0000001114,334671.63,0.0,22612.86,312058.77,NPR
2026-01-09,ACC0000001115,246757.49,31204.79,57059.27,220903.01,NPR
2026-01-09,ACC0000001116,67311.91,36926.65,47446.94,56791.62,NPR
2026-01-09,ACC0000001117,143160.23,13408.46,80514.66,76054.03,NPR
2026-01-09,ACC0000001118,94007.17,36741.96,0.0,130749.13,NPR
2026-01-09,ACC0000001119,95090.62,20485.46,45938.76,69637.32,NPR
2026-01-09,ACC0000001120,391393.06,0.0,4727.57,386665.49,NPR
2026-01-09,ACC0000001121,309650.0,0.0,39324.64,270325.36,NPR
2026-01-09,ACC0000001122,252777.34,0.0,64149.42,188627.92,NPR
2026-01-09,ACC0000001123,244243.87,28808.88,57841.56,215211.19,NPR
2026-01-09,ACC0000001124,263808.22,0.0,0.0,263808.22,NPR
2026-01-09,ACC0000001125,429358.48,0.0,12746.43,416612.05,NPR
2026-01-09,ACC0000001126,26740.9,21134.93,0.0,47875.83,NPR
2026-01-09,ACC0000001127,323559.65,0.0,40750.43,282809.22,NPR
2026-01-09,ACC0000001128,45173.51,2501.47,35512.2,12162.78,NPR
2026-01-09,ACC0000001129,66011.34,0.0,3516.88,62494.46,NPR
2026-01-09,ACC0000001130,391514.81,0.0,0.0,391514.81,NPR
2026-01-09,ACC0000001131,271360.76,0.0,39856.46,231504.3,NPR
2026-01-09,ACC0000001132,486880.78,46948.4,21398.92,512430.26,NPR
2026-01-09,ACC0000001133,302548.93,0.0,249512.13,53036.8,NPR
2026-01-09,ACC0000001134,322690.28,0.0,45139.81,277550.47,NPR
2026-01-09,ACC0000001135,329225.18,0.0,0.0,329225.18,NPR
2026-01-09,ACC0000001136,239329.61,0.0,165280.9,74048.71,NPR
2026-01-09,ACC0000001137,210334.32,18082.26,0.0,228416.58,NPR
2026-01-09,ACC0000001138,301649.68,0.0,105411.87,196237.81,NPR
2026-01-09,ACC0000001139,268269.41,44941.34,85694.32,227516.43,NPR
2026-01-09,ACC0000001140,150272.79,0.0,94731.86,55540.93,NPR
2026-01-09,ACC0000001141,51008.73,40742.88,93396.31,-1644.7,NPR
2026-01-09,ACC0000001142,383816.4,0.0,0.0,383816.4,NPR
2026-01-09,ACC0000001143,289678.15,10091.24,22881.75,276887.64,NPR
2026-01-09,ACC0000001144,128062.38,99070.69,18319.8,208813.27,NPR
2026-01-09,ACC0000001145,195100.03,0.0,42046.44,153053.59,NPR
2026-01-09,ACC0000001146,428981.3,0.0,41287.71,387693.59,NPR
2026-01-09,ACC0000001147,413854.86,0.0,62348.69,351506.17,NPR
2026-01-09,ACC0000001148,365508.86,34127.56,11980.13,387656.29,NPR
2026-01-09,ACC0000001149,229418.98,0.0,69833.27,159585.71,NPR
2026-01-09,ACC0000001150,187626.87,0.0,36333.45,151293.42,NPR
2026-01-09,ACC0000001151,437059.9,0.0,0.0,437059.9,NPR
2026-01-09,ACC0000001152,499504.36,0.0,0.0,499504.36,NPR
2026-01-09,ACC0000001153,3276.69,24796.13,0.0,28072.82,NPR
2026-01-09,ACC0000001154,205454.31,0.0,7418.02,198036.29,NPR
2026-01-09,ACC0000001155,240673.89,34388.98,83109.08,191953.79,NPR
2026-01-09,ACC0000001156,46579.53,21623.31,22973.72,45229.12,NPR
2026-01-09,ACC0000001157,102635.53,23558.12,47937.68,78255.97,NPR
2026-01-09,ACC0000001158,302805.45,79471.83,0.0,382277.28,NPR
2026-01-09,ACC0000001159,377754.82,43355.68,65633.22,355477.28,NPR
2026-01-09,ACC0000001160,307610.7,0.0,79260.78,228349.92,NPR
2026-01-09,ACC0000001161,176693.97,0.0,0.0,176693.97,NPR
2026-01-09,ACC0000001162,383592.41,0.0,0.0,383592.41,NPR
2026-01-09,ACC0000001163,256415.73,0.0,218571.16,37844.57,NPR
2026-01-09,ACC0000001164,472331.37,0.0,0.0,472331.37,NPR
2026-01-09,ACC0000001165,372465.5,0.0,16408.43,356057.07,NPR
2026-01-09,ACC0000001166,375661.52,0.0,42002.74,333658.78,NPR
2026-01-09,ACC0000001167,148455.15,0.0,64781.3,83673.85,NPR
2026-01-09,ACC0000001168,467411.73,0.0,0.0,467411.73,NPR
2026-01-09,ACC0000001169,14415.29,35943.65,0.0,50358.94,NPR
2026-01-09,ACC0000001170,20323.71,0.0,0.0,20323.71,NPR
2026-01-09,ACC0000001171,104318.5,0.0,0.0,104318.5,NPR
2026-01-09,ACC0000001172,449045.39,0.0,0.0,449045.39,NPR
2026-01-09,ACC0000001173,399023.78,77141.1,67090.88,409074.0,NPR
2026-01-09,ACC0000001174,48175.83,0.0,43496.56,4679.27,NPR
2026-01-09,ACC0000001175,362999.17,20213.28,46153.22,337059.23,NPR
2026-01-09,ACC0000001176,272568.13,38003.63,41911.8,268659.96,NPR
2026-01-09,ACC0000001177,49053.28,24327.46,0.0,73380.74,NPR
2026-01-09,ACC0000001178,135639.49,42661.76,0.0,178301.25,NPR
2026-01-09,ACC0000001179,435776.03,0.0,70696.19,365079.84,NPR
2026-01-09,ACC0000001180,304959.33,0.0,45610.23,259349.1,NPR
2026-01-09,ACC0000001181,450131.73,0.0,66029.52,384102.21,NPR
2026-01-09,ACC0000001182,253138.23,0.0,97064.27,156073.96,NPR
2026-01-09,ACC0000001183,303858.83,7564.33,133223.35,178199.81,NPR
2026-01-09,ACC0000001184,177639.04,34237.54,36780.85,175095.73,NPR
2026-01-09,ACC0000001185,475494.68,0.0,48451.75,427042.93,NPR
2026-01-09,ACC0000001186,108093.34,42257.81,38780.0,111571.15,NPR
2026-01-09,ACC0000001187,320942.19,33197.52,37127.93,317011.78,NPR
2026-01-09,ACC0000001188,477389.13,0.0,0.0,477389.13,NPR
2026-01-09,ACC0000001189,163001.78,25730.34,5870.44,182861.68,NPR
2026-01-09,ACC0000001190,338266.19,15355.42,51895.3,301726.31,NPR
2026-01-09,ACC0000001191,289990.54,0.0,0.0,289990.54,NPR
2026-01-09,ACC0000001192,260306.0,0.0,15795.05,244510.95,NPR
2026-01-09,ACC0000001193,138942.6,0.0,0.0,138942.6,NPR
2026-01-09,ACC0000001194,241670.85,0.0,0.0,241670.85,NPR
2026-01-09,ACC0000001195,269728.73,0.0,131452.09,138276.64,NPR
2026-01-09,ACC0000001196,213211.53,0.0,43244.72,169966.81,NPR
2026-01-09,ACC0000001197,122508.93,3139.62,39134.45,86514.1,NPR
2026-01-09,ACC0000001198,461905.91,0.0,97121.53,364784.38,NPR
2026-01-09,ACC0000001199,267185.58,0.0,0.0,267185.58,NPR
2026-01-09,ACC0000001200,106569.44,0.0,13396.11,93173.33,NPR
2026-01-09,ACC0000001201,201938.86,0.0,95464.94,106473.92,NPR
2026-01-09,ACC0000001202,304293.29,40395.85,76956.09,267733.05,NPR
2026-01-09,ACC0000001203,304163.8,0.0,0.0,304163.8,NPR
2026-01-09,ACC0000001204,495326.83,0.0,50072.62,445254.21,NPR
2026-01-09,ACC0000001205,182582.95,21905.3,69866.28,134621.97,NPR
2026-01-09,ACC0000001206,246685.92,0.0,98356.11,148329.81,NPR
2026-01-09,ACC0000001207,224489.35,0.0,3183.86,221305.49,NPR
2026-01-09,ACC0000001208,385024.95,0.0,35014.87,350010.08,NPR
2026-01-09,ACC0000001209,479254.61,0.0,118892.69,360361.92,NPR
2026-01-09,ACC0000001210,301737.88,33647.38,78069.49,257315.77,NPR
2026-01-09,ACC0000001211,188288.07,40786.2,34542.37,194531.9,NPR
2026-01-09,ACC0000001212,386202.8,0.0,91907.83,294294.97,NPR
2026-01-09,ACC0000001213,480467.84,0.0,0.0,480467.84,NPR
2026-01-09,ACC0000001214,394905.22,0.0,26877.83,368027.39,NPR
2026-01-09,ACC0000001215,341709.77,30677.27,64500.97,307886.07,NPR
2026-01-09,ACC0000001216,137001.89,0.0,63373.78,73628.11,NPR
2026-01-09,ACC0000001217,116583.79,0.0,17274.92,99308.87,NPR
2026-01-09,ACC0000001218,249418.62,0.0,133548.57,115870.05,NPR
2026-01-09,ACC0000001219,75698.96,0.0,41313.15,34385.81,NPR
2026-01-09,ACC0000001220,457602.11,30919.02,75108.54,413412.59,NPR
2026-01-09,ACC0000001221,107385.77,0.0,73831.58,33554.19,NPR
2026-01-09,ACC0000001222,242246.36,30408.66,20021.58,252633.44,NPR
2026-01-09,ACC0000001223,202174.86,25202.44,45843.36,181533.94,NPR
2026-01-09,ACC0000001224,142267.05,0.0,66755.01,75512.04,NPR
2026-01-09,ACC0000001225,147929.77,0.0,0.0,147929.77,NPR
2026-01-09,ACC0000001226,45194.15,34525.23,65755.36,13964.02,NPR
2026-01-09,ACC0000001227,332664.21,22884.67,43698.63,311850.25,NPR
2026-01-09,ACC0000001228,297608.75,0.0,0.0,297608.75,NPR
2026-01-09,ACC0000001229,134428.29,0.0,81143.29,53285.0,NPR
2026-01-09,ACC0000001230,114492.71,0.0,1325.28,113167.43,NPR
2026-01-09,ACC0000001231,472905.82,36523.42,45846.3,463582.94,NPR
2026-01-09,ACC0000001232,38462.93,0.0,149581.99,-111119.06,NPR
2026-01-09,ACC0000001233,12223.97,0.0,43394.4,-31170.43,NPR
2026-01-09,ACC0000001234,434853.85,0.0,0.0,434853.85,NPR
2026-01-09,ACC0000001235,164364.6,13162.0,237752.4,-60225.8,NPR
2026-01-09,ACC0000001236,85980.35,11467.46,94119.26,3328.55,NPR
2026-01-09,ACC0000001237,73049.72,23736.98,6296.79,90489.91,NPR
2026-01-09,ACC0000001238,174799.67,0.0,69379.08,105420.59,NPR
2026-01-09,ACC0000001239,84709.43,0.0,31672.14,53037.29,NPR
2026-01-09,ACC0000001240,88535.72,17289.9,31286.87,74538.75,NPR
2026-01-09,ACC0000001241,276710.33,0.0,119120.69,157589.64,NPR
2026-01-09,ACC0000001242,228031.65,0.0,185990.27,42041.38,NPR
2026-01-09,ACC0000001243,60455.07,0.0,91792.75,-31337.68,NPR
2026-01-09,ACC0000001244,323604.61,60303.96,37888.22,346020.35,NPR
2026-01-09,ACC0000001245,150827.55,34444.91,108290.45,76982.01,NPR
2026-01-09,ACC0000001246,350576.1,0.0,60842.5,289733.6,NPR
2026-01-09,ACC0000001247,104568.23,16686.3,99016.94,22237.59,NPR
2026-01-09,ACC0000001248,132771.36,0.0,0.0,132771.36,NPR
2026-01-09,ACC0000001249,269511.33,1599.0,42498.45,228611.88,NPR
2026-01-09,ACC0000001250,204033.91,0.0,77188.16,126845.75,NPR
2026-01-09,ACC0000001251,88782.74,0.0,14943.06,73839.68,NPR
2026-01-09,ACC0000001252,415119.65,0.0,0.0,415119.65,NPR
2026-01-09,ACC0000001253,437303.7,0.0,45092.44,392211.26,NPR
2026-01-09,ACC0000001254,25392.64,0.0,0.0,25392.64,NPR
2026-01-09,ACC0000001255,6382.72,39969.87,119999.53,-73646.94,NPR
2026-01-09,ACC0000001256,223605.22,88236.14,33967.51,277873.85,NPR
2026-01-09,ACC0000001257,159640.92,0.0,21166.95,138473.97,NPR
2026-01-09,ACC0000001258,486712.1,6651.54,68098.48,425265.16,NPR
2026-01-09,ACC0000001259,412188.58,0.0,0.0,412188.58,NPR
2026-01-09,ACC0000001260,41538.11,10241.31,16759.98,35019.44,NPR
2026-01-09,ACC0000001261,63784.88,0.0,132816.97,-69032.09,NPR
2026-01-09,ACC0000001262,368146.22,0.0,48191.78,319954.44,NPR
2026-01-09,ACC0000001263,90799.56,0.0,30886.1,59913.46,NPR
2026-01-09,ACC0000001264,23955.44,0.0,13507.99,10447.45,NPR
2026-01-09,ACC0000001265,103717.58,0.0,90275.32,13442.26,NPR
2026-01-09,ACC0000001266,91548.38,67191.94,44337.27,114403.05,NPR
2026-01-09,ACC0000001267,97876.65,37749.5,116373.46,19252.69,NPR
2026-01-09,ACC0000001268,158245.37,43357.15,117249.11,84353.41,NPR
2026-01-09,ACC0000001269,43750.14,0.0,10721.27,33028.87,NPR
2026-01-09,ACC0000001270,462737.04,19404.38,72530.33,409611.09,NPR
2026-01-09,ACC0000001271,43473.59,0.0,45865.71,-2392.12,NPR
2026-01-09,ACC0000001272,19949.65,0.0,20700.22,-750.57,NPR
2026-01-09,ACC0000001273,135961.11,31296.02,0.0,167257.13,NPR
2026-01-09,ACC0000001274,446702.84,0.0,32254.78,414448.06,NPR
2026-01-09,ACC0000001275,348329.22,0.0,43983.15,304346.07,NPR
2026-01-09,ACC0000001276,73327.4,67259.82,66536.21,74051.01,NPR
2026-01-09,ACC0000001277,234456.0,0.0,143672.75,90783.25,NPR
2026-01-09,ACC0000001278,345160.44,2375.4,29911.19,317624.65,NPR
2026-01-09,ACC0000001279,286984.14,40878.56,30389.33,297473.37,NPR
2026-01-09,ACC0000001280,350758.1,0.0,80430.04,270328.06,NPR
2026-01-09,ACC0000001281,52759.85,24235.77,86409.13,-9413.51,NPR
2026-01-09,ACC0000001282,160039.98,0.0,38918.98,121121.0,NPR
2026-01-09,ACC0000001283,355561.26,44791.2,13257.18,387095.28,NPR
2026-01-09,ACC0000001284,449042.58,25064.63,67099.6,407007.61,NPR
2026-01-09,ACC0000001285,138133.81,0.0,0.0,138133.81,NPR
2026-01-09,ACC0000001286,233579.32,0.0,34620.6,198958.72,NPR
2026-01-09,ACC0000001287,280211.1,37279.41,11688.33,305802.18,NPR
2026-01-09,ACC0000001288,12819.88,0.0,68627.06,-55807.18,NPR
2026-01-09,ACC0000001289,165894.41,0.0,39080.09,126814.32,NPR
2026-01-09,ACC0000001290,138098.18,34160.71,43954.09,128304.8,NPR
2026-01-09,ACC0000001291,445606.1,0.0,18022.01,427584.09,NPR
2026-01-09,ACC0000001292,106316.07,0.0,80945.24,25370.83,NPR
2026-01-09,ACC0000001293,451973.86,39593.13,71202.34,420364.65,NPR
2026-01-09,ACC0000001294,222032.06,0.0,0.0,222032.06,NPR
2026-01-09,ACC0000001295,100601.28,0.0,121116.86,-20515.58,NPR
2026-01-09,ACC0000001296,317525.29,0.0,46244.58,271280.71,NPR
2026-01-09,ACC0000001297,475282.85,0.0,74482.58,400800.27,NPR
2026-01-09,ACC0000001298,15351.92,0.0,74070.99,-58719.07,NPR
2026-01-09,ACC0000001299,48753.47,0.0,0.0,48753.47,NPR
2026-01-09,ACC0000001300,434433.43,0.0,93513.94,340919.49,NPR
2026-01-09,ACC0000001301,192994.18,0.0,175508.49,17485.69,NPR
2026-01-09,ACC0000001302,231681.29,0.0,0.0,231681.29,NPR
2026-01-09,ACC0000001303,356959.65,17342.59,0.0,374302.24,NPR
2026-01-09,ACC0000001304,366034.91,20673.09,214694.09,172013.91,NPR
2026-01-09,ACC0000001305,167636.51,0.0,0.0,167636.51,NPR
2026-01-09,ACC0000001306,144801.01,0.0,103314.59,41486.42,NPR
2026-01-09,ACC0000001307,157134.9,0.0,52381.91,104752.99,NPR
2026-01-09,ACC0000001308,332953.59,0.0,9166.9,323786.69,NPR
2026-01-09,ACC0000001309,347026.31,0.0,123869.53,223156.78,NPR
2026-01-09,ACC0000001310,364060.81,0.0,0.0,364060.81,NPR
2026-01-09,ACC0000001311,277242.26,27154.96,9786.91,294610.31,NPR
2026-01-09,ACC0000001312,463841.0,0.0,0.0,463841.0,NPR
2026-01-09,ACC0000001313,144740.61,32807.16,0.0,177547.77,NPR
2026-01-09,ACC0000001314,223583.97,0.0,80963.85,142620.12,NPR
2026-01-09,ACC0000001315,34634.48,45816.91,65454.48,14996.91,NPR
2026-01-09,ACC0000001316,408768.36,27544.97,52392.48,383920.85,NPR
2026-01-09,ACC0000001317,488828.41,0.0,31038.05,457790.36,NPR
2026-01-09,ACC0000001318,332387.55,0.0,0.0,332387.55,NPR
2026-01-09,ACC0000001319,322671.65,46263.14,19269.61,349665.18,NPR
2026-01-09,ACC0000001320,497505.8,0.0,74773.35,422732.45,NPR
2026-01-09,ACC0000001321,370162.59,37849.1,38413.56,369598.13,NPR
2026-01-09,ACC0000001322,382820.17,0.0,0.0,382820.17,NPR
2026-01-09,ACC0000001323,234416.59,0.0,58993.39,175423.2,NPR
2026-01-09,ACC0000001324,293163.69,0.0,0.0,293163.69,NPR
2026-01-09,ACC0000001325,184549.32,12098.33,46045.13,150602.52,NPR
2026-01-09,ACC0000001326,117433.41,26623.81,22539.74,121517.48,NPR
2026-01-09,ACC0000001327,164370.52,0.0,57585.0,106785.52,NPR
2026-01-09,ACC0000001328,67615.63,0.0,47066.31,20549.32,NPR
2026-01-09,ACC0000001329,226836.69,23485.1,114396.86,135924.93,NPR
2026-01-09,ACC0000001330,341964.81,0.0,91797.78,250167.03,NPR
2026-01-09,ACC0000001331,59209.85,0.0,0.0,59209.85,NPR
2026-01-09,ACC0000001332,345983.19,0.0,142423.03,203560.16,NPR
2026-01-09,ACC0000001333,458539.57,0.0,58637.19,399902.38,NPR
2026-01-09,ACC0000001334,405835.94,36742.67,0.0,442578.61,NPR
2026-01-09,ACC0000001335,475193.46,0.0,57204.7,417988.76,NPR
2026-01-09,ACC0000001336,47223.58,40692.08,21903.34,66012.32,NPR
2026-01-09,ACC0000001337,25469.23,0.0,85120.23,-59651.0,NPR
2026-01-09,ACC0000001338,460461.56,44320.05,0.0,504781.61,NPR
2026-01-09,ACC0000001339,145270.46,0.0,48497.73,96772.73,NPR
2026-01-09,ACC0000001340,229775.15,0.0,46645.97,183129.18,NPR
2026-01-09,ACC0000001341,363782.93,0.0,25695.66,338087.27,NPR
2026-01-09,ACC0000001342,105155.9,0.0,78713.96,26441.94,NPR
2026-01-09,ACC0000001343,27995.8,0.0,0.0,27995.8,NPR
2026-01-09,ACC0000001344,210856.16,0.0,26627.06,184229.1,NPR
2026-01-09,ACC0000001345,467197.63,9878.71,0.0,477076.34,NPR
2026-01-09,ACC0000001346,345693.77,0.0,28856.0,316837.77,NPR
2026-01-09,ACC0000001347,167991.48,38845.88,56326.3,150511.06,NPR
2026-01-09,ACC0000001348,126009.63,0.0,70262.07,55747.56,NPR
2026-01-09,ACC0000001349,104453.25,3023.38,62059.23,45417.4,NPR
2026-01-09,ACC0000001350,131630.61,31451.42,53752.42,109329.61,NPR
2026-01-09,ACC0000001351,188121.19,1079.88,65222.13,123978.94,NPR
2026-01-09,ACC0000001352,9044.43,0.0,60671.12,-51626.69,NPR
2026-01-09,ACC0000001353,238100.1,0.0,0.0,238100.1,NPR
2026-01-09,ACC0000001354,351589.78,0.0,6909.51,344680.27,NPR
2026-01-09,ACC0000001355,127730.33,0.0,6466.69,121263.64,NPR
2026-01-09,ACC0000001356,177602.95,4683.02,6813.42,175472.55,NPR
2026-01-09,ACC0000001357,444019.03,1000.25,0.0,445019.28,NPR
2026-01-09,ACC0000001358,84213.25,95541.66,117578.79,62176.12,NPR
2026-01-09,ACC0000001359,86306.01,0.0,26294.91,60011.1,NPR
2026-01-09,ACC0000001360,449470.58,40199.12,35701.99,453967.71,NPR
2026-01-09,ACC0000001361,4439.41,0.0,0.0,4439.41,NPR
2026-01-09,ACC0000001362,246313.48,0.0,0.0,246313.48,NPR
2026-01-09,ACC0000001363,477175.98,0.0,83015.61,394160.37,NPR
2026-01-09,ACC0000001364,107416.35,0.0,109634.42,-2218.07,NPR
2026-01-09,ACC0000001365,410547.79,0.0,63394.06,347153.73,NPR
2026-01-09,ACC0000001366,168186.73,0.0,57988.34,110198.39,NPR
2026-01-09,ACC0000001367,255771.97,0.0,0.0,255771.97,NPR
2026-01-09,ACC0000001368,480708.72,0.0,108090.84,372617.88,NPR
2026-01-09,ACC0000001369,73924.95,19840.86,38588.33,55177.48,NPR
2026-01-09,ACC0000001370,117904.47,0.0,82820.05,35084.42,NPR
2026-01-09,ACC0000001371,150477.91,0.0,99220.18,51257.73,NPR
2026-01-09,ACC0000001372,295029.37,0.0,11347.05,283682.32,NPR
2026-01-09,ACC0000001373,467138.01,0.0,0.0,467138.01,NPR
2026-01-09,ACC0000001374,40691.84,0.0,59235.54,-18543.7,NPR
2026-01-09,ACC0000001375,393906.42,0.0,95237.24,298669.18,NPR
2026-01-09,ACC0000001376,134848.11,0.0,91504.61,43343.5,NPR
2026-01-09,ACC0000001377,219370.37,0.0,0.0,219370.37,NPR
2026-01-09,ACC0000001378,54476.15,0.0,0.0,54476.15,NPR
2026-01-09,ACC0000001379,134888.35,0.0,56607.79,78280.56,NPR
2026-01-09,ACC0000001380,21183.42,0.0,47764.0,-26580.58,NPR
2026-01-09,ACC0000001381,211567.16,77556.43,32235.82,256887.77,NPR
2026-01-09,ACC0000001382,414461.63,13844.2,58619.49,369686.34,NPR
2026-01-09,ACC0000001383,99722.25,0.0,0.0,99722.25,NPR
2026-01-09,ACC0000001384,434869.17,0.0,57205.88,377663.29,NPR
2026-01-09,ACC0000001385,356763.99,0.0,36452.24,320311.75,NPR
2026-01-09,ACC0000001386,215249.09,52976.29,28632.93,239592.45,NPR
2026-01-09,ACC0000001387,439439.26,0.0,27960.26,411479.0,NPR
2026-01-09,ACC0000001388,306364.11,0.0,0.0,306364.11,NPR
2026-01-09,ACC0000001389,296949.53,0.0,60237.59,236711.94,NPR
2026-01-09,ACC0000001390,161060.07,34221.12,11930.85,183350.34,NPR
2026-01-09,ACC0000001391,313513.02,49793.36,53228.83,310077.55,NPR
2026-01-09,ACC0000001392,19592.17,0.0,0.0,19592.17,NPR
2026-01-09,ACC0000001393,372503.39,0.0,0.0,372503.39,NPR
2026-01-09,ACC0000001394,356610.15,24068.18,49798.43,330879.9,NPR
2026-01-09,ACC0000001395,284535.79,0.0,31424.81,253110.98,NPR
2026-01-09,ACC0000001396,439020.6,0.0,0.0,439020.6,NPR
2026-01-09,ACC0000001397,128111.89,0.0,0.0,128111.89,NPR
2026-01-09,ACC0000001398,492509.41,0.0,0.0,492509.41,NPR
2026-01-09,ACC0000001399,337269.99,21131.84,42863.33,315538.5,NPR
2026-01-09,ACC0000001400,160365.57,32065.73,62834.81,129596.49,NPR
2026-01-09,ACC0000001401,148858.76,0.0,22859.4,125999.36,NPR
2026-01-09,ACC0000001402,455299.86,0.0,0.0,455299.86,NPR
2026-01-09,ACC0000001403,496573.3,0.0,0.0,496573.3,NPR
2026-01-09,ACC0000001404,334775.92,0.0,55983.5,278792.42,NPR
2026-01-09,ACC0000001405,229889.64,0.0,36049.02,193840.62,NPR
2026-01-09,ACC0000001406,341176.57,49619.14,59038.49,331757.22,NPR
2026-01-09,ACC0000001407,47576.43,68579.75,49832.92,66323.26,NPR
2026-01-09,ACC0000001408,313886.88,0.0,62377.18,251509.7,NPR
2026-01-09,ACC0000001409,379053.05,0.0,73823.87,305229.18,NPR
2026-01-09,ACC0000001410,18620.34,9605.65,2878.3,25347.69,NPR
2026-01-09,ACC0000001411,441450.63,0.0,52133.0,389317.63,NPR
2026-01-09,ACC0000001412,350132.81,78181.02,46157.93,382155.9,NPR
2026-01-09,ACC0000001413,464762.71,22683.91,55761.22,431685.4,NPR
2026-01-09,ACC0000001414,424529.44,0.0,0.0,424529.44,NPR
2026-01-09,ACC0000001415,387417.36,0.0,54236.46,333180.9,NPR
2026-01-09,ACC0000001416,350498.17,0.0,50799.04,299699.13,NPR
2026-01-09,ACC0000001417,11185.06,15887.19,17297.99,9774.26,NPR
2026-01-09,ACC0000001418,426605.07,34110.28,32696.67,428018.68,NPR
2026-01-09,ACC0000001419,499938.92,32658.79,47950.2,484647.51,NPR
2026-01-09,ACC0000001420,164518.09,45968.51,130765.87,79720.73,NPR
2026-01-09,ACC0000001421,69968.82,24540.72,21530.95,72978.59,NPR
2026-01-09,ACC0000001422,362551.05,0.0,48274.54,314276.51,NPR
2026-01-09,ACC0000001423,305848.97,0.0,0.0,305848.97,NPR
2026-01-09,ACC0000001424,433904.87,0.0,0.0,433904.87,NPR
2026-01-09,ACC0000001425,400036.26,0.0,60692.05,339344.21,NPR
2026-01-09,ACC0000001426,403126.44,13587.2,28684.69,388028.95,NPR
2026-01-09,ACC0000001427,218455.39,3775.03,38123.84,184106.58,NPR
2026-01-09,ACC0000001428,153469.53,41275.04,81658.7,113085.87,NPR
2026-01-09,ACC0000001429,441250.31,0.0,42065.02,399185.29,NPR
2026-01-09,ACC0000001430,266002.07,38845.46,27664.74,277182.79,NPR
2026-01-09,ACC0000001431,209931.57,27464.02,68400.59,168995.0,NPR
2026-01-09,ACC0000001432,377133.26,0.0,0.0,377133.26,NPR
2026-01-09,ACC0000001433,375315.69,0.0,135.52,375180.17,NPR
2026-01-09,ACC0000001434,328779.1,0.0,25781.34,302997.76,NPR
2026-01-09,ACC0000001435,358776.08,3986.05,12074.5,350687.63,NPR
2026-01-09,ACC0000001436,163284.67,22542.44,18317.61,167509.5,NPR
2026-01-09,ACC0000001437,286779.37,0.0,105949.12,180830.25,NPR
2026-01-09,ACC0000001438,195956.69,0.0,0.0,195956.69,NPR
2026-01-09,ACC0000001439,413197.71,15310.53,98242.29,330265.95,NPR
2026-01-09,ACC0000001440,134574.67,0.0,53172.8,81401.87,NPR
2026-01-09,ACC0000001441,295826.91,0.0,0.0,295826.91,NPR
2026-01-09,ACC0000001442,200139.75,0.0,20326.69,179813.06,NPR
2026-01-09,ACC0000001443,360219.08,40673.2,42294.03,358598.25,NPR
2026-01-09,ACC0000001444,97203.26,0.0,0.0,97203.26,NPR
2026-01-09,ACC0000001445,346077.14,35529.15,0.0,381606.29,NPR
2026-01-09,ACC0000001446,145391.54,0.0,9039.39,136352.15,NPR
2026-01-09,ACC0000001447,65142.01,0.0,12804.19,52337.82,NPR
2026-01-09,ACC0000001448,352397.26,0.0,6169.17,346228.09,NPR
2026-01-09,ACC0000001449,460243.71,0.0,0.0,460243.71,NPR
2026-01-09,ACC0000001450,366699.14,0.0,32546.95,334152.19,NPR
2026-01-09,ACC0000001451,243505.7,0.0,0.0,243505.7,NPR
2026-01-09,ACC0000001452,58555.98,0.0,0.0,58555.98,NPR
2026-01-09,ACC0000001453,242401.63,84990.03,55837.1,271554.56,NPR
2026-01-09,ACC0000001454,254014.82,0.0,0.0,254014.82,NPR
2026-01-09,ACC0000001455,86685.4,44728.85,9276.42,122137.83,NPR
2026-01-09,ACC0000001456,36577.4,0.0,0.0,36577.4,NPR
2026-01-09,ACC0000001457,414135.5,1081.54,50262.96,364954.08,NPR
2026-01-09,ACC0000001458,59998.13,33812.08,7042.89,86767.32,NPR
2026-01-09,ACC0000001459,172393.58,57715.34,85785.67,144323.25,NPR
2026-01-09,ACC0000001460,93060.68,43425.52,45825.88,90660.32,NPR
2026-01-09,ACC0000001461,361084.74,0.0,105999.05,255085.69,NPR
2026-01-09,ACC0000001462,27503.02,36147.34,6925.77,56724.59,NPR
2026-01-09,ACC0000001463,203821.25,0.0,0.0,203821.25,NPR
2026-01-09,ACC0000001464,275872.12,0.0,0.0,275872.12,NPR
2026-01-09,ACC0000001465,281773.85,0.0,58012.26,223761.59,NPR
2026-01-09,ACC0000001466,136247.17,0.0,70233.31,66013.86,NPR
2026-01-09,ACC0000001467,305004.99,0.0,0.0,305004.99,NPR
2026-01-09,ACC0000001468,347446.48,0.0,20805.39,326641.09,NPR
2026-01-09,ACC0000001469,315894.14,23783.5,16343.47,323334.17,NPR
2026-01-09,ACC0000001470,487165.51,0.0,4470.99,482694.52,NPR
2026-01-09,ACC0000001471,353899.55,0.0,0.0,353899.55,NPR
2026-01-09,ACC0000001472,135536.95,54810.62,102089.47,88258.1,NPR
2026-01-09,ACC0000001473,109988.52,31739.37,21770.43,119957.46,NPR
2026-01-09,ACC0000001474,46340.63,0.0,40046.92,6293.71,NPR
2026-01-09,ACC0000001475,9467.12,7255.34,6304.44,10418.02,NPR
2026-01-09,ACC0000001476,16041.41,0.0,0.0,16041.41,NPR
2026-01-09,ACC0000001477,424845.83,0.0,22923.1,401922.73,NPR
2026-01-09,ACC0000001478,256597.76,48558.14,37532.82,267623.08,NPR
2026-01-09,ACC0000001479,457753.61,0.0,122184.54,335569.07,NPR
2026-01-09,ACC0000001480,38011.01,7662.57,105013.43,-59339.85,NPR
2026-01-09,ACC0000001481,415243.66,35403.35,56736.09,393910.92,NPR
2026-01-09,ACC0000001482,39297.47,0.0,36695.47,2602.0,NPR
2026-01-09,ACC0000001483,127440.93,0.0,53002.08,74438.85,NPR
2026-01-09,ACC0000001484,244184.27,0.0,0.0,244184.27,NPR
2026-01-09,ACC0000001485,432205.55,11492.01,78749.07,364948.49,NPR
2026-01-09,ACC0000001486,51113.62,43442.05,14078.8,80476.87,NPR
2026-01-09,ACC0000001487,420650.5,17045.58,56895.28,380800.8,NPR
2026-01-09,ACC0000001488,403462.39,0.0,40092.93,363369.46,NPR
2026-01-09,ACC0000001489,411930.53,0.0,109858.26,302072.27,NPR
2026-01-09,ACC0000001490,295566.55,0.0,0.0,295566.55,NPR
2026-01-09,ACC0000001491,345228.39,30766.96,76807.62,299187.73,NPR
2026-01-09,ACC0000001492,349966.36,0.0,15190.54,334775.82,NPR
2026-01-09,ACC0000001493,81412.49,0.0,0.0,81412.49,NPR
2026-01-09,ACC0000001494,481443.62,0.0,200838.59,280605.03,NPR
2026-01-09,ACC0000001495,344245.17,0.0,203384.19,140860.98,NPR
2026-01-09,ACC0000001496,125008.86,0.0,74456.26,50552.6,NPR
2026-01-09,ACC0000001497,162759.2,14133.89,101762.71,75130.38,NPR
2026-01-09,ACC0000001498,479452.62,82577.07,0.0,562029.69,NPR
2026-01-09,ACC0000001499,50915.34,0.0,108734.09,-57818.75,NPR
2026-01-09,ACC0000001500,40952.92,0.0,0.0,40952.92,NPR
2026-01-09,ACC0000001501,201514.94,0.0,78958.18,122556.76,NPR
2026-01-09,ACC0000001502,228655.76,0.0,85337.05,143318.71,NPR
2026-01-09,ACC0000001503,172811.6,3692.61,112083.56,64420.65,NPR
2026-01-09,ACC0000001504,283729.32,33624.62,22594.15,294759.79,NPR
2026-01-09,ACC0000001505,340952.18,14101.58,84328.82,270724.94,NPR
2026-01-09,ACC0000001506,349207.37,6338.92,0.0,355546.29,NPR
2026-01-09,ACC0000001507,391662.79,0.0,0.0,391662.79,NPR
2026-01-09,ACC0000001508,438856.02,0.0,61116.79,377739.23,NPR
2026-01-09,ACC0000001509,74390.57,0.0,0.0,74390.57,NPR
2026-01-09,ACC0000001510,382585.67,0.0,35053.85,347531.82,NPR
2026-01-09,ACC0000001511,348751.68,28348.47,18293.36,358806.79,NPR
2026-01-09,ACC0000001512,473040.2,0.0,52050.14,420990.06,NPR
2026-01-09,ACC0000001513,27407.21,0.0,1192.32,26214.89,NPR
2026-01-09,ACC0000001514,214970.33,0.0,24397.84,190572.49,NPR
2026-01-09,ACC0000001515,59948.75,25438.73,138433.38,-53045.9,NPR
2026-01-09,ACC0000001516,147604.67,0.0,0.0,147604.67,NPR
2026-01-09,ACC0000001517,183085.81,2257.3,116931.19,68411.92,NPR
2026-01-09,ACC0000001518,448960.91,0.0,111806.24,337154.67,NPR
2026-01-09,ACC0000001519,398735.59,971.5,56318.31,343388.78,NPR
2026-01-09,ACC0000001520,305792.61,29432.73,88779.28,246446.06,NPR
2026-01-09,ACC0000001521,34370.72,0.0,38638.15,-4267.43,NPR
2026-01-09,ACC0000001522,334470.83,0.0,72243.46,262227.37,NPR
2026-01-09,ACC0000001523,35507.83,37755.93,96315.37,-23051.61,NPR
2026-01-09,ACC0000001524,452211.77,35854.13,46254.54,441811.36,NPR
2026-01-09,ACC0000001525,222596.75,0.0,42584.34,180012.41,NPR
2026-01-09,ACC0000001526,148752.13,0.0,82030.68,66721.45,NPR
2026-01-09,ACC0000001527,318009.02,0.0,89637.93,228371.09,NPR
2026-01-09,ACC0000001528,185808.57,0.0,29741.42,156067.15,NPR
2026-01-09,ACC0000001529,374674.22,0.0,41886.02,332788.2,NPR
2026-01-09,ACC0000001530,344353.37,0.0,68652.29,275701.08,NPR
2026-01-09,ACC0000001531,173412.04,0.0,30421.48,142990.56,NPR
2026-01-09,ACC0000001532,241443.47,40627.83,94079.41,187991.89,NPR
2026-01-09,ACC0000001533,226687.96,0.0,47375.83,179312.13,NPR
2026-01-09,ACC0000001534,224600.04,23633.51,16821.5,231412.05,NPR
2026-01-09,ACC0000001535,472939.35,0.0,68961.36,403977.99,NPR
2026-01-09,ACC0000001536,198522.01,0.0,60027.16,138494.85,NPR
2026-01-09,ACC0000001537,318640.97,0.0,63723.95,254917.02,NPR
2026-01-09,ACC0000001538,474479.75,0.0,22080.42,452399.33,NPR
2026-01-09,ACC0000001539,232950.06,0.0,90071.66,142878.4,NPR
2026-01-09,ACC0000001540,260249.08,0.0,6725.5,253523.58,NPR
2026-01-09,ACC0000001541,191271.77,0.0,15675.06,175596.71,NPR
2026-01-09,ACC0000001542,265979.32,0.0,149235.81,116743.51,NPR
2026-01-09,ACC0000001543,448665.01,11378.78,179584.05,280459.74,NPR
2026-01-09,ACC0000001544,276710.96,60888.74,51156.42,286443.28,NPR
2026-01-09,ACC0000001545,265304.72,0.0,76859.25,188445.47,NPR
2026-01-09,ACC0000001546,343373.6,0.0,0.0,343373.6,NPR
2026-01-09,ACC0000001547,245261.06,45224.78,85685.29,204800.55,NPR
2026-01-09,ACC0000001548,304579.85,0.0,0.0,304579.85,NPR
2026-01-09,ACC0000001549,437272.26,7643.52,76978.39,367937.39,NPR
2026-01-09,ACC0000001550,431780.35,0.0,26116.62,405663.73,NPR
2026-01-09,ACC0000001551,14931.01,27757.53,14461.15,28227.39,NPR
2026-01-09,ACC0000001552,487662.4,0.0,76935.68,410726.72,NPR
2026-01-09,ACC0000001553,119657.22,84210.27,135383.67,68483.82,NPR
2026-01-09,ACC0000001554,284922.68,0.0,0.0,284922.68,NPR
2026-01-09,ACC0000001555,175978.22,0.0,6318.32,169659.9,NPR
2026-01-09,ACC0000001556,245929.75,0.0,2963.44,242966.31,NPR
2026-01-09,ACC0000001557,5142.13,0.0,0.0,5142.13,NPR
2026-01-09,ACC0000001558,245394.96,30004.72,89392.2,186007.48,NPR
2026-01-09,ACC0000001559,346495.85,0.0,81532.36,264963.49,NPR
2026-01-09,ACC0000001560,4191.31,0.0,28323.33,-24132.02,NPR
2026-01-09,ACC0000001561,456683.59,0.0,117714.07,338969.52,NPR
2026-01-09,ACC0000001562,50751.02,0.0,0.0,50751.02,NPR
2026-01-09,ACC0000001563,29695.8,39749.83,50263.09,19182.54,NPR
2026-01-09,ACC0000001564,112725.24,0.0,119143.1,-6417.86,NPR
2026-01-09,ACC0000001565,374732.83,0.0,14227.37,360505.46,NPR
2026-01-09,ACC0000001566,436298.79,0.0,67398.94,368899.85,NPR
2026-01-09,ACC0000001567,53537.21,0.0,0.0,53537.21,NPR
2026-01-09,ACC0000001568,469747.36,0.0,0.0,469747.36,NPR
2026-01-09,ACC0000001569,47275.05,0.0,170512.16,-123237.11,NPR
2026-01-09,ACC0000001570,356148.45,22398.74,100601.08,277946.11,NPR
2026-01-09,ACC0000001571,194347.32,0.0,10692.77,183654.55,NPR
2026-01-09,ACC0000001572,423487.61,0.0,10505.73,412981.88,NPR
2026-01-09,ACC0000001573,456051.98,0.0,51448.21,404603.77,NPR
2026-01-09,ACC0000001574,78892.39,0.0,105392.05,-26499.66,NPR
2026-01-09,ACC0000001575,107405.03,0.0,120953.55,-13548.52,NPR
2026-01-09,ACC0000001576,475626.96,39788.81,19566.95,495848.82,NPR
2026-01-09,ACC0000001577,103851.92,24732.94,94810.73,33774.13,NPR
2026-01-09,ACC0000001578,40032.49,0.0,0.0,40032.49,NPR
2026-01-09,ACC0000001579,59986.69,0.0,31502.48,28484.21,NPR
2026-01-09,ACC0000001580,57472.12,12777.31,33821.74,36427.69,NPR
2026-01-09,ACC0000001581,230349.47,48399.47,27076.78,251672.16,NPR
2026-01-09,ACC0000001582,488813.4,0.0,80858.99,407954.41,NPR
2026-01-09,ACC0000001583,358152.68,0.0,0.0,358152.68,NPR
2026-01-09,ACC0000001584,119758.06,0.0,56633.6,63124.46,NPR
2026-01-09,ACC0000001585,212273.65,20708.5,14961.91,218020.24,NPR
2026-01-09,ACC0000001586,422506.31,0.0,64747.51,357758.8,NPR
2026-01-09,ACC0000001587,116889.96,0.0,38164.33,78725.63,NPR
2026-01-09,ACC0000001588,56715.26,0.0,0.0,56715.26,NPR
2026-01-09,ACC0000001589,291716.01,0.0,0.0,291716.01,NPR
2026-01-09,ACC0000001590,57352.36,10856.97,60552.32,7657.01,NPR
2026-01-09,ACC0000001591,68456.1,49433.99,33595.01,84295.08,NPR
2026-01-09,ACC0000001592,353677.13,0.0,69479.08,284198.05,NPR
2026-01-09,ACC0000001593,428722.54,0.0,42560.31,386162.23,NPR
2026-01-09,ACC0000001594,90579.27,0.0,106816.81,-16237.54,NPR
2026-01-09,ACC0000001595,31275.92,0.0,46609.63,-15333.71,NPR
2026-01-09,ACC0000001596,74491.2,9556.45,2571.99,81475.66,NPR
2026-01-09,ACC0000001597,122948.83,0.0,0.0,122948.83,NPR
2026-01-09,ACC0000001598,440246.31,0.0,0.0,440246.31,NPR
2026-01-09,ACC0000001599,299269.32,0.0,0.0,299269.32,NPR
2026-01-09,ACC0000001600,220392.47,0.0,0.0,220392.47,NPR
2026-01-09,ACC0000001601,212862.46,0.0,76239.0,136623.46,NPR
2026-01-09,ACC0000001602,206807.43,0.0,9743.53,197063.9,NPR
2026-01-09,ACC0000001603,220432.08,0.0,20484.04,199948.04,NPR
2026-01-09,ACC0000001604,466770.66,0.0,106366.45,360404.21,NPR
2026-01-09,ACC0000001605,346678.75,42797.14,143796.32,245679.57,NPR
2026-01-09,ACC0000001606,321097.56,0.0,71989.27,249108.29,NPR
2026-01-09,ACC0000001607,115840.95,16421.49,23532.61,108729.83,NPR
2026-01-09,ACC0000001608,241648.79,0.0,27248.59,214400.2,NPR
2026-01-09,ACC0000001609,387750.97,0.0,13752.3,373998.67,NPR
2026-01-09,ACC0000001610,196177.03,0.0,54267.49,141909.54,NPR
2026-01-09,ACC0000001611,357668.65,6342.04,50955.17,313055.52,NPR
2026-01-09,ACC0000001612,486871.02,0.0,0.0,486871.02,NPR
2026-01-09,ACC0000001613,126585.65,0.0,55379.92,71205.73,NPR
2026-01-09,ACC0000001614,497712.41,0.0,52449.19,445263.22,NPR
2026-01-09,ACC0000001615,287453.05,45922.71,51598.21,281777.55,NPR
2026-01-09,ACC0000001616,143704.59,0.0,0.0,143704.59,NPR
2026-01-09,ACC0000001617,196469.16,0.0,128914.94,67554.22,NPR
2026-01-09,ACC0000001618,127149.32,0.0,0.0,127149.32,NPR
2026-01-09,ACC0000001619,63078.28,0.0,31568.08,31510.2,NPR
2026-01-09,ACC0000001620,107548.94,9937.79,121936.9,-4450.17,NPR
2026-01-09,ACC0000001621,283905.13,0.0,0.0,283905.13,NPR
2026-01-09,ACC0000001622,223650.63,0.0,22373.73,201276.9,NPR
2026-01-09,ACC0000001623,163956.44,0.0,0.0,163956.44,NPR
2026-01-09,ACC0000001624,392598.89,0.0,75370.78,317228.11,NPR
2026-01-09,ACC0000001625,354421.85,0.0,0.0,354421.85,NPR
2026-01-09,ACC0000001626,117445.6,22183.38,98441.12,41187.86,NPR
2026-01-09,ACC0000001627,479094.51,0.0,0.0,479094.51,NPR
2026-01-09,ACC0000001628,416594.03,107006.95,45883.52,477717.46,NPR
2026-01-09,ACC0000001629,367649.02,0.0,103656.06,263992.96,NPR
2026-01-09,ACC0000001630,186105.62,0.0,50403.06,135702.56,NPR
2026-01-09,ACC0000001631,291138.76,0.0,22717.16,268421.6,NPR
2026-01-09,ACC0000001632,362181.05,46513.63,97567.78,311126.9,NPR
2026-01-09,ACC0000001633,135890.34,59115.87,21696.27,173309.94,NPR
2026-01-09,ACC0000001634,65909.3,0.0,0.0,65909.3,NPR
2026-01-09,ACC0000001635,263279.5,0.0,91099.01,172180.49,NPR
2026-01-09,ACC0000001636,142642.82,0.0,62973.12,79669.7,NPR
2026-01-09,ACC0000001637,307353.34,0.0,0.0,307353.34,NPR
2026-01-09,ACC0000001638,48896.96,0.0,70506.24,-21609.28,NPR
2026-01-09,ACC0000001639,69546.55,0.0,115666.28,-46119.73,NPR
2026-01-09,ACC0000001640,465614.43,0.0,35213.16,430401.27,NPR
2026-01-09,ACC0000001641,90693.68,0.0,25503.85,65189.83,NPR
2026-01-09,ACC0000001642,475077.2,0.0,0.0,475077.2,NPR
2026-01-09,ACC0000001643,483021.32,9399.64,53624.25,438796.71,NPR
2026-01-09,ACC0000001644,255266.48,0.0,577.08,254689.4,NPR
2026-01-09,ACC0000001645,148923.98,0.0,49855.28,99068.7,NPR
2026-01-09,ACC0000001646,193978.46,0.0,0.0,193978.46,NPR
2026-01-09,ACC0000001647,87169.12,0.0,37351.2,49817.92,NPR
2026-01-09,ACC0000001648,434058.13,0.0,0.0,434058.13,NPR
2026-01-09,ACC0000001649,329036.62,0.0,93509.96,235526.66,NPR
2026-01-09,ACC0000001650,4354.96,0.0,14316.24,-9961.28,NPR
2026-01-09,ACC0000001651,164659.6,0.0,58563.11,106096.49,NPR
2026-01-09,ACC0000001652,200394.1,47384.19,73802.7,173975.59,NPR
2026-01-09,ACC0000001653,376788.09,0.0,0.0,376788.09,NPR
2026-01-09,ACC0000001654,368285.67,0.0,0.0,368285.67,NPR
2026-01-09,ACC0000001655,125827.65,0.0,0.0,125827.65,NPR
2026-01-09,ACC0000001656,412381.72,0.0,136282.85,276098.87,NPR
2026-01-09,ACC0000001657,431794.96,0.0,76101.01,355693.95,NPR
2026-01-09,ACC0000001658,106594.92,0.0,29985.34,76609.58,NPR
2026-01-09,ACC0000001659,363130.14,0.0,22862.42,340267.72,NPR
2026-01-09,ACC0000001660,377418.99,45931.12,24116.43,399233.68,NPR
2026-01-09,ACC0000001661,409328.4,0.0,55236.3,354092.1,NPR
2026-01-09,ACC0000001662,108226.19,0.0,49552.08,58674.11,NPR
2026-01-09,ACC0000001663,67850.49,0.0,83440.89,-15590.4,NPR
2026-01-09,ACC0000001664,399106.35,49931.19,45372.13,403665.41,NPR
2026-01-09,ACC0000001665,291399.51,0.0,202318.74,89080.77,NPR
2026-01-09,ACC0000001666,338649.75,0.0,115343.69,223306.06,NPR
2026-01-09,ACC0000001667,390845.71,30116.71,22283.68,398678.74,NPR
2026-01-09,ACC0000001668,130921.85,0.0,56487.97,74433.88,NPR
2026-01-09,ACC0000001669,491826.16,0.0,0.0,491826.16,NPR
2026-01-09,ACC0000001670,48356.74,34236.3,13023.8,69569.24,NPR
2026-01-09,ACC0000001671,328268.18,44785.62,16903.06,356150.74,NPR
2026-01-09,ACC0000001672,88010.29,0.0,0.0,88010.29,NPR
2026-01-09,ACC0000001673,9972.52,19863.2,75122.56,-45286.84,NPR
2026-01-09,ACC0000001674,475408.51,0.0,0.0,475408.51,NPR
2026-01-09,ACC0000001675,357331.61,0.0,40200.35,317131.26,NPR
2026-01-09,ACC0000001676,366227.43,0.0,231161.76,135065.67,NPR
2026-01-09,ACC0000001677,472245.86,0.0,25210.17,447035.69,NPR
2026-01-09,ACC0000001678,108146.68,0.0,71585.97,36560.71,NPR
2026-01-09,ACC0000001679,367578.94,0.0,0.0,367578.94,NPR
2026-01-09,ACC0000001680,30713.53,2872.18,31263.27,2322.44,NPR
2026-01-09,ACC0000001681,224183.96,0.0,26842.53,197341.43,NPR
2026-01-09,ACC0000001682,439725.27,3884.65,62581.01,381028.91,NPR
2026-01-09,ACC0000001683,101690.04,0.0,83813.53,17876.51,NPR
2026-01-09,ACC0000001684,35187.02,0.0,53819.13,-18632.11,NPR
2026-01-09,ACC0000001685,293719.73,0.0,0.0,293719.73,NPR
2026-01-09,ACC0000001686,83060.98,0.0,26443.98,56617.0,NPR
2026-01-09,ACC0000001687,366021.62,0.0,55009.51,311012.11,NPR
2026-01-09,ACC0000001688,134412.98,26744.78,38164.01,122993.75,NPR
2026-01-09,ACC0000001689,163443.69,0.0,98163.64,65280.05,NPR
2026-01-09,ACC0000001690,164754.65,30795.28,102153.93,93396.0,NPR
2026-01-09,ACC0000001691,2965.05,3447.06,28911.64,-22499.53,NPR
2026-01-09,ACC0000001692,492039.08,0.0,51879.21,440159.87,NPR
2026-01-09,ACC0000001693,54271.63,0.0,14563.96,39707.67,NPR
2026-01-09,ACC0000001694,308707.22,0.0,0.0,308707.22,NPR
2026-01-09,ACC0000001695,170045.65,50308.7,131085.69,89268.66,NPR
2026-01-09,ACC0000001696,95861.12,0.0,0.0,95861.12,NPR
2026-01-09,ACC0000001697,203574.91,5968.48,147765.61,61777.78,NPR
2026-01-09,ACC0000001698,463148.29,0.0,119299.4,343848.89,NPR
2026-01-09,ACC0000001699,29141.92,0.0,72717.15,-43575.23,NPR
2026-01-09,ACC0000001700,134133.83,0.0,53923.08,80210.75,NPR
2026-01-09,ACC0000001701,436765.58,33494.17,14682.35,455577.4,NPR
2026-01-09,ACC0000001702,217098.34,34857.71,0.0,251956.05,NPR
2026-01-09,ACC0000001703,49263.06,7478.37,88044.16,-31302.73,NPR
2026-01-09,ACC0000001704,274794.36,0.0,44764.36,230030.0,NPR
2026-01-09,ACC0000001705,129984.07,21806.1,27889.62,123900.55,NPR
2026-01-09,ACC0000001706,189306.06,0.0,133735.84,55570.22,NPR
2026-01-09,ACC0000001707,63871.39,35537.8,72006.1,27403.09,NPR
2026-01-09,ACC0000001708,302212.58,0.0,15261.98,286950.6,NPR
2026-01-09,ACC0000001709,279421.26,0.0,0.0,279421.26,NPR
2026-01-09,ACC0000001710,221308.68,7695.46,46200.05,182804.09,NPR
2026-01-09,ACC0000001711,196751.56,0.0,159036.33,37715.23,NPR
2026-01-09,ACC0000001712,326424.9,0.0,0.0,326424.9,NPR
2026-01-09,ACC0000001713,271053.25,43397.12,104030.61,210419.76,NPR
2026-01-09,ACC0000001714,308440.81,48323.86,74836.96,281927.71,NPR
2026-01-09,ACC0000001715,30305.53,0.0,110015.07,-79709.54,NPR
2026-01-09,ACC0000001716,74284.65,14916.24,66219.51,22981.38,NPR
2026-01-09,ACC0000001717,369095.8,0.0,66851.36,302244.44,NPR
2026-01-09,ACC0000001718,354243.84,0.0,35968.16,318275.68,NPR
2026-01-09,ACC0000001719,50584.13,17344.17,96917.83,-28989.53,NPR
2026-01-09,ACC0000001720,379301.65,0.0,87300.23,292001.42,NPR
2026-01-09,ACC0000001721,424989.36,47430.94,41722.4,430697.9,NPR
2026-01-09,ACC0000001722,147100.51,0.0,0.0,147100.51,NPR
2026-01-09,ACC0000001723,120913.72,0.0,0.0,120913.72,NPR
2026-01-09,ACC0000001724,328344.64,0.0,34718.02,293626.62,NPR
2026-01-09,ACC0000001725,477455.44,24742.17,1279.23,500918.38,NPR
2026-01-09,ACC0000001726,408544.98,24126.18,55383.9,377287.26,NPR
2026-01-09,ACC0000001727,430207.7,0.0,104096.65,326111.05,NPR
2026-01-09,ACC0000001728,99456.06,54999.32,26409.08,128046.3,NPR
2026-01-09,ACC0000001729,86566.9,47242.87,72162.07,61647.7,NPR
2026-01-09,ACC0000001730,65929.42,38322.28,7243.88,97007.82,NPR
2026-01-09,ACC0000001731,24155.91,0.0,32457.46,-8301.55,NPR
2026-01-09,ACC0000001732,466233.36,1997.31,38128.31,430102.36,NPR
2026-01-09,ACC0000001733,191382.16,0.0,34379.16,157003.0,NPR
2026-01-09,ACC0000001734,231899.88,31518.12,100426.79,162991.21,NPR
2026-01-09,ACC0000001735,166251.14,0.0,53260.74,112990.4,NPR
2026-01-09,ACC0000001736,163196.16,30861.32,0.0,194057.48,NPR
2026-01-09,ACC0000001737,425971.8,0.0,0.0,425971.8,NPR
2026-01-09,ACC0000001738,254094.7,0.0,156240.66,97854.04,NPR
2026-01-09,ACC0000001739,466413.15,35065.94,70069.93,431409.16,NPR
2026-01-09,ACC0000001740,442950.56,8071.12,49804.33,401217.35,NPR
2026-01-09,ACC0000001741,374182.97,0.0,75914.56,298268.41,NPR
2026-01-09,ACC0000001742,246853.49,13893.23,18897.58,241849.14,NPR
2026-01-09,ACC0000001743,301088.03,0.0,36569.59,264518.44,NPR
2026-01-09,ACC0000001744,163666.18,0.0,106929.39,56736.79,NPR
2026-01-09,ACC0000001745,178669.93,0.0,23592.11,155077.82,NPR
2026-01-09,ACC0000001746,143708.1,0.0,29815.03,113893.07,NPR
2026-01-09,ACC0000001747,300855.37,0.0,15834.9,285020.47,NPR
2026-01-09,ACC0000001748,105471.65,0.0,32778.17,72693.48,NPR
2026-01-09,ACC0000001749,343043.61,7456.75,18431.02,332069.34,NPR
2026-01-09,ACC0000001750,135770.74,21593.69,11172.4,146192.03,NPR
2026-01-09,ACC0000001751,355646.37,25390.56,0.0,381036.93,NPR
2026-01-09,ACC0000001752,295537.46,71796.53,0.0,367333.99,NPR
2026-01-09,ACC0000001753,204260.35,0.0,9517.64,194742.71,NPR
2026-01-09,ACC0000001754,214643.29,0.0,0.0,214643.29,NPR
2026-01-09,ACC0000001755,376337.25,0.0,71834.52,304502.73,NPR
2026-01-09,ACC0000001756,337665.15,0.0,104864.46,232800.69,NPR
2026-01-09,ACC0000001757,288906.71,0.0,1825.76,287080.95,NPR
2026-01-09,ACC0000001758,134410.95,0.0,58707.1,75703.85,NPR
2026-01-09,ACC0000001759,67697.55,0.0,59116.95,8580.6,NPR
2026-01-09,ACC0000001760,468576.36,0.0,5616.45,462959.91,NPR
2026-01-09,ACC0000001761,17643.37,0.0,81867.76,-64224.39,NPR
2026-01-09,ACC0000001762,330718.76,0.0,98040.77,232677.99,NPR
2026-01-09,ACC0000001763,154295.75,0.0,0.0,154295.75,NPR
2026-01-09,ACC0000001764,83153.28,0.0,26486.28,56667.0,NPR
2026-01-09,ACC0000001765,391980.37,0.0,34602.53,357377.84,NPR
2026-01-09,ACC0000001766,158881.55,66794.81,57020.77,168655.59,NPR
2026-01-09,ACC0000001767,451123.74,29700.93,86170.32,394654.35,NPR
2026-01-09,ACC0000001768,77530.08,115090.87,60739.19,131881.76,NPR
2026-01-09,ACC0000001769,440703.37,0.0,0.0,440703.37,NPR
2026-01-09,ACC0000001770,323136.73,6638.25,79572.98,250202.0,NPR
2026-01-09,ACC0000001771,498112.12,2331.01,63057.11,437386.02,NPR
2026-01-09,ACC0000001772,431461.82,0.0,27724.19,403737.63,NPR
2026-01-09,ACC0000001773,305403.56,0.0,157911.97,147491.59,NPR
2026-01-09,ACC0000001774,278373.38,0.0,86785.62,191587.76,NPR
2026-01-09,ACC0000001775,389293.97,48340.4,39047.53,398586.84,NPR
2026-01-09,ACC0000001776,198886.15,0.0,0.0,198886.15,NPR
2026-01-09,ACC0000001777,95074.16,0.0,47274.21,47799.95,NPR
2026-01-09,ACC0000001778,141687.17,0.0,9744.42,131942.75,NPR
2026-01-09,ACC0000001779,37302.31,0.0,0.0,37302.31,NPR
2026-01-09,ACC0000001780,339260.88,0.0,0.0,339260.88,NPR
2026-01-09,ACC0000001781,175191.65,41202.15,74061.9,142331.9,NPR
2026-01-09,ACC0000001782,279062.43,38854.82,29299.76,288617.49,NPR
2026-01-09,ACC0000001783,441722.03,31817.96,48626.41,424913.58,NPR
2026-01-09,ACC0000001784,210199.47,0.0,109898.32,100301.15,NPR
2026-01-09,ACC0000001785,484726.83,0.0,45136.08,439590.75,NPR
2026-01-09,ACC0000001786,137366.21,119730.21,50382.83,206713.59,NPR
2026-01-09,ACC0000001787,246679.11,0.0,44791.01,201888.1,NPR
2026-01-09,ACC0000001788,74906.51,0.0,13162.41,61744.1,NPR
2026-01-09,ACC0000001789,454550.64,0.0,1863.4,452687.24,NPR
2026-01-09,ACC0000001790,59877.84,0.0,158304.34,-98426.5,NPR
2026-01-09,ACC0000001791,478543.97,0.0,8448.08,470095.89,NPR
2026-01-09,ACC0000001792,174185.6,70275.54,154494.6,89966.54,NPR
2026-01-09,ACC0000001793,128447.38,0.0,27374.85,101072.53,NPR
2026-01-09,ACC0000001794,336600.83,0.0,0.0,336600.83,NPR
2026-01-09,ACC0000001795,490481.92,0.0,0.0,490481.92,NPR
2026-01-09,ACC0000001796,481922.05,17954.41,111970.14,387906.32,NPR
2026-01-09,ACC0000001797,103296.57,0.0,0.0,103296.57,NPR
2026-01-09,ACC0000001798,224004.59,63071.67,49914.31,237161.95,NPR
2026-01-09,ACC0000001799,82787.03,0.0,42948.9,39838.13,NPR
2026-01-09,ACC0000001800,442768.45,0.0,77093.56,365674.89,NPR
2026-01-09,ACC0000001801,428140.7,5297.02,0.0,433437.72,NPR
2026-01-09,ACC0000001802,139068.29,0.0,1508.46,137559.83,NPR
2026-01-09,ACC0000001803,51784.65,0.0,35040.32,16744.33,NPR
2026-01-09,ACC0000001804,423347.01,0.0,49332.59,374014.42,NPR
2026-01-09,ACC0000001805,183678.46,0.0,147929.55,35748.91,NPR
2026-01-09,ACC0000001806,376379.81,22222.1,62487.85,336114.06,NPR
2026-01-09,ACC0000001807,25761.74,0.0,73742.42,-47980.68,NPR
2026-01-09,ACC0000001808,131725.01,0.0,0.0,131725.01,NPR
2026-01-09,ACC0000001809,36637.19,35393.17,0.0,72030.36,NPR
2026-01-09,ACC0000001810,10552.54,48708.84,0.0,59261.38,NPR
2026-01-09,ACC0000001811,91762.74,0.0,29053.44,62709.3,NPR
2026-01-09,ACC0000001812,16489.74,0.0,361.1,16128.64,NPR
2026-01-09,ACC0000001813,213580.73,0.0,24203.53,189377.2,NPR
2026-01-09,ACC0000001814,113204.72,42149.26,36457.53,118896.45,NPR
2026-01-09,ACC0000001815,441615.26,41312.35,11102.64,471824.97,NPR
2026-01-09,ACC0000001816,310853.13,84423.67,80027.79,315249.01,NPR
2026-01-09,ACC0000001817,468929.67,0.0,76005.0,392924.67,NPR
2026-01-09,ACC0000001818,377575.78,0.0,131990.81,245584.97,NPR
2026-01-09,ACC0000001819,65291.23,0.0,15410.54,49880.69,NPR
2026-01-09,ACC0000001820,488678.37,0.0,65192.92,423485.45,NPR
2026-01-09,ACC0000001821,204258.43,13966.08,62199.9,156024.61,NPR
2026-01-09,ACC0000001822,392116.42,0.0,105464.75,286651.67,NPR
2026-01-09,ACC0000001823,98217.74,0.0,5741.59,92476.15,NPR
2026-01-09,ACC0000001824,170236.31,0.0,10114.37,160121.94,NPR
2026-01-09,ACC0000001825,17820.05,0.0,0.0,17820.05,NPR
2026-01-09,ACC0000001826,114363.87,0.0,0.0,114363.87,NPR
2026-01-09,ACC0000001827,144127.64,0.0,41929.31,102198.33,NPR
2026-01-09,ACC0000001828,321650.84,0.0,0.0,321650.84,NPR
2026-01-09,ACC0000001829,479739.38,44725.53,42065.17,482399.74,NPR
2026-01-09,ACC0000001830,8838.11,26684.3,91061.89,-55539.48,NPR
2026-01-09,ACC0000001831,198629.55,45151.12,39383.03,204397.64,NPR
2026-01-09,ACC0000001832,484551.41,0.0,0.0,484551.41,NPR
2026-01-09,ACC0000001833,18077.22,0.0,0.0,18077.22,NPR
2026-01-09,ACC0000001834,473519.79,20057.02,3220.33,490356.48,NPR
2026-01-09,ACC0000001835,395177.77,31509.9,60357.85,366329.82,NPR
2026-01-09,ACC0000001836,484451.06,0.0,76485.46,407965.6,NPR
2026-01-09,ACC0000001837,391806.89,0.0,84351.52,307455.37,NPR
2026-01-09,ACC0000001838,44003.46,0.0,93679.83,-49676.37,NPR
2026-01-09,ACC0000001839,127150.75,0.0,0.0,127150.75,NPR
2026-01-09,ACC0000001840,432385.54,10989.26,103967.27,339407.53,NPR
2026-01-09,ACC0000001841,131278.64,0.0,46356.04,84922.6,NPR
2026-01-09,ACC0000001842,441843.31,0.0,0.0,441843.31,NPR
2026-01-09,ACC0000001843,345749.5,0.0,164196.64,181552.86,NPR
2026-01-09,ACC0000001844,313775.77,0.0,0.0,313775.77,NPR
2026-01-09,ACC0000001845,235087.86,0.0,96905.94,138181.92,NPR
2026-01-09,ACC0000001846,323327.13,48289.6,92122.09,279494.64,NPR
2026-01-09,ACC0000001847,246340.82,0.0,11968.28,234372.54,NPR
2026-01-09,ACC0000001848,325388.27,44796.49,99494.62,270690.14,NPR
2026-01-09,ACC0000001849,278115.22,0.0,116012.4,162102.82,NPR
2026-01-09,ACC0000001850,29232.26,0.0,0.0,29232.26,NPR
2026-01-09,ACC0000001851,137623.56,0.0,0.0,137623.56,NPR
2026-01-09,ACC0000001852,492451.59,0.0,43697.51,448754.08,NPR
2026-01-09,ACC0000001853,298997.18,24347.03,5540.59,317803.62,NPR
2026-01-09,ACC0000001854,455192.74,4827.79,81859.38,378161.15,NPR
2026-01-09,ACC0000001855,411725.01,0.0,5029.21,406695.8,NPR
2026-01-09,ACC0000001856,8169.64,0.0,48692.6,-40522.96,NPR
2026-01-09,ACC0000001857,224544.08,0.0,75843.26,148700.82,NPR
2026-01-09,ACC0000001858,152618.07,0.0,0.0,152618.07,NPR
2026-01-09,ACC0000001859,248043.12,29769.87,44455.04,233357.95,NPR
2026-01-09,ACC0000001860,233698.57,0.0,0.0,233698.57,NPR
2026-01-09,ACC0000001861,259087.26,23467.12,0.0,282554.38,NPR
2026-01-09,ACC0000001862,314052.32,0.0,117471.6,196580.72,NPR
2026-01-09,ACC0000001863,170641.24,0.0,24477.17,146164.07,NPR
2026-01-09,ACC0000001864,396033.15,48071.06,83334.24,360769.97,NPR
2026-01-09,ACC0000001865,74069.19,0.0,0.0,74069.19,NPR
2026-01-09,ACC0000001866,90168.69,0.0,81893.49,8275.2,NPR
2026-01-09,ACC0000001867,311482.79,9480.0,41857.35,279105.44,NPR
2026-01-09,ACC0000001868,162286.48,16673.04,29939.91,149019.61,NPR
2026-01-09,ACC0000001869,200651.94,47867.39,34804.4,213714.93,NPR
2026-01-09,ACC0000001870,186729.28,42838.57,11256.18,218311.67,NPR
2026-01-09,ACC0000001871,153596.39,0.0,82722.74,70873.65,NPR
2026-01-09,ACC0000001872,394592.17,0.0,40834.43,353757.74,NPR
2026-01-09,ACC0000001873,236370.09,6086.35,0.0,242456.44,NPR
2026-01-09,ACC0000001874,341485.0,0.0,91362.19,250122.81,NPR
2026-01-09,ACC0000001875,93182.43,0.0,76824.99,16357.44,NPR
2026-01-09,ACC0000001876,201221.98,15384.72,0.0,216606.7,NPR
2026-01-09,ACC0000001877,22522.36,6357.48,42295.04,-13415.2,NPR
2026-01-09,ACC0000001878,473911.87,0.0,29695.87,444216.0,NPR
2026-01-09,ACC0000001879,231146.0,0.0,27939.5,203206.5,NPR
2026-01-09,ACC0000001880,79168.51,45909.66,51665.83,73412.34,NPR
2026-01-09,ACC0000001881,199683.63,0.0,0.0,199683.63,NPR
2026-01-09,ACC0000001882,466564.44,0.0,0.0,466564.44,NPR
2026-01-09,ACC0000001883,105060.61,16783.58,0.0,121844.19,NPR
2026-01-09,ACC0000001884,34447.0,0.0,114805.89,-80358.89,NPR
2026-01-09,ACC0000001885,233929.9,0.0,0.0,233929.9,NPR
2026-01-09,ACC0000001886,8804.27,0.0,0.0,8804.27,NPR
2026-01-09,ACC0000001887,195652.37,38823.69,0.0,234476.06,NPR
2026-01-09,ACC0000001888,402968.61,48335.78,0.0,451304.39,NPR
2026-01-09,ACC0000001889,341659.78,33892.96,42492.47,333060.27,NPR
2026-01-09,ACC0000001890,482439.73,0.0,55888.6,426551.13,NPR
2026-01-09,ACC0000001891,341264.62,0.0,0.0,341264.62,NPR
2026-01-09,ACC0000001892,137834.4,47893.13,272.23,185455.3,NPR
2026-01-09,ACC0000001893,161695.69,0.0,57051.21,104644.48,NPR
2026-01-09,ACC0000001894,289855.74,24403.72,0.0,314259.46,NPR
2026-01-09,ACC0000001895,204168.43,6743.91,26289.31,184623.03,NPR
2026-01-09,ACC0000001896,334898.83,0.0,57382.42,277516.41,NPR
2026-01-09,ACC0000001897,199443.72,0.0,77584.2,121859.52,NPR
2026-01-09,ACC0000001898,384238.2,0.0,53980.21,330257.99,NPR
2026-01-09,ACC0000001899,338211.2,0.0,46606.37,291604.83,NPR
2026-01-09,ACC0000001900,22082.42,30903.14,7359.34,45626.22,NPR
2026-01-09,ACC0000001901,497630.91,7657.97,108553.96,396734.92,NPR
2026-01-09,ACC0000001902,255215.55,31448.61,38605.63,248058.53,NPR
2026-01-09,ACC0000001903,15359.91,0.0,46738.83,-31378.92,NPR
2026-01-09,ACC0000001904,101978.07,0.0,53478.86,48499.21,NPR
2026-01-09,ACC0000001905,221645.06,16548.13,18346.92,219846.27,NPR
2026-01-09,ACC0000001906,144329.54,0.0,0.0,144329.54,NPR
2026-01-09,ACC0000001907,223601.86,0.0,0.0,223601.86,NPR
2026-01-09,ACC0000001908,354984.15,24972.23,111113.25,268843.13,NPR
2026-01-09,ACC0000001909,274746.52,431.24,15555.58,259622.18,NPR
2026-01-09,ACC0000001910,7171.7,0.0,42414.84,-35243.14,NPR
2026-01-09,ACC0000001911,396684.28,0.0,87144.31,309539.97,NPR
2026-01-09,ACC0000001912,187339.39,48336.0,0.0,235675.39,NPR
2026-01-09,ACC0000001913,202290.1,0.0,45507.98,156782.12,NPR
2026-01-09,ACC0000001914,284418.71,0.0,0.0,284418.71,NPR
2026-01-09,ACC0000001915,391286.95,0.0,70304.42,320982.53,NPR
2026-01-09,ACC0000001916,385281.27,84589.09,26125.52,443744.84,NPR
2026-01-09,ACC0000001917,322813.42,0.0,80541.32,242272.1,NPR
2026-01-09,ACC0000001918,242566.74,0.0,55101.62,187465.12,NPR
2026-01-09,ACC0000001919,395597.82,0.0,22901.3,372696.52,NPR
2026-01-09,ACC0000001920,31007.46,0.0,0.0,31007.46,NPR
2026-01-09,ACC0000001921,201814.42,0.0,44834.92,156979.5,NPR
2026-01-09,ACC0000001922,267336.89,0.0,70413.88,196923.01,NPR
2026-01-09,ACC0000001923,363716.52,0.0,28067.63,335648.89,NPR
2026-01-09,ACC0000001924,64774.59,0.0,31964.81,32809.78,NPR
2026-01-09,ACC0000001925,328579.4,12880.35,18259.95,323199.8,NPR
2026-01-09,ACC0000001926,310764.42,24412.58,111863.52,223313.48,NPR
2026-01-09,ACC0000001927,148504.21,43445.35,0.0,191949.56,NPR
2026-01-09,ACC0000001928,48353.17,0.0,44034.44,4318.73,NPR
2026-01-09,ACC0000001929,28240.82,0.0,21979.5,6261.32,NPR
2026-01-09,ACC0000001930,18369.38,0.0,85682.96,-67313.58,NPR
2026-01-09,ACC0000001931,199744.87,0.0,5998.61,193746.26,NPR
2026-01-09,ACC0000001932,302275.22,48079.61,68014.28,282340.55,NPR
2026-01-09,ACC0000001933,140475.8,0.0,100924.43,39551.37,NPR
2026-01-09,ACC0000001934,325362.34,24730.75,52204.28,297888.81,NPR
2026-01-09,ACC0000001935,244801.55,0.0,31774.49,213027.06,NPR
2026-01-09,ACC0000001936,478640.5,0.0,117781.34,360859.16,NPR
2026-01-09,ACC0000001937,337551.8,0.0,120406.35,217145.45,NPR
2026-01-09,ACC0000001938,347824.6,0.0,0.0,347824.6,NPR
2026-01-09,ACC0000001939,60499.8,0.0,102431.83,-41932.03,NPR
2026-01-09,ACC0000001940,366630.69,0.0,54744.34,311886.35,NPR
2026-01-09,ACC0000001941,382245.85,39722.12,51987.62,369980.35,NPR
2026-01-09,ACC0000001942,447423.3,0.0,78604.09,368819.21,NPR
2026-01-09,ACC0000001943,15396.53,0.0,71048.11,-55651.58,NPR
2026-01-09,ACC0000001944,392884.59,0.0,134808.96,258075.63,NPR
2026-01-09,ACC0000001945,231474.54,0.0,115737.9,115736.64,NPR
2026-01-09,ACC0000001946,420257.35,0.0,48961.95,371295.4,NPR
2026-01-09,ACC0000001947,181104.1,57060.26,0.0,238164.36,NPR
2026-01-09,ACC0000001948,443692.07,0.0,30256.48,413435.59,NPR
2026-01-09,ACC0000001949,291636.19,0.0,0.0,291636.19,NPR
2026-01-09,ACC0000001950,224900.01,36104.61,0.0,261004.62,NPR
2026-01-09,ACC0000001951,55882.1,0.0,50275.73,5606.37,NPR
2026-01-09,ACC0000001952,78671.74,0.0,101584.92,-22913.18,NPR
2026-01-09,ACC0000001953,273058.53,0.0,20089.11,252969.42,NPR
2026-01-09,ACC0000001954,223270.01,25179.28,150021.22,98428.07,NPR
2026-01-09,ACC0000001955,276595.73,0.0,0.0,276595.73,NPR
2026-01-09,ACC0000001956,467070.38,0.0,0.0,467070.38,NPR
2026-01-09,ACC0000001957,447488.95,0.0,62016.0,385472.95,NPR
2026-01-09,ACC0000001958,475397.75,22617.76,9120.4,488895.11,NPR
2026-01-09,ACC0000001959,465943.71,9028.98,0.0,474972.69,NPR
2026-01-09,ACC0000001960,435894.73,24184.45,0.0,460079.18,NPR
2026-01-09,ACC0000001961,291974.41,0.0,2418.43,289555.98,NPR
2026-01-09,ACC0000001962,413780.57,17204.13,47724.83,383259.87,NPR
2026-01-09,ACC0000001963,19509.48,0.0,0.0,19509.48,NPR
2026-01-09,ACC0000001964,28264.57,8352.99,13407.05,23210.51,NPR
2026-01-09,ACC0000001965,158242.59,0.0,0.0,158242.59,NPR
2026-01-09,ACC0000001966,235015.38,0.0,26262.64,208752.74,NPR
2026-01-09,ACC0000001967,194003.29,0.0,84883.84,109119.45,NPR
2026-01-09,ACC0000001968,202628.52,15617.65,49677.29,168568.88,NPR
2026-01-09,ACC0000001969,460525.47,0.0,176999.73,283525.74,NPR
2026-01-09,ACC0000001970,26573.9,5905.62,79361.28,-46881.76,NPR
2026-01-09,ACC0000001971,46736.19,0.0,53816.05,-7079.86,NPR
2026-01-09,ACC0000001972,311800.55,19644.17,59400.45,272044.27,NPR
2026-01-09,ACC0000001973,19923.87,0.0,55019.81,-35095.94,NPR
2026-01-09,ACC0000001974,40774.56,42194.33,11526.99,71441.9,NPR
2026-01-09,ACC0000001975,134194.14,48907.21,75135.56,107965.79,NPR
2026-01-09,ACC0000001976,18120.57,0.0,24051.72,-5931.15,NPR
2026-01-09,ACC0000001977,106409.94,23879.19,4428.24,125860.89,NPR
2026-01-09,ACC0000001978,321091.43,0.0,44719.33,276372.1,NPR
2026-01-09,ACC0000001979,215671.93,0.0,62161.64,153510.29,NPR
2026-01-09,ACC0000001980,438452.92,0.0,32071.14,406381.78,NPR
2026-01-09,ACC0000001981,241520.2,20468.36,16857.57,245130.99,NPR
2026-01-09,ACC0000001982,317684.28,0.0,162067.79,155616.49,NPR
2026-01-09,ACC0000001983,490604.01,0.0,236660.97,253943.04,NPR
2026-01-09,ACC0000001984,141876.39,0.0,0.0,141876.39,NPR
2026-01-09,ACC0000001985,29257.55,0.0,46484.77,-17227.22,NPR
2026-01-09,ACC0000001986,183251.62,0.0,77489.23,105762.39,NPR
2026-01-09,ACC0000001987,231845.6,0.0,40330.87,191514.73,NPR
2026-01-09,ACC0000001988,284763.95,0.0,0.0,284763.95,NPR
2026-01-09,ACC0000001989,230708.33,6269.82,0.0,236978.15,NPR
2026-01-09,ACC0000001990,85865.87,0.0,0.0,85865.87,NPR
2026-01-09,ACC0000001991,65172.78,32425.3,52847.98,44750.1,NPR
2026-01-09,ACC0000001992,313116.54,0.0,51780.32,261336.22,NPR
2026-01-09,ACC0000001993,262766.81,0.0,0.0,262766.81,NPR
2026-01-09,ACC0000001994,238710.02,0.0,51795.08,186914.94,NPR
2026-01-09,ACC0000001995,187341.59,0.0,0.0,187341.59,NPR
2026-01-09,ACC0000001996,229596.66,0.0,0.0,229596.66,NPR
2026-01-09,ACC0000001997,85266.68,9662.56,46489.97,48439.27,NPR
2026-01-09,ACC0000001998,491523.97,0.0,38690.33,452833.64,NPR
2026-01-09,ACC0000001999,190664.49,29097.86,142582.03,77180.32,NPR
2026-01-09,ACC0000002000,294201.63,0.0,30181.13,264020.5,NPR
2026-01-09,ACC0000002001,472354.52,83347.58,36535.87,519166.23,NPR
2026-01-09,ACC0000002002,389621.37,0.0,0.0,389621.37,NPR
2026-01-09,ACC0000002003,307655.61,0.0,0.0,307655.61,NPR
2026-01-09,ACC0000002004,111959.38,0.0,72947.87,39011.51,NPR
2026-01-09,ACC0000002005,268783.6,0.0,45751.66,223031.94,NPR
2026-01-09,ACC0000002006,396358.43,0.0,128355.09,268003.34,NPR
2026-01-09,ACC0000002007,21284.42,0.0,0.0,21284.42,NPR
2026-01-09,ACC0000002008,293520.65,0.0,100768.5,192752.15,NPR
2026-01-09,ACC0000002009,328877.9,0.0,0.0,328877.9,NPR
2026-01-09,ACC0000002010,361040.4,0.0,143907.0,217133.4,NPR
2026-01-09,ACC0000002011,467500.1,0.0,84854.15,382645.95,NPR
2026-01-09,ACC0000002012,92977.99,0.0,13629.43,79348.56,NPR
2026-01-09,ACC0000002013,195375.86,23538.77,42406.44,176508.19,NPR
2026-01-09,ACC0000002014,58648.9,76255.48,0.0,134904.38,NPR
2026-01-09,ACC0000002015,373745.75,18827.49,121275.67,271297.57,NPR
2026-01-09,ACC0000002016,386742.76,0.0,122968.84,263773.92,NPR
2026-01-09,ACC0000002017,9737.85,0.0,3850.69,5887.16,NPR
2026-01-09,ACC0000002018,197365.95,0.0,44111.29,153254.66,NPR
2026-01-09,ACC0000002019,142318.68,0.0,0.0,142318.68,NPR
2026-01-09,ACC0000002020,373018.58,49338.53,92745.28,329611.83,NPR
2026-01-09,ACC0000002021,249011.06,0.0,132410.11,116600.95,NPR
2026-01-09,ACC0000002022,136129.69,43768.73,125519.48,54378.94,NPR
2026-01-09,ACC0000002023,23201.22,0.0,0.0,23201.22,NPR
2026-01-09,ACC0000002024,95767.18,26316.44,35835.02,86248.6,NPR
2026-01-09,ACC0000002025,485946.87,0.0,33247.59,452699.28,NPR
2026-01-09,ACC0000002026,130378.37,0.0,0.0,130378.37,NPR
2026-01-09,ACC0000002027,259437.68,31938.54,21641.44,269734.78,NPR
2026-01-09,ACC0000002028,479848.56,0.0,0.0,479848.56,NPR
2026-01-09,ACC0000002029,478340.79,0.0,0.0,478340.79,NPR
2026-01-09,ACC0000002030,77678.16,0.0,56105.62,21572.54,NPR
2026-01-09,ACC0000002031,259567.79,0.0,0.0,259567.79,NPR
2026-01-09,ACC0000002032,303107.08,54928.37,38789.58,319245.87,NPR
2026-01-09,ACC0000002033,163261.5,0.0,106488.77,56772.73,NPR
2026-01-09,ACC0000002034,477966.2,0.0,31197.45,446768.75,NPR
2026-01-09,ACC0000002035,236103.14,169.25,0.0,236272.39,NPR
2026-01-09,ACC0000002036,466713.04,2727.03,131103.28,338336.79,NPR
2026-01-09,ACC0000002037,457564.43,0.0,158440.77,299123.66,NPR
2026-01-09,ACC0000002038,386774.08,0.0,27669.07,359105.01,NPR
2026-01-09,ACC0000002039,348953.75,0.0,67944.37,281009.38,NPR
2026-01-09,ACC0000002040,308527.17,0.0,0.0,308527.17,NPR
2026-01-09,ACC0000002041,169428.09,0.0,49662.87,119765.22,NPR
2026-01-09,ACC0000002042,290652.55,0.0,0.0,290652.55,NPR
2026-01-09,ACC0000002043,42491.18,44800.51,83809.38,3482.31,NPR
2026-01-09,ACC0000002044,318614.38,0.0,122968.23,195646.15,NPR
2026-01-09,ACC0000002045,118431.41,0.0,18387.32,100044.09,NPR
2026-01-09,ACC0000002046,341929.24,0.0,55456.46,286472.78,NPR
2026-01-09,ACC0000002047,246096.44,0.0,103698.03,142398.41,NPR
2026-01-09,ACC0000002048,288221.07,29111.0,115014.41,202317.66,NPR
2026-01-09,ACC0000002049,129818.62,85157.56,120077.4,94898.78,NPR
2026-01-09,ACC0000002050,403328.68,24972.56,67168.33,361132.91,NPR
2026-01-09,ACC0000002051,116778.53,0.0,20622.91,96155.62,NPR
2026-01-09,ACC0000002052,495056.4,44913.25,13449.04,526520.61,NPR
2026-01-09,ACC0000002053,354260.12,106302.26,13660.75,446901.63,NPR
2026-01-09,ACC0000002054,185581.02,0.0,0.0,185581.02,NPR
2026-01-09,ACC0000002055,219837.27,35066.97,19899.5,235004.74,NPR
2026-01-09,ACC0000002056,471377.99,41959.69,22127.31,491210.37,NPR
2026-01-09,ACC0000002057,384477.77,22133.28,1061.21,405549.84,NPR
2026-01-09,ACC0000002058,291865.01,25757.67,46104.22,271518.46,NPR
2026-01-09,ACC0000002059,203296.99,0.0,91162.04,112134.95,NPR
2026-01-09,ACC0000002060,161543.22,0.0,45355.44,116187.78,NPR
2026-01-09,ACC0000002061,444160.71,0.0,0.0,444160.71,NPR
2026-01-09,ACC0000002062,209289.74,0.0,13986.85,195302.89,NPR
2026-01-09,ACC0000002063,245662.93,0.0,48192.5,197470.43,NPR
2026-01-09,ACC0000002064,315807.0,0.0,18997.44,296809.56,NPR
2026-01-09,ACC0000002065,431802.23,0.0,120215.99,311586.24,NPR
2026-01-09,ACC0000002066,359779.64,0.0,60127.89,299651.75,NPR
2026-01-09,ACC0000002067,305276.63,0.0,35342.1,269934.53,NPR
2026-01-09,ACC0000002068,495989.66,8451.87,0.0,504441.53,NPR
2026-01-09,ACC0000002069,81543.19,0.0,91796.8,-10253.61,NPR
2026-01-09,ACC0000002070,203491.86,0.0,91609.04,111882.82,NPR
2026-01-09,ACC0000002071,122769.28,36617.67,82524.9,76862.05,NPR
2026-01-09,ACC0000002072,126210.54,0.0,54329.25,71881.29,NPR
2026-01-09,ACC0000002073,449627.3,0.0,0.0,449627.3,NPR
2026-01-09,ACC0000002074,182096.61,0.0,106913.46,75183.15,NPR
2026-01-09,ACC0000002075,212888.16,48440.34,3075.18,258253.32,NPR
2026-01-09,ACC0000002076,80430.38,0.0,87965.52,-7535.14,NPR
2026-01-09,ACC0000002077,13435.38,46972.68,89552.1,-29144.04,NPR
2026-01-09,ACC0000002078,207538.74,0.0,15719.81,191818.93,NPR
2026-01-09,ACC0000002079,159061.2,0.0,37220.71,121840.49,NPR
2026-01-09,ACC0000002080,325224.12,20408.6,106282.97,239349.75,NPR
2026-01-09,ACC0000002081,423355.13,0.0,164753.25,258601.88,NPR
2026-01-09,ACC0000002082,137589.49,38672.22,80902.27,95359.44,NPR
2026-01-09,ACC0000002083,317388.44,19854.46,45864.25,291378.65,NPR
2026-01-09,ACC0000002084,323730.87,0.0,17586.35,306144.52,NPR
2026-01-09,ACC0000002085,241558.14,71459.45,57395.03,255622.56,NPR
2026-01-09,ACC0000002086,303909.34,34265.77,97574.45,240600.66,NPR
2026-01-09,ACC0000002087,278499.79,0.0,38788.94,239710.85,NPR
2026-01-09,ACC0000002088,273315.94,0.0,50437.87,222878.07,NPR
2026-01-09,ACC0000002089,48849.36,0.0,11598.75,37250.61,NPR
2026-01-09,ACC0000002090,26035.96,0.0,22646.34,3389.62,NPR
2026-01-09,ACC0000002091,447915.92,0.0,20491.51,427424.41,NPR
2026-01-09,ACC0000002092,456838.25,0.0,48352.22,408486.03,NPR
2026-01-09,ACC0000002093,329278.28,0.0,36602.7,292675.58,NPR
2026-01-09,ACC0000002094,393661.29,0.0,85588.88,308072.41,NPR
2026-01-09,ACC0000002095,41890.2,0.0,13347.5,28542.7,NPR
2026-01-09,ACC0000002096,65741.83,65064.55,30946.22,99860.16,NPR
2026-01-09,ACC0000002097,55656.39,0.0,0.0,55656.39,NPR
2026-01-09,ACC0000002098,200459.61,0.0,0.0,200459.61,NPR
2026-01-09,ACC0000002099,277654.61,47328.34,44042.81,280940.14,NPR
2026-01-09,ACC0000002100,434707.63,0.0,79828.61,354879.02,NPR
2026-01-09,ACC0000002101,438099.16,0.0,31893.85,406205.31,NPR
2026-01-09,ACC0000002102,489762.64,0.0,15883.13,473879.51,NPR
2026-01-09,ACC0000002103,12165.19,28080.57,94199.72,-53953.96,NPR
2026-01-09,ACC0000002104,391353.5,28812.33,0.0,420165.83,NPR
2026-01-09,ACC0000002105,210877.45,0.0,93963.07,116914.38,NPR
2026-01-09,ACC0000002106,128671.48,37663.35,21411.54,144923.29,NPR
2026-01-09,ACC0000002107,418027.46,46374.72,2981.07,461421.11,NPR
2026-01-09,ACC0000002108,419847.4,0.0,33569.81,386277.59,NPR
2026-01-09,ACC0000002109,212726.42,0.0,0.0,212726.42,NPR
2026-01-09,ACC0000002110,148125.45,0.0,49745.07,98380.38,NPR
2026-01-09,ACC0000002111,25506.9,45274.03,39230.55,31550.38,NPR
2026-01-09,ACC0000002112,425510.01,40331.93,27312.58,438529.36,NPR
2026-01-09,ACC0000002113,312560.1,18289.21,82727.5,248121.81,NPR
2026-01-09,ACC0000002114,149516.54,0.0,0.0,149516.54,NPR
2026-01-09,ACC0000002115,288020.05,0.0,0.0,288020.05,NPR
2026-01-09,ACC0000002116,270179.27,0.0,137985.1,132194.17,NPR
2026-01-09,ACC0000002117,68611.12,0.0,0.0,68611.12,NPR
2026-01-09,ACC0000002118,351124.13,0.0,53654.11,297470.02,NPR
2026-01-09,ACC0000002119,155606.56,68090.05,51069.14,172627.47,NPR
2026-01-09,ACC0000002120,334881.58,0.0,27973.42,306908.16,NPR
2026-01-09,ACC0000002121,261561.47,11062.46,48619.25,224004.68,NPR
2026-01-09,ACC0000002122,382400.04,0.0,52417.59,329982.45,NPR
2026-01-09,ACC0000002123,346647.23,0.0,0.0,346647.23,NPR
2026-01-09,ACC0000002124,35790.0,0.0,66771.62,-30981.62,NPR
2026-01-09,ACC0000002125,26723.35,0.0,0.0,26723.35,NPR
2026-01-09,ACC0000002126,351394.49,14244.16,121956.69,243681.96,NPR
2026-01-09,ACC0000002127,11089.14,39192.15,0.0,50281.29,NPR
2026-01-09,ACC0000002128,275822.18,0.0,35674.9,240147.28,NPR
2026-01-09,ACC0000002129,399708.05,0.0,28575.76,371132.29,NPR
2026-01-09,ACC0000002130,468975.36,0.0,21683.21,447292.15,NPR
2026-01-09,ACC0000002131,56564.77,46698.56,46733.73,56529.6,NPR
2026-01-09,ACC0000002132,352915.98,0.0,0.0,352915.98,NPR
2026-01-09,ACC0000002133,451703.89,0.0,0.0,451703.89,NPR
2026-01-09,ACC0000002134,407690.47,0.0,0.0,407690.47,NPR
2026-01-09,ACC0000002135,185350.15,0.0,0.0,185350.15,NPR
2026-01-09,ACC0000002136,182646.74,35226.83,29269.42,188604.15,NPR
2026-01-09,ACC0000002137,461327.92,0.0,90133.09,371194.83,NPR
2026-01-09,ACC0000002138,414804.28,0.0,79782.47,335021.81,NPR
2026-01-09,ACC0000002139,49609.38,0.0,13067.33,36542.05,NPR
2026-01-09,ACC0000002140,147886.6,49481.36,80266.7,117101.26,NPR
2026-01-09,ACC0000002141,462583.02,0.0,3526.16,459056.86,NPR
2026-01-09,ACC0000002142,200572.91,15533.08,52953.13,163152.86,NPR
2026-01-09,ACC0000002143,162323.59,70163.87,4984.19,227503.27,NPR
2026-01-09,ACC0000002144,131478.42,0.0,52741.56,78736.86,NPR
2026-01-09,ACC0000002145,442290.1,8336.02,24600.01,426026.11,NPR
2026-01-09,ACC0000002146,171822.49,34946.23,19988.23,186780.49,NPR
2026-01-09,ACC0000002147,20169.74,0.0,0.0,20169.74,NPR
2026-01-09,ACC0000002148,283816.55,31567.86,43387.91,271996.5,NPR
2026-01-09,ACC0000002149,184529.76,0.0,37508.4,147021.36,NPR
2026-01-09,ACC0000002150,397712.57,0.0,0.0,397712.57,NPR
2026-01-09,ACC0000002151,384751.11,0.0,13006.54,371744.57,NPR
2026-01-09,ACC0000002152,325159.18,4557.67,18334.7,311382.15,NPR
2026-01-09,ACC0000002153,158962.32,0.0,138709.25,20253.07,NPR
2026-01-09,ACC0000002154,314817.82,14379.8,58625.58,270572.04,NPR
2026-01-09,ACC0000002155,272880.48,0.0,150732.14,122148.34,NPR
2026-01-09,ACC0000002156,71404.78,0.0,62590.36,8814.42,NPR
2026-01-09,ACC0000002157,212375.16,2924.97,55959.04,159341.09,NPR
2026-01-09,ACC0000002158,499487.95,0.0,29904.55,469583.4,NPR
2026-01-09,ACC0000002159,167751.83,36622.21,184373.38,20000.66,NPR
2026-01-09,ACC0000002160,428974.95,11371.39,0.0,440346.34,NPR
2026-01-09,ACC0000002161,210382.56,0.0,0.0,210382.56,NPR
2026-01-09,ACC0000002162,315484.59,30386.52,10551.44,335319.67,NPR
2026-01-09,ACC0000002163,436528.93,0.0,71907.63,364621.3,NPR
2026-01-09,ACC0000002164,441144.44,0.0,34473.44,406671.0,NPR
2026-01-09,ACC0000002165,293156.29,36423.5,55360.13,274219.66,NPR
2026-01-09,ACC0000002166,153510.0,0.0,0.0,153510.0,NPR
2026-01-09,ACC0000002167,430780.91,46477.95,45668.98,431589.88,NPR
2026-01-09,ACC0000002168,284336.18,0.0,60546.9,223789.28,NPR
2026-01-09,ACC0000002169,84884.95,25944.43,63764.04,47065.34,NPR
2026-01-09,ACC0000002170,228704.42,0.0,0.0,228704.42,NPR
2026-01-09,ACC0000002171,91208.85,2367.76,52868.86,40707.75,NPR
2026-01-09,ACC0000002172,234319.59,30678.42,82759.1,182238.91,NPR
2026-01-09,ACC0000002173,499315.39,0.0,0.0,499315.39,NPR
2026-01-09,ACC0000002174,108097.43,1038.99,22836.55,86299.87,NPR
2026-01-09,ACC0000002175,337394.39,0.0,28136.4,309257.99,NPR
2026-01-09,ACC0000002176,253748.79,2885.6,60390.42,196243.97,NPR
2026-01-09,ACC0000002177,288013.86,0.0,24751.76,263262.1,NPR
2026-01-09,ACC0000002178,468135.87,0.0,47799.93,420335.94,NPR
2026-01-09,ACC0000002179,63645.66,0.0,28270.57,35375.09,NPR
2026-01-09,ACC0000002180,207295.58,0.0,0.0,207295.58,NPR
2026-01-09,ACC0000002181,300736.34,0.0,20664.01,280072.33,NPR
2026-01-09,ACC0000002182,389457.12,41432.36,28779.09,402110.39,NPR
2026-01-09,ACC0000002183,290981.84,21047.78,42330.25,269699.37,NPR
2026-01-09,ACC0000002184,439481.94,8113.46,20537.32,427058.08,NPR
2026-01-09,ACC0000002185,142306.27,0.0,0.0,142306.27,NPR
2026-01-09,ACC0000002186,129393.01,7945.15,14778.67,122559.49,NPR
2026-01-09,ACC0000002187,262647.11,0.0,68727.67,193919.44,NPR
2026-01-09,ACC0000002188,391088.31,0.0,84763.63,306324.68,NPR
2026-01-09,ACC0000002189,33719.69,42194.52,78250.12,-2335.91,NPR
2026-01-09,ACC0000002190,452009.19,36094.46,72313.03,415790.62,NPR
2026-01-09,ACC0000002191,150221.37,0.0,4837.33,145384.04,NPR
2026-01-09,ACC0000002192,444538.0,0.0,91569.86,352968.14,NPR
2026-01-09,ACC0000002193,207088.87,37525.0,35715.61,208898.26,NPR
2026-01-09,ACC0000002194,243527.65,0.0,0.0,243527.65,NPR
2026-01-09,ACC0000002195,80735.75,0.0,19873.29,60862.46,NPR
2026-01-09,ACC0000002196,484467.01,23625.19,339.35,507752.85,NPR
2026-01-09,ACC0000002197,240801.69,12972.96,0.0,253774.65,NPR
2026-01-09,ACC0000002198,97829.11,0.0,0.0,97829.11,NPR
2026-01-09,ACC0000002199,123648.2,47496.43,38548.04,132596.59,NPR
2026-01-09,ACC0000002200,342178.97,0.0,0.0,342178.97,NPR
2026-01-09,ACC0000002201,120100.37,0.0,92734.4,27365.97,NPR
2026-01-09,ACC0000002202,474163.64,0.0,159193.74,314969.9,NPR
2026-01-09,ACC0000002203,60753.71,48552.82,9475.42,99831.11,NPR
2026-01-09,ACC0000002204,423163.47,0.0,8657.87,414505.6,NPR
2026-01-09,ACC0000002205,160914.78,46270.6,0.0,207185.38,NPR
2026-01-09,ACC0000002206,230632.21,0.0,64438.84,166193.37,NPR
2026-01-09,ACC0000002207,479496.68,54170.14,212283.4,321383.42,NPR
2026-01-09,ACC0000002208,108771.36,20160.89,42708.29,86223.96,NPR
2026-01-09,ACC0000002209,27809.9,8539.8,8275.42,28074.28,NPR
2026-01-09,ACC0000002210,176863.86,40354.3,113077.89,104140.27,NPR
2026-01-09,ACC0000002211,454513.41,0.0,80244.29,374269.12,NPR
2026-01-09,ACC0000002212,28688.01,36477.76,119757.75,-54591.98,NPR
2026-01-09,ACC0000002213,124500.77,0.0,64701.22,59799.55,NPR
2026-01-09,ACC0000002214,346896.69,65726.72,0.0,412623.41,NPR
2026-01-09,ACC0000002215,301853.32,0.0,29060.6,272792.72,NPR
2026-01-09,ACC0000002216,286756.09,0.0,0.0,286756.09,NPR
2026-01-09,ACC0000002217,156654.93,0.0,22554.68,134100.25,NPR
2026-01-09,ACC0000002218,252471.62,18156.89,70800.86,199827.65,NPR
2026-01-09,ACC0000002219,103167.79,0.0,0.0,103167.79,NPR
2026-01-09,ACC0000002220,484696.39,14739.4,128234.25,371201.54,NPR
2026-01-09,ACC0000002221,235437.36,13565.63,18583.32,230419.67,NPR
2026-01-09,ACC0000002222,388663.36,33994.76,12702.75,409955.37,NPR
2026-01-09,ACC0000002223,401878.03,0.0,0.0,401878.03,NPR
2026-01-09,ACC0000002224,41398.88,0.0,43681.59,-2282.71,NPR
2026-01-09,ACC0000002225,417753.19,42377.63,95896.08,364234.74,NPR
2026-01-09,ACC0000002226,100081.28,0.0,34647.13,65434.15,NPR
2026-01-09,ACC0000002227,255020.37,0.0,144788.9,110231.47,NPR
2026-01-09,ACC0000002228,208729.81,0.0,10647.4,198082.41,NPR
2026-01-09,ACC0000002229,24548.35,39057.88,83245.82,-19639.59,NPR
2026-01-09,ACC0000002230,444648.83,0.0,90000.63,354648.2,NPR
2026-01-09,ACC0000002231,349708.43,22236.33,159672.51,212272.25,NPR
2026-01-09,ACC0000002232,377834.39,0.0,16928.09,360906.3,NPR
2026-01-09,ACC0000002233,321377.57,36514.44,0.0,357892.01,NPR
2026-01-09,ACC0000002234,427556.03,0.0,0.0,427556.03,NPR
2026-01-09,ACC0000002235,287374.93,0.0,10311.38,277063.55,NPR
2026-01-09,ACC0000002236,491881.78,0.0,31771.89,460109.89,NPR
2026-01-09,ACC0000002237,136918.84,20429.46,0.0,157348.3,NPR
2026-01-09,ACC0000002238,350196.81,15432.63,5252.45,360376.99,NPR
2026-01-09,ACC0000002239,164960.24,27209.45,69748.4,122421.29,NPR
2026-01-09,ACC0000002240,190647.01,0.0,0.0,190647.01,NPR
2026-01-09,ACC0000002241,185185.3,16749.18,67531.81,134402.67,NPR
2026-01-09,ACC0000002242,265415.99,0.0,91708.53,173707.46,NPR
2026-01-09,ACC0000002243,38191.03,0.0,0.0,38191.03,NPR
2026-01-09,ACC0000002244,275131.46,0.0,58821.03,216310.43,NPR
2026-01-09,ACC0000002245,79359.21,0.0,97106.46,-17747.25,NPR
2026-01-09,ACC0000002246,490595.05,0.0,0.0,490595.05,NPR
2026-01-09,ACC0000002247,223566.11,0.0,76762.71,146803.4,NPR
2026-01-09,ACC0000002248,417115.72,27749.95,84288.06,360577.61,NPR
2026-01-09,ACC0000002249,28501.5,0.0,17259.88,11241.62,NPR
2026-01-09,ACC0000002250,472028.93,23045.12,42117.95,452956.1,NPR
2026-01-09,ACC0000002251,433731.4,30087.33,0.0,463818.73,NPR
2026-01-09,ACC0000002252,396146.53,54307.84,50178.91,400275.46,NPR
2026-01-09,ACC0000002253,37743.12,22740.07,6237.56,54245.63,NPR
2026-01-09,ACC0000002254,73581.27,0.0,0.0,73581.27,NPR
2026-01-09,ACC0000002255,203468.55,0.0,0.0,203468.55,NPR
2026-01-09,ACC0000002256,455147.75,57914.45,21244.99,491817.21,NPR
2026-01-09,ACC0000002257,156628.81,0.0,50372.55,106256.26,NPR
2026-01-09,ACC0000002258,38582.05,0.0,65668.34,-27086.29,NPR
2026-01-09,ACC0000002259,187072.29,0.0,79531.88,107540.41,NPR
2026-01-09,ACC0000002260,488120.13,18185.84,113054.21,393251.76,NPR
2026-01-09,ACC0000002261,394824.39,4843.33,92380.44,307287.28,NPR
2026-01-09,ACC0000002262,33546.93,0.0,23201.29,10345.64,NPR
2026-01-09,ACC0000002263,172958.32,0.0,135483.77,37474.55,NPR
2026-01-09,ACC0000002264,159498.98,11026.67,80166.6,90359.05,NPR
2026-01-09,ACC0000002265,177983.73,56331.2,185896.33,48418.6,NPR
2026-01-09,ACC0000002266,196581.16,0.0,0.0,196581.16,NPR
2026-01-09,ACC0000002267,351858.47,46287.8,0.0,398146.27,NPR
2026-01-09,ACC0000002268,194750.01,38826.3,52381.55,181194.76,NPR
2026-01-09,ACC0000002269,125428.26,49280.01,77266.73,97441.54,NPR
2026-01-09,ACC0000002270,257283.89,0.0,0.0,257283.89,NPR
2026-01-09,ACC0000002271,386836.14,0.0,33509.7,353326.44,NPR
2026-01-09,ACC0000002272,242774.58,0.0,0.0,242774.58,NPR
2026-01-09,ACC0000002273,453148.07,0.0,0.0,453148.07,NPR
2026-01-09,ACC0000002274,199654.14,0.0,48863.96,150790.18,NPR
2026-01-09,ACC0000002275,300850.62,0.0,51703.54,249147.08,NPR
2026-01-09,ACC0000002276,322601.12,0.0,0.0,322601.12,NPR
2026-01-09,ACC0000002277,137070.61,0.0,0.0,137070.61,NPR
2026-01-09,ACC0000002278,68462.45,40439.26,160531.88,-51630.17,NPR
2026-01-09,ACC0000002279,368875.51,0.0,47387.57,321487.94,NPR
2026-01-09,ACC0000002280,296027.76,4558.81,89041.11,211545.46,NPR
2026-01-09,ACC0000002281,342416.55,0.0,72549.68,269866.87,NPR
2026-01-09,ACC0000002282,243991.63,0.0,0.0,243991.63,NPR
2026-01-09,ACC0000002283,263079.16,3057.66,78936.62,187200.2,NPR
2026-01-09,ACC0000002284,132221.3,0.0,51377.19,80844.11,NPR
2026-01-09,ACC0000002285,94057.45,0.0,0.0,94057.45,NPR
2026-01-09,ACC0000002286,493675.34,0.0,151413.03,342262.31,NPR
2026-01-09,ACC0000002287,375080.64,0.0,91595.29,283485.35,NPR
2026-01-09,ACC0000002288,318908.57,0.0,0.0,318908.57,NPR
2026-01-09,ACC0000002289,287965.41,44255.67,84243.23,247977.85,NPR
2026-01-09,ACC0000002290,151589.7,0.0,49727.13,101862.57,NPR
2026-01-09,ACC0000002291,402268.86,43937.03,60362.69,385843.2,NPR
2026-01-09,ACC0000002292,219873.34,47473.13,103598.91,163747.56,NPR
2026-01-09,ACC0000002293,286138.74,61592.7,0.0,347731.44,NPR
2026-01-09,ACC0000002294,206262.47,0.0,97836.84,108425.63,NPR
2026-01-09,ACC0000002295,34559.25,0.0,43468.28,-8909.03,NPR
2026-01-09,ACC0000002296,311568.78,0.0,7185.26,304383.52,NPR
2026-01-09,ACC0000002297,330500.32,0.0,126593.75,203906.57,NPR
2026-01-09,ACC0000002298,64284.21,0.0,79824.02,-15539.81,NPR
2026-01-09,ACC0000002299,106834.55,0.0,0.0,106834.55,NPR
2026-01-09,ACC0000002300,235672.17,46028.18,3199.23,278501.12,NPR
2026-01-09,ACC0000002301,248023.95,0.0,0.0,248023.95,NPR
2026-01-09,ACC0000002302,372884.22,0.0,53392.52,319491.7,NPR
2026-01-09,ACC0000002303,431909.21,0.0,0.0,431909.21,NPR
2026-01-09,ACC0000002304,177436.8,0.0,71766.92,105669.88,NPR
2026-01-09,ACC0000002305,41665.22,33728.96,86471.79,-11077.61,NPR
2026-01-09,ACC0000002306,70786.53,0.0,77674.8,-6888.27,NPR
2026-01-09,ACC0000002307,147294.98,0.0,28874.48,118420.5,NPR
2026-01-09,ACC0000002308,49080.73,9772.48,54966.64,3886.57,NPR
2026-01-09,ACC0000002309,439925.14,0.0,0.0,439925.14,NPR
2026-01-09,ACC0000002310,193982.64,18181.5,0.0,212164.14,NPR
2026-01-09,ACC0000002311,449454.6,0.0,35189.78,414264.82,NPR
2026-01-09,ACC0000002312,311231.59,0.0,42784.73,268446.86,NPR
2026-01-09,ACC0000002313,357916.44,0.0,70720.92,287195.52,NPR
2026-01-09,ACC0000002314,42236.13,0.0,31343.02,10893.11,NPR
2026-01-09,ACC0000002315,253804.97,0.0,0.0,253804.97,NPR
2026-01-09,ACC0000002316,496700.47,0.0,117455.17,379245.3,NPR
2026-01-09,ACC0000002317,145900.39,0.0,0.0,145900.39,NPR
2026-01-09,ACC0000002318,400833.22,0.0,0.0,400833.22,NPR
2026-01-09,ACC0000002319,76511.34,44603.44,52015.94,69098.84,NPR
2026-01-09,ACC0000002320,483687.26,0.0,90266.43,393420.83,NPR
2026-01-09,ACC0000002321,202226.28,0.0,62337.12,139889.16,NPR
2026-01-09,ACC0000002322,9423.46,0.0,25185.97,-15762.51,NPR
2026-01-09,ACC0000002323,231381.64,15778.31,153714.46,93445.49,NPR
2026-01-09,ACC0000002324,85397.69,0.0,0.0,85397.69,NPR
2026-01-09,ACC0000002325,178271.85,21625.31,6232.83,193664.33,NPR
2026-01-09,ACC0000002326,358833.18,0.0,0.0,358833.18,NPR
2026-01-09,ACC0000002327,359979.21,0.0,43575.29,316403.92,NPR
2026-01-09,ACC0000002328,333161.06,7807.42,26149.37,314819.11,NPR
2026-01-09,ACC0000002329,114544.82,0.0,76036.73,38508.09,NPR
2026-01-09,ACC0000002330,444960.09,0.0,115422.59,329537.5,NPR
2026-01-09,ACC0000002331,109345.08,15275.94,75103.02,49518.0,NPR
2026-01-09,ACC0000002332,314303.08,19495.34,49912.64,283885.78,NPR
2026-01-09,ACC0000002333,337419.32,0.0,0.0,337419.32,NPR
2026-01-09,ACC0000002334,86160.17,18819.2,64346.71,40632.66,NPR
2026-01-09,ACC0000002335,400609.09,0.0,84833.3,315775.79,NPR
2026-01-09,ACC0000002336,322961.08,0.0,91689.32,231271.76,NPR
2026-01-09,ACC0000002337,79352.08,0.0,0.0,79352.08,NPR
2026-01-09,ACC0000002338,100502.52,0.0,35983.21,64519.31,NPR
2026-01-09,ACC0000002339,289561.04,103381.04,143248.17,249693.91,NPR
2026-01-09,ACC0000002340,400386.93,0.0,45181.79,355205.14,NPR
2026-01-09,ACC0000002341,217392.52,8032.89,55512.68,169912.73,NPR
2026-01-09,ACC0000002342,370949.65,0.0,316.99,370632.66,NPR
2026-01-09,ACC0000002343,196768.1,21125.45,88185.77,129707.78,NPR
2026-01-09,ACC0000002344,112049.2,0.0,132376.35,-20327.15,NPR
2026-01-09,ACC0000002345,290135.12,0.0,61811.77,228323.35,NPR
2026-01-09,ACC0000002346,86356.72,0.0,38534.22,47822.5,NPR
2026-01-09,ACC0000002347,308628.44,0.0,100122.68,208505.76,NPR
2026-01-09,ACC0000002348,311999.4,0.0,1097.64,310901.76,NPR
2026-01-09,ACC0000002349,105072.58,25347.83,84990.26,45430.15,NPR
2026-01-09,ACC0000002350,139391.85,35326.63,4652.16,170066.32,NPR
2026-01-09,ACC0000002351,106562.71,0.0,36421.24,70141.47,NPR
2026-01-09,ACC0000002352,472132.69,0.0,95220.01,376912.68,NPR
2026-01-09,ACC0000002353,166405.76,0.0,153334.31,13071.45,NPR
2026-01-09,ACC0000002354,367136.67,0.0,142930.82,224205.85,NPR
2026-01-09,ACC0000002355,30322.3,31365.56,7738.46,53949.4,NPR
2026-01-09,ACC0000002356,374711.71,0.0,0.0,374711.71,NPR
2026-01-09,ACC0000002357,204867.49,0.0,44249.33,160618.16,NPR
2026-01-09,ACC0000002358,4840.25,0.0,70797.24,-65956.99,NPR
2026-01-09,ACC0000002359,276544.11,0.0,43529.17,233014.94,NPR
2026-01-09,ACC0000002360,397509.74,22232.84,88313.99,331428.59,NPR
2026-01-09,ACC0000002361,44883.41,0.0,35852.67,9030.74,NPR
2026-01-09,ACC0000002362,483889.24,4593.85,48440.29,440042.8,NPR
2026-01-09,ACC0000002363,122440.36,18064.13,29585.66,110918.83,NPR
2026-01-09,ACC0000002364,86924.16,0.0,59970.95,26953.21,NPR
2026-01-09,ACC0000002365,391409.44,7366.76,25573.68,373202.52,NPR
2026-01-09,ACC0000002366,406331.36,47264.21,31659.49,421936.08,NPR
2026-01-09,ACC0000002367,342269.66,0.0,0.0,342269.66,NPR
2026-01-09,ACC0000002368,198308.81,27991.43,9241.86,217058.38,NPR
2026-01-09,ACC0000002369,274544.39,43167.77,44740.3,272971.86,NPR
2026-01-09,ACC0000002370,473301.08,0.0,0.0,473301.08,NPR
2026-01-09,ACC0000002371,312315.4,28749.16,73530.77,267533.79,NPR
2026-01-09,ACC0000002372,160272.76,0.0,0.0,160272.76,NPR
2026-01-09,ACC0000002373,163800.97,43526.87,46058.37,161269.47,NPR
2026-01-09,ACC0000002374,442452.4,0.0,47467.58,394984.82,NPR
2026-01-09,ACC0000002375,47452.53,55763.47,10007.55,93208.45,NPR
2026-01-09,ACC0000002376,30644.65,0.0,89469.12,-58824.47,NPR
2026-01-09,ACC0000002377,340056.67,30508.94,1253.51,369312.1,NPR
2026-01-09,ACC0000002378,427446.76,29447.41,0.0,456894.17,NPR
2026-01-09,ACC0000002379,499597.45,0.0,22940.27,476657.18,NPR
2026-01-09,ACC0000002380,483003.47,0.0,0.0,483003.47,NPR
2026-01-09,ACC0000002381,79222.84,44296.62,101013.79,22505.67,NPR
2026-01-09,ACC0000002382,338751.01,0.0,0.0,338751.01,NPR
2026-01-09,ACC0000002383,449343.77,6165.86,79812.8,375696.83,NPR
2026-01-09,ACC0000002384,282183.56,6985.02,158410.7,130757.88,NPR
2026-01-09,ACC0000002385,405742.31,0.0,43376.44,362365.87,NPR
2026-01-09,ACC0000002386,481767.89,8786.92,98773.8,391781.01,NPR
2026-01-09,ACC0000002387,372493.77,38829.14,47950.02,363372.89,NPR
2026-01-09,ACC0000002388,251219.58,0.0,80553.34,170666.24,NPR
2026-01-09,ACC0000002389,458586.55,0.0,0.0,458586.55,NPR
2026-01-09,ACC0000002390,412020.04,13825.74,0.0,425845.78,NPR
2026-01-09,ACC0000002391,3868.7,0.0,0.0,3868.7,NPR
2026-01-09,ACC0000002392,76033.88,0.0,31648.58,44385.3,NPR
2026-01-09,ACC0000002393,69890.78,0.0,10462.43,59428.35,NPR
2026-01-09,ACC0000002394,378883.77,0.0,0.0,378883.77,NPR
2026-01-09,ACC0000002395,36963.66,0.0,143668.69,-106705.03,NPR
2026-01-09,ACC0000002396,340246.5,0.0,17344.48,322902.02,NPR
2026-01-09,ACC0000002397,103532.81,0.0,89576.89,13955.92,NPR
2026-01-09,ACC0000002398,110940.59,0.0,0.0,110940.59,NPR
2026-01-09,ACC0000002399,482257.36,47454.51,0.0,529711.87,NPR
2026-01-09,ACC0000002400,476455.28,75357.74,117815.29,433997.73,NPR
2026-01-09,ACC0000002401,191913.72,0.0,47091.82,144821.9,NPR
2026-01-09,ACC0000002402,396604.28,0.0,79359.78,317244.5,NPR
2026-01-09,ACC0000002403,420728.76,0.0,0.0,420728.76,NPR
2026-01-09,ACC0000002404,121891.12,0.0,111975.79,9915.33,NPR
2026-01-09,ACC0000002405,418298.4,0.0,19649.04,398649.36,NPR
2026-01-09,ACC0000002406,129875.7,0.0,18148.19,111727.51,NPR
2026-01-09,ACC0000002407,78708.55,35300.92,85868.14,28141.33,NPR
2026-01-09,ACC0000002408,368867.74,0.0,89058.32,279809.42,NPR
2026-01-09,ACC0000002409,357528.38,7765.39,119164.31,246129.46,NPR
2026-01-09,ACC0000002410,140759.7,0.0,59410.32,81349.38,NPR
2026-01-09,ACC0000002411,474490.23,0.0,41713.43,432776.8,NPR
2026-01-09,ACC0000002412,275618.13,0.0,44799.04,230819.09,NPR
2026-01-09,ACC0000002413,293323.53,0.0,0.0,293323.53,NPR
2026-01-09,ACC0000002414,207782.11,0.0,6579.62,201202.49,NPR
2026-01-09,ACC0000002415,363817.45,0.0,0.0,363817.45,NPR
2026-01-09,ACC0000002416,90631.55,81440.82,0.0,172072.37,NPR
2026-01-09,ACC0000002417,449558.11,0.0,0.0,449558.11,NPR
2026-01-09,ACC0000002418,297116.66,0.0,22758.75,274357.91,NPR
2026-01-09,ACC0000002419,403818.64,0.0,119864.42,283954.22,NPR
2026-01-09,ACC0000002420,121712.65,0.0,49926.5,71786.15,NPR
2026-01-09,ACC0000002421,300169.97,23594.53,0.0,323764.5,NPR
2026-01-09,ACC0000002422,159932.01,0.0,0.0,159932.01,NPR
2026-01-09,ACC0000002423,472500.29,0.0,13890.64,458609.65,NPR
2026-01-09,ACC0000002424,299035.64,0.0,131658.38,167377.26,NPR
2026-01-09,ACC0000002425,38572.73,0.0,0.0,38572.73,NPR
2026-01-09,ACC0000002426,466696.94,0.0,28830.3,437866.64,NPR
2026-01-09,ACC0000002427,77218.96,0.0,4745.76,72473.2,NPR
2026-01-09,ACC0000002428,345807.29,30585.82,64019.37,312373.74,NPR
2026-01-09,ACC0000002429,465466.46,0.0,0.0,465466.46,NPR
2026-01-09,ACC0000002430,280101.96,0.0,71285.67,208816.29,NPR
2026-01-09,ACC0000002431,92037.63,0.0,0.0,92037.63,NPR
2026-01-09,ACC0000002432,467517.83,0.0,81761.27,385756.56,NPR
2026-01-09,ACC0000002433,161824.45,0.0,0.0,161824.45,NPR
2026-01-09,ACC0000002434,437919.86,46077.84,0.0,483997.7,NPR
2026-01-09,ACC0000002435,8555.44,7115.27,58911.81,-43241.1,NPR
2026-01-09,ACC0000002436,485132.96,37252.44,44404.08,477981.32,NPR
2026-01-09,ACC0000002437,340527.32,11190.79,37711.38,314006.73,NPR
2026-01-09,ACC0000002438,297083.89,0.0,0.0,297083.89,NPR
2026-01-09,ACC0000002439,313907.07,0.0,65284.86,248622.21,NPR
2026-01-09,ACC0000002440,169515.84,0.0,24301.72,145214.12,NPR
2026-01-09,ACC0000002441,380806.09,0.0,64902.81,315903.28,NPR
2026-01-09,ACC0000002442,417566.3,0.0,74526.84,343039.46,NPR
2026-01-09,ACC0000002443,188709.77,0.0,44554.05,144155.72,NPR
2026-01-09,ACC0000002444,254532.66,43039.66,73953.92,223618.4,NPR
2026-01-09,ACC0000002445,402024.72,0.0,0.0,402024.72,NPR
2026-01-09,ACC0000002446,280502.2,38885.91,0.0,319388.11,NPR
2026-01-09,ACC0000002447,491791.05,0.0,0.0,491791.05,NPR
2026-01-09,ACC0000002448,93396.04,0.0,0.0,93396.04,NPR
2026-01-09,ACC0000002449,127645.91,0.0,116799.8,10846.11,NPR
2026-01-09,ACC0000002450,234825.44,0.0,23928.66,210896.78,NPR
2026-01-09,ACC0000002451,295184.45,39335.87,115320.45,219199.87,NPR
2026-01-09,ACC0000002452,106158.85,3726.26,33554.82,76330.29,NPR
2026-01-09,ACC0000002453,445169.66,0.0,1891.42,443278.24,NPR
2026-01-09,ACC0000002454,63058.34,10255.83,33394.71,39919.46,NPR
2026-01-09,ACC0000002455,45094.81,0.0,0.0,45094.81,NPR
2026-01-09,ACC0000002456,90792.19,0.0,117919.83,-27127.64,NPR
2026-01-09,ACC0000002457,222010.05,0.0,73963.65,148046.4,NPR
2026-01-09,ACC0000002458,244608.54,0.0,0.0,244608.54,NPR
2026-01-09,ACC0000002459,202313.37,48411.54,68057.85,182667.06,NPR
2026-01-09,ACC0000002460,176289.54,52256.76,26264.04,202282.26,NPR
2026-01-09,ACC0000002461,481299.68,0.0,32625.47,448674.21,NPR
2026-01-09,ACC0000002462,113273.41,10953.4,30791.21,93435.6,NPR
2026-01-09,ACC0000002463,301554.06,0.0,35767.27,265786.79,NPR
2026-01-09,ACC0000002464,306585.5,0.0,38683.4,267902.1,NPR
2026-01-09,ACC0000002465,29331.24,0.0,0.0,29331.24,NPR
2026-01-09,ACC0000002466,396595.41,0.0,52913.02,343682.39,NPR
2026-01-09,ACC0000002467,161282.73,0.0,33980.0,127302.73,NPR
2026-01-09,ACC0000002468,170704.66,0.0,46945.28,123759.38,NPR
2026-01-09,ACC0000002469,9426.75,22218.2,91609.56,-59964.61,NPR
2026-01-09,ACC0000002470,202786.53,0.0,0.0,202786.53,NPR
2026-01-09,ACC0000002471,446262.47,76391.25,56787.89,465865.83,NPR
2026-01-09,ACC0000002472,178762.7,0.0,84429.5,94333.2,NPR
2026-01-09,ACC0000002473,487415.15,29792.33,112536.85,404670.63,NPR
2026-01-09,ACC0000002474,294879.61,0.0,53451.71,241427.9,NPR
2026-01-09,ACC0000002475,25012.83,0.0,64664.65,-39651.82,NPR
2026-01-09,ACC0000002476,404228.37,0.0,41421.11,362807.26,NPR
2026-01-09,ACC0000002477,263336.86,42534.12,84722.73,221148.25,NPR
2026-01-09,ACC0000002478,382486.44,0.0,59956.82,322529.62,NPR
2026-01-09,ACC0000002479,18003.66,0.0,0.0,18003.66,NPR
2026-01-09,ACC0000002480,206301.34,0.0,93043.98,113257.36,NPR
2026-01-09,ACC0000002481,52243.42,0.0,0.0,52243.42,NPR
2026-01-09,ACC0000002482,28985.12,22919.96,2092.93,49812.15,NPR
2026-01-09,ACC0000002483,317733.61,0.0,38756.42,278977.19,NPR
2026-01-09,ACC0000002484,200068.61,0.0,57874.57,142194.04,NPR
2026-01-09,ACC0000002485,277353.87,0.0,0.0,277353.87,NPR
2026-01-09,ACC0000002486,343275.79,61366.37,15245.32,389396.84,NPR
2026-01-09,ACC0000002487,424046.41,0.0,118579.21,305467.2,NPR
2026-01-09,ACC0000002488,63050.01,32969.22,57563.38,38455.85,NPR
2026-01-09,ACC0000002489,250507.92,19765.88,88969.31,181304.49,NPR
2026-01-09,ACC0000002490,19516.1,0.0,0.0,19516.1,NPR
2026-01-09,ACC0000002491,266694.71,0.0,0.0,266694.71,NPR
2026-01-09,ACC0000002492,385803.06,6036.66,22236.76,369602.96,NPR
2026-01-09,ACC0000002493,318178.89,32734.9,61279.51,289634.28,NPR
2026-01-09,ACC0000002494,146043.69,0.0,0.0,146043.69,NPR
2026-01-09,ACC0000002495,101703.16,585.79,179502.68,-77213.73,NPR
2026-01-09,ACC0000002496,155727.81,0.0,31423.76,124304.05,NPR
2026-01-09,ACC0000002497,247456.83,0.0,61602.2,185854.63,NPR
2026-01-09,ACC0000002498,412297.37,11697.92,57422.92,366572.37,NPR
2026-01-09,ACC0000002499,158416.43,39403.21,125387.8,72431.84,NPR
2026-01-09,ACC0000002500,490589.57,52122.7,27918.97,514793.3,NPR
2026-01-09,ACC0000002501,58379.12,0.0,41970.52,16408.6,NPR
2026-01-09,ACC0000002502,438095.56,46232.82,63214.55,421113.83,NPR
2026-01-09,ACC0000002503,86893.87,0.0,24244.3,62649.57,NPR
2026-01-09,ACC0000002504,201985.21,70142.03,35664.77,236462.47,NPR
2026-01-09,ACC0000002505,147580.35,0.0,28706.09,118874.26,NPR
2026-01-09,ACC0000002506,64279.91,0.0,101485.24,-37205.33,NPR
2026-01-09,ACC0000002507,255785.67,0.0,0.0,255785.67,NPR
2026-01-09,ACC0000002508,151735.91,0.0,192608.78,-40872.87,NPR
2026-01-09,ACC0000002509,404338.99,25246.32,79221.02,350364.29,NPR
2026-01-09,ACC0000002510,273581.33,0.0,42893.32,230688.01,NPR
2026-01-09,ACC0000002511,205426.04,0.0,37794.36,167631.68,NPR
2026-01-09,ACC0000002512,303979.97,1768.14,0.0,305748.11,NPR
2026-01-09,ACC0000002513,211959.44,0.0,39546.89,172412.55,NPR
2026-01-09,ACC0000002514,75352.51,0.0,4395.45,70957.06,NPR
2026-01-09,ACC0000002515,159744.01,0.0,22470.35,137273.66,NPR
2026-01-09,ACC0000002516,472597.88,0.0,0.0,472597.88,NPR
2026-01-09,ACC0000002517,38901.79,0.0,108366.92,-69465.13,NPR
2026-01-09,ACC0000002518,51275.5,0.0,0.0,51275.5,NPR
2026-01-09,ACC0000002519,3847.2,0.0,0.0,3847.2,NPR
2026-01-09,ACC0000002520,107889.76,0.0,0.0,107889.76,NPR
2026-01-09,ACC0000002521,72866.14,0.0,48118.01,24748.13,NPR
2026-01-09,ACC0000002522,297933.63,0.0,0.0,297933.63,NPR
2026-01-09,ACC0000002523,436060.94,0.0,33832.59,402228.35,NPR
2026-01-09,ACC0000002524,232032.14,0.0,31703.03,200329.11,NPR
2026-01-09,ACC0000002525,277629.34,0.0,39669.9,237959.44,NPR
2026-01-09,ACC0000002526,230326.67,0.0,0.0,230326.67,NPR
2026-01-09,ACC0000002527,156973.59,0.0,53589.78,103383.81,NPR
2026-01-09,ACC0000002528,463311.11,23449.52,44938.05,441822.58,NPR
2026-01-09,ACC0000002529,393345.73,0.0,105397.35,287948.38,NPR
2026-01-09,ACC0000002530,289186.0,9742.23,38142.24,260785.99,NPR
2026-01-09,ACC0000002531,219425.74,14218.86,32902.15,200742.45,NPR
2026-01-09,ACC0000002532,185291.09,65559.25,88377.46,162472.88,NPR
2026-01-09,ACC0000002533,275757.12,37553.73,1538.3,311772.55,NPR
2026-01-09,ACC0000002534,407106.7,43738.39,4057.54,446787.55,NPR
2026-01-09,ACC0000002535,113103.26,30752.33,61158.14,82697.45,NPR
2026-01-09,ACC0000002536,421295.43,0.0,37875.09,383420.34,NPR
2026-01-09,ACC0000002537,135990.73,47136.37,112102.56,71024.54,NPR
2026-01-09,ACC0000002538,263150.73,0.0,31813.41,231337.32,NPR
2026-01-09,ACC0000002539,322565.03,0.0,176362.48,146202.55,NPR
2026-01-09,ACC0000002540,484035.93,38059.85,14619.45,507476.33,NPR
2026-01-09,ACC0000002541,434507.55,0.0,0.0,434507.55,NPR
2026-01-09,ACC0000002542,289441.48,0.0,0.0,289441.48,NPR
2026-01-09,ACC0000002543,62975.44,0.0,92769.34,-29793.9,NPR
2026-01-09,ACC0000002544,395303.38,0.0,128827.62,266475.76,NPR
2026-01-09,ACC0000002545,250485.58,0.0,9033.78,241451.8,NPR
2026-01-09,ACC0000002546,233549.68,0.0,81130.29,152419.39,NPR
2026-01-09,ACC0000002547,360887.52,0.0,78847.54,282039.98,NPR
2026-01-09,ACC0000002548,422249.21,0.0,0.0,422249.21,NPR
2026-01-09,ACC0000002549,363817.55,5357.84,75299.01,293876.38,NPR
2026-01-09,ACC0000002550,208367.58,23650.24,89775.45,142242.37,NPR
2026-01-09,ACC0000002551,351327.41,0.0,87129.84,264197.57,NPR
2026-01-09,ACC0000002552,190925.14,0.0,57298.84,133626.3,NPR
2026-01-09,ACC0000002553,110253.92,3641.41,5015.35,108879.98,NPR
2026-01-09,ACC0000002554,373780.03,0.0,74298.32,299481.71,NPR
2026-01-09,ACC0000002555,153315.29,29160.07,23024.86,159450.5,NPR
2026-01-09,ACC0000002556,140592.01,0.0,2570.06,138021.95,NPR
2026-01-09,ACC0000002557,167558.84,34058.78,0.0,201617.62,NPR
2026-01-09,ACC0000002558,263517.4,27671.02,25155.64,266032.78,NPR
2026-01-09,ACC0000002559,427030.9,0.0,38853.64,388177.26,NPR
2026-01-09,ACC0000002560,423352.24,34413.89,42565.2,415200.93,NPR
2026-01-09,ACC0000002561,120232.77,2521.85,0.0,122754.62,NPR
2026-01-09,ACC0000002562,467126.33,47459.0,37490.51,477094.82,NPR
2026-01-09,ACC0000002563,364339.03,0.0,87430.03,276909.0,NPR
2026-01-09,ACC0000002564,475262.23,23252.84,54462.92,444052.15,NPR
2026-01-09,ACC0000002565,314079.23,71806.43,23843.82,362041.84,NPR
2026-01-09,ACC0000002566,187579.59,0.0,26073.65,161505.94,NPR
2026-01-09,ACC0000002567,240062.77,0.0,85784.18,154278.59,NPR
2026-01-09,ACC0000002568,350701.87,0.0,70439.22,280262.65,NPR
2026-01-09,ACC0000002569,350769.67,21267.85,0.0,372037.52,NPR
2026-01-09,ACC0000002570,12951.33,0.0,16734.98,-3783.65,NPR
2026-01-09,ACC0000002571,167589.28,18875.36,68776.87,117687.77,NPR
2026-01-09,ACC0000002572,147497.6,61126.1,44236.22,164387.48,NPR
2026-01-09,ACC0000002573,413113.78,0.0,121685.33,291428.45,NPR
2026-01-09,ACC0000002574,363932.92,19944.96,46675.68,337202.2,NPR
2026-01-09,ACC0000002575,298928.91,69034.07,94310.52,273652.46,NPR
2026-01-09,ACC0000002576,225203.41,47463.56,60633.71,212033.26,NPR
2026-01-09,ACC0000002577,360034.11,45981.42,47701.09,358314.44,NPR
2026-01-09,ACC0000002578,411639.74,0.0,37139.65,374500.09,NPR
2026-01-09,ACC0000002579,199186.06,102039.29,111215.31,190010.04,NPR
2026-01-09,ACC0000002580,92541.04,0.0,5795.47,86745.57,NPR
2026-01-09,ACC0000002581,361609.44,57238.67,48342.51,370505.6,NPR
2026-01-09,ACC0000002582,174900.14,49800.15,63256.44,161443.85,NPR
2026-01-09,ACC0000002583,269468.08,4124.52,7337.21,266255.39,NPR
2026-01-09,ACC0000002584,196995.89,42421.58,89655.71,149761.76,NPR
2026-01-09,ACC0000002585,239167.26,69084.86,109663.71,198588.41,NPR
2026-01-09,ACC0000002586,88668.64,0.0,0.0,88668.64,NPR
2026-01-09,ACC0000002587,481205.39,0.0,0.0,481205.39,NPR
2026-01-09,ACC0000002588,182164.67,2670.01,36848.65,147986.03,NPR
2026-01-09,ACC0000002589,432642.32,0.0,0.0,432642.32,NPR
2026-01-09,ACC0000002590,93778.89,0.0,82869.73,10909.16,NPR
2026-01-09,ACC0000002591,189070.23,0.0,21839.73,167230.5,NPR
2026-01-09,ACC0000002592,263222.57,0.0,69882.09,193340.48,NPR
2026-01-09,ACC0000002593,330147.33,82436.93,34705.58,377878.68,NPR
2026-01-09,ACC0000002594,15172.6,33298.61,40886.3,7584.91,NPR
2026-01-09,ACC0000002595,91416.27,44948.64,144617.58,-8252.67,NPR
2026-01-09,ACC0000002596,7652.12,0.0,64630.69,-56978.57,NPR
2026-01-09,ACC0000002597,34626.05,0.0,0.0,34626.05,NPR
2026-01-09,ACC0000002598,335204.4,0.0,82566.5,252637.9,NPR
2026-01-09,ACC0000002599,259429.81,0.0,11572.27,247857.54,NPR
2026-01-09,ACC0000002600,388530.13,0.0,154620.08,233910.05,NPR
2026-01-09,ACC0000002601,485826.53,48861.97,26345.52,508342.98,NPR
2026-01-09,ACC0000002602,428823.96,0.0,84078.24,344745.72,NPR
2026-01-09,ACC0000002603,336079.79,0.0,0.0,336079.79,NPR
2026-01-09,ACC0000002604,301016.57,0.0,84739.09,216277.48,NPR
2026-01-09,ACC0000002605,372294.32,77614.21,15311.54,434596.99,NPR
2026-01-09,ACC0000002606,147622.83,0.0,0.0,147622.83,NPR
2026-01-09,ACC0000002607,362969.8,34858.99,11238.47,386590.32,NPR
2026-01-09,ACC0000002608,257042.12,0.0,21502.04,235540.08,NPR
2026-01-09,ACC0000002609,306359.41,15945.17,29554.32,292750.26,NPR
2026-01-09,ACC0000002610,355895.03,13333.21,127807.87,241420.37,NPR
2026-01-09,ACC0000002611,150271.8,0.0,26569.68,123702.12,NPR
2026-01-09,ACC0000002612,365140.8,0.0,40353.56,324787.24,NPR
2026-01-09,ACC0000002613,5756.08,0.0,20218.21,-14462.13,NPR
2026-01-09,ACC0000002614,471239.58,9315.38,115660.0,364894.96,NPR
2026-01-09,ACC0000002615,234682.45,11983.48,98883.02,147782.91,NPR
2026-01-09,ACC0000002616,463554.13,0.0,13381.99,450172.14,NPR
2026-01-09,ACC0000002617,328845.83,103023.12,201.21,431667.74,NPR
2026-01-09,ACC0000002618,34791.76,0.0,0.0,34791.76,NPR
2026-01-09,ACC0000002619,259530.58,0.0,137936.53,121594.05,NPR
2026-01-09,ACC0000002620,468539.33,43034.09,73353.92,438219.5,NPR
2026-01-09,ACC0000002621,416947.18,0.0,18586.94,398360.24,NPR
2026-01-09,ACC0000002622,218523.62,42757.01,0.0,261280.63,NPR
2026-01-09,ACC0000002623,209661.83,0.0,0.0,209661.83,NPR
2026-01-09,ACC0000002624,126976.34,0.0,54577.87,72398.47,NPR
2026-01-09,ACC0000002625,173332.8,0.0,24852.82,148479.98,NPR
2026-01-09,ACC0000002626,211464.49,18767.2,98317.1,131914.59,NPR
2026-01-09,ACC0000002627,270528.91,0.0,0.0,270528.91,NPR
2026-01-09,ACC0000002628,384197.8,0.0,0.0,384197.8,NPR
2026-01-09,ACC0000002629,369644.82,0.0,26667.94,342976.88,NPR
2026-01-09,ACC0000002630,407560.12,48181.87,19193.32,436548.67,NPR
2026-01-09,ACC0000002631,71319.45,0.0,64448.2,6871.25,NPR
2026-01-09,ACC0000002632,345397.54,0.0,85852.72,259544.82,NPR
2026-01-09,ACC0000002633,137216.61,0.0,0.0,137216.61,NPR
2026-01-09,ACC0000002634,92831.6,0.0,0.0,92831.6,NPR
2026-01-09,ACC0000002635,387673.86,0.0,13051.07,374622.79,NPR
2026-01-09,ACC0000002636,154622.52,0.0,7191.74,147430.78,NPR
2026-01-09,ACC0000002637,69357.92,79899.08,61086.54,88170.46,NPR
2026-01-09,ACC0000002638,291172.57,0.0,29416.31,261756.26,NPR
2026-01-09,ACC0000002639,410765.79,0.0,27848.68,382917.11,NPR
2026-01-09,ACC0000002640,29076.59,89009.21,30196.15,87889.65,NPR
2026-01-09,ACC0000002641,74790.96,0.0,44811.21,29979.75,NPR
2026-01-09,ACC0000002642,164960.87,24810.64,54140.96,135630.55,NPR
2026-01-09,ACC0000002643,109386.12,12954.87,48009.63,74331.36,NPR
2026-01-09,ACC0000002644,462962.38,0.0,39508.56,423453.82,NPR
2026-01-09,ACC0000002645,408947.33,0.0,192134.8,216812.53,NPR
2026-01-09,ACC0000002646,370383.64,32290.28,28727.42,373946.5,NPR
2026-01-09,ACC0000002647,99476.22,14234.66,155181.64,-41470.76,NPR
2026-01-09,ACC0000002648,435243.07,0.0,0.0,435243.07,NPR
2026-01-09,ACC0000002649,367647.94,14573.29,24489.24,357731.99,NPR
2026-01-09,ACC0000002650,314638.89,22766.91,76691.51,260714.29,NPR
2026-01-09,ACC0000002651,144437.23,46078.36,68784.51,121731.08,NPR
2026-01-09,ACC0000002652,88260.58,0.0,3512.98,84747.6,NPR
2026-01-09,ACC0000002653,365967.35,0.0,0.0,365967.35,NPR
2026-01-09,ACC0000002654,348910.78,28774.43,38665.64,339019.57,NPR
2026-01-09,ACC0000002655,435123.08,0.0,77063.91,358059.17,NPR
2026-01-09,ACC0000002656,86617.54,0.0,0.0,86617.54,NPR
2026-01-09,ACC0000002657,307745.93,0.0,51725.34,256020.59,NPR
2026-01-09,ACC0000002658,483353.67,0.0,33406.53,449947.14,NPR
2026-01-09,ACC0000002659,298327.87,48273.17,25977.82,320623.22,NPR
2026-01-09,ACC0000002660,116606.69,3645.38,79716.78,40535.29,NPR
2026-01-09,ACC0000002661,244650.0,0.0,105399.07,139250.93,NPR
2026-01-09,ACC0000002662,356621.49,0.0,65708.14,290913.35,NPR
2026-01-09,ACC0000002663,471319.94,0.0,13253.39,458066.55,NPR
2026-01-09,ACC0000002664,467398.11,77288.17,66067.01,478619.27,NPR
2026-01-09,ACC0000002665,477447.11,0.0,7185.51,470261.6,NPR
2026-01-09,ACC0000002666,268922.67,25344.79,104694.78,189572.68,NPR
2026-01-09,ACC0000002667,323123.53,0.0,114097.94,209025.59,NPR
2026-01-09,ACC0000002668,325844.49,45529.93,112561.72,258812.7,NPR
2026-01-09,ACC0000002669,40299.27,29631.71,26360.32,43570.66,NPR
2026-01-09,ACC0000002670,121862.77,0.0,29664.26,92198.51,NPR
2026-01-09,ACC0000002671,51449.6,0.0,54834.2,-3384.6,NPR
2026-01-09,ACC0000002672,159481.22,0.0,46271.74,113209.48,NPR
2026-01-09,ACC0000002673,325460.54,0.0,121028.6,204431.94,NPR
2026-01-09,ACC0000002674,428094.26,2756.57,12581.76,418269.07,NPR
2026-01-09,ACC0000002675,118910.5,0.0,0.0,118910.5,NPR
2026-01-09,ACC0000002676,330148.21,0.0,199421.01,130727.2,NPR
2026-01-09,ACC0000002677,207920.6,38186.97,63638.0,182469.57,NPR
2026-01-09,ACC0000002678,477750.99,0.0,60301.85,417449.14,NPR
2026-01-09,ACC0000002679,483736.3,0.0,0.0,483736.3,NPR
2026-01-09,ACC0000002680,45507.71,0.0,8850.5,36657.21,NPR
2026-01-09,ACC0000002681,414235.33,0.0,40593.93,373641.4,NPR
2026-01-09,ACC0000002682,371038.77,0.0,192566.74,178472.03,NPR
2026-01-09,ACC0000002683,151991.58,0.0,112497.0,39494.58,NPR
2026-01-09,ACC0000002684,266395.51,28852.77,25284.81,269963.47,NPR
2026-01-09,ACC0000002685,321525.77,28149.35,44492.68,305182.44,NPR
2026-01-09,ACC0000002686,94793.11,0.0,127244.09,-32450.98,NPR
2026-01-09,ACC0000002687,27033.54,0.0,0.0,27033.54,NPR
2026-01-09,ACC0000002688,4952.26,0.0,39124.9,-34172.64,NPR
2026-01-09,ACC0000002689,457221.91,0.0,23422.37,433799.54,NPR
2026-01-09,ACC0000002690,276490.35,0.0,0.0,276490.35,NPR
2026-01-09,ACC0000002691,300868.62,0.0,34543.65,266324.97,NPR
2026-01-09,ACC0000002692,315880.62,0.0,0.0,315880.62,NPR
2026-01-09,ACC0000002693,157656.03,0.0,44983.05,112672.98,NPR
2026-01-09,ACC0000002694,20680.73,0.0,40752.04,-20071.31,NPR
2026-01-09,ACC0000002695,137366.21,0.0,0.0,137366.21,NPR
2026-01-09,ACC0000002696,441558.1,0.0,0.0,441558.1,NPR
2026-01-09,ACC0000002697,100178.08,0.0,59917.52,40260.56,NPR
2026-01-09,ACC0000002698,160072.79,58058.09,1805.64,216325.24,NPR
2026-01-09,ACC0000002699,142920.44,0.0,64791.6,78128.84,NPR
2026-01-09,ACC0000002700,233410.46,0.0,0.0,233410.46,NPR
2026-01-09,ACC0000002701,484954.0,23101.71,190939.49,317116.22,NPR
2026-01-09,ACC0000002702,33699.69,0.0,0.0,33699.69,NPR
2026-01-09,ACC0000002703,386116.42,740.61,4309.77,382547.26,NPR
2026-01-09,ACC0000002704,448087.45,0.0,110218.27,337869.18,NPR
2026-01-09,ACC0000002705,180087.68,0.0,106745.6,73342.08,NPR
2026-01-09,ACC0000002706,258233.37,16368.69,55846.67,218755.39,NPR
2026-01-09,ACC0000002707,191681.57,0.0,108972.92,82708.65,NPR
2026-01-09,ACC0000002708,267773.07,46988.41,29593.23,285168.25,NPR
2026-01-09,ACC0000002709,119610.44,0.0,40870.83,78739.61,NPR
2026-01-09,ACC0000002710,21740.62,0.0,0.0,21740.62,NPR
2026-01-09,ACC0000002711,402920.0,49734.29,43438.79,409215.5,NPR
2026-01-09,ACC0000002712,494670.14,0.0,8586.47,486083.67,NPR
2026-01-09,ACC0000002713,157280.95,0.0,11796.49,145484.46,NPR
2026-01-09,ACC0000002714,83822.21,0.0,0.0,83822.21,NPR
2026-01-09,ACC0000002715,382709.19,0.0,94218.02,288491.17,NPR
2026-01-09,ACC0000002716,53430.56,0.0,0.0,53430.56,NPR
2026-01-09,ACC0000002717,35912.94,0.0,105031.57,-69118.63,NPR
2026-01-09,ACC0000002718,340924.92,32763.0,33020.01,340667.91,NPR
2026-01-09,ACC0000002719,339797.42,0.0,12122.04,327675.38,NPR
2026-01-09,ACC0000002720,251165.05,0.0,81453.0,169712.05,NPR
2026-01-09,ACC0000002721,343227.23,46697.9,55240.92,334684.21,NPR
2026-01-09,ACC0000002722,45695.25,0.0,75098.45,-29403.2,NPR
2026-01-09,ACC0000002723,479178.86,0.0,0.0,479178.86,NPR
2026-01-09,ACC0000002724,194634.07,21504.75,16053.12,200085.7,NPR
2026-01-09,ACC0000002725,190050.68,21827.56,55901.57,155976.67,NPR
2026-01-09,ACC0000002726,81359.31,0.0,0.0,81359.31,NPR
2026-01-09,ACC0000002727,183994.72,32282.24,79993.12,136283.84,NPR
2026-01-09,ACC0000002728,165953.33,0.0,33614.82,132338.51,NPR
2026-01-09,ACC0000002729,192452.61,4213.18,19023.68,177642.11,NPR
2026-01-09,ACC0000002730,34908.0,0.0,0.0,34908.0,NPR
2026-01-09,ACC0000002731,362172.4,0.0,0.0,362172.4,NPR
2026-01-09,ACC0000002732,360228.38,0.0,90540.96,269687.42,NPR
2026-01-09,ACC0000002733,127872.13,4420.02,14146.52,118145.63,NPR
2026-01-09,ACC0000002734,387130.11,0.0,32670.38,354459.73,NPR
2026-01-09,ACC0000002735,93046.73,29373.66,0.0,122420.39,NPR
2026-01-09,ACC0000002736,65205.5,0.0,76908.11,-11702.61,NPR
2026-01-09,ACC0000002737,70776.73,13460.48,0.0,84237.21,NPR
2026-01-09,ACC0000002738,435060.41,0.0,37840.64,397219.77,NPR
2026-01-09,ACC0000002739,75775.56,0.0,70465.59,5309.97,NPR
2026-01-09,ACC0000002740,373305.36,0.0,112055.84,261249.52,NPR
2026-01-09,ACC0000002741,224401.55,0.0,0.0,224401.55,NPR
2026-01-09,ACC0000002742,185262.35,52605.1,78281.14,159586.31,NPR
2026-01-09,ACC0000002743,72183.4,0.0,40011.44,32171.96,NPR
2026-01-09,ACC0000002744,80506.4,0.0,25146.92,55359.48,NPR
2026-01-09,ACC0000002745,102526.32,0.0,133377.75,-30851.43,NPR
2026-01-09,ACC0000002746,216314.23,0.0,37362.99,178951.24,NPR
2026-01-09,ACC0000002747,331961.52,29395.61,98749.22,262607.91,NPR
2026-01-09,ACC0000002748,353935.42,0.0,81240.63,272694.79,NPR
2026-01-09,ACC0000002749,348614.05,26082.48,34363.74,340332.79,NPR
2026-01-09,ACC0000002750,399249.95,49426.94,93320.04,355356.85,NPR
2026-01-09,ACC0000002751,478810.38,34702.59,103809.41,409703.56,NPR
2026-01-09,ACC0000002752,294336.56,0.0,28356.88,265979.68,NPR
2026-01-09,ACC0000002753,176715.86,0.0,0.0,176715.86,NPR
2026-01-09,ACC0000002754,334778.23,0.0,123600.77,211177.46,NPR
2026-01-09,ACC0000002755,181542.32,0.0,60937.93,120604.39,NPR
2026-01-09,ACC0000002756,36207.59,0.0,8913.2,27294.39,NPR
2026-01-09,ACC0000002757,356208.4,0.0,95486.57,260721.83,NPR
2026-01-09,ACC0000002758,86236.33,2147.39,4810.65,83573.07,NPR
2026-01-09,ACC0000002759,294074.6,0.0,0.0,294074.6,NPR
2026-01-09,ACC0000002760,181885.89,43023.57,12175.34,212734.12,NPR
2026-01-09,ACC0000002761,254830.64,0.0,51420.96,203409.68,NPR
2026-01-09,ACC0000002762,226323.81,0.0,16668.79,209655.02,NPR
2026-01-09,ACC0000002763,366282.74,0.0,41546.18,324736.56,NPR
2026-01-09,ACC0000002764,466196.27,2953.0,37946.1,431203.17,NPR
2026-01-09,ACC0000002765,485300.96,0.0,0.0,485300.96,NPR
2026-01-09,ACC0000002766,40949.81,0.0,22770.98,18178.83,NPR
2026-01-09,ACC0000002767,126822.7,0.0,51320.25,75502.45,NPR
2026-01-09,ACC0000002768,427303.65,0.0,0.0,427303.65,NPR
2026-01-09,ACC0000002769,246962.08,0.0,0.0,246962.08,NPR
2026-01-09,ACC0000002770,128595.54,0.0,0.0,128595.54,NPR
2026-01-09,ACC0000002771,118948.67,0.0,9063.15,109885.52,NPR
2026-01-09,ACC0000002772,260109.69,0.0,0.0,260109.69,NPR
2026-01-09,ACC0000002773,169429.23,88218.06,64214.29,193433.0,NPR
2026-01-09,ACC0000002774,363363.2,0.0,20577.32,342785.88,NPR
2026-01-09,ACC0000002775,267364.84,0.0,0.0,267364.84,NPR
2026-01-09,ACC0000002776,256233.12,0.0,182774.24,73458.88,NPR
2026-01-09,ACC0000002777,91387.94,21897.52,6541.54,106743.92,NPR
2026-01-09,ACC0000002778,140520.31,4466.94,88746.76,56240.49,NPR
2026-01-09,ACC0000002779,50742.64,40859.56,62145.19,29457.01,NPR
2026-01-09,ACC0000002780,73179.73,0.0,92233.59,-19053.86,NPR
2026-01-09,ACC0000002781,186430.55,0.0,26464.95,159965.6,NPR
2026-01-09,ACC0000002782,133480.59,0.0,105848.03,27632.56,NPR
2026-01-09,ACC0000002783,477993.31,94958.1,9481.75,563469.66,NPR
2026-01-09,ACC0000002784,95055.27,0.0,0.0,95055.27,NPR
2026-01-09,ACC0000002785,485889.11,89747.57,58928.6,516708.08,NPR
2026-01-09,ACC0000002786,63387.35,13930.34,0.0,77317.69,NPR
2026-01-09,ACC0000002787,301357.74,21547.3,16525.39,306379.65,NPR
2026-01-09,ACC0000002788,81453.94,0.0,0.0,81453.94,NPR
2026-01-09,ACC0000002789,159614.06,0.0,80480.27,79133.79,NPR
2026-01-09,ACC0000002790,328821.54,0.0,65144.77,263676.77,NPR
2026-01-09,ACC0000002791,304980.2,0.0,89709.73,215270.47,NPR
2026-01-09,ACC0000002792,140858.65,0.0,47923.01,92935.64,NPR
2026-01-09,ACC0000002793,351346.92,0.0,47590.86,303756.06,NPR
2026-01-09,ACC0000002794,379473.08,33551.69,112111.99,300912.78,NPR
2026-01-09,ACC0000002795,375943.74,0.0,0.0,375943.74,NPR
2026-01-09,ACC0000002796,301310.52,33641.12,44295.66,290655.98,NPR
2026-01-09,ACC0000002797,212505.33,10139.7,27379.43,195265.6,NPR
2026-01-09,ACC0000002798,97103.39,29470.01,78123.67,48449.73,NPR
2026-01-09,ACC0000002799,359629.0,2335.59,36536.19,325428.4,NPR
2026-01-09,ACC0000002800,1527.38,0.0,0.0,1527.38,NPR
2026-01-09,ACC0000002801,303861.23,0.0,66368.6,237492.63,NPR
2026-01-09,ACC0000002802,111665.16,0.0,0.0,111665.16,NPR
2026-01-09,ACC0000002803,419293.37,66413.74,82204.3,403502.81,NPR
2026-01-09,ACC0000002804,461626.69,0.0,0.0,461626.69,NPR
2026-01-09,ACC0000002805,87495.67,0.0,0.0,87495.67,NPR
2026-01-09,ACC0000002806,355843.05,0.0,128679.25,227163.8,NPR
2026-01-09,ACC0000002807,233084.22,0.0,143507.65,89576.57,NPR
2026-01-09,ACC0000002808,119002.95,25448.99,90581.48,53870.46,NPR
2026-01-09,ACC0000002809,82544.01,571.04,126119.18,-43004.13,NPR
2026-01-09,ACC0000002810,20402.72,0.0,68847.35,-48444.63,NPR
2026-01-09,ACC0000002811,108521.44,0.0,0.0,108521.44,NPR
2026-01-09,ACC0000002812,168583.72,0.0,44252.16,124331.56,NPR
2026-01-09,ACC0000002813,385605.54,0.0,86118.66,299486.88,NPR
2026-01-09,ACC0000002814,264846.6,96980.2,2033.46,359793.34,NPR
2026-01-09,ACC0000002815,386139.99,31354.54,82515.18,334979.35,NPR
2026-01-09,ACC0000002816,156223.97,0.0,17506.18,138717.79,NPR
2026-01-09,ACC0000002817,157574.2,0.0,25501.04,132073.16,NPR
2026-01-09,ACC0000002818,423696.85,0.0,31196.27,392500.58,NPR
2026-01-09,ACC0000002819,325185.33,17006.36,22877.88,319313.81,NPR
2026-01-09,ACC0000002820,462501.54,30457.53,17966.41,474992.66,NPR
2026-01-09,ACC0000002821,348168.16,0.0,0.0,348168.16,NPR
2026-01-09,ACC0000002822,19894.39,0.0,0.0,19894.39,NPR
2026-01-09,ACC0000002823,297014.48,26745.45,0.0,323759.93,NPR
2026-01-09,ACC0000002824,352264.57,35729.18,6378.27,381615.48,NPR
2026-01-09,ACC0000002825,450266.36,37799.79,39028.67,449037.48,NPR
2026-01-09,ACC0000002826,236916.83,0.0,36065.11,200851.72,NPR
2026-01-09,ACC0000002827,361697.24,0.0,26100.55,335596.69,NPR
2026-01-09,ACC0000002828,339138.44,0.0,96226.19,242912.25,NPR
2026-01-09,ACC0000002829,425007.56,0.0,0.0,425007.56,NPR
2026-01-09,ACC0000002830,286178.64,0.0,15148.26,271030.38,NPR
2026-01-09,ACC0000002831,327550.02,103978.13,0.0,431528.15,NPR
2026-01-09,ACC0000002832,394184.73,9702.09,94967.89,308918.93,NPR
2026-01-09,ACC0000002833,156122.46,0.0,27231.58,128890.88,NPR
2026-01-09,ACC0000002834,12143.32,0.0,0.0,12143.32,NPR
2026-01-09,ACC0000002835,85165.64,30247.69,27314.18,88099.15,NPR
2026-01-09,ACC0000002836,173432.03,0.0,53290.79,120141.24,NPR
2026-01-09,ACC0000002837,469161.1,0.0,0.0,469161.1,NPR
2026-01-09,ACC0000002838,310120.4,0.0,0.0,310120.4,NPR
2026-01-09,ACC0000002839,297722.76,0.0,44780.37,252942.39,NPR
2026-01-09,ACC0000002840,116836.04,0.0,0.0,116836.04,NPR
2026-01-09,ACC0000002841,94762.51,48123.52,37108.28,105777.75,NPR
2026-01-09,ACC0000002842,139368.08,0.0,145676.31,-6308.23,NPR
2026-01-09,ACC0000002843,431516.06,0.0,0.0,431516.06,NPR
2026-01-09,ACC0000002844,368537.24,30495.81,55106.82,343926.23,NPR
2026-01-09,ACC0000002845,412661.04,0.0,11739.47,400921.57,NPR
2026-01-09,ACC0000002846,252754.19,0.0,101124.49,151629.7,NPR
2026-01-09,ACC0000002847,444063.79,0.0,42575.72,401488.07,NPR
2026-01-09,ACC0000002848,198432.48,38777.92,152079.78,85130.62,NPR
2026-01-09,ACC0000002849,483184.17,0.0,70867.87,412316.3,NPR
2026-01-09,ACC0000002850,14106.99,42221.2,25147.02,31181.17,NPR
2026-01-09,ACC0000002851,184308.95,0.0,0.0,184308.95,NPR
2026-01-09,ACC0000002852,226602.8,0.0,68426.57,158176.23,NPR
2026-01-09,ACC0000002853,320597.63,0.0,151709.56,168888.07,NPR
2026-01-09,ACC0000002854,135350.98,0.0,0.0,135350.98,NPR
2026-01-09,ACC0000002855,433566.4,0.0,114664.59,318901.81,NPR
2026-01-09,ACC0000002856,393146.61,0.0,169872.24,223274.37,NPR
2026-01-09,ACC0000002857,9957.55,0.0,0.0,9957.55,NPR
2026-01-09,ACC0000002858,30786.75,0.0,143568.89,-112782.14,NPR
2026-01-09,ACC0000002859,219172.18,0.0,0.0,219172.18,NPR
2026-01-09,ACC0000002860,348973.41,0.0,0.0,348973.41,NPR
2026-01-09,ACC0000002861,307314.25,0.0,0.0,307314.25,NPR
2026-01-09,ACC0000002862,148508.14,0.0,10615.98,137892.16,NPR
2026-01-09,ACC0000002863,247488.23,0.0,59312.38,188175.85,NPR
2026-01-09,ACC0000002864,391381.12,0.0,31663.46,359717.66,NPR
2026-01-09,ACC0000002865,137357.16,16450.89,94230.84,59577.21,NPR
2026-01-09,ACC0000002866,216741.3,0.0,38595.59,178145.71,NPR
2026-01-09,ACC0000002867,158523.79,0.0,0.0,158523.79,NPR
2026-01-09,ACC0000002868,415229.05,0.0,25096.8,390132.25,NPR
2026-01-09,ACC0000002869,159144.35,34606.9,90772.95,102978.3,NPR
2026-01-09,ACC0000002870,459270.9,0.0,0.0,459270.9,NPR
2026-01-09,ACC0000002871,490435.92,0.0,0.0,490435.92,NPR
2026-01-09,ACC0000002872,280892.54,0.0,0.0,280892.54,NPR
2026-01-09,ACC0000002873,412581.27,5421.6,54297.25,363705.62,NPR
2026-01-09,ACC0000002874,375579.68,9690.95,76722.2,308548.43,NPR
2026-01-09,ACC0000002875,420055.17,41723.72,34652.4,427126.49,NPR
2026-01-09,ACC0000002876,21103.55,0.0,57933.84,-36830.29,NPR
2026-01-09,ACC0000002877,486684.41,0.0,0.0,486684.41,NPR
2026-01-09,ACC0000002878,148255.63,0.0,0.0,148255.63,NPR
2026-01-09,ACC0000002879,106608.19,32586.03,0.0,139194.22,NPR
2026-01-09,ACC0000002880,435137.95,0.0,0.0,435137.95,NPR
2026-01-09,ACC0000002881,393128.08,0.0,0.0,393128.08,NPR
2026-01-09,ACC0000002882,96381.8,0.0,0.0,96381.8,NPR
2026-01-09,ACC0000002883,290040.43,0.0,24865.5,265174.93,NPR
2026-01-09,ACC0000002884,155856.89,0.0,135492.48,20364.41,NPR
2026-01-09,ACC0000002885,221258.69,17263.25,0.0,238521.94,NPR
2026-01-09,ACC0000002886,365314.99,0.0,71644.75,293670.24,NPR
2026-01-09,ACC0000002887,228473.41,0.0,84268.1,144205.31,NPR
2026-01-09,ACC0000002888,486038.51,0.0,52214.58,433823.93,NPR
2026-01-09,ACC0000002889,12241.32,0.0,35642.22,-23400.9,NPR
2026-01-09,ACC0000002890,194664.57,0.0,53708.03,140956.54,NPR
2026-01-09,ACC0000002891,105063.28,0.0,43950.02,61113.26,NPR
2026-01-09,ACC0000002892,178234.66,0.0,159226.55,19008.11,NPR
2026-01-09,ACC0000002893,389899.07,0.0,0.0,389899.07,NPR
2026-01-09,ACC0000002894,101157.43,0.0,59037.59,42119.84,NPR
2026-01-09,ACC0000002895,496675.47,16117.13,32931.85,479860.75,NPR
2026-01-09,ACC0000002896,132316.61,33496.08,45570.35,120242.34,NPR
2026-01-09,ACC0000002897,132882.13,0.0,59771.54,73110.59,NPR
2026-01-09,ACC0000002898,94735.57,0.0,0.0,94735.57,NPR
2026-01-09,ACC0000002899,60286.11,74330.29,83013.03,51603.37,NPR
2026-01-09,ACC0000002900,482343.36,0.0,182080.63,300262.73,NPR
2026-01-09,ACC0000002901,295020.7,0.0,0.0,295020.7,NPR
2026-01-09,ACC0000002902,146734.99,0.0,5860.78,140874.21,NPR
2026-01-09,ACC0000002903,113235.34,0.0,0.0,113235.34,NPR
2026-01-09,ACC0000002904,82773.63,0.0,9923.74,72849.89,NPR
2026-01-09,ACC0000002905,25988.13,0.0,80.82,25907.31,NPR
2026-01-09,ACC0000002906,483965.38,2809.85,84877.01,401898.22,NPR
2026-01-09,ACC0000002907,33308.71,28851.1,23942.68,38217.13,NPR
2026-01-09,ACC0000002908,67671.13,0.0,0.0,67671.13,NPR
2026-01-09,ACC0000002909,227321.02,1139.88,15555.19,212905.71,NPR
2026-01-09,ACC0000002910,466219.85,0.0,49356.92,416862.93,NPR
2026-01-09,ACC0000002911,193280.11,0.0,37239.26,156040.85,NPR
2026-01-09,ACC0000002912,263599.08,0.0,14985.04,248614.04,NPR
2026-01-09,ACC0000002913,204304.96,24765.56,0.0,229070.52,NPR
2026-01-09,ACC0000002914,216845.37,0.0,70711.7,146133.67,NPR
2026-01-09,ACC0000002915,360728.85,38669.19,43370.22,356027.82,NPR
2026-01-09,ACC0000002916,311920.91,13227.7,45724.91,279423.7,NPR
2026-01-09,ACC0000002917,313751.83,0.0,0.0,313751.83,NPR
2026-01-09,ACC0000002918,445535.44,49142.51,40563.76,454114.19,NPR
2026-01-09,ACC0000002919,242924.11,25306.36,31855.44,236375.03,NPR
2026-01-09,ACC0000002920,492627.79,0.0,57421.59,435206.2,NPR
2026-01-09,ACC0000002921,255989.2,0.0,39440.71,216548.49,NPR
2026-01-09,ACC0000002922,253976.67,0.0,39164.66,214812.01,NPR
2026-01-09,ACC0000002923,236636.82,0.0,64446.09,172190.73,NPR
2026-01-09,ACC0000002924,371141.18,0.0,0.0,371141.18,NPR
2026-01-09,ACC0000002925,323688.48,0.0,21273.89,302414.59,NPR
2026-01-09,ACC0000002926,69139.13,0.0,91767.16,-22628.03,NPR
2026-01-09,ACC0000002927,168298.29,16201.37,55847.18,128652.48,NPR
2026-01-09,ACC0000002928,222645.1,19611.01,40356.97,201899.14,NPR
2026-01-09,ACC0000002929,151868.8,0.0,86396.98,65471.82,NPR
2026-01-09,ACC0000002930,467604.11,76485.6,100596.35,443493.36,NPR
2026-01-09,ACC0000002931,85648.62,0.0,62021.73,23626.89,NPR
2026-01-09,ACC0000002932,42476.08,0.0,0.0,42476.08,NPR
2026-01-09,ACC0000002933,281803.33,0.0,43628.05,238175.28,NPR
2026-01-09,ACC0000002934,120762.68,11888.91,46692.22,85959.37,NPR
2026-01-09,ACC0000002935,97980.94,0.0,0.0,97980.94,NPR
2026-01-09,ACC0000002936,37725.19,73449.46,0.0,111174.65,NPR
2026-01-09,ACC0000002937,293749.37,0.0,0.0,293749.37,NPR
2026-01-09,ACC0000002938,291191.91,0.0,12707.48,278484.43,NPR
2026-01-09,ACC0000002939,193510.9,0.0,0.0,193510.9,NPR
2026-01-09,ACC0000002940,13205.56,14398.61,0.0,27604.17,NPR
2026-01-09,ACC0000002941,81061.25,48031.13,41865.92,87226.46,NPR
2026-01-09,ACC0000002942,237554.8,81530.75,12461.5,306624.05,NPR
2026-01-09,ACC0000002943,275837.57,0.0,0.0,275837.57,NPR
2026-01-09,ACC0000002944,33818.44,34877.46,101318.79,-32622.89,NPR
2026-01-09,ACC0000002945,245911.16,0.0,168307.56,77603.6,NPR
2026-01-09,ACC0000002946,433650.74,0.0,62688.68,370962.06,NPR
2026-01-09,ACC0000002947,421171.29,0.0,11493.54,409677.75,NPR
2026-01-09,ACC0000002948,82814.61,0.0,0.0,82814.61,NPR
2026-01-09,ACC0000002949,411001.12,39668.18,58460.89,392208.41,NPR
2026-01-09,ACC0000002950,454825.07,84434.38,64427.61,474831.84,NPR
2026-01-09,ACC0000002951,256929.76,22027.59,35409.06,243548.29,NPR
2026-01-09,ACC0000002952,48500.29,17269.42,92821.12,-27051.41,NPR
2026-01-09,ACC0000002953,184490.34,11443.95,61888.79,134045.5,NPR
2026-01-09,ACC0000002954,164340.92,0.0,25368.88,138972.04,NPR
2026-01-09,ACC0000002955,390903.39,0.0,0.0,390903.39,NPR
2026-01-09,ACC0000002956,465129.61,0.0,0.0,465129.61,NPR
2026-01-09,ACC0000002957,112644.33,0.0,58778.63,53865.7,NPR
2026-01-09,ACC0000002958,315740.34,10689.54,53365.04,273064.84,NPR
2026-01-09,ACC0000002959,192580.97,9376.06,12952.76,189004.27,NPR
2026-01-09,ACC0000002960,100932.97,0.0,0.0,100932.97,NPR
2026-01-09,ACC0000002961,453670.38,0.0,0.0,453670.38,NPR
2026-01-09,ACC0000002962,112797.71,42095.85,12712.37,142181.19,NPR
2026-01-09,ACC0000002963,118742.21,0.0,6498.37,112243.84,NPR
2026-01-09,ACC0000002964,197051.63,0.0,78883.61,118168.02,NPR
2026-01-09,ACC0000002965,478618.66,0.0,26768.3,451850.36,NPR
2026-01-09,ACC0000002966,410369.96,0.0,49978.33,360391.63,NPR
2026-01-09,ACC0000002967,129188.18,0.0,42545.9,86642.28,NPR
2026-01-09,ACC0000002968,49745.96,0.0,33584.52,16161.44,NPR
2026-01-09,ACC0000002969,262440.01,23752.35,109772.84,176419.52,NPR
2026-01-09,ACC0000002970,244782.25,0.0,36958.58,207823.67,NPR
2026-01-09,ACC0000002971,396320.98,78776.63,169464.48,305633.13,NPR
2026-01-09,ACC0000002972,314449.4,62064.23,0.0,376513.63,NPR
2026-01-09,ACC0000002973,147128.93,0.0,0.0,147128.93,NPR
2026-01-09,ACC0000002974,87426.88,0.0,0.0,87426.88,NPR
2026-01-09,ACC0000002975,125710.24,0.0,56145.8,69564.44,NPR
2026-01-09,ACC0000002976,281909.74,18235.76,0.0,300145.5,NPR
2026-01-09,ACC0000002977,36016.59,0.0,0.0,36016.59,NPR
2026-01-09,ACC0000002978,50399.75,0.0,119474.27,-69074.52,NPR
2026-01-09,ACC0000002979,415029.03,0.0,86424.86,328604.17,NPR
2026-01-09,ACC0000002980,56728.82,0.0,10925.2,45803.62,NPR
2026-01-09,ACC0000002981,172303.66,0.0,0.0,172303.66,NPR
2026-01-09,ACC0000002982,394175.09,0.0,0.0,394175.09,NPR
2026-01-09,ACC0000002983,486728.82,0.0,0.0,486728.82,NPR
2026-01-09,ACC0000002984,172603.68,3129.52,87215.2,88518.0,NPR
2026-01-09,ACC0000002985,393771.83,0.0,0.0,393771.83,NPR
2026-01-09,ACC0000002986,150005.83,0.0,0.0,150005.83,NPR
2026-01-09,ACC0000002987,335255.1,0.0,47951.62,287303.48,NPR
2026-01-09,ACC0000002988,231660.38,0.0,80733.08,150927.3,NPR
2026-01-09,ACC0000002989,359080.88,38457.83,48965.71,348573.0,NPR
2026-01-09,ACC0000002990,51354.37,0.0,0.0,51354.37,NPR
2026-01-09,ACC0000002991,392672.78,36933.45,56723.16,372883.07,NPR
2026-01-09,ACC0000002992,235343.0,45233.88,40597.89,239978.99,NPR
2026-01-09,ACC0000002993,312913.58,91551.69,71833.72,332631.55,NPR
2026-01-09,ACC0000002994,464156.22,0.0,64773.7,399382.52,NPR
2026-01-09,ACC0000002995,87005.97,0.0,0.0,87005.97,NPR
2026-01-09,ACC0000002996,335787.4,0.0,0.0,335787.4,NPR
2026-01-09,ACC0000002997,336194.09,29914.34,95140.46,270967.97,NPR
2026-01-09,ACC0000002998,151587.49,0.0,0.0,151587.49,NPR
2026-01-09,ACC0000002999,159225.31,0.0,84034.49,75190.82,NPR
2026-01-09,ACC0000003000,106906.22,35184.89,27879.24,114211.87,NPR
2026-01-09,ACC0000003001,133995.72,0.0,86008.36,47987.36,NPR
2026-01-09,ACC0000003002,486283.04,23929.51,61696.2,448516.35,NPR
2026-01-09,ACC0000003003,52834.85,0.0,0.0,52834.85,NPR
2026-01-09,ACC0000003004,88258.85,0.0,9054.23,79204.62,NPR
2026-01-09,ACC0000003005,425154.66,0.0,70794.72,354359.94,NPR
2026-01-09,ACC0000003006,220386.07,25311.39,0.0,245697.46,NPR
2026-01-09,ACC0000003007,171572.94,0.0,68792.2,102780.74,NPR
2026-01-09,ACC0000003008,433332.02,49988.08,47189.27,436130.83,NPR
2026-01-09,ACC0000003009,157242.42,0.0,87827.96,69414.46,NPR
2026-01-09,ACC0000003010,448610.95,0.0,54092.81,394518.14,NPR
2026-01-09,ACC0000003011,457012.46,0.0,101873.92,355138.54,NPR
2026-01-09,ACC0000003012,281441.69,0.0,44646.2,236795.49,NPR
2026-01-09,ACC0000003013,194052.9,17301.67,40003.77,171350.8,NPR
2026-01-09,ACC0000003014,143778.31,0.0,81939.27,61839.04,NPR
2026-01-09,ACC0000003015,283177.21,0.0,0.0,283177.21,NPR
2026-01-09,ACC0000003016,372290.32,47067.96,89845.04,329513.24,NPR
2026-01-09,ACC0000003017,215243.99,0.0,0.0,215243.99,NPR
2026-01-09,ACC0000003018,120823.76,0.0,34331.7,86492.06,NPR
2026-01-09,ACC0000003019,119477.14,0.0,90181.77,29295.37,NPR
2026-01-09,ACC0000003020,353927.97,44497.14,68191.75,330233.36,NPR
2026-01-09,ACC0000003021,455764.99,23235.26,29756.92,449243.33,NPR
2026-01-09,ACC0000003022,323445.15,0.0,0.0,323445.15,NPR
2026-01-09,ACC0000003023,18093.5,0.0,47758.2,-29664.7,NPR
2026-01-09,ACC0000003024,417905.36,0.0,0.0,417905.36,NPR
2026-01-09,ACC0000003025,294915.05,0.0,46594.5,248320.55,NPR
2026-01-09,ACC0000003026,372166.91,0.0,61115.29,311051.62,NPR
2026-01-09,ACC0000003027,419786.85,0.0,11777.23,408009.62,NPR
2026-01-09,ACC0000003028,211050.41,49049.28,46393.98,213705.71,NPR
2026-01-09,ACC0000003029,75257.63,14330.43,0.0,89588.06,NPR
2026-01-09,ACC0000003030,354150.17,0.0,42359.05,311791.12,NPR
2026-01-09,ACC0000003031,223637.84,40178.35,0.0,263816.19,NPR
2026-01-09,ACC0000003032,123656.91,41844.2,43845.72,121655.39,NPR
2026-01-09,ACC0000003033,194763.54,38326.61,21133.29,211956.86,NPR
2026-01-09,ACC0000003034,320263.74,0.0,49722.36,270541.38,NPR
2026-01-09,ACC0000003035,310945.78,0.0,82902.74,228043.04,NPR
2026-01-09,ACC0000003036,157980.66,0.0,7147.72,150832.94,NPR
2026-01-09,ACC0000003037,64582.97,42524.31,34745.66,72361.62,NPR
2026-01-09,ACC0000003038,226552.75,44243.47,145287.87,125508.35,NPR
2026-01-09,ACC0000003039,151778.09,0.0,52389.89,99388.2,NPR
2026-01-09,ACC0000003040,100008.0,0.0,0.0,100008.0,NPR
2026-01-09,ACC0000003041,257691.54,31218.15,13966.91,274942.78,NPR
2026-01-09,ACC0000003042,167407.87,0.0,0.0,167407.87,NPR
2026-01-09,ACC0000003043,247791.14,47968.22,24774.94,270984.42,NPR
2026-01-09,ACC0000003044,2345.9,0.0,107724.48,-105378.58,NPR
2026-01-09,ACC0000003045,57475.94,18211.04,0.0,75686.98,NPR
2026-01-09,ACC0000003046,490623.69,0.0,0.0,490623.69,NPR
2026-01-09,ACC0000003047,347393.15,0.0,0.0,347393.15,NPR
2026-01-09,ACC0000003048,242965.33,0.0,193769.71,49195.62,NPR
2026-01-09,ACC0000003049,368047.12,0.0,135212.69,232834.43,NPR
2026-01-09,ACC0000003050,91607.12,0.0,80125.0,11482.12,NPR
2026-01-09,ACC0000003051,39274.7,44937.06,52497.26,31714.5,NPR
2026-01-09,ACC0000003052,404938.13,12255.11,49969.99,367223.25,NPR
2026-01-09,ACC0000003053,14802.12,7833.77,49438.3,-26802.41,NPR
2026-01-09,ACC0000003054,67096.0,0.0,0.0,67096.0,NPR
2026-01-09,ACC0000003055,365132.19,0.0,70762.4,294369.79,NPR
2026-01-09,ACC0000003056,94394.91,0.0,28537.1,65857.81,NPR
2026-01-09,ACC0000003057,201766.05,0.0,0.0,201766.05,NPR
2026-01-09,ACC0000003058,448642.71,0.0,14448.87,434193.84,NPR
2026-01-09,ACC0000003059,80011.68,0.0,0.0,80011.68,NPR
2026-01-09,ACC0000003060,175013.84,0.0,0.0,175013.84,NPR
2026-01-09,ACC0000003061,304192.16,23413.49,67800.12,259805.53,NPR
2026-01-09,ACC0000003062,325893.89,15172.17,71385.14,269680.92,NPR
2026-01-09,ACC0000003063,235568.22,0.0,61729.2,173839.02,NPR
2026-01-09,ACC0000003064,24339.87,0.0,0.0,24339.87,NPR
2026-01-09,ACC0000003065,17710.8,43795.24,25873.61,35632.43,NPR
2026-01-09,ACC0000003066,412190.67,40676.73,164.89,452702.51,NPR
2026-01-09,ACC0000003067,266657.38,0.0,64161.61,202495.77,NPR
2026-01-09,ACC0000003068,356163.11,0.0,17243.7,338919.41,NPR
2026-01-09,ACC0000003069,478270.83,18593.4,57735.73,439128.5,NPR
2026-01-09,ACC0000003070,37770.2,0.0,33.99,37736.21,NPR
2026-01-09,ACC0000003071,476967.66,78161.49,92689.49,462439.66,NPR
2026-01-09,ACC0000003072,417608.59,0.0,136234.68,281373.91,NPR
2026-01-09,ACC0000003073,477476.26,0.0,0.0,477476.26,NPR
2026-01-09,ACC0000003074,394445.73,7876.67,121279.1,281043.3,NPR
2026-01-09,ACC0000003075,41104.87,0.0,0.0,41104.87,NPR
2026-01-09,ACC0000003076,231012.79,0.0,0.0,231012.79,NPR
2026-01-09,ACC0000003077,287714.8,0.0,0.0,287714.8,NPR
2026-01-09,ACC0000003078,1181.21,0.0,33449.3,-32268.09,NPR
2026-01-09,ACC0000003079,394926.55,0.0,76135.23,318791.32,NPR
2026-01-09,ACC0000003080,274027.19,0.0,48092.95,225934.24,NPR
2026-01-09,ACC0000003081,67265.64,0.0,26392.27,40873.37,NPR
2026-01-09,ACC0000003082,299201.74,0.0,105830.68,193371.06,NPR
2026-01-09,ACC0000003083,26678.34,48159.74,87604.22,-12766.14,NPR
2026-01-09,ACC0000003084,52119.84,5713.73,62493.15,-4659.58,NPR
2026-01-09,ACC0000003085,296614.42,39829.53,44737.83,291706.12,NPR
2026-01-09,ACC0000003086,478687.2,0.0,40176.75,438510.45,NPR
2026-01-09,ACC0000003087,302767.57,55807.33,102255.01,256319.89,NPR
2026-01-09,ACC0000003088,309264.03,48136.71,92985.13,264415.61,NPR
2026-01-09,ACC0000003089,471942.67,88081.41,77116.25,482907.83,NPR
2026-01-09,ACC0000003090,171090.28,0.0,0.0,171090.28,NPR
2026-01-09,ACC0000003091,225109.89,31733.61,40619.88,216223.62,NPR
2026-01-09,ACC0000003092,420270.38,0.0,0.0,420270.38,NPR
2026-01-09,ACC0000003093,498995.6,0.0,36813.36,462182.24,NPR
2026-01-09,ACC0000003094,156161.11,0.0,0.0,156161.11,NPR
2026-01-09,ACC0000003095,272660.19,0.0,0.0,272660.19,NPR
2026-01-09,ACC0000003096,239134.76,0.0,41882.32,197252.44,NPR
2026-01-09,ACC0000003097,483958.53,0.0,0.0,483958.53,NPR
2026-01-09,ACC0000003098,217741.54,0.0,146399.33,71342.21,NPR
2026-01-09,ACC0000003099,62363.16,0.0,0.0,62363.16,NPR
2026-01-09,ACC0000003100,365448.92,0.0,56828.49,308620.43,NPR
2026-01-09,ACC0000003101,499258.03,9297.62,137135.46,371420.19,NPR
2026-01-09,ACC0000003102,376924.26,0.0,63954.62,312969.64,NPR
2026-01-09,ACC0000003103,289672.52,0.0,33316.63,256355.89,NPR
2026-01-09,ACC0000003104,5304.5,0.0,88505.77,-83201.27,NPR
2026-01-09,ACC0000003105,163440.79,0.0,67906.12,95534.67,NPR
2026-01-09,ACC0000003106,230483.23,49177.92,0.0,279661.15,NPR
2026-01-09,ACC0000003107,272980.02,0.0,0.0,272980.02,NPR
2026-01-09,ACC0000003108,47016.53,0.0,0.0,47016.53,NPR
2026-01-09,ACC0000003109,104920.08,0.0,88080.41,16839.67,NPR
2026-01-09,ACC0000003110,116430.8,58682.43,93768.95,81344.28,NPR
2026-01-09,ACC0000003111,372549.96,0.0,15670.34,356879.62,NPR
2026-01-09,ACC0000003112,92625.18,0.0,0.0,92625.18,NPR
2026-01-09,ACC0000003113,326167.5,19615.94,61909.24,283874.2,NPR
2026-01-09,ACC0000003114,134763.67,40525.0,0.0,175288.67,NPR
2026-01-09,ACC0000003115,450131.13,0.0,60072.43,390058.7,NPR
2026-01-09,ACC0000003116,498564.32,20077.44,97804.05,420837.71,NPR
2026-01-09,ACC0000003117,206443.22,0.0,0.0,206443.22,NPR
2026-01-09,ACC0000003118,425539.71,0.0,58540.12,366999.59,NPR
2026-01-09,ACC0000003119,56107.57,0.0,37036.33,19071.24,NPR
2026-01-09,ACC0000003120,163245.92,0.0,85991.23,77254.69,NPR
2026-01-09,ACC0000003121,287797.84,0.0,51554.98,236242.86,NPR
2026-01-09,ACC0000003122,356957.97,0.0,78466.33,278491.64,NPR
2026-01-09,ACC0000003123,19456.34,0.0,124169.68,-104713.34,NPR
2026-01-09,ACC0000003124,474705.09,43576.81,0.0,518281.9,NPR
2026-01-09,ACC0000003125,46165.51,0.0,141354.9,-95189.39,NPR
2026-01-09,ACC0000003126,158724.02,67349.24,127354.92,98718.34,NPR
2026-01-09,ACC0000003127,133831.87,0.0,40486.39,93345.48,NPR
2026-01-09,ACC0000003128,315549.67,0.0,0.0,315549.67,NPR
2026-01-09,ACC0000003129,146117.52,0.0,29090.54,117026.98,NPR
2026-01-09,ACC0000003130,90651.98,32144.19,50807.72,71988.45,NPR
2026-01-09,ACC0000003131,233231.27,0.0,58956.7,174274.57,NPR
2026-01-09,ACC0000003132,331849.4,0.0,37762.13,294087.27,NPR
2026-01-09,ACC0000003133,420120.82,131.14,35934.31,384317.65,NPR
2026-01-09,ACC0000003134,165237.28,0.0,105248.51,59988.77,NPR
2026-01-09,ACC0000003135,396017.21,0.0,0.0,396017.21,NPR
2026-01-09,ACC0000003136,74844.39,30959.18,43499.92,62303.65,NPR
2026-01-09,ACC0000003137,326336.55,0.0,76113.89,250222.66,NPR
2026-01-09,ACC0000003138,487709.55,26288.11,109172.97,404824.69,NPR
2026-01-09,ACC0000003139,419623.34,0.0,12302.6,407320.74,NPR
2026-01-09,ACC0000003140,118789.3,0.0,0.0,118789.3,NPR
2026-01-09,ACC0000003141,109200.73,0.0,34158.88,75041.85,NPR
2026-01-09,ACC0000003142,489880.51,0.0,109658.74,380221.77,NPR
2026-01-09,ACC0000003143,444285.2,0.0,81832.25,362452.95,NPR
2026-01-09,ACC0000003144,28774.31,1633.85,79447.06,-49038.9,NPR
2026-01-09,ACC0000003145,70699.54,0.0,49563.04,21136.5,NPR
2026-01-09,ACC0000003146,200617.1,0.0,65382.88,135234.22,NPR
2026-01-09,ACC0000003147,72599.92,20481.71,112533.17,-19451.54,NPR
2026-01-09,ACC0000003148,478529.2,37760.22,47493.13,468796.29,NPR
2026-01-09,ACC0000003149,65075.54,0.0,92993.23,-27917.69,NPR
2026-01-09,ACC0000003150,87604.58,0.0,0.0,87604.58,NPR
2026-01-09,ACC0000003151,281193.35,0.0,0.0,281193.35,NPR
2026-01-09,ACC0000003152,379489.37,0.0,26662.94,352826.43,NPR
2026-01-09,ACC0000003153,441209.63,34516.96,0.0,475726.59,NPR
2026-01-09,ACC0000003154,349248.19,7916.88,4519.93,352645.14,NPR
2026-01-09,ACC0000003155,405719.54,0.0,0.0,405719.54,NPR
2026-01-09,ACC0000003156,25432.72,0.0,123038.57,-97605.85,NPR
2026-01-09,ACC0000003157,91401.45,0.0,55118.17,36283.28,NPR
2026-01-09,ACC0000003158,239029.75,0.0,0.0,239029.75,NPR
2026-01-09,ACC0000003159,390629.23,43197.46,38678.96,395147.73,NPR
2026-01-09,ACC0000003160,231277.17,0.0,48111.63,183165.54,NPR
2026-01-09,ACC0000003161,16463.49,0.0,55727.43,-39263.94,NPR
2026-01-09,ACC0000003162,226570.85,0.0,0.0,226570.85,NPR
2026-01-09,ACC0000003163,314905.44,63213.03,45647.14,332471.33,NPR
2026-01-09,ACC0000003164,184074.26,0.0,0.0,184074.26,NPR
2026-01-09,ACC0000003165,116902.07,0.0,0.0,116902.07,NPR
2026-01-09,ACC0000003166,337870.63,0.0,103481.91,234388.72,NPR
2026-01-09,ACC0000003167,72690.52,0.0,0.0,72690.52,NPR
2026-01-09,ACC0000003168,62941.54,22009.6,67427.3,17523.84,NPR
2026-01-09,ACC0000003169,243768.7,43053.44,19889.01,266933.13,NPR
2026-01-09,ACC0000003170,295540.01,0.0,33268.42,262271.59,NPR
2026-01-09,ACC0000003171,344526.24,0.0,134883.02,209643.22,NPR
2026-01-09,ACC0000003172,143014.2,18964.96,29424.96,132554.2,NPR
2026-01-09,ACC0000003173,78447.46,33651.28,16027.45,96071.29,NPR
2026-01-09,ACC0000003174,376103.1,41997.16,9537.41,408562.85,NPR
2026-01-09,ACC0000003175,417381.18,44658.45,86039.81,375999.82,NPR
2026-01-09,ACC0000003176,220626.01,34392.51,19296.43,235722.09,NPR
2026-01-09,ACC0000003177,200941.14,0.0,56907.17,144033.97,NPR
2026-01-09,ACC0000003178,183206.61,0.0,12925.92,170280.69,NPR
2026-01-09,ACC0000003179,27026.37,0.0,70644.8,-43618.43,NPR
2026-01-09,ACC0000003180,90670.21,0.0,0.0,90670.21,NPR
2026-01-09,ACC0000003181,201150.88,0.0,0.0,201150.88,NPR
2026-01-09,ACC0000003182,487166.36,0.0,0.0,487166.36,NPR
2026-01-09,ACC0000003183,19174.2,0.0,40535.89,-21361.69,NPR
2026-01-09,ACC0000003184,492160.66,315.25,77572.86,414903.05,NPR
2026-01-09,ACC0000003185,269675.25,62295.69,75376.1,256594.84,NPR
2026-01-09,ACC0000003186,253572.81,0.0,70601.71,182971.1,NPR
2026-01-09,ACC0000003187,307526.23,45205.45,70245.66,282486.02,NPR
2026-01-09,ACC0000003188,101329.49,0.0,0.0,101329.49,NPR
2026-01-09,ACC0000003189,445909.61,11849.48,60397.69,397361.4,NPR
2026-01-09,ACC0000003190,399772.12,0.0,69435.83,330336.29,NPR
2026-01-09,ACC0000003191,164791.48,32995.29,147954.06,49832.71,NPR
2026-01-09,ACC0000003192,353763.38,0.0,118739.24,235024.14,NPR
2026-01-09,ACC0000003193,195293.6,0.0,40995.31,154298.29,NPR
2026-01-09,ACC0000003194,464615.71,3797.33,16742.1,451670.94,NPR
2026-01-09,ACC0000003195,85812.35,42001.4,6558.57,121255.18,NPR
2026-01-09,ACC0000003196,499219.75,43396.56,13012.22,529604.09,NPR
2026-01-09,ACC0000003197,440787.3,4945.14,63826.96,381905.48,NPR
2026-01-09,ACC0000003198,383952.0,19544.94,50294.0,353202.94,NPR
2026-01-09,ACC0000003199,135660.15,0.0,90169.87,45490.28,NPR
2026-01-09,ACC0000003200,225336.4,0.0,4035.93,221300.47,NPR
2026-01-09,ACC0000003201,386487.57,40375.35,31040.97,395821.95,NPR
2026-01-09,ACC0000003202,282121.83,0.0,0.0,282121.83,NPR
2026-01-09,ACC0000003203,76832.33,0.0,2531.19,74301.14,NPR
2026-01-09,ACC0000003204,454185.7,55823.13,13656.36,496352.47,NPR
2026-01-09,ACC0000003205,391223.1,0.0,45757.66,345465.44,NPR
2026-01-09,ACC0000003206,109976.85,75763.19,68345.95,117394.09,NPR
2026-01-09,ACC0000003207,66037.63,0.0,28717.39,37320.24,NPR
2026-01-09,ACC0000003208,457663.59,42232.1,132984.59,366911.1,NPR
2026-01-09,ACC0000003209,407293.23,39208.45,97354.39,349147.29,NPR
2026-01-09,ACC0000003210,72327.43,17280.82,9441.44,80166.81,NPR
2026-01-09,ACC0000003211,361364.93,39222.69,47902.88,352684.74,NPR
2026-01-09,ACC0000003212,45551.23,0.0,8324.94,37226.29,NPR
2026-01-09,ACC0000003213,211035.05,0.0,46172.67,164862.38,NPR
2026-01-09,ACC0000003214,183501.19,49221.14,26260.49,206461.84,NPR
2026-01-09,ACC0000003215,160010.61,24479.97,176206.92,8283.66,NPR
2026-01-09,ACC0000003216,158931.14,0.0,48092.32,110838.82,NPR
2026-01-09,ACC0000003217,89412.48,42127.81,86591.31,44948.98,NPR
2026-01-09,ACC0000003218,382027.42,0.0,44229.24,337798.18,NPR
2026-01-09,ACC0000003219,184131.35,45006.7,31889.91,197248.14,NPR
2026-01-09,ACC0000003220,482771.93,48437.24,19966.45,511242.72,NPR
2026-01-09,ACC0000003221,151195.63,40469.52,100506.94,91158.21,NPR
2026-01-09,ACC0000003222,281939.34,0.0,17175.45,264763.89,NPR
2026-01-09,ACC0000003223,361150.1,0.0,49490.54,311659.56,NPR
2026-01-09,ACC0000003224,418800.33,0.0,0.0,418800.33,NPR
2026-01-09,ACC0000003225,132557.95,0.0,89000.75,43557.2,NPR
2026-01-09,ACC0000003226,57613.92,29650.2,44267.36,42996.76,NPR
2026-01-09,ACC0000003227,438014.56,52761.47,108676.6,382099.43,NPR
2026-01-09,ACC0000003228,56189.89,6283.22,57699.64,4773.47,NPR
2026-01-09,ACC0000003229,440075.51,29351.92,29603.97,439823.46,NPR
2026-01-09,ACC0000003230,475275.67,0.0,70168.54,405107.13,NPR
2026-01-09,ACC0000003231,255119.28,0.0,34890.98,220228.3,NPR
2026-01-09,ACC0000003232,462646.69,0.0,103515.69,359131.0,NPR
2026-01-09,ACC0000003233,286281.19,0.0,14644.57,271636.62,NPR
2026-01-09,ACC0000003234,333527.46,0.0,0.0,333527.46,NPR
2026-01-09,ACC0000003235,175590.9,0.0,58029.87,117561.03,NPR
2026-01-09,ACC0000003236,483675.8,0.0,128018.46,355657.34,NPR
2026-01-09,ACC0000003237,257230.51,0.0,71773.11,185457.4,NPR
2026-01-09,ACC0000003238,335622.27,28564.36,3607.41,360579.22,NPR
2026-01-09,ACC0000003239,72617.24,10214.45,0.0,82831.69,NPR
2026-01-09,ACC0000003240,366835.13,1705.29,43037.77,325502.65,NPR
2026-01-09,ACC0000003241,143772.2,0.0,0.0,143772.2,NPR
2026-01-09,ACC0000003242,364757.07,0.0,91057.91,273699.16,NPR
2026-01-09,ACC0000003243,251861.13,0.0,48821.05,203040.08,NPR
2026-01-09,ACC0000003244,164878.11,0.0,84570.38,80307.73,NPR
2026-01-09,ACC0000003245,363569.49,0.0,37121.83,326447.66,NPR
2026-01-09,ACC0000003246,373782.13,0.0,67559.53,306222.6,NPR
2026-01-09,ACC0000003247,239203.0,10920.77,22849.25,227274.52,NPR
2026-01-09,ACC0000003248,15767.81,0.0,2587.94,13179.87,NPR
2026-01-09,ACC0000003249,434331.85,0.0,39744.45,394587.4,NPR
2026-01-09,ACC0000003250,293567.98,19425.98,46978.9,266015.06,NPR
2026-01-09,ACC0000003251,195271.36,0.0,87839.1,107432.26,NPR
2026-01-09,ACC0000003252,171295.41,0.0,86998.1,84297.31,NPR
2026-01-09,ACC0000003253,113903.55,86766.12,14274.92,186394.75,NPR
2026-01-09,ACC0000003254,460931.71,0.0,96615.73,364315.98,NPR
2026-01-09,ACC0000003255,82035.25,13629.14,106717.88,-11053.49,NPR
2026-01-09,ACC0000003256,342175.01,35584.58,0.0,377759.59,NPR
2026-01-09,ACC0000003257,208603.87,0.0,40204.49,168399.38,NPR
2026-01-09,ACC0000003258,481216.67,32304.08,45419.62,468101.13,NPR
2026-01-09,ACC0000003259,270742.22,34406.55,0.0,305148.77,NPR
2026-01-09,ACC0000003260,419997.06,0.0,1645.87,418351.19,NPR
2026-01-09,ACC0000003261,429580.93,26294.49,11585.3,444290.12,NPR
2026-01-09,ACC0000003262,64827.52,35390.42,32722.19,67495.75,NPR
2026-01-09,ACC0000003263,324436.68,0.0,87619.47,236817.21,NPR
2026-01-09,ACC0000003264,304795.29,0.0,0.0,304795.29,NPR
2026-01-09,ACC0000003265,346630.26,44895.57,0.0,391525.83,NPR
2026-01-09,ACC0000003266,340448.89,0.0,0.0,340448.89,NPR
2026-01-09,ACC0000003267,237183.5,0.0,0.0,237183.5,NPR
2026-01-09,ACC0000003268,48802.8,0.0,0.0,48802.8,NPR
2026-01-09,ACC0000003269,379499.18,0.0,55728.1,323771.08,NPR
2026-01-09,ACC0000003270,440727.88,98118.62,108375.94,430470.56,NPR
2026-01-09,ACC0000003271,8517.9,0.0,65470.98,-56953.08,NPR
2026-01-09,ACC0000003272,340711.92,46880.58,45734.53,341857.97,NPR
2026-01-09,ACC0000003273,93637.52,0.0,34427.71,59209.81,NPR
2026-01-09,ACC0000003274,146529.27,0.0,63329.2,83200.07,NPR
2026-01-09,ACC0000003275,152307.87,0.0,46280.63,106027.24,NPR
2026-01-09,ACC0000003276,457518.81,0.0,89445.49,368073.32,NPR
2026-01-09,ACC0000003277,122877.08,0.0,49366.35,73510.73,NPR
2026-01-09,ACC0000003278,60677.91,35716.49,64666.92,31727.48,NPR
2026-01-09,ACC0000003279,218922.77,1067.1,20981.43,199008.44,NPR
2026-01-09,ACC0000003280,200941.17,0.0,98300.27,102640.9,NPR
2026-01-09,ACC0000003281,338724.08,19525.93,26342.15,331907.86,NPR
2026-01-09,ACC0000003282,110421.65,47264.13,26819.05,130866.73,NPR
2026-01-09,ACC0000003283,231548.07,0.0,21591.07,209957.0,NPR
2026-01-09,ACC0000003284,332027.37,0.0,0.0,332027.37,NPR
2026-01-09,ACC0000003285,9238.41,0.0,0.0,9238.41,NPR
2026-01-09,ACC0000003286,238037.01,56758.29,5910.0,288885.3,NPR
2026-01-09,ACC0000003287,283510.69,0.0,24438.41,259072.28,NPR
2026-01-09,ACC0000003288,302578.16,31299.82,0.0,333877.98,NPR
2026-01-09,ACC0000003289,393249.2,7875.0,116831.88,284292.32,NPR
2026-01-09,ACC0000003290,396030.14,0.0,5497.13,390533.01,NPR
2026-01-09,ACC0000003291,479756.92,0.0,80426.67,399330.25,NPR
2026-01-09,ACC0000003292,474736.8,41839.74,66123.88,450452.66,NPR
2026-01-09,ACC0000003293,399122.68,0.0,59689.95,339432.73,NPR
2026-01-09,ACC0000003294,57844.26,0.0,32001.06,25843.2,NPR
2026-01-09,ACC0000003295,99315.74,0.0,81915.33,17400.41,NPR
2026-01-09,ACC0000003296,152771.82,0.0,0.0,152771.82,NPR
2026-01-09,ACC0000003297,272979.11,6616.89,23017.76,256578.24,NPR
2026-01-09,ACC0000003298,355650.75,0.0,1082.22,354568.53,NPR
2026-01-09,ACC0000003299,395157.21,0.0,0.0,395157.21,NPR
2026-01-09,ACC0000003300,51376.02,0.0,69983.22,-18607.2,NPR
2026-01-09,ACC0000003301,337502.46,24633.27,130213.23,231922.5,NPR
2026-01-09,ACC0000003302,354618.04,8317.34,99312.83,263622.55,NPR
2026-01-09,ACC0000003303,212640.47,0.0,68307.73,144332.74,NPR
2026-01-09,ACC0000003304,473179.36,0.0,8214.18,464965.18,NPR
2026-01-09,ACC0000003305,393710.95,0.0,94373.35,299337.6,NPR
2026-01-09,ACC0000003306,449180.83,0.0,0.0,449180.83,NPR
2026-01-09,ACC0000003307,15723.32,39776.65,106623.73,-51123.76,NPR
2026-01-09,ACC0000003308,324633.24,0.0,151520.87,173112.37,NPR
2026-01-09,ACC0000003309,201956.78,6966.32,56430.76,152492.34,NPR
2026-01-09,ACC0000003310,189742.31,0.0,14075.26,175667.05,NPR
2026-01-09,ACC0000003311,158679.59,30749.99,60293.63,129135.95,NPR
2026-01-09,ACC0000003312,439329.32,0.0,20178.89,419150.43,NPR
2026-01-09,ACC0000003313,243211.71,0.0,43825.69,199386.02,NPR
2026-01-09,ACC0000003314,37861.27,8903.07,0.0,46764.34,NPR
2026-01-09,ACC0000003315,419154.76,0.0,34090.87,385063.89,NPR
2026-01-09,ACC0000003316,416311.83,7777.09,79889.31,344199.61,NPR
2026-01-09,ACC0000003317,439616.6,0.0,0.0,439616.6,NPR
2026-01-09,ACC0000003318,256313.07,14434.86,49681.86,221066.07,NPR
2026-01-09,ACC0000003319,201306.21,42600.82,24470.37,219436.66,NPR
2026-01-09,ACC0000003320,69625.13,0.0,40029.44,29595.69,NPR
2026-01-09,ACC0000003321,128500.56,15315.87,122843.14,20973.29,NPR
2026-01-09,ACC0000003322,393234.11,0.0,27079.6,366154.51,NPR
2026-01-09,ACC0000003323,364412.07,0.0,0.0,364412.07,NPR
2026-01-09,ACC0000003324,347136.98,0.0,85125.24,262011.74,NPR
2026-01-09,ACC0000003325,172980.73,0.0,0.0,172980.73,NPR
2026-01-09,ACC0000003326,78015.8,0.0,0.0,78015.8,NPR
2026-01-09,ACC0000003327,85637.93,0.0,67054.82,18583.11,NPR
2026-01-09,ACC0000003328,426354.78,0.0,47702.46,378652.32,NPR
2026-01-09,ACC0000003329,31326.67,0.0,0.0,31326.67,NPR
2026-01-09,ACC0000003330,347349.31,0.0,37530.43,309818.88,NPR
2026-01-09,ACC0000003331,378560.96,605.99,13655.07,365511.88,NPR
2026-01-09,ACC0000003332,435169.72,66262.8,70358.4,431074.12,NPR
2026-01-09,ACC0000003333,383938.6,0.0,46302.95,337635.65,NPR
2026-01-09,ACC0000003334,260692.75,39045.94,27683.91,272054.78,NPR
2026-01-09,ACC0000003335,303333.87,0.0,0.0,303333.87,NPR
2026-01-09,ACC0000003336,289626.39,0.0,84754.31,204872.08,NPR
2026-01-09,ACC0000003337,379364.9,49665.32,0.0,429030.22,NPR
2026-01-09,ACC0000003338,293930.07,0.0,27925.44,266004.63,NPR
2026-01-09,ACC0000003339,236867.85,0.0,0.0,236867.85,NPR
2026-01-09,ACC0000003340,342633.32,0.0,28145.83,314487.49,NPR
2026-01-09,ACC0000003341,259146.61,22308.57,44331.8,237123.38,NPR
2026-01-09,ACC0000003342,190539.65,0.0,85938.78,104600.87,NPR
2026-01-09,ACC0000003343,223933.12,0.0,0.0,223933.12,NPR
2026-01-09,ACC0000003344,53027.4,0.0,0.0,53027.4,NPR
2026-01-09,ACC0000003345,476058.03,0.0,14272.44,461785.59,NPR
2026-01-09,ACC0000003346,133836.32,34689.12,71016.46,97508.98,NPR
2026-01-09,ACC0000003347,312936.31,0.0,11688.39,301247.92,NPR
2026-01-09,ACC0000003348,413446.51,56919.72,43872.2,426494.03,NPR
2026-01-09,ACC0000003349,195222.07,0.0,0.0,195222.07,NPR
2026-01-09,ACC0000003350,108317.67,0.0,57814.9,50502.77,NPR
2026-01-09,ACC0000003351,481822.38,9618.38,0.0,491440.76,NPR
2026-01-09,ACC0000003352,172643.96,24653.74,68249.16,129048.54,NPR
2026-01-09,ACC0000003353,372080.78,0.0,0.0,372080.78,NPR
2026-01-09,ACC0000003354,359407.1,33650.64,14349.62,378708.12,NPR
2026-01-09,ACC0000003355,247771.8,0.0,33861.85,213909.95,NPR
2026-01-09,ACC0000003356,32290.58,0.0,111784.01,-79493.43,NPR
2026-01-09,ACC0000003357,483189.9,75398.43,20568.85,538019.48,NPR
2026-01-09,ACC0000003358,387126.42,0.0,60658.43,326467.99,NPR
2026-01-09,ACC0000003359,295702.79,0.0,0.0,295702.79,NPR
2026-01-09,ACC0000003360,344715.77,0.0,87194.9,257520.87,NPR
2026-01-09,ACC0000003361,471538.07,0.0,0.0,471538.07,NPR
2026-01-09,ACC0000003362,495808.54,0.0,15643.33,480165.21,NPR
2026-01-09,ACC0000003363,234957.48,0.0,58369.67,176587.81,NPR
2026-01-09,ACC0000003364,190470.55,0.0,80326.42,110144.13,NPR
2026-01-09,ACC0000003365,165087.92,0.0,33029.97,132057.95,NPR
2026-01-09,ACC0000003366,375385.07,0.0,47750.37,327634.7,NPR
2026-01-09,ACC0000003367,185115.25,0.0,39050.44,146064.81,NPR
2026-01-09,ACC0000003368,340471.11,36380.08,95328.49,281522.7,NPR
2026-01-09,ACC0000003369,452769.37,7326.22,53148.44,406947.15,NPR
2026-01-09,ACC0000003370,329049.43,0.0,0.0,329049.43,NPR
2026-01-09,ACC0000003371,438800.53,0.0,118791.05,320009.48,NPR
2026-01-09,ACC0000003372,228037.18,46763.1,72392.29,202407.99,NPR
2026-01-09,ACC0000003373,230367.28,0.0,0.0,230367.28,NPR
2026-01-09,ACC0000003374,443032.04,5826.07,59330.19,389527.92,NPR
2026-01-09,ACC0000003375,398023.55,0.0,87247.85,310775.7,NPR
2026-01-09,ACC0000003376,338061.42,0.0,44134.94,293926.48,NPR
2026-01-09,ACC0000003377,39528.17,0.0,39754.15,-225.98,NPR
2026-01-09,ACC0000003378,105564.73,13973.62,66936.6,52601.75,NPR
2026-01-09,ACC0000003379,260589.87,0.0,0.0,260589.87,NPR
2026-01-09,ACC0000003380,318292.5,0.0,83989.73,234302.77,NPR
2026-01-09,ACC0000003381,194928.16,370.36,141302.57,53995.95,NPR
2026-01-09,ACC0000003382,68379.31,0.0,17000.37,51378.94,NPR
2026-01-09,ACC0000003383,166868.22,23588.43,14953.33,175503.32,NPR
2026-01-09,ACC0000003384,197510.92,0.0,32022.32,165488.6,NPR
2026-01-09,ACC0000003385,480481.31,0.0,19637.91,460843.4,NPR
2026-01-09,ACC0000003386,42620.73,0.0,63269.8,-20649.07,NPR
2026-01-09,ACC0000003387,203130.5,0.0,38659.08,164471.42,NPR
2026-01-09,ACC0000003388,440240.41,0.0,28839.62,411400.79,NPR
2026-01-09,ACC0000003389,375925.83,0.0,0.0,375925.83,NPR
2026-01-09,ACC0000003390,22172.6,0.0,155757.0,-133584.4,NPR
2026-01-09,ACC0000003391,77644.98,0.0,27449.23,50195.75,NPR
2026-01-09,ACC0000003392,151192.47,37879.92,39814.04,149258.35,NPR
2026-01-09,ACC0000003393,499177.37,0.0,59148.43,440028.94,NPR
2026-01-09,ACC0000003394,325470.57,0.0,0.0,325470.57,NPR
2026-01-09,ACC0000003395,396056.88,0.0,0.0,396056.88,NPR
2026-01-09,ACC0000003396,52262.38,0.0,109725.37,-57462.99,NPR
2026-01-09,ACC0000003397,277480.06,0.0,135188.05,142292.01,NPR
2026-01-09,ACC0000003398,463940.02,0.0,84513.4,379426.62,NPR
2026-01-09,ACC0000003399,16428.34,0.0,0.0,16428.34,NPR
2026-01-09,ACC0000003400,118083.44,0.0,0.0,118083.44,NPR
2026-01-09,ACC0000003401,166600.39,0.0,44017.84,122582.55,NPR
2026-01-09,ACC0000003402,192180.37,127443.95,41467.1,278157.22,NPR
2026-01-09,ACC0000003403,329015.84,28926.13,41834.54,316107.43,NPR
2026-01-09,ACC0000003404,90705.49,0.0,0.0,90705.49,NPR
2026-01-09,ACC0000003405,404651.75,0.0,0.0,404651.75,NPR
2026-01-09,ACC0000003406,112153.75,0.0,5515.68,106638.07,NPR
2026-01-09,ACC0000003407,380462.66,29622.33,0.0,410084.99,NPR
2026-01-09,ACC0000003408,344235.39,0.0,68894.43,275340.96,NPR
2026-01-09,ACC0000003409,335435.76,0.0,29043.63,306392.13,NPR
2026-01-09,ACC0000003410,62371.09,0.0,72612.62,-10241.53,NPR
2026-01-09,ACC0000003411,381776.9,34906.84,44334.44,372349.3,NPR
2026-01-09,ACC0000003412,306523.61,0.0,41760.06,264763.55,NPR
2026-01-09,ACC0000003413,198652.57,0.0,85397.49,113255.08,NPR
2026-01-09,ACC0000003414,30808.75,0.0,28647.55,2161.2,NPR
2026-01-09,ACC0000003415,445637.31,54253.23,49256.34,450634.2,NPR
2026-01-09,ACC0000003416,23033.67,0.0,0.0,23033.67,NPR
2026-01-09,ACC0000003417,335774.05,3297.87,0.0,339071.92,NPR
2026-01-09,ACC0000003418,431426.31,0.0,0.0,431426.31,NPR
2026-01-09,ACC0000003419,219538.93,37039.65,40484.23,216094.35,NPR
2026-01-09,ACC0000003420,486126.18,0.0,73746.81,412379.37,NPR
2026-01-09,ACC0000003421,211619.3,43276.07,27751.98,227143.39,NPR
2026-01-09,ACC0000003422,387217.16,34041.49,0.0,421258.65,NPR
2026-01-09,ACC0000003423,328332.46,4490.06,66772.81,266049.71,NPR
2026-01-09,ACC0000003424,6795.84,17391.11,67171.23,-42984.28,NPR
2026-01-09,ACC0000003425,143474.83,0.0,0.0,143474.83,NPR
2026-01-09,ACC0000003426,492734.17,44292.14,25239.86,511786.45,NPR
2026-01-09,ACC0000003427,126529.61,0.0,62032.99,64496.62,NPR
2026-01-09,ACC0000003428,472389.67,23654.66,37334.15,458710.18,NPR
2026-01-09,ACC0000003429,258146.63,37915.6,87234.45,208827.78,NPR
2026-01-09,ACC0000003430,335835.12,19975.1,80388.75,275421.47,NPR
2026-01-09,ACC0000003431,123577.42,0.0,14654.67,108922.75,NPR
2026-01-09,ACC0000003432,461339.06,0.0,17549.48,443789.58,NPR
2026-01-09,ACC0000003433,414798.28,105444.25,54982.89,465259.64,NPR
2026-01-09,ACC0000003434,128779.48,3782.35,7348.57,125213.26,NPR
2026-01-09,ACC0000003435,290444.72,47498.24,35137.23,302805.73,NPR
2026-01-09,ACC0000003436,379075.3,0.0,77664.38,301410.92,NPR
2026-01-09,ACC0000003437,315242.63,0.0,39940.95,275301.68,NPR
2026-01-09,ACC0000003438,413167.68,0.0,0.0,413167.68,NPR
2026-01-09,ACC0000003439,215995.36,0.0,135100.18,80895.18,NPR
2026-01-09,ACC0000003440,276117.53,0.0,0.0,276117.53,NPR
2026-01-09,ACC0000003441,429621.9,0.0,137852.69,291769.21,NPR
2026-01-09,ACC0000003442,496488.31,4024.93,16078.66,484434.58,NPR
2026-01-09,ACC0000003443,278883.53,0.0,0.0,278883.53,NPR
2026-01-09,ACC0000003444,250306.44,0.0,93751.83,156554.61,NPR
2026-01-09,ACC0000003445,50711.75,0.0,0.0,50711.75,NPR
2026-01-09,ACC0000003446,120044.08,37364.92,18517.26,138891.74,NPR
2026-01-09,ACC0000003447,432598.14,41044.14,47360.37,426281.91,NPR
2026-01-09,ACC0000003448,240482.92,0.0,0.0,240482.92,NPR
2026-01-09,ACC0000003449,252855.52,0.0,94024.63,158830.89,NPR
2026-01-09,ACC0000003450,167671.94,0.0,103290.61,64381.33,NPR
2026-01-09,ACC0000003451,396917.62,0.0,16799.93,380117.69,NPR
2026-01-09,ACC0000003452,155018.66,0.0,0.0,155018.66,NPR
2026-01-09,ACC0000003453,441717.92,0.0,4100.14,437617.78,NPR
2026-01-09,ACC0000003454,455601.4,0.0,59322.09,396279.31,NPR
2026-01-09,ACC0000003455,307655.65,0.0,48279.6,259376.05,NPR
2026-01-09,ACC0000003456,308873.38,0.0,0.0,308873.38,NPR
2026-01-09,ACC0000003457,416817.38,0.0,23467.06,393350.32,NPR
2026-01-09,ACC0000003458,149358.96,0.0,71299.29,78059.67,NPR
2026-01-09,ACC0000003459,107785.25,0.0,8729.25,99056.0,NPR
2026-01-09,ACC0000003460,109269.23,0.0,19486.11,89783.12,NPR
2026-01-09,ACC0000003461,499755.65,0.0,28591.7,471163.95,NPR
2026-01-09,ACC0000003462,225967.25,0.0,0.0,225967.25,NPR
2026-01-09,ACC0000003463,125359.73,6739.5,6418.47,125680.76,NPR
2026-01-09,ACC0000003464,186621.31,0.0,0.0,186621.31,NPR
2026-01-09,ACC0000003465,316193.97,18422.2,77242.61,257373.56,NPR
2026-01-09,ACC0000003466,445070.02,25105.56,57481.31,412694.27,NPR
2026-01-09,ACC0000003467,172050.87,0.0,90008.17,82042.7,NPR
2026-01-09,ACC0000003468,395629.51,26626.63,95698.79,326557.35,NPR
2026-01-09,ACC0000003469,317101.99,0.0,75681.11,241420.88,NPR
2026-01-09,ACC0000003470,53378.32,0.0,183763.55,-130385.23,NPR
2026-01-09,ACC0000003471,295851.1,0.0,0.0,295851.1,NPR
2026-01-09,ACC0000003472,26252.72,37916.0,78329.35,-14160.63,NPR
2026-01-09,ACC0000003473,56496.54,0.0,130733.31,-74236.77,NPR
2026-01-09,ACC0000003474,373027.45,0.0,36753.3,336274.15,NPR
2026-01-09,ACC0000003475,112481.06,0.0,40199.33,72281.73,NPR
2026-01-09,ACC0000003476,78590.52,0.0,34993.16,43597.36,NPR
2026-01-09,ACC0000003477,85822.37,28528.19,19079.68,95270.88,NPR
2026-01-09,ACC0000003478,78092.41,0.0,56684.34,21408.07,NPR
2026-01-09,ACC0000003479,198982.2,0.0,0.0,198982.2,NPR
2026-01-09,ACC0000003480,359749.76,21093.1,84624.71,296218.15,NPR
2026-01-09,ACC0000003481,324581.72,0.0,0.0,324581.72,NPR
2026-01-09,ACC0000003482,173778.78,0.0,12071.8,161706.98,NPR
2026-01-09,ACC0000003483,385109.39,44611.91,216055.99,213665.31,NPR
2026-01-09,ACC0000003484,332181.52,0.0,71681.92,260499.6,NPR
2026-01-09,ACC0000003485,374303.82,0.0,31902.59,342401.23,NPR
2026-01-09,ACC0000003486,25585.7,0.0,115594.24,-90008.54,NPR
2026-01-09,ACC0000003487,161538.67,0.0,47229.94,114308.73,NPR
2026-01-09,ACC0000003488,73853.57,18246.24,61924.36,30175.45,NPR
2026-01-09,ACC0000003489,17035.69,42294.88,48553.11,10777.46,NPR
2026-01-09,ACC0000003490,454577.11,0.0,0.0,454577.11,NPR
2026-01-09,ACC0000003491,412046.89,40831.19,20784.54,432093.54,NPR
2026-01-09,ACC0000003492,356874.08,0.0,37873.06,319001.02,NPR
2026-01-09,ACC0000003493,109498.99,21511.99,53034.22,77976.76,NPR
2026-01-09,ACC0000003494,123956.82,0.0,106394.39,17562.43,NPR
2026-01-09,ACC0000003495,62010.42,0.0,58109.45,3900.97,NPR
2026-01-09,ACC0000003496,24834.94,49419.54,69074.13,5180.35,NPR
2026-01-09,ACC0000003497,450432.61,0.0,0.0,450432.61,NPR
2026-01-09,ACC0000003498,429841.24,0.0,33818.74,396022.5,NPR
2026-01-09,ACC0000003499,441176.93,41970.83,46701.45,436446.31,NPR
2026-01-09,ACC0000003500,483038.7,0.0,0.0,483038.7,NPR
2026-01-09,ACC0000003501,180137.44,0.0,0.0,180137.44,NPR
2026-01-09,ACC0000003502,450910.6,18477.78,125288.59,344099.79,NPR
2026-01-09,ACC0000003503,424364.87,131.12,82583.41,341912.58,NPR
2026-01-09,ACC0000003504,110968.21,0.0,0.0,110968.21,NPR
2026-01-09,ACC0000003505,175502.43,0.0,81964.97,93537.46,NPR
2026-01-09,ACC0000003506,306103.45,59258.16,37166.37,328195.24,NPR
2026-01-09,ACC0000003507,76508.66,16873.13,0.0,93381.79,NPR
2026-01-09,ACC0000003508,54326.95,0.0,63646.78,-9319.83,NPR
2026-01-09,ACC0000003509,173980.34,0.0,71473.03,102507.31,NPR
2026-01-09,ACC0000003510,495681.65,0.0,113433.46,382248.19,NPR
2026-01-09,ACC0000003511,484420.1,0.0,534.66,483885.44,NPR
2026-01-09,ACC0000003512,231953.38,0.0,13053.97,218899.41,NPR
2026-01-09,ACC0000003513,318181.39,54867.18,61005.53,312043.04,NPR
2026-01-09,ACC0000003514,362449.81,17657.86,35205.28,344902.39,NPR
2026-01-09,ACC0000003515,443816.39,0.0,62883.21,380933.18,NPR
2026-01-09,ACC0000003516,114450.04,46602.06,126455.2,34596.9,NPR
2026-01-09,ACC0000003517,209209.43,0.0,72573.43,136636.0,NPR
2026-01-09,ACC0000003518,236551.56,19705.36,165174.22,91082.7,NPR
2026-01-09,ACC0000003519,114767.88,0.0,0.0,114767.88,NPR
2026-01-09,ACC0000003520,347031.85,0.0,112544.24,234487.61,NPR
2026-01-09,ACC0000003521,33966.55,80604.03,66786.86,47783.72,NPR
2026-01-09,ACC0000003522,63166.1,0.0,66140.97,-2974.87,NPR
2026-01-09,ACC0000003523,152858.06,0.0,24202.26,128655.8,NPR
2026-01-09,ACC0000003524,428397.52,6158.19,40864.12,393691.59,NPR
2026-01-09,ACC0000003525,314251.16,27483.31,48232.95,293501.52,NPR
2026-01-09,ACC0000003526,275605.9,43597.41,0.0,319203.31,NPR
2026-01-09,ACC0000003527,325001.0,0.0,90019.92,234981.08,NPR
2026-01-09,ACC0000003528,69848.6,74323.94,2645.54,141527.0,NPR
2026-01-09,ACC0000003529,367544.63,0.0,0.0,367544.63,NPR
2026-01-09,ACC0000003530,207092.9,46919.78,31795.56,222217.12,NPR
2026-01-09,ACC0000003531,179018.16,0.0,48578.15,130440.01,NPR
2026-01-09,ACC0000003532,356955.03,0.0,0.0,356955.03,NPR
2026-01-09,ACC0000003533,191220.43,21617.58,63705.63,149132.38,NPR
2026-01-09,ACC0000003534,115877.5,0.0,0.0,115877.5,NPR
2026-01-09,ACC0000003535,110525.3,28902.92,97401.45,42026.77,NPR
2026-01-09,ACC0000003536,222302.57,0.0,36398.14,185904.43,NPR
2026-01-09,ACC0000003537,224285.33,0.0,0.0,224285.33,NPR
2026-01-09,ACC0000003538,348374.49,0.0,31978.1,316396.39,NPR
2026-01-09,ACC0000003539,14388.12,29253.4,53350.56,-9709.04,NPR
2026-01-09,ACC0000003540,72418.93,0.0,73720.39,-1301.46,NPR
2026-01-09,ACC0000003541,333891.49,2799.98,125573.56,211117.91,NPR
2026-01-09,ACC0000003542,487672.2,0.0,27808.14,459864.06,NPR
2026-01-09,ACC0000003543,81076.58,39805.17,59447.76,61433.99,NPR
2026-01-09,ACC0000003544,423435.88,0.0,35478.95,387956.93,NPR
2026-01-09,ACC0000003545,8962.21,26757.38,0.0,35719.59,NPR
2026-01-09,ACC0000003546,47780.33,0.0,46512.61,1267.72,NPR
2026-01-09,ACC0000003547,250454.55,62482.23,0.0,312936.78,NPR
2026-01-09,ACC0000003548,317656.99,0.0,0.0,317656.99,NPR
2026-01-09,ACC0000003549,156795.34,9920.2,28493.66,138221.88,NPR
2026-01-09,ACC0000003550,274993.15,0.0,64813.06,210180.09,NPR
2026-01-09,ACC0000003551,212226.48,0.0,53142.6,159083.88,NPR
2026-01-09,ACC0000003552,341132.02,33064.12,0.0,374196.14,NPR
2026-01-09,ACC0000003553,345993.66,0.0,33543.78,312449.88,NPR
2026-01-09,ACC0000003554,365986.39,0.0,106278.06,259708.33,NPR
2026-01-09,ACC0000003555,27216.5,11324.3,81756.56,-43215.76,NPR
2026-01-09,ACC0000003556,459891.03,34825.53,70197.17,424519.39,NPR
2026-01-09,ACC0000003557,343099.5,0.0,83693.72,259405.78,NPR
2026-01-09,ACC0000003558,495335.88,0.0,37783.14,457552.74,NPR
2026-01-09,ACC0000003559,472992.83,1675.8,11392.66,463275.97,NPR
2026-01-09,ACC0000003560,124581.08,0.0,21259.61,103321.47,NPR
2026-01-09,ACC0000003561,89962.43,0.0,33499.52,56462.91,NPR
2026-01-09,ACC0000003562,492037.34,0.0,0.0,492037.34,NPR
2026-01-09,ACC0000003563,471218.52,0.0,0.0,471218.52,NPR
2026-01-09,ACC0000003564,94601.83,0.0,71233.13,23368.7,NPR
2026-01-09,ACC0000003565,427638.95,32399.12,43710.04,416328.03,NPR
2026-01-09,ACC0000003566,243222.95,40309.17,125708.0,157824.12,NPR
2026-01-09,ACC0000003567,359972.42,0.0,29169.79,330802.63,NPR
2026-01-09,ACC0000003568,486946.3,13341.71,137564.45,362723.56,NPR
2026-01-09,ACC0000003569,480009.35,0.0,0.0,480009.35,NPR
2026-01-09,ACC0000003570,50519.26,0.0,98838.64,-48319.38,NPR
2026-01-09,ACC0000003571,406819.26,0.0,106334.66,300484.6,NPR
2026-01-09,ACC0000003572,25477.07,0.0,28288.18,-2811.11,NPR
2026-01-09,ACC0000003573,385171.56,0.0,0.0,385171.56,NPR
2026-01-09,ACC0000003574,145365.43,39887.73,40213.2,145039.96,NPR
2026-01-09,ACC0000003575,477566.92,0.0,0.0,477566.92,NPR
2026-01-09,ACC0000003576,93090.33,0.0,0.0,93090.33,NPR
2026-01-09,ACC0000003577,363228.29,0.0,0.0,363228.29,NPR
2026-01-09,ACC0000003578,128793.09,40698.69,11023.33,158468.45,NPR
2026-01-09,ACC0000003579,31142.95,0.0,51358.39,-20215.44,NPR
2026-01-09,ACC0000003580,174328.64,54873.99,80786.08,148416.55,NPR
2026-01-09,ACC0000003581,294860.87,0.0,35615.41,259245.46,NPR
2026-01-09,ACC0000003582,20027.36,0.0,21715.63,-1688.27,NPR
2026-01-09,ACC0000003583,346726.08,0.0,0.0,346726.08,NPR
2026-01-09,ACC0000003584,487144.16,39470.82,49766.37,476848.61,NPR
2026-01-09,ACC0000003585,294633.34,0.0,4683.85,289949.49,NPR
2026-01-09,ACC0000003586,468717.91,82961.69,150775.9,400903.7,NPR
2026-01-09,ACC0000003587,216526.72,4972.0,340.98,221157.74,NPR
2026-01-09,ACC0000003588,94773.38,20589.57,37384.44,77978.51,NPR
2026-01-09,ACC0000003589,131167.15,0.0,80688.26,50478.89,NPR
2026-01-09,ACC0000003590,15307.36,0.0,2280.43,13026.93,NPR
2026-01-09,ACC0000003591,153552.03,0.0,103957.63,49594.4,NPR
2026-01-09,ACC0000003592,318995.06,37868.44,38376.5,318487.0,NPR
2026-01-09,ACC0000003593,341326.53,6482.94,12100.37,335709.1,NPR
2026-01-09,ACC0000003594,438171.41,0.0,9810.38,428361.03,NPR
2026-01-09,ACC0000003595,145143.4,0.0,77484.49,67658.91,NPR
2026-01-09,ACC0000003596,8337.55,0.0,0.0,8337.55,NPR
2026-01-09,ACC0000003597,289004.38,0.0,18949.8,270054.58,NPR
2026-01-09,ACC0000003598,205878.64,0.0,20290.41,185588.23,NPR
2026-01-09,ACC0000003599,413251.59,23122.13,82087.43,354286.29,NPR
2026-01-09,ACC0000003600,461726.87,0.0,5408.0,456318.87,NPR
2026-01-09,ACC0000003601,247276.56,0.0,46474.15,200802.41,NPR
2026-01-09,ACC0000003602,322035.8,0.0,214586.8,107449.0,NPR
2026-01-09,ACC0000003603,328735.59,0.0,192119.12,136616.47,NPR
2026-01-09,ACC0000003604,55262.57,0.0,67262.57,-12000.0,NPR
2026-01-09,ACC0000003605,477376.44,0.0,78322.57,399053.87,NPR
2026-01-09,ACC0000003606,91483.02,0.0,12513.94,78969.08,NPR
2026-01-09,ACC0000003607,157748.42,0.0,9366.02,148382.4,NPR
2026-01-09,ACC0000003608,67736.39,0.0,88845.51,-21109.12,NPR
2026-01-09,ACC0000003609,55582.43,0.0,11388.27,44194.16,NPR
2026-01-09,ACC0000003610,131178.32,8048.6,139248.56,-21.64,NPR
2026-01-09,ACC0000003611,62791.51,0.0,91910.61,-29119.1,NPR
2026-01-09,ACC0000003612,123259.46,14088.21,43508.96,93838.71,NPR
2026-01-09,ACC0000003613,482928.04,52292.51,97938.02,437282.53,NPR
2026-01-09,ACC0000003614,441270.84,64178.58,38943.88,466505.54,NPR
2026-01-09,ACC0000003615,265166.59,0.0,24454.96,240711.63,NPR
2026-01-09,ACC0000003616,48671.27,0.0,87752.93,-39081.66,NPR
2026-01-09,ACC0000003617,287754.23,31211.23,55241.64,263723.82,NPR
2026-01-09,ACC0000003618,130486.08,0.0,0.0,130486.08,NPR
2026-01-09,ACC0000003619,15928.91,0.0,0.0,15928.91,NPR
2026-01-09,ACC0000003620,376887.77,44309.93,14790.57,406407.13,NPR
2026-01-09,ACC0000003621,332896.23,0.0,0.0,332896.23,NPR
2026-01-09,ACC0000003622,433054.4,46884.66,0.0,479939.06,NPR
2026-01-09,ACC0000003623,163819.02,0.0,61956.02,101863.0,NPR
2026-01-09,ACC0000003624,276313.98,0.0,38652.69,237661.29,NPR
2026-01-09,ACC0000003625,64174.13,0.0,0.0,64174.13,NPR
2026-01-09,ACC0000003626,93537.47,0.0,15104.57,78432.9,NPR
2026-01-09,ACC0000003627,295744.49,0.0,40861.05,254883.44,NPR
2026-01-09,ACC0000003628,218865.47,11216.9,0.0,230082.37,NPR
2026-01-09,ACC0000003629,466574.14,0.0,56788.7,409785.44,NPR
2026-01-09,ACC0000003630,392361.57,0.0,0.0,392361.57,NPR
2026-01-09,ACC0000003631,8773.58,0.0,0.0,8773.58,NPR
2026-01-09,ACC0000003632,424153.45,0.0,47776.77,376376.68,NPR
2026-01-09,ACC0000003633,348304.38,0.0,0.0,348304.38,NPR
2026-01-09,ACC0000003634,417558.45,13676.35,77079.43,354155.37,NPR
2026-01-09,ACC0000003635,165655.27,24928.76,87267.54,103316.49,NPR
2026-01-09,ACC0000003636,216937.51,0.0,53027.4,163910.11,NPR
2026-01-09,ACC0000003637,361840.83,0.0,0.0,361840.83,NPR
2026-01-09,ACC0000003638,140121.35,44109.65,28374.12,155856.88,NPR
2026-01-09,ACC0000003639,226260.21,45540.53,28800.49,243000.25,NPR
2026-01-09,ACC0000003640,323787.51,2952.52,35966.94,290773.09,NPR
2026-01-09,ACC0000003641,341102.72,0.0,0.0,341102.72,NPR
2026-01-09,ACC0000003642,493343.93,0.0,90420.92,402923.01,NPR
2026-01-09,ACC0000003643,302804.01,0.0,18768.82,284035.19,NPR
2026-01-09,ACC0000003644,20992.9,0.0,0.0,20992.9,NPR
2026-01-09,ACC0000003645,19569.39,0.0,63873.99,-44304.6,NPR
2026-01-09,ACC0000003646,374147.49,0.0,29832.91,344314.58,NPR
2026-01-09,ACC0000003647,18564.0,61800.53,25515.65,54848.88,NPR
2026-01-09,ACC0000003648,144347.86,0.0,83384.61,60963.25,NPR
2026-01-09,ACC0000003649,414194.09,15124.59,38454.85,390863.83,NPR
2026-01-09,ACC0000003650,144715.94,48780.99,48438.57,145058.36,NPR
2026-01-09,ACC0000003651,407664.4,0.0,0.0,407664.4,NPR
2026-01-09,ACC0000003652,295567.68,0.0,0.0,295567.68,NPR
2026-01-09,ACC0000003653,85276.21,0.0,70099.7,15176.51,NPR
2026-01-09,ACC0000003654,202488.42,15152.2,6104.68,211535.94,NPR
2026-01-09,ACC0000003655,399265.28,0.0,51697.91,347567.37,NPR
2026-01-09,ACC0000003656,49850.62,0.0,91138.42,-41287.8,NPR
2026-01-09,ACC0000003657,31186.9,65073.22,75142.59,21117.53,NPR
2026-01-09,ACC0000003658,22550.47,0.0,474.38,22076.09,NPR
2026-01-09,ACC0000003659,74227.75,27972.77,107087.93,-4887.41,NPR
2026-01-09,ACC0000003660,180391.49,0.0,124764.76,55626.73,NPR
2026-01-09,ACC0000003661,444125.29,0.0,74058.07,370067.22,NPR
2026-01-09,ACC0000003662,69350.34,32584.98,2364.13,99571.19,NPR
2026-01-09,ACC0000003663,166027.18,0.0,74356.96,91670.22,NPR
2026-01-09,ACC0000003664,387849.46,8818.19,90572.24,306095.41,NPR
2026-01-09,ACC0000003665,198265.98,0.0,29773.54,168492.44,NPR
2026-01-09,ACC0000003666,139958.08,44179.78,27114.63,157023.23,NPR
2026-01-09,ACC0000003667,186774.62,31706.01,82752.57,135728.06,NPR
2026-01-09,ACC0000003668,469437.87,0.0,38513.95,430923.92,NPR
2026-01-09,ACC0000003669,149658.41,37355.74,0.0,187014.15,NPR
2026-01-09,ACC0000003670,170097.29,8106.68,51718.2,126485.77,NPR
2026-01-09,ACC0000003671,473076.37,29497.69,0.0,502574.06,NPR
2026-01-09,ACC0000003672,74618.76,0.0,34219.27,40399.49,NPR
2026-01-09,ACC0000003673,62647.59,3418.41,76856.93,-10790.93,NPR
2026-01-09,ACC0000003674,301770.74,0.0,40817.11,260953.63,NPR
2026-01-09,ACC0000003675,197939.22,0.0,0.0,197939.22,NPR
2026-01-09,ACC0000003676,43841.73,0.0,38816.93,5024.8,NPR
2026-01-09,ACC0000003677,271970.68,0.0,104621.7,167348.98,NPR
2026-01-09,ACC0000003678,458660.34,0.0,69323.91,389336.43,NPR
2026-01-09,ACC0000003679,186380.04,44243.06,43492.28,187130.82,NPR
2026-01-09,ACC0000003680,381413.01,74352.87,88913.46,366852.42,NPR
2026-01-09,ACC0000003681,212267.63,45024.05,15475.82,241815.86,NPR
2026-01-09,ACC0000003682,140312.73,3074.35,87345.9,56041.18,NPR
2026-01-09,ACC0000003683,228104.97,0.0,57501.68,170603.29,NPR
2026-01-09,ACC0000003684,449237.4,34223.52,155549.68,327911.24,NPR
2026-01-09,ACC0000003685,480494.42,0.0,0.0,480494.42,NPR
2026-01-09,ACC0000003686,101752.02,0.0,134723.23,-32971.21,NPR
2026-01-09,ACC0000003687,89393.45,0.0,69039.34,20354.11,NPR
2026-01-09,ACC0000003688,396642.48,0.0,46118.8,350523.68,NPR
2026-01-09,ACC0000003689,354361.8,9972.23,26243.36,338090.67,NPR
2026-01-09,ACC0000003690,155821.31,35320.5,28056.98,163084.83,NPR
2026-01-09,ACC0000003691,10950.07,7457.42,68004.9,-49597.41,NPR
2026-01-09,ACC0000003692,116728.05,65945.97,98331.88,84342.14,NPR
2026-01-09,ACC0000003693,108139.64,5740.31,43785.94,70094.01,NPR
2026-01-09,ACC0000003694,368470.2,0.0,19445.29,349024.91,NPR
2026-01-09,ACC0000003695,208294.48,0.0,0.0,208294.48,NPR
2026-01-09,ACC0000003696,157804.6,0.0,49819.14,107985.46,NPR
2026-01-09,ACC0000003697,322916.11,42099.7,83122.28,281893.53,NPR
2026-01-09,ACC0000003698,314899.67,4578.09,15443.26,304034.5,NPR
2026-01-09,ACC0000003699,89506.0,26848.76,0.0,116354.76,NPR
2026-01-09,ACC0000003700,367826.87,0.0,0.0,367826.87,NPR
2026-01-09,ACC0000003701,321503.17,0.0,127743.45,193759.72,NPR
2026-01-09,ACC0000003702,303334.22,18536.47,49119.33,272751.36,NPR
2026-01-09,ACC0000003703,435157.02,6194.1,107721.69,333629.43,NPR
2026-01-09,ACC0000003704,28903.8,30838.07,12693.54,47048.33,NPR
2026-01-09,ACC0000003705,440134.74,57736.8,169218.9,328652.64,NPR
2026-01-09,ACC0000003706,489879.34,0.0,0.0,489879.34,NPR
2026-01-09,ACC0000003707,231725.6,0.0,0.0,231725.6,NPR
2026-01-09,ACC0000003708,282187.89,0.0,42501.43,239686.46,NPR
2026-01-09,ACC0000003709,316317.17,131421.5,6602.54,441136.13,NPR
2026-01-09,ACC0000003710,21934.77,0.0,57345.01,-35410.24,NPR
2026-01-09,ACC0000003711,455218.49,0.0,47441.32,407777.17,NPR
2026-01-09,ACC0000003712,117160.24,45227.2,55843.07,106544.37,NPR
2026-01-09,ACC0000003713,388768.09,0.0,133507.83,255260.26,NPR
2026-01-09,ACC0000003714,250535.96,2201.03,126764.33,125972.66,NPR
2026-01-09,ACC0000003715,188689.08,0.0,85227.7,103461.38,NPR
2026-01-09,ACC0000003716,196890.81,0.0,10943.28,185947.53,NPR
2026-01-09,ACC0000003717,103191.86,43296.94,48200.01,98288.79,NPR
2026-01-09,ACC0000003718,177790.92,0.0,72684.72,105106.2,NPR
2026-01-09,ACC0000003719,121740.78,0.0,97561.17,24179.61,NPR
2026-01-09,ACC0000003720,113616.72,0.0,43576.47,70040.25,NPR
2026-01-09,ACC0000003721,39956.62,0.0,63792.57,-23835.95,NPR
2026-01-09,ACC0000003722,21524.24,0.0,9659.02,11865.22,NPR
2026-01-09,ACC0000003723,352027.55,41039.84,13064.96,380002.43,NPR
2026-01-09,ACC0000003724,434588.56,0.0,37302.75,397285.81,NPR
2026-01-09,ACC0000003725,329717.6,0.0,15340.86,314376.74,NPR
2026-01-09,ACC0000003726,196896.13,0.0,59025.14,137870.99,NPR
2026-01-09,ACC0000003727,119107.4,0.0,47017.28,72090.12,NPR
2026-01-09,ACC0000003728,326470.25,0.0,42602.04,283868.21,NPR
2026-01-09,ACC0000003729,361577.16,15931.2,0.0,377508.36,NPR
2026-01-09,ACC0000003730,444958.37,12191.7,0.0,457150.07,NPR
2026-01-09,ACC0000003731,155803.09,0.0,116012.36,39790.73,NPR
2026-01-09,ACC0000003732,261329.5,0.0,21108.89,240220.61,NPR
2026-01-09,ACC0000003733,279981.82,0.0,83694.05,196287.77,NPR
2026-01-09,ACC0000003734,132423.48,0.0,0.0,132423.48,NPR
2026-01-09,ACC0000003735,78913.88,20157.2,1342.93,97728.15,NPR
2026-01-09,ACC0000003736,307522.7,0.0,57322.56,250200.14,NPR
2026-01-09,ACC0000003737,337262.83,0.0,0.0,337262.83,NPR
2026-01-09,ACC0000003738,52585.5,0.0,91515.41,-38929.91,NPR
2026-01-09,ACC0000003739,242139.29,0.0,0.0,242139.29,NPR
2026-01-09,ACC0000003740,470817.56,34259.9,88565.26,416512.2,NPR
2026-01-09,ACC0000003741,495439.31,44237.22,130022.48,409654.05,NPR
2026-01-09,ACC0000003742,191832.27,45268.67,76863.21,160237.73,NPR
2026-01-09,ACC0000003743,89396.77,0.0,0.0,89396.77,NPR
2026-01-09,ACC0000003744,195941.07,60914.82,24560.35,232295.54,NPR
2026-01-09,ACC0000003745,114175.81,0.0,0.0,114175.81,NPR
2026-01-09,ACC0000003746,402505.88,60952.32,35918.42,427539.78,NPR
2026-01-09,ACC0000003747,132504.84,0.0,11133.2,121371.64,NPR
2026-01-09,ACC0000003748,492829.04,0.0,49165.33,443663.71,NPR
2026-01-09,ACC0000003749,125574.55,0.0,323.94,125250.61,NPR
2026-01-09,ACC0000003750,19783.8,9300.47,17097.64,11986.63,NPR
2026-01-09,ACC0000003751,273097.8,0.0,3003.09,270094.71,NPR
2026-01-09,ACC0000003752,135475.08,0.0,125265.03,10210.05,NPR
2026-01-09,ACC0000003753,216622.33,0.0,30722.85,185899.48,NPR
2026-01-09,ACC0000003754,14747.3,28242.86,69530.19,-26540.03,NPR
2026-01-09,ACC0000003755,192819.47,1092.12,12394.59,181517.0,NPR
2026-01-09,ACC0000003756,477786.71,8752.57,90964.26,395575.02,NPR
2026-01-09,ACC0000003757,261804.01,0.0,98342.4,163461.61,NPR
2026-01-09,ACC0000003758,297761.4,0.0,0.0,297761.4,NPR
2026-01-09,ACC0000003759,476232.31,0.0,0.0,476232.31,NPR
2026-01-09,ACC0000003760,371580.87,0.0,0.0,371580.87,NPR
2026-01-09,ACC0000003761,119569.7,0.0,16523.08,103046.62,NPR
2026-01-09,ACC0000003762,263689.47,0.0,42909.56,220779.91,NPR
2026-01-09,ACC0000003763,41922.46,42913.34,63631.26,21204.54,NPR
2026-01-09,ACC0000003764,386624.35,7717.6,147205.7,247136.25,NPR
2026-01-09,ACC0000003765,84696.98,0.0,54408.87,30288.11,NPR
2026-01-09,ACC0000003766,436555.35,34467.76,30702.28,440320.83,NPR
2026-01-09,ACC0000003767,311653.08,0.0,0.0,311653.08,NPR
2026-01-09,ACC0000003768,358065.25,0.0,2023.6,356041.65,NPR
2026-01-09,ACC0000003769,157768.75,0.0,0.0,157768.75,NPR
2026-01-09,ACC0000003770,68687.28,0.0,23784.14,44903.14,NPR
2026-01-09,ACC0000003771,266395.67,0.0,0.0,266395.67,NPR
2026-01-09,ACC0000003772,375303.42,10462.33,118522.42,267243.33,NPR
2026-01-09,ACC0000003773,227672.16,0.0,0.0,227672.16,NPR
2026-01-09,ACC0000003774,216136.12,27276.35,23107.87,220304.6,NPR
2026-01-09,ACC0000003775,57069.24,20472.99,83251.24,-5709.01,NPR
2026-01-09,ACC0000003776,36614.7,0.0,45584.36,-8969.66,NPR
2026-01-09,ACC0000003777,321104.4,8802.3,103946.21,225960.49,NPR
2026-01-09,ACC0000003778,101471.68,59637.15,137129.85,23978.98,NPR
2026-01-09,ACC0000003779,230350.15,0.0,0.0,230350.15,NPR
2026-01-09,ACC0000003780,187132.97,0.0,93870.52,93262.45,NPR
2026-01-09,ACC0000003781,289909.96,0.0,31633.88,258276.08,NPR
2026-01-09,ACC0000003782,403016.84,27645.59,68118.74,362543.69,NPR
2026-01-09,ACC0000003783,40720.83,0.0,70515.73,-29794.9,NPR
2026-01-09,ACC0000003784,249316.5,49610.39,18124.57,280802.32,NPR
2026-01-09,ACC0000003785,180572.51,0.0,0.0,180572.51,NPR
2026-01-09,ACC0000003786,77941.38,0.0,0.0,77941.38,NPR
2026-01-09,ACC0000003787,259731.63,0.0,48885.29,210846.34,NPR
2026-01-09,ACC0000003788,475218.76,7882.98,8298.15,474803.59,NPR
2026-01-09,ACC0000003789,14977.6,0.0,72247.57,-57269.97,NPR
2026-01-09,ACC0000003790,461500.3,43385.66,95919.23,408966.73,NPR
2026-01-09,ACC0000003791,90379.66,0.0,102065.88,-11686.22,NPR
2026-01-09,ACC0000003792,85032.88,0.0,69126.03,15906.85,NPR
2026-01-09,ACC0000003793,43822.38,0.0,6057.09,37765.29,NPR
2026-01-09,ACC0000003794,377254.33,0.0,28461.52,348792.81,NPR
2026-01-09,ACC0000003795,378311.42,0.0,19179.3,359132.12,NPR
2026-01-09,ACC0000003796,101961.61,19266.89,57655.34,63573.16,NPR
2026-01-09,ACC0000003797,220997.19,0.0,44079.72,176917.47,NPR
2026-01-09,ACC0000003798,211325.58,7990.61,0.0,219316.19,NPR
2026-01-09,ACC0000003799,355576.85,0.0,8025.15,347551.7,NPR
2026-01-09,ACC0000003800,80647.39,0.0,106293.99,-25646.6,NPR
2026-01-09,ACC0000003801,269691.82,0.0,102250.11,167441.71,NPR
2026-01-09,ACC0000003802,419820.05,8395.45,65860.27,362355.23,NPR
2026-01-09,ACC0000003803,240099.52,0.0,68059.8,172039.72,NPR
2026-01-09,ACC0000003804,260964.58,0.0,184112.93,76851.65,NPR
2026-01-09,ACC0000003805,23240.24,0.0,83134.83,-59894.59,NPR
2026-01-09,ACC0000003806,120516.76,0.0,25111.56,95405.2,NPR
2026-01-09,ACC0000003807,155207.43,0.0,8537.05,146670.38,NPR
2026-01-09,ACC0000003808,342509.31,8813.41,22110.36,329212.36,NPR
2026-01-09,ACC0000003809,259488.11,88833.75,86012.19,262309.67,NPR
2026-01-09,ACC0000003810,272015.16,0.0,48710.12,223305.04,NPR
2026-01-09,ACC0000003811,177859.59,0.0,45648.81,132210.78,NPR
2026-01-09,ACC0000003812,453808.66,0.0,0.0,453808.66,NPR
2026-01-09,ACC0000003813,297516.59,0.0,107995.02,189521.57,NPR
2026-01-09,ACC0000003814,321691.24,77188.87,48993.49,349886.62,NPR
2026-01-09,ACC0000003815,344004.43,1782.52,0.0,345786.95,NPR
2026-01-09,ACC0000003816,368938.07,104835.26,51241.79,422531.54,NPR
2026-01-09,ACC0000003817,32545.36,0.0,0.0,32545.36,NPR
2026-01-09,ACC0000003818,360128.64,0.0,47587.66,312540.98,NPR
2026-01-09,ACC0000003819,405325.15,35660.76,47027.1,393958.81,NPR
2026-01-09,ACC0000003820,8462.41,78342.29,38705.49,48099.21,NPR
2026-01-09,ACC0000003821,361302.62,0.0,0.0,361302.62,NPR
2026-01-09,ACC0000003822,431435.22,0.0,65041.73,366393.49,NPR
2026-01-09,ACC0000003823,152176.29,30184.1,14818.58,167541.81,NPR
2026-01-09,ACC0000003824,365926.73,0.0,0.0,365926.73,NPR
2026-01-09,ACC0000003825,8564.49,0.0,0.0,8564.49,NPR
2026-01-09,ACC0000003826,182995.69,0.0,0.0,182995.69,NPR
2026-01-09,ACC0000003827,250345.4,0.0,0.0,250345.4,NPR
2026-01-09,ACC0000003828,197906.05,0.0,122015.85,75890.2,NPR
2026-01-09,ACC0000003829,276513.14,0.0,0.0,276513.14,NPR
2026-01-09,ACC0000003830,191784.37,38165.94,48402.22,181548.09,NPR
2026-01-09,ACC0000003831,15331.54,0.0,139338.61,-124007.07,NPR
2026-01-09,ACC0000003832,59212.9,0.0,62076.33,-2863.43,NPR
2026-01-09,ACC0000003833,276767.48,0.0,6183.48,270584.0,NPR
2026-01-09,ACC0000003834,395050.04,34249.85,14909.44,414390.45,NPR
2026-01-09,ACC0000003835,471148.08,13354.56,65472.18,419030.46,NPR
2026-01-09,ACC0000003836,48452.34,0.0,32040.12,16412.22,NPR
2026-01-09,ACC0000003837,486743.12,0.0,0.0,486743.12,NPR
2026-01-09,ACC0000003838,305305.54,0.0,0.0,305305.54,NPR
2026-01-09,ACC0000003839,361539.87,19651.64,80573.77,300617.74,NPR
2026-01-09,ACC0000003840,345847.17,0.0,22435.4,323411.77,NPR
2026-01-09,ACC0000003841,462295.44,43884.17,0.0,506179.61,NPR
2026-01-09,ACC0000003842,144212.54,0.0,1249.63,142962.91,NPR
2026-01-09,ACC0000003843,150122.3,0.0,0.0,150122.3,NPR
2026-01-09,ACC0000003844,350349.87,25102.05,23686.23,351765.69,NPR
2026-01-09,ACC0000003845,151471.35,0.0,34728.69,116742.66,NPR
2026-01-09,ACC0000003846,454018.77,0.0,18849.73,435169.04,NPR
2026-01-09,ACC0000003847,389804.39,0.0,52306.51,337497.88,NPR
2026-01-09,ACC0000003848,476764.94,32133.18,13292.4,495605.72,NPR
2026-01-09,ACC0000003849,444096.89,43702.97,23691.06,464108.8,NPR
2026-01-09,ACC0000003850,158139.07,0.0,66917.34,91221.73,NPR
2026-01-09,ACC0000003851,477845.37,12867.08,30124.53,460587.92,NPR
2026-01-09,ACC0000003852,429161.65,0.0,10394.88,418766.77,NPR
2026-01-09,ACC0000003853,172213.65,29437.4,19506.58,182144.47,NPR
2026-01-09,ACC0000003854,379329.61,8392.96,100433.83,287288.74,NPR
2026-01-09,ACC0000003855,458578.4,0.0,10033.07,448545.33,NPR
2026-01-09,ACC0000003856,159866.58,0.0,392.18,159474.4,NPR
2026-01-09,ACC0000003857,183690.83,0.0,27751.08,155939.75,NPR
2026-01-09,ACC0000003858,496919.99,0.0,0.0,496919.99,NPR
2026-01-09,ACC0000003859,445310.64,30560.74,106465.43,369405.95,NPR
2026-01-09,ACC0000003860,296348.09,46990.02,72312.82,271025.29,NPR
2026-01-09,ACC0000003861,431990.0,43285.61,76473.09,398802.52,NPR
2026-01-09,ACC0000003862,351691.75,102097.67,37830.23,415959.19,NPR
2026-01-09,ACC0000003863,204441.71,0.0,0.0,204441.71,NPR
2026-01-09,ACC0000003864,476662.7,39908.72,76557.85,440013.57,NPR
2026-01-09,ACC0000003865,361045.52,0.0,108352.82,252692.7,NPR
2026-01-09,ACC0000003866,44759.11,46716.54,30713.66,60761.99,NPR
2026-01-09,ACC0000003867,475043.58,27443.68,50054.46,452432.8,NPR
2026-01-09,ACC0000003868,248176.05,17650.85,0.0,265826.9,NPR
2026-01-09,ACC0000003869,284842.31,0.0,82336.42,202505.89,NPR
2026-01-09,ACC0000003870,482675.95,0.0,99681.74,382994.21,NPR
2026-01-09,ACC0000003871,381078.84,9841.49,102673.14,288247.19,NPR
2026-01-09,ACC0000003872,56913.17,6500.4,34167.97,29245.6,NPR
2026-01-09,ACC0000003873,130338.39,11337.12,16906.75,124768.76,NPR
2026-01-09,ACC0000003874,470838.09,0.0,23696.05,447142.04,NPR
2026-01-09,ACC0000003875,394516.05,0.0,51449.28,343066.77,NPR
2026-01-09,ACC0000003876,412387.32,0.0,2395.57,409991.75,NPR
2026-01-09,ACC0000003877,328395.63,0.0,81584.21,246811.42,NPR
2026-01-09,ACC0000003878,345024.26,40628.89,119237.29,266415.86,NPR
2026-01-09,ACC0000003879,362320.91,0.0,225913.21,136407.7,NPR
2026-01-09,ACC0000003880,7250.23,0.0,42791.08,-35540.85,NPR
2026-01-09,ACC0000003881,423415.49,0.0,7059.91,416355.58,NPR
2026-01-09,ACC0000003882,29874.95,0.0,0.0,29874.95,NPR
2026-01-09,ACC0000003883,221946.39,30163.67,5978.62,246131.44,NPR
2026-01-09,ACC0000003884,103596.45,0.0,84323.06,19273.39,NPR
2026-01-09,ACC0000003885,117204.13,0.0,123941.02,-6736.89,NPR
2026-01-09,ACC0000003886,33176.08,0.0,0.0,33176.08,NPR
2026-01-09,ACC0000003887,22073.71,0.0,49475.52,-27401.81,NPR
2026-01-09,ACC0000003888,448611.78,0.0,17449.38,431162.4,NPR
2026-01-09,ACC0000003889,344402.53,17881.37,124124.76,238159.14,NPR
2026-01-09,ACC0000003890,248895.35,0.0,43626.97,205268.38,NPR
2026-01-09,ACC0000003891,33845.52,911.89,81297.48,-46540.07,NPR
2026-01-09,ACC0000003892,388884.37,0.0,44871.37,344013.0,NPR
2026-01-09,ACC0000003893,183769.09,0.0,0.0,183769.09,NPR
2026-01-09,ACC0000003894,462323.53,18335.65,39392.92,441266.26,NPR
2026-01-09,ACC0000003895,493588.94,48586.53,56557.52,485617.95,NPR
2026-01-09,ACC0000003896,349027.84,0.0,3758.55,345269.29,NPR
2026-01-09,ACC0000003897,6457.92,0.0,0.0,6457.92,NPR
2026-01-09,ACC0000003898,143504.2,0.0,74240.27,69263.93,NPR
2026-01-09,ACC0000003899,40940.82,0.0,45784.58,-4843.76,NPR
2026-01-09,ACC0000003900,207798.69,0.0,34707.14,173091.55,NPR
2026-01-09,ACC0000003901,348121.58,51502.05,26327.34,373296.29,NPR
2026-01-09,ACC0000003902,235961.38,0.0,68354.99,167606.39,NPR
2026-01-09,ACC0000003903,100247.2,64552.83,10339.54,154460.49,NPR
2026-01-09,ACC0000003904,181050.49,25907.98,47307.22,159651.25,NPR
2026-01-09,ACC0000003905,197419.14,936.99,89968.48,108387.65,NPR
2026-01-09,ACC0000003906,13650.84,0.0,95560.05,-81909.21,NPR
2026-01-09,ACC0000003907,309308.81,0.0,52219.14,257089.67,NPR
2026-01-09,ACC0000003908,198112.2,0.0,29198.36,168913.84,NPR
2026-01-09,ACC0000003909,293962.85,0.0,14792.63,279170.22,NPR
2026-01-09,ACC0000003910,446909.96,0.0,2911.76,443998.2,NPR
2026-01-09,ACC0000003911,321564.08,66291.1,48141.59,339713.59,NPR
2026-01-09,ACC0000003912,12618.93,0.0,0.0,12618.93,NPR
2026-01-09,ACC0000003913,81012.91,0.0,0.0,81012.91,NPR
2026-01-09,ACC0000003914,417345.75,26246.02,2750.69,440841.08,NPR
2026-01-09,ACC0000003915,287497.53,0.0,15057.2,272440.33,NPR
2026-01-09,ACC0000003916,311326.61,35548.17,113144.86,233729.92,NPR
2026-01-09,ACC0000003917,307350.43,0.0,0.0,307350.43,NPR
2026-01-09,ACC0000003918,149262.6,9857.14,150564.33,8555.41,NPR
2026-01-09,ACC0000003919,250256.0,0.0,25313.99,224942.01,NPR
2026-01-09,ACC0000003920,68460.93,0.0,73610.77,-5149.84,NPR
2026-01-09,ACC0000003921,32730.05,0.0,0.0,32730.05,NPR
2026-01-09,ACC0000003922,490439.56,0.0,85720.23,404719.33,NPR
2026-01-09,ACC0000003923,168832.29,8996.66,44612.71,133216.24,NPR
2026-01-09,ACC0000003924,380539.48,0.0,62400.13,318139.35,NPR
2026-01-09,ACC0000003925,113571.57,0.0,0.0,113571.57,NPR
2026-01-09,ACC0000003926,271897.53,0.0,43197.54,228699.99,NPR
2026-01-09,ACC0000003927,154576.13,0.0,41155.94,113420.19,NPR
2026-01-09,ACC0000003928,343720.56,7250.75,70192.56,280778.75,NPR
2026-01-09,ACC0000003929,212028.73,0.0,0.0,212028.73,NPR
2026-01-09,ACC0000003930,104910.92,0.0,35762.99,69147.93,NPR
2026-01-09,ACC0000003931,362429.92,0.0,10662.28,351767.64,NPR
2026-01-09,ACC0000003932,166400.19,0.0,19660.78,146739.41,NPR
2026-01-09,ACC0000003933,333039.44,43131.68,49819.7,326351.42,NPR
2026-01-09,ACC0000003934,21527.38,0.0,0.0,21527.38,NPR
2026-01-09,ACC0000003935,445649.23,33860.07,99320.54,380188.76,NPR
2026-01-09,ACC0000003936,8270.25,63538.64,43109.87,28699.02,NPR
2026-01-09,ACC0000003937,119576.06,0.0,64519.63,55056.43,NPR
2026-01-09,ACC0000003938,89232.9,0.0,78596.73,10636.17,NPR
2026-01-09,ACC0000003939,409371.74,0.0,52883.6,356488.14,NPR
2026-01-09,ACC0000003940,448330.99,0.0,108233.56,340097.43,NPR
2026-01-09,ACC0000003941,112511.56,0.0,7810.71,104700.85,NPR
2026-01-09,ACC0000003942,157307.43,43854.25,120661.97,80499.71,NPR
2026-01-09,ACC0000003943,29879.92,0.0,128509.08,-98629.16,NPR
2026-01-09,ACC0000003944,191578.26,0.0,0.0,191578.26,NPR
2026-01-09,ACC0000003945,69576.14,11546.94,36956.42,44166.66,NPR
2026-01-09,ACC0000003946,414224.4,8511.86,27943.26,394793.0,NPR
2026-01-09,ACC0000003947,182428.39,0.0,23968.38,158460.01,NPR
2026-01-09,ACC0000003948,444143.66,0.0,106929.22,337214.44,NPR
2026-01-09,ACC0000003949,251317.16,0.0,0.0,251317.16,NPR
2026-01-09,ACC0000003950,390611.14,974.03,98568.74,293016.43,NPR
2026-01-09,ACC0000003951,163780.11,35939.98,22096.73,177623.36,NPR
2026-01-09,ACC0000003952,166874.54,1483.96,44963.05,123395.45,NPR
2026-01-09,ACC0000003953,347499.43,0.0,147416.14,200083.29,NPR
2026-01-09,ACC0000003954,167484.5,0.0,42400.02,125084.48,NPR
2026-01-09,ACC0000003955,54910.19,17870.54,89530.71,-16749.98,NPR
2026-01-09,ACC0000003956,380962.68,0.0,26401.87,354560.81,NPR
2026-01-09,ACC0000003957,31416.08,0.0,7069.86,24346.22,NPR
2026-01-09,ACC0000003958,75490.54,0.0,101570.61,-26080.07,NPR
2026-01-09,ACC0000003959,22677.93,0.0,106959.55,-84281.62,NPR
2026-01-09,ACC0000003960,400310.99,0.0,47950.81,352360.18,NPR
2026-01-09,ACC0000003961,188898.29,0.0,0.0,188898.29,NPR
2026-01-09,ACC0000003962,288346.21,0.0,60344.51,228001.7,NPR
2026-01-09,ACC0000003963,78579.54,0.0,48354.2,30225.34,NPR
2026-01-09,ACC0000003964,409338.72,0.0,32344.21,376994.51,NPR
2026-01-09,ACC0000003965,239125.83,23627.49,5724.39,257028.93,NPR
2026-01-09,ACC0000003966,439553.27,37287.19,71021.63,405818.83,NPR
2026-01-09,ACC0000003967,464147.53,0.0,0.0,464147.53,NPR
2026-01-09,ACC0000003968,320277.01,73547.57,14258.58,379566.0,NPR
2026-01-09,ACC0000003969,112548.67,0.0,0.0,112548.67,NPR
2026-01-09,ACC0000003970,458370.68,0.0,0.0,458370.68,NPR
2026-01-09,ACC0000003971,107250.65,109374.4,13932.36,202692.69,NPR
2026-01-09,ACC0000003972,33736.65,0.0,85210.78,-51474.13,NPR
2026-01-09,ACC0000003973,155793.0,0.0,0.0,155793.0,NPR
2026-01-09,ACC0000003974,118090.7,44104.39,0.0,162195.09,NPR
2026-01-09,ACC0000003975,443978.01,0.0,0.0,443978.01,NPR
2026-01-09,ACC0000003976,262794.03,0.0,0.0,262794.03,NPR
2026-01-09,ACC0000003977,19229.3,46615.15,0.0,65844.45,NPR
2026-01-09,ACC0000003978,239337.92,36268.83,31994.4,243612.35,NPR
2026-01-09,ACC0000003979,398693.09,0.0,0.0,398693.09,NPR
2026-01-09,ACC0000003980,487351.2,0.0,20610.27,466740.93,NPR
2026-01-09,ACC0000003981,37331.34,6120.05,86440.77,-42989.38,NPR
2026-01-09,ACC0000003982,227139.41,0.0,608.18,226531.23,NPR
2026-01-09,ACC0000003983,186408.49,0.0,6387.43,180021.06,NPR
2026-01-09,ACC0000003984,247821.78,0.0,52655.26,195166.52,NPR
2026-01-09,ACC0000003985,256284.18,38157.28,41598.49,252842.97,NPR
2026-01-09,ACC0000003986,451729.06,72091.01,66148.6,457671.47,NPR
2026-01-09,ACC0000003987,354715.39,0.0,104643.28,250072.11,NPR
2026-01-09,ACC0000003988,291039.54,0.0,29970.02,261069.52,NPR
2026-01-09,ACC0000003989,167670.86,0.0,68338.06,99332.8,NPR
2026-01-09,ACC0000003990,341702.16,49983.55,73579.59,318106.12,NPR
2026-01-09,ACC0000003991,57231.51,42812.48,30421.32,69622.67,NPR
2026-01-09,ACC0000003992,87507.48,0.0,0.0,87507.48,NPR
2026-01-09,ACC0000003993,454930.32,44669.51,116307.11,383292.72,NPR
2026-01-09,ACC0000003994,448538.33,44443.27,98388.81,394592.79,NPR
2026-01-09,ACC0000003995,262141.7,0.0,0.0,262141.7,NPR
2026-01-09,ACC0000003996,202624.84,0.0,11657.76,190967.08,NPR
2026-01-09,ACC0000003997,81308.11,0.0,0.0,81308.11,NPR
2026-01-09,ACC0000003998,312159.53,29669.36,82254.17,259574.72,NPR
2026-01-09,ACC0000003999,408342.52,24074.89,59546.88,372870.53,NPR
2026-01-09,ACC0000004000,192292.92,0.0,51757.67,140535.25,NPR
2026-01-09,ACC0000004001,254853.88,0.0,88867.56,165986.32,NPR
2026-01-09,ACC0000004002,392852.94,0.0,0.0,392852.94,NPR
2026-01-09,ACC0000004003,332450.39,0.0,69178.98,263271.41,NPR
2026-01-09,ACC0000004004,494761.95,0.0,5783.15,488978.8,NPR
2026-01-09,ACC0000004005,283275.67,14672.85,0.0,297948.52,NPR
2026-01-09,ACC0000004006,230569.21,23104.45,18023.33,235650.33,NPR
2026-01-09,ACC0000004007,308502.31,0.0,5114.52,303387.79,NPR
2026-01-09,ACC0000004008,73664.87,0.0,69114.71,4550.16,NPR
2026-01-09,ACC0000004009,450800.67,0.0,176432.22,274368.45,NPR
2026-01-09,ACC0000004010,90243.95,0.0,0.0,90243.95,NPR
2026-01-09,ACC0000004011,363962.03,17923.04,36010.41,345874.66,NPR
2026-01-09,ACC0000004012,107469.59,2590.27,72125.94,37933.92,NPR
2026-01-09,ACC0000004013,243266.57,0.0,0.0,243266.57,NPR
2026-01-09,ACC0000004014,46118.29,0.0,88834.09,-42715.8,NPR
2026-01-09,ACC0000004015,444304.89,0.0,94067.3,350237.59,NPR
2026-01-09,ACC0000004016,438757.38,0.0,0.0,438757.38,NPR
2026-01-09,ACC0000004017,24967.8,10985.74,48244.29,-12290.75,NPR
2026-01-09,ACC0000004018,17718.86,37374.54,0.0,55093.4,NPR
2026-01-09,ACC0000004019,399559.69,0.0,0.0,399559.69,NPR
2026-01-09,ACC0000004020,403295.95,48899.55,0.0,452195.5,NPR
2026-01-09,ACC0000004021,21058.42,0.0,59694.04,-38635.62,NPR
2026-01-09,ACC0000004022,475547.23,0.0,0.0,475547.23,NPR
2026-01-09,ACC0000004023,491037.92,0.0,102769.87,388268.05,NPR
2026-01-09,ACC0000004024,258254.97,0.0,0.0,258254.97,NPR
2026-01-09,ACC0000004025,286631.81,0.0,81003.49,205628.32,NPR
2026-01-09,ACC0000004026,426284.69,0.0,0.0,426284.69,NPR
2026-01-09,ACC0000004027,41870.31,0.0,64708.67,-22838.36,NPR
2026-01-09,ACC0000004028,186618.53,138995.23,33731.37,291882.39,NPR
2026-01-09,ACC0000004029,106563.72,21668.57,44217.92,84014.37,NPR
2026-01-09,ACC0000004030,387326.58,31641.2,43307.87,375659.91,NPR
2026-01-09,ACC0000004031,43919.82,0.0,8095.57,35824.25,NPR
2026-01-09,ACC0000004032,436378.6,0.0,83451.32,352927.28,NPR
2026-01-09,ACC0000004033,178824.08,0.0,61313.89,117510.19,NPR
2026-01-09,ACC0000004034,108248.97,0.0,45006.44,63242.53,NPR
2026-01-09,ACC0000004035,57919.64,0.0,18450.14,39469.5,NPR
2026-01-09,ACC0000004036,257922.4,0.0,47847.64,210074.76,NPR
2026-01-09,ACC0000004037,419265.86,34316.04,11070.89,442511.01,NPR
2026-01-09,ACC0000004038,434702.89,0.0,0.0,434702.89,NPR
2026-01-09,ACC0000004039,81422.1,21792.26,30759.46,72454.9,NPR
2026-01-09,ACC0000004040,198598.32,0.0,107226.55,91371.77,NPR
2026-01-09,ACC0000004041,40534.35,0.0,194114.31,-153579.96,NPR
2026-01-09,ACC0000004042,88342.39,0.0,0.0,88342.39,NPR
2026-01-09,ACC0000004043,49630.23,8382.21,32206.31,25806.13,NPR
2026-01-09,ACC0000004044,356636.65,22567.26,6792.04,372411.87,NPR
2026-01-09,ACC0000004045,326035.89,0.0,98982.73,227053.16,NPR
2026-01-09,ACC0000004046,383792.45,6632.86,51508.09,338917.22,NPR
2026-01-09,ACC0000004047,27885.68,0.0,61628.22,-33742.54,NPR
2026-01-09,ACC0000004048,183229.11,31152.03,0.0,214381.14,NPR
2026-01-09,ACC0000004049,195830.72,0.0,70559.99,125270.73,NPR
2026-01-09,ACC0000004050,81452.31,0.0,0.0,81452.31,NPR
2026-01-09,ACC0000004051,151931.48,0.0,59884.34,92047.14,NPR
2026-01-09,ACC0000004052,72435.01,44025.71,0.0,116460.72,NPR
2026-01-09,ACC0000004053,262105.3,0.0,38830.82,223274.48,NPR
2026-01-09,ACC0000004054,116895.6,23020.25,47666.41,92249.44,NPR
2026-01-09,ACC0000004055,92438.77,0.0,22582.83,69855.94,NPR
2026-01-09,ACC0000004056,345042.27,24813.2,87429.9,282425.57,NPR
2026-01-09,ACC0000004057,476889.3,0.0,78696.42,398192.88,NPR
2026-01-09,ACC0000004058,289711.08,41880.26,96995.87,234595.47,NPR
2026-01-09,ACC0000004059,241218.93,0.0,17889.84,223329.09,NPR
2026-01-09,ACC0000004060,220454.92,0.0,34735.43,185719.49,NPR
2026-01-09,ACC0000004061,172500.36,0.0,151804.25,20696.11,NPR
2026-01-09,ACC0000004062,199588.21,85871.15,58750.92,226708.44,NPR
2026-01-09,ACC0000004063,332519.56,4595.74,0.0,337115.3,NPR
2026-01-09,ACC0000004064,221594.36,0.0,214275.93,7318.43,NPR
2026-01-09,ACC0000004065,450992.92,48562.31,0.0,499555.23,NPR
2026-01-09,ACC0000004066,177777.34,0.0,0.0,177777.34,NPR
2026-01-09,ACC0000004067,64261.66,0.0,13964.69,50296.97,NPR
2026-01-09,ACC0000004068,469278.14,13678.57,27593.98,455362.73,NPR
2026-01-09,ACC0000004069,132564.35,13786.58,86042.5,60308.43,NPR
2026-01-09,ACC0000004070,366011.65,0.0,9019.18,356992.47,NPR
2026-01-09,ACC0000004071,464153.65,0.0,51176.03,412977.62,NPR
2026-01-09,ACC0000004072,492645.89,18250.29,0.0,510896.18,NPR
2026-01-09,ACC0000004073,290161.17,23667.5,71841.78,241986.89,NPR
2026-01-09,ACC0000004074,168778.48,28814.58,90180.06,107413.0,NPR
2026-01-09,ACC0000004075,74011.61,49157.76,51214.05,71955.32,NPR
2026-01-09,ACC0000004076,472975.65,0.0,92004.31,380971.34,NPR
2026-01-09,ACC0000004077,32074.33,0.0,51261.27,-19186.94,NPR
2026-01-09,ACC0000004078,230810.0,0.0,0.0,230810.0,NPR
2026-01-09,ACC0000004079,440961.59,26906.36,134634.43,333233.52,NPR
2026-01-09,ACC0000004080,351579.47,0.0,0.0,351579.47,NPR
2026-01-09,ACC0000004081,190984.82,0.0,114606.87,76377.95,NPR
2026-01-09,ACC0000004082,303414.97,0.0,0.0,303414.97,NPR
2026-01-09,ACC0000004083,346709.65,0.0,61120.44,285589.21,NPR
2026-01-09,ACC0000004084,227507.38,0.0,16728.11,210779.27,NPR
2026-01-09,ACC0000004085,353665.91,0.0,0.0,353665.91,NPR
2026-01-09,ACC0000004086,76316.54,0.0,62051.9,14264.64,NPR
2026-01-09,ACC0000004087,456295.71,0.0,0.0,456295.71,NPR
2026-01-09,ACC0000004088,76208.48,0.0,0.0,76208.48,NPR
2026-01-09,ACC0000004089,90690.27,18454.55,70850.76,38294.06,NPR
2026-01-09,ACC0000004090,128748.3,0.0,0.0,128748.3,NPR
2026-01-09,ACC0000004091,137213.09,38503.01,46464.98,129251.12,NPR
2026-01-09,ACC0000004092,360969.18,0.0,82581.6,278387.58,NPR
2026-01-09,ACC0000004093,333107.57,0.0,84439.55,248668.02,NPR
2026-01-09,ACC0000004094,485383.23,6026.99,49842.24,441567.98,NPR
2026-01-09,ACC0000004095,167378.09,1908.99,64631.98,104655.1,NPR
2026-01-09,ACC0000004096,361435.88,0.0,53166.7,308269.18,NPR
2026-01-09,ACC0000004097,244775.16,57706.15,15420.79,287060.52,NPR
2026-01-09,ACC0000004098,141981.38,16842.73,44502.46,114321.65,NPR
2026-01-09,ACC0000004099,315113.27,65869.84,68811.38,312171.73,NPR
2026-01-09,ACC0000004100,91844.69,0.0,50963.7,40880.99,NPR
2026-01-09,ACC0000004101,6836.86,22612.59,34784.47,-5335.02,NPR
2026-01-09,ACC0000004102,212707.86,28592.53,4661.1,236639.29,NPR
2026-01-09,ACC0000004103,494903.32,0.0,48650.5,446252.82,NPR
2026-01-09,ACC0000004104,300352.87,0.0,25829.21,274523.66,NPR
2026-01-09,ACC0000004105,428703.1,78510.78,127226.95,379986.93,NPR
2026-01-09,ACC0000004106,201124.03,0.0,10874.58,190249.45,NPR
2026-01-09,ACC0000004107,153219.66,42810.63,44035.11,151995.18,NPR
2026-01-09,ACC0000004108,394064.31,0.0,0.0,394064.31,NPR
2026-01-09,ACC0000004109,438684.09,0.0,0.0,438684.09,NPR
2026-01-09,ACC0000004110,101298.56,17596.82,25680.85,93214.53,NPR
2026-01-09,ACC0000004111,157370.92,0.0,0.0,157370.92,NPR
2026-01-09,ACC0000004112,462157.77,0.0,41242.54,420915.23,NPR
2026-01-09,ACC0000004113,263137.15,0.0,0.0,263137.15,NPR
2026-01-09,ACC0000004114,46696.71,0.0,38349.25,8347.46,NPR
2026-01-09,ACC0000004115,115348.41,0.0,0.0,115348.41,NPR
2026-01-09,ACC0000004116,263310.84,0.0,0.0,263310.84,NPR
2026-01-09,ACC0000004117,166215.44,33960.26,87992.5,112183.2,NPR
2026-01-09,ACC0000004118,251470.83,4153.89,93368.77,162255.95,NPR
2026-01-09,ACC0000004119,254302.32,0.0,0.0,254302.32,NPR
2026-01-09,ACC0000004120,309909.8,0.0,47989.76,261920.04,NPR
2026-01-09,ACC0000004121,214040.03,0.0,0.0,214040.03,NPR
2026-01-09,ACC0000004122,8784.91,23272.88,127070.47,-95012.68,NPR
2026-01-09,ACC0000004123,107959.2,0.0,0.0,107959.2,NPR
2026-01-09,ACC0000004124,122717.02,0.0,0.0,122717.02,NPR
2026-01-09,ACC0000004125,16556.13,0.0,0.0,16556.13,NPR
2026-01-09,ACC0000004126,246617.52,0.0,168850.84,77766.68,NPR
2026-01-09,ACC0000004127,144600.42,0.0,18938.88,125661.54,NPR
2026-01-09,ACC0000004128,469237.05,0.0,49829.49,419407.56,NPR
2026-01-09,ACC0000004129,64794.58,32383.08,72494.76,24682.9,NPR
2026-01-09,ACC0000004130,390307.53,0.0,94383.82,295923.71,NPR
2026-01-09,ACC0000004131,430030.52,0.0,18924.05,411106.47,NPR
2026-01-09,ACC0000004132,482811.29,21694.24,48004.57,456500.96,NPR
2026-01-09,ACC0000004133,425093.61,0.0,61605.86,363487.75,NPR
2026-01-09,ACC0000004134,100270.46,0.0,0.0,100270.46,NPR
2026-01-09,ACC0000004135,473558.82,0.0,77849.57,395709.25,NPR
2026-01-09,ACC0000004136,143159.36,0.0,62858.0,80301.36,NPR
2026-01-09,ACC0000004137,164225.79,0.0,0.0,164225.79,NPR
2026-01-09,ACC0000004138,112964.67,0.0,0.0,112964.67,NPR
2026-01-09,ACC0000004139,382880.86,0.0,49773.47,333107.39,NPR
2026-01-09,ACC0000004140,317028.88,0.0,34457.65,282571.23,NPR
2026-01-09,ACC0000004141,221600.9,11410.32,87292.37,145718.85,NPR
2026-01-09,ACC0000004142,130695.95,0.0,34883.18,95812.77,NPR
2026-01-09,ACC0000004143,251224.11,21847.28,53430.49,219640.9,NPR
2026-01-09,ACC0000004144,182802.24,9423.65,40943.49,151282.4,NPR
2026-01-09,ACC0000004145,446482.99,0.0,0.0,446482.99,NPR
2026-01-09,ACC0000004146,196739.45,20918.24,54284.57,163373.12,NPR
2026-01-09,ACC0000004147,14103.76,0.0,41932.15,-27828.39,NPR
2026-01-09,ACC0000004148,393806.5,0.0,0.0,393806.5,NPR
2026-01-09,ACC0000004149,397560.45,69421.87,6880.61,460101.71,NPR
2026-01-09,ACC0000004150,207819.83,0.0,0.0,207819.83,NPR
2026-01-09,ACC0000004151,367875.48,5004.27,0.0,372879.75,NPR
2026-01-09,ACC0000004152,230794.71,0.0,0.0,230794.71,NPR
2026-01-09,ACC0000004153,468956.25,0.0,28744.16,440212.09,NPR
2026-01-09,ACC0000004154,432998.16,19487.1,120448.42,332036.84,NPR
2026-01-09,ACC0000004155,190490.21,0.0,60827.0,129663.21,NPR
2026-01-09,ACC0000004156,166055.6,0.0,35768.23,130287.37,NPR
2026-01-09,ACC0000004157,402802.85,74142.02,143242.2,333702.67,NPR
2026-01-09,ACC0000004158,84770.06,0.0,0.0,84770.06,NPR
2026-01-09,ACC0000004159,318106.77,10385.76,93904.05,234588.48,NPR
2026-01-09,ACC0000004160,432021.73,0.0,39567.3,392454.43,NPR
2026-01-09,ACC0000004161,37305.19,0.0,0.0,37305.19,NPR
2026-01-09,ACC0000004162,269096.52,0.0,31578.2,237518.32,NPR
2026-01-09,ACC0000004163,310913.27,0.0,77650.18,233263.09,NPR
2026-01-09,ACC0000004164,295006.79,0.0,0.0,295006.79,NPR
2026-01-09,ACC0000004165,253458.88,82153.13,47699.62,287912.39,NPR
2026-01-09,ACC0000004166,127387.51,0.0,8455.07,118932.44,NPR
2026-01-09,ACC0000004167,499316.87,0.0,65661.44,433655.43,NPR
2026-01-09,ACC0000004168,293398.36,0.0,76472.25,216926.11,NPR
2026-01-09,ACC0000004169,145795.44,0.0,61455.69,84339.75,NPR
2026-01-09,ACC0000004170,82973.66,81124.17,0.0,164097.83,NPR
2026-01-09,ACC0000004171,459067.43,15449.26,46096.35,428420.34,NPR
2026-01-09,ACC0000004172,31360.42,0.0,61794.25,-30433.83,NPR
2026-01-09,ACC0000004173,103744.4,0.0,63234.81,40509.59,NPR
2026-01-09,ACC0000004174,56081.37,0.0,101553.66,-45472.29,NPR
2026-01-09,ACC0000004175,440426.42,36868.99,77056.83,400238.58,NPR
2026-01-09,ACC0000004176,478782.36,0.0,74058.14,404724.22,NPR
2026-01-09,ACC0000004177,435060.31,0.0,97671.06,337389.25,NPR
2026-01-09,ACC0000004178,487563.04,0.0,41237.15,446325.89,NPR
2026-01-09,ACC0000004179,240664.67,18671.53,865.22,258470.98,NPR
2026-01-09,ACC0000004180,369467.19,0.0,41878.08,327589.11,NPR
2026-01-09,ACC0000004181,313795.15,0.0,0.0,313795.15,NPR
2026-01-09,ACC0000004182,233065.84,0.0,36566.12,196499.72,NPR
2026-01-09,ACC0000004183,26653.24,0.0,47543.48,-20890.24,NPR
2026-01-09,ACC0000004184,420279.84,0.0,47568.5,372711.34,NPR
2026-01-09,ACC0000004185,412303.11,42727.64,0.0,455030.75,NPR
2026-01-09,ACC0000004186,373877.56,0.0,27213.37,346664.19,NPR
2026-01-09,ACC0000004187,197827.43,0.0,0.0,197827.43,NPR
2026-01-09,ACC0000004188,202362.45,601.73,61826.06,141138.12,NPR
2026-01-09,ACC0000004189,62157.9,0.0,28938.0,33219.9,NPR
2026-01-09,ACC0000004190,318172.51,0.0,95319.48,222853.03,NPR
2026-01-09,ACC0000004191,315589.43,0.0,188728.05,126861.38,NPR
2026-01-09,ACC0000004192,64369.3,0.0,197902.11,-133532.81,NPR
2026-01-09,ACC0000004193,249551.97,0.0,21113.22,228438.75,NPR
2026-01-09,ACC0000004194,219396.25,49794.39,79056.67,190133.97,NPR
2026-01-09,ACC0000004195,215828.58,0.0,2174.58,213654.0,NPR
2026-01-09,ACC0000004196,103879.75,0.0,0.0,103879.75,NPR
2026-01-09,ACC0000004197,208221.06,0.0,61809.1,146411.96,NPR
2026-01-09,ACC0000004198,185706.3,0.0,2430.75,183275.55,NPR
2026-01-09,ACC0000004199,252423.55,29855.04,16828.1,265450.49,NPR
2026-01-09,ACC0000004200,70069.29,30552.9,82568.0,18054.19,NPR
2026-01-09,ACC0000004201,158938.11,0.0,0.0,158938.11,NPR
2026-01-09,ACC0000004202,325568.79,0.0,59614.3,265954.49,NPR
2026-01-09,ACC0000004203,452999.41,0.0,0.0,452999.41,NPR
2026-01-09,ACC0000004204,176798.65,0.0,64815.79,111982.86,NPR
2026-01-09,ACC0000004205,473337.26,44645.39,69111.22,448871.43,NPR
2026-01-09,ACC0000004206,179804.58,18581.27,47628.7,150757.15,NPR
2026-01-09,ACC0000004207,329844.49,0.0,0.0,329844.49,NPR
2026-01-09,ACC0000004208,172381.06,0.0,62595.98,109785.08,NPR
2026-01-09,ACC0000004209,363569.9,0.0,0.0,363569.9,NPR
2026-01-09,ACC0000004210,498585.3,0.0,45078.56,453506.74,NPR
2026-01-09,ACC0000004211,139508.22,0.0,18901.48,120606.74,NPR
2026-01-09,ACC0000004212,499036.24,21716.51,80086.1,440666.65,NPR
2026-01-09,ACC0000004213,249296.54,43541.53,50750.08,242087.99,NPR
2026-01-09,ACC0000004214,128566.31,0.0,0.0,128566.31,NPR
2026-01-09,ACC0000004215,18552.25,0.0,95549.2,-76996.95,NPR
2026-01-09,ACC0000004216,374105.9,0.0,18548.05,355557.85,NPR
2026-01-09,ACC0000004217,251981.92,4868.98,31372.56,225478.34,NPR
2026-01-09,ACC0000004218,317552.09,0.0,115612.64,201939.45,NPR
2026-01-09,ACC0000004219,115142.0,0.0,0.0,115142.0,NPR
2026-01-09,ACC0000004220,227250.34,0.0,0.0,227250.34,NPR
2026-01-09,ACC0000004221,440169.83,0.0,134105.56,306064.27,NPR
2026-01-09,ACC0000004222,214692.31,0.0,5979.02,208713.29,NPR
2026-01-09,ACC0000004223,358947.62,0.0,99939.13,259008.49,NPR
2026-01-09,ACC0000004224,278300.64,0.0,61770.66,216529.98,NPR
2026-01-09,ACC0000004225,53365.45,30155.64,134632.66,-51111.57,NPR
2026-01-09,ACC0000004226,67847.3,17610.96,73229.24,12229.02,NPR
2026-01-09,ACC0000004227,282469.57,11877.53,41753.26,252593.84,NPR
2026-01-09,ACC0000004228,152777.04,69460.61,14141.74,208095.91,NPR
2026-01-09,ACC0000004229,166544.04,0.0,0.0,166544.04,NPR
2026-01-09,ACC0000004230,75197.24,35895.66,0.0,111092.9,NPR
2026-01-09,ACC0000004231,310025.34,0.0,20796.63,289228.71,NPR
2026-01-09,ACC0000004232,322365.61,20690.36,2959.28,340096.69,NPR
2026-01-09,ACC0000004233,402913.92,0.0,0.0,402913.92,NPR
2026-01-09,ACC0000004234,341746.88,0.0,4094.29,337652.59,NPR
2026-01-09,ACC0000004235,87336.99,0.0,58683.87,28653.12,NPR
2026-01-09,ACC0000004236,99671.05,0.0,35845.4,63825.65,NPR
2026-01-09,ACC0000004237,343021.75,0.0,51491.39,291530.36,NPR
2026-01-09,ACC0000004238,119074.75,0.0,32012.24,87062.51,NPR
2026-01-09,ACC0000004239,411512.31,0.0,0.0,411512.31,NPR
2026-01-09,ACC0000004240,2431.84,0.0,91418.84,-88987.0,NPR
2026-01-09,ACC0000004241,43184.48,0.0,37650.1,5534.38,NPR
2026-01-09,ACC0000004242,226702.76,0.0,26092.26,200610.5,NPR
2026-01-09,ACC0000004243,445120.65,10807.09,99071.29,356856.45,NPR
2026-01-09,ACC0000004244,481592.1,48915.0,7566.26,522940.84,NPR
2026-01-09,ACC0000004245,195706.69,45593.68,5867.67,235432.7,NPR
2026-01-09,ACC0000004246,280204.77,8259.91,113671.07,174793.61,NPR
2026-01-09,ACC0000004247,407579.37,52921.11,28031.38,432469.1,NPR
2026-01-09,ACC0000004248,361767.28,42832.43,0.0,404599.71,NPR
2026-01-09,ACC0000004249,13291.11,15248.3,82871.55,-54332.14,NPR
2026-01-09,ACC0000004250,16508.96,0.0,0.0,16508.96,NPR
2026-01-09,ACC0000004251,319024.75,0.0,113015.51,206009.24,NPR
2026-01-09,ACC0000004252,173868.74,0.0,0.0,173868.74,NPR
2026-01-09,ACC0000004253,337065.19,48034.75,0.0,385099.94,NPR
2026-01-09,ACC0000004254,178219.23,0.0,0.0,178219.23,NPR
2026-01-09,ACC0000004255,305775.86,15917.96,93041.46,228652.36,NPR
2026-01-09,ACC0000004256,434235.59,79831.15,56927.66,457139.08,NPR
2026-01-09,ACC0000004257,279992.52,0.0,68587.03,211405.49,NPR
2026-01-09,ACC0000004258,277057.02,0.0,53767.68,223289.34,NPR
2026-01-09,ACC0000004259,169279.81,15511.16,25713.62,159077.35,NPR
2026-01-09,ACC0000004260,410500.8,5719.32,67766.71,348453.41,NPR
2026-01-09,ACC0000004261,360278.52,0.0,0.0,360278.52,NPR
2026-01-09,ACC0000004262,305918.89,0.0,72673.01,233245.88,NPR
2026-01-09,ACC0000004263,311736.92,28289.08,61577.12,278448.88,NPR
2026-01-09,ACC0000004264,321000.21,17180.04,0.0,338180.25,NPR
2026-01-09,ACC0000004265,229147.98,0.0,0.0,229147.98,NPR
2026-01-09,ACC0000004266,244281.11,0.0,176105.46,68175.65,NPR
2026-01-09,ACC0000004267,322777.62,0.0,0.0,322777.62,NPR
2026-01-09,ACC0000004268,97321.14,0.0,0.0,97321.14,NPR
2026-01-09,ACC0000004269,344411.89,9169.46,46320.46,307260.89,NPR
2026-01-09,ACC0000004270,434918.78,0.0,47137.97,387780.81,NPR
2026-01-09,ACC0000004271,156809.11,0.0,0.0,156809.11,NPR
2026-01-09,ACC0000004272,330892.05,0.0,0.0,330892.05,NPR
2026-01-09,ACC0000004273,202345.65,15939.32,112159.61,106125.36,NPR
2026-01-09,ACC0000004274,498817.43,19496.14,170774.16,347539.41,NPR
2026-01-09,ACC0000004275,122961.89,0.0,32332.75,90629.14,NPR
2026-01-09,ACC0000004276,162326.95,0.0,91072.83,71254.12,NPR
2026-01-09,ACC0000004277,264146.46,0.0,1167.42,262979.04,NPR
2026-01-09,ACC0000004278,298594.33,0.0,43802.33,254792.0,NPR
2026-01-09,ACC0000004279,222347.15,0.0,45636.85,176710.3,NPR
2026-01-09,ACC0000004280,198827.95,2769.35,62436.43,139160.87,NPR
2026-01-09,ACC0000004281,6227.59,35070.78,41504.51,-206.14,NPR
2026-01-09,ACC0000004282,368659.86,30606.05,31394.27,367871.64,NPR
2026-01-09,ACC0000004283,331087.74,0.0,111283.01,219804.73,NPR
2026-01-09,ACC0000004284,356134.01,46902.9,67797.93,335238.98,NPR
2026-01-09,ACC0000004285,21604.41,1423.03,38136.72,-15109.28,NPR
2026-01-09,ACC0000004286,178331.01,0.0,54452.04,123878.97,NPR
2026-01-09,ACC0000004287,272739.68,38096.11,0.0,310835.79,NPR
2026-01-09,ACC0000004288,71676.43,37724.27,56856.44,52544.26,NPR
2026-01-09,ACC0000004289,256387.36,19921.09,0.0,276308.45,NPR
2026-01-09,ACC0000004290,73430.1,0.0,44477.28,28952.82,NPR
2026-01-09,ACC0000004291,325531.61,0.0,23584.38,301947.23,NPR
2026-01-09,ACC0000004292,374311.23,26225.57,42171.35,358365.45,NPR
2026-01-09,ACC0000004293,354408.95,0.0,58356.22,296052.73,NPR
2026-01-09,ACC0000004294,126513.42,0.0,8257.7,118255.72,NPR
2026-01-09,ACC0000004295,309382.15,8254.4,7065.1,310571.45,NPR
2026-01-09,ACC0000004296,50227.18,45000.94,138321.48,-43093.36,NPR
2026-01-09,ACC0000004297,168823.02,0.0,1051.17,167771.85,NPR
2026-01-09,ACC0000004298,492209.07,0.0,99751.9,392457.17,NPR
2026-01-09,ACC0000004299,149050.61,90322.04,73331.5,166041.15,NPR
2026-01-09,ACC0000004300,471664.58,0.0,65639.92,406024.66,NPR
2026-01-09,ACC0000004301,415492.51,7605.99,101504.8,321593.7,NPR
2026-01-09,ACC0000004302,259267.1,0.0,117320.87,141946.23,NPR
2026-01-09,ACC0000004303,49905.57,19088.09,49058.64,19935.02,NPR
2026-01-09,ACC0000004304,60234.29,0.0,51189.31,9044.98,NPR
2026-01-09,ACC0000004305,401942.24,34237.31,0.0,436179.55,NPR
2026-01-09,ACC0000004306,146141.76,59002.58,0.0,205144.34,NPR
2026-01-09,ACC0000004307,384803.17,41960.86,0.0,426764.03,NPR
2026-01-09,ACC0000004308,30187.69,23804.9,0.0,53992.59,NPR
2026-01-09,ACC0000004309,279234.3,47793.33,94046.41,232981.22,NPR
2026-01-09,ACC0000004310,77840.89,0.0,72097.74,5743.15,NPR
2026-01-09,ACC0000004311,165646.08,2462.59,15539.07,152569.6,NPR
2026-01-09,ACC0000004312,98640.33,41134.92,35066.61,104708.64,NPR
2026-01-09,ACC0000004313,254886.16,0.0,115084.86,139801.3,NPR
2026-01-09,ACC0000004314,157766.18,0.0,2930.36,154835.82,NPR
2026-01-09,ACC0000004315,248498.95,0.0,107938.48,140560.47,NPR
2026-01-09,ACC0000004316,384627.6,0.0,0.0,384627.6,NPR
2026-01-09,ACC0000004317,174499.31,9013.14,149295.8,34216.65,NPR
2026-01-09,ACC0000004318,472357.54,0.0,53974.92,418382.62,NPR
2026-01-09,ACC0000004319,493197.22,36684.58,62120.15,467761.65,NPR
2026-01-09,ACC0000004320,168636.56,0.0,0.0,168636.56,NPR
2026-01-09,ACC0000004321,161656.37,0.0,108023.43,53632.94,NPR
2026-01-09,ACC0000004322,269744.18,0.0,59604.24,210139.94,NPR
2026-01-09,ACC0000004323,496093.84,0.0,95575.71,400518.13,NPR
2026-01-09,ACC0000004324,486115.64,0.0,60463.98,425651.66,NPR
2026-01-09,ACC0000004325,69469.12,0.0,49581.73,19887.39,NPR
2026-01-09,ACC0000004326,107092.67,0.0,13748.79,93343.88,NPR
2026-01-09,ACC0000004327,395418.06,70221.63,40193.07,425446.62,NPR
2026-01-09,ACC0000004328,239214.98,0.0,37652.16,201562.82,NPR
2026-01-09,ACC0000004329,122456.06,83900.24,40248.2,166108.1,NPR
2026-01-09,ACC0000004330,368118.76,31592.92,2093.51,397618.17,NPR
2026-01-09,ACC0000004331,381147.62,0.0,146099.48,235048.14,NPR
2026-01-09,ACC0000004332,44483.17,0.0,820.81,43662.36,NPR
2026-01-09,ACC0000004333,251324.52,0.0,55219.71,196104.81,NPR
2026-01-09,ACC0000004334,161228.88,0.0,50756.26,110472.62,NPR
2026-01-09,ACC0000004335,17306.84,43777.91,30158.31,30926.44,NPR
2026-01-09,ACC0000004336,381193.08,0.0,41154.1,340038.98,NPR
2026-01-09,ACC0000004337,349557.31,26450.82,59341.11,316667.02,NPR
2026-01-09,ACC0000004338,342320.97,0.0,163881.94,178439.03,NPR
2026-01-09,ACC0000004339,65550.06,0.0,18490.48,47059.58,NPR
2026-01-09,ACC0000004340,22324.28,0.0,18840.77,3483.51,NPR
2026-01-09,ACC0000004341,369485.02,13288.44,128949.92,253823.54,NPR
2026-01-09,ACC0000004342,394872.13,0.0,25396.8,369475.33,NPR
2026-01-09,ACC0000004343,75878.43,0.0,1594.06,74284.37,NPR
2026-01-09,ACC0000004344,207803.8,0.0,0.0,207803.8,NPR
2026-01-09,ACC0000004345,72616.84,39280.89,171606.04,-59708.31,NPR
2026-01-09,ACC0000004346,136278.95,41175.5,0.0,177454.45,NPR
2026-01-09,ACC0000004347,494802.34,15914.76,47722.98,462994.12,NPR
2026-01-09,ACC0000004348,276732.04,26320.09,64290.4,238761.73,NPR
2026-01-09,ACC0000004349,43672.03,38186.05,73262.64,8595.44,NPR
2026-01-09,ACC0000004350,306480.39,0.0,131704.03,174776.36,NPR
2026-01-09,ACC0000004351,345970.8,55356.23,1850.89,399476.14,NPR
2026-01-09,ACC0000004352,170608.79,0.0,54049.44,116559.35,NPR
2026-01-09,ACC0000004353,102186.81,22018.18,8888.9,115316.09,NPR
2026-01-09,ACC0000004354,199264.22,0.0,0.0,199264.22,NPR
2026-01-09,ACC0000004355,359159.59,66525.02,12758.01,412926.6,NPR
2026-01-09,ACC0000004356,350570.15,0.0,0.0,350570.15,NPR
2026-01-09,ACC0000004357,284069.36,11575.53,78408.79,217236.1,NPR
2026-01-09,ACC0000004358,149940.8,0.0,49437.29,100503.51,NPR
2026-01-09,ACC0000004359,449143.62,0.0,0.0,449143.62,NPR
2026-01-09,ACC0000004360,53443.97,0.0,71778.62,-18334.65,NPR
2026-01-09,ACC0000004361,405179.26,0.0,0.0,405179.26,NPR
2026-01-09,ACC0000004362,471210.7,0.0,6332.06,464878.64,NPR
2026-01-09,ACC0000004363,136270.18,0.0,36961.17,99309.01,NPR
2026-01-09,ACC0000004364,475235.19,47291.68,76149.23,446377.64,NPR
2026-01-09,ACC0000004365,177506.36,0.0,0.0,177506.36,NPR
2026-01-09,ACC0000004366,427209.25,0.0,118319.17,308890.08,NPR
2026-01-09,ACC0000004367,467911.2,0.0,51126.66,416784.54,NPR
2026-01-09,ACC0000004368,425008.74,0.0,0.0,425008.74,NPR
2026-01-09,ACC0000004369,476874.33,18512.96,0.0,495387.29,NPR
2026-01-09,ACC0000004370,375629.33,0.0,90179.3,285450.03,NPR
2026-01-09,ACC0000004371,443290.62,0.0,36446.58,406844.04,NPR
2026-01-09,ACC0000004372,406804.69,0.0,38314.94,368489.75,NPR
2026-01-09,ACC0000004373,96376.7,0.0,5101.45,91275.25,NPR
2026-01-09,ACC0000004374,330184.85,0.0,60925.22,269259.63,NPR
2026-01-09,ACC0000004375,281534.21,0.0,20486.98,261047.23,NPR
2026-01-09,ACC0000004376,332925.18,44777.76,71846.77,305856.17,NPR
2026-01-09,ACC0000004377,118360.49,0.0,36100.1,82260.39,NPR
2026-01-09,ACC0000004378,275947.03,0.0,84360.98,191586.05,NPR
2026-01-09,ACC0000004379,317497.72,0.0,80616.71,236881.01,NPR
2026-01-09,ACC0000004380,221691.44,3018.6,40530.4,184179.64,NPR
2026-01-09,ACC0000004381,100637.89,47741.74,67562.22,80817.41,NPR
2026-01-09,ACC0000004382,316404.27,0.0,63751.42,252652.85,NPR
2026-01-09,ACC0000004383,78888.82,0.0,7268.41,71620.41,NPR
2026-01-09,ACC0000004384,220403.81,0.0,17020.52,203383.29,NPR
2026-01-09,ACC0000004385,41286.1,0.0,32826.91,8459.19,NPR
2026-01-09,ACC0000004386,499011.24,0.0,241629.57,257381.67,NPR
2026-01-09,ACC0000004387,498408.22,3069.12,55319.62,446157.72,NPR
2026-01-09,ACC0000004388,317963.95,0.0,0.0,317963.95,NPR
2026-01-09,ACC0000004389,477280.78,50728.75,24240.66,503768.87,NPR
2026-01-09,ACC0000004390,98280.72,0.0,39375.83,58904.89,NPR
2026-01-09,ACC0000004391,435413.38,0.0,33176.18,402237.2,NPR
2026-01-09,ACC0000004392,73634.97,0.0,47661.63,25973.34,NPR
2026-01-09,ACC0000004393,64211.91,27433.0,50059.07,41585.84,NPR
2026-01-09,ACC0000004394,203152.3,16908.47,0.0,220060.77,NPR
2026-01-09,ACC0000004395,181720.57,0.0,102636.29,79084.28,NPR
2026-01-09,ACC0000004396,425575.52,44145.88,49220.84,420500.56,NPR
2026-01-09,ACC0000004397,177344.07,14498.99,109491.92,82351.14,NPR
2026-01-09,ACC0000004398,150141.83,16482.76,8116.72,158507.87,NPR
2026-01-09,ACC0000004399,101207.14,35518.59,118467.01,18258.72,NPR
2026-01-09,ACC0000004400,63065.38,0.0,0.0,63065.38,NPR
2026-01-09,ACC0000004401,392986.9,17197.52,37235.38,372949.04,NPR
2026-01-09,ACC0000004402,275951.05,0.0,91302.88,184648.17,NPR
2026-01-09,ACC0000004403,61741.77,11365.63,75678.73,-2571.33,NPR
2026-01-09,ACC0000004404,476096.26,0.0,95841.37,380254.89,NPR
2026-01-09,ACC0000004405,424350.95,0.0,103564.31,320786.64,NPR
2026-01-09,ACC0000004406,53125.76,0.0,28923.61,24202.15,NPR
2026-01-09,ACC0000004407,209743.7,0.0,0.0,209743.7,NPR
2026-01-09,ACC0000004408,479980.62,0.0,0.0,479980.62,NPR
2026-01-09,ACC0000004409,421754.85,20471.2,63757.05,378469.0,NPR
2026-01-09,ACC0000004410,307117.31,43616.72,41766.38,308967.65,NPR
2026-01-09,ACC0000004411,10074.91,8790.5,0.0,18865.41,NPR
2026-01-09,ACC0000004412,434443.91,4758.5,113096.59,326105.82,NPR
2026-01-09,ACC0000004413,447735.85,0.0,44822.54,402913.31,NPR
2026-01-09,ACC0000004414,402200.3,0.0,8186.49,394013.81,NPR
2026-01-09,ACC0000004415,111881.76,0.0,88186.62,23695.14,NPR
2026-01-09,ACC0000004416,89491.11,0.0,0.0,89491.11,NPR
2026-01-09,ACC0000004417,73277.5,0.0,79458.68,-6181.18,NPR
2026-01-09,ACC0000004418,320304.22,0.0,0.0,320304.22,NPR
2026-01-09,ACC0000004419,16924.65,3447.71,0.0,20372.36,NPR
2026-01-09,ACC0000004420,486479.52,0.0,0.0,486479.52,NPR
2026-01-09,ACC0000004421,64562.67,24570.27,64022.41,25110.53,NPR
2026-01-09,ACC0000004422,296954.14,0.0,0.0,296954.14,NPR
2026-01-09,ACC0000004423,45281.39,0.0,0.0,45281.39,NPR
2026-01-09,ACC0000004424,463243.08,2828.9,42013.44,424058.54,NPR
2026-01-09,ACC0000004425,137113.87,13178.39,34726.85,115565.41,NPR
2026-01-09,ACC0000004426,335728.49,0.0,0.0,335728.49,NPR
2026-01-09,ACC0000004427,335268.29,0.0,89325.68,245942.61,NPR
2026-01-09,ACC0000004428,245520.42,0.0,17775.9,227744.52,NPR
2026-01-09,ACC0000004429,251840.42,11398.33,20651.76,242586.99,NPR
2026-01-09,ACC0000004430,312774.21,39964.74,71242.77,281496.18,NPR
2026-01-09,ACC0000004431,137343.85,0.0,150246.29,-12902.44,NPR
2026-01-09,ACC0000004432,311454.97,0.0,46863.59,264591.38,NPR
2026-01-09,ACC0000004433,422963.89,11987.89,79091.28,355860.5,NPR
2026-01-09,ACC0000004434,420826.6,0.0,112034.08,308792.52,NPR
2026-01-09,ACC0000004435,308108.49,0.0,0.0,308108.49,NPR
2026-01-09,ACC0000004436,307356.97,0.0,68240.01,239116.96,NPR
2026-01-09,ACC0000004437,43024.02,18650.7,3242.86,58431.86,NPR
2026-01-09,ACC0000004438,46790.59,0.0,62765.83,-15975.24,NPR
2026-01-09,ACC0000004439,140435.98,0.0,0.0,140435.98,NPR
2026-01-09,ACC0000004440,412446.13,0.0,33585.46,378860.67,NPR
2026-01-09,ACC0000004441,391807.19,0.0,53899.88,337907.31,NPR
2026-01-09,ACC0000004442,160234.86,0.0,34683.95,125550.91,NPR
2026-01-09,ACC0000004443,249052.26,16541.23,0.0,265593.49,NPR
2026-01-09,ACC0000004444,26840.62,0.0,0.0,26840.62,NPR
2026-01-09,ACC0000004445,415968.52,0.0,116660.54,299307.98,NPR
2026-01-09,ACC0000004446,8020.22,34869.5,23170.59,19719.13,NPR
2026-01-09,ACC0000004447,10115.75,0.0,0.0,10115.75,NPR
2026-01-09,ACC0000004448,76877.52,44731.44,59041.54,62567.42,NPR
2026-01-09,ACC0000004449,198333.61,0.0,11849.31,186484.3,NPR
2026-01-09,ACC0000004450,485889.79,56415.47,80326.19,461979.07,NPR
2026-01-09,ACC0000004451,70060.18,0.0,76984.35,-6924.17,NPR
2026-01-09,ACC0000004452,309599.73,69753.98,43902.75,335450.96,NPR
2026-01-09,ACC0000004453,470490.46,0.0,91993.59,378496.87,NPR
2026-01-09,ACC0000004454,192380.29,22547.28,0.0,214927.57,NPR
2026-01-09,ACC0000004455,271832.81,0.0,53518.43,218314.38,NPR
2026-01-09,ACC0000004456,209765.01,0.0,0.0,209765.01,NPR
2026-01-09,ACC0000004457,344704.73,0.0,39040.58,305664.15,NPR
2026-01-09,ACC0000004458,229903.68,0.0,99837.23,130066.45,NPR
2026-01-09,ACC0000004459,444187.56,0.0,107083.89,337103.67,NPR
2026-01-09,ACC0000004460,241587.42,0.0,18743.76,222843.66,NPR
2026-01-09,ACC0000004461,293057.43,0.0,23345.04,269712.39,NPR
2026-01-09,ACC0000004462,444754.82,55033.8,5086.14,494702.48,NPR
2026-01-09,ACC0000004463,254167.12,0.0,67324.37,186842.75,NPR
2026-01-09,ACC0000004464,288150.08,34599.81,43152.29,279597.6,NPR
2026-01-09,ACC0000004465,171855.24,0.0,114135.96,57719.28,NPR
2026-01-09,ACC0000004466,1412.82,0.0,0.0,1412.82,NPR
2026-01-09,ACC0000004467,40552.6,0.0,32584.82,7967.78,NPR
2026-01-09,ACC0000004468,381940.49,0.0,62379.81,319560.68,NPR
2026-01-09,ACC0000004469,13880.06,0.0,180157.19,-166277.13,NPR
2026-01-09,ACC0000004470,269519.93,0.0,53735.15,215784.78,NPR
2026-01-09,ACC0000004471,487416.98,0.0,68895.28,418521.7,NPR
2026-01-09,ACC0000004472,332930.16,38039.94,77045.96,293924.14,NPR
2026-01-09,ACC0000004473,291981.27,13231.01,16550.43,288661.85,NPR
2026-01-09,ACC0000004474,164018.65,0.0,0.0,164018.65,NPR
2026-01-09,ACC0000004475,100668.57,46731.39,92535.15,54864.81,NPR
2026-01-09,ACC0000004476,144219.82,0.0,32578.15,111641.67,NPR
2026-01-09,ACC0000004477,305155.19,26788.43,41466.23,290477.39,NPR
2026-01-09,ACC0000004478,401884.95,45979.26,97539.06,350325.15,NPR
2026-01-09,ACC0000004479,51698.85,44827.95,45234.17,51292.63,NPR
2026-01-09,ACC0000004480,283354.82,25441.89,17694.6,291102.11,NPR
2026-01-09,ACC0000004481,453086.86,0.0,34088.8,418998.06,NPR
2026-01-09,ACC0000004482,81706.74,0.0,183034.76,-101328.02,NPR
2026-01-09,ACC0000004483,120933.22,0.0,54499.92,66433.3,NPR
2026-01-09,ACC0000004484,264363.99,1888.29,50586.56,215665.72,NPR
2026-01-09,ACC0000004485,9004.83,75212.9,65493.89,18723.84,NPR
2026-01-09,ACC0000004486,385031.84,0.0,55449.88,329581.96,NPR
2026-01-09,ACC0000004487,89828.51,0.0,0.0,89828.51,NPR
2026-01-09,ACC0000004488,493242.44,0.0,0.0,493242.44,NPR
2026-01-09,ACC0000004489,487409.9,18834.53,15439.2,490805.23,NPR
2026-01-09,ACC0000004490,245287.41,0.0,70967.58,174319.83,NPR
2026-01-09,ACC0000004491,10717.93,0.0,0.0,10717.93,NPR
2026-01-09,ACC0000004492,7372.26,45723.91,89449.52,-36353.35,NPR
2026-01-09,ACC0000004493,450390.02,0.0,0.0,450390.02,NPR
2026-01-09,ACC0000004494,181402.28,17499.79,32258.32,166643.75,NPR
2026-01-09,ACC0000004495,164355.63,13055.56,18075.98,159335.21,NPR
2026-01-09,ACC0000004496,173444.67,32073.46,0.0,205518.13,NPR
2026-01-09,ACC0000004497,8971.08,0.0,17134.0,-8162.92,NPR
2026-01-09,ACC0000004498,204725.45,45185.08,38956.14,210954.39,NPR
2026-01-09,ACC0000004499,118649.42,0.0,93263.27,25386.15,NPR
2026-01-09,ACC0000004500,404597.69,0.0,24458.16,380139.53,NPR
2026-01-09,ACC0000004501,116699.1,0.0,72421.86,44277.24,NPR
2026-01-09,ACC0000004502,468687.42,92085.22,39937.04,520835.6,NPR
2026-01-09,ACC0000004503,380138.66,0.0,116481.81,263656.85,NPR
2026-01-09,ACC0000004504,178502.91,36622.45,31069.1,184056.26,NPR
2026-01-09,ACC0000004505,6290.42,0.0,0.0,6290.42,NPR
2026-01-09,ACC0000004506,215712.41,0.0,0.0,215712.41,NPR
2026-01-09,ACC0000004507,60684.47,0.0,30838.82,29845.65,NPR
2026-01-09,ACC0000004508,269756.85,0.0,68100.67,201656.18,NPR
2026-01-09,ACC0000004509,313928.34,0.0,30984.61,282943.73,NPR
2026-01-09,ACC0000004510,499393.21,0.0,40078.0,459315.21,NPR
2026-01-09,ACC0000004511,2335.34,48344.37,52996.13,-2316.42,NPR
2026-01-09,ACC0000004512,421740.2,0.0,63175.16,358565.04,NPR
2026-01-09,ACC0000004513,47481.57,0.0,59795.27,-12313.7,NPR
2026-01-09,ACC0000004514,147772.04,36257.59,27532.47,156497.16,NPR
2026-01-09,ACC0000004515,7842.58,2645.56,3186.42,7301.72,NPR
2026-01-09,ACC0000004516,194034.75,43300.19,24406.17,212928.77,NPR
2026-01-09,ACC0000004517,276584.8,0.0,67918.42,208666.38,NPR
2026-01-09,ACC0000004518,147864.92,0.0,41071.56,106793.36,NPR
2026-01-09,ACC0000004519,50611.97,34579.26,45430.32,39760.91,NPR
2026-01-09,ACC0000004520,29172.94,0.0,8739.94,20433.0,NPR
2026-01-09,ACC0000004521,426579.59,35082.21,68032.8,393629.0,NPR
2026-01-09,ACC0000004522,302329.09,0.0,129444.57,172884.52,NPR
2026-01-09,ACC0000004523,307261.2,0.0,5191.08,302070.12,NPR
2026-01-09,ACC0000004524,64623.3,0.0,41247.18,23376.12,NPR
2026-01-09,ACC0000004525,152708.78,22945.21,68107.53,107546.46,NPR
2026-01-09,ACC0000004526,289373.94,0.0,73841.09,215532.85,NPR
2026-01-09,ACC0000004527,5525.2,0.0,0.0,5525.2,NPR
2026-01-09,ACC0000004528,69910.86,0.0,75151.6,-5240.74,NPR
2026-01-09,ACC0000004529,134449.75,3846.56,39338.0,98958.31,NPR
2026-01-09,ACC0000004530,188469.91,0.0,0.0,188469.91,NPR
2026-01-09,ACC0000004531,151538.96,0.0,0.0,151538.96,NPR
2026-01-09,ACC0000004532,247466.93,0.0,0.0,247466.93,NPR
2026-01-09,ACC0000004533,186493.02,0.0,55148.74,131344.28,NPR
2026-01-09,ACC0000004534,132947.76,0.0,84199.8,48747.96,NPR
2026-01-09,ACC0000004535,80112.45,0.0,61366.68,18745.77,NPR
2026-01-09,ACC0000004536,429116.7,0.0,55472.36,373644.34,NPR
2026-01-09,ACC0000004537,257352.84,10419.0,112425.23,155346.61,NPR
2026-01-09,ACC0000004538,275869.07,0.0,19790.51,256078.56,NPR
2026-01-09,ACC0000004539,72064.56,17543.1,62464.92,27142.74,NPR
2026-01-09,ACC0000004540,381444.82,0.0,35180.89,346263.93,NPR
2026-01-09,ACC0000004541,248770.36,0.0,0.0,248770.36,NPR
2026-01-09,ACC0000004542,163652.01,0.0,0.0,163652.01,NPR
2026-01-09,ACC0000004543,358595.84,0.0,79862.53,278733.31,NPR
2026-01-09,ACC0000004544,323502.85,0.0,35998.54,287504.31,NPR
2026-01-09,ACC0000004545,75884.14,0.0,0.0,75884.14,NPR
2026-01-09,ACC0000004546,376892.97,0.0,0.0,376892.97,NPR
2026-01-09,ACC0000004547,70559.39,31065.71,0.0,101625.1,NPR
2026-01-09,ACC0000004548,433093.46,32245.07,58077.15,407261.38,NPR
2026-01-09,ACC0000004549,270684.29,0.0,12636.65,258047.64,NPR
2026-01-09,ACC0000004550,330357.73,0.0,0.0,330357.73,NPR
2026-01-09,ACC0000004551,419199.1,101161.68,41607.07,478753.71,NPR
2026-01-09,ACC0000004552,157417.35,0.0,42448.48,114968.87,NPR
2026-01-09,ACC0000004553,225110.04,21521.56,80054.36,166577.24,NPR
2026-01-09,ACC0000004554,405025.78,0.0,0.0,405025.78,NPR
2026-01-09,ACC0000004555,198141.64,0.0,52783.07,145358.57,NPR
2026-01-09,ACC0000004556,277037.37,0.0,53532.17,223505.2,NPR
2026-01-09,ACC0000004557,322644.16,0.0,90603.25,232040.91,NPR
2026-01-09,ACC0000004558,362693.67,3624.86,51391.81,314926.72,NPR
2026-01-09,ACC0000004559,313720.91,0.0,125193.34,188527.57,NPR
2026-01-09,ACC0000004560,369650.16,6197.51,110727.78,265119.89,NPR
2026-01-09,ACC0000004561,263955.89,0.0,0.0,263955.89,NPR
2026-01-09,ACC0000004562,144978.99,0.0,87043.9,57935.09,NPR
2026-01-09,ACC0000004563,166363.05,0.0,57153.84,109209.21,NPR
2026-01-09,ACC0000004564,416676.16,28032.38,0.0,444708.54,NPR
2026-01-09,ACC0000004565,459776.25,22034.75,45677.53,436133.47,NPR
2026-01-09,ACC0000004566,114662.64,26580.21,227699.37,-86456.52,NPR
2026-01-09,ACC0000004567,252921.66,0.0,91561.53,161360.13,NPR
2026-01-09,ACC0000004568,353192.66,0.0,0.0,353192.66,NPR
2026-01-09,ACC0000004569,479130.75,0.0,56579.18,422551.57,NPR
2026-01-09,ACC0000004570,109726.49,0.0,43407.2,66319.29,NPR
2026-01-09,ACC0000004571,459829.1,19493.83,34900.77,444422.16,NPR
2026-01-09,ACC0000004572,461327.34,0.0,0.0,461327.34,NPR
2026-01-09,ACC0000004573,252477.13,0.0,41429.12,211048.01,NPR
2026-01-09,ACC0000004574,260792.08,0.0,0.0,260792.08,NPR
2026-01-09,ACC0000004575,294233.32,0.0,56132.07,238101.25,NPR
2026-01-09,ACC0000004576,452622.58,0.0,90666.05,361956.53,NPR
2026-01-09,ACC0000004577,213608.37,0.0,33397.14,180211.23,NPR
2026-01-09,ACC0000004578,75227.04,0.0,72466.35,2760.69,NPR
2026-01-09,ACC0000004579,481295.56,0.0,52329.47,428966.09,NPR
2026-01-09,ACC0000004580,429013.54,0.0,20286.18,408727.36,NPR
2026-01-09,ACC0000004581,365496.76,21122.39,78231.39,308387.76,NPR
2026-01-09,ACC0000004582,114065.17,0.0,0.0,114065.17,NPR
2026-01-09,ACC0000004583,97441.0,0.0,0.0,97441.0,NPR
2026-01-09,ACC0000004584,4188.98,0.0,47505.51,-43316.53,NPR
2026-01-09,ACC0000004585,463224.14,48604.96,21705.37,490123.73,NPR
2026-01-09,ACC0000004586,203699.9,1075.25,137811.8,66963.35,NPR
2026-01-09,ACC0000004587,70596.14,0.0,49669.12,20927.02,NPR
2026-01-09,ACC0000004588,330029.21,6692.25,27466.8,309254.66,NPR
2026-01-09,ACC0000004589,415718.43,0.0,0.0,415718.43,NPR
2026-01-09,ACC0000004590,309959.08,39668.88,48938.93,300689.03,NPR
2026-01-09,ACC0000004591,38982.39,15050.12,128695.69,-74663.18,NPR
2026-01-09,ACC0000004592,319975.83,0.0,0.0,319975.83,NPR
2026-01-09,ACC0000004593,463886.05,0.0,75005.13,388880.92,NPR
2026-01-09,ACC0000004594,8078.16,0.0,12917.78,-4839.62,NPR
2026-01-09,ACC0000004595,83433.56,0.0,64844.73,18588.83,NPR
2026-01-09,ACC0000004596,361003.05,15564.43,48210.43,328357.05,NPR
2026-01-09,ACC0000004597,88390.99,5113.16,78606.05,14898.1,NPR
2026-01-09,ACC0000004598,81966.41,0.0,41974.01,39992.4,NPR
2026-01-09,ACC0000004599,329960.07,0.0,24143.95,305816.12,NPR
2026-01-09,ACC0000004600,323949.36,0.0,0.0,323949.36,NPR
2026-01-09,ACC0000004601,476207.13,41729.97,84204.5,433732.6,NPR
2026-01-09,ACC0000004602,8011.59,0.0,75317.26,-67305.67,NPR
2026-01-09,ACC0000004603,271131.99,0.0,0.0,271131.99,NPR
2026-01-09,ACC0000004604,458715.12,0.0,39332.75,419382.37,NPR
2026-01-09,ACC0000004605,274325.85,2405.55,87466.56,189264.84,NPR
2026-01-09,ACC0000004606,6509.41,0.0,25962.02,-19452.61,NPR
2026-01-09,ACC0000004607,373221.38,0.0,0.0,373221.38,NPR
2026-01-09,ACC0000004608,464259.17,19419.7,0.0,483678.87,NPR
2026-01-09,ACC0000004609,432621.16,0.0,12808.67,419812.49,NPR
2026-01-09,ACC0000004610,218983.67,58269.44,15426.71,261826.4,NPR
2026-01-09,ACC0000004611,453832.93,38055.04,57827.32,434060.65,NPR
2026-01-09,ACC0000004612,357489.31,0.0,128329.37,229159.94,NPR
2026-01-09,ACC0000004613,81998.03,31166.49,27675.14,85489.38,NPR
2026-01-09,ACC0000004614,145777.49,0.0,36756.3,109021.19,NPR
2026-01-09,ACC0000004615,96107.37,0.0,85536.55,10570.82,NPR
2026-01-09,ACC0000004616,128298.18,0.0,19800.45,108497.73,NPR
2026-01-09,ACC0000004617,30598.91,0.0,63868.17,-33269.26,NPR
2026-01-09,ACC0000004618,452559.37,615.5,88297.98,364876.89,NPR
2026-01-09,ACC0000004619,174602.28,48740.17,16014.29,207328.16,NPR
2026-01-09,ACC0000004620,172879.41,0.0,65104.91,107774.5,NPR
2026-01-09,ACC0000004621,488659.81,56989.47,69252.94,476396.34,NPR
2026-01-09,ACC0000004622,226444.62,41575.65,16182.68,251837.59,NPR
2026-01-09,ACC0000004623,314744.22,0.0,0.0,314744.22,NPR
2026-01-09,ACC0000004624,268736.71,4651.94,101202.17,172186.48,NPR
2026-01-09,ACC0000004625,84634.24,0.0,0.0,84634.24,NPR
2026-01-09,ACC0000004626,292579.16,0.0,44484.26,248094.9,NPR
2026-01-09,ACC0000004627,327657.54,0.0,82024.18,245633.36,NPR
2026-01-09,ACC0000004628,412356.15,0.0,25566.23,386789.92,NPR
2026-01-09,ACC0000004629,483474.14,0.0,125078.53,358395.61,NPR
2026-01-09,ACC0000004630,455258.51,0.0,2286.31,452972.2,NPR
2026-01-09,ACC0000004631,21136.6,2508.97,75434.05,-51788.48,NPR
2026-01-09,ACC0000004632,127127.07,0.0,9294.42,117832.65,NPR
2026-01-09,ACC0000004633,178405.61,0.0,9534.25,168871.36,NPR
2026-01-09,ACC0000004634,275399.75,0.0,0.0,275399.75,NPR
2026-01-09,ACC0000004635,356323.9,0.0,90829.3,265494.6,NPR
2026-01-09,ACC0000004636,121342.92,38113.89,47350.09,112106.72,NPR
2026-01-09,ACC0000004637,298049.75,0.0,3275.62,294774.13,NPR
2026-01-09,ACC0000004638,283621.29,0.0,117911.84,165709.45,NPR
2026-01-09,ACC0000004639,288216.94,0.0,63906.13,224310.81,NPR
2026-01-09,ACC0000004640,81149.77,0.0,0.0,81149.77,NPR
2026-01-09,ACC0000004641,81639.75,0.0,138780.93,-57141.18,NPR
2026-01-09,ACC0000004642,17398.28,0.0,59498.47,-42100.19,NPR
2026-01-09,ACC0000004643,90476.85,0.0,40979.38,49497.47,NPR
2026-01-09,ACC0000004644,426043.67,5281.54,72815.31,358509.9,NPR
2026-01-09,ACC0000004645,199309.71,0.0,8208.62,191101.09,NPR
2026-01-09,ACC0000004646,363774.85,0.0,84001.69,279773.16,NPR
2026-01-09,ACC0000004647,377000.2,0.0,83007.0,293993.2,NPR
2026-01-09,ACC0000004648,62270.89,68247.56,19029.78,111488.67,NPR
2026-01-09,ACC0000004649,66472.68,0.0,0.0,66472.68,NPR
2026-01-09,ACC0000004650,141616.39,0.0,6317.46,135298.93,NPR
2026-01-09,ACC0000004651,388559.55,0.0,0.0,388559.55,NPR
2026-01-09,ACC0000004652,121089.81,70183.72,74157.05,117116.48,NPR
2026-01-09,ACC0000004653,393999.08,14145.78,67332.88,340811.98,NPR
2026-01-09,ACC0000004654,238559.82,0.0,75977.22,162582.6,NPR
2026-01-09,ACC0000004655,114235.58,0.0,10849.38,103386.2,NPR
2026-01-09,ACC0000004656,286244.67,0.0,0.0,286244.67,NPR
2026-01-09,ACC0000004657,311508.13,0.0,51449.9,260058.23,NPR
2026-01-09,ACC0000004658,234995.79,21450.27,160997.11,95448.95,NPR
2026-01-09,ACC0000004659,325509.96,0.0,40226.99,285282.97,NPR
2026-01-09,ACC0000004660,428830.79,45915.23,42971.26,431774.76,NPR
2026-01-09,ACC0000004661,23880.08,17538.17,36390.65,5027.6,NPR
2026-01-09,ACC0000004662,194043.72,2512.46,120174.58,76381.6,NPR
2026-01-09,ACC0000004663,398535.78,59326.44,27211.9,430650.32,NPR
2026-01-09,ACC0000004664,201300.87,0.0,74099.67,127201.2,NPR
2026-01-09,ACC0000004665,248718.01,0.0,0.0,248718.01,NPR
2026-01-09,ACC0000004666,413522.91,0.0,36732.45,376790.46,NPR
2026-01-09,ACC0000004667,152270.56,0.0,0.0,152270.56,NPR
2026-01-09,ACC0000004668,282154.34,40090.65,44108.21,278136.78,NPR
2026-01-09,ACC0000004669,425276.82,45556.74,16866.47,453967.09,NPR
2026-01-09,ACC0000004670,482680.98,24321.49,43342.64,463659.83,NPR
2026-01-09,ACC0000004671,224615.16,0.0,43886.45,180728.71,NPR
2026-01-09,ACC0000004672,153160.66,42553.26,45747.59,149966.33,NPR
2026-01-09,ACC0000004673,153449.82,0.0,0.0,153449.82,NPR
2026-01-09,ACC0000004674,352412.92,0.0,21046.77,331366.15,NPR
2026-01-09,ACC0000004675,402307.47,47417.44,80779.06,368945.85,NPR
2026-01-09,ACC0000004676,149979.93,0.0,19154.83,130825.1,NPR
2026-01-09,ACC0000004677,471274.07,0.0,71067.68,400206.39,NPR
2026-01-09,ACC0000004678,496597.29,0.0,30331.37,466265.92,NPR
2026-01-09,ACC0000004679,389867.06,0.0,0.0,389867.06,NPR
2026-01-09,ACC0000004680,94233.29,18133.41,36551.51,75815.19,NPR
2026-01-09,ACC0000004681,301831.39,0.0,0.0,301831.39,NPR
2026-01-09,ACC0000004682,80770.32,33078.13,124251.92,-10403.47,NPR
2026-01-09,ACC0000004683,199076.38,0.0,122342.81,76733.57,NPR
2026-01-09,ACC0000004684,380798.78,0.0,42137.96,338660.82,NPR
2026-01-09,ACC0000004685,395241.92,0.0,0.0,395241.92,NPR
2026-01-09,ACC0000004686,347574.0,31418.54,563.04,378429.5,NPR
2026-01-09,ACC0000004687,420681.41,36820.87,0.0,457502.28,NPR
2026-01-09,ACC0000004688,182714.12,0.0,94663.76,88050.36,NPR
2026-01-09,ACC0000004689,199593.42,2307.12,59468.73,142431.81,NPR
2026-01-09,ACC0000004690,36455.18,0.0,38984.45,-2529.27,NPR
2026-01-09,ACC0000004691,166991.37,0.0,111244.33,55747.04,NPR
2026-01-09,ACC0000004692,421174.53,0.0,0.0,421174.53,NPR
2026-01-09,ACC0000004693,21669.21,0.0,0.0,21669.21,NPR
2026-01-09,ACC0000004694,479503.65,0.0,78367.25,401136.4,NPR
2026-01-09,ACC0000004695,290890.57,0.0,57752.73,233137.84,NPR
2026-01-09,ACC0000004696,429849.93,4039.68,60503.68,373385.93,NPR
2026-01-09,ACC0000004697,378361.67,0.0,58399.57,319962.1,NPR
2026-01-09,ACC0000004698,475014.91,0.0,40362.5,434652.41,NPR
2026-01-09,ACC0000004699,404218.66,4869.0,136641.06,272446.6,NPR
2026-01-09,ACC0000004700,435182.61,26472.47,101326.11,360328.97,NPR
2026-01-09,ACC0000004701,47024.28,0.0,48295.15,-1270.87,NPR
2026-01-09,ACC0000004702,2697.16,75594.21,71396.43,6894.94,NPR
2026-01-09,ACC0000004703,297344.93,11252.07,0.0,308597.0,NPR
2026-01-09,ACC0000004704,71977.21,46079.03,129858.94,-11802.7,NPR
2026-01-09,ACC0000004705,346648.72,18633.58,58984.32,306297.98,NPR
2026-01-09,ACC0000004706,35198.08,0.0,88954.8,-53756.72,NPR
2026-01-09,ACC0000004707,361047.07,2545.63,47570.9,316021.8,NPR
2026-01-09,ACC0000004708,278812.58,0.0,0.0,278812.58,NPR
2026-01-09,ACC0000004709,137450.55,0.0,0.0,137450.55,NPR
2026-01-09,ACC0000004710,390361.0,0.0,49839.89,340521.11,NPR
2026-01-09,ACC0000004711,463090.9,15951.88,11881.94,467160.84,NPR
2026-01-09,ACC0000004712,140371.77,0.0,69935.94,70435.83,NPR
2026-01-09,ACC0000004713,330369.31,0.0,11391.59,318977.72,NPR
2026-01-09,ACC0000004714,126536.08,0.0,150560.01,-24023.93,NPR
2026-01-09,ACC0000004715,271605.77,0.0,0.0,271605.77,NPR
2026-01-09,ACC0000004716,315619.78,0.0,44918.2,270701.58,NPR
2026-01-09,ACC0000004717,166414.44,0.0,109577.79,56836.65,NPR
2026-01-09,ACC0000004718,411451.01,0.0,34447.39,377003.62,NPR
2026-01-09,ACC0000004719,197330.61,0.0,0.0,197330.61,NPR
2026-01-09,ACC0000004720,260629.85,0.0,49991.42,210638.43,NPR
2026-01-09,ACC0000004721,28639.08,42929.1,22133.98,49434.2,NPR
2026-01-09,ACC0000004722,97467.16,2625.19,0.0,100092.35,NPR
2026-01-09,ACC0000004723,147740.75,2729.97,12183.9,138286.82,NPR
2026-01-09,ACC0000004724,228752.73,0.0,18097.15,210655.58,NPR
2026-01-09,ACC0000004725,403402.62,0.0,0.0,403402.62,NPR
2026-01-09,ACC0000004726,303419.35,17083.33,67870.61,252632.07,NPR
2026-01-09,ACC0000004727,19795.05,47105.56,86328.08,-19427.47,NPR
2026-01-09,ACC0000004728,372567.7,0.0,49154.67,323413.03,NPR
2026-01-09,ACC0000004729,344424.92,14673.69,115686.99,243411.62,NPR
2026-01-09,ACC0000004730,75861.21,26222.82,144387.99,-42303.96,NPR
2026-01-09,ACC0000004731,259767.08,35529.35,46952.07,248344.36,NPR
2026-01-09,ACC0000004732,405138.85,37750.78,37439.45,405450.18,NPR
2026-01-09,ACC0000004733,286164.04,0.0,0.0,286164.04,NPR
2026-01-09,ACC0000004734,129666.29,24624.43,0.0,154290.72,NPR
2026-01-09,ACC0000004735,235580.03,0.0,47460.45,188119.58,NPR
2026-01-09,ACC0000004736,130383.72,0.0,207165.77,-76782.05,NPR
2026-01-09,ACC0000004737,299694.47,0.0,76082.91,223611.56,NPR
2026-01-09,ACC0000004738,25160.34,16746.43,39549.04,2357.73,NPR
2026-01-09,ACC0000004739,150161.2,21814.06,0.0,171975.26,NPR
2026-01-09,ACC0000004740,14790.13,0.0,68762.47,-53972.34,NPR
2026-01-09,ACC0000004741,14866.91,0.0,0.0,14866.91,NPR
2026-01-09,ACC0000004742,111099.9,0.0,169885.65,-58785.75,NPR
2026-01-09,ACC0000004743,83734.04,40143.19,32511.48,91365.75,NPR
2026-01-09,ACC0000004744,412389.81,36440.77,70340.34,378490.24,NPR
2026-01-09,ACC0000004745,374960.86,0.0,98873.73,276087.13,NPR
2026-01-09,ACC0000004746,238161.9,75577.23,43880.65,269858.48,NPR
2026-01-09,ACC0000004747,58316.76,16836.68,9918.68,65234.76,NPR
2026-01-09,ACC0000004748,89812.37,0.0,0.0,89812.37,NPR
2026-01-09,ACC0000004749,278851.2,0.0,0.0,278851.2,NPR
2026-01-09,ACC0000004750,68993.59,0.0,72847.87,-3854.28,NPR
2026-01-09,ACC0000004751,147983.68,95023.59,64728.66,178278.61,NPR
2026-01-09,ACC0000004752,249565.99,0.0,83350.75,166215.24,NPR
2026-01-09,ACC0000004753,332143.35,0.0,1605.37,330537.98,NPR
2026-01-09,ACC0000004754,254123.03,0.0,27461.4,226661.63,NPR
2026-01-09,ACC0000004755,1331.75,38607.18,76828.31,-36889.38,NPR
2026-01-09,ACC0000004756,58592.17,49684.49,44296.12,63980.54,NPR
2026-01-09,ACC0000004757,173562.26,0.0,87551.73,86010.53,NPR
2026-01-09,ACC0000004758,427420.62,0.0,85137.95,342282.67,NPR
2026-01-09,ACC0000004759,288567.19,0.0,11513.2,277053.99,NPR
2026-01-09,ACC0000004760,235023.83,0.0,40050.64,194973.19,NPR
2026-01-09,ACC0000004761,480300.53,49428.26,96375.89,433352.9,NPR
2026-01-09,ACC0000004762,419913.52,2882.02,28545.78,394249.76,NPR
2026-01-09,ACC0000004763,167666.28,0.0,95244.32,72421.96,NPR
2026-01-09,ACC0000004764,224066.54,31908.37,0.0,255974.91,NPR
2026-01-09,ACC0000004765,446080.22,0.0,88881.84,357198.38,NPR
2026-01-09,ACC0000004766,420067.24,0.0,0.0,420067.24,NPR
2026-01-09,ACC0000004767,260763.26,0.0,23647.02,237116.24,NPR
2026-01-09,ACC0000004768,471159.38,0.0,38117.44,433041.94,NPR
2026-01-09,ACC0000004769,464816.97,0.0,44361.87,420455.1,NPR
2026-01-09,ACC0000004770,80535.24,0.0,0.0,80535.24,NPR
2026-01-09,ACC0000004771,42555.22,0.0,0.0,42555.22,NPR
2026-01-09,ACC0000004772,247465.33,39243.81,105626.39,181082.75,NPR
2026-01-09,ACC0000004773,96778.95,0.0,0.0,96778.95,NPR
2026-01-09,ACC0000004774,179419.17,45277.85,156787.38,67909.64,NPR
2026-01-09,ACC0000004775,423650.18,0.0,55789.94,367860.24,NPR
2026-01-09,ACC0000004776,457703.7,34235.75,48343.57,443595.88,NPR
2026-01-09,ACC0000004777,200905.32,0.0,0.0,200905.32,NPR
2026-01-09,ACC0000004778,299502.14,0.0,0.0,299502.14,NPR
2026-01-09,ACC0000004779,24915.46,0.0,34703.91,-9788.45,NPR
2026-01-09,ACC0000004780,140752.42,0.0,0.0,140752.42,NPR
2026-01-09,ACC0000004781,252751.2,8825.83,66762.61,194814.42,NPR
2026-01-09,ACC0000004782,433501.32,0.0,0.0,433501.32,NPR
2026-01-09,ACC0000004783,7903.8,0.0,24720.01,-16816.21,NPR
2026-01-09,ACC0000004784,45839.41,94580.26,44303.76,96115.91,NPR
2026-01-09,ACC0000004785,21766.45,0.0,21921.27,-154.82,NPR
2026-01-09,ACC0000004786,159152.36,0.0,37189.04,121963.32,NPR
2026-01-09,ACC0000004787,454485.07,28846.67,59268.04,424063.7,NPR
2026-01-09,ACC0000004788,488282.07,0.0,0.0,488282.07,NPR
2026-01-09,ACC0000004789,250789.7,45675.08,42833.19,253631.59,NPR
2026-01-09,ACC0000004790,50927.71,38567.01,54739.31,34755.41,NPR
2026-01-09,ACC0000004791,73152.44,0.0,16495.3,56657.14,NPR
2026-01-09,ACC0000004792,441883.26,34330.93,59786.87,416427.32,NPR
2026-01-09,ACC0000004793,479596.67,0.0,38222.73,441373.94,NPR
2026-01-09,ACC0000004794,19403.28,0.0,13122.14,6281.14,NPR
2026-01-09,ACC0000004795,326605.76,6035.53,76445.36,256195.93,NPR
2026-01-09,ACC0000004796,69178.25,0.0,91556.38,-22378.13,NPR
2026-01-09,ACC0000004797,167238.03,68326.97,37622.47,197942.53,NPR
2026-01-09,ACC0000004798,327740.3,0.0,46183.74,281556.56,NPR
2026-01-09,ACC0000004799,374189.11,42598.71,0.0,416787.82,NPR
2026-01-09,ACC0000004800,206833.67,33022.5,19862.84,219993.33,NPR
2026-01-09,ACC0000004801,278878.39,45380.88,135540.05,188719.22,NPR
2026-01-09,ACC0000004802,484715.9,0.0,0.0,484715.9,NPR
2026-01-09,ACC0000004803,349698.92,0.0,104352.41,245346.51,NPR
2026-01-09,ACC0000004804,169243.18,0.0,65748.84,103494.34,NPR
2026-01-09,ACC0000004805,237285.75,0.0,84900.81,152384.94,NPR
2026-01-09,ACC0000004806,99960.93,0.0,59924.64,40036.29,NPR
2026-01-09,ACC0000004807,463606.11,0.0,2207.48,461398.63,NPR
2026-01-09,ACC0000004808,189871.91,0.0,30328.49,159543.42,NPR
2026-01-09,ACC0000004809,405384.21,0.0,42680.44,362703.77,NPR
2026-01-09,ACC0000004810,115654.41,0.0,0.0,115654.41,NPR
2026-01-09,ACC0000004811,150942.58,0.0,96139.28,54803.3,NPR
2026-01-09,ACC0000004812,149899.23,0.0,7807.52,142091.71,NPR
2026-01-09,ACC0000004813,407511.49,0.0,95768.26,311743.23,NPR
2026-01-09,ACC0000004814,126993.97,0.0,54182.0,72811.97,NPR
2026-01-09,ACC0000004815,256882.89,27051.33,24131.96,259802.26,NPR
2026-01-09,ACC0000004816,136920.65,0.0,0.0,136920.65,NPR
2026-01-09,ACC0000004817,86503.17,0.0,108314.17,-21811.0,NPR
2026-01-09,ACC0000004818,66332.36,0.0,35514.73,30817.63,NPR
2026-01-09,ACC0000004819,227277.02,16855.38,1439.93,242692.47,NPR
2026-01-09,ACC0000004820,194353.71,0.0,5572.34,188781.37,NPR
2026-01-09,ACC0000004821,124037.36,0.0,5958.83,118078.53,NPR
2026-01-09,ACC0000004822,204745.05,93940.16,60950.91,237734.3,NPR
2026-01-09,ACC0000004823,314012.87,44899.84,70719.72,288192.99,NPR
2026-01-09,ACC0000004824,159930.63,973.56,90641.85,70262.34,NPR
2026-01-09,ACC0000004825,248782.38,34703.33,0.0,283485.71,NPR
2026-01-09,ACC0000004826,64681.97,0.0,38086.42,26595.55,NPR
2026-01-09,ACC0000004827,89864.87,0.0,52725.15,37139.72,NPR
2026-01-09,ACC0000004828,27103.7,0.0,0.0,27103.7,NPR
2026-01-09,ACC0000004829,320854.2,0.0,46885.35,273968.85,NPR
2026-01-09,ACC0000004830,459883.27,0.0,26059.12,433824.15,NPR
2026-01-09,ACC0000004831,302564.02,3950.04,31961.11,274552.95,NPR
2026-01-09,ACC0000004832,468136.93,0.0,45834.31,422302.62,NPR
2026-01-09,ACC0000004833,102373.65,952.71,39668.75,63657.61,NPR
2026-01-09,ACC0000004834,442278.23,44864.49,197147.11,289995.61,NPR
2026-01-09,ACC0000004835,275551.59,0.0,46278.99,229272.6,NPR
2026-01-09,ACC0000004836,65354.72,6950.17,0.0,72304.89,NPR
2026-01-09,ACC0000004837,24291.43,0.0,67197.9,-42906.47,NPR
2026-01-09,ACC0000004838,149097.23,42432.81,34700.33,156829.71,NPR
2026-01-09,ACC0000004839,39397.33,0.0,35985.55,3411.78,NPR
2026-01-09,ACC0000004840,359607.07,0.0,38430.41,321176.66,NPR
2026-01-09,ACC0000004841,499726.89,0.0,39632.46,460094.43,NPR
2026-01-09,ACC0000004842,7237.97,44895.28,107151.48,-55018.23,NPR
2026-01-09,ACC0000004843,408598.0,1319.47,52280.22,357637.25,NPR
2026-01-09,ACC0000004844,67566.94,0.0,19282.3,48284.64,NPR
2026-01-09,ACC0000004845,476599.81,0.0,0.0,476599.81,NPR
2026-01-09,ACC0000004846,497033.66,0.0,0.0,497033.66,NPR
2026-01-09,ACC0000004847,161998.82,13946.49,66451.95,109493.36,NPR
2026-01-09,ACC0000004848,403075.33,0.0,0.0,403075.33,NPR
2026-01-09,ACC0000004849,448047.49,0.0,0.0,448047.49,NPR
2026-01-09,ACC0000004850,458918.77,0.0,51092.92,407825.85,NPR
2026-01-09,ACC0000004851,339073.06,0.0,26018.1,313054.96,NPR
2026-01-09,ACC0000004852,447024.67,0.0,48603.21,398421.46,NPR
2026-01-09,ACC0000004853,174445.4,0.0,0.0,174445.4,NPR
2026-01-09,ACC0000004854,365860.7,0.0,49527.81,316332.89,NPR
2026-01-09,ACC0000004855,334103.89,0.0,109140.68,224963.21,NPR
2026-01-09,ACC0000004856,335715.59,0.0,17525.06,318190.53,NPR
2026-01-09,ACC0000004857,375541.53,0.0,43910.47,331631.06,NPR
2026-01-09,ACC0000004858,139312.66,22174.89,53429.78,108057.77,NPR
2026-01-09,ACC0000004859,15974.41,0.0,7828.88,8145.53,NPR
2026-01-09,ACC0000004860,487527.15,0.0,59051.55,428475.6,NPR
2026-01-09,ACC0000004861,412628.8,0.0,0.0,412628.8,NPR
2026-01-09,ACC0000004862,11748.45,0.0,29953.69,-18205.24,NPR
2026-01-09,ACC0000004863,172901.69,41683.77,36345.38,178240.08,NPR
2026-01-09,ACC0000004864,406239.46,0.0,40014.74,366224.72,NPR
2026-01-09,ACC0000004865,126054.26,0.0,1616.33,124437.93,NPR
2026-01-09,ACC0000004866,13258.39,0.0,151794.17,-138535.78,NPR
2026-01-09,ACC0000004867,88093.54,11525.78,78748.92,20870.4,NPR
2026-01-09,ACC0000004868,116549.59,0.0,107171.9,9377.69,NPR
2026-01-09,ACC0000004869,472212.65,0.0,96472.07,375740.58,NPR
2026-01-09,ACC0000004870,95535.7,0.0,46824.11,48711.59,NPR
2026-01-09,ACC0000004871,411917.57,0.0,72930.17,338987.4,NPR
2026-01-09,ACC0000004872,402076.98,0.0,0.0,402076.98,NPR
2026-01-09,ACC0000004873,76341.28,54254.33,56595.28,74000.33,NPR
2026-01-09,ACC0000004874,307064.72,0.0,0.0,307064.72,NPR
2026-01-09,ACC0000004875,496426.96,0.0,110143.61,386283.35,NPR
2026-01-09,ACC0000004876,448861.33,0.0,86439.41,362421.92,NPR
2026-01-09,ACC0000004877,429365.0,63128.4,74221.13,418272.27,NPR
2026-01-09,ACC0000004878,372168.1,0.0,83463.05,288705.05,NPR
2026-01-09,ACC0000004879,407527.99,46053.93,5195.82,448386.1,NPR
2026-01-09,ACC0000004880,36135.45,38347.09,11286.64,63195.9,NPR
2026-01-09,ACC0000004881,153422.86,0.0,130372.73,23050.13,NPR
2026-01-09,ACC0000004882,112475.79,0.0,0.0,112475.79,NPR
2026-01-09,ACC0000004883,281887.36,0.0,113845.98,168041.38,NPR
2026-01-09,ACC0000004884,482976.83,28839.16,46980.47,464835.52,NPR
2026-01-09,ACC0000004885,447822.1,73616.23,78679.98,442758.35,NPR
2026-01-09,ACC0000004886,120934.05,0.0,33925.85,87008.2,NPR
2026-01-09,ACC0000004887,294728.79,0.0,36431.31,258297.48,NPR
2026-01-09,ACC0000004888,245454.02,0.0,70206.0,175248.02,NPR
2026-01-09,ACC0000004889,342196.14,0.0,54967.4,287228.74,NPR
2026-01-09,ACC0000004890,106961.91,0.0,0.0,106961.91,NPR
2026-01-09,ACC0000004891,444889.63,0.0,0.0,444889.63,NPR
2026-01-09,ACC0000004892,106393.61,0.0,0.0,106393.61,NPR
2026-01-09,ACC0000004893,65884.47,1028.5,43084.51,23828.46,NPR
2026-01-09,ACC0000004894,106056.43,0.0,0.0,106056.43,NPR
2026-01-09,ACC0000004895,144939.5,31165.55,19722.02,156383.03,NPR
2026-01-09,ACC0000004896,69099.88,0.0,0.0,69099.88,NPR
2026-01-09,ACC0000004897,410918.88,0.0,66011.62,344907.26,NPR
2026-01-09,ACC0000004898,40495.14,0.0,57105.81,-16610.67,NPR
2026-01-09,ACC0000004899,371647.95,0.0,0.0,371647.95,NPR
2026-01-09,ACC0000004900,129506.75,28969.38,12966.47,145509.66,NPR
2026-01-09,ACC0000004901,198398.54,0.0,0.0,198398.54,NPR
2026-01-09,ACC0000004902,30642.24,0.0,0.0,30642.24,NPR
2026-01-09,ACC0000004903,228817.52,0.0,0.0,228817.52,NPR
2026-01-09,ACC0000004904,16416.96,0.0,83553.67,-67136.71,NPR
2026-01-09,ACC0000004905,418457.31,0.0,0.0,418457.31,NPR
2026-01-09,ACC0000004906,374222.42,0.0,40457.29,333765.13,NPR
2026-01-09,ACC0000004907,367728.66,0.0,90448.16,277280.5,NPR
2026-01-09,ACC0000004908,28717.1,0.0,0.0,28717.1,NPR
2026-01-09,ACC0000004909,126147.39,0.0,33501.99,92645.4,NPR
2026-01-09,ACC0000004910,387149.17,6502.99,43078.13,350574.03,NPR
2026-01-09,ACC0000004911,28040.25,0.0,84194.12,-56153.87,NPR
2026-01-09,ACC0000004912,283339.75,36223.33,69099.55,250463.53,NPR
2026-01-09,ACC0000004913,90501.95,41488.16,12417.84,119572.27,NPR
2026-01-09,ACC0000004914,356634.85,0.0,0.0,356634.85,NPR
2026-01-09,ACC0000004915,68688.84,0.0,15349.07,53339.77,NPR
2026-01-09,ACC0000004916,456749.3,0.0,71508.66,385240.64,NPR
2026-01-09,ACC0000004917,3101.26,21699.99,90705.09,-65903.84,NPR
2026-01-09,ACC0000004918,198869.59,13839.69,45780.34,166928.94,NPR
2026-01-09,ACC0000004919,369841.54,14228.07,40369.73,343699.88,NPR
2026-01-09,ACC0000004920,445677.39,0.0,23429.82,422247.57,NPR
2026-01-09,ACC0000004921,164009.45,47573.42,38357.39,173225.48,NPR
2026-01-09,ACC0000004922,377596.77,46762.96,81346.67,343013.06,NPR
2026-01-09,ACC0000004923,367625.5,0.0,0.0,367625.5,NPR
2026-01-09,ACC0000004924,112193.42,2131.27,6518.58,107806.11,NPR
2026-01-09,ACC0000004925,321962.98,49493.97,0.0,371456.95,NPR
2026-01-09,ACC0000004926,166738.83,0.0,113306.7,53432.13,NPR
2026-01-09,ACC0000004927,389435.66,8433.23,48759.18,349109.71,NPR
2026-01-09,ACC0000004928,227978.65,0.0,7722.16,220256.49,NPR
2026-01-09,ACC0000004929,181350.28,0.0,0.0,181350.28,NPR
2026-01-09,ACC0000004930,171982.01,0.0,21184.14,150797.87,NPR
2026-01-09,ACC0000004931,397339.73,13206.44,41409.38,369136.79,NPR
2026-01-09,ACC0000004932,68733.29,0.0,45117.92,23615.37,NPR
2026-01-09,ACC0000004933,81672.64,65080.18,79719.84,67032.98,NPR
2026-01-09,ACC0000004934,400087.82,18353.47,43092.91,375348.38,NPR
2026-01-09,ACC0000004935,144899.5,8912.67,84344.09,69468.08,NPR
2026-01-09,ACC0000004936,77329.61,0.0,0.0,77329.61,NPR
2026-01-09,ACC0000004937,123464.23,47353.41,0.0,170817.64,NPR
2026-01-09,ACC0000004938,191714.25,0.0,0.0,191714.25,NPR
2026-01-09,ACC0000004939,200396.2,0.0,139543.29,60852.91,NPR
2026-01-09,ACC0000004940,49863.62,0.0,0.0,49863.62,NPR
2026-01-09,ACC0000004941,172253.59,38830.5,47194.4,163889.69,NPR
2026-01-09,ACC0000004942,146549.01,0.0,0.0,146549.01,NPR
2026-01-09,ACC0000004943,273827.65,0.0,98078.43,175749.22,NPR
2026-01-09,ACC0000004944,403784.94,7930.19,24744.27,386970.86,NPR
2026-01-09,ACC0000004945,429359.64,17770.69,30632.05,416498.28,NPR
2026-01-09,ACC0000004946,114505.46,0.0,0.0,114505.46,NPR
2026-01-09,ACC0000004947,482324.23,0.0,94103.74,388220.49,NPR
2026-01-09,ACC0000004948,290324.74,20024.31,123603.31,186745.74,NPR
2026-01-09,ACC0000004949,143451.34,49542.5,150992.97,42000.87,NPR
2026-01-09,ACC0000004950,205769.76,35532.05,42072.28,199229.53,NPR
2026-01-09,ACC0000004951,431479.25,0.0,65058.01,366421.24,NPR
2026-01-09,ACC0000004952,222476.37,0.0,70906.3,151570.07,NPR
2026-01-09,ACC0000004953,214143.45,29913.5,21583.43,222473.52,NPR
2026-01-09,ACC0000004954,254765.42,0.0,95533.39,159232.03,NPR
2026-01-09,ACC0000004955,38354.14,11781.0,22133.93,28001.21,NPR
2026-01-09,ACC0000004956,437728.49,0.0,0.0,437728.49,NPR
2026-01-09,ACC0000004957,422482.46,0.0,45777.88,376704.58,NPR
2026-01-09,ACC0000004958,276081.56,31012.14,96119.32,210974.38,NPR
2026-01-09,ACC0000004959,449918.68,0.0,49113.41,400805.27,NPR
2026-01-09,ACC0000004960,82963.99,0.0,78241.48,4722.51,NPR
2026-01-09,ACC0000004961,247121.68,0.0,64212.4,182909.28,NPR
2026-01-09,ACC0000004962,37213.25,82540.97,15887.55,103866.67,NPR
2026-01-09,ACC0000004963,122726.49,58425.9,56795.52,124356.87,NPR
2026-01-09,ACC0000004964,478522.53,0.0,19519.41,459003.12,NPR
2026-01-09,ACC0000004965,425000.07,13130.06,16117.61,422012.52,NPR
2026-01-09,ACC0000004966,33039.05,0.0,14214.45,18824.6,NPR
2026-01-09,ACC0000004967,300829.76,22659.46,65201.06,258288.16,NPR
2026-01-09,ACC0000004968,7617.16,0.0,0.0,7617.16,NPR
2026-01-09,ACC0000004969,229382.56,20388.47,0.0,249771.03,NPR
2026-01-09,ACC0000004970,150138.54,0.0,47449.8,102688.74,NPR
2026-01-09,ACC0000004971,74859.73,39896.36,80952.26,33803.83,NPR
2026-01-09,ACC0000004972,235821.58,0.0,0.0,235821.58,NPR
2026-01-09,ACC0000004973,6040.69,0.0,0.0,6040.69,NPR
2026-01-09,ACC0000004974,385560.87,0.0,40621.27,344939.6,NPR
2026-01-09,ACC0000004975,269911.62,14427.08,0.0,284338.7,NPR
2026-01-09,ACC0000004976,295428.53,0.0,32789.13,262639.4,NPR
2026-01-09,ACC0000004977,246429.27,0.0,0.0,246429.27,NPR
2026-01-09,ACC0000004978,356737.08,22968.9,29448.03,350257.95,NPR
2026-01-09,ACC0000004979,324168.78,0.0,220752.22,103416.56,NPR
2026-01-09,ACC0000004980,190940.35,67519.47,0.0,258459.82,NPR
2026-01-09,ACC0000004981,240048.99,0.0,52001.22,188047.77,NPR
2026-01-09,ACC0000004982,103028.53,0.0,33241.88,69786.65,NPR
2026-01-09,ACC0000004983,304660.0,31150.88,40381.88,295429.0,NPR
2026-01-09,ACC0000004984,86136.36,0.0,60523.33,25613.03,NPR
2026-01-09,ACC0000004985,225028.9,46897.65,18843.5,253083.05,NPR
2026-01-09,ACC0000004986,392740.8,0.0,0.0,392740.8,NPR
2026-01-09,ACC0000004987,475205.84,0.0,50056.59,425149.25,NPR
2026-01-09,ACC0000004988,396189.34,0.0,93654.15,302535.19,NPR
2026-01-09,ACC0000004989,291450.81,42484.36,77664.77,256270.4,NPR
2026-01-09,ACC0000004990,134498.45,0.0,50912.06,83586.39,NPR
2026-01-09,ACC0000004991,467625.68,0.0,0.0,467625.68,NPR
2026-01-09,ACC0000004992,75119.5,0.0,0.0,75119.5,NPR
2026-01-09,ACC0000004993,79269.76,0.0,151185.84,-71916.08,NPR
2026-01-09,ACC0000004994,42110.71,0.0,25596.4,16514.31,NPR
2026-01-09,ACC0000004995,213478.47,0.0,77433.43,136045.04,NPR
2026-01-09,ACC0000004996,228463.27,39794.62,0.0,268257.89,NPR
2026-01-09,ACC0000004997,73181.94,8738.82,54581.22,27339.54,NPR
2026-01-09,ACC0000004998,189035.19,0.0,80803.14,108232.05,NPR
2026-01-09,ACC0000004999,368034.43,0.0,0.0,368034.43,NPR
2026-01-09,ACC0000005000,71112.18,0.0,0.0,71112.18,NPR
2026-01-09,ACC0000005001,230763.05,0.0,30852.6,199910.45,NPR
2026-01-09,ACC0000005002,6807.58,0.0,46801.12,-39993.54,NPR
2026-01-09,ACC0000005003,339648.48,262.84,33117.93,306793.39,NPR
2026-01-09,ACC0000005004,450218.39,11544.51,61608.98,400153.92,NPR
2026-01-09,ACC0000005005,372060.41,0.0,9317.89,362742.52,NPR
2026-01-09,ACC0000005006,185916.92,0.0,0.0,185916.92,NPR
2026-01-09,ACC0000005007,36828.64,0.0,2619.3,34209.34,NPR
2026-01-09,ACC0000005008,335428.59,0.0,124832.73,210595.86,NPR
2026-01-09,ACC0000005009,291678.32,13315.66,950.78,304043.2,NPR
2026-01-09,ACC0000005010,296036.03,0.0,42504.31,253531.72,NPR
2026-01-09,ACC0000005011,163508.23,43558.46,27517.98,179548.71,NPR
2026-01-09,ACC0000005012,472066.59,0.0,95046.56,377020.03,NPR
2026-01-09,ACC0000005013,18320.07,0.0,68232.31,-49912.24,NPR
2026-01-09,ACC0000005014,352289.25,0.0,0.0,352289.25,NPR
2026-01-09,ACC0000005015,153318.74,13746.28,0.0,167065.02,NPR
2026-01-09,ACC0000005016,230996.96,30258.94,4638.13,256617.77,NPR
2026-01-09,ACC0000005017,458106.08,0.0,0.0,458106.08,NPR
2026-01-09,ACC0000005018,176642.28,0.0,48176.14,128466.14,NPR
2026-01-09,ACC0000005019,284236.34,0.0,40834.03,243402.31,NPR
2026-01-09,ACC0000005020,42256.64,0.0,30990.59,11266.05,NPR
2026-01-09,ACC0000005021,498226.68,0.0,0.0,498226.68,NPR
2026-01-09,ACC0000005022,380108.79,0.0,0.0,380108.79,NPR
2026-01-09,ACC0000005023,53405.82,0.0,83669.9,-30264.08,NPR
2026-01-09,ACC0000005024,63678.52,0.0,63599.63,78.89,NPR
2026-01-09,ACC0000005025,88216.16,4427.13,72562.11,20081.18,NPR
2026-01-09,ACC0000005026,299164.94,41747.26,48091.64,292820.56,NPR
2026-01-09,ACC0000005027,125606.41,0.0,82430.62,43175.79,NPR
2026-01-09,ACC0000005028,36031.66,0.0,14853.74,21177.92,NPR
2026-01-09,ACC0000005029,490353.13,0.0,24091.19,466261.94,NPR
2026-01-09,ACC0000005030,397222.76,0.0,65511.81,331710.95,NPR
2026-01-09,ACC0000005031,459054.72,0.0,91240.28,367814.44,NPR
2026-01-09,ACC0000005032,143731.79,0.0,53097.68,90634.11,NPR
2026-01-09,ACC0000005033,181526.53,47341.08,159398.51,69469.1,NPR
2026-01-09,ACC0000005034,197484.11,29468.8,57575.06,169377.85,NPR
2026-01-09,ACC0000005035,374757.61,0.0,48993.2,325764.41,NPR
2026-01-09,ACC0000005036,40880.18,14236.83,29704.51,25412.5,NPR
2026-01-09,ACC0000005037,455593.07,0.0,40813.08,414779.99,NPR
2026-01-09,ACC0000005038,281631.58,0.0,3844.06,277787.52,NPR
2026-01-09,ACC0000005039,188147.91,38550.9,2140.77,224558.04,NPR
2026-01-09,ACC0000005040,164445.65,0.0,0.0,164445.65,NPR
2026-01-09,ACC0000005041,375916.18,44534.94,9642.33,410808.79,NPR
2026-01-09,ACC0000005042,325078.83,0.0,44787.32,280291.51,NPR
2026-01-09,ACC0000005043,270958.28,0.0,18080.51,252877.77,NPR
2026-01-09,ACC0000005044,192984.66,0.0,54301.44,138683.22,NPR
2026-01-09,ACC0000005045,319455.96,0.0,0.0,319455.96,NPR
2026-01-09,ACC0000005046,281930.02,0.0,87499.18,194430.84,NPR
2026-01-09,ACC0000005047,83793.97,33561.17,3653.23,113701.91,NPR
2026-01-09,ACC0000005048,321668.84,0.0,82017.45,239651.39,NPR
2026-01-09,ACC0000005049,30194.76,51206.97,40717.12,40684.61,NPR
2026-01-09,ACC0000005050,290057.05,35965.77,122652.79,203370.03,NPR
2026-01-09,ACC0000005051,95271.51,58126.78,46697.2,106701.09,NPR
2026-01-09,ACC0000005052,113726.83,0.0,50865.57,62861.26,NPR
2026-01-09,ACC0000005053,2468.23,0.0,45102.22,-42633.99,NPR
2026-01-09,ACC0000005054,480346.95,0.0,0.0,480346.95,NPR
2026-01-09,ACC0000005055,354269.34,0.0,132344.29,221925.05,NPR
2026-01-09,ACC0000005056,29826.07,0.0,80963.83,-51137.76,NPR
2026-01-09,ACC0000005057,387917.21,0.0,0.0,387917.21,NPR
2026-01-09,ACC0000005058,30956.39,0.0,62560.97,-31604.58,NPR
2026-01-09,ACC0000005059,167623.48,0.0,0.0,167623.48,NPR
2026-01-09,ACC0000005060,150275.58,0.0,26299.97,123975.61,NPR
2026-01-09,ACC0000005061,186885.64,0.0,48302.77,138582.87,NPR
2026-01-09,ACC0000005062,228934.27,0.0,0.0,228934.27,NPR
2026-01-09,ACC0000005063,496230.31,46664.44,88061.7,454833.05,NPR
2026-01-09,ACC0000005064,5921.1,0.0,43170.89,-37249.79,NPR
2026-01-09,ACC0000005065,123519.79,0.0,130514.47,-6994.68,NPR
2026-01-09,ACC0000005066,115408.38,16359.08,48756.36,83011.1,NPR
2026-01-09,ACC0000005067,295699.34,23077.47,2156.07,316620.74,NPR
2026-01-09,ACC0000005068,11784.89,0.0,0.0,11784.89,NPR
2026-01-09,ACC0000005069,23449.67,0.0,3575.23,19874.44,NPR
2026-01-09,ACC0000005070,450777.78,0.0,5360.54,445417.24,NPR
2026-01-09,ACC0000005071,187422.81,0.0,124434.83,62987.98,NPR
2026-01-09,ACC0000005072,474216.74,0.0,0.0,474216.74,NPR
2026-01-09,ACC0000005073,263581.92,0.0,110242.59,153339.33,NPR
2026-01-09,ACC0000005074,256925.62,44211.86,116771.02,184366.46,NPR
2026-01-09,ACC0000005075,150714.76,8656.16,5104.26,154266.66,NPR
2026-01-09,ACC0000005076,66880.63,0.0,73253.35,-6372.72,NPR
2026-01-09,ACC0000005077,352355.95,11935.47,0.0,364291.42,NPR
2026-01-09,ACC0000005078,491952.13,0.0,122263.37,369688.76,NPR
2026-01-09,ACC0000005079,114476.34,0.0,100316.52,14159.82,NPR
2026-01-09,ACC0000005080,169766.47,0.0,114672.71,55093.76,NPR
2026-01-09,ACC0000005081,313462.5,34991.72,79412.21,269042.01,NPR
2026-01-09,ACC0000005082,1032.7,0.0,18272.97,-17240.27,NPR
2026-01-09,ACC0000005083,459118.73,0.0,67079.29,392039.44,NPR
2026-01-09,ACC0000005084,229113.1,0.0,0.0,229113.1,NPR
2026-01-09,ACC0000005085,78587.68,0.0,55983.92,22603.76,NPR
2026-01-09,ACC0000005086,492829.12,0.0,3868.99,488960.13,NPR
2026-01-09,ACC0000005087,328277.18,30904.97,0.0,359182.15,NPR
2026-01-09,ACC0000005088,266316.08,0.0,0.0,266316.08,NPR
2026-01-09,ACC0000005089,366954.59,0.0,47114.8,319839.79,NPR
2026-01-09,ACC0000005090,450056.5,0.0,9757.15,440299.35,NPR
2026-01-09,ACC0000005091,473352.92,0.0,40118.1,433234.82,NPR
2026-01-09,ACC0000005092,472042.19,0.0,50447.01,421595.18,NPR
2026-01-09,ACC0000005093,79580.23,0.0,49909.46,29670.77,NPR
2026-01-09,ACC0000005094,303837.9,20133.1,38161.68,285809.32,NPR
2026-01-09,ACC0000005095,371503.48,0.0,124494.43,247009.05,NPR
2026-01-09,ACC0000005096,62404.71,58337.89,0.0,120742.6,NPR
2026-01-09,ACC0000005097,432540.31,0.0,56843.85,375696.46,NPR
2026-01-09,ACC0000005098,175542.0,39776.42,42054.69,173263.73,NPR
2026-01-09,ACC0000005099,322753.6,0.0,0.0,322753.6,NPR
2026-01-09,ACC0000005100,451867.46,0.0,55077.45,396790.01,NPR
2026-01-09,ACC0000005101,205704.71,51583.2,44713.23,212574.68,NPR
2026-01-09,ACC0000005102,440767.76,0.0,38772.46,401995.3,NPR
2026-01-09,ACC0000005103,354319.43,37390.91,0.0,391710.34,NPR
2026-01-09,ACC0000005104,222266.24,0.0,50581.11,171685.13,NPR
2026-01-09,ACC0000005105,104349.61,0.0,0.0,104349.61,NPR
2026-01-09,ACC0000005106,382045.59,39461.82,188.65,421318.76,NPR
2026-01-09,ACC0000005107,217596.93,27922.52,110596.72,134922.73,NPR
2026-01-09,ACC0000005108,364687.82,0.0,72245.28,292442.54,NPR
2026-01-09,ACC0000005109,282446.31,41984.47,42721.98,281708.8,NPR
2026-01-09,ACC0000005110,89107.03,0.0,0.0,89107.03,NPR
2026-01-09,ACC0000005111,263083.21,0.0,0.0,263083.21,NPR
2026-01-09,ACC0000005112,412888.54,0.0,0.0,412888.54,NPR
2026-01-09,ACC0000005113,376818.73,0.0,2530.4,374288.33,NPR
2026-01-09,ACC0000005114,421928.79,34047.16,7084.28,448891.67,NPR
2026-01-09,ACC0000005115,41083.92,0.0,16586.94,24496.98,NPR
2026-01-09,ACC0000005116,273808.64,58861.24,0.0,332669.88,NPR
2026-01-09,ACC0000005117,99328.44,29758.76,85347.39,43739.81,NPR
2026-01-09,ACC0000005118,384924.33,0.0,87145.62,297778.71,NPR
2026-01-09,ACC0000005119,455261.89,71393.73,0.0,526655.62,NPR
2026-01-09,ACC0000005120,280443.44,0.0,46255.62,234187.82,NPR
2026-01-09,ACC0000005121,166341.48,0.0,46129.03,120212.45,NPR
2026-01-09,ACC0000005122,271956.86,0.0,27927.67,244029.19,NPR
2026-01-09,ACC0000005123,330297.95,0.0,0.0,330297.95,NPR
2026-01-09,ACC0000005124,307785.03,0.0,24654.32,283130.71,NPR
2026-01-09,ACC0000005125,18563.59,0.0,61702.22,-43138.63,NPR
2026-01-09,ACC0000005126,452472.08,0.0,30646.95,421825.13,NPR
2026-01-09,ACC0000005127,101701.82,0.0,33974.95,67726.87,NPR
2026-01-09,ACC0000005128,257101.73,0.0,142093.18,115008.55,NPR
2026-01-09,ACC0000005129,9463.9,16531.37,33601.02,-7605.75,NPR
2026-01-09,ACC0000005130,349428.6,4226.2,91801.36,261853.44,NPR
2026-01-09,ACC0000005131,240729.94,0.0,197274.92,43455.02,NPR
2026-01-09,ACC0000005132,58611.53,0.0,25095.21,33516.32,NPR
2026-01-09,ACC0000005133,201692.46,0.0,57156.73,144535.73,NPR
2026-01-09,ACC0000005134,359355.36,0.0,0.0,359355.36,NPR
2026-01-09,ACC0000005135,365695.8,0.0,0.0,365695.8,NPR
2026-01-09,ACC0000005136,475567.82,0.0,73587.85,401979.97,NPR
2026-01-09,ACC0000005137,98110.16,0.0,145.59,97964.57,NPR
2026-01-09,ACC0000005138,282974.44,0.0,0.0,282974.44,NPR
2026-01-09,ACC0000005139,326559.11,0.0,84957.39,241601.72,NPR
2026-01-09,ACC0000005140,345222.79,0.0,0.0,345222.79,NPR
2026-01-09,ACC0000005141,153146.14,0.0,53722.41,99423.73,NPR
2026-01-09,ACC0000005142,255610.19,0.0,0.0,255610.19,NPR
2026-01-09,ACC0000005143,46717.96,0.0,40114.73,6603.23,NPR
2026-01-09,ACC0000005144,389277.37,29235.86,70578.33,347934.9,NPR
2026-01-09,ACC0000005145,449182.98,0.0,95049.93,354133.05,NPR
2026-01-09,ACC0000005146,229583.81,4556.44,37275.64,196864.61,NPR
2026-01-09,ACC0000005147,102036.11,2497.7,57576.4,46957.41,NPR
2026-01-09,ACC0000005148,423707.29,0.0,0.0,423707.29,NPR
2026-01-09,ACC0000005149,301055.82,24401.36,39983.35,285473.83,NPR
2026-01-09,ACC0000005150,162890.31,0.0,0.0,162890.31,NPR
2026-01-09,ACC0000005151,491842.62,32290.08,11042.3,513090.4,NPR
2026-01-09,ACC0000005152,438846.57,0.0,66954.23,371892.34,NPR
2026-01-09,ACC0000005153,136950.91,40961.32,124226.65,53685.58,NPR
2026-01-09,ACC0000005154,81575.59,0.0,24079.91,57495.68,NPR
2026-01-09,ACC0000005155,443552.25,0.0,0.0,443552.25,NPR
2026-01-09,ACC0000005156,140074.78,40505.65,24371.06,156209.37,NPR
2026-01-09,ACC0000005157,468326.6,47243.1,0.0,515569.7,NPR
2026-01-09,ACC0000005158,448084.34,0.0,86192.48,361891.86,NPR
2026-01-09,ACC0000005159,472134.08,28175.07,28322.48,471986.67,NPR
2026-01-09,ACC0000005160,222419.14,29426.87,17735.59,234110.42,NPR
2026-01-09,ACC0000005161,431019.02,0.0,35785.98,395233.04,NPR
2026-01-09,ACC0000005162,477219.01,0.0,193870.27,283348.74,NPR
2026-01-09,ACC0000005163,220399.91,0.0,0.0,220399.91,NPR
2026-01-09,ACC0000005164,488158.9,0.0,136591.8,351567.1,NPR
2026-01-09,ACC0000005165,420541.84,59179.39,0.0,479721.23,NPR
2026-01-09,ACC0000005166,430661.51,0.0,37744.17,392917.34,NPR
2026-01-09,ACC0000005167,322293.66,8336.1,114678.01,215951.75,NPR
2026-01-09,ACC0000005168,439447.0,14241.84,37098.22,416590.62,NPR
2026-01-09,ACC0000005169,441404.87,0.0,44861.98,396542.89,NPR
2026-01-09,ACC0000005170,124580.75,0.0,2819.99,121760.76,NPR
2026-01-09,ACC0000005171,468609.71,29781.7,0.0,498391.41,NPR
2026-01-09,ACC0000005172,149172.14,0.0,90177.53,58994.61,NPR
2026-01-09,ACC0000005173,129847.44,12811.41,71723.96,70934.89,NPR
2026-01-09,ACC0000005174,220652.29,0.0,142682.37,77969.92,NPR
2026-01-09,ACC0000005175,37548.9,0.0,0.0,37548.9,NPR
2026-01-09,ACC0000005176,359099.91,0.0,0.0,359099.91,NPR
2026-01-09,ACC0000005177,355166.29,34097.53,28931.42,360332.4,NPR
2026-01-09,ACC0000005178,447507.75,0.0,62014.92,385492.83,NPR
2026-01-09,ACC0000005179,13826.48,23768.35,101039.46,-63444.63,NPR
2026-01-09,ACC0000005180,176677.56,0.0,13085.63,163591.93,NPR
2026-01-09,ACC0000005181,450647.53,36815.56,40673.33,446789.76,NPR
2026-01-09,ACC0000005182,497847.37,0.0,55313.48,442533.89,NPR
2026-01-09,ACC0000005183,210311.56,0.0,111542.74,98768.82,NPR
2026-01-09,ACC0000005184,435363.91,41274.86,22251.07,454387.7,NPR
2026-01-09,ACC0000005185,275234.39,0.0,0.0,275234.39,NPR
2026-01-09,ACC0000005186,446997.55,33455.54,40077.46,440375.63,NPR
2026-01-09,ACC0000005187,133720.21,43893.99,70793.63,106820.57,NPR
2026-01-09,ACC0000005188,175333.78,48837.72,27904.0,196267.5,NPR
2026-01-09,ACC0000005189,456326.25,0.0,36300.25,420026.0,NPR
2026-01-09,ACC0000005190,297757.43,8349.07,0.0,306106.5,NPR
2026-01-09,ACC0000005191,225443.61,0.0,0.0,225443.61,NPR
2026-01-09,ACC0000005192,98328.15,28570.52,60472.75,66425.92,NPR
2026-01-09,ACC0000005193,439968.79,26267.19,32451.73,433784.25,NPR
2026-01-09,ACC0000005194,220191.8,0.0,7160.17,213031.63,NPR
2026-01-09,ACC0000005195,129773.33,0.0,47889.08,81884.25,NPR
2026-01-09,ACC0000005196,383896.61,22106.29,88154.61,317848.29,NPR
2026-01-09,ACC0000005197,92941.88,0.0,13185.2,79756.68,NPR
2026-01-09,ACC0000005198,299171.63,38754.63,48248.54,289677.72,NPR
2026-01-09,ACC0000005199,120888.65,0.0,89389.09,31499.56,NPR
2026-01-09,ACC0000005200,495773.19,0.0,22883.64,472889.55,NPR
2026-01-09,ACC0000005201,187991.48,0.0,22114.85,165876.63,NPR
2026-01-09,ACC0000005202,291389.07,0.0,59436.33,231952.74,NPR
2026-01-09,ACC0000005203,66662.43,25556.4,165011.45,-72792.62,NPR
2026-01-09,ACC0000005204,262501.01,0.0,42514.59,219986.42,NPR
2026-01-09,ACC0000005205,141046.5,0.0,31402.96,109643.54,NPR
2026-01-09,ACC0000005206,51037.29,38914.95,64286.19,25666.05,NPR
2026-01-09,ACC0000005207,171523.94,63811.16,11321.09,224014.01,NPR
2026-01-09,ACC0000005208,453603.31,0.0,0.0,453603.31,NPR
2026-01-09,ACC0000005209,66137.67,0.0,77844.88,-11707.21,NPR
2026-01-09,ACC0000005210,499004.51,49708.38,88920.0,459792.89,NPR
2026-01-09,ACC0000005211,442058.84,0.0,0.0,442058.84,NPR
2026-01-09,ACC0000005212,187140.82,0.0,58175.75,128965.07,NPR
2026-01-09,ACC0000005213,364770.45,0.0,470.56,364299.89,NPR
2026-01-09,ACC0000005214,475653.79,0.0,33903.14,441750.65,NPR
2026-01-09,ACC0000005215,329943.66,89558.93,78098.59,341404.0,NPR
2026-01-09,ACC0000005216,427711.09,0.0,0.0,427711.09,NPR
2026-01-09,ACC0000005217,388357.33,42795.17,44723.91,386428.59,NPR
2026-01-09,ACC0000005218,489269.1,0.0,62537.9,426731.2,NPR
2026-01-09,ACC0000005219,454958.37,0.0,0.0,454958.37,NPR
2026-01-09,ACC0000005220,406168.21,13260.23,184.78,419243.66,NPR
2026-01-09,ACC0000005221,249237.67,6714.71,104912.03,151040.35,NPR
2026-01-09,ACC0000005222,441565.98,0.0,58326.61,383239.37,NPR
2026-01-09,ACC0000005223,113731.46,96392.9,37210.92,172913.44,NPR
2026-01-09,ACC0000005224,334865.31,28214.23,45831.05,317248.49,NPR
2026-01-09,ACC0000005225,242008.15,109535.86,109917.25,241626.76,NPR
2026-01-09,ACC0000005226,271282.68,13455.77,76574.94,208163.51,NPR
2026-01-09,ACC0000005227,41747.59,74471.44,55553.68,60665.35,NPR
2026-01-09,ACC0000005228,358887.19,0.0,0.0,358887.19,NPR
2026-01-09,ACC0000005229,289852.83,18008.98,40100.32,267761.49,NPR
2026-01-09,ACC0000005230,395761.85,63872.72,76767.14,382867.43,NPR
2026-01-09,ACC0000005231,443050.46,0.0,56158.73,386891.73,NPR
2026-01-09,ACC0000005232,54484.45,27145.79,80475.44,1154.8,NPR
2026-01-09,ACC0000005233,162447.83,4177.99,103584.78,63041.04,NPR
2026-01-09,ACC0000005234,281065.63,72094.16,2664.41,350495.38,NPR
2026-01-09,ACC0000005235,62479.78,0.0,0.0,62479.78,NPR
2026-01-09,ACC0000005236,155033.2,22364.9,40827.26,136570.84,NPR
2026-01-09,ACC0000005237,299275.95,6579.99,85696.06,220159.88,NPR
2026-01-09,ACC0000005238,58207.25,24872.0,25906.39,57172.86,NPR
2026-01-09,ACC0000005239,194049.95,21359.7,77390.71,138018.94,NPR
2026-01-09,ACC0000005240,12695.08,0.0,62719.06,-50023.98,NPR
2026-01-09,ACC0000005241,108790.21,0.0,50408.59,58381.62,NPR
2026-01-09,ACC0000005242,453214.84,4611.94,14255.41,443571.37,NPR
2026-01-09,ACC0000005243,408568.43,0.0,45446.44,363121.99,NPR
2026-01-09,ACC0000005244,103929.08,0.0,56531.43,47397.65,NPR
2026-01-09,ACC0000005245,269327.72,30190.11,182371.75,117146.08,NPR
2026-01-09,ACC0000005246,326003.75,30767.79,3208.33,353563.21,NPR
2026-01-09,ACC0000005247,466580.0,0.0,82069.48,384510.52,NPR
2026-01-09,ACC0000005248,222172.71,41810.19,40796.78,223186.12,NPR
2026-01-09,ACC0000005249,132321.04,1254.01,65403.09,68171.96,NPR
2026-01-09,ACC0000005250,310833.05,0.0,0.0,310833.05,NPR
2026-01-09,ACC0000005251,470041.49,0.0,98010.33,372031.16,NPR
2026-01-09,ACC0000005252,321393.64,38012.46,1665.09,357741.01,NPR
2026-01-09,ACC0000005253,483645.15,0.0,0.0,483645.15,NPR
2026-01-09,ACC0000005254,43115.99,0.0,0.0,43115.99,NPR
2026-01-09,ACC0000005255,475081.44,0.0,0.0,475081.44,NPR
2026-01-09,ACC0000005256,101345.65,53927.4,55662.03,99611.02,NPR
2026-01-09,ACC0000005257,82935.5,16972.8,40547.9,59360.4,NPR
2026-01-09,ACC0000005258,61959.46,11230.62,72556.22,633.86,NPR
2026-01-09,ACC0000005259,190713.06,41351.95,0.0,232065.01,NPR
2026-01-09,ACC0000005260,48468.96,36231.58,161265.93,-76565.39,NPR
2026-01-09,ACC0000005261,378737.17,0.0,20997.68,357739.49,NPR
2026-01-09,ACC0000005262,315089.79,73329.32,33823.48,354595.63,NPR
2026-01-09,ACC0000005263,89426.43,0.0,39197.56,50228.87,NPR
2026-01-09,ACC0000005264,440188.31,0.0,79097.78,361090.53,NPR
2026-01-09,ACC0000005265,196522.83,0.0,34292.07,162230.76,NPR
2026-01-09,ACC0000005266,188597.7,0.0,25582.52,163015.18,NPR
2026-01-09,ACC0000005267,58623.47,0.0,47463.41,11160.06,NPR
2026-01-09,ACC0000005268,242868.65,28463.52,0.0,271332.17,NPR
2026-01-09,ACC0000005269,413436.06,17456.5,25605.58,405286.98,NPR
2026-01-09,ACC0000005270,311555.97,0.0,21455.09,290100.88,NPR
2026-01-09,ACC0000005271,118990.94,0.0,0.0,118990.94,NPR
2026-01-09,ACC0000005272,387087.58,25354.73,14911.94,397530.37,NPR
2026-01-09,ACC0000005273,232438.03,0.0,115015.3,117422.73,NPR
2026-01-09,ACC0000005274,226943.28,35822.25,111380.52,151385.01,NPR
2026-01-09,ACC0000005275,465238.27,0.0,46357.98,418880.29,NPR
2026-01-09,ACC0000005276,418962.12,0.0,96573.02,322389.1,NPR
2026-01-09,ACC0000005277,157635.53,0.0,0.0,157635.53,NPR
2026-01-09,ACC0000005278,256456.82,0.0,0.0,256456.82,NPR
2026-01-09,ACC0000005279,289293.62,0.0,13330.63,275962.99,NPR
2026-01-09,ACC0000005280,49666.1,0.0,0.0,49666.1,NPR
2026-01-09,ACC0000005281,445612.09,43640.97,27266.42,461986.64,NPR
2026-01-09,ACC0000005282,130932.83,13620.96,0.0,144553.79,NPR
2026-01-09,ACC0000005283,237870.87,5601.91,43648.53,199824.25,NPR
2026-01-09,ACC0000005284,246164.71,2969.93,144791.6,104343.04,NPR
2026-01-09,ACC0000005285,34822.51,42470.92,166824.47,-89531.04,NPR
2026-01-09,ACC0000005286,432045.99,0.0,0.0,432045.99,NPR
2026-01-09,ACC0000005287,174741.51,0.0,38504.95,136236.56,NPR
2026-01-09,ACC0000005288,285098.53,10917.19,57942.1,238073.62,NPR
2026-01-09,ACC0000005289,424667.24,91848.76,83712.16,432803.84,NPR
2026-01-09,ACC0000005290,38618.21,0.0,149331.96,-110713.75,NPR
2026-01-09,ACC0000005291,429488.68,0.0,101177.93,328310.75,NPR
2026-01-09,ACC0000005292,185157.92,0.0,0.0,185157.92,NPR
2026-01-09,ACC0000005293,45582.67,45059.8,0.0,90642.47,NPR
2026-01-09,ACC0000005294,102719.72,0.0,30122.81,72596.91,NPR
2026-01-09,ACC0000005295,196004.53,86349.49,93289.41,189064.61,NPR
2026-01-09,ACC0000005296,331266.59,27811.84,0.0,359078.43,NPR
2026-01-09,ACC0000005297,281080.72,39109.98,40475.6,279715.1,NPR
2026-01-09,ACC0000005298,249629.41,0.0,61404.25,188225.16,NPR
2026-01-09,ACC0000005299,42026.18,17900.86,48391.91,11535.13,NPR
2026-01-09,ACC0000005300,150589.01,11789.91,20374.49,142004.43,NPR
2026-01-09,ACC0000005301,319378.65,0.0,11425.5,307953.15,NPR
2026-01-09,ACC0000005302,322377.04,22053.53,113480.45,230950.12,NPR
2026-01-09,ACC0000005303,125346.99,27370.01,46233.45,106483.55,NPR
2026-01-09,ACC0000005304,93587.52,0.0,36866.59,56720.93,NPR
2026-01-09,ACC0000005305,247622.64,0.0,0.0,247622.64,NPR
2026-01-09,ACC0000005306,130121.64,0.0,41575.91,88545.73,NPR
2026-01-09,ACC0000005307,210096.35,38163.61,0.0,248259.96,NPR
2026-01-09,ACC0000005308,59847.6,0.0,90226.89,-30379.29,NPR
2026-01-09,ACC0000005309,486960.54,0.0,0.0,486960.54,NPR
2026-01-09,ACC0000005310,309968.09,0.0,57311.12,252656.97,NPR
2026-01-09,ACC0000005311,190913.59,31826.07,31832.22,190907.44,NPR
2026-01-09,ACC0000005312,194608.04,37139.43,63786.7,167960.77,NPR
2026-01-09,ACC0000005313,400237.27,5172.74,0.0,405410.01,NPR
2026-01-09,ACC0000005314,324924.9,0.0,53609.3,271315.6,NPR
2026-01-09,ACC0000005315,268431.06,0.0,44718.03,223713.03,NPR
2026-01-09,ACC0000005316,256672.61,0.0,51642.07,205030.54,NPR
2026-01-09,ACC0000005317,198325.03,0.0,39125.06,159199.97,NPR
2026-01-09,ACC0000005318,203989.5,0.0,0.0,203989.5,NPR
2026-01-09,ACC0000005319,358691.97,20542.51,49576.69,329657.79,NPR
2026-01-09,ACC0000005320,316796.59,0.0,0.0,316796.59,NPR
2026-01-09,ACC0000005321,470725.43,44814.15,11227.08,504312.5,NPR
2026-01-09,ACC0000005322,91344.71,0.0,77432.32,13912.39,NPR
2026-01-09,ACC0000005323,30050.52,0.0,0.0,30050.52,NPR
2026-01-09,ACC0000005324,102280.87,49587.03,38745.95,113121.95,NPR
2026-01-09,ACC0000005325,442162.99,0.0,0.0,442162.99,NPR
2026-01-09,ACC0000005326,359102.21,13330.32,77852.32,294580.21,NPR
2026-01-09,ACC0000005327,220702.95,0.0,0.0,220702.95,NPR
2026-01-09,ACC0000005328,401534.45,0.0,0.0,401534.45,NPR
2026-01-09,ACC0000005329,69646.34,0.0,72665.93,-3019.59,NPR
2026-01-09,ACC0000005330,11130.7,75.08,19949.24,-8743.46,NPR
2026-01-09,ACC0000005331,9081.9,0.0,2280.41,6801.49,NPR
2026-01-09,ACC0000005332,82298.46,0.0,18306.46,63992.0,NPR
2026-01-09,ACC0000005333,462001.97,16960.65,6425.24,472537.38,NPR
2026-01-09,ACC0000005334,232372.81,0.0,85992.96,146379.85,NPR
2026-01-09,ACC0000005335,119102.55,0.0,0.0,119102.55,NPR
2026-01-09,ACC0000005336,83230.76,0.0,0.0,83230.76,NPR
2026-01-09,ACC0000005337,302277.38,36349.57,73641.5,264985.45,NPR
2026-01-09,ACC0000005338,474644.28,0.0,98374.6,376269.68,NPR
2026-01-09,ACC0000005339,152827.79,0.0,29069.62,123758.17,NPR
2026-01-09,ACC0000005340,444296.76,35672.21,42600.57,437368.4,NPR
2026-01-09,ACC0000005341,340669.05,27942.58,66512.03,302099.6,NPR
2026-01-09,ACC0000005342,143772.36,8004.96,36758.35,115018.97,NPR
2026-01-09,ACC0000005343,32166.71,0.0,60555.99,-28389.28,NPR
2026-01-09,ACC0000005344,300261.32,27150.76,172449.91,154962.17,NPR
2026-01-09,ACC0000005345,114183.46,9698.82,48436.37,75445.91,NPR
2026-01-09,ACC0000005346,61745.51,0.0,11672.94,50072.57,NPR
2026-01-09,ACC0000005347,412686.31,13272.87,54283.37,371675.81,NPR
2026-01-09,ACC0000005348,290915.27,0.0,59468.4,231446.87,NPR
2026-01-09,ACC0000005349,468135.14,0.0,0.0,468135.14,NPR
2026-01-09,ACC0000005350,169231.44,0.0,36990.66,132240.78,NPR
2026-01-09,ACC0000005351,314601.08,34794.52,67865.04,281530.56,NPR
2026-01-09,ACC0000005352,123515.33,0.0,0.0,123515.33,NPR
2026-01-09,ACC0000005353,240488.54,0.0,88846.56,151641.98,NPR
2026-01-09,ACC0000005354,402431.46,0.0,0.0,402431.46,NPR
2026-01-09,ACC0000005355,455109.4,0.0,25150.89,429958.51,NPR
2026-01-09,ACC0000005356,182115.5,49187.03,51658.45,179644.08,NPR
2026-01-09,ACC0000005357,467836.94,32956.78,57757.14,443036.58,NPR
2026-01-09,ACC0000005358,287003.16,0.0,58966.63,228036.53,NPR
2026-01-09,ACC0000005359,350565.99,48345.16,56102.59,342808.56,NPR
2026-01-09,ACC0000005360,231624.85,0.0,0.0,231624.85,NPR
2026-01-09,ACC0000005361,77724.43,0.0,182200.58,-104476.15,NPR
2026-01-09,ACC0000005362,354323.89,0.0,24952.53,329371.36,NPR
2026-01-09,ACC0000005363,139273.24,23843.46,37565.06,125551.64,NPR
2026-01-09,ACC0000005364,13850.27,28422.69,77270.86,-34997.9,NPR
2026-01-09,ACC0000005365,333706.55,29290.73,54182.67,308814.61,NPR
2026-01-09,ACC0000005366,271483.11,67271.67,18665.09,320089.69,NPR
2026-01-09,ACC0000005367,223100.15,0.0,23746.96,199353.19,NPR
2026-01-09,ACC0000005368,409705.4,4253.44,66379.81,347579.03,NPR
2026-01-09,ACC0000005369,382824.88,11188.07,51118.67,342894.28,NPR
2026-01-09,ACC0000005370,117796.73,0.0,138622.7,-20825.97,NPR
2026-01-09,ACC0000005371,387018.29,32588.26,113700.4,305906.15,NPR
2026-01-09,ACC0000005372,137999.51,0.0,0.0,137999.51,NPR
2026-01-09,ACC0000005373,458626.33,0.0,73890.34,384735.99,NPR
2026-01-09,ACC0000005374,423610.61,4489.38,49409.43,378690.56,NPR
2026-01-09,ACC0000005375,119456.74,0.0,38203.27,81253.47,NPR
2026-01-09,ACC0000005376,114756.99,81459.42,36315.82,159900.59,NPR
2026-01-09,ACC0000005377,324840.63,0.0,23377.51,301463.12,NPR
2026-01-09,ACC0000005378,420379.48,21825.62,39486.51,402718.59,NPR
2026-01-09,ACC0000005379,13728.78,0.0,47113.67,-33384.89,NPR
2026-01-09,ACC0000005380,238647.34,0.0,65125.26,173522.08,NPR
2026-01-09,ACC0000005381,174955.68,0.0,0.0,174955.68,NPR
2026-01-09,ACC0000005382,360784.07,0.0,0.0,360784.07,NPR
2026-01-09,ACC0000005383,338654.07,0.0,0.0,338654.07,NPR
2026-01-09,ACC0000005384,16172.41,0.0,26585.49,-10413.08,NPR
2026-01-09,ACC0000005385,273929.3,44600.27,139719.0,178810.57,NPR
2026-01-09,ACC0000005386,153622.28,0.0,3779.01,149843.27,NPR
2026-01-09,ACC0000005387,193558.31,43905.17,9770.76,227692.72,NPR
2026-01-09,ACC0000005388,231243.98,0.0,19543.65,211700.33,NPR
2026-01-09,ACC0000005389,396961.98,17909.23,55608.75,359262.46,NPR
2026-01-09,ACC0000005390,58430.58,0.0,84331.77,-25901.19,NPR
2026-01-09,ACC0000005391,13184.49,21039.52,71040.35,-36816.34,NPR
2026-01-09,ACC0000005392,377461.47,16130.57,38535.87,355056.17,NPR
2026-01-09,ACC0000005393,487983.04,0.0,98393.66,389589.38,NPR
2026-01-09,ACC0000005394,291913.99,0.0,85699.18,206214.81,NPR
2026-01-09,ACC0000005395,431873.42,2135.16,45449.33,388559.25,NPR
2026-01-09,ACC0000005396,251734.77,0.0,30271.44,221463.33,NPR
2026-01-09,ACC0000005397,33537.24,0.0,103358.4,-69821.16,NPR
2026-01-09,ACC0000005398,318457.97,1290.36,24172.41,295575.92,NPR
2026-01-09,ACC0000005399,6381.28,0.0,55206.89,-48825.61,NPR
2026-01-09,ACC0000005400,28979.65,0.0,61192.98,-32213.33,NPR
2026-01-09,ACC0000005401,134118.57,0.0,0.0,134118.57,NPR
2026-01-09,ACC0000005402,384026.7,0.0,92738.64,291288.06,NPR
2026-01-09,ACC0000005403,191715.55,0.0,44323.4,147392.15,NPR
2026-01-09,ACC0000005404,409265.84,7540.8,112248.99,304557.65,NPR
2026-01-09,ACC0000005405,279538.36,0.0,42185.41,237352.95,NPR
2026-01-09,ACC0000005406,310266.09,19305.52,32177.01,297394.6,NPR
2026-01-09,ACC0000005407,403864.59,2185.79,71037.81,335012.57,NPR
2026-01-09,ACC0000005408,211159.33,0.0,32518.09,178641.24,NPR
2026-01-09,ACC0000005409,403585.79,0.0,65612.48,337973.31,NPR
2026-01-09,ACC0000005410,257879.72,0.0,33291.61,224588.11,NPR
2026-01-09,ACC0000005411,332628.69,0.0,62606.8,270021.89,NPR
2026-01-09,ACC0000005412,171897.87,6833.23,0.0,178731.1,NPR
2026-01-09,ACC0000005413,180318.84,0.0,41680.67,138638.17,NPR
2026-01-09,ACC0000005414,251319.83,22768.76,86325.26,187763.33,NPR
2026-01-09,ACC0000005415,477321.25,0.0,109670.81,367650.44,NPR
2026-01-09,ACC0000005416,350275.76,34475.11,55640.25,329110.62,NPR
2026-01-09,ACC0000005417,466124.63,41112.08,65076.07,442160.64,NPR
2026-01-09,ACC0000005418,101378.53,0.0,69338.92,32039.61,NPR
2026-01-09,ACC0000005419,371208.1,0.0,27745.05,343463.05,NPR
2026-01-09,ACC0000005420,223590.33,68877.86,47990.86,244477.33,NPR
2026-01-09,ACC0000005421,332835.63,32204.37,0.0,365040.0,NPR
2026-01-09,ACC0000005422,257833.79,0.0,86266.31,171567.48,NPR
2026-01-09,ACC0000005423,62200.33,0.0,20955.53,41244.8,NPR
2026-01-09,ACC0000005424,214473.53,0.0,16229.43,198244.1,NPR
2026-01-09,ACC0000005425,263812.58,0.0,44543.32,219269.26,NPR
2026-01-09,ACC0000005426,244364.95,0.0,60261.69,184103.26,NPR
2026-01-09,ACC0000005427,28696.1,0.0,107029.65,-78333.55,NPR
2026-01-09,ACC0000005428,123017.06,0.0,0.0,123017.06,NPR
2026-01-09,ACC0000005429,394206.86,13385.09,33341.62,374250.33,NPR
2026-01-09,ACC0000005430,117724.97,0.0,7744.11,109980.86,NPR
2026-01-09,ACC0000005431,245646.34,61810.8,0.0,307457.14,NPR
2026-01-09,ACC0000005432,180183.89,0.0,0.0,180183.89,NPR
2026-01-09,ACC0000005433,394933.49,0.0,7084.68,387848.81,NPR
2026-01-09,ACC0000005434,227559.16,0.0,94558.03,133001.13,NPR
2026-01-09,ACC0000005435,263727.35,0.0,0.0,263727.35,NPR
2026-01-09,ACC0000005436,34689.46,0.0,0.0,34689.46,NPR
2026-01-09,ACC0000005437,316136.61,31409.99,64350.25,283196.35,NPR
2026-01-09,ACC0000005438,489034.37,0.0,91378.75,397655.62,NPR
2026-01-09,ACC0000005439,17801.8,0.0,0.0,17801.8,NPR
2026-01-09,ACC0000005440,84425.84,43614.33,17594.08,110446.09,NPR
2026-01-09,ACC0000005441,411757.63,31417.13,13438.16,429736.6,NPR
2026-01-09,ACC0000005442,272172.76,0.0,31320.68,240852.08,NPR
2026-01-09,ACC0000005443,343471.53,0.0,0.0,343471.53,NPR
2026-01-09,ACC0000005444,474265.26,41739.13,0.0,516004.39,NPR
2026-01-09,ACC0000005445,304366.56,0.0,0.0,304366.56,NPR
2026-01-09,ACC0000005446,452584.62,0.0,120727.79,331856.83,NPR
2026-01-09,ACC0000005447,172310.66,99144.0,4374.17,267080.49,NPR
2026-01-09,ACC0000005448,16918.41,0.0,90639.96,-73721.55,NPR
2026-01-09,ACC0000005449,215768.33,0.0,98436.48,117331.85,NPR
2026-01-09,ACC0000005450,480899.57,0.0,3585.49,477314.08,NPR
2026-01-09,ACC0000005451,341658.77,41002.0,150508.46,232152.31,NPR
2026-01-09,ACC0000005452,46808.63,0.0,0.0,46808.63,NPR
2026-01-09,ACC0000005453,465397.22,0.0,39904.89,425492.33,NPR
2026-01-09,ACC0000005454,107751.79,5418.34,0.0,113170.13,NPR
2026-01-09,ACC0000005455,177844.48,37423.66,209371.85,5896.29,NPR
2026-01-09,ACC0000005456,438392.79,0.0,44181.86,394210.93,NPR
2026-01-09,ACC0000005457,300088.71,0.0,65349.21,234739.5,NPR
2026-01-09,ACC0000005458,111257.86,0.0,0.0,111257.86,NPR
2026-01-09,ACC0000005459,352471.45,0.0,60148.29,292323.16,NPR
2026-01-09,ACC0000005460,250944.84,0.0,80149.4,170795.44,NPR
2026-01-09,ACC0000005461,305653.67,11607.21,81981.38,235279.5,NPR
2026-01-09,ACC0000005462,423808.42,45067.29,80820.76,388054.95,NPR
2026-01-09,ACC0000005463,129974.7,0.0,0.0,129974.7,NPR
2026-01-09,ACC0000005464,138524.76,0.0,39235.63,99289.13,NPR
2026-01-09,ACC0000005465,73217.03,0.0,0.0,73217.03,NPR
2026-01-09,ACC0000005466,237955.83,0.0,34494.97,203460.86,NPR
2026-01-09,ACC0000005467,230087.39,40898.45,46635.07,224350.77,NPR
2026-01-09,ACC0000005468,350369.01,0.0,10953.39,339415.62,NPR
2026-01-09,ACC0000005469,319945.76,0.0,70882.79,249062.97,NPR
2026-01-09,ACC0000005470,219132.42,4632.2,105013.15,118751.47,NPR
2026-01-09,ACC0000005471,212651.31,0.0,0.0,212651.31,NPR
2026-01-09,ACC0000005472,193742.16,49244.82,0.0,242986.98,NPR
2026-01-09,ACC0000005473,111298.77,29640.52,0.0,140939.29,NPR
2026-01-09,ACC0000005474,76663.72,30946.23,33354.09,74255.86,NPR
2026-01-09,ACC0000005475,312048.26,40777.34,27132.65,325692.95,NPR
2026-01-09,ACC0000005476,317905.29,0.0,0.0,317905.29,NPR
2026-01-09,ACC0000005477,90938.61,0.0,6170.75,84767.86,NPR
2026-01-09,ACC0000005478,238637.52,0.0,0.0,238637.52,NPR
2026-01-09,ACC0000005479,348030.47,0.0,0.0,348030.47,NPR
2026-01-09,ACC0000005480,497630.5,44734.36,15192.07,527172.79,NPR
2026-01-09,ACC0000005481,323241.53,74034.25,89658.51,307617.27,NPR
2026-01-09,ACC0000005482,380518.57,0.0,42948.79,337569.78,NPR
2026-01-09,ACC0000005483,481079.59,0.0,12391.6,468687.99,NPR
2026-01-09,ACC0000005484,159771.33,0.0,0.0,159771.33,NPR
2026-01-09,ACC0000005485,423851.83,47099.84,98293.21,372658.46,NPR
2026-01-09,ACC0000005486,151112.74,42105.9,65277.21,127941.43,NPR
2026-01-09,ACC0000005487,120538.05,0.0,81323.7,39214.35,NPR
2026-01-09,ACC0000005488,300927.11,0.0,0.0,300927.11,NPR
2026-01-09,ACC0000005489,335906.12,597.9,21864.78,314639.24,NPR
2026-01-09,ACC0000005490,103488.07,18657.79,32897.37,89248.49,NPR
2026-01-09,ACC0000005491,100913.75,0.0,68693.92,32219.83,NPR
2026-01-09,ACC0000005492,170976.52,0.0,0.0,170976.52,NPR
2026-01-09,ACC0000005493,377702.59,0.0,103813.98,273888.61,NPR
2026-01-09,ACC0000005494,15617.36,0.0,0.0,15617.36,NPR
2026-01-09,ACC0000005495,71707.79,41242.0,41977.58,70972.21,NPR
2026-01-09,ACC0000005496,368064.69,0.0,8287.11,359777.58,NPR
2026-01-09,ACC0000005497,293011.14,44292.64,0.0,337303.78,NPR
2026-01-09,ACC0000005498,146855.77,0.0,0.0,146855.77,NPR
2026-01-09,ACC0000005499,236984.36,18464.25,55964.47,199484.14,NPR
2026-01-09,ACC0000005500,262881.57,0.0,30832.37,232049.2,NPR
2026-01-09,ACC0000005501,443612.36,20354.07,7684.7,456281.73,NPR
2026-01-09,ACC0000005502,465647.63,0.0,145266.43,320381.2,NPR
2026-01-09,ACC0000005503,495580.69,63441.75,42037.13,516985.31,NPR
2026-01-09,ACC0000005504,141331.48,77411.41,90997.45,127745.44,NPR
2026-01-09,ACC0000005505,419826.34,24896.97,108380.6,336342.71,NPR
2026-01-09,ACC0000005506,309678.02,67503.61,32024.94,345156.69,NPR
2026-01-09,ACC0000005507,494256.47,47801.31,12754.78,529303.0,NPR
2026-01-09,ACC0000005508,400294.78,44939.06,46516.8,398717.04,NPR
2026-01-09,ACC0000005509,396503.17,1522.11,45021.55,353003.73,NPR
2026-01-09,ACC0000005510,373569.68,0.0,0.0,373569.68,NPR
2026-01-09,ACC0000005511,452731.7,20200.53,26703.46,446228.77,NPR
2026-01-09,ACC0000005512,292979.87,0.0,16578.09,276401.78,NPR
2026-01-09,ACC0000005513,294866.57,32859.22,0.0,327725.79,NPR
2026-01-09,ACC0000005514,24796.89,0.0,61322.47,-36525.58,NPR
2026-01-09,ACC0000005515,157999.19,0.0,18774.08,139225.11,NPR
2026-01-09,ACC0000005516,135168.0,0.0,70916.14,64251.86,NPR
2026-01-09,ACC0000005517,19287.09,0.0,70011.97,-50724.88,NPR
2026-01-09,ACC0000005518,58207.05,76309.19,62078.83,72437.41,NPR
2026-01-09,ACC0000005519,23021.58,32297.65,74994.0,-19674.77,NPR
2026-01-09,ACC0000005520,369210.59,0.0,17652.06,351558.53,NPR
2026-01-09,ACC0000005521,426808.95,16332.72,77715.74,365425.93,NPR
2026-01-09,ACC0000005522,39919.17,0.0,21909.1,18010.07,NPR
2026-01-09,ACC0000005523,65046.82,22119.44,46269.16,40897.1,NPR
2026-01-09,ACC0000005524,24968.71,80267.85,72024.27,33212.29,NPR
2026-01-09,ACC0000005525,498793.42,0.0,63597.34,435196.08,NPR
2026-01-09,ACC0000005526,461086.18,0.0,71398.64,389687.54,NPR
2026-01-09,ACC0000005527,66146.85,49079.63,59236.41,55990.07,NPR
2026-01-09,ACC0000005528,178736.31,0.0,0.0,178736.31,NPR
2026-01-09,ACC0000005529,85683.16,0.0,0.0,85683.16,NPR
2026-01-09,ACC0000005530,183000.97,43733.43,56633.67,170100.73,NPR
2026-01-09,ACC0000005531,265431.99,0.0,55507.86,209924.13,NPR
2026-01-09,ACC0000005532,123157.86,0.0,99101.65,24056.21,NPR
2026-01-09,ACC0000005533,123590.02,0.0,18135.32,105454.7,NPR
2026-01-09,ACC0000005534,430322.49,0.0,50335.28,379987.21,NPR
2026-01-09,ACC0000005535,123439.39,0.0,0.0,123439.39,NPR
2026-01-09,ACC0000005536,253725.1,5317.93,115593.02,143450.01,NPR
2026-01-09,ACC0000005537,346350.18,0.0,162126.77,184223.41,NPR
2026-01-09,ACC0000005538,255346.33,16362.88,5307.87,266401.34,NPR
2026-01-09,ACC0000005539,386806.33,34319.74,59838.67,361287.4,NPR
2026-01-09,ACC0000005540,439934.58,0.0,0.0,439934.58,NPR
2026-01-09,ACC0000005541,278086.71,0.0,43307.08,234779.63,NPR
2026-01-09,ACC0000005542,400942.34,0.0,10287.73,390654.61,NPR
2026-01-09,ACC0000005543,101081.85,0.0,134073.68,-32991.83,NPR
2026-01-09,ACC0000005544,409055.02,0.0,38736.8,370318.22,NPR
2026-01-09,ACC0000005545,63761.68,0.0,0.0,63761.68,NPR
2026-01-09,ACC0000005546,216718.7,0.0,99160.99,117557.71,NPR
2026-01-09,ACC0000005547,269375.28,0.0,0.0,269375.28,NPR
2026-01-09,ACC0000005548,490627.82,0.0,126455.4,364172.42,NPR
2026-01-09,ACC0000005549,383401.81,14343.49,109485.35,288259.95,NPR
2026-01-09,ACC0000005550,393360.06,13208.7,20763.0,385805.76,NPR
2026-01-09,ACC0000005551,381147.83,0.0,121559.31,259588.52,NPR
2026-01-09,ACC0000005552,75961.47,0.0,51796.56,24164.91,NPR
2026-01-09,ACC0000005553,239102.87,0.0,0.0,239102.87,NPR
2026-01-09,ACC0000005554,450439.17,0.0,0.0,450439.17,NPR
2026-01-09,ACC0000005555,243715.81,38634.55,47067.5,235282.86,NPR
2026-01-09,ACC0000005556,289751.31,0.0,0.0,289751.31,NPR
2026-01-09,ACC0000005557,434055.42,19268.75,43866.31,409457.86,NPR
2026-01-09,ACC0000005558,382418.07,6009.74,0.0,388427.81,NPR
2026-01-09,ACC0000005559,443174.64,41393.85,47718.03,436850.46,NPR
2026-01-09,ACC0000005560,7453.34,0.0,74643.53,-67190.19,NPR
2026-01-09,ACC0000005561,495596.96,0.0,83652.87,411944.09,NPR
2026-01-09,ACC0000005562,302248.68,0.0,82521.05,219727.63,NPR
2026-01-09,ACC0000005563,76419.76,0.0,111907.27,-35487.51,NPR
2026-01-09,ACC0000005564,467086.87,0.0,0.0,467086.87,NPR
2026-01-09,ACC0000005565,389574.98,40808.96,0.0,430383.94,NPR
2026-01-09,ACC0000005566,438286.18,25591.72,49741.98,414135.92,NPR
2026-01-09,ACC0000005567,100769.14,0.0,35311.9,65457.24,NPR
2026-01-09,ACC0000005568,74070.03,0.0,134316.66,-60246.63,NPR
2026-01-09,ACC0000005569,40218.25,0.0,56219.54,-16001.29,NPR
2026-01-09,ACC0000005570,401635.35,0.0,0.0,401635.35,NPR
2026-01-09,ACC0000005571,180125.25,0.0,109718.97,70406.28,NPR
2026-01-09,ACC0000005572,18263.38,0.0,0.0,18263.38,NPR
2026-01-09,ACC0000005573,377691.14,0.0,0.0,377691.14,NPR
2026-01-09,ACC0000005574,119911.68,0.0,54571.28,65340.4,NPR
2026-01-09,ACC0000005575,244357.18,25955.72,9354.94,260957.96,NPR
2026-01-09,ACC0000005576,108258.37,2683.67,85412.73,25529.31,NPR
2026-01-09,ACC0000005577,492872.75,0.0,44451.72,448421.03,NPR
2026-01-09,ACC0000005578,32285.7,0.0,31209.05,1076.65,NPR
2026-01-09,ACC0000005579,175736.78,0.0,28743.19,146993.59,NPR
2026-01-09,ACC0000005580,404690.51,0.0,0.0,404690.51,NPR
2026-01-09,ACC0000005581,497556.87,0.0,11695.26,485861.61,NPR
2026-01-09,ACC0000005582,105723.24,24565.26,38458.78,91829.72,NPR
2026-01-09,ACC0000005583,176118.41,0.0,0.0,176118.41,NPR
2026-01-09,ACC0000005584,477965.08,0.0,0.0,477965.08,NPR
2026-01-09,ACC0000005585,233825.67,41035.03,141157.29,133703.41,NPR
2026-01-09,ACC0000005586,141733.5,0.0,0.0,141733.5,NPR
2026-01-09,ACC0000005587,156875.3,31812.76,0.0,188688.06,NPR
2026-01-09,ACC0000005588,121617.36,0.0,47661.02,73956.34,NPR
2026-01-09,ACC0000005589,88130.36,0.0,0.0,88130.36,NPR
2026-01-09,ACC0000005590,39248.13,0.0,83508.89,-44260.76,NPR
2026-01-09,ACC0000005591,180593.95,0.0,42585.9,138008.05,NPR
2026-01-09,ACC0000005592,205358.8,41517.76,17378.64,229497.92,NPR
2026-01-09,ACC0000005593,223407.98,0.0,15946.47,207461.51,NPR
2026-01-09,ACC0000005594,475935.87,0.0,39812.4,436123.47,NPR
2026-01-09,ACC0000005595,208916.21,31218.22,4565.98,235568.45,NPR
2026-01-09,ACC0000005596,58471.23,36576.03,34669.46,60377.8,NPR
2026-01-09,ACC0000005597,374058.66,0.0,77532.26,296526.4,NPR
2026-01-09,ACC0000005598,209065.24,0.0,0.0,209065.24,NPR
2026-01-09,ACC0000005599,396149.21,44917.69,99757.29,341309.61,NPR
2026-01-09,ACC0000005600,394658.05,0.0,70919.65,323738.4,NPR
2026-01-09,ACC0000005601,497548.48,0.0,0.0,497548.48,NPR
2026-01-09,ACC0000005602,122469.95,5499.54,94886.65,33082.84,NPR
2026-01-09,ACC0000005603,333667.18,0.0,58275.51,275391.67,NPR
2026-01-09,ACC0000005604,389783.84,49477.86,0.0,439261.7,NPR
2026-01-09,ACC0000005605,459854.05,0.0,34188.92,425665.13,NPR
2026-01-09,ACC0000005606,164278.89,17800.84,0.0,182079.73,NPR
2026-01-09,ACC0000005607,437738.79,36809.71,7011.39,467537.11,NPR
2026-01-09,ACC0000005608,30088.77,0.0,4026.48,26062.29,NPR
2026-01-09,ACC0000005609,158757.1,44662.13,76580.02,126839.21,NPR
2026-01-09,ACC0000005610,461773.25,9222.33,15432.57,455563.01,NPR
2026-01-09,ACC0000005611,295393.02,0.0,38927.36,256465.66,NPR
2026-01-09,ACC0000005612,477725.12,15693.73,41983.67,451435.18,NPR
2026-01-09,ACC0000005613,329499.29,0.0,0.0,329499.29,NPR
2026-01-09,ACC0000005614,362362.98,0.0,128401.37,233961.61,NPR
2026-01-09,ACC0000005615,247505.85,36268.97,191706.54,92068.28,NPR
2026-01-09,ACC0000005616,148311.54,0.0,33303.69,115007.85,NPR
2026-01-09,ACC0000005617,298441.35,0.0,54985.4,243455.95,NPR
2026-01-09,ACC0000005618,263411.61,20994.06,29206.82,255198.85,NPR
2026-01-09,ACC0000005619,43518.3,40882.17,19185.62,65214.85,NPR
2026-01-09,ACC0000005620,274434.83,0.0,0.0,274434.83,NPR
2026-01-09,ACC0000005621,234676.5,0.0,135619.65,99056.85,NPR
2026-01-09,ACC0000005622,147101.2,0.0,0.0,147101.2,NPR
2026-01-09,ACC0000005623,392669.17,0.0,58854.84,333814.33,NPR
2026-01-09,ACC0000005624,2222.01,26760.24,0.0,28982.25,NPR
2026-01-09,ACC0000005625,285754.0,17040.08,5594.51,297199.57,NPR
2026-01-09,ACC0000005626,313564.11,0.0,9340.82,304223.29,NPR
2026-01-09,ACC0000005627,48818.91,0.0,73635.29,-24816.38,NPR
2026-01-09,ACC0000005628,469961.98,17517.17,77014.26,410464.89,NPR
2026-01-09,ACC0000005629,112740.0,39681.7,5862.21,146559.49,NPR
2026-01-09,ACC0000005630,485665.16,38581.38,48830.01,475416.53,NPR
2026-01-09,ACC0000005631,297518.83,52084.58,92587.07,257016.34,NPR
2026-01-09,ACC0000005632,53709.64,0.0,45320.55,8389.09,NPR
2026-01-09,ACC0000005633,42077.88,0.0,88500.67,-46422.79,NPR
2026-01-09,ACC0000005634,447356.98,0.0,69415.64,377941.34,NPR
2026-01-09,ACC0000005635,328427.15,0.0,0.0,328427.15,NPR
2026-01-09,ACC0000005636,318435.98,0.0,105164.82,213271.16,NPR
2026-01-09,ACC0000005637,294324.39,20274.21,53365.87,261232.73,NPR
2026-01-09,ACC0000005638,448056.16,0.0,64878.14,383178.02,NPR
2026-01-09,ACC0000005639,75029.98,0.0,119989.0,-44959.02,NPR
2026-01-09,ACC0000005640,350335.57,37933.33,64676.18,323592.72,NPR
2026-01-09,ACC0000005641,407519.62,0.0,33319.76,374199.86,NPR
2026-01-09,ACC0000005642,25217.73,0.0,35963.25,-10745.52,NPR
2026-01-09,ACC0000005643,199810.69,20712.72,7380.77,213142.64,NPR
2026-01-09,ACC0000005644,46268.26,0.0,38163.62,8104.64,NPR
2026-01-09,ACC0000005645,288476.2,0.0,119015.17,169461.03,NPR
2026-01-09,ACC0000005646,458916.62,0.0,0.0,458916.62,NPR
2026-01-09,ACC0000005647,363248.31,7360.31,119715.79,250892.83,NPR
2026-01-09,ACC0000005648,367953.42,77134.65,108581.4,336506.67,NPR
2026-01-09,ACC0000005649,453916.97,0.0,28462.46,425454.51,NPR
2026-01-09,ACC0000005650,83542.34,0.0,125962.54,-42420.2,NPR
2026-01-09,ACC0000005651,454710.89,10070.42,5088.32,459692.99,NPR
2026-01-09,ACC0000005652,101895.49,8599.08,0.0,110494.57,NPR
2026-01-09,ACC0000005653,283416.15,47170.72,64270.66,266316.21,NPR
2026-01-09,ACC0000005654,461535.83,0.0,66295.81,395240.02,NPR
2026-01-09,ACC0000005655,138040.23,0.0,66972.51,71067.72,NPR
2026-01-09,ACC0000005656,485598.84,11850.35,2339.98,495109.21,NPR
2026-01-09,ACC0000005657,384382.67,59613.99,25195.54,418801.12,NPR
2026-01-09,ACC0000005658,215138.6,42968.0,95351.65,162754.95,NPR
2026-01-09,ACC0000005659,210419.13,35606.45,65075.98,180949.6,NPR
2026-01-09,ACC0000005660,166385.2,0.0,98275.61,68109.59,NPR
2026-01-09,ACC0000005661,431328.92,0.0,0.0,431328.92,NPR
2026-01-09,ACC0000005662,366531.09,40183.43,45856.43,360858.09,NPR
2026-01-09,ACC0000005663,124992.56,45887.18,112947.08,57932.66,NPR
2026-01-09,ACC0000005664,125391.45,0.0,0.0,125391.45,NPR
2026-01-09,ACC0000005665,141342.67,44238.77,58704.69,126876.75,NPR
2026-01-09,ACC0000005666,314838.79,0.0,0.0,314838.79,NPR
2026-01-09,ACC0000005667,408256.19,19738.08,113416.42,314577.85,NPR
2026-01-09,ACC0000005668,339660.78,0.0,94843.87,244816.91,NPR
2026-01-09,ACC0000005669,490911.27,0.0,0.0,490911.27,NPR
2026-01-09,ACC0000005670,413250.51,43446.61,82878.73,373818.39,NPR
2026-01-09,ACC0000005671,163511.47,8474.05,16359.71,155625.81,NPR
2026-01-09,ACC0000005672,207167.33,63359.16,85363.6,185162.89,NPR
2026-01-09,ACC0000005673,322723.34,44634.61,35327.8,332030.15,NPR
2026-01-09,ACC0000005674,293370.75,0.0,45381.0,247989.75,NPR
2026-01-09,ACC0000005675,238948.07,47466.9,13687.48,272727.49,NPR
2026-01-09,ACC0000005676,265829.49,0.0,0.0,265829.49,NPR
2026-01-09,ACC0000005677,140950.86,0.0,12330.74,128620.12,NPR
2026-01-09,ACC0000005678,296357.28,0.0,0.0,296357.28,NPR
2026-01-09,ACC0000005679,88845.24,0.0,93439.99,-4594.75,NPR
2026-01-09,ACC0000005680,273316.6,0.0,0.0,273316.6,NPR
2026-01-09,ACC0000005681,362497.0,0.0,0.0,362497.0,NPR
2026-01-09,ACC0000005682,494383.86,0.0,11163.64,483220.22,NPR
2026-01-09,ACC0000005683,182509.53,9347.95,0.0,191857.48,NPR
2026-01-09,ACC0000005684,346024.45,0.0,42722.93,303301.52,NPR
2026-01-09,ACC0000005685,67686.99,0.0,123211.06,-55524.07,NPR
2026-01-09,ACC0000005686,79830.66,9043.11,4959.12,83914.65,NPR
2026-01-09,ACC0000005687,12608.6,62396.66,60255.09,14750.17,NPR
2026-01-09,ACC0000005688,325863.16,47246.09,44432.57,328676.68,NPR
2026-01-09,ACC0000005689,101201.19,9622.54,27323.75,83499.98,NPR
2026-01-09,ACC0000005690,383831.05,0.0,31064.56,352766.49,NPR
2026-01-09,ACC0000005691,72712.1,0.0,109997.86,-37285.76,NPR
2026-01-09,ACC0000005692,407662.96,0.0,92705.82,314957.14,NPR
2026-01-09,ACC0000005693,368537.51,0.0,0.0,368537.51,NPR
2026-01-09,ACC0000005694,416543.79,0.0,93588.96,322954.83,NPR
2026-01-09,ACC0000005695,413828.1,0.0,0.0,413828.1,NPR
2026-01-09,ACC0000005696,278926.97,111370.45,36189.89,354107.53,NPR
2026-01-09,ACC0000005697,324222.34,0.0,73684.08,250538.26,NPR
2026-01-09,ACC0000005698,418977.09,0.0,72462.19,346514.9,NPR
2026-01-09,ACC0000005699,133274.25,0.0,542.64,132731.61,NPR
2026-01-09,ACC0000005700,43311.76,0.0,0.0,43311.76,NPR
2026-01-09,ACC0000005701,305062.08,0.0,0.0,305062.08,NPR
2026-01-09,ACC0000005702,213009.96,0.0,44981.21,168028.75,NPR
2026-01-09,ACC0000005703,35514.6,0.0,0.0,35514.6,NPR
2026-01-09,ACC0000005704,119160.89,0.0,40412.25,78748.64,NPR
2026-01-09,ACC0000005705,413904.33,49530.08,83869.27,379565.14,NPR
2026-01-09,ACC0000005706,375056.24,0.0,52637.71,322418.53,NPR
2026-01-09,ACC0000005707,251573.89,0.0,45729.87,205844.02,NPR
2026-01-09,ACC0000005708,427871.98,49653.06,16581.23,460943.81,NPR
2026-01-09,ACC0000005709,163341.37,0.0,135651.3,27690.07,NPR
2026-01-09,ACC0000005710,373606.92,17414.93,78795.4,312226.45,NPR
2026-01-09,ACC0000005711,260954.37,0.0,0.0,260954.37,NPR
2026-01-09,ACC0000005712,281131.06,4293.93,43476.62,241948.37,NPR
2026-01-09,ACC0000005713,480527.8,24633.06,147530.96,357629.9,NPR
2026-01-09,ACC0000005714,40675.23,30234.78,5169.67,65740.34,NPR
2026-01-09,ACC0000005715,19147.91,0.0,93919.87,-74771.96,NPR
2026-01-09,ACC0000005716,182082.58,0.0,49993.2,132089.38,NPR
2026-01-09,ACC0000005717,473613.64,49227.0,67304.45,455536.19,NPR
2026-01-09,ACC0000005718,479983.97,21265.24,37091.09,464158.12,NPR
2026-01-09,ACC0000005719,48041.14,0.0,0.0,48041.14,NPR
2026-01-09,ACC0000005720,154212.82,81353.1,96344.92,139221.0,NPR
2026-01-09,ACC0000005721,490575.14,0.0,0.0,490575.14,NPR
2026-01-09,ACC0000005722,459150.99,0.0,5538.37,453612.62,NPR
2026-01-09,ACC0000005723,168100.71,0.0,0.0,168100.71,NPR
2026-01-09,ACC0000005724,95477.26,0.0,102090.52,-6613.26,NPR
2026-01-09,ACC0000005725,451697.15,0.0,205942.68,245754.47,NPR
2026-01-09,ACC0000005726,67471.19,0.0,1613.67,65857.52,NPR
2026-01-09,ACC0000005727,389447.23,0.0,42778.87,346668.36,NPR
2026-01-09,ACC0000005728,209225.44,14550.92,0.0,223776.36,NPR
2026-01-09,ACC0000005729,99640.39,0.0,59422.22,40218.17,NPR
2026-01-09,ACC0000005730,159576.11,0.0,0.0,159576.11,NPR
2026-01-09,ACC0000005731,62640.79,20674.41,11792.86,71522.34,NPR
2026-01-09,ACC0000005732,176017.7,0.0,0.0,176017.7,NPR
2026-01-09,ACC0000005733,339302.58,23567.53,78215.7,284654.41,NPR
2026-01-09,ACC0000005734,170332.21,0.0,8620.38,161711.83,NPR
2026-01-09,ACC0000005735,466850.91,47555.2,0.0,514406.11,NPR
2026-01-09,ACC0000005736,268800.97,0.0,92542.36,176258.61,NPR
2026-01-09,ACC0000005737,233119.61,50601.38,70590.25,213130.74,NPR
2026-01-09,ACC0000005738,81865.77,10899.55,7294.68,85470.64,NPR
2026-01-09,ACC0000005739,113077.97,0.0,29681.92,83396.05,NPR
2026-01-09,ACC0000005740,111184.52,0.0,66588.5,44596.02,NPR
2026-01-09,ACC0000005741,27995.17,0.0,66028.66,-38033.49,NPR
2026-01-09,ACC0000005742,225563.7,4590.05,18944.95,211208.8,NPR
2026-01-09,ACC0000005743,37034.04,0.0,0.0,37034.04,NPR
2026-01-09,ACC0000005744,470642.28,0.0,77993.43,392648.85,NPR
2026-01-09,ACC0000005745,415328.44,0.0,40543.65,374784.79,NPR
2026-01-09,ACC0000005746,99241.26,35205.24,46694.6,87751.9,NPR
2026-01-09,ACC0000005747,385617.91,0.0,35215.92,350401.99,NPR
2026-01-09,ACC0000005748,256620.29,0.0,19223.33,237396.96,NPR
2026-01-09,ACC0000005749,171843.01,81152.12,66217.01,186778.12,NPR
2026-01-09,ACC0000005750,424636.23,0.0,18713.86,405922.37,NPR
2026-01-09,ACC0000005751,255847.27,0.0,96489.54,159357.73,NPR
2026-01-09,ACC0000005752,451980.73,0.0,116517.05,335463.68,NPR
2026-01-09,ACC0000005753,34434.46,0.0,0.0,34434.46,NPR
2026-01-09,ACC0000005754,67672.86,31014.11,46041.13,52645.84,NPR
2026-01-09,ACC0000005755,173383.33,0.0,136833.8,36549.53,NPR
2026-01-09,ACC0000005756,420454.0,33318.09,38244.37,415527.72,NPR
2026-01-09,ACC0000005757,96415.21,0.0,10792.15,85623.06,NPR
2026-01-09,ACC0000005758,178703.66,0.0,69816.1,108887.56,NPR
2026-01-09,ACC0000005759,159892.16,0.0,3667.34,156224.82,NPR
2026-01-09,ACC0000005760,326593.82,0.0,81017.2,245576.62,NPR
2026-01-09,ACC0000005761,181139.18,0.0,62256.19,118882.99,NPR
2026-01-09,ACC0000005762,319411.05,15040.03,39591.57,294859.51,NPR
2026-01-09,ACC0000005763,214058.17,5759.2,18838.04,200979.33,NPR
2026-01-09,ACC0000005764,498175.58,0.0,43011.85,455163.73,NPR
2026-01-09,ACC0000005765,223365.78,33881.2,36496.78,220750.2,NPR
2026-01-09,ACC0000005766,188439.45,47338.98,159417.36,76361.07,NPR
2026-01-09,ACC0000005767,19431.06,39775.15,62338.67,-3132.46,NPR
2026-01-09,ACC0000005768,371008.84,0.0,108989.42,262019.42,NPR
2026-01-09,ACC0000005769,96040.03,0.0,39291.09,56748.94,NPR
2026-01-09,ACC0000005770,484186.98,47970.36,50803.27,481354.07,NPR
2026-01-09,ACC0000005771,223905.29,0.0,61928.08,161977.21,NPR
2026-01-09,ACC0000005772,491745.16,0.0,51998.39,439746.77,NPR
2026-01-09,ACC0000005773,64748.63,0.0,98608.32,-33859.69,NPR
2026-01-09,ACC0000005774,378665.62,0.0,84870.88,293794.74,NPR
2026-01-09,ACC0000005775,49520.18,0.0,11253.61,38266.57,NPR
2026-01-09,ACC0000005776,451076.03,46387.16,38304.89,459158.3,NPR
2026-01-09,ACC0000005777,355833.18,0.0,0.0,355833.18,NPR
2026-01-09,ACC0000005778,212535.69,0.0,0.0,212535.69,NPR
2026-01-09,ACC0000005779,36052.14,0.0,0.0,36052.14,NPR
2026-01-09,ACC0000005780,34431.25,0.0,0.0,34431.25,NPR
2026-01-09,ACC0000005781,405206.27,0.0,137038.16,268168.11,NPR
2026-01-09,ACC0000005782,445011.83,0.0,48366.32,396645.51,NPR
2026-01-09,ACC0000005783,248181.1,0.0,65433.59,182747.51,NPR
2026-01-09,ACC0000005784,266597.44,0.0,48660.08,217937.36,NPR
2026-01-09,ACC0000005785,151619.06,9924.96,0.0,161544.02,NPR
2026-01-09,ACC0000005786,475912.01,0.0,47442.3,428469.71,NPR
2026-01-09,ACC0000005787,332443.83,10072.68,36395.25,306121.26,NPR
2026-01-09,ACC0000005788,342113.11,64720.88,171180.77,235653.22,NPR
2026-01-09,ACC0000005789,418821.24,27152.26,14660.31,431313.19,NPR
2026-01-09,ACC0000005790,373542.41,12462.45,34508.27,351496.59,NPR
2026-01-09,ACC0000005791,450269.01,43339.56,84076.74,409531.83,NPR
2026-01-09,ACC0000005792,140450.93,0.0,0.0,140450.93,NPR
2026-01-09,ACC0000005793,182231.14,0.0,0.0,182231.14,NPR
2026-01-09,ACC0000005794,211558.75,0.0,65369.28,146189.47,NPR
2026-01-09,ACC0000005795,277123.35,20044.4,141576.44,155591.31,NPR
2026-01-09,ACC0000005796,380825.87,0.0,0.0,380825.87,NPR
2026-01-09,ACC0000005797,221105.68,56110.78,0.0,277216.46,NPR
2026-01-09,ACC0000005798,191968.5,0.0,82913.94,109054.56,NPR
2026-01-09,ACC0000005799,214047.15,0.0,0.0,214047.15,NPR
2026-01-09,ACC0000005800,214019.94,0.0,72471.14,141548.8,NPR
2026-01-09,ACC0000005801,208303.38,0.0,59053.45,149249.93,NPR
2026-01-09,ACC0000005802,491387.66,0.0,0.0,491387.66,NPR
2026-01-09,ACC0000005803,303284.98,0.0,70538.92,232746.06,NPR
2026-01-09,ACC0000005804,176007.96,0.0,0.0,176007.96,NPR
2026-01-09,ACC0000005805,117265.33,0.0,42906.87,74358.46,NPR
2026-01-09,ACC0000005806,192866.77,0.0,80253.26,112613.51,NPR
2026-01-09,ACC0000005807,376069.19,44660.99,10103.8,410626.38,NPR
2026-01-09,ACC0000005808,342042.62,0.0,0.0,342042.62,NPR
2026-01-09,ACC0000005809,70034.81,33253.18,0.0,103287.99,NPR
2026-01-09,ACC0000005810,212644.06,0.0,67373.44,145270.62,NPR
2026-01-09,ACC0000005811,147737.38,3409.82,21758.88,129388.32,NPR
2026-01-09,ACC0000005812,451132.33,0.0,69639.9,381492.43,NPR
2026-01-09,ACC0000005813,237091.88,0.0,0.0,237091.88,NPR
2026-01-09,ACC0000005814,376214.65,14059.17,38914.16,351359.66,NPR
2026-01-09,ACC0000005815,399996.99,32230.24,146132.11,286095.12,NPR
2026-01-09,ACC0000005816,441764.85,17140.4,95553.91,363351.34,NPR
2026-01-09,ACC0000005817,96757.51,0.0,21335.65,75421.86,NPR
2026-01-09,ACC0000005818,346952.8,0.0,111436.84,235515.96,NPR
2026-01-09,ACC0000005819,426374.79,42322.54,83432.66,385264.67,NPR
2026-01-09,ACC0000005820,138034.74,93996.93,74997.71,157033.96,NPR
2026-01-09,ACC0000005821,19403.15,0.0,0.0,19403.15,NPR
2026-01-09,ACC0000005822,313391.42,5142.36,129139.44,189394.34,NPR
2026-01-09,ACC0000005823,233860.08,49032.48,72817.82,210074.74,NPR
2026-01-09,ACC0000005824,496892.14,11493.89,67740.74,440645.29,NPR
2026-01-09,ACC0000005825,329901.15,42914.92,58999.42,313816.65,NPR
2026-01-09,ACC0000005826,293035.42,0.0,0.0,293035.42,NPR
2026-01-09,ACC0000005827,460902.99,14541.22,89793.07,385651.14,NPR
2026-01-09,ACC0000005828,372270.06,0.0,14450.84,357819.22,NPR
2026-01-09,ACC0000005829,481280.43,0.0,0.0,481280.43,NPR
2026-01-09,ACC0000005830,361162.36,0.0,25285.51,335876.85,NPR
2026-01-09,ACC0000005831,455064.24,0.0,23414.32,431649.92,NPR
2026-01-09,ACC0000005832,238238.79,0.0,0.0,238238.79,NPR
2026-01-09,ACC0000005833,178730.45,28304.64,81726.39,125308.7,NPR
2026-01-09,ACC0000005834,296001.86,0.0,34098.9,261902.96,NPR
2026-01-09,ACC0000005835,126120.57,0.0,0.0,126120.57,NPR
2026-01-09,ACC0000005836,464540.64,35255.31,53457.78,446338.17,NPR
2026-01-09,ACC0000005837,336262.53,0.0,30758.32,305504.21,NPR
2026-01-09,ACC0000005838,195181.8,0.0,128919.2,66262.6,NPR
2026-01-09,ACC0000005839,135477.08,0.0,0.0,135477.08,NPR
2026-01-09,ACC0000005840,205458.1,0.0,45020.14,160437.96,NPR
2026-01-09,ACC0000005841,12287.67,0.0,55026.98,-42739.31,NPR
2026-01-09,ACC0000005842,454471.03,13856.87,15925.47,452402.43,NPR
2026-01-09,ACC0000005843,149044.57,13598.74,74794.51,87848.8,NPR
2026-01-09,ACC0000005844,97192.4,0.0,95390.24,1802.16,NPR
2026-01-09,ACC0000005845,430034.1,16472.91,23442.17,423064.84,NPR
2026-01-09,ACC0000005846,470335.2,0.0,0.0,470335.2,NPR
2026-01-09,ACC0000005847,294218.04,0.0,98708.12,195509.92,NPR
2026-01-09,ACC0000005848,255824.68,0.0,74250.54,181574.14,NPR
2026-01-09,ACC0000005849,32506.53,0.0,0.0,32506.53,NPR
2026-01-09,ACC0000005850,83624.27,0.0,0.0,83624.27,NPR
2026-01-09,ACC0000005851,125301.65,0.0,88507.28,36794.37,NPR
2026-01-09,ACC0000005852,117825.5,0.0,0.0,117825.5,NPR
2026-01-09,ACC0000005853,410819.06,40496.55,199795.06,251520.55,NPR
2026-01-09,ACC0000005854,89189.94,0.0,47839.92,41350.02,NPR
2026-01-09,ACC0000005855,131792.64,0.0,0.0,131792.64,NPR
2026-01-09,ACC0000005856,480049.87,0.0,117952.62,362097.25,NPR
2026-01-09,ACC0000005857,290634.31,36819.66,54027.91,273426.06,NPR
2026-01-09,ACC0000005858,120140.66,0.0,83952.67,36187.99,NPR
2026-01-09,ACC0000005859,60978.04,39145.12,0.0,100123.16,NPR
2026-01-09,ACC0000005860,483149.81,0.0,43474.46,439675.35,NPR
2026-01-09,ACC0000005861,142661.19,0.0,9779.09,132882.1,NPR
2026-01-09,ACC0000005862,177154.05,0.0,125862.36,51291.69,NPR
2026-01-09,ACC0000005863,50579.71,0.0,58354.04,-7774.33,NPR
2026-01-09,ACC0000005864,106135.61,0.0,17350.07,88785.54,NPR
2026-01-09,ACC0000005865,375780.54,0.0,40688.8,335091.74,NPR
2026-01-09,ACC0000005866,44079.6,24868.78,44747.61,24200.77,NPR
2026-01-09,ACC0000005867,350158.22,33569.76,26299.26,357428.72,NPR
2026-01-09,ACC0000005868,402970.44,0.0,0.0,402970.44,NPR
2026-01-09,ACC0000005869,485613.35,0.0,35900.12,449713.23,NPR
2026-01-09,ACC0000005870,469655.65,0.0,0.0,469655.65,NPR
2026-01-09,ACC0000005871,174466.61,0.0,0.0,174466.61,NPR
2026-01-09,ACC0000005872,271212.44,48888.95,32017.41,288083.98,NPR
2026-01-09,ACC0000005873,1215.17,0.0,0.0,1215.17,NPR
2026-01-09,ACC0000005874,442196.09,0.0,57564.29,384631.8,NPR
2026-01-09,ACC0000005875,478096.32,0.0,81606.56,396489.76,NPR
2026-01-09,ACC0000005876,80708.62,0.0,0.0,80708.62,NPR
2026-01-09,ACC0000005877,331036.66,0.0,0.0,331036.66,NPR
2026-01-09,ACC0000005878,73238.12,107385.79,2736.0,177887.91,NPR
2026-01-09,ACC0000005879,4814.3,0.0,0.0,4814.3,NPR
2026-01-09,ACC0000005880,148008.03,0.0,77635.35,70372.68,NPR
2026-01-09,ACC0000005881,227965.93,0.0,97423.45,130542.48,NPR
2026-01-09,ACC0000005882,87985.96,0.0,0.0,87985.96,NPR
2026-01-09,ACC0000005883,153429.91,0.0,0.0,153429.91,NPR
2026-01-09,ACC0000005884,347747.86,0.0,0.0,347747.86,NPR
2026-01-09,ACC0000005885,7026.07,0.0,44274.95,-37248.88,NPR
2026-01-09,ACC0000005886,27253.0,0.0,0.0,27253.0,NPR
2026-01-09,ACC0000005887,73874.72,0.0,61680.44,12194.28,NPR
2026-01-09,ACC0000005888,317132.95,35683.1,114582.95,238233.1,NPR
2026-01-09,ACC0000005889,468068.11,0.0,72321.66,395746.45,NPR
2026-01-09,ACC0000005890,149120.99,0.0,1509.08,147611.91,NPR
2026-01-09,ACC0000005891,87346.44,43282.34,101556.93,29071.85,NPR
2026-01-09,ACC0000005892,388878.87,19229.11,40859.07,367248.91,NPR
2026-01-09,ACC0000005893,372460.23,0.0,0.0,372460.23,NPR
2026-01-09,ACC0000005894,474068.21,0.0,48136.76,425931.45,NPR
2026-01-09,ACC0000005895,493061.66,0.0,9324.88,483736.78,NPR
2026-01-09,ACC0000005896,243284.6,0.0,125865.32,117419.28,NPR
2026-01-09,ACC0000005897,389724.48,32168.48,57032.93,364860.03,NPR
2026-01-09,ACC0000005898,267018.86,0.0,23387.23,243631.63,NPR
2026-01-09,ACC0000005899,283316.76,0.0,171681.27,111635.49,NPR
2026-01-09,ACC0000005900,389721.48,0.0,0.0,389721.48,NPR
2026-01-09,ACC0000005901,59237.31,43941.79,136569.01,-33389.91,NPR
2026-01-09,ACC0000005902,45926.28,0.0,0.0,45926.28,NPR
2026-01-09,ACC0000005903,351549.0,0.0,0.0,351549.0,NPR
2026-01-09,ACC0000005904,81459.0,35647.36,0.0,117106.36,NPR
2026-01-09,ACC0000005905,258874.47,0.0,0.0,258874.47,NPR
2026-01-09,ACC0000005906,20337.44,0.0,98324.87,-77987.43,NPR
2026-01-09,ACC0000005907,329016.13,16018.45,12729.52,332305.06,NPR
2026-01-09,ACC0000005908,405139.72,0.0,70440.62,334699.1,NPR
2026-01-09,ACC0000005909,436309.26,53575.65,1285.17,488599.74,NPR
2026-01-09,ACC0000005910,368073.91,2116.82,35455.22,334735.51,NPR
2026-01-09,ACC0000005911,178264.52,0.0,106665.99,71598.53,NPR
2026-01-09,ACC0000005912,375879.25,0.0,127527.6,248351.65,NPR
2026-01-09,ACC0000005913,421849.68,0.0,134660.89,287188.79,NPR
2026-01-09,ACC0000005914,471638.74,0.0,56991.33,414647.41,NPR
2026-01-09,ACC0000005915,190926.99,0.0,79655.7,111271.29,NPR
2026-01-09,ACC0000005916,211412.21,0.0,9193.74,202218.47,NPR
2026-01-09,ACC0000005917,191776.07,29070.07,0.0,220846.14,NPR
2026-01-09,ACC0000005918,213799.48,0.0,51693.13,162106.35,NPR
2026-01-09,ACC0000005919,276429.17,0.0,0.0,276429.17,NPR
2026-01-09,ACC0000005920,192503.41,49977.96,0.0,242481.37,NPR
2026-01-09,ACC0000005921,110959.95,43356.06,18845.97,135470.04,NPR
2026-01-09,ACC0000005922,408395.32,0.0,44473.39,363921.93,NPR
2026-01-09,ACC0000005923,477901.4,0.0,40062.1,437839.3,NPR
2026-01-09,ACC0000005924,330075.41,0.0,113983.26,216092.15,NPR
2026-01-09,ACC0000005925,464499.83,0.0,41497.39,423002.44,NPR
2026-01-09,ACC0000005926,350228.9,0.0,19671.94,330556.96,NPR
2026-01-09,ACC0000005927,177772.66,17657.98,74340.66,121089.98,NPR
2026-01-09,ACC0000005928,152148.52,6052.0,59895.82,98304.7,NPR
2026-01-09,ACC0000005929,155245.43,0.0,0.0,155245.43,NPR
2026-01-09,ACC0000005930,279222.02,4122.85,5668.07,277676.8,NPR
2026-01-09,ACC0000005931,238968.15,0.0,4765.46,234202.69,NPR
2026-01-09,ACC0000005932,243819.45,0.0,0.0,243819.45,NPR
2026-01-09,ACC0000005933,14826.67,0.0,106608.79,-91782.12,NPR
2026-01-09,ACC0000005934,435007.74,0.0,0.0,435007.74,NPR
2026-01-09,ACC0000005935,330420.45,0.0,28316.5,302103.95,NPR
2026-01-09,ACC0000005936,254473.39,0.0,16022.83,238450.56,NPR
2026-01-09,ACC0000005937,305726.24,0.0,9268.26,296457.98,NPR
2026-01-09,ACC0000005938,345026.8,0.0,84190.17,260836.63,NPR
2026-01-09,ACC0000005939,238745.49,38697.68,20055.9,257387.27,NPR
2026-01-09,ACC0000005940,358818.55,0.0,110232.43,248586.12,NPR
2026-01-09,ACC0000005941,42499.21,0.0,10382.28,32116.93,NPR
2026-01-09,ACC0000005942,67278.71,0.0,11445.76,55832.95,NPR
2026-01-09,ACC0000005943,32451.43,0.0,49560.42,-17108.99,NPR
2026-01-09,ACC0000005944,144398.04,0.0,77592.86,66805.18,NPR
2026-01-09,ACC0000005945,401495.11,0.0,147959.94,253535.17,NPR
2026-01-09,ACC0000005946,157822.21,0.0,0.0,157822.21,NPR
2026-01-09,ACC0000005947,126213.12,0.0,16497.97,109715.15,NPR
2026-01-09,ACC0000005948,452825.27,24377.8,51856.34,425346.73,NPR
2026-01-09,ACC0000005949,473718.52,0.0,34152.99,439565.53,NPR
2026-01-09,ACC0000005950,490376.17,0.0,29664.55,460711.62,NPR
2026-01-09,ACC0000005951,339199.55,0.0,0.0,339199.55,NPR
2026-01-09,ACC0000005952,382868.15,0.0,41297.98,341570.17,NPR
2026-01-09,ACC0000005953,282326.81,0.0,115615.41,166711.4,NPR
2026-01-09,ACC0000005954,323352.84,0.0,70621.72,252731.12,NPR
2026-01-09,ACC0000005955,45995.42,0.0,43776.98,2218.44,NPR
2026-01-09,ACC0000005956,21191.14,0.0,0.0,21191.14,NPR
2026-01-09,ACC0000005957,185130.97,26322.44,64026.32,147427.09,NPR
2026-01-09,ACC0000005958,36696.72,55771.11,14751.27,77716.56,NPR
2026-01-09,ACC0000005959,357738.99,46938.01,61280.03,343396.97,NPR
2026-01-09,ACC0000005960,478983.52,27648.03,72300.96,434330.59,NPR
2026-01-09,ACC0000005961,37405.82,0.0,202402.95,-164997.13,NPR
2026-01-09,ACC0000005962,327086.13,11288.6,26456.76,311917.97,NPR
2026-01-09,ACC0000005963,350163.79,39917.72,125007.01,265074.5,NPR
2026-01-09,ACC0000005964,434376.7,0.0,45614.4,388762.3,NPR
2026-01-09,ACC0000005965,290462.29,14695.74,54984.63,250173.4,NPR
2026-01-09,ACC0000005966,41798.28,0.0,63232.54,-21434.26,NPR
2026-01-09,ACC0000005967,183558.78,0.0,64406.36,119152.42,NPR
2026-01-09,ACC0000005968,260202.26,44684.73,64934.8,239952.19,NPR
2026-01-09,ACC0000005969,324507.0,0.0,55586.12,268920.88,NPR
2026-01-09,ACC0000005970,72321.12,0.0,62736.69,9584.43,NPR
2026-01-09,ACC0000005971,350520.55,0.0,53070.71,297449.84,NPR
2026-01-09,ACC0000005972,133209.98,0.0,0.0,133209.98,NPR
2026-01-09,ACC0000005973,223003.57,0.0,12982.88,210020.69,NPR
2026-01-09,ACC0000005974,67868.39,0.0,156109.58,-88241.19,NPR
2026-01-09,ACC0000005975,473165.41,10392.29,0.0,483557.7,NPR
2026-01-09,ACC0000005976,382050.8,0.0,46516.64,335534.16,NPR
2026-01-09,ACC0000005977,84076.56,0.0,15055.2,69021.36,NPR
2026-01-09,ACC0000005978,95333.11,0.0,73997.12,21335.99,NPR
2026-01-09,ACC0000005979,440760.58,0.0,121192.11,319568.47,NPR
2026-01-09,ACC0000005980,352798.36,0.0,40734.75,312063.61,NPR
2026-01-09,ACC0000005981,421956.04,0.0,23246.6,398709.44,NPR
2026-01-09,ACC0000005982,151502.73,26284.28,67900.41,109886.6,NPR
2026-01-09,ACC0000005983,258369.53,0.0,57533.35,200836.18,NPR
2026-01-09,ACC0000005984,197884.11,0.0,0.0,197884.11,NPR
2026-01-09,ACC0000005985,35957.29,0.0,0.0,35957.29,NPR
2026-01-09,ACC0000005986,431514.49,0.0,39951.2,391563.29,NPR
2026-01-09,ACC0000005987,71933.83,0.0,129628.42,-57694.59,NPR
2026-01-09,ACC0000005988,301103.8,0.0,0.0,301103.8,NPR
2026-01-09,ACC0000005989,41683.45,15644.67,96125.57,-38797.45,NPR
2026-01-09,ACC0000005990,246989.46,0.0,81367.02,165622.44,NPR
2026-01-09,ACC0000005991,127505.17,65443.38,34818.18,158130.37,NPR
2026-01-09,ACC0000005992,14862.74,20334.92,0.0,35197.66,NPR
2026-01-09,ACC0000005993,121642.48,0.0,48704.4,72938.08,NPR
2026-01-09,ACC0000005994,151235.23,0.0,90982.18,60253.05,NPR
2026-01-09,ACC0000005995,51150.3,0.0,0.0,51150.3,NPR
2026-01-09,ACC0000005996,131984.36,0.0,11153.91,120830.45,NPR
2026-01-09,ACC0000005997,160402.56,31502.57,53412.51,138492.62,NPR
2026-01-09,ACC0000005998,282011.77,30591.53,11668.73,300934.57,NPR
2026-01-09,ACC0000005999,196188.33,17795.16,85245.07,128738.42,NPR
2026-01-09,ACC0000006000,376226.02,0.0,31081.47,345144.55,NPR
2026-01-09,ACC0000006001,253264.54,0.0,53747.18,199517.36,NPR
2026-01-09,ACC0000006002,232188.11,24283.13,6082.31,250388.93,NPR
2026-01-09,ACC0000006003,75254.05,0.0,30761.37,44492.68,NPR
2026-01-09,ACC0000006004,79117.82,0.0,39462.47,39655.35,NPR
2026-01-09,ACC0000006005,116410.77,44047.27,18590.41,141867.63,NPR
2026-01-09,ACC0000006006,126499.1,0.0,0.0,126499.1,NPR
2026-01-09,ACC0000006007,300398.42,0.0,13378.26,287020.16,NPR
2026-01-09,ACC0000006008,432156.9,0.0,55587.17,376569.73,NPR
2026-01-09,ACC0000006009,381848.39,33901.61,29663.43,386086.57,NPR
2026-01-09,ACC0000006010,214093.81,0.0,5074.26,209019.55,NPR
2026-01-09,ACC0000006011,343989.73,45489.42,61159.45,328319.7,NPR
2026-01-09,ACC0000006012,273959.41,0.0,56943.51,217015.9,NPR
2026-01-09,ACC0000006013,378918.22,0.0,30177.59,348740.63,NPR
2026-01-09,ACC0000006014,25666.97,0.0,0.0,25666.97,NPR
2026-01-09,ACC0000006015,95299.21,0.0,0.0,95299.21,NPR
2026-01-09,ACC0000006016,63442.76,0.0,38788.84,24653.92,NPR
2026-01-09,ACC0000006017,230284.5,0.0,0.0,230284.5,NPR
2026-01-09,ACC0000006018,467154.44,0.0,0.0,467154.44,NPR
2026-01-09,ACC0000006019,380968.39,0.0,0.0,380968.39,NPR
2026-01-09,ACC0000006020,278737.35,0.0,0.0,278737.35,NPR
2026-01-09,ACC0000006021,445491.13,0.0,55846.65,389644.48,NPR
2026-01-09,ACC0000006022,407162.36,30488.92,50474.02,387177.26,NPR
2026-01-09,ACC0000006023,98413.71,0.0,93011.83,5401.88,NPR
2026-01-09,ACC0000006024,276454.65,21347.48,38824.9,258977.23,NPR
2026-01-09,ACC0000006025,403632.19,0.0,128014.15,275618.04,NPR
2026-01-09,ACC0000006026,433958.52,27283.26,18303.52,442938.26,NPR
2026-01-09,ACC0000006027,282620.47,0.0,0.0,282620.47,NPR
2026-01-09,ACC0000006028,76796.72,0.0,0.0,76796.72,NPR
2026-01-09,ACC0000006029,415699.48,22770.93,14055.75,424414.66,NPR
2026-01-09,ACC0000006030,386578.99,19409.95,66855.51,339133.43,NPR
2026-01-09,ACC0000006031,58237.55,0.0,77752.53,-19514.98,NPR
2026-01-09,ACC0000006032,150434.94,0.0,64024.69,86410.25,NPR
2026-01-09,ACC0000006033,373711.58,9970.79,67644.28,316038.09,NPR
2026-01-09,ACC0000006034,131090.68,31692.93,0.0,162783.61,NPR
2026-01-09,ACC0000006035,106111.08,0.0,46691.0,59420.08,NPR
2026-01-09,ACC0000006036,278207.55,0.0,0.0,278207.55,NPR
2026-01-09,ACC0000006037,216782.83,0.0,16715.57,200067.26,NPR
2026-01-09,ACC0000006038,289264.4,16379.42,78910.36,226733.46,NPR
2026-01-09,ACC0000006039,321315.04,144497.77,40921.49,424891.32,NPR
2026-01-09,ACC0000006040,294589.99,0.0,33605.18,260984.81,NPR
2026-01-09,ACC0000006041,291450.59,0.0,0.0,291450.59,NPR
2026-01-09,ACC0000006042,221181.83,0.0,0.0,221181.83,NPR
2026-01-09,ACC0000006043,7825.4,16359.91,100931.5,-76746.19,NPR
2026-01-09,ACC0000006044,362393.98,0.0,0.0,362393.98,NPR
2026-01-09,ACC0000006045,364819.1,8837.23,116141.85,257514.48,NPR
2026-01-09,ACC0000006046,455046.5,0.0,33651.14,421395.36,NPR
2026-01-09,ACC0000006047,496939.4,0.0,111920.77,385018.63,NPR
2026-01-09,ACC0000006048,310189.5,0.0,39967.47,270222.03,NPR
2026-01-09,ACC0000006049,185520.42,29535.09,101805.05,113250.46,NPR
2026-01-09,ACC0000006050,302467.58,0.0,116953.49,185514.09,NPR
2026-01-09,ACC0000006051,436835.85,0.0,91.67,436744.18,NPR
2026-01-09,ACC0000006052,116718.11,0.0,49343.0,67375.11,NPR
2026-01-09,ACC0000006053,260102.71,21176.98,40837.69,240442.0,NPR
2026-01-09,ACC0000006054,244897.4,0.0,68979.3,175918.1,NPR
2026-01-09,ACC0000006055,368165.02,36291.9,48785.42,355671.5,NPR
2026-01-09,ACC0000006056,18977.78,0.0,78683.84,-59706.06,NPR
2026-01-09,ACC0000006057,358512.85,0.0,0.0,358512.85,NPR
2026-01-09,ACC0000006058,344328.56,52452.32,51211.99,345568.89,NPR
2026-01-09,ACC0000006059,202349.02,0.0,43679.86,158669.16,NPR
2026-01-09,ACC0000006060,103442.33,4052.79,20697.31,86797.81,NPR
2026-01-09,ACC0000006061,91293.63,15292.11,0.0,106585.74,NPR
2026-01-09,ACC0000006062,349310.12,23622.46,180075.33,192857.25,NPR
2026-01-09,ACC0000006063,318062.48,0.0,18027.86,300034.62,NPR
2026-01-09,ACC0000006064,164493.47,0.0,7564.55,156928.92,NPR
2026-01-09,ACC0000006065,201932.17,0.0,0.0,201932.17,NPR
2026-01-09,ACC0000006066,350925.8,0.0,0.0,350925.8,NPR
2026-01-09,ACC0000006067,475933.62,0.0,0.0,475933.62,NPR
2026-01-09,ACC0000006068,294604.02,24768.05,74405.69,244966.38,NPR
2026-01-09,ACC0000006069,180698.44,0.0,0.0,180698.44,NPR
2026-01-09,ACC0000006070,415474.18,49850.61,47276.74,418048.05,NPR
2026-01-09,ACC0000006071,177003.03,0.0,14659.44,162343.59,NPR
2026-01-09,ACC0000006072,122588.47,0.0,0.0,122588.47,NPR
2026-01-09,ACC0000006073,469999.55,0.0,42891.51,427108.04,NPR
2026-01-09,ACC0000006074,466438.59,46371.4,0.0,512809.99,NPR
2026-01-09,ACC0000006075,300540.66,0.0,137104.43,163436.23,NPR
2026-01-09,ACC0000006076,479019.65,25456.09,34588.8,469886.94,NPR
2026-01-09,ACC0000006077,261487.38,0.0,55214.43,206272.95,NPR
2026-01-09,ACC0000006078,322834.31,0.0,64855.8,257978.51,NPR
2026-01-09,ACC0000006079,321469.16,0.0,0.0,321469.16,NPR
2026-01-09,ACC0000006080,204696.59,25270.53,61623.39,168343.73,NPR
2026-01-09,ACC0000006081,326661.41,0.0,58367.99,268293.42,NPR
2026-01-09,ACC0000006082,1052.14,0.0,96312.77,-95260.63,NPR
2026-01-09,ACC0000006083,46191.09,49866.45,33143.91,62913.63,NPR
2026-01-09,ACC0000006084,106394.9,0.0,0.0,106394.9,NPR
2026-01-09,ACC0000006085,192522.78,0.0,26892.28,165630.5,NPR
2026-01-09,ACC0000006086,416567.3,0.0,13862.69,402704.61,NPR
2026-01-09,ACC0000006087,331242.49,0.0,0.0,331242.49,NPR
2026-01-09,ACC0000006088,468265.21,18564.58,158719.35,328110.44,NPR
2026-01-09,ACC0000006089,258952.85,31462.64,108886.62,181528.87,NPR
2026-01-09,ACC0000006090,494117.62,25914.51,45806.03,474226.1,NPR
2026-01-09,ACC0000006091,23000.3,13492.12,71589.22,-35096.8,NPR
2026-01-09,ACC0000006092,288171.57,0.0,42375.86,245795.71,NPR
2026-01-09,ACC0000006093,450401.38,0.0,76370.97,374030.41,NPR
2026-01-09,ACC0000006094,286258.21,0.0,39291.49,246966.72,NPR
2026-01-09,ACC0000006095,39619.96,0.0,147630.79,-108010.83,NPR
2026-01-09,ACC0000006096,390272.94,0.0,17618.52,372654.42,NPR
2026-01-09,ACC0000006097,395326.43,0.0,100459.91,294866.52,NPR
2026-01-09,ACC0000006098,288836.02,0.0,135983.5,152852.52,NPR
2026-01-09,ACC0000006099,375169.2,0.0,0.0,375169.2,NPR
2026-01-09,ACC0000006100,179009.37,74481.5,32975.09,220515.78,NPR
2026-01-09,ACC0000006101,354559.44,0.0,88537.84,266021.6,NPR
2026-01-09,ACC0000006102,482594.94,0.0,6364.35,476230.59,NPR
2026-01-09,ACC0000006103,142515.93,27860.58,63153.95,107222.56,NPR
2026-01-09,ACC0000006104,112422.64,0.0,0.0,112422.64,NPR
2026-01-09,ACC0000006105,186792.1,54272.86,95390.2,145674.76,NPR
2026-01-09,ACC0000006106,287118.82,0.0,17837.91,269280.91,NPR
2026-01-09,ACC0000006107,47178.47,0.0,0.0,47178.47,NPR
2026-01-09,ACC0000006108,206712.9,0.0,0.0,206712.9,NPR
2026-01-09,ACC0000006109,150468.07,0.0,7327.38,143140.69,NPR
2026-01-09,ACC0000006110,327653.65,0.0,0.0,327653.65,NPR
2026-01-09,ACC0000006111,188890.51,0.0,2590.54,186299.97,NPR
2026-01-09,ACC0000006112,245819.33,25358.77,39152.85,232025.25,NPR
2026-01-09,ACC0000006113,396291.92,6982.26,40111.72,363162.46,NPR
2026-01-09,ACC0000006114,157415.0,0.0,0.0,157415.0,NPR
2026-01-09,ACC0000006115,162563.94,0.0,47038.7,115525.24,NPR
2026-01-09,ACC0000006116,213922.51,10688.26,70880.28,153730.49,NPR
2026-01-09,ACC0000006117,46835.29,7100.38,56948.25,-3012.58,NPR
2026-01-09,ACC0000006118,319217.47,1908.91,43001.14,278125.24,NPR
2026-01-09,ACC0000006119,221608.84,12481.6,58621.14,175469.3,NPR
2026-01-09,ACC0000006120,159937.19,39410.08,130684.8,68662.47,NPR
2026-01-09,ACC0000006121,38485.23,0.0,0.0,38485.23,NPR
2026-01-09,ACC0000006122,54644.06,0.0,2902.1,51741.96,NPR
2026-01-09,ACC0000006123,72284.43,5856.06,21244.93,56895.56,NPR
2026-01-09,ACC0000006124,304857.4,0.0,91211.49,213645.91,NPR
2026-01-09,ACC0000006125,71870.51,0.0,16515.85,55354.66,NPR
2026-01-09,ACC0000006126,151483.87,0.0,0.0,151483.87,NPR
2026-01-09,ACC0000006127,100027.03,47229.29,55731.16,91525.16,NPR
2026-01-09,ACC0000006128,384686.79,27684.84,58296.74,354074.89,NPR
2026-01-09,ACC0000006129,112493.73,20429.8,67810.42,65113.11,NPR
2026-01-09,ACC0000006130,137253.01,0.0,0.0,137253.01,NPR
2026-01-09,ACC0000006131,117799.16,0.0,0.0,117799.16,NPR
2026-01-09,ACC0000006132,473930.0,0.0,81553.89,392376.11,NPR
2026-01-09,ACC0000006133,474213.44,0.0,41214.23,432999.21,NPR
2026-01-09,ACC0000006134,319247.8,44487.06,44574.96,319159.9,NPR
2026-01-09,ACC0000006135,183696.96,0.0,0.0,183696.96,NPR
2026-01-09,ACC0000006136,284152.83,0.0,0.0,284152.83,NPR
2026-01-09,ACC0000006137,69327.22,85384.94,78846.46,75865.7,NPR
2026-01-09,ACC0000006138,113305.95,0.0,53551.91,59754.04,NPR
2026-01-09,ACC0000006139,318721.48,0.0,0.0,318721.48,NPR
2026-01-09,ACC0000006140,212205.79,0.0,31437.91,180767.88,NPR
2026-01-09,ACC0000006141,426714.94,0.0,0.0,426714.94,NPR
2026-01-09,ACC0000006142,75901.24,0.0,35477.56,40423.68,NPR
2026-01-09,ACC0000006143,19613.17,0.0,65960.03,-46346.86,NPR
2026-01-09,ACC0000006144,278099.23,0.0,33952.64,244146.59,NPR
2026-01-09,ACC0000006145,201462.38,7222.55,95861.03,112823.9,NPR
2026-01-09,ACC0000006146,456857.05,0.0,5386.72,451470.33,NPR
2026-01-09,ACC0000006147,269025.68,0.0,0.0,269025.68,NPR
2026-01-09,ACC0000006148,210422.7,0.0,0.0,210422.7,NPR
2026-01-09,ACC0000006149,9483.09,40630.54,0.0,50113.63,NPR
2026-01-09,ACC0000006150,216003.05,35855.97,45574.37,206284.65,NPR
2026-01-09,ACC0000006151,235516.2,0.0,48380.98,187135.22,NPR
2026-01-09,ACC0000006152,277480.39,0.0,0.0,277480.39,NPR
2026-01-09,ACC0000006153,316814.34,0.0,64487.97,252326.37,NPR
2026-01-09,ACC0000006154,367143.49,0.0,51901.43,315242.06,NPR
2026-01-09,ACC0000006155,131652.24,0.0,0.0,131652.24,NPR
2026-01-09,ACC0000006156,307446.01,0.0,84494.77,222951.24,NPR
2026-01-09,ACC0000006157,427782.04,0.0,61654.8,366127.24,NPR
2026-01-09,ACC0000006158,204208.8,34658.06,13129.44,225737.42,NPR
2026-01-09,ACC0000006159,106837.88,0.0,77240.1,29597.78,NPR
2026-01-09,ACC0000006160,215110.75,0.0,0.0,215110.75,NPR
2026-01-09,ACC0000006161,365768.59,0.0,37551.19,328217.4,NPR
2026-01-09,ACC0000006162,457166.34,18098.73,7603.58,467661.49,NPR
2026-01-09,ACC0000006163,49773.85,0.0,114014.86,-64241.01,NPR
2026-01-09,ACC0000006164,100017.19,0.0,39953.3,60063.89,NPR
2026-01-09,ACC0000006165,110893.37,5681.53,128889.87,-12314.97,NPR
2026-01-09,ACC0000006166,317455.02,43900.25,37768.0,323587.27,NPR
2026-01-09,ACC0000006167,135642.51,0.0,40883.19,94759.32,NPR
2026-01-09,ACC0000006168,49041.07,165282.5,0.0,214323.57,NPR
2026-01-09,ACC0000006169,391394.69,0.0,110346.58,281048.11,NPR
2026-01-09,ACC0000006170,420848.85,35738.81,102290.18,354297.48,NPR
2026-01-09,ACC0000006171,251922.05,0.0,0.0,251922.05,NPR
2026-01-09,ACC0000006172,312578.69,42381.03,47100.76,307858.96,NPR
2026-01-09,ACC0000006173,431581.93,0.0,75608.77,355973.16,NPR
2026-01-09,ACC0000006174,239883.76,0.0,48067.49,191816.27,NPR
2026-01-09,ACC0000006175,129781.19,0.0,65896.77,63884.42,NPR
2026-01-09,ACC0000006176,91737.53,36373.03,44853.55,83257.01,NPR
2026-01-09,ACC0000006177,488418.43,0.0,54219.46,434198.97,NPR
2026-01-09,ACC0000006178,214833.1,4688.97,30172.34,189349.73,NPR
2026-01-09,ACC0000006179,180266.5,31881.69,0.0,212148.19,NPR
2026-01-09,ACC0000006180,351289.45,26175.67,54854.92,322610.2,NPR
2026-01-09,ACC0000006181,258654.97,0.0,27364.34,231290.63,NPR
2026-01-09,ACC0000006182,351232.67,0.0,62954.24,288278.43,NPR
2026-01-09,ACC0000006183,3934.46,14139.4,9872.2,8201.66,NPR
2026-01-09,ACC0000006184,19073.32,0.0,0.0,19073.32,NPR
2026-01-09,ACC0000006185,430123.54,0.0,89256.06,340867.48,NPR
2026-01-09,ACC0000006186,111436.31,0.0,0.0,111436.31,NPR
2026-01-09,ACC0000006187,358232.9,0.0,97460.06,260772.84,NPR
2026-01-09,ACC0000006188,338165.08,0.0,0.0,338165.08,NPR
2026-01-09,ACC0000006189,64048.44,0.0,59496.31,4552.13,NPR
2026-01-09,ACC0000006190,403072.07,0.0,0.0,403072.07,NPR
2026-01-09,ACC0000006191,353232.34,18632.72,0.0,371865.06,NPR
2026-01-09,ACC0000006192,379453.38,0.0,20529.7,358923.68,NPR
2026-01-09,ACC0000006193,253437.56,43282.27,85914.43,210805.4,NPR
2026-01-09,ACC0000006194,288659.78,0.0,118107.95,170551.83,NPR
2026-01-09,ACC0000006195,241573.33,0.0,15835.94,225737.39,NPR
2026-01-09,ACC0000006196,15299.12,0.0,21920.78,-6621.66,NPR
2026-01-09,ACC0000006197,174118.4,0.0,0.0,174118.4,NPR
2026-01-09,ACC0000006198,298232.9,0.0,59464.81,238768.09,NPR
2026-01-09,ACC0000006199,443737.48,0.0,170859.91,272877.57,NPR
2026-01-09,ACC0000006200,235023.94,0.0,138972.03,96051.91,NPR
2026-01-09,ACC0000006201,219579.82,11077.53,17938.34,212719.01,NPR
2026-01-09,ACC0000006202,460850.83,33766.69,23533.49,471084.03,NPR
2026-01-09,ACC0000006203,228500.65,7656.77,86512.25,149645.17,NPR
2026-01-09,ACC0000006204,129865.78,0.0,18026.55,111839.23,NPR
2026-01-09,ACC0000006205,245424.05,45081.81,68459.57,222046.29,NPR
2026-01-09,ACC0000006206,393054.7,0.0,0.0,393054.7,NPR
2026-01-09,ACC0000006207,129455.7,79909.76,14947.67,194417.79,NPR
2026-01-09,ACC0000006208,286126.59,43485.48,45731.52,283880.55,NPR
2026-01-09,ACC0000006209,367592.54,0.0,63862.59,303729.95,NPR
2026-01-09,ACC0000006210,109763.0,0.0,66156.33,43606.67,NPR
2026-01-09,ACC0000006211,323030.54,21115.52,47542.65,296603.41,NPR
2026-01-09,ACC0000006212,165152.16,0.0,0.0,165152.16,NPR
2026-01-09,ACC0000006213,235298.74,0.0,0.0,235298.74,NPR
2026-01-09,ACC0000006214,254456.49,41794.18,62271.29,233979.38,NPR
2026-01-09,ACC0000006215,455741.24,0.0,80212.09,375529.15,NPR
2026-01-09,ACC0000006216,173481.24,15061.79,0.0,188543.03,NPR
2026-01-09,ACC0000006217,152591.94,0.0,48778.81,103813.13,NPR
2026-01-09,ACC0000006218,111434.73,0.0,0.0,111434.73,NPR
2026-01-09,ACC0000006219,1128.25,0.0,26537.84,-25409.59,NPR
2026-01-09,ACC0000006220,305216.13,0.0,110692.61,194523.52,NPR
2026-01-09,ACC0000006221,86569.62,0.0,0.0,86569.62,NPR
2026-01-09,ACC0000006222,304746.53,22759.79,82927.43,244578.89,NPR
2026-01-09,ACC0000006223,145032.55,0.0,35538.61,109493.94,NPR
2026-01-09,ACC0000006224,308766.55,79803.51,38748.05,349822.01,NPR
2026-01-09,ACC0000006225,382951.75,0.0,0.0,382951.75,NPR
2026-01-09,ACC0000006226,136639.08,20541.44,6448.59,150731.93,NPR
2026-01-09,ACC0000006227,33999.05,0.0,0.0,33999.05,NPR
2026-01-09,ACC0000006228,365765.17,0.0,32449.84,333315.33,NPR
2026-01-09,ACC0000006229,22215.19,0.0,1706.53,20508.66,NPR
2026-01-09,ACC0000006230,463851.63,0.0,95036.75,368814.88,NPR
2026-01-09,ACC0000006231,383398.32,77477.58,30740.91,430134.99,NPR
2026-01-09,ACC0000006232,386282.85,0.0,0.0,386282.85,NPR
2026-01-09,ACC0000006233,323736.36,27377.35,46659.49,304454.22,NPR
2026-01-09,ACC0000006234,226393.66,23466.37,59396.28,190463.75,NPR
2026-01-09,ACC0000006235,47836.97,0.0,34953.89,12883.08,NPR
2026-01-09,ACC0000006236,425033.96,7182.58,111963.65,320252.89,NPR
2026-01-09,ACC0000006237,130111.22,32359.9,80459.1,82012.02,NPR
2026-01-09,ACC0000006238,477528.93,0.0,47423.86,430105.07,NPR
2026-01-09,ACC0000006239,101858.14,0.0,30641.74,71216.4,NPR
2026-01-09,ACC0000006240,42524.91,54642.71,91208.3,5959.32,NPR
2026-01-09,ACC0000006241,160274.57,26405.2,45337.02,141342.75,NPR
2026-01-09,ACC0000006242,364909.34,0.0,82949.88,281959.46,NPR
2026-01-09,ACC0000006243,221801.65,0.0,0.0,221801.65,NPR
2026-01-09,ACC0000006244,213470.06,6217.58,111299.74,108387.9,NPR
2026-01-09,ACC0000006245,321872.44,0.0,76663.37,245209.07,NPR
2026-01-09,ACC0000006246,135852.93,0.0,114288.58,21564.35,NPR
2026-01-09,ACC0000006247,67094.09,7596.17,43462.61,31227.65,NPR
2026-01-09,ACC0000006248,340878.08,0.0,0.0,340878.08,NPR
2026-01-09,ACC0000006249,162082.55,24144.12,12618.89,173607.78,NPR
2026-01-09,ACC0000006250,435740.29,20768.66,77888.64,378620.31,NPR
2026-01-09,ACC0000006251,43043.33,19035.83,71320.45,-9241.29,NPR
2026-01-09,ACC0000006252,45351.87,0.0,64157.25,-18805.38,NPR
2026-01-09,ACC0000006253,308775.95,0.0,24625.49,284150.46,NPR
2026-01-09,ACC0000006254,18827.75,0.0,0.0,18827.75,NPR
2026-01-09,ACC0000006255,451310.58,0.0,162292.3,289018.28,NPR
2026-01-09,ACC0000006256,201054.81,0.0,17606.58,183448.23,NPR
2026-01-09,ACC0000006257,77418.3,0.0,0.0,77418.3,NPR
2026-01-09,ACC0000006258,204285.99,0.0,0.0,204285.99,NPR
2026-01-09,ACC0000006259,70746.48,0.0,9141.04,61605.44,NPR
2026-01-09,ACC0000006260,144954.26,0.0,113362.89,31591.37,NPR
2026-01-09,ACC0000006261,190623.02,3090.09,40725.32,152987.79,NPR
2026-01-09,ACC0000006262,59292.2,17288.42,44539.68,32040.94,NPR
2026-01-09,ACC0000006263,226107.25,14479.96,135203.51,105383.7,NPR
2026-01-09,ACC0000006264,424838.43,0.0,0.0,424838.43,NPR
2026-01-09,ACC0000006265,147182.34,47095.07,0.0,194277.41,NPR
2026-01-09,ACC0000006266,407208.54,0.0,0.0,407208.54,NPR
2026-01-09,ACC0000006267,125041.83,0.0,0.0,125041.83,NPR
2026-01-09,ACC0000006268,411830.35,0.0,49358.36,362471.99,NPR
2026-01-09,ACC0000006269,422274.9,1335.99,47525.5,376085.39,NPR
2026-01-09,ACC0000006270,234893.37,35909.1,53784.52,217017.95,NPR
2026-01-09,ACC0000006271,168648.4,0.0,49960.26,118688.14,NPR
2026-01-09,ACC0000006272,284700.1,325.81,86301.95,198723.96,NPR
2026-01-09,ACC0000006273,213262.05,7559.37,59165.51,161655.91,NPR
2026-01-09,ACC0000006274,351447.39,0.0,52236.43,299210.96,NPR
2026-01-09,ACC0000006275,351580.35,0.0,0.0,351580.35,NPR
2026-01-09,ACC0000006276,319914.33,3014.58,35624.36,287304.55,NPR
2026-01-09,ACC0000006277,368665.35,0.0,30847.29,337818.06,NPR
2026-01-09,ACC0000006278,200578.9,15345.5,82884.59,133039.81,NPR
2026-01-09,ACC0000006279,163452.86,57475.62,86065.87,134862.61,NPR
2026-01-09,ACC0000006280,98461.88,49223.54,47932.22,99753.2,NPR
2026-01-09,ACC0000006281,305487.28,46909.19,15891.76,336504.71,NPR
2026-01-09,ACC0000006282,344304.74,1479.02,0.0,345783.76,NPR
2026-01-09,ACC0000006283,481060.39,0.0,48842.85,432217.54,NPR
2026-01-09,ACC0000006284,113464.55,6215.15,35916.47,83763.23,NPR
2026-01-09,ACC0000006285,407054.95,0.0,23051.43,384003.52,NPR
2026-01-09,ACC0000006286,227818.96,0.0,17272.64,210546.32,NPR
2026-01-09,ACC0000006287,115115.67,0.0,0.0,115115.67,NPR
2026-01-09,ACC0000006288,465794.54,32260.43,95565.06,402489.91,NPR
2026-01-09,ACC0000006289,109529.12,23202.83,46523.35,86208.6,NPR
2026-01-09,ACC0000006290,113517.92,0.0,37488.47,76029.45,NPR
2026-01-09,ACC0000006291,325682.52,29283.93,126053.46,228912.99,NPR
2026-01-09,ACC0000006292,451804.37,811.28,41761.56,410854.09,NPR
2026-01-09,ACC0000006293,192032.92,0.0,0.0,192032.92,NPR
2026-01-09,ACC0000006294,299632.33,0.0,0.0,299632.33,NPR
2026-01-09,ACC0000006295,347633.93,0.0,64139.66,283494.27,NPR
2026-01-09,ACC0000006296,140365.12,0.0,0.0,140365.12,NPR
2026-01-09,ACC0000006297,89637.48,0.0,91826.94,-2189.46,NPR
2026-01-09,ACC0000006298,101165.83,8411.12,15774.54,93802.41,NPR
2026-01-09,ACC0000006299,27864.8,0.0,37635.44,-9770.64,NPR
2026-01-09,ACC0000006300,1874.57,42470.68,43225.96,1119.29,NPR
2026-01-09,ACC0000006301,323785.06,0.0,139498.82,184286.24,NPR
2026-01-09,ACC0000006302,123739.09,0.0,0.0,123739.09,NPR
2026-01-09,ACC0000006303,67515.21,0.0,0.0,67515.21,NPR
2026-01-09,ACC0000006304,328718.88,0.0,23290.1,305428.78,NPR
2026-01-09,ACC0000006305,230819.13,44994.86,2270.25,273543.74,NPR
2026-01-09,ACC0000006306,437304.49,0.0,76959.78,360344.71,NPR
2026-01-09,ACC0000006307,221365.0,0.0,73509.93,147855.07,NPR
2026-01-09,ACC0000006308,252009.49,0.0,42569.17,209440.32,NPR
2026-01-09,ACC0000006309,45977.55,13165.5,86426.72,-27283.67,NPR
2026-01-09,ACC0000006310,134555.84,0.0,0.0,134555.84,NPR
2026-01-09,ACC0000006311,180303.23,0.0,22721.93,157581.3,NPR
2026-01-09,ACC0000006312,308070.68,0.0,33628.59,274442.09,NPR
2026-01-09,ACC0000006313,445127.45,0.0,0.0,445127.45,NPR
2026-01-09,ACC0000006314,366377.97,0.0,0.0,366377.97,NPR
2026-01-09,ACC0000006315,237341.78,40604.8,111653.93,166292.65,NPR
2026-01-09,ACC0000006316,300925.73,0.0,35960.79,264964.94,NPR
2026-01-09,ACC0000006317,390219.06,0.0,0.0,390219.06,NPR
2026-01-09,ACC0000006318,377678.1,0.0,5049.82,372628.28,NPR
2026-01-09,ACC0000006319,309047.79,0.0,46330.06,262717.73,NPR
2026-01-09,ACC0000006320,98632.27,0.0,26893.89,71738.38,NPR
2026-01-09,ACC0000006321,375912.31,38501.65,45107.53,369306.43,NPR
2026-01-09,ACC0000006322,462483.94,0.0,84562.55,377921.39,NPR
2026-01-09,ACC0000006323,127413.0,0.0,47067.34,80345.66,NPR
2026-01-09,ACC0000006324,14561.76,0.0,84020.16,-69458.4,NPR
2026-01-09,ACC0000006325,377894.05,0.0,26386.66,351507.39,NPR
2026-01-09,ACC0000006326,334273.25,0.0,114151.17,220122.08,NPR
2026-01-09,ACC0000006327,394031.07,0.0,74815.23,319215.84,NPR
2026-01-09,ACC0000006328,349930.19,49859.28,0.0,399789.47,NPR
2026-01-09,ACC0000006329,289796.01,34861.09,64148.92,260508.18,NPR
2026-01-09,ACC0000006330,134854.48,0.0,0.0,134854.48,NPR
2026-01-09,ACC0000006331,421438.12,0.0,10817.53,410620.59,NPR
2026-01-09,ACC0000006332,382343.06,0.0,0.0,382343.06,NPR
2026-01-09,ACC0000006333,287179.98,0.0,74063.76,213116.22,NPR
2026-01-09,ACC0000006334,15783.29,2539.92,0.0,18323.21,NPR
2026-01-09,ACC0000006335,269312.31,0.0,0.0,269312.31,NPR
2026-01-09,ACC0000006336,491922.32,0.0,0.0,491922.32,NPR
2026-01-09,ACC0000006337,41126.07,0.0,0.0,41126.07,NPR
2026-01-09,ACC0000006338,373227.59,838.1,4400.12,369665.57,NPR
2026-01-09,ACC0000006339,191576.69,0.0,102605.86,88970.83,NPR
2026-01-09,ACC0000006340,122462.99,89348.19,0.0,211811.18,NPR
2026-01-09,ACC0000006341,427135.03,2922.46,42093.45,387964.04,NPR
2026-01-09,ACC0000006342,213611.16,5125.12,53956.81,164779.47,NPR
2026-01-09,ACC0000006343,224219.98,0.0,58085.94,166134.04,NPR
2026-01-09,ACC0000006344,1918.42,52159.93,6676.15,47402.2,NPR
2026-01-09,ACC0000006345,214942.21,0.0,53466.89,161475.32,NPR
2026-01-09,ACC0000006346,440820.98,0.0,70510.51,370310.47,NPR
2026-01-09,ACC0000006347,333122.9,0.0,24202.26,308920.64,NPR
2026-01-09,ACC0000006348,437905.95,64909.9,79717.58,423098.27,NPR
2026-01-09,ACC0000006349,128995.3,7542.2,28759.88,107777.62,NPR
2026-01-09,ACC0000006350,263545.16,0.0,105922.83,157622.33,NPR
2026-01-09,ACC0000006351,419128.48,0.0,30156.8,388971.68,NPR
2026-01-09,ACC0000006352,90315.23,35785.04,78339.96,47760.31,NPR
2026-01-09,ACC0000006353,415269.44,0.0,3636.45,411632.99,NPR
2026-01-09,ACC0000006354,444461.76,0.0,0.0,444461.76,NPR
2026-01-09,ACC0000006355,179207.93,0.0,122885.24,56322.69,NPR
2026-01-09,ACC0000006356,311686.83,0.0,47884.68,263802.15,NPR
2026-01-09,ACC0000006357,316545.04,41955.83,0.0,358500.87,NPR
2026-01-09,ACC0000006358,173738.26,0.0,86701.05,87037.21,NPR
2026-01-09,ACC0000006359,6677.07,0.0,0.0,6677.07,NPR
2026-01-09,ACC0000006360,35305.39,0.0,35857.89,-552.5,NPR
2026-01-09,ACC0000006361,343155.65,0.0,124052.04,219103.61,NPR
2026-01-09,ACC0000006362,379304.21,40514.53,148143.88,271674.86,NPR
2026-01-09,ACC0000006363,408076.89,0.0,0.0,408076.89,NPR
2026-01-09,ACC0000006364,359896.38,37792.63,45444.83,352244.18,NPR
2026-01-09,ACC0000006365,451008.73,10284.63,134426.71,326866.65,NPR
2026-01-09,ACC0000006366,492206.64,0.0,45502.78,446703.86,NPR
2026-01-09,ACC0000006367,42388.29,0.0,0.0,42388.29,NPR
2026-01-09,ACC0000006368,449286.15,0.0,87982.3,361303.85,NPR
2026-01-09,ACC0000006369,277641.35,8829.1,16423.06,270047.39,NPR
2026-01-09,ACC0000006370,375621.85,0.0,42240.54,333381.31,NPR
2026-01-09,ACC0000006371,20120.53,0.0,0.0,20120.53,NPR
2026-01-09,ACC0000006372,479286.81,0.0,78129.47,401157.34,NPR
2026-01-09,ACC0000006373,286109.87,0.0,15970.74,270139.13,NPR
2026-01-09,ACC0000006374,215203.91,15803.35,143562.17,87445.09,NPR
2026-01-09,ACC0000006375,325670.71,40719.95,42564.91,323825.75,NPR
2026-01-09,ACC0000006376,277634.67,0.0,0.0,277634.67,NPR
2026-01-09,ACC0000006377,139425.02,0.0,17753.75,121671.27,NPR
2026-01-09,ACC0000006378,38345.32,0.0,136633.3,-98287.98,NPR
2026-01-09,ACC0000006379,330123.17,0.0,152161.87,177961.3,NPR
2026-01-09,ACC0000006380,309026.36,85882.86,51750.9,343158.32,NPR
2026-01-09,ACC0000006381,246010.07,0.0,27347.1,218662.97,NPR
2026-01-09,ACC0000006382,397853.27,0.0,82250.58,315602.69,NPR
2026-01-09,ACC0000006383,304661.77,0.0,44779.26,259882.51,NPR
2026-01-09,ACC0000006384,43028.42,0.0,13327.38,29701.04,NPR
2026-01-09,ACC0000006385,291690.5,9537.42,38797.78,262430.14,NPR
2026-01-09,ACC0000006386,295274.63,0.0,112745.57,182529.06,NPR
2026-01-09,ACC0000006387,466713.42,0.0,83966.46,382746.96,NPR
2026-01-09,ACC0000006388,407766.69,0.0,49707.48,358059.21,NPR
2026-01-09,ACC0000006389,464862.43,33327.9,31465.29,466725.04,NPR
2026-01-09,ACC0000006390,355483.05,75383.4,0.0,430866.45,NPR
2026-01-09,ACC0000006391,100323.23,46622.14,31838.96,115106.41,NPR
2026-01-09,ACC0000006392,71939.53,0.0,9232.09,62707.44,NPR
2026-01-09,ACC0000006393,71023.22,0.0,0.0,71023.22,NPR
2026-01-09,ACC0000006394,83074.0,18850.59,15823.47,86101.12,NPR
2026-01-09,ACC0000006395,362335.83,47845.84,66609.35,343572.32,NPR
2026-01-09,ACC0000006396,471022.55,0.0,0.0,471022.55,NPR
2026-01-09,ACC0000006397,246538.57,12235.92,82141.84,176632.65,NPR
2026-01-09,ACC0000006398,50820.82,0.0,0.0,50820.82,NPR
2026-01-09,ACC0000006399,473089.65,0.0,37533.34,435556.31,NPR
2026-01-09,ACC0000006400,14163.86,10074.03,25020.29,-782.4,NPR
2026-01-09,ACC0000006401,283924.01,0.0,0.0,283924.01,NPR
2026-01-09,ACC0000006402,91648.96,0.0,63227.87,28421.09,NPR
2026-01-09,ACC0000006403,373833.48,74415.39,43882.7,404366.17,NPR
2026-01-09,ACC0000006404,8681.04,53903.86,62672.68,-87.78,NPR
2026-01-09,ACC0000006405,172595.11,0.0,0.0,172595.11,NPR
2026-01-09,ACC0000006406,413945.22,0.0,49153.75,364791.47,NPR
2026-01-09,ACC0000006407,456673.24,37633.85,0.0,494307.09,NPR
2026-01-09,ACC0000006408,103124.62,0.0,37881.15,65243.47,NPR
2026-01-09,ACC0000006409,306640.01,0.0,27409.76,279230.25,NPR
2026-01-09,ACC0000006410,344961.23,0.0,91889.17,253072.06,NPR
2026-01-09,ACC0000006411,85694.32,0.0,0.0,85694.32,NPR
2026-01-09,ACC0000006412,110711.51,41169.12,0.0,151880.63,NPR
2026-01-09,ACC0000006413,50139.28,0.0,12734.03,37405.25,NPR
2026-01-09,ACC0000006414,188595.54,0.0,63889.88,124705.66,NPR
2026-01-09,ACC0000006415,371241.2,0.0,76650.07,294591.13,NPR
2026-01-09,ACC0000006416,178450.27,39173.42,73376.0,144247.69,NPR
2026-01-09,ACC0000006417,405844.58,0.0,49657.09,356187.49,NPR
2026-01-09,ACC0000006418,11949.31,0.0,121997.73,-110048.42,NPR
2026-01-09,ACC0000006419,197973.69,0.0,0.0,197973.69,NPR
2026-01-09,ACC0000006420,144286.64,0.0,0.0,144286.64,NPR
2026-01-09,ACC0000006421,233782.57,0.0,116191.66,117590.91,NPR
2026-01-09,ACC0000006422,194816.39,58971.95,73190.22,180598.12,NPR
2026-01-09,ACC0000006423,363754.45,0.0,20826.01,342928.44,NPR
2026-01-09,ACC0000006424,419528.95,0.0,15377.27,404151.68,NPR
2026-01-09,ACC0000006425,375416.47,38250.7,11268.53,402398.64,NPR
2026-01-09,ACC0000006426,65099.09,0.0,23681.11,41417.98,NPR
2026-01-09,ACC0000006427,155780.91,44103.44,105058.41,94825.94,NPR
2026-01-09,ACC0000006428,238599.09,28975.32,127719.53,139854.88,NPR
2026-01-09,ACC0000006429,174462.1,4437.48,1091.95,177807.63,NPR
2026-01-09,ACC0000006430,334093.08,0.0,0.0,334093.08,NPR
2026-01-09,ACC0000006431,371799.2,0.0,0.0,371799.2,NPR
2026-01-09,ACC0000006432,54269.67,0.0,0.0,54269.67,NPR
2026-01-09,ACC0000006433,391533.48,26841.91,89516.88,328858.51,NPR
2026-01-09,ACC0000006434,495326.71,0.0,31256.97,464069.74,NPR
2026-01-09,ACC0000006435,157358.63,0.0,26134.13,131224.5,NPR
2026-01-09,ACC0000006436,400181.04,0.0,0.0,400181.04,NPR
2026-01-09,ACC0000006437,295162.74,64914.51,77308.11,282769.14,NPR
2026-01-09,ACC0000006438,309017.27,0.0,113954.52,195062.75,NPR
2026-01-09,ACC0000006439,191815.93,34918.13,2620.1,224113.96,NPR
2026-01-09,ACC0000006440,26647.03,0.0,0.0,26647.03,NPR
2026-01-09,ACC0000006441,194350.42,27458.72,0.0,221809.14,NPR
2026-01-09,ACC0000006442,363395.48,0.0,40585.56,322809.92,NPR
2026-01-09,ACC0000006443,247235.58,0.0,97360.03,149875.55,NPR
2026-01-09,ACC0000006444,325008.49,0.0,46337.76,278670.73,NPR
2026-01-09,ACC0000006445,249478.08,0.0,21610.34,227867.74,NPR
2026-01-09,ACC0000006446,242350.94,44155.22,116804.88,169701.28,NPR
2026-01-09,ACC0000006447,484510.33,0.0,0.0,484510.33,NPR
2026-01-09,ACC0000006448,333478.59,0.0,104309.81,229168.78,NPR
2026-01-09,ACC0000006449,32764.32,12131.19,58007.72,-13112.21,NPR
2026-01-09,ACC0000006450,407490.66,0.0,57895.24,349595.42,NPR
2026-01-09,ACC0000006451,437570.25,0.0,0.0,437570.25,NPR
2026-01-09,ACC0000006452,362535.12,0.0,0.0,362535.12,NPR
2026-01-09,ACC0000006453,250504.59,0.0,0.0,250504.59,NPR
2026-01-09,ACC0000006454,28303.79,23948.21,96503.23,-44251.23,NPR
2026-01-09,ACC0000006455,356061.56,23244.79,67830.3,311476.05,NPR
2026-01-09,ACC0000006456,489821.22,0.0,23545.56,466275.66,NPR
2026-01-09,ACC0000006457,57935.99,22343.68,111948.28,-31668.61,NPR
2026-01-09,ACC0000006458,475894.18,41342.98,0.0,517237.16,NPR
2026-01-09,ACC0000006459,96210.9,9454.71,90916.08,14749.53,NPR
2026-01-09,ACC0000006460,21123.74,0.0,42334.42,-21210.68,NPR
2026-01-09,ACC0000006461,211368.29,0.0,10341.27,201027.02,NPR
2026-01-09,ACC0000006462,190959.33,26363.28,34713.93,182608.68,NPR
2026-01-09,ACC0000006463,306007.8,0.0,2304.88,303702.92,NPR
2026-01-09,ACC0000006464,96489.4,0.0,114303.0,-17813.6,NPR
2026-01-09,ACC0000006465,245356.48,0.0,41740.76,203615.72,NPR
2026-01-09,ACC0000006466,144782.64,32200.4,10199.19,166783.85,NPR
2026-01-09,ACC0000006467,459118.19,0.0,0.0,459118.19,NPR
2026-01-09,ACC0000006468,178492.13,0.0,80803.28,97688.85,NPR
2026-01-09,ACC0000006469,144301.45,18120.83,0.0,162422.28,NPR
2026-01-09,ACC0000006470,464669.95,14034.76,44076.23,434628.48,NPR
2026-01-09,ACC0000006471,196896.47,0.0,69522.97,127373.5,NPR
2026-01-09,ACC0000006472,480441.3,0.0,99325.2,381116.1,NPR
2026-01-09,ACC0000006473,30554.69,0.0,126051.34,-95496.65,NPR
2026-01-09,ACC0000006474,276851.12,46879.38,19482.37,304248.13,NPR
2026-01-09,ACC0000006475,123915.95,0.0,69858.16,54057.79,NPR
2026-01-09,ACC0000006476,300384.04,0.0,42347.5,258036.54,NPR
2026-01-09,ACC0000006477,60164.31,0.0,0.0,60164.31,NPR
2026-01-09,ACC0000006478,192958.89,41562.65,45782.28,188739.26,NPR
2026-01-09,ACC0000006479,367540.34,0.0,0.0,367540.34,NPR
2026-01-09,ACC0000006480,329707.44,1576.87,15283.79,316000.52,NPR
2026-01-09,ACC0000006481,67533.53,0.0,53992.64,13540.89,NPR
2026-01-09,ACC0000006482,247087.75,0.0,0.0,247087.75,NPR
2026-01-09,ACC0000006483,194908.16,46013.61,34031.63,206890.14,NPR
2026-01-09,ACC0000006484,100379.94,0.0,0.0,100379.94,NPR
2026-01-09,ACC0000006485,431073.98,0.0,40298.48,390775.5,NPR
2026-01-09,ACC0000006486,145619.54,0.0,12423.64,133195.9,NPR
2026-01-09,ACC0000006487,141595.27,550.26,56453.99,85691.54,NPR
2026-01-09,ACC0000006488,42439.26,0.0,33316.43,9122.83,NPR
2026-01-09,ACC0000006489,393117.45,47795.28,0.0,440912.73,NPR
2026-01-09,ACC0000006490,173944.16,0.0,0.0,173944.16,NPR
2026-01-09,ACC0000006491,118592.04,0.0,34816.2,83775.84,NPR
2026-01-09,ACC0000006492,259228.59,0.0,87016.91,172211.68,NPR
2026-01-09,ACC0000006493,282587.5,16061.13,121610.02,177038.61,NPR
2026-01-09,ACC0000006494,347691.55,0.0,38560.49,309131.06,NPR
2026-01-09,ACC0000006495,131919.09,0.0,0.0,131919.09,NPR
2026-01-09,ACC0000006496,366223.14,0.0,126310.56,239912.58,NPR
2026-01-09,ACC0000006497,32504.17,7966.54,132543.86,-92073.15,NPR
2026-01-09,ACC0000006498,27179.71,0.0,0.0,27179.71,NPR
2026-01-09,ACC0000006499,56103.44,0.0,62370.6,-6267.16,NPR
2026-01-09,ACC0000006500,58699.95,8629.36,77571.86,-10242.55,NPR
2026-01-09,ACC0000006501,388077.34,0.0,57053.94,331023.4,NPR
2026-01-09,ACC0000006502,390944.51,8709.11,5764.51,393889.11,NPR
2026-01-09,ACC0000006503,409538.92,28414.06,22624.41,415328.57,NPR
2026-01-09,ACC0000006504,289466.52,0.0,38229.34,251237.18,NPR
2026-01-09,ACC0000006505,468624.93,0.0,0.0,468624.93,NPR
2026-01-09,ACC0000006506,281242.44,0.0,47785.59,233456.85,NPR
2026-01-09,ACC0000006507,366101.26,75059.37,5958.22,435202.41,NPR
2026-01-09,ACC0000006508,436398.8,0.0,0.0,436398.8,NPR
2026-01-09,ACC0000006509,116275.09,0.0,52122.74,64152.35,NPR
2026-01-09,ACC0000006510,401326.16,0.0,36661.37,364664.79,NPR
2026-01-09,ACC0000006511,224096.02,0.0,0.0,224096.02,NPR
2026-01-09,ACC0000006512,52389.34,0.0,80605.75,-28216.41,NPR
2026-01-09,ACC0000006513,296472.98,0.0,141601.6,154871.38,NPR
2026-01-09,ACC0000006514,44713.57,49149.72,19035.56,74827.73,NPR
2026-01-09,ACC0000006515,216321.22,0.0,48067.04,168254.18,NPR
2026-01-09,ACC0000006516,36992.22,0.0,22941.11,14051.11,NPR
2026-01-09,ACC0000006517,360733.21,0.0,24355.05,336378.16,NPR
2026-01-09,ACC0000006518,8613.1,0.0,21444.37,-12831.27,NPR
2026-01-09,ACC0000006519,126610.63,0.0,68802.93,57807.7,NPR
2026-01-09,ACC0000006520,255892.98,77677.3,72316.74,261253.54,NPR
2026-01-09,ACC0000006521,293975.65,0.0,0.0,293975.65,NPR
2026-01-09,ACC0000006522,128556.12,0.0,49396.86,79159.26,NPR
2026-01-09,ACC0000006523,120903.7,38457.1,73129.45,86231.35,NPR
2026-01-09,ACC0000006524,454158.54,40955.38,0.0,495113.92,NPR
2026-01-09,ACC0000006525,450601.72,0.0,34930.2,415671.52,NPR
2026-01-09,ACC0000006526,247957.05,0.0,14270.85,233686.2,NPR
2026-01-09,ACC0000006527,370992.91,2018.18,46466.49,326544.6,NPR
2026-01-09,ACC0000006528,332414.29,0.0,0.0,332414.29,NPR
2026-01-09,ACC0000006529,376806.67,0.0,17805.86,359000.81,NPR
2026-01-09,ACC0000006530,356592.35,0.0,0.0,356592.35,NPR
2026-01-09,ACC0000006531,431832.17,0.0,58411.9,373420.27,NPR
2026-01-09,ACC0000006532,7437.13,0.0,48014.16,-40577.03,NPR
2026-01-09,ACC0000006533,194409.57,45062.07,0.0,239471.64,NPR
2026-01-09,ACC0000006534,248465.09,0.0,52668.38,195796.71,NPR
2026-01-09,ACC0000006535,471814.87,37077.14,0.0,508892.01,NPR
2026-01-09,ACC0000006536,205713.92,9324.34,49782.46,165255.8,NPR
2026-01-09,ACC0000006537,112134.5,0.0,0.0,112134.5,NPR
2026-01-09,ACC0000006538,425746.66,0.0,58850.32,366896.34,NPR
2026-01-09,ACC0000006539,55570.27,13839.91,37788.44,31621.74,NPR
2026-01-09,ACC0000006540,317538.08,22760.24,75560.81,264737.51,NPR
2026-01-09,ACC0000006541,348689.95,32341.23,35531.0,345500.18,NPR
2026-01-09,ACC0000006542,8152.12,0.0,0.0,8152.12,NPR
2026-01-09,ACC0000006543,46991.38,0.0,110892.23,-63900.85,NPR
2026-01-09,ACC0000006544,20303.01,0.0,14246.96,6056.05,NPR
2026-01-09,ACC0000006545,303923.73,2531.67,57140.59,249314.81,NPR
2026-01-09,ACC0000006546,211672.04,0.0,0.0,211672.04,NPR
2026-01-09,ACC0000006547,272910.3,1988.82,0.0,274899.12,NPR
2026-01-09,ACC0000006548,157721.0,0.0,49170.16,108550.84,NPR
2026-01-09,ACC0000006549,280354.92,0.0,0.0,280354.92,NPR
2026-01-09,ACC0000006550,137844.85,0.0,101179.52,36665.33,NPR
2026-01-09,ACC0000006551,49553.3,0.0,35206.22,14347.08,NPR
2026-01-09,ACC0000006552,382248.81,24484.89,53507.97,353225.73,NPR
2026-01-09,ACC0000006553,21125.19,0.0,0.0,21125.19,NPR
2026-01-09,ACC0000006554,135367.63,0.0,60353.13,75014.5,NPR
2026-01-09,ACC0000006555,27627.6,0.0,117009.33,-89381.73,NPR
2026-01-09,ACC0000006556,200365.94,0.0,64725.28,135640.66,NPR
2026-01-09,ACC0000006557,271199.69,0.0,33286.84,237912.85,NPR
2026-01-09,ACC0000006558,412129.34,0.0,0.0,412129.34,NPR
2026-01-09,ACC0000006559,125683.65,46077.13,35039.99,136720.79,NPR
2026-01-09,ACC0000006560,237208.65,0.0,116738.45,120470.2,NPR
2026-01-09,ACC0000006561,191895.58,0.0,92208.47,99687.11,NPR
2026-01-09,ACC0000006562,271866.52,26959.09,103740.11,195085.5,NPR
2026-01-09,ACC0000006563,390285.39,25757.8,38258.65,377784.54,NPR
2026-01-09,ACC0000006564,373556.73,0.0,140101.65,233455.08,NPR
2026-01-09,ACC0000006565,53159.84,0.0,33627.1,19532.74,NPR
2026-01-09,ACC0000006566,481561.02,22236.7,16547.98,487249.74,NPR
2026-01-09,ACC0000006567,365657.2,0.0,14759.78,350897.42,NPR
2026-01-09,ACC0000006568,43454.7,0.0,0.0,43454.7,NPR
2026-01-09,ACC0000006569,41744.88,22160.65,65990.09,-2084.56,NPR
2026-01-09,ACC0000006570,194250.56,34924.93,89288.52,139886.97,NPR
2026-01-09,ACC0000006571,145721.93,0.0,24523.22,121198.71,NPR
2026-01-09,ACC0000006572,331348.21,0.0,31846.0,299502.21,NPR
2026-01-09,ACC0000006573,194666.47,0.0,9489.19,185177.28,NPR
2026-01-09,ACC0000006574,104326.69,0.0,0.0,104326.69,NPR
2026-01-09,ACC0000006575,202509.27,31923.28,56880.17,177552.38,NPR
2026-01-09,ACC0000006576,339107.47,0.0,36044.62,303062.85,NPR
2026-01-09,ACC0000006577,215169.77,11877.43,26068.4,200978.8,NPR
2026-01-09,ACC0000006578,300171.18,0.0,14717.86,285453.32,NPR
2026-01-09,ACC0000006579,73907.44,34429.04,91154.77,17181.71,NPR
2026-01-09,ACC0000006580,182164.93,0.0,102094.86,80070.07,NPR
2026-01-09,ACC0000006581,244394.13,0.0,23308.09,221086.04,NPR
2026-01-09,ACC0000006582,13541.71,0.0,0.0,13541.71,NPR
2026-01-09,ACC0000006583,475704.09,49246.16,64656.16,460294.09,NPR
2026-01-09,ACC0000006584,42774.8,0.0,73702.69,-30927.89,NPR
2026-01-09,ACC0000006585,51685.7,0.0,101576.88,-49891.18,NPR
2026-01-09,ACC0000006586,126720.94,0.0,27046.7,99674.24,NPR
2026-01-09,ACC0000006587,422047.31,7699.71,61261.98,368485.04,NPR
2026-01-09,ACC0000006588,190010.07,0.0,9146.72,180863.35,NPR
2026-01-09,ACC0000006589,222384.9,0.0,45684.81,176700.09,NPR
2026-01-09,ACC0000006590,115306.28,0.0,0.0,115306.28,NPR
2026-01-09,ACC0000006591,276714.0,0.0,0.0,276714.0,NPR
2026-01-09,ACC0000006592,133818.49,0.0,17476.97,116341.52,NPR
2026-01-09,ACC0000006593,238935.73,0.0,168254.25,70681.48,NPR
2026-01-09,ACC0000006594,9108.26,0.0,18784.03,-9675.77,NPR
2026-01-09,ACC0000006595,388368.36,0.0,0.0,388368.36,NPR
2026-01-09,ACC0000006596,16401.52,0.0,76732.95,-60331.43,NPR
2026-01-09,ACC0000006597,443264.04,0.0,0.0,443264.04,NPR
2026-01-09,ACC0000006598,166777.16,0.0,44664.57,122112.59,NPR
2026-01-09,ACC0000006599,320167.02,12328.41,86466.0,246029.43,NPR
2026-01-09,ACC0000006600,439769.64,0.0,129010.88,310758.76,NPR
2026-01-09,ACC0000006601,77076.35,0.0,69218.57,7857.78,NPR
2026-01-09,ACC0000006602,151080.39,0.0,19198.67,131881.72,NPR
2026-01-09,ACC0000006603,437062.99,13902.53,41948.59,409016.93,NPR
2026-01-09,ACC0000006604,427120.39,41435.53,0.0,468555.92,NPR
2026-01-09,ACC0000006605,471510.53,0.0,0.0,471510.53,NPR
2026-01-09,ACC0000006606,249937.34,17096.99,12806.02,254228.31,NPR
2026-01-09,ACC0000006607,25491.19,0.0,0.0,25491.19,NPR
2026-01-09,ACC0000006608,482574.85,0.0,114659.61,367915.24,NPR
2026-01-09,ACC0000006609,454882.5,0.0,45129.74,409752.76,NPR
2026-01-09,ACC0000006610,23341.32,0.0,0.0,23341.32,NPR
2026-01-09,ACC0000006611,250851.32,41835.98,39831.93,252855.37,NPR
2026-01-09,ACC0000006612,443827.97,0.0,62077.61,381750.36,NPR
2026-01-09,ACC0000006613,427866.48,0.0,76743.81,351122.67,NPR
2026-01-09,ACC0000006614,95419.79,0.0,0.0,95419.79,NPR
2026-01-09,ACC0000006615,240152.73,0.0,0.0,240152.73,NPR
2026-01-09,ACC0000006616,426227.42,0.0,0.0,426227.42,NPR
2026-01-09,ACC0000006617,97145.87,0.0,38763.29,58382.58,NPR
2026-01-09,ACC0000006618,407313.09,0.0,0.0,407313.09,NPR
2026-01-09,ACC0000006619,101142.8,0.0,82459.24,18683.56,NPR
2026-01-09,ACC0000006620,321688.78,34124.82,33071.29,322742.31,NPR
2026-01-09,ACC0000006621,418478.39,0.0,154243.08,264235.31,NPR
2026-01-09,ACC0000006622,213506.63,0.0,150151.1,63355.53,NPR
2026-01-09,ACC0000006623,252227.26,40812.97,46175.33,246864.9,NPR
2026-01-09,ACC0000006624,166448.71,80795.36,67531.99,179712.08,NPR
2026-01-09,ACC0000006625,223486.69,0.0,29756.51,193730.18,NPR
2026-01-09,ACC0000006626,300440.82,0.0,21465.01,278975.81,NPR
2026-01-09,ACC0000006627,50992.07,0.0,149526.29,-98534.22,NPR
2026-01-09,ACC0000006628,364083.13,0.0,38073.57,326009.56,NPR
2026-01-09,ACC0000006629,109066.3,0.0,27453.36,81612.94,NPR
2026-01-09,ACC0000006630,95750.84,0.0,22758.32,72992.52,NPR
2026-01-09,ACC0000006631,486864.54,2372.82,79516.61,409720.75,NPR
2026-01-09,ACC0000006632,348621.44,32936.8,21384.03,360174.21,NPR
2026-01-09,ACC0000006633,406335.76,0.0,0.0,406335.76,NPR
2026-01-09,ACC0000006634,156911.62,26747.59,0.0,183659.21,NPR
2026-01-09,ACC0000006635,33986.94,0.0,48809.77,-14822.83,NPR
2026-01-09,ACC0000006636,369985.28,0.0,8023.87,361961.41,NPR
2026-01-09,ACC0000006637,20549.67,0.0,70934.54,-50384.87,NPR
2026-01-09,ACC0000006638,21495.02,40758.72,29088.95,33164.79,NPR
2026-01-09,ACC0000006639,53853.81,0.0,0.0,53853.81,NPR
2026-01-09,ACC0000006640,405735.72,0.0,1091.49,404644.23,NPR
2026-01-09,ACC0000006641,411126.93,0.0,0.0,411126.93,NPR
2026-01-09,ACC0000006642,238962.07,0.0,0.0,238962.07,NPR
2026-01-09,ACC0000006643,43830.75,0.0,36983.16,6847.59,NPR
2026-01-09,ACC0000006644,325022.99,0.0,111921.78,213101.21,NPR
2026-01-09,ACC0000006645,164685.41,0.0,0.0,164685.41,NPR
2026-01-09,ACC0000006646,303158.83,0.0,0.0,303158.83,NPR
2026-01-09,ACC0000006647,453953.97,0.0,0.0,453953.97,NPR
2026-01-09,ACC0000006648,272064.52,0.0,3156.24,268908.28,NPR
2026-01-09,ACC0000006649,238316.16,395.85,185555.15,53156.86,NPR
2026-01-09,ACC0000006650,183687.34,45538.99,24487.26,204739.07,NPR
2026-01-09,ACC0000006651,390622.6,0.0,0.0,390622.6,NPR
2026-01-09,ACC0000006652,453798.24,0.0,65506.03,388292.21,NPR
2026-01-09,ACC0000006653,85018.78,0.0,33861.5,51157.28,NPR
2026-01-09,ACC0000006654,81413.83,0.0,32243.96,49169.87,NPR
2026-01-09,ACC0000006655,170578.9,0.0,27731.28,142847.62,NPR
2026-01-09,ACC0000006656,117010.31,14453.04,32185.34,99278.01,NPR
2026-01-09,ACC0000006657,151427.19,0.0,56068.52,95358.67,NPR
2026-01-09,ACC0000006658,255572.51,0.0,972.37,254600.14,NPR
2026-01-09,ACC0000006659,150844.61,45423.79,48370.67,147897.73,NPR
2026-01-09,ACC0000006660,226120.3,0.0,0.0,226120.3,NPR
2026-01-09,ACC0000006661,269965.3,0.0,46117.81,223847.49,NPR
2026-01-09,ACC0000006662,424214.05,26664.78,27114.81,423764.02,NPR
2026-01-09,ACC0000006663,69862.45,32968.39,26270.58,76560.26,NPR
2026-01-09,ACC0000006664,196009.01,0.0,116187.56,79821.45,NPR
2026-01-09,ACC0000006665,79161.57,25093.11,0.0,104254.68,NPR
2026-01-09,ACC0000006666,356335.52,0.0,31634.18,324701.34,NPR
2026-01-09,ACC0000006667,147916.42,66538.41,131628.12,82826.71,NPR
2026-01-09,ACC0000006668,295676.48,0.0,32722.81,262953.67,NPR
2026-01-09,ACC0000006669,445191.6,46273.98,77932.51,413533.07,NPR
2026-01-09,ACC0000006670,316411.73,49745.8,28008.73,338148.8,NPR
2026-01-09,ACC0000006671,195098.82,0.0,0.0,195098.82,NPR
2026-01-09,ACC0000006672,484254.07,0.0,23826.17,460427.9,NPR
2026-01-09,ACC0000006673,405350.8,0.0,0.0,405350.8,NPR
2026-01-09,ACC0000006674,95028.91,3387.2,141432.05,-43015.94,NPR
2026-01-09,ACC0000006675,54947.37,0.0,0.0,54947.37,NPR
2026-01-09,ACC0000006676,401546.77,25226.05,29182.64,397590.18,NPR
2026-01-09,ACC0000006677,343911.02,11561.56,74514.96,280957.62,NPR
2026-01-09,ACC0000006678,179945.29,0.0,0.0,179945.29,NPR
2026-01-09,ACC0000006679,163603.23,0.0,94651.57,68951.66,NPR
2026-01-09,ACC0000006680,236208.98,48789.24,86556.92,198441.3,NPR
2026-01-09,ACC0000006681,388206.74,22074.91,140599.35,269682.3,NPR
2026-01-09,ACC0000006682,410217.24,0.0,96227.77,313989.47,NPR
2026-01-09,ACC0000006683,313190.8,75314.62,2120.35,386385.07,NPR
2026-01-09,ACC0000006684,185242.08,33388.19,87233.03,131397.24,NPR
2026-01-09,ACC0000006685,238368.45,0.0,0.0,238368.45,NPR
2026-01-09,ACC0000006686,238509.1,0.0,45398.88,193110.22,NPR
2026-01-09,ACC0000006687,94028.9,11623.07,38023.22,67628.75,NPR
2026-01-09,ACC0000006688,289247.34,0.0,116197.43,173049.91,NPR
2026-01-09,ACC0000006689,336888.93,18042.35,84695.15,270236.13,NPR
2026-01-09,ACC0000006690,486668.48,0.0,0.0,486668.48,NPR
2026-01-09,ACC0000006691,141902.32,0.0,39831.09,102071.23,NPR
2026-01-09,ACC0000006692,251325.43,0.0,125913.37,125412.06,NPR
2026-01-09,ACC0000006693,337032.65,16767.12,27533.46,326266.31,NPR
2026-01-09,ACC0000006694,470464.99,17442.29,33788.23,454119.05,NPR
2026-01-09,ACC0000006695,167922.29,647.23,24455.18,144114.34,NPR
2026-01-09,ACC0000006696,71735.57,0.0,43778.1,27957.47,NPR
2026-01-09,ACC0000006697,387902.64,0.0,67532.95,320369.69,NPR
2026-01-09,ACC0000006698,178944.24,0.0,48930.27,130013.97,NPR
2026-01-09,ACC0000006699,455141.23,0.0,7075.18,448066.05,NPR
2026-01-09,ACC0000006700,102495.4,0.0,89912.6,12582.8,NPR
2026-01-09,ACC0000006701,253053.32,12701.88,0.0,265755.2,NPR
2026-01-09,ACC0000006702,3682.98,32948.43,9103.34,27528.07,NPR
2026-01-09,ACC0000006703,186712.22,0.0,106337.47,80374.75,NPR
2026-01-09,ACC0000006704,192501.03,71514.26,43451.11,220564.18,NPR
2026-01-09,ACC0000006705,127618.8,0.0,0.0,127618.8,NPR
2026-01-09,ACC0000006706,375938.22,0.0,25345.97,350592.25,NPR
2026-01-09,ACC0000006707,222284.6,8258.35,36883.29,193659.66,NPR
2026-01-09,ACC0000006708,359967.53,0.0,3690.67,356276.86,NPR
2026-01-09,ACC0000006709,409853.53,0.0,0.0,409853.53,NPR
2026-01-09,ACC0000006710,120551.99,0.0,107404.17,13147.82,NPR
2026-01-09,ACC0000006711,462714.58,18147.54,0.0,480862.12,NPR
2026-01-09,ACC0000006712,280235.45,46447.91,47881.57,278801.79,NPR
2026-01-09,ACC0000006713,480743.43,0.0,0.0,480743.43,NPR
2026-01-09,ACC0000006714,1857.26,0.0,73074.12,-71216.86,NPR
2026-01-09,ACC0000006715,226244.13,38136.11,64758.54,199621.7,NPR
2026-01-09,ACC0000006716,265449.67,63024.99,41179.18,287295.48,NPR
2026-01-09,ACC0000006717,410693.13,49614.29,91088.96,369218.46,NPR
2026-01-09,ACC0000006718,355807.4,8243.65,98611.95,265439.1,NPR
2026-01-09,ACC0000006719,304395.17,0.0,0.0,304395.17,NPR
2026-01-09,ACC0000006720,131991.68,0.0,76628.94,55362.74,NPR
2026-01-09,ACC0000006721,419276.34,0.0,0.0,419276.34,NPR
2026-01-09,ACC0000006722,191433.19,0.0,81251.32,110181.87,NPR
2026-01-09,ACC0000006723,282266.39,79778.77,20636.69,341408.47,NPR
2026-01-09,ACC0000006724,495726.59,0.0,0.0,495726.59,NPR
2026-01-09,ACC0000006725,360350.98,0.0,41449.71,318901.27,NPR
2026-01-09,ACC0000006726,377596.42,498.21,40829.82,337264.81,NPR
2026-01-09,ACC0000006727,129326.08,0.0,52007.26,77318.82,NPR
2026-01-09,ACC0000006728,102580.18,43531.85,15208.66,130903.37,NPR
2026-01-09,ACC0000006729,77208.29,0.0,0.0,77208.29,NPR
2026-01-09,ACC0000006730,287186.3,34572.19,19057.46,302701.03,NPR
2026-01-09,ACC0000006731,192360.53,92473.37,120626.35,164207.55,NPR
2026-01-09,ACC0000006732,92911.53,78686.54,113271.98,58326.09,NPR
2026-01-09,ACC0000006733,84714.55,0.0,77811.87,6902.68,NPR
2026-01-09,ACC0000006734,300911.9,0.0,71528.14,229383.76,NPR
2026-01-09,ACC0000006735,369504.81,0.0,0.0,369504.81,NPR
2026-01-09,ACC0000006736,54420.25,0.0,89698.1,-35277.85,NPR
2026-01-09,ACC0000006737,93665.84,29023.87,69008.02,53681.69,NPR
2026-01-09,ACC0000006738,68708.99,0.0,96891.9,-28182.91,NPR
2026-01-09,ACC0000006739,423807.65,0.0,37232.72,386574.93,NPR
2026-01-09,ACC0000006740,197780.48,0.0,112393.95,85386.53,NPR
2026-01-09,ACC0000006741,14861.08,0.0,26274.79,-11413.71,NPR
2026-01-09,ACC0000006742,168589.23,0.0,75916.35,92672.88,NPR
2026-01-09,ACC0000006743,78930.21,0.0,0.0,78930.21,NPR
2026-01-09,ACC0000006744,89556.33,0.0,90914.18,-1357.85,NPR
2026-01-09,ACC0000006745,338603.0,29825.14,32910.8,335517.34,NPR
2026-01-09,ACC0000006746,209460.15,0.0,37683.76,171776.39,NPR
2026-01-09,ACC0000006747,182644.19,41466.54,38070.38,186040.35,NPR
2026-01-09,ACC0000006748,180183.71,0.0,37724.31,142459.4,NPR
2026-01-09,ACC0000006749,204474.06,13879.0,59142.63,159210.43,NPR
2026-01-09,ACC0000006750,318278.05,35999.14,39341.69,314935.5,NPR
2026-01-09,ACC0000006751,247955.16,51337.09,29752.14,269540.11,NPR
2026-01-09,ACC0000006752,140270.32,0.0,0.0,140270.32,NPR
2026-01-09,ACC0000006753,108947.42,0.0,16054.33,92893.09,NPR
2026-01-09,ACC0000006754,319193.32,5679.6,85535.67,239337.25,NPR
2026-01-09,ACC0000006755,376035.69,0.0,8225.63,367810.06,NPR
2026-01-09,ACC0000006756,303391.19,0.0,104960.05,198431.14,NPR
2026-01-09,ACC0000006757,345004.59,0.0,70132.19,274872.4,NPR
2026-01-09,ACC0000006758,353067.42,0.0,45987.66,307079.76,NPR
2026-01-09,ACC0000006759,233985.59,924.75,14201.23,220709.11,NPR
2026-01-09,ACC0000006760,104577.4,0.0,99726.82,4850.58,NPR
2026-01-09,ACC0000006761,81192.72,11242.64,47457.64,44977.72,NPR
2026-01-09,ACC0000006762,249558.17,49457.86,0.0,299016.03,NPR
2026-01-09,ACC0000006763,43430.82,0.0,0.0,43430.82,NPR
2026-01-09,ACC0000006764,491524.62,0.0,0.0,491524.62,NPR
2026-01-09,ACC0000006765,407415.9,0.0,0.0,407415.9,NPR
2026-01-09,ACC0000006766,486052.28,0.0,115669.88,370382.4,NPR
2026-01-09,ACC0000006767,25789.57,40825.81,22121.45,44493.93,NPR
2026-01-09,ACC0000006768,457795.15,84785.03,616.0,541964.18,NPR
2026-01-09,ACC0000006769,471727.57,14931.32,21518.34,465140.55,NPR
2026-01-09,ACC0000006770,251196.01,0.0,0.0,251196.01,NPR
2026-01-09,ACC0000006771,107491.21,0.0,0.0,107491.21,NPR
2026-01-09,ACC0000006772,200550.03,0.0,41195.07,159354.96,NPR
2026-01-09,ACC0000006773,466175.21,0.0,57966.08,408209.13,NPR
2026-01-09,ACC0000006774,335298.38,17800.34,81459.19,271639.53,NPR
2026-01-09,ACC0000006775,14653.64,0.0,34305.03,-19651.39,NPR
2026-01-09,ACC0000006776,1685.9,14132.74,1030.64,14788.0,NPR
2026-01-09,ACC0000006777,485518.75,0.0,0.0,485518.75,NPR
2026-01-09,ACC0000006778,231001.55,0.0,0.0,231001.55,NPR
2026-01-09,ACC0000006779,49362.2,33515.66,33192.35,49685.51,NPR
2026-01-09,ACC0000006780,197457.34,0.0,0.0,197457.34,NPR
2026-01-09,ACC0000006781,357896.17,47984.34,917.45,404963.06,NPR
2026-01-09,ACC0000006782,368650.6,0.0,0.0,368650.6,NPR
2026-01-09,ACC0000006783,464476.82,0.0,43719.84,420756.98,NPR
2026-01-09,ACC0000006784,345683.45,0.0,0.0,345683.45,NPR
2026-01-09,ACC0000006785,123636.74,102149.49,94754.25,131031.98,NPR
2026-01-09,ACC0000006786,231579.87,59085.49,0.0,290665.36,NPR
2026-01-09,ACC0000006787,258053.8,0.0,39996.4,218057.4,NPR
2026-01-09,ACC0000006788,265286.56,53394.64,21566.25,297114.95,NPR
2026-01-09,ACC0000006789,410987.76,0.0,8967.62,402020.14,NPR
2026-01-09,ACC0000006790,227072.1,0.0,0.0,227072.1,NPR
2026-01-09,ACC0000006791,443930.31,48360.12,5558.12,486732.31,NPR
2026-01-09,ACC0000006792,423562.36,38959.53,6908.18,455613.71,NPR
2026-01-09,ACC0000006793,191600.91,0.0,0.0,191600.91,NPR
2026-01-09,ACC0000006794,187031.85,0.0,51059.4,135972.45,NPR
2026-01-09,ACC0000006795,294680.27,0.0,93284.22,201396.05,NPR
2026-01-09,ACC0000006796,285841.63,0.0,67855.65,217985.98,NPR
2026-01-09,ACC0000006797,353071.69,0.0,109870.36,243201.33,NPR
2026-01-09,ACC0000006798,303585.67,0.0,5298.72,298286.95,NPR
2026-01-09,ACC0000006799,425532.62,0.0,74370.27,351162.35,NPR
2026-01-09,ACC0000006800,435339.5,0.0,0.0,435339.5,NPR
2026-01-09,ACC0000006801,228708.42,0.0,127118.43,101589.99,NPR
2026-01-09,ACC0000006802,338134.78,0.0,88062.96,250071.82,NPR
2026-01-09,ACC0000006803,324548.88,0.0,0.0,324548.88,NPR
2026-01-09,ACC0000006804,492144.59,0.0,74467.18,417677.41,NPR
2026-01-09,ACC0000006805,338267.41,0.0,15696.09,322571.32,NPR
2026-01-09,ACC0000006806,348278.51,32114.43,114983.05,265409.89,NPR
2026-01-09,ACC0000006807,27488.11,48836.17,30352.38,45971.9,NPR
2026-01-09,ACC0000006808,272636.59,0.0,93295.11,179341.48,NPR
2026-01-09,ACC0000006809,309981.84,0.0,111364.8,198617.04,NPR
2026-01-09,ACC0000006810,235682.74,0.0,35467.63,200215.11,NPR
2026-01-09,ACC0000006811,176280.38,0.0,18395.41,157884.97,NPR
2026-01-09,ACC0000006812,118117.69,0.0,0.0,118117.69,NPR
2026-01-09,ACC0000006813,484495.27,0.0,67793.94,416701.33,NPR
2026-01-09,ACC0000006814,496064.23,32554.19,49757.37,478861.05,NPR
2026-01-09,ACC0000006815,404255.19,12560.37,81260.76,335554.8,NPR
2026-01-09,ACC0000006816,474057.18,6155.53,0.0,480212.71,NPR
2026-01-09,ACC0000006817,287673.91,0.0,114651.94,173021.97,NPR
2026-01-09,ACC0000006818,307606.01,19840.17,13518.19,313927.99,NPR
2026-01-09,ACC0000006819,180485.01,0.0,10455.04,170029.97,NPR
2026-01-09,ACC0000006820,197659.74,64928.53,66973.4,195614.87,NPR
2026-01-09,ACC0000006821,138443.23,0.0,82766.83,55676.4,NPR
2026-01-09,ACC0000006822,196224.54,38385.64,59238.69,175371.49,NPR
2026-01-09,ACC0000006823,408333.08,0.0,0.0,408333.08,NPR
2026-01-09,ACC0000006824,380277.52,0.0,59387.57,320889.95,NPR
2026-01-09,ACC0000006825,347170.88,18898.52,86208.77,279860.63,NPR
2026-01-09,ACC0000006826,490214.72,0.0,6137.7,484077.02,NPR
2026-01-09,ACC0000006827,497573.49,0.0,0.0,497573.49,NPR
2026-01-09,ACC0000006828,129127.95,0.0,0.0,129127.95,NPR
2026-01-09,ACC0000006829,301133.16,0.0,0.0,301133.16,NPR
2026-01-09,ACC0000006830,363994.58,0.0,111608.28,252386.3,NPR
2026-01-09,ACC0000006831,495090.26,0.0,91080.29,404009.97,NPR
2026-01-09,ACC0000006832,236409.89,0.0,35032.55,201377.34,NPR
2026-01-09,ACC0000006833,277595.99,5770.35,78829.07,204537.27,NPR
2026-01-09,ACC0000006834,443695.67,11270.32,90366.59,364599.4,NPR
2026-01-09,ACC0000006835,400322.33,2334.85,29428.62,373228.56,NPR
2026-01-09,ACC0000006836,191490.6,40797.13,105114.9,127172.83,NPR
2026-01-09,ACC0000006837,149082.08,0.0,0.0,149082.08,NPR
2026-01-09,ACC0000006838,295281.74,0.0,123657.04,171624.7,NPR
2026-01-09,ACC0000006839,22683.08,0.0,62339.26,-39656.18,NPR
2026-01-09,ACC0000006840,170409.99,0.0,0.0,170409.99,NPR
2026-01-09,ACC0000006841,461952.57,46761.88,140185.75,368528.7,NPR
2026-01-09,ACC0000006842,339646.61,37740.28,122153.27,255233.62,NPR
2026-01-09,ACC0000006843,163921.06,0.0,173830.15,-9909.09,NPR
2026-01-09,ACC0000006844,99793.43,29701.76,0.0,129495.19,NPR
2026-01-09,ACC0000006845,85847.02,0.0,71456.72,14390.3,NPR
2026-01-09,ACC0000006846,187037.56,0.0,0.0,187037.56,NPR
2026-01-09,ACC0000006847,304092.68,0.0,32777.69,271314.99,NPR
2026-01-09,ACC0000006848,137494.75,0.0,0.0,137494.75,NPR
2026-01-09,ACC0000006849,409757.49,0.0,683.26,409074.23,NPR
2026-01-09,ACC0000006850,192294.42,0.0,0.0,192294.42,NPR
2026-01-09,ACC0000006851,330774.41,0.0,55693.05,275081.36,NPR
2026-01-09,ACC0000006852,316389.52,0.0,96789.43,219600.09,NPR
2026-01-09,ACC0000006853,142594.71,0.0,41950.54,100644.17,NPR
2026-01-09,ACC0000006854,69637.37,0.0,73828.37,-4191.0,NPR
2026-01-09,ACC0000006855,205235.61,39170.97,81067.28,163339.3,NPR
2026-01-09,ACC0000006856,43976.62,30072.96,65865.92,8183.66,NPR
2026-01-09,ACC0000006857,408237.65,0.0,71224.96,337012.69,NPR
2026-01-09,ACC0000006858,42405.45,16850.97,33147.85,26108.57,NPR
2026-01-09,ACC0000006859,464294.73,40437.15,59098.68,445633.2,NPR
2026-01-09,ACC0000006860,388699.25,0.0,60548.39,328150.86,NPR
2026-01-09,ACC0000006861,230655.04,2148.73,63844.37,168959.4,NPR
2026-01-09,ACC0000006862,295079.95,45144.33,0.0,340224.28,NPR
2026-01-09,ACC0000006863,434264.82,0.0,130188.59,304076.23,NPR
2026-01-09,ACC0000006864,164917.57,0.0,0.0,164917.57,NPR
2026-01-09,ACC0000006865,277198.6,0.0,129907.5,147291.1,NPR
2026-01-09,ACC0000006866,344915.54,0.0,0.0,344915.54,NPR
2026-01-09,ACC0000006867,446498.64,0.0,17055.89,429442.75,NPR
2026-01-09,ACC0000006868,389022.41,0.0,0.0,389022.41,NPR
2026-01-09,ACC0000006869,66584.44,1799.92,158904.79,-90520.43,NPR
2026-01-09,ACC0000006870,297428.25,0.0,45140.46,252287.79,NPR
2026-01-09,ACC0000006871,147912.23,54786.47,66501.26,136197.44,NPR
2026-01-09,ACC0000006872,198043.46,0.0,77197.39,120846.07,NPR
2026-01-09,ACC0000006873,486208.1,0.0,49955.54,436252.56,NPR
2026-01-09,ACC0000006874,215985.95,0.0,47737.9,168248.05,NPR
2026-01-09,ACC0000006875,127534.84,2207.4,132420.38,-2678.14,NPR
2026-01-09,ACC0000006876,105640.42,0.0,13550.99,92089.43,NPR
2026-01-09,ACC0000006877,169949.53,0.0,38535.87,131413.66,NPR
2026-01-09,ACC0000006878,326439.42,47864.52,0.0,374303.94,NPR
2026-01-09,ACC0000006879,384762.8,2451.94,33302.21,353912.53,NPR
2026-01-09,ACC0000006880,273967.99,0.0,46824.54,227143.45,NPR
2026-01-09,ACC0000006881,451541.42,0.0,15117.31,436424.11,NPR
2026-01-09,ACC0000006882,223565.65,0.0,0.0,223565.65,NPR
2026-01-09,ACC0000006883,203154.75,0.0,34700.27,168454.48,NPR
2026-01-09,ACC0000006884,150110.22,7381.34,137180.13,20311.43,NPR
2026-01-09,ACC0000006885,54894.1,0.0,56477.6,-1583.5,NPR
2026-01-09,ACC0000006886,9524.6,0.0,0.0,9524.6,NPR
2026-01-09,ACC0000006887,423752.85,0.0,0.0,423752.85,NPR
2026-01-09,ACC0000006888,401277.27,0.0,0.0,401277.27,NPR
2026-01-09,ACC0000006889,444783.8,0.0,0.0,444783.8,NPR
2026-01-09,ACC0000006890,32501.07,47581.34,36312.39,43770.02,NPR
2026-01-09,ACC0000006891,100531.71,43615.28,20508.7,123638.29,NPR
2026-01-09,ACC0000006892,103640.43,0.0,0.0,103640.43,NPR
2026-01-09,ACC0000006893,368268.14,0.0,45668.37,322599.77,NPR
2026-01-09,ACC0000006894,384787.23,0.0,22317.66,362469.57,NPR
2026-01-09,ACC0000006895,383629.49,0.0,0.0,383629.49,NPR
2026-01-09,ACC0000006896,44609.07,0.0,85806.03,-41196.96,NPR
2026-01-09,ACC0000006897,203910.91,0.0,38929.41,164981.5,NPR
2026-01-09,ACC0000006898,229176.6,0.0,0.0,229176.6,NPR
2026-01-09,ACC0000006899,222716.51,0.0,2807.06,219909.45,NPR
2026-01-09,ACC0000006900,97916.07,22636.63,45796.72,74755.98,NPR
2026-01-09,ACC0000006901,63953.26,6118.45,84656.25,-14584.54,NPR
2026-01-09,ACC0000006902,46017.13,0.0,0.0,46017.13,NPR
2026-01-09,ACC0000006903,468200.88,0.0,35214.02,432986.86,NPR
2026-01-09,ACC0000006904,369700.67,0.0,69875.92,299824.75,NPR
2026-01-09,ACC0000006905,89329.75,0.0,30396.85,58932.9,NPR
2026-01-09,ACC0000006906,103284.92,35685.37,8321.21,130649.08,NPR
2026-01-09,ACC0000006907,359427.6,0.0,0.0,359427.6,NPR
2026-01-09,ACC0000006908,241641.77,22246.04,46391.65,217496.16,NPR
2026-01-09,ACC0000006909,291950.53,5835.08,25781.31,272004.3,NPR
2026-01-09,ACC0000006910,92971.82,0.0,45761.77,47210.05,NPR
2026-01-09,ACC0000006911,350155.78,0.0,23852.32,326303.46,NPR
2026-01-09,ACC0000006912,386497.36,0.0,44676.49,341820.87,NPR
2026-01-09,ACC0000006913,173365.85,0.0,0.0,173365.85,NPR
2026-01-09,ACC0000006914,17642.26,0.0,0.0,17642.26,NPR
2026-01-09,ACC0000006915,374117.85,0.0,25238.71,348879.14,NPR
2026-01-09,ACC0000006916,335123.61,0.0,0.0,335123.61,NPR
2026-01-09,ACC0000006917,242785.19,10170.65,99085.89,153869.95,NPR
2026-01-09,ACC0000006918,31360.4,0.0,35202.68,-3842.28,NPR
2026-01-09,ACC0000006919,209787.69,30260.4,28646.2,211401.89,NPR
2026-01-09,ACC0000006920,28965.36,32250.63,40409.01,20806.98,NPR
2026-01-09,ACC0000006921,346770.08,13733.15,110370.0,250133.23,NPR
2026-01-09,ACC0000006922,433439.47,36946.43,109280.35,361105.55,NPR
2026-01-09,ACC0000006923,226701.36,0.0,0.0,226701.36,NPR
2026-01-09,ACC0000006924,118348.93,29435.59,112050.86,35733.66,NPR
2026-01-09,ACC0000006925,189652.57,0.0,41363.76,148288.81,NPR
2026-01-09,ACC0000006926,269057.61,0.0,10976.51,258081.1,NPR
2026-01-09,ACC0000006927,349033.36,0.0,106302.17,242731.19,NPR
2026-01-09,ACC0000006928,470651.41,0.0,0.0,470651.41,NPR
2026-01-09,ACC0000006929,495993.76,0.0,21621.99,474371.77,NPR
2026-01-09,ACC0000006930,355822.25,0.0,121040.96,234781.29,NPR
2026-01-09,ACC0000006931,369478.66,0.0,0.0,369478.66,NPR
2026-01-09,ACC0000006932,463047.19,0.0,0.0,463047.19,NPR
2026-01-09,ACC0000006933,22708.89,0.0,33841.29,-11132.4,NPR
2026-01-09,ACC0000006934,278478.79,0.0,0.0,278478.79,NPR
2026-01-09,ACC0000006935,18080.96,21930.12,88723.42,-48712.34,NPR
2026-01-09,ACC0000006936,275677.27,86260.89,45862.94,316075.22,NPR
2026-01-09,ACC0000006937,95452.74,0.0,0.0,95452.74,NPR
2026-01-09,ACC0000006938,101090.93,0.0,99301.9,1789.03,NPR
2026-01-09,ACC0000006939,376936.05,21210.57,53338.23,344808.39,NPR
2026-01-09,ACC0000006940,401153.38,0.0,44729.33,356424.05,NPR
2026-01-09,ACC0000006941,347125.33,0.0,42893.13,304232.2,NPR
2026-01-09,ACC0000006942,59960.7,0.0,56548.75,3411.95,NPR
2026-01-09,ACC0000006943,155307.53,0.0,8235.18,147072.35,NPR
2026-01-09,ACC0000006944,132857.12,0.0,0.0,132857.12,NPR
2026-01-09,ACC0000006945,489109.8,0.0,59894.42,429215.38,NPR
2026-01-09,ACC0000006946,118952.25,21149.15,20476.02,119625.38,NPR
2026-01-09,ACC0000006947,405737.08,0.0,6217.94,399519.14,NPR
2026-01-09,ACC0000006948,14572.51,0.0,82664.41,-68091.9,NPR
2026-01-09,ACC0000006949,329565.59,11818.78,88795.9,252588.47,NPR
2026-01-09,ACC0000006950,93725.66,0.0,307.13,93418.53,NPR
2026-01-09,ACC0000006951,5399.66,10951.86,40432.12,-24080.6,NPR
2026-01-09,ACC0000006952,72688.39,24485.03,0.0,97173.42,NPR
2026-01-09,ACC0000006953,425705.22,10079.69,1036.1,434748.81,NPR
2026-01-09,ACC0000006954,6795.88,28506.66,37113.56,-1811.02,NPR
2026-01-09,ACC0000006955,240133.65,46863.17,72358.79,214638.03,NPR
2026-01-09,ACC0000006956,84403.35,0.0,0.0,84403.35,NPR
2026-01-09,ACC0000006957,115394.31,0.0,0.0,115394.31,NPR
2026-01-09,ACC0000006958,396665.7,0.0,77804.13,318861.57,NPR
2026-01-09,ACC0000006959,26306.67,12909.41,147170.5,-107954.42,NPR
2026-01-09,ACC0000006960,115997.73,0.0,0.0,115997.73,NPR
2026-01-09,ACC0000006961,123675.03,0.0,64579.47,59095.56,NPR
2026-01-09,ACC0000006962,198958.28,0.0,56078.21,142880.07,NPR
2026-01-09,ACC0000006963,144164.7,0.0,64102.04,80062.66,NPR
2026-01-09,ACC0000006964,491512.61,0.0,34100.17,457412.44,NPR
2026-01-09,ACC0000006965,197920.77,9791.94,0.0,207712.71,NPR
2026-01-09,ACC0000006966,285391.61,0.0,74554.02,210837.59,NPR
2026-01-09,ACC0000006967,213007.56,31530.63,33013.72,211524.47,NPR
2026-01-09,ACC0000006968,71988.46,0.0,14167.13,57821.33,NPR
2026-01-09,ACC0000006969,336886.29,0.0,46402.11,290484.18,NPR
2026-01-09,ACC0000006970,143441.01,0.0,40753.19,102687.82,NPR
2026-01-09,ACC0000006971,176398.96,77007.39,93254.64,160151.71,NPR
2026-01-09,ACC0000006972,251091.79,0.0,0.0,251091.79,NPR
2026-01-09,ACC0000006973,252962.55,0.0,47684.16,205278.39,NPR
2026-01-09,ACC0000006974,276736.37,47490.74,47786.17,276440.94,NPR
2026-01-09,ACC0000006975,14245.45,15304.44,82987.38,-53437.49,NPR
2026-01-09,ACC0000006976,322780.54,0.0,4756.5,318024.04,NPR
2026-01-09,ACC0000006977,390066.61,0.0,0.0,390066.61,NPR
2026-01-09,ACC0000006978,207031.99,40024.58,22982.43,224074.14,NPR
2026-01-09,ACC0000006979,299075.28,0.0,45665.24,253410.04,NPR
2026-01-09,ACC0000006980,221889.49,0.0,0.0,221889.49,NPR
2026-01-09,ACC0000006981,342440.44,0.0,0.0,342440.44,NPR
2026-01-09,ACC0000006982,164495.63,0.0,24215.11,140280.52,NPR
2026-01-09,ACC0000006983,240870.77,0.0,36942.29,203928.48,NPR
2026-01-09,ACC0000006984,380963.2,40219.61,88527.65,332655.16,NPR
2026-01-09,ACC0000006985,499605.52,0.0,0.0,499605.52,NPR
2026-01-09,ACC0000006986,149538.66,0.0,0.0,149538.66,NPR
2026-01-09,ACC0000006987,148424.39,23177.8,120645.27,50956.92,NPR
2026-01-09,ACC0000006988,189915.84,25389.57,92.05,215213.36,NPR
2026-01-09,ACC0000006989,352904.16,0.0,0.0,352904.16,NPR
2026-01-09,ACC0000006990,458218.67,0.0,0.0,458218.67,NPR
2026-01-09,ACC0000006991,337707.32,54912.66,42283.43,350336.55,NPR
2026-01-09,ACC0000006992,107329.14,0.0,81705.52,25623.62,NPR
2026-01-09,ACC0000006993,371500.25,0.0,145555.87,225944.38,NPR
2026-01-09,ACC0000006994,82807.49,18665.61,2897.96,98575.14,NPR
2026-01-09,ACC0000006995,62166.39,0.0,39650.32,22516.07,NPR
2026-01-09,ACC0000006996,57044.62,38598.28,73639.55,22003.35,NPR
2026-01-09,ACC0000006997,152026.64,23239.95,49327.61,125938.98,NPR
2026-01-09,ACC0000006998,208187.04,43213.98,44591.07,206809.95,NPR
2026-01-09,ACC0000006999,421264.41,0.0,98519.79,322744.62,NPR
2026-01-09,ACC0000007000,463805.77,0.0,34088.72,429717.05,NPR
2026-01-09,ACC0000007001,205954.58,0.0,109557.05,96397.53,NPR
2026-01-09,ACC0000007002,170067.26,0.0,0.0,170067.26,NPR
2026-01-09,ACC0000007003,29543.49,0.0,105963.28,-76419.79,NPR
2026-01-09,ACC0000007004,143330.17,46386.82,46540.79,143176.2,NPR
2026-01-09,ACC0000007005,459370.71,0.0,0.0,459370.71,NPR
2026-01-09,ACC0000007006,391632.76,114012.73,137665.17,367980.32,NPR
2026-01-09,ACC0000007007,330124.2,0.0,0.0,330124.2,NPR
2026-01-09,ACC0000007008,167300.53,0.0,0.0,167300.53,NPR
2026-01-09,ACC0000007009,389930.74,39095.2,45804.5,383221.44,NPR
2026-01-09,ACC0000007010,15152.08,86420.86,36550.76,65022.18,NPR
2026-01-09,ACC0000007011,318608.52,39601.09,29295.64,328913.97,NPR
2026-01-09,ACC0000007012,402274.68,0.0,44431.25,357843.43,NPR
2026-01-09,ACC0000007013,451212.27,0.0,0.0,451212.27,NPR
2026-01-09,ACC0000007014,494233.82,0.0,93921.83,400311.99,NPR
2026-01-09,ACC0000007015,117596.45,0.0,28665.51,88930.94,NPR
2026-01-09,ACC0000007016,231373.02,4271.66,36808.59,198836.09,NPR
2026-01-09,ACC0000007017,15927.94,0.0,0.0,15927.94,NPR
2026-01-09,ACC0000007018,470093.4,0.0,27306.05,442787.35,NPR
2026-01-09,ACC0000007019,425123.14,0.0,39050.24,386072.9,NPR
2026-01-09,ACC0000007020,378309.71,0.0,0.0,378309.71,NPR
2026-01-09,ACC0000007021,405895.34,0.0,74092.23,331803.11,NPR
2026-01-09,ACC0000007022,48059.07,0.0,49642.98,-1583.91,NPR
2026-01-09,ACC0000007023,420188.25,0.0,53786.62,366401.63,NPR
2026-01-09,ACC0000007024,166679.73,0.0,49793.45,116886.28,NPR
2026-01-09,ACC0000007025,238629.86,0.0,0.0,238629.86,NPR
2026-01-09,ACC0000007026,144988.04,1371.02,42472.17,103886.89,NPR
2026-01-09,ACC0000007027,128232.28,21209.49,72949.47,76492.3,NPR
2026-01-09,ACC0000007028,107649.76,46703.93,18894.02,135459.67,NPR
2026-01-09,ACC0000007029,23368.51,0.0,16824.79,6543.72,NPR
2026-01-09,ACC0000007030,29716.61,0.0,43433.2,-13716.59,NPR
2026-01-09,ACC0000007031,268558.61,90987.93,10135.94,349410.6,NPR
2026-01-09,ACC0000007032,233410.42,7383.17,26478.03,214315.56,NPR
2026-01-09,ACC0000007033,328361.62,0.0,11643.41,316718.21,NPR
2026-01-09,ACC0000007034,161521.42,95501.13,29828.76,227193.79,NPR
2026-01-09,ACC0000007035,353991.17,15300.92,0.0,369292.09,NPR
2026-01-09,ACC0000007036,376909.2,11262.45,184439.95,203731.7,NPR
2026-01-09,ACC0000007037,18684.01,0.0,0.0,18684.01,NPR
2026-01-09,ACC0000007038,264167.1,37008.62,18723.55,282452.17,NPR
2026-01-09,ACC0000007039,456589.6,0.0,123000.5,333589.1,NPR
2026-01-09,ACC0000007040,28135.39,0.0,0.0,28135.39,NPR
2026-01-09,ACC0000007041,50893.25,0.0,39288.79,11604.46,NPR
2026-01-09,ACC0000007042,199363.6,0.0,78231.28,121132.32,NPR
2026-01-09,ACC0000007043,147991.46,0.0,0.0,147991.46,NPR
2026-01-09,ACC0000007044,8425.77,9848.7,31396.8,-13122.33,NPR
2026-01-09,ACC0000007045,275282.47,0.0,25474.37,249808.1,NPR
2026-01-09,ACC0000007046,111650.74,0.0,27334.62,84316.12,NPR
2026-01-09,ACC0000007047,89129.68,0.0,58095.15,31034.53,NPR
2026-01-09,ACC0000007048,228675.76,0.0,55953.56,172722.2,NPR
2026-01-09,ACC0000007049,299834.7,41364.33,13005.47,328193.56,NPR
2026-01-09,ACC0000007050,278847.3,0.0,81903.96,196943.34,NPR
2026-01-09,ACC0000007051,365870.38,31475.96,5943.77,391402.57,NPR
2026-01-09,ACC0000007052,223628.84,0.0,0.0,223628.84,NPR
2026-01-09,ACC0000007053,124318.66,0.0,34918.98,89399.68,NPR
2026-01-09,ACC0000007054,2817.91,13785.24,71599.12,-54995.97,NPR
2026-01-09,ACC0000007055,494412.02,0.0,0.0,494412.02,NPR
2026-01-09,ACC0000007056,410899.86,0.0,12487.97,398411.89,NPR
2026-01-09,ACC0000007057,176037.12,0.0,82312.48,93724.64,NPR
2026-01-09,ACC0000007058,199106.84,22541.36,28601.18,193047.02,NPR
2026-01-09,ACC0000007059,418752.07,0.0,60821.32,357930.75,NPR
2026-01-09,ACC0000007060,49732.25,0.0,32516.61,17215.64,NPR
2026-01-09,ACC0000007061,35794.08,0.0,34903.92,890.16,NPR
2026-01-09,ACC0000007062,46969.06,0.0,119972.65,-73003.59,NPR
2026-01-09,ACC0000007063,356673.38,35163.01,66634.97,325201.42,NPR
2026-01-09,ACC0000007064,322819.69,0.0,0.0,322819.69,NPR
2026-01-09,ACC0000007065,344638.43,0.0,57316.69,287321.74,NPR
2026-01-09,ACC0000007066,406919.63,8428.14,126337.47,289010.3,NPR
2026-01-09,ACC0000007067,333662.74,0.0,37289.35,296373.39,NPR
2026-01-09,ACC0000007068,55435.61,0.0,0.0,55435.61,NPR
2026-01-09,ACC0000007069,120741.99,0.0,0.0,120741.99,NPR
2026-01-09,ACC0000007070,286811.47,0.0,0.0,286811.47,NPR
2026-01-09,ACC0000007071,69650.24,39624.3,122493.2,-13218.66,NPR
2026-01-09,ACC0000007072,229988.97,0.0,170179.12,59809.85,NPR
2026-01-09,ACC0000007073,279148.21,0.0,0.0,279148.21,NPR
2026-01-09,ACC0000007074,355313.82,0.0,96521.41,258792.41,NPR
2026-01-09,ACC0000007075,13144.38,0.0,47419.27,-34274.89,NPR
2026-01-09,ACC0000007076,124640.48,0.0,24921.67,99718.81,NPR
2026-01-09,ACC0000007077,495300.47,0.0,0.0,495300.47,NPR
2026-01-09,ACC0000007078,81869.78,43078.18,36666.57,88281.39,NPR
2026-01-09,ACC0000007079,465005.63,0.0,184983.68,280021.95,NPR
2026-01-09,ACC0000007080,257474.75,0.0,48068.83,209405.92,NPR
2026-01-09,ACC0000007081,135343.44,0.0,88147.04,47196.4,NPR
2026-01-09,ACC0000007082,305935.52,0.0,89950.04,215985.48,NPR
2026-01-09,ACC0000007083,433197.95,0.0,0.0,433197.95,NPR
2026-01-09,ACC0000007084,479036.55,44560.43,0.0,523596.98,NPR
2026-01-09,ACC0000007085,391030.78,0.0,135417.92,255612.86,NPR
2026-01-09,ACC0000007086,386394.67,7649.45,62827.89,331216.23,NPR
2026-01-09,ACC0000007087,337727.77,0.0,39979.23,297748.54,NPR
2026-01-09,ACC0000007088,40741.36,29574.58,12124.42,58191.52,NPR
2026-01-09,ACC0000007089,244908.87,0.0,63501.03,181407.84,NPR
2026-01-09,ACC0000007090,408636.73,29904.72,45472.36,393069.09,NPR
2026-01-09,ACC0000007091,225856.6,22163.01,25670.64,222348.97,NPR
2026-01-09,ACC0000007092,245526.87,0.0,109350.93,136175.94,NPR
2026-01-09,ACC0000007093,493613.27,0.0,41504.0,452109.27,NPR
2026-01-09,ACC0000007094,86299.06,43712.3,0.0,130011.36,NPR
2026-01-09,ACC0000007095,391209.65,0.0,0.0,391209.65,NPR
2026-01-09,ACC0000007096,395169.39,0.0,50075.17,345094.22,NPR
2026-01-09,ACC0000007097,201081.14,11161.96,31968.91,180274.19,NPR
2026-01-09,ACC0000007098,183034.94,0.0,134266.49,48768.45,NPR
2026-01-09,ACC0000007099,164159.86,33364.42,19068.53,178455.75,NPR
2026-01-09,ACC0000007100,193453.04,0.0,11097.26,182355.78,NPR
2026-01-09,ACC0000007101,363517.47,0.0,0.0,363517.47,NPR
2026-01-09,ACC0000007102,367262.81,0.0,78009.55,289253.26,NPR
2026-01-09,ACC0000007103,80480.94,0.0,18502.38,61978.56,NPR
2026-01-09,ACC0000007104,126916.37,0.0,47667.12,79249.25,NPR
2026-01-09,ACC0000007105,172329.2,40363.66,131035.41,81657.45,NPR
2026-01-09,ACC0000007106,249632.01,36579.78,58398.96,227812.83,NPR
2026-01-09,ACC0000007107,207368.73,0.0,0.0,207368.73,NPR
2026-01-09,ACC0000007108,195751.79,0.0,83615.17,112136.62,NPR
2026-01-09,ACC0000007109,84748.97,31734.48,91947.02,24536.43,NPR
2026-01-09,ACC0000007110,91211.77,0.0,4968.31,86243.46,NPR
2026-01-09,ACC0000007111,489960.27,0.0,0.0,489960.27,NPR
2026-01-09,ACC0000007112,65452.18,0.0,58052.17,7400.01,NPR
2026-01-09,ACC0000007113,471181.1,0.0,13316.75,457864.35,NPR
2026-01-09,ACC0000007114,464157.88,11104.22,78320.57,396941.53,NPR
2026-01-09,ACC0000007115,83970.75,33773.8,5178.85,112565.7,NPR
2026-01-09,ACC0000007116,271149.4,3959.15,78480.92,196627.63,NPR
2026-01-09,ACC0000007117,365103.5,47447.19,70909.27,341641.42,NPR
2026-01-09,ACC0000007118,199195.91,15029.23,3754.12,210471.02,NPR
2026-01-09,ACC0000007119,134172.83,0.0,0.0,134172.83,NPR
2026-01-09,ACC0000007120,247390.22,0.0,101016.35,146373.87,NPR
2026-01-09,ACC0000007121,430003.57,16845.76,0.0,446849.33,NPR
2026-01-09,ACC0000007122,156676.74,0.0,27800.77,128875.97,NPR
2026-01-09,ACC0000007123,316215.74,0.0,60399.87,255815.87,NPR
2026-01-09,ACC0000007124,345793.84,0.0,0.0,345793.84,NPR
2026-01-09,ACC0000007125,498532.57,0.0,0.0,498532.57,NPR
2026-01-09,ACC0000007126,385202.88,20730.49,65897.21,340036.16,NPR
2026-01-09,ACC0000007127,407335.25,0.0,0.0,407335.25,NPR
2026-01-09,ACC0000007128,13827.08,0.0,82737.99,-68910.91,NPR
2026-01-09,ACC0000007129,449231.63,31013.66,9656.8,470588.49,NPR
2026-01-09,ACC0000007130,61367.3,0.0,16063.32,45303.98,NPR
2026-01-09,ACC0000007131,259506.11,0.0,39375.91,220130.2,NPR
2026-01-09,ACC0000007132,173077.0,0.0,27132.11,145944.89,NPR
2026-01-09,ACC0000007133,467358.95,0.0,42754.71,424604.24,NPR
2026-01-09,ACC0000007134,83961.72,36719.99,67982.16,52699.55,NPR
2026-01-09,ACC0000007135,263991.64,0.0,0.0,263991.64,NPR
2026-01-09,ACC0000007136,255193.15,0.0,12326.14,242867.01,NPR
2026-01-09,ACC0000007137,34597.85,51104.26,0.0,85702.11,NPR
2026-01-09,ACC0000007138,191282.69,0.0,0.0,191282.69,NPR
2026-01-09,ACC0000007139,95836.01,0.0,0.0,95836.01,NPR
2026-01-09,ACC0000007140,419952.12,0.0,57625.42,362326.7,NPR
2026-01-09,ACC0000007141,56889.89,49764.97,46996.18,59658.68,NPR
2026-01-09,ACC0000007142,369913.08,0.0,35527.85,334385.23,NPR
2026-01-09,ACC0000007143,81954.84,0.0,52457.04,29497.8,NPR
2026-01-09,ACC0000007144,202869.18,39228.8,22198.23,219899.75,NPR
2026-01-09,ACC0000007145,497229.05,30494.76,55490.06,472233.75,NPR
2026-01-09,ACC0000007146,435232.59,0.0,24353.7,410878.89,NPR
2026-01-09,ACC0000007147,284776.67,0.0,8305.75,276470.92,NPR
2026-01-09,ACC0000007148,466190.37,0.0,0.0,466190.37,NPR
2026-01-09,ACC0000007149,33290.8,0.0,0.0,33290.8,NPR
2026-01-09,ACC0000007150,61042.03,0.0,45534.44,15507.59,NPR
2026-01-09,ACC0000007151,265521.26,0.0,0.0,265521.26,NPR
2026-01-09,ACC0000007152,283700.97,0.0,0.0,283700.97,NPR
2026-01-09,ACC0000007153,128496.98,44407.32,547.65,172356.65,NPR
2026-01-09,ACC0000007154,309844.74,46103.53,0.0,355948.27,NPR
2026-01-09,ACC0000007155,12607.02,0.0,22649.93,-10042.91,NPR
2026-01-09,ACC0000007156,286271.48,0.0,0.0,286271.48,NPR
2026-01-09,ACC0000007157,213336.59,442.69,0.0,213779.28,NPR
2026-01-09,ACC0000007158,201793.51,20028.03,29464.15,192357.39,NPR
2026-01-09,ACC0000007159,175688.91,0.0,0.0,175688.91,NPR
2026-01-09,ACC0000007160,232287.74,0.0,0.0,232287.74,NPR
2026-01-09,ACC0000007161,405875.81,94294.68,34568.01,465602.48,NPR
2026-01-09,ACC0000007162,85065.1,0.0,0.0,85065.1,NPR
2026-01-09,ACC0000007163,79420.78,0.0,48873.9,30546.88,NPR
2026-01-09,ACC0000007164,130476.82,0.0,0.0,130476.82,NPR
2026-01-09,ACC0000007165,93214.63,0.0,61044.51,32170.12,NPR
2026-01-09,ACC0000007166,61985.91,0.0,92494.98,-30509.07,NPR
2026-01-09,ACC0000007167,354233.14,0.0,0.0,354233.14,NPR
2026-01-09,ACC0000007168,256490.59,0.0,66433.91,190056.68,NPR
2026-01-09,ACC0000007169,86561.13,0.0,118580.65,-32019.52,NPR
2026-01-09,ACC0000007170,462578.83,0.0,55060.28,407518.55,NPR
2026-01-09,ACC0000007171,139185.81,0.0,49990.29,89195.52,NPR
2026-01-09,ACC0000007172,62438.1,32358.53,85110.79,9685.84,NPR
2026-01-09,ACC0000007173,262833.43,71100.72,26568.51,307365.64,NPR
2026-01-09,ACC0000007174,227340.47,36988.39,125694.84,138634.02,NPR
2026-01-09,ACC0000007175,406642.87,37973.86,115651.96,328964.77,NPR
2026-01-09,ACC0000007176,426316.5,0.0,79110.42,347206.08,NPR
2026-01-09,ACC0000007177,448695.49,0.0,35881.69,412813.8,NPR
2026-01-09,ACC0000007178,482972.29,37034.79,15378.75,504628.33,NPR
2026-01-09,ACC0000007179,283310.55,26057.02,206024.73,103342.84,NPR
2026-01-09,ACC0000007180,395028.77,5216.46,126533.17,273712.06,NPR
2026-01-09,ACC0000007181,360241.78,0.0,194299.58,165942.2,NPR
2026-01-09,ACC0000007182,132635.53,70194.96,6070.6,196759.89,NPR
2026-01-09,ACC0000007183,221041.39,0.0,129909.39,91132.0,NPR
2026-01-09,ACC0000007184,342985.23,0.0,0.0,342985.23,NPR
2026-01-09,ACC0000007185,2081.03,37219.26,73525.87,-34225.58,NPR
2026-01-09,ACC0000007186,289349.14,0.0,41102.4,248246.74,NPR
2026-01-09,ACC0000007187,475614.88,0.0,0.0,475614.88,NPR
2026-01-09,ACC0000007188,140522.97,33052.02,73029.49,100545.5,NPR
2026-01-09,ACC0000007189,13605.43,0.0,0.0,13605.43,NPR
2026-01-09,ACC0000007190,224089.64,49126.19,49831.87,223383.96,NPR
2026-01-09,ACC0000007191,485427.84,0.0,87678.39,397749.45,NPR
2026-01-09,ACC0000007192,493382.78,0.0,41609.01,451773.77,NPR
2026-01-09,ACC0000007193,307343.14,0.0,0.0,307343.14,NPR
2026-01-09,ACC0000007194,401418.06,0.0,5671.46,395746.6,NPR
2026-01-09,ACC0000007195,384650.55,0.0,0.0,384650.55,NPR
2026-01-09,ACC0000007196,8746.98,0.0,0.0,8746.98,NPR
2026-01-09,ACC0000007197,159514.64,0.0,116990.41,42524.23,NPR
2026-01-09,ACC0000007198,386121.95,0.0,0.0,386121.95,NPR
2026-01-09,ACC0000007199,25183.33,0.0,83216.09,-58032.76,NPR
2026-01-09,ACC0000007200,365285.38,0.0,21247.94,344037.44,NPR
2026-01-09,ACC0000007201,95326.79,28211.72,69152.8,54385.71,NPR
2026-01-09,ACC0000007202,267600.88,0.0,55313.03,212287.85,NPR
2026-01-09,ACC0000007203,200733.02,34653.49,2713.31,232673.2,NPR
2026-01-09,ACC0000007204,252020.23,0.0,36319.67,215700.56,NPR
2026-01-09,ACC0000007205,89430.5,0.0,0.0,89430.5,NPR
2026-01-09,ACC0000007206,280437.76,0.0,16024.68,264413.08,NPR
2026-01-09,ACC0000007207,496911.35,0.0,0.0,496911.35,NPR
2026-01-09,ACC0000007208,93166.5,56468.17,30183.58,119451.09,NPR
2026-01-09,ACC0000007209,272098.53,0.0,193239.13,78859.4,NPR
2026-01-09,ACC0000007210,92678.32,0.0,0.0,92678.32,NPR
2026-01-09,ACC0000007211,73844.89,0.0,51550.84,22294.05,NPR
2026-01-09,ACC0000007212,222321.41,21473.96,74126.1,169669.27,NPR
2026-01-09,ACC0000007213,412168.18,0.0,14274.55,397893.63,NPR
2026-01-09,ACC0000007214,416818.58,0.0,7980.09,408838.49,NPR
2026-01-09,ACC0000007215,94030.28,0.0,116536.35,-22506.07,NPR
2026-01-09,ACC0000007216,450191.32,0.0,0.0,450191.32,NPR
2026-01-09,ACC0000007217,127308.41,0.0,127682.94,-374.53,NPR
2026-01-09,ACC0000007218,421823.14,0.0,0.0,421823.14,NPR
2026-01-09,ACC0000007219,414355.64,79261.13,26257.98,467358.79,NPR
2026-01-09,ACC0000007220,251856.67,4415.63,42504.4,213767.9,NPR
2026-01-09,ACC0000007221,41023.02,12417.16,33813.05,19627.13,NPR
2026-01-09,ACC0000007222,428067.55,91282.75,43148.95,476201.35,NPR
2026-01-09,ACC0000007223,231795.08,0.0,125217.91,106577.17,NPR
2026-01-09,ACC0000007224,301055.02,0.0,66939.0,234116.02,NPR
2026-01-09,ACC0000007225,236462.89,0.0,44613.26,191849.63,NPR
2026-01-09,ACC0000007226,147969.62,0.0,49907.25,98062.37,NPR
2026-01-09,ACC0000007227,398457.69,0.0,36050.78,362406.91,NPR
2026-01-09,ACC0000007228,380854.01,0.0,112844.34,268009.67,NPR
2026-01-09,ACC0000007229,83968.41,0.0,112601.04,-28632.63,NPR
2026-01-09,ACC0000007230,154541.42,0.0,71289.66,83251.76,NPR
2026-01-09,ACC0000007231,246263.85,0.0,67842.6,178421.25,NPR
2026-01-09,ACC0000007232,131423.97,0.0,0.0,131423.97,NPR
2026-01-09,ACC0000007233,101614.21,0.0,45490.96,56123.25,NPR
2026-01-09,ACC0000007234,79601.04,0.0,184321.85,-104720.81,NPR
2026-01-09,ACC0000007235,282953.6,7669.4,43137.24,247485.76,NPR
2026-01-09,ACC0000007236,192835.49,70121.87,78684.06,184273.3,NPR
2026-01-09,ACC0000007237,312212.5,0.0,27469.97,284742.53,NPR
2026-01-09,ACC0000007238,187384.4,0.0,55796.32,131588.08,NPR
2026-01-09,ACC0000007239,24827.84,0.0,92732.24,-67904.4,NPR
2026-01-09,ACC0000007240,168423.58,0.0,45097.03,123326.55,NPR
2026-01-09,ACC0000007241,128179.96,0.0,104589.5,23590.46,NPR
2026-01-09,ACC0000007242,427715.45,0.0,100076.33,327639.12,NPR
2026-01-09,ACC0000007243,280742.41,0.0,108430.41,172312.0,NPR
2026-01-09,ACC0000007244,313928.83,0.0,0.0,313928.83,NPR
2026-01-09,ACC0000007245,162189.67,27544.2,69092.84,120641.03,NPR
2026-01-09,ACC0000007246,312924.06,0.0,73925.61,238998.45,NPR
2026-01-09,ACC0000007247,147240.67,63782.88,0.0,211023.55,NPR
2026-01-09,ACC0000007248,82948.87,0.0,0.0,82948.87,NPR
2026-01-09,ACC0000007249,52700.11,0.0,0.0,52700.11,NPR
2026-01-09,ACC0000007250,250206.63,0.0,23521.88,226684.75,NPR
2026-01-09,ACC0000007251,271183.89,0.0,0.0,271183.89,NPR
2026-01-09,ACC0000007252,233209.48,19729.9,138626.72,114312.66,NPR
2026-01-09,ACC0000007253,474792.89,0.0,73240.72,401552.17,NPR
2026-01-09,ACC0000007254,114790.63,36838.08,27358.63,124270.08,NPR
2026-01-09,ACC0000007255,56533.49,0.0,102068.29,-45534.8,NPR
2026-01-09,ACC0000007256,136738.94,0.0,38894.81,97844.13,NPR
2026-01-09,ACC0000007257,150543.53,0.0,0.0,150543.53,NPR
2026-01-09,ACC0000007258,355514.02,0.0,40742.48,314771.54,NPR
2026-01-09,ACC0000007259,125797.34,64494.61,13090.22,177201.73,NPR
2026-01-09,ACC0000007260,95043.73,42413.95,23526.42,113931.26,NPR
2026-01-09,ACC0000007261,290891.17,0.0,12132.32,278758.85,NPR
2026-01-09,ACC0000007262,40429.18,6522.31,27438.98,19512.51,NPR
2026-01-09,ACC0000007263,449698.03,1768.82,95349.62,356117.23,NPR
2026-01-09,ACC0000007264,43932.1,6384.55,50719.62,-402.97,NPR
2026-01-09,ACC0000007265,73594.31,16875.96,11955.44,78514.83,NPR
2026-01-09,ACC0000007266,349218.47,4783.94,12469.68,341532.73,NPR
2026-01-09,ACC0000007267,137447.84,35247.09,101891.11,70803.82,NPR
2026-01-09,ACC0000007268,151568.3,0.0,77543.55,74024.75,NPR
2026-01-09,ACC0000007269,496813.82,0.0,23776.2,473037.62,NPR
2026-01-09,ACC0000007270,495981.97,12728.59,46938.27,461772.29,NPR
2026-01-09,ACC0000007271,428828.49,49557.76,67815.36,410570.89,NPR
2026-01-09,ACC0000007272,362166.35,65888.1,49925.72,378128.73,NPR
2026-01-09,ACC0000007273,420270.43,0.0,107958.55,312311.88,NPR
2026-01-09,ACC0000007274,365727.63,0.0,24014.02,341713.61,NPR
2026-01-09,ACC0000007275,27173.39,0.0,58503.15,-31329.76,NPR
2026-01-09,ACC0000007276,349232.32,0.0,77299.71,271932.61,NPR
2026-01-09,ACC0000007277,220778.26,0.0,83148.66,137629.6,NPR
2026-01-09,ACC0000007278,97049.47,46387.79,98467.74,44969.52,NPR
2026-01-09,ACC0000007279,276805.38,0.0,76492.91,200312.47,NPR
2026-01-09,ACC0000007280,425011.71,0.0,0.0,425011.71,NPR
2026-01-09,ACC0000007281,320755.42,26459.93,31551.21,315664.14,NPR
2026-01-09,ACC0000007282,327206.12,5171.72,60389.28,271988.56,NPR
2026-01-09,ACC0000007283,340743.6,0.0,45872.16,294871.44,NPR
2026-01-09,ACC0000007284,431624.07,0.0,94648.45,336975.62,NPR
2026-01-09,ACC0000007285,160594.01,0.0,88243.94,72350.07,NPR
2026-01-09,ACC0000007286,352625.29,0.0,0.0,352625.29,NPR
2026-01-09,ACC0000007287,475684.91,0.0,180184.86,295500.05,NPR
2026-01-09,ACC0000007288,230526.15,2540.0,124131.11,108935.04,NPR
2026-01-09,ACC0000007289,221535.1,0.0,31019.55,190515.55,NPR
2026-01-09,ACC0000007290,383023.64,43408.29,28936.7,397495.23,NPR
2026-01-09,ACC0000007291,91929.8,0.0,23912.68,68017.12,NPR
2026-01-09,ACC0000007292,146477.32,0.0,72040.34,74436.98,NPR
2026-01-09,ACC0000007293,103889.11,0.0,35527.97,68361.14,NPR
2026-01-09,ACC0000007294,303578.93,0.0,11833.36,291745.57,NPR
2026-01-09,ACC0000007295,377801.9,0.0,1628.54,376173.36,NPR
2026-01-09,ACC0000007296,286780.55,44766.46,41608.78,289938.23,NPR
2026-01-09,ACC0000007297,330960.09,0.0,90979.96,239980.13,NPR
2026-01-09,ACC0000007298,41177.58,31348.85,28487.77,44038.66,NPR
2026-01-09,ACC0000007299,32631.73,0.0,40680.77,-8049.04,NPR
2026-01-09,ACC0000007300,221727.45,61038.56,70220.82,212545.19,NPR
2026-01-09,ACC0000007301,119159.45,0.0,0.0,119159.45,NPR
2026-01-09,ACC0000007302,447855.22,34282.91,0.0,482138.13,NPR
2026-01-09,ACC0000007303,396167.35,17132.62,77004.16,336295.81,NPR
2026-01-09,ACC0000007304,178329.71,0.0,102696.87,75632.84,NPR
2026-01-09,ACC0000007305,269652.96,0.0,115641.24,154011.72,NPR
2026-01-09,ACC0000007306,117429.57,24419.51,102034.25,39814.83,NPR
2026-01-09,ACC0000007307,286242.8,50635.38,20925.42,315952.76,NPR
2026-01-09,ACC0000007308,430088.26,0.0,26776.61,403311.65,NPR
2026-01-09,ACC0000007309,11901.17,0.0,76450.86,-64549.69,NPR
2026-01-09,ACC0000007310,359901.39,0.0,121260.47,238640.92,NPR
2026-01-09,ACC0000007311,207912.77,6605.76,36111.93,178406.6,NPR
2026-01-09,ACC0000007312,65481.02,45306.17,56210.31,54576.88,NPR
2026-01-09,ACC0000007313,240198.61,0.0,39108.66,201089.95,NPR
2026-01-09,ACC0000007314,296940.55,0.0,72607.35,224333.2,NPR
2026-01-09,ACC0000007315,487955.17,0.0,19400.31,468554.86,NPR
2026-01-09,ACC0000007316,483764.2,84901.47,139606.56,429059.11,NPR
2026-01-09,ACC0000007317,138124.78,26981.15,28459.75,136646.18,NPR
2026-01-09,ACC0000007318,126198.05,19218.6,12452.23,132964.42,NPR
2026-01-09,ACC0000007319,162910.99,0.0,31386.7,131524.29,NPR
2026-01-09,ACC0000007320,113498.55,8904.33,75705.19,46697.69,NPR
2026-01-09,ACC0000007321,420228.65,23862.48,21692.77,422398.36,NPR
2026-01-09,ACC0000007322,302690.1,75491.17,673.14,377508.13,NPR
2026-01-09,ACC0000007323,347391.11,0.0,0.0,347391.11,NPR
2026-01-09,ACC0000007324,133573.97,0.0,0.0,133573.97,NPR
2026-01-09,ACC0000007325,340654.08,0.0,31917.76,308736.32,NPR
2026-01-09,ACC0000007326,103071.62,0.0,0.0,103071.62,NPR
2026-01-09,ACC0000007327,362820.77,0.0,70427.89,292392.88,NPR
2026-01-09,ACC0000007328,81340.24,0.0,74216.74,7123.5,NPR
2026-01-09,ACC0000007329,217162.92,26699.73,53014.66,190847.99,NPR
2026-01-09,ACC0000007330,457507.08,0.0,0.0,457507.08,NPR
2026-01-09,ACC0000007331,176064.85,44911.38,48016.51,172959.72,NPR
2026-01-09,ACC0000007332,451853.91,0.0,46603.43,405250.48,NPR
2026-01-09,ACC0000007333,220103.21,26343.22,39517.53,206928.9,NPR
2026-01-09,ACC0000007334,429355.18,17343.38,0.0,446698.56,NPR
2026-01-09,ACC0000007335,17704.72,0.0,75067.85,-57363.13,NPR
2026-01-09,ACC0000007336,448761.78,0.0,0.0,448761.78,NPR
2026-01-09,ACC0000007337,398474.92,72026.0,19620.96,450879.96,NPR
2026-01-09,ACC0000007338,285998.21,0.0,0.0,285998.21,NPR
2026-01-09,ACC0000007339,315775.96,0.0,0.0,315775.96,NPR
2026-01-09,ACC0000007340,420454.35,0.0,0.0,420454.35,NPR
2026-01-09,ACC0000007341,254871.05,0.0,103222.06,151648.99,NPR
2026-01-09,ACC0000007342,82834.33,0.0,29431.84,53402.49,NPR
2026-01-09,ACC0000007343,133418.76,9560.41,10660.37,132318.8,NPR
2026-01-09,ACC0000007344,148010.14,0.0,0.0,148010.14,NPR
2026-01-09,ACC0000007345,445085.17,34310.57,141974.84,337420.9,NPR
2026-01-09,ACC0000007346,13884.11,0.0,3239.68,10644.43,NPR
2026-01-09,ACC0000007347,32505.08,0.0,74252.38,-41747.3,NPR
2026-01-09,ACC0000007348,177715.62,0.0,1121.53,176594.09,NPR
2026-01-09,ACC0000007349,105039.56,3056.8,34805.82,73290.54,NPR
2026-01-09,ACC0000007350,59052.68,0.0,51694.01,7358.67,NPR
2026-01-09,ACC0000007351,362211.27,0.0,103315.85,258895.42,NPR
2026-01-09,ACC0000007352,480258.18,0.0,39082.5,441175.68,NPR
2026-01-09,ACC0000007353,2586.25,0.0,4332.9,-1746.65,NPR
2026-01-09,ACC0000007354,273309.38,48147.33,53585.99,267870.72,NPR
2026-01-09,ACC0000007355,359036.26,0.0,35126.32,323909.94,NPR
2026-01-09,ACC0000007356,325843.56,0.0,47485.03,278358.53,NPR
2026-01-09,ACC0000007357,482075.11,18593.26,32230.6,468437.77,NPR
2026-01-09,ACC0000007358,102694.32,10441.27,86738.71,26396.88,NPR
2026-01-09,ACC0000007359,97414.83,0.0,54218.8,43196.03,NPR
2026-01-09,ACC0000007360,128698.49,24004.46,0.0,152702.95,NPR
2026-01-09,ACC0000007361,102908.78,34070.83,0.0,136979.61,NPR
2026-01-09,ACC0000007362,396572.79,0.0,42621.53,353951.26,NPR
2026-01-09,ACC0000007363,313751.01,0.0,0.0,313751.01,NPR
2026-01-09,ACC0000007364,297607.79,0.0,15639.53,281968.26,NPR
2026-01-09,ACC0000007365,293756.13,13947.25,21829.25,285874.13,NPR
2026-01-09,ACC0000007366,467910.73,22698.04,0.0,490608.77,NPR
2026-01-09,ACC0000007367,280346.01,0.0,8286.84,272059.17,NPR
2026-01-09,ACC0000007368,345150.21,38360.77,128238.9,255272.08,NPR
2026-01-09,ACC0000007369,27269.82,0.0,0.0,27269.82,NPR
2026-01-09,ACC0000007370,153577.27,0.0,0.0,153577.27,NPR
2026-01-09,ACC0000007371,240310.28,0.0,47687.91,192622.37,NPR
2026-01-09,ACC0000007372,12125.36,0.0,0.0,12125.36,NPR
2026-01-09,ACC0000007373,113289.96,0.0,0.0,113289.96,NPR
2026-01-09,ACC0000007374,85737.52,12618.94,161575.05,-63218.59,NPR
2026-01-09,ACC0000007375,200486.02,0.0,56538.22,143947.8,NPR
2026-01-09,ACC0000007376,245314.07,0.0,0.0,245314.07,NPR
2026-01-09,ACC0000007377,454850.16,0.0,77970.05,376880.11,NPR
2026-01-09,ACC0000007378,60814.34,0.0,105629.27,-44814.93,NPR
2026-01-09,ACC0000007379,162635.2,7025.95,16909.69,152751.46,NPR
2026-01-09,ACC0000007380,54458.35,0.0,66818.21,-12359.86,NPR
2026-01-09,ACC0000007381,439756.09,29384.97,9590.05,459551.01,NPR
2026-01-09,ACC0000007382,149601.04,0.0,0.0,149601.04,NPR
2026-01-09,ACC0000007383,475751.65,0.0,0.0,475751.65,NPR
2026-01-09,ACC0000007384,294872.28,0.0,14164.18,280708.1,NPR
2026-01-09,ACC0000007385,280526.55,0.0,52864.09,227662.46,NPR
2026-01-09,ACC0000007386,33278.92,0.0,41591.11,-8312.19,NPR
2026-01-09,ACC0000007387,105010.2,0.0,0.0,105010.2,NPR
2026-01-09,ACC0000007388,239202.75,48134.94,24256.47,263081.22,NPR
2026-01-09,ACC0000007389,466523.5,36263.23,0.0,502786.73,NPR
2026-01-09,ACC0000007390,79895.36,30111.11,51486.05,58520.42,NPR
2026-01-09,ACC0000007391,437480.19,11292.61,112583.15,336189.65,NPR
2026-01-09,ACC0000007392,342335.48,0.0,101930.44,240405.04,NPR
2026-01-09,ACC0000007393,71891.85,45170.04,47461.68,69600.21,NPR
2026-01-09,ACC0000007394,272634.2,0.0,6779.18,265855.02,NPR
2026-01-09,ACC0000007395,182748.32,0.0,0.0,182748.32,NPR
2026-01-09,ACC0000007396,398032.84,2652.06,14353.32,386331.58,NPR
2026-01-09,ACC0000007397,294212.68,0.0,80780.6,213432.08,NPR
2026-01-09,ACC0000007398,185894.25,0.0,24009.98,161884.27,NPR
2026-01-09,ACC0000007399,186738.58,0.0,14300.76,172437.82,NPR
2026-01-09,ACC0000007400,229132.52,0.0,108298.23,120834.29,NPR
2026-01-09,ACC0000007401,199659.38,0.0,52649.47,147009.91,NPR
2026-01-09,ACC0000007402,498837.0,16750.43,1838.34,513749.09,NPR
2026-01-09,ACC0000007403,391336.4,0.0,0.0,391336.4,NPR
2026-01-09,ACC0000007404,420032.66,31753.72,126612.95,325173.43,NPR
2026-01-09,ACC0000007405,207960.29,0.0,0.0,207960.29,NPR
2026-01-09,ACC0000007406,48422.24,41221.13,23486.92,66156.45,NPR
2026-01-09,ACC0000007407,239443.58,0.0,91423.17,148020.41,NPR
2026-01-09,ACC0000007408,439929.3,12111.78,76946.9,375094.18,NPR
2026-01-09,ACC0000007409,449278.41,0.0,0.0,449278.41,NPR
2026-01-09,ACC0000007410,353646.22,45772.84,33898.46,365520.6,NPR
2026-01-09,ACC0000007411,433638.66,0.0,0.0,433638.66,NPR
2026-01-09,ACC0000007412,401794.48,0.0,45144.4,356650.08,NPR
2026-01-09,ACC0000007413,346009.56,52416.26,79056.44,319369.38,NPR
2026-01-09,ACC0000007414,343053.15,0.0,87193.9,255859.25,NPR
2026-01-09,ACC0000007415,418573.04,0.0,72060.02,346513.02,NPR
2026-01-09,ACC0000007416,357970.39,0.0,47180.01,310790.38,NPR
2026-01-09,ACC0000007417,226592.58,0.0,43801.74,182790.84,NPR
2026-01-09,ACC0000007418,112366.81,9826.56,80380.13,41813.24,NPR
2026-01-09,ACC0000007419,464331.78,0.0,27108.86,437222.92,NPR
2026-01-09,ACC0000007420,163337.58,0.0,45795.87,117541.71,NPR
2026-01-09,ACC0000007421,438026.43,0.0,0.0,438026.43,NPR
2026-01-09,ACC0000007422,366797.4,0.0,15207.09,351590.31,NPR
2026-01-09,ACC0000007423,188498.29,24254.35,113110.81,99641.83,NPR
2026-01-09,ACC0000007424,347753.65,38800.09,34451.53,352102.21,NPR
2026-01-09,ACC0000007425,66349.58,0.0,39106.01,27243.57,NPR
2026-01-09,ACC0000007426,190131.66,0.0,121780.6,68351.06,NPR
2026-01-09,ACC0000007427,107780.32,0.0,0.0,107780.32,NPR
2026-01-09,ACC0000007428,414622.6,0.0,71277.03,343345.57,NPR
2026-01-09,ACC0000007429,267246.08,0.0,0.0,267246.08,NPR
2026-01-09,ACC0000007430,63134.76,0.0,0.0,63134.76,NPR
2026-01-09,ACC0000007431,334011.27,0.0,37056.7,296954.57,NPR
2026-01-09,ACC0000007432,16819.8,0.0,5658.74,11161.06,NPR
2026-01-09,ACC0000007433,313104.99,0.0,96385.46,216719.53,NPR
2026-01-09,ACC0000007434,477015.7,0.0,0.0,477015.7,NPR
2026-01-09,ACC0000007435,412354.88,0.0,11475.34,400879.54,NPR
2026-01-09,ACC0000007436,219510.4,0.0,106122.53,113387.87,NPR
2026-01-09,ACC0000007437,90369.4,50703.18,0.0,141072.58,NPR
2026-01-09,ACC0000007438,185486.88,0.0,28490.11,156996.77,NPR
2026-01-09,ACC0000007439,273697.88,0.0,76907.79,196790.09,NPR
2026-01-09,ACC0000007440,339953.77,53116.61,0.0,393070.38,NPR
2026-01-09,ACC0000007441,493673.3,16005.56,68440.91,441237.95,NPR
2026-01-09,ACC0000007442,453866.84,0.0,65673.57,388193.27,NPR
2026-01-09,ACC0000007443,18720.8,29992.52,0.0,48713.32,NPR
2026-01-09,ACC0000007444,498504.11,0.0,0.0,498504.11,NPR
2026-01-09,ACC0000007445,266341.98,0.0,93845.98,172496.0,NPR
2026-01-09,ACC0000007446,153992.6,0.0,0.0,153992.6,NPR
2026-01-09,ACC0000007447,37021.27,108046.52,1869.56,143198.23,NPR
2026-01-09,ACC0000007448,493762.91,46982.0,92668.8,448076.11,NPR
2026-01-09,ACC0000007449,221468.07,14681.64,11809.22,224340.49,NPR
2026-01-09,ACC0000007450,247208.19,0.0,65069.64,182138.55,NPR
2026-01-09,ACC0000007451,222658.05,0.0,47794.29,174863.76,NPR
2026-01-09,ACC0000007452,26869.21,35787.19,139884.67,-77228.27,NPR
2026-01-09,ACC0000007453,379730.65,3112.7,87473.4,295369.95,NPR
2026-01-09,ACC0000007454,165991.14,0.0,0.0,165991.14,NPR
2026-01-09,ACC0000007455,294043.36,0.0,152563.08,141480.28,NPR
2026-01-09,ACC0000007456,422232.98,0.0,0.0,422232.98,NPR
2026-01-09,ACC0000007457,262248.05,0.0,31760.8,230487.25,NPR
2026-01-09,ACC0000007458,224048.74,8108.87,0.0,232157.61,NPR
2026-01-09,ACC0000007459,367767.49,3967.79,32851.07,338884.21,NPR
2026-01-09,ACC0000007460,478245.1,0.0,42280.46,435964.64,NPR
2026-01-09,ACC0000007461,499266.64,0.0,57389.66,441876.98,NPR
2026-01-09,ACC0000007462,14245.23,38824.28,47405.2,5664.31,NPR
2026-01-09,ACC0000007463,221849.51,0.0,101523.14,120326.37,NPR
2026-01-09,ACC0000007464,430958.48,0.0,18226.52,412731.96,NPR
2026-01-09,ACC0000007465,108897.38,0.0,0.0,108897.38,NPR
2026-01-09,ACC0000007466,229090.64,0.0,0.0,229090.64,NPR
2026-01-09,ACC0000007467,473567.35,0.0,0.0,473567.35,NPR
2026-01-09,ACC0000007468,377989.25,10496.76,18557.88,369928.13,NPR
2026-01-09,ACC0000007469,356213.68,6375.95,52458.83,310130.8,NPR
2026-01-09,ACC0000007470,382740.61,1486.5,147506.38,236720.73,NPR
2026-01-09,ACC0000007471,81805.94,0.0,15019.93,66786.01,NPR
2026-01-09,ACC0000007472,152065.24,0.0,47767.34,104297.9,NPR
2026-01-09,ACC0000007473,399912.45,0.0,52480.85,347431.6,NPR
2026-01-09,ACC0000007474,156956.6,0.0,27205.1,129751.5,NPR
2026-01-09,ACC0000007475,142996.04,0.0,0.0,142996.04,NPR
2026-01-09,ACC0000007476,398926.13,0.0,77782.73,321143.4,NPR
2026-01-09,ACC0000007477,286509.47,0.0,0.0,286509.47,NPR
2026-01-09,ACC0000007478,78363.11,0.0,0.0,78363.11,NPR
2026-01-09,ACC0000007479,86420.36,0.0,71286.05,15134.31,NPR
2026-01-09,ACC0000007480,241285.08,44495.4,10840.1,274940.38,NPR
2026-01-09,ACC0000007481,468197.44,48870.15,146953.05,370114.54,NPR
2026-01-09,ACC0000007482,58850.79,47312.74,86867.68,19295.85,NPR
2026-01-09,ACC0000007483,145653.11,0.0,67941.71,77711.4,NPR
2026-01-09,ACC0000007484,375732.36,8171.74,113598.33,270305.77,NPR
2026-01-09,ACC0000007485,417868.35,10488.55,89304.24,339052.66,NPR
2026-01-09,ACC0000007486,450594.86,842.04,124516.56,326920.34,NPR
2026-01-09,ACC0000007487,118957.97,0.0,0.0,118957.97,NPR
2026-01-09,ACC0000007488,144115.1,0.0,0.0,144115.1,NPR
2026-01-09,ACC0000007489,276028.65,4772.69,113057.72,167743.62,NPR
2026-01-09,ACC0000007490,81284.93,0.0,49250.91,32034.02,NPR
2026-01-09,ACC0000007491,208091.83,0.0,62446.55,145645.28,NPR
2026-01-09,ACC0000007492,324365.85,0.0,23127.59,301238.26,NPR
2026-01-09,ACC0000007493,116424.91,62289.67,120899.72,57814.86,NPR
2026-01-09,ACC0000007494,19991.52,82841.18,40952.36,61880.34,NPR
2026-01-09,ACC0000007495,361609.59,0.0,73098.49,288511.1,NPR
2026-01-09,ACC0000007496,175269.47,0.0,43754.75,131514.72,NPR
2026-01-09,ACC0000007497,465691.37,0.0,0.0,465691.37,NPR
2026-01-09,ACC0000007498,76062.46,0.0,0.0,76062.46,NPR
2026-01-09,ACC0000007499,246757.34,17797.19,78650.66,185903.87,NPR
2026-01-09,ACC0000007500,314999.64,9188.94,86612.31,237576.27,NPR
2026-01-09,ACC0000007501,78894.64,0.0,101696.97,-22802.33,NPR
2026-01-09,ACC0000007502,210610.87,0.0,0.0,210610.87,NPR
2026-01-09,ACC0000007503,85047.26,0.0,84614.3,432.96,NPR
2026-01-09,ACC0000007504,468634.07,0.0,108730.36,359903.71,NPR
2026-01-09,ACC0000007505,170961.27,0.0,93332.85,77628.42,NPR
2026-01-09,ACC0000007506,186273.7,45787.9,52156.63,179904.97,NPR
2026-01-09,ACC0000007507,251457.19,0.0,66926.1,184531.09,NPR
2026-01-09,ACC0000007508,9399.09,91223.43,40937.29,59685.23,NPR
2026-01-09,ACC0000007509,113328.85,46771.65,55655.65,104444.85,NPR
2026-01-09,ACC0000007510,396453.58,0.0,36748.23,359705.35,NPR
2026-01-09,ACC0000007511,352236.29,0.0,41133.4,311102.89,NPR
2026-01-09,ACC0000007512,453196.69,0.0,145186.68,308010.01,NPR
2026-01-09,ACC0000007513,48201.43,0.0,78456.69,-30255.26,NPR
2026-01-09,ACC0000007514,354708.45,0.0,42937.16,311771.29,NPR
2026-01-09,ACC0000007515,401180.11,0.0,0.0,401180.11,NPR
2026-01-09,ACC0000007516,444679.99,0.0,48322.33,396357.66,NPR
2026-01-09,ACC0000007517,232893.69,25671.18,45924.18,212640.69,NPR
2026-01-09,ACC0000007518,435999.08,0.0,0.0,435999.08,NPR
2026-01-09,ACC0000007519,122154.12,45923.61,16754.2,151323.53,NPR
2026-01-09,ACC0000007520,313587.76,33838.1,22449.4,324976.46,NPR
2026-01-09,ACC0000007521,219694.8,0.0,0.0,219694.8,NPR
2026-01-09,ACC0000007522,346193.88,0.0,68981.59,277212.29,NPR
2026-01-09,ACC0000007523,440846.88,24522.54,0.0,465369.42,NPR
2026-01-09,ACC0000007524,259812.24,0.0,49916.03,209896.21,NPR
2026-01-09,ACC0000007525,251117.35,0.0,0.0,251117.35,NPR
2026-01-09,ACC0000007526,80643.21,84262.48,48475.95,116429.74,NPR
2026-01-09,ACC0000007527,458286.58,16944.85,80309.76,394921.67,NPR
2026-01-09,ACC0000007528,8059.22,0.0,0.0,8059.22,NPR
2026-01-09,ACC0000007529,306175.72,0.0,96582.08,209593.64,NPR
2026-01-09,ACC0000007530,37039.27,0.0,64192.21,-27152.94,NPR
2026-01-09,ACC0000007531,342648.88,0.0,27675.18,314973.7,NPR
2026-01-09,ACC0000007532,365435.48,4495.52,130445.25,239485.75,NPR
2026-01-09,ACC0000007533,434240.96,28771.53,53052.4,409960.09,NPR
2026-01-09,ACC0000007534,269410.36,0.0,50036.21,219374.15,NPR
2026-01-09,ACC0000007535,418020.03,44070.08,29682.8,432407.31,NPR
2026-01-09,ACC0000007536,49731.25,0.0,0.0,49731.25,NPR
2026-01-09,ACC0000007537,289467.91,9207.43,76196.13,222479.21,NPR
2026-01-09,ACC0000007538,363963.49,0.0,18805.86,345157.63,NPR
2026-01-09,ACC0000007539,418243.06,14887.82,118125.73,315005.15,NPR
2026-01-09,ACC0000007540,145783.94,0.0,107929.18,37854.76,NPR
2026-01-09,ACC0000007541,154543.85,13851.93,86869.57,81526.21,NPR
2026-01-09,ACC0000007542,390891.74,0.0,72483.79,318407.95,NPR
2026-01-09,ACC0000007543,233061.59,0.0,30269.61,202791.98,NPR
2026-01-09,ACC0000007544,94233.45,0.0,32996.62,61236.83,NPR
2026-01-09,ACC0000007545,446809.22,0.0,0.0,446809.22,NPR
2026-01-09,ACC0000007546,362059.87,0.0,5436.99,356622.88,NPR
2026-01-09,ACC0000007547,89486.47,8966.79,30255.86,68197.4,NPR
2026-01-09,ACC0000007548,340152.23,0.0,155159.09,184993.14,NPR
2026-01-09,ACC0000007549,457395.58,0.0,0.0,457395.58,NPR
2026-01-09,ACC0000007550,236504.42,0.0,0.0,236504.42,NPR
2026-01-09,ACC0000007551,488179.8,30357.43,7298.82,511238.41,NPR
2026-01-09,ACC0000007552,66878.21,0.0,21973.6,44904.61,NPR
2026-01-09,ACC0000007553,102146.47,29175.82,145601.72,-14279.43,NPR
2026-01-09,ACC0000007554,15034.59,0.0,24980.59,-9946.0,NPR
2026-01-09,ACC0000007555,178944.79,0.0,49418.2,129526.59,NPR
2026-01-09,ACC0000007556,210589.81,0.0,40339.02,170250.79,NPR
2026-01-09,ACC0000007557,38340.85,0.0,103870.54,-65529.69,NPR
2026-01-09,ACC0000007558,220872.37,33283.18,187118.33,67037.22,NPR
2026-01-09,ACC0000007559,442526.92,0.0,57755.93,384770.99,NPR
2026-01-09,ACC0000007560,339747.23,0.0,83710.58,256036.65,NPR
2026-01-09,ACC0000007561,307466.42,0.0,0.0,307466.42,NPR
2026-01-09,ACC0000007562,491106.71,0.0,0.0,491106.71,NPR
2026-01-09,ACC0000007563,15615.67,0.0,6515.7,9099.97,NPR
2026-01-09,ACC0000007564,355856.5,0.0,0.0,355856.5,NPR
2026-01-09,ACC0000007565,403352.23,0.0,131674.05,271678.18,NPR
2026-01-09,ACC0000007566,180913.78,8716.88,55113.28,134517.38,NPR
2026-01-09,ACC0000007567,343872.14,0.0,0.0,343872.14,NPR
2026-01-09,ACC0000007568,13750.77,27872.31,93095.0,-51471.92,NPR
2026-01-09,ACC0000007569,305432.28,0.0,74343.92,231088.36,NPR
2026-01-09,ACC0000007570,335440.11,48993.66,35324.22,349109.55,NPR
2026-01-09,ACC0000007571,84884.56,0.0,72707.07,12177.49,NPR
2026-01-09,ACC0000007572,299887.36,13345.64,0.0,313233.0,NPR
2026-01-09,ACC0000007573,139719.44,0.0,58740.17,80979.27,NPR
2026-01-09,ACC0000007574,51188.61,50340.83,38634.66,62894.78,NPR
2026-01-09,ACC0000007575,263756.43,0.0,0.0,263756.43,NPR
2026-01-09,ACC0000007576,439884.9,0.0,0.0,439884.9,NPR
2026-01-09,ACC0000007577,238856.87,26957.27,26978.5,238835.64,NPR
2026-01-09,ACC0000007578,296799.61,0.0,0.0,296799.61,NPR
2026-01-09,ACC0000007579,435640.22,21133.43,126415.97,330357.68,NPR
2026-01-09,ACC0000007580,193104.23,48788.33,52931.7,188960.86,NPR
2026-01-09,ACC0000007581,361352.32,0.0,39351.04,322001.28,NPR
2026-01-09,ACC0000007582,57410.17,30875.05,90344.52,-2059.3,NPR
2026-01-09,ACC0000007583,440995.73,658.2,0.0,441653.93,NPR
2026-01-09,ACC0000007584,67014.52,13779.42,55500.18,25293.76,NPR
2026-01-09,ACC0000007585,419533.8,29972.82,25589.73,423916.89,NPR
2026-01-09,ACC0000007586,381336.82,0.0,27031.12,354305.7,NPR
2026-01-09,ACC0000007587,313288.52,0.0,31187.76,282100.76,NPR
2026-01-09,ACC0000007588,108624.52,0.0,63523.79,45100.73,NPR
2026-01-09,ACC0000007589,54984.81,10133.9,31472.48,33646.23,NPR
2026-01-09,ACC0000007590,275837.29,0.0,22690.4,253146.89,NPR
2026-01-09,ACC0000007591,57914.46,34830.04,86932.25,5812.25,NPR
2026-01-09,ACC0000007592,290231.58,0.0,54673.36,235558.22,NPR
2026-01-09,ACC0000007593,471402.11,0.0,121595.34,349806.77,NPR
2026-01-09,ACC0000007594,191447.61,0.0,90042.17,101405.44,NPR
2026-01-09,ACC0000007595,183654.44,0.0,19680.86,163973.58,NPR
2026-01-09,ACC0000007596,95306.69,40117.68,0.0,135424.37,NPR
2026-01-09,ACC0000007597,91212.82,0.0,41836.44,49376.38,NPR
2026-01-09,ACC0000007598,145741.34,29116.14,33883.29,140974.19,NPR
2026-01-09,ACC0000007599,306043.03,0.0,16216.15,289826.88,NPR
2026-01-09,ACC0000007600,263210.19,27458.6,40456.61,250212.18,NPR
2026-01-09,ACC0000007601,284531.77,0.0,0.0,284531.77,NPR
2026-01-09,ACC0000007602,46243.79,41192.87,27764.44,59672.22,NPR
2026-01-09,ACC0000007603,264025.31,0.0,43985.86,220039.45,NPR
2026-01-09,ACC0000007604,473193.74,17469.32,0.0,490663.06,NPR
2026-01-09,ACC0000007605,138574.38,32910.78,0.0,171485.16,NPR
2026-01-09,ACC0000007606,218373.06,0.0,70968.42,147404.64,NPR
2026-01-09,ACC0000007607,410267.89,0.0,37321.59,372946.3,NPR
2026-01-09,ACC0000007608,21456.17,0.0,58056.2,-36600.03,NPR
2026-01-09,ACC0000007609,61381.78,35252.29,56081.08,40552.99,NPR
2026-01-09,ACC0000007610,378491.33,0.0,27020.62,351470.71,NPR
2026-01-09,ACC0000007611,313537.82,21103.98,51962.87,282678.93,NPR
2026-01-09,ACC0000007612,204180.77,0.0,46715.33,157465.44,NPR
2026-01-09,ACC0000007613,243678.96,0.0,30264.17,213414.79,NPR
2026-01-09,ACC0000007614,370578.76,0.0,57145.69,313433.07,NPR
2026-01-09,ACC0000007615,266680.15,0.0,42244.22,224435.93,NPR
2026-01-09,ACC0000007616,384993.48,0.0,40714.98,344278.5,NPR
2026-01-09,ACC0000007617,103750.07,4707.06,22213.01,86244.12,NPR
2026-01-09,ACC0000007618,124801.01,2417.88,3034.13,124184.76,NPR
2026-01-09,ACC0000007619,20908.51,0.0,46619.75,-25711.24,NPR
2026-01-09,ACC0000007620,178401.86,0.0,56470.28,121931.58,NPR
2026-01-09,ACC0000007621,222427.9,0.0,20018.74,202409.16,NPR
2026-01-09,ACC0000007622,135041.62,0.0,55638.08,79403.54,NPR
2026-01-09,ACC0000007623,306784.95,36449.74,55544.88,287689.81,NPR
2026-01-09,ACC0000007624,211360.6,0.0,0.0,211360.6,NPR
2026-01-09,ACC0000007625,374497.86,0.0,74752.58,299745.28,NPR
2026-01-09,ACC0000007626,430920.64,0.0,0.0,430920.64,NPR
2026-01-09,ACC0000007627,499173.24,0.0,8424.25,490748.99,NPR
2026-01-09,ACC0000007628,44782.73,81983.42,446.64,126319.51,NPR
2026-01-09,ACC0000007629,463010.29,0.0,135717.1,327293.19,NPR
2026-01-09,ACC0000007630,472268.8,0.0,52050.21,420218.59,NPR
2026-01-09,ACC0000007631,264373.91,0.0,118825.63,145548.28,NPR
2026-01-09,ACC0000007632,140066.84,0.0,65962.69,74104.15,NPR
2026-01-09,ACC0000007633,271830.75,0.0,136823.87,135006.88,NPR
2026-01-09,ACC0000007634,410532.87,13465.98,15338.8,408660.05,NPR
2026-01-09,ACC0000007635,222267.52,0.0,0.0,222267.52,NPR
2026-01-09,ACC0000007636,164123.38,0.0,76111.95,88011.43,NPR
2026-01-09,ACC0000007637,377843.52,0.0,44955.72,332887.8,NPR
2026-01-09,ACC0000007638,257723.13,0.0,19447.8,238275.33,NPR
2026-01-09,ACC0000007639,333614.79,21277.63,30808.16,324084.26,NPR
2026-01-09,ACC0000007640,224868.28,0.0,53699.04,171169.24,NPR
2026-01-09,ACC0000007641,427168.39,0.0,26367.44,400800.95,NPR
2026-01-09,ACC0000007642,64305.12,0.0,40694.63,23610.49,NPR
2026-01-09,ACC0000007643,357719.44,0.0,50952.26,306767.18,NPR
2026-01-09,ACC0000007644,130812.06,21831.7,299.98,152343.78,NPR
2026-01-09,ACC0000007645,19805.64,0.0,23708.3,-3902.66,NPR
2026-01-09,ACC0000007646,246988.88,33336.53,42202.54,238122.87,NPR
2026-01-09,ACC0000007647,338890.24,0.0,26542.27,312347.97,NPR
2026-01-09,ACC0000007648,380149.16,0.0,82262.18,297886.98,NPR
2026-01-09,ACC0000007649,392844.9,0.0,0.0,392844.9,NPR
2026-01-09,ACC0000007650,181375.7,0.0,23489.09,157886.61,NPR
2026-01-09,ACC0000007651,232195.82,0.0,19465.55,212730.27,NPR
2026-01-09,ACC0000007652,48731.77,0.0,93328.22,-44596.45,NPR
2026-01-09,ACC0000007653,489278.56,67429.57,38503.59,518204.54,NPR
2026-01-09,ACC0000007654,373538.7,48461.49,58413.18,363587.01,NPR
2026-01-09,ACC0000007655,433889.1,0.0,0.0,433889.1,NPR
2026-01-09,ACC0000007656,413464.65,81868.94,12476.29,482857.3,NPR
2026-01-09,ACC0000007657,423278.94,0.0,20771.93,402507.01,NPR
2026-01-09,ACC0000007658,499578.13,0.0,124150.85,375427.28,NPR
2026-01-09,ACC0000007659,78522.11,0.0,43185.17,35336.94,NPR
2026-01-09,ACC0000007660,171503.31,0.0,133770.45,37732.86,NPR
2026-01-09,ACC0000007661,406640.31,0.0,56994.25,349646.06,NPR
2026-01-09,ACC0000007662,27861.99,0.0,15101.02,12760.97,NPR
2026-01-09,ACC0000007663,123394.19,0.0,0.0,123394.19,NPR
2026-01-09,ACC0000007664,116920.99,0.0,65177.81,51743.18,NPR
2026-01-09,ACC0000007665,273615.99,0.0,36921.82,236694.17,NPR
2026-01-09,ACC0000007666,348343.31,0.0,126253.46,222089.85,NPR
2026-01-09,ACC0000007667,155834.32,0.0,43312.18,112522.14,NPR
2026-01-09,ACC0000007668,214498.76,0.0,0.0,214498.76,NPR
2026-01-09,ACC0000007669,92674.08,0.0,40423.99,52250.09,NPR
2026-01-09,ACC0000007670,225126.53,0.0,39120.15,186006.38,NPR
2026-01-09,ACC0000007671,11361.18,0.0,29943.75,-18582.57,NPR
2026-01-09,ACC0000007672,337541.79,0.0,42867.39,294674.4,NPR
2026-01-09,ACC0000007673,402510.17,46661.2,9908.04,439263.33,NPR
2026-01-09,ACC0000007674,441604.62,0.0,74921.46,366683.16,NPR
2026-01-09,ACC0000007675,483193.58,0.0,28837.12,454356.46,NPR
2026-01-09,ACC0000007676,103618.51,0.0,0.0,103618.51,NPR
2026-01-09,ACC0000007677,132072.09,0.0,24356.22,107715.87,NPR
2026-01-09,ACC0000007678,79368.03,4936.32,31941.71,52362.64,NPR
2026-01-09,ACC0000007679,116017.52,0.0,0.0,116017.52,NPR
2026-01-09,ACC0000007680,202356.3,62911.74,19435.2,245832.84,NPR
2026-01-09,ACC0000007681,341423.58,29600.11,17213.46,353810.23,NPR
2026-01-09,ACC0000007682,121415.24,0.0,51370.96,70044.28,NPR
2026-01-09,ACC0000007683,195495.66,10226.5,70836.03,134886.13,NPR
2026-01-09,ACC0000007684,389013.29,34533.67,97019.96,326527.0,NPR
2026-01-09,ACC0000007685,148876.22,0.0,54048.26,94827.96,NPR
2026-01-09,ACC0000007686,284927.65,0.0,66355.59,218572.06,NPR
2026-01-09,ACC0000007687,242123.69,35407.55,135765.42,141765.82,NPR
2026-01-09,ACC0000007688,351815.77,20490.05,92291.57,280014.25,NPR
2026-01-09,ACC0000007689,357525.91,36176.91,91558.98,302143.84,NPR
2026-01-09,ACC0000007690,210108.44,36441.4,13750.07,232799.77,NPR
2026-01-09,ACC0000007691,402680.98,67621.72,39210.73,431091.97,NPR
2026-01-09,ACC0000007692,190837.03,0.0,92500.92,98336.11,NPR
2026-01-09,ACC0000007693,194997.04,0.0,21952.74,173044.3,NPR
2026-01-09,ACC0000007694,209293.08,0.0,28919.24,180373.84,NPR
2026-01-09,ACC0000007695,285493.25,0.0,96187.33,189305.92,NPR
2026-01-09,ACC0000007696,49114.03,0.0,0.0,49114.03,NPR
2026-01-09,ACC0000007697,276788.92,0.0,22767.1,254021.82,NPR
2026-01-09,ACC0000007698,15489.26,0.0,0.0,15489.26,NPR
2026-01-09,ACC0000007699,94579.73,3281.03,0.0,97860.76,NPR
2026-01-09,ACC0000007700,427073.66,0.0,48527.47,378546.19,NPR
2026-01-09,ACC0000007701,62218.5,27450.44,139791.0,-50122.06,NPR
2026-01-09,ACC0000007702,237893.35,0.0,60574.82,177318.53,NPR
2026-01-09,ACC0000007703,3155.36,0.0,0.0,3155.36,NPR
2026-01-09,ACC0000007704,380070.82,0.0,45203.99,334866.83,NPR
2026-01-09,ACC0000007705,194353.89,0.0,142418.37,51935.52,NPR
2026-01-09,ACC0000007706,179331.19,0.0,78633.32,100697.87,NPR
2026-01-09,ACC0000007707,451108.41,48358.69,24375.96,475091.14,NPR
2026-01-09,ACC0000007708,478552.91,0.0,0.0,478552.91,NPR
2026-01-09,ACC0000007709,274456.16,0.0,28781.53,245674.63,NPR
2026-01-09,ACC0000007710,354417.82,0.0,12016.98,342400.84,NPR
2026-01-09,ACC0000007711,224413.78,0.0,88752.04,135661.74,NPR
2026-01-09,ACC0000007712,139404.29,40161.79,2283.39,177282.69,NPR
2026-01-09,ACC0000007713,60646.35,0.0,1629.03,59017.32,NPR
2026-01-09,ACC0000007714,126482.41,0.0,0.0,126482.41,NPR
2026-01-09,ACC0000007715,480577.59,0.0,149241.84,331335.75,NPR
2026-01-09,ACC0000007716,322560.97,5506.34,37720.86,290346.45,NPR
2026-01-09,ACC0000007717,464033.73,42225.13,149975.27,356283.59,NPR
2026-01-09,ACC0000007718,251723.7,0.0,84044.2,167679.5,NPR
2026-01-09,ACC0000007719,339583.16,63194.24,29539.94,373237.46,NPR
2026-01-09,ACC0000007720,416388.12,27170.03,0.0,443558.15,NPR
2026-01-09,ACC0000007721,188463.42,36530.57,17005.57,207988.42,NPR
2026-01-09,ACC0000007722,310779.19,13662.3,0.0,324441.49,NPR
2026-01-09,ACC0000007723,204610.88,0.0,0.0,204610.88,NPR
2026-01-09,ACC0000007724,454917.41,0.0,0.0,454917.41,NPR
2026-01-09,ACC0000007725,399688.67,11512.29,26966.97,384233.99,NPR
2026-01-09,ACC0000007726,175316.91,2800.76,66798.32,111319.35,NPR
2026-01-09,ACC0000007727,161309.77,3190.19,83770.09,80729.87,NPR
2026-01-09,ACC0000007728,429098.87,0.0,33226.98,395871.89,NPR
2026-01-09,ACC0000007729,103448.13,0.0,34650.4,68797.73,NPR
2026-01-09,ACC0000007730,121212.26,71277.09,103814.53,88674.82,NPR
2026-01-09,ACC0000007731,14032.43,0.0,66721.16,-52688.73,NPR
2026-01-09,ACC0000007732,140157.85,0.0,0.0,140157.85,NPR
2026-01-09,ACC0000007733,56961.4,0.0,0.0,56961.4,NPR
2026-01-09,ACC0000007734,192833.1,0.0,0.0,192833.1,NPR
2026-01-09,ACC0000007735,249357.05,0.0,154193.42,95163.63,NPR
2026-01-09,ACC0000007736,7408.54,53020.65,43546.14,16883.05,NPR
2026-01-09,ACC0000007737,73136.57,0.0,20993.42,52143.15,NPR
2026-01-09,ACC0000007738,46356.44,29269.94,93117.23,-17490.85,NPR
2026-01-09,ACC0000007739,184797.63,45380.65,101193.3,128984.98,NPR
2026-01-09,ACC0000007740,313516.66,0.0,0.0,313516.66,NPR
2026-01-09,ACC0000007741,282047.5,28679.77,11548.99,299178.28,NPR
2026-01-09,ACC0000007742,260969.69,0.0,64529.99,196439.7,NPR
2026-01-09,ACC0000007743,261010.61,0.0,1278.91,259731.7,NPR
2026-01-09,ACC0000007744,260707.01,0.0,46388.77,214318.24,NPR
2026-01-09,ACC0000007745,212283.74,14780.8,71560.29,155504.25,NPR
2026-01-09,ACC0000007746,59932.3,42767.02,104453.68,-1754.36,NPR
2026-01-09,ACC0000007747,290219.94,0.0,70843.7,219376.24,NPR
2026-01-09,ACC0000007748,235844.04,0.0,53820.06,182023.98,NPR
2026-01-09,ACC0000007749,79548.14,10839.52,171964.28,-81576.62,NPR
2026-01-09,ACC0000007750,328924.31,104367.97,46185.48,387106.8,NPR
2026-01-09,ACC0000007751,203561.37,0.0,59600.43,143960.94,NPR
2026-01-09,ACC0000007752,413556.74,28904.86,97685.5,344776.1,NPR
2026-01-09,ACC0000007753,43659.68,0.0,74975.39,-31315.71,NPR
2026-01-09,ACC0000007754,414309.69,0.0,137276.09,277033.6,NPR
2026-01-09,ACC0000007755,239338.65,0.0,69016.21,170322.44,NPR
2026-01-09,ACC0000007756,431333.38,37227.22,0.0,468560.6,NPR
2026-01-09,ACC0000007757,465621.88,35174.89,4138.93,496657.84,NPR
2026-01-09,ACC0000007758,263158.26,0.0,0.0,263158.26,NPR
2026-01-09,ACC0000007759,16419.87,2585.93,25816.45,-6810.65,NPR
2026-01-09,ACC0000007760,266676.18,0.0,18689.46,247986.72,NPR
2026-01-09,ACC0000007761,251609.1,0.0,71768.83,179840.27,NPR
2026-01-09,ACC0000007762,282979.7,0.0,34235.3,248744.4,NPR
2026-01-09,ACC0000007763,183075.91,28140.06,20152.39,191063.58,NPR
2026-01-09,ACC0000007764,269093.8,0.0,0.0,269093.8,NPR
2026-01-09,ACC0000007765,409766.71,0.0,3528.48,406238.23,NPR
2026-01-09,ACC0000007766,305827.88,0.0,32495.05,273332.83,NPR
2026-01-09,ACC0000007767,249768.89,36032.03,26085.67,259715.25,NPR
2026-01-09,ACC0000007768,243412.47,0.0,43781.21,199631.26,NPR
2026-01-09,ACC0000007769,249158.91,0.0,63629.42,185529.49,NPR
2026-01-09,ACC0000007770,123534.38,0.0,42444.24,81090.14,NPR
2026-01-09,ACC0000007771,131764.6,0.0,70225.56,61539.04,NPR
2026-01-09,ACC0000007772,103070.73,0.0,0.0,103070.73,NPR
2026-01-09,ACC0000007773,287346.73,51313.11,43877.74,294782.1,NPR
2026-01-09,ACC0000007774,410270.16,0.0,10604.9,399665.26,NPR
2026-01-09,ACC0000007775,212627.67,0.0,0.0,212627.67,NPR
2026-01-09,ACC0000007776,122634.58,4090.2,62711.28,64013.5,NPR
2026-01-09,ACC0000007777,281629.35,0.0,52570.19,229059.16,NPR
2026-01-09,ACC0000007778,43827.26,0.0,83986.43,-40159.17,NPR
2026-01-09,ACC0000007779,100014.3,0.0,85958.3,14056.0,NPR
2026-01-09,ACC0000007780,387093.53,0.0,62912.23,324181.3,NPR
2026-01-09,ACC0000007781,495787.61,0.0,40337.1,455450.51,NPR
2026-01-09,ACC0000007782,462813.34,0.0,0.0,462813.34,NPR
2026-01-09,ACC0000007783,92580.72,0.0,0.0,92580.72,NPR
2026-01-09,ACC0000007784,125008.96,37360.82,20421.24,141948.54,NPR
2026-01-09,ACC0000007785,59965.53,0.0,1027.42,58938.11,NPR
2026-01-09,ACC0000007786,228030.18,0.0,0.0,228030.18,NPR
2026-01-09,ACC0000007787,477726.61,82690.92,89509.92,470907.61,NPR
2026-01-09,ACC0000007788,39928.65,0.0,32711.82,7216.83,NPR
2026-01-09,ACC0000007789,317753.71,0.0,450.7,317303.01,NPR
2026-01-09,ACC0000007790,407738.48,0.0,14656.87,393081.61,NPR
2026-01-09,ACC0000007791,229575.56,15185.0,45899.36,198861.2,NPR
2026-01-09,ACC0000007792,70029.15,41219.89,22605.11,88643.93,NPR
2026-01-09,ACC0000007793,164330.52,0.0,0.0,164330.52,NPR
2026-01-09,ACC0000007794,120644.15,0.0,13432.63,107211.52,NPR
2026-01-09,ACC0000007795,323213.64,16023.64,28220.76,311016.52,NPR
2026-01-09,ACC0000007796,204486.44,0.0,0.0,204486.44,NPR
2026-01-09,ACC0000007797,370655.7,0.0,54197.43,316458.27,NPR
2026-01-09,ACC0000007798,122874.31,0.0,0.0,122874.31,NPR
2026-01-09,ACC0000007799,197407.58,0.0,27063.12,170344.46,NPR
2026-01-09,ACC0000007800,318447.78,0.0,0.0,318447.78,NPR
2026-01-09,ACC0000007801,59329.97,0.0,50541.73,8788.24,NPR
2026-01-09,ACC0000007802,60688.62,42196.13,48734.71,54150.04,NPR
2026-01-09,ACC0000007803,176799.1,0.0,0.0,176799.1,NPR
2026-01-09,ACC0000007804,186390.63,0.0,58943.48,127447.15,NPR
2026-01-09,ACC0000007805,234663.1,0.0,152904.16,81758.94,NPR
2026-01-09,ACC0000007806,187233.58,0.0,9282.81,177950.77,NPR
2026-01-09,ACC0000007807,360388.91,21337.76,58085.81,323640.86,NPR
2026-01-09,ACC0000007808,139650.06,0.0,25170.13,114479.93,NPR
2026-01-09,ACC0000007809,133101.54,48489.98,49128.52,132463.0,NPR
2026-01-09,ACC0000007810,468507.85,0.0,114195.21,354312.64,NPR
2026-01-09,ACC0000007811,255023.01,0.0,119546.04,135476.97,NPR
2026-01-09,ACC0000007812,288718.05,2993.95,98819.53,192892.47,NPR
2026-01-09,ACC0000007813,364264.68,0.0,45343.13,318921.55,NPR
2026-01-09,ACC0000007814,205111.58,0.0,32432.88,172678.7,NPR
2026-01-09,ACC0000007815,133344.38,44955.89,0.0,178300.27,NPR
2026-01-09,ACC0000007816,476918.92,0.0,48059.76,428859.16,NPR
2026-01-09,ACC0000007817,44683.58,1555.81,15222.34,31017.05,NPR
2026-01-09,ACC0000007818,286595.03,0.0,113489.17,173105.86,NPR
2026-01-09,ACC0000007819,298413.39,0.0,55495.29,242918.1,NPR
2026-01-09,ACC0000007820,331255.53,1612.13,87322.43,245545.23,NPR
2026-01-09,ACC0000007821,150920.31,47076.79,46882.58,151114.52,NPR
2026-01-09,ACC0000007822,318758.08,0.0,38274.25,280483.83,NPR
2026-01-09,ACC0000007823,120229.29,0.0,0.0,120229.29,NPR
2026-01-09,ACC0000007824,257670.4,0.0,139551.98,118118.42,NPR
2026-01-09,ACC0000007825,376108.54,29811.68,72983.14,332937.08,NPR
2026-01-09,ACC0000007826,148973.05,0.0,0.0,148973.05,NPR
2026-01-09,ACC0000007827,12712.77,0.0,0.0,12712.77,NPR
2026-01-09,ACC0000007828,268731.73,42092.5,97944.79,212879.44,NPR
2026-01-09,ACC0000007829,157123.36,17410.15,20253.85,154279.66,NPR
2026-01-09,ACC0000007830,123465.51,0.0,56029.31,67436.2,NPR
2026-01-09,ACC0000007831,118430.23,0.0,0.0,118430.23,NPR
2026-01-09,ACC0000007832,141385.59,0.0,0.0,141385.59,NPR
2026-01-09,ACC0000007833,321669.92,0.0,5031.01,316638.91,NPR
2026-01-09,ACC0000007834,349442.17,0.0,49798.82,299643.35,NPR
2026-01-09,ACC0000007835,159759.2,0.0,31992.65,127766.55,NPR
2026-01-09,ACC0000007836,68069.3,38796.59,21783.34,85082.55,NPR
2026-01-09,ACC0000007837,440913.4,29053.62,49838.99,420128.03,NPR
2026-01-09,ACC0000007838,378979.29,0.0,79019.51,299959.78,NPR
2026-01-09,ACC0000007839,341258.87,76452.19,73432.78,344278.28,NPR
2026-01-09,ACC0000007840,134474.18,0.0,0.0,134474.18,NPR
2026-01-09,ACC0000007841,162880.89,0.0,108535.21,54345.68,NPR
2026-01-09,ACC0000007842,108858.74,0.0,125319.53,-16460.79,NPR
2026-01-09,ACC0000007843,237834.23,27747.87,91762.1,173820.0,NPR
2026-01-09,ACC0000007844,73539.01,0.0,46947.16,26591.85,NPR
2026-01-09,ACC0000007845,60247.1,0.0,0.0,60247.1,NPR
2026-01-09,ACC0000007846,47676.02,24272.54,2400.12,69548.44,NPR
2026-01-09,ACC0000007847,92631.7,0.0,123412.4,-30780.7,NPR
2026-01-09,ACC0000007848,198436.29,26799.61,178790.84,46445.06,NPR
2026-01-09,ACC0000007849,185139.1,53150.02,0.0,238289.12,NPR
2026-01-09,ACC0000007850,11870.43,95394.86,25116.45,82148.84,NPR
2026-01-09,ACC0000007851,33064.99,0.0,0.0,33064.99,NPR
2026-01-09,ACC0000007852,475367.07,37696.91,64589.3,448474.68,NPR
2026-01-09,ACC0000007853,330766.19,10937.17,0.0,341703.36,NPR
2026-01-09,ACC0000007854,347843.64,0.0,19666.59,328177.05,NPR
2026-01-09,ACC0000007855,436201.63,50973.98,0.0,487175.61,NPR
2026-01-09,ACC0000007856,65844.0,0.0,59582.03,6261.97,NPR
2026-01-09,ACC0000007857,15271.74,21817.59,0.0,37089.33,NPR
2026-01-09,ACC0000007858,87815.44,0.0,104448.99,-16633.55,NPR
2026-01-09,ACC0000007859,341819.06,0.0,0.0,341819.06,NPR
2026-01-09,ACC0000007860,440587.7,0.0,20581.95,420005.75,NPR
2026-01-09,ACC0000007861,256792.22,0.0,44599.63,212192.59,NPR
2026-01-09,ACC0000007862,120593.65,0.0,44144.78,76448.87,NPR
2026-01-09,ACC0000007863,414821.19,56554.81,90669.52,380706.48,NPR
2026-01-09,ACC0000007864,119709.23,38334.43,142694.17,15349.49,NPR
2026-01-09,ACC0000007865,211078.92,0.0,39988.49,171090.43,NPR
2026-01-09,ACC0000007866,273709.27,82317.76,0.0,356027.03,NPR
2026-01-09,ACC0000007867,262058.59,0.0,0.0,262058.59,NPR
2026-01-09,ACC0000007868,106896.87,0.0,21159.09,85737.78,NPR
2026-01-09,ACC0000007869,207998.89,28437.53,66887.87,169548.55,NPR
2026-01-09,ACC0000007870,394188.19,0.0,193244.49,200943.7,NPR
2026-01-09,ACC0000007871,103908.0,20432.87,16042.78,108298.09,NPR
2026-01-09,ACC0000007872,392118.5,49104.29,24216.3,417006.49,NPR
2026-01-09,ACC0000007873,246221.42,48819.39,151487.47,143553.34,NPR
2026-01-09,ACC0000007874,155661.85,43549.57,79701.93,119509.49,NPR
2026-01-09,ACC0000007875,365844.56,0.0,55554.92,310289.64,NPR
2026-01-09,ACC0000007876,20145.6,0.0,0.0,20145.6,NPR
2026-01-09,ACC0000007877,54106.11,0.0,45523.8,8582.31,NPR
2026-01-09,ACC0000007878,383036.81,36294.2,69484.88,349846.13,NPR
2026-01-09,ACC0000007879,309170.1,0.0,111023.41,198146.69,NPR
2026-01-09,ACC0000007880,86189.05,0.0,0.0,86189.05,NPR
2026-01-09,ACC0000007881,236000.62,0.0,92105.01,143895.61,NPR
2026-01-09,ACC0000007882,336423.62,0.0,0.0,336423.62,NPR
2026-01-09,ACC0000007883,176622.49,0.0,0.0,176622.49,NPR
2026-01-09,ACC0000007884,308117.84,0.0,8620.66,299497.18,NPR
2026-01-09,ACC0000007885,130020.59,7787.16,85327.22,52480.53,NPR
2026-01-09,ACC0000007886,499625.22,0.0,3996.21,495629.01,NPR
2026-01-09,ACC0000007887,439060.99,27093.35,43472.89,422681.45,NPR
2026-01-09,ACC0000007888,220558.07,0.0,0.0,220558.07,NPR
2026-01-09,ACC0000007889,57682.85,0.0,0.0,57682.85,NPR
2026-01-09,ACC0000007890,495185.4,27022.21,106424.88,415782.73,NPR
2026-01-09,ACC0000007891,387030.97,0.0,62733.52,324297.45,NPR
2026-01-09,ACC0000007892,299012.12,0.0,0.0,299012.12,NPR
2026-01-09,ACC0000007893,213173.9,0.0,0.0,213173.9,NPR
2026-01-09,ACC0000007894,255034.83,0.0,65875.93,189158.9,NPR
2026-01-09,ACC0000007895,118839.73,0.0,62673.07,56166.66,NPR
2026-01-09,ACC0000007896,147523.12,0.0,0.0,147523.12,NPR
2026-01-09,ACC0000007897,230048.72,0.0,0.0,230048.72,NPR
2026-01-09,ACC0000007898,282084.61,0.0,28298.5,253786.11,NPR
2026-01-09,ACC0000007899,157533.58,0.0,16504.02,141029.56,NPR
2026-01-09,ACC0000007900,474582.42,32644.36,0.0,507226.78,NPR
2026-01-09,ACC0000007901,205205.1,0.0,0.0,205205.1,NPR
2026-01-09,ACC0000007902,229657.5,43811.18,132403.05,141065.63,NPR
2026-01-09,ACC0000007903,295651.0,0.0,160273.18,135377.82,NPR
2026-01-09,ACC0000007904,132672.92,0.0,42152.34,90520.58,NPR
2026-01-09,ACC0000007905,288412.92,53811.39,67022.68,275201.63,NPR
2026-01-09,ACC0000007906,160217.44,0.0,46671.86,113545.58,NPR
2026-01-09,ACC0000007907,241136.37,9449.07,18201.53,232383.91,NPR
2026-01-09,ACC0000007908,128383.21,2124.17,88699.86,41807.52,NPR
2026-01-09,ACC0000007909,483710.55,0.0,22895.72,460814.83,NPR
2026-01-09,ACC0000007910,397027.28,47484.42,122168.79,322342.91,NPR
2026-01-09,ACC0000007911,316731.51,0.0,55504.58,261226.93,NPR
2026-01-09,ACC0000007912,114586.95,20313.92,125405.42,9495.45,NPR
2026-01-09,ACC0000007913,23057.12,27861.42,0.0,50918.54,NPR
2026-01-09,ACC0000007914,425693.67,12913.99,8769.13,429838.53,NPR
2026-01-09,ACC0000007915,359655.15,0.0,46784.05,312871.1,NPR
2026-01-09,ACC0000007916,380976.31,0.0,0.0,380976.31,NPR
2026-01-09,ACC0000007917,415880.95,206.0,5248.04,410838.91,NPR
2026-01-09,ACC0000007918,131696.87,276.44,24768.93,107204.38,NPR
2026-01-09,ACC0000007919,121343.49,0.0,65190.4,56153.09,NPR
2026-01-09,ACC0000007920,23526.47,37471.63,27.0,60971.1,NPR
2026-01-09,ACC0000007921,491850.01,0.0,20731.16,471118.85,NPR
2026-01-09,ACC0000007922,457626.23,6527.14,0.0,464153.37,NPR
2026-01-09,ACC0000007923,168424.24,28190.8,5441.18,191173.86,NPR
2026-01-09,ACC0000007924,464275.61,0.0,45701.47,418574.14,NPR
2026-01-09,ACC0000007925,349126.92,48494.71,23485.21,374136.42,NPR
2026-01-09,ACC0000007926,488271.77,0.0,46159.25,442112.52,NPR
2026-01-09,ACC0000007927,413030.21,0.0,85288.78,327741.43,NPR
2026-01-09,ACC0000007928,459357.34,23464.1,83231.86,399589.58,NPR
2026-01-09,ACC0000007929,381896.94,0.0,0.0,381896.94,NPR
2026-01-09,ACC0000007930,105260.7,0.0,70550.38,34710.32,NPR
2026-01-09,ACC0000007931,10150.53,0.0,4538.63,5611.9,NPR
2026-01-09,ACC0000007932,241975.39,0.0,132847.4,109127.99,NPR
2026-01-09,ACC0000007933,345975.06,0.0,42915.61,303059.45,NPR
2026-01-09,ACC0000007934,441016.33,29262.68,69286.17,400992.84,NPR
2026-01-09,ACC0000007935,296885.25,38679.38,50827.21,284737.42,NPR
2026-01-09,ACC0000007936,339391.67,0.0,34548.32,304843.35,NPR
2026-01-09,ACC0000007937,244273.42,0.0,0.0,244273.42,NPR
2026-01-09,ACC0000007938,378686.45,29478.83,53548.42,354616.86,NPR
2026-01-09,ACC0000007939,296971.75,0.0,0.0,296971.75,NPR
2026-01-09,ACC0000007940,95627.59,21951.0,39003.46,78575.13,NPR
2026-01-09,ACC0000007941,57229.24,0.0,72396.34,-15167.1,NPR
2026-01-09,ACC0000007942,472582.11,0.0,0.0,472582.11,NPR
2026-01-09,ACC0000007943,408473.42,0.0,112446.07,296027.35,NPR
2026-01-09,ACC0000007944,187982.8,35701.87,205655.29,18029.38,NPR
2026-01-09,ACC0000007945,90327.76,45023.44,43578.13,91773.07,NPR
2026-01-09,ACC0000007946,451938.86,0.0,21670.18,430268.68,NPR
2026-01-09,ACC0000007947,392565.62,25029.68,57068.52,360526.78,NPR
2026-01-09,ACC0000007948,342720.66,0.0,99177.19,243543.47,NPR
2026-01-09,ACC0000007949,23097.87,0.0,0.0,23097.87,NPR
2026-01-09,ACC0000007950,304676.18,2668.78,93781.27,213563.69,NPR
2026-01-09,ACC0000007951,308761.9,0.0,0.0,308761.9,NPR
2026-01-09,ACC0000007952,151977.97,0.0,81218.0,70759.97,NPR
2026-01-09,ACC0000007953,310850.82,0.0,37358.52,273492.3,NPR
2026-01-09,ACC0000007954,227726.12,0.0,32246.93,195479.19,NPR
2026-01-09,ACC0000007955,445690.37,28413.89,5555.18,468549.08,NPR
2026-01-09,ACC0000007956,8014.96,28528.57,88944.18,-52400.65,NPR
2026-01-09,ACC0000007957,320621.26,0.0,3769.9,316851.36,NPR
2026-01-09,ACC0000007958,165802.25,0.0,31237.38,134564.87,NPR
2026-01-09,ACC0000007959,298509.27,0.0,0.0,298509.27,NPR
2026-01-09,ACC0000007960,87393.55,0.0,85341.51,2052.04,NPR
2026-01-09,ACC0000007961,75407.59,0.0,13790.06,61617.53,NPR
2026-01-09,ACC0000007962,110589.19,0.0,0.0,110589.19,NPR
2026-01-09,ACC0000007963,325662.76,8348.51,107285.11,226726.16,NPR
2026-01-09,ACC0000007964,21918.56,0.0,38288.51,-16369.95,NPR
2026-01-09,ACC0000007965,245004.26,0.0,69243.42,175760.84,NPR
2026-01-09,ACC0000007966,386635.03,0.0,0.0,386635.03,NPR
2026-01-09,ACC0000007967,419473.99,0.0,39708.79,379765.2,NPR
2026-01-09,ACC0000007968,462237.06,20168.05,0.0,482405.11,NPR
2026-01-09,ACC0000007969,311228.6,28806.2,109341.95,230692.85,NPR
2026-01-09,ACC0000007970,461494.25,0.0,63713.66,397780.59,NPR
2026-01-09,ACC0000007971,207979.25,0.0,0.0,207979.25,NPR
2026-01-09,ACC0000007972,452829.17,0.0,61209.9,391619.27,NPR
2026-01-09,ACC0000007973,157021.43,0.0,22393.44,134627.99,NPR
2026-01-09,ACC0000007974,308317.71,48274.17,56682.11,299909.77,NPR
2026-01-09,ACC0000007975,328214.58,0.0,14810.99,313403.59,NPR
2026-01-09,ACC0000007976,463778.91,0.0,65847.98,397930.93,NPR
2026-01-09,ACC0000007977,298916.21,0.0,81285.89,217630.32,NPR
2026-01-09,ACC0000007978,124544.58,0.0,46145.51,78399.07,NPR
2026-01-09,ACC0000007979,61718.34,67903.1,23700.35,105921.09,NPR
2026-01-09,ACC0000007980,421299.98,0.0,66992.65,354307.33,NPR
2026-01-09,ACC0000007981,267148.96,0.0,47846.03,219302.93,NPR
2026-01-09,ACC0000007982,230127.31,21233.71,4728.77,246632.25,NPR
2026-01-09,ACC0000007983,108367.35,0.0,0.0,108367.35,NPR
2026-01-09,ACC0000007984,264626.03,0.0,0.0,264626.03,NPR
2026-01-09,ACC0000007985,434731.1,50324.11,173544.82,311510.39,NPR
2026-01-09,ACC0000007986,161065.4,0.0,135713.49,25351.91,NPR
2026-01-09,ACC0000007987,107880.63,0.0,49955.45,57925.18,NPR
2026-01-09,ACC0000007988,35479.19,35491.72,32023.25,38947.66,NPR
2026-01-09,ACC0000007989,310771.76,42428.44,0.0,353200.2,NPR
2026-01-09,ACC0000007990,102108.96,0.0,0.0,102108.96,NPR
2026-01-09,ACC0000007991,474456.24,0.0,36248.75,438207.49,NPR
2026-01-09,ACC0000007992,368518.84,0.0,0.0,368518.84,NPR
2026-01-09,ACC0000007993,124871.7,0.0,0.0,124871.7,NPR
2026-01-09,ACC0000007994,301288.11,0.0,69856.28,231431.83,NPR
2026-01-09,ACC0000007995,480287.44,0.0,71816.23,408471.21,NPR
2026-01-09,ACC0000007996,52383.12,0.0,32801.62,19581.5,NPR
2026-01-09,ACC0000007997,65763.4,0.0,47160.21,18603.19,NPR
2026-01-09,ACC0000007998,411126.67,7961.54,79873.74,339214.47,NPR
2026-01-09,ACC0000007999,186830.83,32906.18,119717.9,100019.11,NPR
2026-01-09,ACC0000008000,54920.67,15497.38,0.0,70418.05,NPR
